time_s,differential_output_v
0.0,-0.3223956
2e-14,-0.3223956
4e-14,-0.3223956
8e-14,-0.3223956
1.6e-13,-0.3223956
3.2e-13,-0.3223956
6.4e-13,-0.3223956
1.28e-12,-0.3223956
2.56e-12,-0.3223956
4.56e-12,-0.3223956
6.56e-12,-0.3223956
8.56e-12,-0.3223956
1.056e-11,-0.3223956
1.256e-11,-0.3223956
1.456e-11,-0.3223956
1.656e-11,-0.3223956
1.856e-11,-0.3223956
2.056e-11,-0.3223956
2.256e-11,-0.3223956
2.456e-11,-0.3223956
2.656e-11,-0.3223956
2.856e-11,-0.3223956
3.056e-11,-0.3223956
3.256e-11,-0.3223956
3.456e-11,-0.3223956
3.656e-11,-0.3223956
3.856e-11,-0.3223956
4.056e-11,-0.3223956
4.256e-11,-0.3223956
4.456e-11,-0.3223956
4.656e-11,-0.3223956
4.856e-11,-0.3223956
5.056e-11,-0.3223956
5.256e-11,-0.3223956
5.456e-11,-0.3223956
5.656e-11,-0.3223956
5.856e-11,-0.3223956
6.056e-11,-0.3223956
6.256e-11,-0.3223956
6.456e-11,-0.3223956
6.656e-11,-0.3223956
6.856e-11,-0.3223956
7.056e-11,-0.3223956
7.256e-11,-0.3223956
7.456e-11,-0.3223956
7.656e-11,-0.3223956
7.856e-11,-0.3223956
8.056e-11,-0.3223956
8.256e-11,-0.3223956
8.456e-11,-0.3223956
8.656e-11,-0.3223956
8.856e-11,-0.3223956
9.056e-11,-0.3223956
9.256e-11,-0.3223956
9.456e-11,-0.3223956
9.656e-11,-0.3223956
9.856e-11,-0.3223956
1.0056e-10,-0.3223956
1.0256e-10,-0.3223956
1.0456e-10,-0.3223956
1.0656e-10,-0.3223956
1.0856e-10,-0.3223956
1.1056e-10,-0.3223956
1.1256e-10,-0.3223956
1.1456e-10,-0.3223956
1.1656e-10,-0.3223956
1.1856e-10,-0.3223956
1.2056e-10,-0.3223956
1.2256e-10,-0.3223956
1.2456e-10,-0.3223956
1.2656e-10,-0.3223956
1.2856e-10,-0.3223956
1.3056e-10,-0.3223956
1.3256e-10,-0.3223956
1.3456e-10,-0.3223956
1.3656e-10,-0.3223956
1.3856e-10,-0.3223956
1.4056e-10,-0.3223956
1.4256e-10,-0.3223956
1.4456e-10,-0.3223956
1.4656e-10,-0.3223956
1.4856e-10,-0.3223956
1.5056e-10,-0.3223956
1.5256e-10,-0.3223956
1.5456e-10,-0.3223956
1.5656e-10,-0.3223956
1.5856e-10,-0.3223956
1.6056e-10,-0.3223956
1.6256e-10,-0.3223956
1.6456e-10,-0.3223956
1.6656e-10,-0.3223956
1.6856e-10,-0.3223956
1.7056e-10,-0.3223956
1.7256e-10,-0.3223956
1.7456e-10,-0.3223956
1.7656e-10,-0.3223956
1.7856e-10,-0.3223956
1.8056e-10,-0.3223956
1.8256e-10,-0.3223956
1.8456e-10,-0.3223956
1.8656e-10,-0.3223956
1.8856e-10,-0.3223956
1.9056e-10,-0.3223956
1.9256e-10,-0.3223956
1.9456e-10,-0.3223956
1.9656e-10,-0.3223956
1.9828e-10,-0.3223956
2e-10,-0.3223956
2.002e-10,-0.3223964
2.006e-10,-0.32239989999999996
2.014e-10,-0.32241759999999997
2.03e-10,-0.32248129999999997
2.05e-10,-0.3225747
2.07e-10,-0.32263549999999996
2.09e-10,-0.3226196
2.11e-10,-0.32249079999999997
2.13e-10,-0.3222207
2.15e-10,-0.3217863000000001
2.17e-10,-0.3211697
2.19e-10,-0.3203576
2.21e-10,-0.31933960000000006
2.23e-10,-0.3181088000000001
2.25e-10,-0.3166605
2.27e-10,-0.31499260000000007
2.29e-10,-0.31310419999999994
2.31e-10,-0.31099659999999996
2.33e-10,-0.3086717
2.35e-10,-0.306133
2.37e-10,-0.30338449999999995
2.39e-10,-0.3004314
2.41e-10,-0.2972791
2.43e-10,-0.2939334
2.45e-10,-0.290401
2.47e-10,-0.2866885
2.49e-10,-0.2828028
2.51e-10,-0.2787510000000001
2.53e-10,-0.2745404
2.55e-10,-0.2701781999999999
2.57e-10,-0.26567169999999996
2.59e-10,-0.26102819999999993
2.61e-10,-0.256255
2.63e-10,-0.2513592
2.65e-10,-0.24634790000000006
2.67e-10,-0.24122830000000006
2.69e-10,-0.23600699999999997
2.71e-10,-0.23069099999999998
2.73e-10,-0.22528669999999995
2.75e-10,-0.21980080000000002
2.77e-10,-0.21423939999999997
2.79e-10,-0.20860869999999998
2.81e-10,-0.20291479999999995
2.83e-10,-0.19716330000000004
2.85e-10,-0.19136009999999992
2.87e-10,-0.1855104999999999
2.89e-10,-0.1796198
2.91e-10,-0.1736932
2.93e-10,-0.16773549999999993
2.95e-10,-0.1617516
2.97e-10,-0.15574619999999995
2.99e-10,-0.1497235
3.01e-10,-0.14368789999999998
3.03e-10,-0.13764359999999998
3.05e-10,-0.1315944
3.07e-10,-0.12554409999999994
3.09e-10,-0.11949640000000006
3.11e-10,-0.11345480000000008
3.13e-10,-0.10742260000000003
3.15e-10,-0.10140289999999996
3.17e-10,-0.09539889999999995
3.19e-10,-0.08941339999999998
3.21e-10,-0.0834492
3.23e-10,-0.07750889999999999
3.25e-10,-0.07159499999999996
3.27e-10,-0.06570989999999999
3.29e-10,-0.05985590000000007
3.31e-10,-0.054035000000000055
3.33e-10,-0.0482494
3.35e-10,-0.042500900000000064
3.37e-10,-0.03679119999999991
3.39e-10,-0.03112219999999999
3.41e-10,-0.025495399999999946
3.43e-10,-0.01991239999999994
3.45e-10,-0.01437440000000001
3.47e-10,-0.008882799999999968
3.49e-10,-0.0034389000000000225
3.51e-10,0.001956299999999911
3.53e-10,0.007301600000000019
3.55e-10,0.012596200000000057
3.57e-10,0.017839100000000108
3.59e-10,0.023029500000000036
3.61e-10,0.028166499999999983
3.63e-10,0.033249799999999996
3.65e-10,0.038278399999999935
3.67e-10,0.04325190000000001
3.69e-10,0.04816989999999999
3.71e-10,0.05303180000000007
3.73e-10,0.05783729999999998
3.75e-10,0.06258609999999998
3.77e-10,0.0672779
3.79e-10,0.07191239999999999
3.81e-10,0.07648960000000005
3.83e-10,0.0810092
3.85e-10,0.08547130000000003
3.87e-10,0.08987559999999994
3.89e-10,0.09422209999999998
3.91e-10,0.09851109999999996
3.93e-10,0.1027423999999999
3.95e-10,0.10691630000000008
3.97e-10,0.11103280000000004
3.985e-10,0.11408250000000009
4e-10,0.1171002000000001
4.002e-10,0.11749980000000004
4.006e-10,0.11829789999999996
4.014e-10,0.11988750000000004
4.03e-10,0.12303909999999996
4.05e-10,0.12692779999999992
4.07e-10,0.13076030000000005
4.09e-10,0.13453670000000006
4.11e-10,0.13825730000000003
4.13e-10,0.14192249999999995
4.15e-10,0.14553270000000007
4.17e-10,0.14908809999999995
4.19e-10,0.15258910000000003
4.21e-10,0.15603630000000002
4.23e-10,0.15942999999999996
4.25e-10,0.16277050000000004
4.27e-10,0.16605840000000005
4.29e-10,0.16929399999999994
4.31e-10,0.17247790000000007
4.33e-10,0.1756105
4.35e-10,0.17869219999999997
4.37e-10,0.18172359999999999
4.39e-10,0.1847052
4.41e-10,0.18763759999999996
4.43e-10,0.1905211
4.45e-10,0.19335619999999998
4.47e-10,0.19614359999999997
4.49e-10,0.1988837
4.51e-10,0.201577
4.53e-10,0.20422430000000003
4.55e-10,0.20682580000000006
4.57e-10,0.20938219999999996
4.59e-10,0.21189400000000003
4.61e-10,0.2143617
4.63e-10,0.21678600000000003
4.65e-10,0.21916729999999995
4.67e-10,0.22150610000000004
4.69e-10,0.22380310000000003
4.71e-10,0.2260587999999999
4.73e-10,0.22827370000000002
4.75e-10,0.23044830000000005
4.77e-10,0.2325832000000001
4.79e-10,0.23467890000000002
4.81e-10,0.23673600000000006
4.83e-10,0.2387549
4.85e-10,0.24073639999999996
4.87e-10,0.24268069999999997
4.89e-10,0.24458860000000004
4.91e-10,0.24646050000000008
4.93e-10,0.24829679999999998
4.95e-10,0.2500983
4.97e-10,0.25186529999999996
4.99e-10,0.25359829999999994
5.01e-10,0.2552981
5.03e-10,0.2569648
5.05e-10,0.2585991000000001
5.07e-10,0.2602015
5.09e-10,0.2617725000000001
5.11e-10,0.26331250000000006
5.13e-10,0.26482209999999995
5.15e-10,0.2663016
5.17e-10,0.26775170000000004
5.19e-10,0.26917269999999993
5.21e-10,0.2705651
5.23e-10,0.27192949999999994
5.25e-10,0.27326609999999996
5.27e-10,0.2745757
5.29e-10,0.2758583
5.31e-10,0.27711470000000005
5.33e-10,0.2783451
5.35e-10,0.27955019999999997
5.37e-10,0.2807301000000001
5.39e-10,0.2818855
5.41e-10,0.28301659999999995
5.43e-10,0.28412400000000004
5.45e-10,0.285208
5.47e-10,0.28626889999999994
5.49e-10,0.2873074
5.51e-10,0.2883236
5.53e-10,0.28931799999999996
5.55e-10,0.2902909
5.57e-10,0.2912427999999999
5.59e-10,0.29217399999999993
5.61e-10,0.29308500000000004
5.63e-10,0.29397590000000007
5.65e-10,0.2948472999999999
5.67e-10,0.29569940000000006
5.69e-10,0.29653260000000004
5.71e-10,0.2973471999999999
5.73e-10,0.29814360000000006
5.75e-10,0.29892209999999997
5.77e-10,0.2996831
5.79e-10,0.3004268
5.81e-10,0.3011536
5.83e-10,0.30186370000000007
5.85e-10,0.3025576
5.87e-10,0.3032355
5.89e-10,0.3038976
5.91e-10,0.30454439999999994
5.93e-10,0.305176
5.95e-10,0.3057928999999999
5.97e-10,0.3063952
5.985e-10,0.3068375
6e-10,0.30727190000000004
6.002e-10,0.3073291
6.006e-10,0.3074433999999999
6.014e-10,0.3076702
6.03e-10,0.3081174
6.05e-10,0.30866419999999994
6.07e-10,0.30919779999999997
6.09e-10,0.30971859999999996
6.11e-10,0.3102266
6.13e-10,0.3107221
6.15e-10,0.3112055
6.17e-10,0.311677
6.19e-10,0.31213670000000004
6.21e-10,0.31258489999999994
6.23e-10,0.3130218
6.25e-10,0.31344779999999994
6.27e-10,0.31386290000000006
6.29e-10,0.3142674
6.31e-10,0.31466169999999993
6.33e-10,0.3150455999999999
6.35e-10,0.31541969999999997
6.37e-10,0.31578400000000006
6.39e-10,0.3161387
6.41e-10,0.31648409999999993
6.43e-10,0.3168202
6.45e-10,0.3171476000000001
6.47e-10,0.317466
6.49e-10,0.3177759
6.51e-10,0.3180773
6.53e-10,0.3183705
6.55e-10,0.31865559999999993
6.57e-10,0.3189328
6.59e-10,0.3192022
6.61e-10,0.3194642
6.63e-10,0.31971879999999997
6.65e-10,0.31996610000000003
6.67e-10,0.3202062
6.69e-10,0.3204395
6.71e-10,0.320666
6.73e-10,0.3208858
6.75e-10,0.32109920000000003
6.77e-10,0.3213062
6.79e-10,0.3215070000000001
6.81e-10,0.3217017000000001
6.83e-10,0.32189049999999997
6.85e-10,0.32207359999999996
6.87e-10,0.3222509
6.89e-10,0.32242270000000006
6.91e-10,0.32258909999999996
6.93e-10,0.3227502
6.95e-10,0.3229061
6.97e-10,0.32305700000000004
6.99e-10,0.323203
7.01e-10,0.3233442000000001
7.03e-10,0.32348050000000006
7.05e-10,0.32361229999999996
7.07e-10,0.3237396
7.09e-10,0.3238626
7.11e-10,0.32398119999999997
7.13e-10,0.3240957
7.15e-10,0.32420610000000005
7.17e-10,0.32431240000000006
7.19e-10,0.32441489999999995
7.21e-10,0.32451359999999996
7.23e-10,0.3246085999999999
7.25e-10,0.3247
7.27e-10,0.32478780000000007
7.29e-10,0.32487220000000006
7.31e-10,0.3249533
7.33e-10,0.3250311
7.35e-10,0.32510569999999994
7.37e-10,0.32517720000000006
7.39e-10,0.3252456
7.41e-10,0.32531109999999996
7.43e-10,0.3253737
7.45e-10,0.32543350000000004
7.47e-10,0.32549059999999996
7.49e-10,0.325545
7.51e-10,0.3255967999999999
7.53e-10,0.32564609999999994
7.55e-10,0.32569289999999995
7.57e-10,0.32573739999999995
7.59e-10,0.3257795
7.61e-10,0.3258192
7.63e-10,0.3258569
7.65e-10,0.32589239999999997
7.67e-10,0.3259257
7.69e-10,0.32595699999999994
7.71e-10,0.3259864
7.73e-10,0.3260137999999999
7.75e-10,0.32603930000000003
7.77e-10,0.32606309999999994
7.79e-10,0.32608499999999996
7.81e-10,0.32610530000000004
7.83e-10,0.3261238999999999
7.85e-10,0.32614069999999995
7.87e-10,0.32615609999999995
7.89e-10,0.32617000000000007
7.91e-10,0.3261822999999999
7.93e-10,0.3261933
7.95e-10,0.3262028
7.97e-10,0.32621089999999997
7.985e-10,0.3262161
8e-10,0.32622070000000003
8.002e-10,0.32622130000000005
8.006e-10,0.32622229999999997
8.014e-10,0.3262243
8.03e-10,0.3262277
8.05e-10,0.3262307
8.07e-10,0.32623269999999993
8.09e-10,0.3262336
8.11e-10,0.32623329999999995
8.13e-10,0.3262321
8.15e-10,0.32622969999999996
8.17e-10,0.3262264
8.19e-10,0.3262222
8.21e-10,0.326217
8.23e-10,0.3262109999999999
8.25e-10,0.3262039000000001
8.27e-10,0.32619619999999994
8.29e-10,0.3261876
8.31e-10,0.32617830000000003
8.33e-10,0.3261682
8.35e-10,0.32615740000000004
8.37e-10,0.3261459
8.39e-10,0.32613369999999997
8.41e-10,0.32612090000000005
8.43e-10,0.32610739999999994
8.45e-10,0.3260934
8.47e-10,0.32607869999999994
8.49e-10,0.3260636
8.51e-10,0.32604790000000006
8.53e-10,0.3260316
8.55e-10,0.3260149
8.57e-10,0.3259977999999999
8.59e-10,0.32598019999999994
8.61e-10,0.3259622
8.63e-10,0.3259436
8.65e-10,0.3259248
8.67e-10,0.3259056
8.69e-10,0.32588609999999996
8.71e-10,0.32586609999999994
8.73e-10,0.3258459
8.75e-10,0.32582539999999993
8.77e-10,0.32580450000000005
8.79e-10,0.32578340000000006
8.81e-10,0.32576209999999994
8.83e-10,0.3257405
8.85e-10,0.32571859999999997
8.87e-10,0.3256966
8.89e-10,0.32567429999999997
8.91e-10,0.32565179999999994
8.93e-10,0.32562920000000006
8.95e-10,0.32560639999999996
8.97e-10,0.3255834000000001
8.99e-10,0.3255603
9.01e-10,0.3255370999999999
9.03e-10,0.3255137
9.05e-10,0.32549020000000006
9.07e-10,0.32546659999999994
9.09e-10,0.3254429000000001
9.11e-10,0.3254192
9.13e-10,0.32539530000000005
9.15e-10,0.3253714
9.17e-10,0.3253475
9.19e-10,0.3253235
9.21e-10,0.32529949999999996
9.23e-10,0.32527530000000004
9.25e-10,0.3252512999999999
9.27e-10,0.32522719999999994
9.29e-10,0.32520309999999997
9.31e-10,0.325179
9.33e-10,0.32515479999999997
9.35e-10,0.3251307
9.37e-10,0.3251066
9.39e-10,0.3250826
9.41e-10,0.3250586
9.43e-10,0.32503460000000006
9.45e-10,0.32501060000000004
9.47e-10,0.32498669999999996
9.49e-10,0.32496290000000005
9.51e-10,0.3249392
9.53e-10,0.32491539999999997
9.55e-10,0.3248917
9.57e-10,0.3248681
9.59e-10,0.3248447000000001
9.61e-10,0.32482120000000003
9.63e-10,0.3247979
9.65e-10,0.3247746
9.67e-10,0.3247514
9.69e-10,0.32472840000000003
9.71e-10,0.3247053999999999
9.73e-10,0.3246825
9.75e-10,0.32465980000000005
9.77e-10,0.3246371
9.79e-10,0.32461450000000003
9.81e-10,0.32459209999999994
9.83e-10,0.3245698
9.85e-10,0.32454759999999994
9.87e-10,0.3245255
9.89e-10,0.32450350000000006
9.91e-10,0.3244817000000001
9.93e-10,0.3244600000000001
9.95e-10,0.32443849999999996
9.97e-10,0.3244169
9.985e-10,0.32440099999999994
1e-09,0.3243851000000001
1.0002e-09,0.3243828999999999
1.0006e-09,0.32437879999999997
1.0014e-09,0.3243703
1.003e-09,0.3243535000000001
1.005e-09,0.3243326000000001
1.007e-09,0.32431180000000004
1.009e-09,0.3242912
1.011e-09,0.3242707
1.013e-09,0.3242503
1.015e-09,0.3242302
1.017e-09,0.3242102
1.019e-09,0.3241902
1.021e-09,0.32417050000000003
1.023e-09,0.3241509
1.025e-09,0.32413139999999996
1.027e-09,0.3241121
1.029e-09,0.32409299999999996
1.031e-09,0.3240738999999999
1.033e-09,0.32405509999999993
1.035e-09,0.3240364
1.037e-09,0.3240178
1.039e-09,0.3239995
1.041e-09,0.3239812000000001
1.043e-09,0.32396310000000006
1.045e-09,0.3239451
1.047e-09,0.32392730000000003
1.049e-09,0.3239096
1.051e-09,0.3238922000000001
1.053e-09,0.32387489999999997
1.055e-09,0.3238577
1.057e-09,0.32384060000000003
1.059e-09,0.3238238
1.061e-09,0.32380699999999996
1.063e-09,0.32379040000000003
1.065e-09,0.323774
1.067e-09,0.3237578
1.069e-09,0.3237416000000001
1.071e-09,0.32372560000000006
1.073e-09,0.32370979999999994
1.075e-09,0.3236941
1.077e-09,0.3236785999999999
1.079e-09,0.32366319999999993
1.081e-09,0.32364799999999994
1.083e-09,0.3236329
1.085e-09,0.32361799999999996
1.087e-09,0.3236030999999999
1.089e-09,0.32358850000000006
1.091e-09,0.32357400000000003
1.093e-09,0.3235597
1.095e-09,0.3235454000000001
1.097e-09,0.3235313999999999
1.099e-09,0.3235175
1.101e-09,0.3235036
1.103e-09,0.3234901
1.105e-09,0.32347649999999994
1.107e-09,0.3234631
1.109e-09,0.32344990000000007
1.111e-09,0.3234368999999999
1.113e-09,0.32342380000000004
1.115e-09,0.32341110000000006
1.117e-09,0.3233984
1.119e-09,0.32338580000000006
1.121e-09,0.3233733999999999
1.123e-09,0.3233612
1.125e-09,0.323349
1.127e-09,0.3233368999999999
1.129e-09,0.323325
1.131e-09,0.3233133
1.133e-09,0.3233017
1.135e-09,0.32329019999999997
1.137e-09,0.3232788
1.139e-09,0.3232676
1.141e-09,0.3232564
1.143e-09,0.3232455000000001
1.145e-09,0.3232345
1.147e-09,0.32322379999999995
1.149e-09,0.3232132000000001
1.151e-09,0.3232026
1.153e-09,0.32319220000000004
1.155e-09,0.3231819
1.157e-09,0.3231718
1.159e-09,0.3231617
1.161e-09,0.32315170000000004
1.163e-09,0.3231419
1.165e-09,0.32313230000000004
1.167e-09,0.3231227000000001
1.169e-09,0.32311309999999993
1.171e-09,0.32310380000000005
1.173e-09,0.32309449999999995
1.175e-09,0.32308539999999997
1.177e-09,0.3230763
1.179e-09,0.3230674
1.181e-09,0.3230586
1.183e-09,0.32304979999999994
1.185e-09,0.3230411999999999
1.187e-09,0.32303270000000006
1.189e-09,0.3230242000000001
1.191e-09,0.3230159
1.193e-09,0.32300759999999995
1.195e-09,0.3229995
1.197e-09,0.3229915
1.1985e-09,0.32298550000000004
1.2e-09,0.3229795999999999
1.2002e-09,0.3229788
1.2006e-09,0.3229772000000001
1.2014e-09,0.32297409999999993
1.203e-09,0.3229679999999999
1.205e-09,0.3229603
1.207e-09,0.3229527
1.209e-09,0.3229453
1.211e-09,0.32293800000000006
1.213e-09,0.32293060000000007
1.215e-09,0.32292350000000003
1.217e-09,0.3229164
1.219e-09,0.32290930000000007
1.221e-09,0.3229023000000001
1.223e-09,0.3228955
1.225e-09,0.3228888
1.227e-09,0.32288210000000006
1.229e-09,0.3228755
1.231e-09,0.32286899999999996
1.233e-09,0.32286249999999994
1.235e-09,0.3228561999999999
1.237e-09,0.3228499
1.239e-09,0.3228438
1.241e-09,0.32283759999999995
1.243e-09,0.3228316
1.245e-09,0.32282559999999993
1.247e-09,0.32281970000000004
1.249e-09,0.32281399999999993
1.251e-09,0.32280810000000004
1.253e-09,0.32280260000000005
1.255e-09,0.32279689999999994
1.257e-09,0.32279140000000006
1.259e-09,0.32278589999999996
1.261e-09,0.3227806000000001
1.263e-09,0.3227753
1.265e-09,0.32277
1.267e-09,0.3227649
1.269e-09,0.32275979999999993
1.271e-09,0.32275469999999995
1.273e-09,0.32274970000000003
1.275e-09,0.32274479999999994
1.277e-09,0.32274
1.279e-09,0.3227352
1.281e-09,0.3227304
1.283e-09,0.32272579999999995
1.285e-09,0.3227211
1.287e-09,0.3227166
1.289e-09,0.32271209999999995
1.291e-09,0.32270770000000004
1.293e-09,0.3227034
1.295e-09,0.3226991
1.297e-09,0.32269479999999995
1.299e-09,0.32269060000000005
1.301e-09,0.3226865000000001
1.303e-09,0.32268240000000004
1.305e-09,0.3226783000000001
1.307e-09,0.32267440000000003
1.309e-09,0.3226704
1.311e-09,0.32266649999999997
1.313e-09,0.3226628
1.315e-09,0.32265900000000003
1.317e-09,0.3226553
1.319e-09,0.3226515999999999
1.321e-09,0.32264800000000005
1.323e-09,0.32264440000000005
1.325e-09,0.3226409
1.327e-09,0.32263739999999996
1.329e-09,0.32263390000000003
1.331e-09,0.3226306
1.333e-09,0.3226272
1.335e-09,0.32262389999999996
1.337e-09,0.3226207
1.339e-09,0.3226175
1.341e-09,0.3226144000000001
1.343e-09,0.32261130000000005
1.345e-09,0.32260809999999995
1.347e-09,0.3226051999999999
1.349e-09,0.3226021
1.351e-09,0.3225991
1.353e-09,0.3225962
1.355e-09,0.32259340000000003
1.357e-09,0.3225905
1.359e-09,0.32258770000000003
1.361e-09,0.3225849999999999
1.363e-09,0.32258220000000004
1.365e-09,0.3225796000000001
1.367e-09,0.32257689999999994
1.369e-09,0.3225743
1.371e-09,0.3225718000000001
1.373e-09,0.3225692
1.375e-09,0.3225667
1.377e-09,0.3225643
1.379e-09,0.3225618
1.381e-09,0.32255940000000005
1.383e-09,0.322557
1.385e-09,0.32255469999999997
1.387e-09,0.3225525
1.389e-09,0.3225502
1.391e-09,0.32254799999999995
1.393e-09,0.32254570000000005
1.395e-09,0.3225435
1.397e-09,0.3225412999999999
1.3985e-09,0.32253979999999993
1.4e-09,0.3225382
1.4002e-09,0.3225388
1.4006e-09,0.3225418
1.4014e-09,0.3225587
1.403e-09,0.32262080000000004
1.405e-09,0.3227122
1.407e-09,0.32277100000000003
1.409e-09,0.3227531
1.411e-09,0.32262250000000003
1.413e-09,0.32235040000000004
1.415e-09,0.3219141
1.417e-09,0.3212957999999999
1.419e-09,0.3204819
1.421e-09,0.3194621000000001
1.423e-09,0.3182296
1.425e-09,0.3167797
1.427e-09,0.31511009999999995
1.429e-09,0.31322019999999995
1.431e-09,0.31111089999999997
1.433e-09,0.3087845
1.435e-09,0.3062441
1.437e-09,0.3034943
1.439e-09,0.3005396
1.441e-09,0.29738580000000003
1.443e-09,0.2940387
1.445e-09,0.290505
1.447e-09,0.2867911000000001
1.449e-09,0.28290399999999993
1.451e-09,0.27885080000000007
1.453e-09,0.27463880000000007
1.455e-09,0.2702753
1.457e-09,0.2657676000000001
1.459e-09,0.26112270000000004
1.461e-09,0.2563482
1.463e-09,0.2514512
1.465e-09,0.2464387
1.467e-09,0.24131780000000003
1.469e-09,0.2360953
1.471e-09,0.23077809999999999
1.473e-09,0.22537269999999998
1.475e-09,0.21988560000000001
1.477e-09,0.21432299999999993
1.479e-09,0.20869119999999997
1.481e-09,0.2029961
1.483e-09,0.1972434999999999
1.485e-09,0.19143909999999997
1.487e-09,0.1855884000000001
1.489e-09,0.17969659999999998
1.491e-09,0.1737689
1.493e-09,0.16781010000000007
1.495e-09,0.1618252
1.497e-09,0.15581859999999992
1.499e-09,0.14979489999999995
1.501e-09,0.1437583
1.503e-09,0.13771299999999997
1.505e-09,0.13166270000000002
1.507e-09,0.1256115
1.509e-09,0.11956290000000003
1.511e-09,0.11352030000000002
1.513e-09,0.107487
1.515e-09,0.10146650000000002
1.517e-09,0.09546150000000009
1.519e-09,0.08947499999999997
1.521e-09,0.08350979999999997
1.523e-09,0.07756870000000005
1.525e-09,0.07165379999999999
1.527e-09,0.06576789999999999
1.529e-09,0.059912999999999994
1.531e-09,0.054091200000000006
1.533e-09,0.04830470000000009
1.535e-09,0.04255529999999996
1.537e-09,0.03684490000000007
1.539e-09,0.031174999999999953
1.541e-09,0.025547500000000056
1.543e-09,0.01996359999999997
1.545e-09,0.014424800000000015
1.547e-09,0.00893250000000001
1.549e-09,0.0034876999999999825
1.551e-09,-0.0019080999999999682
1.553e-09,-0.0072541999999999884
1.555e-09,-0.012549499999999991
1.557e-09,-0.017793199999999953
1.559e-09,-0.022984299999999958
1.561e-09,-0.02812210000000004
1.563e-09,-0.03320600000000007
1.565e-09,-0.03823530000000008
1.567e-09,-0.04320960000000007
1.569e-09,-0.048128199999999954
1.571e-09,-0.052990800000000005
1.573e-09,-0.05779689999999993
1.575e-09,-0.06254629999999994
1.577e-09,-0.06723880000000004
1.579e-09,-0.07187390000000005
1.581e-09,-0.07645179999999996
1.583e-09,-0.08097199999999993
1.585e-09,-0.08543449999999997
1.587e-09,-0.0898393999999999
1.589e-09,-0.09418669999999996
1.591e-09,-0.09847609999999996
1.593e-09,-0.10270809999999997
1.595e-09,-0.10688240000000004
1.597e-09,-0.11099950000000003
1.5985e-09,-0.11404959999999997
1.6e-09,-0.11707919999999994
1.6002e-09,-0.11748270000000005
1.6006e-09,-0.1182903999999999
1.6014e-09,-0.11990670000000003
1.603e-09,-0.12312829999999997
1.605e-09,-0.12709720000000002
1.607e-09,-0.13095640000000008
1.609e-09,-0.13466349999999994
1.611e-09,-0.1381846
1.613e-09,-0.14149299999999998
1.615e-09,-0.14456769999999997
1.617e-09,-0.1473928
1.619e-09,-0.1499566
1.621e-09,-0.15225089999999997
1.623e-09,-0.15427059999999992
1.625e-09,-0.1560132999999999
1.627e-09,-0.15747830000000007
1.629e-09,-0.15866690000000006
1.631e-09,-0.15958189999999994
1.633e-09,-0.16022730000000007
1.635e-09,-0.16060790000000003
1.637e-09,-0.16072959999999992
1.639e-09,-0.16059879999999993
1.641e-09,-0.1602224
1.643e-09,-0.1596076999999999
1.645e-09,-0.15876240000000008
1.647e-09,-0.1576942
1.649e-09,-0.15641139999999998
1.651e-09,-0.1549218
1.653e-09,-0.15323359999999997
1.655e-09,-0.15135520000000002
1.657e-09,-0.1492943
1.659e-09,-0.14705919999999995
1.661e-09,-0.14465760000000005
1.663e-09,-0.1420975
1.665e-09,-0.13938640000000002
1.667e-09,-0.136532
1.669e-09,-0.13354169999999999
1.671e-09,-0.13042259999999994
1.673e-09,-0.12718169999999995
1.675e-09,-0.12382599999999999
1.677e-09,-0.12036209999999992
1.679e-09,-0.11679639999999991
1.681e-09,-0.1131354
1.683e-09,-0.10938530000000002
1.685e-09,-0.10555159999999997
1.687e-09,-0.10164049999999991
1.689e-09,-0.0976574
1.691e-09,-0.09360760000000001
1.693e-09,-0.08949640000000003
1.695e-09,-0.08532889999999993
1.697e-09,-0.08110989999999996
1.699e-09,-0.07684410000000008
1.701e-09,-0.07253600000000004
1.703e-09,-0.06818990000000003
1.705e-09,-0.06381009999999998
1.707e-09,-0.05940050000000008
1.709e-09,-0.05496520000000005
1.711e-09,-0.05050769999999993
1.713e-09,-0.04603170000000001
1.715e-09,-0.04154049999999998
1.717e-09,-0.03703770000000006
1.719e-09,-0.03252620000000006
1.721e-09,-0.02800910000000001
1.723e-09,-0.023489299999999935
1.725e-09,-0.018969500000000084
1.727e-09,-0.01445249999999998
1.729e-09,-0.009940700000000025
1.731e-09,-0.005436699999999961
1.733e-09,-0.0009425000000000683
1.735e-09,0.0035393999999999703
1.737e-09,0.008007100000000045
1.739e-09,0.012458499999999928
1.741e-09,0.016891800000000012
1.743e-09,0.021305199999999913
1.745e-09,0.02569689999999991
1.747e-09,0.03006540000000002
1.749e-09,0.03440920000000003
1.751e-09,0.038726600000000055
1.753e-09,0.04301660000000007
1.755e-09,0.047277799999999925
1.757e-09,0.05150880000000002
1.759e-09,0.055708700000000055
1.761e-09,0.05987629999999999
1.763e-09,0.06401079999999992
1.765e-09,0.06811099999999992
1.767e-09,0.07217629999999997
1.769e-09,0.07620579999999999
1.771e-09,0.08019860000000001
1.773e-09,0.08415430000000002
1.775e-09,0.08807199999999993
1.777e-09,0.09195130000000007
1.779e-09,0.09579159999999998
1.781e-09,0.09959240000000003
1.783e-09,0.10335329999999998
1.785e-09,0.10707390000000006
1.787e-09,0.11075380000000001
1.789e-09,0.11439279999999996
1.791e-09,0.11799060000000006
1.793e-09,0.12154690000000001
1.795e-09,0.1250616
1.797e-09,0.1285343
1.7985e-09,0.13111150000000005
1.8e-09,0.13366479999999992
1.8002e-09,0.13400330000000005
1.8006e-09,0.1346794
1.8014e-09,0.13602650000000005
1.803e-09,0.1387005
1.805e-09,0.14200499999999994
1.807e-09,0.14526739999999994
1.809e-09,0.1484877
1.811e-09,0.15166590000000002
1.813e-09,0.154802
1.815e-09,0.15789609999999998
1.817e-09,0.1609484
1.819e-09,0.16395890000000002
1.821e-09,0.16692790000000002
1.823e-09,0.16985549999999994
1.825e-09,0.17274180000000006
1.827e-09,0.17558700000000005
1.829e-09,0.17839150000000004
1.831e-09,0.18115519999999996
1.833e-09,0.18387870000000006
1.835e-09,0.186562
1.837e-09,0.18920540000000008
1.839e-09,0.19180940000000002
1.841e-09,0.19437399999999994
1.843e-09,0.19689960000000006
1.845e-09,0.1993864999999999
1.847e-09,0.20183509999999993
1.849e-09,0.20424560000000003
1.851e-09,0.20661839999999998
1.853e-09,0.20895379999999997
1.855e-09,0.2112522
1.857e-09,0.21351389999999992
1.859e-09,0.21573929999999997
1.861e-09,0.21792860000000003
1.863e-09,0.2200824
1.865e-09,0.22220099999999998
1.867e-09,0.2242845
1.869e-09,0.22633370000000008
1.871e-09,0.2283487999999999
1.873e-09,0.23033000000000003
1.875e-09,0.23227799999999998
1.877e-09,0.23419290000000004
1.879e-09,0.2360753
1.881e-09,0.2379254999999999
1.883e-09,0.23974380000000006
1.885e-09,0.2415307
1.887e-09,0.24328660000000002
1.889e-09,0.2450118
1.891e-09,0.24670670000000006
1.893e-09,0.24837179999999992
1.895e-09,0.2500074000000001
1.897e-09,0.2516138
1.899e-09,0.25319159999999996
1.901e-09,0.254741
1.903e-09,0.2562624
1.905e-09,0.25775630000000005
1.907e-09,0.25922290000000003
1.909e-09,0.2606626999999999
1.911e-09,0.26207610000000003
1.913e-09,0.2634634
1.915e-09,0.2648250999999999
1.917e-09,0.2661614
1.919e-09,0.2674727
1.921e-09,0.2687594
1.923e-09,0.27002190000000004
1.925e-09,0.2712605
1.927e-09,0.27247560000000004
1.929e-09,0.2736674
1.931e-09,0.27483650000000004
1.933e-09,0.2759832
1.935e-09,0.2771076
1.937e-09,0.2782102999999999
1.939e-09,0.2792916
1.941e-09,0.2803517000000001
1.943e-09,0.2813909
1.945e-09,0.2824099
1.947e-09,0.2834086
1.949e-09,0.2843875
1.951e-09,0.28534689999999996
1.953e-09,0.28628719999999996
1.955e-09,0.28720860000000004
1.957e-09,0.2881114
1.959e-09,0.2889959999999999
1.961e-09,0.28986259999999997
1.963e-09,0.2907115
1.965e-09,0.2915432
1.967e-09,0.29235770000000005
1.969e-09,0.29315540000000007
1.971e-09,0.2939366
1.973e-09,0.29470169999999996
1.975e-09,0.2954508
1.977e-09,0.2961842
1.979e-09,0.2969022
1.981e-09,0.297605
1.983e-09,0.2982931
1.985e-09,0.29896639999999997
1.987e-09,0.2996255
1.989e-09,0.3002703
1.991e-09,0.3009014
1.993e-09,0.30151890000000003
1.995e-09,0.3021229000000001
1.997e-09,0.3027139
1.9985e-09,0.3031486
2e-09,0.30357619999999996
2.0002e-09,0.3036327
2.0006e-09,0.30374519999999994
2.0014e-09,0.30396880000000004
2.003e-09,0.30441019999999996
2.005e-09,0.30495099999999997
2.007e-09,0.30547979999999997
2.009e-09,0.30599679999999996
2.011e-09,0.30650220000000006
2.013e-09,0.30699639999999995
2.015e-09,0.30747939999999996
2.017e-09,0.30795150000000004
2.019e-09,0.30841279999999993
2.021e-09,0.3088636
2.023e-09,0.3093041999999999
2.025e-09,0.3097346000000001
2.027e-09,0.31015499999999996
2.029e-09,0.3105658
2.031e-09,0.31096690000000005
2.033e-09,0.31135880000000005
2.035e-09,0.31174139999999995
2.037e-09,0.3121149999999999
2.039e-09,0.3124797
2.041e-09,0.3128358
2.043e-09,0.31318330000000005
2.045e-09,0.3135226
2.047e-09,0.31385360000000007
2.049e-09,0.3141767
2.051e-09,0.3144918
2.053e-09,0.31479919999999995
2.055e-09,0.3150992
2.057e-09,0.3153918
2.059e-09,0.31567709999999993
2.061e-09,0.3159552
2.063e-09,0.31622649999999997
2.065e-09,0.3164909
2.067e-09,0.31674859999999994
2.069e-09,0.31699979999999994
2.071e-09,0.3172446000000001
2.073e-09,0.3174831
2.075e-09,0.3177154
2.077e-09,0.31794179999999994
2.079e-09,0.31816219999999995
2.081e-09,0.31837689999999996
2.083e-09,0.3185859
2.085e-09,0.31878929999999994
2.087e-09,0.31898740000000003
2.089e-09,0.31918
2.091e-09,0.3193676
2.093e-09,0.31955009999999995
2.095e-09,0.31972750000000005
2.097e-09,0.3199000999999999
2.099e-09,0.320068
2.101e-09,0.3202311
2.103e-09,0.32038980000000006
2.105e-09,0.3205439
2.107e-09,0.32069369999999997
2.109e-09,0.3208392000000001
2.111e-09,0.32098060000000006
2.113e-09,0.32111769999999995
2.115e-09,0.32125100000000006
2.117e-09,0.3213804
2.119e-09,0.3215059
2.121e-09,0.3216276
2.123e-09,0.32174579999999997
2.125e-09,0.3218603
2.127e-09,0.3219714
2.129e-09,0.32207909999999995
2.131e-09,0.3221834
2.133e-09,0.3222845000000001
2.135e-09,0.32238239999999996
2.137e-09,0.32247709999999996
2.139e-09,0.32256890000000005
2.141e-09,0.3226576
2.143e-09,0.32274350000000007
2.145e-09,0.3228265
2.147e-09,0.32290680000000005
2.149e-09,0.32298440000000006
2.151e-09,0.32305930000000005
2.153e-09,0.32313179999999997
2.155e-09,0.32320150000000003
2.157e-09,0.32326900000000003
2.159e-09,0.323334
2.161e-09,0.3233965999999999
2.163e-09,0.32345709999999994
2.165e-09,0.3235151999999999
2.167e-09,0.32357119999999995
2.169e-09,0.3236251
2.171e-09,0.32367689999999993
2.173e-09,0.32372670000000003
2.175e-09,0.3237746
2.177e-09,0.3238204
2.179e-09,0.3238645
2.181e-09,0.3239067
2.183e-09,0.32394730000000005
2.185e-09,0.323986
2.187e-09,0.32402299999999995
2.189e-09,0.32405839999999997
2.191e-09,0.3240923
2.193e-09,0.3241244999999999
2.195e-09,0.32415530000000004
2.197e-09,0.3241845
2.1985e-09,0.3242054999999999
2.2e-09,0.32422570000000006
2.2002e-09,0.32422839999999997
2.2006e-09,0.32423349999999995
2.2014e-09,0.3242438999999999
2.203e-09,0.32426390000000005
2.205e-09,0.3242876
2.207e-09,0.32431
2.209e-09,0.32433120000000004
2.211e-09,0.32435120000000006
2.213e-09,0.32437000000000005
2.215e-09,0.3243876
2.217e-09,0.324404
2.219e-09,0.3244195000000001
2.221e-09,0.32443390000000005
2.223e-09,0.32444719999999994
2.225e-09,0.3244595
2.227e-09,0.32447080000000006
2.229e-09,0.3244812
2.231e-09,0.32449079999999997
2.233e-09,0.3244994
2.235e-09,0.324507
2.237e-09,0.3245139
2.239e-09,0.3245201
2.241e-09,0.3245253
2.243e-09,0.3245298
2.245e-09,0.3245336
2.247e-09,0.32453659999999995
2.249e-09,0.324539
2.251e-09,0.3245406999999999
2.253e-09,0.32454169999999993
2.255e-09,0.3245422
2.257e-09,0.32454190000000005
2.259e-09,0.3245410999999999
2.261e-09,0.3245397
2.263e-09,0.3245378
2.265e-09,0.3245352
2.267e-09,0.3245323
2.269e-09,0.32452879999999995
2.271e-09,0.32452479999999995
2.273e-09,0.32452040000000004
2.275e-09,0.3245154
2.277e-09,0.3245101
2.279e-09,0.3245043000000001
2.281e-09,0.3244980999999999
2.283e-09,0.3244916
2.285e-09,0.32448469999999996
2.287e-09,0.3244774
2.289e-09,0.3244697000000001
2.291e-09,0.3244618
2.293e-09,0.32445350000000006
2.295e-09,0.3244448
2.297e-09,0.3244359
2.299e-09,0.3244268
2.301e-09,0.32441739999999997
2.303e-09,0.3244076
2.305e-09,0.3243977
2.307e-09,0.32438749999999994
2.309e-09,0.3243771000000001
2.311e-09,0.3243663
2.313e-09,0.3243555
2.315e-09,0.32434450000000004
2.317e-09,0.3243332
2.319e-09,0.3243218
2.321e-09,0.3243102
2.323e-09,0.32429850000000005
2.325e-09,0.3242864999999999
2.327e-09,0.3242745
2.329e-09,0.3242623
2.331e-09,0.32425000000000004
2.333e-09,0.3242375999999999
2.335e-09,0.324225
2.337e-09,0.32421239999999996
2.339e-09,0.32419960000000003
2.341e-09,0.32418669999999994
2.343e-09,0.32417379999999996
2.345e-09,0.3241608
2.347e-09,0.3241476999999999
2.349e-09,0.32413459999999994
2.351e-09,0.3241214
2.353e-09,0.3241081
2.355e-09,0.3240948
2.357e-09,0.3240814000000001
2.359e-09,0.3240679999999999
2.361e-09,0.32405459999999997
2.363e-09,0.3240411000000001
2.365e-09,0.32402759999999997
2.367e-09,0.3240141999999999
2.369e-09,0.3240006000000001
2.371e-09,0.3239871
2.373e-09,0.3239735
2.375e-09,0.32396
2.377e-09,0.32394639999999997
2.379e-09,0.3239329000000001
2.381e-09,0.3239194000000001
2.383e-09,0.3239058
2.385e-09,0.3238924000000001
2.387e-09,0.32387889999999997
2.389e-09,0.32386550000000003
2.391e-09,0.32385200000000003
2.393e-09,0.3238386
2.395e-09,0.32382520000000004
2.397e-09,0.32381190000000004
2.3985e-09,0.3238019
2.4e-09,0.32379199999999997
2.4002e-09,0.32379060000000004
2.4006e-09,0.32378799999999996
2.4014e-09,0.3237827
2.403e-09,0.3237721
2.405e-09,0.323759
2.407e-09,0.3237458
2.409e-09,0.3237327000000001
2.411e-09,0.32371970000000005
2.413e-09,0.3237067
2.415e-09,0.3236937999999999
2.417e-09,0.323681
2.419e-09,0.3236682000000001
2.421e-09,0.3236553999999999
2.423e-09,0.32364269999999995
2.425e-09,0.32363
2.427e-09,0.32361759999999995
2.429e-09,0.32360500000000003
2.431e-09,0.3235926
2.433e-09,0.3235802
2.435e-09,0.3235680000000001
2.437e-09,0.3235557
2.439e-09,0.3235437
2.441e-09,0.32353160000000003
2.443e-09,0.3235196
2.445e-09,0.32350770000000006
2.447e-09,0.32349590000000006
2.449e-09,0.323484
2.451e-09,0.3234724
2.453e-09,0.32346070000000005
2.455e-09,0.3234492
2.457e-09,0.3234378
2.459e-09,0.32342649999999995
2.461e-09,0.3234152
2.463e-09,0.32340389999999997
2.465e-09,0.3233927999999999
2.467e-09,0.32338179999999994
2.469e-09,0.32337079999999996
2.471e-09,0.32336
2.473e-09,0.3233492
2.475e-09,0.3233385
2.477e-09,0.32332800000000006
2.479e-09,0.3233174
2.481e-09,0.32330689999999995
2.483e-09,0.32329659999999993
2.485e-09,0.3232863
2.487e-09,0.32327609999999996
2.489e-09,0.32326600000000005
2.491e-09,0.323256
2.493e-09,0.3232461
2.495e-09,0.3232362
2.497e-09,0.3232265000000001
2.499e-09,0.3232168999999999
2.501e-09,0.3232073
2.503e-09,0.32319770000000003
2.505e-09,0.32318839999999993
2.507e-09,0.323179
2.509e-09,0.32316979999999995
2.511e-09,0.3231606
2.513e-09,0.32315150000000004
2.515e-09,0.3231425
2.517e-09,0.3231336
2.519e-09,0.3231248000000001
2.521e-09,0.3231161
2.523e-09,0.32310739999999993
2.525e-09,0.3230988
2.527e-09,0.3230904
2.529e-09,0.323082
2.531e-09,0.32307359999999996
2.533e-09,0.32306539999999995
2.535e-09,0.32305720000000004
2.537e-09,0.32304920000000004
2.539e-09,0.32304120000000003
2.541e-09,0.3230333000000001
2.543e-09,0.3230255000000001
2.545e-09,0.3230177000000001
2.547e-09,0.32301
2.549e-09,0.3230024
2.551e-09,0.3229949
2.553e-09,0.3229873999999999
2.555e-09,0.3229801
2.557e-09,0.3229729
2.559e-09,0.3229656000000001
2.561e-09,0.3229584
2.563e-09,0.3229514
2.565e-09,0.32294449999999997
2.567e-09,0.3229375
2.569e-09,0.3229307
2.571e-09,0.322924
2.573e-09,0.3229173000000001
2.575e-09,0.3229107
2.577e-09,0.3229040999999999
2.579e-09,0.3228976
2.581e-09,0.3228913
2.583e-09,0.32288490000000003
2.585e-09,0.32287869999999996
2.587e-09,0.3228725
2.589e-09,0.3228664
2.591e-09,0.3228603000000001
2.593e-09,0.32285430000000004
2.595e-09,0.32284840000000004
2.597e-09,0.3228426
2.5985e-09,0.32283819999999996
2.6e-09,0.32284540000000006
2.6002e-09,0.32284880000000005
2.6006e-09,0.3228571
2.6014e-09,0.3228816
2.603e-09,0.3229474
2.605e-09,0.3230252
2.607e-09,0.3230535
2.609e-09,0.3229911
2.611e-09,0.3228052
2.613e-09,0.32246909999999995
2.615e-09,0.3219619
2.617e-09,0.32126749999999993
2.619e-09,0.3203735
2.621e-09,0.3192712000000001
2.623e-09,0.31795419999999996
2.625e-09,0.316419
2.627e-09,0.31466379999999994
2.629e-09,0.3126886
2.631e-09,0.3104949
2.633e-09,0.3080853
2.635e-09,0.30546339999999994
2.637e-09,0.30263379999999995
2.639e-09,0.29960149999999997
2.641e-09,0.2963722
2.643e-09,0.2929522
2.645e-09,0.28934800000000005
2.647e-09,0.2855662
2.649e-09,0.28161400000000003
2.651e-09,0.2774985
2.653e-09,0.2732268
2.655e-09,0.2688063999999999
2.657e-09,0.26424439999999993
2.659e-09,0.2595482
2.661e-09,0.25472490000000003
2.663e-09,0.2497819
2.665e-09,0.24472590000000005
2.667e-09,0.2395642
2.669e-09,0.23430359999999995
2.671e-09,0.2289506
2.673e-09,0.22351189999999999
2.675e-09,0.21799380000000002
2.677e-09,0.21240269999999994
2.679e-09,0.20674459999999995
2.681e-09,0.20102540000000002
2.683e-09,0.1952509
2.685e-09,0.1894266
2.687e-09,0.183558
2.689e-09,0.17765030000000004
2.691e-09,0.17170849999999993
2.693e-09,0.16573749999999998
2.695e-09,0.1597421
2.697e-09,0.1537267
2.699e-09,0.14769580000000004
2.701e-09,0.14165359999999994
2.703e-09,0.1356041
2.705e-09,0.12955130000000004
2.707e-09,0.12349879999999991
2.709e-09,0.1174501
2.711e-09,0.11140879999999997
2.713e-09,0.10537819999999998
2.715e-09,0.0993613000000001
2.717e-09,0.09336110000000009
2.719e-09,0.08738060000000003
2.721e-09,0.08142229999999995
2.723e-09,0.07548889999999997
2.725e-09,0.0695829
2.727e-09,0.0637065
2.729e-09,0.057862199999999975
2.731e-09,0.052051599999999976
2.733e-09,0.04627720000000002
2.735e-09,0.04054040000000003
2.737e-09,0.03484339999999997
2.739e-09,0.029187499999999922
2.741e-09,0.023574399999999995
2.743e-09,0.018005700000000013
2.745e-09,0.01248260000000001
2.747e-09,0.007006300000000021
2.749e-09,0.001578199999999974
2.751e-09,-0.0038007999999999376
2.753e-09,-0.009129500000000013
2.755e-09,-0.014407100000000006
2.757e-09,-0.019632699999999947
2.759e-09,-0.024805499999999925
2.761e-09,-0.029924700000000026
2.763e-09,-0.0349896999999999
2.765e-09,-0.03999989999999998
2.767e-09,-0.04495480000000007
2.769e-09,-0.04985390000000001
2.771e-09,-0.05469679999999999
2.773e-09,-0.05948319999999996
2.775e-09,-0.06421270000000001
2.777e-09,-0.06888510000000003
2.779e-09,-0.07350009999999996
2.781e-09,-0.07805760000000006
2.783e-09,-0.08255760000000001
2.785e-09,-0.08699990000000002
2.787e-09,-0.09138460000000004
2.789e-09,-0.0957114
2.791e-09,-0.09998060000000009
2.793e-09,-0.10419210000000001
2.795e-09,-0.1083463
2.797e-09,-0.11244299999999996
2.7985e-09,-0.11547810000000003
2.8e-09,-0.11848100000000006
2.8002e-09,-0.1188787
2.8006e-09,-0.11967289999999997
2.8014e-09,-0.12125449999999993
2.803e-09,-0.12439060000000002
2.805e-09,-0.12825989999999998
2.807e-09,-0.13207289999999994
2.809e-09,-0.13583
2.811e-09,-0.13953139999999997
2.813e-09,-0.14317749999999996
2.815e-09,-0.14676869999999997
2.817e-09,-0.15030529999999998
2.819e-09,-0.1537875999999999
2.821e-09,-0.15721609999999997
2.823e-09,-0.16059139999999994
2.825e-09,-0.16391349999999993
2.827e-09,-0.1671832000000001
2.829e-09,-0.17040080000000002
2.831e-09,-0.17356680000000002
2.833e-09,-0.1766816
2.835e-09,-0.17974590000000001
2.837e-09,-0.18275979999999992
2.839e-09,-0.18572429999999995
2.841e-09,-0.18863949999999996
2.843e-09,-0.1915061
2.845e-09,-0.1943245
2.847e-09,-0.19709540000000003
2.849e-09,-0.19981919999999997
2.851e-09,-0.20249629999999996
2.853e-09,-0.20512759999999997
2.855e-09,-0.2077133
2.857e-09,-0.21025399999999994
2.859e-09,-0.2127504
2.861e-09,-0.21520289999999997
2.863e-09,-0.21761209999999997
2.865e-09,-0.21997849999999997
2.867e-09,-0.22230269999999996
2.869e-09,-0.22458520000000004
2.871e-09,-0.22682639999999998
2.873e-09,-0.2290272
2.875e-09,-0.2311879
2.877e-09,-0.233309
2.879e-09,-0.2353911999999999
2.881e-09,-0.23743480000000006
2.883e-09,-0.2394406
2.885e-09,-0.24140910000000004
2.887e-09,-0.24334060000000002
2.889e-09,-0.2452358
2.891e-09,-0.24709519999999996
2.893e-09,-0.24891930000000007
2.895e-09,-0.25070860000000006
2.897e-09,-0.25246370000000007
2.899e-09,-0.25418509999999994
2.901e-09,-0.2558731000000001
2.903e-09,-0.25752849999999994
2.905e-09,-0.2591515999999999
2.907e-09,-0.2607429
2.909e-09,-0.26230299999999995
2.911e-09,-0.2638323
2.913e-09,-0.2653314
2.915e-09,-0.26680060000000005
2.917e-09,-0.26824040000000005
2.919e-09,-0.2696514
2.921e-09,-0.271034
2.923e-09,-0.2723886
2.925e-09,-0.2737157
2.927e-09,-0.27501580000000003
2.929e-09,-0.2762892
2.931e-09,-0.2775364
2.933e-09,-0.2787579
2.935e-09,-0.27995420000000004
2.937e-09,-0.28112550000000003
2.939e-09,-0.28227230000000003
2.941e-09,-0.2833950999999999
2.943e-09,-0.2844943
2.945e-09,-0.28557010000000005
2.947e-09,-0.2866232000000001
2.949e-09,-0.28765379999999996
2.951e-09,-0.2886624
2.953e-09,-0.2896493
2.955e-09,-0.29061480000000006
2.957e-09,-0.2915595000000001
2.959e-09,-0.29248359999999995
2.961e-09,-0.2933875
2.963e-09,-0.2942714999999999
2.965e-09,-0.29513619999999996
2.967e-09,-0.2959816999999999
2.969e-09,-0.2968082999999999
2.971e-09,-0.2976166
2.973e-09,-0.2984067
2.975e-09,-0.2991790999999999
2.977e-09,-0.29993400000000003
2.979e-09,-0.30067179999999993
2.981e-09,-0.30139270000000007
2.983e-09,-0.30209720000000007
2.985e-09,-0.3027854
2.987e-09,-0.3034578
2.989e-09,-0.3041146
2.991e-09,-0.3047561000000001
2.993e-09,-0.30538260000000006
2.995e-09,-0.30599429999999994
2.997e-09,-0.30659159999999996
2.9985e-09,-0.3070303
3e-09,-0.3074726
3.0002e-09,-0.30753319999999995
3.0006e-09,-0.30765599999999993
3.0014e-09,-0.3079077
3.003e-09,-0.30842139999999996
3.005e-09,-0.3090469
3.007e-09,-0.3096097
3.009e-09,-0.3100689
3.011e-09,-0.31039169999999994
3.013e-09,-0.31055200000000005
3.015e-09,-0.31052899999999994
3.017e-09,-0.310307
3.019e-09,-0.3098738
3.021e-09,-0.3092209
3.023e-09,-0.30834229999999996
3.025e-09,-0.30723480000000003
3.027e-09,-0.3058967
3.029e-09,-0.30432859999999995
3.031e-09,-0.3025318
3.033e-09,-0.30050940000000004
3.035e-09,-0.29826530000000007
3.037e-09,-0.29580400000000007
3.039e-09,-0.29313089999999997
3.041e-09,-0.2902521
3.043e-09,-0.28717360000000003
3.045e-09,-0.28390249999999995
3.047e-09,-0.2804455
3.049e-09,-0.2768098
3.051e-09,-0.27300269999999993
3.053e-09,-0.2690315999999999
3.055e-09,-0.26490389999999997
3.057e-09,-0.2606271
3.059e-09,-0.2562086
3.061e-09,-0.2516558
3.063e-09,-0.24697589999999991
3.065e-09,-0.2421761
3.067e-09,-0.23726350000000007
3.069e-09,-0.23224509999999998
3.071e-09,-0.2271276000000001
3.073e-09,-0.2219179
3.075e-09,-0.2166222
3.077e-09,-0.21124720000000008
3.079e-09,-0.2057989
3.081e-09,-0.2002832
3.083e-09,-0.1947063
3.085e-09,-0.18907359999999995
3.087e-09,-0.18339079999999996
3.089e-09,-0.1776631999999999
3.091e-09,-0.17189579999999993
3.093e-09,-0.16609360000000006
3.095e-09,-0.16026170000000006
3.097e-09,-0.15440450000000006
3.099e-09,-0.14852660000000006
3.101e-09,-0.1426322
3.103e-09,-0.13672550000000006
3.105e-09,-0.1308106
3.107e-09,-0.12489119999999998
3.109e-09,-0.11897100000000005
3.111e-09,-0.11305359999999998
3.113e-09,-0.10714219999999997
3.115e-09,-0.10124030000000006
3.117e-09,-0.09535070000000001
3.119e-09,-0.08947650000000007
3.121e-09,-0.08362049999999999
3.123e-09,-0.07778529999999995
3.125e-09,-0.07197370000000003
3.127e-09,-0.06618769999999996
3.129e-09,-0.060430000000000095
3.131e-09,-0.054702599999999935
3.133e-09,-0.04900749999999998
3.135e-09,-0.043346899999999966
3.137e-09,-0.037722400000000045
3.139e-09,-0.032135899999999995
3.141e-09,-0.026588899999999915
3.143e-09,-0.02108310000000002
3.145e-09,-0.015619799999999961
3.147e-09,-0.010200499999999946
3.149e-09,-0.0048264000000000085
3.151e-09,0.0005013999999999852
3.153e-09,0.005781600000000053
3.155e-09,0.011013399999999951
3.157e-09,0.016195799999999982
3.159e-09,0.021327800000000008
3.161e-09,0.0264087999999999
3.163e-09,0.03143790000000002
3.165e-09,0.036414500000000016
3.167e-09,0.041338100000000044
3.169e-09,0.046208099999999974
3.171e-09,0.05102390000000001
3.173e-09,0.05578530000000004
3.175e-09,0.06049170000000004
3.177e-09,0.06514299999999995
3.179e-09,0.06973870000000004
3.181e-09,0.07427890000000004
3.183e-09,0.07876309999999997
3.185e-09,0.08319140000000003
3.187e-09,0.08756360000000007
3.189e-09,0.09187959999999995
3.191e-09,0.09613950000000004
3.193e-09,0.10034329999999991
3.195e-09,0.104491
3.197e-09,0.10858270000000003
3.1985e-09,0.11161489999999996
3.2e-09,0.11461569999999999
3.2002e-09,0.11501319999999993
3.2006e-09,0.11580690000000005
3.2014e-09,0.11738780000000004
3.203e-09,0.1205231
3.205e-09,0.12439239999999996
3.207e-09,0.1282067
3.209e-09,0.13196610000000009
3.211e-09,0.13567099999999999
3.213e-09,0.13932140000000004
3.215e-09,0.14291809999999994
3.217e-09,0.14646099999999995
3.219e-09,0.1499507
3.221e-09,0.1533874999999999
3.223e-09,0.15677170000000007
3.225e-09,0.16010380000000002
3.227e-09,0.16338410000000003
3.229e-09,0.16661309999999996
3.231e-09,0.16979129999999998
3.233e-09,0.17291899999999993
3.235e-09,0.1759967
3.237e-09,0.17902490000000004
3.239e-09,0.1820041
3.241e-09,0.1849347
3.243e-09,0.18781720000000002
3.245e-09,0.19065220000000005
3.247e-09,0.1934399
3.249e-09,0.19618120000000006
3.251e-09,0.19887639999999995
3.253e-09,0.20152589999999992
3.255e-09,0.2041305
3.257e-09,0.2066905
3.259e-09,0.20920640000000001
3.261e-09,0.2116789
3.263e-09,0.21410839999999998
3.265e-09,0.21649550000000006
3.267e-09,0.2188405
3.269e-09,0.22114429999999996
3.271e-09,0.22340709999999997
3.273e-09,0.22562969999999993
3.275e-09,0.22781229999999997
3.277e-09,0.22995569999999999
3.279e-09,0.2320603
3.281e-09,0.23412659999999996
3.283e-09,0.23615529999999996
3.285e-09,0.23814670000000004
3.287e-09,0.24010140000000002
3.289e-09,0.24201989999999995
3.291e-09,0.24390279999999998
3.293e-09,0.24575049999999998
3.295e-09,0.24756350000000005
3.297e-09,0.24934250000000002
3.299e-09,0.25108759999999997
3.301e-09,0.25279969999999996
3.303e-09,0.25447910000000007
3.305e-09,0.25612630000000003
3.307e-09,0.25774189999999997
3.309e-09,0.2593261
3.311e-09,0.26087969999999994
3.313e-09,0.26240299999999994
3.315e-09,0.2638963999999999
3.317e-09,0.26536059999999995
3.319e-09,0.2667959000000001
3.321e-09,0.2682027
3.323e-09,0.2695816
3.325e-09,0.270933
3.327e-09,0.2722572999999999
3.329e-09,0.273555
3.331e-09,0.2748265000000001
3.333e-09,0.27607209999999993
3.335e-09,0.27729249999999994
3.337e-09,0.27848779999999995
3.339e-09,0.27965870000000004
3.341e-09,0.2808054
3.343e-09,0.28192839999999997
3.345e-09,0.2830281
3.347e-09,0.2841049
3.349e-09,0.2851591
3.351e-09,0.28619130000000004
3.353e-09,0.28720160000000006
3.355e-09,0.2881906000000001
3.357e-09,0.2891585
3.359e-09,0.29010579999999997
3.361e-09,0.2910328000000001
3.363e-09,0.29193979999999997
3.365e-09,0.29282739999999996
3.367e-09,0.29369559999999995
3.369e-09,0.29454499999999995
3.371e-09,0.2953757
3.373e-09,0.29618829999999996
3.375e-09,0.29698290000000005
3.377e-09,0.29776009999999997
3.379e-09,0.29852
3.381e-09,0.29926280000000005
3.383e-09,0.2999891
3.385e-09,0.3006991
3.387e-09,0.301393
3.389e-09,0.3020712000000001
3.391e-09,0.30273399999999995
3.393e-09,0.3033815999999999
3.395e-09,0.30401429999999996
3.397e-09,0.3046325000000001
3.3985e-09,0.30508669999999993
3.4e-09,0.3055329
3.4002e-09,0.30559179999999997
3.4006e-09,0.3057092
3.4014e-09,0.30594239999999995
3.403e-09,0.3064021
3.405e-09,0.3069647
3.407e-09,0.3075139
3.409e-09,0.3080503
3.411e-09,0.3085738
3.413e-09,0.3090849000000001
3.415e-09,0.3095837
3.417e-09,0.3100705
3.419e-09,0.31054539999999997
3.421e-09,0.3110088
3.423e-09,0.31146089999999993
3.425e-09,0.311902
3.427e-09,0.3123321
3.429e-09,0.3127516
3.431e-09,0.3131606
3.433e-09,0.31355939999999993
3.435e-09,0.31394809999999995
3.437e-09,0.3143271000000001
3.439e-09,0.3146964
3.441e-09,0.31505610000000006
3.443e-09,0.31540669999999993
3.445e-09,0.3157483
3.447e-09,0.31608100000000006
3.449e-09,0.31640500000000005
3.451e-09,0.3167204
3.453e-09,0.3170275
3.455e-09,0.3173266
3.457e-09,0.3176175
3.459e-09,0.31790070000000004
3.461e-09,0.3181762
3.463e-09,0.3184443
3.465e-09,0.318705
3.467e-09,0.3189584999999999
3.469e-09,0.3192049
3.471e-09,0.31944459999999997
3.473e-09,0.31967749999999995
3.475e-09,0.31990380000000007
3.477e-09,0.32012360000000006
3.479e-09,0.32033729999999994
3.481e-09,0.32054459999999996
3.483e-09,0.3207460000000001
3.485e-09,0.3209415000000001
3.487e-09,0.32113119999999995
3.489e-09,0.32131529999999997
3.491e-09,0.32149380000000005
3.493e-09,0.3216671
3.495e-09,0.3218350000000001
3.497e-09,0.32199770000000005
3.499e-09,0.3221554
3.501e-09,0.3223083
3.503e-09,0.32245630000000003
3.505e-09,0.3225996
3.507e-09,0.32273830000000003
3.509e-09,0.3228724999999999
3.511e-09,0.3230024
3.513e-09,0.32312799999999997
3.515e-09,0.3232494
3.517e-09,0.32336659999999995
3.519e-09,0.32348
3.521e-09,0.3235894
3.523e-09,0.32369499999999995
3.525e-09,0.32379690000000005
3.527e-09,0.3238953
3.529e-09,0.32399
3.531e-09,0.3240813
3.533e-09,0.32416919999999994
3.535e-09,0.32425399999999993
3.537e-09,0.32433540000000005
3.539e-09,0.3244136999999999
3.541e-09,0.3244889999999999
3.543e-09,0.32456130000000005
3.545e-09,0.32463069999999994
3.547e-09,0.3246973000000001
3.549e-09,0.3247611
3.551e-09,0.32482219999999995
3.553e-09,0.3248808000000001
3.555e-09,0.3249368
3.557e-09,0.3249901999999999
3.559e-09,0.3250413
3.561e-09,0.32509
3.563e-09,0.3251364
3.565e-09,0.3251805
3.567e-09,0.32522249999999997
3.569e-09,0.32526239999999995
3.571e-09,0.3253001
3.573e-09,0.32533600000000007
3.575e-09,0.3253697
3.577e-09,0.3254017
3.579e-09,0.3254317
3.581e-09,0.3254599
3.583e-09,0.3254865
3.585e-09,0.32551130000000006
3.587e-09,0.3255344
3.589e-09,0.32555599999999996
3.591e-09,0.32557590000000003
3.593e-09,0.32559440000000006
3.595e-09,0.32561130000000005
3.597e-09,0.32562689999999994
3.5985e-09,0.3256376000000001
3.6e-09,0.3256475
3.6002e-09,0.3256487
3.6006e-09,0.3256513000000001
3.6014e-09,0.3256561
3.603e-09,0.3256652000000001
3.605e-09,0.32567540000000006
3.607e-09,0.32568430000000004
3.609e-09,0.325692
3.611e-09,0.3256987
3.613e-09,0.32570409999999994
3.615e-09,0.3257084
3.617e-09,0.3257118000000001
3.619e-09,0.32571400000000006
3.621e-09,0.32571530000000004
3.623e-09,0.3257156
3.625e-09,0.325715
3.627e-09,0.32571339999999993
3.629e-09,0.3257110999999999
3.631e-09,0.32570790000000005
3.633e-09,0.3257038
3.635e-09,0.3256989
3.637e-09,0.32569329999999996
3.639e-09,0.3256869
3.641e-09,0.3256799
3.643e-09,0.32567219999999997
3.645e-09,0.3256637
3.647e-09,0.32565469999999996
3.649e-09,0.3256449
3.651e-09,0.32563470000000005
3.653e-09,0.32562389999999997
3.655e-09,0.3256125000000001
3.657e-09,0.3256006
3.659e-09,0.3255882
3.661e-09,0.3255753
3.663e-09,0.3255618
3.665e-09,0.3255481
3.667e-09,0.3255338
3.669e-09,0.32551909999999995
3.671e-09,0.3255039999999999
3.673e-09,0.3254886
3.675e-09,0.32547269999999995
3.677e-09,0.32545650000000004
3.679e-09,0.3254401
3.681e-09,0.3254233000000001
3.683e-09,0.32540610000000003
3.685e-09,0.3253887
3.687e-09,0.32537099999999997
3.689e-09,0.32535309999999995
3.691e-09,0.3253349
3.693e-09,0.3253165
3.695e-09,0.3252978999999999
3.697e-09,0.325279
3.699e-09,0.32526
3.701e-09,0.3252408
3.703e-09,0.3252214
3.705e-09,0.32520189999999993
3.707e-09,0.32518210000000003
3.709e-09,0.3251623
3.711e-09,0.32514240000000005
3.713e-09,0.3251221999999999
3.715e-09,0.325102
3.717e-09,0.32508170000000003
3.719e-09,0.3250613
3.721e-09,0.3250409000000001
3.723e-09,0.32502029999999993
3.725e-09,0.32499959999999994
3.727e-09,0.32497889999999996
3.729e-09,0.3249582000000001
3.731e-09,0.32493740000000004
3.733e-09,0.3249166
3.735e-09,0.3248957
3.737e-09,0.32487489999999997
3.739e-09,0.324854
3.741e-09,0.3248331000000001
3.743e-09,0.3248122
3.745e-09,0.32479140000000006
3.747e-09,0.3247704
3.749e-09,0.32474959999999997
3.751e-09,0.32472880000000004
3.753e-09,0.3247078
3.755e-09,0.3246871
3.757e-09,0.32466629999999996
3.759e-09,0.3246456
3.761e-09,0.3246249
3.763e-09,0.32460429999999996
3.765e-09,0.32458370000000003
3.767e-09,0.32456320000000005
3.769e-09,0.3245428
3.771e-09,0.32452229999999993
3.773e-09,0.32450200000000007
3.775e-09,0.3244817
3.777e-09,0.3244615999999999
3.779e-09,0.3244414
3.781e-09,0.3244214999999999
3.783e-09,0.3244014999999999
3.785e-09,0.32438160000000005
3.787e-09,0.3243619
3.789e-09,0.3243421999999999
3.791e-09,0.3243227000000001
3.793e-09,0.32430310000000007
3.795e-09,0.3242838
3.797e-09,0.32426449999999996
3.7985e-09,0.32425019999999993
3.8e-09,0.3242473
3.8002e-09,0.32424929999999996
3.8006e-09,0.3242549
3.8014e-09,0.3242740999999999
3.803e-09,0.3243294
3.805e-09,0.32439379999999995
3.807e-09,0.32440900000000006
3.809e-09,0.32433369999999995
3.811e-09,0.32413499999999995
3.813e-09,0.3237862
3.815e-09,0.3232664999999999
3.817e-09,0.32255979999999995
3.819e-09,0.32165369999999993
3.821e-09,0.3205393000000001
3.823e-09,0.31921049999999995
3.825e-09,0.3176637
3.827e-09,0.315897
3.829e-09,0.3139105000000001
3.831e-09,0.31170549999999997
3.833e-09,0.3092847999999999
3.835e-09,0.30665200000000004
3.837e-09,0.30381139999999995
3.839e-09,0.30076839999999994
3.841e-09,0.2975283999999999
3.843e-09,0.2940978000000001
3.845e-09,0.29048300000000005
3.847e-09,0.2866908
3.849e-09,0.28272810000000004
3.851e-09,0.2786022
3.853e-09,0.2743202
3.855e-09,0.2698895
3.857e-09,0.26531720000000003
3.859e-09,0.26061080000000003
3.861e-09,0.25577739999999993
3.863e-09,0.25082420000000005
3.865e-09,0.2457581000000001
3.867e-09,0.24058629999999992
3.869e-09,0.2353155
3.871e-09,0.22995239999999995
3.873e-09,0.22450360000000003
3.875e-09,0.2189755
3.877e-09,0.21337450000000002
3.879e-09,0.2077062999999999
3.881e-09,0.20197700000000007
3.883e-09,0.19619260000000005
3.885e-09,0.19035829999999998
3.887e-09,0.18447979999999997
3.889e-09,0.17856210000000006
3.891e-09,0.17261039999999994
3.893e-09,0.16662960000000004
3.895e-09,0.16062429999999994
3.897e-09,0.15459920000000005
3.899e-09,0.14855850000000004
3.901e-09,0.14250659999999993
3.903e-09,0.1364474
3.905e-09,0.13038479999999997
3.907e-09,0.1243226999999999
3.909e-09,0.1182645
3.911e-09,0.11221369999999997
3.913e-09,0.10617360000000009
3.915e-09,0.10014729999999994
3.917e-09,0.09413769999999999
3.919e-09,0.08814790000000006
3.921e-09,0.08218029999999998
3.923e-09,0.07623769999999996
3.925e-09,0.07032260000000001
3.927e-09,0.06443709999999991
3.929e-09,0.05858359999999996
3.931e-09,0.05276419999999993
3.933e-09,0.046980699999999986
3.935e-09,0.041235199999999916
3.937e-09,0.035529299999999986
3.939e-09,0.029864799999999914
3.941e-09,0.02424320000000002
3.943e-09,0.018665799999999955
3.945e-09,0.013134299999999932
3.947e-09,0.007649500000000087
3.949e-09,0.002213099999999968
3.951e-09,-0.0031741000000000685
3.953e-09,-0.008511000000000046
3.955e-09,-0.013796699999999995
3.957e-09,-0.019030400000000003
3.959e-09,-0.024210999999999983
3.961e-09,-0.029338100000000034
3.963e-09,-0.034410799999999964
3.965e-09,-0.03942880000000004
3.967e-09,-0.04439129999999991
3.969e-09,-0.049298000000000064
3.971e-09,-0.054148400000000096
3.973e-09,-0.058942199999999945
3.975e-09,-0.06367889999999998
3.977e-09,-0.0683585000000001
3.979e-09,-0.07298070000000001
3.981e-09,-0.07754530000000004
3.983e-09,-0.08205219999999991
3.985e-09,-0.08650140000000006
3.987e-09,-0.0908928000000001
3.989e-09,-0.09522649999999999
3.991e-09,-0.09950239999999999
3.993e-09,-0.1037205
3.995e-09,-0.10788120000000001
3.997e-09,-0.11198430000000004
3.9985e-09,-0.11502409999999996
4e-09,-0.11803169999999996
4.0002e-09,-0.11843079999999995
4.0006e-09,-0.11922979999999994
4.0014e-09,-0.12083169999999999
4.003e-09,-0.12403599999999992
4.005e-09,-0.12800250000000002
4.007e-09,-0.13187670000000007
4.009e-09,-0.13561309999999993
4.011e-09,-0.13917520000000005
4.013e-09,-0.1425335000000001
4.015e-09,-0.1456653
4.017e-09,-0.14855280000000004
4.019e-09,-0.15118310000000001
4.021e-09,-0.15354649999999992
4.023e-09,-0.15563709999999997
4.025e-09,-0.15745149999999997
4.027e-09,-0.15898820000000002
4.029e-09,-0.16024819999999995
4.031e-09,-0.16123359999999998
4.033e-09,-0.16194799999999998
4.035e-09,-0.16239590000000004
4.037e-09,-0.16258299999999992
4.039e-09,-0.16251529999999992
4.041e-09,-0.1621996
4.043e-09,-0.1616432
4.045e-09,-0.16085340000000004
4.047e-09,-0.1598383
4.049e-09,-0.1586056
4.051e-09,-0.15716360000000007
4.053e-09,-0.1555202
4.055e-09,-0.15368360000000003
4.057e-09,-0.15166200000000007
4.059e-09,-0.14946340000000002
4.061e-09,-0.1470958
4.063e-09,-0.14456690000000005
4.065e-09,-0.14188460000000003
4.067e-09,-0.13905640000000008
4.069e-09,-0.13608980000000004
4.071e-09,-0.13299210000000006
4.073e-09,-0.12977020000000006
4.075e-09,-0.12643130000000002
4.077e-09,-0.12298199999999992
4.079e-09,-0.11942889999999995
4.081e-09,-0.1157783
4.083e-09,-0.11203660000000004
4.085e-09,-0.10820949999999996
4.087e-09,-0.10430309999999998
4.089e-09,-0.10032300000000005
4.091e-09,-0.09627449999999993
4.093e-09,-0.092163
4.095e-09,-0.0879936
4.097e-09,-0.08377109999999999
4.099e-09,-0.07950040000000003
4.101e-09,-0.07518599999999998
4.103e-09,-0.0708323999999999
4.105e-09,-0.0664437
4.107e-09,-0.062024199999999974
4.109e-09,-0.05757760000000001
4.111e-09,-0.053107899999999986
4.113e-09,-0.048618700000000015
4.115e-09,-0.04411330000000002
4.117e-09,-0.03959520000000005
4.119e-09,-0.035067700000000035
4.121e-09,-0.030533699999999997
4.123e-09,-0.025996200000000025
4.125e-09,-0.021457999999999977
4.127e-09,-0.016921999999999993
4.129e-09,-0.012390400000000024
4.131e-09,-0.007865899999999981
4.133e-09,-0.0033508999999999345
4.135e-09,0.0011525000000000007
4.137e-09,0.005642200000000042
4.139e-09,0.010116000000000014
4.141e-09,0.014572100000000088
4.143e-09,0.01900869999999999
4.145e-09,0.023424
4.147e-09,0.027816399999999963
4.149e-09,0.0321844
4.151e-09,0.03652639999999996
4.153e-09,0.040841099999999964
4.155e-09,0.045127099999999976
4.157e-09,0.04938330000000002
4.159e-09,0.05360849999999995
4.161e-09,0.05780160000000001
4.163e-09,0.0619615
4.165e-09,0.06608749999999997
4.167e-09,0.07017850000000003
4.169e-09,0.07423370000000007
4.171e-09,0.0782524
4.173e-09,0.08223380000000002
4.175e-09,0.08617739999999996
4.177e-09,0.09008260000000001
4.179e-09,0.0939487
4.181e-09,0.09777520000000006
4.183e-09,0.10156180000000004
4.185e-09,0.10530800000000007
4.187e-09,0.10901349999999999
4.189e-09,0.1126779
4.191e-09,0.11630099999999999
4.193e-09,0.1198825
4.195e-09,0.12342220000000004
4.197e-09,0.12691999999999992
4.1985e-09,0.1295157
4.2e-09,0.13209920000000008
4.2002e-09,0.132444
4.2006e-09,0.13313439999999999
4.2014e-09,0.13451789999999997
4.203e-09,0.137281
4.205e-09,0.14068959999999997
4.207e-09,0.14400250000000003
4.209e-09,0.147177
4.211e-09,0.15017920000000007
4.213e-09,0.1529817
4.215e-09,0.15556349999999997
4.217e-09,0.15790819999999994
4.219e-09,0.16000389999999998
4.221e-09,0.16184219999999994
4.223e-09,0.16341760000000005
4.225e-09,0.16472739999999997
4.227e-09,0.1657706
4.229e-09,0.16654840000000004
4.231e-09,0.16706310000000002
4.233e-09,0.16731859999999998
4.235e-09,0.16731950000000007
4.237e-09,0.16707139999999998
4.239e-09,0.16658040000000007
4.241e-09,0.16585329999999998
4.243e-09,0.1648972999999999
4.245e-09,0.1637194999999999
4.247e-09,0.16232789999999997
4.249e-09,0.16073019999999993
4.251e-09,0.15893429999999997
4.253e-09,0.15694810000000003
4.255e-09,0.15477949999999996
4.257e-09,0.15243680000000004
4.259e-09,0.14992740000000004
4.261e-09,0.14725940000000004
4.263e-09,0.14444029999999997
4.265e-09,0.14147750000000003
4.267e-09,0.13837880000000002
4.269e-09,0.13515100000000002
4.271e-09,0.13180140000000007
4.273e-09,0.12833680000000003
4.275e-09,0.12476399999999999
4.277e-09,0.12108960000000002
4.279e-09,0.11731979999999997
4.281e-09,0.11346089999999998
4.283e-09,0.10951889999999997
4.285e-09,0.10549950000000008
4.287e-09,0.10140850000000001
4.289e-09,0.09725129999999993
4.291e-09,0.09303310000000009
4.293e-09,0.08875900000000003
4.295e-09,0.08443409999999996
4.297e-09,0.08006290000000005
4.299e-09,0.07565009999999994
4.301e-09,0.07119999999999993
4.303e-09,0.06671690000000008
4.305e-09,0.062204999999999955
4.307e-09,0.0576681
4.309e-09,0.05310999999999999
4.311e-09,0.04853430000000003
4.313e-09,0.0439446
4.315e-09,0.03934409999999999
4.317e-09,0.034736099999999936
4.319e-09,0.03012349999999997
4.321e-09,0.025509499999999963
4.323e-09,0.020896600000000043
4.325e-09,0.01628760000000007
4.327e-09,0.011685200000000062
4.329e-09,0.007091599999999976
4.331e-09,0.0025092999999999366
4.333e-09,-0.0020595999999999393
4.335e-09,-0.006612799999999974
4.337e-09,-0.011148600000000064
4.339e-09,-0.015664800000000034
4.341e-09,-0.02015990000000001
4.343e-09,-0.02463190000000004
4.345e-09,-0.029079399999999977
4.347e-09,-0.03350059999999999
4.349e-09,-0.037894399999999995
4.351e-09,-0.042259099999999994
4.353e-09,-0.04659369999999996
4.355e-09,-0.05089689999999991
4.357e-09,-0.05516739999999998
4.359e-09,-0.05940439999999991
4.361e-09,-0.06360670000000002
4.363e-09,-0.06777359999999999
4.365e-09,-0.07190400000000008
4.367e-09,-0.07599730000000005
4.369e-09,-0.08005260000000003
4.371e-09,-0.08406939999999996
4.373e-09,-0.08804690000000004
4.375e-09,-0.09198470000000003
4.377e-09,-0.09588200000000002
4.379e-09,-0.09973869999999996
4.381e-09,-0.10355409999999998
4.383e-09,-0.10732790000000003
4.385e-09,-0.11105980000000004
4.387e-09,-0.1147494
4.389e-09,-0.11839660000000007
4.391e-09,-0.12200089999999997
4.393e-09,-0.12556250000000002
4.395e-09,-0.12908109999999995
4.397e-09,-0.13255640000000002
4.3985e-09,-0.1351346
4.4e-09,-0.13768839999999993
4.4002e-09,-0.13802759999999992
4.4006e-09,-0.13870710000000008
4.4014e-09,-0.14007170000000002
4.403e-09,-0.14280800000000005
4.405e-09,-0.14620140000000004
4.407e-09,-0.14951570000000003
4.409e-09,-0.1527054
4.411e-09,-0.15573340000000002
4.413e-09,-0.1585704
4.415e-09,-0.16119319999999993
4.417e-09,-0.16358379999999995
4.419e-09,-0.16572900000000002
4.421e-09,-0.16761900000000007
4.423e-09,-0.1692477
4.425e-09,-0.17061099999999996
4.427e-09,-0.17170780000000008
4.429e-09,-0.17253830000000003
4.431e-09,-0.1731045
4.433e-09,-0.1734097
4.435e-09,-0.1734583999999999
4.437e-09,-0.1732557
4.439e-09,-0.17280759999999995
4.441e-09,-0.17212070000000002
4.443e-09,-0.17120200000000008
4.445e-09,-0.1700587
4.447e-09,-0.16869850000000008
4.449e-09,-0.16712910000000003
4.451e-09,-0.16535849999999996
4.453e-09,-0.16339440000000005
4.455e-09,-0.16124499999999997
4.457e-09,-0.1589182
4.459e-09,-0.15642180000000006
4.461e-09,-0.15376370000000006
4.463e-09,-0.15095150000000002
4.465e-09,-0.14799300000000004
4.467e-09,-0.14489530000000006
4.469e-09,-0.14166610000000002
4.471e-09,-0.1383122000000001
4.473e-09,-0.13484079999999998
4.475e-09,-0.1312585999999999
4.477e-09,-0.12757229999999997
4.479e-09,-0.12378820000000001
4.481e-09,-0.11991269999999998
4.483e-09,-0.11595179999999994
4.485e-09,-0.1119114
4.487e-09,-0.10779739999999993
4.489e-09,-0.10361500000000001
4.491e-09,-0.09936980000000006
4.493e-09,-0.09506689999999995
4.495e-09,-0.09071119999999999
4.497e-09,-0.08630769999999999
4.499e-09,-0.08186090000000001
4.501e-09,-0.07737539999999998
4.503e-09,-0.07285540000000001
4.505e-09,-0.06830520000000007
4.507e-09,-0.06372859999999991
4.509e-09,-0.05912970000000006
4.511e-09,-0.054512000000000005
4.513e-09,-0.049879100000000065
4.515e-09,-0.04523430000000006
4.517e-09,-0.04058099999999998
4.519e-09,-0.03592240000000002
4.521e-09,-0.03126130000000005
4.523e-09,-0.026600599999999974
4.525e-09,-0.021943099999999993
4.527e-09,-0.017291399999999957
4.529e-09,-0.012647900000000045
4.531e-09,-0.008015099999999942
4.533e-09,-0.0033951999999999316
4.535e-09,0.0012096000000000329
4.537e-09,0.005797300000000005
4.539e-09,0.010365999999999986
4.541e-09,0.01491370000000003
4.543e-09,0.01943870000000003
4.545e-09,0.023939400000000055
4.547e-09,0.028414300000000003
4.549e-09,0.032861699999999994
4.551e-09,0.03728039999999999
4.553e-09,0.04166900000000007
4.555e-09,0.04602610000000007
4.557e-09,0.050350899999999976
4.559e-09,0.05464200000000008
4.561e-09,0.05889869999999997
4.563e-09,0.06311960000000005
4.565e-09,0.06730419999999993
4.567e-09,0.07145139999999994
4.569e-09,0.07556070000000004
4.571e-09,0.07963130000000007
4.573e-09,0.08366240000000003
4.575e-09,0.0876536
4.577e-09,0.09160420000000002
4.579e-09,0.09551379999999998
4.581e-09,0.09938199999999997
4.583e-09,0.10320839999999998
4.585e-09,0.1069926
4.587e-09,0.1107342
4.589e-09,0.114433
4.591e-09,0.1180888
4.593e-09,0.12170139999999996
4.595e-09,0.1252705999999999
4.597e-09,0.12879629999999997
4.5985e-09,0.13141200000000008
4.6e-09,0.13400310000000004
4.6002e-09,0.13434659999999998
4.6006e-09,0.13503239999999994
4.6014e-09,0.1363991
4.603e-09,0.1391114
4.605e-09,0.14246250000000005
4.607e-09,0.14576980000000006
4.609e-09,0.14903370000000005
4.611e-09,0.15225389999999994
4.613e-09,0.15543070000000003
4.615e-09,0.15856409999999999
4.617e-09,0.16165419999999997
4.619e-09,0.1647014
4.621e-09,0.1677056
4.623e-09,0.17066720000000002
4.625e-09,0.17358620000000002
4.627e-09,0.17646309999999998
4.629e-09,0.1792979
4.631e-09,0.182091
4.633e-09,0.1848424999999999
4.635e-09,0.18755279999999996
4.637e-09,0.1902222
4.639e-09,0.192851
4.641e-09,0.1954395
4.643e-09,0.19798800000000005
4.645e-09,0.20049669999999997
4.647e-09,0.20296630000000004
4.649e-09,0.2053967000000001
4.651e-09,0.20778870000000005
4.653e-09,0.2101423
4.655e-09,0.21245809999999998
4.657e-09,0.2147363
4.659e-09,0.21697729999999993
4.661e-09,0.21918159999999998
4.663e-09,0.2213495000000001
4.665e-09,0.2234815
4.667e-09,0.2255777
4.669e-09,0.22763879999999992
4.671e-09,0.229665
4.673e-09,0.23165690000000005
4.675e-09,0.23361469999999995
4.677e-09,0.2355389
4.679e-09,0.23742980000000002
4.681e-09,0.2392879
4.683e-09,0.2411137
4.685e-09,0.24290749999999994
4.687e-09,0.24466960000000004
4.689e-09,0.24640050000000002
4.691e-09,0.24810069999999995
4.693e-09,0.2497703
4.695e-09,0.25141009999999997
4.697e-09,0.2530201999999999
4.699e-09,0.25460119999999997
4.701e-09,0.2561532000000001
4.703e-09,0.25767700000000004
4.705e-09,0.25917270000000003
4.707e-09,0.26064090000000006
4.709e-09,0.2620817000000001
4.711e-09,0.26349579999999995
4.713e-09,0.26488330000000004
4.715e-09,0.26624480000000006
4.717e-09,0.2675807
4.719e-09,0.2688912000000001
4.721e-09,0.27017670000000005
4.723e-09,0.2714377
4.725e-09,0.27267450000000004
4.727e-09,0.27388749999999995
4.729e-09,0.27507690000000007
4.731e-09,0.2762433000000001
4.733e-09,0.27738699999999994
4.735e-09,0.2785082
4.737e-09,0.27960740000000006
4.739e-09,0.28068479999999996
4.741e-09,0.281741
4.743e-09,0.2827761
4.745e-09,0.28379050000000006
4.747e-09,0.28478459999999994
4.749e-09,0.2857586
4.751e-09,0.286713
4.753e-09,0.28764789999999996
4.755e-09,0.2885639
4.757e-09,0.2894611
4.759e-09,0.2903399000000001
4.761e-09,0.2912004
4.763e-09,0.2920433
4.765e-09,0.29286860000000003
4.767e-09,0.2936767
4.769e-09,0.2944679
4.771e-09,0.2952424
4.773e-09,0.29600059999999995
4.775e-09,0.2967427
4.777e-09,0.297469
4.779e-09,0.2981798
4.781e-09,0.2988754
4.783e-09,0.29955599999999993
4.785e-09,0.3002218000000001
4.787e-09,0.3008733
4.789e-09,0.3015104999999999
4.791e-09,0.30213390000000007
4.793e-09,0.30274350000000005
4.795e-09,0.30333959999999993
4.797e-09,0.30392260000000004
4.7985e-09,0.3043513
4.8e-09,0.3047728999999999
4.8002e-09,0.3048284
4.8006e-09,0.30493939999999997
4.8014e-09,0.3051598
4.803e-09,0.30559460000000005
4.805e-09,0.3061271
4.807e-09,0.30664769999999997
4.809e-09,0.3071564
4.811e-09,0.3076535
4.813e-09,0.30813919999999995
4.815e-09,0.30861379999999994
4.817e-09,0.30907740000000006
4.819e-09,0.30953030000000004
4.821e-09,0.30997259999999993
4.823e-09,0.31040460000000003
4.825e-09,0.31082639999999995
4.827e-09,0.3112383000000001
4.829e-09,0.31164040000000004
4.831e-09,0.312033
4.833e-09,0.31241620000000003
4.835e-09,0.3127902
4.837e-09,0.3131551
4.839e-09,0.31351129999999994
4.841e-09,0.3138588
4.843e-09,0.3141977
4.845e-09,0.3145283000000001
4.847e-09,0.3148508
4.849e-09,0.31516520000000003
4.851e-09,0.3154717
4.853e-09,0.31577070000000007
4.855e-09,0.31606200000000007
4.857e-09,0.31634609999999996
4.859e-09,0.3166228
4.861e-09,0.31689259999999997
4.863e-09,0.31715530000000003
4.865e-09,0.3174112
4.867e-09,0.3176605
4.869e-09,0.3179033
4.871e-09,0.3181396999999999
4.873e-09,0.31836980000000004
4.875e-09,0.3185939
4.877e-09,0.31881190000000004
4.879e-09,0.319024
4.881e-09,0.3192305
4.883e-09,0.3194312
4.885e-09,0.31962650000000004
4.887e-09,0.31981649999999995
4.889e-09,0.32000110000000004
4.891e-09,0.32018060000000004
4.893e-09,0.32035500000000006
4.895e-09,0.32052439999999993
4.897e-09,0.3206892
4.899e-09,0.3208491
4.901e-09,0.32100439999999997
4.903e-09,0.3211552
4.905e-09,0.32130159999999997
4.907e-09,0.3214437
4.909e-09,0.32158149999999996
4.911e-09,0.3217152
4.913e-09,0.3218449
4.915e-09,0.3219706
4.917e-09,0.32209239999999995
4.919e-09,0.32221049999999996
4.921e-09,0.322325
4.923e-09,0.3224357
4.925e-09,0.322543
4.927e-09,0.3226467999999999
4.929e-09,0.32274730000000007
4.931e-09,0.3228445
4.933e-09,0.32293839999999996
4.935e-09,0.3230293000000001
4.937e-09,0.32311709999999993
4.939e-09,0.3232018
4.941e-09,0.32328369999999995
4.943e-09,0.32336279999999995
4.945e-09,0.3234391
4.947e-09,0.32351260000000004
4.949e-09,0.3235835
4.951e-09,0.32365180000000005
4.953e-09,0.32371760000000005
4.955e-09,0.323781
4.957e-09,0.32384179999999996
4.959e-09,0.32390050000000004
4.961e-09,0.3239567
4.963e-09,0.32401079999999993
4.965e-09,0.3240628
4.967e-09,0.3241126
4.969e-09,0.3241602
4.971e-09,0.324206
4.973e-09,0.32424980000000003
4.975e-09,0.3242916
4.977e-09,0.3243315
4.979e-09,0.3243697
4.981e-09,0.3244060999999999
4.983e-09,0.3244408
4.985e-09,0.32447380000000003
4.987e-09,0.32450520000000005
4.989e-09,0.3245349999999999
4.991e-09,0.32456320000000005
4.993e-09,0.32459000000000005
4.995e-09,0.3246152
4.997e-09,0.324639
4.9985e-09,0.32465600000000006
5e-09,0.32467219999999997
5.0002e-09,0.3246751
5.0006e-09,0.3246827
5.0014e-09,0.32470869999999996
5.003e-09,0.3247881
5.005e-09,0.3249001
5.007e-09,0.32497850000000006
5.009e-09,0.32497890000000007
5.011e-09,0.32486570000000003
5.013e-09,0.3246101
5.015e-09,0.32418959999999997
5.017e-09,0.3235861
5.019e-09,0.3227863000000001
5.021e-09,0.3217799
5.023e-09,0.3205601
5.025e-09,0.31912209999999996
5.027e-09,0.3174638999999999
5.029e-09,0.31558450000000005
5.031e-09,0.31348509999999996
5.033e-09,0.311168
5.035e-09,0.3086363
5.037e-09,0.30589429999999995
5.039e-09,0.3029468999999999
5.041e-09,0.29979960000000005
5.043e-09,0.29645850000000007
5.045e-09,0.29292970000000007
5.047e-09,0.28922039999999993
5.049e-09,0.2853371
5.051e-09,0.2812871
5.053e-09,0.2770775
5.055e-09,0.27271579999999995
5.057e-09,0.2682091
5.059e-09,0.2635647
5.061e-09,0.25878980000000007
5.063e-09,0.2538918
5.065e-09,0.24887779999999993
5.067e-09,0.24375460000000004
5.069e-09,0.2385292
5.071e-09,0.23320849999999993
5.073e-09,0.22779890000000003
5.075e-09,0.2223071000000001
5.077e-09,0.21673920000000002
5.079e-09,0.21110150000000005
5.081e-09,0.20539990000000008
5.083e-09,0.1996403
5.085e-09,0.1938284
5.087e-09,0.18796959999999996
5.089e-09,0.18206909999999998
5.091e-09,0.1761322999999999
5.093e-09,0.17016399999999998
5.095e-09,0.16416920000000002
5.097e-09,0.15815210000000002
5.099e-09,0.15211750000000002
5.101e-09,0.14606960000000002
5.103e-09,0.14001260000000004
5.105e-09,0.13395020000000002
5.107e-09,0.12788650000000001
5.109e-09,0.12182510000000002
5.111e-09,0.11576940000000002
5.113e-09,0.10972270000000006
5.115e-09,0.10368840000000001
5.117e-09,0.09766940000000002
5.119e-09,0.09166870000000005
5.121e-09,0.08568890000000007
5.123e-09,0.0797329
5.125e-09,0.07380319999999996
5.127e-09,0.06790189999999996
5.129e-09,0.06203150000000002
5.131e-09,0.05619419999999997
5.133e-09,0.050391900000000045
5.135e-09,0.04462650000000001
5.137e-09,0.03889989999999999
5.139e-09,0.03321390000000002
5.141e-09,0.027569899999999925
5.143e-09,0.021969499999999975
5.145e-09,0.016414099999999987
5.147e-09,0.01090520000000006
5.149e-09,0.005443700000000051
5.151e-09,3.089999999994486e-05
5.153e-09,-0.005332099999999951
5.155e-09,-0.010644399999999998
5.157e-09,-0.015904999999999947
5.159e-09,-0.021113099999999996
5.161e-09,-0.02626800000000007
5.163e-09,-0.03136899999999998
5.165e-09,-0.036415500000000045
5.167e-09,-0.04140670000000002
5.169e-09,-0.046342400000000006
5.171e-09,-0.05122209999999994
5.173e-09,-0.05604539999999991
5.175e-09,-0.06081179999999997
5.177e-09,-0.0655213
5.179e-09,-0.07017339999999994
5.181e-09,-0.0747681
5.183e-09,-0.07930519999999996
5.185e-09,-0.08378459999999999
5.187e-09,-0.08820630000000007
5.189e-09,-0.09257020000000005
5.191e-09,-0.09687640000000008
5.193e-09,-0.10112480000000001
5.195e-09,-0.10531570000000001
5.197e-09,-0.10944920000000002
5.1985e-09,-0.11251149999999999
5.2e-09,-0.11554179999999992
5.2002e-09,-0.11594309999999997
5.2006e-09,-0.11674470000000003
5.2014e-09,-0.11834080000000002
5.203e-09,-0.1215058
5.205e-09,-0.12541119999999994
5.207e-09,-0.1292601
5.209e-09,-0.13305290000000003
5.211e-09,-0.13678979999999996
5.213e-09,-0.14047120000000002
5.215e-09,-0.14409740000000004
5.217e-09,-0.14766869999999999
5.219e-09,-0.15118569999999998
5.221e-09,-0.15464860000000002
5.223e-09,-0.15805770000000008
5.225e-09,-0.1614137
5.227e-09,-0.16471689999999994
5.229e-09,-0.1679678
5.231e-09,-0.17116679999999995
5.233e-09,-0.17431439999999998
5.235e-09,-0.17741099999999999
5.237e-09,-0.1804572000000001
5.239e-09,-0.18345349999999994
5.241e-09,-0.18640020000000002
5.243e-09,-0.1892980999999999
5.245e-09,-0.19214739999999997
5.247e-09,-0.19494889999999998
5.249e-09,-0.19770299999999996
5.251e-09,-0.20041019999999998
5.253e-09,-0.2030712
5.255e-09,-0.2056863
5.257e-09,-0.2082562
5.259e-09,-0.21078129999999995
5.261e-09,-0.21326230000000002
5.263e-09,-0.2156996
5.265e-09,-0.2180938
5.267e-09,-0.22044560000000002
5.269e-09,-0.22275520000000004
5.271e-09,-0.22502339999999998
5.273e-09,-0.22725079999999998
5.275e-09,-0.22943769999999997
5.277e-09,-0.23158480000000004
5.279e-09,-0.23369260000000003
5.281e-09,-0.23576160000000002
5.283e-09,-0.23779250000000007
5.285e-09,-0.23978560000000004
5.287e-09,-0.24174149999999994
5.289e-09,-0.24366089999999996
5.291e-09,-0.24554410000000004
5.293e-09,-0.24739159999999993
5.295e-09,-0.2492042
5.297e-09,-0.25098219999999993
5.299e-09,-0.2527261999999999
5.301e-09,-0.2544366
5.303e-09,-0.25611399999999995
5.305e-09,-0.25775880000000007
5.307e-09,-0.2593715999999999
5.309e-09,-0.26095290000000004
5.311e-09,-0.2625031
5.313e-09,-0.26402269999999994
5.315e-09,-0.26551230000000003
5.317e-09,-0.2669722
5.319e-09,-0.26840300000000006
5.321e-09,-0.2698051
5.323e-09,-0.2711788999999999
5.325e-09,-0.272525
5.327e-09,-0.2738437
5.329e-09,-0.2751357
5.331e-09,-0.2764012
5.333e-09,-0.2776406
5.335e-09,-0.27885459999999995
5.337e-09,-0.2800433000000001
5.339e-09,-0.28120729999999994
5.341e-09,-0.28234709999999996
5.343e-09,-0.28346289999999996
5.345e-09,-0.2845554
5.347e-09,-0.28562469999999995
5.349e-09,-0.28667129999999996
5.351e-09,-0.2876955
5.353e-09,-0.288698
5.355e-09,-0.28967889999999996
5.357e-09,-0.2906386000000001
5.359e-09,-0.29157770000000005
5.361e-09,-0.2924962
5.363e-09,-0.2933947
5.365e-09,-0.29427349999999997
5.367e-09,-0.295133
5.369e-09,-0.2959735
5.371e-09,-0.29679540000000004
5.373e-09,-0.2975989
5.375e-09,-0.29838450000000005
5.377e-09,-0.2991524
5.379e-09,-0.29990300000000003
5.381e-09,-0.30063660000000003
5.383e-09,-0.30135349999999994
5.385e-09,-0.30205399999999993
5.387e-09,-0.30273839999999996
5.389e-09,-0.30340710000000004
5.391e-09,-0.3040602
5.393e-09,-0.3046981999999999
5.395e-09,-0.30532119999999996
5.397e-09,-0.30592969999999997
5.3985e-09,-0.30637670000000006
5.4e-09,-0.3068156000000001
5.4002e-09,-0.3068734000000001
5.4006e-09,-0.30698899999999996
5.4014e-09,-0.30721809999999994
5.403e-09,-0.30767010000000006
5.405e-09,-0.3082228
5.407e-09,-0.3087622
5.409e-09,-0.3092886
5.411e-09,-0.30980240000000003
5.413e-09,-0.3103036
5.415e-09,-0.31079239999999997
5.417e-09,-0.31126940000000003
5.419e-09,-0.31173439999999997
5.421e-09,-0.312188
5.423e-09,-0.31263019999999997
5.425e-09,-0.31306140000000005
5.427e-09,-0.3134817
5.429e-09,-0.3138913
5.431e-09,-0.3142904000000001
5.433e-09,-0.3146793
5.435e-09,-0.3150583
5.437e-09,-0.3154273999999999
5.439e-09,-0.31578699999999993
5.441e-09,-0.316137
5.443e-09,-0.3164779
5.445e-09,-0.31680969999999997
5.447e-09,-0.31713270000000005
5.449e-09,-0.3174471
5.451e-09,-0.3177529
5.453e-09,-0.31805040000000007
5.455e-09,-0.3183399
5.457e-09,-0.3186213
5.459e-09,-0.31889500000000004
5.461e-09,-0.31916120000000003
5.463e-09,-0.31941980000000003
5.465e-09,-0.31967119999999993
5.467e-09,-0.3199153
5.469e-09,-0.3201526
5.471e-09,-0.3203829
5.473e-09,-0.32060659999999996
5.475e-09,-0.32082370000000004
5.477e-09,-0.3210345
5.479e-09,-0.32123899999999994
5.481e-09,-0.3214374
5.483e-09,-0.3216299
5.485e-09,-0.3218164
5.487e-09,-0.32199730000000004
5.489e-09,-0.32217260000000003
5.491e-09,-0.32234240000000003
5.493e-09,-0.3225068
5.495e-09,-0.3226662
5.497e-09,-0.32282029999999995
5.499e-09,-0.3229695
5.501e-09,-0.3231138
5.503e-09,-0.3232534
5.505e-09,-0.3233884
5.507e-09,-0.3235188
5.509e-09,-0.3236447
5.511e-09,-0.3237664
5.513e-09,-0.32388379999999994
5.515e-09,-0.32399710000000004
5.517e-09,-0.3241064
5.519e-09,-0.32421180000000005
5.521e-09,-0.3243132000000001
5.523e-09,-0.32441110000000006
5.525e-09,-0.3245051
5.527e-09,-0.32459570000000004
5.529e-09,-0.32468279999999994
5.531e-09,-0.32476649999999996
5.533e-09,-0.32484689999999994
5.535e-09,-0.32492410000000005
5.537e-09,-0.32499809999999996
5.539e-09,-0.32506899999999994
5.541e-09,-0.325137
5.543e-09,-0.32520210000000005
5.545e-09,-0.3252642
5.547e-09,-0.3253237
5.549e-09,-0.32538049999999996
5.551e-09,-0.3254346
5.553e-09,-0.3254861
5.555e-09,-0.3255352
5.557e-09,-0.3255819
5.559e-09,-0.3256262
5.561e-09,-0.3256681
5.563e-09,-0.3257078
5.565e-09,-0.3257454000000001
5.567e-09,-0.32578090000000004
5.569e-09,-0.32581420000000005
5.571e-09,-0.32584560000000007
5.573e-09,-0.325875
5.575e-09,-0.32590240000000004
5.577e-09,-0.3259282
5.579e-09,-0.325952
5.581e-09,-0.32597410000000004
5.583e-09,-0.32599449999999996
5.585e-09,-0.32601329999999995
5.587e-09,-0.32603060000000006
5.589e-09,-0.3260461
5.591e-09,-0.32606029999999997
5.593e-09,-0.3260729
5.595e-09,-0.32608420000000005
5.597e-09,-0.326094
5.5985e-09,-0.3261005
5.6e-09,-0.32610629999999996
5.6002e-09,-0.3261069999999999
5.6006e-09,-0.3261084000000001
5.6014e-09,-0.32611100000000004
5.603e-09,-0.32611560000000006
5.605e-09,-0.3261204
5.607e-09,-0.32612399999999997
5.609e-09,-0.3261263999999999
5.611e-09,-0.32612759999999996
5.613e-09,-0.3261279
5.615e-09,-0.3261271
5.617e-09,-0.3261252
5.619e-09,-0.32612240000000003
5.621e-09,-0.3261187
5.623e-09,-0.326114
5.625e-09,-0.32610839999999996
5.627e-09,-0.32610209999999995
5.629e-09,-0.32609489999999997
5.631e-09,-0.3260868
5.633e-09,-0.326078
5.635e-09,-0.32606859999999993
5.637e-09,-0.3260582999999999
5.639e-09,-0.3260474
5.641e-09,-0.3260358
5.643e-09,-0.32602359999999997
5.645e-09,-0.3260107
5.647e-09,-0.32599729999999993
5.649e-09,-0.3259833
5.651e-09,-0.32596880000000006
5.653e-09,-0.3259536999999999
5.655e-09,-0.32593819999999996
5.657e-09,-0.3259221
5.659e-09,-0.3259056
5.661e-09,-0.3258886000000001
5.663e-09,-0.3258712
5.665e-09,-0.32585340000000007
5.667e-09,-0.32583530000000005
5.669e-09,-0.32581669999999996
5.671e-09,-0.3257978
5.673e-09,-0.3257785999999999
5.675e-09,-0.32575909999999997
5.677e-09,-0.3257392
5.679e-09,-0.32571910000000004
5.681e-09,-0.32569859999999995
5.683e-09,-0.325678
5.685e-09,-0.325657
5.687e-09,-0.32563580000000003
5.689e-09,-0.3256144999999999
5.691e-09,-0.32559289999999996
5.693e-09,-0.3255711
5.695e-09,-0.3255492
5.697e-09,-0.325527
5.699e-09,-0.3255047
5.701e-09,-0.3254823
5.703e-09,-0.3254598000000001
5.705e-09,-0.32543710000000003
5.707e-09,-0.3254142
5.709e-09,-0.32539129999999994
5.711e-09,-0.32536829999999994
5.713e-09,-0.3253452
5.715e-09,-0.32532210000000006
5.717e-09,-0.32529889999999995
5.719e-09,-0.32527550000000005
5.721e-09,-0.32525229999999994
5.723e-09,-0.32522889999999993
5.725e-09,-0.3252054999999999
5.727e-09,-0.32518210000000003
5.729e-09,-0.3251586000000001
5.731e-09,-0.32513519999999996
5.733e-09,-0.3251117
5.735e-09,-0.32508819999999994
5.737e-09,-0.32506479999999993
5.739e-09,-0.3250413000000001
5.741e-09,-0.32501800000000003
5.743e-09,-0.32499449999999996
5.745e-09,-0.3249712
5.747e-09,-0.3249478
5.749e-09,-0.3249246
5.751e-09,-0.3249014
5.753e-09,-0.3248782
5.755e-09,-0.32485509999999995
5.757e-09,-0.324832
5.759e-09,-0.324809
5.761e-09,-0.3247862
5.763e-09,-0.32476340000000004
5.765e-09,-0.32474060000000005
5.767e-09,-0.3247178999999999
5.769e-09,-0.32469539999999997
5.771e-09,-0.32467290000000004
5.773e-09,-0.32465049999999995
5.775e-09,-0.32462820000000003
5.777e-09,-0.32460599999999995
5.779e-09,-0.3245838999999999
5.781e-09,-0.324562
5.783e-09,-0.3245401
5.785e-09,-0.3245184
5.787e-09,-0.32449669999999997
5.789e-09,-0.3244750999999999
5.791e-09,-0.3244538
5.793e-09,-0.32443239999999995
5.795e-09,-0.32441129999999996
5.797e-09,-0.3243903
5.7985e-09,-0.32437460000000007
5.8e-09,-0.32435899999999995
5.8002e-09,-0.3243577000000001
5.8006e-09,-0.324357
5.8014e-09,-0.3243665
5.803e-09,-0.3244137
5.805e-09,-0.32448659999999996
5.807e-09,-0.3245272
5.809e-09,-0.32449110000000003
5.811e-09,-0.32434260000000004
5.813e-09,-0.32405300000000004
5.815e-09,-0.32359930000000003
5.817e-09,-0.3229638
5.819e-09,-0.322133
5.821e-09,-0.32109660000000007
5.823e-09,-0.3198478
5.825e-09,-0.31838180000000005
5.827e-09,-0.31669629999999993
5.829e-09,-0.31479080000000004
5.831e-09,-0.312666
5.833e-09,-0.3103243
5.835e-09,-0.30776899999999996
5.837e-09,-0.3050043
5.839e-09,-0.3020349
5.841e-09,-0.29886650000000003
5.843e-09,-0.295505
5.845e-09,-0.2919568
5.847e-09,-0.2882287
5.849e-09,-0.28432749999999996
5.851e-09,-0.28026039999999997
5.853e-09,-0.27603449999999996
5.855e-09,-0.2716571
5.857e-09,-0.2671355000000001
5.859e-09,-0.2624769
5.861e-09,-0.25768879999999994
5.863e-09,-0.2527781
5.865e-09,-0.24775200000000008
5.867e-09,-0.24261769999999994
5.869e-09,-0.23738170000000003
5.871e-09,-0.23205110000000007
5.873e-09,-0.22663220000000006
5.875e-09,-0.22113169999999993
5.877e-09,-0.21555590000000002
5.879e-09,-0.2099109
5.881e-09,-0.20420249999999995
5.883e-09,-0.19843679999999997
5.885e-09,-0.19261930000000005
5.887e-09,-0.18675549999999996
5.889e-09,-0.18085070000000003
5.891e-09,-0.17490989999999995
5.893e-09,-0.16893829999999999
5.895e-09,-0.16294049999999993
5.897e-09,-0.15692099999999998
5.899e-09,-0.15088449999999998
5.901e-09,-0.1448353
5.903e-09,-0.13877720000000004
5.905e-09,-0.13271449999999996
5.907e-09,-0.1266507
5.909e-09,-0.12058950000000002
5.911e-09,-0.11453460000000004
5.913e-09,-0.1084891
5.915e-09,-0.10245630000000006
5.917e-09,-0.0964391
5.919e-09,-0.09044059999999998
5.921e-09,-0.08446350000000002
5.923e-09,-0.07851039999999998
5.925e-09,-0.07258370000000003
5.927e-09,-0.06668600000000002
5.929e-09,-0.06081939999999997
5.931e-09,-0.05498610000000004
5.933e-09,-0.049188200000000015
5.935e-09,-0.043427400000000005
5.937e-09,-0.037705700000000064
5.939e-09,-0.03202470000000002
5.941e-09,-0.02638600000000002
5.943e-09,-0.02079109999999995
5.945e-09,-0.01524139999999996
5.947e-09,-0.009738400000000036
5.949e-09,-0.004282899999999978
5.951e-09,0.0011236000000000024
5.953e-09,0.006480099999999989
5.955e-09,0.011785799999999957
5.957e-09,0.017039600000000044
5.959e-09,0.022240900000000008
5.961e-09,0.027388700000000044
5.963e-09,0.03248260000000003
5.965e-09,0.03752169999999999
5.967e-09,0.04250570000000009
5.969e-09,0.047433999999999976
5.971e-09,0.05230610000000002
5.973e-09,0.057121599999999995
5.975e-09,0.06188039999999995
5.977e-09,0.06658200000000003
5.979e-09,0.07122620000000002
5.981e-09,0.07581300000000002
5.983e-09,0.08034209999999997
5.985e-09,0.08481339999999993
5.987e-09,0.08922699999999995
5.989e-09,0.09358279999999997
5.991e-09,0.09788069999999993
5.993e-09,0.10212100000000002
5.995e-09,0.10630359999999994
5.997e-09,0.11042870000000005
5.9985e-09,0.1134849
6e-09,0.11650899999999997
6.0002e-09,0.11690939999999994
6.0006e-09,0.11770919999999996
6.0014e-09,0.11930209999999997
6.003e-09,0.12246040000000002
6.005e-09,0.1263575
6.007e-09,0.13019800000000004
6.009e-09,0.13398240000000006
6.011e-09,0.13771100000000003
6.013e-09,0.1413838999999999
6.015e-09,0.14500179999999996
6.017e-09,0.1485649
6.019e-09,0.15207340000000003
6.021e-09,0.155528
6.023e-09,0.15892889999999993
6.025e-09,0.16227670000000005
6.027e-09,0.1655717
6.029e-09,0.16881430000000008
6.031e-09,0.17200499999999996
6.033e-09,0.1751444000000001
6.035e-09,0.17823299999999997
6.037e-09,0.18127099999999996
6.039e-09,0.18425919999999996
6.041e-09,0.18719780000000008
6.043e-09,0.19008769999999997
6.045e-09,0.19292909999999996
6.047e-09,0.19572269999999992
6.049e-09,0.19846890000000006
6.051e-09,0.20116829999999997
6.053e-09,0.20382140000000004
6.055e-09,0.2064286999999999
6.057e-09,0.20899089999999998
6.059e-09,0.21150839999999993
6.061e-09,0.21398170000000005
6.063e-09,0.21641140000000003
6.065e-09,0.21879819999999994
6.067e-09,0.2211423
6.069e-09,0.22344470000000005
6.071e-09,0.2257055
6.073e-09,0.22792540000000006
6.075e-09,0.2301052
6.077e-09,0.23224499999999992
6.079e-09,0.2343457
6.081e-09,0.23640759999999994
6.083e-09,0.2384313
6.085e-09,0.2404174
6.087e-09,0.2423664000000001
6.089e-09,0.24427880000000002
6.091e-09,0.24615520000000002
6.093e-09,0.24799610000000005
6.095e-09,0.24980179999999996
6.097e-09,0.2515731
6.099e-09,0.25331040000000005
6.101e-09,0.2550143
6.103e-09,0.25668520000000006
6.105e-09,0.25832350000000004
6.107e-09,0.25992990000000005
6.109e-09,0.26150489999999993
6.111e-09,0.2630487
6.113e-09,0.2645621
6.115e-09,0.26604549999999993
6.117e-09,0.2674993
6.119e-09,0.26892400000000005
6.121e-09,0.27032
6.123e-09,0.2716879
6.125e-09,0.2730281
6.127e-09,0.2743411
6.129e-09,0.2756270999999999
6.131e-09,0.27688689999999994
6.133e-09,0.27812060000000005
6.135e-09,0.2793289
6.137e-09,0.28051209999999993
6.139e-09,0.2816706000000001
6.141e-09,0.2828049
6.143e-09,0.28391540000000004
6.145e-09,0.2850024
6.147e-09,0.2860663
6.149e-09,0.2871077000000001
6.151e-09,0.2881268
6.153e-09,0.2891241
6.155e-09,0.2900998
6.157e-09,0.29105459999999994
6.159e-09,0.2919885
6.161e-09,0.29290209999999994
6.163e-09,0.2937957
6.165e-09,0.2946696
6.167e-09,0.2955244
6.169e-09,0.2963601
6.171e-09,0.2971773000000001
6.173e-09,0.2979762
6.175e-09,0.2987571
6.177e-09,0.29952049999999997
6.179e-09,0.3002665
6.181e-09,0.30099560000000003
6.183e-09,0.30170810000000003
6.185e-09,0.30240429999999996
6.187e-09,0.3030843
6.189e-09,0.3037487
6.191e-09,0.3043977
6.193e-09,0.30503139999999995
6.195e-09,0.3056504000000001
6.197e-09,0.3062547
6.1985e-09,0.3066987
6.2e-09,0.30713460000000004
6.2002e-09,0.30719280000000004
6.2006e-09,0.30731090000000005
6.2014e-09,0.3075563
6.203e-09,0.3080687
6.205e-09,0.30871080000000006
6.207e-09,0.3093072
6.209e-09,0.3098136
6.211e-09,0.3101946
6.213e-09,0.31042159999999996
6.215e-09,0.3104722
6.217e-09,0.3103289
6.219e-09,0.309978
6.221e-09,0.3094102000000001
6.223e-09,0.3086185
6.225e-09,0.30759859999999994
6.227e-09,0.3063483
6.229e-09,0.30486750000000007
6.231e-09,0.3031571999999999
6.233e-09,0.30122000000000004
6.235e-09,0.29905930000000003
6.237e-09,0.2966797000000001
6.239e-09,0.2940861
6.241e-09,0.2912844
6.243e-09,0.28828069999999995
6.245e-09,0.28508160000000005
6.247e-09,0.281694
6.249e-09,0.27812500000000007
6.251e-09,0.27438190000000007
6.253e-09,0.2704719
6.255e-09,0.2664027
6.257e-09,0.2621813999999999
6.259e-09,0.25781560000000003
6.261e-09,0.2533128
6.263e-09,0.24868020000000002
6.265e-09,0.24392500000000006
6.267e-09,0.23905429999999994
6.269e-09,0.2340753000000001
6.271e-09,0.2289947
6.273e-09,0.22381929999999994
6.275e-09,0.2185555
6.277e-09,0.21321
6.279e-09,0.20778889999999994
6.281e-09,0.2022984
6.283e-09,0.19674420000000004
6.285e-09,0.19113239999999998
6.287e-09,0.18546820000000008
6.289e-09,0.17975719999999995
6.291e-09,0.1740047
6.293e-09,0.16821550000000007
6.295e-09,0.1623947
6.297e-09,0.156547
6.299e-09,0.1506769
6.301e-09,0.1447887
6.303e-09,0.13888669999999992
6.305e-09,0.13297499999999995
6.307e-09,0.1270574
6.309e-09,0.12113760000000007
6.311e-09,0.11521930000000002
6.313e-09,0.10930570000000006
6.315e-09,0.10340039999999995
6.317e-09,0.0975064
6.319e-09,0.09162670000000006
6.321e-09,0.08576410000000001
6.323e-09,0.07992129999999997
6.325e-09,0.07410110000000003
6.327e-09,0.06830580000000008
6.329e-09,0.06253779999999998
6.331e-09,0.056799400000000055
6.333e-09,0.051092499999999985
6.335e-09,0.04541930000000005
6.337e-09,0.039781500000000025
6.339e-09,0.034181100000000075
6.341e-09,0.02861960000000008
6.343e-09,0.023098799999999975
6.345e-09,0.01762000000000008
6.347e-09,0.012184500000000043
6.349e-09,0.006793900000000019
6.351e-09,0.0014489999999999226
6.353e-09,-0.00384859999999998
6.355e-09,-0.009098099999999998
6.357e-09,-0.01429859999999994
6.359e-09,-0.019449099999999997
6.361e-09,-0.024548800000000037
6.363e-09,-0.029596900000000037
6.365e-09,-0.03459279999999998
6.367e-09,-0.03953580000000001
6.369e-09,-0.04442539999999995
6.371e-09,-0.04926109999999995
6.373e-09,-0.05404249999999999
6.375e-09,-0.05876910000000002
6.377e-09,-0.0634404999999999
6.379e-09,-0.06805669999999997
6.381e-09,-0.0726173
6.383e-09,-0.07712199999999991
6.385e-09,-0.08157080000000005
6.387e-09,-0.08596349999999997
6.389e-09,-0.0903001
6.391e-09,-0.09458060000000001
6.393e-09,-0.09880499999999992
6.395e-09,-0.10297330000000005
6.397e-09,-0.1070856
6.3985e-09,-0.11013309999999998
6.4e-09,-0.11316080000000006
6.4002e-09,-0.1135642
6.4006e-09,-0.11437150000000007
6.4014e-09,-0.11598720000000007
6.403e-09,-0.11920819999999999
6.405e-09,-0.12317739999999999
6.407e-09,-0.12703790000000004
6.409e-09,-0.1307473
6.411e-09,-0.13427159999999994
6.413e-09,-0.13758400000000004
6.415e-09,-0.14066350000000005
6.417e-09,-0.143494
6.419e-09,-0.14606379999999997
6.421e-09,-0.14836479999999996
6.423e-09,-0.15039190000000002
6.425e-09,-0.1521424
6.427e-09,-0.15361579999999997
6.429e-09,-0.15481330000000004
6.431e-09,-0.15573760000000003
6.433e-09,-0.15639290000000006
6.435e-09,-0.15678389999999998
6.437e-09,-0.15691650000000001
6.439e-09,-0.15679700000000008
6.441e-09,-0.15643249999999997
6.443e-09,-0.15583009999999997
6.445e-09,-0.15499759999999996
6.447e-09,-0.1539427
6.449e-09,-0.15267350000000002
6.451e-09,-0.15119819999999995
6.453e-09,-0.14952490000000007
6.455e-09,-0.14766140000000005
6.457e-09,-0.14561619999999997
6.459e-09,-0.14339709999999994
6.461e-09,-0.14101210000000008
6.463e-09,-0.1384689
6.465e-09,-0.13577530000000004
6.467e-09,-0.13293880000000002
6.469e-09,-0.1299667000000001
6.471e-09,-0.1268663
6.473e-09,-0.12364449999999994
6.475e-09,-0.12030830000000003
6.477e-09,-0.11686419999999997
6.479e-09,-0.1133189
6.481e-09,-0.10967859999999996
6.483e-09,-0.10594919999999997
6.485e-09,-0.10213700000000003
6.487e-09,-0.09824750000000004
6.489e-09,-0.09428639999999999
6.491e-09,-0.09025879999999997
6.493e-09,-0.08617030000000003
6.495e-09,-0.08202559999999992
6.497e-09,-0.07782979999999995
6.499e-09,-0.07358730000000002
6.501e-09,-0.0693028
6.503e-09,-0.06498060000000005
6.505e-09,-0.060624800000000034
6.507e-09,-0.056239600000000056
6.509e-09,-0.05182869999999995
6.511e-09,-0.047395900000000046
6.513e-09,-0.0429446
6.515e-09,-0.03847849999999997
6.517e-09,-0.034000699999999995
6.519e-09,-0.02951440000000005
6.521e-09,-0.025022600000000006
6.523e-09,-0.020528199999999996
6.525e-09,-0.016033999999999993
6.527e-09,-0.011542599999999958
6.529e-09,-0.007056500000000021
6.531e-09,-0.0025780999999999166
6.533e-09,0.001890200000000064
6.535e-09,0.006346399999999974
6.537e-09,0.010788200000000026
6.539e-09,0.015213800000000055
6.541e-09,0.019621299999999953
6.543e-09,0.02400879999999994
6.545e-09,0.028374700000000086
6.547e-09,0.03271740000000001
6.549e-09,0.03703539999999994
6.551e-09,0.04132709999999995
6.553e-09,0.04559139999999995
6.555e-09,0.04982690000000001
6.557e-09,0.05403240000000009
6.559e-09,0.05820689999999995
6.561e-09,0.062349199999999994
6.563e-09,0.06645829999999997
6.565e-09,0.07053339999999997
6.567e-09,0.07457349999999996
6.569e-09,0.07857789999999998
6.571e-09,0.0825458
6.573e-09,0.08647670000000007
6.575e-09,0.09036980000000006
6.577e-09,0.09422450000000004
6.579e-09,0.09804040000000003
6.581e-09,0.1018169000000001
6.583e-09,0.10555370000000008
6.585e-09,0.10925019999999996
6.587e-09,0.11290630000000001
6.589e-09,0.11652170000000006
6.591e-09,0.12009590000000003
6.593e-09,0.12362879999999998
6.595e-09,0.12712010000000007
6.597e-09,0.13056999999999996
6.5985e-09,0.13312979999999996
6.6e-09,0.13566619999999996
6.6002e-09,0.13600230000000002
6.6006e-09,0.13667390000000001
6.6014e-09,0.13801189999999997
6.603e-09,0.1406678
6.605e-09,0.1439499999999999
6.607e-09,0.14719020000000005
6.609e-09,0.15038839999999998
6.611e-09,0.15354469999999998
6.613e-09,0.15665910000000005
6.615e-09,0.15973170000000003
6.617e-09,0.16276269999999993
6.619e-09,0.16575210000000007
6.621e-09,0.16869999999999996
6.623e-09,0.17160679999999995
6.625e-09,0.17447259999999998
6.627e-09,0.17729739999999994
6.629e-09,0.1800815
6.631e-09,0.18282529999999997
6.633e-09,0.1855289
6.635e-09,0.18819249999999998
6.637e-09,0.19081649999999994
6.639e-09,0.1934011
6.641e-09,0.19594660000000008
6.643e-09,0.1984532
6.645e-09,0.20092140000000003
6.647e-09,0.20335150000000002
6.649e-09,0.20574359999999992
6.651e-09,0.2080982
6.653e-09,0.21041560000000004
6.655e-09,0.21269609999999994
6.657e-09,0.21494019999999991
6.659e-09,0.21714810000000007
6.661e-09,0.21932010000000002
6.663e-09,0.2214568
6.665e-09,0.22355840000000005
6.667e-09,0.22562530000000003
6.669e-09,0.22765780000000002
6.671e-09,0.22965650000000004
6.673e-09,0.23162159999999998
6.675e-09,0.23355350000000008
6.677e-09,0.2354526
6.679e-09,0.23731919999999995
6.681e-09,0.23915379999999997
6.683e-09,0.24095679999999997
6.685e-09,0.2427285
6.687e-09,0.2444693
6.689e-09,0.2461797
6.691e-09,0.2478598999999999
6.693e-09,0.24951050000000008
6.695e-09,0.25113169999999996
6.697e-09,0.25272399999999995
6.699e-09,0.25428760000000006
6.701e-09,0.25582309999999997
6.703e-09,0.25733079999999997
6.705e-09,0.25881109999999996
6.707e-09,0.2602643
6.709e-09,0.26169090000000006
6.711e-09,0.2630911
6.713e-09,0.2644655
6.715e-09,0.26581429999999995
6.717e-09,0.26713790000000004
6.719e-09,0.2684367
6.721e-09,0.2697111
6.723e-09,0.2709613999999999
6.725e-09,0.27218790000000004
6.727e-09,0.27339100000000005
6.729e-09,0.274571
6.731e-09,0.27572850000000004
6.733e-09,0.2768636
6.735e-09,0.2779766
6.737e-09,0.27906809999999993
6.739e-09,0.2801382
6.741e-09,0.28118730000000003
6.743e-09,0.2822158
6.745e-09,0.2832239
6.747e-09,0.2842121000000001
6.749e-09,0.28518049999999995
6.751e-09,0.28612950000000004
6.753e-09,0.2870596000000001
6.755e-09,0.28797090000000003
6.757e-09,0.28886370000000006
6.759e-09,0.28973840000000006
6.761e-09,0.2905953
6.763e-09,0.29143469999999994
6.765e-09,0.2922568
6.767e-09,0.2930619000000001
6.769e-09,0.2938503
6.771e-09,0.29462239999999995
6.773e-09,0.29537839999999993
6.775e-09,0.2961186
6.777e-09,0.2968430999999999
6.779e-09,0.29755239999999994
6.781e-09,0.2982467000000001
6.783e-09,0.2989261
6.785e-09,0.2995911
6.787e-09,0.3002418
6.789e-09,0.3008786
6.791e-09,0.3015015
6.793e-09,0.30211089999999996
6.795e-09,0.30270720000000007
6.797e-09,0.3032902999999999
6.7985e-09,0.3037192999999999
6.8e-09,0.30414109999999994
6.8002e-09,0.3041967
6.8006e-09,0.3043078
6.8014e-09,0.30452840000000003
6.803e-09,0.30496389999999995
6.805e-09,0.3054972
6.807e-09,0.3060185999999999
6.809e-09,0.3065283999999999
6.811e-09,0.3070267
6.813e-09,0.30751379999999995
6.815e-09,0.3079898000000001
6.817e-09,0.3084551
6.819e-09,0.3089095999999999
6.821e-09,0.30935370000000006
6.823e-09,0.3097877
6.825e-09,0.3102115
6.827e-09,0.3106255
6.829e-09,0.31102989999999997
6.831e-09,0.3114247
6.833e-09,0.3118103
6.835e-09,0.31218690000000004
6.837e-09,0.3125544
6.839e-09,0.3129132
6.841e-09,0.3132633
6.843e-09,0.31360509999999997
6.845e-09,0.31393860000000007
6.847e-09,0.31426390000000004
6.849e-09,0.31458130000000006
6.851e-09,0.31489100000000003
6.853e-09,0.3151931
6.855e-09,0.3154876
6.857e-09,0.3157748
6.859e-09,0.3160549
6.861e-09,0.3163279
6.863e-09,0.31659400000000004
6.865e-09,0.3168533
6.867e-09,0.31710609999999995
6.869e-09,0.3173524
6.871e-09,0.31759229999999994
6.873e-09,0.31782599999999994
6.875e-09,0.31805360000000005
6.877e-09,0.31827530000000004
6.879e-09,0.31849099999999997
6.881e-09,0.3187012
6.883e-09,0.31890570000000007
6.885e-09,0.31910479999999997
6.887e-09,0.3192984
6.889e-09,0.3194869
6.891e-09,0.31967009999999996
6.893e-09,0.3198483
6.895e-09,0.32002169999999996
6.897e-09,0.3201902
6.899e-09,0.320354
6.901e-09,0.3205131
6.903e-09,0.32066780000000006
6.905e-09,0.3208181
6.907e-09,0.3209641000000001
6.909e-09,0.3211058
6.911e-09,0.32124339999999996
6.913e-09,0.321377
6.915e-09,0.3215066000000001
6.917e-09,0.32163240000000004
6.919e-09,0.32175429999999994
6.921e-09,0.3218727
6.923e-09,0.3219873
6.925e-09,0.32209849999999995
6.927e-09,0.32220630000000006
6.929e-09,0.3223105999999999
6.931e-09,0.32241169999999997
6.933e-09,0.3225095
6.935e-09,0.3226042
6.937e-09,0.3226958
6.939e-09,0.32278450000000003
6.941e-09,0.3228702
6.943e-09,0.3229531
6.945e-09,0.3230332
6.947e-09,0.3231105000000001
6.949e-09,0.3231853
6.951e-09,0.32325729999999997
6.953e-09,0.3233267999999999
6.955e-09,0.32339400000000007
6.957e-09,0.32345859999999993
6.959e-09,0.3235209
6.961e-09,0.323581
6.963e-09,0.32363869999999995
6.965e-09,0.3236943
6.967e-09,0.32374780000000003
6.969e-09,0.3237991
6.971e-09,0.32384840000000004
6.973e-09,0.32389580000000007
6.975e-09,0.32394120000000004
6.977e-09,0.3239847
6.979e-09,0.32402640000000005
6.981e-09,0.3240664
6.983e-09,0.3241045
6.985e-09,0.32414110000000007
6.987e-09,0.3241758
6.989e-09,0.32420910000000003
6.991e-09,0.3242408
6.993e-09,0.3242708999999999
6.995e-09,0.32429949999999996
6.997e-09,0.32432669999999997
6.9985e-09,0.3243461000000001
7e-09,0.32436490000000007
7.0002e-09,0.32436810000000005
7.0006e-09,0.32437629999999995
7.0014e-09,0.3244036
7.003e-09,0.3244857
7.005e-09,0.32460089999999997
7.007e-09,0.3246825
7.009e-09,0.32468600000000003
7.011e-09,0.3245760999999999
7.013e-09,0.32432360000000005
7.015e-09,0.3239061
7.017e-09,0.32330559999999997
7.019e-09,0.32250880000000004
7.021e-09,0.3215053
7.023e-09,0.3202881999999999
7.025e-09,0.31885319999999995
7.027e-09,0.3171977
7.029e-09,0.31532099999999996
7.031e-09,0.31322440000000007
7.033e-09,0.3109098
7.035e-09,0.3083808
7.037e-09,0.3056413
7.039e-09,0.3026964999999999
7.041e-09,0.2995517
7.043e-09,0.29621300000000006
7.045e-09,0.2926868
7.047e-09,0.28897989999999996
7.049e-09,0.28509910000000005
7.051e-09,0.2810515
7.053e-09,0.2768444
7.055e-09,0.272485
7.057e-09,0.2679806
7.059e-09,0.2633386
7.061e-09,0.25856619999999997
7.063e-09,0.2536704000000001
7.065e-09,0.2486587
7.067e-09,0.24353780000000003
7.069e-09,0.23831480000000005
7.071e-09,0.23299629999999993
7.073e-09,0.2275891000000001
7.075e-09,0.2220995
7.077e-09,0.2165338
7.079e-09,0.21089829999999998
7.081e-09,0.2051989999999999
7.083e-09,0.19944170000000006
7.085e-09,0.19363200000000003
7.087e-09,0.18777539999999993
7.089e-09,0.18187720000000007
7.091e-09,0.17594259999999995
7.093e-09,0.16997649999999997
7.095e-09,0.16398369999999995
7.097e-09,0.15796889999999997
7.099e-09,0.15193649999999992
7.101e-09,0.14589070000000004
7.103e-09,0.1398357
7.105e-09,0.1337756
7.107e-09,0.12771410000000005
7.109e-09,0.1216547
7.111e-09,0.11560110000000001
7.113e-09,0.10955650000000006
7.115e-09,0.10352419999999996
7.117e-09,0.09750730000000007
7.119e-09,0.09150849999999999
7.121e-09,0.08553090000000008
7.123e-09,0.0795768
7.125e-09,0.07364900000000008
7.127e-09,0.06774980000000008
7.129e-09,0.06188130000000003
7.131e-09,0.05604589999999998
7.133e-09,0.050245500000000054
7.135e-09,0.04448209999999997
7.137e-09,0.0387575
7.139e-09,0.033073199999999914
7.141e-09,0.02743110000000004
7.143e-09,0.02183260000000009
7.145e-09,0.016278999999999932
7.147e-09,0.010771799999999998
7.149e-09,0.005312099999999931
7.151e-09,-9.889999999990184e-05
7.153e-09,-0.005460200000000026
7.155e-09,-0.010770599999999964
7.157e-09,-0.016029600000000088
7.159e-09,-0.02123599999999992
7.161e-09,-0.0263892
7.163e-09,-0.03148849999999992
7.165e-09,-0.03653329999999999
7.167e-09,-0.041523099999999924
7.169e-09,-0.04645710000000003
7.171e-09,-0.051335200000000025
7.173e-09,-0.05615680000000001
7.175e-09,-0.060921800000000026
7.177e-09,-0.06562970000000001
7.179e-09,-0.07028040000000002
7.181e-09,-0.07487350000000004
7.183e-09,-0.07940910000000001
7.185e-09,-0.08388709999999999
7.187e-09,-0.08830729999999998
7.189e-09,-0.09266980000000002
7.191e-09,-0.09697460000000002
7.193e-09,-0.10122169999999997
7.195e-09,-0.10541120000000004
7.197e-09,-0.10954330000000001
7.1985e-09,-0.1126047
7.2e-09,-0.11563400000000001
7.2002e-09,-0.11603590000000008
7.2006e-09,-0.11684059999999996
7.2014e-09,-0.11845399999999995
7.203e-09,-0.1216813000000001
7.205e-09,-0.12567649999999997
7.207e-09,-0.1295792
7.209e-09,-0.13334390000000007
7.211e-09,-0.1369342
7.213e-09,-0.14032049999999996
7.215e-09,-0.14348000000000005
7.217e-09,-0.14639500000000005
7.219e-09,-0.14905239999999997
7.221e-09,-0.1514428
7.223e-09,-0.15356020000000004
7.225e-09,-0.15540090000000006
7.227e-09,-0.15696390000000005
7.229e-09,-0.1582498
7.231e-09,-0.1592608000000001
7.233e-09,-0.16000059999999994
7.235e-09,-0.16047370000000005
7.237e-09,-0.16068550000000004
7.239e-09,-0.1606424999999999
7.241e-09,-0.16035119999999992
7.243e-09,-0.15981889999999999
7.245e-09,-0.15905310000000006
7.247e-09,-0.15806169999999997
7.249e-09,-0.15685249999999995
7.251e-09,-0.1554337
7.253e-09,-0.15381329999999993
7.255e-09,-0.1519996
7.257e-09,-0.1500007
7.259e-09,-0.14782450000000003
7.261e-09,-0.14547900000000002
7.263e-09,-0.14297230000000005
7.265e-09,-0.1403118
7.267e-09,-0.13750529999999994
7.269e-09,-0.13456020000000002
7.271e-09,-0.13148369999999998
7.273e-09,-0.12828299999999992
7.275e-09,-0.12496499999999999
7.277e-09,-0.12153650000000005
7.279e-09,-0.11800379999999999
7.281e-09,-0.11437370000000002
7.283e-09,-0.11065210000000003
7.285e-09,-0.10684499999999997
7.287e-09,-0.10295849999999995
7.289e-09,-0.09899789999999997
7.291e-09,-0.09496889999999991
7.293e-09,-0.09087670000000003
7.295e-09,-0.08672630000000003
7.297e-09,-0.08252269999999995
7.299e-09,-0.07827079999999997
7.301e-09,-0.0739749999999999
7.303e-09,-0.06963969999999997
7.305e-09,-0.06526920000000003
7.307e-09,-0.06086749999999996
7.309e-09,-0.05643890000000007
7.311e-09,-0.05198669999999994
7.313e-09,-0.04751479999999997
7.315e-09,-0.04302669999999997
7.317e-09,-0.038525699999999996
7.319e-09,-0.03401490000000007
7.321e-09,-0.029497600000000013
7.323e-09,-0.02497640000000001
7.325e-09,-0.02045459999999999
7.327e-09,-0.015934499999999963
7.329e-09,-0.01141890000000001
7.331e-09,-0.0069101999999999775
7.333e-09,-0.0024106000000000405
7.335e-09,0.0020776000000000128
7.337e-09,0.006552100000000061
7.339e-09,0.01101109999999994
7.341e-09,0.015452500000000091
7.343e-09,0.019874500000000017
7.345e-09,0.024275500000000005
7.347e-09,0.028653700000000004
7.349e-09,0.03300769999999997
7.351e-09,0.037336000000000036
7.353e-09,0.04163709999999998
7.355e-09,0.04590969999999994
7.357e-09,0.05015270000000005
7.359e-09,0.05436479999999999
7.361e-09,0.05854499999999996
7.363e-09,0.06269239999999998
7.365e-09,0.06680580000000003
7.367e-09,0.07088450000000002
7.369e-09,0.07492750000000004
7.371e-09,0.07893430000000001
7.373e-09,0.08290399999999998
7.375e-09,0.08683600000000002
7.377e-09,0.09072969999999991
7.379e-09,0.09458449999999996
7.381e-09,0.09840000000000004
7.383e-09,0.10217569999999998
7.385e-09,0.10591110000000004
7.387e-09,0.10960600000000009
7.389e-09,0.11326000000000003
7.391e-09,0.1168728
7.393e-09,0.1204442
7.395e-09,0.12397400000000003
7.397e-09,0.12746200000000008
7.3985e-09,0.13005049999999996
7.4e-09,0.1326153
7.4002e-09,0.13295599999999996
7.4006e-09,0.13363860000000005
7.4014e-09,0.1350095
7.403e-09,0.13775890000000002
7.405e-09,0.14116970000000006
7.407e-09,0.14450249999999998
7.409e-09,0.1477113000000001
7.411e-09,0.1507594
7.413e-09,0.153617
7.415e-09,0.1562610000000001
7.417e-09,0.15867359999999997
7.419e-09,0.16084109999999996
7.421e-09,0.16275399999999995
7.423e-09,0.16440579999999994
7.425e-09,0.16579270000000002
7.427e-09,0.1669134
7.429e-09,0.1677681000000001
7.431e-09,0.16835899999999993
7.433e-09,0.16868919999999998
7.435e-09,0.16876329999999995
7.437e-09,0.16858620000000002
7.439e-09,0.1681642000000001
7.441e-09,0.16750359999999997
7.443e-09,0.1666114999999999
7.445e-09,0.16549519999999995
7.447e-09,0.16416229999999998
7.449e-09,0.16262049999999995
7.451e-09,0.16087779999999996
7.453e-09,0.15894209999999998
7.455e-09,0.1568214
7.457e-09,0.15452359999999998
7.459e-09,0.1520564000000001
7.461e-09,0.14942790000000006
7.463e-09,0.1466457
7.465e-09,0.1437172
7.467e-09,0.1406501
7.469e-09,0.1374516
7.471e-09,0.13412880000000005
7.473e-09,0.13068880000000005
7.475e-09,0.12713809999999992
7.477e-09,0.12348359999999992
7.479e-09,0.1197317
7.481e-09,0.11588850000000006
7.483e-09,0.11196020000000007
7.485e-09,0.1079525
7.487e-09,0.1038713
7.489e-09,0.09972210000000004
7.491e-09,0.09551019999999999
7.493e-09,0.0912406
7.495e-09,0.08691850000000001
7.497e-09,0.08254870000000003
7.499e-09,0.07813579999999998
7.501e-09,0.07368410000000003
7.503e-09,0.06919819999999999
7.505e-09,0.06468200000000002
7.507e-09,0.06013959999999996
7.509e-09,0.055574800000000035
7.511e-09,0.05099129999999996
7.513e-09,0.046392600000000006
7.515e-09,0.04178209999999993
7.517e-09,0.037163100000000004
7.519e-09,0.032538600000000084
7.521e-09,0.027911699999999984
7.523e-09,0.023285200000000006
7.525e-09,0.01866180000000006
7.527e-09,0.014044100000000004
7.529e-09,0.009434700000000018
7.531e-09,0.004835699999999998
7.533e-09,0.00024959999999996096
7.535e-09,-0.004321500000000089
7.537e-09,-0.008875599999999984
7.539e-09,-0.013410800000000056
7.541e-09,-0.017925199999999974
7.543e-09,-0.022417099999999968
7.545e-09,-0.02688479999999993
7.547e-09,-0.03132670000000004
7.549e-09,-0.03574139999999992
7.551e-09,-0.04012749999999998
7.553e-09,-0.04448380000000007
7.555e-09,-0.048808900000000044
7.557e-09,-0.05310159999999997
7.559e-09,-0.05736089999999994
7.561e-09,-0.06158579999999991
7.563e-09,-0.0657755000000001
7.565e-09,-0.06992880000000001
7.567e-09,-0.07404520000000003
7.569e-09,-0.07812370000000002
7.571e-09,-0.08216370000000006
7.573e-09,-0.08616449999999998
7.575e-09,-0.09012560000000003
7.577e-09,-0.09404650000000003
7.579e-09,-0.09792659999999997
7.581e-09,-0.1017654
7.583e-09,-0.10556270000000001
7.585e-09,-0.10931800000000003
7.587e-09,-0.11303109999999994
7.589e-09,-0.11670150000000001
7.591e-09,-0.12032920000000003
7.593e-09,-0.12391399999999997
7.595e-09,-0.1274556
7.597e-09,-0.13095409999999996
7.5985e-09,-0.13354940000000004
7.6e-09,-0.13612039999999992
7.6002e-09,-0.1364611
7.6006e-09,-0.13714179999999998
7.6014e-09,-0.13849769999999995
7.603e-09,-0.1411888
7.605e-09,-0.14451360000000002
7.607e-09,-0.147795
7.609e-09,-0.15103299999999997
7.611e-09,-0.15422769999999997
7.613e-09,-0.1573793
7.615e-09,-0.16048780000000007
7.617e-09,-0.16355319999999995
7.619e-09,-0.1665759
7.621e-09,-0.16955600000000004
7.623e-09,-0.1724935999999999
7.625e-09,-0.17538909999999996
7.627e-09,-0.17824240000000002
7.629e-09,-0.1810541
7.631e-09,-0.18382430000000005
7.633e-09,-0.18655330000000003
7.635e-09,-0.1892412
7.637e-09,-0.19188839999999996
7.639e-09,-0.19449530000000004
7.641e-09,-0.19706219999999997
7.643e-09,-0.19958929999999997
7.645e-09,-0.20207700000000006
7.647e-09,-0.20452570000000003
7.649e-09,-0.2069356
7.651e-09,-0.20930700000000002
7.653e-09,-0.2116405
7.655e-09,-0.21393629999999997
7.657e-09,-0.21619480000000002
7.659e-09,-0.2184165
7.661e-09,-0.2206015
7.663e-09,-0.22275049999999996
7.665e-09,-0.22486359999999994
7.667e-09,-0.22694150000000002
7.669e-09,-0.22898419999999997
7.671e-09,-0.2309924
7.673e-09,-0.23296640000000002
7.675e-09,-0.23490650000000002
7.677e-09,-0.2368133
7.679e-09,-0.2386872
7.681e-09,-0.24052830000000003
7.683e-09,-0.24233729999999998
7.685e-09,-0.24411439999999995
7.687e-09,-0.24586020000000008
7.689e-09,-0.247575
7.691e-09,-0.24925920000000001
7.693e-09,-0.2509131
7.695e-09,-0.2525373999999999
7.697e-09,-0.25413209999999997
7.699e-09,-0.255698
7.701e-09,-0.25723510000000005
7.703e-09,-0.2587440999999999
7.705e-09,-0.26022519999999993
7.707e-09,-0.26167889999999994
7.709e-09,-0.2631057
7.711e-09,-0.2645056
7.713e-09,-0.2658794
7.715e-09,-0.2672272
7.717e-09,-0.2685495
7.719e-09,-0.2698467
7.721e-09,-0.27111909999999995
7.723e-09,-0.2723671000000001
7.725e-09,-0.2735911
7.727e-09,-0.2747915000000001
7.729e-09,-0.2759686
7.731e-09,-0.27712269999999994
7.733e-09,-0.27825409999999995
7.735e-09,-0.2793633
7.737e-09,-0.28045069999999994
7.739e-09,-0.28151649999999995
7.741e-09,-0.2825611
7.743e-09,-0.2835848000000001
7.745e-09,-0.2845881
7.747e-09,-0.285571
7.749e-09,-0.28653420000000007
7.751e-09,-0.2874778
7.753e-09,-0.2884021
7.755e-09,-0.28930749999999994
7.757e-09,-0.29019439999999996
7.759e-09,-0.29106280000000007
7.761e-09,-0.29191350000000005
7.763e-09,-0.2927463
7.765e-09,-0.2935618000000001
7.767e-09,-0.29436020000000007
7.769e-09,-0.2951418
7.771e-09,-0.2959069
7.773e-09,-0.2966558
7.775e-09,-0.29738870000000006
7.777e-09,-0.29810590000000003
7.779e-09,-0.29880779999999996
7.781e-09,-0.29949459999999994
7.783e-09,-0.3001665
7.785e-09,-0.3008238
7.787e-09,-0.3014667
7.789e-09,-0.30209569999999997
7.791e-09,-0.30271080000000006
7.793e-09,-0.30331220000000003
7.795e-09,-0.3039003
7.797e-09,-0.3044755
7.7985e-09,-0.30489829999999996
7.8e-09,-0.305314
7.8002e-09,-0.3053696
7.8006e-09,-0.30548240000000004
7.8014e-09,-0.3057175999999999
7.803e-09,-0.30621
7.805e-09,-0.30682830000000005
7.807e-09,-0.30740200000000006
7.809e-09,-0.30788689999999996
7.811e-09,-0.30824740000000006
7.813e-09,-0.3084549
7.815e-09,-0.30848680000000006
7.817e-09,-0.30832570000000004
7.819e-09,-0.30795799999999995
7.821e-09,-0.3073739
7.823e-09,-0.3065667000000001
7.825e-09,-0.305532
7.827e-09,-0.30426790000000004
7.829e-09,-0.30277370000000003
7.831e-09,-0.3010509
7.833e-09,-0.2991018999999999
7.835e-09,-0.2969301
7.837e-09,-0.2945399999999999
7.839e-09,-0.2919366
7.841e-09,-0.28912590000000005
7.843e-09,-0.2861138
7.845e-09,-0.28290709999999997
7.847e-09,-0.27951250000000005
7.849e-09,-0.27593730000000005
7.851e-09,-0.2721886
7.853e-09,-0.2682738
7.855e-09,-0.26420029999999994
7.857e-09,-0.2599754999999999
7.859e-09,-0.2556069999999999
7.861e-09,-0.25110200000000005
7.863e-09,-0.2464679999999999
7.865e-09,-0.24171189999999998
7.867e-09,-0.23684110000000003
7.869e-09,-0.23186260000000003
7.871e-09,-0.22678310000000002
7.873e-09,-0.22160940000000007
7.875e-09,-0.21634810000000004
7.877e-09,-0.2110054
7.879e-09,-0.20558790000000005
7.881e-09,-0.2001014000000001
7.883e-09,-0.19455199999999995
7.885e-09,-0.18894520000000004
7.887e-09,-0.18328679999999997
7.889e-09,-0.17758200000000002
7.891e-09,-0.1718362
7.893e-09,-0.16605420000000004
7.895e-09,-0.16024119999999997
7.897e-09,-0.15440160000000003
7.899e-09,-0.14854
7.901e-09,-0.14266089999999998
7.903e-09,-0.13676829999999995
7.905e-09,-0.1308663
7.907e-09,-0.12495889999999998
7.909e-09,-0.11904959999999998
7.911e-09,-0.11314230000000003
7.913e-09,-0.10724
7.915e-09,-0.10134620000000005
7.917e-09,-0.095464
7.919e-09,-0.08959640000000002
7.921e-09,-0.08374619999999999
7.923e-09,-0.07791619999999999
7.925e-09,-0.07210889999999992
7.927e-09,-0.06632669999999996
7.929e-09,-0.06057210000000002
7.931e-09,-0.054847099999999926
7.933e-09,-0.04915409999999998
7.935e-09,-0.043494799999999945
7.937e-09,-0.037871199999999994
7.939e-09,-0.03228500000000001
7.941e-09,-0.02673800000000004
7.943e-09,-0.021231699999999964
7.945e-09,-0.015767499999999934
7.947e-09,-0.010346899999999937
7.949e-09,-0.004971100000000006
7.951e-09,0.00035869999999993407
7.953e-09,0.005641300000000071
7.955e-09,0.010875599999999985
7.957e-09,0.016060900000000045
7.959e-09,0.0211962
7.961e-09,0.02628050000000004
7.963e-09,0.03131329999999999
7.965e-09,0.03629380000000004
7.967e-09,0.04122149999999991
7.969e-09,0.046095600000000014
7.971e-09,0.050915799999999956
7.973e-09,0.055681699999999945
7.975e-09,0.06039300000000003
7.977e-09,0.06504899999999991
7.979e-09,0.06964970000000004
7.981e-09,0.0741948
7.983e-09,0.07868429999999993
7.985e-09,0.08311769999999996
7.987e-09,0.0874952
7.989e-09,0.09181660000000003
7.991e-09,0.0960818
7.993e-09,0.10029109999999997
7.995e-09,0.10444419999999999
7.997e-09,0.10854150000000007
7.9985e-09,0.11157780000000006
8e-09,0.11458269999999993
8.0002e-09,0.11498069999999994
8.0006e-09,0.11577559999999998
8.0014e-09,0.11735870000000004
8.003e-09,0.12049849999999995
8.005e-09,0.12437330000000002
8.007e-09,0.128193
8.009e-09,0.13195800000000002
8.011e-09,0.13566820000000002
8.013e-09,0.13932430000000007
8.015e-09,0.14292630000000006
8.017e-09,0.1464746
8.019e-09,0.14996969999999998
8.021e-09,0.1534118
8.023e-09,0.15680120000000008
8.025e-09,0.16013849999999996
8.027e-09,0.163424
8.029e-09,0.16665810000000003
8.031e-09,0.16984129999999997
8.033e-09,0.17297410000000002
8.035e-09,0.17605670000000007
8.037e-09,0.17908979999999997
8.039e-09,0.1820737
8.041e-09,0.18500899999999998
8.043e-09,0.18789619999999996
8.045e-09,0.1907356
8.047e-09,0.19352800000000003
8.049e-09,0.19627360000000005
8.051e-09,0.1989731
8.053e-09,0.201627
8.055e-09,0.20423570000000002
8.057e-09,0.20679979999999998
8.059e-09,0.2093197
8.061e-09,0.21179610000000004
8.063e-09,0.21422949999999996
8.065e-09,0.2166203
8.067e-09,0.21896910000000003
8.069e-09,0.22127640000000004
8.071e-09,0.22354280000000004
8.073e-09,0.22576859999999999
8.075e-09,0.22795470000000007
8.077e-09,0.2301014
8.079e-09,0.23220909999999995
8.081e-09,0.2342786
8.083e-09,0.23631020000000003
8.085e-09,0.23830450000000003
8.087e-09,0.24026209999999992
8.089e-09,0.24218340000000005
8.091e-09,0.24406890000000003
8.093e-09,0.2459192
8.095e-09,0.24773469999999997
8.097e-09,0.2495160999999999
8.099e-09,0.25126360000000003
8.101e-09,0.25297800000000004
8.103e-09,0.2546596
8.105e-09,0.2563088
8.107e-09,0.2579264
8.109e-09,0.25951269999999993
8.111e-09,0.2610681
8.113e-09,0.26259319999999997
8.115e-09,0.26408849999999995
8.117e-09,0.2655542999999999
8.119e-09,0.2669912
8.121e-09,0.26839959999999996
8.123e-09,0.2697799999999999
8.125e-09,0.2711327
8.127e-09,0.27245830000000004
8.129e-09,0.2737571999999999
8.131e-09,0.27503
8.133e-09,0.27627669999999993
8.135e-09,0.2774981000000001
8.137e-09,0.2786944
8.139e-09,0.2798663
8.141e-09,0.2810138999999999
8.143e-09,0.28213769999999994
8.145e-09,0.28323810000000005
8.147e-09,0.2843156
8.149e-09,0.28537049999999997
8.151e-09,0.2864033
8.153e-09,0.28741419999999995
8.155e-09,0.28840350000000003
8.157e-09,0.2893720000000001
8.159e-09,0.29031969999999996
8.161e-09,0.2912469999999999
8.163e-09,0.2921543
8.165e-09,0.293042
8.167e-09,0.2939104
8.169e-09,0.29475989999999996
8.171e-09,0.29559079999999993
8.173e-09,0.2964034
8.175e-09,0.2971980999999999
8.177e-09,0.2979752
8.179e-09,0.2987349
8.181e-09,0.29947770000000007
8.183e-09,0.3002038
8.185e-09,0.3009136
8.187e-09,0.30160719999999996
8.189e-09,0.3022851999999999
8.191e-09,0.3029476
8.193e-09,0.3035949
8.195e-09,0.3042273
8.197e-09,0.30484500000000003
8.1985e-09,0.30529890000000004
8.2e-09,0.3057447999999999
8.2002e-09,0.30580430000000003
8.2006e-09,0.30592509999999995
8.2014e-09,0.30617589999999995
8.203e-09,0.3066989
8.205e-09,0.3073542
8.207e-09,0.30796349999999995
8.209e-09,0.3084829
8.211e-09,0.3088767
8.213e-09,0.30911639999999996
8.215e-09,0.30917950000000005
8.217e-09,0.30904830000000005
8.219e-09,0.30870980000000003
8.221e-09,0.30815380000000003
8.223e-09,0.30737380000000003
8.225e-09,0.30636550000000007
8.227e-09,0.3051267000000001
8.229e-09,0.30365719999999996
8.231e-09,0.30195799999999995
8.233e-09,0.30003179999999996
8.235e-09,0.297882
8.237e-09,0.2955131
8.239e-09,0.29293020000000003
8.241e-09,0.29013900000000004
8.243e-09,0.28714569999999995
8.245e-09,0.28395709999999996
8.247e-09,0.28057980000000005
8.249e-09,0.2770210000000001
8.251e-09,0.27328810000000003
8.253e-09,0.2693883
8.255e-09,0.2653291
8.257e-09,0.2611179
8.259e-09,0.25676220000000005
8.261e-09,0.25226930000000003
8.263e-09,0.2476467
8.265e-09,0.24290140000000005
8.267e-09,0.2380407
8.269e-09,0.23307159999999993
8.271e-09,0.2280008
8.273e-09,0.2228351999999999
8.275e-09,0.21758140000000004
8.277e-09,0.21224580000000004
8.279e-09,0.20683450000000003
8.281e-09,0.20135380000000003
8.283e-09,0.19580940000000002
8.285e-09,0.19020720000000002
8.287e-09,0.18455279999999996
8.289e-09,0.17885150000000005
8.291e-09,0.17310860000000006
8.293e-09,0.1673291
8.295e-09,0.16151799999999994
8.297e-09,0.15567980000000003
8.299e-09,0.1498193
8.301e-09,0.14394070000000003
8.303e-09,0.13804820000000007
8.305e-09,0.13214599999999999
8.307e-09,0.1262377
8.309e-09,0.12032739999999997
8.311e-09,0.11441839999999992
8.313e-09,0.10851430000000006
8.315e-09,0.10261819999999999
8.317e-09,0.09673340000000008
8.319e-09,0.09086289999999997
8.321e-09,0.08500940000000001
8.323e-09,0.07917569999999996
8.325e-09,0.07336450000000005
8.327e-09,0.06757809999999997
8.329e-09,0.06181899999999996
8.331e-09,0.05608930000000001
8.333e-09,0.05039119999999997
8.335e-09,0.04472670000000001
8.337e-09,0.039097600000000066
8.339e-09,0.03350580000000003
8.341e-09,0.027952899999999947
8.343e-09,0.022440499999999974
8.345e-09,0.01697000000000004
8.347e-09,0.011542900000000023
8.349e-09,0.006160400000000066
8.351e-09,0.0008237999999999301
8.353e-09,-0.004465799999999964
8.355e-09,-0.009707300000000085
8.357e-09,-0.014899799999999908
8.359e-09,-0.020042400000000016
8.361e-09,-0.025134299999999943
8.363e-09,-0.030174799999999946
8.365e-09,-0.0351631
8.367e-09,-0.040098499999999926
8.369e-09,-0.044980700000000096
8.371e-09,-0.049808899999999934
8.373e-09,-0.05458300000000005
8.375e-09,-0.05930230000000003
8.377e-09,-0.06396659999999998
8.379e-09,-0.06857570000000002
8.381e-09,-0.0731292
8.383e-09,-0.07762709999999995
8.385e-09,-0.08206899999999995
8.387e-09,-0.08645500000000006
8.389e-09,-0.090785
8.391e-09,-0.0950588
8.393e-09,-0.09927659999999994
8.395e-09,-0.1034385000000001
8.397e-09,-0.10754439999999998
8.3985e-09,-0.11058710000000005
8.4e-09,-0.1135986
8.4002e-09,-0.11399749999999997
8.4006e-09,-0.11479410000000001
8.4014e-09,-0.1163807
8.403e-09,-0.1195273
8.405e-09,-0.12341089999999999
8.407e-09,-0.1272394
8.409e-09,-0.13101299999999994
8.411e-09,-0.13473199999999996
8.413e-09,-0.13839669999999993
8.415e-09,-0.1420074
8.417e-09,-0.14556439999999993
8.419e-09,-0.1490680000000001
8.421e-09,-0.1525187
8.423e-09,-0.15591680000000008
8.425e-09,-0.15926259999999992
8.427e-09,-0.16255659999999994
8.429e-09,-0.16579929999999998
8.431e-09,-0.168991
8.433e-09,-0.1721321
8.435e-09,-0.17522310000000008
8.437e-09,-0.1782646
8.439e-09,-0.18125689999999994
8.441e-09,-0.1842005
8.443e-09,-0.18709589999999998
8.445e-09,-0.18994370000000005
8.447e-09,-0.19274410000000008
8.449e-09,-0.1954979
8.451e-09,-0.19820550000000003
8.453e-09,-0.20086740000000003
8.455e-09,-0.203484
8.457e-09,-0.20605600000000002
8.459e-09,-0.2085838000000001
8.461e-09,-0.21106809999999998
8.463e-09,-0.21350919999999995
8.465e-09,-0.21590779999999998
8.467e-09,-0.21826420000000002
8.469e-09,-0.22057910000000003
8.471e-09,-0.22285310000000003
8.473e-09,-0.22508649999999997
8.475e-09,-0.22728000000000004
8.477e-09,-0.22943400000000003
8.479e-09,-0.2315492
8.481e-09,-0.23362589999999994
8.483e-09,-0.2356648
8.485e-09,-0.2376663
8.487e-09,-0.2396309000000001
8.489e-09,-0.24155919999999997
8.491e-09,-0.2434518
8.493e-09,-0.245309
8.495e-09,-0.2471314
8.497e-09,-0.24891960000000002
8.499e-09,-0.25067400000000006
8.501e-09,-0.25239500000000004
8.503e-09,-0.2540833
8.505e-09,-0.2557391
8.507e-09,-0.2573632
8.509e-09,-0.2589559
8.511e-09,-0.2605179000000001
8.513e-09,-0.26204930000000004
8.515e-09,-0.2635508
8.517e-09,-0.265023
8.519e-09,-0.26646590000000003
8.521e-09,-0.26788049999999997
8.523e-09,-0.2692669
8.525e-09,-0.2706258
8.527e-09,-0.27195729999999996
8.529e-09,-0.27326210000000006
8.531e-09,-0.2745405999999999
8.533e-09,-0.27579319999999996
8.535e-09,-0.2770203
8.537e-09,-0.2782222999999999
8.539e-09,-0.27939970000000003
8.541e-09,-0.2805529
8.543e-09,-0.2816822
8.545e-09,-0.28278820000000005
8.547e-09,-0.28387109999999993
8.549e-09,-0.2849313
8.551e-09,-0.2859693
8.553e-09,-0.2869854999999999
8.555e-09,-0.28798
8.557e-09,-0.2889535999999999
8.559e-09,-0.28990630000000006
8.561e-09,-0.2908387
8.563e-09,-0.291751
8.565e-09,-0.2926436
8.567e-09,-0.29351700000000003
8.569e-09,-0.29437120000000006
8.571e-09,-0.29520689999999994
8.573e-09,-0.29602420000000007
8.575e-09,-0.29682359999999997
8.577e-09,-0.2976053000000001
8.579e-09,-0.2983696
8.581e-09,-0.29911679999999996
8.583e-09,-0.29984750000000004
8.585e-09,-0.30056170000000004
8.587e-09,-0.3012597
8.589e-09,-0.3019419
8.591e-09,-0.30260870000000006
8.593e-09,-0.3032602
8.595e-09,-0.3038967
8.597e-09,-0.3045186
8.5985e-09,-0.30497569999999996
8.6e-09,-0.30542460000000005
8.6002e-09,-0.30548379999999997
8.6006e-09,-0.3056019
8.6014e-09,-0.3058364
8.603e-09,-0.306299
8.605e-09,-0.30686500000000005
8.607e-09,-0.30741759999999996
8.609e-09,-0.3079571
8.611e-09,-0.308484
8.613e-09,-0.30899809999999994
8.615e-09,-0.3095
8.617e-09,-0.30998970000000003
8.619e-09,-0.3104677
8.621e-09,-0.31093400000000004
8.623e-09,-0.3113889000000001
8.625e-09,-0.3118326
8.627e-09,-0.3122655000000001
8.629e-09,-0.31268759999999995
8.631e-09,-0.31309909999999996
8.633e-09,-0.3135004
8.635e-09,-0.31389159999999994
8.637e-09,-0.3142729000000001
8.639e-09,-0.31464439999999994
8.641e-09,-0.3150065999999999
8.643e-09,-0.31535939999999996
8.645e-09,-0.3157031
8.647e-09,-0.3160379000000001
8.649e-09,-0.316364
8.651e-09,-0.3166814
8.653e-09,-0.31699049999999995
8.655e-09,-0.3172914
8.657e-09,-0.31758430000000004
8.659e-09,-0.3178693
8.661e-09,-0.3181465
8.663e-09,-0.31841620000000004
8.665e-09,-0.3186787
8.667e-09,-0.31893379999999993
8.669e-09,-0.3191818999999999
8.671e-09,-0.31942309999999996
8.673e-09,-0.31965749999999993
8.675e-09,-0.3198852
8.677e-09,-0.32010650000000007
8.679e-09,-0.32032150000000004
8.681e-09,-0.32053029999999993
8.683e-09,-0.32073299999999993
8.685e-09,-0.32092979999999993
8.687e-09,-0.3211208
8.689e-09,-0.3213060000000001
8.691e-09,-0.3214857
8.693e-09,-0.32166019999999995
8.695e-09,-0.3218291
8.697e-09,-0.321993
8.699e-09,-0.3221518
8.701e-09,-0.32230570000000003
8.703e-09,-0.32245460000000004
8.705e-09,-0.3225988000000001
8.707e-09,-0.3227386
8.709e-09,-0.3228736000000001
8.711e-09,-0.32300439999999997
8.713e-09,-0.32313080000000005
8.715e-09,-0.323253
8.717e-09,-0.32337119999999997
8.719e-09,-0.32348520000000003
8.721e-09,-0.3235954
8.723e-09,-0.3237017
8.725e-09,-0.32380430000000004
8.727e-09,-0.3239033
8.729e-09,-0.32399880000000003
8.731e-09,-0.3240908
8.733e-09,-0.32417929999999995
8.735e-09,-0.32426449999999996
8.737e-09,-0.3243465
8.739e-09,-0.32442550000000003
8.741e-09,-0.3245013000000001
8.743e-09,-0.3245741
8.745e-09,-0.32464400000000004
8.747e-09,-0.32471099999999997
8.749e-09,-0.3247753
8.751e-09,-0.3248369
8.753e-09,-0.32489579999999996
8.755e-09,-0.3249522
8.757e-09,-0.32500609999999996
8.759e-09,-0.3250575
8.761e-09,-0.3251066
8.763e-09,-0.3251533
8.765e-09,-0.3251978
8.767e-09,-0.32524010000000003
8.769e-09,-0.3252802
8.771e-09,-0.32531829999999995
8.773e-09,-0.3253543
8.775e-09,-0.3253884
8.777e-09,-0.32542059999999995
8.779e-09,-0.3254509
8.781e-09,-0.3254794
8.783e-09,-0.32550599999999996
8.785e-09,-0.32553109999999996
8.787e-09,-0.32555429999999996
8.789e-09,-0.3255760999999999
8.791e-09,-0.3255962
8.793e-09,-0.3256148
8.795e-09,-0.3256319
8.797e-09,-0.3256475000000001
8.7985e-09,-0.3256584
8.8e-09,-0.32567999999999997
8.8002e-09,-0.32568509999999995
8.8006e-09,-0.32569709999999996
8.8014e-09,-0.3257287
8.803e-09,-0.32580830000000005
8.805e-09,-0.325902
8.807e-09,-0.3259451
8.809e-09,-0.32589670000000004
8.811e-09,-0.32572370000000006
8.813e-09,-0.3253996
8.815e-09,-0.32490360000000007
8.817e-09,-0.32421960000000005
8.819e-09,-0.32333539999999994
8.821e-09,-0.32224200000000003
8.823e-09,-0.3209333999999999
8.825e-09,-0.31940579999999996
8.827e-09,-0.31765769999999993
8.829e-09,-0.31568890000000005
8.831e-09,-0.31350089999999997
8.833e-09,-0.3110963
8.835e-09,-0.3084787
8.837e-09,-0.30565280000000006
8.839e-09,-0.30262350000000005
8.841e-09,-0.2993966
8.843e-09,-0.29597819999999997
8.845e-09,-0.29237480000000005
8.847e-09,-0.28859329999999994
8.849e-09,-0.2846406
8.851e-09,-0.28052390000000005
8.853e-09,-0.2762504
8.855e-09,-0.2718273
8.857e-09,-0.267262
8.859e-09,-0.26256179999999996
8.861e-09,-0.2577338
8.863e-09,-0.25278539999999994
8.865e-09,-0.24772340000000004
8.867e-09,-0.24255499999999997
8.869e-09,-0.23728689999999997
8.871e-09,-0.2319258999999999
8.873e-09,-0.22647839999999997
8.875e-09,-0.22095109999999996
8.877e-09,-0.21534999999999993
8.879e-09,-0.20968140000000002
8.881e-09,-0.203951
8.883e-09,-0.19816480000000003
8.885e-09,-0.1923283
8.887e-09,-0.18644689999999997
8.889e-09,-0.18052579999999996
8.891e-09,-0.1745702
8.893e-09,-0.16858490000000004
8.895e-09,-0.16257470000000007
8.897e-09,-0.15654420000000002
8.899e-09,-0.1504976
8.901e-09,-0.14443929999999994
8.903e-09,-0.13837329999999992
8.905e-09,-0.13230360000000008
8.907e-09,-0.1262339
8.909e-09,-0.12016769999999999
8.911e-09,-0.11410849999999995
8.913e-09,-0.10805969999999998
8.915e-09,-0.10202429999999996
8.917e-09,-0.09600540000000002
8.919e-09,-0.09000580000000002
8.921e-09,-0.08402830000000006
8.923e-09,-0.07807540000000002
8.925e-09,-0.07214969999999998
8.927e-09,-0.06625340000000002
8.929e-09,-0.06038880000000002
8.931e-09,-0.0545582
8.933e-09,-0.04876320000000001
8.935e-09,-0.04300599999999999
8.937e-09,-0.037288199999999994
8.939e-09,-0.03161159999999996
8.941e-09,-0.025977699999999992
8.943e-09,-0.020387900000000014
8.945e-09,-0.014843700000000015
8.947e-09,-0.009346399999999977
8.949e-09,-0.0038970000000000393
8.951e-09,0.0015030999999999795
8.953e-09,0.006852999999999998
8.955e-09,0.012151899999999993
8.957e-09,0.01739869999999999
8.959e-09,0.02259269999999991
8.961e-09,0.027733200000000013
8.963e-09,0.0328195
8.965e-09,0.03785090000000002
8.967e-09,0.04282699999999995
8.969e-09,0.04774729999999994
8.971e-09,0.05261130000000003
8.973e-09,0.057418700000000045
8.975e-09,0.062169200000000036
8.977e-09,0.06686250000000005
8.979e-09,0.0714982999999999
8.981e-09,0.07607659999999994
8.983e-09,0.08059729999999998
8.985e-09,0.08506020000000003
8.987e-09,0.08946529999999997
8.989e-09,0.09381260000000002
8.991e-09,0.09810210000000008
8.993e-09,0.10233389999999998
8.995e-09,0.10650800000000005
8.997e-09,0.11062470000000002
8.9985e-09,0.11367460000000007
9e-09,0.11669240000000003
9.0002e-09,0.1170928
9.0006e-09,0.11789440000000007
9.0014e-09,0.11950170000000004
9.003e-09,0.12271670000000001
9.005e-09,0.1266965
9.007e-09,0.13058400000000003
9.009e-09,0.13433360000000005
9.011e-09,0.1379087
9.013e-09,0.14127999999999996
9.015e-09,0.14442449999999996
9.017e-09,0.14732469999999998
9.019e-09,0.14996739999999997
9.021e-09,0.15234329999999996
9.023e-09,0.15444610000000003
9.025e-09,0.15627250000000004
9.027e-09,0.15782130000000005
9.029e-09,0.1590931
9.031e-09,0.16009020000000007
9.033e-09,0.16081610000000002
9.035e-09,0.16127550000000002
9.037e-09,0.1614738
9.039e-09,0.16141729999999999
9.041e-09,0.16111259999999994
9.043e-09,0.16056709999999996
9.045e-09,0.1597883
9.047e-09,0.15878399999999993
9.049e-09,0.15756199999999998
9.051e-09,0.1561305999999999
9.053e-09,0.1544976
9.055e-09,0.15267149999999996
9.057e-09,0.15066029999999997
9.059e-09,0.14847200000000005
9.061e-09,0.14611450000000004
9.063e-09,0.14359579999999994
9.065e-09,0.14092360000000004
9.067e-09,0.1381055
9.069e-09,0.13514890000000002
9.071e-09,0.13206099999999998
9.073e-09,0.12884909999999994
9.075e-09,0.1255198999999999
9.077e-09,0.12208039999999998
9.079e-09,0.118537
9.081e-09,0.114896
9.083e-09,0.11116389999999998
9.085e-09,0.10734640000000006
9.087e-09,0.10344949999999997
9.089e-09,0.09947879999999998
9.091e-09,0.09543970000000002
9.093e-09,0.09133750000000007
9.095e-09,0.08717730000000001
9.097e-09,0.08296409999999999
9.099e-09,0.07870250000000001
9.101e-09,0.0743973
9.103e-09,0.07005270000000008
9.105e-09,0.06567310000000004
9.107e-09,0.0612625
9.109e-09,0.0568247999999999
9.111e-09,0.05236390000000002
9.113e-09,0.04788340000000002
9.115e-09,0.04338680000000006
9.117e-09,0.038877300000000004
9.119e-09,0.03435840000000001
9.121e-09,0.029832799999999993
9.123e-09,0.025303899999999935
9.125e-09,0.020774100000000018
9.127e-09,0.016246300000000047
9.129e-09,0.011723099999999986
9.131e-09,0.007206800000000069
9.133e-09,0.0026998999999999773
9.135e-09,-0.0017954000000000025
9.137e-09,-0.006277100000000035
9.139e-09,-0.010743000000000058
9.141e-09,-0.015191299999999908
9.143e-09,-0.01962010000000003
9.145e-09,-0.024027699999999985
9.147e-09,-0.028412400000000004
9.149e-09,-0.032772799999999935
9.151e-09,-0.037107299999999954
9.153e-09,-0.04141450000000002
9.155e-09,-0.04569319999999999
9.157e-09,-0.04994209999999999
9.159e-09,-0.054159999999999986
9.161e-09,-0.05834600000000001
9.163e-09,-0.062498900000000024
9.165e-09,-0.06661779999999995
9.167e-09,-0.07070180000000004
9.169e-09,-0.07475019999999999
9.171e-09,-0.07876209999999995
9.173e-09,-0.0827369
9.175e-09,-0.08667380000000002
9.177e-09,-0.09057229999999994
9.179e-09,-0.09443190000000001
9.181e-09,-0.09825210000000006
9.183e-09,-0.10203229999999996
9.185e-09,-0.10577230000000004
9.187e-09,-0.10947149999999994
9.189e-09,-0.11312979999999995
9.191e-09,-0.11674679999999993
9.193e-09,-0.1203223
9.195e-09,-0.12385610000000002
9.197e-09,-0.12734809999999996
9.1985e-09,-0.12993939999999993
9.2e-09,-0.13250700000000004
9.2002e-09,-0.13284810000000002
9.2006e-09,-0.13353150000000003
9.2014e-09,-0.13490389999999997
9.203e-09,-0.1376562
9.205e-09,-0.14107060000000005
9.207e-09,-0.1444069
9.209e-09,-0.1476191
9.211e-09,-0.15067050000000004
9.213e-09,-0.1535314000000001
9.215e-09,-0.1561786999999999
9.217e-09,-0.15859429999999997
9.219e-09,-0.1607649
9.221e-09,-0.1626807
9.223e-09,-0.16433540000000002
9.225e-09,-0.16572530000000008
9.227e-09,-0.16684869999999996
9.229e-09,-0.16770620000000003
9.231e-09,-0.16829970000000005
9.233e-09,-0.16863250000000007
9.235e-09,-0.16870909999999995
9.237e-09,-0.16853449999999992
9.239e-09,-0.16811489999999996
9.241e-09,-0.16745659999999996
9.243e-09,-0.16656680000000001
9.245e-09,-0.16545280000000007
9.247e-09,-0.16412209999999994
9.249e-09,-0.16258240000000002
9.251e-09,-0.16084180000000003
9.253e-09,-0.1589081
9.255e-09,-0.15678930000000002
9.257e-09,-0.15449330000000006
9.259e-09,-0.1520281
9.261e-09,-0.14940140000000002
9.263e-09,-0.146621
9.265e-09,-0.14369430000000005
9.267e-09,-0.14062889999999995
9.269e-09,-0.1374320000000001
9.271e-09,-0.13411090000000003
9.273e-09,-0.13067240000000002
9.275e-09,-0.12712330000000005
9.277e-09,-0.12347019999999997
9.279e-09,-0.11971980000000004
9.281e-09,-0.11587800000000004
9.283e-09,-0.11195100000000002
9.285e-09,-0.1079447
9.287e-09,-0.10386470000000003
9.289e-09,-0.09971669999999999
9.291e-09,-0.09550610000000004
9.293e-09,-0.09123769999999998
9.295e-09,-0.08691669999999996
9.297e-09,-0.08254800000000007
9.299e-09,-0.07813610000000004
9.301e-09,-0.07368549999999996
9.303e-09,-0.06920059999999995
9.305e-09,-0.0646854
9.307e-09,-0.06014390000000003
9.309e-09,-0.05558010000000002
9.311e-09,-0.05099750000000003
9.313e-09,-0.046399599999999985
9.315e-09,-0.041789999999999994
9.317e-09,-0.03717170000000003
9.319e-09,-0.03254800000000002
9.321e-09,-0.027921900000000055
9.323e-09,-0.02329609999999993
9.325e-09,-0.018673400000000062
9.327e-09,-0.014056300000000022
9.329e-09,-0.009447500000000053
9.331e-09,-0.004849199999999998
9.333e-09,-0.00026370000000008886
9.335e-09,0.004306900000000002
9.337e-09,0.008860500000000049
9.339e-09,0.013395099999999993
9.341e-09,0.017909000000000064
9.343e-09,0.022400399999999987
9.345e-09,0.02686759999999999
9.347e-09,0.03130909999999998
9.349e-09,0.03572339999999996
9.351e-09,0.04010910000000001
9.353e-09,0.04446490000000003
9.355e-09,0.04878959999999999
9.357e-09,0.05308199999999996
9.359e-09,0.057340999999999975
9.361e-09,0.061565700000000056
9.363e-09,0.06575500000000001
9.365e-09,0.06990799999999997
9.367e-09,0.07402409999999993
9.369e-09,0.07810240000000002
9.371e-09,0.0821421
9.373e-09,0.08614279999999996
9.375e-09,0.09010359999999995
9.377e-09,0.09402430000000006
9.379e-09,0.09790410000000005
9.381e-09,0.10174289999999997
9.383e-09,0.10553990000000002
9.385e-09,0.10929500000000003
9.387e-09,0.113008
9.389e-09,0.11667839999999996
9.391e-09,0.12030589999999997
9.393e-09,0.12389059999999996
9.395e-09,0.1274322
9.397e-09,0.1309304
9.3985e-09,0.13352580000000003
9.4e-09,0.1361082
9.4002e-09,0.13645279999999993
9.4006e-09,0.1371428
9.4014e-09,0.13852540000000002
9.403e-09,0.14128590000000008
9.405e-09,0.14469049999999994
9.407e-09,0.14799850000000003
9.409e-09,0.15116719999999995
9.411e-09,0.15416269999999999
9.413e-09,0.15695789999999998
9.415e-09,0.1595318
9.417e-09,0.16186790000000006
9.419e-09,0.16395440000000006
9.421e-09,0.16578310000000007
9.423e-09,0.16734839999999995
9.425e-09,0.16864749999999995
9.427e-09,0.16967960000000004
9.429e-09,0.17044579999999998
9.431e-09,0.17094849999999995
9.433e-09,0.1711916
9.435e-09,0.17117970000000005
9.437e-09,0.17091820000000002
9.439e-09,0.17041360000000005
9.441e-09,0.1696723000000001
9.443e-09,0.1687016
9.445e-09,0.16750889999999996
9.447e-09,0.16610179999999997
9.449e-09,0.16448810000000003
9.451e-09,0.16267589999999998
9.453e-09,0.1606729
9.455e-09,0.1584873
9.457e-09,0.15612689999999996
9.459e-09,0.15359959999999995
9.461e-09,0.15091300000000007
9.463e-09,0.14807510000000002
9.465e-09,0.14509320000000003
9.467e-09,0.1419747
9.469e-09,0.13872699999999993
9.471e-09,0.13535700000000006
9.473e-09,0.13187159999999998
9.475e-09,0.12827769999999994
9.477e-09,0.12458180000000008
9.479e-09,0.12079030000000002
9.481e-09,0.11690920000000005
9.483e-09,0.11294479999999996
9.485e-09,0.10890260000000007
9.487e-09,0.10478860000000001
9.489e-09,0.10060800000000003
9.491e-09,0.09636620000000007
9.493e-09,0.09206820000000004
9.495e-09,0.0877192
9.497e-09,0.08332359999999994
9.499e-09,0.07888620000000002
9.501e-09,0.07441140000000002
9.503e-09,0.06990340000000006
9.505e-09,0.06536629999999999
9.507e-09,0.06080409999999992
9.509e-09,0.05622050000000001
9.511e-09,0.051619199999999976
9.513e-09,0.04700369999999998
9.515e-09,0.04237750000000007
9.517e-09,0.03774339999999998
9.519e-09,0.03310489999999999
9.521e-09,0.02846459999999995
9.523e-09,0.023825499999999944
9.525e-09,0.019190299999999993
9.527e-09,0.014561499999999894
9.529e-09,0.009941599999999995
9.531e-09,0.005332899999999974
9.533e-09,0.0007377000000000633
9.535e-09,-0.003842000000000012
9.537e-09,-0.008404199999999973
9.539e-09,-0.012946799999999925
9.541e-09,-0.017468199999999934
9.543e-09,-0.0219665
9.545e-09,-0.026440200000000025
9.547e-09,-0.030887699999999962
9.549e-09,-0.035307599999999995
9.551e-09,-0.03969849999999997
9.553e-09,-0.04405910000000002
9.555e-09,-0.048388099999999934
9.557e-09,-0.05268460000000008
9.559e-09,-0.05694739999999998
9.561e-09,-0.06117539999999999
9.563e-09,-0.06536779999999998
9.565e-09,-0.06952379999999991
9.567e-09,-0.07364229999999994
9.569e-09,-0.07772290000000004
9.571e-09,-0.08176470000000002
9.573e-09,-0.08576719999999993
9.575e-09,-0.08972969999999991
9.577e-09,-0.0936517
9.579e-09,-0.09753290000000003
9.581e-09,-0.10137259999999992
9.583e-09,-0.10517070000000006
9.585e-09,-0.10892659999999998
9.587e-09,-0.11264010000000002
9.589e-09,-0.11631100000000005
9.591e-09,-0.11993900000000002
9.593e-09,-0.12352399999999997
9.595e-09,-0.12706570000000006
9.597e-09,-0.130564
9.5985e-09,-0.13315939999999993
9.6e-09,-0.13573029999999997
9.6002e-09,-0.13607170000000002
9.6006e-09,-0.13675579999999998
9.6014e-09,-0.13812939999999996
9.603e-09,-0.1408836
9.605e-09,-0.14429939999999997
9.607e-09,-0.14763590000000004
9.609e-09,-0.15084730000000002
9.611e-09,-0.15389699999999995
9.613e-09,-0.15675519999999998
9.615e-09,-0.1593989
9.617e-09,-0.1618103999999999
9.619e-09,-0.163976
9.621e-09,-0.16588619999999998
9.623e-09,-0.16753469999999993
9.625e-09,-0.1689178
9.627e-09,-0.1700337999999999
9.629e-09,-0.17088330000000007
9.631e-09,-0.17146830000000002
9.633e-09,-0.1717921
9.635e-09,-0.17185899999999998
9.637e-09,-0.1716744
9.639e-09,-0.1712441
9.641e-09,-0.17057480000000003
9.643e-09,-0.16967359999999998
9.645e-09,-0.16854749999999996
9.647e-09,-0.16720430000000008
9.649e-09,-0.16565180000000002
9.651e-09,-0.16389770000000004
9.653e-09,-0.16195019999999993
9.655e-09,-0.1598172000000001
9.657e-09,-0.1575065
9.659e-09,-0.1550262
9.661e-09,-0.15238400000000007
9.663e-09,-0.14958760000000004
9.665e-09,-0.1466446
9.667e-09,-0.14356250000000004
9.669e-09,-0.14034860000000005
9.671e-09,-0.13701000000000008
9.673e-09,-0.1335537
9.675e-09,-0.1299865
9.677e-09,-0.12631499999999996
9.679e-09,-0.12254579999999993
9.681e-09,-0.11868480000000003
9.683e-09,-0.11473849999999997
9.685e-09,-0.11071260000000005
9.687e-09,-0.10661280000000006
9.689e-09,-0.10244470000000006
9.691e-09,-0.09821349999999995
9.693e-09,-0.09392469999999997
9.695e-09,-0.08958289999999991
9.697e-09,-0.08519310000000002
9.699e-09,-0.08075999999999994
9.701e-09,-0.07628800000000002
9.703e-09,-0.07178150000000005
9.705e-09,-0.06724459999999999
9.707e-09,-0.06268129999999994
9.709e-09,-0.05809549999999997
9.711e-09,-0.05349079999999995
9.713e-09,-0.04887079999999999
9.715e-09,-0.04423880000000002
9.717e-09,-0.03959819999999992
9.719e-09,-0.03495209999999993
9.721e-09,-0.03030350000000004
9.723e-09,-0.02565519999999999
9.725e-09,-0.021009900000000026
9.727e-09,-0.0163702
9.729e-09,-0.01173880000000005
9.731e-09,-0.007117800000000063
9.733e-09,-0.002509700000000059
9.735e-09,0.0020833999999999575
9.737e-09,0.006659599999999988
9.739e-09,0.011216800000000027
9.741e-09,0.015753200000000023
9.743e-09,0.020267099999999982
9.745e-09,0.024756799999999912
9.747e-09,0.02922060000000004
9.749e-09,0.0336573
9.751e-09,0.03806520000000002
9.753e-09,0.0424431999999999
9.755e-09,0.04678990000000005
9.757e-09,0.05110429999999999
9.759e-09,0.05538520000000002
9.761e-09,0.05963160000000001
9.763e-09,0.06384259999999997
9.765e-09,0.0680172
9.767e-09,0.07215470000000002
9.769e-09,0.0762543
9.771e-09,0.08031520000000003
9.773e-09,0.08433689999999994
9.775e-09,0.08831880000000003
9.777e-09,0.09226020000000001
9.779e-09,0.09616069999999999
9.781e-09,0.10001989999999994
9.783e-09,0.10383739999999997
9.785e-09,0.10761279999999995
9.787e-09,0.11134569999999999
9.789e-09,0.11503600000000003
9.791e-09,0.1186834
9.793e-09,0.12228760000000005
9.795e-09,0.12584859999999998
9.797e-09,0.1293662
9.7985e-09,0.13197579999999998
9.8e-09,0.13456100000000004
9.8002e-09,0.13490349999999995
9.8006e-09,0.13558789999999998
9.8014e-09,0.13695140000000006
9.803e-09,0.13965740000000004
9.805e-09,0.14300079999999993
9.807e-09,0.14630050000000006
9.809e-09,0.1495569
9.811e-09,0.15276960000000006
9.813e-09,0.1559391
9.815e-09,0.15906529999999997
9.817e-09,0.16214830000000002
9.819e-09,0.1651883999999999
9.821e-09,0.16818579999999994
9.823e-09,0.17114039999999997
9.825e-09,0.1740528
9.827e-09,0.1769229
9.829e-09,0.1797512
9.831e-09,0.18253779999999997
9.833e-09,0.18528290000000003
9.835e-09,0.18798690000000007
9.837e-09,0.19065009999999993
9.839e-09,0.19327269999999996
9.841e-09,0.1958551999999999
9.843e-09,0.1983977
9.845e-09,0.20090059999999998
9.847e-09,0.20336429999999994
9.849e-09,0.2057892
9.851e-09,0.20817549999999996
9.853e-09,0.21052349999999997
9.855e-09,0.21283370000000001
9.857e-09,0.21510649999999998
9.859e-09,0.2173423
9.861e-09,0.21954129999999994
9.863e-09,0.22170410000000007
9.865e-09,0.2238308
9.867e-09,0.22592210000000001
9.869e-09,0.22797820000000002
9.871e-09,0.22999960000000008
9.873e-09,0.23198660000000004
9.875e-09,0.23393959999999991
9.877e-09,0.2358591
9.879e-09,0.2377454
9.881e-09,0.23959910000000006
9.883e-09,0.24142029999999992
9.885e-09,0.24320960000000003
9.887e-09,0.24496740000000006
9.889e-09,0.24669399999999997
9.891e-09,0.24838990000000005
9.893e-09,0.2500555
9.895e-09,0.25169109999999995
9.897e-09,0.25329710000000005
9.899e-09,0.25487399999999993
9.901e-09,0.25642220000000004
9.903e-09,0.25794210000000006
9.905e-09,0.2594339
9.907e-09,0.2608983
9.909e-09,0.2623354000000001
9.911e-09,0.2637459
9.913e-09,0.26512979999999997
9.915e-09,0.2664877
9.917e-09,0.26781999999999995
9.919e-09,0.26912709999999995
9.921e-09,0.2704091999999999
9.923e-09,0.2716668
9.925e-09,0.27290040000000004
9.927e-09,0.27410999999999996
9.929e-09,0.27529630000000005
9.931e-09,0.27645949999999997
9.933e-09,0.27759999999999996
9.935e-09,0.2787181000000001
9.937e-09,0.27981429999999996
9.939e-09,0.28088879999999994
9.941e-09,0.281942
9.943e-09,0.2829741
9.945e-09,0.2839857
9.947e-09,0.2849769
9.949e-09,0.2859482
9.951e-09,0.28689980000000004
9.953e-09,0.2878320999999999
9.955e-09,0.2887453
9.957e-09,0.28963989999999995
9.959e-09,0.29051609999999994
9.961e-09,0.29137409999999997
9.963e-09,0.2922144
9.965e-09,0.2930372
9.967e-09,0.2938429
9.969e-09,0.2946316000000001
9.971e-09,0.29540370000000005
9.973e-09,0.29615959999999997
9.975e-09,0.29689940000000004
9.977e-09,0.29762350000000004
9.979e-09,0.29833200000000004
9.981e-09,0.29902530000000005
9.983e-09,0.29970379999999996
9.985e-09,0.3003675
9.987e-09,0.3010168
9.989e-09,0.3016519999999999
9.991e-09,0.3022731999999999
9.993e-09,0.30288080000000006
9.995e-09,0.30347500000000005
9.997e-09,0.304056
9.9985e-09,0.30448319999999995
1e-08,0.3049033
1.00002e-08,0.30495949999999994
1.00006e-08,0.3050735
1.00014e-08,0.305311
1.0003e-08,0.3058079
1.0005e-08,0.3064319
1.0007e-08,0.3070111000000001
1.0009e-08,0.3075015
1.0011e-08,0.3078672
1.0013e-08,0.3080799999999999
1.0015e-08,0.3081170999999999
1.0017e-08,0.3079609
1.0019e-08,0.3075983
1.0021e-08,0.3070191000000001
1.0023e-08,0.3062167
1.0025e-08,0.3051866
1.0027e-08,0.30392700000000006
1.0029e-08,0.3024375
1.0031e-08,0.30071899999999996
1.0033e-08,0.2987744
1.0035e-08,0.29660680000000006
1.0037e-08,0.2942209
1.0039e-08,0.2916217
1.0041e-08,0.28881499999999993
1.0043e-08,0.2858069
1.0045e-08,0.28260419999999997
1.0047e-08,0.27921360000000006
1.0049e-08,0.2756421
1.0051e-08,0.27189719999999995
1.0053e-08,0.26798619999999995
1.0055e-08,0.26391640000000005
1.0057e-08,0.25969529999999996
1.0059e-08,0.25533040000000007
1.0061e-08,0.25082899999999997
1.0063e-08,0.24619839999999993
1.0065e-08,0.2414459
1.0067e-08,0.23657859999999997
1.0069e-08,0.23160349999999996
1.0071e-08,0.22652739999999993
1.0073e-08,0.22135700000000003
1.0075e-08,0.2160991
1.0077e-08,0.21075980000000005
1.0079e-08,0.20534549999999996
1.0081e-08,0.19986229999999994
1.0083e-08,0.1943161
1.0085e-08,0.18871250000000006
1.0087e-08,0.18305719999999992
1.0089e-08,0.17735559999999995
1.0091e-08,0.17161289999999996
1.0093e-08,0.16583400000000004
1.0095e-08,0.16002400000000006
1.0097e-08,0.15418739999999997
1.0099e-08,0.14832889999999999
1.0101e-08,0.1424527
1.0103e-08,0.136563
1.0105e-08,0.13066389999999994
1.0107e-08,0.12475939999999996
1.0109e-08,0.11885299999999999
1.0111e-08,0.1129483
1.0113e-08,0.1070489
1.0115e-08,0.10115779999999996
1.0117e-08,0.09527839999999999
1.0119e-08,0.08941349999999992
1.0121e-08,0.08356600000000003
1.0123e-08,0.07773849999999993
1.0125e-08,0.07193380000000005
1.0127e-08,0.0661543
1.0129e-08,0.06040220000000007
1.0131e-08,0.0546797
1.0133e-08,0.04898910000000001
1.0135e-08,0.04333220000000004
1.0137e-08,0.0377111
1.0139e-08,0.03212739999999992
1.0141e-08,0.02658269999999996
1.0143e-08,0.021078700000000006
1.0145e-08,0.015616800000000097
1.0147e-08,0.0101985
1.0149e-08,0.004824900000000021
1.0151e-08,-0.0005024999999999613
1.0153e-08,-0.005782999999999983
1.0155e-08,-0.011015300000000061
1.0157e-08,-0.016198399999999946
1.0159e-08,-0.02133150000000006
1.0161e-08,-0.026413800000000043
1.0163e-08,-0.031444499999999986
1.0165e-08,-0.03642299999999998
1.0167e-08,-0.04134859999999996
1.0169e-08,-0.04622079999999995
1.0171e-08,-0.05103919999999995
1.0173e-08,-0.05580319999999994
1.0175e-08,-0.06051240000000002
1.0177e-08,-0.06516670000000002
1.0179e-08,-0.06976549999999992
1.0181e-08,-0.07430890000000001
1.0183e-08,-0.07879639999999999
1.0185e-08,-0.08322810000000003
1.0187e-08,-0.08760389999999996
1.0189e-08,-0.0919236
1.0191e-08,-0.09618720000000003
1.0193e-08,-0.1003948
1.0195e-08,-0.10454640000000004
1.0197e-08,-0.10864200000000002
1.01985e-08,-0.11167709999999997
1.02e-08,-0.11468080000000003
1.02002e-08,-0.11507869999999998
1.02006e-08,-0.11587329999999996
1.02014e-08,-0.1174558
1.0203e-08,-0.12059430000000004
1.0205e-08,-0.12446760000000001
1.0207e-08,-0.12828590000000006
1.0209e-08,-0.13204930000000004
1.0211e-08,-0.13575819999999994
1.0213e-08,-0.13941269999999994
1.0215e-08,-0.14301339999999996
1.0217e-08,-0.14656040000000004
1.0219e-08,-0.15005409999999997
1.0221e-08,-0.15349480000000004
1.0223e-08,-0.1568830000000001
1.0225e-08,-0.160219
1.0227e-08,-0.16350320000000007
1.0229e-08,-0.166736
1.0231e-08,-0.16991810000000007
1.0233e-08,-0.17304949999999997
1.0235e-08,-0.17613100000000004
1.0237e-08,-0.1791629
1.0239e-08,-0.18214570000000008
1.0241e-08,-0.18507990000000007
1.0243e-08,-0.18796590000000002
1.0245e-08,-0.19080430000000004
1.0247e-08,-0.19359549999999992
1.0249e-08,-0.19634010000000002
1.0251e-08,-0.19903859999999995
1.0253e-08,-0.20169139999999997
1.0255e-08,-0.204299
1.0257e-08,-0.20686209999999994
1.0259e-08,-0.2093811
1.0261e-08,-0.2118565
1.0263e-08,-0.2142889
1.0265e-08,-0.21667879999999995
1.0267e-08,-0.21902670000000002
1.0269e-08,-0.22133310000000006
1.0271e-08,-0.22359859999999998
1.0273e-08,-0.2258236
1.0275e-08,-0.2280088
1.0277e-08,-0.23015450000000004
1.0279e-08,-0.2322615
1.0281e-08,-0.23433009999999999
1.0283e-08,-0.2363609000000001
1.0285e-08,-0.23835450000000002
1.0287e-08,-0.24031119999999995
1.0289e-08,-0.24223170000000005
1.0291e-08,-0.24411649999999996
1.0293e-08,-0.24596609999999997
1.0295e-08,-0.24778089999999997
1.0297e-08,-0.24956140000000004
1.0299e-08,-0.25130830000000004
1.0301e-08,-0.25302199999999997
1.0303e-08,-0.2547028
1.0305e-08,-0.25635150000000007
1.0307e-08,-0.2579684000000001
1.0309e-08,-0.25955399999999995
1.0311e-08,-0.26110880000000003
1.0313e-08,-0.26263329999999996
1.0315e-08,-0.26412789999999997
1.0317e-08,-0.2655931
1.0319e-08,-0.2670294
1.0321e-08,-0.2684371
1.0323e-08,-0.2698169
1.0325e-08,-0.27116909999999994
1.0327e-08,-0.2724942
1.0329e-08,-0.27379260000000005
1.0331e-08,-0.2750646
1.0333e-08,-0.2763109
1.0335e-08,-0.27753170000000005
1.0337e-08,-0.27872759999999996
1.0339e-08,-0.27989890000000006
1.0341e-08,-0.28104590000000007
1.0343e-08,-0.28216930000000007
1.0345e-08,-0.28326929999999995
1.0347e-08,-0.28434629999999994
1.0349e-08,-0.28540069999999995
1.0351e-08,-0.2864329
1.0353e-08,-0.2874434
1.0355e-08,-0.2884323000000001
1.0357e-08,-0.2894002
1.0359e-08,-0.2903475
1.0361e-08,-0.29127440000000004
1.0363e-08,-0.2921813
1.0365e-08,-0.2930686
1.0367e-08,-0.2939366
1.0369e-08,-0.29478570000000004
1.0371e-08,-0.2956162
1.0373e-08,-0.29642840000000004
1.0375e-08,-0.29722269999999995
1.0377e-08,-0.2979994
1.0379e-08,-0.29875870000000004
1.0381e-08,-0.2995011000000001
1.0383e-08,-0.30022689999999996
1.0385e-08,-0.3009364
1.0387e-08,-0.3016297
1.0389e-08,-0.3023072
1.0391e-08,-0.30296940000000006
1.0393e-08,-0.30361629999999995
1.0395e-08,-0.3042482999999999
1.0397e-08,-0.30486579999999996
1.03985e-08,-0.30531930000000007
1.04e-08,-0.30576500000000006
1.04002e-08,-0.30582390000000004
1.04006e-08,-0.30594109999999997
1.04014e-08,-0.3061739
1.0403e-08,-0.30663299999999993
1.0405e-08,-0.3071946
1.0407e-08,-0.30774309999999994
1.0409e-08,-0.3082785
1.0411e-08,-0.30880110000000005
1.0413e-08,-0.3093112
1.0415e-08,-0.30980910000000006
1.0417e-08,-0.31029489999999993
1.0419e-08,-0.31076879999999996
1.0421e-08,-0.31123120000000004
1.0423e-08,-0.3116823000000001
1.0425e-08,-0.3121223000000001
1.0427e-08,-0.3125513000000001
1.0429e-08,-0.3129697
1.0431e-08,-0.3133777
1.0433e-08,-0.3137753
1.0435e-08,-0.3141629
1.0437e-08,-0.31454059999999995
1.0439e-08,-0.3149088
1.0441e-08,-0.3152674000000001
1.0443e-08,-0.3156167999999999
1.0445e-08,-0.3159571000000001
1.0447e-08,-0.31628860000000003
1.0449e-08,-0.31661130000000004
1.0451e-08,-0.31692560000000003
1.0453e-08,-0.31723139999999994
1.0455e-08,-0.31752920000000007
1.0457e-08,-0.31781879999999996
1.0459e-08,-0.31810079999999996
1.0461e-08,-0.3183750000000001
1.0463e-08,-0.3186416999999999
1.0465e-08,-0.31890110000000005
1.0467e-08,-0.3191533000000001
1.0469e-08,-0.31939850000000003
1.0471e-08,-0.3196367
1.0473e-08,-0.3198683
1.0475e-08,-0.3200933
1.0477e-08,-0.32031180000000004
1.0479e-08,-0.32052400000000003
1.0481e-08,-0.32072999999999996
1.0483e-08,-0.3209301
1.0485e-08,-0.32112419999999997
1.0487e-08,-0.32131260000000006
1.0489e-08,-0.3214954
1.0491e-08,-0.32167250000000003
1.0493e-08,-0.32184440000000003
1.0495e-08,-0.3220109
1.0497e-08,-0.32217229999999997
1.0499e-08,-0.32232859999999997
1.0501e-08,-0.32248009999999994
1.0503e-08,-0.3226268
1.0505e-08,-0.32276859999999996
1.0507e-08,-0.322906
1.0509e-08,-0.3230389
1.0511e-08,-0.3231674
1.0513e-08,-0.32329149999999995
1.0515e-08,-0.3234116
1.0517e-08,-0.3235276
1.0519e-08,-0.3236396
1.0521e-08,-0.3237476
1.0523e-08,-0.32385189999999997
1.0525e-08,-0.32395240000000003
1.0527e-08,-0.32404940000000004
1.0529e-08,-0.32414280000000006
1.0531e-08,-0.32423270000000004
1.0533e-08,-0.3243193999999999
1.0535e-08,-0.32440270000000004
1.0537e-08,-0.3244829
1.0539e-08,-0.3245599
1.0541e-08,-0.3246338
1.0543e-08,-0.3247048
1.0545e-08,-0.32477290000000003
1.0547e-08,-0.3248381
1.0549e-08,-0.32490070000000004
1.0551e-08,-0.3249605000000001
1.0553e-08,-0.3250177999999999
1.0555e-08,-0.32507240000000004
1.0557e-08,-0.3251246
1.0559e-08,-0.3251744
1.0561e-08,-0.32522190000000006
1.0563e-08,-0.325267
1.0565e-08,-0.32530990000000004
1.0567e-08,-0.32535060000000005
1.0569e-08,-0.32538919999999993
1.0571e-08,-0.3254258
1.0573e-08,-0.32546030000000004
1.0575e-08,-0.32549300000000003
1.0577e-08,-0.32552369999999997
1.0579e-08,-0.3255524000000001
1.0581e-08,-0.3255795
1.0583e-08,-0.3256048
1.0585e-08,-0.32562839999999993
1.0587e-08,-0.3256504
1.0589e-08,-0.3256707
1.0591e-08,-0.32568949999999997
1.0593e-08,-0.3257068000000001
1.0595e-08,-0.3257226
1.0597e-08,-0.32573700000000005
1.05985e-08,-0.32574689999999995
1.06e-08,-0.32575600000000005
1.06002e-08,-0.32575719999999997
1.06006e-08,-0.3257593999999999
1.06014e-08,-0.32576379999999994
1.0603e-08,-0.32577199999999995
1.0605e-08,-0.325781
1.0607e-08,-0.32578889999999994
1.0609e-08,-0.3257955
1.0611e-08,-0.325801
1.0613e-08,-0.3258054
1.0615e-08,-0.32580869999999995
1.0617e-08,-0.3258108999999999
1.0619e-08,-0.3258122
1.0621e-08,-0.3258124
1.0623e-08,-0.3258116
1.0625e-08,-0.3258099
1.0627e-08,-0.32580739999999997
1.0629e-08,-0.325804
1.0631e-08,-0.3257996999999999
1.0633e-08,-0.3257947
1.0635e-08,-0.3257888
1.0637e-08,-0.3257822
1.0639e-08,-0.3257749
1.0641e-08,-0.3257668
1.0643e-08,-0.32575810000000005
1.0645e-08,-0.3257487
1.0647e-08,-0.32573869999999994
1.0649e-08,-0.32572809999999996
1.0651e-08,-0.3257169
1.0653e-08,-0.32570520000000003
1.0655e-08,-0.3256928
1.0657e-08,-0.32567999999999997
1.0659e-08,-0.3256667000000001
1.0661e-08,-0.3256529
1.0663e-08,-0.3256386
1.0665e-08,-0.325624
1.0667e-08,-0.3256087
1.0669e-08,-0.3255932
1.0671e-08,-0.32557730000000007
1.0673e-08,-0.325561
1.0675e-08,-0.32554440000000007
1.0677e-08,-0.32552729999999996
1.0679e-08,-0.3255101
1.0681e-08,-0.32549230000000007
1.0683e-08,-0.3254745
1.0685e-08,-0.32545630000000003
1.0687e-08,-0.32543770000000005
1.0689e-08,-0.32541910000000007
1.0691e-08,-0.32540009999999997
1.0693e-08,-0.3253809
1.0695e-08,-0.32536149999999997
1.0697e-08,-0.325342
1.0699e-08,-0.32532209999999995
1.0701e-08,-0.3253022
1.0703e-08,-0.3252820999999999
1.0705e-08,-0.32526180000000005
1.0707e-08,-0.3252414
1.0709e-08,-0.3252208
1.0711e-08,-0.3252001
1.0713e-08,-0.32517929999999995
1.0715e-08,-0.32515839999999996
1.0717e-08,-0.3251375000000001
1.0719e-08,-0.3251163
1.0721e-08,-0.32509520000000003
1.0723e-08,-0.325074
1.0725e-08,-0.3250527000000001
1.0727e-08,-0.3250312999999999
1.0729e-08,-0.32501
1.0731e-08,-0.32498860000000007
1.0733e-08,-0.32496710000000006
1.0735e-08,-0.32494560000000006
1.0737e-08,-0.32492409999999994
1.0739e-08,-0.3249027
1.0741e-08,-0.3248812
1.0743e-08,-0.3248597000000001
1.0745e-08,-0.3248381
1.0747e-08,-0.32481669999999996
1.0749e-08,-0.3247953
1.0751e-08,-0.3247738
1.0753e-08,-0.32475240000000005
1.0755e-08,-0.32473109999999994
1.0757e-08,-0.32470980000000005
1.0759e-08,-0.32468850000000005
1.0761e-08,-0.3246673
1.0763e-08,-0.32464609999999994
1.0765e-08,-0.32462500000000005
1.0767e-08,-0.32460390000000006
1.0769e-08,-0.32458300000000007
1.0771e-08,-0.3245621000000001
1.0773e-08,-0.3245412999999999
1.0775e-08,-0.3245205
1.0777e-08,-0.3244998
1.0779e-08,-0.32447919999999997
1.0781e-08,-0.3244587
1.0783e-08,-0.32443829999999996
1.0785e-08,-0.324418
1.0787e-08,-0.32439779999999996
1.0789e-08,-0.32437760000000004
1.0791e-08,-0.3243576
1.0793e-08,-0.32433769999999995
1.0795e-08,-0.32431790000000005
1.0797e-08,-0.3242980999999999
1.07985e-08,-0.3242834
1.08e-08,-0.3242688
1.08002e-08,-0.32426679999999997
1.08006e-08,-0.3242630000000001
1.08014e-08,-0.3242552000000001
1.0803e-08,-0.3242397
1.0805e-08,-0.3242204000000001
1.0807e-08,-0.32420119999999997
1.0809e-08,-0.3241822
1.0811e-08,-0.32416329999999993
1.0813e-08,-0.32414449999999995
1.0815e-08,-0.32412589999999997
1.0817e-08,-0.3241073
1.0819e-08,-0.3240889
1.0821e-08,-0.3240706
1.0823e-08,-0.3240524
1.0825e-08,-0.32403439999999994
1.0827e-08,-0.32401649999999993
1.0829e-08,-0.3239987
1.0831e-08,-0.3239811
1.0833e-08,-0.3239635999999999
1.0835e-08,-0.32394619999999996
1.0837e-08,-0.323929
1.0839e-08,-0.32391179999999997
1.0841e-08,-0.3238949
1.0843e-08,-0.323878
1.0845e-08,-0.3238613
1.0847e-08,-0.32384479999999993
1.0849e-08,-0.32382829999999996
1.0851e-08,-0.323812
1.0853e-08,-0.32379579999999997
1.0855e-08,-0.3237797
1.0857e-08,-0.3237639000000001
1.0859e-08,-0.3237481
1.0861e-08,-0.3237325
1.0863e-08,-0.3237171
1.0865e-08,-0.3237017
1.0867e-08,-0.3236865
1.0869e-08,-0.32367140000000005
1.0871e-08,-0.32365639999999996
1.0873e-08,-0.3236416
1.0875e-08,-0.32362690000000005
1.0877e-08,-0.32361229999999996
1.0879e-08,-0.32359800000000005
1.0881e-08,-0.32358359999999997
1.0883e-08,-0.3235696
1.0885e-08,-0.3235555
1.0887e-08,-0.3235416000000001
1.0889e-08,-0.3235279
1.0891e-08,-0.32351430000000003
1.0893e-08,-0.3235007999999999
1.0895e-08,-0.32348749999999993
1.0897e-08,-0.3234743
1.0899e-08,-0.3234612
1.0901e-08,-0.32344819999999996
1.0903e-08,-0.32343540000000004
1.0905e-08,-0.32342270000000006
1.0907e-08,-0.3234100999999999
1.0909e-08,-0.32339780000000007
1.0911e-08,-0.32338540000000005
1.0913e-08,-0.3233732
1.0915e-08,-0.32336109999999996
1.0917e-08,-0.32334910000000006
1.0919e-08,-0.3233374
1.0921e-08,-0.32332570000000005
1.0923e-08,-0.32331410000000005
1.0925e-08,-0.3233026
1.0927e-08,-0.3232914
1.0929e-08,-0.32328009999999996
1.0931e-08,-0.3232691000000001
1.0933e-08,-0.32325800000000005
1.0935e-08,-0.32324720000000007
1.0937e-08,-0.3232364
1.0939e-08,-0.3232258
1.0941e-08,-0.3232153
1.0943e-08,-0.3232049
1.0945e-08,-0.32319469999999995
1.0947e-08,-0.3231845
1.0949e-08,-0.3231744
1.0951e-08,-0.32316449999999997
1.0953e-08,-0.32315459999999996
1.0955e-08,-0.323145
1.0957e-08,-0.3231354000000001
1.0959e-08,-0.3231258
1.0961e-08,-0.32311639999999997
1.0963e-08,-0.32310720000000004
1.0965e-08,-0.323098
1.0967e-08,-0.32308879999999995
1.0969e-08,-0.32307980000000003
1.0971e-08,-0.323071
1.0973e-08,-0.32306219999999997
1.0975e-08,-0.3230535
1.0977e-08,-0.3230449000000001
1.0979e-08,-0.32303649999999995
1.0981e-08,-0.32302810000000004
1.0983e-08,-0.32301979999999997
1.0985e-08,-0.32301159999999995
1.0987e-08,-0.32300360000000006
1.0989e-08,-0.3229955
1.0991e-08,-0.3229877
1.0993e-08,-0.3229799
1.0995e-08,-0.32297220000000004
1.0997e-08,-0.3229645
1.09985e-08,-0.32295890000000005
1.1e-08,-0.32296479999999994
1.10002e-08,-0.32296800000000003
1.10006e-08,-0.3229759
1.10014e-08,-0.3229997
1.1003e-08,-0.3230641999999999
1.1005e-08,-0.32314030000000005
1.1007e-08,-0.3231668999999999
1.1009e-08,-0.32310300000000003
1.1011e-08,-0.32291539999999996
1.1013e-08,-0.3225777999999999
1.1015e-08,-0.3220691
1.1017e-08,-0.3213731999999999
1.1019e-08,-0.3204777999999999
1.1021e-08,-0.3193739
1.1023e-08,-0.3180556
1.1025e-08,-0.31651889999999994
1.1027e-08,-0.3147624
1.1029e-08,-0.3127857999999999
1.1031e-08,-0.3105909
1.1033e-08,-0.30818
1.1035e-08,-0.3055568000000001
1.1037e-08,-0.30272599999999994
1.1039e-08,-0.2996924000000001
1.1041e-08,-0.296462
1.1043e-08,-0.29304070000000004
1.1045e-08,-0.28943530000000006
1.1047e-08,-0.28565240000000003
1.1049e-08,-0.28169900000000003
1.1051e-08,-0.2775824
1.1053e-08,-0.27330960000000004
1.1055e-08,-0.268888
1.1057e-08,-0.26432500000000003
1.1059e-08,-0.25962759999999996
1.1061e-08,-0.2548034
1.1063e-08,-0.2498593
1.1065e-08,-0.24480239999999998
1.1067e-08,-0.2396397
1.1069e-08,-0.23437790000000003
1.1071e-08,-0.22902389999999995
1.1073e-08,-0.22358430000000007
1.1075e-08,-0.21806520000000007
1.1077e-08,-0.21247309999999997
1.1079e-08,-0.20681400000000005
1.1081e-08,-0.20109389999999994
1.1083e-08,-0.1953184
1.1085e-08,-0.18949319999999992
1.1087e-08,-0.1836236
1.1089e-08,-0.17771499999999996
1.1091e-08,-0.1717723
1.1093e-08,-0.16580039999999996
1.1095e-08,-0.15980400000000006
1.1097e-08,-0.15378780000000003
1.1099e-08,-0.14775609999999995
1.1101e-08,-0.14171290000000003
1.1103e-08,-0.13566259999999997
1.1105e-08,-0.12960890000000003
1.1107e-08,-0.12355550000000004
1.1109e-08,-0.1175061999999999
1.1111e-08,-0.11146400000000001
1.1113e-08,-0.10543249999999993
1.1115e-08,-0.09941489999999997
1.1117e-08,-0.093414
1.1119e-08,-0.08743250000000002
1.1121e-08,-0.08147360000000003
1.1123e-08,-0.07553940000000003
1.1125e-08,-0.06963259999999993
1.1127e-08,-0.06375550000000008
1.1129e-08,-0.05791029999999997
1.1131e-08,-0.052099100000000065
1.1133e-08,-0.04632389999999997
1.1135e-08,-0.04058649999999997
1.1137e-08,-0.034888699999999995
1.1139e-08,-0.02923219999999993
1.1141e-08,-0.023618499999999987
1.1143e-08,-0.01804899999999998
1.1145e-08,-0.012525200000000014
1.1147e-08,-0.007048300000000007
1.1149e-08,-0.001619499999999996
1.1151e-08,0.003760099999999933
1.1153e-08,0.009089499999999973
1.1155e-08,0.014367699999999983
1.1157e-08,0.019593900000000053
1.1159e-08,0.02476719999999999
1.1161e-08,0.029886999999999997
1.1163e-08,0.0349526
1.1165e-08,0.03996340000000009
1.1167e-08,0.044918899999999984
1.1169e-08,0.049818600000000046
1.1171e-08,0.05466210000000005
1.1173e-08,0.05944890000000003
1.1175e-08,0.06417899999999999
1.1177e-08,0.06885189999999997
1.1179e-08,0.07346750000000002
1.1181e-08,0.07802560000000003
1.1183e-08,0.08252599999999999
1.1185e-08,0.08696890000000002
1.1187e-08,0.09135389999999999
1.1189e-08,0.09568130000000008
1.1191e-08,0.09995100000000001
1.1193e-08,0.104163
1.1195e-08,0.1083175999999999
1.1197e-08,0.11241489999999998
1.11985e-08,0.1154501
1.12e-08,0.11845340000000004
1.12002e-08,0.11885190000000001
1.12006e-08,0.11964970000000008
1.12014e-08,0.1212493
1.1203e-08,0.12444900000000003
1.1205e-08,0.12840980000000002
1.1207e-08,0.13227850000000008
1.1209e-08,0.13600940000000006
1.1211e-08,0.13956599999999997
1.1213e-08,0.14291900000000002
1.1215e-08,0.14604549999999994
1.1217e-08,0.14892780000000005
1.1219e-08,0.15155300000000005
1.1221e-08,0.15391139999999992
1.1223e-08,0.1559971
1.1225e-08,0.1578065999999999
1.1227e-08,0.1593386000000001
1.1229e-08,0.16059389999999996
1.1231e-08,0.16157480000000002
1.1233e-08,0.1622846
1.1235e-08,0.16272810000000004
1.1237e-08,0.16291080000000002
1.1239e-08,0.1628387
1.1241e-08,0.16251879999999996
1.1243e-08,0.16195820000000005
1.1245e-08,0.1611644000000001
1.1247e-08,0.16014510000000004
1.1249e-08,0.15890839999999995
1.1251e-08,0.15746250000000006
1.1253e-08,0.15581509999999998
1.1255e-08,0.15397480000000008
1.1257e-08,0.15194929999999995
1.1259e-08,0.14974700000000007
1.1261e-08,0.14737559999999994
1.1263e-08,0.1448431
1.1265e-08,0.14215719999999998
1.1267e-08,0.1393255
1.1269e-08,0.13635529999999996
1.1271e-08,0.13325410000000004
1.1273e-08,0.13002879999999994
1.1275e-08,0.12668639999999998
1.1277e-08,0.12323379999999995
1.1279e-08,0.11967729999999999
1.1281e-08,0.1160234
1.1283e-08,0.1122784
1.1285e-08,0.10844810000000005
1.1287e-08,0.10453849999999998
1.1289e-08,0.10055520000000007
1.1291e-08,0.09650360000000002
1.1293e-08,0.09238900000000005
1.1295e-08,0.08821650000000003
1.1297e-08,0.08399099999999993
1.1299e-08,0.07971729999999999
1.1301e-08,0.07540000000000002
1.1303e-08,0.07104339999999998
1.1305e-08,0.06665180000000004
1.1307e-08,0.06222939999999999
1.1309e-08,0.0577801
1.1311e-08,0.05330749999999995
1.1313e-08,0.04881550000000001
1.1315e-08,0.0443074
1.1317e-08,0.039786600000000005
1.1319e-08,0.035256399999999966
1.1321e-08,0.030719700000000016
1.1323e-08,0.02617959999999997
1.1325e-08,0.021638900000000016
1.1327e-08,0.01710020000000001
1.1329e-08,0.012566099999999913
1.1331e-08,0.008039200000000024
1.1333e-08,0.003521699999999961
1.1335e-08,-0.0009841999999999906
1.1337e-08,-0.005476199999999931
1.1339e-08,-0.00995250000000003
1.1341e-08,-0.014410999999999952
1.1343e-08,-0.018849800000000028
1.1345e-08,-0.023267499999999997
1.1347e-08,-0.02766219999999997
1.1349e-08,-0.03203239999999996
1.1351e-08,-0.03637659999999998
1.1353e-08,-0.0406934000000001
1.1355e-08,-0.044981599999999955
1.1357e-08,-0.04923999999999995
1.1359e-08,-0.05346720000000005
1.1361e-08,-0.0576624
1.1363e-08,-0.0618244
1.1365e-08,-0.06595240000000002
1.1367e-08,-0.07004540000000004
1.1369e-08,-0.07410260000000002
1.1371e-08,-0.07812320000000006
1.1373e-08,-0.08210660000000003
1.1375e-08,-0.08605209999999996
1.1377e-08,-0.0899589999999999
1.1379e-08,-0.09382689999999994
1.1381e-08,-0.0976553
1.1383e-08,-0.10144370000000003
1.1385e-08,-0.1051917
1.1387e-08,-0.10889890000000002
1.1389e-08,-0.11256500000000003
1.1391e-08,-0.11618980000000001
1.1393e-08,-0.11977289999999996
1.1395e-08,-0.12331440000000005
1.1397e-08,-0.12681379999999998
1.13985e-08,-0.12941059999999993
1.14e-08,-0.13199530000000004
1.14002e-08,-0.13234020000000002
1.14006e-08,-0.133031
1.14014e-08,-0.13441520000000007
1.1403e-08,-0.1371793
1.1405e-08,-0.14058959999999998
1.1407e-08,-0.14390390000000008
1.1409e-08,-0.14707990000000004
1.1411e-08,-0.15008350000000004
1.1413e-08,-0.15288750000000007
1.1415e-08,-0.15547069999999996
1.1417e-08,-0.1578168000000001
1.1419e-08,-0.1599138
1.1421e-08,-0.16175339999999994
1.1423e-08,-0.16333019999999998
1.1425e-08,-0.16464120000000004
1.1427e-08,-0.16568570000000005
1.1429e-08,-0.16646470000000002
1.1431e-08,-0.16698069999999998
1.1433e-08,-0.16723739999999998
1.1435e-08,-0.16723939999999993
1.1437e-08,-0.1669925
1.1439e-08,-0.16650260000000006
1.1441e-08,-0.1657767
1.1443e-08,-0.16482170000000007
1.1445e-08,-0.16364499999999993
1.1447e-08,-0.16225450000000008
1.1449e-08,-0.16065770000000001
1.1451e-08,-0.15886279999999997
1.1453e-08,-0.1568777
1.1455e-08,-0.15471009999999996
1.1457e-08,-0.15236839999999996
1.1459e-08,-0.14986
1.1461e-08,-0.14719289999999996
1.1463e-08,-0.14437469999999997
1.1465e-08,-0.14141289999999995
1.1467e-08,-0.13831500000000008
1.1469e-08,-0.1350882
1.1471e-08,-0.13173940000000006
1.1473e-08,-0.12827580000000005
1.1475e-08,-0.12470389999999998
1.1477e-08,-0.12103029999999992
1.1479e-08,-0.11726140000000007
1.1481e-08,-0.11340329999999998
1.1483e-08,-0.1094620999999999
1.1485e-08,-0.10544359999999997
1.1487e-08,-0.1013535000000001
1.1489e-08,-0.09719699999999998
1.1491e-08,-0.09297959999999994
1.1493e-08,-0.08870639999999996
1.1495e-08,-0.08438210000000002
1.1497e-08,-0.08001160000000007
1.1499e-08,-0.07559959999999999
1.1501e-08,-0.0711503
1.1503e-08,-0.06666799999999995
1.1505e-08,-0.062156699999999954
1.1507e-08,-0.05762049999999996
1.1509e-08,-0.05306319999999998
1.1511e-08,-0.04848819999999998
1.1513e-08,-0.04389920000000003
1.1515e-08,-0.039299299999999926
1.1517e-08,-0.0346919
1.1519e-08,-0.030080100000000054
1.1521e-08,-0.025466699999999953
1.1523e-08,-0.02085440000000005
1.1525e-08,-0.01624619999999999
1.1527e-08,-0.01164429999999994
1.1529e-08,-0.007051400000000041
1.1531e-08,-0.0024695999999999607
1.1533e-08,0.002098700000000009
1.1535e-08,0.006651300000000027
1.1537e-08,0.011186499999999988
1.1539e-08,0.0157022
1.1541e-08,0.02019660000000001
1.1543e-08,0.02466809999999997
1.1545e-08,0.029115000000000002
1.1547e-08,0.033535800000000004
1.1549e-08,0.037928799999999985
1.1551e-08,0.04229320000000003
1.1553e-08,0.04662710000000003
1.1555e-08,0.050929800000000025
1.1557e-08,0.05519989999999997
1.1559e-08,0.059436399999999945
1.1561e-08,0.06363819999999998
1.1563e-08,0.06780450000000005
1.1565e-08,0.07193460000000007
1.1567e-08,0.07602730000000002
1.1569e-08,0.08008219999999999
1.1571e-08,0.08409849999999996
1.1573e-08,0.08807560000000003
1.1575e-08,0.0920127999999999
1.1577e-08,0.09590980000000005
1.1579e-08,0.09976600000000002
1.1581e-08,0.10358099999999992
1.1583e-08,0.10735440000000007
1.1585e-08,0.11108580000000001
1.1587e-08,0.11477500000000007
1.1589e-08,0.11842180000000002
1.1591e-08,0.12202579999999996
1.1593e-08,0.125587
1.1595e-08,0.12910509999999997
1.1597e-08,0.13258009999999998
1.15985e-08,0.135158
1.16e-08,0.1377115
1.16002e-08,0.13804990000000006
1.16006e-08,0.1387258
1.16014e-08,0.14007249999999993
1.1603e-08,0.14274530000000007
1.1605e-08,0.14604709999999999
1.1607e-08,0.14930569999999999
1.1609e-08,0.15252100000000002
1.1611e-08,0.15569330000000003
1.1613e-08,0.15882249999999998
1.1615e-08,0.16190879999999996
1.1617e-08,0.16495230000000005
1.1619e-08,0.16795320000000002
1.1621e-08,0.17091159999999994
1.1623e-08,0.17382779999999998
1.1625e-08,0.17670200000000003
1.1627e-08,0.17953430000000004
1.1629e-08,0.18232519999999997
1.1631e-08,0.18507469999999993
1.1633e-08,0.18778309999999998
1.1635e-08,0.19045080000000003
1.1637e-08,0.19307810000000003
1.1639e-08,0.19566519999999998
1.1641e-08,0.19821240000000007
1.1643e-08,0.20072010000000007
1.1645e-08,0.2031887
1.1647e-08,0.20561830000000003
1.1649e-08,0.20800949999999996
1.1651e-08,0.2103625
1.1653e-08,0.21267769999999997
1.1655e-08,0.21495540000000002
1.1657e-08,0.21719620000000006
1.1659e-08,0.2194001
1.1661e-08,0.22156779999999998
1.1663e-08,0.22369949999999994
1.1665e-08,0.22579570000000004
1.1667e-08,0.22785690000000003
1.1669e-08,0.2298831
1.1671e-08,0.23187500000000005
1.1673e-08,0.2338329
1.1675e-08,0.23575730000000006
1.1677e-08,0.23764839999999998
1.1679e-08,0.2395067999999999
1.1681e-08,0.24133280000000001
1.1683e-08,0.2431268000000001
1.1685e-08,0.24488920000000003
1.1687e-08,0.24662039999999996
1.1689e-08,0.2483208
1.1691e-08,0.24999080000000007
1.1693e-08,0.25163099999999994
1.1695e-08,0.25324140000000006
1.1697e-08,0.25482270000000007
1.1699e-08,0.2563752
1.1701e-08,0.25789929999999994
1.1703e-08,0.2593953
1.1705e-08,0.2608638000000001
1.1707e-08,0.262305
1.1709e-08,0.26371939999999994
1.1711e-08,0.26510730000000005
1.1713e-08,0.2664691
1.1715e-08,0.26780519999999997
1.1717e-08,0.269116
1.1719e-08,0.2704018
1.1721e-08,0.27166310000000005
1.1723e-08,0.2729001
1.1725e-08,0.2741133
1.1727e-08,0.2753030000000001
1.1729e-08,0.27646950000000003
1.1731e-08,0.27761329999999995
1.1733e-08,0.2787347
1.1735e-08,0.279834
1.1737e-08,0.28091160000000004
1.1739e-08,0.2819678
1.1741e-08,0.283003
1.1743e-08,0.28401750000000003
1.1745e-08,0.2850115
1.1747e-08,0.28598559999999995
1.1749e-08,0.2869398999999999
1.1751e-08,0.2878748
1.1753e-08,0.2887906
1.1755e-08,0.2896877
1.1757e-08,0.29056630000000006
1.1759e-08,0.2914268
1.1761e-08,0.2922693999999999
1.1763e-08,0.2930944999999999
1.1765e-08,0.29390230000000006
1.1767e-08,0.29469329999999994
1.1769e-08,0.29546760000000005
1.1771e-08,0.2962254000000001
1.1773e-08,0.2969672
1.1775e-08,0.2976932
1.1777e-08,0.2984036
1.1779e-08,0.29909870000000005
1.1781e-08,0.29977889999999996
1.1783e-08,0.3004443
1.1785e-08,0.30109530000000007
1.1787e-08,0.30173210000000006
1.1789e-08,0.3023549
1.1791e-08,0.30296390000000006
1.1793e-08,0.3035595000000001
1.1795e-08,0.3041419000000001
1.1797e-08,0.3047113
1.17985e-08,0.30513
1.18e-08,0.3055416000000001
1.18002e-08,0.30559590000000003
1.18006e-08,0.3057042000000001
1.18014e-08,0.3059193
1.1803e-08,0.3063439
1.1805e-08,0.30686369999999996
1.1807e-08,0.3073717
1.1809e-08,0.3078681000000001
1.1811e-08,0.30835309999999994
1.1813e-08,0.30882679999999996
1.1815e-08,0.3092897
1.1817e-08,0.30974179999999996
1.1819e-08,0.31018330000000005
1.1821e-08,0.3106145
1.1823e-08,0.3110355
1.1825e-08,0.31144649999999996
1.1827e-08,0.3118478
1.1829e-08,0.31223939999999994
1.1831e-08,0.3126217
1.1833e-08,0.3129947999999999
1.1835e-08,0.31335879999999994
1.1837e-08,0.3137139
1.1839e-08,0.31406029999999996
1.1841e-08,0.3143984000000001
1.1843e-08,0.3147279999999999
1.1845e-08,0.31504940000000003
1.1847e-08,0.31536280000000005
1.1849e-08,0.31566839999999996
1.1851e-08,0.31596630000000003
1.1853e-08,0.31625650000000005
1.1855e-08,0.3165395
1.1857e-08,0.3168151
1.1859e-08,0.3170838
1.1861e-08,0.31734549999999995
1.1863e-08,0.31760029999999995
1.1865e-08,0.31784840000000003
1.1867e-08,0.31809010000000004
1.1869e-08,0.3183254
1.1871e-08,0.3185544
1.1873e-08,0.31877730000000004
1.1875e-08,0.3189942
1.1877e-08,0.3192051
1.1879e-08,0.3194104000000001
1.1881e-08,0.31960999999999995
1.1883e-08,0.31980410000000004
1.1885e-08,0.3199928999999999
1.1887e-08,0.32017629999999997
1.1889e-08,0.32035460000000004
1.1891e-08,0.3205279
1.1893e-08,0.3206962
1.1895e-08,0.3208597000000001
1.1897e-08,0.32101840000000004
1.1899e-08,0.32117260000000003
1.1901e-08,0.32132210000000005
1.1903e-08,0.3214673
1.1905e-08,0.3216082
1.1907e-08,0.32174480000000005
1.1909e-08,0.32187730000000003
1.1911e-08,0.3220057999999999
1.1913e-08,0.3221303000000001
1.1915e-08,0.32225079999999995
1.1917e-08,0.3223676999999999
1.1919e-08,0.32248089999999996
1.1921e-08,0.32259040000000005
1.1923e-08,0.32269649999999994
1.1925e-08,0.3227991
1.1927e-08,0.32289840000000003
1.1929e-08,0.3229944
1.1931e-08,0.32308710000000007
1.1933e-08,0.32317679999999993
1.1935e-08,0.3232632999999999
1.1937e-08,0.32334700000000005
1.1939e-08,0.3234275999999999
1.1941e-08,0.3235055
1.1943e-08,0.3235806
1.1945e-08,0.3236528999999999
1.1947e-08,0.3237226000000001
1.1949e-08,0.32378970000000007
1.1951e-08,0.3238542000000001
1.1953e-08,0.32391649999999994
1.1955e-08,0.32397620000000005
1.1957e-08,0.32403360000000003
1.1959e-08,0.3240887
1.1961e-08,0.32414160000000003
1.1963e-08,0.32419240000000005
1.1965e-08,0.32424089999999994
1.1967e-08,0.3242876
1.1969e-08,0.3243321
1.1971e-08,0.32437479999999996
1.1973e-08,0.3244154
1.1975e-08,0.3244542
1.1977e-08,0.32449130000000004
1.1979e-08,0.3245266
1.1981e-08,0.3245602000000001
1.1983e-08,0.324592
1.1985e-08,0.32462230000000003
1.1987e-08,0.3246509000000001
1.1989e-08,0.3246779999999999
1.1991e-08,0.32470370000000004
1.1993e-08,0.32472789999999996
1.1995e-08,0.3247506
1.1997e-08,0.3247719
1.19985e-08,0.32478719999999994
1.2e-08,0.32480149999999997
1.20002e-08,0.3248034000000001
1.20006e-08,0.3248071
1.20014e-08,0.3248143
1.2003e-08,0.32482809999999995
1.2005e-08,0.3248443999999999
1.2007e-08,0.3248594
1.2009e-08,0.32487330000000003
1.2011e-08,0.32488589999999995
1.2013e-08,0.32489769999999996
1.2015e-08,0.3249080999999999
1.2017e-08,0.3249177
1.2019e-08,0.32492620000000005
1.2021e-08,0.32493380000000005
1.2023e-08,0.3249404
1.2025e-08,0.32494599999999996
1.2027e-08,0.3249508000000001
1.2029e-08,0.32495470000000004
1.2031e-08,0.3249576999999999
1.2033e-08,0.32496
1.2035e-08,0.3249615
1.2037e-08,0.3249622
1.2039e-08,0.3249622
1.2041e-08,0.3249615
1.2043e-08,0.3249601
1.2045e-08,0.32495799999999997
1.2047e-08,0.32495529999999995
1.2049e-08,0.32495189999999996
1.2051e-08,0.32494790000000007
1.2053e-08,0.3249434
1.2055e-08,0.3249382999999999
1.2057e-08,0.3249326
1.2059e-08,0.32492640000000006
1.2061e-08,0.3249198
1.2063e-08,0.3249126
1.2065e-08,0.324905
1.2067e-08,0.32489689999999993
1.2069e-08,0.32488839999999997
1.2071e-08,0.32487940000000004
1.2073e-08,0.32487010000000005
1.2075e-08,0.3248603
1.2077e-08,0.3248502
1.2079e-08,0.32483969999999995
1.2081e-08,0.3248289
1.2083e-08,0.3248177
1.2085e-08,0.3248063
1.2087e-08,0.3247945
1.2089e-08,0.3247825
1.2091e-08,0.32477009999999995
1.2093e-08,0.3247576
1.2095e-08,0.3247447
1.2097e-08,0.3247315999999999
1.2099e-08,0.3247183
1.2101e-08,0.32470469999999996
1.2103e-08,0.32469100000000006
1.2105e-08,0.32467710000000005
1.2107e-08,0.32466300000000003
1.2109e-08,0.3246487
1.2111e-08,0.3246342
1.2113e-08,0.3246196
1.2115e-08,0.3246048
1.2117e-08,0.3245899
1.2119e-08,0.32457480000000005
1.2121e-08,0.3245597
1.2123e-08,0.32454440000000007
1.2125e-08,0.32452899999999996
1.2127e-08,0.32451359999999996
1.2129e-08,0.32449799999999995
1.2131e-08,0.3244823
1.2133e-08,0.32446659999999994
1.2135e-08,0.32445080000000004
1.2137e-08,0.32443500000000003
1.2139e-08,0.324419
1.2141e-08,0.32440309999999994
1.2143e-08,0.3243870000000001
1.2145e-08,0.3243711
1.2147e-08,0.32435499999999995
1.2149e-08,0.3243389000000001
1.2151e-08,0.3243227000000001
1.2153e-08,0.3243066
1.2155e-08,0.3242904000000001
1.2157e-08,0.32427420000000007
1.2159e-08,0.3242581
1.2161e-08,0.32424189999999997
1.2163e-08,0.3242258
1.2165e-08,0.32420970000000005
1.2167e-08,0.32419359999999997
1.2169e-08,0.32417739999999995
1.2171e-08,0.32416140000000004
1.2173e-08,0.32414540000000003
1.2175e-08,0.3241294
1.2177e-08,0.3241134
1.2179e-08,0.3240974000000001
1.2181e-08,0.3240815
1.2183e-08,0.3240657
1.2185e-08,0.3240499
1.2187e-08,0.3240341000000001
1.2189e-08,0.32401840000000004
1.2191e-08,0.32400280000000004
1.2193e-08,0.3239871999999999
1.2195e-08,0.3239717
1.2197e-08,0.3239561999999999
1.21985e-08,0.3239446
1.22e-08,0.32393320000000003
1.22002e-08,0.3239324
1.22006e-08,0.3239328
1.22014e-08,0.3239445000000001
1.2203e-08,0.3239959
1.2205e-08,0.3240742000000001
1.2207e-08,0.3241201
1.2209e-08,0.32408919999999997
1.2211e-08,0.32394580000000006
1.2213e-08,0.32366110000000003
1.2215e-08,0.32321239999999996
1.2217e-08,0.3225817000000001
1.2219e-08,0.3217557
1.2221e-08,0.320724
1.2223e-08,0.3194798
1.2225e-08,0.31801820000000003
1.2227e-08,0.3163372
1.2229e-08,0.3144359
1.2231e-08,0.3123154
1.2233e-08,0.309978
1.2235e-08,0.3074268
1.2237e-08,0.30466610000000005
1.2239e-08,0.3017008
1.2241e-08,0.2985363
1.2243e-08,0.2951787
1.2245e-08,0.29163440000000007
1.2247e-08,0.28791010000000006
1.2249e-08,0.2840127
1.2251e-08,0.27994929999999996
1.2253e-08,0.2757271
1.2255e-08,0.2713533
1.2257e-08,0.26683540000000006
1.2259e-08,0.26218050000000004
1.2261e-08,0.25739579999999995
1.2263e-08,0.25248859999999995
1.2265e-08,0.24746619999999997
1.2267e-08,0.24233519999999997
1.2269e-08,0.2371027
1.2271e-08,0.23177539999999996
1.2273e-08,0.22635989999999995
1.2275e-08,0.22086289999999997
1.2277e-08,0.2152904
1.2279e-08,0.20964860000000007
1.2281e-08,0.2039436
1.2283e-08,0.19818119999999995
1.2285e-08,0.1923669
1.2287e-08,0.1865063
1.2289e-08,0.1806046
1.2291e-08,0.17466709999999996
1.2293e-08,0.16869849999999997
1.2295e-08,0.16270379999999995
1.2297e-08,0.15668749999999998
1.2299e-08,0.1506541
1.2301e-08,0.1446079
1.2303e-08,0.13855289999999998
1.2305e-08,0.13249309999999992
1.2307e-08,0.12643230000000005
1.2309e-08,0.12037419999999999
1.2311e-08,0.11432200000000003
1.2313e-08,0.10827949999999997
1.2315e-08,0.10224940000000005
1.2317e-08,0.09623519999999997
1.2319e-08,0.09023949999999992
1.2321e-08,0.08426509999999998
1.2323e-08,0.07831469999999996
1.2325e-08,0.07239090000000004
1.2327e-08,0.0664958
1.2329e-08,0.06063190000000007
1.2331e-08,0.054801199999999994
1.2333e-08,0.04900590000000005
1.2335e-08,0.04324779999999995
1.2337e-08,0.03752860000000002
1.2339e-08,0.03185009999999999
1.2341e-08,0.02621399999999996
1.2343e-08,0.020621600000000018
1.2345e-08,0.015074299999999985
1.2347e-08,0.00957359999999996
1.2349e-08,0.00412060000000003
1.2351e-08,-0.0012833999999999346
1.2353e-08,-0.00663770000000008
1.2355e-08,-0.011941100000000038
1.2357e-08,-0.01719269999999995
1.2359e-08,-0.022391599999999956
1.2361e-08,-0.027537400000000045
1.2363e-08,-0.03262889999999996
1.2365e-08,-0.03766599999999998
1.2367e-08,-0.0426477999999999
1.2369e-08,-0.04757389999999995
1.2371e-08,-0.052444000000000046
1.2373e-08,-0.05725749999999996
1.2375e-08,-0.06201420000000002
1.2377e-08,-0.06671379999999993
1.2379e-08,-0.07135610000000003
1.2381e-08,-0.07594090000000009
1.2383e-08,-0.08046810000000004
1.2385e-08,-0.0849375
1.2387e-08,-0.08934929999999996
1.2389e-08,-0.09370310000000004
1.2391e-08,-0.09799930000000001
1.2393e-08,-0.10223780000000005
1.2395e-08,-0.10641860000000003
1.2397e-08,-0.11054200000000003
1.23985e-08,-0.11359700000000006
1.24e-08,-0.11661969999999999
1.24002e-08,-0.11702000000000001
1.24006e-08,-0.11781949999999997
1.24014e-08,-0.11941160000000006
1.2403e-08,-0.12256869999999997
1.2405e-08,-0.12646400000000002
1.2407e-08,-0.13030300000000006
1.2409e-08,-0.13408580000000003
1.2411e-08,-0.13781280000000007
1.2413e-08,-0.14148420000000006
1.2415e-08,-0.14510050000000008
1.2417e-08,-0.14866210000000002
1.2419e-08,-0.1521692
1.2421e-08,-0.1556223
1.2423e-08,-0.1590218
1.2425e-08,-0.16236810000000002
1.2427e-08,-0.16566170000000002
1.2429e-08,-0.16890300000000003
1.2431e-08,-0.17209239999999992
1.2433e-08,-0.1752304
1.2435e-08,-0.17831760000000008
1.2437e-08,-0.18135440000000003
1.2439e-08,-0.18434130000000004
1.2441e-08,-0.18727870000000002
1.2443e-08,-0.19016729999999993
1.2445e-08,-0.19300760000000006
1.2447e-08,-0.19579990000000003
1.2449e-08,-0.19854490000000002
1.2451e-08,-0.2012431
1.2453e-08,-0.20389519999999994
1.2455e-08,-0.20650139999999995
1.2457e-08,-0.20906230000000003
1.2459e-08,-0.2115787
1.2461e-08,-0.214051
1.2463e-08,-0.21647969999999994
1.2465e-08,-0.2188654
1.2467e-08,-0.2212086000000001
1.2469e-08,-0.22350979999999998
1.2471e-08,-0.22576969999999996
1.2473e-08,-0.22798870000000004
1.2475e-08,-0.2301673999999999
1.2477e-08,-0.23230640000000002
1.2479e-08,-0.23440609999999995
1.2481e-08,-0.23646699999999998
1.2483e-08,-0.23848990000000003
1.2485e-08,-0.24047509999999994
1.2487e-08,-0.24242319999999995
1.2489e-08,-0.24433470000000002
1.2491e-08,-0.2462103
1.2493e-08,-0.2480502
1.2495e-08,-0.24985520000000006
1.2497e-08,-0.2516258
1.2499e-08,-0.25336230000000004
1.2501e-08,-0.25506529999999994
1.2503e-08,-0.2567353
1.2505e-08,-0.25837299999999996
1.2507e-08,-0.25997860000000006
1.2509e-08,-0.26155280000000003
1.2511e-08,-0.263096
1.2513e-08,-0.26460870000000003
1.2515e-08,-0.2660914
1.2517e-08,-0.2675444
1.2519e-08,-0.26896849999999994
1.2521e-08,-0.27036380000000004
1.2523e-08,-0.2717311
1.2525e-08,-0.27307059999999994
1.2527e-08,-0.2743829000000001
1.2529e-08,-0.2756683000000001
1.2531e-08,-0.2769275
1.2533e-08,-0.2781606
1.2535e-08,-0.2793683
1.2537e-08,-0.2805508
1.2539e-08,-0.2817088000000001
1.2541e-08,-0.28284240000000005
1.2543e-08,-0.2839524
1.2545e-08,-0.2850387999999999
1.2547e-08,-0.28610230000000003
1.2549e-08,-0.28714300000000004
1.2551e-08,-0.2881616
1.2553e-08,-0.2891583000000001
1.2555e-08,-0.2901336
1.2557e-08,-0.2910878
1.2559e-08,-0.2920212000000001
1.2561e-08,-0.29293439999999993
1.2563e-08,-0.2938275
1.2565e-08,-0.294701
1.2567e-08,-0.2955551999999999
1.2569e-08,-0.2963905
1.2571e-08,-0.29720710000000006
1.2573e-08,-0.2980056
1.2575e-08,-0.29878609999999994
1.2577e-08,-0.29954900000000007
1.2579e-08,-0.3002946999999999
1.2581e-08,-0.30102339999999994
1.2583e-08,-0.3017354
1.2585e-08,-0.30243109999999995
1.2587e-08,-0.30311090000000007
1.2589e-08,-0.3037747999999999
1.2591e-08,-0.30442329999999995
1.2593e-08,-0.3050568
1.2595e-08,-0.3056753
1.2597e-08,-0.3062792999999999
1.25985e-08,-0.3067229
1.26e-08,-0.30715859999999995
1.26002e-08,-0.3072159
1.26006e-08,-0.30733050000000006
1.26014e-08,-0.307558
1.2603e-08,-0.30800649999999996
1.2605e-08,-0.30855489999999997
1.2607e-08,-0.3090902
1.2609e-08,-0.3096124
1.2611e-08,-0.310122
1.2613e-08,-0.3106190999999999
1.2615e-08,-0.3111039000000001
1.2617e-08,-0.31157690000000005
1.2619e-08,-0.31203800000000004
1.2621e-08,-0.3124876
1.2623e-08,-0.3129261
1.2625e-08,-0.3133534
1.2627e-08,-0.31376990000000005
1.2629e-08,-0.31417570000000006
1.2631e-08,-0.31457119999999994
1.2633e-08,-0.31495660000000003
1.2635e-08,-0.3153319
1.2637e-08,-0.31569749999999996
1.2639e-08,-0.3160535
1.2641e-08,-0.31640009999999996
1.2643e-08,-0.3167375
1.2645e-08,-0.31706599999999996
1.2647e-08,-0.31738560000000005
1.2649e-08,-0.3176966
1.2651e-08,-0.3179993
1.2653e-08,-0.3182934999999999
1.2655e-08,-0.3185798000000001
1.2657e-08,-0.31885810000000003
1.2659e-08,-0.31912870000000004
1.2661e-08,-0.31939170000000006
1.2663e-08,-0.3196472
1.2665e-08,-0.31989559999999995
1.2667e-08,-0.3201368
1.2669e-08,-0.3203711
1.2671e-08,-0.32059859999999996
1.2673e-08,-0.3208194999999999
1.2675e-08,-0.32103380000000004
1.2677e-08,-0.3212418
1.2679e-08,-0.3214435
1.2681e-08,-0.3216392
1.2683e-08,-0.32182900000000003
1.2685e-08,-0.3220128
1.2687e-08,-0.32219109999999995
1.2689e-08,-0.3223638
1.2691e-08,-0.322531
1.2693e-08,-0.322693
1.2695e-08,-0.3228497
1.2697e-08,-0.3230014
1.2699e-08,-0.3231482
1.2701e-08,-0.32329019999999997
1.2703e-08,-0.3234273
1.2705e-08,-0.3235599
1.2707e-08,-0.323688
1.2709e-08,-0.3238116999999999
1.2711e-08,-0.3239311
1.2713e-08,-0.3240463
1.2715e-08,-0.3241573
1.2717e-08,-0.32426450000000007
1.2719e-08,-0.32436770000000004
1.2721e-08,-0.32446700000000006
1.2723e-08,-0.32456279999999993
1.2725e-08,-0.3246548
1.2727e-08,-0.3247434
1.2729e-08,-0.3248283999999999
1.2731e-08,-0.3249101
1.2733e-08,-0.3249885
1.2735e-08,-0.32506370000000007
1.2737e-08,-0.32513590000000003
1.2739e-08,-0.3252049
1.2741e-08,-0.325271
1.2743e-08,-0.3253342
1.2745e-08,-0.3253946
1.2747e-08,-0.3254523
1.2749e-08,-0.32550729999999994
1.2751e-08,-0.32555959999999995
1.2753e-08,-0.32560939999999994
1.2755e-08,-0.3256569
1.2757e-08,-0.32570179999999993
1.2759e-08,-0.32574440000000005
1.2761e-08,-0.3257848
1.2763e-08,-0.3258228999999999
1.2765e-08,-0.3258588
1.2767e-08,-0.32589270000000004
1.2769e-08,-0.32592449999999995
1.2771e-08,-0.3259544
1.2773e-08,-0.3259822
1.2775e-08,-0.3260082999999999
1.2777e-08,-0.32603249999999995
1.2779e-08,-0.3260548999999999
1.2781e-08,-0.32607549999999996
1.2783e-08,-0.32609450000000006
1.2785e-08,-0.3261119
1.2787e-08,-0.32612779999999997
1.2789e-08,-0.32614199999999993
1.2791e-08,-0.3261547
1.2793e-08,-0.32616599999999996
1.2795e-08,-0.32617589999999996
1.2797e-08,-0.32618459999999994
1.27985e-08,-0.3261902
1.28e-08,-0.32620649999999995
1.28002e-08,-0.32621100000000003
1.28006e-08,-0.32622149999999994
1.28014e-08,-0.3262505
1.2803e-08,-0.3263245
1.2805e-08,-0.32641149999999997
1.2807e-08,-0.32644799999999996
1.2809e-08,-0.32639300000000004
1.2811e-08,-0.3262134
1.2813e-08,-0.32588300000000003
1.2815e-08,-0.3253809
1.2817e-08,-0.32469079999999995
1.2819e-08,-0.3238006
1.2821e-08,-0.32270129999999997
1.2823e-08,-0.3213870000000001
1.2825e-08,-0.3198537
1.2827e-08,-0.31810000000000005
1.2829e-08,-0.31612570000000006
1.2831e-08,-0.31393230000000005
1.2833e-08,-0.3115224999999999
1.2835e-08,-0.3088997
1.2837e-08,-0.3060686
1.2839e-08,-0.30303440000000004
1.2841e-08,-0.29980249999999997
1.2843e-08,-0.2963791
1.2845e-08,-0.292771
1.2847e-08,-0.2889847
1.2849e-08,-0.28502720000000004
1.2851e-08,-0.2809058
1.2853e-08,-0.2766276
1.2855e-08,-0.27219990000000005
1.2857e-08,-0.2676301
1.2859e-08,-0.2629254
1.2861e-08,-0.2580929999999999
1.2863e-08,-0.25314020000000004
1.2865e-08,-0.2480738
1.2867e-08,-0.24290100000000003
1.2869e-08,-0.23762870000000003
1.2871e-08,-0.2322634
1.2873e-08,-0.22681170000000006
1.2875e-08,-0.22128020000000004
1.2877e-08,-0.2156749
1.2879e-08,-0.21000210000000008
1.2881e-08,-0.20426770000000005
1.2883e-08,-0.19847740000000003
1.2885e-08,-0.1926369
1.2887e-08,-0.1867513999999999
1.2889e-08,-0.18082640000000005
1.2891e-08,-0.1748668
1.2893e-08,-0.16887759999999996
1.2895e-08,-0.1628636
1.2897e-08,-0.1568292
1.2899e-08,-0.1507788
1.2901e-08,-0.14471670000000003
1.2903e-08,-0.13864700000000008
1.2905e-08,-0.1325735
1.2907e-08,-0.12650019999999995
1.2909e-08,-0.12043029999999999
1.2911e-08,-0.11436760000000001
1.2913e-08,-0.1083151
1.2915e-08,-0.10227629999999999
1.2917e-08,-0.09625380000000006
1.2919e-08,-0.09025070000000002
1.2921e-08,-0.08426979999999995
1.2923e-08,-0.07831350000000004
1.2925e-08,-0.07238430000000007
1.2927e-08,-0.06648480000000001
1.2929e-08,-0.060616899999999974
1.2931e-08,-0.054782999999999915
1.2933e-08,-0.04898480000000005
1.2935e-08,-0.04322429999999999
1.2937e-08,-0.037503399999999965
1.2939e-08,-0.03182370000000001
1.2941e-08,-0.02618660000000006
1.2943e-08,-0.020593900000000054
1.2945e-08,-0.015046699999999968
1.2947e-08,-0.009546300000000008
1.2949e-08,-0.004094099999999989
1.2951e-08,0.0013090000000000046
1.2953e-08,0.006661800000000051
1.2955e-08,0.011963500000000016
1.2957e-08,0.01721309999999998
1.2959e-08,0.022409800000000035
1.2961e-08,0.027553099999999997
1.2963e-08,0.03264199999999995
1.2965e-08,0.0376761000000001
1.2967e-08,0.04265479999999999
1.2969e-08,0.047577700000000056
1.2971e-08,0.05244420000000005
1.2973e-08,0.057254099999999974
1.2975e-08,0.06200709999999998
1.2977e-08,0.06670280000000006
1.2979e-08,0.07134110000000005
1.2981e-08,0.07592189999999999
1.2983e-08,0.08044489999999993
1.2985e-08,0.08490999999999993
1.2987e-08,0.08931739999999999
1.2989e-08,0.0936669
1.2991e-08,0.09795869999999995
1.2993e-08,0.10219259999999997
1.2995e-08,0.10636899999999994
1.2997e-08,0.11048780000000002
1.29985e-08,0.11353920000000006
1.3e-08,0.11655859999999996
1.30002e-08,0.1169583999999999
1.30006e-08,0.117757
1.30014e-08,0.11934730000000005
1.3003e-08,0.12250070000000002
1.3005e-08,0.12639140000000004
1.3007e-08,0.1302257
1.3009e-08,0.13400389999999995
1.3011e-08,0.13772629999999997
1.3013e-08,0.14139329999999994
1.3015e-08,0.14500499999999994
1.3017e-08,0.14856209999999992
1.3019e-08,0.15206469999999994
1.3021e-08,0.1555133999999999
1.3023e-08,0.1589085
1.3025e-08,0.16225049999999996
1.3027e-08,0.16553970000000007
1.3029e-08,0.16877680000000006
1.3031e-08,0.17196199999999995
1.3033e-08,0.17509590000000008
1.3035e-08,0.1781790000000001
1.3037e-08,0.1812117000000001
1.3039e-08,0.18419470000000004
1.3041e-08,0.18712819999999997
1.3043e-08,0.190013
1.3045e-08,0.19284939999999995
1.3047e-08,0.19563819999999998
1.3049e-08,0.1983796
1.3051e-08,0.2010742000000001
1.3053e-08,0.20372270000000003
1.3055e-08,0.20632550000000005
1.3057e-08,0.20888319999999994
1.3059e-08,0.21139639999999993
1.3061e-08,0.21386539999999998
1.3063e-08,0.216291
1.3065e-08,0.21867369999999997
1.3067e-08,0.22101400000000004
1.3069e-08,0.22331230000000002
1.3071e-08,0.22556949999999998
1.3073e-08,0.22778569999999998
1.3075e-08,0.2299618
1.3077e-08,0.23209819999999992
1.3079e-08,0.23419540000000005
1.3081e-08,0.23625399999999996
1.3083e-08,0.23827449999999994
1.3085e-08,0.2402575
1.3087e-08,0.2422034999999999
1.3089e-08,0.24411289999999997
1.3091e-08,0.24598639999999994
1.3093e-08,0.2478245
1.3095e-08,0.2496275
1.3097e-08,0.2513963
1.3099e-08,0.25313110000000005
1.3101e-08,0.2548325
1.3103e-08,0.25650110000000004
1.3105e-08,0.2581371
1.3107e-08,0.2597414
1.3109e-08,0.26131420000000005
1.3111e-08,0.26285610000000004
1.3113e-08,0.26436760000000004
1.3115e-08,0.265849
1.3117e-08,0.267301
1.3119e-08,0.2687241
1.3121e-08,0.27011850000000004
1.3123e-08,0.27148479999999997
1.3125e-08,0.27282339999999994
1.3127e-08,0.27413489999999996
1.3129e-08,0.2754198
1.3131e-08,0.2766782
1.3133e-08,0.27791070000000007
1.3135e-08,0.27911790000000003
1.3137e-08,0.2803
1.3139e-08,0.2814575
1.3141e-08,0.2825907999999999
1.3143e-08,0.2837004000000001
1.3145e-08,0.2847866
1.3147e-08,0.28584980000000004
1.3149e-08,0.28689049999999994
1.3151e-08,0.28790899999999997
1.3153e-08,0.2889056
1.3155e-08,0.2898809
1.3157e-08,0.2908351
1.3159e-08,0.2917687
1.3161e-08,0.292682
1.3163e-08,0.29357520000000004
1.3165e-08,0.29444900000000007
1.3167e-08,0.29530350000000005
1.3169e-08,0.29613900000000004
1.3171e-08,0.296956
1.3173e-08,0.29775489999999993
1.3175e-08,0.2985358
1.3177e-08,0.2992992
1.3179e-08,0.3000454
1.3181e-08,0.3007746
1.3183e-08,0.30148719999999996
1.3185e-08,0.3021836000000001
1.3187e-08,0.30286389999999996
1.3189e-08,0.3035285
1.3191e-08,0.30417779999999994
1.3193e-08,0.3048118999999999
1.3195e-08,0.30543129999999996
1.3197e-08,0.3060360000000001
1.31985e-08,0.30648029999999993
1.32e-08,0.30691650000000004
1.32002e-08,0.30697399999999997
1.32006e-08,0.30708880000000005
1.32014e-08,0.3073167
1.3203e-08,0.3077658
1.3205e-08,0.3083151999999999
1.3207e-08,0.30885129999999994
1.3209e-08,0.30937460000000006
1.3211e-08,0.3098851
1.3213e-08,0.3103832000000001
1.3215e-08,0.3108691
1.3217e-08,0.3113429999999999
1.3219e-08,0.31180530000000006
1.3221e-08,0.3122560000000001
1.3223e-08,0.3126955
1.3225e-08,0.31312399999999996
1.3227e-08,0.3135416
1.3229e-08,0.3139487000000001
1.3231e-08,0.3143454
1.3233e-08,0.3147318
1.3235e-08,0.31510839999999996
1.3237e-08,0.31547519999999996
1.3239e-08,0.3158324
1.3241e-08,0.31618029999999997
1.3243e-08,0.3165190000000001
1.3245e-08,0.3168487
1.3247e-08,0.31716959999999994
1.3249e-08,0.3174819
1.3251e-08,0.31778590000000007
1.3253e-08,0.31808159999999996
1.3255e-08,0.31836909999999996
1.3257e-08,0.31864879999999995
1.3259e-08,0.31892070000000006
1.3261e-08,0.31918500000000005
1.3263e-08,0.319442
1.3265e-08,0.3196917
1.3267e-08,0.3199342999999999
1.3269e-08,0.32016999999999995
1.3271e-08,0.3203988
1.3273e-08,0.32062119999999994
1.3275e-08,0.32083680000000003
1.3277e-08,0.32104619999999995
1.3279e-08,0.3212494
1.3281e-08,0.32144649999999997
1.3283e-08,0.3216377
1.3285e-08,0.3218230000000001
1.3287e-08,0.3220027000000001
1.3289e-08,0.32217680000000004
1.3291e-08,0.32234550000000006
1.3293e-08,0.3225089
1.3295e-08,0.3226671000000001
1.3297e-08,0.3228202
1.3299e-08,0.32296840000000004
1.3301e-08,0.3231117
1.3303e-08,0.32325040000000005
1.3305e-08,0.32338429999999996
1.3307e-08,0.3235139
1.3309e-08,0.323639
1.3311e-08,0.32375979999999993
1.3313e-08,0.32387639999999995
1.3315e-08,0.32398899999999997
1.3317e-08,0.3240974999999999
1.3319e-08,0.3242022
1.3321e-08,0.324303
1.3323e-08,0.32440009999999997
1.3325e-08,0.3244935
1.3327e-08,0.3245834000000001
1.3329e-08,0.32467
1.3331e-08,0.32475299999999996
1.3333e-08,0.3248329
1.3335e-08,0.32490949999999996
1.3337e-08,0.3249829999999999
1.3339e-08,0.32505340000000005
1.3341e-08,0.32512090000000005
1.3343e-08,0.32518539999999996
1.3345e-08,0.32524719999999996
1.3347e-08,0.32530629999999994
1.3349e-08,0.32536260000000006
1.3351e-08,0.3254163
1.3353e-08,0.32546739999999996
1.3355e-08,0.3255161
1.3357e-08,0.3255625
1.3359e-08,0.32560639999999996
1.3361e-08,0.3256481
1.3363e-08,0.3256876000000001
1.3365e-08,0.32572480000000004
1.3367e-08,0.3257599
1.3369e-08,0.32579309999999995
1.3371e-08,0.3258242
1.3373e-08,0.32585340000000007
1.3375e-08,0.3258807
1.3377e-08,0.3259061
1.3379e-08,0.32592979999999994
1.3381e-08,0.32595170000000007
1.3383e-08,0.32597199999999993
1.3385e-08,0.3259906
1.3387e-08,0.3260077
1.3389e-08,0.32602319999999996
1.3391e-08,0.3260371000000001
1.3393e-08,0.32604960000000005
1.3395e-08,0.3260607
1.3397e-08,0.32607049999999993
1.33985e-08,0.3260769
1.34e-08,0.32608270000000006
1.34002e-08,0.3260841000000001
1.34006e-08,0.32608899999999996
1.34014e-08,0.32610929999999994
1.3403e-08,0.3261777
1.3405e-08,0.3262758
1.3407e-08,0.3263404
1.3409e-08,0.32632740000000005
1.3411e-08,0.3262006999999999
1.3413e-08,0.32593189999999994
1.3415e-08,0.3254982999999999
1.3417e-08,0.32488209999999995
1.3419e-08,0.3240695
1.3421e-08,0.3230507
1.3423e-08,0.3218185
1.3425e-08,0.32036850000000006
1.3427e-08,0.31869820000000004
1.3429e-08,0.3168071
1.3431e-08,0.3146960999999999
1.3433e-08,0.31236739999999996
1.3435e-08,0.3098244
1.3437e-08,0.3070712
1.3439e-08,0.30411259999999996
1.3441e-08,0.3009543
1.3443e-08,0.29760220000000004
1.3445e-08,0.2940627
1.3447e-08,0.29034249999999995
1.3449e-08,0.28644860000000005
1.3451e-08,0.2823879
1.3453e-08,0.27816779999999997
1.3455e-08,0.27379549999999997
1.3457e-08,0.26927829999999997
1.3459e-08,0.26462339999999995
1.3461e-08,0.25983829999999997
1.3463e-08,0.25492989999999993
1.3465e-08,0.24990539999999994
1.3467e-08,0.244772
1.3469e-08,0.23953630000000004
1.3471e-08,0.2342054
1.3473e-08,0.22878549999999997
1.3475e-08,0.22328349999999997
1.3477e-08,0.21770539999999994
1.3479e-08,0.2120575
1.3481e-08,0.20634580000000002
1.3483e-08,0.20057619999999998
1.3485e-08,0.19475410000000004
1.3487e-08,0.18888530000000003
1.3489e-08,0.18297489999999994
1.3491e-08,0.17702799999999996
1.3493e-08,0.17104980000000003
1.3495e-08,0.16504490000000005
1.3497e-08,0.1590180000000001
1.3499e-08,0.15297359999999993
1.3501e-08,0.1469159
1.3503e-08,0.140849
1.3505e-08,0.1347769000000001
1.3507e-08,0.12870360000000003
1.3509e-08,0.12263250000000003
1.3511e-08,0.11656719999999998
1.3513e-08,0.11051100000000003
1.3515e-08,0.10446730000000004
1.3517e-08,0.09843879999999994
1.3519e-08,0.09242870000000003
1.3521e-08,0.08643970000000001
1.3523e-08,0.08047440000000006
1.3525e-08,0.07453529999999997
1.3527e-08,0.0686251
1.3529e-08,0.06274560000000007
1.3531e-08,0.05689920000000004
1.3533e-08,0.05108799999999991
1.3535e-08,0.04531380000000007
1.3537e-08,0.039578400000000014
1.3539e-08,0.03388369999999996
1.3541e-08,0.028231099999999953
1.3543e-08,0.02262209999999998
1.3545e-08,0.01705829999999997
1.3547e-08,0.011540800000000018
1.3549e-08,0.006071099999999996
1.3551e-08,0.0006500000000000394
1.3553e-08,-0.004721199999999981
1.3555e-08,-0.010041499999999925
1.3557e-08,-0.01531019999999994
1.3559e-08,-0.02052620000000005
1.3561e-08,-0.025688900000000015
1.3563e-08,-0.03079770000000004
1.3565e-08,-0.03585190000000005
1.3567e-08,-0.040850800000000076
1.3569e-08,-0.045794
1.3571e-08,-0.05068109999999992
1.3573e-08,-0.05551169999999994
1.3575e-08,-0.06028549999999999
1.3577e-08,-0.06500210000000006
1.3579e-08,-0.06966139999999998
1.3581e-08,-0.07426310000000003
1.3583e-08,-0.07880710000000002
1.3585e-08,-0.08329340000000007
1.3587e-08,-0.08772190000000002
1.3589e-08,-0.09209259999999997
1.3591e-08,-0.09640530000000003
1.3593e-08,-0.10066039999999998
1.3595e-08,-0.10485769999999994
1.3597e-08,-0.10899759999999992
1.35985e-08,-0.11206470000000002
1.36e-08,-0.11511119999999997
1.36002e-08,-0.11551699999999998
1.36006e-08,-0.11632920000000002
1.36014e-08,-0.11795449999999996
1.3603e-08,-0.12119380000000002
1.3605e-08,-0.1251850000000001
1.3607e-08,-0.12906600000000001
1.3609e-08,-0.1327948
1.3611e-08,-0.1363373
1.3613e-08,-0.13966689999999993
1.3615e-08,-0.14276250000000001
1.3617e-08,-0.14560810000000002
1.3619e-08,-0.14819230000000005
1.3621e-08,-0.1505067
1.3623e-08,-0.15254619999999997
1.3625e-08,-0.1543084
1.3627e-08,-0.15579260000000006
1.3629e-08,-0.15700019999999992
1.3631e-08,-0.15793390000000007
1.3633e-08,-0.1585978
1.3635e-08,-0.1589967
1.3637e-08,-0.15913640000000007
1.3639e-08,-0.15902340000000004
1.3641e-08,-0.15866449999999999
1.3643e-08,-0.15806719999999996
1.3645e-08,-0.15723910000000008
1.3647e-08,-0.156188
1.3649e-08,-0.15492190000000006
1.3651e-08,-0.15344900000000006
1.3653e-08,-0.15177739999999995
1.3655e-08,-0.14991520000000003
1.3657e-08,-0.1478704999999999
1.3659e-08,-0.14565129999999993
1.3661e-08,-0.1432656
1.3663e-08,-0.14072129999999994
1.3665e-08,-0.13802590000000003
1.3667e-08,-0.13518700000000006
1.3669e-08,-0.132212
1.3671e-08,-0.12910810000000006
1.3673e-08,-0.1258823
1.3675e-08,-0.12254160000000003
1.3677e-08,-0.11909259999999999
1.3679e-08,-0.11554169999999997
1.3681e-08,-0.11189539999999998
1.3683e-08,-0.10815960000000002
1.3685e-08,-0.10434050000000006
1.3687e-08,-0.10044370000000002
1.3689e-08,-0.09647479999999997
1.3691e-08,-0.0924391
1.3693e-08,-0.08834189999999997
1.3695e-08,-0.0841883000000001
1.3697e-08,-0.07998309999999997
1.3699e-08,-0.07573089999999993
1.3701e-08,-0.07143639999999996
1.3703e-08,-0.06710379999999994
1.3705e-08,-0.0627373
1.3707e-08,-0.058340999999999976
1.3709e-08,-0.0539187000000001
1.3711e-08,-0.04947429999999997
1.3713e-08,-0.04501120000000003
1.3715e-08,-0.04053300000000004
1.3717e-08,-0.036042700000000094
1.3719e-08,-0.03154389999999996
1.3721e-08,-0.02703920000000004
1.3723e-08,-0.02253179999999999
1.3725e-08,-0.018024200000000046
1.3727e-08,-0.01351939999999996
1.3729e-08,-0.009019699999999964
1.3731e-08,-0.004527500000000018
1.3733e-08,-4.519999999996749e-05
1.3735e-08,0.00442509999999996
1.3737e-08,0.008881200000000034
1.3739e-08,0.013321099999999975
1.3741e-08,0.01774310000000001
1.3743e-08,0.022145300000000034
1.3745e-08,0.02652589999999999
1.3747e-08,0.030883400000000005
1.3749e-08,0.03521620000000003
1.3751e-08,0.03952290000000003
1.3753e-08,0.04380229999999996
1.3755e-08,0.048052799999999896
1.3757e-08,0.05227349999999997
1.3759e-08,0.05646300000000004
1.3761e-08,0.06062050000000008
1.3763e-08,0.0647449
1.3765e-08,0.06883510000000004
1.3767e-08,0.07289049999999997
1.3769e-08,0.07691020000000004
1.3771e-08,0.08089349999999995
1.3773e-08,0.08483960000000002
1.3775e-08,0.08874789999999999
1.3777e-08,0.09261790000000003
1.3779e-08,0.09644900000000001
1.3781e-08,0.10024079999999991
1.3783e-08,0.10399269999999994
1.3785e-08,0.10770439999999992
1.3787e-08,0.11137560000000002
1.3789e-08,0.1150061
1.3791e-08,0.11859520000000001
1.3793e-08,0.12214309999999995
1.3795e-08,0.12564949999999997
1.3797e-08,0.1291141
1.37985e-08,0.1316851
1.38e-08,0.13423240000000003
1.38002e-08,0.13457009999999991
1.38006e-08,0.1352445
1.38014e-08,0.1365885
1.3803e-08,0.1392561
1.3805e-08,0.1425529000000001
1.3807e-08,0.14580769999999998
1.3809e-08,0.1490203
1.3811e-08,0.15219099999999997
1.3813e-08,0.1553196
1.3815e-08,0.1584065
1.3817e-08,0.16145160000000003
1.3819e-08,0.16445500000000002
1.3821e-08,0.1674169000000001
1.3823e-08,0.1703376000000001
1.3825e-08,0.17321699999999995
1.3827e-08,0.17605550000000003
1.3829e-08,0.17885319999999993
1.3831e-08,0.1816105
1.3833e-08,0.18432749999999998
1.3835e-08,0.18700440000000007
1.3837e-08,0.18964170000000002
1.3839e-08,0.1922393
1.3841e-08,0.19479780000000002
1.3843e-08,0.19731739999999998
1.3845e-08,0.19979840000000004
1.3847e-08,0.202241
1.3849e-08,0.2046458
1.3851e-08,0.20701290000000006
1.3853e-08,0.20934260000000005
1.3855e-08,0.21163540000000003
1.3857e-08,0.21389160000000007
1.3859e-08,0.21611159999999996
1.3861e-08,0.21829560000000003
1.3863e-08,0.22044419999999998
1.3865e-08,0.22255749999999996
1.3867e-08,0.2246361
1.3869e-08,0.2266802
1.3871e-08,0.2286903
1.3873e-08,0.2306667
1.3875e-08,0.2326098000000001
1.3877e-08,0.2345199
1.3879e-08,0.23639759999999999
1.3881e-08,0.23824310000000004
1.3883e-08,0.24005690000000002
1.3885e-08,0.24183929999999998
1.3887e-08,0.24359070000000005
1.3889e-08,0.24531150000000002
1.3891e-08,0.24700219999999995
1.3893e-08,0.24866299999999997
1.3895e-08,0.25029440000000003
1.3897e-08,0.2518967000000001
1.3899e-08,0.25347030000000004
1.3901e-08,0.2550157999999999
1.3903e-08,0.2565332
1.3905e-08,0.2580232
1.3907e-08,0.259486
1.3909e-08,0.260922
1.3911e-08,0.26233170000000006
1.3913e-08,0.26371539999999993
1.3915e-08,0.26507329999999996
1.3917e-08,0.26640600000000003
1.3919e-08,0.2677138
1.3921e-08,0.2689971
1.3923e-08,0.27025620000000006
1.3925e-08,0.2714913
1.3927e-08,0.2727031
1.3929e-08,0.27389170000000007
1.3931e-08,0.27505749999999995
1.3933e-08,0.2762009000000001
1.3935e-08,0.2773222000000001
1.3937e-08,0.27842179999999994
1.3939e-08,0.27950010000000003
1.3941e-08,0.28055719999999995
1.3943e-08,0.28159350000000005
1.3945e-08,0.2826094
1.3947e-08,0.28360530000000006
1.3949e-08,0.2845814
1.3951e-08,0.28553799999999996
1.3953e-08,0.2864755
1.3955e-08,0.28739420000000004
1.3957e-08,0.2882943
1.3959e-08,0.28917629999999994
1.3961e-08,0.29004019999999997
1.3963e-08,0.2908866
1.3965e-08,0.2917157
1.3967e-08,0.29252769999999995
1.3969e-08,0.293323
1.3971e-08,0.29410179999999997
1.3973e-08,0.2948644
1.3975e-08,0.2956112000000001
1.3977e-08,0.2963422
1.3979e-08,0.2970579
1.3981e-08,0.29775850000000004
1.3983e-08,0.2984443
1.3985e-08,0.2991155000000001
1.3987e-08,0.29977239999999994
1.3989e-08,0.3004152
1.3991e-08,0.3010440999999999
1.3993e-08,0.30165949999999997
1.3995e-08,0.30226149999999996
1.3997e-08,0.3028504000000001
1.39985e-08,0.30328370000000004
1.4e-08,0.3037213000000001
1.40002e-08,0.30378150000000004
1.40006e-08,0.3039031
1.40014e-08,0.3041528
1.4003e-08,0.3046628
1.4005e-08,0.30528469999999996
1.4007e-08,0.3058449
1.4009e-08,0.3063024
1.4011e-08,0.3066242
1.4013e-08,0.3067841
1.4015e-08,0.30676139999999996
1.4017e-08,0.3065401
1.4019e-08,0.3061083
1.4021e-08,0.30545710000000004
1.4023e-08,0.3045808000000001
1.4025e-08,0.3034760000000001
1.4027e-08,0.30214130000000006
1.4029e-08,0.30057670000000003
1.4031e-08,0.2987841
1.4033e-08,0.29676630000000004
1.4035e-08,0.29452730000000005
1.4037e-08,0.29207170000000005
1.4039e-08,0.2894048
1.4041e-08,0.2865327
1.4043e-08,0.28346150000000003
1.4045e-08,0.2801981
1.4047e-08,0.2767495
1.4049e-08,0.2731228
1.4051e-08,0.26932520000000004
1.4053e-08,0.2653643
1.4055e-08,0.2612474
1.4057e-08,0.2569819
1.4059e-08,0.25257549999999995
1.4061e-08,0.2480352
1.4063e-08,0.24336839999999993
1.4065e-08,0.23858239999999997
1.4067e-08,0.2336842
1.4069e-08,0.22868069999999996
1.4071e-08,0.22357870000000002
1.4073e-08,0.2183851
1.4075e-08,0.21310600000000002
1.4077e-08,0.20774820000000005
1.4079e-08,0.2023176
1.4081e-08,0.1968202
1.4083e-08,0.19126189999999998
1.4085e-08,0.18564840000000005
1.4087e-08,0.17998530000000001
1.4089e-08,0.17427769999999998
1.4091e-08,0.16853079999999998
1.4093e-08,0.1627497
1.4095e-08,0.15693919999999995
1.4097e-08,0.1511038
1.4099e-08,0.14524799999999993
1.4101e-08,0.13937619999999995
1.4103e-08,0.1334923
1.4105e-08,0.12760059999999995
1.4107e-08,0.12170460000000005
1.4109e-08,0.11580809999999997
1.4111e-08,0.10991469999999992
1.4113e-08,0.10402769999999995
1.4115e-08,0.09815010000000002
1.4117e-08,0.09228530000000001
1.4119e-08,0.08643599999999996
1.4121e-08,0.0806051000000001
1.4123e-08,0.07479520000000006
1.4125e-08,0.06900889999999993
1.4127e-08,0.06324850000000004
1.4129e-08,0.05751650000000008
1.4131e-08,0.05181469999999999
1.4133e-08,0.04614560000000001
1.4135e-08,0.040510900000000016
1.4137e-08,0.034912399999999955
1.4139e-08,0.029351899999999986
1.4141e-08,0.023830999999999936
1.4143e-08,0.01835129999999996
1.4145e-08,0.012914199999999987
1.4147e-08,0.0075208999999999415
1.4149e-08,0.0021729999999999805
1.4151e-08,-0.0031286999999999843
1.4153e-08,-0.008382899999999971
1.4155e-08,-0.013588700000000009
1.4157e-08,-0.0187449999999999
1.4159e-08,-0.023850999999999956
1.4161e-08,-0.028906199999999993
1.4163e-08,-0.033909599999999984
1.4165e-08,-0.038860500000000076
1.4167e-08,-0.043758400000000086
1.4169e-08,-0.048602900000000004
1.4171e-08,-0.05339329999999998
1.4173e-08,-0.05812930000000005
1.4175e-08,-0.06281049999999999
1.4177e-08,-0.06743670000000002
1.4179e-08,-0.07200759999999995
1.4181e-08,-0.07652290000000006
1.4183e-08,-0.08098250000000007
1.4185e-08,-0.08538629999999992
1.4187e-08,-0.08973399999999998
1.4189e-08,-0.0940259
1.4191e-08,-0.09826179999999995
1.4193e-08,-0.10244169999999997
1.4195e-08,-0.10656559999999993
1.4197e-08,-0.1106338
1.41985e-08,-0.11364839999999998
1.42e-08,-0.1166317
1.42002e-08,-0.11702760000000001
1.42006e-08,-0.11782020000000004
1.42014e-08,-0.11940970000000006
1.4203e-08,-0.12258979999999997
1.4205e-08,-0.12652740000000007
1.4207e-08,-0.1303740000000001
1.4209e-08,-0.1340842
1.4211e-08,-0.13762109999999994
1.4213e-08,-0.14095570000000002
1.4215e-08,-0.14406470000000005
1.4217e-08,-0.14693060000000002
1.4219e-08,-0.14954009999999995
1.4221e-08,-0.15188389999999996
1.4223e-08,-0.15395579999999998
1.4225e-08,-0.1557524
1.4227e-08,-0.15727230000000003
1.4229e-08,-0.1585162
1.4231e-08,-0.15948649999999998
1.4233e-08,-0.16018660000000007
1.4235e-08,-0.160621
1.4237e-08,-0.16079529999999997
1.4239e-08,-0.16071559999999996
1.4241e-08,-0.16038870000000005
1.4243e-08,-0.15982189999999996
1.4245e-08,-0.15902249999999996
1.4247e-08,-0.15799850000000004
1.4249e-08,-0.15675760000000005
1.4251e-08,-0.155308
1.4253e-08,-0.1536577
1.4255e-08,-0.1518151000000001
1.4257e-08,-0.14978790000000008
1.4259e-08,-0.1475845
1.4261e-08,-0.14521269999999997
1.4263e-08,-0.14268029999999998
1.4265e-08,-0.13999509999999993
1.4267e-08,-0.13716459999999997
1.4269e-08,-0.13419630000000005
1.4271e-08,-0.13109739999999992
1.4273e-08,-0.12787510000000002
1.4275e-08,-0.12453619999999999
1.4277e-08,-0.12108740000000007
1.4279e-08,-0.11753539999999996
1.4281e-08,-0.1138865
1.4283e-08,-0.11014690000000005
1.4285e-08,-0.10632259999999993
1.4287e-08,-0.10241929999999999
1.4289e-08,-0.0984427000000001
1.4291e-08,-0.09439830000000005
1.4293e-08,-0.09029129999999996
1.4295e-08,-0.08612680000000006
1.4297e-08,-0.08190969999999997
1.4299e-08,-0.07764479999999996
1.4301e-08,-0.07333660000000009
1.4303e-08,-0.06898939999999998
1.4305e-08,-0.06460769999999993
1.4307e-08,-0.06019529999999995
1.4309e-08,-0.05575639999999993
1.4311e-08,-0.05129459999999997
1.4313e-08,-0.0468135999999999
1.4315e-08,-0.042316699999999985
1.4317e-08,-0.037807499999999994
1.4319e-08,-0.03328900000000001
1.4321e-08,-0.028764400000000023
1.4323e-08,-0.024236600000000053
1.4325e-08,-0.019708199999999954
1.4327e-08,-0.015182099999999976
1.4329e-08,-0.010661000000000032
1.4331e-08,-0.0061469999999999025
1.4333e-08,-0.001642699999999997
1.4335e-08,0.002849899999999961
1.4337e-08,0.007328399999999902
1.4339e-08,0.011790999999999996
1.4341e-08,0.01623579999999991
1.4343e-08,0.020660800000000035
1.4345e-08,0.025064500000000045
1.4347e-08,0.029445100000000002
1.4349e-08,0.03380110000000003
1.4351e-08,0.038131000000000026
1.4353e-08,0.04243350000000001
1.4355e-08,0.046707400000000066
1.4357e-08,0.05095130000000003
1.4359e-08,0.05516410000000005
1.4361e-08,0.05934470000000003
1.4363e-08,0.06349210000000005
1.4365e-08,0.06760549999999999
1.4367e-08,0.07168379999999996
1.4369e-08,0.07572640000000008
1.4371e-08,0.07973229999999998
1.4373e-08,0.08370110000000008
1.4375e-08,0.08763179999999993
1.4377e-08,0.0915241
1.4379e-08,0.09537739999999995
1.4381e-08,0.09919119999999992
1.4383e-08,0.10296490000000003
1.4385e-08,0.10669830000000002
1.4387e-08,0.11039100000000002
1.4389e-08,0.1140426
1.4391e-08,0.11765290000000006
1.4393e-08,0.12122160000000004
1.4395e-08,0.12474850000000004
1.4397e-08,0.1282337
1.43985e-08,0.13081980000000004
1.44e-08,0.13338229999999995
1.44002e-08,0.13372189999999995
1.44006e-08,0.13440039999999998
1.44014e-08,0.13575229999999994
1.4403e-08,0.1384356
1.4405e-08,0.141752
1.4407e-08,0.14502590000000004
1.4409e-08,0.1482576
1.4411e-08,0.15144710000000006
1.4413e-08,0.15459429999999996
1.4415e-08,0.15769940000000005
1.4417e-08,0.16076259999999998
1.4419e-08,0.16378379999999992
1.4421e-08,0.1667634
1.4423e-08,0.16970129999999994
1.4425e-08,0.1725977999999999
1.4427e-08,0.17545310000000003
1.4429e-08,0.17826739999999996
1.4431e-08,0.18104089999999995
1.4433e-08,0.18377390000000005
1.4435e-08,0.18646669999999999
1.4437e-08,0.18911939999999994
1.4439e-08,0.19173240000000003
1.4441e-08,0.19430589999999992
1.4443e-08,0.1968401999999999
1.4445e-08,0.1993357
1.4447e-08,0.20179270000000005
1.4449e-08,0.2042115
1.4451e-08,0.2065924
1.4453e-08,0.20893570000000006
1.4455e-08,0.21124180000000004
1.4457e-08,0.21351109999999995
1.4459e-08,0.21574379999999993
1.4461e-08,0.21794049999999998
1.4463e-08,0.2201014
1.4465e-08,0.2222269
1.4467e-08,0.2243172
1.4469e-08,0.2263731
1.4471e-08,0.2283946
1.4473e-08,0.23038219999999998
1.4475e-08,0.23233630000000005
1.4477e-08,0.23425720000000005
1.4479e-08,0.2361455
1.4481e-08,0.23800140000000003
1.4483e-08,0.2398252999999999
1.4485e-08,0.24161770000000005
1.4487e-08,0.24337869999999995
1.4489e-08,0.24510920000000003
1.4491e-08,0.2468091
1.4493e-08,0.248479
1.4495e-08,0.2501192
1.4497e-08,0.2517303000000001
1.4499e-08,0.25331250000000005
1.4501e-08,0.25486619999999993
1.4503e-08,0.25639179999999995
1.4505e-08,0.25788980000000006
1.4507e-08,0.2593603000000001
1.4509e-08,0.2608041
1.4511e-08,0.2622211
1.4513e-08,0.26361199999999996
1.4515e-08,0.26497709999999997
1.4517e-08,0.2663168
1.4519e-08,0.2676313
1.4521e-08,0.2689210999999999
1.4523e-08,0.27018659999999994
1.4525e-08,0.27142810000000006
1.4527e-08,0.2726459
1.4529e-08,0.27384050000000004
1.4531e-08,0.27501220000000004
1.4533e-08,0.27616130000000005
1.4535e-08,0.2772880999999999
1.4537e-08,0.27839309999999995
1.4539e-08,0.2794765
1.4541e-08,0.2805386999999999
1.4543e-08,0.28158000000000005
1.4545e-08,0.2826008
1.4547e-08,0.28360130000000006
1.4549e-08,0.284582
1.4551e-08,0.28554310000000005
1.4553e-08,0.28648490000000004
1.4555e-08,0.2874078
1.4557e-08,0.288312
1.4559e-08,0.28919779999999995
1.4561e-08,0.2900657
1.4563e-08,0.2909159
1.4565e-08,0.29174849999999997
1.4567e-08,0.2925641
1.4569e-08,0.29336280000000003
1.4571e-08,0.29414490000000004
1.4573e-08,0.2949107000000001
1.4575e-08,0.2956605
1.4577e-08,0.29639460000000006
1.4579e-08,0.2971132000000001
1.4581e-08,0.2978166000000001
1.4583e-08,0.2985051000000001
1.4585e-08,0.2991789
1.4587e-08,0.2998383
1.4589e-08,0.30048359999999996
1.4591e-08,0.3011149000000001
1.4593e-08,0.30173250000000007
1.4595e-08,0.3023367
1.4597e-08,0.3029278000000001
1.45985e-08,0.3033625
1.46e-08,0.30380169999999995
1.46002e-08,0.30386199999999997
1.46006e-08,0.30398400000000003
1.46014e-08,0.30423449999999996
1.4603e-08,0.3047461
1.4605e-08,0.3053698
1.4607e-08,0.30593170000000003
1.4609e-08,0.30639079999999996
1.4611e-08,0.3067143
1.4613e-08,0.3068757
1.4615e-08,0.3068546
1.4617e-08,0.3066348
1.4619e-08,0.3062043
1.4621e-08,0.3055546
1.4623e-08,0.3046797
1.4625e-08,0.3035760999999999
1.4627e-08,0.30224260000000003
1.4629e-08,0.3006793
1.4631e-08,0.2988879
1.4633e-08,0.2968712
1.4635e-08,0.29463320000000004
1.4637e-08,0.2921787
1.4639e-08,0.28951269999999996
1.4641e-08,0.2866415
1.4643e-08,0.2835711999999999
1.4645e-08,0.2803087000000001
1.4647e-08,0.2768609999999999
1.4649e-08,0.273235
1.4651e-08,0.26943819999999996
1.4653e-08,0.26547790000000004
1.4655e-08,0.26136170000000003
1.4657e-08,0.2570969000000001
1.4659e-08,0.25269090000000005
1.4661e-08,0.24815120000000002
1.4663e-08,0.2434849
1.4665e-08,0.23869929999999995
1.4667e-08,0.23380139999999994
1.4669e-08,0.2287983
1.4671e-08,0.2236965999999999
1.4673e-08,0.2185032
1.4675e-08,0.21322439999999998
1.4677e-08,0.20786669999999996
1.4679e-08,0.20243619999999996
1.4681e-08,0.19693890000000003
1.4683e-08,0.19138069999999996
1.4685e-08,0.18576729999999997
1.4687e-08,0.1801041
1.4689e-08,0.17439649999999995
1.4691e-08,0.16864960000000007
1.4693e-08,0.16286840000000002
1.4695e-08,0.15705769999999997
1.4697e-08,0.15122219999999997
1.4699e-08,0.1453662
1.4701e-08,0.13949409999999995
1.4703e-08,0.13361010000000006
1.4705e-08,0.127718
1.4707e-08,0.12182179999999998
1.4709e-08,0.1159249
1.4711e-08,0.1100312
1.4713e-08,0.10414369999999995
1.4715e-08,0.09826570000000001
1.4717e-08,0.0924005
1.4719e-08,0.08655069999999998
1.4721e-08,0.08071930000000005
1.4723e-08,0.074909
1.4725e-08,0.06912209999999996
1.4727e-08,0.0633612
1.4729e-08,0.05762860000000003
1.4731e-08,0.05192640000000004
1.4733e-08,0.04625660000000009
1.4735e-08,0.04062130000000008
1.4737e-08,0.0350222
1.4739e-08,0.029461100000000018
1.4741e-08,0.02393959999999995
1.4743e-08,0.01845920000000001
1.4745e-08,0.013021300000000013
1.4747e-08,0.007627500000000009
1.4749e-08,0.0022788000000000252
1.4751e-08,-0.003023500000000068
1.4753e-08,-0.008278399999999908
1.4755e-08,-0.013484800000000075
1.4757e-08,-0.018642000000000047
1.4759e-08,-0.023748699999999956
1.4761e-08,-0.028804599999999958
1.4763e-08,-0.033808699999999914
1.4765e-08,-0.03876030000000008
1.4767e-08,-0.04365910000000006
1.4769e-08,-0.048504299999999945
1.4771e-08,-0.05329550000000005
1.4773e-08,-0.05803230000000004
1.4775e-08,-0.0627143
1.4777e-08,-0.06734119999999999
1.4779e-08,-0.07191290000000006
1.4781e-08,-0.07642899999999997
1.4783e-08,-0.08088929999999994
1.4785e-08,-0.08529380000000009
1.4787e-08,-0.08964240000000001
1.4789e-08,-0.09393510000000005
1.4791e-08,-0.09817169999999997
1.4793e-08,-0.10235240000000001
1.4795e-08,-0.10647719999999994
1.4797e-08,-0.11054619999999993
1.47985e-08,-0.11356130000000009
1.48e-08,-0.11654520000000002
1.48002e-08,-0.11694039999999994
1.48006e-08,-0.11772969999999994
1.48014e-08,-0.11930169999999996
1.4803e-08,-0.12241920000000006
1.4805e-08,-0.1262664
1.4807e-08,-0.13005879999999992
1.4809e-08,-0.13379649999999998
1.4811e-08,-0.13747980000000004
1.4813e-08,-0.14110889999999998
1.4815e-08,-0.14468439999999994
1.4817e-08,-0.14820639999999996
1.4819e-08,-0.1516752
1.4821e-08,-0.1550914
1.4823e-08,-0.15845520000000002
1.4825e-08,-0.16176709999999994
1.4827e-08,-0.16502740000000005
1.4829e-08,-0.16823659999999996
1.4831e-08,-0.17139499999999996
1.4833e-08,-0.17450320000000008
1.4835e-08,-0.17756169999999993
1.4837e-08,-0.18057089999999998
1.4839e-08,-0.18353110000000006
1.4841e-08,-0.18644300000000003
1.4843e-08,-0.189307
1.4845e-08,-0.19212359999999995
1.4847e-08,-0.19489329999999994
1.4849e-08,-0.19761649999999997
1.4851e-08,-0.20029390000000002
1.4853e-08,-0.2029259
1.4855e-08,-0.2055131
1.4857e-08,-0.2080558
1.4859e-08,-0.21055479999999993
1.4861e-08,-0.2130105
1.4863e-08,-0.2154233000000001
1.4865e-08,-0.21779389999999998
1.4867e-08,-0.2201227
1.4869e-08,-0.22241029999999995
1.4871e-08,-0.2246572
1.4873e-08,-0.2268639
1.4875e-08,-0.22903099999999998
1.4877e-08,-0.231159
1.4879e-08,-0.23324830000000008
1.4881e-08,-0.2352997
1.4883e-08,-0.2373134
1.4885e-08,-0.23929010000000006
1.4887e-08,-0.24123019999999995
1.4889e-08,-0.24313439999999997
1.4891e-08,-0.24500299999999997
1.4893e-08,-0.24683660000000007
1.4895e-08,-0.24863570000000002
1.4897e-08,-0.25040090000000004
1.4899e-08,-0.2521325
1.4901e-08,-0.2538311999999999
1.4903e-08,-0.25549730000000004
1.4905e-08,-0.2571314
1.4907e-08,-0.25873389999999996
1.4909e-08,-0.2603054
1.4911e-08,-0.2618463999999999
1.4913e-08,-0.26335719999999996
1.4915e-08,-0.26483829999999997
1.4917e-08,-0.26629020000000003
1.4919e-08,-0.26771350000000005
1.4921e-08,-0.2691083999999999
1.4923e-08,-0.2704755
1.4925e-08,-0.2718153
1.4927e-08,-0.2731281
1.4929e-08,-0.2744145
1.4931e-08,-0.2756746
1.4933e-08,-0.27690919999999997
1.4935e-08,-0.2781186
1.4937e-08,-0.2793032
1.4939e-08,-0.28046340000000003
1.4941e-08,-0.2815995
1.4943e-08,-0.2827120999999999
1.4945e-08,-0.28380150000000004
1.4947e-08,-0.28486810000000007
1.4949e-08,-0.2859123
1.4951e-08,-0.2869345
1.4953e-08,-0.28793499999999994
1.4955e-08,-0.2889144
1.4957e-08,-0.2898727
1.4959e-08,-0.29081060000000003
1.4961e-08,-0.29172829999999994
1.4963e-08,-0.2926261
1.4965e-08,-0.2935044
1.4967e-08,-0.2943637
1.4969e-08,-0.2952042
1.4971e-08,-0.2960263000000001
1.4973e-08,-0.2968301000000001
1.4975e-08,-0.29761629999999994
1.4977e-08,-0.29838489999999995
1.4979e-08,-0.29913639999999997
1.4981e-08,-0.29987110000000006
1.4983e-08,-0.30058930000000006
1.4985e-08,-0.3012912
1.4987e-08,-0.30197719999999995
1.4989e-08,-0.3026476
1.4991e-08,-0.3033026
1.4993e-08,-0.30394259999999995
1.4995e-08,-0.30456780000000006
1.4997e-08,-0.30517859999999997
1.49985e-08,-0.30562729999999994
1.5e-08,-0.30606810000000007
1.50002e-08,-0.30612700000000004
1.50006e-08,-0.30624640000000003
1.50014e-08,-0.30649440000000006
1.5003e-08,-0.3070121
1.5005e-08,-0.3076609
1.5007e-08,-0.3082638999999999
1.5009e-08,-0.3087770000000001
1.5011e-08,-0.3091646
1.5013e-08,-0.3093983
1.5015e-08,-0.30945539999999994
1.5017e-08,-0.3093186
1.5019e-08,-0.3089742999999999
1.5021e-08,-0.3084129
1.5023e-08,-0.30762749999999994
1.5025e-08,-0.30661380000000005
1.5027e-08,-0.3053699000000001
1.5029e-08,-0.30389520000000003
1.5031e-08,-0.3021912
1.5033e-08,-0.30026010000000003
1.5035e-08,-0.2981055
1.5037e-08,-0.29573190000000005
1.5039e-08,-0.29314450000000003
1.5041e-08,-0.29034879999999996
1.5043e-08,-0.28735120000000003
1.5045e-08,-0.28415809999999997
1.5047e-08,-0.28077660000000004
1.5049e-08,-0.2772136999999999
1.5051e-08,-0.2734767
1.5053e-08,-0.2695729
1.5055e-08,-0.2655098
1.5057e-08,-0.2612947
1.5059e-08,-0.2569351999999999
1.5061e-08,-0.25243860000000007
1.5063e-08,-0.24781229999999999
1.5065e-08,-0.24306340000000004
1.5067e-08,-0.23819920000000006
1.5069e-08,-0.23322660000000006
1.5071e-08,-0.22815240000000003
1.5073e-08,-0.2229835
1.5075e-08,-0.21772630000000004
1.5077e-08,-0.21238750000000006
1.5079e-08,-0.20697299999999996
1.5081e-08,-0.20148909999999998
1.5083e-08,-0.1959417
1.5085e-08,-0.19033650000000002
1.5087e-08,-0.18467909999999998
1.5089e-08,-0.178975
1.5091e-08,-0.17322919999999997
1.5093e-08,-0.16744689999999995
1.5095e-08,-0.16163300000000003
1.5097e-08,-0.15579219999999994
1.5099e-08,-0.1499290000000001
1.5101e-08,-0.14404779999999995
1.5103e-08,-0.13815279999999996
1.5105e-08,-0.13224799999999992
1.5107e-08,-0.12633729999999999
1.5109e-08,-0.12042439999999999
1.5111e-08,-0.11451309999999992
1.5113e-08,-0.1086066
1.5115e-08,-0.10270829999999997
1.5117e-08,-0.0968213
1.5119e-08,-0.09094860000000005
1.5121e-08,-0.08509290000000003
1.5123e-08,-0.07925720000000003
1.5125e-08,-0.07344379999999995
1.5127e-08,-0.06765540000000003
1.5129e-08,-0.061894400000000016
1.5131e-08,-0.05616280000000007
1.5133e-08,-0.05046269999999997
1.5135e-08,-0.04479639999999996
1.5137e-08,-0.039165499999999964
1.5139e-08,-0.03357189999999999
1.5141e-08,-0.028017199999999964
1.5143e-08,-0.02250299999999994
1.5145e-08,-0.01703090000000007
1.5147e-08,-0.011602099999999949
1.5149e-08,-0.006217999999999946
1.5151e-08,-0.0008799000000000445
1.5153e-08,0.004411300000000007
1.5155e-08,0.009654300000000005
1.5157e-08,0.014848300000000036
1.5159e-08,0.01999240000000002
1.5161e-08,0.02508569999999999
1.5163e-08,0.030127499999999974
1.5165e-08,0.03511710000000001
1.5167e-08,0.040053899999999976
1.5169e-08,0.04493729999999996
1.5171e-08,0.04976690000000006
1.5173e-08,0.05454210000000004
1.5175e-08,0.05926259999999994
1.5177e-08,0.06392810000000004
1.5179e-08,0.06853830000000005
1.5181e-08,0.07309290000000002
1.5183e-08,0.07759190000000005
1.5185e-08,0.08203489999999991
1.5187e-08,0.08642190000000005
1.5189e-08,0.09075279999999997
1.5191e-08,0.0950278
1.5193e-08,0.09924650000000002
1.5195e-08,0.10340929999999993
1.5197e-08,0.1075161
1.51985e-08,0.11055959999999998
1.52e-08,0.1135832
1.52002e-08,0.11398609999999998
1.52006e-08,0.11479230000000007
1.52014e-08,0.11640589999999995
1.5203e-08,0.11962259999999991
1.5205e-08,0.12358670000000005
1.5207e-08,0.12744199999999994
1.5209e-08,0.13114630000000005
1.5211e-08,0.13466560000000005
1.5213e-08,0.13797289999999995
1.5215e-08,0.1410475
1.5217e-08,0.14387319999999992
1.5219e-08,0.14643830000000002
1.5221e-08,0.1487347
1.5223e-08,0.15075709999999998
1.5225e-08,0.1525031
1.5227e-08,0.15397189999999994
1.5229e-08,0.15516509999999994
1.5231e-08,0.15608509999999998
1.5233e-08,0.15673609999999993
1.5235e-08,0.15712289999999995
1.5237e-08,0.15725139999999993
1.5239e-08,0.15712780000000004
1.5241e-08,0.1567592
1.5243e-08,0.15615290000000004
1.5245e-08,0.1553163999999999
1.5247e-08,0.15425769999999994
1.5249e-08,0.15298479999999992
1.5251e-08,0.15150560000000002
1.5253e-08,0.14982849999999992
1.5255e-08,0.14796129999999996
1.5257e-08,0.1459125
1.5259e-08,0.14368970000000003
1.5261e-08,0.14130120000000002
1.5263e-08,0.1387545
1.5265e-08,0.1360574000000001
1.5267e-08,0.13321740000000004
1.5269e-08,0.13024190000000002
1.5271e-08,0.12713809999999992
1.5273e-08,0.12391299999999994
1.5275e-08,0.12057340000000005
1.5277e-08,0.11712599999999995
1.5279e-08,0.1135775
1.5281e-08,0.10993380000000008
1.5283e-08,0.1062014
1.5285e-08,0.10238599999999998
1.5287e-08,0.0984933
1.5289e-08,0.09452899999999997
1.5291e-08,0.09049840000000009
1.5293e-08,0.08640689999999995
1.5295e-08,0.08225910000000003
1.5297e-08,0.07806029999999997
1.5299e-08,0.07381479999999996
1.5301e-08,0.06952740000000002
1.5303e-08,0.06520219999999999
1.5305e-08,0.0608436
1.5307e-08,0.0564555000000001
1.5309e-08,0.05204169999999997
1.5311e-08,0.047606099999999985
1.5313e-08,0.043152199999999974
1.5315e-08,0.03868320000000003
1.5317e-08,0.03420270000000003
1.5319e-08,0.029713800000000012
1.5321e-08,0.025219299999999945
1.5323e-08,0.02072229999999997
1.5325e-08,0.016225400000000056
1.5327e-08,0.011731500000000006
1.5329e-08,0.007242799999999994
1.5331e-08,0.002761899999999984
1.5333e-08,-0.0017089999999999606
1.5335e-08,-0.006167499999999992
1.5337e-08,-0.010611900000000007
1.5339e-08,-0.015039800000000048
1.5341e-08,-0.019449700000000014
1.5343e-08,-0.023839600000000072
1.5345e-08,-0.028207800000000005
1.5347e-08,-0.032552899999999996
1.5349e-08,-0.03687309999999999
1.5351e-08,-0.04116719999999996
1.5353e-08,-0.04543370000000002
1.5355e-08,-0.04967140000000003
1.5357e-08,-0.05387910000000007
1.5359e-08,-0.05805569999999993
1.5361e-08,-0.06220000000000003
1.5363e-08,-0.06631120000000001
1.5365e-08,-0.07038840000000002
1.5367e-08,-0.07443060000000001
1.5369e-08,-0.07843709999999993
1.5371e-08,-0.08240700000000001
1.5373e-08,-0.08633979999999997
1.5375e-08,-0.09023479999999995
1.5377e-08,-0.0940915
1.5379e-08,-0.09790929999999998
1.5381e-08,-0.10168759999999999
1.5383e-08,-0.10542630000000008
1.5385e-08,-0.10912470000000007
1.5387e-08,-0.11278259999999996
1.5389e-08,-0.1163997
1.5391e-08,-0.11997559999999996
1.5393e-08,-0.12351029999999996
1.5395e-08,-0.1270034
1.5397e-08,-0.13045479999999998
1.53985e-08,-0.13301600000000002
1.54e-08,-0.1355535
1.54002e-08,-0.13588979999999995
1.54006e-08,-0.1365617
1.54014e-08,-0.13790039999999992
1.5403e-08,-0.1405577
1.5405e-08,-0.1438414
1.5407e-08,-0.14708319999999997
1.5409e-08,-0.1502829
1.5411e-08,-0.15344080000000004
1.5413e-08,-0.15655659999999993
1.5415e-08,-0.15963079999999996
1.5417e-08,-0.1626632
1.5419e-08,-0.16565399999999997
1.5421e-08,-0.16860340000000007
1.5423e-08,-0.1715116
1.5425e-08,-0.1743787000000001
1.5427e-08,-0.17720479999999994
1.5429e-08,-0.17999050000000005
1.5431e-08,-0.18273550000000005
1.5433e-08,-0.18544040000000006
1.5435e-08,-0.18810530000000003
1.5437e-08,-0.19073050000000003
1.5439e-08,-0.19331639999999994
1.5441e-08,-0.19586320000000002
1.5443e-08,-0.19837099999999996
1.5445e-08,-0.20084040000000003
1.5447e-08,-0.20327169999999994
1.5449e-08,-0.20566490000000004
1.5451e-08,-0.20802069999999995
1.5453e-08,-0.2103392999999999
1.5455e-08,-0.2126209
1.5457e-08,-0.214866
1.5459e-08,-0.21707500000000002
1.5461e-08,-0.2192482
1.5463e-08,-0.22138580000000008
1.5465e-08,-0.2234885000000001
1.5467e-08,-0.2255564
1.5469e-08,-0.22758999999999996
1.5471e-08,-0.22958959999999995
1.5473e-08,-0.23155570000000003
1.5475e-08,-0.23348860000000005
1.5477e-08,-0.23538860000000006
1.5479e-08,-0.23725620000000003
1.5481e-08,-0.23909170000000002
1.5483e-08,-0.2408956000000001
1.5485e-08,-0.24266830000000006
1.5487e-08,-0.24440989999999996
1.5489e-08,-0.24612120000000004
1.5491e-08,-0.24780229999999992
1.5493e-08,-0.2494537
1.5495e-08,-0.25107559999999995
1.5497e-08,-0.2526687000000001
1.5499e-08,-0.25423320000000005
1.5501e-08,-0.25576960000000004
1.5503e-08,-0.257278
1.5505e-08,-0.2587591
1.5507e-08,-0.2602131000000001
1.5509e-08,-0.2616404
1.5511e-08,-0.2630414000000001
1.5513e-08,-0.26441650000000005
1.5515e-08,-0.26576599999999995
1.5517e-08,-0.26709039999999995
1.5519e-08,-0.2683898
1.5521e-08,-0.2696649000000001
1.5523e-08,-0.27091579999999993
1.5525e-08,-0.272143
1.5527e-08,-0.2733468
1.5529e-08,-0.27452750000000004
1.5531e-08,-0.2756856
1.5533e-08,-0.27682130000000005
1.5535e-08,-0.2779349
1.5537e-08,-0.2790271
1.5539e-08,-0.28009779999999995
1.5541e-08,-0.2811475
1.5543e-08,-0.28217650000000005
1.5545e-08,-0.2831852
1.5547e-08,-0.2841739
1.5549e-08,-0.2851429
1.5551e-08,-0.2860925999999999
1.5553e-08,-0.2870231000000001
1.5555e-08,-0.28793499999999994
1.5557e-08,-0.2888284
1.5559e-08,-0.2897035
1.5561e-08,-0.29056099999999996
1.5563e-08,-0.2914007999999999
1.5565e-08,-0.2922234
1.5567e-08,-0.29302910000000004
1.5569e-08,-0.293818
1.5571e-08,-0.2945905000000001
1.5573e-08,-0.29534689999999997
1.5575e-08,-0.2960876
1.5577e-08,-0.2968126
1.5579e-08,-0.2975223
1.5581e-08,-0.29821699999999995
1.5583e-08,-0.2988969
1.5585e-08,-0.2995623999999999
1.5587e-08,-0.3002134999999999
1.5589e-08,-0.3008506999999999
1.5591e-08,-0.301474
1.5593e-08,-0.3020837999999999
1.5595e-08,-0.30268040000000007
1.5597e-08,-0.303264
1.55985e-08,-0.3036932
1.56e-08,-0.30411540000000004
1.56002e-08,-0.3041718
1.56006e-08,-0.30428639999999996
1.56014e-08,-0.30452500000000005
1.5603e-08,-0.3050243
1.5605e-08,-0.30565130000000007
1.5607e-08,-0.3062336
1.5609e-08,-0.30672710000000003
1.5611e-08,-0.3070959999999999
1.5613e-08,-0.3073121
1.5615e-08,-0.3073524000000001
1.5617e-08,-0.30719949999999996
1.5619e-08,-0.30684
1.5621e-08,-0.30626410000000004
1.5623e-08,-0.30546489999999993
1.5625e-08,-0.30443829999999994
1.5627e-08,-0.3031819
1.5629e-08,-0.30169559999999995
1.5631e-08,-0.2999805
1.5633e-08,-0.2980391
1.5635e-08,-0.29587489999999994
1.5637e-08,-0.29349229999999993
1.5639e-08,-0.29089660000000006
1.5641e-08,-0.2880933
1.5643e-08,-0.2850887
1.5645e-08,-0.2818895
1.5647e-08,-0.2785023
1.5649e-08,-0.27493460000000003
1.5651e-08,-0.27119329999999997
1.5653e-08,-0.2672859000000001
1.5655e-08,-0.26321990000000006
1.5657e-08,-0.2590026000000001
1.5659e-08,-0.2546416
1.5661e-08,-0.2501441000000001
1.5663e-08,-0.24551750000000006
1.5665e-08,-0.240769
1.5667e-08,-0.2359059
1.5669e-08,-0.23093489999999994
1.5671e-08,-0.22586300000000004
1.5673e-08,-0.22069700000000003
1.5675e-08,-0.2154433
1.5677e-08,-0.21010849999999992
1.5679e-08,-0.2046987
1.5681e-08,-0.19921999999999995
1.5683e-08,-0.19367829999999997
1.5685e-08,-0.18807929999999995
1.5687e-08,-0.18242879999999995
1.5689e-08,-0.1767318
1.5691e-08,-0.17099390000000003
1.5693e-08,-0.1652199000000001
1.5695e-08,-0.15941459999999996
1.5697e-08,-0.15358289999999997
1.5699e-08,-0.14772930000000006
1.5701e-08,-0.1418581
1.5703e-08,-0.13597340000000002
1.5705e-08,-0.1300793
1.5707e-08,-0.12417979999999995
1.5709e-08,-0.11827849999999995
1.5711e-08,-0.11237889999999995
1.5713e-08,-0.10648460000000004
1.5715e-08,-0.10059859999999998
1.5717e-08,-0.09472429999999998
1.5719e-08,-0.08886459999999996
1.5721e-08,-0.0830223
1.5723e-08,-0.07720000000000005
1.5725e-08,-0.07140040000000003
1.5727e-08,-0.06562599999999996
1.5729e-08,-0.059879100000000074
1.5731e-08,-0.05416180000000004
1.5733e-08,-0.048476399999999975
1.5735e-08,-0.04282469999999994
1.5737e-08,-0.03720880000000004
1.5739e-08,-0.031630099999999994
1.5741e-08,-0.026090599999999964
1.5743e-08,-0.02059169999999999
1.5745e-08,-0.015134900000000062
1.5747e-08,-0.009721700000000055
1.5749e-08,-0.004353199999999946
1.5751e-08,0.0009692999999999508
1.5753e-08,0.006244699999999992
1.5755e-08,0.01147189999999998
1.5757e-08,0.0166501
1.5759e-08,0.02177819999999997
1.5761e-08,0.026855500000000032
1.5763e-08,0.0318813
1.5765e-08,0.036854900000000024
1.5767e-08,0.04177569999999997
1.5769e-08,0.04664309999999994
1.5771e-08,0.05145670000000002
1.5773e-08,0.056215899999999985
1.5775e-08,0.060920399999999986
1.5777e-08,0.06556989999999996
1.5779e-08,0.07016420000000001
1.5781e-08,0.07470279999999996
1.5783e-08,0.07918589999999992
1.5785e-08,0.0836131
1.5787e-08,0.08798430000000002
1.5789e-08,0.09229940000000003
1.5791e-08,0.0965587
1.5793e-08,0.10076169999999995
1.5795e-08,0.10490900000000003
1.5797e-08,0.10900019999999999
1.57985e-08,0.11203209999999997
1.58e-08,0.11504420000000004
1.58002e-08,0.11544549999999998
1.58006e-08,0.11624859999999992
1.58014e-08,0.11785619999999997
1.5803e-08,0.12106059999999996
1.5805e-08,0.1250095
1.5807e-08,0.12884970000000007
1.5809e-08,0.13253899999999996
1.5811e-08,0.13604349999999998
1.5813e-08,0.13933629999999997
1.5815e-08,0.14239630000000003
1.5817e-08,0.14520769999999994
1.5819e-08,0.14775860000000007
1.5821e-08,0.1500410000000001
1.5823e-08,0.1520496
1.5825e-08,0.15378190000000003
1.5827e-08,0.15523730000000002
1.5829e-08,0.1564171000000001
1.5831e-08,0.15732400000000002
1.5833e-08,0.15796200000000005
1.5835e-08,0.15833600000000003
1.5837e-08,0.15845169999999997
1.5839e-08,0.15831550000000005
1.5841e-08,0.15793440000000003
1.5843e-08,0.15731569999999995
1.5845e-08,0.15646709999999997
1.5847e-08,0.15539629999999993
1.5849e-08,0.1541114
1.5851e-08,0.1526204
1.5853e-08,0.15093139999999994
1.5855e-08,0.14905270000000004
1.5857e-08,0.14699220000000002
1.5859e-08,0.14475800000000005
1.5861e-08,0.14235799999999998
1.5863e-08,0.13979999999999992
1.5865e-08,0.13709159999999998
1.5867e-08,0.13424049999999998
1.5869e-08,0.13125379999999998
1.5871e-08,0.128139
1.5873e-08,0.12490289999999993
1.5875e-08,0.1215524
1.5877e-08,0.11809420000000004
1.5879e-08,0.11453499999999994
1.5881e-08,0.1108806
1.5883e-08,0.1071375
1.5885e-08,0.10331159999999995
1.5887e-08,0.09940850000000001
1.5889e-08,0.09543370000000007
1.5891e-08,0.0913929
1.5893e-08,0.08729100000000001
1.5895e-08,0.08313300000000001
1.5897e-08,0.078924
1.5899e-08,0.07466850000000003
1.5901e-08,0.07037110000000002
1.5903e-08,0.06603599999999998
1.5905e-08,0.06166740000000004
1.5907e-08,0.057269500000000084
1.5909e-08,0.05284610000000001
1.5911e-08,0.048400700000000074
1.5913e-08,0.04393720000000001
1.5915e-08,0.039458800000000016
1.5917e-08,0.03496880000000002
1.5919e-08,0.030470500000000067
1.5921e-08,0.02596670000000001
1.5923e-08,0.021460499999999993
1.5925e-08,0.016954499999999983
1.5927e-08,0.012451400000000001
1.5929e-08,0.00795380000000001
1.5931e-08,0.0034639000000000753
1.5933e-08,-0.0010158000000000111
1.5935e-08,-0.005483099999999963
1.5937e-08,-0.009936100000000003
1.5939e-08,-0.014372700000000016
1.5941e-08,-0.01879110000000006
1.5943e-08,-0.023189400000000027
1.5945e-08,-0.02756600000000009
1.5947e-08,-0.031919299999999984
1.5949e-08,-0.03624780000000005
1.5951e-08,-0.04054990000000003
1.5953e-08,-0.044824500000000045
1.5955e-08,-0.04907019999999995
1.5957e-08,-0.05328569999999999
1.5959e-08,-0.05747009999999997
1.5961e-08,-0.06162219999999996
1.5963e-08,-0.06574100000000005
1.5965e-08,-0.06982569999999999
1.5967e-08,-0.07387540000000004
1.5969e-08,-0.07788929999999994
1.5971e-08,-0.08186649999999995
1.5973e-08,-0.08580659999999996
1.5975e-08,-0.08970869999999997
1.5977e-08,-0.0935724
1.5979e-08,-0.09739720000000007
1.5981e-08,-0.10118250000000006
1.5983e-08,-0.10492800000000002
1.5985e-08,-0.10863309999999993
1.5987e-08,-0.11229770000000006
1.5989e-08,-0.1159213
1.5991e-08,-0.11950379999999994
1.5993e-08,-0.12304479999999995
1.5995e-08,-0.12654429999999994
1.5997e-08,-0.13000200000000006
1.59985e-08,-0.13256790000000007
1.6e-08,-0.1351215
1.60002e-08,-0.13546239999999998
1.60006e-08,-0.1361449
1.60014e-08,-0.13751270000000004
1.6003e-08,-0.14024419999999993
1.6005e-08,-0.1436138
1.6007e-08,-0.14688789999999996
1.6009e-08,-0.15002399999999994
1.6011e-08,-0.152988
1.6013e-08,-0.15575300000000003
1.6015e-08,-0.15829749999999998
1.6017e-08,-0.16060549999999996
1.6019e-08,-0.16266480000000005
1.6021e-08,-0.16446709999999998
1.6023e-08,-0.16600700000000002
1.6025e-08,-0.16728160000000003
1.6027e-08,-0.1682903
1.6029e-08,-0.16903369999999995
1.6031e-08,-0.16951470000000002
1.6033e-08,-0.16973669999999996
1.6035e-08,-0.16970459999999998
1.6037e-08,-0.16942390000000007
1.6039e-08,-0.16890070000000001
1.6041e-08,-0.16814170000000006
1.6043e-08,-0.1671539999999999
1.6045e-08,-0.16594509999999996
1.6047e-08,-0.16452259999999996
1.6049e-08,-0.1628944
1.6051e-08,-0.16106830000000005
1.6053e-08,-0.15905219999999998
1.6055e-08,-0.15685419999999994
1.6057e-08,-0.15448209999999996
1.6059e-08,-0.15194379999999996
1.6061e-08,-0.14924710000000008
1.6063e-08,-0.14639960000000007
1.6065e-08,-0.1434088
1.6067e-08,-0.14028220000000002
1.6069e-08,-0.13702690000000006
1.6071e-08,-0.1336501
1.6073e-08,-0.13015849999999995
1.6075e-08,-0.12655899999999998
1.6077e-08,-0.12285810000000008
1.6079e-08,-0.11906210000000006
1.6081e-08,-0.11517730000000004
1.6083e-08,-0.11120969999999997
1.6085e-08,-0.10716499999999995
1.6087e-08,-0.1030489
1.6089e-08,-0.09886679999999992
1.6091e-08,-0.09462400000000004
1.6093e-08,-0.0903256
1.6095e-08,-0.08597650000000001
1.6097e-08,-0.08158149999999997
1.6099e-08,-0.07714510000000008
1.6101e-08,-0.07267179999999995
1.6103e-08,-0.0681657
1.6105e-08,-0.06363090000000005
1.6107e-08,-0.059071500000000055
1.6109e-08,-0.05449119999999996
1.6111e-08,-0.04989359999999998
1.6113e-08,-0.04528220000000005
1.6115e-08,-0.040660199999999924
1.6117e-08,-0.036030999999999924
1.6119e-08,-0.03139740000000002
1.6121e-08,-0.02676259999999997
1.6123e-08,-0.02212930000000002
1.6125e-08,-0.017500199999999966
1.6127e-08,-0.01287779999999994
1.6129e-08,-0.008264599999999955
1.6131e-08,-0.003662800000000077
1.6133e-08,0.0009251999999999594
1.6135e-08,0.005497399999999986
1.6137e-08,0.010051799999999944
1.6139e-08,0.014586499999999947
1.6141e-08,0.019099599999999994
1.6143e-08,0.02358959999999999
1.6145e-08,0.028054699999999988
1.6147e-08,0.032493400000000006
1.6149e-08,0.0369043
1.6151e-08,0.0412859000000001
1.6153e-08,0.045637099999999986
1.6155e-08,0.049956699999999965
1.6157e-08,0.0542435
1.6159e-08,0.05849650000000006
1.6161e-08,0.06271459999999995
1.6163e-08,0.06689689999999993
1.6165e-08,0.07104259999999996
1.6167e-08,0.07515099999999997
1.6169e-08,0.07922110000000004
1.6171e-08,0.0832524
1.6173e-08,0.08724429999999994
1.6175e-08,0.09119620000000006
1.6177e-08,0.09510750000000001
1.6179e-08,0.0989778
1.6181e-08,0.10280669999999992
1.6183e-08,0.10659370000000001
1.6185e-08,0.11033870000000001
1.6187e-08,0.11404120000000006
1.6189e-08,0.11770100000000006
1.6191e-08,0.12131780000000003
1.6193e-08,0.12489169999999994
1.6195e-08,0.12842220000000004
1.6197e-08,0.13190939999999995
1.61985e-08,0.13449639999999996
1.62e-08,0.13705879999999993
1.62002e-08,0.13739919999999994
1.62006e-08,0.138081
1.62014e-08,0.13945010000000002
1.6203e-08,0.14219530000000002
1.6205e-08,0.14559980000000006
1.6207e-08,0.14892509999999992
1.6209e-08,0.15212539999999997
1.6211e-08,0.15516400000000008
1.6213e-08,0.15801129999999997
1.6215e-08,0.16064409999999996
1.6217e-08,0.1630446000000001
1.6219e-08,0.16519950000000005
1.6221e-08,0.1670992
1.6223e-08,0.16873710000000008
1.6225e-08,0.17010960000000008
1.6227e-08,0.17121529999999996
1.6229e-08,0.17205459999999995
1.6231e-08,0.1726295
1.6233e-08,0.17294319999999996
1.6235e-08,0.17300000000000004
1.6237e-08,0.17280550000000006
1.6239e-08,0.17236549999999995
1.6241e-08,0.17168640000000002
1.6243e-08,0.17077540000000002
1.6245e-08,0.16963969999999995
1.6247e-08,0.16828690000000002
1.6249e-08,0.1667248
1.6251e-08,0.16496129999999998
1.6253e-08,0.16300420000000004
1.6255e-08,0.16086180000000005
1.6257e-08,0.15854180000000007
1.6259e-08,0.15605210000000003
1.6261e-08,0.15340050000000005
1.6263e-08,0.15059489999999998
1.6265e-08,0.14764260000000007
1.6267e-08,0.14455130000000005
1.6269e-08,0.14132820000000001
1.6271e-08,0.1379804
1.6273e-08,0.13451500000000005
1.6275e-08,0.13093860000000002
1.6277e-08,0.12725810000000004
1.6279e-08,0.12347960000000002
1.6281e-08,0.11960979999999999
1.6283e-08,0.11565439999999994
1.6285e-08,0.11161940000000004
1.6287e-08,0.10751060000000001
1.6289e-08,0.10333349999999997
1.6291e-08,0.09909349999999995
1.6293e-08,0.09479559999999998
1.6295e-08,0.09044490000000005
1.6297e-08,0.08604630000000002
1.6299e-08,0.08160440000000002
1.6301e-08,0.07712359999999996
1.6303e-08,0.07260829999999996
1.6305e-08,0.06806269999999992
1.6307e-08,0.06349070000000001
1.6309e-08,0.058896199999999954
1.6311e-08,0.054282800000000075
1.6313e-08,0.04965419999999998
1.6315e-08,0.045013800000000104
1.6317e-08,0.040364600000000084
1.6319e-08,0.03571000000000002
1.6321e-08,0.03105289999999994
1.6323e-08,0.02639619999999998
1.6325e-08,0.021742599999999945
1.6327e-08,0.017094799999999966
1.6329e-08,0.012455100000000052
1.6331e-08,0.007825900000000052
1.6333e-08,0.0032096000000000346
1.6335e-08,-0.00139149999999999
1.6337e-08,-0.005975700000000028
1.6339e-08,-0.010540900000000075
1.6341e-08,-0.01508530000000008
1.6343e-08,-0.01960699999999993
1.6345e-08,-0.024104400000000026
1.6347e-08,-0.028576000000000046
1.6349e-08,-0.03302039999999995
1.6351e-08,-0.037435899999999966
1.6353e-08,-0.04182140000000001
1.6355e-08,-0.04617570000000004
1.6357e-08,-0.05049749999999997
1.6359e-08,-0.054785799999999996
1.6361e-08,-0.059039400000000075
1.6363e-08,-0.06325769999999997
1.6365e-08,-0.06743949999999999
1.6367e-08,-0.07158410000000004
1.6369e-08,-0.0756907
1.6371e-08,-0.07975870000000007
1.6373e-08,-0.08378730000000001
1.6375e-08,-0.08777599999999997
1.6377e-08,-0.09172419999999992
1.6379e-08,-0.09563149999999998
1.6381e-08,-0.09949730000000001
1.6383e-08,-0.10332129999999995
1.6385e-08,-0.10710320000000007
1.6387e-08,-0.1108425999999999
1.6389e-08,-0.11453930000000001
1.6391e-08,-0.11819299999999999
1.6393e-08,-0.12180350000000006
1.6395e-08,-0.12537070000000006
1.6397e-08,-0.12889430000000002
1.63985e-08,-0.13150850000000003
1.64e-08,-0.1340981
1.64002e-08,-0.13444140000000004
1.64006e-08,-0.135127
1.64014e-08,-0.13649279999999997
1.6403e-08,-0.13920359999999998
1.6405e-08,-0.14255279999999992
1.6407e-08,-0.14585839999999994
1.6409e-08,-0.1491203000000001
1.6411e-08,-0.1523388
1.6413e-08,-0.1555139000000001
1.6415e-08,-0.15864560000000005
1.6417e-08,-0.1617341000000001
1.6419e-08,-0.16477960000000003
1.6421e-08,-0.16778230000000005
1.6423e-08,-0.1707423
1.6425e-08,-0.17365979999999992
1.6427e-08,-0.1765352
1.6429e-08,-0.1793684000000001
1.6431e-08,-0.18216009999999994
1.6433e-08,-0.18491020000000002
1.6435e-08,-0.18761919999999999
1.6437e-08,-0.1902872
1.6439e-08,-0.1929147
1.6441e-08,-0.1955019
1.6443e-08,-0.19804900000000003
1.6445e-08,-0.20055659999999997
1.6447e-08,-0.2030248
1.6449e-08,-0.20545420000000003
1.6451e-08,-0.20784500000000006
1.6453e-08,-0.21019739999999998
1.6455e-08,-0.21251199999999992
1.6457e-08,-0.21478910000000007
1.6459e-08,-0.21702910000000009
1.6461e-08,-0.2192322
1.6463e-08,-0.22139910000000007
1.6465e-08,-0.22353
1.6467e-08,-0.22562530000000003
1.6469e-08,-0.22768539999999993
1.6471e-08,-0.22971069999999993
1.6473e-08,-0.23170160000000006
1.6475e-08,-0.2336585
1.6477e-08,-0.23558179999999995
1.6479e-08,-0.2374718
1.6481e-08,-0.23932910000000007
1.6483e-08,-0.24115399999999998
1.6485e-08,-0.24294689999999997
1.6487e-08,-0.24470820000000004
1.6489e-08,-0.2464383
1.6491e-08,-0.2481376999999999
1.6493e-08,-0.2498066
1.6495e-08,-0.25144560000000005
1.6497e-08,-0.2530549999999999
1.6499e-08,-0.25463519999999995
1.6501e-08,-0.25618659999999993
1.6503e-08,-0.25770970000000004
1.6505e-08,-0.25920469999999995
1.6507e-08,-0.26067209999999996
1.6509e-08,-0.2621124
1.6511e-08,-0.26352580000000003
1.6513e-08,-0.2649127
1.6515e-08,-0.26627370000000006
1.6517e-08,-0.2676088
1.6519e-08,-0.2689187999999999
1.6521e-08,-0.27020369999999994
1.6523e-08,-0.27146420000000004
1.6525e-08,-0.27270039999999995
1.6527e-08,-0.27391279999999996
1.6529e-08,-0.27510179999999995
1.6531e-08,-0.2762677
1.6533e-08,-0.27741079999999996
1.6535e-08,-0.2785316
1.6537e-08,-0.27963019999999994
1.6539e-08,-0.2807073
1.6541e-08,-0.28176290000000004
1.6543e-08,-0.2827976
1.6545e-08,-0.2838115
1.6547e-08,-0.2848052
1.6549e-08,-0.2857788
1.6551e-08,-0.28673270000000006
1.6553e-08,-0.28766729999999996
1.6555e-08,-0.28858280000000003
1.6557e-08,-0.28947960000000006
1.6559e-08,-0.290358
1.6561e-08,-0.2912182
1.6563e-08,-0.29206070000000006
1.6565e-08,-0.29288559999999997
1.6567e-08,-0.2936934
1.6569e-08,-0.2944842
1.6571e-08,-0.29525840000000003
1.6573e-08,-0.29601620000000006
1.6575e-08,-0.2967580000000001
1.6577e-08,-0.29748399999999997
1.6579e-08,-0.29819439999999997
1.6581e-08,-0.29888970000000004
1.6583e-08,-0.29957
1.6585e-08,-0.30023559999999994
1.6587e-08,-0.3008868
1.6589e-08,-0.30152369999999995
1.6591e-08,-0.3021467
1.6593e-08,-0.3027559999999999
1.6595e-08,-0.3033519
1.6597e-08,-0.3039347
1.65985e-08,-0.30436320000000006
1.66e-08,-0.3047961
1.66002e-08,-0.30485550000000006
1.66006e-08,-0.3049758
1.66014e-08,-0.3052229000000001
1.6603e-08,-0.3057278
1.6605e-08,-0.3063433000000001
1.6607e-08,-0.30689690000000003
1.6609e-08,-0.30734780000000006
1.6611e-08,-0.3076631000000001
1.6613e-08,-0.30781649999999994
1.6615e-08,-0.30778740000000004
1.6617e-08,-0.3075597
1.6619e-08,-0.3071214
1.6621e-08,-0.30646400000000007
1.6623e-08,-0.3055814
1.6625e-08,-0.30447040000000003
1.6627e-08,-0.30312949999999994
1.6629e-08,-0.30155869999999996
1.6631e-08,-0.2997601
1.6633e-08,-0.2977362
1.6635e-08,-0.2954911
1.6637e-08,-0.29302949999999994
1.6639e-08,-0.2903566000000001
1.6641e-08,-0.2874784
1.6643e-08,-0.2844011999999999
1.6645e-08,-0.2811317000000001
1.6647e-08,-0.27767699999999995
1.6649e-08,-0.27404420000000007
1.6651e-08,-0.27024060000000005
1.6653e-08,-0.26627349999999994
1.6655e-08,-0.26215049999999995
1.6657e-08,-0.25787879999999996
1.6659e-08,-0.25346599999999997
1.6661e-08,-0.24891949999999996
1.6663e-08,-0.24424630000000003
1.6665e-08,-0.2394539
1.6667e-08,-0.23454929999999996
1.6669e-08,-0.22953940000000006
1.6671e-08,-0.2244309
1.6673e-08,-0.21923060000000005
1.6675e-08,-0.21394499999999994
1.6677e-08,-0.20858050000000006
1.6679e-08,-0.20314319999999997
1.6681e-08,-0.19763910000000007
1.6683e-08,-0.19207400000000008
1.6685e-08,-0.1864538
1.6687e-08,-0.18078380000000005
1.6689e-08,-0.17506929999999998
1.6691e-08,-0.1693156
1.6693e-08,-0.16352769999999994
1.6695e-08,-0.15771009999999996
1.6697e-08,-0.15186769999999994
1.6699e-08,-0.14600499999999994
1.6701e-08,-0.14012599999999997
1.6703e-08,-0.13423530000000006
1.6705e-08,-0.12833640000000002
1.6707e-08,-0.12243349999999997
1.6709e-08,-0.11652989999999996
1.6711e-08,-0.11062950000000005
1.6713e-08,-0.10473529999999998
1.6715e-08,-0.09885080000000002
1.6717e-08,-0.09297880000000003
1.6719e-08,-0.08712260000000005
1.6721e-08,-0.08128459999999993
1.6723e-08,-0.07546769999999992
1.6725e-08,-0.06967429999999997
1.6727e-08,-0.06390700000000005
1.6729e-08,-0.058168
1.6731e-08,-0.052459400000000045
1.6733e-08,-0.04678329999999997
1.6735e-08,-0.0411416
1.6737e-08,-0.035536300000000076
1.6739e-08,-0.029968899999999965
1.6741e-08,-0.02444119999999994
1.6743e-08,-0.01895469999999999
1.6745e-08,-0.013510799999999934
1.6747e-08,-0.008110900000000032
1.6749e-08,-0.0027561999999999864
1.6751e-08,0.002552100000000057
1.6753e-08,0.007812900000000012
1.6755e-08,0.013025199999999959
1.6757e-08,0.01818809999999993
1.6759e-08,0.023300700000000063
1.6761e-08,0.028362200000000004
1.6763e-08,0.03337199999999996
1.6765e-08,0.03832930000000001
1.6767e-08,0.043233500000000036
1.6769e-08,0.04808420000000002
1.6771e-08,0.05288079999999995
1.6773e-08,0.05762299999999998
1.6775e-08,0.06231039999999999
1.6777e-08,0.06694259999999996
1.6779e-08,0.07151949999999996
1.6781e-08,0.07604069999999996
1.6783e-08,0.08050619999999997
1.6785e-08,0.08491579999999999
1.6787e-08,0.08926940000000005
1.6789e-08,0.09356699999999996
1.6791e-08,0.09780849999999996
1.6793e-08,0.10199400000000003
1.6795e-08,0.10612359999999998
1.6797e-08,0.11019730000000005
1.67985e-08,0.11321599999999998
1.68e-08,0.11621490000000001
1.68002e-08,0.11661450000000007
1.68006e-08,0.11741409999999997
1.68014e-08,0.11901460000000008
1.6803e-08,0.12220509999999996
1.6805e-08,0.12613660000000004
1.6807e-08,0.1299595
1.6809e-08,0.1336316999999999
1.6811e-08,0.13711910000000005
1.6813e-08,0.1403949000000001
1.6815e-08,0.1434381
1.6817e-08,0.14623280000000005
1.6819e-08,0.14876730000000005
1.6821e-08,0.15103330000000004
1.6823e-08,0.15302570000000004
1.6825e-08,0.15474199999999994
1.6827e-08,0.15618149999999997
1.6829e-08,0.15734559999999997
1.6831e-08,0.15823699999999996
1.6833e-08,0.15885950000000004
1.6835e-08,0.15921829999999992
1.6837e-08,0.15931890000000004
1.6839e-08,0.15916799999999998
1.6841e-08,0.15877209999999997
1.6843e-08,0.15813889999999997
1.6845e-08,0.15727579999999997
1.6847e-08,0.1561906999999999
1.6849e-08,0.15489160000000002
1.6851e-08,0.15338659999999993
1.6853e-08,0.15168380000000004
1.6855e-08,0.14979150000000008
1.6857e-08,0.14771750000000006
1.6859e-08,0.14546990000000004
1.6861e-08,0.1430566000000001
1.6863e-08,0.14048550000000004
1.6865e-08,0.13776430000000006
1.6867e-08,0.13490029999999997
1.6869e-08,0.13190119999999994
1.6871e-08,0.12877380000000005
1.6873e-08,0.1255254
1.6875e-08,0.12216280000000002
1.6877e-08,0.11869260000000004
1.6879e-08,0.11512139999999993
1.6881e-08,0.11145539999999998
1.6883e-08,0.10770060000000004
1.6885e-08,0.10386329999999999
1.6887e-08,0.09994890000000001
1.6889e-08,0.09596309999999997
1.6891e-08,0.09191120000000008
1.6893e-08,0.08779839999999994
1.6895e-08,0.08362980000000009
1.6897e-08,0.07941019999999999
1.6899e-08,0.07514430000000005
1.6901e-08,0.07083660000000003
1.6903e-08,0.06649140000000009
1.6905e-08,0.062113000000000085
1.6907e-08,0.05770529999999996
1.6909e-08,0.05327209999999993
1.6911e-08,0.048817200000000005
1.6913e-08,0.0443443
1.6915e-08,0.03985660000000002
1.6917e-08,0.03535750000000004
1.6919e-08,0.030850299999999997
1.6921e-08,0.02633769999999991
1.6923e-08,0.02182280000000003
1.6925e-08,0.017308199999999996
1.6927e-08,0.012796800000000053
1.6929e-08,0.008290999999999937
1.6931e-08,0.0037930000000000463
1.6933e-08,-0.0006947000000000481
1.6935e-08,-0.0051698999999999495
1.6937e-08,-0.009630600000000045
1.6939e-08,-0.014074799999999943
1.6941e-08,-0.018500599999999978
1.6943e-08,-0.022906199999999988
1.6945e-08,-0.027290099999999984
1.6947e-08,-0.03165030000000002
1.6949e-08,-0.03598570000000001
1.6951e-08,-0.04029470000000002
1.6953e-08,-0.0445759
1.6955e-08,-0.04882819999999999
1.6957e-08,-0.05305020000000005
1.6959e-08,-0.05724089999999993
1.6961e-08,-0.0613992000000001
1.6963e-08,-0.06552399999999992
1.6965e-08,-0.06961470000000003
1.6967e-08,-0.07367020000000002
1.6969e-08,-0.07768969999999997
1.6971e-08,-0.08167259999999998
1.6973e-08,-0.08561810000000003
1.6975e-08,-0.08952570000000004
1.6977e-08,-0.09339469999999994
1.6979e-08,-0.0972246
1.6981e-08,-0.10101490000000002
1.6983e-08,-0.10476529999999995
1.6985e-08,-0.10847530000000005
1.6987e-08,-0.11214460000000004
1.6989e-08,-0.11577289999999996
1.6991e-08,-0.11935989999999996
1.6993e-08,-0.12290560000000006
1.6995e-08,-0.12640929999999995
1.6997e-08,-0.12987130000000002
1.69985e-08,-0.1324402
1.7e-08,-0.13498549999999998
1.70002e-08,-0.13532290000000002
1.70006e-08,-0.13599680000000003
1.70014e-08,-0.13733949999999995
1.7003e-08,-0.14000480000000004
1.7005e-08,-0.14329840000000005
1.7007e-08,-0.1465499
1.7009e-08,-0.14975919999999998
1.7011e-08,-0.15292640000000002
1.7013e-08,-0.15605159999999996
1.7015e-08,-0.15913480000000002
1.7017e-08,-0.16217610000000005
1.7019e-08,-0.16517579999999998
1.7021e-08,-0.1681338
1.7023e-08,-0.17105059999999994
1.7025e-08,-0.17392589999999997
1.7027e-08,-0.17676029999999998
1.7029e-08,-0.179554
1.7031e-08,-0.182307
1.7033e-08,-0.1850197
1.7035e-08,-0.18769229999999992
1.7037e-08,-0.19032510000000002
1.7039e-08,-0.1929183
1.7041e-08,-0.19547230000000004
1.7043e-08,-0.19798740000000004
1.7045e-08,-0.20046379999999997
1.7047e-08,-0.20290189999999997
1.7049e-08,-0.20530199999999998
1.7051e-08,-0.20766439999999997
1.7053e-08,-0.20998949999999994
1.7055e-08,-0.21227759999999996
1.7057e-08,-0.21452910000000003
1.7059e-08,-0.21674440000000006
1.7061e-08,-0.2189236
1.7063e-08,-0.22106730000000008
1.7065e-08,-0.22317589999999998
1.7067e-08,-0.2252495000000001
1.7069e-08,-0.22728880000000007
1.7071e-08,-0.229294
1.7073e-08,-0.23126560000000007
1.7075e-08,-0.23320379999999996
1.7077e-08,-0.23510920000000002
1.7079e-08,-0.23698189999999997
1.7081e-08,-0.2388226
1.7083e-08,-0.24063160000000006
1.7085e-08,-0.24240910000000004
1.7087e-08,-0.24415559999999992
1.7089e-08,-0.24587160000000008
1.7091e-08,-0.24755729999999998
1.7093e-08,-0.24921329999999997
1.7095e-08,-0.25083980000000006
1.7097e-08,-0.2524373
1.7099e-08,-0.2540061
1.7101e-08,-0.2555467
1.7103e-08,-0.25705939999999994
1.7105e-08,-0.2585446
1.7107e-08,-0.2600026
1.7109e-08,-0.2614339
1.7111e-08,-0.2628387000000001
1.7113e-08,-0.2642177
1.7115e-08,-0.26557089999999994
1.7117e-08,-0.26689890000000005
1.7119e-08,-0.26820199999999994
1.7121e-08,-0.2694807
1.7123e-08,-0.27073499999999995
1.7125e-08,-0.27196560000000003
1.7127e-08,-0.2731728
1.7129e-08,-0.2743569
1.7131e-08,-0.27551820000000005
1.7133e-08,-0.27665699999999993
1.7135e-08,-0.27777379999999996
1.7137e-08,-0.2788689
1.7139e-08,-0.27994260000000004
1.7141e-08,-0.28099530000000006
1.7143e-08,-0.28202720000000003
1.7145e-08,-0.2830387999999999
1.7147e-08,-0.28403029999999996
1.7149e-08,-0.28500210000000004
1.7151e-08,-0.2859543
1.7153e-08,-0.2868876
1.7155e-08,-0.287802
1.7157e-08,-0.2886978
1.7159e-08,-0.28957560000000004
1.7161e-08,-0.2904354
1.7163e-08,-0.2912777
1.7165e-08,-0.2921026
1.7167e-08,-0.2929105999999999
1.7169e-08,-0.2937018
1.7171e-08,-0.2944766
1.7173e-08,-0.29523520000000003
1.7175e-08,-0.2959779
1.7177e-08,-0.29670510000000005
1.7179e-08,-0.2974169
1.7181e-08,-0.2981136
1.7183e-08,-0.2987955
1.7185e-08,-0.29946280000000003
1.7187e-08,-0.3001159
1.7189e-08,-0.30075490000000005
1.7191e-08,-0.3013802
1.7193e-08,-0.30199180000000003
1.7195e-08,-0.3025901999999999
1.7197e-08,-0.3031754
1.71985e-08,-0.30360600000000004
1.72e-08,-0.3040294
1.72002e-08,-0.3040853
1.72006e-08,-0.3041967
1.72014e-08,-0.30441819999999997
1.7203e-08,-0.30485509999999993
1.7205e-08,-0.3053905
1.7207e-08,-0.30591390000000007
1.7209e-08,-0.3064256000000001
1.7211e-08,-0.30692569999999997
1.7213e-08,-0.30741470000000004
1.7215e-08,-0.3078925
1.7217e-08,-0.3083595
1.7219e-08,-0.3088158
1.7221e-08,-0.3092617000000001
1.7223e-08,-0.30969730000000006
1.7225e-08,-0.3101229000000001
1.7227e-08,-0.31053850000000005
1.7229e-08,-0.3109444
1.7231e-08,-0.31134090000000003
1.7233e-08,-0.3117279999999999
1.7235e-08,-0.312106
1.7237e-08,-0.31247499999999995
1.7239e-08,-0.3128352
1.7241e-08,-0.31318689999999993
1.7243e-08,-0.3135300000000001
1.7245e-08,-0.31386479999999994
1.7247e-08,-0.3141916
1.7249e-08,-0.31451039999999997
1.7251e-08,-0.3148213999999999
1.7253e-08,-0.3151246000000001
1.7255e-08,-0.3154205000000001
1.7257e-08,-0.31570890000000007
1.7259e-08,-0.3159902
1.7261e-08,-0.3162644
1.7263e-08,-0.3165316
1.7265e-08,-0.3167922000000001
1.7267e-08,-0.31704599999999994
1.7269e-08,-0.31729339999999995
1.7271e-08,-0.31753449999999994
1.7273e-08,-0.3177692000000001
1.7275e-08,-0.31799790000000006
1.7277e-08,-0.3182205
1.7279e-08,-0.3184374
1.7281e-08,-0.3186485
1.7283e-08,-0.31885399999999997
1.7285e-08,-0.31905400000000006
1.7287e-08,-0.3192486
1.7289e-08,-0.31943789999999994
1.7291e-08,-0.3196220999999999
1.7293e-08,-0.3198012
1.7295e-08,-0.3199754
1.7297e-08,-0.3201448
1.7299e-08,-0.32030939999999997
1.7301e-08,-0.32046949999999996
1.7303e-08,-0.32062499999999994
1.7305e-08,-0.32077599999999995
1.7307e-08,-0.3209227
1.7309e-08,-0.32106520000000005
1.7311e-08,-0.32120360000000003
1.7313e-08,-0.32133790000000007
1.7315e-08,-0.32146829999999993
1.7317e-08,-0.3215947
1.7319e-08,-0.32171739999999993
1.7321e-08,-0.3218364
1.7323e-08,-0.3219518
1.7325e-08,-0.3220636
1.7327e-08,-0.322172
1.7329e-08,-0.32227700000000004
1.7331e-08,-0.32237859999999996
1.7333e-08,-0.32247709999999996
1.7335e-08,-0.32257249999999993
1.7337e-08,-0.3226647
1.7339e-08,-0.32275390000000004
1.7341e-08,-0.3228402
1.7343e-08,-0.3229236000000001
1.7345e-08,-0.32300419999999996
1.7347e-08,-0.32308210000000004
1.7349e-08,-0.3231573
1.7351e-08,-0.32322990000000007
1.7353e-08,-0.3232999999999999
1.7355e-08,-0.3233676
1.7357e-08,-0.3234328000000001
1.7359e-08,-0.32349550000000005
1.7361e-08,-0.32355599999999995
1.7363e-08,-0.3236143
1.7365e-08,-0.32367029999999997
1.7367e-08,-0.3237242
1.7369e-08,-0.3237761
1.7371e-08,-0.32382579999999994
1.7373e-08,-0.32387350000000004
1.7375e-08,-0.32391939999999997
1.7377e-08,-0.32396329999999995
1.7379e-08,-0.32400549999999995
1.7381e-08,-0.32404580000000005
1.7383e-08,-0.3240843
1.7385e-08,-0.3241212
1.7387e-08,-0.3241564
1.7389e-08,-0.32419
1.7391e-08,-0.324222
1.7393e-08,-0.3242524
1.7395e-08,-0.32428140000000005
1.7397e-08,-0.32430899999999996
1.73985e-08,-0.3243287
1.74e-08,-0.3243477
1.74002e-08,-0.3243501
1.74006e-08,-0.3243549
1.74014e-08,-0.3243646
1.7403e-08,-0.3243832
1.7405e-08,-0.3244053
1.7407e-08,-0.32442609999999994
1.7409e-08,-0.3244458
1.7411e-08,-0.32446410000000003
1.7413e-08,-0.32448140000000003
1.7415e-08,-0.32449740000000005
1.7417e-08,-0.3245123999999999
1.7419e-08,-0.32452629999999993
1.7421e-08,-0.3245392
1.7423e-08,-0.32455100000000003
1.7425e-08,-0.32456190000000007
1.7427e-08,-0.32457179999999997
1.7429e-08,-0.3245808
1.7431e-08,-0.324589
1.7433e-08,-0.3245962
1.7435e-08,-0.3246026000000001
1.7437e-08,-0.324608
1.7439e-08,-0.32461280000000003
1.7441e-08,-0.32461680000000004
1.7443e-08,-0.32462009999999997
1.7445e-08,-0.3246226
1.7447e-08,-0.32462440000000004
1.7449e-08,-0.3246255
1.7451e-08,-0.32462599999999997
1.7453e-08,-0.32462579999999996
1.7455e-08,-0.32462500000000005
1.7457e-08,-0.3246235999999999
1.7459e-08,-0.32462159999999995
1.7461e-08,-0.32461910000000005
1.7463e-08,-0.32461609999999996
1.7465e-08,-0.32461249999999997
1.7467e-08,-0.3246084
1.7469e-08,-0.3246038
1.7471e-08,-0.3245988000000001
1.7473e-08,-0.3245932
1.7475e-08,-0.3245872999999999
1.7477e-08,-0.324581
1.7479e-08,-0.32457420000000003
1.7481e-08,-0.32456699999999994
1.7483e-08,-0.3245595
1.7485e-08,-0.32455160000000005
1.7487e-08,-0.32454340000000004
1.7489e-08,-0.32453469999999995
1.7491e-08,-0.3245258
1.7493e-08,-0.3245167
1.7495e-08,-0.3245072
1.7497e-08,-0.3244973
1.7499e-08,-0.3244872999999999
1.7501e-08,-0.324477
1.7503e-08,-0.32446640000000004
1.7505e-08,-0.32445560000000007
1.7507e-08,-0.3244446000000001
1.7509e-08,-0.3244334
1.7511e-08,-0.3244218
1.7513e-08,-0.3244102
1.7515e-08,-0.3243984000000001
1.7517e-08,-0.32438639999999996
1.7519e-08,-0.32437419999999995
1.7521e-08,-0.32436180000000003
1.7523e-08,-0.32434930000000006
1.7525e-08,-0.32433670000000003
1.7527e-08,-0.3243239
1.7529e-08,-0.324311
1.7531e-08,-0.324298
1.7533e-08,-0.32428479999999993
1.7535e-08,-0.32427170000000005
1.7537e-08,-0.3242583
1.7539e-08,-0.32424490000000006
1.7541e-08,-0.32423139999999995
1.7543e-08,-0.3242178
1.7545e-08,-0.32420419999999994
1.7547e-08,-0.3241904
1.7549e-08,-0.3241767
1.7551e-08,-0.32416290000000003
1.7553e-08,-0.324149
1.7555e-08,-0.32413500000000006
1.7557e-08,-0.3241212
1.7559e-08,-0.32410720000000004
1.7561e-08,-0.3240931
1.7563e-08,-0.32407909999999995
1.7565e-08,-0.3240651000000001
1.7567e-08,-0.324051
1.7569e-08,-0.324037
1.7571e-08,-0.3240229
1.7573e-08,-0.3240088000000001
1.7575e-08,-0.32399469999999997
1.7577e-08,-0.3239807
1.7579e-08,-0.32396670000000005
1.7581e-08,-0.3239527000000001
1.7583e-08,-0.3239387
1.7585e-08,-0.32392469999999995
1.7587e-08,-0.3239107
1.7589e-08,-0.3238968
1.7591e-08,-0.3238829
1.7593e-08,-0.3238691
1.7595e-08,-0.32385529999999996
1.7597e-08,-0.3238415
1.75985e-08,-0.3238312
1.76e-08,-0.3238324
1.76002e-08,-0.323835
1.76006e-08,-0.32384159999999995
1.76014e-08,-0.323863
1.7603e-08,-0.32392240000000005
1.7605e-08,-0.32399220000000006
1.7607e-08,-0.32401250000000004
1.7609e-08,-0.3239423
1.7611e-08,-0.3237485
1.7613e-08,-0.3234047
1.7615e-08,-0.3228898
1.7617e-08,-0.3221878
1.7619e-08,-0.32128639999999997
1.7621e-08,-0.32017660000000003
1.7623e-08,-0.3188523
1.7625e-08,-0.3173098000000001
1.7627e-08,-0.3155475
1.7629e-08,-0.3135652
1.7631e-08,-0.3113644
1.7633e-08,-0.3089478
1.7635e-08,-0.30631910000000007
1.7637e-08,-0.3034825
1.7639e-08,-0.3004434
1.7641e-08,-0.29720729999999995
1.7643e-08,-0.29378059999999995
1.7645e-08,-0.2901695000000001
1.7647e-08,-0.286381
1.7649e-08,-0.2824221
1.7651e-08,-0.27829989999999993
1.7653e-08,-0.27402150000000003
1.7655e-08,-0.26959430000000006
1.7657e-08,-0.2650256000000001
1.7659e-08,-0.2603227
1.7661e-08,-0.25549279999999996
1.7663e-08,-0.25054300000000007
1.7665e-08,-0.24548040000000004
1.7667e-08,-0.24031199999999997
1.7669e-08,-0.23504459999999994
1.7671e-08,-0.2296847999999999
1.7673e-08,-0.22423939999999998
1.7675e-08,-0.21871459999999998
1.7677e-08,-0.21311669999999994
1.7679e-08,-0.20745179999999996
1.7681e-08,-0.2017259
1.7683e-08,-0.19594460000000002
1.7685e-08,-0.19011350000000005
1.7687e-08,-0.18423809999999996
1.7689e-08,-0.17832349999999997
1.7691e-08,-0.17237499999999994
1.7693e-08,-0.16639709999999996
1.7695e-08,-0.16039500000000007
1.7697e-08,-0.15437279999999998
1.7699e-08,-0.1483352
1.7701e-08,-0.14228620000000003
1.7703e-08,-0.13622990000000001
1.7705e-08,-0.13017029999999996
1.7707e-08,-0.12411110000000003
1.7709e-08,-0.11805580000000004
1.7711e-08,-0.11200779999999999
1.7713e-08,-0.10597050000000008
1.7715e-08,-0.09994700000000001
1.7717e-08,-0.09394020000000003
1.7719e-08,-0.0879531
1.7721e-08,-0.08198830000000001
1.7723e-08,-0.07604829999999996
1.7725e-08,-0.07013590000000003
1.7727e-08,-0.064253
1.7729e-08,-0.05840210000000001
1.7731e-08,-0.05258530000000006
1.7733e-08,-0.04680450000000003
1.7735e-08,-0.04106149999999997
1.7737e-08,-0.03535810000000006
1.7739e-08,-0.029696100000000003
1.7741e-08,-0.02407680000000001
1.7743e-08,-0.01850189999999996
1.7745e-08,-0.0129726
1.7747e-08,-0.007490300000000061
1.7749e-08,-0.002056100000000005
1.7751e-08,0.0033286999999999622
1.7753e-08,0.008663399999999988
1.7755e-08,0.013946800000000037
1.7757e-08,0.019178200000000034
1.7759e-08,0.02435670000000001
1.7761e-08,0.029481599999999997
1.7763e-08,0.03455229999999998
1.7765e-08,0.039568099999999995
1.7767e-08,0.04452860000000003
1.7769e-08,0.049433200000000066
1.7771e-08,0.054281500000000094
1.7773e-08,0.059073299999999995
1.7775e-08,0.06380820000000009
1.7777e-08,0.06848580000000004
1.7779e-08,0.07310610000000006
1.7781e-08,0.07766879999999998
1.7783e-08,0.08217390000000002
1.7785e-08,0.08662119999999995
1.7787e-08,0.0910109
1.7789e-08,0.0953427
1.7791e-08,0.09961680000000006
1.7793e-08,0.1038332999999999
1.7795e-08,0.10799210000000004
1.7797e-08,0.11209360000000002
1.77985e-08,0.11513209999999996
1.78e-08,0.11813859999999998
1.78002e-08,0.11853749999999996
1.78006e-08,0.11933610000000006
1.78014e-08,0.12093739999999997
1.7803e-08,0.12414040000000004
1.7805e-08,0.12810529999999998
1.7807e-08,0.13197800000000004
1.7809e-08,0.13571290000000003
1.7811e-08,0.1392734
1.7813e-08,0.1426303
1.7815e-08,0.14576060000000002
1.7817e-08,0.14864670000000002
1.7819e-08,0.15127540000000006
1.7821e-08,0.15363749999999998
1.7823e-08,0.15572680000000005
1.7825e-08,0.1575398
1.7827e-08,0.15907539999999998
1.7829e-08,0.16033399999999998
1.7831e-08,0.16131819999999997
1.7833e-08,0.1620313000000001
1.7835e-08,0.162478
1.7837e-08,0.16266389999999997
1.7839e-08,0.16259500000000005
1.7841e-08,0.16227809999999998
1.7843e-08,0.1617206
1.7845e-08,0.16092970000000006
1.7847e-08,0.1599136
1.7849e-08,0.15867980000000004
1.7851e-08,0.15723660000000006
1.7853e-08,0.15559230000000002
1.7855e-08,0.15375470000000002
1.7857e-08,0.15173210000000004
1.7859e-08,0.1495324
1.7861e-08,0.1471637
1.7863e-08,0.14463389999999998
1.7865e-08,0.1419507000000001
1.7867e-08,0.1391215
1.7869e-08,0.136154
1.7871e-08,0.13305539999999993
1.7873e-08,0.12983259999999996
1.7875e-08,0.12649280000000007
1.7877e-08,0.1230426
1.7879e-08,0.1194885
1.7881e-08,0.11583720000000008
1.7883e-08,0.11209460000000004
1.7885e-08,0.10826669999999994
1.7887e-08,0.10435949999999994
1.7889e-08,0.10037839999999998
1.7891e-08,0.0963292
1.7893e-08,0.09221679999999999
1.7895e-08,0.08804659999999997
1.7897e-08,0.08382339999999999
1.7899e-08,0.07955200000000007
1.7901e-08,0.07523679999999999
1.7903e-08,0.07088240000000001
1.7905e-08,0.06649300000000002
1.7907e-08,0.06207280000000004
1.7909e-08,0.057625499999999996
1.7911e-08,0.05315510000000001
1.7913e-08,0.04866499999999996
1.7915e-08,0.04415900000000006
1.7917e-08,0.03964029999999996
1.7919e-08,0.03511200000000003
1.7921e-08,0.030577399999999977
1.7923e-08,0.02603920000000004
1.7925e-08,0.021500399999999975
1.7927e-08,0.016963700000000026
1.7929e-08,0.01243150000000004
1.7931e-08,0.007906500000000038
1.7933e-08,0.003390800000000027
1.7935e-08,-0.0011132000000000364
1.7937e-08,-0.0056034999999999835
1.7939e-08,-0.010077899999999973
1.7941e-08,-0.014534599999999953
1.7943e-08,-0.018971799999999983
1.7945e-08,-0.023387600000000064
1.7947e-08,-0.02778069999999999
1.7949e-08,-0.03214919999999999
1.7951e-08,-0.03649159999999996
1.7953e-08,-0.04080689999999998
1.7955e-08,-0.04509350000000001
1.7957e-08,-0.04935020000000001
1.7959e-08,-0.05357590000000001
1.7961e-08,-0.05776950000000003
1.7963e-08,-0.06192999999999993
1.7965e-08,-0.0660563999999999
1.7967e-08,-0.07014790000000004
1.7969e-08,-0.07420350000000009
1.7971e-08,-0.07822269999999998
1.7973e-08,-0.08220470000000002
1.7975e-08,-0.08614870000000008
1.7977e-08,-0.09005430000000003
1.7979e-08,-0.09392080000000003
1.7981e-08,-0.09774779999999994
1.7983e-08,-0.10153480000000004
1.7985e-08,-0.10528150000000003
1.7987e-08,-0.10898730000000001
1.7989e-08,-0.11265219999999998
1.7991e-08,-0.11627569999999998
1.7993e-08,-0.11985760000000001
1.7995e-08,-0.12339770000000005
1.7997e-08,-0.12689589999999995
1.79985e-08,-0.1294919
1.8e-08,-0.13206400000000007
1.80002e-08,-0.132405
1.80006e-08,-0.13308609999999998
1.80014e-08,-0.13444319999999998
1.8003e-08,-0.13713699999999995
1.8005e-08,-0.14046629999999993
1.8007e-08,-0.14375309999999997
1.8009e-08,-0.14699759999999995
1.8011e-08,-0.15019989999999994
1.8013e-08,-0.1533599
1.8015e-08,-0.15647770000000005
1.8017e-08,-0.15955350000000001
1.8019e-08,-0.1625873000000001
1.8021e-08,-0.16557929999999998
1.8023e-08,-0.16852959999999995
1.8025e-08,-0.1714384
1.8027e-08,-0.17430599999999996
1.8029e-08,-0.17713249999999992
1.8031e-08,-0.17991809999999997
1.8033e-08,-0.18266329999999997
1.8035e-08,-0.18536789999999992
1.8037e-08,-0.18803249999999994
1.8039e-08,-0.19065730000000003
1.8041e-08,-0.19324249999999998
1.8043e-08,-0.19578850000000003
1.8045e-08,-0.19829560000000002
1.8047e-08,-0.20076400000000005
1.8049e-08,-0.2031942
1.8051e-08,-0.2055863
1.8053e-08,-0.20794089999999998
1.8055e-08,-0.21025819999999995
1.8057e-08,-0.21253840000000002
1.8059e-08,-0.21478219999999992
1.8061e-08,-0.21698969999999995
1.8063e-08,-0.2191613
1.8065e-08,-0.22129749999999992
1.8067e-08,-0.22339850000000006
1.8069e-08,-0.22546490000000008
1.8071e-08,-0.2274967
1.8073e-08,-0.22949469999999994
1.8075e-08,-0.23145899999999997
1.8077e-08,-0.23339010000000004
1.8079e-08,-0.23528840000000006
1.8081e-08,-0.23715419999999998
1.8083e-08,-0.23898799999999998
1.8085e-08,-0.24079020000000007
1.8087e-08,-0.24256089999999997
1.8089e-08,-0.24430090000000004
1.8091e-08,-0.24601039999999996
1.8093e-08,-0.24768959999999995
1.8095e-08,-0.24933930000000004
1.8097e-08,-0.25095960000000006
1.8099e-08,-0.2525509
1.8101e-08,-0.2541137
1.8103e-08,-0.25564829999999994
1.8105e-08,-0.25715509999999997
1.8107e-08,-0.2586345
1.8109e-08,-0.2600869
1.8111e-08,-0.2615126
1.8113e-08,-0.26291200000000003
1.8115e-08,-0.2642856
1.8117e-08,-0.26563349999999997
1.8119e-08,-0.2669564
1.8121e-08,-0.2682544
1.8123e-08,-0.269528
1.8125e-08,-0.2707775
1.8127e-08,-0.27200329999999995
1.8129e-08,-0.27320580000000005
1.8131e-08,-0.2743852
1.8133e-08,-0.27554200000000006
1.8135e-08,-0.27667639999999993
1.8137e-08,-0.2777889
1.8139e-08,-0.2788798
1.8141e-08,-0.2799494
1.8143e-08,-0.28099799999999997
1.8145e-08,-0.282026
1.8147e-08,-0.28303370000000005
1.8149e-08,-0.2840214000000001
1.8151e-08,-0.28498940000000006
1.8153e-08,-0.28593820000000003
1.8155e-08,-0.2868678
1.8157e-08,-0.2877788
1.8159e-08,-0.2886714
1.8161e-08,-0.28954579999999996
1.8163e-08,-0.2904025
1.8165e-08,-0.29124170000000005
1.8167e-08,-0.2920636
1.8169e-08,-0.2928685
1.8171e-08,-0.2936569
1.8173e-08,-0.29442900000000005
1.8175e-08,-0.2951848
1.8177e-08,-0.29592489999999994
1.8179e-08,-0.2966495
1.8181e-08,-0.2973589
1.8183e-08,-0.2980532
1.8185e-08,-0.2987328
1.8187e-08,-0.2993979
1.8189e-08,-0.3000488
1.8191e-08,-0.3006856
1.8193e-08,-0.30130880000000004
1.8195e-08,-0.3019185
1.8197e-08,-0.30251490000000003
1.81985e-08,-0.3029537
1.82e-08,-0.3033968
1.82002e-08,-0.3034576
1.82006e-08,-0.3035806
1.82014e-08,-0.3038332
1.8203e-08,-0.3043488999999999
1.8205e-08,-0.30497779999999997
1.8207e-08,-0.3055447
1.8209e-08,-0.30600890000000003
1.8211e-08,-0.30633730000000003
1.8213e-08,-0.3065034
1.8215e-08,-0.30648699999999995
1.8217e-08,-0.30627190000000004
1.8219e-08,-0.30584599999999995
1.8221e-08,-0.30520060000000004
1.8223e-08,-0.3043302000000001
1.8225e-08,-0.30323089999999997
1.8227e-08,-0.3019016
1.8229e-08,-0.3003424
1.8231e-08,-0.29855509999999996
1.8233e-08,-0.29654250000000004
1.8235e-08,-0.2943083999999999
1.8237e-08,-0.2918577
1.8239e-08,-0.28919570000000006
1.8241e-08,-0.28632820000000003
1.8243e-08,-0.28326169999999995
1.8245e-08,-0.28000289999999994
1.8247e-08,-0.27655869999999994
1.8249e-08,-0.2729363
1.8251e-08,-0.2691431000000001
1.8253e-08,-0.26518640000000004
1.8255e-08,-0.2610736
1.8257e-08,-0.25681219999999993
1.8259e-08,-0.25240970000000007
1.8261e-08,-0.24787329999999996
1.8263e-08,-0.24321039999999994
1.8265e-08,-0.23842809999999992
1.8267e-08,-0.23353350000000006
1.8269e-08,-0.2285336
1.8271e-08,-0.2234353
1.8273e-08,-0.21824500000000002
1.8275e-08,-0.21296950000000003
1.8277e-08,-0.20761489999999994
1.8279e-08,-0.2021875999999999
1.8281e-08,-0.19669340000000002
1.8283e-08,-0.19113829999999998
1.8285e-08,-0.18552800000000003
1.8287e-08,-0.17986790000000008
1.8289e-08,-0.1741632999999999
1.8291e-08,-0.16841929999999994
1.8293e-08,-0.16264119999999993
1.8295e-08,-0.1568334
1.8297e-08,-0.15100079999999994
1.8299e-08,-0.1451477
1.8301e-08,-0.13927849999999997
1.8303e-08,-0.13339730000000005
1.8305e-08,-0.12750800000000007
1.8307e-08,-0.12161460000000002
1.8309e-08,-0.11572060000000006
1.8311e-08,-0.10982960000000008
1.8313e-08,-0.10394480000000006
1.8315e-08,-0.09806960000000009
1.8317e-08,-0.09220699999999993
1.8319e-08,-0.08635990000000004
1.8321e-08,-0.08053119999999991
1.8323e-08,-0.07472329999999994
1.8325e-08,-0.06893909999999992
1.8327e-08,-0.06318080000000004
1.8329e-08,-0.057450699999999966
1.8331e-08,-0.05175089999999993
1.8333e-08,-0.04608370000000006
1.8335e-08,-0.04045080000000001
1.8337e-08,-0.034854199999999946
1.8339e-08,-0.029295400000000082
1.8341e-08,-0.023776299999999972
1.8343e-08,-0.018298200000000042
1.8345e-08,-0.012862700000000005
1.8347e-08,-0.007471200000000011
1.8349e-08,-0.0021246999999999794
1.8351e-08,0.0031754000000000504
1.8353e-08,0.008428099999999938
1.8355e-08,0.013632300000000042
1.8357e-08,0.018787300000000062
1.8359e-08,0.023892000000000024
1.8361e-08,0.028945699999999963
1.8363e-08,0.033947700000000025
1.8365e-08,0.03889739999999997
1.8367e-08,0.04379409999999995
1.8369e-08,0.048637299999999994
1.8371e-08,0.05342650000000004
1.8373e-08,0.05816140000000003
1.8375e-08,0.0628415
1.8377e-08,0.06746659999999993
1.8379e-08,0.07203630000000005
1.8381e-08,0.07655060000000002
1.8383e-08,0.08100909999999995
1.8385e-08,0.0854119000000001
1.8387e-08,0.08975860000000002
1.8389e-08,0.09404950000000001
1.8391e-08,0.0982845
1.8393e-08,0.1024634000000001
1.8395e-08,0.10658650000000003
1.8397e-08,0.11065389999999997
1.83985e-08,0.11366779999999999
1.84e-08,0.11665049999999999
1.84002e-08,0.11704559999999997
1.84006e-08,0.11783460000000001
1.84014e-08,0.11940600000000001
1.8403e-08,0.12252210000000008
1.8405e-08,0.12636780000000003
1.8407e-08,0.13015870000000007
1.8409e-08,0.13389479999999998
1.8411e-08,0.13757659999999994
1.8413e-08,0.1412044
1.8415e-08,0.14477840000000008
1.8417e-08,0.1482989
1.8419e-08,0.15176640000000008
1.8421e-08,0.15518120000000002
1.8423e-08,0.15854349999999995
1.8425e-08,0.1618541
1.8427e-08,0.1651131
1.8429e-08,0.16832099999999994
1.8431e-08,0.17147819999999991
1.8433e-08,0.17458510000000005
1.8435e-08,0.17764230000000003
1.8437e-08,0.18065019999999998
1.8439e-08,0.18360929999999998
1.8441e-08,0.18652000000000002
1.8443e-08,0.18938279999999996
1.8445e-08,0.1921982000000001
1.8447e-08,0.1949668
1.8449e-08,0.19768910000000006
1.8451e-08,0.20036530000000008
1.8453e-08,0.20299619999999996
1.8455e-08,0.2055823
1.8457e-08,0.20812399999999998
1.8459e-08,0.21062189999999992
1.8461e-08,0.21307660000000006
1.8463e-08,0.21548840000000002
1.8465e-08,0.21785790000000005
1.8467e-08,0.2201858
1.8469e-08,0.22247249999999996
1.8471e-08,0.22471839999999998
1.8473e-08,0.2269241999999999
1.8475e-08,0.22909040000000003
1.8477e-08,0.23121740000000002
1.8479e-08,0.23330589999999995
1.8481e-08,0.23535640000000002
1.8483e-08,0.2373693
1.8485e-08,0.23934509999999998
1.8487e-08,0.24128440000000007
1.8489e-08,0.2431877
1.8491e-08,0.2450555000000001
1.8493e-08,0.24688830000000006
1.8495e-08,0.24868670000000004
1.8497e-08,0.25045110000000004
1.8499e-08,0.2521819999999999
1.8501e-08,0.25387989999999994
1.8503e-08,0.25554520000000003
1.8505e-08,0.2571787
1.8507e-08,0.25878049999999997
1.8509e-08,0.2603512
1.8511e-08,0.2618914
1.8513e-08,0.2634016
1.8515e-08,0.26488199999999995
1.8517e-08,0.26633340000000005
1.8519e-08,0.26775590000000005
1.8521e-08,0.2691502
1.8523e-08,0.27051669999999994
1.8525e-08,0.2718558000000001
1.8527e-08,0.2731681
1.8529e-08,0.2744537
1.8531e-08,0.2757134
1.8533e-08,0.27694739999999995
1.8535e-08,0.27815619999999996
1.8537e-08,0.2793401999999999
1.8539e-08,0.28049979999999997
1.8541e-08,0.2816354
1.8543e-08,0.28274750000000004
1.8545e-08,0.28383630000000004
1.8547e-08,0.2849024
1.8549e-08,0.2859461
1.8551e-08,0.2869678
1.8553e-08,0.2879678
1.8555e-08,0.28894659999999994
1.8557e-08,0.2899045
1.8559e-08,0.2908419000000001
1.8561e-08,0.29175910000000005
1.8563e-08,0.29265640000000004
1.8565e-08,0.2935344
1.8567e-08,0.29439309999999996
1.8569e-08,0.2952332
1.8571e-08,0.29605480000000006
1.8573e-08,0.2968583
1.8575e-08,0.29764389999999996
1.8577e-08,0.2984123000000001
1.8579e-08,0.29916339999999997
1.8581e-08,0.2998976
1.8583e-08,0.30061530000000003
1.8585e-08,0.3013169
1.8587e-08,0.3020026
1.8589e-08,0.3026725
1.8591e-08,0.3033272
1.8593e-08,0.3039668
1.8595e-08,0.3045916000000001
1.8597e-08,0.305202
1.85985e-08,0.30565050000000005
1.86e-08,0.30609089999999994
1.86002e-08,0.306149
1.86006e-08,0.306265
1.86014e-08,0.3064951
1.8603e-08,0.3069488
1.8605e-08,0.307504
1.8607e-08,0.30804600000000004
1.8609e-08,0.3085751
1.8611e-08,0.30909149999999996
1.8613e-08,0.3095955
1.8615e-08,0.31008729999999995
1.8617e-08,0.31056720000000004
1.8619e-08,0.3110355
1.8621e-08,0.3114922
1.8623e-08,0.3119377
1.8625e-08,0.31237229999999994
1.8627e-08,0.31279599999999996
1.8629e-08,0.3132090999999999
1.8631e-08,0.3136118
1.8633e-08,0.3140045
1.8635e-08,0.31438710000000003
1.8637e-08,0.31475999999999993
1.8639e-08,0.3151233
1.8641e-08,0.31547729999999996
1.8643e-08,0.3158221
1.8645e-08,0.31615800000000005
1.8647e-08,0.316485
1.8649e-08,0.31680339999999996
1.8651e-08,0.3171134
1.8653e-08,0.31741509999999995
1.8655e-08,0.31770869999999996
1.8657e-08,0.31799449999999996
1.8659e-08,0.3182724
1.8661e-08,0.3185428
1.8663e-08,0.31880580000000003
1.8665e-08,0.31906140000000005
1.8667e-08,0.31931
1.8669e-08,0.31955159999999994
1.8671e-08,0.3197864
1.8673e-08,0.3200145000000001
1.8675e-08,0.32023619999999997
1.8677e-08,0.32045139999999994
1.8679e-08,0.32066039999999996
1.8681e-08,0.3208634
1.8683e-08,0.3210601999999999
1.8685e-08,0.3212513
1.8687e-08,0.3214367
1.8689e-08,0.3216165000000001
1.8691e-08,0.3217909
1.8693e-08,0.3219599000000001
1.8695e-08,0.32212380000000007
1.8697e-08,0.32228239999999997
1.8699e-08,0.32243620000000006
1.8701e-08,0.32258509999999996
1.8703e-08,0.32272920000000005
1.8705e-08,0.32286859999999995
1.8707e-08,0.32300360000000006
1.8709e-08,0.3231341
1.8711e-08,0.32326030000000006
1.8713e-08,0.32338219999999995
1.8715e-08,0.3235
1.8717e-08,0.32361379999999995
1.8719e-08,0.3237236
1.8721e-08,0.32382959999999994
1.8723e-08,0.3239318
1.8725e-08,0.32403039999999994
1.8727e-08,0.3241254
1.8729e-08,0.32421690000000003
1.8731e-08,0.32430499999999995
1.8733e-08,0.32438980000000006
1.8735e-08,0.3244713
1.8737e-08,0.32454970000000005
1.8739e-08,0.32462500000000005
1.8741e-08,0.32469729999999997
1.8743e-08,0.3247666
1.8745e-08,0.3248331
1.8747e-08,0.3248968
1.8749e-08,0.32495779999999996
1.8751e-08,0.3250160999999999
1.8753e-08,0.32507189999999997
1.8755e-08,0.32512509999999994
1.8757e-08,0.32517589999999996
1.8759e-08,0.3252243
1.8761e-08,0.3252703
1.8763e-08,0.3253142
1.8765e-08,0.3253558
1.8767e-08,0.3253952
1.8769e-08,0.32543259999999996
1.8771e-08,0.325468
1.8773e-08,0.32550139999999994
1.8775e-08,0.32553279999999996
1.8777e-08,0.32556240000000003
1.8779e-08,0.3255901
1.8781e-08,0.32561609999999996
1.8783e-08,0.3256403
1.8785e-08,0.3256629999999999
1.8787e-08,0.3256839
1.8789e-08,0.32570330000000003
1.8791e-08,0.3257211
1.8793e-08,0.3257375
1.8795e-08,0.3257523
1.8797e-08,0.32576590000000005
1.87985e-08,0.32577500000000004
1.88e-08,0.3257951
1.88002e-08,0.3258
1.88006e-08,0.3258116
1.88014e-08,0.3258424
1.8803e-08,0.32592030000000005
1.8805e-08,0.32601199999999997
1.8807e-08,0.32605320000000004
1.8809e-08,0.3260027999999999
1.8811e-08,0.3258278
1.8813e-08,0.3255018999999999
1.8815e-08,0.32500399999999996
1.8817e-08,0.3243184
1.8819e-08,0.32343240000000006
1.8821e-08,0.32233729999999994
1.8823e-08,0.32102700000000006
1.8825e-08,0.31949780000000005
1.8827e-08,0.31774800000000003
1.8829e-08,0.3157776
1.8831e-08,0.31358810000000004
1.8833e-08,0.31118200000000007
1.8835e-08,0.3085631
1.8837e-08,0.3057356
1.8839e-08,0.30270489999999994
1.8841e-08,0.2994766
1.8843e-08,0.29605689999999996
1.8845e-08,0.29245219999999994
1.8847e-08,0.2886693
1.8849e-08,0.28471539999999995
1.8851e-08,0.2805974
1.8853e-08,0.2763226000000001
1.8855e-08,0.27189830000000004
1.8857e-08,0.26733170000000006
1.8859e-08,0.2626303000000001
1.8861e-08,0.2578013
1.8863e-08,0.25285159999999995
1.8865e-08,0.24778849999999997
1.8867e-08,0.24261890000000008
1.8869e-08,0.2373497
1.8871e-08,0.23198759999999996
1.8873e-08,0.22653919999999994
1.8875e-08,0.2210107
1.8877e-08,0.21540859999999995
1.8879e-08,0.209739
1.8881e-08,0.20400759999999996
1.8883e-08,0.19822039999999996
1.8885e-08,0.19238290000000002
1.8887e-08,0.18650049999999996
1.8889e-08,0.18057849999999998
1.8891e-08,0.1746219
1.8893e-08,0.16863570000000005
1.8895e-08,0.1626246
1.8897e-08,0.15659309999999993
1.8899e-08,0.1505457
1.8901e-08,0.14448649999999996
1.8903e-08,0.13841970000000003
1.8905e-08,0.13234920000000006
1.8907e-08,0.12627860000000002
1.8909e-08,0.12021159999999997
1.8911e-08,0.11415159999999991
1.8913e-08,0.10810200000000003
1.8915e-08,0.10206579999999998
1.8917e-08,0.09604620000000008
1.8919e-08,0.09004579999999995
1.8921e-08,0.08406740000000001
1.8923e-08,0.07811390000000007
1.8925e-08,0.07218740000000001
1.8927e-08,0.06629050000000003
1.8929e-08,0.06042520000000007
1.8931e-08,0.054593800000000026
1.8933e-08,0.048798200000000014
1.8935e-08,0.04304039999999998
1.8937e-08,0.03732189999999991
1.8939e-08,0.03164460000000002
1.8941e-08,0.026010099999999925
1.8943e-08,0.020419799999999988
1.8945e-08,0.014874900000000024
1.8947e-08,0.009376900000000021
1.8949e-08,0.003927000000000014
1.8951e-08,-0.0014736000000000748
1.8953e-08,-0.006824200000000058
1.8955e-08,-0.012123600000000012
1.8957e-08,-0.017371000000000025
1.8959e-08,-0.022565599999999963
1.8961e-08,-0.027706499999999967
1.8963e-08,-0.032793300000000025
1.8965e-08,-0.03782529999999995
1.8967e-08,-0.0428018
1.8969e-08,-0.04772259999999995
1.8971e-08,-0.0525871
1.8973e-08,-0.057394899999999915
1.8975e-08,-0.062145899999999976
1.8977e-08,-0.0668396
1.8979e-08,-0.07147589999999993
1.8981e-08,-0.07605479999999998
1.8983e-08,-0.08057590000000003
1.8985e-08,-0.08503910000000003
1.8987e-08,-0.08944459999999999
1.8989e-08,-0.09379230000000005
1.8991e-08,-0.09808220000000001
1.8993e-08,-0.10231430000000008
1.8995e-08,-0.1064889
1.8997e-08,-0.11060599999999998
1.89985e-08,-0.11365619999999999
1.9e-08,-0.11667420000000006
1.90002e-08,-0.11707390000000006
1.90006e-08,-0.11787210000000004
1.90014e-08,-0.1194617
1.9003e-08,-0.12261370000000005
1.9005e-08,-0.12650289999999997
1.9007e-08,-0.1303356
1.9009e-08,-0.13411220000000001
1.9011e-08,-0.1378330000000001
1.9013e-08,-0.14149829999999997
1.9015e-08,-0.14510860000000003
1.9017e-08,-0.14866400000000002
1.9019e-08,-0.1521652
1.9021e-08,-0.15561239999999998
1.9023e-08,-0.15900609999999993
1.9025e-08,-0.1623466
1.9027e-08,-0.16563439999999996
1.9029e-08,-0.16887010000000002
1.9031e-08,-0.17205389999999998
1.9033e-08,-0.17518650000000002
1.9035e-08,-0.1782682
1.9037e-08,-0.1812996
1.9039e-08,-0.18428129999999998
1.9041e-08,-0.18721359999999998
1.9043e-08,-0.19009700000000007
1.9045e-08,-0.19293230000000006
1.9047e-08,-0.19571970000000005
1.9049e-08,-0.19845999999999997
1.9051e-08,-0.20115340000000004
1.9053e-08,-0.2038008
1.9055e-08,-0.20640239999999999
1.9057e-08,-0.208959
1.9059e-08,-0.21147099999999996
1.9061e-08,-0.213939
1.9063e-08,-0.21636350000000004
1.9065e-08,-0.21874510000000003
1.9067e-08,-0.2210843
1.9069e-08,-0.22338170000000002
1.9071e-08,-0.22563770000000005
1.9073e-08,-0.22785290000000002
1.9075e-08,-0.230028
1.9077e-08,-0.23216340000000002
1.9079e-08,-0.23425969999999996
1.9081e-08,-0.2363174
1.9083e-08,-0.2383369999999999
1.9085e-08,-0.2403189
1.9087e-08,-0.24226400000000003
1.9089e-08,-0.24417260000000007
1.9091e-08,-0.24604519999999996
1.9093e-08,-0.24788240000000006
1.9095e-08,-0.24968460000000003
1.9097e-08,-0.25145249999999997
1.9099e-08,-0.2531865
1.9101e-08,-0.25488710000000003
1.9103e-08,-0.2565547
1.9105e-08,-0.2581901
1.9107e-08,-0.25979359999999996
1.9109e-08,-0.2613656
1.9111e-08,-0.26290669999999994
1.9113e-08,-0.2644173999999999
1.9115e-08,-0.2658981
1.9117e-08,-0.2673495
1.9119e-08,-0.26877169999999995
1.9121e-08,-0.27016550000000006
1.9123e-08,-0.27153099999999997
1.9125e-08,-0.2728691
1.9127e-08,-0.2741798999999999
1.9129e-08,-0.27546400000000004
1.9131e-08,-0.2767218
1.9133e-08,-0.27795369999999997
1.9135e-08,-0.27916019999999997
1.9137e-08,-0.2803418
1.9139e-08,-0.28149860000000004
1.9141e-08,-0.2826314
1.9143e-08,-0.28374029999999995
1.9145e-08,-0.28482589999999997
1.9147e-08,-0.2858885
1.9149e-08,-0.2869286000000001
1.9151e-08,-0.2879465000000001
1.9153e-08,-0.2889427
1.9155e-08,-0.2899174
1.9157e-08,-0.29087109999999994
1.9159e-08,-0.29180420000000007
1.9161e-08,-0.2927168
1.9163e-08,-0.2936097
1.9165e-08,-0.2944829
1.9167e-08,-0.29533679999999995
1.9169e-08,-0.29617190000000004
1.9171e-08,-0.2969885
1.9173e-08,-0.2977868
1.9175e-08,-0.2985673
1.9177e-08,-0.2993302
1.9179e-08,-0.30007589999999995
1.9181e-08,-0.30080470000000004
1.9183e-08,-0.30151680000000003
1.9185e-08,-0.3022127
1.9187e-08,-0.30289259999999996
1.9189e-08,-0.30355679999999996
1.9191e-08,-0.3042057
1.9193e-08,-0.3048394
1.9195e-08,-0.3054583999999999
1.9197e-08,-0.3060628000000001
1.91985e-08,-0.3065066999999999
1.92e-08,-0.30694259999999995
1.92002e-08,-0.3070009
1.92006e-08,-0.30711900000000003
1.92014e-08,-0.30736450000000004
1.9203e-08,-0.30787699999999996
1.9205e-08,-0.30851930000000005
1.9207e-08,-0.30911580000000005
1.9209e-08,-0.30962239999999996
1.9211e-08,-0.3100037
1.9213e-08,-0.31023100000000003
1.9215e-08,-0.3102819
1.9217e-08,-0.3101387
1.9219e-08,-0.3097883
1.9221e-08,-0.3092207
1.9223e-08,-0.3084293
1.9225e-08,-0.3074097
1.9227e-08,-0.30615970000000003
1.9229e-08,-0.30467919999999993
1.9231e-08,-0.3029693000000001
1.9233e-08,-0.3010324
1.9235e-08,-0.2988721
1.9237e-08,-0.29649289999999995
1.9239e-08,-0.2938997
1.9241e-08,-0.29109830000000003
1.9243e-08,-0.28809509999999994
1.9245e-08,-0.28489640000000005
1.9247e-08,-0.2815093000000001
1.9249e-08,-0.2779408
1.9251e-08,-0.27419819999999995
1.9253e-08,-0.27028869999999994
1.9255e-08,-0.26622
1.9257e-08,-0.2619992
1.9259e-08,-0.2576341
1.9261e-08,-0.25313189999999997
1.9263e-08,-0.2484999
1.9265e-08,-0.2437454
1.9267e-08,-0.23887539999999996
1.9269e-08,-0.23389710000000008
1.9271e-08,-0.22881719999999994
1.9273e-08,-0.22364260000000002
1.9275e-08,-0.2183796
1.9277e-08,-0.21303500000000009
1.9279e-08,-0.20761470000000004
1.9281e-08,-0.202125
1.9283e-08,-0.1965716999999999
1.9285e-08,-0.19096080000000004
1.9287e-08,-0.1852975
1.9289e-08,-0.1795875
1.9291e-08,-0.17383579999999998
1.9293e-08,-0.1680476999999999
1.9295e-08,-0.16222789999999998
1.9297e-08,-0.1563812
1.9299e-08,-0.15051210000000004
1.9301e-08,-0.144625
1.9303e-08,-0.13872410000000002
1.9305e-08,-0.13281350000000003
1.9307e-08,-0.12689689999999998
1.9309e-08,-0.12097820000000004
1.9311e-08,-0.11506099999999997
1.9313e-08,-0.10914869999999999
1.9315e-08,-0.10324449999999996
1.9317e-08,-0.09735169999999993
1.9319e-08,-0.09147320000000003
1.9321e-08,-0.08561180000000002
1.9323e-08,-0.07977029999999996
1.9325e-08,-0.0739512
1.9327e-08,-0.06815710000000008
1.9329e-08,-0.06239030000000001
1.9331e-08,-0.05665310000000001
1.9333e-08,-0.050947500000000034
1.9335e-08,-0.04527549999999991
1.9337e-08,-0.03963890000000003
1.9339e-08,-0.03403979999999995
1.9341e-08,-0.02847959999999994
1.9343e-08,-0.02295999999999998
1.9345e-08,-0.01748240000000001
1.9347e-08,-0.012048200000000064
1.9349e-08,-0.006658700000000017
1.9351e-08,-0.0013153000000000192
1.9353e-08,0.003981199999999907
1.9355e-08,0.009229500000000002
1.9357e-08,0.014428700000000072
1.9359e-08,0.019577900000000037
1.9361e-08,0.024676400000000043
1.9363e-08,0.02972319999999995
1.9365e-08,0.03471789999999997
1.9367e-08,0.039659699999999964
1.9369e-08,0.04454809999999998
1.9371e-08,0.04938250000000011
1.9373e-08,0.05416270000000001
1.9375e-08,0.05888799999999994
1.9377e-08,0.06355830000000007
1.9379e-08,0.06817320000000004
1.9381e-08,0.07273259999999993
1.9383e-08,0.07723609999999992
1.9385e-08,0.08168369999999991
1.9387e-08,0.08607529999999997
1.9389e-08,0.09041080000000001
1.9391e-08,0.0946901
1.9393e-08,0.09891329999999998
1.9395e-08,0.10308049999999991
1.9397e-08,0.10719160000000005
1.93985e-08,0.11023820000000006
1.94e-08,0.11325350000000001
1.94002e-08,0.11365370000000008
1.94006e-08,0.11445479999999997
1.94014e-08,0.11606119999999998
1.9403e-08,0.11927520000000003
1.9405e-08,0.12325469999999994
1.9407e-08,0.1271429999999999
1.9409e-08,0.13089459999999997
1.9411e-08,0.1344725
1.9413e-08,0.13784759999999996
1.9415e-08,0.14099680000000003
1.9417e-08,0.14390229999999993
1.9419e-08,0.14655110000000005
1.9421e-08,0.1489336
1.9423e-08,0.1510439
1.9425e-08,0.15287830000000002
1.9427e-08,0.1544356
1.9429e-08,0.15571650000000004
1.9431e-08,0.1567233
1.9433e-08,0.15745940000000003
1.9435e-08,0.1579294
1.9437e-08,0.15813889999999997
1.9439e-08,0.15809399999999996
1.9441e-08,0.1578016
1.9443e-08,0.1572688000000001
1.9445e-08,0.15650299999999995
1.9447e-08,0.15551229999999994
1.9449e-08,0.15430430000000006
1.9451e-08,0.15288730000000006
1.9453e-08,0.1512694
1.9455e-08,0.1494586
1.9457e-08,0.14746310000000007
1.9459e-08,0.14529100000000006
1.9461e-08,0.14295000000000002
1.9463e-08,0.14044840000000003
1.9465e-08,0.1377935
1.9467e-08,0.13499309999999998
1.9469e-08,0.13205460000000002
1.9471e-08,0.12898520000000002
1.9473e-08,0.12579220000000002
1.9475e-08,0.1224822000000001
1.9477e-08,0.11906210000000006
1.9479e-08,0.11553849999999999
1.9481e-08,0.11191780000000007
1.9483e-08,0.10820600000000002
1.9485e-08,0.10440919999999998
1.9487e-08,0.10053329999999994
1.9489e-08,0.09658369999999994
1.9491e-08,0.09256620000000004
1.9493e-08,0.0884857
1.9495e-08,0.08434739999999996
1.9497e-08,0.08015629999999996
1.9499e-08,0.07591700000000001
1.9501e-08,0.07163430000000004
1.9503e-08,0.06731239999999994
1.9505e-08,0.0629556
1.9507e-08,0.058567900000000006
1.9509e-08,0.05415340000000002
1.9511e-08,0.04971570000000003
1.9513e-08,0.04525850000000009
1.9515e-08,0.04078529999999991
1.9517e-08,0.03629939999999998
1.9519e-08,0.03180399999999994
1.9521e-08,0.027302199999999943
1.9523e-08,0.02279679999999995
1.9525e-08,0.01829080000000005
1.9527e-08,0.013786799999999988
1.9529e-08,0.009287299999999998
1.9531e-08,0.004794900000000046
1.9533e-08,0.00031170000000002585
1.9535e-08,-0.004159899999999994
1.9537e-08,-0.008617700000000061
1.9539e-08,-0.013059799999999955
1.9541e-08,-0.017484400000000067
1.9543e-08,-0.021889500000000006
1.9545e-08,-0.026273600000000008
1.9547e-08,-0.030634800000000073
1.9549e-08,-0.03497159999999999
1.9551e-08,-0.039282700000000004
1.9553e-08,-0.04356660000000001
1.9555e-08,-0.04782200000000003
1.9557e-08,-0.05204779999999998
1.9559e-08,-0.05624269999999998
1.9561e-08,-0.06040560000000006
1.9563e-08,-0.06453569999999997
1.9565e-08,-0.06863189999999997
1.9567e-08,-0.07269329999999996
1.9569e-08,-0.0767192000000001
1.9571e-08,-0.08070869999999997
1.9573e-08,-0.08466130000000005
1.9575e-08,-0.0885762000000001
1.9577e-08,-0.09245269999999994
1.9579e-08,-0.09629049999999995
1.9581e-08,-0.10008899999999998
1.9583e-08,-0.1038477000000001
1.9585e-08,-0.10756639999999995
1.9587e-08,-0.11124449999999997
1.9589e-08,-0.11488169999999998
1.9591e-08,-0.11847779999999997
1.9593e-08,-0.12203260000000005
1.9595e-08,-0.1255459
1.9597e-08,-0.12901740000000006
1.95985e-08,-0.13159359999999998
1.96e-08,-0.13415770000000005
1.96002e-08,-0.13449999999999995
1.96006e-08,-0.1351852
1.96014e-08,-0.13655850000000003
1.9603e-08,-0.13930109999999996
1.9605e-08,-0.14268460000000005
1.9607e-08,-0.14597249999999995
1.9609e-08,-0.1491224
1.9611e-08,-0.15210020000000002
1.9613e-08,-0.1548788000000001
1.9615e-08,-0.1574369
1.9617e-08,-0.1597582999999999
1.9619e-08,-0.1618311
1.9621e-08,-0.16364670000000003
1.9623e-08,-0.16519990000000007
1.9625e-08,-0.16648759999999996
1.9627e-08,-0.16750920000000002
1.9629e-08,-0.16826569999999996
1.9631e-08,-0.16875950000000006
1.9633e-08,-0.16899419999999998
1.9635e-08,-0.16897470000000003
1.9637e-08,-0.16870640000000003
1.9639e-08,-0.16819550000000005
1.9641e-08,-0.1674489
1.9643e-08,-0.1664734
1.9645e-08,-0.1652764000000001
1.9647e-08,-0.1638658999999999
1.9649e-08,-0.16224950000000005
1.9651e-08,-0.160435
1.9653e-08,-0.1584306000000001
1.9655e-08,-0.15624400000000005
1.9657e-08,-0.1538832
1.9659e-08,-0.15135620000000005
1.9661e-08,-0.14867070000000004
1.9663e-08,-0.14583409999999997
1.9665e-08,-0.14285440000000005
1.9667e-08,-0.1397385
1.9669e-08,-0.1364938
1.9671e-08,-0.1331276
1.9673e-08,-0.12964640000000005
1.9675e-08,-0.1260572000000001
1.9677e-08,-0.12236659999999999
1.9679e-08,-0.11858069999999998
1.9681e-08,-0.11470590000000003
1.9683e-08,-0.1107480999999999
1.9685e-08,-0.1067131
1.9687e-08,-0.10260659999999999
1.9689e-08,-0.09843389999999996
1.9691e-08,-0.09420050000000002
1.9693e-08,-0.08991139999999997
1.9695e-08,-0.08557139999999996
1.9697e-08,-0.08118539999999996
1.9699e-08,-0.07675789999999993
1.9701e-08,-0.0722933
1.9703e-08,-0.06779580000000007
1.9705e-08,-0.06326969999999998
1.9707e-08,-0.05871870000000001
1.9709e-08,-0.054146600000000045
1.9711e-08,-0.04955710000000002
1.9713e-08,-0.04495360000000004
1.9715e-08,-0.04033960000000003
1.9717e-08,-0.03571800000000003
1.9719e-08,-0.03109229999999996
1.9721e-08,-0.026464900000000013
1.9723e-08,-0.0218391
1.9725e-08,-0.017217199999999933
1.9727e-08,-0.012602000000000002
1.9729e-08,-0.007995799999999997
1.9731e-08,-0.0034009999999999874
1.9733e-08,0.0011801999999999646
1.9735e-08,0.005745699999999965
1.9737e-08,0.010293499999999955
1.9739e-08,0.014821699999999938
1.9741e-08,0.01932849999999997
1.9743e-08,0.02381230000000001
1.9745e-08,0.02827119999999994
1.9747e-08,0.03270390000000001
1.9749e-08,0.0371089
1.9751e-08,0.04148479999999999
1.9753e-08,0.04583039999999994
1.9755e-08,0.05014429999999992
1.9757e-08,0.05442570000000002
1.9759e-08,0.05867319999999998
1.9761e-08,0.06288610000000006
1.9763e-08,0.06706330000000005
1.9765e-08,0.07120389999999999
1.9767e-08,0.07530720000000002
1.9769e-08,0.07937260000000002
1.9771e-08,0.0833992
1.9773e-08,0.08738639999999998
1.9775e-08,0.09133369999999996
1.9777e-08,0.09524050000000006
1.9779e-08,0.09910649999999999
1.9781e-08,0.10293109999999994
1.9783e-08,0.10671400000000009
1.9785e-08,0.11045490000000002
1.9787e-08,0.11415330000000001
1.9789e-08,0.11780919999999995
1.9791e-08,0.12142219999999992
1.9793e-08,0.1249922
1.9795e-08,0.12851919999999994
1.9797e-08,0.13200279999999998
1.97985e-08,0.13458710000000007
1.98e-08,0.13714690000000007
1.98002e-08,0.1374862
1.98006e-08,0.13816380000000006
1.98014e-08,0.13951380000000002
1.9803e-08,0.14219309999999996
1.9805e-08,0.1455031
1.9807e-08,0.14876980000000006
1.9809e-08,0.1519931
1.9811e-08,0.1551732
1.9813e-08,0.15831000000000006
1.9815e-08,0.16140390000000004
1.9817e-08,0.16445500000000002
1.9819e-08,0.16746320000000003
1.9821e-08,0.1704289
1.9823e-08,0.17335239999999996
1.9825e-08,0.17623350000000004
1.9827e-08,0.17907289999999998
1.9829e-08,0.1818706
1.9831e-08,0.18462690000000004
1.9833e-08,0.187342
1.9835e-08,0.19001629999999992
1.9837e-08,0.19265
1.9839e-08,0.19524350000000001
1.9841e-08,0.19779710000000006
1.9843e-08,0.20031100000000002
1.9845e-08,0.20278569999999996
1.9847e-08,0.20522130000000005
1.9849e-08,0.20761839999999998
1.9851e-08,0.20997719999999997
1.9853e-08,0.2122982
1.9855e-08,0.21458159999999993
1.9857e-08,0.21682790000000007
1.9859e-08,0.2190375
1.9861e-08,0.22121049999999998
1.9863e-08,0.22334759999999998
1.9865e-08,0.22544909999999996
1.9867e-08,0.22751529999999998
1.9869e-08,0.2295467
1.9871e-08,0.23154359999999996
1.9873e-08,0.23350650000000006
1.9875e-08,0.23543570000000003
1.9877e-08,0.23733170000000003
1.9879e-08,0.23919480000000004
1.9881e-08,0.2410254999999999
1.9883e-08,0.2428241
1.9885e-08,0.244591
1.9887e-08,0.2463267
1.9889e-08,0.24803149999999996
1.9891e-08,0.24970590000000004
1.9893e-08,0.2513502999999999
1.9895e-08,0.25296490000000005
1.9897e-08,0.2545503
1.9899e-08,0.2561069
1.9901e-08,0.2576351
1.9903e-08,0.25913509999999995
1.9905e-08,0.26060740000000004
1.9907e-08,0.2620525
1.9909e-08,0.2634706
1.9911e-08,0.26486220000000005
1.9913e-08,0.26622769999999996
1.9915e-08,0.26756750000000007
1.9917e-08,0.26888179999999995
1.9919e-08,0.2701711
1.9921e-08,0.2714358
1.9923e-08,0.2726763
1.9925e-08,0.27389280000000005
1.9927e-08,0.27508579999999994
1.9929e-08,0.2762557
1.9931e-08,0.2774027
1.9933e-08,0.2785272
1.9935e-08,0.27962960000000003
1.9937e-08,0.2807102
1.9939e-08,0.28176939999999995
1.9941e-08,0.2828075
1.9943e-08,0.28382490000000005
1.9945e-08,0.28482189999999996
1.9947e-08,0.2857988
1.9949e-08,0.28675589999999995
1.9951e-08,0.28769350000000005
1.9953e-08,0.28861210000000004
1.9955e-08,0.28951190000000004
1.9957e-08,0.29039310000000007
1.9959e-08,0.29125619999999997
1.9961e-08,0.29210140000000007
1.9963e-08,0.292929
1.9965e-08,0.29373930000000004
1.9967e-08,0.2945327
1.9969e-08,0.2953093
1.9971e-08,0.29606960000000004
1.9973e-08,0.29681369999999996
1.9975e-08,0.297542
1.9977e-08,0.29825460000000004
1.9979e-08,0.29895210000000005
1.9981e-08,0.29963439999999997
1.9983e-08,0.30030199999999996
1.9985e-08,0.30095510000000003
1.9987e-08,0.30159389999999997
1.9989e-08,0.3022188
1.9991e-08,0.3028299
1.9993e-08,0.30342750000000007
1.9995e-08,0.3040119
1.9997e-08,0.30458320000000005
1.99985e-08,0.30500340000000004
2e-08,0.30541640000000003
2.00002e-08,0.30547160000000007
2.00006e-08,0.3055837
2.00014e-08,0.30581749999999996
2.0003e-08,0.30630710000000005
2.0005e-08,0.30692200000000003
2.0007e-08,0.3074924
2.0009e-08,0.30797410000000003
2.0011e-08,0.30833140000000003
2.0013e-08,0.3085357999999999
2.0015e-08,0.3085647
2.0017e-08,0.3084005000000001
2.0019e-08,0.3080299000000001
2.0021e-08,0.307443
2.0023e-08,0.30663299999999993
2.0025e-08,0.3055956999999999
2.0027e-08,0.30432879999999995
2.0029e-08,0.30283209999999994
2.0031e-08,0.3011067999999999
2.0033e-08,0.2991553
2.0035e-08,0.2969811
2.0037e-08,0.2945886
2.0039e-08,0.291983
2.0041e-08,0.2891699
2.0043e-08,0.2861557
2.0045e-08,0.28294680000000005
2.0047e-08,0.27955019999999997
2.0049e-08,0.2759728
2.0051e-08,0.2722220999999999
2.0053e-08,0.2683053999999999
2.0055e-08,0.2642299
2.0057e-08,0.2600034
2.0059e-08,0.255633
2.0061e-08,0.2511263
2.0063e-08,0.2464904
2.0065e-08,0.24173270000000002
2.0067e-08,0.23686030000000002
2.0069e-08,0.23188009999999992
2.0071e-08,0.22679899999999997
2.0073e-08,0.22162380000000004
2.0075e-08,0.21636100000000003
2.0077e-08,0.211017
2.0079e-08,0.20559800000000006
2.0081e-08,0.20011009999999996
2.0083e-08,0.19455940000000005
2.0085e-08,0.18895130000000004
2.0087e-08,0.1832916
2.0089e-08,0.1775856
2.0091e-08,0.17183859999999995
2.0093e-08,0.16605550000000002
2.0095e-08,0.16024129999999992
2.0097e-08,0.1544006
2.0099e-08,0.1485381
2.0101e-08,0.1426579
2.0103e-08,0.13676429999999995
2.0105e-08,0.13086140000000002
2.0107e-08,0.12495299999999998
2.0109e-08,0.11904289999999995
2.0111e-08,0.11313459999999997
2.0113e-08,0.10723159999999998
2.0115e-08,0.10133700000000001
2.0117e-08,0.09545400000000004
2.0119e-08,0.08958569999999999
2.0121e-08,0.08373469999999994
2.0123e-08,0.07790390000000003
2.0125e-08,0.07209589999999999
2.0127e-08,0.06631320000000007
2.0129e-08,0.06055789999999994
2.0131e-08,0.0548324
2.0133e-08,0.04913870000000009
2.0135e-08,0.0434789000000001
2.0137e-08,0.03785470000000002
2.0139e-08,0.03226810000000002
2.0141e-08,0.026720500000000036
2.0143e-08,0.02121379999999995
2.0145e-08,0.015749199999999908
2.0147e-08,0.010328099999999951
2.0149e-08,0.004951900000000009
2.0151e-08,-0.00037820000000010623
2.0153e-08,-0.005661300000000091
2.0155e-08,-0.010896000000000017
2.0157e-08,-0.01608160000000003
2.0159e-08,-0.02121709999999999
2.0161e-08,-0.026301800000000042
2.0163e-08,-0.03133489999999994
2.0165e-08,-0.03631570000000006
2.0167e-08,-0.04124360000000005
2.0169e-08,-0.04611799999999999
2.0171e-08,-0.0509385
2.0173e-08,-0.05570459999999999
2.0175e-08,-0.06041589999999997
2.0177e-08,-0.06507220000000002
2.0179e-08,-0.06967310000000004
2.0181e-08,-0.07421840000000002
2.0183e-08,-0.07870790000000005
2.0185e-08,-0.08314159999999993
2.0187e-08,-0.08751909999999996
2.0189e-08,-0.09184059999999994
2.0191e-08,-0.09610600000000002
2.0193e-08,-0.10031540000000005
2.0195e-08,-0.10446869999999997
2.0197e-08,-0.10856599999999994
2.01985e-08,-0.11160229999999993
2.02e-08,-0.11460720000000002
2.02002e-08,-0.11500600000000005
2.02006e-08,-0.11580440000000003
2.02014e-08,-0.11740530000000005
2.0203e-08,-0.1206083
2.0205e-08,-0.12457430000000003
2.0207e-08,-0.12844909999999998
2.0209e-08,-0.13218719999999995
2.0211e-08,-0.13575179999999998
2.0213e-08,-0.13911380000000007
2.0215e-08,-0.14224979999999998
2.0217e-08,-0.14514249999999995
2.0219e-08,-0.14777850000000003
2.0221e-08,-0.15014839999999996
2.0223e-08,-0.1522462
2.0225e-08,-0.15406830000000005
2.0227e-08,-0.15561330000000007
2.0229e-08,-0.15688219999999997
2.0231e-08,-0.15787700000000005
2.0233e-08,-0.1586014
2.0235e-08,-0.15905979999999997
2.0237e-08,-0.1592578
2.0239e-08,-0.1592015
2.0241e-08,-0.15889779999999998
2.0243e-08,-0.1583538
2.0245e-08,-0.15757699999999997
2.0247e-08,-0.15657520000000003
2.0249e-08,-0.1553563
2.0251e-08,-0.15392850000000002
2.0253e-08,-0.15229979999999999
2.0255e-08,-0.1504784
2.0257e-08,-0.14847239999999995
2.0259e-08,-0.14628969999999997
2.0261e-08,-0.14393840000000002
2.0263e-08,-0.14142640000000006
2.0265e-08,-0.13876129999999998
2.0267e-08,-0.13595069999999998
2.0269e-08,-0.13300200000000006
2.0271e-08,-0.1299226
2.0273e-08,-0.12671940000000004
2.0275e-08,-0.1233995
2.0277e-08,-0.11996950000000006
2.0279e-08,-0.11643599999999998
2.0281e-08,-0.1128055
2.0283e-08,-0.10908399999999996
2.0285e-08,-0.10527750000000002
2.0287e-08,-0.10139180000000003
2.0289e-08,-0.09743279999999999
2.0291e-08,-0.09340559999999998
2.0293e-08,-0.0893157
2.0295e-08,-0.08516809999999997
2.0297e-08,-0.08096759999999992
2.0299e-08,-0.07671909999999993
2.0301e-08,-0.07242709999999997
2.0303e-08,-0.06809600000000005
2.0305e-08,-0.06372999999999995
2.0307e-08,-0.05933330000000003
2.0309e-08,-0.05490980000000001
2.0311e-08,-0.05046320000000004
2.0313e-08,-0.04599710000000001
2.0315e-08,-0.04151510000000003
2.0317e-08,-0.037020400000000064
2.0319e-08,-0.0325164
2.0321e-08,-0.028005900000000028
2.0323e-08,-0.02349200000000007
2.0325e-08,-0.01897749999999998
2.0327e-08,-0.014465000000000061
2.0329e-08,-0.009957300000000058
2.0331e-08,-0.005456499999999975
2.0333e-08,-0.0009651999999999994
2.0335e-08,0.003514499999999976
2.0337e-08,0.007980499999999946
2.0339e-08,0.012430699999999906
2.0341e-08,0.016863200000000078
2.0343e-08,0.021276199999999967
2.0345e-08,0.025668000000000024
2.0347e-08,0.030036800000000086
2.0349e-08,0.034381399999999895
2.0351e-08,0.03869999999999996
2.0353e-08,0.04299140000000001
2.0355e-08,0.047254200000000024
2.0357e-08,0.0514872999999999
2.0359e-08,0.055689600000000006
2.0361e-08,0.05985970000000007
2.0363e-08,0.06399699999999997
2.0365e-08,0.06810020000000006
2.0367e-08,0.07216860000000003
2.0369e-08,0.07620140000000009
2.0371e-08,0.0801978000000001
2.0373e-08,0.08415699999999993
2.0375e-08,0.0880786
2.0377e-08,0.09196179999999998
2.0379e-08,0.0958061
2.0381e-08,0.09961109999999995
2.0383e-08,0.10337620000000003
2.0385e-08,0.10710109999999995
2.0387e-08,0.11078549999999998
2.0389e-08,0.11442890000000006
2.0391e-08,0.1180312
2.0393e-08,0.12159199999999992
2.0395e-08,0.12511119999999998
2.0397e-08,0.1285887
2.03985e-08,0.1311692000000001
2.04e-08,0.1337376
2.04002e-08,0.1340804
2.04006e-08,0.13476679999999996
2.04014e-08,0.1361424
2.0403e-08,0.13888959999999995
2.0405e-08,0.14227869999999998
2.0407e-08,0.1455721000000001
2.0409e-08,0.1487275
2.0411e-08,0.1517107000000001
2.0413e-08,0.15449449999999998
2.0415e-08,0.15705780000000003
2.0417e-08,0.15938430000000003
2.0419e-08,0.16146210000000005
2.0421e-08,0.1632827
2.0423e-08,0.1648408
2.0425e-08,0.16613330000000004
2.0427e-08,0.16715959999999996
2.0429e-08,0.1679206000000001
2.0431e-08,0.16841890000000004
2.0433e-08,0.16865810000000003
2.0435e-08,0.16864310000000005
2.0437e-08,0.1683791
2.0439e-08,0.16787260000000004
2.0441e-08,0.16713
2.0443e-08,0.16615859999999993
2.0445e-08,0.1649659
2.0447e-08,0.1635593999999999
2.0449e-08,0.1619469
2.0451e-08,0.1601363
2.0453e-08,0.15813580000000005
2.0455e-08,0.15595310000000007
2.0457e-08,0.1535961
2.0459e-08,0.1510728
2.0461e-08,0.1483909
2.0463e-08,0.14555810000000002
2.0465e-08,0.1425818000000001
2.0467e-08,0.13946959999999997
2.0469e-08,0.13622849999999997
2.0471e-08,0.13286560000000003
2.0473e-08,0.12938800000000006
2.0475e-08,0.1258022000000001
2.0477e-08,0.12211489999999992
2.0479e-08,0.1183324
2.0481e-08,0.11446089999999998
2.0483e-08,0.1105062
2.0485e-08,0.10647450000000003
2.0487e-08,0.1023712
2.0489e-08,0.09820169999999995
2.0491e-08,0.09397149999999999
2.0493e-08,0.08968539999999992
2.0495e-08,0.08534850000000005
2.0497e-08,0.08096560000000008
2.0499e-08,0.07654100000000008
2.0501e-08,0.07207940000000002
2.0503e-08,0.06758490000000006
2.0505e-08,0.06306160000000005
2.0507e-08,0.058513499999999996
2.0509e-08,0.0539442
2.0511e-08,0.04935749999999994
2.0513e-08,0.04475689999999999
2.0515e-08,0.040145500000000056
2.0517e-08,0.03552670000000002
2.0519e-08,0.030903500000000084
2.0521e-08,0.02627899999999994
2.0523e-08,0.021655700000000055
2.0525e-08,0.01703650000000001
2.0527e-08,0.012423800000000096
2.0529e-08,0.007820099999999996
2.0531e-08,0.0032279000000000613
2.0533e-08,-0.0013509000000000437
2.0535e-08,-0.005913999999999975
2.0537e-08,-0.01045929999999995
2.0539e-08,-0.01498519999999992
2.0541e-08,-0.019489599999999996
2.0543e-08,-0.023970999999999965
2.0545e-08,-0.028427700000000056
2.0547e-08,-0.0328581
2.0549e-08,-0.03726079999999998
2.0551e-08,-0.04163449999999991
2.0553e-08,-0.045977900000000016
2.0555e-08,-0.05028980000000005
2.0557e-08,-0.05456890000000003
2.0559e-08,-0.05881439999999993
2.0561e-08,-0.0630252
2.0563e-08,-0.0672003000000001
2.0565e-08,-0.07133899999999993
2.0567e-08,-0.07544039999999996
2.0569e-08,-0.07950370000000007
2.0571e-08,-0.0835283
2.0573e-08,-0.08751370000000003
2.0575e-08,-0.09145910000000002
2.0577e-08,-0.095364
2.0579e-08,-0.09922819999999999
2.0581e-08,-0.103051
2.0583e-08,-0.10683209999999999
2.0585e-08,-0.11057110000000003
2.0587e-08,-0.11426789999999998
2.0589e-08,-0.11792210000000003
2.0591e-08,-0.1215333999999999
2.0593e-08,-0.12510180000000004
2.0595e-08,-0.12862699999999994
2.0597e-08,-0.13210900000000003
2.05985e-08,-0.13469209999999998
2.06e-08,-0.1372508
2.06002e-08,-0.13758989999999993
2.06006e-08,-0.13826719999999992
2.06014e-08,-0.13961669999999993
2.0603e-08,-0.14229460000000005
2.0605e-08,-0.14560319999999993
2.0607e-08,-0.14886829999999995
2.0609e-08,-0.1520901
2.0611e-08,-0.15526879999999998
2.0613e-08,-0.15840430000000005
2.0615e-08,-0.16149670000000005
2.0617e-08,-0.16454630000000003
2.0619e-08,-0.16755320000000007
2.0621e-08,-0.1705175
2.0623e-08,-0.17343960000000003
2.0625e-08,-0.17631949999999996
2.0627e-08,-0.17915760000000003
2.0629e-08,-0.18195399999999995
2.0631e-08,-0.184709
2.0633e-08,-0.18742289999999995
2.0635e-08,-0.19009599999999993
2.0637e-08,-0.19272849999999997
2.0639e-08,-0.19532079999999996
2.0641e-08,-0.19787319999999997
2.0643e-08,-0.2003859
2.0645e-08,-0.20285949999999997
2.0647e-08,-0.20529399999999998
2.0649e-08,-0.20769000000000004
2.0651e-08,-0.2100477999999999
2.0653e-08,-0.21236769999999994
2.0655e-08,-0.21465010000000007
2.0657e-08,-0.21689539999999996
2.0659e-08,-0.21910380000000007
2.0661e-08,-0.22127589999999997
2.0663e-08,-0.2234121
2.0665e-08,-0.2255125
2.0667e-08,-0.22757779999999994
2.0669e-08,-0.2296083
2.0671e-08,-0.23160429999999999
2.0673e-08,-0.23356620000000006
2.0675e-08,-0.23549449999999994
2.0677e-08,-0.23738959999999998
2.0679e-08,-0.23925189999999996
2.0681e-08,-0.24108169999999995
2.0683e-08,-0.24287939999999997
2.0685e-08,-0.24464550000000007
2.0687e-08,-0.24638039999999994
2.0689e-08,-0.24808439999999998
2.0691e-08,-0.24975800000000004
2.0693e-08,-0.25140149999999994
2.0695e-08,-0.25301549999999995
2.0697e-08,-0.2546001
2.0699e-08,-0.2561559
2.0701e-08,-0.25768329999999995
2.0703e-08,-0.25918259999999993
2.0705e-08,-0.26065419999999995
2.0707e-08,-0.26209859999999996
2.0709e-08,-0.263516
2.0711e-08,-0.26490689999999995
2.0713e-08,-0.2662717
2.0715e-08,-0.26761080000000004
2.0717e-08,-0.2689245
2.0719e-08,-0.2702133
2.0721e-08,-0.27147730000000003
2.0723e-08,-0.27271710000000005
2.0725e-08,-0.27393310000000004
2.0727e-08,-0.2751254000000001
2.0729e-08,-0.27629460000000006
2.0731e-08,-0.27744099999999994
2.0733e-08,-0.27856500000000006
2.0735e-08,-0.27966689999999994
2.0737e-08,-0.2807469
2.0739e-08,-0.2818056
2.0741e-08,-0.28284319999999996
2.0743e-08,-0.28386
2.0745e-08,-0.2848564
2.0747e-08,-0.2858328
2.0749e-08,-0.28678939999999997
2.0751e-08,-0.28772660000000005
2.0753e-08,-0.2886447
2.0755e-08,-0.289544
2.0757e-08,-0.2904247
2.0759e-08,-0.2912873
2.0761e-08,-0.29213199999999995
2.0763e-08,-0.2929592
2.0765e-08,-0.29376899999999995
2.0767e-08,-0.294562
2.0769e-08,-0.29533810000000005
2.0771e-08,-0.2960979
2.0773e-08,-0.2968417
2.0775e-08,-0.29756950000000004
2.0777e-08,-0.29828180000000004
2.0779e-08,-0.2989788
2.0781e-08,-0.2996607
2.0783e-08,-0.3003279
2.0785e-08,-0.30098059999999993
2.0787e-08,-0.3016190999999999
2.0789e-08,-0.30224360000000006
2.0791e-08,-0.3028543
2.0793e-08,-0.30345159999999993
2.0795e-08,-0.3040355
2.0797e-08,-0.3046065
2.07985e-08,-0.30502640000000003
2.08e-08,-0.3054391999999999
2.08002e-08,-0.3054935999999999
2.08006e-08,-0.3056023
2.08014e-08,-0.3058181
2.0803e-08,-0.30624379999999995
2.0805e-08,-0.3067651
2.0807e-08,-0.3072745
2.0809e-08,-0.30777240000000006
2.0811e-08,-0.30825880000000005
2.0813e-08,-0.3087341
2.0815e-08,-0.30919830000000004
2.0817e-08,-0.3096517
2.0819e-08,-0.3100946
2.0821e-08,-0.310527
2.0823e-08,-0.31094940000000004
2.0825e-08,-0.31136169999999996
2.0827e-08,-0.3117643
2.0829e-08,-0.3121571000000001
2.0831e-08,-0.31254059999999995
2.0833e-08,-0.3129149
2.0835e-08,-0.31328010000000006
2.0837e-08,-0.3136365000000001
2.0839e-08,-0.3139841
2.0841e-08,-0.3143231999999999
2.0843e-08,-0.314654
2.0845e-08,-0.3149765
2.0847e-08,-0.315291
2.0849e-08,-0.3155977
2.0851e-08,-0.31589659999999997
2.0853e-08,-0.316188
2.0855e-08,-0.31647190000000003
2.0857e-08,-0.3167487
2.0859e-08,-0.3170182
2.0861e-08,-0.3172809
2.0863e-08,-0.3175367
2.0865e-08,-0.3177858
2.0867e-08,-0.31802850000000005
2.0869e-08,-0.3182646
2.0871e-08,-0.3184945
2.0873e-08,-0.3187183
2.0875e-08,-0.31893610000000006
2.0877e-08,-0.3191480000000001
2.0879e-08,-0.3193541000000001
2.0881e-08,-0.3195546
2.0883e-08,-0.3197496000000001
2.0885e-08,-0.319939
2.0887e-08,-0.3201233
2.0889e-08,-0.3203024
2.0891e-08,-0.3204764
2.0893e-08,-0.3206456000000001
2.0895e-08,-0.32080980000000003
2.0897e-08,-0.3209693
2.0899e-08,-0.32112419999999997
2.0901e-08,-0.3212745
2.0903e-08,-0.3214203
2.0905e-08,-0.321562
2.0907e-08,-0.3216993
2.0909e-08,-0.3218324
2.0911e-08,-0.3219615
2.0913e-08,-0.3220868
2.0915e-08,-0.32220799999999994
2.0917e-08,-0.32232550000000004
2.0919e-08,-0.32243940000000004
2.0921e-08,-0.32254950000000004
2.0923e-08,-0.32265620000000006
2.0925e-08,-0.3227595
2.0927e-08,-0.32285930000000007
2.0929e-08,-0.3229557999999999
2.0931e-08,-0.32304920000000004
2.0933e-08,-0.3231394000000001
2.0935e-08,-0.32322660000000003
2.0937e-08,-0.32331069999999995
2.0939e-08,-0.323392
2.0941e-08,-0.3234703
2.0943e-08,-0.32354590000000005
2.0945e-08,-0.3236188
2.0947e-08,-0.323689
2.0949e-08,-0.32375659999999995
2.0951e-08,-0.32382180000000005
2.0953e-08,-0.3238843
2.0955e-08,-0.3239446
2.0957e-08,-0.32400249999999997
2.0959e-08,-0.3240581
2.0961e-08,-0.32411139999999994
2.0963e-08,-0.3241627
2.0965e-08,-0.3242117
2.0967e-08,-0.3242587
2.0969e-08,-0.32430380000000003
2.0971e-08,-0.32434680000000005
2.0973e-08,-0.32438790000000006
2.0975e-08,-0.3244272
2.0977e-08,-0.3244646
2.0979e-08,-0.32450029999999996
2.0981e-08,-0.32453430000000005
2.0983e-08,-0.3245665
2.0985e-08,-0.3245971999999999
2.0987e-08,-0.3246262
2.0989e-08,-0.32465370000000005
2.0991e-08,-0.3246797
2.0993e-08,-0.3247042
2.0995e-08,-0.32472730000000005
2.0997e-08,-0.3247491
2.09985e-08,-0.3247645
2.1e-08,-0.32477920000000005
2.10002e-08,-0.3247818
2.10006e-08,-0.32478909999999994
2.10014e-08,-0.32481420000000005
2.1003e-08,-0.3248921
2.1005e-08,-0.32500209999999996
2.1007e-08,-0.32507850000000005
2.1009e-08,-0.32507700000000006
2.1011e-08,-0.3249620000000001
2.1013e-08,-0.3247046
2.1015e-08,-0.3242823
2.1017e-08,-0.32367710000000005
2.1019e-08,-0.32287560000000004
2.1021e-08,-0.32186760000000003
2.1023e-08,-0.32064610000000004
2.1025e-08,-0.3192066
2.1027e-08,-0.31754670000000007
2.1029e-08,-0.31566590000000005
2.1031e-08,-0.31356510000000004
2.1033e-08,-0.31124640000000003
2.1035e-08,-0.3087133000000001
2.1037e-08,-0.3059700000000001
2.1039e-08,-0.30302109999999993
2.1041e-08,-0.29987260000000004
2.1043e-08,-0.2965301
2.1045e-08,-0.2930001000000001
2.1047e-08,-0.2892895000000001
2.1049e-08,-0.2854049000000001
2.1051e-08,-0.28135370000000004
2.1053e-08,-0.27714300000000003
2.1055e-08,-0.27277989999999996
2.1057e-08,-0.2682721
2.1059e-08,-0.26362660000000004
2.1061e-08,-0.2588507
2.1063e-08,-0.2539515
2.1065e-08,-0.24893640000000006
2.1067e-08,-0.24381209999999998
2.1069e-08,-0.2385857
2.1071e-08,-0.23326389999999997
2.1073e-08,-0.22785339999999998
2.1075e-08,-0.22236050000000007
2.1077e-08,-0.21679160000000008
2.1079e-08,-0.21115300000000004
2.1081e-08,-0.20545039999999992
2.1083e-08,-0.19968999999999992
2.1085e-08,-0.19387699999999997
2.1087e-08,-0.18801729999999994
2.1089e-08,-0.1821161
2.1091e-08,-0.1761782999999999
2.1093e-08,-0.17020919999999995
2.1095e-08,-0.16421340000000006
2.1097e-08,-0.15819550000000004
2.1099e-08,-0.15216010000000002
2.1101e-08,-0.1461114
2.1103e-08,-0.14005349999999994
2.1105e-08,-0.1339905
2.1107e-08,-0.12792599999999998
2.1109e-08,-0.12186379999999997
2.1111e-08,-0.1158072
2.1113e-08,-0.10975990000000002
2.1115e-08,-0.10372479999999995
2.1117e-08,-0.09770509999999999
2.1119e-08,-0.09170370000000005
2.1121e-08,-0.08572330000000006
2.1123e-08,-0.07976649999999996
2.1125e-08,-0.07383609999999996
2.1127e-08,-0.06793420000000006
2.1129e-08,-0.062063199999999985
2.1131e-08,-0.056225199999999975
2.1133e-08,-0.05042229999999992
2.1135e-08,-0.04465639999999993
2.1137e-08,-0.0389292
2.1139e-08,-0.03324249999999995
2.1141e-08,-0.027597900000000064
2.1143e-08,-0.021996999999999933
2.1145e-08,-0.016440999999999928
2.1147e-08,-0.010931499999999983
2.1149e-08,-0.005469400000000069
2.1151e-08,-5.6200000000061756e-05
2.1153e-08,0.005307300000000015
2.1155e-08,0.010620100000000021
2.1157e-08,0.01588119999999993
2.1159e-08,0.021089899999999995
2.1161e-08,0.02624520000000008
2.1163e-08,0.0313466
2.1165e-08,0.03639349999999997
2.1167e-08,0.04138529999999996
2.1169e-08,0.04632140000000007
2.1171e-08,0.05120150000000001
2.1173e-08,0.0560252
2.1175e-08,0.060792100000000016
2.1177e-08,0.0655019
2.1179e-08,0.07015450000000001
2.1181e-08,0.07474959999999997
2.1183e-08,0.07928709999999994
2.1185e-08,0.08376689999999998
2.1187e-08,0.08818890000000001
2.1189e-08,0.09255319999999989
2.1191e-08,0.09685969999999999
2.1193e-08,0.10110859999999999
2.1195e-08,0.1052997
2.1197e-08,0.10943349999999996
2.11985e-08,0.11249620000000005
2.12e-08,0.11553819999999992
2.12002e-08,0.11594339999999992
2.12006e-08,0.11675439999999992
2.12014e-08,0.11837729999999991
2.1203e-08,0.12161199999999994
2.1205e-08,0.12559750000000003
2.1207e-08,0.12947280000000005
2.1209e-08,0.13319589999999992
2.1211e-08,0.136733
2.1213e-08,0.14005710000000005
2.1215e-08,0.14314729999999998
2.1217e-08,0.1459878
2.1219e-08,0.1485668
2.1221e-08,0.15087609999999996
2.1223e-08,0.1529106
2.1225e-08,0.15466789999999997
2.1227e-08,0.1561473
2.1229e-08,0.15735009999999994
2.1231e-08,0.1582793
2.1233e-08,0.1589385000000001
2.1235e-08,0.1593329
2.1237e-08,0.1594681
2.1239e-08,0.15935070000000007
2.1241e-08,0.1589876
2.1243e-08,0.15838599999999992
2.1245e-08,0.15755370000000002
2.1247e-08,0.15649840000000004
2.1249e-08,0.15522829999999999
2.1251e-08,0.15375129999999992
2.1253e-08,0.15207570000000004
2.1255e-08,0.15020960000000005
2.1257e-08,0.148161
2.1259e-08,0.14593809999999996
2.1261e-08,0.14354870000000008
2.1263e-08,0.14100049999999997
2.1265e-08,0.13830149999999997
2.1267e-08,0.135459
2.1269e-08,0.13248040000000005
2.1271e-08,0.1293729
2.1273e-08,0.12614369999999997
2.1275e-08,0.12279950000000006
2.1277e-08,0.11934709999999993
2.1279e-08,0.11579280000000003
2.1281e-08,0.11214309999999994
2.1283e-08,0.10840400000000006
2.1285e-08,0.10458160000000005
2.1287e-08,0.10068159999999993
2.1289e-08,0.0967093
2.1291e-08,0.09267059999999994
2.1293e-08,0.08857029999999999
2.1295e-08,0.08441350000000003
2.1297e-08,0.08020530000000003
2.1299e-08,0.07595010000000002
2.1301e-08,0.07165250000000001
2.1303e-08,0.06731690000000001
2.1305e-08,0.06294749999999993
2.1307e-08,0.0585483
2.1309e-08,0.05412309999999998
2.1311e-08,0.049675899999999995
2.1313e-08,0.04520999999999997
2.1315e-08,0.04072889999999996
2.1317e-08,0.036236000000000046
2.1319e-08,0.03173429999999999
2.1321e-08,0.027227
2.1323e-08,0.02271690000000004
2.1325e-08,0.018206799999999967
2.1327e-08,0.01369929999999997
2.1329e-08,0.00919700000000001
2.1331e-08,0.004702300000000048
2.1333e-08,0.0002174999999999816
2.1335e-08,-0.004255299999999962
2.1337e-08,-0.008713799999999994
2.1339e-08,-0.013156099999999893
2.1341e-08,-0.0175805
2.1343e-08,-0.02198499999999992
2.1345e-08,-0.0263679
2.1347e-08,-0.030727700000000024
2.1349e-08,-0.03506290000000001
2.1351e-08,-0.03937179999999996
2.1353e-08,-0.043653300000000006
2.1355e-08,-0.047906000000000004
2.1357e-08,-0.05212889999999992
2.1359e-08,-0.05632050000000011
2.1361e-08,-0.06048010000000004
2.1363e-08,-0.06460650000000001
2.1365e-08,-0.06869890000000001
2.1367e-08,-0.07275639999999994
2.1369e-08,-0.07677800000000001
2.1371e-08,-0.08076319999999992
2.1373e-08,-0.0847112000000001
2.1375e-08,-0.08862150000000002
2.1377e-08,-0.09249339999999995
2.1379e-08,-0.09632629999999998
2.1381e-08,-0.10011979999999998
2.1383e-08,-0.1038735999999999
2.1385e-08,-0.1075872
2.1387e-08,-0.11126009999999997
2.1389e-08,-0.1148922
2.1391e-08,-0.11848309999999995
2.1393e-08,-0.1220327
2.1395e-08,-0.12554069999999995
2.1397e-08,-0.12900689999999992
2.13985e-08,-0.13157910000000006
2.14e-08,-0.13412769999999996
2.14002e-08,-0.13446550000000002
2.14006e-08,-0.1351403
2.14014e-08,-0.13648480000000007
2.1403e-08,-0.1391538
2.1405e-08,-0.14245200000000002
2.1407e-08,-0.1457083
2.1409e-08,-0.1489223999999999
2.1411e-08,-0.15209459999999997
2.1413e-08,-0.1552247
2.1415e-08,-0.15831299999999993
2.1417e-08,-0.1613595000000001
2.1419e-08,-0.16436430000000002
2.1421e-08,-0.16732760000000002
2.1423e-08,-0.1702496
2.1425e-08,-0.17313040000000002
2.1427e-08,-0.17597019999999997
2.1429e-08,-0.17876930000000002
2.1431e-08,-0.18152780000000002
2.1433e-08,-0.18424600000000002
2.1435e-08,-0.18692419999999998
2.1437e-08,-0.18956259999999991
2.1439e-08,-0.19216149999999999
2.1441e-08,-0.19472120000000004
2.1443e-08,-0.19724189999999997
2.1445e-08,-0.19972389999999995
2.1447e-08,-0.20216770000000006
2.1449e-08,-0.2045735999999999
2.1451e-08,-0.20694180000000006
2.1453e-08,-0.20927260000000003
2.1455e-08,-0.21156659999999994
2.1457e-08,-0.2138238
2.1459e-08,-0.21604469999999998
2.1461e-08,-0.21822979999999992
2.1463e-08,-0.2203794
2.1465e-08,-0.22249370000000002
2.1467e-08,-0.22457320000000003
2.1469e-08,-0.22661830000000005
2.1471e-08,-0.22862930000000004
2.1473e-08,-0.23060650000000005
2.1475e-08,-0.23255060000000005
2.1477e-08,-0.2344617
2.1479e-08,-0.23634029999999995
2.1481e-08,-0.23818669999999997
2.1483e-08,-0.24000120000000003
2.1485e-08,-0.24178449999999996
2.1487e-08,-0.2435368
2.1489e-08,-0.2452584
2.1491e-08,-0.24694990000000006
2.1493e-08,-0.24861140000000004
2.1495e-08,-0.2502436
2.1497e-08,-0.2518467
2.1499e-08,-0.2534212
2.1501e-08,-0.2549673
2.1503e-08,-0.2564854
2.1505e-08,-0.25797609999999993
2.1507e-08,-0.25943969999999994
2.1509e-08,-0.2608764
2.1511e-08,-0.26228680000000004
2.1513e-08,-0.26367110000000005
2.1515e-08,-0.2650298
2.1517e-08,-0.26636309999999996
2.1519e-08,-0.26767149999999995
2.1521e-08,-0.26895540000000007
2.1523e-08,-0.27021509999999993
2.1525e-08,-0.271451
2.1527e-08,-0.27266330000000005
2.1529e-08,-0.27385250000000005
2.1531e-08,-0.27501889999999996
2.1533e-08,-0.2761629000000001
2.1535e-08,-0.27728490000000006
2.1537e-08,-0.27838489999999994
2.1539e-08,-0.2794637
2.1541e-08,-0.2805213
2.1543e-08,-0.28155830000000004
2.1545e-08,-0.28257470000000007
2.1547e-08,-0.2835711000000001
2.1549e-08,-0.28454770000000007
2.1551e-08,-0.28550489999999995
2.1553e-08,-0.2864428
2.1555e-08,-0.287362
2.1557e-08,-0.2882627000000001
2.1559e-08,-0.289145
2.1561e-08,-0.29000950000000003
2.1563e-08,-0.2908564
2.1565e-08,-0.29168590000000005
2.1567e-08,-0.2924983
2.1569e-08,-0.2932941
2.1571e-08,-0.2940733
2.1573e-08,-0.2948364
2.1575e-08,-0.2955835
2.1577e-08,-0.29631509999999994
2.1579e-08,-0.29703119999999994
2.1581e-08,-0.2977322
2.1583e-08,-0.2984183
2.1585e-08,-0.2990899
2.1587e-08,-0.29974710000000004
2.1589e-08,-0.3003903
2.1591e-08,-0.3010197
2.1593e-08,-0.30163529999999994
2.1595e-08,-0.3022378
2.1597e-08,-0.3028271
2.15985e-08,-0.3032606
2.16e-08,-0.30368699999999993
2.16002e-08,-0.3037432
2.16006e-08,-0.30385550000000006
2.16014e-08,-0.30407850000000003
2.1603e-08,-0.3045185
2.1605e-08,-0.30505780000000005
2.1607e-08,-0.30558510000000005
2.1609e-08,-0.3061005
2.1611e-08,-0.3066044
2.1613e-08,-0.3070971
2.1615e-08,-0.3075787000000001
2.1617e-08,-0.3080493000000001
2.1619e-08,-0.30850920000000004
2.1621e-08,-0.30895870000000003
2.1623e-08,-0.3093979
2.1625e-08,-0.3098268999999999
2.1627e-08,-0.310246
2.1629e-08,-0.3106553999999999
2.1631e-08,-0.31105530000000003
2.1633e-08,-0.3114458
2.1635e-08,-0.31182719999999997
2.1637e-08,-0.31219949999999996
2.1639e-08,-0.31256300000000004
2.1641e-08,-0.31291789999999997
2.1643e-08,-0.31326430000000005
2.1645e-08,-0.3136023
2.1647e-08,-0.3139322
2.1649e-08,-0.3142541
2.1651e-08,-0.3145682000000001
2.1653e-08,-0.3148746
2.1655e-08,-0.31517340000000005
2.1657e-08,-0.3154648
2.1659e-08,-0.3157491
2.1661e-08,-0.3160261999999999
2.1663e-08,-0.31629640000000003
2.1665e-08,-0.31655979999999995
2.1667e-08,-0.31681650000000006
2.1669e-08,-0.31706670000000003
2.1671e-08,-0.31731050000000005
2.1673e-08,-0.31754800000000005
2.1675e-08,-0.3177795000000001
2.1677e-08,-0.3180048000000001
2.1679e-08,-0.3182243
2.1681e-08,-0.31843809999999995
2.1683e-08,-0.3186462
2.1685e-08,-0.31884879999999993
2.1687e-08,-0.31904600000000005
2.1689e-08,-0.3192378
2.1691e-08,-0.31942459999999995
2.1693e-08,-0.3196061
2.1695e-08,-0.3197827
2.1697e-08,-0.3199546
2.1699e-08,-0.3201216
2.1701e-08,-0.320284
2.1703e-08,-0.3204418
2.1705e-08,-0.3205953
2.1707e-08,-0.32074420000000003
2.1709e-08,-0.320889
2.1711e-08,-0.3210296
2.1713e-08,-0.32116619999999996
2.1715e-08,-0.32129870000000005
2.1717e-08,-0.3214273000000001
2.1719e-08,-0.32155219999999995
2.1721e-08,-0.32167330000000005
2.1723e-08,-0.3217907
2.1725e-08,-0.3219046000000001
2.1727e-08,-0.32201499999999994
2.1729e-08,-0.3221221000000001
2.1731e-08,-0.32222570000000006
2.1733e-08,-0.3223262
2.1735e-08,-0.3224234
2.1737e-08,-0.32251759999999996
2.1739e-08,-0.3226087000000001
2.1741e-08,-0.322697
2.1743e-08,-0.3227822
2.1745e-08,-0.3228647
2.1747e-08,-0.3229444
2.1749e-08,-0.3230214
2.1751e-08,-0.32309579999999993
2.1753e-08,-0.32316769999999995
2.1755e-08,-0.323237
2.1757e-08,-0.3233039
2.1759e-08,-0.3233684
2.1761e-08,-0.32343049999999995
2.1763e-08,-0.32349039999999996
2.1765e-08,-0.3235481
2.1767e-08,-0.3236036
2.1769e-08,-0.3236568999999999
2.1771e-08,-0.32370829999999995
2.1773e-08,-0.3237576999999999
2.1775e-08,-0.32380509999999996
2.1777e-08,-0.32385050000000004
2.1779e-08,-0.3238942
2.1781e-08,-0.32393590000000005
2.1783e-08,-0.3239759
2.1785e-08,-0.3240143
2.1787e-08,-0.32405090000000003
2.1789e-08,-0.3240858999999999
2.1791e-08,-0.3241193
2.1793e-08,-0.3241511
2.1795e-08,-0.3241815
2.1797e-08,-0.3242104
2.17985e-08,-0.3242311
2.18e-08,-0.32426260000000007
2.18002e-08,-0.32426900000000003
2.18006e-08,-0.3242836
2.18014e-08,-0.3243205
2.1803e-08,-0.32441049999999994
2.1805e-08,-0.3245173
2.1807e-08,-0.3245734
2.1809e-08,-0.32453770000000004
2.1811e-08,-0.3243773999999999
2.1813e-08,-0.32406580000000007
2.1815e-08,-0.32358219999999993
2.1817e-08,-0.3229105
2.1819e-08,-0.32203819999999994
2.1821e-08,-0.32095679999999993
2.1823e-08,-0.31965979999999994
2.1825e-08,-0.3181438000000001
2.1827e-08,-0.31640710000000005
2.1829e-08,-0.3144494000000001
2.1831e-08,-0.31227249999999995
2.1833e-08,-0.309879
2.1835e-08,-0.30727229999999994
2.1837e-08,-0.30445710000000004
2.1839e-08,-0.30143849999999994
2.1841e-08,-0.2982222000000001
2.1843e-08,-0.2948143
2.1845e-08,-0.2912215
2.1847e-08,-0.28745029999999994
2.1849e-08,-0.283508
2.1851e-08,-0.2794015000000001
2.1853e-08,-0.27513829999999995
2.1855e-08,-0.2707254
2.1857e-08,-0.2661703999999999
2.1859e-08,-0.2614803
2.1861e-08,-0.25666259999999996
2.1863e-08,-0.25172420000000006
2.1865e-08,-0.24667249999999996
2.1867e-08,-0.24151409999999995
2.1869e-08,-0.23625609999999997
2.1871e-08,-0.23090510000000009
2.1873e-08,-0.2254678
2.1875e-08,-0.21995049999999994
2.1877e-08,-0.21435949999999993
2.1879e-08,-0.20870080000000002
2.1881e-08,-0.20298059999999996
2.1883e-08,-0.19720440000000006
2.1885e-08,-0.19137779999999993
2.1887e-08,-0.18550640000000007
2.1889e-08,-0.1795953
2.1891e-08,-0.17364959999999996
2.1893e-08,-0.1676742
2.1895e-08,-0.16167390000000004
2.1897e-08,-0.15565320000000005
2.1899e-08,-0.14961649999999993
2.1901e-08,-0.14356809999999998
2.1903e-08,-0.13751179999999996
2.1905e-08,-0.1314518
2.1907e-08,-0.12539179999999994
2.1909e-08,-0.11933519999999997
2.1911e-08,-0.11328570000000004
2.1913e-08,-0.10724650000000002
2.1915e-08,-0.10122069999999994
2.1917e-08,-0.09521120000000005
2.1919e-08,-0.089221
2.1921e-08,-0.08325280000000002
2.1923e-08,-0.07730920000000008
2.1925e-08,-0.07139289999999998
2.1927e-08,-0.0655057
2.1929e-08,-0.059650300000000045
2.1931e-08,-0.0538287999999999
2.1933e-08,-0.0480429
2.1935e-08,-0.04229460000000007
2.1937e-08,-0.036585599999999996
2.1939e-08,-0.030917899999999943
2.1941e-08,-0.025292700000000057
2.1943e-08,-0.01971159999999994
2.1945e-08,-0.014176000000000077
2.1947e-08,-0.008687200000000006
2.1949e-08,-0.0032463000000000353
2.1951e-08,0.002145399999999964
2.1953e-08,0.00748710000000008
2.1955e-08,0.012777700000000003
2.1957e-08,0.018016400000000043
2.1959e-08,0.02320230000000001
2.1961e-08,0.028334799999999993
2.1963e-08,0.03341309999999997
2.1965e-08,0.03843669999999999
2.1967e-08,0.04340500000000003
2.1969e-08,0.04831759999999996
2.1971e-08,0.053173999999999944
2.1973e-08,0.05797390000000002
2.1975e-08,0.06271700000000002
2.1977e-08,0.06740279999999998
2.1979e-08,0.07203150000000003
2.1981e-08,0.07660260000000008
2.1983e-08,0.08111610000000002
2.1985e-08,0.08557199999999998
2.1987e-08,0.08997009999999994
2.1989e-08,0.09431049999999996
2.1991e-08,0.09859320000000005
2.1993e-08,0.10281830000000003
2.1995e-08,0.10698579999999991
2.1997e-08,0.11109590000000003
2.19985e-08,0.11414099999999994
2.2e-08,0.11715390000000003
2.20002e-08,0.11755290000000007
2.20006e-08,0.11834980000000006
2.20014e-08,0.11993680000000007
2.2003e-08,0.12308339999999995
2.2005e-08,0.12696600000000002
2.2007e-08,0.13079210000000008
2.2009e-08,0.13456239999999997
2.2011e-08,0.13827679999999998
2.2013e-08,0.1419359
2.2015e-08,0.14554
2.2017e-08,0.14908940000000004
2.2019e-08,0.1525845
2.2021e-08,0.1560258
2.2023e-08,0.15941359999999993
2.2025e-08,0.16274830000000007
2.2027e-08,0.16603040000000002
2.2029e-08,0.16926039999999998
2.2031e-08,0.1724388
2.2033e-08,0.1755658
2.2035e-08,0.17864219999999997
2.2037e-08,0.1816683
2.2039e-08,0.1846447
2.2041e-08,0.18757179999999996
2.2043e-08,0.19045009999999996
2.2045e-08,0.19328030000000007
2.2047e-08,0.19606289999999993
2.2049e-08,0.19879820000000004
2.2051e-08,0.20148679999999997
2.2053e-08,0.20412930000000007
2.2055e-08,0.20672630000000003
2.2057e-08,0.20927820000000008
2.2059e-08,0.21178570000000008
2.2061e-08,0.21424909999999997
2.2063e-08,0.2166692
2.2065e-08,0.21904639999999997
2.2067e-08,0.2213813
2.2069e-08,0.22367440000000005
2.2071e-08,0.2259262999999999
2.2073e-08,0.22813739999999993
2.2075e-08,0.23030840000000008
2.2077e-08,0.23243979999999997
2.2079e-08,0.23453199999999996
2.2081e-08,0.23658579999999996
2.2083e-08,0.23860159999999997
2.2085e-08,0.24057969999999995
2.2087e-08,0.24252109999999993
2.2089e-08,0.24442589999999997
2.2091e-08,0.24629489999999998
2.2093e-08,0.24812849999999997
2.2095e-08,0.24992720000000002
2.2097e-08,0.2516915999999999
2.2099e-08,0.2534221
2.2101e-08,0.25511930000000005
2.2103e-08,0.25678369999999995
2.2105e-08,0.2584157
2.2107e-08,0.26001589999999997
2.2109e-08,0.2615847
2.2111e-08,0.2631228
2.2113e-08,0.26463039999999993
2.2115e-08,0.26610809999999996
2.2117e-08,0.26755629999999997
2.2119e-08,0.2689756
2.2121e-08,0.2703664
2.2123e-08,0.27172910000000006
2.2125e-08,0.27306430000000004
2.2127e-08,0.2743723
2.2129e-08,0.27565360000000005
2.2131e-08,0.27690860000000006
2.2133e-08,0.27813789999999994
2.2135e-08,0.2793418
2.2137e-08,0.2805206
2.2139e-08,0.281675
2.2141e-08,0.2828050999999999
2.2143e-08,0.28391160000000004
2.2145e-08,0.28499470000000005
2.2147e-08,0.2860549
2.2149e-08,0.2870927
2.2151e-08,0.2881081999999999
2.2153e-08,0.2891019
2.2155e-08,0.29007439999999995
2.2157e-08,0.2910258
2.2159e-08,0.29195649999999995
2.2161e-08,0.29286709999999994
2.2163e-08,0.29375779999999996
2.2165e-08,0.2946288
2.2167e-08,0.29548070000000004
2.2169e-08,0.2963137
2.2171e-08,0.29712819999999995
2.2173e-08,0.29792450000000004
2.2175e-08,0.29870300000000005
2.2177e-08,0.29946400000000006
2.2179e-08,0.30020769999999997
2.2181e-08,0.30093460000000005
2.2183e-08,0.3016449
2.2185e-08,0.3023389000000001
2.2187e-08,0.30301690000000003
2.2189e-08,0.3036795
2.2191e-08,0.30432650000000006
2.2193e-08,0.3049585
2.2195e-08,0.3055757
2.2197e-08,0.3061783
2.21985e-08,0.30662100000000003
2.22e-08,0.30705569999999993
2.22002e-08,0.3071138
2.22006e-08,0.30723160000000005
2.22014e-08,0.3074764000000001
2.2203e-08,0.3079877
2.2205e-08,0.3086284
2.2207e-08,0.3092233
2.2209e-08,0.3097284
2.2211e-08,0.3101081
2.2213e-08,0.31033389999999994
2.2215e-08,0.31038330000000003
2.2217e-08,0.3102387000000001
2.2219e-08,0.3098869000000001
2.2221e-08,0.3093178999999999
2.2223e-08,0.3085251
2.2225e-08,0.3075042
2.2227e-08,0.306253
2.2229e-08,0.3047712
2.2231e-08,0.30306
2.2233e-08,0.30112189999999994
2.2235e-08,0.2989605000000001
2.2237e-08,0.29657999999999995
2.2239e-08,0.29398559999999996
2.2241e-08,0.2911832000000001
2.2243e-08,0.2881787
2.2245e-08,0.284979
2.2247e-08,0.28159080000000003
2.2249e-08,0.27802119999999997
2.2251e-08,0.2742774
2.2253e-08,0.2703669999999999
2.2255e-08,0.2662972
2.2257e-08,0.2620754999999999
2.2259e-08,0.2577094
2.2261e-08,0.2532061
2.2263e-08,0.2485731
2.2265e-08,0.24381759999999997
2.2267e-08,0.23894670000000007
2.2269e-08,0.23396740000000005
2.2271e-08,0.2288867
2.2273e-08,0.223711
2.2275e-08,0.21844719999999995
2.2277e-08,0.2131016
2.2279e-08,0.2076804
2.2281e-08,0.20218979999999998
2.2283e-08,0.19663569999999997
2.2285e-08,0.19102370000000002
2.2287e-08,0.18535959999999996
2.2289e-08,0.17964880000000005
2.2291e-08,0.1738963
2.2293e-08,0.16810729999999996
2.2295e-08,0.1622867
2.2297e-08,0.1564392
2.2299e-08,0.15056930000000002
2.2301e-08,0.1446813
2.2303e-08,0.1387796
2.2305e-08,0.1328682
2.2307e-08,0.12695089999999998
2.2309e-08,0.12103140000000001
2.2311e-08,0.11511340000000003
2.2313e-08,0.10920040000000009
2.2315e-08,0.10329540000000004
2.2317e-08,0.09740179999999998
2.2319e-08,0.09152250000000006
2.2321e-08,0.08566040000000008
2.2323e-08,0.07981820000000006
2.2325e-08,0.07399840000000002
2.2327e-08,0.06820360000000003
2.2329e-08,0.06243619999999994
2.2331e-08,0.05669819999999992
2.2333e-08,0.05099180000000003
2.2335e-08,0.045319200000000004
2.2337e-08,0.03968210000000005
2.2339e-08,0.03408220000000006
2.2341e-08,0.02852140000000003
2.2343e-08,0.023001200000000055
2.2345e-08,0.017522900000000008
2.2347e-08,0.012088100000000046
2.2349e-08,0.00669810000000004
2.2351e-08,0.0013539999999999663
2.2353e-08,-0.003943099999999977
2.2355e-08,-0.009191999999999978
2.2357e-08,-0.014391799999999955
2.2359e-08,-0.01954149999999999
2.2361e-08,-0.024640600000000012
2.2363e-08,-0.029688000000000048
2.2365e-08,-0.034683200000000025
2.2367e-08,-0.03962559999999993
2.2369e-08,-0.04451450000000001
2.2371e-08,-0.04934939999999999
2.2373e-08,-0.05413009999999996
2.2375e-08,-0.05885600000000002
2.2377e-08,-0.06352670000000005
2.2379e-08,-0.06814209999999998
2.2381e-08,-0.07270199999999993
2.2383e-08,-0.077206
2.2385e-08,-0.08165410000000006
2.2387e-08,-0.08604610000000001
2.2389e-08,-0.09038210000000002
2.2391e-08,-0.09466180000000002
2.2393e-08,-0.09888549999999996
2.2395e-08,-0.10305310000000001
2.2397e-08,-0.10716459999999994
2.23985e-08,-0.11021159999999997
2.24e-08,-0.11322720000000008
2.24002e-08,-0.11362660000000002
2.24006e-08,-0.11442439999999998
2.24014e-08,-0.11601320000000004
2.2403e-08,-0.11916419999999994
2.2405e-08,-0.12305310000000003
2.2407e-08,-0.12688690000000002
2.2409e-08,-0.1306657
2.2411e-08,-0.1343898
2.2413e-08,-0.13805959999999995
2.2415e-08,-0.14167530000000006
2.2417e-08,-0.14523720000000007
2.2419e-08,-0.1487457000000001
2.2421e-08,-0.15220120000000004
2.2423e-08,-0.15560399999999996
2.2425e-08,-0.1589545
2.2427e-08,-0.1622532
2.2429e-08,-0.1655004
2.2431e-08,-0.16869650000000003
2.2433e-08,-0.1718421
2.2435e-08,-0.1749373999999999
2.2437e-08,-0.1779832
2.2439e-08,-0.18097960000000002
2.2441e-08,-0.18392739999999996
2.2443e-08,-0.1868268999999999
2.2445e-08,-0.18967860000000003
2.2447e-08,-0.19248310000000002
2.2449e-08,-0.19524090000000005
2.2451e-08,-0.19795229999999997
2.2453e-08,-0.20061790000000002
2.2455e-08,-0.20323840000000004
2.2457e-08,-0.20581400000000005
2.2459e-08,-0.20834549999999996
2.2461e-08,-0.2108333
2.2463e-08,-0.21327799999999997
2.2465e-08,-0.21567999999999998
2.2467e-08,-0.21803989999999995
2.2469e-08,-0.22035820000000006
2.2471e-08,-0.22263539999999993
2.2473e-08,-0.22487210000000002
2.2475e-08,-0.22706880000000007
2.2477e-08,-0.2292261
2.2479e-08,-0.23134429999999995
2.2481e-08,-0.23342410000000002
2.2483e-08,-0.23546600000000006
2.2485e-08,-0.23747050000000003
2.2487e-08,-0.23943820000000005
2.2489e-08,-0.2413693
2.2491e-08,-0.2432647
2.2493e-08,-0.24512479999999992
2.2495e-08,-0.24695
2.2497e-08,-0.24874089999999993
2.2499e-08,-0.25049789999999994
2.2501e-08,-0.25222159999999993
2.2503e-08,-0.25391240000000004
2.2505e-08,-0.255571
2.2507e-08,-0.2571975000000001
2.2509e-08,-0.25879279999999993
2.2511e-08,-0.2603571
2.2513e-08,-0.261891
2.2515e-08,-0.2633949
2.2517e-08,-0.26486940000000003
2.2519e-08,-0.2663147
2.2521e-08,-0.2677315
2.2523e-08,-0.26912020000000003
2.2525e-08,-0.2704812
2.2527e-08,-0.27181489999999997
2.2529e-08,-0.27312190000000003
2.2531e-08,-0.27440240000000005
2.2533e-08,-0.2756571
2.2535e-08,-0.27688630000000003
2.2537e-08,-0.27809040000000007
2.2539e-08,-0.2792698
2.2541e-08,-0.2804247999999999
2.2543e-08,-0.2815561000000001
2.2545e-08,-0.282664
2.2547e-08,-0.2837487000000001
2.2549e-08,-0.2848107999999999
2.2551e-08,-0.28585059999999995
2.2553e-08,-0.28686860000000003
2.2555e-08,-0.2878649000000001
2.2557e-08,-0.2888402
2.2559e-08,-0.2897946
2.2561e-08,-0.29072869999999995
2.2563e-08,-0.2916426
2.2565e-08,-0.2925369000000001
2.2567e-08,-0.29341169999999994
2.2569e-08,-0.2942677
2.2571e-08,-0.2951049
2.2573e-08,-0.2959237
2.2575e-08,-0.2967246
2.2577e-08,-0.2975078000000001
2.2579e-08,-0.2982736
2.2581e-08,-0.29902229999999996
2.2583e-08,-0.2997544
2.2585e-08,-0.30046989999999996
2.2587e-08,-0.30116940000000003
2.2589e-08,-0.30185300000000004
2.2591e-08,-0.3025211
2.2593e-08,-0.3031739
2.2595e-08,-0.3038117
2.2597e-08,-0.30443489999999995
2.25985e-08,-0.30489279999999996
2.26e-08,-0.30535429999999997
2.26002e-08,-0.3054175
2.26006e-08,-0.30554519999999996
2.26014e-08,-0.3058071
2.2603e-08,-0.3063409
2.2605e-08,-0.3069912
2.2607e-08,-0.3075785
2.2609e-08,-0.30806199999999995
2.2611e-08,-0.3084087
2.2613e-08,-0.3085924
2.2615e-08,-0.30859249999999994
2.2617e-08,-0.3083931
2.2619e-08,-0.3079822
2.2621e-08,-0.30735120000000005
2.2623e-08,-0.30649419999999994
2.2625e-08,-0.30540789999999995
2.2627e-08,-0.30409070000000005
2.2629e-08,-0.302543
2.2631e-08,-0.30076649999999994
2.2633e-08,-0.29876389999999997
2.2635e-08,-0.29653930000000006
2.2637e-08,-0.29409740000000006
2.2639e-08,-0.2914434
2.2641e-08,-0.28858339999999993
2.2643e-08,-0.28552370000000005
2.2645e-08,-0.2822709
2.2647e-08,-0.2788321
2.2649e-08,-0.2752144000000001
2.2651e-08,-0.27142520000000003
2.2653e-08,-0.26747180000000004
2.2655e-08,-0.2633616999999999
2.2657e-08,-0.2591023
2.2659e-08,-0.25470100000000007
2.2661e-08,-0.2501654
2.2663e-08,-0.24550249999999996
2.2665e-08,-0.24071969999999998
2.2667e-08,-0.23582380000000003
2.2669e-08,-0.23082210000000003
2.2671e-08,-0.22572120000000007
2.2673e-08,-0.2205279
2.2675e-08,-0.21524869999999996
2.2677e-08,-0.20988990000000007
2.2679e-08,-0.20445769999999996
2.2681e-08,-0.19895830000000003
2.2683e-08,-0.1933973000000001
2.2685e-08,-0.18778050000000002
2.2687e-08,-0.18211339999999998
2.2689e-08,-0.17640139999999993
2.2691e-08,-0.17064960000000007
2.2693e-08,-0.16486299999999998
2.2695e-08,-0.15904639999999992
2.2697e-08,-0.15320449999999997
2.2699e-08,-0.14734170000000002
2.2701e-08,-0.1414624
2.2703e-08,-0.13557069999999993
2.2705e-08,-0.12967060000000008
2.2707e-08,-0.1237659000000001
2.2709e-08,-0.11786039999999998
2.2711e-08,-0.11195749999999993
2.2713e-08,-0.1060605
2.2715e-08,-0.1001727
2.2717e-08,-0.09429740000000009
2.2719e-08,-0.0884372
2.2721e-08,-0.08259510000000003
2.2723e-08,-0.07677370000000006
2.2725e-08,-0.07097569999999997
2.2727e-08,-0.06520329999999996
2.2729e-08,-0.05945900000000004
2.2731e-08,-0.053744899999999984
2.2733e-08,-0.048063100000000025
2.2735e-08,-0.04241539999999999
2.2737e-08,-0.03680379999999994
2.2739e-08,-0.03122999999999998
2.2741e-08,-0.025695799999999935
2.2743e-08,-0.020202399999999954
2.2745e-08,-0.014751599999999976
2.2747e-08,-0.00934440000000003
2.2749e-08,-0.0039824000000000526
2.2751e-08,0.001333399999999929
2.2753e-08,0.006601899999999938
2.2755e-08,0.01182189999999994
2.2757e-08,0.01699269999999997
2.2759e-08,0.02211339999999995
2.2761e-08,0.02718290000000001
2.2763e-08,0.032200999999999924
2.2765e-08,0.03716660000000005
2.2767e-08,0.04207929999999993
2.2769e-08,0.046938499999999994
2.2771e-08,0.05174369999999995
2.2773e-08,0.0564945
2.2775e-08,0.061190599999999984
2.2777e-08,0.06583170000000005
2.2779e-08,0.07041730000000002
2.2781e-08,0.07494750000000006
2.2783e-08,0.07942190000000005
2.2785e-08,0.08384049999999998
2.2787e-08,0.08820309999999998
2.2789e-08,0.09250970000000003
2.2791e-08,0.09676030000000002
2.2793e-08,0.10095489999999996
2.2795e-08,0.10509350000000006
2.2797e-08,0.10917640000000006
2.27985e-08,0.11220189999999997
2.28e-08,0.11519610000000002
2.28002e-08,0.11559269999999999
2.28006e-08,0.11638470000000001
2.28014e-08,0.11796220000000002
2.2803e-08,0.12109059999999994
2.2805e-08,0.1249515
2.2807e-08,0.12875740000000002
2.2809e-08,0.13250859999999998
2.2811e-08,0.13620529999999997
2.2813e-08,0.13984790000000002
2.2815e-08,0.14343659999999991
2.2817e-08,0.1469718000000001
2.2819e-08,0.15045370000000002
2.2821e-08,0.15388290000000004
2.2823e-08,0.1572597
2.2825e-08,0.16058450000000002
2.2827e-08,0.16385760000000005
2.2829e-08,0.16707950000000005
2.2831e-08,0.17025069999999998
2.2833e-08,0.17337139999999995
2.2835e-08,0.1764424
2.2837e-08,0.1794638999999999
2.2839e-08,0.1824365
2.2841e-08,0.18536050000000004
2.2843e-08,0.1882366000000001
2.2845e-08,0.1910653
2.2847e-08,0.19384689999999993
2.2849e-08,0.19658189999999998
2.2851e-08,0.19927099999999998
2.2853e-08,0.2019147
2.2855e-08,0.2045133
2.2857e-08,0.20706760000000002
2.2859e-08,0.2095779000000001
2.2861e-08,0.21204469999999997
2.2863e-08,0.21446869999999996
2.2865e-08,0.21685029999999994
2.2867e-08,0.21919
2.2869e-08,0.22148840000000003
2.2871e-08,0.22374610000000006
2.2873e-08,0.22596349999999998
2.2875e-08,0.22814109999999999
2.2877e-08,0.23027949999999997
2.2879e-08,0.23237930000000007
2.2881e-08,0.2344408
2.2883e-08,0.23646469999999997
2.2885e-08,0.23845150000000004
2.2887e-08,0.2404016
2.2889e-08,0.24231559999999996
2.2891e-08,0.24419389999999996
2.2893e-08,0.24603730000000001
2.2895e-08,0.24784590000000006
2.2897e-08,0.24962050000000002
2.2899e-08,0.25136159999999996
2.2901e-08,0.25306950000000006
2.2903e-08,0.2547448
2.2905e-08,0.25638800000000006
2.2907e-08,0.2579996
2.2909e-08,0.2595799999999999
2.2911e-08,0.2611297
2.2913e-08,0.2626492
2.2915e-08,0.264139
2.2917e-08,0.2655995
2.2919e-08,0.26703109999999997
2.2921e-08,0.2684344000000001
2.2923e-08,0.26980989999999994
2.2925e-08,0.27115789999999995
2.2927e-08,0.27247869999999996
2.2929e-08,0.27377300000000004
2.2931e-08,0.2750412
2.2933e-08,0.2762836999999999
2.2935e-08,0.2775008
2.2937e-08,0.27869299999999997
2.2939e-08,0.2798607000000001
2.2941e-08,0.28100440000000004
2.2943e-08,0.2821245
2.2945e-08,0.28322119999999995
2.2947e-08,0.2842951
2.2949e-08,0.2853464
2.2951e-08,0.28637580000000007
2.2953e-08,0.2873833
2.2955e-08,0.28836950000000006
2.2957e-08,0.2893348
2.2959e-08,0.29027939999999997
2.2961e-08,0.2912038
2.2963e-08,0.2921083
2.2965e-08,0.29299320000000006
2.2967e-08,0.293859
2.2969e-08,0.2947058
2.2971e-08,0.2955342999999999
2.2973e-08,0.2963445
2.2975e-08,0.29713670000000003
2.2977e-08,0.2979115
2.2979e-08,0.2986691
2.2981e-08,0.2994097
2.2983e-08,0.30013389999999995
2.2985e-08,0.30084159999999993
2.2987e-08,0.30153339999999995
2.2989e-08,0.3022094999999999
2.2991e-08,0.3028702
2.2993e-08,0.30351569999999994
2.2995e-08,0.30414640000000004
2.2997e-08,0.3047626
2.29985e-08,0.3052153999999999
2.3e-08,0.30566019999999994
2.30002e-08,0.3057196
2.30006e-08,0.30584009999999995
2.30014e-08,0.30609030000000004
2.3003e-08,0.3066122
2.3005e-08,0.3072661
2.3007e-08,0.30787430000000005
2.3009e-08,0.30839229999999995
2.3011e-08,0.3087848999999999
2.3013e-08,0.30902339999999995
2.3015e-08,0.30908539999999995
2.3017e-08,0.30895320000000004
2.3019e-08,0.30861359999999993
2.3021e-08,0.30805670000000007
2.3023e-08,0.30727570000000004
2.3025e-08,0.30626639999999994
2.3027e-08,0.3050267
2.3029e-08,0.3035563
2.3031e-08,0.3018563000000001
2.3033e-08,0.29992929999999995
2.3035e-08,0.2977788
2.3037e-08,0.2954091
2.3039e-08,0.29282550000000007
2.3041e-08,0.2900336
2.3043e-08,0.2870397
2.3045e-08,0.28385039999999995
2.3047e-08,0.28047260000000007
2.3049e-08,0.27691330000000003
2.3051e-08,0.27317990000000003
2.3053e-08,0.26927959999999995
2.3055e-08,0.26522
2.3057e-08,0.2610085
2.3059e-08,0.25665230000000006
2.3061e-08,0.25215920000000003
2.3063e-08,0.24753619999999998
2.3065e-08,0.24279079999999997
2.3067e-08,0.23792979999999997
2.3069e-08,0.23296050000000001
2.3071e-08,0.22788960000000003
2.3073e-08,0.22272380000000003
2.3075e-08,0.21746999999999994
2.3077e-08,0.21213419999999994
2.3079e-08,0.20672290000000004
2.3081e-08,0.2012421000000001
2.3083e-08,0.19569789999999998
2.3085e-08,0.19009580000000004
2.3087e-08,0.18444139999999998
2.3089e-08,0.17874029999999996
2.3091e-08,0.17299760000000008
2.3093e-08,0.16721829999999993
2.3095e-08,0.16140729999999992
2.3097e-08,0.15556950000000003
2.3099e-08,0.1497092
2.3101e-08,0.1438309000000001
2.3103e-08,0.13793869999999997
2.3105e-08,0.1320367
2.3107e-08,0.1261289
2.3109e-08,0.12021890000000002
2.3111e-08,0.11431040000000003
2.3113e-08,0.10840670000000008
2.3115e-08,0.10251100000000002
2.3117e-08,0.09662670000000007
2.3119e-08,0.09075659999999997
2.3121e-08,0.08490360000000008
2.3123e-08,0.07907049999999993
2.3125e-08,0.0732598000000001
2.3127e-08,0.06747389999999998
2.3129e-08,0.061715399999999976
2.3131e-08,0.055986300000000044
2.3133e-08,0.05028880000000002
2.3135e-08,0.04462490000000008
2.3137e-08,0.03899649999999999
2.3139e-08,0.033405200000000024
2.3141e-08,0.027852899999999958
2.3143e-08,0.022341100000000003
2.3145e-08,0.016871299999999922
2.3147e-08,0.011444800000000033
2.3149e-08,0.0060629999999999296
2.3151e-08,0.0007270999999999805
2.3153e-08,-0.00456180000000006
2.3155e-08,-0.009802699999999942
2.3157e-08,-0.014994500000000022
2.3159e-08,-0.020136399999999943
2.3161e-08,-0.025227600000000017
2.3163e-08,-0.030267399999999944
2.3165e-08,-0.03525489999999998
2.3167e-08,-0.04018960000000005
2.3169e-08,-0.04507110000000003
2.3171e-08,-0.049898600000000015
2.3173e-08,-0.054671899999999996
2.3175e-08,-0.05939050000000001
2.3177e-08,-0.0640541
2.3179e-08,-0.06866240000000001
2.3181e-08,-0.07321520000000004
2.3183e-08,-0.07771230000000007
2.3185e-08,-0.08215349999999999
2.3187e-08,-0.08653870000000008
2.3189e-08,-0.0908679
2.3191e-08,-0.09514109999999998
2.3193e-08,-0.09935830000000001
2.3195e-08,-0.10351939999999993
2.3197e-08,-0.10762439999999995
2.31985e-08,-0.1106667
2.32e-08,-0.11368909999999999
2.32002e-08,-0.11409179999999997
2.32006e-08,-0.11489769999999999
2.32014e-08,-0.11651069999999997
2.3203e-08,-0.11972609999999995
2.3205e-08,-0.12368860000000004
2.3207e-08,-0.12754240000000006
2.3209e-08,-0.1312451
2.3211e-08,-0.13476290000000002
2.3213e-08,-0.1380688
2.3215e-08,-0.141142
2.3217e-08,-0.14396620000000004
2.3219e-08,-0.14652999999999994
2.3221e-08,-0.14882499999999999
2.3223e-08,-0.15084609999999998
2.3225e-08,-0.15259080000000003
2.3227e-08,-0.15405829999999998
2.3229e-08,-0.15525010000000006
2.3231e-08,-0.156169
2.3233e-08,-0.15681880000000004
2.3235e-08,-0.15720440000000002
2.3237e-08,-0.15733169999999996
2.3239e-08,-0.15720690000000004
2.3241e-08,-0.15683709999999995
2.3243e-08,-0.15622970000000003
2.3245e-08,-0.15539210000000003
2.3247e-08,-0.15433229999999998
2.3249e-08,-0.15305829999999998
2.3251e-08,-0.1515782
2.3253e-08,-0.14990000000000003
2.3255e-08,-0.1480319
2.3257e-08,-0.14598200000000006
2.3259e-08,-0.1437583
2.3261e-08,-0.1413687
2.3263e-08,-0.13882109999999992
2.3265e-08,-0.136123
2.3267e-08,-0.13328209999999996
2.3269e-08,-0.13030570000000008
2.3271e-08,-0.12720089999999995
2.3273e-08,-0.1239749
2.3275e-08,-0.12063440000000003
2.3277e-08,-0.11718620000000002
2.3279e-08,-0.11363669999999992
2.3281e-08,-0.10999230000000004
2.3283e-08,-0.10625889999999993
2.3285e-08,-0.1024427
2.3287e-08,-0.0985492
2.3289e-08,-0.09458420000000001
2.3291e-08,-0.09055279999999999
2.3293e-08,-0.08646029999999993
2.3295e-08,-0.0823119
2.3297e-08,-0.07811219999999996
2.3299e-08,-0.07386599999999999
2.3301e-08,-0.06957779999999991
2.3303e-08,-0.06525199999999998
2.3305e-08,-0.06089259999999996
2.3307e-08,-0.056503699999999935
2.3309e-08,-0.052089300000000005
2.3311e-08,-0.047652999999999945
2.3313e-08,-0.04319830000000002
2.3315e-08,-0.03872870000000006
2.3317e-08,-0.034247499999999986
2.3319e-08,-0.029757800000000056
2.3321e-08,-0.025262700000000082
2.3323e-08,-0.020764999999999922
2.3325e-08,-0.01626760000000005
2.3327e-08,-0.011773000000000033
2.3329e-08,-0.007283600000000057
2.3331e-08,-0.0028021000000000296
2.3333e-08,0.0016692999999999847
2.3335e-08,0.006128499999999981
2.3337e-08,0.010573400000000066
2.3339e-08,0.01500199999999996
2.3341e-08,0.019412500000000055
2.3343e-08,0.02380290000000007
2.3345e-08,0.02817170000000002
2.3347e-08,0.03251719999999991
2.3349e-08,0.036838099999999985
2.3351e-08,0.04113270000000002
2.3353e-08,0.04539969999999993
2.3355e-08,0.04963799999999996
2.3357e-08,0.05384610000000001
2.3359e-08,0.05802320000000005
2.3361e-08,0.06216820000000001
2.3363e-08,0.0662798
2.3365e-08,0.07035750000000007
2.3367e-08,0.07440009999999997
2.3369e-08,0.07840710000000006
2.3371e-08,0.08237749999999999
2.3373e-08,0.08631080000000002
2.3375e-08,0.09020620000000001
2.3377e-08,0.09406329999999996
2.3379e-08,0.09788149999999995
2.3381e-08,0.10166039999999998
2.3383e-08,0.10539940000000003
2.3385e-08,0.10909829999999998
2.3387e-08,0.11275659999999998
2.3389e-08,0.11637399999999998
2.3391e-08,0.1199503999999999
2.3393e-08,0.12348539999999997
2.3395e-08,0.12697899999999995
2.3397e-08,0.13043080000000007
2.33985e-08,0.1329922
2.34e-08,0.13554160000000004
2.34002e-08,0.13588179999999994
2.34006e-08,0.1365632
2.34014e-08,0.13792870000000002
2.3403e-08,0.1406556
2.3405e-08,0.14401969999999997
2.3407e-08,0.14728819999999998
2.3409e-08,0.1504188999999999
2.3411e-08,0.1533776
2.3413e-08,0.15613719999999998
2.3415e-08,0.15867659999999995
2.3417e-08,0.16097929999999994
2.3419e-08,0.16303370000000006
2.3421e-08,0.16483099999999995
2.3423e-08,0.16636609999999996
2.3425e-08,0.167636
2.3427e-08,0.1686398
2.3429e-08,0.16937880000000005
2.3431e-08,0.16985519999999998
2.3433e-08,0.17007280000000002
2.3435e-08,0.17003630000000003
2.3437e-08,0.1697512
2.3439e-08,0.16922369999999998
2.3441e-08,0.16846040000000007
2.3443e-08,0.16746869999999991
2.3445e-08,0.1662557
2.3447e-08,0.1648292
2.3449e-08,0.16319699999999993
2.3451e-08,0.16136689999999998
2.3453e-08,0.15934700000000002
2.3455e-08,0.15714509999999993
2.3457e-08,0.15476920000000005
2.3459e-08,0.1522272
2.3461e-08,0.14952679999999996
2.3463e-08,0.14667560000000002
2.3465e-08,0.1436813
2.3467e-08,0.1405510000000001
2.3469e-08,0.13729229999999992
2.3471e-08,0.13391190000000008
2.3473e-08,0.130417
2.3475e-08,0.12681409999999993
2.3477e-08,0.12310980000000005
2.3479e-08,0.11931049999999999
2.3481e-08,0.11542239999999993
2.3483e-08,0.11145150000000004
2.3485e-08,0.10740349999999999
2.3487e-08,0.10328419999999994
2.3489e-08,0.09909889999999999
2.3491e-08,0.09485299999999997
2.3493e-08,0.09055159999999995
2.3495e-08,0.08619940000000004
2.3497e-08,0.08180140000000002
2.3499e-08,0.07736189999999998
2.3501e-08,0.0728856
2.3503e-08,0.06837660000000001
2.3505e-08,0.06383899999999998
2.3507e-08,0.05927669999999996
2.3509e-08,0.05469360000000001
2.3511e-08,0.0500931
2.3513e-08,0.04547889999999999
2.3515e-08,0.04085420000000006
2.3517e-08,0.03622220000000009
2.3519e-08,0.03158609999999995
2.3521e-08,0.02694859999999999
2.3523e-08,0.022312700000000074
2.3525e-08,0.017680999999999947
2.3527e-08,0.013056000000000068
2.3529e-08,0.008440200000000009
2.3531e-08,0.0038359999999999506
2.3533e-08,-0.0007546000000000497
2.3535e-08,-0.005329199999999923
2.3537e-08,-0.009886000000000061
2.3539e-08,-0.014423100000000022
2.3541e-08,-0.01893849999999997
2.3543e-08,-0.023430799999999974
2.3545e-08,-0.027898199999999984
2.3547e-08,-0.032339099999999954
2.3549e-08,-0.0367521999999999
2.3551e-08,-0.041136199999999956
2.3553e-08,-0.04548960000000002
2.3555e-08,-0.04981139999999995
2.3557e-08,-0.05410019999999993
2.3559e-08,-0.0583553
2.3561e-08,-0.06257540000000006
2.3563e-08,-0.06675989999999998
2.3565e-08,-0.07090760000000007
2.3567e-08,-0.07501779999999991
2.3569e-08,-0.07909
2.3571e-08,-0.08312320000000006
2.3573e-08,-0.08711710000000006
2.3575e-08,-0.09107080000000001
2.3577e-08,-0.09498410000000002
2.3579e-08,-0.0988561
2.3581e-08,-0.10268689999999991
2.3583e-08,-0.10647570000000006
2.3585e-08,-0.11022239999999994
2.3587e-08,-0.11392659999999999
2.3589e-08,-0.11758809999999997
2.3591e-08,-0.1212067
2.3593e-08,-0.1247821
2.3595e-08,-0.12831440000000005
2.3597e-08,-0.1318032
2.35985e-08,-0.1343913
2.36e-08,-0.13695500000000005
2.36002e-08,-0.13729540000000007
2.36006e-08,-0.13797749999999998
2.36014e-08,-0.1393474
2.3603e-08,-0.14209379999999994
2.3605e-08,-0.14549990000000002
2.3607e-08,-0.14882659999999992
2.3609e-08,-0.15202839999999995
2.3611e-08,-0.1550684
2.3613e-08,-0.15791700000000009
2.3615e-08,-0.16055130000000006
2.3617e-08,-0.1629531999999999
2.3619e-08,-0.16510950000000002
2.3621e-08,-0.1670104
2.3623e-08,-0.16864959999999996
2.3625e-08,-0.1700235
2.3627e-08,-0.17113040000000002
2.3629e-08,-0.17197099999999998
2.3631e-08,-0.172547
2.3633e-08,-0.1728619
2.3635e-08,-0.17291999999999996
2.3637e-08,-0.17272659999999995
2.3639e-08,-0.17228770000000004
2.3641e-08,-0.17160959999999992
2.3643e-08,-0.1706997
2.3645e-08,-0.16956510000000002
2.3647e-08,-0.16821339999999996
2.3649e-08,-0.16665229999999998
2.3651e-08,-0.1648898000000001
2.3653e-08,-0.16293380000000002
2.3655e-08,-0.1607923
2.3657e-08,-0.15847330000000004
2.3659e-08,-0.15598460000000003
2.3661e-08,-0.15333399999999997
2.3663e-08,-0.15052929999999998
2.3665e-08,-0.14757790000000004
2.3667e-08,-0.14448760000000005
2.3669e-08,-0.14126529999999993
2.3671e-08,-0.1379184
2.3673e-08,-0.13445390000000002
2.3675e-08,-0.13087840000000006
2.3677e-08,-0.1271987
2.3679e-08,-0.12342110000000006
2.3681e-08,-0.11955199999999999
2.3683e-08,-0.11559750000000002
2.3685e-08,-0.11156330000000003
2.3687e-08,-0.10745539999999998
2.3689e-08,-0.10327910000000007
2.3691e-08,-0.0990397999999999
2.3693e-08,-0.09474269999999996
2.3695e-08,-0.09039279999999994
2.3697e-08,-0.08599489999999999
2.3699e-08,-0.08155380000000001
2.3701e-08,-0.07707369999999991
2.3703e-08,-0.07255909999999999
2.3705e-08,-0.06801420000000002
2.3707e-08,-0.06344290000000008
2.3709e-08,-0.058849199999999935
2.3711e-08,-0.05423650000000002
2.3713e-08,-0.0496086
2.3715e-08,-0.04496869999999997
2.3717e-08,-0.040320400000000034
2.3719e-08,-0.03566639999999999
2.3721e-08,-0.031009999999999982
2.3723e-08,-0.02635390000000004
2.3725e-08,-0.021700900000000023
2.3727e-08,-0.01705370000000006
2.3729e-08,-0.012414499999999995
2.3731e-08,-0.007786100000000018
2.3733e-08,-0.0031704000000000176
2.3735e-08,0.001430200000000048
2.3737e-08,0.006013799999999958
2.3739e-08,0.010578399999999988
2.3741e-08,0.015122199999999975
2.3743e-08,0.01964330000000003
2.3745e-08,0.024140199999999945
2.3747e-08,0.028611300000000006
2.3749e-08,0.033055100000000004
2.3751e-08,0.03747010000000006
2.3753e-08,0.04185509999999992
2.3755e-08,0.04620880000000005
2.3757e-08,0.05053010000000002
2.3759e-08,0.05481780000000003
2.3761e-08,0.05907109999999993
2.3763e-08,0.06328889999999998
2.3765e-08,0.06747020000000004
2.3767e-08,0.07161430000000002
2.3769e-08,0.07572049999999997
2.3771e-08,0.07978790000000002
2.3773e-08,0.08381609999999995
2.3775e-08,0.08780429999999995
2.3777e-08,0.0917521
2.3779e-08,0.09565889999999999
2.3781e-08,0.09952430000000001
2.3783e-08,0.103348
2.3785e-08,0.10712939999999993
2.3787e-08,0.11086839999999998
2.3789e-08,0.11456460000000002
2.3791e-08,0.11821799999999993
2.3793e-08,0.12182799999999994
2.3795e-08,0.12539480000000003
2.3797e-08,0.12891819999999998
2.37985e-08,0.13153209999999993
2.38e-08,0.13412139999999995
2.38002e-08,0.1344654999999999
2.38006e-08,0.13515429999999995
2.38014e-08,0.1365379
2.3803e-08,0.1393116000000001
2.3805e-08,0.14275169999999993
2.3807e-08,0.14611220000000003
2.3809e-08,0.14934749999999997
2.3811e-08,0.15242089999999997
2.3813e-08,0.15530260000000007
2.3815e-08,0.15796959999999993
2.3817e-08,0.1604038000000001
2.3819e-08,0.1625920999999999
2.3821e-08,0.16452480000000003
2.3823e-08,0.1661954
2.3825e-08,0.16760030000000004
2.3827e-08,0.1687379
2.3829e-08,0.1696088
2.3831e-08,0.1702148
2.3833e-08,0.17055930000000008
2.3835e-08,0.17064690000000005
2.3837e-08,0.17048259999999993
2.3839e-08,0.17007229999999995
2.3841e-08,0.16942289999999993
2.3843e-08,0.16854119999999995
2.3845e-08,0.16743439999999998
2.3847e-08,0.16611029999999993
2.3849e-08,0.16457659999999996
2.3851e-08,0.16284129999999997
2.3853e-08,0.16091220000000006
2.3855e-08,0.15879730000000003
2.3857e-08,0.1565046
2.3859e-08,0.15404209999999996
2.3861e-08,0.15141740000000004
2.3863e-08,0.14863839999999995
2.3865e-08,0.14571250000000002
2.3867e-08,0.14264739999999998
2.3869e-08,0.13945010000000002
2.3871e-08,0.13612800000000003
2.3873e-08,0.13268799999999992
2.3875e-08,0.1291369
2.3877e-08,0.1254812999999999
2.3879e-08,0.12172779999999994
2.3881e-08,0.11788239999999994
2.3883e-08,0.11395139999999992
2.3885e-08,0.1099405
2.3887e-08,0.1058557
2.3889e-08,0.10170219999999996
2.3891e-08,0.09748559999999995
2.3893e-08,0.09321100000000004
2.3895e-08,0.08888339999999995
2.3897e-08,0.08450760000000002
2.3899e-08,0.0800881
2.3901e-08,0.07562979999999997
2.3903e-08,0.0711366
2.3905e-08,0.06661279999999992
2.3907e-08,0.06206249999999991
2.3909e-08,0.05748949999999997
2.3911e-08,0.052897300000000036
2.3913e-08,0.04828969999999999
2.3915e-08,0.04366999999999999
2.3917e-08,0.03904149999999995
2.3919e-08,0.034407100000000024
2.3921e-08,0.02977019999999997
2.3923e-08,0.025133300000000025
2.3925e-08,0.020499299999999998
2.3927e-08,0.01587089999999991
2.3929e-08,0.011250399999999994
2.3931e-08,0.006640100000000038
2.3933e-08,0.0020426000000000055
2.3935e-08,-0.0025401999999999925
2.3937e-08,-0.007106100000000004
2.3939e-08,-0.011653299999999978
2.3941e-08,-0.016179799999999966
2.3943e-08,-0.020683899999999977
2.3945e-08,-0.025164000000000075
2.3947e-08,-0.02961859999999994
2.3949e-08,-0.03404589999999996
2.3951e-08,-0.03844480000000006
2.3953e-08,-0.04281389999999996
2.3955e-08,-0.047151900000000024
2.3957e-08,-0.0514578
2.3959e-08,-0.05573019999999995
2.3961e-08,-0.05996840000000003
2.3963e-08,-0.06417119999999998
2.3965e-08,-0.06833790000000006
2.3967e-08,-0.07246760000000008
2.3969e-08,-0.07655960000000006
2.3971e-08,-0.08061299999999993
2.3973e-08,-0.08462729999999996
2.3975e-08,-0.0886018999999999
2.3977e-08,-0.09253619999999996
2.3979e-08,-0.09642980000000001
2.3981e-08,-0.10028210000000004
2.3983e-08,-0.10409289999999993
2.3985e-08,-0.10786169999999995
2.3987e-08,-0.11158829999999997
2.3989e-08,-0.1152723
2.3991e-08,-0.1189135
2.3993e-08,-0.1225117
2.3995e-08,-0.12606669999999998
2.3997e-08,-0.12957849999999993
2.39985e-08,-0.13218390000000002
2.4e-08,-0.13476489999999997
2.40002e-08,-0.13510770000000005
2.40006e-08,-0.13579439999999998
2.40014e-08,-0.13717350000000006
2.4003e-08,-0.13993840000000002
2.4005e-08,-0.1433677
2.4007e-08,-0.14671770000000006
2.4009e-08,-0.14994249999999998
2.4011e-08,-0.15300550000000002
2.4013e-08,-0.15587719999999994
2.4015e-08,-0.15853420000000007
2.4017e-08,-0.16095880000000007
2.4019e-08,-0.1631376
2.4021e-08,-0.16506089999999995
2.4023e-08,-0.1667223
2.4025e-08,-0.1681182
2.4027e-08,-0.16924700000000004
2.4029e-08,-0.1701091
2.4031e-08,-0.1707067
2.4033e-08,-0.1710429
2.4035e-08,-0.17112229999999995
2.4037e-08,-0.1709499
2.4039e-08,-0.1705318
2.4041e-08,-0.1698746
2.4043e-08,-0.16898519999999995
2.4045e-08,-0.167871
2.4047e-08,-0.1665396
2.4049e-08,-0.16499870000000005
2.4051e-08,-0.16325619999999996
2.4053e-08,-0.16132009999999997
2.4055e-08,-0.15919840000000007
2.4057e-08,-0.15689890000000006
2.4059e-08,-0.1544297
2.4061e-08,-0.1517984
2.4063e-08,-0.14901299999999995
2.4065e-08,-0.1460808
2.4067e-08,-0.1430093
2.4069e-08,-0.13980599999999999
2.4071e-08,-0.13647779999999998
2.4073e-08,-0.13303199999999993
2.4075e-08,-0.12947489999999995
2.4077e-08,-0.12581350000000002
2.4079e-08,-0.12205429999999995
2.4081e-08,-0.11820339999999996
2.4083e-08,-0.1142668
2.4085e-08,-0.11025050000000003
2.4087e-08,-0.10616019999999993
2.4089e-08,-0.10200160000000003
2.4091e-08,-0.09777979999999997
2.4093e-08,-0.09349999999999992
2.4095e-08,-0.08916740000000001
2.4097e-08,-0.08478649999999999
2.4099e-08,-0.0803623
2.4101e-08,-0.07589900000000005
2.4103e-08,-0.0714011
2.4105e-08,-0.0668726999999999
2.4107e-08,-0.06231780000000009
2.4109e-08,-0.05774020000000002
2.4111e-08,-0.053143699999999905
2.4113e-08,-0.04853160000000001
2.4115e-08,-0.043907599999999936
2.4117e-08,-0.039274800000000054
2.4119e-08,-0.03463629999999995
2.4121e-08,-0.029995299999999947
2.4123e-08,-0.025354300000000052
2.4125e-08,-0.02071630000000002
2.4127e-08,-0.01608389999999993
2.4129e-08,-0.011459600000000014
2.4131e-08,-0.006845499999999949
2.4133e-08,-0.002244299999999977
2.4135e-08,0.002342200000000072
2.4137e-08,0.0069118000000000235
2.4139e-08,0.011462500000000042
2.4141e-08,0.015992499999999965
2.4143e-08,0.02050009999999991
2.4145e-08,0.024983499999999936
2.4147e-08,0.02944139999999995
2.4149e-08,0.03387200000000001
2.4151e-08,0.03827409999999998
2.4153e-08,0.04264639999999997
2.4155e-08,0.04698750000000007
2.4157e-08,0.05129640000000002
2.4159e-08,0.05557190000000001
2.4161e-08,0.059812999999999894
2.4163e-08,0.06401880000000004
2.4165e-08,0.06818829999999998
2.4167e-08,0.07232080000000007
2.4169e-08,0.07641540000000002
2.4171e-08,0.08047150000000003
2.4173e-08,0.08448850000000008
2.4175e-08,0.08846569999999998
2.4177e-08,0.0924026
2.4179e-08,0.09629870000000007
2.4181e-08,0.10015359999999995
2.4183e-08,0.10396680000000003
2.4185e-08,0.107738
2.4187e-08,0.11146689999999992
2.4189e-08,0.11515319999999996
2.4191e-08,0.11879660000000003
2.4193e-08,0.12239699999999998
2.4195e-08,0.1259541999999999
2.4197e-08,0.12946809999999997
2.41985e-08,0.1320751
2.42e-08,0.13466909999999999
2.42002e-08,0.13501530000000006
2.42006e-08,0.1357083
2.42014e-08,0.13709710000000008
2.4203e-08,0.1398699
2.4205e-08,0.14328980000000002
2.4207e-08,0.14661270000000004
2.4209e-08,0.1497965
2.4211e-08,0.15280680000000002
2.4213e-08,0.1556166000000001
2.4215e-08,0.15820489999999998
2.4217e-08,0.1605553999999999
2.4219e-08,0.16265609999999997
2.4221e-08,0.16449860000000005
2.4223e-08,0.16607760000000005
2.4225e-08,0.1673903
2.4227e-08,0.16843589999999997
2.4229e-08,0.16921540000000002
2.4231e-08,0.16973120000000008
2.4233e-08,0.16998710000000006
2.4235e-08,0.16998799999999992
2.4237e-08,0.16973919999999998
2.4239e-08,0.16924700000000004
2.4241e-08,0.16851800000000006
2.4243e-08,0.16755949999999997
2.4245e-08,0.16637899999999994
2.4247e-08,0.16498390000000007
2.4249e-08,0.16338209999999997
2.4251e-08,0.1615816
2.4253e-08,0.15959040000000002
2.4255e-08,0.15741630000000006
2.4257e-08,0.15506739999999997
2.4259e-08,0.15255149999999995
2.4261e-08,0.14987629999999996
2.4263e-08,0.1470496
2.4265e-08,0.1440789
2.4267e-08,0.14097150000000003
2.4269e-08,0.1377347
2.4271e-08,0.1343757
2.4273e-08,0.13090119999999994
2.4275e-08,0.1273181
2.4277e-08,0.12363289999999993
2.4279e-08,0.11985200000000007
2.4281e-08,0.11598149999999996
2.4283e-08,0.1120276
2.4285e-08,0.10799589999999992
2.4287e-08,0.10389230000000005
2.4289e-08,0.09972199999999998
2.4291e-08,0.09549050000000003
2.4293e-08,0.09120269999999997
2.4295e-08,0.08686359999999993
2.4297e-08,0.0824781
2.4299e-08,0.07805079999999998
2.4301e-08,0.07358579999999992
2.4303e-08,0.06908769999999997
2.4305e-08,0.06456040000000007
2.4307e-08,0.060007800000000056
2.4309e-08,0.055433899999999925
2.4311e-08,0.05084220000000006
2.4313e-08,0.04623619999999995
2.4315e-08,0.041619299999999915
2.4317e-08,0.03699459999999999
2.4319e-08,0.03236519999999998
2.4321e-08,0.027734200000000042
2.4323e-08,0.023104299999999967
2.4325e-08,0.018478099999999942
2.4327e-08,0.013858200000000043
2.4329e-08,0.0092471999999999
2.4331e-08,0.004647300000000021
2.4333e-08,6.079999999997199e-05
2.4335e-08,-0.004510300000000078
2.4337e-08,-0.009063800000000066
2.4339e-08,-0.013597999999999999
2.4341e-08,-0.01811090000000004
2.4343e-08,-0.022600899999999924
2.4345e-08,-0.027066400000000046
2.4347e-08,-0.03150580000000003
2.4349e-08,-0.03591750000000005
2.4351e-08,-0.04030049999999996
2.4353e-08,-0.0446531
2.4355e-08,-0.048974399999999974
2.4357e-08,-0.05326310000000001
2.4359e-08,-0.057518200000000075
2.4361e-08,-0.06173859999999998
2.4363e-08,-0.06592350000000002
2.4365e-08,-0.07007200000000002
2.4367e-08,-0.0741832
2.4369e-08,-0.07825649999999995
2.4371e-08,-0.08229109999999995
2.4373e-08,-0.08628649999999993
2.4375e-08,-0.09024209999999999
2.4377e-08,-0.0941571
2.4379e-08,-0.09803139999999999
2.4381e-08,-0.10186440000000008
2.4383e-08,-0.10565570000000002
2.4385e-08,-0.10940510000000003
2.4387e-08,-0.11311199999999999
2.4389e-08,-0.11677650000000006
2.4391e-08,-0.120398
2.4393e-08,-0.12397670000000005
2.4395e-08,-0.12751219999999996
2.4397e-08,-0.13100450000000008
2.43985e-08,-0.13359520000000003
2.44e-08,-0.1361616
2.44002e-08,-0.13650170000000006
2.44006e-08,-0.137181
2.44014e-08,-0.1385345
2.4403e-08,-0.14122060000000003
2.4405e-08,-0.14453929999999993
2.4407e-08,-0.14781469999999997
2.4409e-08,-0.15104669999999998
2.4411e-08,-0.1542353999999999
2.4413e-08,-0.15738090000000005
2.4415e-08,-0.16048340000000005
2.4417e-08,-0.163543
2.4419e-08,-0.16655989999999998
2.4421e-08,-0.16953410000000002
2.4423e-08,-0.17246609999999996
2.4425e-08,-0.1753558999999999
2.4427e-08,-0.17820369999999996
2.4429e-08,-0.18100989999999995
2.4431e-08,-0.1837746
2.4433e-08,-0.1864981
2.4435e-08,-0.18918080000000004
2.4437e-08,-0.19182290000000002
2.4439e-08,-0.1944247
2.4441e-08,-0.19698649999999995
2.4443e-08,-0.19950859999999992
2.4445e-08,-0.20199139999999993
2.4447e-08,-0.20443520000000004
2.4449e-08,-0.20684040000000004
2.4451e-08,-0.20920729999999998
2.4453e-08,-0.2115363
2.4455e-08,-0.21382769999999995
2.4457e-08,-0.21608190000000005
2.4459e-08,-0.21829920000000003
2.4461e-08,-0.22048009999999996
2.4463e-08,-0.22262499999999996
2.4465e-08,-0.22473410000000005
2.4467e-08,-0.226808
2.4469e-08,-0.22884700000000002
2.4471e-08,-0.2308515
2.4473e-08,-0.23282190000000003
2.4475e-08,-0.23475849999999998
2.4477e-08,-0.23666189999999998
2.4479e-08,-0.23853239999999998
2.4481e-08,-0.24037030000000004
2.4483e-08,-0.2421761
2.4485e-08,-0.2439502
2.4487e-08,-0.24569299999999994
2.4489e-08,-0.24740489999999993
2.4491e-08,-0.24908629999999998
2.4493e-08,-0.2507376
2.4495e-08,-0.25235909999999995
2.4497e-08,-0.25395139999999994
2.4499e-08,-0.2555147
2.4501e-08,-0.25704950000000004
2.4503e-08,-0.2585561999999999
2.4505e-08,-0.2600352
2.4507e-08,-0.26148669999999996
2.4509e-08,-0.26291129999999996
2.4511e-08,-0.2643094
2.4513e-08,-0.26568120000000006
2.4515e-08,-0.2670274
2.4517e-08,-0.26834800000000003
2.4519e-08,-0.2696434
2.4521e-08,-0.27091430000000005
2.4523e-08,-0.27216090000000004
2.4525e-08,-0.27338339999999994
2.4527e-08,-0.27458230000000006
2.4529e-08,-0.2757581
2.4531e-08,-0.276911
2.4533e-08,-0.27804129999999994
2.4535e-08,-0.2791494
2.4537e-08,-0.28023580000000003
2.4539e-08,-0.28130069999999996
2.4541e-08,-0.28234439999999994
2.4543e-08,-0.28336719999999993
2.4545e-08,-0.2843696
2.4547e-08,-0.28535200000000005
2.4549e-08,-0.2863145
2.4551e-08,-0.2872574
2.4553e-08,-0.2881813000000001
2.4555e-08,-0.28908619999999996
2.4557e-08,-0.2899726
2.4559e-08,-0.2908407999999999
2.4561e-08,-0.29169100000000003
2.4563e-08,-0.2925236
2.4565e-08,-0.29333889999999996
2.4567e-08,-0.29413709999999993
2.4569e-08,-0.29491860000000003
2.4571e-08,-0.29568360000000005
2.4573e-08,-0.2964325
2.4575e-08,-0.2971654
2.4577e-08,-0.2978828
2.4579e-08,-0.2985848
2.4581e-08,-0.29927170000000003
2.4583e-08,-0.2999438
2.4585e-08,-0.30060130000000007
2.4587e-08,-0.3012445
2.4589e-08,-0.3018737
2.4591e-08,-0.3024892
2.4593e-08,-0.303091
2.4595e-08,-0.30367959999999994
2.4597e-08,-0.3042551
2.45985e-08,-0.3046784
2.46e-08,-0.3050944
2.46002e-08,-0.30514930000000007
2.46006e-08,-0.3052589
2.46014e-08,-0.3054764
2.4603e-08,-0.3059056
2.4605e-08,-0.3064312
2.4607e-08,-0.3069449999999999
2.4609e-08,-0.3074471
2.4611e-08,-0.3079377
2.4613e-08,-0.30841700000000005
2.4615e-08,-0.30888530000000003
2.4617e-08,-0.30934269999999997
2.4619e-08,-0.3097896
2.4621e-08,-0.310226
2.4623e-08,-0.31065220000000004
2.4625e-08,-0.3110684
2.4627e-08,-0.3114747
2.4629e-08,-0.3118714
2.4631e-08,-0.31225860000000005
2.4633e-08,-0.31263659999999993
2.4635e-08,-0.3130054
2.4637e-08,-0.31336529999999996
2.4639e-08,-0.31371650000000006
2.4641e-08,-0.31405910000000004
2.4643e-08,-0.3143933
2.4645e-08,-0.3147192999999999
2.4647e-08,-0.3150372
2.4649e-08,-0.31534720000000005
2.4651e-08,-0.3156493
2.4653e-08,-0.315944
2.4655e-08,-0.31623119999999993
2.4657e-08,-0.316511
2.4659e-08,-0.31678379999999995
2.4661e-08,-0.3170495
2.4663e-08,-0.31730840000000005
2.4665e-08,-0.3175604999999999
2.4667e-08,-0.3178061
2.4669e-08,-0.3180453
2.4671e-08,-0.3182780999999999
2.4673e-08,-0.31850480000000003
2.4675e-08,-0.31872540000000005
2.4677e-08,-0.31894010000000006
2.4679e-08,-0.3191489999999999
2.4681e-08,-0.3193522
2.4683e-08,-0.31954989999999994
2.4685e-08,-0.3197420999999999
2.4687e-08,-0.319929
2.4689e-08,-0.32011069999999997
2.4691e-08,-0.32028730000000005
2.4693e-08,-0.32045900000000005
2.4695e-08,-0.3206257
2.4697e-08,-0.3207877
2.4699e-08,-0.3209449999999999
2.4701e-08,-0.3210978
2.4703e-08,-0.3212461
2.4705e-08,-0.32138999999999995
2.4707e-08,-0.3215296000000001
2.4709e-08,-0.32166510000000004
2.4711e-08,-0.32179649999999993
2.4713e-08,-0.32192389999999993
2.4715e-08,-0.32204749999999993
2.4717e-08,-0.3221672
2.4719e-08,-0.32228310000000004
2.4721e-08,-0.3223954
2.4723e-08,-0.32250429999999997
2.4725e-08,-0.32260960000000005
2.4727e-08,-0.32271149999999993
2.4729e-08,-0.32281000000000004
2.4731e-08,-0.32290530000000006
2.4733e-08,-0.3229976
2.4735e-08,-0.32308669999999995
2.4737e-08,-0.32317280000000004
2.4739e-08,-0.32325589999999993
2.4741e-08,-0.3233361
2.4743e-08,-0.32341359999999997
2.4745e-08,-0.32348830000000006
2.4747e-08,-0.32356019999999996
2.4749e-08,-0.3236297
2.4751e-08,-0.32369649999999994
2.4753e-08,-0.3237609
2.4755e-08,-0.3238228000000001
2.4757e-08,-0.32388249999999996
2.4759e-08,-0.32393969999999994
2.4761e-08,-0.3239947000000001
2.4763e-08,-0.3240476
2.4765e-08,-0.3240982
2.4767e-08,-0.32414680000000007
2.4769e-08,-0.32419339999999996
2.4771e-08,-0.324238
2.4773e-08,-0.3242805999999999
2.4775e-08,-0.3243214
2.4777e-08,-0.32436030000000005
2.4779e-08,-0.32439740000000006
2.4781e-08,-0.32443279999999997
2.4783e-08,-0.3244665
2.4785e-08,-0.3244985
2.4787e-08,-0.3245289
2.4789e-08,-0.3245578
2.4791e-08,-0.3245852
2.4793e-08,-0.324611
2.4795e-08,-0.3246355000000001
2.4797e-08,-0.32465850000000007
2.47985e-08,-0.3246749
2.48e-08,-0.3246905
2.48002e-08,-0.32469250000000005
2.48006e-08,-0.3246966
2.48014e-08,-0.3247044
2.4803e-08,-0.32471950000000005
2.4805e-08,-0.3247373
2.4807e-08,-0.3247538
2.4809e-08,-0.3247692000000001
2.4811e-08,-0.32478340000000006
2.4813e-08,-0.3247966
2.4815e-08,-0.3248086
2.4817e-08,-0.32481950000000004
2.4819e-08,-0.3248295
2.4821e-08,-0.32483839999999997
2.4823e-08,-0.3248464
2.4825e-08,-0.3248533
2.4827e-08,-0.3248595000000001
2.4829e-08,-0.3248647
2.4831e-08,-0.3248692000000001
2.4833e-08,-0.3248727
2.4835e-08,-0.32487540000000004
2.4837e-08,-0.3248774
2.4839e-08,-0.3248786
2.4841e-08,-0.3248791
2.4843e-08,-0.32487889999999997
2.4845e-08,-0.32487790000000005
2.4847e-08,-0.3248763
2.4849e-08,-0.32487410000000005
2.4851e-08,-0.3248713
2.4853e-08,-0.3248679000000001
2.4855e-08,-0.3248637999999999
2.4857e-08,-0.32485929999999996
2.4859e-08,-0.3248542
2.4861e-08,-0.32484860000000004
2.4863e-08,-0.32484250000000003
2.4865e-08,-0.3248358
2.4867e-08,-0.32482869999999997
2.4869e-08,-0.32482120000000003
2.4871e-08,-0.3248131999999999
2.4873e-08,-0.32480489999999995
2.4875e-08,-0.32479610000000003
2.4877e-08,-0.3247869
2.4879e-08,-0.3247774000000001
2.4881e-08,-0.32476739999999993
2.4883e-08,-0.32475719999999997
2.4885e-08,-0.3247466
2.4887e-08,-0.3247357999999999
2.4889e-08,-0.3247245000000001
2.4891e-08,-0.3247131
2.4893e-08,-0.3247013999999999
2.4895e-08,-0.32468929999999996
2.4897e-08,-0.32467709999999994
2.4899e-08,-0.32466459999999997
2.4901e-08,-0.32465180000000005
2.4903e-08,-0.3246388
2.4905e-08,-0.3246257
2.4907e-08,-0.32461229999999996
2.4909e-08,-0.3245987
2.4911e-08,-0.32458509999999996
2.4913e-08,-0.3245711
2.4915e-08,-0.324557
2.4917e-08,-0.3245428
2.4919e-08,-0.3245285
2.4921e-08,-0.32451399999999997
2.4923e-08,-0.3244994
2.4925e-08,-0.32448470000000007
2.4927e-08,-0.3244699000000001
2.4929e-08,-0.32445500000000005
2.4931e-08,-0.32443999999999995
2.4933e-08,-0.3244249
2.4935e-08,-0.3244097
2.4937e-08,-0.32439439999999997
2.4939e-08,-0.32437910000000003
2.4941e-08,-0.3243638
2.4943e-08,-0.32434830000000003
2.4945e-08,-0.3243328999999999
2.4947e-08,-0.3243174
2.4949e-08,-0.3243018
2.4951e-08,-0.3242863
2.4953e-08,-0.32427059999999996
2.4955e-08,-0.32425500000000007
2.4957e-08,-0.32423939999999996
2.4959e-08,-0.32422379999999995
2.4961e-08,-0.3242081
2.4963e-08,-0.32419239999999994
2.4965e-08,-0.32417680000000004
2.4967e-08,-0.3241611999999999
2.4969e-08,-0.32414560000000003
2.4971e-08,-0.32413000000000003
2.4973e-08,-0.3241144
2.4975e-08,-0.32409889999999997
2.4977e-08,-0.3240834
2.4979e-08,-0.32406789999999996
2.4981e-08,-0.3240524
2.4983e-08,-0.32403709999999997
2.4985e-08,-0.3240216
2.4987e-08,-0.3240063000000001
2.4989e-08,-0.3239911
2.4991e-08,-0.32397580000000004
2.4993e-08,-0.32396059999999993
2.4995e-08,-0.3239455
2.4997e-08,-0.32393039999999995
2.49985e-08,-0.32391919999999996
2.5e-08,-0.323908
2.50002e-08,-0.32390640000000004
2.50006e-08,-0.3239034999999999
2.50014e-08,-0.32389750000000006
2.5003e-08,-0.3238856
2.5005e-08,-0.3238708
2.5007e-08,-0.3238561
2.5009e-08,-0.32384139999999995
2.5011e-08,-0.3238268000000001
2.5013e-08,-0.32381229999999994
2.5015e-08,-0.32379789999999997
2.5017e-08,-0.3237835
2.5019e-08,-0.3237692
2.5021e-08,-0.323755
2.5023e-08,-0.32374080000000005
2.5025e-08,-0.3237268000000001
2.5027e-08,-0.32371289999999997
2.5029e-08,-0.3236989
2.5031e-08,-0.32368510000000006
2.5033e-08,-0.3236715
2.5035e-08,-0.32365789999999994
2.5037e-08,-0.3236443
2.5039e-08,-0.32363089999999994
2.5041e-08,-0.32361759999999995
2.5043e-08,-0.32360429999999996
2.5045e-08,-0.3235912000000001
2.5047e-08,-0.32357820000000004
2.5049e-08,-0.3235652
2.5051e-08,-0.3235523
2.5053e-08,-0.3235395000000001
2.5055e-08,-0.3235268
2.5057e-08,-0.3235142999999999
2.5059e-08,-0.3235019
2.5061e-08,-0.32348940000000004
2.5063e-08,-0.3234772
2.5065e-08,-0.32346490000000006
2.5067e-08,-0.3234528000000001
2.5069e-08,-0.32344090000000003
2.5071e-08,-0.3234290000000001
2.5073e-08,-0.32341720000000007
2.5075e-08,-0.3234055
2.5077e-08,-0.3233938999999999
2.5079e-08,-0.32338239999999996
2.5081e-08,-0.32337099999999996
2.5083e-08,-0.3233597
2.5085e-08,-0.32334850000000004
2.5087e-08,-0.3233374
2.5089e-08,-0.3233264
2.5091e-08,-0.3233155
2.5093e-08,-0.3233047
2.5095e-08,-0.3232940000000001
2.5097e-08,-0.3232834
2.5099e-08,-0.3232728
2.5101e-08,-0.3232625
2.5103e-08,-0.32325210000000004
2.5105e-08,-0.32324189999999997
2.5107e-08,-0.32323179999999996
2.5109e-08,-0.3232218
2.5111e-08,-0.3232119
2.5113e-08,-0.32320209999999994
2.5115e-08,-0.3231923
2.5117e-08,-0.3231826
2.5119e-08,-0.3231731
2.5121e-08,-0.3231636
2.5123e-08,-0.3231543
2.5125e-08,-0.323145
2.5127e-08,-0.32313590000000003
2.5129e-08,-0.32312680000000005
2.5131e-08,-0.3231178
2.5133e-08,-0.3231088999999999
2.5135e-08,-0.3231001
2.5137e-08,-0.3230913000000001
2.5139e-08,-0.32308270000000006
2.5141e-08,-0.3230742
2.5143e-08,-0.32306579999999996
2.5145e-08,-0.32305740000000005
2.5147e-08,-0.32304920000000004
2.5149e-08,-0.323041
2.5151e-08,-0.3230328
2.5153e-08,-0.3230248
2.5155e-08,-0.323017
2.5157e-08,-0.32300909999999994
2.5159e-08,-0.32300129999999994
2.5161e-08,-0.32299370000000005
2.5163e-08,-0.32298609999999994
2.5165e-08,-0.3229785999999999
2.5167e-08,-0.3229711999999999
2.5169e-08,-0.32296389999999997
2.5171e-08,-0.3229565999999999
2.5173e-08,-0.32294940000000005
2.5175e-08,-0.3229424000000001
2.5177e-08,-0.32293530000000004
2.5179e-08,-0.3229284
2.5181e-08,-0.32292160000000003
2.5183e-08,-0.32291480000000006
2.5185e-08,-0.32290810000000003
2.5187e-08,-0.3229014
2.5189e-08,-0.32289480000000004
2.5191e-08,-0.32288839999999996
2.5193e-08,-0.322882
2.5195e-08,-0.32287560000000004
2.5197e-08,-0.3228694
2.51985e-08,-0.32286479999999995
2.52e-08,-0.3228601000000001
2.52002e-08,-0.32285949999999997
2.52006e-08,-0.32285829999999993
2.52014e-08,-0.3228558
2.5203e-08,-0.32285110000000006
2.5205e-08,-0.3228451
2.5207e-08,-0.3228392
2.5209e-08,-0.32283339999999994
2.5211e-08,-0.3228276
2.5213e-08,-0.3228219
2.5215e-08,-0.3228162
2.5217e-08,-0.3228107
2.5219e-08,-0.3228052
2.5221e-08,-0.3227998000000001
2.5223e-08,-0.32279440000000004
2.5225e-08,-0.32278910000000005
2.5227e-08,-0.3227839
2.5229e-08,-0.3227787
2.5231e-08,-0.3227736
2.5233e-08,-0.32276859999999996
2.5235e-08,-0.32276359999999993
2.5237e-08,-0.3227586
2.5239e-08,-0.3227538000000001
2.5241e-08,-0.32274900000000006
2.5243e-08,-0.3227441999999999
2.5245e-08,-0.32273949999999996
2.5247e-08,-0.32273490000000005
2.5249e-08,-0.3227303
2.5251e-08,-0.32272580000000006
2.5253e-08,-0.3227213
2.5255e-08,-0.32271700000000003
2.5257e-08,-0.3227126
2.5259e-08,-0.32270830000000006
2.5261e-08,-0.322704
2.5263e-08,-0.32269989999999993
2.5265e-08,-0.3226956999999999
2.5267e-08,-0.32269159999999997
2.5269e-08,-0.32268759999999996
2.5271e-08,-0.32268359999999996
2.5273e-08,-0.3226796999999999
2.5275e-08,-0.32267579999999996
2.5277e-08,-0.3226719
2.5279e-08,-0.3226680999999999
2.5281e-08,-0.32266439999999996
2.5283e-08,-0.3226606999999999
2.5285e-08,-0.32265710000000003
2.5287e-08,-0.3226534
2.5289e-08,-0.32264989999999993
2.5291e-08,-0.3226464
2.5293e-08,-0.322643
2.5295e-08,-0.32263949999999997
2.5297e-08,-0.3226361
2.5299e-08,-0.32263279999999994
2.5301e-08,-0.3226295
2.5303e-08,-0.32262630000000003
2.5305e-08,-0.32262310000000005
2.5307e-08,-0.3226199999999999
2.5309e-08,-0.32261680000000004
2.5311e-08,-0.3226137
2.5313e-08,-0.32261070000000003
2.5315e-08,-0.32260769999999994
2.5317e-08,-0.32260469999999997
2.5319e-08,-0.32260179999999994
2.5321e-08,-0.3225990000000001
2.5323e-08,-0.32259609999999994
2.5325e-08,-0.32259329999999997
2.5327e-08,-0.3225905
2.5329e-08,-0.3225878000000001
2.5331e-08,-0.32258509999999996
2.5333e-08,-0.3225825
2.5335e-08,-0.32257979999999997
2.5337e-08,-0.3225772
2.5339e-08,-0.32257460000000004
2.5341e-08,-0.32257210000000003
2.5343e-08,-0.3225695999999999
2.5345e-08,-0.32256720000000005
2.5347e-08,-0.3225648
2.5349e-08,-0.32256229999999997
2.5351e-08,-0.32255999999999996
2.5353e-08,-0.32255769999999995
2.5355e-08,-0.32255539999999994
2.5357e-08,-0.32255310000000004
2.5359e-08,-0.3225509
2.5361e-08,-0.3225487
2.5363e-08,-0.32254649999999996
2.5365e-08,-0.32254440000000006
2.5367e-08,-0.3225422
2.5369e-08,-0.3225401
2.5371e-08,-0.32253810000000005
2.5373e-08,-0.32253599999999993
2.5375e-08,-0.322534
2.5377e-08,-0.32253200000000004
2.5379e-08,-0.32253009999999993
2.5381e-08,-0.32252820000000004
2.5383e-08,-0.32252629999999993
2.5385e-08,-0.32252439999999993
2.5387e-08,-0.3225226
2.5389e-08,-0.32252080000000005
2.5391e-08,-0.322519
2.5393e-08,-0.32251719999999995
2.5395e-08,-0.32251549999999995
2.5397e-08,-0.3225137
2.53985e-08,-0.32251240000000003
2.54e-08,-0.3225112
2.54002e-08,-0.322511
2.54006e-08,-0.3225106
2.54014e-08,-0.32250999999999996
2.5403e-08,-0.3225087000000001
2.5405e-08,-0.32250710000000005
2.5407e-08,-0.3225055
2.5409e-08,-0.32250389999999995
2.5411e-08,-0.3225022999999999
2.5413e-08,-0.32250080000000003
2.5415e-08,-0.3224992
2.5417e-08,-0.32249779999999995
2.5419e-08,-0.3224962
2.5421e-08,-0.32249479999999997
2.5423e-08,-0.3224933000000001
2.5425e-08,-0.32249189999999994
2.5427e-08,-0.3224905
2.5429e-08,-0.32248920000000003
2.5431e-08,-0.3224878
2.5433e-08,-0.32248639999999995
2.5435e-08,-0.3224852
2.5437e-08,-0.3224838
2.5439e-08,-0.3224824999999999
2.5441e-08,-0.3224813000000001
2.5443e-08,-0.32248010000000005
2.5445e-08,-0.32247879999999995
2.5447e-08,-0.32247760000000003
2.5449e-08,-0.3224764
2.5451e-08,-0.32247519999999996
2.5453e-08,-0.32247400000000004
2.5455e-08,-0.32247289999999995
2.5457e-08,-0.3224718
2.5459e-08,-0.3224707
2.5461e-08,-0.32246949999999996
2.5463e-08,-0.32246850000000005
2.5465e-08,-0.32246739999999996
2.5467e-08,-0.32246640000000004
2.5469e-08,-0.32246529999999995
2.5471e-08,-0.3224642
2.5473e-08,-0.32246319999999995
2.5475e-08,-0.3224623000000001
2.5477e-08,-0.32246129999999995
2.5479e-08,-0.32246030000000003
2.5481e-08,-0.32245939999999995
2.5483e-08,-0.3224585000000001
2.5485e-08,-0.32245749999999995
2.5487e-08,-0.3224566
2.5489e-08,-0.3224557
2.5491e-08,-0.32245480000000004
2.5493e-08,-0.322454
2.5495e-08,-0.32245310000000005
2.5497e-08,-0.32245219999999997
2.5499e-08,-0.32245140000000005
2.5501e-08,-0.32245060000000003
2.5503e-08,-0.3224498
2.5505e-08,-0.322449
2.5507e-08,-0.32244819999999996
2.5509e-08,-0.32244739999999994
2.5511e-08,-0.3224467
2.5513e-08,-0.32244589999999995
2.5515e-08,-0.32244509999999993
2.5517e-08,-0.32244439999999996
2.5519e-08,-0.3224437
2.5521e-08,-0.3224429
2.5523e-08,-0.3224422
2.5525e-08,-0.3224416
2.5527e-08,-0.32244079999999997
2.5529e-08,-0.32244020000000007
2.5531e-08,-0.32243959999999994
2.5533e-08,-0.3224388
2.5535e-08,-0.3224382
2.5537e-08,-0.3224376
2.5539e-08,-0.322437
2.5541e-08,-0.3224363
2.5543e-08,-0.3224357
2.5545e-08,-0.3224351
2.5547e-08,-0.32243450000000007
2.5549e-08,-0.32243389999999994
2.5551e-08,-0.3224334
2.5553e-08,-0.3224329
2.5555e-08,-0.3224323
2.5557e-08,-0.3224317
2.5559e-08,-0.32243120000000003
2.5561e-08,-0.3224306
2.5563e-08,-0.32243009999999994
2.5565e-08,-0.3224296
2.5567e-08,-0.3224291
2.5569e-08,-0.32242860000000007
2.5571e-08,-0.32242820000000005
2.5573e-08,-0.3224275999999999
2.5575e-08,-0.3224272
2.5577e-08,-0.3224266
2.5579e-08,-0.3224262
2.5581e-08,-0.3224258
2.5583e-08,-0.3224253
2.5585e-08,-0.32242480000000007
2.5587e-08,-0.32242440000000006
2.5589e-08,-0.32242400000000004
2.5591e-08,-0.3224235
2.5593e-08,-0.32242309999999996
2.5595e-08,-0.32242269999999995
2.5597e-08,-0.32242229999999994
2.55985e-08,-0.32242189999999993
2.56e-08,-0.3224332
2.56002e-08,-0.3224370999999999
2.56006e-08,-0.3224464
2.56014e-08,-0.322473
2.5603e-08,-0.3225431000000001
2.5605e-08,-0.32262599999999997
2.5607e-08,-0.32265939999999993
2.5609e-08,-0.32260219999999995
2.5611e-08,-0.3224211
2.5613e-08,-0.3220898
2.5615e-08,-0.3215875
2.5617e-08,-0.3208978
2.5619e-08,-0.3200084999999999
2.5621e-08,-0.31891060000000004
2.5623e-08,-0.3175981
2.5625e-08,-0.3160672
2.5627e-08,-0.3143163
2.5629e-08,-0.3123454
2.5631e-08,-0.3101558
2.5633e-08,-0.3077502999999999
2.5635e-08,-0.30513239999999997
2.5637e-08,-0.3023068000000001
2.5639e-08,-0.29927839999999994
2.5641e-08,-0.29605290000000006
2.5643e-08,-0.2926367000000001
2.5645e-08,-0.2890363
2.5647e-08,-0.2852582
2.5649e-08,-0.2813097
2.5651e-08,-0.27719779999999994
2.5653e-08,-0.27292970000000005
2.5655e-08,-0.2685128
2.5657e-08,-0.2639543000000001
2.5659e-08,-0.2592616
2.5661e-08,-0.25444180000000005
2.5663e-08,-0.2495022
2.5665e-08,-0.24444980000000005
2.5667e-08,-0.23929139999999993
2.5669e-08,-0.23403410000000002
2.5671e-08,-0.2286844
2.5673e-08,-0.22324900000000003
2.5675e-08,-0.2177342
2.5677e-08,-0.2121463
2.5679e-08,-0.20649149999999994
2.5681e-08,-0.20077539999999994
2.5683e-08,-0.19500419999999996
2.5685e-08,-0.189183
2.5687e-08,-0.18331750000000002
2.5689e-08,-0.17741289999999998
2.5691e-08,-0.17147409999999996
2.5693e-08,-0.16550619999999994
2.5695e-08,-0.15951380000000004
2.5697e-08,-0.15350149999999996
2.5699e-08,-0.14747359999999998
2.5701e-08,-0.14143439999999996
2.5703e-08,-0.1353877
2.5705e-08,-0.12933780000000006
2.5707e-08,-0.12328810000000001
2.5709e-08,-0.11724239999999997
2.5711e-08,-0.11120389999999991
2.5713e-08,-0.1051761
2.5715e-08,-0.09916200000000008
2.5717e-08,-0.09316460000000004
2.5719e-08,-0.08718670000000006
2.5721e-08,-0.0812311
2.5723e-08,-0.07530049999999999
2.5725e-08,-0.06939709999999999
2.5727e-08,-0.06352340000000001
2.5729e-08,-0.05768149999999994
2.5731e-08,-0.051873599999999964
2.5733e-08,-0.046101599999999965
2.5735e-08,-0.04036739999999994
2.5737e-08,-0.03467280000000006
2.5739e-08,-0.02901940000000003
2.5741e-08,-0.023408800000000007
2.5743e-08,-0.017842400000000036
2.5745e-08,-0.012321699999999991
2.5747e-08,-0.006847700000000012
2.5749e-08,-0.0014218000000000286
2.5751e-08,0.003954800000000036
2.5753e-08,0.0092812000000001
2.5755e-08,0.014556699999999978
2.5757e-08,0.01977999999999991
2.5759e-08,0.024950500000000098
2.5761e-08,0.030067599999999972
2.5763e-08,0.03513060000000001
2.5765e-08,0.04013870000000008
2.5767e-08,0.04509150000000006
2.5769e-08,0.04998860000000005
2.5771e-08,0.054829499999999975
2.5773e-08,0.05961379999999994
2.5775e-08,0.06434139999999999
2.5777e-08,0.06901179999999996
2.5779e-08,0.07362499999999994
2.5781e-08,0.07818069999999999
2.5783e-08,0.0826789
2.5785e-08,0.08711930000000001
2.5787e-08,0.09150200000000008
2.5789e-08,0.0958272
2.5791e-08,0.10009460000000003
2.5793e-08,0.10430450000000002
2.5795e-08,0.10845689999999997
2.5797e-08,0.11255199999999999
2.57985e-08,0.11558579999999996
2.58e-08,0.11858749999999996
2.58002e-08,0.11898500000000001
2.58006e-08,0.11977890000000002
2.58014e-08,0.12135990000000008
2.5803e-08,0.12449469999999996
2.5805e-08,0.12836229999999993
2.5807e-08,0.1321738
2.5809e-08,0.13592939999999998
2.5811e-08,0.13962930000000007
2.5813e-08,0.14327390000000007
2.5815e-08,0.14686359999999998
2.5817e-08,0.1503987
2.5819e-08,0.15387969999999995
2.5821e-08,0.15730679999999997
2.5823e-08,0.16068059999999995
2.5825e-08,0.16400139999999996
2.5827e-08,0.16726970000000008
2.5829e-08,0.17048600000000003
2.5831e-08,0.17365069999999994
2.5833e-08,0.17676420000000004
2.5835e-08,0.17982720000000008
2.5837e-08,0.18284
2.5839e-08,0.1858031
2.5841e-08,0.18871720000000003
2.5843e-08,0.19158259999999994
2.5845e-08,0.19439989999999996
2.5847e-08,0.1971695
2.5849e-08,0.19989219999999996
2.5851e-08,0.20256830000000003
2.5853e-08,0.2051984
2.5855e-08,0.20778300000000005
2.5857e-08,0.21032280000000003
2.5859e-08,0.21281800000000006
2.5861e-08,0.2152695
2.5863e-08,0.21767769999999997
2.5865e-08,0.22004310000000005
2.5867e-08,0.22236619999999996
2.5869e-08,0.22464779999999995
2.5871e-08,0.22688819999999998
2.5873e-08,0.22908799999999996
2.5875e-08,0.23124769999999994
2.5877e-08,0.23336789999999996
2.5879e-08,0.23544920000000003
2.5881e-08,0.23749199999999993
2.5883e-08,0.2394969
2.5885e-08,0.24146440000000002
2.5887e-08,0.24339520000000003
2.5889e-08,0.24528950000000005
2.5891e-08,0.24714809999999998
2.5893e-08,0.24897140000000006
2.5895e-08,0.25076
2.5897e-08,0.2525142
2.5899e-08,0.2542348
2.5901e-08,0.25592209999999993
2.5903e-08,0.25757680000000005
2.5905e-08,0.2591991
2.5907e-08,0.2607897
2.5909e-08,0.2623491
2.5911e-08,0.26387779999999994
2.5913e-08,0.2653761
2.5915e-08,0.2668446
2.5917e-08,0.2682837
2.5919e-08,0.26969409999999994
2.5921e-08,0.2710760000000001
2.5923e-08,0.2724299
2.5925e-08,0.27375649999999996
2.5927e-08,0.2750559
2.5929e-08,0.2763287
2.5931e-08,0.2775754
2.5933e-08,0.2787963000000001
2.5935e-08,0.279992
2.5937e-08,0.2811627
2.5939e-08,0.2823089
2.5941e-08,0.28343109999999994
2.5943e-08,0.28452979999999994
2.5945e-08,0.28560509999999995
2.5947e-08,0.2866577
2.5949e-08,0.28768780000000005
2.5951e-08,0.28869579999999995
2.5953e-08,0.2896822
2.5955e-08,0.2906472
2.5957e-08,0.2915915
2.5959e-08,0.29251499999999997
2.5961e-08,0.2934185
2.5963e-08,0.2943021
2.5965e-08,0.29516619999999993
2.5967e-08,0.29601120000000003
2.5969e-08,0.2968375
2.5971e-08,0.2976453
2.5973e-08,0.298435
2.5975e-08,0.29920690000000005
2.5977e-08,0.29996139999999993
2.5979e-08,0.30069880000000004
2.5981e-08,0.30141929999999995
2.5983e-08,0.3021233
2.5985e-08,0.30281119999999995
2.5987e-08,0.30348319999999995
2.5989e-08,0.30413959999999995
2.5991e-08,0.30478079999999996
2.5993e-08,0.30540690000000004
2.5995e-08,0.3060183000000001
2.5997e-08,0.30661510000000003
2.59985e-08,0.30705360000000004
2.6e-08,0.30748410000000004
2.60002e-08,0.30754080000000006
2.60006e-08,0.30765410000000004
2.60014e-08,0.3078788
2.6003e-08,0.308322
2.6005e-08,0.3088639000000001
2.6007e-08,0.30939269999999996
2.6009e-08,0.3099086
2.6011e-08,0.310412
2.6013e-08,0.3109029
2.6015e-08,0.3113819
2.6017e-08,0.3118489000000001
2.6019e-08,0.3123043000000001
2.6021e-08,0.3127483000000001
2.6023e-08,0.31318120000000005
2.6025e-08,0.3136030000000001
2.6027e-08,0.3140142
2.6029e-08,0.31441489999999994
2.6031e-08,0.3148052
2.6033e-08,0.3151855
2.6035e-08,0.3155559
2.6037e-08,0.3159166
2.6039e-08,0.3162678
2.6041e-08,0.3166097
2.6043e-08,0.3169426000000001
2.6045e-08,0.31726660000000007
2.6047e-08,0.3175818
2.6049e-08,0.3178885
2.6051e-08,0.3181868000000001
2.6053e-08,0.318477
2.6055e-08,0.31875909999999996
2.6057e-08,0.31903349999999997
2.6059e-08,0.31930020000000003
2.6061e-08,0.31955939999999994
2.6063e-08,0.3198111
2.6065e-08,0.32005570000000005
2.6067e-08,0.3202933
2.6069e-08,0.3205241
2.6071e-08,0.3207481
2.6073e-08,0.3209655
2.6075e-08,0.3211765
2.6077e-08,0.3213811999999999
2.6079e-08,0.3215797
2.6081e-08,0.3217723
2.6083e-08,0.32195890000000005
2.6085e-08,0.3221398
2.6087e-08,0.322315
2.6089e-08,0.32248489999999996
2.6091e-08,0.3226492999999999
2.6093e-08,0.3228084
2.6095e-08,0.32296250000000004
2.6097e-08,0.3231115
2.6099e-08,0.3232556
2.6101e-08,0.323395
2.6103e-08,0.3235296999999999
2.6105e-08,0.3236597
2.6107e-08,0.3237854
2.6109e-08,0.32390680000000005
2.6111e-08,0.3240238
2.6113e-08,0.3241368
2.6115e-08,0.32424569999999997
2.6117e-08,0.3243505
2.6119e-08,0.3244517
2.6121e-08,0.32454890000000003
2.6123e-08,0.3246426
2.6125e-08,0.3247327
2.6127e-08,0.3248192999999999
2.6129e-08,0.3249023999999999
2.6131e-08,0.3249822
2.6133e-08,0.3250588000000001
2.6135e-08,0.3251322
2.6137e-08,0.3252026
2.6139e-08,0.32527000000000006
2.6141e-08,0.3253344
2.6143e-08,0.32539589999999996
2.6145e-08,0.3254547
2.6147e-08,0.3255108
2.6149e-08,0.32556419999999997
2.6151e-08,0.32561509999999994
2.6153e-08,0.3256635
2.6155e-08,0.3257093999999999
2.6157e-08,0.32575300000000007
2.6159e-08,0.3257941
2.6161e-08,0.32583320000000005
2.6163e-08,0.32586990000000005
2.6165e-08,0.3259046
2.6167e-08,0.32593720000000004
2.6169e-08,0.32596780000000003
2.6171e-08,0.32599639999999996
2.6173e-08,0.32602320000000007
2.6175e-08,0.326048
2.6177e-08,0.32607110000000006
2.6179e-08,0.32609240000000006
2.6181e-08,0.32611199999999996
2.6183e-08,0.32613000000000003
2.6185e-08,0.32614639999999995
2.6187e-08,0.32616120000000004
2.6189e-08,0.3261744
2.6191e-08,0.3261862
2.6193e-08,0.32619660000000006
2.6195e-08,0.32620570000000004
2.6197e-08,0.32621330000000004
2.61985e-08,0.3262182
2.62e-08,0.3262223999999999
2.62002e-08,0.3262229
2.62006e-08,0.3262239
2.62014e-08,0.32622569999999995
2.6203e-08,0.3262286
2.6205e-08,0.32623140000000006
2.6207e-08,0.32623290000000005
2.6209e-08,0.3262334
2.6211e-08,0.3262328
2.6213e-08,0.32623100000000005
2.6215e-08,0.3262282999999999
2.6217e-08,0.32622470000000003
2.6219e-08,0.32621999999999995
2.6221e-08,0.32621449999999996
2.6223e-08,0.32620819999999995
2.6225e-08,0.3262009
2.6227e-08,0.32619280000000006
2.6229e-08,0.32618400000000003
2.6231e-08,0.32617430000000003
2.6233e-08,0.326164
2.6235e-08,0.3261529000000001
2.6237e-08,0.32614109999999996
2.6239e-08,0.32612870000000005
2.6241e-08,0.3261157
2.6243e-08,0.326102
2.6245e-08,0.3260877
2.6247e-08,0.3260729
2.6249e-08,0.32605759999999995
2.6251e-08,0.3260417
2.6253e-08,0.3260252
2.6255e-08,0.3260084
2.6257e-08,0.3259911
2.6259e-08,0.3259733
2.6261e-08,0.32595509999999994
2.6263e-08,0.32593649999999996
2.6265e-08,0.3259175000000001
2.6267e-08,0.32589809999999997
2.6269e-08,0.32587850000000007
2.6271e-08,0.3258584
2.6273e-08,0.3258381
2.6275e-08,0.3258173999999999
2.6277e-08,0.32579650000000004
2.6279e-08,0.3257753
2.6281e-08,0.32575390000000004
2.6283e-08,0.3257322
2.6285e-08,0.32571019999999995
2.6287e-08,0.32568810000000004
2.6289e-08,0.32566570000000006
2.6291e-08,0.32564329999999997
2.6293e-08,0.3256205
2.6295e-08,0.3255977
2.6297e-08,0.32557460000000005
2.6299e-08,0.32555140000000005
2.6301e-08,0.32552820000000005
2.6303e-08,0.3255047
2.6305e-08,0.3254811999999999
2.6307e-08,0.32545769999999996
2.6309e-08,0.32543389999999994
2.6311e-08,0.32541010000000004
2.6313e-08,0.3253863
2.6315e-08,0.32536240000000005
2.6317e-08,0.3253384
2.6319e-08,0.3253144
2.6321e-08,0.32529030000000003
2.6323e-08,0.3252662999999999
2.6325e-08,0.3252421999999999
2.6327e-08,0.3252179999999999
2.6329e-08,0.325194
2.6331e-08,0.32516979999999995
2.6333e-08,0.3251457
2.6335e-08,0.3251216
2.6337e-08,0.3250976
2.6339e-08,0.3250734999999999
2.6341e-08,0.3250495
2.6343e-08,0.32502549999999997
2.6345e-08,0.3250016
2.6347e-08,0.3249778
2.6349e-08,0.3249538999999999
2.6351e-08,0.3249301
2.6353e-08,0.32490640000000004
2.6355e-08,0.3248828
2.6357e-08,0.3248592
2.6359e-08,0.3248358
2.6361e-08,0.3248124
2.6363e-08,0.324789
2.6365e-08,0.3247658
2.6367e-08,0.32474270000000005
2.6369e-08,0.32471969999999994
2.6371e-08,0.3246968
2.6373e-08,0.32467389999999996
2.6375e-08,0.32465109999999997
2.6377e-08,0.32462860000000004
2.6379e-08,0.3246061
2.6381e-08,0.32458370000000003
2.6383e-08,0.3245614
2.6385e-08,0.3245392
2.6387e-08,0.32451719999999995
2.6389e-08,0.32449530000000004
2.6391e-08,0.32447360000000003
2.6393e-08,0.3244519
2.6395e-08,0.32443029999999995
2.6397e-08,0.3244089
2.63985e-08,0.32439300000000004
2.64e-08,0.3243771
2.64002e-08,0.32437499999999997
2.64006e-08,0.32437079999999996
2.64014e-08,0.3243623
2.6403e-08,0.3243456
2.6405e-08,0.3243248000000001
2.6407e-08,0.32430400000000004
2.6409e-08,0.3242834
2.6411e-08,0.3242630000000001
2.6413e-08,0.3242427
2.6415e-08,0.3242226
2.6417e-08,0.3242026
2.6419e-08,0.3241828
2.6421e-08,0.32416310000000004
2.6423e-08,0.32414350000000003
2.6425e-08,0.3241242
2.6427e-08,0.32410490000000003
2.6429e-08,0.3240858
2.6431e-08,0.32406689999999994
2.6433e-08,0.324048
2.6435e-08,0.32402929999999996
2.6437e-08,0.32401080000000004
2.6439e-08,0.3239925
2.6441e-08,0.32397429999999994
2.6443e-08,0.3239563
2.6445e-08,0.32393839999999996
2.6447e-08,0.32392070000000006
2.6449e-08,0.3239031
2.6451e-08,0.3238856
2.6453e-08,0.32386840000000006
2.6455e-08,0.32385129999999995
2.6457e-08,0.3238343
2.6459e-08,0.3238175
2.6461e-08,0.3238008
2.6463e-08,0.32378419999999997
2.6465e-08,0.3237679
2.6467e-08,0.3237517
2.6469e-08,0.3237356
2.6471e-08,0.32371969999999994
2.6473e-08,0.32370390000000004
2.6475e-08,0.32368830000000004
2.6477e-08,0.3236728
2.6479e-08,0.3236574
2.6481e-08,0.32364230000000005
2.6483e-08,0.32362729999999995
2.6485e-08,0.3236123000000001
2.6487e-08,0.32359759999999993
2.6489e-08,0.32358300000000007
2.6491e-08,0.32356870000000004
2.6493e-08,0.32355429999999996
2.6495e-08,0.32354020000000006
2.6497e-08,0.32352610000000004
2.6499e-08,0.3235122
2.6501e-08,0.3234985
2.6503e-08,0.3234849000000001
2.6505e-08,0.3234714999999999
2.6507e-08,0.32345820000000003
2.6509e-08,0.323445
2.6511e-08,0.32343200000000005
2.6513e-08,0.32341909999999996
2.6515e-08,0.3234062
2.6517e-08,0.3233937
2.6519e-08,0.3233811999999999
2.6521e-08,0.3233687999999999
2.6523e-08,0.32335650000000005
2.6525e-08,0.3233444
2.6527e-08,0.3233325
2.6529e-08,0.3233207
2.6531e-08,0.3233089
2.6533e-08,0.32329739999999996
2.6535e-08,0.3232858999999999
2.6537e-08,0.3232745
2.6539e-08,0.32326330000000003
2.6541e-08,0.32325229999999994
2.6543e-08,0.3232414
2.6545e-08,0.3232305
2.6547e-08,0.32321980000000006
2.6549e-08,0.3232091
2.6551e-08,0.32319869999999995
2.6553e-08,0.3231883
2.6555e-08,0.3231781
2.6557e-08,0.323168
2.6559e-08,0.32315800000000006
2.6561e-08,0.32314809999999994
2.6563e-08,0.3231383
2.6565e-08,0.3231286
2.6567e-08,0.3231191
2.6569e-08,0.3231096
2.6571e-08,0.3231002999999999
2.6573e-08,0.32309109999999996
2.6575e-08,0.32308190000000003
2.6577e-08,0.3230729
2.6579e-08,0.3230641000000001
2.6581e-08,0.3230552
2.6583e-08,0.3230465
2.6585e-08,0.32303800000000005
2.6587e-08,0.3230294
2.6589e-08,0.32302110000000006
2.6591e-08,0.32301270000000004
2.6593e-08,0.3230045
2.6595e-08,0.3229965
2.6597e-08,0.32298840000000006
2.65985e-08,0.32298250000000006
2.66e-08,0.3229767
2.66002e-08,0.3229759
2.66006e-08,0.32297430000000005
2.66014e-08,0.3229712
2.6603e-08,0.3229651
2.6605e-08,0.32295740000000006
2.6607e-08,0.32295000000000007
2.6609e-08,0.3229425
2.6611e-08,0.3229352
2.6613e-08,0.322928
2.6615e-08,0.32292069999999995
2.6617e-08,0.32291369999999997
2.6619e-08,0.3229067
2.6621e-08,0.32289979999999996
2.6623e-08,0.322893
2.6625e-08,0.3228862
2.6627e-08,0.32287960000000004
2.6629e-08,0.32287299999999997
2.6631e-08,0.3228666
2.6633e-08,0.3228601
2.6635e-08,0.3228538000000001
2.6637e-08,0.3228476
2.6639e-08,0.32284140000000006
2.6641e-08,0.3228354
2.6643e-08,0.3228293
2.6645e-08,0.3228234
2.6647e-08,0.3228175
2.6649e-08,0.3228118
2.6651e-08,0.3228061
2.6653e-08,0.3228004000000001
2.6655e-08,0.32279480000000005
2.6657e-08,0.3227894
2.6659e-08,0.3227839
2.6661e-08,0.3227786
2.6663e-08,0.32277329999999993
2.6665e-08,0.3227681
2.6667e-08,0.32276289999999996
2.6669e-08,0.3227578
2.6671e-08,0.32275279999999995
2.6673e-08,0.32274780000000003
2.6675e-08,0.32274290000000005
2.6677e-08,0.3227382
2.6679e-08,0.3227333
2.6681e-08,0.3227287000000001
2.6683e-08,0.322724
2.6685e-08,0.32271949999999994
2.6687e-08,0.322715
2.6689e-08,0.3227104999999999
2.6691e-08,0.32270600000000005
2.6693e-08,0.3227017
2.6695e-08,0.32269749999999997
2.6697e-08,0.3226932
2.6699e-08,0.32268910000000006
2.6701e-08,0.32268490000000005
2.6703e-08,0.32268090000000005
2.6705e-08,0.32267689999999993
2.6707e-08,0.32267290000000004
2.6709e-08,0.322669
2.6711e-08,0.32266510000000004
2.6713e-08,0.3226614
2.6715e-08,0.3226576
2.6717e-08,0.32265390000000005
2.6719e-08,0.3226502
2.6721e-08,0.3226466
2.6723e-08,0.32264310000000007
2.6725e-08,0.3226395999999999
2.6727e-08,0.3226361
2.6729e-08,0.3226327
2.6731e-08,0.3226293
2.6733e-08,0.3226260000000001
2.6735e-08,0.32262270000000004
2.6737e-08,0.32261950000000006
2.6739e-08,0.3226163999999999
2.6741e-08,0.32261320000000004
2.6743e-08,0.3226101
2.6745e-08,0.3226070000000001
2.6747e-08,0.322604
2.6749e-08,0.3226009999999999
2.6751e-08,0.3225981
2.6753e-08,0.32259519999999997
2.6755e-08,0.32259229999999994
2.6757e-08,0.3225895
2.6759e-08,0.3225867
2.6761e-08,0.322584
2.6763e-08,0.3225811999999999
2.6765e-08,0.32257859999999994
2.6767e-08,0.3225759
2.6769e-08,0.3225734
2.6771e-08,0.32257079999999994
2.6773e-08,0.32256830000000003
2.6775e-08,0.3225657999999999
2.6777e-08,0.3225633
2.6779e-08,0.32256090000000004
2.6781e-08,0.32255860000000003
2.6783e-08,0.32255619999999996
2.6785e-08,0.32255390000000006
2.6787e-08,0.3225515
2.6789e-08,0.32254930000000004
2.6791e-08,0.32254700000000003
2.6793e-08,0.3225449
2.6795e-08,0.32254270000000007
2.6797e-08,0.32254059999999996
2.67985e-08,0.322539
2.68e-08,0.3225374
2.68002e-08,0.322538
2.68006e-08,0.32254099999999997
2.68014e-08,0.322558
2.6803e-08,0.32262
2.6805e-08,0.3227114
2.6807e-08,0.32277029999999995
2.6809e-08,0.3227523
2.6811e-08,0.3226217
2.6813e-08,0.3223496
2.6815e-08,0.3219133999999999
2.6817e-08,0.32129509999999994
2.6819e-08,0.32048109999999996
2.6821e-08,0.3194614
2.6823e-08,0.31822890000000004
2.6825e-08,0.3167789999999999
2.6827e-08,0.3151094
2.6829e-08,0.31321960000000004
2.6831e-08,0.3111102
2.6833e-08,0.3087839
2.6835e-08,0.3062435
2.6837e-08,0.3034937000000001
2.6839e-08,0.300539
2.6841e-08,0.2973852
2.6843e-08,0.2940381999999999
2.6845e-08,0.2905044
2.6847e-08,0.28679049999999995
2.6849e-08,0.2829034
2.6851e-08,0.2788503
2.6853e-08,0.27463840000000006
2.6855e-08,0.27027480000000004
2.6857e-08,0.265767
2.6859e-08,0.2611222000000001
2.6861e-08,0.2563478
2.6863e-08,0.2514507
2.6865e-08,0.24643819999999994
2.6867e-08,0.24131730000000007
2.6869e-08,0.2360949
2.6871e-08,0.23077759999999992
2.6873e-08,0.2253721999999999
2.6875e-08,0.219885
2.6877e-08,0.21432249999999997
2.6879e-08,0.2086907
2.6881e-08,0.20299559999999994
2.6883e-08,0.1972430999999999
2.6885e-08,0.19143869999999996
2.6887e-08,0.1855880000000001
2.6889e-08,0.17969610000000003
2.6891e-08,0.1737685
2.6893e-08,0.16780970000000006
2.6895e-08,0.1618248
2.6897e-08,0.1558181999999999
2.6899e-08,0.14979449999999994
2.6901e-08,0.1437579
2.6903e-08,0.13771259999999996
2.6905e-08,0.1316623
2.6907e-08,0.12561120000000003
2.6909e-08,0.11956250000000002
2.6911e-08,0.1135199
2.6913e-08,0.10748670000000005
2.6915e-08,0.1014661
2.6917e-08,0.09546110000000008
2.6919e-08,0.08947470000000002
2.6921e-08,0.08350960000000007
2.6923e-08,0.07756830000000003
2.6925e-08,0.07165359999999998
2.6927e-08,0.06576749999999998
2.6929e-08,0.059912600000000094
2.6931e-08,0.05409090000000005
2.6933e-08,0.048304400000000025
2.6935e-08,0.04255509999999996
2.6937e-08,0.036844600000000005
2.6939e-08,0.031174800000000058
2.6941e-08,0.025547199999999992
2.6943e-08,0.019963300000000017
2.6945e-08,0.01442460000000001
2.6947e-08,0.008932199999999946
2.6949e-08,0.0034874999999999767
2.6951e-08,-0.0019084999999999797
2.6953e-08,-0.0072546
2.6955e-08,-0.012549900000000003
2.6957e-08,-0.01779340000000007
2.6959e-08,-0.022984499999999963
2.6961e-08,-0.028122300000000044
2.6963e-08,-0.033206199999999964
2.6965e-08,-0.038235600000000036
2.6967e-08,-0.043209799999999965
2.6969e-08,-0.04812839999999996
2.6971e-08,-0.05299100000000001
2.6973e-08,-0.057797100000000046
2.6975e-08,-0.06254660000000001
2.6977e-08,-0.06723900000000005
2.6979e-08,-0.07187409999999994
2.6981e-08,-0.07645199999999996
2.6983e-08,-0.08097220000000005
2.6985e-08,-0.08543469999999997
2.6987e-08,-0.08983960000000002
2.6989e-08,-0.09418690000000007
2.6991e-08,-0.09847630000000007
2.6993e-08,-0.10270829999999997
2.6995e-08,-0.10688260000000005
2.6997e-08,-0.11099970000000003
2.69985e-08,-0.11404979999999998
2.7e-08,-0.11707940000000006
2.70002e-08,-0.11748289999999995
2.70006e-08,-0.11829060000000002
2.70014e-08,-0.11990689999999993
2.7003e-08,-0.12312840000000003
2.7005e-08,-0.12709740000000003
2.7007e-08,-0.13095659999999998
2.7009e-08,-0.1346636
2.7011e-08,-0.1381848
2.7013e-08,-0.14149319999999999
2.7015e-08,-0.1445677999999999
2.7017e-08,-0.14739289999999994
2.7019e-08,-0.1499568
2.7021e-08,-0.15225110000000008
2.7023e-08,-0.15427080000000004
2.7025e-08,-0.15601339999999997
2.7027e-08,-0.15747840000000002
2.7029e-08,-0.15866709999999995
2.7031e-08,-0.15958210000000006
2.7033e-08,-0.16022740000000002
2.7035e-08,-0.16060799999999997
2.7037e-08,-0.16072969999999998
2.7039e-08,-0.1605989
2.7041e-08,-0.16022249999999993
2.7043e-08,-0.15960779999999997
2.7045e-08,-0.15876240000000008
2.7047e-08,-0.1576944
2.7049e-08,-0.15641139999999998
2.7051e-08,-0.15492190000000006
2.7053e-08,-0.1532338000000001
2.7055e-08,-0.15135529999999997
2.7057e-08,-0.1492945
2.7059e-08,-0.14705919999999995
2.7061e-08,-0.1446577
2.7063e-08,-0.14209760000000005
2.7065e-08,-0.13938659999999992
2.7067e-08,-0.1365322
2.7069e-08,-0.13354179999999993
2.7071e-08,-0.1304227
2.7073e-08,-0.12718189999999996
2.7075e-08,-0.1238262
2.7077e-08,-0.12036230000000003
2.7079e-08,-0.11679660000000003
2.7081e-08,-0.1131356
2.7083e-08,-0.10938530000000002
2.7085e-08,-0.10555180000000008
2.7087e-08,-0.10164059999999997
2.7089e-08,-0.0976574
2.7091e-08,-0.09360769999999996
2.7093e-08,-0.08949660000000004
2.7095e-08,-0.08532910000000005
2.7097e-08,-0.08111010000000007
2.7099e-08,-0.07684420000000003
2.7101e-08,-0.07253609999999999
2.7103e-08,-0.06818999999999997
2.7105e-08,-0.06381020000000004
2.7107e-08,-0.05940069999999997
2.7109e-08,-0.054965299999999995
2.7111e-08,-0.05050779999999999
2.7113e-08,-0.04603170000000001
2.7115e-08,-0.041540699999999986
2.7117e-08,-0.03703770000000006
2.7119e-08,-0.03252630000000001
2.7121e-08,-0.02800910000000001
2.7123e-08,-0.023489299999999935
2.7125e-08,-0.01896960000000003
2.7127e-08,-0.014452600000000038
2.7129e-08,-0.009940800000000083
2.7131e-08,-0.005436699999999961
2.7133e-08,-0.0009426000000000156
2.7135e-08,0.0035393999999999703
2.7137e-08,0.008006999999999986
2.7139e-08,0.012458499999999928
2.7141e-08,0.016891699999999954
2.7143e-08,0.021305099999999966
2.7145e-08,0.025696799999999964
2.7147e-08,0.03006529999999996
2.7149e-08,0.03440900000000002
2.7151e-08,0.038726600000000055
2.7153e-08,0.04301660000000007
2.7155e-08,0.04727760000000003
2.7157e-08,0.05150880000000002
2.7159e-08,0.0557086
2.7161e-08,0.05987629999999999
2.7163e-08,0.06401069999999998
2.7165e-08,0.06811099999999992
2.7167e-08,0.07217629999999997
2.7169e-08,0.07620569999999993
2.7171e-08,0.08019860000000001
2.7173e-08,0.08415419999999996
2.7175e-08,0.08807199999999993
2.7177e-08,0.09195120000000001
2.7179e-08,0.09579150000000003
2.7181e-08,0.09959240000000003
2.7183e-08,0.10335319999999992
2.7185e-08,0.1070738
2.7187e-08,0.11075380000000001
2.7189e-08,0.11439279999999996
2.7191e-08,0.11799060000000006
2.7193e-08,0.12154680000000007
2.7195e-08,0.1250614
2.7197e-08,0.1285343
2.71985e-08,0.1311114
2.72e-08,0.13366479999999992
2.72002e-08,0.13400330000000005
2.72006e-08,0.13467929999999995
2.72014e-08,0.1360264
2.7203e-08,0.1387005
2.7205e-08,0.14200499999999994
2.7207e-08,0.14526739999999994
2.7209e-08,0.1484877
2.7211e-08,0.15166579999999996
2.7213e-08,0.154802
2.7215e-08,0.15789600000000004
2.7217e-08,0.1609484
2.7219e-08,0.16395890000000002
2.7221e-08,0.16692790000000002
2.7223e-08,0.1698554
2.7225e-08,0.1727417
2.7227e-08,0.17558700000000005
2.7229e-08,0.17839130000000003
2.7231e-08,0.18115519999999996
2.7233e-08,0.1838786
2.7235e-08,0.186562
2.7237e-08,0.18920540000000008
2.7239e-08,0.19180940000000002
2.7241e-08,0.19437399999999994
2.7243e-08,0.19689960000000006
2.7245e-08,0.1993864999999999
2.7247e-08,0.20183509999999993
2.7249e-08,0.20424560000000003
2.7251e-08,0.20661839999999998
2.7253e-08,0.20895379999999997
2.7255e-08,0.21125209999999994
2.7257e-08,0.21351389999999992
2.7259e-08,0.21573929999999997
2.7261e-08,0.21792860000000003
2.7263e-08,0.2200824
2.7265e-08,0.22220090000000003
2.7267e-08,0.2242845
2.7269e-08,0.22633370000000008
2.7271e-08,0.2283487999999999
2.7273e-08,0.23033000000000003
2.7275e-08,0.23227799999999998
2.7277e-08,0.23419290000000004
2.7279e-08,0.2360753
2.7281e-08,0.2379254999999999
2.7283e-08,0.23974380000000006
2.7285e-08,0.2415307
2.7287e-08,0.24328660000000002
2.7289e-08,0.2450118
2.7291e-08,0.24670670000000006
2.7293e-08,0.24837179999999992
2.7295e-08,0.2500074000000001
2.7297e-08,0.2516138
2.7299e-08,0.25319159999999996
2.7301e-08,0.25474090000000005
2.7303e-08,0.25626229999999994
2.7305e-08,0.2577562
2.7307e-08,0.25922290000000003
2.7309e-08,0.2606626999999999
2.7311e-08,0.26207610000000003
2.7313e-08,0.2634634
2.7315e-08,0.2648250999999999
2.7317e-08,0.26616130000000005
2.7319e-08,0.26747259999999995
2.7321e-08,0.2687594
2.7323e-08,0.27002190000000004
2.7325e-08,0.2712605
2.7327e-08,0.27247560000000004
2.7329e-08,0.2736674
2.7331e-08,0.27483650000000004
2.7333e-08,0.2759832
2.7335e-08,0.2771076
2.7337e-08,0.2782102999999999
2.7339e-08,0.2792916
2.7341e-08,0.2803517000000001
2.7343e-08,0.2813909
2.7345e-08,0.2824099
2.7347e-08,0.2834086
2.7349e-08,0.2843875
2.7351e-08,0.28534689999999996
2.7353e-08,0.28628719999999996
2.7355e-08,0.28720860000000004
2.7357e-08,0.2881114
2.7359e-08,0.2889959999999999
2.7361e-08,0.28986259999999997
2.7363e-08,0.2907115
2.7365e-08,0.2915432
2.7367e-08,0.29235770000000005
2.7369e-08,0.29315540000000007
2.7371e-08,0.2939366
2.7373e-08,0.29470169999999996
2.7375e-08,0.2954508
2.7377e-08,0.2961842
2.7379e-08,0.2969022
2.7381e-08,0.297605
2.7383e-08,0.29829300000000003
2.7385e-08,0.29896639999999997
2.7387e-08,0.2996255
2.7389e-08,0.3002703
2.7391e-08,0.3009014
2.7393e-08,0.30151890000000003
2.7395e-08,0.3021229000000001
2.7397e-08,0.3027139
2.73985e-08,0.3031486
2.74e-08,0.30357619999999996
2.74002e-08,0.3036327
2.74006e-08,0.30374519999999994
2.74014e-08,0.30396880000000004
2.7403e-08,0.30441019999999996
2.7405e-08,0.30495099999999997
2.7407e-08,0.30547979999999997
2.7409e-08,0.30599679999999996
2.7411e-08,0.30650220000000006
2.7413e-08,0.30699639999999995
2.7415e-08,0.30747939999999996
2.7417e-08,0.3079514
2.7419e-08,0.30841279999999993
2.7421e-08,0.3088636
2.7423e-08,0.30930409999999997
2.7425e-08,0.3097346000000001
2.7427e-08,0.31015499999999996
2.7429e-08,0.3105658
2.7431e-08,0.31096690000000005
2.7433e-08,0.31135880000000005
2.7435e-08,0.31174139999999995
2.7437e-08,0.3121149999999999
2.7439e-08,0.3124797
2.7441e-08,0.3128358
2.7443e-08,0.31318330000000005
2.7445e-08,0.3135226
2.7447e-08,0.31385360000000007
2.7449e-08,0.31417660000000003
2.7451e-08,0.3144918
2.7453e-08,0.31479919999999995
2.7455e-08,0.3150992
2.7457e-08,0.3153918
2.7459e-08,0.31567709999999993
2.7461e-08,0.3159552
2.7463e-08,0.31622649999999997
2.7465e-08,0.3164909
2.7467e-08,0.31674859999999994
2.7469e-08,0.31699979999999994
2.7471e-08,0.3172446000000001
2.7473e-08,0.3174831
2.7475e-08,0.3177154
2.7477e-08,0.31794179999999994
2.7479e-08,0.31816219999999995
2.7481e-08,0.31837689999999996
2.7483e-08,0.3185859
2.7485e-08,0.31878929999999994
2.7487e-08,0.31898740000000003
2.7489e-08,0.31918
2.7491e-08,0.3193676
2.7493e-08,0.31955009999999995
2.7495e-08,0.31972750000000005
2.7497e-08,0.3199000999999999
2.7499e-08,0.320068
2.7501e-08,0.3202311
2.7503e-08,0.32038980000000006
2.7505e-08,0.3205439
2.7507e-08,0.32069369999999997
2.7509e-08,0.3208392000000001
2.7511e-08,0.3209805
2.7513e-08,0.32111769999999995
2.7515e-08,0.32125100000000006
2.7517e-08,0.3213804
2.7519e-08,0.3215059
2.7521e-08,0.3216276
2.7523e-08,0.32174579999999997
2.7525e-08,0.3218603
2.7527e-08,0.3219714
2.7529e-08,0.32207909999999995
2.7531e-08,0.3221834
2.7533e-08,0.3222845000000001
2.7535e-08,0.32238239999999996
2.7537e-08,0.32247709999999996
2.7539e-08,0.32256890000000005
2.7541e-08,0.3226576
2.7543e-08,0.32274350000000007
2.7545e-08,0.3228265
2.7547e-08,0.32290680000000005
2.7549e-08,0.32298440000000006
2.7551e-08,0.32305930000000005
2.7553e-08,0.32313179999999997
2.7555e-08,0.32320150000000003
2.7557e-08,0.32326900000000003
2.7559e-08,0.323334
2.7561e-08,0.3233965999999999
2.7563e-08,0.32345709999999994
2.7565e-08,0.3235151999999999
2.7567e-08,0.32357119999999995
2.7569e-08,0.32362500000000005
2.7571e-08,0.32367689999999993
2.7573e-08,0.32372670000000003
2.7575e-08,0.3237746
2.7577e-08,0.3238204
2.7579e-08,0.3238645
2.7581e-08,0.3239067
2.7583e-08,0.32394730000000005
2.7585e-08,0.323986
2.7587e-08,0.32402299999999995
2.7589e-08,0.32405839999999997
2.7591e-08,0.3240923
2.7593e-08,0.3241244999999999
2.7595e-08,0.32415530000000004
2.7597e-08,0.3241845
2.75985e-08,0.3242054999999999
2.76e-08,0.32422570000000006
2.76002e-08,0.32422839999999997
2.76006e-08,0.32423349999999995
2.76014e-08,0.3242438999999999
2.7603e-08,0.32426390000000005
2.7605e-08,0.3242876
2.7607e-08,0.32431
2.7609e-08,0.32433120000000004
2.7611e-08,0.32435120000000006
2.7613e-08,0.32437000000000005
2.7615e-08,0.3243876
2.7617e-08,0.324404
2.7619e-08,0.3244195000000001
2.7621e-08,0.32443390000000005
2.7623e-08,0.32444719999999994
2.7625e-08,0.3244595
2.7627e-08,0.32447080000000006
2.7629e-08,0.3244812
2.7631e-08,0.32449079999999997
2.7633e-08,0.3244994
2.7635e-08,0.324507
2.7637e-08,0.3245139
2.7639e-08,0.3245201
2.7641e-08,0.3245253
2.7643e-08,0.3245298
2.7645e-08,0.3245336
2.7647e-08,0.32453659999999995
2.7649e-08,0.324539
2.7651e-08,0.3245406999999999
2.7653e-08,0.32454169999999993
2.7655e-08,0.3245422
2.7657e-08,0.32454190000000005
2.7659e-08,0.3245410999999999
2.7661e-08,0.3245397
2.7663e-08,0.3245378
2.7665e-08,0.3245352
2.7667e-08,0.3245323
2.7669e-08,0.32452879999999995
2.7671e-08,0.32452479999999995
2.7673e-08,0.32452040000000004
2.7675e-08,0.3245154
2.7677e-08,0.3245101
2.7679e-08,0.3245043000000001
2.7681e-08,0.3244980999999999
2.7683e-08,0.3244916
2.7685e-08,0.32448469999999996
2.7687e-08,0.3244774
2.7689e-08,0.3244697000000001
2.7691e-08,0.3244618
2.7693e-08,0.32445350000000006
2.7695e-08,0.3244448
2.7697e-08,0.3244359
2.7699e-08,0.3244268
2.7701e-08,0.32441739999999997
2.7703e-08,0.3244076
2.7705e-08,0.3243977
2.7707e-08,0.32438749999999994
2.7709e-08,0.3243771000000001
2.7711e-08,0.3243663
2.7713e-08,0.3243555
2.7715e-08,0.32434450000000004
2.7717e-08,0.3243332
2.7719e-08,0.3243218
2.7721e-08,0.3243102
2.7723e-08,0.32429850000000005
2.7725e-08,0.3242864999999999
2.7727e-08,0.3242745
2.7729e-08,0.3242623
2.7731e-08,0.32425000000000004
2.7733e-08,0.3242375999999999
2.7735e-08,0.324225
2.7737e-08,0.32421239999999996
2.7739e-08,0.32419960000000003
2.7741e-08,0.32418669999999994
2.7743e-08,0.32417379999999996
2.7745e-08,0.3241608
2.7747e-08,0.3241476999999999
2.7749e-08,0.32413459999999994
2.7751e-08,0.3241214
2.7753e-08,0.3241081
2.7755e-08,0.3240948
2.7757e-08,0.3240814000000001
2.7759e-08,0.3240679999999999
2.7761e-08,0.32405459999999997
2.7763e-08,0.3240411000000001
2.7765e-08,0.32402759999999997
2.7767e-08,0.3240141999999999
2.7769e-08,0.3240006000000001
2.7771e-08,0.3239871
2.7773e-08,0.3239735
2.7775e-08,0.32396
2.7777e-08,0.32394639999999997
2.7779e-08,0.3239329000000001
2.7781e-08,0.3239194000000001
2.7783e-08,0.3239058
2.7785e-08,0.3238924000000001
2.7787e-08,0.32387889999999997
2.7789e-08,0.32386550000000003
2.7791e-08,0.32385200000000003
2.7793e-08,0.3238386
2.7795e-08,0.32382520000000004
2.7797e-08,0.32381190000000004
2.77985e-08,0.3238019
2.78e-08,0.32379199999999997
2.78002e-08,0.32379060000000004
2.78006e-08,0.32378799999999996
2.78014e-08,0.3237827
2.7803e-08,0.3237721
2.7805e-08,0.323759
2.7807e-08,0.3237458
2.7809e-08,0.3237327000000001
2.7811e-08,0.32371970000000005
2.7813e-08,0.3237067
2.7815e-08,0.3236937999999999
2.7817e-08,0.323681
2.7819e-08,0.3236682000000001
2.7821e-08,0.3236553999999999
2.7823e-08,0.32364269999999995
2.7825e-08,0.32363
2.7827e-08,0.32361759999999995
2.7829e-08,0.32360500000000003
2.7831e-08,0.3235926
2.7833e-08,0.3235802
2.7835e-08,0.3235680000000001
2.7837e-08,0.3235557
2.7839e-08,0.3235437
2.7841e-08,0.32353160000000003
2.7843e-08,0.3235196
2.7845e-08,0.32350770000000006
2.7847e-08,0.32349590000000006
2.7849e-08,0.323484
2.7851e-08,0.3234724
2.7853e-08,0.32346070000000005
2.7855e-08,0.3234492
2.7857e-08,0.3234378
2.7859e-08,0.32342649999999995
2.7861e-08,0.3234152
2.7863e-08,0.32340389999999997
2.7865e-08,0.3233927999999999
2.7867e-08,0.32338179999999994
2.7869e-08,0.32337079999999996
2.7871e-08,0.32336
2.7873e-08,0.3233492
2.7875e-08,0.3233385
2.7877e-08,0.32332800000000006
2.7879e-08,0.3233174
2.7881e-08,0.32330689999999995
2.7883e-08,0.32329659999999993
2.7885e-08,0.3232863
2.7887e-08,0.32327609999999996
2.7889e-08,0.32326600000000005
2.7891e-08,0.323256
2.7893e-08,0.3232461
2.7895e-08,0.3232362
2.7897e-08,0.3232265000000001
2.7899e-08,0.32321679999999997
2.7901e-08,0.3232073
2.7903e-08,0.32319770000000003
2.7905e-08,0.32318839999999993
2.7907e-08,0.323179
2.7909e-08,0.32316979999999995
2.7911e-08,0.3231606
2.7913e-08,0.32315150000000004
2.7915e-08,0.3231425
2.7917e-08,0.3231336
2.7919e-08,0.3231248000000001
2.7921e-08,0.3231161
2.7923e-08,0.32310739999999993
2.7925e-08,0.3230988
2.7927e-08,0.3230904
2.7929e-08,0.323082
2.7931e-08,0.32307359999999996
2.7933e-08,0.32306539999999995
2.7935e-08,0.32305720000000004
2.7937e-08,0.32304920000000004
2.7939e-08,0.32304120000000003
2.7941e-08,0.3230333000000001
2.7943e-08,0.3230255000000001
2.7945e-08,0.3230177000000001
2.7947e-08,0.32301
2.7949e-08,0.3230024
2.7951e-08,0.3229949
2.7953e-08,0.3229873999999999
2.7955e-08,0.3229801
2.7957e-08,0.3229729
2.7959e-08,0.3229656000000001
2.7961e-08,0.3229584
2.7963e-08,0.3229514
2.7965e-08,0.32294449999999997
2.7967e-08,0.3229375
2.7969e-08,0.3229307
2.7971e-08,0.322924
2.7973e-08,0.3229173000000001
2.7975e-08,0.3229107
2.7977e-08,0.3229040999999999
2.7979e-08,0.3228976
2.7981e-08,0.3228913
2.7983e-08,0.32288490000000003
2.7985e-08,0.32287869999999996
2.7987e-08,0.3228725
2.7989e-08,0.3228664
2.7991e-08,0.3228603000000001
2.7993e-08,0.32285430000000004
2.7995e-08,0.32284840000000004
2.7997e-08,0.3228426
2.79985e-08,0.32283819999999996
2.8e-08,0.32284540000000006
2.80002e-08,0.32284880000000005
2.80006e-08,0.3228571
2.80014e-08,0.3228816
2.8003e-08,0.3229474
2.8005e-08,0.3230252
2.8007e-08,0.3230535
2.8009e-08,0.3229911
2.8011e-08,0.3228052
2.8013e-08,0.32246909999999995
2.8015e-08,0.3219619
2.8017e-08,0.32126749999999993
2.8019e-08,0.3203735
2.8021e-08,0.3192712000000001
2.8023e-08,0.31795419999999996
2.8025e-08,0.316419
2.8027e-08,0.31466379999999994
2.8029e-08,0.3126886
2.8031e-08,0.3104949
2.8033e-08,0.3080853
2.8035e-08,0.30546339999999994
2.8037e-08,0.30263379999999995
2.8039e-08,0.29960149999999997
2.8041e-08,0.2963722
2.8043e-08,0.2929522
2.8045e-08,0.28934800000000005
2.8047e-08,0.2855662
2.8049e-08,0.28161400000000003
2.8051e-08,0.2774985
2.8053e-08,0.2732268
2.8055e-08,0.2688063999999999
2.8057e-08,0.26424439999999993
2.8059e-08,0.2595482
2.8061e-08,0.25472490000000003
2.8063e-08,0.2497819
2.8065e-08,0.24472590000000005
2.8067e-08,0.2395642
2.8069e-08,0.23430359999999995
2.8071e-08,0.2289506
2.8073e-08,0.22351189999999999
2.8075e-08,0.21799380000000002
2.8077e-08,0.21240269999999994
2.8079e-08,0.20674459999999995
2.8081e-08,0.20102540000000002
2.8083e-08,0.1952509
2.8085e-08,0.1894266
2.8087e-08,0.183558
2.8089e-08,0.17765030000000004
2.8091e-08,0.17170849999999993
2.8093e-08,0.16573749999999998
2.8095e-08,0.1597421
2.8097e-08,0.1537267
2.8099e-08,0.14769580000000004
2.8101e-08,0.14165359999999994
2.8103e-08,0.1356041
2.8105e-08,0.12955130000000004
2.8107e-08,0.12349879999999991
2.8109e-08,0.1174501
2.8111e-08,0.11140879999999997
2.8113e-08,0.10537819999999998
2.8115e-08,0.0993613000000001
2.8117e-08,0.09336110000000009
2.8119e-08,0.08738060000000003
2.8121e-08,0.08142229999999995
2.8123e-08,0.07548889999999997
2.8125e-08,0.0695829
2.8127e-08,0.0637065
2.8129e-08,0.057862199999999975
2.8131e-08,0.052051599999999976
2.8133e-08,0.04627720000000002
2.8135e-08,0.04054040000000003
2.8137e-08,0.03484339999999997
2.8139e-08,0.029187499999999922
2.8141e-08,0.023574399999999995
2.8143e-08,0.018005700000000013
2.8145e-08,0.01248260000000001
2.8147e-08,0.007006300000000021
2.8149e-08,0.001578199999999974
2.8151e-08,-0.0038007999999999376
2.8153e-08,-0.009129500000000013
2.8155e-08,-0.014407100000000006
2.8157e-08,-0.019632699999999947
2.8159e-08,-0.024805499999999925
2.8161e-08,-0.029924700000000026
2.8163e-08,-0.0349896999999999
2.8165e-08,-0.03999989999999998
2.8167e-08,-0.04495480000000007
2.8169e-08,-0.04985390000000001
2.8171e-08,-0.05469679999999999
2.8173e-08,-0.05948319999999996
2.8175e-08,-0.06421270000000001
2.8177e-08,-0.06888510000000003
2.8179e-08,-0.07350009999999996
2.8181e-08,-0.07805760000000006
2.8183e-08,-0.08255760000000001
2.8185e-08,-0.08699990000000002
2.8187e-08,-0.09138460000000004
2.8189e-08,-0.0957114
2.8191e-08,-0.09998060000000009
2.8193e-08,-0.10419210000000001
2.8195e-08,-0.1083463
2.8197e-08,-0.11244299999999996
2.81985e-08,-0.11547810000000003
2.82e-08,-0.11848100000000006
2.82002e-08,-0.1188787
2.82006e-08,-0.11967289999999997
2.82014e-08,-0.12125449999999993
2.8203e-08,-0.12439060000000002
2.8205e-08,-0.12825989999999998
2.8207e-08,-0.13207289999999994
2.8209e-08,-0.13583
2.8211e-08,-0.13953139999999997
2.8213e-08,-0.14317749999999996
2.8215e-08,-0.14676869999999997
2.8217e-08,-0.15030529999999998
2.8219e-08,-0.1537875999999999
2.8221e-08,-0.15721609999999997
2.8223e-08,-0.16059139999999994
2.8225e-08,-0.16391349999999993
2.8227e-08,-0.1671832000000001
2.8229e-08,-0.17040080000000002
2.8231e-08,-0.17356680000000002
2.8233e-08,-0.1766816
2.8235e-08,-0.17974590000000001
2.8237e-08,-0.18275979999999992
2.8239e-08,-0.18572429999999995
2.8241e-08,-0.18863949999999996
2.8243e-08,-0.1915061
2.8245e-08,-0.1943245
2.8247e-08,-0.19709540000000003
2.8249e-08,-0.19981919999999997
2.8251e-08,-0.20249629999999996
2.8253e-08,-0.20512759999999997
2.8255e-08,-0.2077133
2.8257e-08,-0.21025399999999994
2.8259e-08,-0.2127504
2.8261e-08,-0.21520289999999997
2.8263e-08,-0.21761209999999997
2.8265e-08,-0.21997849999999997
2.8267e-08,-0.22230269999999996
2.8269e-08,-0.22458520000000004
2.8271e-08,-0.22682639999999998
2.8273e-08,-0.2290272
2.8275e-08,-0.2311879
2.8277e-08,-0.233309
2.8279e-08,-0.2353911999999999
2.8281e-08,-0.23743480000000006
2.8283e-08,-0.2394406
2.8285e-08,-0.24140910000000004
2.8287e-08,-0.24334060000000002
2.8289e-08,-0.2452358
2.8291e-08,-0.24709519999999996
2.8293e-08,-0.24891930000000007
2.8295e-08,-0.25070860000000006
2.8297e-08,-0.25246370000000007
2.8299e-08,-0.25418509999999994
2.8301e-08,-0.2558731000000001
2.8303e-08,-0.25752849999999994
2.8305e-08,-0.2591515999999999
2.8307e-08,-0.2607429
2.8309e-08,-0.26230299999999995
2.8311e-08,-0.2638323
2.8313e-08,-0.2653314
2.8315e-08,-0.26680060000000005
2.8317e-08,-0.26824040000000005
2.8319e-08,-0.2696514
2.8321e-08,-0.271034
2.8323e-08,-0.2723886
2.8325e-08,-0.2737157
2.8327e-08,-0.27501580000000003
2.8329e-08,-0.2762892
2.8331e-08,-0.2775364
2.8333e-08,-0.2787579
2.8335e-08,-0.27995420000000004
2.8337e-08,-0.28112550000000003
2.8339e-08,-0.28227230000000003
2.8341e-08,-0.2833950999999999
2.8343e-08,-0.2844943
2.8345e-08,-0.28557010000000005
2.8347e-08,-0.2866232000000001
2.8349e-08,-0.28765379999999996
2.8351e-08,-0.2886624
2.8353e-08,-0.2896493
2.8355e-08,-0.29061480000000006
2.8357e-08,-0.2915595000000001
2.8359e-08,-0.29248359999999995
2.8361e-08,-0.2933875
2.8363e-08,-0.2942714999999999
2.8365e-08,-0.29513619999999996
2.8367e-08,-0.2959816999999999
2.8369e-08,-0.2968082999999999
2.8371e-08,-0.2976166
2.8373e-08,-0.2984067
2.8375e-08,-0.2991790999999999
2.8377e-08,-0.29993400000000003
2.8379e-08,-0.30067179999999993
2.8381e-08,-0.30139270000000007
2.8383e-08,-0.30209720000000007
2.8385e-08,-0.3027854
2.8387e-08,-0.3034578
2.8389e-08,-0.3041146
2.8391e-08,-0.3047561000000001
2.8393e-08,-0.30538260000000006
2.8395e-08,-0.30599429999999994
2.8397e-08,-0.30659159999999996
2.83985e-08,-0.3070303
2.84e-08,-0.3074726
2.84002e-08,-0.30753319999999995
2.84006e-08,-0.30765599999999993
2.84014e-08,-0.3079077
2.8403e-08,-0.30842139999999996
2.8405e-08,-0.3090469
2.8407e-08,-0.3096097
2.8409e-08,-0.3100689
2.8411e-08,-0.31039169999999994
2.8413e-08,-0.31055200000000005
2.8415e-08,-0.31052899999999994
2.8417e-08,-0.310307
2.8419e-08,-0.3098738
2.8421e-08,-0.3092209
2.8423e-08,-0.30834229999999996
2.8425e-08,-0.30723480000000003
2.8427e-08,-0.3058967
2.8429e-08,-0.30432859999999995
2.8431e-08,-0.3025318
2.8433e-08,-0.30050940000000004
2.8435e-08,-0.29826530000000007
2.8437e-08,-0.29580400000000007
2.8439e-08,-0.29313089999999997
2.8441e-08,-0.2902521
2.8443e-08,-0.28717360000000003
2.8445e-08,-0.28390249999999995
2.8447e-08,-0.2804455
2.8449e-08,-0.2768098
2.8451e-08,-0.27300269999999993
2.8453e-08,-0.2690315999999999
2.8455e-08,-0.26490389999999997
2.8457e-08,-0.2606271
2.8459e-08,-0.2562086
2.8461e-08,-0.2516558
2.8463e-08,-0.24697589999999991
2.8465e-08,-0.2421761
2.8467e-08,-0.23726350000000007
2.8469e-08,-0.23224509999999998
2.8471e-08,-0.2271276000000001
2.8473e-08,-0.2219179
2.8475e-08,-0.2166222
2.8477e-08,-0.21124720000000008
2.8479e-08,-0.2057989
2.8481e-08,-0.2002832
2.8483e-08,-0.1947063
2.8485e-08,-0.18907359999999995
2.8487e-08,-0.18339079999999996
2.8489e-08,-0.1776631999999999
2.8491e-08,-0.17189579999999993
2.8493e-08,-0.16609360000000006
2.8495e-08,-0.16026170000000006
2.8497e-08,-0.15440450000000006
2.8499e-08,-0.14852660000000006
2.8501e-08,-0.1426322
2.8503e-08,-0.13672550000000006
2.8505e-08,-0.1308106
2.8507e-08,-0.12489119999999998
2.8509e-08,-0.11897100000000005
2.8511e-08,-0.11305359999999998
2.8513e-08,-0.10714219999999997
2.8515e-08,-0.10124030000000006
2.8517e-08,-0.09535070000000001
2.8519e-08,-0.08947650000000007
2.8521e-08,-0.08362049999999999
2.8523e-08,-0.07778529999999995
2.8525e-08,-0.07197370000000003
2.8527e-08,-0.06618769999999996
2.8529e-08,-0.060430000000000095
2.8531e-08,-0.054702599999999935
2.8533e-08,-0.04900749999999998
2.8535e-08,-0.043346899999999966
2.8537e-08,-0.037722400000000045
2.8539e-08,-0.032135899999999995
2.8541e-08,-0.026588899999999915
2.8543e-08,-0.02108310000000002
2.8545e-08,-0.015619799999999961
2.8547e-08,-0.010200499999999946
2.8549e-08,-0.0048264000000000085
2.8551e-08,0.0005013999999999852
2.8553e-08,0.005781600000000053
2.8555e-08,0.011013399999999951
2.8557e-08,0.016195799999999982
2.8559e-08,0.021327800000000008
2.8561e-08,0.0264087999999999
2.8563e-08,0.03143790000000002
2.8565e-08,0.036414500000000016
2.8567e-08,0.041338100000000044
2.8569e-08,0.046208099999999974
2.8571e-08,0.05102390000000001
2.8573e-08,0.05578530000000004
2.8575e-08,0.06049170000000004
2.8577e-08,0.06514299999999995
2.8579e-08,0.06973870000000004
2.8581e-08,0.07427890000000004
2.8583e-08,0.07876309999999997
2.8585e-08,0.08319140000000003
2.8587e-08,0.08756360000000007
2.8589e-08,0.09187959999999995
2.8591e-08,0.09613950000000004
2.8593e-08,0.10034329999999991
2.8595e-08,0.104491
2.8597e-08,0.10858270000000003
2.85985e-08,0.11161489999999996
2.86e-08,0.11461569999999999
2.86002e-08,0.11501319999999993
2.86006e-08,0.11580690000000005
2.86014e-08,0.11738780000000004
2.8603e-08,0.1205231
2.8605e-08,0.12439239999999996
2.8607e-08,0.1282067
2.8609e-08,0.13196610000000009
2.8611e-08,0.13567099999999999
2.8613e-08,0.13932140000000004
2.8615e-08,0.14291809999999994
2.8617e-08,0.14646099999999995
2.8619e-08,0.1499507
2.8621e-08,0.1533874999999999
2.8623e-08,0.15677170000000007
2.8625e-08,0.16010380000000002
2.8627e-08,0.16338410000000003
2.8629e-08,0.16661309999999996
2.8631e-08,0.16979129999999998
2.8633e-08,0.17291899999999993
2.8635e-08,0.1759967
2.8637e-08,0.17902490000000004
2.8639e-08,0.1820041
2.8641e-08,0.1849347
2.8643e-08,0.18781720000000002
2.8645e-08,0.19065220000000005
2.8647e-08,0.1934399
2.8649e-08,0.19618120000000006
2.8651e-08,0.19887639999999995
2.8653e-08,0.20152589999999992
2.8655e-08,0.2041305
2.8657e-08,0.2066905
2.8659e-08,0.20920640000000001
2.8661e-08,0.2116789
2.8663e-08,0.21410839999999998
2.8665e-08,0.21649550000000006
2.8667e-08,0.2188405
2.8669e-08,0.22114429999999996
2.8671e-08,0.22340709999999997
2.8673e-08,0.22562969999999993
2.8675e-08,0.22781229999999997
2.8677e-08,0.22995569999999999
2.8679e-08,0.2320603
2.8681e-08,0.23412659999999996
2.8683e-08,0.23615529999999996
2.8685e-08,0.23814670000000004
2.8687e-08,0.24010140000000002
2.8689e-08,0.24201989999999995
2.8691e-08,0.24390279999999998
2.8693e-08,0.24575049999999998
2.8695e-08,0.24756350000000005
2.8697e-08,0.24934250000000002
2.8699e-08,0.25108759999999997
2.8701e-08,0.25279969999999996
2.8703e-08,0.25447910000000007
2.8705e-08,0.25612630000000003
2.8707e-08,0.25774189999999997
2.8709e-08,0.2593261
2.8711e-08,0.26087969999999994
2.8713e-08,0.26240299999999994
2.8715e-08,0.2638963999999999
2.8717e-08,0.26536059999999995
2.8719e-08,0.2667959000000001
2.8721e-08,0.2682027
2.8723e-08,0.2695816
2.8725e-08,0.270933
2.8727e-08,0.2722572999999999
2.8729e-08,0.273555
2.8731e-08,0.2748265000000001
2.8733e-08,0.27607209999999993
2.8735e-08,0.27729249999999994
2.8737e-08,0.27848779999999995
2.8739e-08,0.27965870000000004
2.8741e-08,0.2808054
2.8743e-08,0.28192839999999997
2.8745e-08,0.2830281
2.8747e-08,0.2841049
2.8749e-08,0.2851591
2.8751e-08,0.28619130000000004
2.8753e-08,0.28720160000000006
2.8755e-08,0.2881906000000001
2.8757e-08,0.2891585
2.8759e-08,0.29010579999999997
2.8761e-08,0.2910328000000001
2.8763e-08,0.29193979999999997
2.8765e-08,0.29282739999999996
2.8767e-08,0.29369559999999995
2.8769e-08,0.29454499999999995
2.8771e-08,0.2953757
2.8773e-08,0.29618829999999996
2.8775e-08,0.29698290000000005
2.8777e-08,0.29776009999999997
2.8779e-08,0.29852
2.8781e-08,0.29926280000000005
2.8783e-08,0.2999891
2.8785e-08,0.3006991
2.8787e-08,0.301393
2.8789e-08,0.3020712000000001
2.8791e-08,0.30273399999999995
2.8793e-08,0.3033815999999999
2.8795e-08,0.30401429999999996
2.8797e-08,0.3046325000000001
2.87985e-08,0.30508669999999993
2.88e-08,0.3055329
2.88002e-08,0.30559179999999997
2.88006e-08,0.3057092
2.88014e-08,0.30594239999999995
2.8803e-08,0.3064021
2.8805e-08,0.3069647
2.8807e-08,0.3075139
2.8809e-08,0.3080503
2.8811e-08,0.3085738
2.8813e-08,0.3090849000000001
2.8815e-08,0.3095837
2.8817e-08,0.3100705
2.8819e-08,0.31054539999999997
2.8821e-08,0.3110088
2.8823e-08,0.31146089999999993
2.8825e-08,0.311902
2.8827e-08,0.3123321
2.8829e-08,0.3127516
2.8831e-08,0.3131606
2.8833e-08,0.31355939999999993
2.8835e-08,0.31394809999999995
2.8837e-08,0.3143271000000001
2.8839e-08,0.3146964
2.8841e-08,0.31505610000000006
2.8843e-08,0.31540669999999993
2.8845e-08,0.3157483
2.8847e-08,0.31608100000000006
2.8849e-08,0.31640500000000005
2.8851e-08,0.3167204
2.8853e-08,0.3170275
2.8855e-08,0.3173266
2.8857e-08,0.3176175
2.8859e-08,0.31790070000000004
2.8861e-08,0.3181762
2.8863e-08,0.3184443
2.8865e-08,0.318705
2.8867e-08,0.3189584999999999
2.8869e-08,0.3192049
2.8871e-08,0.31944459999999997
2.8873e-08,0.31967749999999995
2.8875e-08,0.31990380000000007
2.8877e-08,0.32012360000000006
2.8879e-08,0.32033729999999994
2.8881e-08,0.32054459999999996
2.8883e-08,0.3207460000000001
2.8885e-08,0.3209415000000001
2.8887e-08,0.32113119999999995
2.8889e-08,0.32131529999999997
2.8891e-08,0.32149380000000005
2.8893e-08,0.3216671
2.8895e-08,0.3218350000000001
2.8897e-08,0.32199770000000005
2.8899e-08,0.3221554
2.8901e-08,0.3223083
2.8903e-08,0.32245630000000003
2.8905e-08,0.3225996
2.8907e-08,0.32273830000000003
2.8909e-08,0.3228724999999999
2.8911e-08,0.3230024
2.8913e-08,0.32312799999999997
2.8915e-08,0.3232494
2.8917e-08,0.32336659999999995
2.8919e-08,0.32348
2.8921e-08,0.3235894
2.8923e-08,0.32369499999999995
2.8925e-08,0.32379690000000005
2.8927e-08,0.3238953
2.8929e-08,0.32399
2.8931e-08,0.3240813
2.8933e-08,0.32416919999999994
2.8935e-08,0.32425399999999993
2.8937e-08,0.32433540000000005
2.8939e-08,0.3244136999999999
2.8941e-08,0.3244889999999999
2.8943e-08,0.32456130000000005
2.8945e-08,0.32463069999999994
2.8947e-08,0.3246973000000001
2.8949e-08,0.3247611
2.8951e-08,0.32482219999999995
2.8953e-08,0.3248808000000001
2.8955e-08,0.3249368
2.8957e-08,0.3249901999999999
2.8959e-08,0.3250413
2.8961e-08,0.32509
2.8963e-08,0.3251364
2.8965e-08,0.3251805
2.8967e-08,0.32522249999999997
2.8969e-08,0.32526239999999995
2.8971e-08,0.3253001
2.8973e-08,0.32533600000000007
2.8975e-08,0.3253697
2.8977e-08,0.3254017
2.8979e-08,0.3254317
2.8981e-08,0.3254599
2.8983e-08,0.3254865
2.8985e-08,0.32551130000000006
2.8987e-08,0.3255344
2.8989e-08,0.32555599999999996
2.8991e-08,0.32557590000000003
2.8993e-08,0.32559440000000006
2.8995e-08,0.32561130000000005
2.8997e-08,0.32562689999999994
2.89985e-08,0.3256376000000001
2.9e-08,0.3256475
2.90002e-08,0.3256487
2.90006e-08,0.3256513000000001
2.90014e-08,0.3256561
2.9003e-08,0.3256652000000001
2.9005e-08,0.32567540000000006
2.9007e-08,0.32568430000000004
2.9009e-08,0.325692
2.9011e-08,0.3256987
2.9013e-08,0.32570409999999994
2.9015e-08,0.3257084
2.9017e-08,0.3257118000000001
2.9019e-08,0.32571400000000006
2.9021e-08,0.32571530000000004
2.9023e-08,0.3257156
2.9025e-08,0.325715
2.9027e-08,0.32571339999999993
2.9029e-08,0.3257110999999999
2.9031e-08,0.32570790000000005
2.9033e-08,0.3257038
2.9035e-08,0.3256989
2.9037e-08,0.32569329999999996
2.9039e-08,0.3256869
2.9041e-08,0.3256799
2.9043e-08,0.32567219999999997
2.9045e-08,0.3256637
2.9047e-08,0.32565469999999996
2.9049e-08,0.3256449
2.9051e-08,0.32563470000000005
2.9053e-08,0.32562389999999997
2.9055e-08,0.3256125000000001
2.9057e-08,0.3256006
2.9059e-08,0.3255882
2.9061e-08,0.3255753
2.9063e-08,0.3255618
2.9065e-08,0.3255481
2.9067e-08,0.3255338
2.9069e-08,0.32551909999999995
2.9071e-08,0.3255039999999999
2.9073e-08,0.3254886
2.9075e-08,0.32547269999999995
2.9077e-08,0.32545650000000004
2.9079e-08,0.3254401
2.9081e-08,0.3254233000000001
2.9083e-08,0.32540610000000003
2.9085e-08,0.3253887
2.9087e-08,0.32537099999999997
2.9089e-08,0.32535309999999995
2.9091e-08,0.3253349
2.9093e-08,0.3253165
2.9095e-08,0.3252978999999999
2.9097e-08,0.325279
2.9099e-08,0.32526
2.9101e-08,0.3252408
2.9103e-08,0.3252214
2.9105e-08,0.32520189999999993
2.9107e-08,0.32518210000000003
2.9109e-08,0.3251623
2.9111e-08,0.32514240000000005
2.9113e-08,0.3251221999999999
2.9115e-08,0.325102
2.9117e-08,0.32508170000000003
2.9119e-08,0.3250613
2.9121e-08,0.3250409000000001
2.9123e-08,0.32502029999999993
2.9125e-08,0.32499959999999994
2.9127e-08,0.32497889999999996
2.9129e-08,0.3249582000000001
2.9131e-08,0.32493740000000004
2.9133e-08,0.3249166
2.9135e-08,0.3248957
2.9137e-08,0.32487489999999997
2.9139e-08,0.324854
2.9141e-08,0.3248331000000001
2.9143e-08,0.3248122
2.9145e-08,0.32479140000000006
2.9147e-08,0.3247704
2.9149e-08,0.32474959999999997
2.9151e-08,0.32472880000000004
2.9153e-08,0.3247078
2.9155e-08,0.3246871
2.9157e-08,0.32466629999999996
2.9159e-08,0.3246456
2.9161e-08,0.3246249
2.9163e-08,0.32460429999999996
2.9165e-08,0.32458370000000003
2.9167e-08,0.32456320000000005
2.9169e-08,0.3245428
2.9171e-08,0.32452229999999993
2.9173e-08,0.32450200000000007
2.9175e-08,0.3244817
2.9177e-08,0.3244615999999999
2.9179e-08,0.3244414
2.9181e-08,0.3244214999999999
2.9183e-08,0.3244014999999999
2.9185e-08,0.32438160000000005
2.9187e-08,0.3243619
2.9189e-08,0.3243421999999999
2.9191e-08,0.3243227000000001
2.9193e-08,0.32430310000000007
2.9195e-08,0.3242838
2.9197e-08,0.32426449999999996
2.91985e-08,0.32425019999999993
2.92e-08,0.3242473
2.92002e-08,0.32424929999999996
2.92006e-08,0.3242549
2.92014e-08,0.3242740999999999
2.9203e-08,0.3243294
2.9205e-08,0.32439379999999995
2.9207e-08,0.32440900000000006
2.9209e-08,0.32433369999999995
2.9211e-08,0.32413499999999995
2.9213e-08,0.3237862
2.9215e-08,0.3232664999999999
2.9217e-08,0.32255979999999995
2.9219e-08,0.32165369999999993
2.9221e-08,0.3205393000000001
2.9223e-08,0.31921049999999995
2.9225e-08,0.3176637
2.9227e-08,0.315897
2.9229e-08,0.3139105000000001
2.9231e-08,0.31170549999999997
2.9233e-08,0.3092847999999999
2.9235e-08,0.30665200000000004
2.9237e-08,0.30381139999999995
2.9239e-08,0.30076839999999994
2.9241e-08,0.2975283999999999
2.9243e-08,0.2940978000000001
2.9245e-08,0.29048300000000005
2.9247e-08,0.2866908
2.9249e-08,0.28272810000000004
2.9251e-08,0.2786022
2.9253e-08,0.2743202
2.9255e-08,0.2698895
2.9257e-08,0.26531720000000003
2.9259e-08,0.26061080000000003
2.9261e-08,0.25577739999999993
2.9263e-08,0.25082420000000005
2.9265e-08,0.2457581000000001
2.9267e-08,0.24058629999999992
2.9269e-08,0.2353155
2.9271e-08,0.22995239999999995
2.9273e-08,0.22450360000000003
2.9275e-08,0.2189755
2.9277e-08,0.21337450000000002
2.9279e-08,0.2077062999999999
2.9281e-08,0.20197700000000007
2.9283e-08,0.19619260000000005
2.9285e-08,0.19035829999999998
2.9287e-08,0.18447979999999997
2.9289e-08,0.17856210000000006
2.9291e-08,0.17261039999999994
2.9293e-08,0.16662960000000004
2.9295e-08,0.16062429999999994
2.9297e-08,0.15459920000000005
2.9299e-08,0.14855850000000004
2.9301e-08,0.14250659999999993
2.9303e-08,0.1364474
2.9305e-08,0.13038479999999997
2.9307e-08,0.1243226999999999
2.9309e-08,0.1182645
2.9311e-08,0.11221369999999997
2.9313e-08,0.10617360000000009
2.9315e-08,0.10014729999999994
2.9317e-08,0.09413769999999999
2.9319e-08,0.08814790000000006
2.9321e-08,0.08218029999999998
2.9323e-08,0.07623769999999996
2.9325e-08,0.07032260000000001
2.9327e-08,0.06443709999999991
2.9329e-08,0.05858359999999996
2.9331e-08,0.05276419999999993
2.9333e-08,0.046980699999999986
2.9335e-08,0.041235199999999916
2.9337e-08,0.035529299999999986
2.9339e-08,0.029864799999999914
2.9341e-08,0.02424320000000002
2.9343e-08,0.018665799999999955
2.9345e-08,0.013134299999999932
2.9347e-08,0.007649500000000087
2.9349e-08,0.002213099999999968
2.9351e-08,-0.0031741000000000685
2.9353e-08,-0.008511000000000046
2.9355e-08,-0.013796699999999995
2.9357e-08,-0.019030400000000003
2.9359e-08,-0.024210999999999983
2.9361e-08,-0.029338100000000034
2.9363e-08,-0.034410799999999964
2.9365e-08,-0.03942880000000004
2.9367e-08,-0.04439129999999991
2.9369e-08,-0.049298000000000064
2.9371e-08,-0.054148400000000096
2.9373e-08,-0.058942199999999945
2.9375e-08,-0.06367889999999998
2.9377e-08,-0.0683585000000001
2.9379e-08,-0.07298070000000001
2.9381e-08,-0.07754530000000004
2.9383e-08,-0.08205219999999991
2.9385e-08,-0.08650140000000006
2.9387e-08,-0.0908928000000001
2.9389e-08,-0.09522649999999999
2.9391e-08,-0.09950239999999999
2.9393e-08,-0.1037205
2.9395e-08,-0.10788120000000001
2.9397e-08,-0.11198430000000004
2.93985e-08,-0.11502409999999996
2.94e-08,-0.11804320000000001
2.94002e-08,-0.11844550000000009
2.94006e-08,-0.11925029999999992
2.94014e-08,-0.12086109999999994
2.9403e-08,-0.12407160000000006
2.9405e-08,-0.12802670000000005
2.9407e-08,-0.131872
2.9409e-08,-0.1355653
2.9411e-08,-0.13907269999999994
2.9413e-08,-0.14236739999999992
2.9415e-08,-0.14542860000000002
2.9417e-08,-0.14824009999999999
2.9419e-08,-0.1507904
2.9421e-08,-0.15307150000000003
2.9423e-08,-0.15507800000000005
2.9425e-08,-0.1568075
2.9427e-08,-0.1582595
2.9429e-08,-0.15943510000000005
2.9431e-08,-0.16033739999999996
2.9433e-08,-0.16097000000000006
2.9435e-08,-0.16133809999999993
2.9437e-08,-0.16144729999999996
2.9439e-08,-0.161304
2.9441e-08,-0.16091539999999993
2.9443e-08,-0.16028849999999994
2.9445e-08,-0.15943110000000005
2.9447e-08,-0.15835110000000008
2.9449e-08,-0.15705639999999998
2.9451e-08,-0.1555552
2.9453e-08,-0.15385550000000003
2.9455e-08,-0.1519655000000001
2.9457e-08,-0.1498933
2.9459e-08,-0.14764679999999997
2.9461e-08,-0.14523419999999998
2.9463e-08,-0.14266299999999998
2.9465e-08,-0.13994110000000004
2.9467e-08,-0.1370760000000001
2.9469e-08,-0.13407499999999994
2.9471e-08,-0.13094530000000004
2.9473e-08,-0.12769390000000003
2.9475e-08,-0.12432789999999994
2.9477e-08,-0.1208537999999999
2.9479e-08,-0.11727810000000005
2.9481e-08,-0.11360720000000002
2.9483e-08,-0.10984699999999992
2.9485e-08,-0.10600370000000003
2.9487e-08,-0.10208300000000003
2.9489e-08,-0.09809029999999996
2.9491e-08,-0.09403119999999998
2.9493e-08,-0.08991079999999996
2.9495e-08,-0.08573419999999998
2.9497e-08,-0.08150619999999997
2.9499e-08,-0.07723150000000001
2.9501e-08,-0.0729147
2.9503e-08,-0.06855999999999995
2.9505e-08,-0.06417169999999994
2.9507e-08,-0.05975370000000002
2.9509e-08,-0.05530999999999997
2.9511e-08,-0.05084449999999996
2.9513e-08,-0.04636050000000003
2.9515e-08,-0.04186139999999994
2.9517e-08,-0.03735069999999996
2.9519e-08,-0.03283159999999996
2.9521e-08,-0.028307000000000082
2.9523e-08,-0.023779800000000018
2.9525e-08,-0.01925280000000007
2.9527e-08,-0.014728500000000033
2.9529e-08,-0.010209799999999936
2.9531e-08,-0.005698800000000004
2.9533e-08,-0.0011978000000000266
2.9535e-08,0.003290800000000038
2.9537e-08,0.007765099999999969
2.9539e-08,0.012222999999999984
2.9541e-08,0.016662599999999972
2.9543e-08,0.02108219999999994
2.9545e-08,0.025480100000000006
2.9547e-08,0.029854599999999953
2.9549e-08,0.034204299999999965
2.9551e-08,0.03852750000000005
2.9553e-08,0.0428231
2.9555e-08,0.04708990000000002
2.9557e-08,0.051326399999999994
2.9559e-08,0.05553169999999996
2.9561e-08,0.0597046
2.9563e-08,0.06384420000000002
2.9565e-08,0.0679495
2.9567e-08,0.07201969999999991
2.9569e-08,0.07605399999999995
2.9571e-08,0.0800516
2.9573e-08,0.08401189999999992
2.9575e-08,0.08793420000000007
2.9577e-08,0.09181799999999996
2.9579e-08,0.09566259999999993
2.9581e-08,0.0994678
2.9583e-08,0.10323280000000001
2.9585e-08,0.10695750000000004
2.9587e-08,0.11064149999999995
2.9589e-08,0.11428439999999995
2.9591e-08,0.11788599999999994
2.9593e-08,0.1214461
2.9595e-08,0.12496439999999998
2.9597e-08,0.12844080000000002
2.95985e-08,0.13102060000000004
2.96e-08,0.13357659999999993
2.96002e-08,0.13391609999999998
2.96006e-08,0.1345963
2.96014e-08,0.13596259999999993
2.9603e-08,0.1387026
2.9605e-08,0.1421015
2.9607e-08,0.14542239999999995
2.9609e-08,0.14861940000000007
2.9611e-08,0.15165549999999994
2.9613e-08,0.15450129999999995
2.9615e-08,0.15713349999999993
2.9617e-08,0.15953419999999996
2.9619e-08,0.16168989999999994
2.9621e-08,0.1635911
2.9623e-08,0.1652311999999999
2.9625e-08,0.16660660000000005
2.9627e-08,0.16771579999999997
2.9629e-08,0.1685589999999999
2.9631e-08,0.16913849999999997
2.9633e-08,0.16945739999999998
2.9635e-08,0.16952009999999995
2.9637e-08,0.16933189999999998
2.9639e-08,0.1688986
2.9641e-08,0.16822700000000002
2.9643e-08,0.16732390000000008
2.9645e-08,0.16619679999999992
2.9647e-08,0.16485300000000003
2.9649e-08,0.16330060000000002
2.9651e-08,0.1615472
2.9653e-08,0.15960090000000005
2.9655e-08,0.15746950000000004
2.9657e-08,0.1551612
2.9659e-08,0.15268369999999998
2.9661e-08,0.15004499999999998
2.9663e-08,0.1472525
2.9665e-08,0.14431400000000005
2.9667e-08,0.1412369
2.9669e-08,0.1380285
2.9671e-08,0.13469580000000003
2.9673e-08,0.13124599999999997
2.9675e-08,0.1276856999999999
2.9677e-08,0.1240215
2.9679e-08,0.12026009999999998
2.9681e-08,0.1164075
2.9683e-08,0.11246979999999995
2.9685e-08,0.10845289999999996
2.9687e-08,0.10436259999999997
2.9689e-08,0.10020430000000002
2.9691e-08,0.09598340000000005
2.9693e-08,0.09170500000000004
2.9695e-08,0.08737419999999996
2.9697e-08,0.0829957
2.9699e-08,0.07857419999999993
2.9701e-08,0.07411409999999996
2.9703e-08,0.06961980000000001
2.9705e-08,0.06509540000000003
2.9707e-08,0.060544799999999954
2.9709e-08,0.05597200000000002
2.9711e-08,0.05138049999999994
2.9713e-08,0.046773899999999924
2.9715e-08,0.04215570000000002
2.9717e-08,0.03752909999999998
2.9719e-08,0.032896999999999954
2.9721e-08,0.028262599999999916
2.9723e-08,0.023628800000000005
2.9725e-08,0.018998199999999965
2.9727e-08,0.01437339999999998
2.9729e-08,0.009756899999999957
2.9731e-08,0.005151000000000017
2.9733e-08,0.0005580000000000584
2.9735e-08,-0.004019800000000018
2.9737e-08,-0.008580499999999991
2.9739e-08,-0.013122300000000031
2.9741e-08,-0.017643100000000023
2.9743e-08,-0.022141199999999972
2.9745e-08,-0.02661519999999995
2.9747e-08,-0.031063199999999958
2.9749e-08,-0.03548390000000001
2.9751e-08,-0.03987600000000002
2.9753e-08,-0.044238
2.9755e-08,-0.04856880000000008
2.9757e-08,-0.0528672
2.9759e-08,-0.05713200000000007
2.9761e-08,-0.06136239999999993
2.9763e-08,-0.06555739999999999
2.9765e-08,-0.069716
2.9767e-08,-0.0738375
2.9769e-08,-0.07792100000000002
2.9771e-08,-0.08196599999999998
2.9773e-08,-0.08597180000000004
2.9775e-08,-0.08993770000000001
2.9777e-08,-0.0938633000000001
2.9779e-08,-0.0977479
2.9781e-08,-0.10159130000000005
2.9783e-08,-0.10539299999999996
2.9785e-08,-0.10915269999999999
2.9787e-08,-0.11287000000000003
2.9789e-08,-0.11654469999999995
2.9791e-08,-0.12017659999999997
2.9793e-08,-0.12376540000000003
2.9795e-08,-0.12731099999999995
2.9797e-08,-0.13081330000000002
2.97985e-08,-0.1334114999999999
2.98e-08,-0.1359853000000001
2.98002e-08,-0.13632719999999998
2.98006e-08,-0.13701190000000008
2.98014e-08,-0.13838719999999993
2.9803e-08,-0.1411445
2.9805e-08,-0.14456409999999997
2.9807e-08,-0.14790439999999994
2.9809e-08,-0.15111970000000008
2.9811e-08,-0.1541732
2.9813e-08,-0.1570353
2.9815e-08,-0.1596828
2.9817e-08,-0.16209800000000008
2.9819e-08,-0.1642675
2.9821e-08,-0.16618140000000003
2.9823e-08,-0.16783369999999997
2.9825e-08,-0.16922039999999994
2.9827e-08,-0.17034019999999994
2.9829e-08,-0.17119340000000005
2.9831e-08,-0.17178210000000005
2.9833e-08,-0.17210950000000003
2.9835e-08,-0.17218
2.9837e-08,-0.17199890000000007
2.9839e-08,-0.17157219999999995
2.9841e-08,-0.1709064
2.9843e-08,-0.17000840000000006
2.9845e-08,-0.16888559999999997
2.9847e-08,-0.16754570000000002
2.9849e-08,-0.16599629999999999
2.9851e-08,-0.1642454000000001
2.9853e-08,-0.16230100000000003
2.9855e-08,-0.16017080000000006
2.9857e-08,-0.15786310000000003
2.9859e-08,-0.15538549999999995
2.9861e-08,-0.1527459
2.9863e-08,-0.14995209999999992
2.9865e-08,-0.14701160000000002
2.9867e-08,-0.1439319
2.9869e-08,-0.14072039999999997
2.9871e-08,-0.13738400000000006
2.9873e-08,-0.13392969999999993
2.9875e-08,-0.1303645
2.9877e-08,-0.12669490000000005
2.9879e-08,-0.12292740000000002
2.9881e-08,-0.11906819999999996
2.9883e-08,-0.11512350000000005
2.9885e-08,-0.1110991
2.9887e-08,-0.10700069999999995
2.9889e-08,-0.10283380000000009
2.9891e-08,-0.09860389999999997
2.9893e-08,-0.09431610000000001
2.9895e-08,-0.08997529999999998
2.9897e-08,-0.08558640000000006
2.9899e-08,-0.0811541
2.9901e-08,-0.07668279999999994
2.9903e-08,-0.07217689999999999
2.9905e-08,-0.06764049999999999
2.9907e-08,-0.06307759999999996
2.9909e-08,-0.058492099999999936
2.9911e-08,-0.053887599999999924
2.9913e-08,-0.049267699999999914
2.9915e-08,-0.0446358
2.9917e-08,-0.03999520000000001
2.9919e-08,-0.035349000000000075
2.9921e-08,-0.030700100000000008
2.9923e-08,-0.026051500000000005
2.9925e-08,-0.02140580000000003
2.9927e-08,-0.016765799999999942
2.9929e-08,-0.01213390000000003
2.9931e-08,-0.007512300000000027
2.9933e-08,-0.002903499999999948
2.9935e-08,0.0016903999999999808
2.9937e-08,0.006267400000000034
2.9939e-08,0.010825399999999985
2.9941e-08,0.015362700000000062
2.9943e-08,0.01987760000000005
2.9945e-08,0.0243682999999999
2.9947e-08,0.02883340000000001
2.9949e-08,0.0332711
2.9951e-08,0.03768019999999994
2.9953e-08,0.04205950000000003
2.9955e-08,0.04640759999999999
2.9957e-08,0.050723400000000085
2.9959e-08,0.055005700000000046
2.9961e-08,0.05925360000000002
2.9963e-08,0.06346609999999997
2.9965e-08,0.06764230000000004
2.9967e-08,0.0717814
2.9969e-08,0.07588260000000002
2.9971e-08,0.0799453
2.9973e-08,0.08396870000000001
2.9975e-08,0.08795229999999998
2.9977e-08,0.09189550000000002
2.9979e-08,0.09579789999999999
2.9981e-08,0.0996589
2.9983e-08,0.10347830000000002
2.9985e-08,0.10725549999999995
2.9987e-08,0.11099040000000004
2.9989e-08,0.11468269999999992
2.9991e-08,0.11833209999999994
2.9993e-08,0.1219384
2.9995e-08,0.12550129999999993
2.9997e-08,0.12902100000000005
2.99985e-08,0.1316322000000001
3e-08,0.13421890000000003
3.00002e-08,0.13456179999999995
3.00006e-08,0.1352466
3.00014e-08,0.13661089999999998
3.0003e-08,0.13931860000000007
3.0005e-08,0.14266409999999996
3.0007e-08,0.14596600000000004
3.0009e-08,0.14922440000000003
3.0011e-08,0.15243949999999995
3.0013e-08,0.1556111
3.0015e-08,0.15873950000000003
3.0017e-08,0.1618248
3.0019e-08,0.16486710000000004
3.0021e-08,0.16786659999999998
3.0023e-08,0.17082359999999996
3.0025e-08,0.17373820000000006
3.0027e-08,0.1766107
3.0029e-08,0.17944119999999997
3.0031e-08,0.18223
3.0033e-08,0.18497739999999996
3.0035e-08,0.1876837
3.0037e-08,0.1903492
3.0039e-08,0.19297419999999998
3.0041e-08,0.19555880000000003
3.0043e-08,0.1981037
3.0045e-08,0.20060889999999998
3.0047e-08,0.20307490000000006
3.0049e-08,0.20550199999999996
3.0051e-08,0.20789059999999993
3.0053e-08,0.21024089999999995
3.0055e-08,0.21255349999999995
3.0057e-08,0.21482859999999993
3.0059e-08,0.21706670000000006
3.0061e-08,0.2192679999999999
3.0063e-08,0.221433
3.0065e-08,0.22356200000000004
3.0067e-08,0.22565559999999996
3.0069e-08,0.22771390000000002
3.0071e-08,0.22973749999999993
3.0073e-08,0.2317268
3.0075e-08,0.2336821
3.0077e-08,0.23560380000000003
3.0079e-08,0.23749240000000005
3.0081e-08,0.2393482
3.0083e-08,0.2411717
3.0085e-08,0.2429633
3.0087e-08,0.24472320000000003
3.0089e-08,0.24645209999999995
3.0091e-08,0.24815009999999993
3.0093e-08,0.24981779999999998
3.0095e-08,0.2514556
3.0097e-08,0.2530639
3.0099e-08,0.2546429
3.0101e-08,0.2561932
3.0103e-08,0.25771520000000003
3.0105e-08,0.25920920000000003
3.0107e-08,0.2606756
3.0109e-08,0.262115
3.0111e-08,0.26352739999999997
3.0113e-08,0.2649135
3.0115e-08,0.2662734
3.0117e-08,0.26760780000000006
3.0119e-08,0.2689169
3.0121e-08,0.270201
3.0123e-08,0.2714607
3.0125e-08,0.27269619999999994
3.0127e-08,0.2739079
3.0129e-08,0.27509610000000007
3.0131e-08,0.27626130000000004
3.0133e-08,0.2774038
3.0135e-08,0.27852390000000005
3.0137e-08,0.27962200000000004
3.0139e-08,0.2806984
3.0141e-08,0.2817535
3.0143e-08,0.28278749999999997
3.0145e-08,0.28380099999999997
3.0147e-08,0.28479410000000005
3.0149e-08,0.28576729999999995
3.0151e-08,0.28672069999999994
3.0153e-08,0.2876548000000001
3.0155e-08,0.28856989999999993
3.0157e-08,0.2894662
3.0159e-08,0.29034420000000005
3.0161e-08,0.2912039999999999
3.0163e-08,0.2920461000000001
3.0165e-08,0.29287070000000004
3.0167e-08,0.29367810000000005
3.0169e-08,0.29446859999999997
3.0171e-08,0.29524249999999996
3.0173e-08,0.29600000000000004
3.0175e-08,0.2967415
3.0177e-08,0.29746719999999993
3.0179e-08,0.2981773999999999
3.0181e-08,0.2988725
3.0183e-08,0.2995525
3.0185e-08,0.30021790000000004
3.0187e-08,0.30086880000000005
3.0189e-08,0.30150560000000004
3.0191e-08,0.30212839999999996
3.0193e-08,0.30273759999999994
3.0195e-08,0.30333330000000003
3.0197e-08,0.30391580000000007
3.01985e-08,0.30434419999999995
3.02e-08,0.30476539999999996
3.02002e-08,0.304821
3.02006e-08,0.3049318999999999
3.02014e-08,0.30515210000000004
3.0203e-08,0.3055867
3.0205e-08,0.30611889999999997
3.0207e-08,0.30663910000000005
3.0209e-08,0.30714740000000007
3.0211e-08,0.3076441
3.0213e-08,0.3081296
3.0215e-08,0.3086038
3.0217e-08,0.3090672
3.0219e-08,0.3095198
3.0221e-08,0.3099619
3.0223e-08,0.3103937000000001
3.0225e-08,0.3108153
3.0227e-08,0.31122700000000003
3.0229e-08,0.3116289
3.0231e-08,0.3120212
3.0233e-08,0.3124042
3.0235e-08,0.31277810000000006
3.0237e-08,0.31314280000000005
3.0239e-08,0.3134987
3.0241e-08,0.3138461
3.0243e-08,0.31418479999999993
3.0245e-08,0.31451530000000005
3.0247e-08,0.31483759999999994
3.0249e-08,0.31515190000000004
3.0251e-08,0.3154584
3.0253e-08,0.31575719999999996
3.0255e-08,0.31604849999999995
3.0257e-08,0.3163323
3.0259e-08,0.3166091000000001
3.0261e-08,0.31687870000000007
3.0263e-08,0.3171414
3.0265e-08,0.31739720000000005
3.0267e-08,0.3176464
3.0269e-08,0.3178892
3.0271e-08,0.31812550000000006
3.0273e-08,0.31835560000000007
3.0275e-08,0.31857959999999996
3.0277e-08,0.3187976
3.0279e-08,0.31900969999999995
3.0281e-08,0.31921599999999994
3.0283e-08,0.3194169
3.0285e-08,0.31961209999999995
3.0287e-08,0.31980200000000003
3.0289e-08,0.31998669999999996
3.0291e-08,0.3201660999999999
3.0293e-08,0.32034050000000003
3.0295e-08,0.3205101
3.0297e-08,0.3206747000000001
3.0299e-08,0.32083470000000003
3.0301e-08,0.32099
3.0303e-08,0.3211408
3.0305e-08,0.32128729999999994
3.0307e-08,0.32142930000000003
3.0309e-08,0.32156720000000005
3.0311e-08,0.321701
3.0313e-08,0.3218307
3.0315e-08,0.32195640000000003
3.0317e-08,0.32207830000000004
3.0319e-08,0.3221965
3.0321e-08,0.3223108
3.0323e-08,0.32242170000000003
3.0325e-08,0.32252899999999995
3.0327e-08,0.3226329
3.0329e-08,0.32273340000000006
3.0331e-08,0.3228307
3.0333e-08,0.32292469999999995
3.0335e-08,0.32301560000000007
3.0337e-08,0.3231035
3.0339e-08,0.32318839999999993
3.0341e-08,0.3232703
3.0343e-08,0.3233494
3.0345e-08,0.32342570000000004
3.0347e-08,0.32349929999999993
3.0349e-08,0.3235703
3.0351e-08,0.32363870000000006
3.0353e-08,0.32370450000000006
3.0355e-08,0.32376799999999994
3.0357e-08,0.32382900000000003
3.0359e-08,0.32388759999999994
3.0361e-08,0.32394409999999996
3.0363e-08,0.3239982
3.0365e-08,0.3240501
3.0367e-08,0.3241001
3.0369e-08,0.32414789999999993
3.0371e-08,0.32419370000000003
3.0373e-08,0.32423749999999996
3.0375e-08,0.32427950000000005
3.0377e-08,0.3243195
3.0379e-08,0.32435780000000003
3.0381e-08,0.32439419999999997
3.0383e-08,0.3244291
3.0385e-08,0.3244621
3.0387e-08,0.32449359999999994
3.0389e-08,0.3245235000000001
3.0391e-08,0.32455179999999995
3.0393e-08,0.32457859999999994
3.0395e-08,0.324604
3.0397e-08,0.3246279000000001
3.03985e-08,0.3246449
3.04e-08,0.32467270000000004
3.04002e-08,0.32467880000000005
3.04006e-08,0.3246924
3.04014e-08,0.32472730000000005
3.0403e-08,0.3248135
3.0405e-08,0.32491559999999997
3.0407e-08,0.32496690000000006
3.0409e-08,0.3249267
3.0411e-08,0.3247618
3.0413e-08,0.32444569999999995
3.0415e-08,0.3239577
3.0417e-08,0.32328160000000006
3.0419e-08,0.32240520000000006
3.0421e-08,0.3213195
3.0423e-08,0.3200185
3.0425e-08,0.31849840000000007
3.0427e-08,0.3167576999999999
3.0429e-08,0.3147961
3.0431e-08,0.3126154
3.0433e-08,0.310218
3.0435e-08,0.30760770000000004
3.0437e-08,0.30478879999999997
3.0439e-08,0.3017666
3.0441e-08,0.2985466
3.0443e-08,0.29513520000000004
3.0445e-08,0.2915388
3.0447e-08,0.2877642
3.0449e-08,0.2838185
3.0451e-08,0.2797085
3.0453e-08,0.2754419
3.0455e-08,0.2710256999999999
3.0457e-08,0.2664673000000001
3.0459e-08,0.26177399999999995
3.0461e-08,0.256953
3.0463e-08,0.25201130000000005
3.0465e-08,0.24695630000000002
3.0467e-08,0.24179479999999998
3.0469e-08,0.23653349999999995
3.0471e-08,0.23117949999999998
3.0473e-08,0.22573889999999996
3.0475e-08,0.2202185000000001
3.0477e-08,0.21462440000000005
3.0479e-08,0.2089626
3.0481e-08,0.20323919999999995
3.0483e-08,0.19745990000000002
3.0485e-08,0.19163039999999998
3.0487e-08,0.18575599999999992
3.0489e-08,0.17984180000000005
3.0491e-08,0.17389310000000002
3.0493e-08,0.16791469999999997
3.0495e-08,0.1619115000000001
3.0497e-08,0.15588789999999997
3.0499e-08,0.1498482
3.0501e-08,0.14379679999999995
3.0503e-08,0.13773769999999996
3.0505e-08,0.13167490000000004
3.0507e-08,0.12561199999999995
3.0509e-08,0.11955269999999996
3.0511e-08,0.1135003
3.0513e-08,0.1074582999999999
3.0515e-08,0.10142969999999996
3.0517e-08,0.09541750000000004
3.0519e-08,0.08942459999999997
3.0521e-08,0.08345380000000002
3.0523e-08,0.07750750000000006
3.0525e-08,0.07158849999999994
3.0527e-08,0.06569879999999995
3.0529e-08,0.059840799999999916
3.0531e-08,0.05401660000000008
3.0533e-08,0.04822819999999994
3.0535e-08,0.0424774
3.0537e-08,0.036765999999999965
3.0539e-08,0.03109569999999995
3.0541e-08,0.025468099999999994
3.0543e-08,0.01988460000000003
3.0545e-08,0.014346599999999987
3.0547e-08,0.008855400000000069
3.0549e-08,0.0034121999999999764
3.0551e-08,-0.0019817999999999225
3.0553e-08,-0.007325799999999938
3.0555e-08,-0.012618699999999983
3.0557e-08,-0.017859600000000087
3.0559e-08,-0.023047700000000004
3.0561e-08,-0.028182299999999993
3.0563e-08,-0.03326280000000004
3.0565e-08,-0.038288600000000006
3.0567e-08,-0.043258999999999936
3.0569e-08,-0.048173699999999986
3.0571e-08,-0.053032199999999974
3.0573e-08,-0.0578341
3.0575e-08,-0.06257920000000006
3.0577e-08,-0.06726710000000002
3.0579e-08,-0.07189769999999995
3.0581e-08,-0.0764707
3.0583e-08,-0.08098620000000001
3.0585e-08,-0.08544380000000007
3.0587e-08,-0.08984379999999992
3.0589e-08,-0.09418599999999999
3.0591e-08,-0.09847050000000002
3.0593e-08,-0.1026975
3.0595e-08,-0.10686669999999998
3.0597e-08,-0.11097860000000004
3.05985e-08,-0.11402499999999993
3.06e-08,-0.11703910000000006
3.06002e-08,-0.1174383
3.06006e-08,-0.11823550000000005
3.06014e-08,-0.11982320000000002
3.0603e-08,-0.12297120000000006
3.0605e-08,-0.12685540000000006
3.0607e-08,-0.13068310000000005
3.0609e-08,-0.13445489999999993
3.0611e-08,-0.13817099999999993
3.0613e-08,-0.1418317
3.0615e-08,-0.14543719999999993
3.0617e-08,-0.14898809999999996
3.0619e-08,-0.15248479999999998
3.0621e-08,-0.1559275
3.0623e-08,-0.15931679999999993
3.0625e-08,-0.1626529
3.0627e-08,-0.16593649999999993
3.0629e-08,-0.16916779999999998
3.0631e-08,-0.1723475
3.0633e-08,-0.17547600000000008
3.0635e-08,-0.17855369999999993
3.0637e-08,-0.18158110000000005
3.0639e-08,-0.18455869999999996
3.0641e-08,-0.18748720000000008
3.0643e-08,-0.19036679999999995
3.0645e-08,-0.1931982000000001
3.0647e-08,-0.19598179999999998
3.0649e-08,-0.19871830000000001
3.0651e-08,-0.2014081000000001
3.0653e-08,-0.20405190000000006
3.0655e-08,-0.20665
3.0657e-08,-0.20920309999999998
3.0659e-08,-0.2117116
3.0661e-08,-0.21417620000000004
3.0663e-08,-0.21659740000000005
3.0665e-08,-0.2189757
3.0667e-08,-0.22131160000000005
3.0669e-08,-0.22360570000000002
3.0671e-08,-0.22585850000000007
3.0673e-08,-0.22807070000000007
3.0675e-08,-0.23024260000000007
3.0677e-08,-0.232375
3.0679e-08,-0.23446829999999996
3.0681e-08,-0.23652289999999998
3.0683e-08,-0.23853959999999996
3.0685e-08,-0.24051879999999992
3.0687e-08,-0.24246100000000004
3.0689e-08,-0.24436669999999994
3.0691e-08,-0.24623659999999992
3.0693e-08,-0.24807100000000004
3.0695e-08,-0.24987059999999994
3.0697e-08,-0.25163579999999997
3.0699e-08,-0.2533672
3.0701e-08,-0.2550652
3.0703e-08,-0.2567304
3.0705e-08,-0.2583632
3.0707e-08,-0.2599642
3.0709e-08,-0.2615337999999999
3.0711e-08,-0.26307250000000004
3.0713e-08,-0.26458079999999995
3.0715e-08,-0.2660593
3.0717e-08,-0.26750830000000003
3.0719e-08,-0.26892820000000006
3.0721e-08,-0.2703198
3.0723e-08,-0.2716832
3.0725e-08,-0.273019
3.0727e-08,-0.27432770000000006
3.0729e-08,-0.2756096
3.0731e-08,-0.27686540000000004
3.0733e-08,-0.27809530000000005
3.0735e-08,-0.2792998
3.0737e-08,-0.28047920000000004
3.0739e-08,-0.28163419999999995
3.0741e-08,-0.2827649000000001
3.0743e-08,-0.2838719999999999
3.0745e-08,-0.28495570000000003
3.0747e-08,-0.2860165
3.0749e-08,-0.2870547
3.0751e-08,-0.28807079999999996
3.0753e-08,-0.2890652
3.0755e-08,-0.2900382
3.0757e-08,-0.2909902
3.0759e-08,-0.29192150000000006
3.0761e-08,-0.29283250000000005
3.0763e-08,-0.2937236
3.0765e-08,-0.29459519999999995
3.0767e-08,-0.29544760000000003
3.0769e-08,-0.29628109999999996
3.0771e-08,-0.2970959999999999
3.0773e-08,-0.2978929
3.0775e-08,-0.29867180000000004
3.0777e-08,-0.29943319999999995
3.0779e-08,-0.30017740000000004
3.0781e-08,-0.3009047
3.0783e-08,-0.3016154
3.0785e-08,-0.3023099
3.0787e-08,-0.3029885
3.0789e-08,-0.30365129999999996
3.0791e-08,-0.3042986999999999
3.0793e-08,-0.30493120000000007
3.0795e-08,-0.30554880000000006
3.0797e-08,-0.30615190000000003
3.07985e-08,-0.30659479999999995
3.08e-08,-0.3070298
3.08002e-08,-0.3070872
3.08006e-08,-0.3072016000000001
3.08014e-08,-0.30742879999999995
3.0803e-08,-0.30787659999999994
3.0805e-08,-0.30842439999999993
3.0807e-08,-0.308959
3.0809e-08,-0.30948070000000005
3.0811e-08,-0.30998970000000003
3.0813e-08,-0.31048620000000005
3.0815e-08,-0.3109706
3.0817e-08,-0.3114431
3.0819e-08,-0.3119039
3.0821e-08,-0.3123532
3.0823e-08,-0.3127913
3.0825e-08,-0.3132184
3.0827e-08,-0.3136346000000001
3.0829e-08,-0.31404029999999994
3.0831e-08,-0.3144355999999999
3.0833e-08,-0.3148208
3.0835e-08,-0.3151961
3.0837e-08,-0.3155616
3.0839e-08,-0.3159176
3.0841e-08,-0.3162642
3.0843e-08,-0.3166017
3.0845e-08,-0.3169303
3.0847e-08,-0.3172499000000001
3.0849e-08,-0.31756110000000004
3.0851e-08,-0.3178639
3.0853e-08,-0.31815839999999995
3.0855e-08,-0.3184448
3.0857e-08,-0.3187234
3.0859e-08,-0.3189942
3.0861e-08,-0.31925749999999997
3.0863e-08,-0.31951339999999995
3.0865e-08,-0.31976210000000005
3.0867e-08,-0.3200037
3.0869e-08,-0.3202383
3.0871e-08,-0.32046620000000003
3.0873e-08,-0.32068739999999996
3.0875e-08,-0.3209022
3.0877e-08,-0.3211107000000001
3.0879e-08,-0.32131279999999995
3.0881e-08,-0.32150900000000004
3.0883e-08,-0.32169919999999996
3.0885e-08,-0.3218837
3.0887e-08,-0.32206250000000003
3.0889e-08,-0.3222357
3.0891e-08,-0.32240349999999995
3.0893e-08,-0.322566
3.0895e-08,-0.3227234
3.0897e-08,-0.3228757
3.0899e-08,-0.3230231
3.0901e-08,-0.32316559999999994
3.0903e-08,-0.32330349999999997
3.0905e-08,-0.3234367
3.0907e-08,-0.32356549999999995
3.0909e-08,-0.3236899
3.0911e-08,-0.3238099
3.0913e-08,-0.32392580000000004
3.0915e-08,-0.32403760000000004
3.0917e-08,-0.3241453999999999
3.0919e-08,-0.32424929999999996
3.0921e-08,-0.3243494
3.0923e-08,-0.3244458
3.0925e-08,-0.32453869999999996
3.0927e-08,-0.32462789999999997
3.0929e-08,-0.3247137
3.0931e-08,-0.3247962
3.0933e-08,-0.32487540000000004
3.0935e-08,-0.32495130000000005
3.0937e-08,-0.3250242
3.0939e-08,-0.325094
3.0941e-08,-0.3251609
3.0943e-08,-0.32522490000000004
3.0945e-08,-0.3252861
3.0947e-08,-0.3253446
3.0949e-08,-0.3254003
3.0951e-08,-0.3254534
3.0953e-08,-0.3255041000000001
3.0955e-08,-0.32555220000000007
3.0957e-08,-0.3255981
3.0959e-08,-0.32564139999999997
3.0961e-08,-0.3256825000000001
3.0963e-08,-0.3257215
3.0965e-08,-0.3257582
3.0967e-08,-0.32579290000000005
3.0969e-08,-0.3258255
3.0971e-08,-0.32585620000000004
3.0973e-08,-0.3258848999999999
3.0975e-08,-0.3259117
3.0977e-08,-0.3259367000000001
3.0979e-08,-0.32595989999999997
3.0981e-08,-0.3259814999999999
3.0983e-08,-0.3260012
3.0985e-08,-0.32601939999999996
3.0987e-08,-0.326036
3.0989e-08,-0.32605110000000004
3.0991e-08,-0.3260645999999999
3.0993e-08,-0.32607679999999994
3.0995e-08,-0.3260875
3.0997e-08,-0.32609679999999996
3.09985e-08,-0.32610300000000003
3.1e-08,-0.32610839999999996
3.10002e-08,-0.32610910000000004
3.10006e-08,-0.3261103000000001
3.10014e-08,-0.3261128
3.1003e-08,-0.32611710000000005
3.1005e-08,-0.3261214
3.1007e-08,-0.32612450000000004
3.1009e-08,-0.3261265
3.1011e-08,-0.32612739999999996
3.1013e-08,-0.32612719999999995
3.1015e-08,-0.3261259999999999
3.1017e-08,-0.3261239
3.1019e-08,-0.3261206
3.1021e-08,-0.32611650000000003
3.1023e-08,-0.32611159999999995
3.1025e-08,-0.3261058
3.1027e-08,-0.3260991000000001
3.1029e-08,-0.3260915
3.1031e-08,-0.3260832
3.1033e-08,-0.3260742
3.1035e-08,-0.32606440000000003
3.1037e-08,-0.3260538999999999
3.1039e-08,-0.3260427
3.1041e-08,-0.3260309
3.1043e-08,-0.3260185
3.1045e-08,-0.32600549999999995
3.1047e-08,-0.32599180000000005
3.1049e-08,-0.32597770000000004
3.1051e-08,-0.3259628
3.1053e-08,-0.3259476
3.1055e-08,-0.32593190000000005
3.1057e-08,-0.3259156999999999
3.1059e-08,-0.32589899999999994
3.1061e-08,-0.32588190000000006
3.1063e-08,-0.3258643000000001
3.1065e-08,-0.3258464000000001
3.1067e-08,-0.32582809999999995
3.1069e-08,-0.3258094
3.1071e-08,-0.3257903999999999
3.1073e-08,-0.3257711
3.1075e-08,-0.3257514
3.1077e-08,-0.3257314
3.1079e-08,-0.32571110000000003
3.1081e-08,-0.32569060000000005
3.1083e-08,-0.32566989999999996
3.1085e-08,-0.3256489
3.1087e-08,-0.3256276
3.1089e-08,-0.3256061
3.1091e-08,-0.32558450000000005
3.1093e-08,-0.3255627
3.1095e-08,-0.32554059999999996
3.1097e-08,-0.3255184000000001
3.1099e-08,-0.32549609999999995
3.1101e-08,-0.3254737
3.1103e-08,-0.32545100000000005
3.1105e-08,-0.3254283
3.1107e-08,-0.32540539999999996
3.1109e-08,-0.3253825
3.1111e-08,-0.3253595
3.1113e-08,-0.32533639999999997
3.1115e-08,-0.32531319999999997
3.1117e-08,-0.3252899
3.1119e-08,-0.3252667
3.1121e-08,-0.3252433
3.1123e-08,-0.3252199
3.1125e-08,-0.3251965
3.1127e-08,-0.3251731
3.1129e-08,-0.32514960000000004
3.1131e-08,-0.32512620000000003
3.1133e-08,-0.32510269999999997
3.1135e-08,-0.3250792
3.1137e-08,-0.3250558
3.1139e-08,-0.3250324
3.1141e-08,-0.325009
3.1143e-08,-0.3249856000000001
3.1145e-08,-0.3249622999999999
3.1147e-08,-0.324939
3.1149e-08,-0.3249158
3.1151e-08,-0.3248926
3.1153e-08,-0.3248694
3.1155e-08,-0.3248462999999999
3.1157e-08,-0.32482330000000004
3.1159e-08,-0.32480029999999993
3.1161e-08,-0.32477750000000005
3.1163e-08,-0.32475470000000006
3.1165e-08,-0.324732
3.1167e-08,-0.32470940000000004
3.1169e-08,-0.32468679999999994
3.1171e-08,-0.3246643
3.1173e-08,-0.324642
3.1175e-08,-0.3246198
3.1177e-08,-0.32459760000000004
3.1179e-08,-0.32457559999999996
3.1181e-08,-0.32455369999999995
3.1183e-08,-0.32453180000000004
3.1185e-08,-0.3245101
3.1187e-08,-0.32448849999999996
3.1189e-08,-0.32446700000000006
3.1191e-08,-0.3244456
3.1193e-08,-0.32442440000000006
3.1195e-08,-0.32440329999999995
3.1197e-08,-0.3243823
3.11985e-08,-0.3243667
3.12e-08,-0.3243510999999999
3.12002e-08,-0.3243498
3.12006e-08,-0.3243492
3.12014e-08,-0.32435859999999994
3.1203e-08,-0.3244059
3.1205e-08,-0.32447879999999996
3.1207e-08,-0.32451949999999996
3.1209e-08,-0.32448350000000004
3.1211e-08,-0.32433499999999993
3.1213e-08,-0.32404539999999993
3.1215e-08,-0.3235916999999999
3.1217e-08,-0.32295640000000003
3.1219e-08,-0.3221256
3.1221e-08,-0.32108939999999997
3.1223e-08,-0.3198405000000001
3.1225e-08,-0.31837459999999995
3.1227e-08,-0.3166892
3.1229e-08,-0.31478360000000005
3.1231e-08,-0.312659
3.1233e-08,-0.3103173
3.1235e-08,-0.30776210000000004
3.1237e-08,-0.3049973
3.1239e-08,-0.3020280000000001
3.1241e-08,-0.2988596
3.1243e-08,-0.29549819999999993
3.1245e-08,-0.2919501
3.1247e-08,-0.28822190000000003
3.1249e-08,-0.2843209
3.1251e-08,-0.2802538
3.1253e-08,-0.2760279
3.1255e-08,-0.2716505
3.1257e-08,-0.26712900000000006
3.1259e-08,-0.26247049999999994
3.1261e-08,-0.2576824
3.1263e-08,-0.2527718
3.1265e-08,-0.2477457999999999
3.1267e-08,-0.24261140000000003
3.1269e-08,-0.2373755999999999
3.1271e-08,-0.2320449
3.1273e-08,-0.22662610000000005
3.1275e-08,-0.2211257000000001
3.1277e-08,-0.21554989999999996
3.1279e-08,-0.20990489999999995
3.1281e-08,-0.2041967
3.1283e-08,-0.19843100000000002
3.1285e-08,-0.19261359999999994
3.1287e-08,-0.18674970000000002
3.1289e-08,-0.18084489999999998
3.1291e-08,-0.1749043
3.1293e-08,-0.16893269999999994
3.1295e-08,-0.1629349
3.1297e-08,-0.15691560000000004
3.1299e-08,-0.15087910000000004
3.1301e-08,-0.14482989999999996
3.1303e-08,-0.138772
3.1305e-08,-0.13270920000000008
3.1307e-08,-0.12664550000000008
3.1309e-08,-0.12058449999999998
3.1311e-08,-0.11452949999999995
3.1313e-08,-0.10848400000000002
3.1315e-08,-0.10245129999999991
3.1317e-08,-0.09643420000000003
3.1319e-08,-0.09043579999999996
3.1321e-08,-0.08445859999999994
3.1323e-08,-0.0785055
3.1325e-08,-0.07257899999999995
3.1327e-08,-0.06668129999999994
3.1329e-08,-0.0608147
3.1331e-08,-0.054981500000000016
3.1333e-08,-0.04918370000000005
3.1335e-08,-0.04342290000000004
3.1337e-08,-0.03770119999999999
3.1339e-08,-0.03202040000000006
3.1341e-08,-0.026381699999999952
3.1343e-08,-0.020786900000000053
3.1345e-08,-0.01523730000000001
3.1347e-08,-0.009734200000000026
3.1349e-08,-0.004278800000000027
3.1351e-08,0.0011275999999998954
3.1353e-08,0.006484099999999993
3.1355e-08,0.011789699999999903
3.1357e-08,0.017043600000000048
3.1359e-08,0.022244800000000065
3.1361e-08,0.02739259999999999
3.1363e-08,0.032486400000000026
3.1365e-08,0.03752559999999994
3.1367e-08,0.04250940000000003
3.1369e-08,0.04743759999999997
3.1371e-08,0.052309700000000015
3.1373e-08,0.05712519999999999
3.1375e-08,0.06188389999999999
3.1377e-08,0.06658540000000002
3.1379e-08,0.07122970000000006
3.1381e-08,0.07581629999999995
3.1383e-08,0.08034540000000001
3.1385e-08,0.08481670000000008
3.1387e-08,0.08923029999999998
3.1389e-08,0.09358600000000006
3.1391e-08,0.09788390000000002
3.1393e-08,0.1021242
3.1395e-08,0.10630669999999998
3.1397e-08,0.11043170000000002
3.13985e-08,0.11348800000000003
3.14e-08,0.11651199999999995
3.14002e-08,0.11691240000000003
3.14006e-08,0.11771220000000004
3.14014e-08,0.1193050000000001
3.1403e-08,0.1224634
3.1405e-08,0.12636039999999993
3.1407e-08,0.1302008
3.1409e-08,0.13398520000000003
3.1411e-08,0.1377138
3.1413e-08,0.14138669999999998
3.1415e-08,0.14500460000000004
3.1417e-08,0.14856760000000002
3.1419e-08,0.15207610000000005
3.1421e-08,0.15553059999999996
3.1423e-08,0.1589314999999999
3.1425e-08,0.16227930000000002
3.1427e-08,0.16557410000000006
3.1429e-08,0.16881669999999993
3.1431e-08,0.17200740000000003
3.1433e-08,0.17514679999999994
3.1435e-08,0.17823529999999999
3.1437e-08,0.18127340000000003
3.1439e-08,0.18426140000000002
3.1441e-08,0.18720019999999993
3.1443e-08,0.19008989999999992
3.1445e-08,0.19293130000000003
3.1447e-08,0.1957249000000001
3.1449e-08,0.19847100000000006
3.1451e-08,0.20117040000000008
3.1453e-08,0.20382349999999994
3.1455e-08,0.20643080000000003
3.1457e-08,0.20899290000000004
3.1459e-08,0.2115104
3.1461e-08,0.2139837
3.1463e-08,0.21641339999999998
3.1465e-08,0.21880010000000005
3.1467e-08,0.22114429999999996
3.1469e-08,0.2234465
3.1471e-08,0.22570729999999994
3.1473e-08,0.22792730000000005
3.1475e-08,0.23010699999999995
3.1477e-08,0.2322468000000001
3.1479e-08,0.23434739999999998
3.1481e-08,0.23640929999999993
3.1483e-08,0.238433
3.1485e-08,0.2404191
3.1487e-08,0.24236799999999992
3.1489e-08,0.24428040000000006
3.1491e-08,0.24615679999999995
3.1493e-08,0.24799759999999993
3.1495e-08,0.2498034
3.1497e-08,0.25157469999999993
3.1499e-08,0.2533120000000001
3.1501e-08,0.2550158
3.1503e-08,0.2566866
3.1505e-08,0.258325
3.1507e-08,0.25993140000000003
3.1509e-08,0.2615063000000001
3.1511e-08,0.2630502
3.1513e-08,0.26456349999999995
3.1515e-08,0.2660469000000001
3.1517e-08,0.26750070000000004
3.1519e-08,0.2689254
3.1521e-08,0.27032140000000004
3.1523e-08,0.2716893
3.1525e-08,0.2730294
3.1527e-08,0.27434230000000004
3.1529e-08,0.2756284
3.1531e-08,0.27688809999999997
3.1533e-08,0.2781218
3.1535e-08,0.2793301
3.1537e-08,0.28051329999999997
3.1539e-08,0.2816717999999999
3.1541e-08,0.282806
3.1543e-08,0.28391639999999996
3.1545e-08,0.2850034
3.1547e-08,0.28606750000000003
3.1549e-08,0.28710879999999994
3.1551e-08,0.28812779999999993
3.1553e-08,0.2891250999999999
3.1555e-08,0.2901009
3.1557e-08,0.2910556000000001
3.1559e-08,0.2919895
3.1561e-08,0.29290309999999997
3.1563e-08,0.2937967
3.1565e-08,0.2946706
3.1567e-08,0.2955253
3.1569e-08,0.29636109999999993
3.1571e-08,0.29717819999999995
3.1573e-08,0.2979771
3.1575e-08,0.29875799999999997
3.1577e-08,0.2995213
3.1579e-08,0.30026739999999996
3.1581e-08,0.3009965
3.1583e-08,0.30170890000000006
3.1585e-08,0.3024051
3.1587e-08,0.3030851
3.1589e-08,0.3037495
3.1591e-08,0.3043985
3.1593e-08,0.3050322
3.1595e-08,0.3056511999999999
3.1597e-08,0.3062555
3.15985e-08,0.3066992999999999
3.16e-08,0.3071353
3.16002e-08,0.3071935
3.16006e-08,0.3073116
3.16014e-08,0.3075571
3.1603e-08,0.3080695
3.1605e-08,0.3087116000000001
3.1607e-08,0.30930789999999997
3.1609e-08,0.3098143000000001
3.1611e-08,0.3101952
3.1613e-08,0.31042230000000004
3.1615e-08,0.310473
3.1617e-08,0.3103294999999999
3.1619e-08,0.3099788
3.1621e-08,0.30941089999999993
3.1623e-08,0.3086192
3.1625e-08,0.30759919999999996
3.1627e-08,0.306349
3.1629e-08,0.3048681
3.1631e-08,0.30315780000000003
3.1633e-08,0.30122059999999995
3.1635e-08,0.29905989999999993
3.1637e-08,0.2966803
3.1639e-08,0.29408670000000003
3.1641e-08,0.291285
3.1643e-08,0.2882813000000001
3.1645e-08,0.28508219999999995
3.1647e-08,0.2816945999999999
3.1649e-08,0.2781256
3.1651e-08,0.2743824
3.1653e-08,0.2704725
3.1655e-08,0.2664031
3.1657e-08,0.26218189999999997
3.1659e-08,0.25781619999999994
3.1661e-08,0.25331329999999996
3.1663e-08,0.24868069999999998
3.1665e-08,0.24392540000000007
3.1667e-08,0.23905489999999996
3.1669e-08,0.23407579999999995
3.1671e-08,0.22899519999999995
3.1673e-08,0.22381969999999995
3.1675e-08,0.21855599999999997
3.1677e-08,0.21321049999999997
3.1679e-08,0.2077894
3.1681e-08,0.2022988
3.1683e-08,0.1967447
3.1685e-08,0.1911328
3.1687e-08,0.1854686000000001
3.1689e-08,0.1797576999999999
3.1691e-08,0.17400510000000002
3.1693e-08,0.16821590000000008
3.1695e-08,0.16239510000000001
3.1697e-08,0.15654730000000006
3.1699e-08,0.15067730000000001
3.1701e-08,0.1447891
3.1703e-08,0.13888709999999993
3.1705e-08,0.13297530000000002
3.1707e-08,0.1270576
3.1709e-08,0.12113790000000002
3.1711e-08,0.11521950000000003
3.1713e-08,0.10930610000000007
3.1715e-08,0.10340079999999996
3.1717e-08,0.0975068
3.1719e-08,0.09162700000000001
3.1721e-08,0.08576450000000002
3.1723e-08,0.07992169999999998
3.1725e-08,0.07410150000000004
3.1727e-08,0.0683062000000001
3.1729e-08,0.06253810000000004
3.1731e-08,0.05679959999999995
3.1733e-08,0.05109279999999994
3.1735e-08,0.045419499999999946
3.1737e-08,0.03978180000000009
3.1739e-08,0.03418140000000003
3.1741e-08,0.02862000000000009
3.1743e-08,0.02309910000000004
3.1745e-08,0.017620199999999975
3.1747e-08,0.012184799999999996
3.1749e-08,0.006794100000000025
3.1751e-08,0.001449399999999934
3.1753e-08,-0.0038483000000000267
3.1755e-08,-0.009097899999999992
3.1757e-08,-0.014298400000000044
3.1759e-08,-0.01944889999999999
3.1761e-08,-0.024548499999999973
3.1763e-08,-0.029596600000000084
3.1765e-08,-0.03459259999999997
3.1767e-08,-0.039535600000000004
3.1769e-08,-0.044425200000000054
3.1771e-08,-0.04926090000000005
3.1773e-08,-0.05404229999999999
3.1775e-08,-0.05876890000000001
3.1777e-08,-0.0634403
3.1779e-08,-0.06805649999999996
3.1781e-08,-0.07261700000000004
3.1783e-08,-0.07712180000000002
3.1785e-08,-0.08157059999999994
3.1787e-08,-0.08596330000000008
3.1789e-08,-0.09029989999999999
3.1791e-08,-0.09458040000000001
3.1793e-08,-0.09880480000000003
3.1795e-08,-0.10297319999999999
3.1797e-08,-0.10708550000000006
3.17985e-08,-0.11013289999999998
3.18e-08,-0.11316059999999994
3.18002e-08,-0.113564
3.18006e-08,-0.11437129999999995
3.18014e-08,-0.11598699999999995
3.1803e-08,-0.11920799999999998
3.1805e-08,-0.12317729999999993
3.1807e-08,-0.12703770000000003
3.1809e-08,-0.13074719999999995
3.1811e-08,-0.1342715
3.1813e-08,-0.13758380000000003
3.1815e-08,-0.14066329999999994
3.1817e-08,-0.1434938
3.1819e-08,-0.1460636999999999
3.1821e-08,-0.14836479999999996
3.1823e-08,-0.15039180000000008
3.1825e-08,-0.15214230000000006
3.1827e-08,-0.15361560000000007
3.1829e-08,-0.15481310000000004
3.1831e-08,-0.15573760000000003
3.1833e-08,-0.15639269999999994
3.1835e-08,-0.15678379999999992
3.1837e-08,-0.1569163
3.1839e-08,-0.15679690000000002
3.1841e-08,-0.15643229999999997
3.1843e-08,-0.15582990000000008
3.1845e-08,-0.15499739999999995
3.1847e-08,-0.15394259999999993
3.1849e-08,-0.15267350000000002
3.1851e-08,-0.1511981
3.1853e-08,-0.14952469999999995
3.1855e-08,-0.1476613
3.1857e-08,-0.14561610000000003
3.1859e-08,-0.14339690000000005
3.1861e-08,-0.14101200000000003
3.1863e-08,-0.1384689
3.1865e-08,-0.13577530000000004
3.1867e-08,-0.13293870000000008
3.1869e-08,-0.12996660000000004
3.1871e-08,-0.12686619999999993
3.1873e-08,-0.12364449999999994
3.1875e-08,-0.12030819999999998
3.1877e-08,-0.11686419999999997
3.1879e-08,-0.11331880000000005
3.1881e-08,-0.10967840000000006
3.1883e-08,-0.10594919999999997
3.1885e-08,-0.10213690000000009
3.1887e-08,-0.09824750000000004
3.1889e-08,-0.09428619999999999
3.1891e-08,-0.09025879999999997
3.1893e-08,-0.08617019999999997
3.1895e-08,-0.08202559999999992
3.1897e-08,-0.0778297
3.1899e-08,-0.07358730000000002
3.1901e-08,-0.06930270000000005
3.1903e-08,-0.06498060000000005
3.1905e-08,-0.060624800000000034
3.1907e-08,-0.0562395
3.1909e-08,-0.0518286
3.1911e-08,-0.04739569999999993
3.1913e-08,-0.0429446
3.1915e-08,-0.03847849999999997
3.1917e-08,-0.03400060000000005
3.1919e-08,-0.029514299999999993
3.1921e-08,-0.025022600000000006
3.1923e-08,-0.020528199999999996
3.1925e-08,-0.016033999999999993
3.1927e-08,-0.011542500000000011
3.1929e-08,-0.007056500000000021
3.1931e-08,-0.0025780999999999166
3.1933e-08,0.0018903000000000114
3.1935e-08,0.006346399999999974
3.1937e-08,0.010788200000000026
3.1939e-08,0.015213800000000055
3.1941e-08,0.019621299999999953
3.1943e-08,0.02400879999999994
3.1945e-08,0.028374800000000033
3.1947e-08,0.032717499999999955
3.1949e-08,0.03703539999999994
3.1951e-08,0.041327299999999956
3.1953e-08,0.04559150000000001
3.1955e-08,0.049827000000000066
3.1957e-08,0.05403250000000004
3.1959e-08,0.05820689999999995
3.1961e-08,0.062349199999999994
3.1963e-08,0.06645829999999997
3.1965e-08,0.07053339999999997
3.1967e-08,0.07457349999999996
3.1969e-08,0.07857789999999998
3.1971e-08,0.08254589999999995
3.1973e-08,0.08647670000000007
3.1975e-08,0.09036980000000006
3.1977e-08,0.09422450000000004
3.1979e-08,0.09804040000000003
3.1981e-08,0.1018169000000001
3.1983e-08,0.10555370000000008
3.1985e-08,0.10925029999999991
3.1987e-08,0.11290640000000007
3.1989e-08,0.11652170000000006
3.1991e-08,0.12009590000000003
3.1993e-08,0.12362879999999998
3.1995e-08,0.12712020000000002
3.1997e-08,0.13056999999999996
3.19985e-08,0.13312979999999996
3.2e-08,0.13566619999999996
3.20002e-08,0.13600239999999997
3.20006e-08,0.13667390000000001
3.20014e-08,0.13801189999999997
3.2003e-08,0.14066790000000007
3.2005e-08,0.1439499999999999
3.2007e-08,0.14719020000000005
3.2009e-08,0.15038839999999998
3.2011e-08,0.15354469999999998
3.2013e-08,0.15665910000000005
3.2015e-08,0.15973170000000003
3.2017e-08,0.16276269999999993
3.2019e-08,0.16575210000000007
3.2021e-08,0.16870010000000002
3.2023e-08,0.1716069
3.2025e-08,0.17447259999999998
3.2027e-08,0.17729739999999994
3.2029e-08,0.18008160000000006
3.2031e-08,0.18282529999999997
3.2033e-08,0.1855289
3.2035e-08,0.18819260000000004
3.2037e-08,0.19081649999999994
3.2039e-08,0.1934011
3.2041e-08,0.19594660000000008
3.2043e-08,0.19845329999999994
3.2045e-08,0.20092140000000003
3.2047e-08,0.20335150000000002
3.2049e-08,0.20574359999999992
3.2051e-08,0.2080982
3.2053e-08,0.21041560000000004
3.2055e-08,0.21269609999999994
3.2057e-08,0.21494019999999991
3.2059e-08,0.21714810000000007
3.2061e-08,0.21932010000000002
3.2063e-08,0.2214568
3.2065e-08,0.2235585
3.2067e-08,0.22562530000000003
3.2069e-08,0.22765800000000003
3.2071e-08,0.2296566000000001
3.2073e-08,0.23162159999999998
3.2075e-08,0.23355350000000008
3.2077e-08,0.2354526
3.2079e-08,0.23731919999999995
3.2081e-08,0.23915379999999997
3.2083e-08,0.24095679999999997
3.2085e-08,0.24272860000000007
3.2087e-08,0.2444693
3.2089e-08,0.2461797
3.2091e-08,0.2478598999999999
3.2093e-08,0.24951050000000008
3.2095e-08,0.25113169999999996
3.2097e-08,0.25272399999999995
3.2099e-08,0.25428760000000006
3.2101e-08,0.25582309999999997
3.2103e-08,0.25733079999999997
3.2105e-08,0.25881109999999996
3.2107e-08,0.2602643
3.2109e-08,0.26169090000000006
3.2111e-08,0.26309119999999997
3.2113e-08,0.2644655
3.2115e-08,0.2658143999999999
3.2117e-08,0.26713790000000004
3.2119e-08,0.2684367999999999
3.2121e-08,0.2697111
3.2123e-08,0.2709613999999999
3.2125e-08,0.27218790000000004
3.2127e-08,0.27339100000000005
3.2129e-08,0.27457109999999996
3.2131e-08,0.27572850000000004
3.2133e-08,0.2768636
3.2135e-08,0.2779766
3.2137e-08,0.27906809999999993
3.2139e-08,0.2801382
3.2141e-08,0.28118730000000003
3.2143e-08,0.2822158
3.2145e-08,0.2832239
3.2147e-08,0.2842121000000001
3.2149e-08,0.28518049999999995
3.2151e-08,0.28612950000000004
3.2153e-08,0.2870596000000001
3.2155e-08,0.28797090000000003
3.2157e-08,0.28886370000000006
3.2159e-08,0.28973840000000006
3.2161e-08,0.2905953
3.2163e-08,0.29143469999999994
3.2165e-08,0.2922568
3.2167e-08,0.2930619000000001
3.2169e-08,0.29385039999999996
3.2171e-08,0.29462239999999995
3.2173e-08,0.29537839999999993
3.2175e-08,0.2961186
3.2177e-08,0.2968430999999999
3.2179e-08,0.29755239999999994
3.2181e-08,0.2982467000000001
3.2183e-08,0.2989261
3.2185e-08,0.2995911
3.2187e-08,0.3002418
3.2189e-08,0.3008786
3.2191e-08,0.3015015
3.2193e-08,0.30211089999999996
3.2195e-08,0.30270720000000007
3.2197e-08,0.3032902999999999
3.21985e-08,0.3037192999999999
3.22e-08,0.30414109999999994
3.22002e-08,0.3041967
3.22006e-08,0.3043078
3.22014e-08,0.30452840000000003
3.2203e-08,0.30496389999999995
3.2205e-08,0.3054972
3.2207e-08,0.3060185999999999
3.2209e-08,0.3065283999999999
3.2211e-08,0.3070267
3.2213e-08,0.30751379999999995
3.2215e-08,0.3079898000000001
3.2217e-08,0.3084551
3.2219e-08,0.30890969999999995
3.2221e-08,0.3093538
3.2223e-08,0.3097877
3.2225e-08,0.3102115
3.2227e-08,0.3106255
3.2229e-08,0.31102989999999997
3.2231e-08,0.31142479999999995
3.2233e-08,0.31181040000000004
3.2235e-08,0.31218690000000004
3.2237e-08,0.3125544
3.2239e-08,0.3129132
3.2241e-08,0.3132633
3.2243e-08,0.31360509999999997
3.2245e-08,0.31393860000000007
3.2247e-08,0.31426390000000004
3.2249e-08,0.31458130000000006
3.2251e-08,0.31489100000000003
3.2253e-08,0.3151931
3.2255e-08,0.3154876
3.2257e-08,0.3157748
3.2259e-08,0.3160549
3.2261e-08,0.3163279
3.2263e-08,0.31659400000000004
3.2265e-08,0.3168533
3.2267e-08,0.31710609999999995
3.2269e-08,0.3173524
3.2271e-08,0.31759229999999994
3.2273e-08,0.31782599999999994
3.2275e-08,0.31805360000000005
3.2277e-08,0.31827530000000004
3.2279e-08,0.3184911
3.2281e-08,0.3187012
3.2283e-08,0.31890570000000007
3.2285e-08,0.31910479999999997
3.2287e-08,0.3192984
3.2289e-08,0.3194869
3.2291e-08,0.31967009999999996
3.2293e-08,0.3198483
3.2295e-08,0.32002169999999996
3.2297e-08,0.3201902
3.2299e-08,0.320354
3.2301e-08,0.3205131
3.2303e-08,0.32066780000000006
3.2305e-08,0.3208181
3.2307e-08,0.3209641000000001
3.2309e-08,0.3211058
3.2311e-08,0.32124339999999996
3.2313e-08,0.321377
3.2315e-08,0.3215066000000001
3.2317e-08,0.32163240000000004
3.2319e-08,0.32175429999999994
3.2321e-08,0.3218727
3.2323e-08,0.3219873
3.2325e-08,0.32209849999999995
3.2327e-08,0.32220630000000006
3.2329e-08,0.3223105999999999
3.2331e-08,0.32241169999999997
3.2333e-08,0.3225095
3.2335e-08,0.3226042
3.2337e-08,0.3226958
3.2339e-08,0.32278450000000003
3.2341e-08,0.3228702
3.2343e-08,0.3229531
3.2345e-08,0.3230332
3.2347e-08,0.3231105000000001
3.2349e-08,0.3231853
3.2351e-08,0.32325729999999997
3.2353e-08,0.3233267999999999
3.2355e-08,0.32339400000000007
3.2357e-08,0.32345859999999993
3.2359e-08,0.3235209
3.2361e-08,0.323581
3.2363e-08,0.32363869999999995
3.2365e-08,0.3236943
3.2367e-08,0.32374780000000003
3.2369e-08,0.3237991
3.2371e-08,0.32384840000000004
3.2373e-08,0.32389580000000007
3.2375e-08,0.32394120000000004
3.2377e-08,0.3239847
3.2379e-08,0.32402640000000005
3.2381e-08,0.3240664
3.2383e-08,0.3241045
3.2385e-08,0.32414110000000007
3.2387e-08,0.3241758
3.2389e-08,0.32420910000000003
3.2391e-08,0.3242408
3.2393e-08,0.3242708999999999
3.2395e-08,0.32429949999999996
3.2397e-08,0.32432669999999997
3.23985e-08,0.3243461000000001
3.24e-08,0.32436490000000007
3.24002e-08,0.32436810000000005
3.24006e-08,0.32437629999999995
3.24014e-08,0.3244036
3.2403e-08,0.3244857
3.2405e-08,0.32460089999999997
3.2407e-08,0.3246825
3.2409e-08,0.32468600000000003
3.2411e-08,0.3245760999999999
3.2413e-08,0.32432360000000005
3.2415e-08,0.3239061
3.2417e-08,0.32330559999999997
3.2419e-08,0.32250880000000004
3.2421e-08,0.3215053
3.2423e-08,0.3202881999999999
3.2425e-08,0.31885319999999995
3.2427e-08,0.3171977
3.2429e-08,0.31532099999999996
3.2431e-08,0.31322440000000007
3.2433e-08,0.3109098
3.2435e-08,0.3083808
3.2437e-08,0.3056413
3.2439e-08,0.3026964999999999
3.2441e-08,0.2995517
3.2443e-08,0.29621300000000006
3.2445e-08,0.2926868
3.2447e-08,0.28897989999999996
3.2449e-08,0.28509910000000005
3.2451e-08,0.2810515
3.2453e-08,0.2768444
3.2455e-08,0.272485
3.2457e-08,0.2679806
3.2459e-08,0.2633386
3.2461e-08,0.25856619999999997
3.2463e-08,0.2536704000000001
3.2465e-08,0.2486587
3.2467e-08,0.24353780000000003
3.2469e-08,0.23831480000000005
3.2471e-08,0.23299629999999993
3.2473e-08,0.2275891000000001
3.2475e-08,0.2220995
3.2477e-08,0.2165338
3.2479e-08,0.21089829999999998
3.2481e-08,0.2051989999999999
3.2483e-08,0.19944170000000006
3.2485e-08,0.19363200000000003
3.2487e-08,0.18777539999999993
3.2489e-08,0.18187720000000007
3.2491e-08,0.17594259999999995
3.2493e-08,0.16997649999999997
3.2495e-08,0.16398369999999995
3.2497e-08,0.15796889999999997
3.2499e-08,0.15193649999999992
3.2501e-08,0.14589070000000004
3.2503e-08,0.1398357
3.2505e-08,0.1337756
3.2507e-08,0.12771410000000005
3.2509e-08,0.1216547
3.2511e-08,0.11560110000000001
3.2513e-08,0.10955650000000006
3.2515e-08,0.10352419999999996
3.2517e-08,0.09750730000000007
3.2519e-08,0.09150849999999999
3.2521e-08,0.08553090000000008
3.2523e-08,0.0795768
3.2525e-08,0.07364900000000008
3.2527e-08,0.06774980000000008
3.2529e-08,0.06188130000000003
3.2531e-08,0.05604589999999998
3.2533e-08,0.050245500000000054
3.2535e-08,0.04448209999999997
3.2537e-08,0.0387575
3.2539e-08,0.033073199999999914
3.2541e-08,0.02743110000000004
3.2543e-08,0.02183260000000009
3.2545e-08,0.016278999999999932
3.2547e-08,0.010771799999999998
3.2549e-08,0.005312099999999931
3.2551e-08,-9.889999999990184e-05
3.2553e-08,-0.005460200000000026
3.2555e-08,-0.010770599999999964
3.2557e-08,-0.016029600000000088
3.2559e-08,-0.02123599999999992
3.2561e-08,-0.0263892
3.2563e-08,-0.03148849999999992
3.2565e-08,-0.03653329999999999
3.2567e-08,-0.041523099999999924
3.2569e-08,-0.04645710000000003
3.2571e-08,-0.051335200000000025
3.2573e-08,-0.05615680000000001
3.2575e-08,-0.060921800000000026
3.2577e-08,-0.06562970000000001
3.2579e-08,-0.07028040000000002
3.2581e-08,-0.07487350000000004
3.2583e-08,-0.07940910000000001
3.2585e-08,-0.08388709999999999
3.2587e-08,-0.08830729999999998
3.2589e-08,-0.09266980000000002
3.2591e-08,-0.09697460000000002
3.2593e-08,-0.10122169999999997
3.2595e-08,-0.10541120000000004
3.2597e-08,-0.10954330000000001
3.25985e-08,-0.1126047
3.26e-08,-0.11563400000000001
3.26002e-08,-0.11603590000000008
3.26006e-08,-0.11684059999999996
3.26014e-08,-0.11845399999999995
3.2603e-08,-0.1216813000000001
3.2605e-08,-0.12567649999999997
3.2607e-08,-0.1295792
3.2609e-08,-0.13334390000000007
3.2611e-08,-0.1369342
3.2613e-08,-0.14032049999999996
3.2615e-08,-0.14348000000000005
3.2617e-08,-0.14639500000000005
3.2619e-08,-0.14905239999999997
3.2621e-08,-0.1514428
3.2623e-08,-0.15356020000000004
3.2625e-08,-0.15540090000000006
3.2627e-08,-0.15696390000000005
3.2629e-08,-0.1582498
3.2631e-08,-0.1592608000000001
3.2633e-08,-0.16000059999999994
3.2635e-08,-0.16047370000000005
3.2637e-08,-0.16068550000000004
3.2639e-08,-0.1606424999999999
3.2641e-08,-0.16035119999999992
3.2643e-08,-0.15981889999999999
3.2645e-08,-0.15905310000000006
3.2647e-08,-0.15806169999999997
3.2649e-08,-0.15685249999999995
3.2651e-08,-0.1554337
3.2653e-08,-0.15381329999999993
3.2655e-08,-0.1519996
3.2657e-08,-0.1500007
3.2659e-08,-0.14782450000000003
3.2661e-08,-0.14547900000000002
3.2663e-08,-0.14297230000000005
3.2665e-08,-0.1403118
3.2667e-08,-0.13750529999999994
3.2669e-08,-0.13456020000000002
3.2671e-08,-0.13148369999999998
3.2673e-08,-0.12828299999999992
3.2675e-08,-0.12496499999999999
3.2677e-08,-0.12153650000000005
3.2679e-08,-0.11800379999999999
3.2681e-08,-0.11437370000000002
3.2683e-08,-0.11065210000000003
3.2685e-08,-0.10684499999999997
3.2687e-08,-0.10295849999999995
3.2689e-08,-0.09899789999999997
3.2691e-08,-0.09496889999999991
3.2693e-08,-0.09087670000000003
3.2695e-08,-0.08672630000000003
3.2697e-08,-0.08252269999999995
3.2699e-08,-0.07827079999999997
3.2701e-08,-0.0739749999999999
3.2703e-08,-0.06963969999999997
3.2705e-08,-0.06526920000000003
3.2707e-08,-0.06086749999999996
3.2709e-08,-0.05643890000000007
3.2711e-08,-0.05198669999999994
3.2713e-08,-0.04751479999999997
3.2715e-08,-0.04302669999999997
3.2717e-08,-0.038525699999999996
3.2719e-08,-0.03401490000000007
3.2721e-08,-0.029497600000000013
3.2723e-08,-0.02497640000000001
3.2725e-08,-0.02045459999999999
3.2727e-08,-0.015934499999999963
3.2729e-08,-0.01141890000000001
3.2731e-08,-0.0069101999999999775
3.2733e-08,-0.0024106000000000405
3.2735e-08,0.0020776000000000128
3.2737e-08,0.006552100000000061
3.2739e-08,0.01101109999999994
3.2741e-08,0.015452500000000091
3.2743e-08,0.019874500000000017
3.2745e-08,0.024275500000000005
3.2747e-08,0.028653700000000004
3.2749e-08,0.03300769999999997
3.2751e-08,0.037336000000000036
3.2753e-08,0.04163709999999998
3.2755e-08,0.04590969999999994
3.2757e-08,0.05015270000000005
3.2759e-08,0.05436479999999999
3.2761e-08,0.05854499999999996
3.2763e-08,0.06269239999999998
3.2765e-08,0.06680580000000003
3.2767e-08,0.07088450000000002
3.2769e-08,0.07492750000000004
3.2771e-08,0.07893430000000001
3.2773e-08,0.08290399999999998
3.2775e-08,0.08683600000000002
3.2777e-08,0.09072969999999991
3.2779e-08,0.09458449999999996
3.2781e-08,0.09840000000000004
3.2783e-08,0.10217569999999998
3.2785e-08,0.10591110000000004
3.2787e-08,0.10960600000000009
3.2789e-08,0.11326000000000003
3.2791e-08,0.1168728
3.2793e-08,0.1204442
3.2795e-08,0.12397400000000003
3.2797e-08,0.12746200000000008
3.27985e-08,0.13005049999999996
3.28e-08,0.1326153
3.28002e-08,0.13295599999999996
3.28006e-08,0.13363860000000005
3.28014e-08,0.1350095
3.2803e-08,0.13775890000000002
3.2805e-08,0.14116970000000006
3.2807e-08,0.14450249999999998
3.2809e-08,0.1477113000000001
3.2811e-08,0.1507594
3.2813e-08,0.153617
3.2815e-08,0.1562610000000001
3.2817e-08,0.15867359999999997
3.2819e-08,0.16084109999999996
3.2821e-08,0.16275399999999995
3.2823e-08,0.16440579999999994
3.2825e-08,0.16579270000000002
3.2827e-08,0.1669134
3.2829e-08,0.1677681000000001
3.2831e-08,0.16835899999999993
3.2833e-08,0.16868919999999998
3.2835e-08,0.16876329999999995
3.2837e-08,0.16858620000000002
3.2839e-08,0.1681642000000001
3.2841e-08,0.16750359999999997
3.2843e-08,0.1666114999999999
3.2845e-08,0.16549519999999995
3.2847e-08,0.16416229999999998
3.2849e-08,0.16262049999999995
3.2851e-08,0.16087779999999996
3.2853e-08,0.15894209999999998
3.2855e-08,0.1568214
3.2857e-08,0.15452359999999998
3.2859e-08,0.1520564000000001
3.2861e-08,0.14942790000000006
3.2863e-08,0.1466457
3.2865e-08,0.1437172
3.2867e-08,0.1406501
3.2869e-08,0.1374516
3.2871e-08,0.13412880000000005
3.2873e-08,0.13068880000000005
3.2875e-08,0.12713809999999992
3.2877e-08,0.12348359999999992
3.2879e-08,0.1197317
3.2881e-08,0.11588850000000006
3.2883e-08,0.11196020000000007
3.2885e-08,0.1079525
3.2887e-08,0.1038713
3.2889e-08,0.09972210000000004
3.2891e-08,0.09551019999999999
3.2893e-08,0.0912406
3.2895e-08,0.08691850000000001
3.2897e-08,0.08254870000000003
3.2899e-08,0.07813579999999998
3.2901e-08,0.07368410000000003
3.2903e-08,0.06919819999999999
3.2905e-08,0.06468200000000002
3.2907e-08,0.06013959999999996
3.2909e-08,0.055574800000000035
3.2911e-08,0.05099129999999996
3.2913e-08,0.046392600000000006
3.2915e-08,0.04178209999999993
3.2917e-08,0.037163100000000004
3.2919e-08,0.032538600000000084
3.2921e-08,0.027911699999999984
3.2923e-08,0.023285200000000006
3.2925e-08,0.01866180000000006
3.2927e-08,0.014044100000000004
3.2929e-08,0.009434700000000018
3.2931e-08,0.004835699999999998
3.2933e-08,0.00024959999999996096
3.2935e-08,-0.004321500000000089
3.2937e-08,-0.008875599999999984
3.2939e-08,-0.013410800000000056
3.2941e-08,-0.017925199999999974
3.2943e-08,-0.022417099999999968
3.2945e-08,-0.02688479999999993
3.2947e-08,-0.03132670000000004
3.2949e-08,-0.03574139999999992
3.2951e-08,-0.04012749999999998
3.2953e-08,-0.04448380000000007
3.2955e-08,-0.048808900000000044
3.2957e-08,-0.05310159999999997
3.2959e-08,-0.05736089999999994
3.2961e-08,-0.06158579999999991
3.2963e-08,-0.0657755000000001
3.2965e-08,-0.06992880000000001
3.2967e-08,-0.07404520000000003
3.2969e-08,-0.07812370000000002
3.2971e-08,-0.08216370000000006
3.2973e-08,-0.08616449999999998
3.2975e-08,-0.09012560000000003
3.2977e-08,-0.09404650000000003
3.2979e-08,-0.09792659999999997
3.2981e-08,-0.1017654
3.2983e-08,-0.10556270000000001
3.2985e-08,-0.10931800000000003
3.2987e-08,-0.11303109999999994
3.2989e-08,-0.11670150000000001
3.2991e-08,-0.12032920000000003
3.2993e-08,-0.12391399999999997
3.2995e-08,-0.1274556
3.2997e-08,-0.13095409999999996
3.29985e-08,-0.13354940000000004
3.3e-08,-0.13612039999999992
3.30002e-08,-0.1364611
3.30006e-08,-0.13714179999999998
3.30014e-08,-0.13849769999999995
3.3003e-08,-0.1411888
3.3005e-08,-0.14451360000000002
3.3007e-08,-0.147795
3.3009e-08,-0.15103299999999997
3.3011e-08,-0.15422769999999997
3.3013e-08,-0.1573793
3.3015e-08,-0.16048780000000007
3.3017e-08,-0.16355319999999995
3.3019e-08,-0.1665759
3.3021e-08,-0.16955600000000004
3.3023e-08,-0.1724935999999999
3.3025e-08,-0.17538909999999996
3.3027e-08,-0.17824240000000002
3.3029e-08,-0.1810541
3.3031e-08,-0.18382430000000005
3.3033e-08,-0.18655330000000003
3.3035e-08,-0.1892412
3.3037e-08,-0.19188839999999996
3.3039e-08,-0.19449530000000004
3.3041e-08,-0.19706219999999997
3.3043e-08,-0.19958929999999997
3.3045e-08,-0.20207700000000006
3.3047e-08,-0.20452570000000003
3.3049e-08,-0.2069356
3.3051e-08,-0.20930700000000002
3.3053e-08,-0.2116405
3.3055e-08,-0.21393629999999997
3.3057e-08,-0.21619480000000002
3.3059e-08,-0.2184165
3.3061e-08,-0.2206015
3.3063e-08,-0.22275049999999996
3.3065e-08,-0.22486359999999994
3.3067e-08,-0.22694150000000002
3.3069e-08,-0.22898419999999997
3.3071e-08,-0.2309924
3.3073e-08,-0.23296640000000002
3.3075e-08,-0.23490650000000002
3.3077e-08,-0.2368133
3.3079e-08,-0.2386872
3.3081e-08,-0.24052830000000003
3.3083e-08,-0.24233729999999998
3.3085e-08,-0.24411439999999995
3.3087e-08,-0.24586020000000008
3.3089e-08,-0.247575
3.3091e-08,-0.24925920000000001
3.3093e-08,-0.2509131
3.3095e-08,-0.2525373999999999
3.3097e-08,-0.25413209999999997
3.3099e-08,-0.255698
3.3101e-08,-0.25723510000000005
3.3103e-08,-0.2587440999999999
3.3105e-08,-0.26022519999999993
3.3107e-08,-0.26167889999999994
3.3109e-08,-0.2631057
3.3111e-08,-0.2645056
3.3113e-08,-0.2658794
3.3115e-08,-0.2672272
3.3117e-08,-0.2685495
3.3119e-08,-0.2698467
3.3121e-08,-0.27111909999999995
3.3123e-08,-0.2723671000000001
3.3125e-08,-0.2735911
3.3127e-08,-0.2747915000000001
3.3129e-08,-0.2759686
3.3131e-08,-0.27712269999999994
3.3133e-08,-0.27825409999999995
3.3135e-08,-0.2793633
3.3137e-08,-0.28045069999999994
3.3139e-08,-0.28151649999999995
3.3141e-08,-0.2825611
3.3143e-08,-0.2835848000000001
3.3145e-08,-0.2845881
3.3147e-08,-0.285571
3.3149e-08,-0.28653420000000007
3.3151e-08,-0.2874778
3.3153e-08,-0.2884021
3.3155e-08,-0.28930749999999994
3.3157e-08,-0.29019439999999996
3.3159e-08,-0.29106280000000007
3.3161e-08,-0.29191350000000005
3.3163e-08,-0.2927463
3.3165e-08,-0.2935618000000001
3.3167e-08,-0.29436020000000007
3.3169e-08,-0.2951418
3.3171e-08,-0.2959069
3.3173e-08,-0.2966558
3.3175e-08,-0.29738870000000006
3.3177e-08,-0.29810590000000003
3.3179e-08,-0.29880779999999996
3.3181e-08,-0.29949459999999994
3.3183e-08,-0.3001665
3.3185e-08,-0.3008238
3.3187e-08,-0.3014667
3.3189e-08,-0.30209569999999997
3.3191e-08,-0.30271080000000006
3.3193e-08,-0.30331220000000003
3.3195e-08,-0.3039003
3.3197e-08,-0.3044755
3.31985e-08,-0.30489829999999996
3.32e-08,-0.305314
3.32002e-08,-0.3053696
3.32006e-08,-0.30548240000000004
3.32014e-08,-0.3057175999999999
3.3203e-08,-0.30621
3.3205e-08,-0.30682830000000005
3.3207e-08,-0.30740200000000006
3.3209e-08,-0.30788689999999996
3.3211e-08,-0.30824740000000006
3.3213e-08,-0.3084549
3.3215e-08,-0.30848680000000006
3.3217e-08,-0.30832570000000004
3.3219e-08,-0.30795799999999995
3.3221e-08,-0.3073739
3.3223e-08,-0.3065667000000001
3.3225e-08,-0.305532
3.3227e-08,-0.30426790000000004
3.3229e-08,-0.30277370000000003
3.3231e-08,-0.3010509
3.3233e-08,-0.2991018999999999
3.3235e-08,-0.2969301
3.3237e-08,-0.2945399999999999
3.3239e-08,-0.2919366
3.3241e-08,-0.28912590000000005
3.3243e-08,-0.2861138
3.3245e-08,-0.28290709999999997
3.3247e-08,-0.27951250000000005
3.3249e-08,-0.27593730000000005
3.3251e-08,-0.2721886
3.3253e-08,-0.2682738
3.3255e-08,-0.26420029999999994
3.3257e-08,-0.2599754999999999
3.3259e-08,-0.2556069999999999
3.3261e-08,-0.25110200000000005
3.3263e-08,-0.2464679999999999
3.3265e-08,-0.24171189999999998
3.3267e-08,-0.23684110000000003
3.3269e-08,-0.23186260000000003
3.3271e-08,-0.22678310000000002
3.3273e-08,-0.22160940000000007
3.3275e-08,-0.21634810000000004
3.3277e-08,-0.2110054
3.3279e-08,-0.20558790000000005
3.3281e-08,-0.2001014000000001
3.3283e-08,-0.19455199999999995
3.3285e-08,-0.18894520000000004
3.3287e-08,-0.18328679999999997
3.3289e-08,-0.17758200000000002
3.3291e-08,-0.1718362
3.3293e-08,-0.16605420000000004
3.3295e-08,-0.16024119999999997
3.3297e-08,-0.15440160000000003
3.3299e-08,-0.14854
3.3301e-08,-0.14266089999999998
3.3303e-08,-0.13676829999999995
3.3305e-08,-0.1308663
3.3307e-08,-0.12495889999999998
3.3309e-08,-0.11904959999999998
3.3311e-08,-0.11314230000000003
3.3313e-08,-0.10724
3.3315e-08,-0.10134620000000005
3.3317e-08,-0.095464
3.3319e-08,-0.08959640000000002
3.3321e-08,-0.08374619999999999
3.3323e-08,-0.07791619999999999
3.3325e-08,-0.07210889999999992
3.3327e-08,-0.06632669999999996
3.3329e-08,-0.06057210000000002
3.3331e-08,-0.054847099999999926
3.3333e-08,-0.04915409999999998
3.3335e-08,-0.043494799999999945
3.3337e-08,-0.037871199999999994
3.3339e-08,-0.03228500000000001
3.3341e-08,-0.02673800000000004
3.3343e-08,-0.021231699999999964
3.3345e-08,-0.015767499999999934
3.3347e-08,-0.010346899999999937
3.3349e-08,-0.004971100000000006
3.3351e-08,0.00035869999999993407
3.3353e-08,0.005641300000000071
3.3355e-08,0.010875599999999985
3.3357e-08,0.016060900000000045
3.3359e-08,0.0211962
3.3361e-08,0.02628050000000004
3.3363e-08,0.03131329999999999
3.3365e-08,0.03629380000000004
3.3367e-08,0.04122149999999991
3.3369e-08,0.046095600000000014
3.3371e-08,0.050915799999999956
3.3373e-08,0.055681699999999945
3.3375e-08,0.06039300000000003
3.3377e-08,0.06504899999999991
3.3379e-08,0.06964970000000004
3.3381e-08,0.0741948
3.3383e-08,0.07868429999999993
3.3385e-08,0.08311769999999996
3.3387e-08,0.0874952
3.3389e-08,0.09181660000000003
3.3391e-08,0.0960818
3.3393e-08,0.10029109999999997
3.3395e-08,0.10444419999999999
3.3397e-08,0.10854150000000007
3.33985e-08,0.11157780000000006
3.34e-08,0.11458269999999993
3.34002e-08,0.11498069999999994
3.34006e-08,0.11577559999999998
3.34014e-08,0.11735870000000004
3.3403e-08,0.12049849999999995
3.3405e-08,0.12437330000000002
3.3407e-08,0.128193
3.3409e-08,0.13195800000000002
3.3411e-08,0.13566820000000002
3.3413e-08,0.13932430000000007
3.3415e-08,0.14292630000000006
3.3417e-08,0.1464746
3.3419e-08,0.14996969999999998
3.3421e-08,0.1534118
3.3423e-08,0.15680120000000008
3.3425e-08,0.16013849999999996
3.3427e-08,0.163424
3.3429e-08,0.16665810000000003
3.3431e-08,0.16984129999999997
3.3433e-08,0.17297410000000002
3.3435e-08,0.17605670000000007
3.3437e-08,0.17908979999999997
3.3439e-08,0.1820737
3.3441e-08,0.18500899999999998
3.3443e-08,0.18789619999999996
3.3445e-08,0.1907356
3.3447e-08,0.19352800000000003
3.3449e-08,0.19627360000000005
3.3451e-08,0.1989731
3.3453e-08,0.201627
3.3455e-08,0.20423570000000002
3.3457e-08,0.20679979999999998
3.3459e-08,0.2093197
3.3461e-08,0.21179610000000004
3.3463e-08,0.21422949999999996
3.3465e-08,0.2166203
3.3467e-08,0.21896910000000003
3.3469e-08,0.22127640000000004
3.3471e-08,0.22354280000000004
3.3473e-08,0.22576859999999999
3.3475e-08,0.22795470000000007
3.3477e-08,0.2301014
3.3479e-08,0.23220909999999995
3.3481e-08,0.2342786
3.3483e-08,0.23631020000000003
3.3485e-08,0.23830450000000003
3.3487e-08,0.24026209999999992
3.3489e-08,0.24218340000000005
3.3491e-08,0.24406890000000003
3.3493e-08,0.2459192
3.3495e-08,0.24773469999999997
3.3497e-08,0.2495160999999999
3.3499e-08,0.25126360000000003
3.3501e-08,0.25297800000000004
3.3503e-08,0.2546596
3.3505e-08,0.2563088
3.3507e-08,0.2579264
3.3509e-08,0.25951269999999993
3.3511e-08,0.2610681
3.3513e-08,0.26259319999999997
3.3515e-08,0.26408849999999995
3.3517e-08,0.2655542999999999
3.3519e-08,0.2669912
3.3521e-08,0.26839959999999996
3.3523e-08,0.2697799999999999
3.3525e-08,0.2711327
3.3527e-08,0.27245830000000004
3.3529e-08,0.2737571999999999
3.3531e-08,0.27503
3.3533e-08,0.27627669999999993
3.3535e-08,0.2774981000000001
3.3537e-08,0.2786944
3.3539e-08,0.2798663
3.3541e-08,0.2810138999999999
3.3543e-08,0.28213769999999994
3.3545e-08,0.28323810000000005
3.3547e-08,0.2843156
3.3549e-08,0.28537049999999997
3.3551e-08,0.2864033
3.3553e-08,0.28741419999999995
3.3555e-08,0.28840350000000003
3.3557e-08,0.2893720000000001
3.3559e-08,0.29031969999999996
3.3561e-08,0.2912469999999999
3.3563e-08,0.2921543
3.3565e-08,0.293042
3.3567e-08,0.2939104
3.3569e-08,0.29475989999999996
3.3571e-08,0.29559079999999993
3.3573e-08,0.2964034
3.3575e-08,0.2971980999999999
3.3577e-08,0.2979752
3.3579e-08,0.2987349
3.3581e-08,0.29947770000000007
3.3583e-08,0.3002038
3.3585e-08,0.3009136
3.3587e-08,0.30160719999999996
3.3589e-08,0.3022851999999999
3.3591e-08,0.3029476
3.3593e-08,0.3035949
3.3595e-08,0.3042273
3.3597e-08,0.30484500000000003
3.35985e-08,0.30529890000000004
3.36e-08,0.3057447999999999
3.36002e-08,0.30580430000000003
3.36006e-08,0.30592509999999995
3.36014e-08,0.30617589999999995
3.3603e-08,0.3066989
3.3605e-08,0.3073542
3.3607e-08,0.30796349999999995
3.3609e-08,0.3084829
3.3611e-08,0.3088767
3.3613e-08,0.30911639999999996
3.3615e-08,0.30917950000000005
3.3617e-08,0.30904830000000005
3.3619e-08,0.30870980000000003
3.3621e-08,0.30815380000000003
3.3623e-08,0.30737380000000003
3.3625e-08,0.30636550000000007
3.3627e-08,0.3051267000000001
3.3629e-08,0.30365719999999996
3.3631e-08,0.30195799999999995
3.3633e-08,0.30003179999999996
3.3635e-08,0.297882
3.3637e-08,0.2955131
3.3639e-08,0.29293020000000003
3.3641e-08,0.29013900000000004
3.3643e-08,0.28714569999999995
3.3645e-08,0.28395709999999996
3.3647e-08,0.28057980000000005
3.3649e-08,0.2770210000000001
3.3651e-08,0.27328810000000003
3.3653e-08,0.2693883
3.3655e-08,0.2653291
3.3657e-08,0.2611179
3.3659e-08,0.25676220000000005
3.3661e-08,0.25226930000000003
3.3663e-08,0.2476467
3.3665e-08,0.24290140000000005
3.3667e-08,0.2380407
3.3669e-08,0.23307159999999993
3.3671e-08,0.2280008
3.3673e-08,0.2228351999999999
3.3675e-08,0.21758140000000004
3.3677e-08,0.21224580000000004
3.3679e-08,0.20683450000000003
3.3681e-08,0.20135380000000003
3.3683e-08,0.19580940000000002
3.3685e-08,0.19020720000000002
3.3687e-08,0.18455279999999996
3.3689e-08,0.17885150000000005
3.3691e-08,0.17310860000000006
3.3693e-08,0.1673291
3.3695e-08,0.16151799999999994
3.3697e-08,0.15567980000000003
3.3699e-08,0.1498193
3.3701e-08,0.14394070000000003
3.3703e-08,0.13804820000000007
3.3705e-08,0.13214599999999999
3.3707e-08,0.1262377
3.3709e-08,0.12032739999999997
3.3711e-08,0.11441839999999992
3.3713e-08,0.10851430000000006
3.3715e-08,0.10261819999999999
3.3717e-08,0.09673340000000008
3.3719e-08,0.09086289999999997
3.3721e-08,0.08500940000000001
3.3723e-08,0.07917569999999996
3.3725e-08,0.07336450000000005
3.3727e-08,0.06757809999999997
3.3729e-08,0.06181899999999996
3.3731e-08,0.05608930000000001
3.3733e-08,0.05039119999999997
3.3735e-08,0.04472670000000001
3.3737e-08,0.039097600000000066
3.3739e-08,0.03350580000000003
3.3741e-08,0.027952899999999947
3.3743e-08,0.022440499999999974
3.3745e-08,0.01697000000000004
3.3747e-08,0.011542900000000023
3.3749e-08,0.006160400000000066
3.3751e-08,0.0008237999999999301
3.3753e-08,-0.004465799999999964
3.3755e-08,-0.009707300000000085
3.3757e-08,-0.014899799999999908
3.3759e-08,-0.020042400000000016
3.3761e-08,-0.025134299999999943
3.3763e-08,-0.030174799999999946
3.3765e-08,-0.0351631
3.3767e-08,-0.040098499999999926
3.3769e-08,-0.044980700000000096
3.3771e-08,-0.049808899999999934
3.3773e-08,-0.05458300000000005
3.3775e-08,-0.05930230000000003
3.3777e-08,-0.06396659999999998
3.3779e-08,-0.06857570000000002
3.3781e-08,-0.0731292
3.3783e-08,-0.07762709999999995
3.3785e-08,-0.08206899999999995
3.3787e-08,-0.08645500000000006
3.3789e-08,-0.090785
3.3791e-08,-0.0950588
3.3793e-08,-0.09927659999999994
3.3795e-08,-0.1034385000000001
3.3797e-08,-0.10754439999999998
3.37985e-08,-0.11058710000000005
3.38e-08,-0.1135986
3.38002e-08,-0.11399749999999997
3.38006e-08,-0.11479410000000001
3.38014e-08,-0.1163807
3.3803e-08,-0.1195273
3.3805e-08,-0.12341089999999999
3.3807e-08,-0.1272394
3.3809e-08,-0.13101299999999994
3.3811e-08,-0.13473199999999996
3.3813e-08,-0.13839669999999993
3.3815e-08,-0.1420074
3.3817e-08,-0.14556439999999993
3.3819e-08,-0.1490680000000001
3.3821e-08,-0.1525187
3.3823e-08,-0.15591680000000008
3.3825e-08,-0.15926259999999992
3.3827e-08,-0.16255659999999994
3.3829e-08,-0.16579929999999998
3.3831e-08,-0.168991
3.3833e-08,-0.1721321
3.3835e-08,-0.17522310000000008
3.3837e-08,-0.1782646
3.3839e-08,-0.18125689999999994
3.3841e-08,-0.1842005
3.3843e-08,-0.18709589999999998
3.3845e-08,-0.18994370000000005
3.3847e-08,-0.19274410000000008
3.3849e-08,-0.1954979
3.3851e-08,-0.19820550000000003
3.3853e-08,-0.20086740000000003
3.3855e-08,-0.203484
3.3857e-08,-0.20605600000000002
3.3859e-08,-0.2085838000000001
3.3861e-08,-0.21106809999999998
3.3863e-08,-0.21350919999999995
3.3865e-08,-0.21590779999999998
3.3867e-08,-0.21826420000000002
3.3869e-08,-0.22057910000000003
3.3871e-08,-0.22285310000000003
3.3873e-08,-0.22508649999999997
3.3875e-08,-0.22728000000000004
3.3877e-08,-0.22943400000000003
3.3879e-08,-0.2315492
3.3881e-08,-0.23362589999999994
3.3883e-08,-0.2356648
3.3885e-08,-0.2376663
3.3887e-08,-0.2396309000000001
3.3889e-08,-0.24155919999999997
3.3891e-08,-0.2434518
3.3893e-08,-0.245309
3.3895e-08,-0.2471314
3.3897e-08,-0.24891960000000002
3.3899e-08,-0.25067400000000006
3.3901e-08,-0.25239500000000004
3.3903e-08,-0.2540833
3.3905e-08,-0.2557391
3.3907e-08,-0.2573632
3.3909e-08,-0.2589559
3.3911e-08,-0.2605179000000001
3.3913e-08,-0.26204930000000004
3.3915e-08,-0.2635508
3.3917e-08,-0.265023
3.3919e-08,-0.26646590000000003
3.3921e-08,-0.26788049999999997
3.3923e-08,-0.2692669
3.3925e-08,-0.2706258
3.3927e-08,-0.27195729999999996
3.3929e-08,-0.27326210000000006
3.3931e-08,-0.2745405999999999
3.3933e-08,-0.27579319999999996
3.3935e-08,-0.2770203
3.3937e-08,-0.2782222999999999
3.3939e-08,-0.27939970000000003
3.3941e-08,-0.2805529
3.3943e-08,-0.2816822
3.3945e-08,-0.28278820000000005
3.3947e-08,-0.28387109999999993
3.3949e-08,-0.2849313
3.3951e-08,-0.2859693
3.3953e-08,-0.2869854999999999
3.3955e-08,-0.28798
3.3957e-08,-0.2889535999999999
3.3959e-08,-0.28990630000000006
3.3961e-08,-0.2908387
3.3963e-08,-0.291751
3.3965e-08,-0.2926436
3.3967e-08,-0.29351700000000003
3.3969e-08,-0.29437120000000006
3.3971e-08,-0.29520689999999994
3.3973e-08,-0.29602420000000007
3.3975e-08,-0.29682359999999997
3.3977e-08,-0.2976053000000001
3.3979e-08,-0.2983696
3.3981e-08,-0.29911679999999996
3.3983e-08,-0.29984750000000004
3.3985e-08,-0.30056170000000004
3.3987e-08,-0.3012597
3.3989e-08,-0.3019419
3.3991e-08,-0.30260870000000006
3.3993e-08,-0.3032602
3.3995e-08,-0.3038967
3.3997e-08,-0.3045186
3.39985e-08,-0.30497569999999996
3.4e-08,-0.30542460000000005
3.40002e-08,-0.30548379999999997
3.40006e-08,-0.3056019
3.40014e-08,-0.3058364
3.4003e-08,-0.306299
3.4005e-08,-0.30686500000000005
3.4007e-08,-0.30741759999999996
3.4009e-08,-0.3079571
3.4011e-08,-0.308484
3.4013e-08,-0.30899809999999994
3.4015e-08,-0.3095
3.4017e-08,-0.30998970000000003
3.4019e-08,-0.3104677
3.4021e-08,-0.31093400000000004
3.4023e-08,-0.3113889000000001
3.4025e-08,-0.3118326
3.4027e-08,-0.3122655000000001
3.4029e-08,-0.31268759999999995
3.4031e-08,-0.31309909999999996
3.4033e-08,-0.3135004
3.4035e-08,-0.31389159999999994
3.4037e-08,-0.3142729000000001
3.4039e-08,-0.31464439999999994
3.4041e-08,-0.3150065999999999
3.4043e-08,-0.31535939999999996
3.4045e-08,-0.3157031
3.4047e-08,-0.3160379000000001
3.4049e-08,-0.316364
3.4051e-08,-0.3166814
3.4053e-08,-0.31699049999999995
3.4055e-08,-0.3172914
3.4057e-08,-0.31758430000000004
3.4059e-08,-0.3178693
3.4061e-08,-0.3181465
3.4063e-08,-0.31841620000000004
3.4065e-08,-0.3186787
3.4067e-08,-0.31893379999999993
3.4069e-08,-0.3191818999999999
3.4071e-08,-0.31942309999999996
3.4073e-08,-0.31965749999999993
3.4075e-08,-0.3198852
3.4077e-08,-0.32010650000000007
3.4079e-08,-0.32032150000000004
3.4081e-08,-0.32053029999999993
3.4083e-08,-0.32073299999999993
3.4085e-08,-0.32092979999999993
3.4087e-08,-0.3211208
3.4089e-08,-0.3213060000000001
3.4091e-08,-0.3214857
3.4093e-08,-0.32166019999999995
3.4095e-08,-0.3218291
3.4097e-08,-0.321993
3.4099e-08,-0.3221518
3.4101e-08,-0.32230570000000003
3.4103e-08,-0.32245460000000004
3.4105e-08,-0.3225988000000001
3.4107e-08,-0.3227386
3.4109e-08,-0.3228736000000001
3.4111e-08,-0.32300439999999997
3.4113e-08,-0.32313080000000005
3.4115e-08,-0.323253
3.4117e-08,-0.32337119999999997
3.4119e-08,-0.32348520000000003
3.4121e-08,-0.3235954
3.4123e-08,-0.3237017
3.4125e-08,-0.32380430000000004
3.4127e-08,-0.3239033
3.4129e-08,-0.32399880000000003
3.4131e-08,-0.3240908
3.4133e-08,-0.32417929999999995
3.4135e-08,-0.32426449999999996
3.4137e-08,-0.3243465
3.4139e-08,-0.32442550000000003
3.4141e-08,-0.3245013000000001
3.4143e-08,-0.3245741
3.4145e-08,-0.32464400000000004
3.4147e-08,-0.32471099999999997
3.4149e-08,-0.3247753
3.4151e-08,-0.3248369
3.4153e-08,-0.32489579999999996
3.4155e-08,-0.3249522
3.4157e-08,-0.32500609999999996
3.4159e-08,-0.3250575
3.4161e-08,-0.3251066
3.4163e-08,-0.3251533
3.4165e-08,-0.3251978
3.4167e-08,-0.32524010000000003
3.4169e-08,-0.3252802
3.4171e-08,-0.32531829999999995
3.4173e-08,-0.3253543
3.4175e-08,-0.3253884
3.4177e-08,-0.32542059999999995
3.4179e-08,-0.3254509
3.4181e-08,-0.3254794
3.4183e-08,-0.32550599999999996
3.4185e-08,-0.32553109999999996
3.4187e-08,-0.32555429999999996
3.4189e-08,-0.3255760999999999
3.4191e-08,-0.3255962
3.4193e-08,-0.3256148
3.4195e-08,-0.3256319
3.4197e-08,-0.3256475000000001
3.41985e-08,-0.3256584
3.42e-08,-0.3256684000000001
3.42002e-08,-0.3256705
3.42006e-08,-0.3256764000000001
3.42014e-08,-0.3256991
3.4203e-08,-0.32577199999999995
3.4205e-08,-0.32587579999999994
3.4207e-08,-0.3259459
3.4209e-08,-0.32593820000000007
3.4211e-08,-0.32581689999999996
3.4213e-08,-0.3255534
3.4215e-08,-0.32512490000000005
3.4217e-08,-0.32451359999999996
3.4219e-08,-0.32370599999999994
3.4221e-08,-0.3226920999999999
3.4223e-08,-0.32146469999999994
3.4225e-08,-0.32001940000000006
3.4227e-08,-0.31835369999999996
3.4229e-08,-0.31646700000000005
3.4231e-08,-0.31436049999999993
3.4233e-08,-0.31203630000000004
3.4235e-08,-0.3094975
3.4237e-08,-0.3067483999999999
3.4239e-08,-0.30379410000000007
3.4241e-08,-0.3006398
3.4243e-08,-0.29729170000000005
3.4245e-08,-0.2937562
3.4247e-08,-0.2900399
3.4249e-08,-0.28614989999999996
3.4251e-08,-0.2820929999999999
3.4253e-08,-0.2778767
3.4255e-08,-0.2735080000000001
3.4257e-08,-0.2689945
3.4259e-08,-0.2643434
3.4261e-08,-0.25956180000000006
3.4263e-08,-0.2546569999999999
3.4265e-08,-0.24963609999999992
3.4267e-08,-0.24450609999999995
3.4269e-08,-0.239274
3.4271e-08,-0.2339464
3.4273e-08,-0.22853009999999996
3.4275e-08,-0.22303130000000004
3.4277e-08,-0.2174566
3.4279e-08,-0.21181210000000006
3.4281e-08,-0.2061037
3.4283e-08,-0.2003372
3.4285e-08,-0.19451850000000004
3.4287e-08,-0.1886527
3.4289e-08,-0.1827455
3.4291e-08,-0.17680189999999996
3.4293e-08,-0.1708267
3.4295e-08,-0.16482490000000005
3.4297e-08,-0.15880099999999997
3.4299e-08,-0.15275970000000005
3.4301e-08,-0.14670499999999997
3.4303e-08,-0.14064109999999996
3.4305e-08,-0.13457199999999991
3.4307e-08,-0.12850150000000005
3.4309e-08,-0.12243329999999997
3.4311e-08,-0.11637089999999994
3.4313e-08,-0.11031760000000002
3.4315e-08,-0.10427640000000005
3.4317e-08,-0.09825079999999997
3.4319e-08,-0.09224349999999992
3.4321e-08,-0.08625709999999998
3.4323e-08,-0.08029450000000005
3.4325e-08,-0.07435819999999993
3.4327e-08,-0.06845040000000002
3.4329e-08,-0.06257360000000001
3.4331e-08,-0.05672979999999994
3.4333e-08,-0.05092110000000005
3.4335e-08,-0.045149400000000006
3.4337e-08,-0.039416500000000076
3.4339e-08,-0.03372420000000009
3.4341e-08,-0.028074000000000043
3.4343e-08,-0.022467399999999915
3.4345e-08,-0.016905899999999918
3.4347e-08,-0.011390699999999976
3.4349e-08,-0.005923299999999965
3.4351e-08,-0.0005045000000000188
3.4353e-08,0.004864500000000049
3.4355e-08,0.01018259999999993
3.4357e-08,0.015449099999999993
3.4359e-08,0.020662999999999987
3.4361e-08,0.025823700000000005
3.4363e-08,0.030930299999999966
3.4365e-08,0.03598250000000003
3.4367e-08,0.0409794
3.4369e-08,0.04592060000000009
3.4371e-08,0.050805700000000065
3.4373e-08,0.055634400000000084
3.4375e-08,0.060406300000000024
3.4377e-08,0.06512090000000004
3.4379e-08,0.06977840000000002
3.4381e-08,0.07437830000000001
3.4383e-08,0.07892060000000001
3.4385e-08,0.08340510000000001
3.4387e-08,0.08783170000000007
3.4389e-08,0.09220069999999991
3.4391e-08,0.09651179999999993
3.4393e-08,0.1007652
3.4395e-08,0.10496090000000002
3.4397e-08,0.10909900000000006
3.43985e-08,0.11216499999999996
3.44e-08,0.11519869999999999
3.44002e-08,0.11560140000000008
3.44006e-08,0.11640720000000004
3.44014e-08,0.11802290000000004
3.4403e-08,0.121255
3.4405e-08,0.12525600000000003
3.4407e-08,0.12916450000000002
3.4409e-08,0.13293490000000008
3.4411e-08,0.1365307
3.4413e-08,0.13992250000000006
3.4415e-08,0.14308750000000003
3.4417e-08,0.14600769999999996
3.4419e-08,0.1486704000000001
3.4421e-08,0.15106599999999992
3.4423e-08,0.1531884
3.4425e-08,0.1550342
3.4427e-08,0.15660200000000002
3.4429e-08,0.1578927000000001
3.4431e-08,0.1589085
3.4433e-08,0.15965279999999993
3.4435e-08,0.1601305999999999
3.4437e-08,0.16034689999999996
3.4439e-08,0.16030830000000007
3.4441e-08,0.1600214000000001
3.4443e-08,0.15949330000000006
3.4445e-08,0.15873189999999993
3.4447e-08,0.15774449999999995
3.4449e-08,0.15653949999999994
3.4451e-08,0.15512479999999995
3.4453e-08,0.15350850000000005
3.4455e-08,0.15169869999999996
3.4457e-08,0.14970360000000005
3.4459e-08,0.14753129999999992
3.4461e-08,0.1451897000000001
3.4463e-08,0.14268670000000006
3.4465e-08,0.14003
3.4467e-08,0.13722710000000005
3.4469e-08,0.13428570000000006
3.4471e-08,0.1312127999999999
3.4473e-08,0.1280156
3.4475e-08,0.12470119999999996
3.4477e-08,0.1212761
3.4479e-08,0.11774700000000005
3.4481e-08,0.1141202
3.4483e-08,0.11040189999999994
3.4485e-08,0.10659830000000003
3.4487e-08,0.10271509999999995
3.4489e-08,0.09875769999999995
3.4491e-08,0.09473189999999998
3.4493e-08,0.09064289999999997
3.4495e-08,0.08649569999999995
3.4497e-08,0.08229529999999996
3.4499e-08,0.07804640000000007
3.4501e-08,0.07375359999999997
3.4503e-08,0.06942140000000008
3.4505e-08,0.06505380000000005
3.4507e-08,0.06065520000000002
3.4509e-08,0.056229399999999985
3.4511e-08,0.051780099999999996
3.4513e-08,0.04731109999999994
3.4515e-08,0.042825800000000025
3.4517e-08,0.03832760000000002
3.4519e-08,0.03381960000000006
3.4521e-08,0.029304999999999914
3.4523e-08,0.02478670000000005
3.4525e-08,0.020267499999999994
3.4527e-08,0.015750000000000042
3.4529e-08,0.011236999999999941
3.4531e-08,0.006730800000000037
3.4533e-08,0.0022337999999999525
3.4535e-08,-0.002251800000000026
3.4537e-08,-0.0067238000000000575
3.4539e-08,-0.01118029999999992
3.4541e-08,-0.015619300000000003
3.4543e-08,-0.020038999999999918
3.4545e-08,-0.024437599999999948
3.4547e-08,-0.028813499999999936
3.4549e-08,-0.033165200000000006
3.4551e-08,-0.0374911
3.4553e-08,-0.041789999999999994
3.4555e-08,-0.0460604
3.4557e-08,-0.05030109999999999
3.4559e-08,-0.054511099999999924
3.4561e-08,-0.0586892
3.4563e-08,-0.06283439999999996
3.4565e-08,-0.0669457
3.4567e-08,-0.07102240000000004
3.4569e-08,-0.0750634
3.4571e-08,-0.07906820000000003
3.4573e-08,-0.08303579999999999
3.4575e-08,-0.08696589999999993
3.4577e-08,-0.09085770000000004
3.4579e-08,-0.09471060000000009
3.4581e-08,-0.0985241
3.4583e-08,-0.10229809999999995
3.4585e-08,-0.10603169999999995
3.4587e-08,-0.10972470000000001
3.4589e-08,-0.11337699999999995
3.4591e-08,-0.11698809999999993
3.4593e-08,-0.12055769999999999
3.4595e-08,-0.12408580000000002
3.4597e-08,-0.12757210000000008
3.45985e-08,-0.13015929999999998
3.46e-08,-0.13272289999999998
3.46002e-08,-0.1330635
3.46006e-08,-0.13374580000000003
3.46014e-08,-0.135116
3.4603e-08,-0.13786410000000004
3.4605e-08,-0.1412734
3.4607e-08,-0.14460459999999997
3.4609e-08,-0.1478119000000001
3.4611e-08,-0.1508585
3.4613e-08,-0.15371469999999998
3.4615e-08,-0.15635730000000003
3.4617e-08,-0.15876829999999997
3.4619e-08,-0.16093440000000003
3.4621e-08,-0.1628459
3.4623e-08,-0.1644964
3.4625e-08,-0.16588200000000008
3.4627e-08,-0.16700139999999997
3.4629e-08,-0.16785489999999992
3.4631e-08,-0.1684445
3.4633e-08,-0.16877359999999997
3.4635e-08,-0.1688463
3.4637e-08,-0.1686681
3.4639e-08,-0.16824479999999997
3.4641e-08,-0.16758320000000004
3.4643e-08,-0.16668990000000006
3.4645e-08,-0.1655725
3.4647e-08,-0.16423849999999995
3.4649e-08,-0.16269560000000005
3.4651e-08,-0.16095190000000004
3.4653e-08,-0.15901510000000008
3.4655e-08,-0.1568933
3.4657e-08,-0.15459440000000002
3.4659e-08,-0.1521264
3.4661e-08,-0.14949689999999993
3.4663e-08,-0.1467136
3.4665e-08,-0.14378429999999998
3.4667e-08,-0.14071620000000007
3.4669e-08,-0.1375168
3.4671e-08,-0.13419309999999995
3.4673e-08,-0.13075210000000004
3.4675e-08,-0.1272006
3.4677e-08,-0.12354519999999991
3.4679e-08,-0.11979230000000007
3.4681e-08,-0.1159483
3.4683e-08,-0.11201899999999998
3.4685e-08,-0.1080104999999999
3.4687e-08,-0.10392849999999998
3.4689e-08,-0.09977849999999999
3.4691e-08,-0.09556570000000009
3.4693e-08,-0.09129540000000003
3.4695e-08,-0.08697250000000001
3.4697e-08,-0.0826019
3.4699e-08,-0.07818809999999998
3.4701e-08,-0.07373580000000002
3.4703e-08,-0.069249
3.4705e-08,-0.06473220000000002
3.4707e-08,-0.06018900000000005
3.4709e-08,-0.05562339999999999
3.4711e-08,-0.05103919999999995
3.4713e-08,-0.04643989999999998
3.4715e-08,-0.04182869999999994
3.4717e-08,-0.03720889999999999
3.4719e-08,-0.03258379999999994
3.4721e-08,-0.027956199999999987
3.4723e-08,-0.023329000000000044
3.4725e-08,-0.01870499999999997
3.4727e-08,-0.01408659999999995
3.4729e-08,-0.009476400000000051
3.4731e-08,-0.00487700000000002
3.4733e-08,-0.0002902000000000182
3.4735e-08,0.004281500000000049
3.4737e-08,0.008836200000000072
3.4739e-08,0.013372099999999998
3.4741e-08,0.017887099999999934
3.4743e-08,0.022379499999999997
3.4745e-08,0.02684770000000003
3.4747e-08,0.03129029999999999
3.4749e-08,0.03570559999999989
3.4751e-08,0.04009220000000002
3.4753e-08,0.04444890000000001
3.4755e-08,0.0487746
3.4757e-08,0.05306790000000006
3.4759e-08,0.05732769999999998
3.4761e-08,0.06155310000000003
3.4763e-08,0.06574329999999995
3.4765e-08,0.06989709999999993
3.4767e-08,0.07401389999999997
3.4769e-08,0.07809300000000008
3.4771e-08,0.08213350000000008
3.4773e-08,0.08613480000000007
3.4775e-08,0.09009630000000002
3.4777e-08,0.09401769999999998
3.4779e-08,0.09789820000000005
3.4781e-08,0.10173750000000004
3.4783e-08,0.10553519999999994
3.4785e-08,0.10929090000000008
3.4787e-08,0.11300429999999995
3.4789e-08,0.11667529999999993
3.4791e-08,0.12030339999999995
3.4793e-08,0.12388850000000007
3.4795e-08,0.12743060000000006
3.4797e-08,0.13092939999999997
3.47985e-08,0.13352509999999995
3.48e-08,0.1361078
3.48002e-08,0.1364525000000001
3.48006e-08,0.13714249999999995
3.48014e-08,0.13852540000000002
3.4803e-08,0.14128620000000003
3.4805e-08,0.14469129999999997
3.4807e-08,0.1479996
3.4809e-08,0.1511688
3.4811e-08,0.15416459999999998
3.4813e-08,0.1569602
3.4815e-08,0.15953439999999997
3.4817e-08,0.16187090000000004
3.4819e-08,0.16395780000000004
3.4821e-08,0.16578670000000006
3.4823e-08,0.16735239999999996
3.4825e-08,0.16865180000000002
3.4827e-08,0.16968420000000006
3.4829e-08,0.1704506
3.4831e-08,0.1709537
3.4833e-08,0.17119700000000004
3.4835e-08,0.17118529999999998
3.4837e-08,0.1709240999999999
3.4839e-08,0.1704196
3.4841e-08,0.1696786
3.4843e-08,0.16870820000000009
3.4845e-08,0.16751550000000004
3.4847e-08,0.1661087
3.4849e-08,0.1644953
3.4851e-08,0.16268320000000003
3.4853e-08,0.16068039999999995
3.4855e-08,0.1584949
3.4857e-08,0.15613469999999996
3.4859e-08,0.1536075
3.4861e-08,0.15092119999999998
3.4863e-08,0.14808339999999998
3.4865e-08,0.14510160000000005
3.4867e-08,0.14198319999999998
3.4869e-08,0.13873559999999996
3.4871e-08,0.13536569999999992
3.4873e-08,0.13188050000000007
3.4875e-08,0.12828680000000003
3.4877e-08,0.12459090000000006
3.4879e-08,0.1207994
3.4881e-08,0.11691850000000004
3.4883e-08,0.11295409999999995
3.4885e-08,0.10891200000000001
3.4887e-08,0.1047981
3.4889e-08,0.10061759999999997
3.4891e-08,0.09637580000000001
3.4893e-08,0.09207789999999993
3.4895e-08,0.0877289
3.4897e-08,0.0833334
3.4899e-08,0.07889599999999997
3.4901e-08,0.07442119999999997
3.4903e-08,0.06991320000000001
3.4905e-08,0.0653762
3.4907e-08,0.060813999999999924
3.4909e-08,0.05623049999999996
3.4911e-08,0.05162920000000004
3.4913e-08,0.047013799999999994
3.4915e-08,0.042387399999999964
3.4917e-08,0.03775340000000005
3.4919e-08,0.0331148
3.4921e-08,0.028474600000000017
3.4923e-08,0.02383550000000001
3.4925e-08,0.019200299999999948
3.4927e-08,0.014571400000000012
3.4929e-08,0.00995160000000006
3.4931e-08,0.005342800000000092
3.4933e-08,0.0007476000000000704
3.4935e-08,-0.003832100000000005
3.4937e-08,-0.008394300000000077
3.4939e-08,-0.012936999999999976
3.4941e-08,-0.017458399999999985
3.4943e-08,-0.0219568
3.4945e-08,-0.026430499999999912
3.4947e-08,-0.030878000000000072
3.4949e-08,-0.03529789999999999
3.4951e-08,-0.03968890000000003
3.4953e-08,-0.044049499999999964
3.4955e-08,-0.04837860000000005
3.4957e-08,-0.05267520000000003
3.4959e-08,-0.056937899999999986
3.4961e-08,-0.06116599999999994
3.4963e-08,-0.06535849999999999
3.4965e-08,-0.06951440000000009
3.4967e-08,-0.07363300000000006
3.4969e-08,-0.07771360000000005
3.4971e-08,-0.08175549999999998
3.4973e-08,-0.085758
3.4975e-08,-0.0897207000000001
3.4977e-08,-0.09364269999999997
3.4979e-08,-0.09752400000000006
3.4981e-08,-0.1013638
3.4983e-08,-0.10516189999999992
3.4985e-08,-0.10891790000000001
3.4987e-08,-0.11263139999999994
3.4989e-08,-0.11630230000000008
3.4991e-08,-0.11993039999999999
3.4993e-08,-0.12351539999999994
3.4995e-08,-0.1270572000000001
3.4997e-08,-0.13055569999999994
3.49985e-08,-0.13315110000000008
3.5e-08,-0.13572189999999995
3.50002e-08,-0.13606340000000006
3.50006e-08,-0.13674750000000002
3.50014e-08,-0.13812120000000006
3.5003e-08,-0.14087539999999998
3.5005e-08,-0.14429119999999995
3.5007e-08,-0.14762779999999998
3.5009e-08,-0.15083919999999995
3.5011e-08,-0.1538889
3.5013e-08,-0.15674719999999998
3.5015e-08,-0.1593911
3.5017e-08,-0.16180260000000002
3.5019e-08,-0.1639682
3.5021e-08,-0.1658786
3.5023e-08,-0.16752709999999993
3.5025e-08,-0.1689102
3.5027e-08,-0.17002629999999996
3.5029e-08,-0.17087589999999997
3.5031e-08,-0.17146099999999997
3.5033e-08,-0.17178479999999996
3.5035e-08,-0.1718518
3.5037e-08,-0.1716671999999999
3.5039e-08,-0.17123710000000003
3.5041e-08,-0.17056780000000005
3.5043e-08,-0.1696666
3.5045e-08,-0.16854049999999998
3.5047e-08,-0.1671975
3.5049e-08,-0.16564489999999998
3.5051e-08,-0.163891
3.5053e-08,-0.16194350000000002
3.5055e-08,-0.15981049999999997
3.5057e-08,-0.15749999999999997
3.5059e-08,-0.15501960000000004
3.5061e-08,-0.15237749999999994
3.5063e-08,-0.1495810999999999
3.5065e-08,-0.1466383
3.5067e-08,-0.1435561999999999
3.5069e-08,-0.14034230000000003
3.5071e-08,-0.1370038
3.5073e-08,-0.1335476
3.5075e-08,-0.1299804
3.5077e-08,-0.126309
3.5079e-08,-0.12253969999999992
3.5081e-08,-0.11867889999999992
3.5083e-08,-0.11473259999999996
3.5085e-08,-0.1107068
3.5087e-08,-0.10660710000000007
3.5089e-08,-0.10243900000000006
3.5091e-08,-0.09820800000000007
3.5093e-08,-0.09391899999999997
3.5095e-08,-0.08957740000000003
3.5097e-08,-0.08518760000000003
3.5099e-08,-0.08075460000000001
3.5101e-08,-0.07628270000000004
3.5103e-08,-0.0717762999999999
3.5105e-08,-0.06723939999999995
3.5107e-08,-0.06267620000000007
3.5109e-08,-0.058090399999999986
3.5111e-08,-0.05348569999999997
3.5113e-08,-0.04886570000000001
3.5115e-08,-0.04423389999999994
3.5117e-08,-0.03959329999999994
3.5119e-08,-0.034947300000000014
3.5121e-08,-0.03029870000000001
3.5123e-08,-0.025650399999999962
3.5125e-08,-0.021005200000000057
3.5127e-08,-0.01636559999999998
3.5129e-08,-0.011734200000000028
3.5131e-08,-0.007113299999999989
3.5133e-08,-0.002505199999999985
3.5135e-08,0.0020879000000000314
3.5137e-08,0.006664000000000003
3.5139e-08,0.011221200000000042
3.5141e-08,0.01575749999999998
3.5143e-08,0.020271299999999992
3.5145e-08,0.024760899999999975
3.5147e-08,0.02922480000000005
3.5149e-08,0.033661300000000005
3.5151e-08,0.038069199999999914
3.5153e-08,0.04244720000000002
3.5155e-08,0.046793799999999997
3.5157e-08,0.05110819999999994
3.5159e-08,0.05538910000000008
3.5161e-08,0.059635400000000005
3.5163e-08,0.06384630000000002
3.5165e-08,0.06802089999999994
3.5167e-08,0.07215840000000007
3.5169e-08,0.07625789999999999
3.5171e-08,0.08031880000000002
3.5173e-08,0.08434050000000004
3.5175e-08,0.08832229999999996
3.5177e-08,0.09226370000000006
3.5179e-08,0.09616409999999997
3.5181e-08,0.10002330000000004
3.5183e-08,0.10384070000000001
3.5185e-08,0.10761600000000004
3.5187e-08,0.11134890000000008
3.5189e-08,0.11503910000000006
3.5191e-08,0.11868639999999997
3.5193e-08,0.12229069999999997
3.5195e-08,0.1258517
3.5197e-08,0.12936910000000001
3.51985e-08,0.13197880000000006
3.52e-08,0.13456389999999996
3.52002e-08,0.13490649999999993
3.52006e-08,0.13559090000000007
3.52014e-08,0.13695429999999997
3.5203e-08,0.13966040000000002
3.5205e-08,0.14300369999999996
3.5207e-08,0.14630340000000008
3.5209e-08,0.14955969999999996
3.5211e-08,0.15277239999999992
3.5213e-08,0.1559417999999999
3.5215e-08,0.15906790000000004
3.5217e-08,0.16215100000000005
3.5219e-08,0.1651910000000001
3.5221e-08,0.1681883999999999
3.5223e-08,0.17114299999999993
3.5225e-08,0.1740552999999999
3.5227e-08,0.1769254
3.5229e-08,0.17975360000000007
3.5231e-08,0.18254020000000004
3.5233e-08,0.18528529999999999
3.5235e-08,0.18798929999999991
3.5237e-08,0.1906525
3.5239e-08,0.19327510000000003
3.5241e-08,0.19585740000000007
3.5243e-08,0.19840000000000002
3.5245e-08,0.20090280000000005
3.5247e-08,0.2033664999999999
3.5249e-08,0.2057913
3.5251e-08,0.20817750000000002
3.5253e-08,0.21052559999999998
3.5255e-08,0.21283580000000002
3.5257e-08,0.21510859999999998
3.5259e-08,0.21734429999999993
3.5261e-08,0.2195433
3.5263e-08,0.22170599999999996
3.5265e-08,0.22383280000000005
3.5267e-08,0.225924
3.5269e-08,0.22797999999999996
3.5271e-08,0.23000140000000002
3.5273e-08,0.23198839999999998
3.5275e-08,0.23394140000000008
3.5277e-08,0.23586090000000004
3.5279e-08,0.23774720000000005
3.5281e-08,0.23960080000000006
3.5283e-08,0.24142200000000003
3.5285e-08,0.24321130000000002
3.5287e-08,0.244969
3.5289e-08,0.24669560000000001
3.5291e-08,0.2483915
3.5293e-08,0.250057
3.5295e-08,0.25169259999999993
3.5297e-08,0.2532987
3.5299e-08,0.2548756
3.5301e-08,0.2564238
3.5303e-08,0.25794359999999994
3.5305e-08,0.25943549999999993
3.5307e-08,0.2608998
3.5309e-08,0.2623369
3.5311e-08,0.2637473
3.5313e-08,0.2651312
3.5315e-08,0.2664890999999999
3.5317e-08,0.2678214
3.5319e-08,0.26912840000000005
3.5321e-08,0.2704105
3.5323e-08,0.2716682
3.5325e-08,0.2729016000000001
3.5327e-08,0.27411129999999995
3.5329e-08,0.2752975000000001
3.5331e-08,0.2764607
3.5333e-08,0.2776012
3.5335e-08,0.2787193
3.5337e-08,0.27981539999999994
3.5339e-08,0.28089
3.5341e-08,0.28194299999999994
3.5343e-08,0.28297530000000004
3.5345e-08,0.2839868
3.5347e-08,0.28497799999999995
3.5349e-08,0.2859493000000001
3.5351e-08,0.2869009
3.5353e-08,0.28783310000000006
3.5355e-08,0.2887463
3.5357e-08,0.2896409
3.5359e-08,0.2905171
3.5361e-08,0.2913751000000001
3.5363e-08,0.2922154
3.5365e-08,0.2930382
3.5367e-08,0.29384389999999994
3.5369e-08,0.2946326
3.5371e-08,0.29540469999999996
3.5373e-08,0.2961606000000001
3.5375e-08,0.29690039999999995
3.5377e-08,0.29762430000000006
3.5379e-08,0.2983329
3.5381e-08,0.29902629999999997
3.5383e-08,0.2997046
3.5385e-08,0.3003682999999999
3.5387e-08,0.3010176
3.5389e-08,0.30165279999999994
3.5391e-08,0.30227399999999993
3.5393e-08,0.3028816
3.5395e-08,0.3034756999999999
3.5397e-08,0.3040568
3.53985e-08,0.304484
3.54e-08,0.3049041
3.54002e-08,0.3049602
3.54006e-08,0.3050743
3.54014e-08,0.30531169999999996
3.5403e-08,0.3058086
3.5405e-08,0.30643260000000005
3.5407e-08,0.30701179999999995
3.5409e-08,0.3075021
3.5411e-08,0.30786800000000003
3.5413e-08,0.3080807
3.5415e-08,0.3081178
3.5417e-08,0.3079617
3.5419e-08,0.3075989
3.5421e-08,0.3070197
3.5423e-08,0.3062173
3.5425e-08,0.30518729999999994
3.5427e-08,0.30392759999999996
3.5429e-08,0.30243809999999993
3.5431e-08,0.3007196000000001
3.5433e-08,0.29877489999999995
3.5435e-08,0.29660739999999997
3.5437e-08,0.2942214999999999
3.5439e-08,0.2916223
3.5441e-08,0.28881560000000006
3.5443e-08,0.2858075
3.5445e-08,0.2826048
3.5447e-08,0.2792141
3.5449e-08,0.2756427
3.5451e-08,0.27189779999999997
3.5453e-08,0.2679867
3.5455e-08,0.2639169
3.5457e-08,0.25969580000000003
3.5459e-08,0.2553308999999999
3.5461e-08,0.2508294999999999
3.5463e-08,0.24619900000000006
3.5465e-08,0.2414465
3.5467e-08,0.2365792
3.5469e-08,0.23160389999999997
3.5471e-08,0.2265279
3.5473e-08,0.22135759999999993
3.5475e-08,0.2160995
3.5477e-08,0.21076020000000006
3.5479e-08,0.20534600000000003
3.5481e-08,0.19986269999999995
3.5483e-08,0.1943165
3.5485e-08,0.18871290000000007
3.5487e-08,0.1830577
3.5489e-08,0.17735599999999996
3.5491e-08,0.17161329999999997
3.5493e-08,0.16583440000000005
3.5495e-08,0.1600243
3.5497e-08,0.15418779999999999
3.5499e-08,0.14832919999999994
3.5501e-08,0.1424529
3.5503e-08,0.13656329999999994
3.5505e-08,0.13066429999999996
3.5507e-08,0.12475970000000003
3.5509e-08,0.11885330000000005
3.5511e-08,0.11294870000000001
3.5513e-08,0.10704919999999996
3.5515e-08,0.10115819999999998
3.5517e-08,0.09527869999999994
3.5519e-08,0.08941379999999999
3.5521e-08,0.08356629999999998
3.5523e-08,0.07773889999999994
3.5525e-08,0.0719341
3.5527e-08,0.0661545
3.5529e-08,0.06040239999999997
3.5531e-08,0.05467999999999995
3.5533e-08,0.04898949999999991
3.5535e-08,0.043332600000000054
3.5537e-08,0.03771139999999995
3.5539e-08,0.032127600000000034
3.5541e-08,0.026582899999999965
3.5543e-08,0.02107900000000007
3.5545e-08,0.015617199999999998
3.5547e-08,0.010198799999999952
3.5549e-08,0.004825199999999974
3.5551e-08,-0.0005022999999999556
3.5553e-08,-0.005782799999999977
3.5555e-08,-0.01101490000000005
3.5557e-08,-0.016198099999999993
3.5559e-08,-0.021331299999999942
3.5561e-08,-0.026413599999999926
3.5563e-08,-0.03144429999999998
3.5565e-08,-0.03642270000000003
3.5567e-08,-0.04134840000000006
3.5569e-08,-0.046220600000000056
3.5571e-08,-0.05103900000000006
3.5573e-08,-0.05580289999999999
3.5575e-08,-0.060512200000000016
3.5577e-08,-0.06516640000000007
3.5579e-08,-0.06976530000000003
3.5581e-08,-0.0743087
3.5583e-08,-0.07879619999999998
3.5585e-08,-0.08322790000000002
3.5587e-08,-0.08760370000000006
3.5589e-08,-0.09192339999999999
3.5591e-08,-0.09618700000000002
3.5593e-08,-0.1003946
3.5595e-08,-0.10454619999999992
3.5597e-08,-0.10864180000000001
3.55985e-08,-0.11167689999999997
3.56e-08,-0.11468060000000002
3.56002e-08,-0.11507849999999997
3.56006e-08,-0.11587310000000006
3.56014e-08,-0.1174556
3.5603e-08,-0.12059410000000004
3.5605e-08,-0.1244674
3.5607e-08,-0.12828569999999995
3.5609e-08,-0.13204909999999992
3.5611e-08,-0.1357581
3.5613e-08,-0.13941269999999994
3.5615e-08,-0.14301319999999995
3.5617e-08,-0.14656020000000003
3.5619e-08,-0.15005390000000007
3.5621e-08,-0.15349469999999998
3.5623e-08,-0.1568828
3.5625e-08,-0.1602188
3.5627e-08,-0.16350299999999995
3.5629e-08,-0.166736
3.5631e-08,-0.16991789999999996
3.5633e-08,-0.17304930000000007
3.5635e-08,-0.17613080000000003
3.5637e-08,-0.17916280000000007
3.5639e-08,-0.18214549999999996
3.5641e-08,-0.18507969999999996
3.5643e-08,-0.18796579999999996
3.5645e-08,-0.19080409999999992
3.5647e-08,-0.19359539999999997
3.5649e-08,-0.19633999999999996
3.5651e-08,-0.19903840000000006
3.5653e-08,-0.20169119999999996
3.5655e-08,-0.204299
3.5657e-08,-0.206862
3.5659e-08,-0.20938099999999993
3.5661e-08,-0.2118565
3.5663e-08,-0.2142889
3.5665e-08,-0.2166787
3.5667e-08,-0.2190265
3.5669e-08,-0.221333
3.5671e-08,-0.22359839999999997
3.5673e-08,-0.22582349999999995
3.5675e-08,-0.2280086
3.5677e-08,-0.23015450000000004
3.5679e-08,-0.23226140000000006
3.5681e-08,-0.23432999999999993
3.5683e-08,-0.23636080000000004
3.5685e-08,-0.23835440000000008
3.5687e-08,-0.24031119999999995
3.5689e-08,-0.24223170000000005
3.5691e-08,-0.2441164
3.5693e-08,-0.24596600000000002
3.5695e-08,-0.24778080000000002
3.5697e-08,-0.24956140000000004
3.5699e-08,-0.2513082
3.5701e-08,-0.2530218999999999
3.5703e-08,-0.2547028
3.5705e-08,-0.2563514
3.5707e-08,-0.25796830000000004
3.5709e-08,-0.2595539
3.5711e-08,-0.26110869999999997
3.5713e-08,-0.2626332
3.5715e-08,-0.2641278
3.5717e-08,-0.26559299999999997
3.5719e-08,-0.2670292999999999
3.5721e-08,-0.2684371
3.5723e-08,-0.2698169
3.5725e-08,-0.27116909999999994
3.5727e-08,-0.27249409999999996
3.5729e-08,-0.2737925
3.5731e-08,-0.2750646
3.5733e-08,-0.2763108000000001
3.5735e-08,-0.27753170000000005
3.5737e-08,-0.2787275
3.5739e-08,-0.27989869999999994
3.5741e-08,-0.28104590000000007
3.5743e-08,-0.28216930000000007
3.5745e-08,-0.2832692
3.5747e-08,-0.2843462
3.5749e-08,-0.2854005999999999
3.5751e-08,-0.2864329
3.5753e-08,-0.28744330000000007
3.5755e-08,-0.2884323000000001
3.5757e-08,-0.2894002
3.5759e-08,-0.2903475
3.5761e-08,-0.29127440000000004
3.5763e-08,-0.2921813
3.5765e-08,-0.29306849999999995
3.5767e-08,-0.2939366
3.5769e-08,-0.2947856
3.5771e-08,-0.2956162
3.5773e-08,-0.29642840000000004
3.5775e-08,-0.29722269999999995
3.5777e-08,-0.2979993000000001
3.5779e-08,-0.29875870000000004
3.5781e-08,-0.2995011000000001
3.5783e-08,-0.30022689999999996
3.5785e-08,-0.3009362
3.5787e-08,-0.30162960000000005
3.5789e-08,-0.3023072
3.5791e-08,-0.30296919999999994
3.5793e-08,-0.30361629999999995
3.5795e-08,-0.3042482999999999
3.5797e-08,-0.3048656999999999
3.57985e-08,-0.30531930000000007
3.58e-08,-0.30576500000000006
3.58002e-08,-0.3058238
3.58006e-08,-0.3059409999999999
3.58014e-08,-0.30617379999999994
3.5803e-08,-0.30663299999999993
3.5805e-08,-0.3071946
3.5807e-08,-0.30774309999999994
3.5809e-08,-0.30827840000000006
3.5811e-08,-0.30880110000000005
3.5813e-08,-0.3093112
3.5815e-08,-0.309809
3.5817e-08,-0.31029489999999993
3.5819e-08,-0.31076879999999996
3.5821e-08,-0.31123120000000004
3.5823e-08,-0.3116823000000001
3.5825e-08,-0.3121223000000001
3.5827e-08,-0.3125513000000001
3.5829e-08,-0.3129697
3.5831e-08,-0.31337760000000003
3.5833e-08,-0.3137751999999999
3.5835e-08,-0.3141629
3.5837e-08,-0.31454059999999995
3.5839e-08,-0.31490869999999993
3.5841e-08,-0.3152674000000001
3.5843e-08,-0.3156167999999999
3.5845e-08,-0.3159571000000001
3.5847e-08,-0.3162885
3.5849e-08,-0.31661130000000004
3.5851e-08,-0.31692549999999997
3.5853e-08,-0.31723139999999994
3.5855e-08,-0.3175291
3.5857e-08,-0.31781879999999996
3.5859e-08,-0.31810079999999996
3.5861e-08,-0.3183749
3.5863e-08,-0.3186416999999999
3.5865e-08,-0.31890110000000005
3.5867e-08,-0.3191533000000001
3.5869e-08,-0.31939850000000003
3.5871e-08,-0.3196367
3.5873e-08,-0.31986820000000005
3.5875e-08,-0.3200933
3.5877e-08,-0.32031180000000004
3.5879e-08,-0.32052400000000003
3.5881e-08,-0.32072999999999996
3.5883e-08,-0.32093000000000005
3.5885e-08,-0.32112419999999997
3.5887e-08,-0.3213125
3.5889e-08,-0.3214952
3.5891e-08,-0.32167250000000003
3.5893e-08,-0.32184440000000003
3.5895e-08,-0.3220109
3.5897e-08,-0.32217229999999997
3.5899e-08,-0.32232859999999997
3.5901e-08,-0.32248
3.5903e-08,-0.3226268
3.5905e-08,-0.32276859999999996
3.5907e-08,-0.322906
3.5909e-08,-0.32303879999999996
3.5911e-08,-0.32316730000000005
3.5913e-08,-0.32329149999999995
3.5915e-08,-0.32341149999999996
3.5917e-08,-0.32352749999999997
3.5919e-08,-0.3236393999999999
3.5921e-08,-0.3237476
3.5923e-08,-0.32385189999999997
3.5925e-08,-0.32395240000000003
3.5927e-08,-0.32404940000000004
3.5929e-08,-0.32414280000000006
3.5931e-08,-0.32423270000000004
3.5933e-08,-0.3243193999999999
3.5935e-08,-0.32440270000000004
3.5937e-08,-0.3244829
3.5939e-08,-0.32455979999999995
3.5941e-08,-0.3246338
3.5943e-08,-0.3247048
3.5945e-08,-0.32477290000000003
3.5947e-08,-0.3248381
3.5949e-08,-0.32490070000000004
3.5951e-08,-0.3249605000000001
3.5953e-08,-0.3250177999999999
3.5955e-08,-0.32507240000000004
3.5957e-08,-0.3251246
3.5959e-08,-0.3251744
3.5961e-08,-0.32522190000000006
3.5963e-08,-0.325267
3.5965e-08,-0.32530990000000004
3.5967e-08,-0.32535060000000005
3.5969e-08,-0.32538919999999993
3.5971e-08,-0.3254258
3.5973e-08,-0.32546030000000004
3.5975e-08,-0.32549300000000003
3.5977e-08,-0.32552369999999997
3.5979e-08,-0.3255524000000001
3.5981e-08,-0.3255795
3.5983e-08,-0.3256048
3.5985e-08,-0.32562839999999993
3.5987e-08,-0.32565030000000006
3.5989e-08,-0.3256707
3.5991e-08,-0.32568949999999997
3.5993e-08,-0.3257068000000001
3.5995e-08,-0.3257226
3.5997e-08,-0.32573700000000005
3.59985e-08,-0.32574689999999995
3.6e-08,-0.32575600000000005
3.60002e-08,-0.32575719999999997
3.60006e-08,-0.3257593999999999
3.60014e-08,-0.32576379999999994
3.6003e-08,-0.32577199999999995
3.6005e-08,-0.325781
3.6007e-08,-0.32578889999999994
3.6009e-08,-0.3257955
3.6011e-08,-0.325801
3.6013e-08,-0.3258054
3.6015e-08,-0.32580869999999995
3.6017e-08,-0.3258108999999999
3.6019e-08,-0.32581209999999994
3.6021e-08,-0.32581230000000005
3.6023e-08,-0.3258116
3.6025e-08,-0.3258099
3.6027e-08,-0.32580739999999997
3.6029e-08,-0.325804
3.6031e-08,-0.3257996999999999
3.6033e-08,-0.3257947
3.6035e-08,-0.3257888
3.6037e-08,-0.3257822
3.6039e-08,-0.3257749
3.6041e-08,-0.3257668
3.6043e-08,-0.32575810000000005
3.6045e-08,-0.3257487
3.6047e-08,-0.32573869999999994
3.6049e-08,-0.325728
3.6051e-08,-0.3257169
3.6053e-08,-0.32570520000000003
3.6055e-08,-0.3256928
3.6057e-08,-0.32567999999999997
3.6059e-08,-0.3256667000000001
3.6061e-08,-0.3256529
3.6063e-08,-0.3256386
3.6065e-08,-0.3256239000000001
3.6067e-08,-0.3256087
3.6069e-08,-0.3255932
3.6071e-08,-0.32557730000000007
3.6073e-08,-0.325561
3.6075e-08,-0.32554440000000007
3.6077e-08,-0.32552729999999996
3.6079e-08,-0.32550999999999997
3.6081e-08,-0.32549230000000007
3.6083e-08,-0.3254745
3.6085e-08,-0.32545630000000003
3.6087e-08,-0.32543770000000005
3.6089e-08,-0.32541910000000007
3.6091e-08,-0.32540009999999997
3.6093e-08,-0.3253809
3.6095e-08,-0.32536149999999997
3.6097e-08,-0.3253419000000001
3.6099e-08,-0.32532209999999995
3.6101e-08,-0.3253022
3.6103e-08,-0.3252820999999999
3.6105e-08,-0.32526180000000005
3.6107e-08,-0.3252414
3.6109e-08,-0.3252208
3.6111e-08,-0.3252001
3.6113e-08,-0.32517929999999995
3.6115e-08,-0.32515839999999996
3.6117e-08,-0.3251375000000001
3.6119e-08,-0.3251163
3.6121e-08,-0.32509520000000003
3.6123e-08,-0.325074
3.6125e-08,-0.3250526
3.6127e-08,-0.3250312999999999
3.6129e-08,-0.32501
3.6131e-08,-0.32498860000000007
3.6133e-08,-0.32496710000000006
3.6135e-08,-0.32494560000000006
3.6137e-08,-0.32492409999999994
3.6139e-08,-0.3249027
3.6141e-08,-0.3248812
3.6143e-08,-0.3248597000000001
3.6145e-08,-0.3248381
3.6147e-08,-0.32481669999999996
3.6149e-08,-0.3247953
3.6151e-08,-0.3247738
3.6153e-08,-0.32475240000000005
3.6155e-08,-0.32473109999999994
3.6157e-08,-0.32470980000000005
3.6159e-08,-0.32468850000000005
3.6161e-08,-0.3246673
3.6163e-08,-0.32464609999999994
3.6165e-08,-0.32462500000000005
3.6167e-08,-0.32460390000000006
3.6169e-08,-0.32458300000000007
3.6171e-08,-0.3245621000000001
3.6173e-08,-0.3245412999999999
3.6175e-08,-0.3245205
3.6177e-08,-0.3244998
3.6179e-08,-0.32447919999999997
3.6181e-08,-0.3244587
3.6183e-08,-0.32443829999999996
3.6185e-08,-0.324418
3.6187e-08,-0.32439779999999996
3.6189e-08,-0.32437760000000004
3.6191e-08,-0.3243576
3.6193e-08,-0.32433769999999995
3.6195e-08,-0.32431790000000005
3.6197e-08,-0.3242980999999999
3.61985e-08,-0.3242834
3.62e-08,-0.3242688
3.62002e-08,-0.32426679999999997
3.62006e-08,-0.3242630000000001
3.62014e-08,-0.3242552000000001
3.6203e-08,-0.3242397
3.6205e-08,-0.3242204000000001
3.6207e-08,-0.32420119999999997
3.6209e-08,-0.3241822
3.6211e-08,-0.32416329999999993
3.6213e-08,-0.32414449999999995
3.6215e-08,-0.3241258
3.6217e-08,-0.3241073
3.6219e-08,-0.3240889
3.6221e-08,-0.3240706
3.6223e-08,-0.3240524
3.6225e-08,-0.32403439999999994
3.6227e-08,-0.32401649999999993
3.6229e-08,-0.3239987
3.6231e-08,-0.3239811
3.6233e-08,-0.3239635999999999
3.6235e-08,-0.32394619999999996
3.6237e-08,-0.323929
3.6239e-08,-0.32391179999999997
3.6241e-08,-0.3238949
3.6243e-08,-0.323878
3.6245e-08,-0.3238613
3.6247e-08,-0.32384479999999993
3.6249e-08,-0.32382829999999996
3.6251e-08,-0.323812
3.6253e-08,-0.32379579999999997
3.6255e-08,-0.3237797
3.6257e-08,-0.3237639000000001
3.6259e-08,-0.3237481
3.6261e-08,-0.3237325
3.6263e-08,-0.3237171
3.6265e-08,-0.3237017
3.6267e-08,-0.3236865
3.6269e-08,-0.32367140000000005
3.6271e-08,-0.32365639999999996
3.6273e-08,-0.3236416
3.6275e-08,-0.32362690000000005
3.6277e-08,-0.32361229999999996
3.6279e-08,-0.32359800000000005
3.6281e-08,-0.32358359999999997
3.6283e-08,-0.32356949999999995
3.6285e-08,-0.3235555
3.6287e-08,-0.3235416000000001
3.6289e-08,-0.3235279
3.6291e-08,-0.32351430000000003
3.6293e-08,-0.3235007999999999
3.6295e-08,-0.32348749999999993
3.6297e-08,-0.3234743
3.6299e-08,-0.3234612
3.6301e-08,-0.32344819999999996
3.6303e-08,-0.32343540000000004
3.6305e-08,-0.32342270000000006
3.6307e-08,-0.3234100999999999
3.6309e-08,-0.32339780000000007
3.6311e-08,-0.32338540000000005
3.6313e-08,-0.3233732
3.6315e-08,-0.32336109999999996
3.6317e-08,-0.32334910000000006
3.6319e-08,-0.3233374
3.6321e-08,-0.32332570000000005
3.6323e-08,-0.32331410000000005
3.6325e-08,-0.3233026
3.6327e-08,-0.3232914
3.6329e-08,-0.32328009999999996
3.6331e-08,-0.3232691000000001
3.6333e-08,-0.32325800000000005
3.6335e-08,-0.32324720000000007
3.6337e-08,-0.3232364
3.6339e-08,-0.3232258
3.6341e-08,-0.3232153
3.6343e-08,-0.3232049
3.6345e-08,-0.32319469999999995
3.6347e-08,-0.3231845
3.6349e-08,-0.3231744
3.6351e-08,-0.32316449999999997
3.6353e-08,-0.32315459999999996
3.6355e-08,-0.323145
3.6357e-08,-0.3231354000000001
3.6359e-08,-0.3231258
3.6361e-08,-0.32311639999999997
3.6363e-08,-0.32310720000000004
3.6365e-08,-0.323098
3.6367e-08,-0.32308879999999995
3.6369e-08,-0.32307980000000003
3.6371e-08,-0.323071
3.6373e-08,-0.32306219999999997
3.6375e-08,-0.3230535
3.6377e-08,-0.3230449000000001
3.6379e-08,-0.32303649999999995
3.6381e-08,-0.32302810000000004
3.6383e-08,-0.32301979999999997
3.6385e-08,-0.32301159999999995
3.6387e-08,-0.32300360000000006
3.6389e-08,-0.3229955
3.6391e-08,-0.3229877
3.6393e-08,-0.32297979999999993
3.6395e-08,-0.32297220000000004
3.6397e-08,-0.3229645
3.63985e-08,-0.32295890000000005
3.64e-08,-0.32296479999999994
3.64002e-08,-0.32296800000000003
3.64006e-08,-0.3229759
3.64014e-08,-0.3229997
3.6403e-08,-0.3230641999999999
3.6405e-08,-0.32314030000000005
3.6407e-08,-0.3231668999999999
3.6409e-08,-0.32310300000000003
3.6411e-08,-0.32291539999999996
3.6413e-08,-0.3225777999999999
3.6415e-08,-0.3220691
3.6417e-08,-0.3213731999999999
3.6419e-08,-0.3204777999999999
3.6421e-08,-0.3193739
3.6423e-08,-0.3180556
3.6425e-08,-0.31651889999999994
3.6427e-08,-0.3147624
3.6429e-08,-0.3127857999999999
3.6431e-08,-0.3105909
3.6433e-08,-0.30818
3.6435e-08,-0.3055568000000001
3.6437e-08,-0.30272599999999994
3.6439e-08,-0.2996924000000001
3.6441e-08,-0.296462
3.6443e-08,-0.29304070000000004
3.6445e-08,-0.28943530000000006
3.6447e-08,-0.28565240000000003
3.6449e-08,-0.28169900000000003
3.6451e-08,-0.2775824
3.6453e-08,-0.27330960000000004
3.6455e-08,-0.268888
3.6457e-08,-0.26432500000000003
3.6459e-08,-0.25962759999999996
3.6461e-08,-0.2548034
3.6463e-08,-0.2498593
3.6465e-08,-0.24480239999999998
3.6467e-08,-0.2396397
3.6469e-08,-0.23437790000000003
3.6471e-08,-0.22902389999999995
3.6473e-08,-0.22358430000000007
3.6475e-08,-0.21806520000000007
3.6477e-08,-0.21247309999999997
3.6479e-08,-0.20681400000000005
3.6481e-08,-0.20109389999999994
3.6483e-08,-0.1953184
3.6485e-08,-0.18949319999999992
3.6487e-08,-0.1836236
3.6489e-08,-0.17771499999999996
3.6491e-08,-0.1717723
3.6493e-08,-0.16580039999999996
3.6495e-08,-0.15980400000000006
3.6497e-08,-0.15378780000000003
3.6499e-08,-0.14775609999999995
3.6501e-08,-0.14171290000000003
3.6503e-08,-0.13566259999999997
3.6505e-08,-0.12960890000000003
3.6507e-08,-0.12355550000000004
3.6509e-08,-0.1175061999999999
3.6511e-08,-0.11146400000000001
3.6513e-08,-0.10543249999999993
3.6515e-08,-0.09941489999999997
3.6517e-08,-0.093414
3.6519e-08,-0.08743250000000002
3.6521e-08,-0.08147360000000003
3.6523e-08,-0.07553940000000003
3.6525e-08,-0.06963259999999993
3.6527e-08,-0.06375550000000008
3.6529e-08,-0.05791029999999997
3.6531e-08,-0.052099100000000065
3.6533e-08,-0.04632389999999997
3.6535e-08,-0.04058649999999997
3.6537e-08,-0.034888699999999995
3.6539e-08,-0.02923219999999993
3.6541e-08,-0.023618499999999987
3.6543e-08,-0.01804899999999998
3.6545e-08,-0.012525200000000014
3.6547e-08,-0.007048300000000007
3.6549e-08,-0.001619499999999996
3.6551e-08,0.003760099999999933
3.6553e-08,0.009089499999999973
3.6555e-08,0.014367699999999983
3.6557e-08,0.019593900000000053
3.6559e-08,0.02476719999999999
3.6561e-08,0.029886999999999997
3.6563e-08,0.0349526
3.6565e-08,0.03996340000000009
3.6567e-08,0.044918899999999984
3.6569e-08,0.049818600000000046
3.6571e-08,0.05466210000000005
3.6573e-08,0.05944890000000003
3.6575e-08,0.06417899999999999
3.6577e-08,0.06885189999999997
3.6579e-08,0.07346750000000002
3.6581e-08,0.07802560000000003
3.6583e-08,0.08252599999999999
3.6585e-08,0.08696890000000002
3.6587e-08,0.09135389999999999
3.6589e-08,0.09568130000000008
3.6591e-08,0.09995100000000001
3.6593e-08,0.104163
3.6595e-08,0.1083175999999999
3.6597e-08,0.11241489999999998
3.65985e-08,0.1154501
3.66e-08,0.11845340000000004
3.66002e-08,0.11885190000000001
3.66006e-08,0.11964970000000008
3.66014e-08,0.1212493
3.6603e-08,0.12444900000000003
3.6605e-08,0.12840980000000002
3.6607e-08,0.13227850000000008
3.6609e-08,0.13600940000000006
3.6611e-08,0.13956599999999997
3.6613e-08,0.14291900000000002
3.6615e-08,0.14604549999999994
3.6617e-08,0.14892780000000005
3.6619e-08,0.15155300000000005
3.6621e-08,0.15391139999999992
3.6623e-08,0.1559971
3.6625e-08,0.1578065999999999
3.6627e-08,0.1593386000000001
3.6629e-08,0.16059389999999996
3.6631e-08,0.16157480000000002
3.6633e-08,0.1622846
3.6635e-08,0.16272810000000004
3.6637e-08,0.16291080000000002
3.6639e-08,0.1628387
3.6641e-08,0.16251879999999996
3.6643e-08,0.16195820000000005
3.6645e-08,0.1611644000000001
3.6647e-08,0.16014510000000004
3.6649e-08,0.15890839999999995
3.6651e-08,0.15746250000000006
3.6653e-08,0.15581509999999998
3.6655e-08,0.15397480000000008
3.6657e-08,0.15194929999999995
3.6659e-08,0.14974700000000007
3.6661e-08,0.14737559999999994
3.6663e-08,0.1448431
3.6665e-08,0.14215719999999998
3.6667e-08,0.1393255
3.6669e-08,0.13635529999999996
3.6671e-08,0.13325410000000004
3.6673e-08,0.13002879999999994
3.6675e-08,0.12668639999999998
3.6677e-08,0.12323379999999995
3.6679e-08,0.11967729999999999
3.6681e-08,0.1160234
3.6683e-08,0.1122784
3.6685e-08,0.10844810000000005
3.6687e-08,0.10453849999999998
3.6689e-08,0.10055520000000007
3.6691e-08,0.09650360000000002
3.6693e-08,0.09238900000000005
3.6695e-08,0.08821650000000003
3.6697e-08,0.08399099999999993
3.6699e-08,0.07971729999999999
3.6701e-08,0.07540000000000002
3.6703e-08,0.07104339999999998
3.6705e-08,0.06665180000000004
3.6707e-08,0.06222939999999999
3.6709e-08,0.0577801
3.6711e-08,0.05330749999999995
3.6713e-08,0.04881550000000001
3.6715e-08,0.0443074
3.6717e-08,0.039786600000000005
3.6719e-08,0.035256399999999966
3.6721e-08,0.030719700000000016
3.6723e-08,0.02617959999999997
3.6725e-08,0.021638900000000016
3.6727e-08,0.01710020000000001
3.6729e-08,0.012566099999999913
3.6731e-08,0.008039200000000024
3.6733e-08,0.003521699999999961
3.6735e-08,-0.0009841999999999906
3.6737e-08,-0.005476199999999931
3.6739e-08,-0.00995250000000003
3.6741e-08,-0.014410999999999952
3.6743e-08,-0.018849800000000028
3.6745e-08,-0.023267499999999997
3.6747e-08,-0.02766219999999997
3.6749e-08,-0.03203239999999996
3.6751e-08,-0.03637659999999998
3.6753e-08,-0.0406934000000001
3.6755e-08,-0.044981599999999955
3.6757e-08,-0.04923999999999995
3.6759e-08,-0.05346720000000005
3.6761e-08,-0.0576624
3.6763e-08,-0.0618244
3.6765e-08,-0.06595240000000002
3.6767e-08,-0.07004540000000004
3.6769e-08,-0.07410260000000002
3.6771e-08,-0.07812320000000006
3.6773e-08,-0.08210660000000003
3.6775e-08,-0.08605209999999996
3.6777e-08,-0.0899589999999999
3.6779e-08,-0.09382689999999994
3.6781e-08,-0.0976553
3.6783e-08,-0.10144370000000003
3.6785e-08,-0.1051917
3.6787e-08,-0.10889890000000002
3.6789e-08,-0.11256500000000003
3.6791e-08,-0.11618980000000001
3.6793e-08,-0.11977289999999996
3.6795e-08,-0.12331440000000005
3.6797e-08,-0.12681379999999998
3.67985e-08,-0.12941059999999993
3.68e-08,-0.13198379999999998
3.68002e-08,-0.13232559999999993
3.68006e-08,-0.13301039999999997
3.68014e-08,-0.13438569999999994
3.6803e-08,-0.13714369999999998
3.6805e-08,-0.1405653
3.6807e-08,-0.14390859999999994
3.6809e-08,-0.14712770000000008
3.6811e-08,-0.15018589999999998
3.6813e-08,-0.15305350000000006
3.6815e-08,-0.15570739999999994
3.6817e-08,-0.15812949999999992
3.6819e-08,-0.16030639999999996
3.6821e-08,-0.1622285
3.6823e-08,-0.16388940000000007
3.6825e-08,-0.1652851999999999
3.6827e-08,-0.16641469999999992
3.6829e-08,-0.16727800000000004
3.6831e-08,-0.1678773
3.6833e-08,-0.16821580000000003
3.6835e-08,-0.16829780000000005
3.6837e-08,-0.16812870000000002
3.6839e-08,-0.1677145
3.6841e-08,-0.16706149999999997
3.6843e-08,-0.16617689999999996
3.6845e-08,-0.1650680000000001
3.6847e-08,-0.16374240000000007
3.6849e-08,-0.1622078
3.6851e-08,-0.1604720999999999
3.6853e-08,-0.1585434
3.6855e-08,-0.15642939999999994
3.6857e-08,-0.15413810000000006
3.6859e-08,-0.15167770000000003
3.6861e-08,-0.14905559999999995
3.6863e-08,-0.1462796999999999
3.6865e-08,-0.14335750000000003
3.6867e-08,-0.1402966
3.6869e-08,-0.13710410000000006
3.6871e-08,-0.1337874
3.6873e-08,-0.13035320000000006
3.6875e-08,-0.12680840000000004
3.6877e-08,-0.12315949999999998
3.6879e-08,-0.1194132
3.6881e-08,-0.11557550000000005
3.6883e-08,-0.11165259999999999
3.6885e-08,-0.10765040000000003
3.6887e-08,-0.10357440000000007
3.6889e-08,-0.09943040000000003
3.6891e-08,-0.09522360000000007
3.6893e-08,-0.09095910000000007
3.6895e-08,-0.086642
3.6897e-08,-0.08227709999999999
3.6899e-08,-0.07786890000000002
3.6901e-08,-0.07342210000000005
3.6903e-08,-0.06894069999999997
3.6905e-08,-0.06442910000000002
3.6907e-08,-0.05989129999999998
3.6909e-08,-0.05533089999999996
3.6911e-08,-0.050751800000000014
3.6913e-08,-0.04615749999999996
3.6915e-08,-0.04155120000000001
3.6917e-08,-0.03693630000000003
3.6919e-08,-0.03231589999999995
3.6921e-08,-0.027693100000000026
3.6923e-08,-0.02307059999999994
3.6925e-08,-0.018451099999999943
3.6927e-08,-0.013837199999999994
3.6929e-08,-0.009231499999999948
3.6931e-08,-0.004636300000000038
3.6933e-08,-5.390000000005113e-05
3.6935e-08,0.0045136000000000065
3.6937e-08,0.009064200000000078
3.6939e-08,0.013595899999999994
3.6941e-08,0.018106900000000037
3.6943e-08,0.022595299999999985
3.6945e-08,0.02705970000000002
3.6947e-08,0.031498399999999926
3.6949e-08,0.03590989999999994
3.6951e-08,0.040292900000000076
3.6953e-08,0.04464610000000002
3.6955e-08,0.04896810000000007
3.6957e-08,0.05325780000000002
3.6959e-08,0.05751419999999996
3.6961e-08,0.061736299999999966
3.6963e-08,0.0659230999999999
3.6965e-08,0.07007359999999996
3.6967e-08,0.07418720000000001
3.6969e-08,0.07826309999999992
3.6971e-08,0.08230040000000005
3.6973e-08,0.08629870000000006
3.6975e-08,0.09025729999999998
3.6977e-08,0.09417559999999991
3.6979e-08,0.09805319999999995
3.6981e-08,0.10188969999999997
3.6983e-08,0.10568449999999996
3.6985e-08,0.10943749999999997
3.6987e-08,0.11314830000000009
3.6989e-08,0.11681649999999999
3.6991e-08,0.12044200000000005
3.6993e-08,0.12402469999999999
3.6995e-08,0.12756420000000002
3.6997e-08,0.13106060000000008
3.69985e-08,0.13365440000000006
3.7e-08,0.1362238
3.70002e-08,0.13656440000000003
3.70006e-08,0.1372445
3.70014e-08,0.1385997
3.7003e-08,0.1412892
3.7005e-08,0.14461210000000002
3.7007e-08,0.1478916
3.7009e-08,0.1511277000000001
3.7011e-08,0.1543207000000001
3.7013e-08,0.1574704
3.7015e-08,0.16057710000000003
3.7017e-08,0.16364089999999998
3.7019e-08,0.16666190000000003
3.7021e-08,0.16964029999999997
3.7023e-08,0.17257630000000002
3.7025e-08,0.17547009999999996
3.7027e-08,0.17832199999999998
3.7029e-08,0.18113210000000002
3.7031e-08,0.18390079999999998
3.7033e-08,0.18662820000000002
3.7035e-08,0.18931469999999995
3.7037e-08,0.19196049999999998
3.7039e-08,0.19456600000000002
3.7041e-08,0.19713159999999996
3.7043e-08,0.19965730000000004
3.7045e-08,0.20214370000000004
3.7047e-08,0.20459099999999997
3.7049e-08,0.2069997
3.7051e-08,0.2093699
3.7053e-08,0.21170220000000006
3.7055e-08,0.2139968
3.7057e-08,0.21625419999999995
3.7059e-08,0.21847470000000002
3.7061e-08,0.22065860000000004
3.7063e-08,0.22280650000000002
3.7065e-08,0.22491850000000002
3.7067e-08,0.22699520000000006
3.7069e-08,0.22903700000000005
3.7071e-08,0.23104420000000003
3.7073e-08,0.23301699999999992
3.7075e-08,0.2349563
3.7077e-08,0.23686209999999996
3.7079e-08,0.23873489999999997
3.7081e-08,0.2405752
3.7083e-08,0.24238329999999997
3.7085e-08,0.24415960000000003
3.7087e-08,0.24590449999999997
3.7089e-08,0.24761840000000002
3.7091e-08,0.24930170000000007
3.7093e-08,0.25095480000000003
3.7095e-08,0.2525782000000001
3.7097e-08,0.25417220000000007
3.7099e-08,0.2557372
3.7101e-08,0.25727370000000005
3.7103e-08,0.25878179999999995
3.7105e-08,0.26026229999999995
3.7107e-08,0.2617153
3.7109e-08,0.26314119999999996
3.7111e-08,0.2645406
3.7113e-08,0.26591359999999997
3.7115e-08,0.2672606999999999
3.7117e-08,0.26858250000000006
3.7119e-08,0.269879
3.7121e-08,0.2711508
3.7123e-08,0.27239820000000003
3.7125e-08,0.2736216
3.7127e-08,0.27482130000000005
3.7129e-08,0.27599779999999996
3.7131e-08,0.2771513
3.7133e-08,0.2782823
3.7135e-08,0.2793909
3.7137e-08,0.2804778
3.7139e-08,0.281543
3.7141e-08,0.2825871
3.7143e-08,0.2836103
3.7145e-08,0.284613
3.7147e-08,0.2855955
3.7149e-08,0.28655830000000004
3.7151e-08,0.28750129999999996
3.7153e-08,0.28842519999999994
3.7155e-08,0.28933010000000003
3.7157e-08,0.2902165
3.7159e-08,0.2910847
3.7161e-08,0.29193479999999994
3.7163e-08,0.2927672
3.7165e-08,0.2935824
3.7167e-08,0.29438030000000004
3.7169e-08,0.2951616
3.7171e-08,0.2959263
3.7173e-08,0.2966748
3.7175e-08,0.29740730000000004
3.7177e-08,0.29812419999999995
3.7179e-08,0.29882580000000003
3.7181e-08,0.2995121999999999
3.7183e-08,0.30018369999999994
3.7185e-08,0.30084070000000007
3.7187e-08,0.30148340000000007
3.7189e-08,0.3021119
3.7191e-08,0.3027266999999999
3.7193e-08,0.30332780000000004
3.7195e-08,0.3039157
3.7197e-08,0.30449039999999994
3.71985e-08,0.30491310000000005
3.72e-08,0.3053285
3.72002e-08,0.30538339999999997
3.72006e-08,0.30549269999999995
3.72014e-08,0.30571000000000004
3.7203e-08,0.3061385
3.7205e-08,0.3066633000000001
3.7207e-08,0.30717610000000006
3.7209e-08,0.3076772
3.7211e-08,0.30816699999999997
3.7213e-08,0.3086453
3.7215e-08,0.30911259999999996
3.7217e-08,0.3095692
3.7219e-08,0.3100149
3.7221e-08,0.31045030000000007
3.7223e-08,0.31087549999999997
3.7225e-08,0.3112906000000001
3.7227e-08,0.31169579999999997
3.7229e-08,0.31209129999999996
3.7231e-08,0.31247749999999996
3.7233e-08,0.3128542000000001
3.7235e-08,0.313222
3.7237e-08,0.3135806
3.7239e-08,0.3139307
3.7241e-08,0.314272
3.7243e-08,0.31460509999999997
3.7245e-08,0.31492980000000004
3.7247e-08,0.31524640000000004
3.7249e-08,0.31555520000000004
3.7251e-08,0.3158561999999999
3.7253e-08,0.31614949999999997
3.7255e-08,0.31643540000000003
3.7257e-08,0.31671399999999994
3.7259e-08,0.3169854000000001
3.7261e-08,0.3172499000000001
3.7263e-08,0.3175074
3.7265e-08,0.3177582
3.7267e-08,0.31800249999999997
3.7269e-08,0.3182404000000001
3.7271e-08,0.31847179999999997
3.7273e-08,0.31869709999999996
3.7275e-08,0.3189164
3.7277e-08,0.31912970000000007
3.7279e-08,0.3193372
3.7281e-08,0.31953909999999996
3.7283e-08,0.31973550000000006
3.7285e-08,0.3199263
3.7287e-08,0.32011179999999995
3.7289e-08,0.32029209999999997
3.7291e-08,0.32046740000000007
3.7293e-08,0.3206377
3.7295e-08,0.32080299999999995
3.7297e-08,0.3209636
3.7299e-08,0.3211195
3.7301e-08,0.3212709
3.7303e-08,0.3214178
3.7305e-08,0.32156039999999997
3.7307e-08,0.32169860000000006
3.7309e-08,0.3218327999999999
3.7311e-08,0.32196269999999994
3.7313e-08,0.32208879999999995
3.7315e-08,0.3222109000000001
3.7317e-08,0.32232930000000004
3.7319e-08,0.32244379999999995
3.7321e-08,0.3225549
3.7323e-08,0.3226622
3.7325e-08,0.3227662
3.7327e-08,0.32286670000000006
3.7329e-08,0.32296400000000003
3.7331e-08,0.32305800000000007
3.7333e-08,0.32314870000000007
3.7335e-08,0.32323650000000004
3.7337e-08,0.3233212
3.7339e-08,0.32340309999999994
3.7341e-08,0.32348199999999994
3.7343e-08,0.32355810000000007
3.7345e-08,0.3236314
3.7347e-08,0.32370219999999994
3.7349e-08,0.32377030000000007
3.7351e-08,0.3238358
3.7353e-08,0.3238989
3.7355e-08,0.32395949999999996
3.7357e-08,0.3240177999999999
3.7359e-08,0.3240737
3.7361e-08,0.3241275
3.7363e-08,0.324179
3.7365e-08,0.32422850000000003
3.7367e-08,0.3242758
3.7369e-08,0.32432110000000003
3.7371e-08,0.3243644
3.7373e-08,0.32440579999999997
3.7375e-08,0.3244454
3.7377e-08,0.3244831
3.7379e-08,0.324519
3.7381e-08,0.3245532
3.7383e-08,0.32458560000000003
3.7385e-08,0.3246165
3.7387e-08,0.3246456999999999
3.7389e-08,0.32467349999999995
3.7391e-08,0.3246996000000001
3.7393e-08,0.3247243000000001
3.7395e-08,0.32474749999999997
3.7397e-08,0.3247694
3.73985e-08,0.32478489999999993
3.74e-08,0.3247996000000001
3.74002e-08,0.3248016
3.74006e-08,0.3248053999999999
3.74014e-08,0.3248127999999999
3.7403e-08,0.324827
3.7405e-08,0.32484369999999996
3.7407e-08,0.32485910000000007
3.7409e-08,0.3248734
3.7411e-08,0.3248863999999999
3.7413e-08,0.3248985
3.7415e-08,0.3249094
3.7417e-08,0.3249193
3.7419e-08,0.3249282
3.7421e-08,0.324936
3.7423e-08,0.32494290000000003
3.7425e-08,0.3249489000000001
3.7427e-08,0.3249540000000001
3.7429e-08,0.3249582
3.7431e-08,0.32496159999999996
3.7433e-08,0.3249641
3.7435e-08,0.32496590000000003
3.7437e-08,0.3249668
3.7439e-08,0.324967
3.7441e-08,0.32496650000000005
3.7443e-08,0.3249653
3.7445e-08,0.32496350000000007
3.7447e-08,0.32496100000000006
3.7449e-08,0.32495779999999996
3.7451e-08,0.32495399999999997
3.7453e-08,0.3249497
3.7455e-08,0.3249447
3.7457e-08,0.32493929999999993
3.7459e-08,0.3249331999999999
3.7461e-08,0.32492679999999996
3.7463e-08,0.32491970000000003
3.7465e-08,0.3249122
3.7467e-08,0.3249042000000001
3.7469e-08,0.32489579999999996
3.7471e-08,0.32488700000000004
3.7473e-08,0.3248778
3.7475e-08,0.3248681
3.7477e-08,0.32485810000000004
3.7479e-08,0.3248477000000001
3.7481e-08,0.32483700000000004
3.7483e-08,0.32482599999999995
3.7485e-08,0.32481459999999995
3.7487e-08,0.3248029
3.7489e-08,0.3247909
3.7491e-08,0.3247785999999999
3.7493e-08,0.32476610000000006
3.7495e-08,0.3247533
3.7497e-08,0.3247403
3.7499e-08,0.324727
3.7501e-08,0.3247135
3.7503e-08,0.3246998
3.7505e-08,0.32468589999999997
3.7507e-08,0.32467180000000007
3.7509e-08,0.32465750000000004
3.7511e-08,0.3246432
3.7513e-08,0.32462859999999993
3.7515e-08,0.32461379999999995
3.7517e-08,0.3245989
3.7519e-08,0.3245838999999999
3.7521e-08,0.3245688
3.7523e-08,0.3245534
3.7525e-08,0.324538
3.7527e-08,0.3245226
3.7529e-08,0.324507
3.7531e-08,0.3244914
3.7533e-08,0.32447570000000003
3.7535e-08,0.3244599
3.7537e-08,0.32444400000000007
3.7539e-08,0.32442800000000005
3.7541e-08,0.3244121
3.7543e-08,0.324396
3.7545e-08,0.32438
3.7547e-08,0.3243638999999999
3.7549e-08,0.32434779999999996
3.7551e-08,0.32433160000000005
3.7553e-08,0.3243155
3.7555e-08,0.3242991999999999
3.7557e-08,0.32428310000000005
3.7559e-08,0.3242669
3.7561e-08,0.32425079999999995
3.7563e-08,0.32423459999999993
3.7565e-08,0.3242184
3.7567e-08,0.32420229999999994
3.7569e-08,0.32418610000000003
3.7571e-08,0.3241699
3.7573e-08,0.3241539000000001
3.7575e-08,0.3241379
3.7577e-08,0.3241219000000001
3.7579e-08,0.32410589999999995
3.7581e-08,0.32408990000000004
3.7583e-08,0.324074
3.7585e-08,0.32405819999999996
3.7587e-08,0.3240422999999999
3.7589e-08,0.32402659999999994
3.7591e-08,0.32401100000000005
3.7593e-08,0.3239953
3.7595e-08,0.3239797
3.7597e-08,0.32396420000000004
3.75985e-08,0.3239525999999999
3.76e-08,0.3239411000000001
3.76002e-08,0.3239404
3.76006e-08,0.32394069999999997
3.76014e-08,0.32395240000000003
3.7603e-08,0.32400379999999995
3.7605e-08,0.3240820000000001
3.7607e-08,0.32412779999999997
3.7609e-08,0.3240969
3.7611e-08,0.32395339999999995
3.7613e-08,0.3236686
3.7615e-08,0.3232198999999999
3.7617e-08,0.32258929999999997
3.7619e-08,0.3217632
3.7621e-08,0.3207314
3.7623e-08,0.31948699999999997
3.7625e-08,0.31802550000000007
3.7627e-08,0.31634439999999997
3.7629e-08,0.3144431000000001
3.7631e-08,0.3123226
3.7633e-08,0.3099850999999999
3.7635e-08,0.30743390000000004
3.7637e-08,0.30467310000000003
3.7639e-08,0.3017077
3.7641e-08,0.2985431999999999
3.7643e-08,0.29518560000000005
3.7645e-08,0.29164119999999993
3.7647e-08,0.28791690000000003
3.7649e-08,0.28401940000000003
3.7651e-08,0.279956
3.7653e-08,0.27573369999999997
3.7655e-08,0.2713599
3.7657e-08,0.2668419000000001
3.7659e-08,0.2621869
3.7661e-08,0.2574022
3.7663e-08,0.252495
3.7665e-08,0.24747239999999993
3.7667e-08,0.24234139999999993
3.7669e-08,0.23710889999999996
3.7671e-08,0.23178159999999992
3.7673e-08,0.22636610000000001
3.7675e-08,0.22086899999999998
3.7677e-08,0.21529640000000005
3.7679e-08,0.20965449999999997
3.7681e-08,0.2039495
3.7683e-08,0.198187
3.7685e-08,0.19237270000000006
3.7687e-08,0.1865119999999999
3.7689e-08,0.1806103
3.7691e-08,0.17467270000000001
3.7693e-08,0.16870410000000002
3.7695e-08,0.1627094
3.7697e-08,0.15669310000000003
3.7699e-08,0.15065949999999995
3.7701e-08,0.14461330000000006
3.7703e-08,0.13855819999999996
3.7705e-08,0.13249840000000002
3.7707e-08,0.1264375000000001
3.7709e-08,0.12037930000000008
3.7711e-08,0.11432719999999996
3.7713e-08,0.1082845
3.7715e-08,0.10225450000000003
3.7717e-08,0.0962402
3.7719e-08,0.09024429999999994
3.7721e-08,0.08426999999999996
3.7723e-08,0.07831960000000004
3.7725e-08,0.0723956
3.7727e-08,0.06650049999999996
3.7729e-08,0.06063660000000004
3.7731e-08,0.05480589999999996
3.7733e-08,0.04901040000000001
3.7735e-08,0.04325229999999991
3.7737e-08,0.037533099999999986
3.7739e-08,0.03185450000000001
3.7741e-08,0.026218300000000028
3.7743e-08,0.020625800000000027
3.7745e-08,0.015078599999999942
3.7747e-08,0.00957779999999997
3.7749e-08,0.0041248000000000395
3.7751e-08,-0.0012793999999999306
3.7753e-08,-0.006633699999999965
3.7755e-08,-0.011937100000000034
3.7757e-08,-0.017188700000000057
3.7759e-08,-0.022387799999999958
3.7761e-08,-0.02753349999999999
3.7763e-08,-0.03262519999999991
3.7765e-08,-0.03766219999999998
3.7767e-08,-0.04264409999999996
3.7769e-08,-0.047570299999999954
3.7771e-08,-0.052440299999999995
3.7773e-08,-0.057253999999999916
3.7775e-08,-0.062010699999999974
3.7777e-08,-0.06671039999999995
3.7779e-08,-0.0713526000000001
3.7781e-08,-0.07593749999999999
3.7783e-08,-0.08046470000000006
3.7785e-08,-0.08493419999999996
3.7787e-08,-0.08934600000000004
3.7789e-08,-0.09369990000000006
3.7791e-08,-0.09799610000000003
3.7793e-08,-0.10223459999999995
3.7795e-08,-0.1064155
3.7797e-08,-0.11053899999999994
3.77985e-08,-0.11359390000000003
3.78e-08,-0.11661659999999996
3.78002e-08,-0.11701700000000004
3.78006e-08,-0.11781639999999993
3.78014e-08,-0.11940869999999992
3.7803e-08,-0.1225657
3.7805e-08,-0.1264611
3.7807e-08,-0.13030010000000003
3.7809e-08,-0.13408300000000006
3.7811e-08,-0.13781
3.7813e-08,-0.14148150000000004
3.7815e-08,-0.14509780000000005
3.7817e-08,-0.1486594
3.7819e-08,-0.15216659999999993
3.7821e-08,-0.15561969999999992
3.7823e-08,-0.15901929999999997
3.7825e-08,-0.1623656
3.7827e-08,-0.1656592
3.7829e-08,-0.1689005
3.7831e-08,-0.17209000000000008
3.7833e-08,-0.17522800000000005
3.7835e-08,-0.1783152
3.7837e-08,-0.18135199999999996
3.7839e-08,-0.18433889999999997
3.7841e-08,-0.18727650000000007
3.7843e-08,-0.19016509999999998
3.7845e-08,-0.19300530000000005
3.7847e-08,-0.19579770000000007
3.7849e-08,-0.1985427999999999
3.7851e-08,-0.201241
3.7853e-08,-0.203893
3.7855e-08,-0.2064992
3.7857e-08,-0.20906029999999998
3.7859e-08,-0.21157669999999995
3.7861e-08,-0.21404900000000004
3.7863e-08,-0.2164777000000001
3.7865e-08,-0.2188635
3.7867e-08,-0.22120669999999998
3.7869e-08,-0.22350800000000004
3.7871e-08,-0.22576790000000002
3.7873e-08,-0.22798680000000004
3.7875e-08,-0.23016559999999997
3.7877e-08,-0.23230460000000008
3.7879e-08,-0.2344043
3.7881e-08,-0.2364653
3.7883e-08,-0.2384881000000001
3.7885e-08,-0.24047340000000006
3.7887e-08,-0.24242149999999996
3.7889e-08,-0.24433309999999997
3.7891e-08,-0.24620869999999995
3.7893e-08,-0.24804859999999995
3.7895e-08,-0.2498536
3.7897e-08,-0.2516242000000001
3.7899e-08,-0.2533607
3.7901e-08,-0.25506380000000006
3.7903e-08,-0.25673389999999996
3.7905e-08,-0.25837160000000003
3.7907e-08,-0.2599772
3.7909e-08,-0.2615514
3.7911e-08,-0.26309460000000007
3.7913e-08,-0.2646073
3.7915e-08,-0.26608999999999994
3.7917e-08,-0.2675430000000001
3.7919e-08,-0.2689671
3.7921e-08,-0.27036250000000006
3.7923e-08,-0.27172969999999996
3.7925e-08,-0.27306930000000007
3.7927e-08,-0.2743816
3.7929e-08,-0.27566710000000005
3.7931e-08,-0.27692610000000006
3.7933e-08,-0.27815940000000006
3.7935e-08,-0.2793671
3.7937e-08,-0.28054960000000007
3.7939e-08,-0.28170760000000006
3.7941e-08,-0.2828414
3.7943e-08,-0.28395119999999996
3.7945e-08,-0.2850376
3.7947e-08,-0.2861011
3.7949e-08,-0.287142
3.7951e-08,-0.2881606000000001
3.7953e-08,-0.28915729999999995
3.7955e-08,-0.29013259999999996
3.7957e-08,-0.2910868
3.7959e-08,-0.29202019999999995
3.7961e-08,-0.29293329999999995
3.7963e-08,-0.2938265
3.7965e-08,-0.2947000000000001
3.7967e-08,-0.2955542
3.7969e-08,-0.2963895
3.7971e-08,-0.2972062
3.7973e-08,-0.2980047
3.7975e-08,-0.2987852
3.7977e-08,-0.2995481
3.7979e-08,-0.3002937
3.7981e-08,-0.3010224
3.7983e-08,-0.3017345
3.7985e-08,-0.30243030000000004
3.7987e-08,-0.30310989999999993
3.7989e-08,-0.3037740000000001
3.7991e-08,-0.30442249999999993
3.7993e-08,-0.305056
3.7995e-08,-0.30567449999999996
3.7997e-08,-0.3062785
3.79985e-08,-0.3067221
3.8e-08,-0.3071577999999999
3.80002e-08,-0.3072152
3.80006e-08,-0.3073298
3.80014e-08,-0.30755730000000003
3.8003e-08,-0.30800570000000005
3.8005e-08,-0.3085542
3.8007e-08,-0.30908940000000007
3.8009e-08,-0.30961169999999993
3.8011e-08,-0.3101212
3.8013e-08,-0.3106182999999999
3.8015e-08,-0.31110329999999997
3.8017e-08,-0.3115761
3.8019e-08,-0.3120373000000001
3.8021e-08,-0.31248699999999996
3.8023e-08,-0.3129254
3.8025e-08,-0.31335270000000004
3.8027e-08,-0.31376930000000003
3.8029e-08,-0.31417509999999993
3.8031e-08,-0.31457060000000003
3.8033e-08,-0.314956
3.8035e-08,-0.3153313
3.8037e-08,-0.31569689999999995
3.8039e-08,-0.3160529000000001
3.8041e-08,-0.31639950000000006
3.8043e-08,-0.3167369
3.8045e-08,-0.31706540000000005
3.8047e-08,-0.3173851000000001
3.8049e-08,-0.31769610000000004
3.8051e-08,-0.31799869999999997
3.8053e-08,-0.3182931000000001
3.8055e-08,-0.3185793
3.8057e-08,-0.3188576000000001
3.8059e-08,-0.3191282
3.8061e-08,-0.3193912
3.8063e-08,-0.3196468
3.8065e-08,-0.3198951
3.8067e-08,-0.3201364
3.8069e-08,-0.3203707
3.8071e-08,-0.3205981
3.8073e-08,-0.3208189
3.8075e-08,-0.32103329999999997
3.8077e-08,-0.32124129999999995
3.8079e-08,-0.3214431
3.8081e-08,-0.3216388
3.8083e-08,-0.3218284
3.8085e-08,-0.3220124
3.8087e-08,-0.32219069999999994
3.8089e-08,-0.3223634000000001
3.8091e-08,-0.3225306
3.8093e-08,-0.3226926
3.8095e-08,-0.3228493
3.8097e-08,-0.3230010000000001
3.8099e-08,-0.32314790000000004
3.8101e-08,-0.32328979999999996
3.8103e-08,-0.323427
3.8105e-08,-0.3235595
3.8107e-08,-0.32368759999999996
3.8109e-08,-0.32381139999999997
3.8111e-08,-0.3239307
3.8113e-08,-0.3240459
3.8115e-08,-0.3241571
3.8117e-08,-0.32426410000000006
3.8119e-08,-0.3243674000000001
3.8121e-08,-0.32446679999999994
3.8123e-08,-0.3245623999999999
3.8125e-08,-0.32465450000000007
3.8127e-08,-0.324743
3.8129e-08,-0.32482810000000006
3.8131e-08,-0.3249098
3.8133e-08,-0.32498820000000006
3.8135e-08,-0.32506349999999995
3.8137e-08,-0.3251355
3.8139e-08,-0.3252047
3.8141e-08,-0.3252707
3.8143e-08,-0.325334
3.8145e-08,-0.3253944
3.8147e-08,-0.32545199999999996
3.8149e-08,-0.32550689999999993
3.8151e-08,-0.32555940000000005
3.8153e-08,-0.32560920000000004
3.8155e-08,-0.3256565
3.8157e-08,-0.32570160000000004
3.8159e-08,-0.3257441
3.8161e-08,-0.32578450000000003
3.8163e-08,-0.32582259999999996
3.8165e-08,-0.3258586
3.8167e-08,-0.3258924999999999
3.8169e-08,-0.32592430000000006
3.8171e-08,-0.3259540999999999
3.8173e-08,-0.325982
3.8175e-08,-0.32600799999999996
3.8177e-08,-0.32603230000000005
3.8179e-08,-0.32605470000000003
3.8181e-08,-0.32607529999999996
3.8183e-08,-0.32609429999999995
3.8185e-08,-0.3261117
3.8187e-08,-0.32612759999999996
3.8189e-08,-0.32614180000000004
3.8191e-08,-0.3261544999999999
3.8193e-08,-0.32616580000000006
3.8195e-08,-0.32617589999999996
3.8197e-08,-0.32618440000000004
3.81985e-08,-0.32619
3.82e-08,-0.32620630000000006
3.82002e-08,-0.3262108
3.82006e-08,-0.32622130000000005
3.82014e-08,-0.3262503
3.8203e-08,-0.3263243
3.8205e-08,-0.32641130000000007
3.8207e-08,-0.32644780000000007
3.8209e-08,-0.3263927999999999
3.8211e-08,-0.32621330000000004
3.8213e-08,-0.3258829
3.8215e-08,-0.32538069999999997
3.8217e-08,-0.32469060000000005
3.8219e-08,-0.3238004
3.8221e-08,-0.3227012
3.8223e-08,-0.3213868
3.8225e-08,-0.3198535
3.8227e-08,-0.3180999
3.8229e-08,-0.3161256
3.8231e-08,-0.3139322
3.8233e-08,-0.31152230000000003
3.8235e-08,-0.3088997
3.8237e-08,-0.3060686
3.8239e-08,-0.30303420000000003
3.8241e-08,-0.29980229999999997
3.8243e-08,-0.29637900000000006
3.8245e-08,-0.2927708
3.8247e-08,-0.2889845
3.8249e-08,-0.2850269999999999
3.8251e-08,-0.2809056
3.8253e-08,-0.2766274000000001
3.8255e-08,-0.27219990000000005
3.8257e-08,-0.26763000000000003
3.8259e-08,-0.26292530000000003
3.8261e-08,-0.25809289999999996
3.8263e-08,-0.25314000000000003
3.8265e-08,-0.2480738
3.8267e-08,-0.24290100000000003
3.8269e-08,-0.23762850000000002
3.8271e-08,-0.23226329999999995
3.8273e-08,-0.2268116
3.8275e-08,-0.22128000000000003
3.8277e-08,-0.21567480000000006
3.8279e-08,-0.21000200000000002
3.8281e-08,-0.2042676
3.8283e-08,-0.19847730000000008
3.8285e-08,-0.1926367000000001
3.8287e-08,-0.1867513999999999
3.8289e-08,-0.1808263
3.8291e-08,-0.1748668
3.8293e-08,-0.16887759999999996
3.8295e-08,-0.16286349999999994
3.8297e-08,-0.156829
3.8299e-08,-0.15077870000000004
3.8301e-08,-0.14471670000000003
3.8303e-08,-0.13864690000000002
3.8305e-08,-0.1325735
3.8307e-08,-0.1265001
3.8309e-08,-0.12043019999999993
3.8311e-08,-0.11436740000000001
3.8313e-08,-0.1083151
3.8315e-08,-0.10227610000000009
3.8317e-08,-0.0962537
3.8319e-08,-0.09025060000000007
3.8321e-08,-0.08426960000000006
3.8323e-08,-0.07831329999999992
3.8325e-08,-0.07238430000000007
3.8327e-08,-0.06648470000000006
3.8329e-08,-0.060616899999999974
3.8331e-08,-0.05478280000000002
3.8333e-08,-0.04898480000000005
3.8335e-08,-0.04322429999999999
3.8337e-08,-0.037503399999999965
3.8339e-08,-0.03182360000000006
3.8341e-08,-0.02618660000000006
3.8343e-08,-0.020593799999999995
3.8345e-08,-0.015046600000000021
3.8347e-08,-0.009546300000000008
3.8349e-08,-0.004094099999999989
3.8351e-08,0.0013090000000000046
3.8353e-08,0.006661800000000051
3.8355e-08,0.011963500000000016
3.8357e-08,0.01721309999999998
3.8359e-08,0.02241000000000004
3.8361e-08,0.027553099999999997
3.8363e-08,0.032642099999999896
3.8365e-08,0.03767620000000005
3.8367e-08,0.04265490000000005
3.8369e-08,0.047577700000000056
3.8371e-08,0.0524443
3.8373e-08,0.057254099999999974
3.8375e-08,0.06200720000000004
3.8377e-08,0.06670280000000006
3.8379e-08,0.0713412
3.8381e-08,0.07592189999999999
3.8383e-08,0.08044489999999993
3.8385e-08,0.08491009999999999
3.8387e-08,0.08931749999999994
3.8389e-08,0.09366700000000006
3.8391e-08,0.09795869999999995
3.8393e-08,0.10219259999999997
3.8395e-08,0.10636899999999994
3.8397e-08,0.11048780000000002
3.83985e-08,0.11353930000000001
3.84e-08,0.11655859999999996
3.84002e-08,0.11695849999999997
3.84006e-08,0.117757
3.84014e-08,0.11934730000000005
3.8403e-08,0.12250070000000002
3.8405e-08,0.12639140000000004
3.8407e-08,0.1302257
3.8409e-08,0.134004
3.8411e-08,0.13772640000000003
3.8413e-08,0.14139329999999994
3.8415e-08,0.1450051
3.8417e-08,0.14856209999999992
3.8419e-08,0.1520648
3.8421e-08,0.1555133999999999
3.8423e-08,0.1589085
3.8425e-08,0.16225049999999996
3.8427e-08,0.16553970000000007
3.8429e-08,0.16877680000000006
3.8431e-08,0.17196199999999995
3.8433e-08,0.17509590000000008
3.8435e-08,0.1781790000000001
3.8437e-08,0.18121180000000003
3.8439e-08,0.18419470000000004
3.8441e-08,0.18712819999999997
3.8443e-08,0.19001310000000005
3.8445e-08,0.1928495
3.8447e-08,0.19563819999999998
3.8449e-08,0.1983796
3.8451e-08,0.20107430000000004
3.8453e-08,0.20372270000000003
3.8455e-08,0.2063256
3.8457e-08,0.2088833
3.8459e-08,0.21139639999999993
3.8461e-08,0.21386549999999993
3.8463e-08,0.21629109999999996
3.8465e-08,0.21867369999999997
3.8467e-08,0.22101400000000004
3.8469e-08,0.22331240000000008
3.8471e-08,0.22556949999999998
3.8473e-08,0.22778569999999998
3.8475e-08,0.2299618
3.8477e-08,0.23209819999999992
3.8479e-08,0.23419540000000005
3.8481e-08,0.23625399999999996
3.8483e-08,0.23827449999999994
3.8485e-08,0.2402575
3.8487e-08,0.2422034999999999
3.8489e-08,0.24411289999999997
3.8491e-08,0.24598639999999994
3.8493e-08,0.2478245
3.8495e-08,0.2496275
3.8497e-08,0.2513963
3.8499e-08,0.25313110000000005
3.8501e-08,0.2548325
3.8503e-08,0.25650110000000004
3.8505e-08,0.2581371
3.8507e-08,0.2597414
3.8509e-08,0.26131420000000005
3.8511e-08,0.26285610000000004
3.8513e-08,0.26436760000000004
3.8515e-08,0.265849
3.8517e-08,0.267301
3.8519e-08,0.2687241
3.8521e-08,0.27011850000000004
3.8523e-08,0.27148479999999997
3.8525e-08,0.27282339999999994
3.8527e-08,0.274135
3.8529e-08,0.2754198
3.8531e-08,0.2766782
3.8533e-08,0.27791070000000007
3.8535e-08,0.27911790000000003
3.8537e-08,0.2803
3.8539e-08,0.2814575
3.8541e-08,0.2825907999999999
3.8543e-08,0.2837004000000001
3.8545e-08,0.2847866
3.8547e-08,0.28584980000000004
3.8549e-08,0.28689049999999994
3.8551e-08,0.28790899999999997
3.8553e-08,0.28890569999999993
3.8555e-08,0.2898809
3.8557e-08,0.2908351
3.8559e-08,0.2917687
3.8561e-08,0.292682
3.8563e-08,0.29357520000000004
3.8565e-08,0.29444900000000007
3.8567e-08,0.29530350000000005
3.8569e-08,0.29613900000000004
3.8571e-08,0.29695609999999995
3.8573e-08,0.29775489999999993
3.8575e-08,0.2985358
3.8577e-08,0.2992992
3.8579e-08,0.3000454
3.8581e-08,0.3007746
3.8583e-08,0.30148719999999996
3.8585e-08,0.3021836000000001
3.8587e-08,0.30286389999999996
3.8589e-08,0.3035285
3.8591e-08,0.30417779999999994
3.8593e-08,0.3048118999999999
3.8595e-08,0.30543129999999996
3.8597e-08,0.3060360000000001
3.85985e-08,0.30648029999999993
3.86e-08,0.30691650000000004
3.86002e-08,0.30697399999999997
3.86006e-08,0.30708880000000005
3.86014e-08,0.3073167
3.8603e-08,0.3077658
3.8605e-08,0.3083151999999999
3.8607e-08,0.30885129999999994
3.8609e-08,0.30937460000000006
3.8611e-08,0.3098851
3.8613e-08,0.3103832000000001
3.8615e-08,0.3108691
3.8617e-08,0.3113431
3.8619e-08,0.31180530000000006
3.8621e-08,0.3122560000000001
3.8623e-08,0.3126955
3.8625e-08,0.31312399999999996
3.8627e-08,0.3135416
3.8629e-08,0.3139487000000001
3.8631e-08,0.3143454
3.8633e-08,0.3147318
3.8635e-08,0.31510839999999996
3.8637e-08,0.31547519999999996
3.8639e-08,0.31583249999999996
3.8641e-08,0.31618029999999997
3.8643e-08,0.3165190000000001
3.8645e-08,0.31684879999999993
3.8647e-08,0.31716959999999994
3.8649e-08,0.3174819
3.8651e-08,0.31778590000000007
3.8653e-08,0.31808159999999996
3.8655e-08,0.31836909999999996
3.8657e-08,0.31864879999999995
3.8659e-08,0.31892070000000006
3.8661e-08,0.31918500000000005
3.8663e-08,0.319442
3.8665e-08,0.3196917
3.8667e-08,0.3199342999999999
3.8669e-08,0.32016999999999995
3.8671e-08,0.32039889999999993
3.8673e-08,0.32062119999999994
3.8675e-08,0.32083680000000003
3.8677e-08,0.3210463
3.8679e-08,0.3212494
3.8681e-08,0.32144649999999997
3.8683e-08,0.3216377
3.8685e-08,0.3218230000000001
3.8687e-08,0.3220027000000001
3.8689e-08,0.32217680000000004
3.8691e-08,0.32234550000000006
3.8693e-08,0.3225089
3.8695e-08,0.3226671000000001
3.8697e-08,0.3228202
3.8699e-08,0.32296840000000004
3.8701e-08,0.3231117
3.8703e-08,0.32325040000000005
3.8705e-08,0.32338429999999996
3.8707e-08,0.3235139
3.8709e-08,0.323639
3.8711e-08,0.32375979999999993
3.8713e-08,0.32387639999999995
3.8715e-08,0.32398899999999997
3.8717e-08,0.3240974999999999
3.8719e-08,0.3242022
3.8721e-08,0.324303
3.8723e-08,0.32440009999999997
3.8725e-08,0.3244935
3.8727e-08,0.3245834000000001
3.8729e-08,0.32467
3.8731e-08,0.32475299999999996
3.8733e-08,0.3248329
3.8735e-08,0.32490949999999996
3.8737e-08,0.3249829999999999
3.8739e-08,0.32505340000000005
3.8741e-08,0.32512090000000005
3.8743e-08,0.32518539999999996
3.8745e-08,0.32524719999999996
3.8747e-08,0.32530629999999994
3.8749e-08,0.32536260000000006
3.8751e-08,0.3254163
3.8753e-08,0.32546739999999996
3.8755e-08,0.3255161
3.8757e-08,0.3255625
3.8759e-08,0.32560639999999996
3.8761e-08,0.3256481
3.8763e-08,0.3256876000000001
3.8765e-08,0.32572480000000004
3.8767e-08,0.3257599
3.8769e-08,0.32579309999999995
3.8771e-08,0.3258242
3.8773e-08,0.32585340000000007
3.8775e-08,0.3258807
3.8777e-08,0.3259061
3.8779e-08,0.32592979999999994
3.8781e-08,0.32595170000000007
3.8783e-08,0.32597199999999993
3.8785e-08,0.3259906
3.8787e-08,0.3260077
3.8789e-08,0.32602319999999996
3.8791e-08,0.3260371000000001
3.8793e-08,0.32604960000000005
3.8795e-08,0.3260607
3.8797e-08,0.32607049999999993
3.87985e-08,0.3260769
3.88e-08,0.32608270000000006
3.88002e-08,0.3260841000000001
3.88006e-08,0.32608899999999996
3.88014e-08,0.32610929999999994
3.8803e-08,0.3261777
3.8805e-08,0.3262758
3.8807e-08,0.3263404
3.8809e-08,0.32632740000000005
3.8811e-08,0.3262006999999999
3.8813e-08,0.32593189999999994
3.8815e-08,0.3254982999999999
3.8817e-08,0.32488209999999995
3.8819e-08,0.3240695
3.8821e-08,0.3230507
3.8823e-08,0.3218185
3.8825e-08,0.32036850000000006
3.8827e-08,0.31869820000000004
3.8829e-08,0.3168071
3.8831e-08,0.3146960999999999
3.8833e-08,0.31236739999999996
3.8835e-08,0.3098244
3.8837e-08,0.3070712
3.8839e-08,0.30411259999999996
3.8841e-08,0.3009543
3.8843e-08,0.29760220000000004
3.8845e-08,0.2940627
3.8847e-08,0.2903426
3.8849e-08,0.28644860000000005
3.8851e-08,0.2823879
3.8853e-08,0.27816779999999997
3.8855e-08,0.27379549999999997
3.8857e-08,0.26927829999999997
3.8859e-08,0.26462339999999995
3.8861e-08,0.25983829999999997
3.8863e-08,0.25492989999999993
3.8865e-08,0.24990539999999994
3.8867e-08,0.244772
3.8869e-08,0.23953630000000004
3.8871e-08,0.2342054
3.8873e-08,0.22878549999999997
3.8875e-08,0.22328349999999997
3.8877e-08,0.21770539999999994
3.8879e-08,0.2120575
3.8881e-08,0.20634580000000002
3.8883e-08,0.20057619999999998
3.8885e-08,0.19475410000000004
3.8887e-08,0.18888530000000003
3.8889e-08,0.18297489999999994
3.8891e-08,0.17702799999999996
3.8893e-08,0.17104980000000003
3.8895e-08,0.16504490000000005
3.8897e-08,0.1590180000000001
3.8899e-08,0.15297359999999993
3.8901e-08,0.1469159
3.8903e-08,0.140849
3.8905e-08,0.1347769000000001
3.8907e-08,0.12870360000000003
3.8909e-08,0.12263250000000003
3.8911e-08,0.11656719999999998
3.8913e-08,0.11051100000000003
3.8915e-08,0.10446730000000004
3.8917e-08,0.09843879999999994
3.8919e-08,0.09242870000000003
3.8921e-08,0.08643970000000001
3.8923e-08,0.08047440000000006
3.8925e-08,0.07453529999999997
3.8927e-08,0.0686251
3.8929e-08,0.06274560000000007
3.8931e-08,0.05689920000000004
3.8933e-08,0.05108799999999991
3.8935e-08,0.04531390000000002
3.8937e-08,0.039578400000000014
3.8939e-08,0.03388369999999996
3.8941e-08,0.028231099999999953
3.8943e-08,0.02262209999999998
3.8945e-08,0.01705829999999997
3.8947e-08,0.011540800000000018
3.8949e-08,0.006071099999999996
3.8951e-08,0.0006500000000000394
3.8953e-08,-0.004721199999999981
3.8955e-08,-0.010041499999999925
3.8957e-08,-0.01531019999999994
3.8959e-08,-0.02052620000000005
3.8961e-08,-0.025688900000000015
3.8963e-08,-0.03079770000000004
3.8965e-08,-0.03585190000000005
3.8967e-08,-0.040850800000000076
3.8969e-08,-0.045794
3.8971e-08,-0.05068109999999992
3.8973e-08,-0.05551169999999994
3.8975e-08,-0.06028549999999999
3.8977e-08,-0.06500210000000006
3.8979e-08,-0.06966139999999998
3.8981e-08,-0.07426310000000003
3.8983e-08,-0.07880710000000002
3.8985e-08,-0.08329340000000007
3.8987e-08,-0.08772190000000002
3.8989e-08,-0.09209259999999997
3.8991e-08,-0.09640530000000003
3.8993e-08,-0.10066039999999998
3.8995e-08,-0.10485769999999994
3.8997e-08,-0.10899759999999992
3.89985e-08,-0.11206470000000002
3.9e-08,-0.11509970000000003
3.90002e-08,-0.1155024
3.90006e-08,-0.11630859999999998
3.90014e-08,-0.11792499999999995
3.9003e-08,-0.12115830000000005
3.9005e-08,-0.1251607
3.9007e-08,-0.12907080000000004
3.9009e-08,-0.13284269999999998
3.9011e-08,-0.13643989999999995
3.9013e-08,-0.1398332
3.9015e-08,-0.14299949999999995
3.9017e-08,-0.14592120000000008
3.9019e-08,-0.14858519999999997
3.9021e-08,-0.1509821
3.9023e-08,-0.1531057
3.9025e-08,-0.15495270000000005
3.9027e-08,-0.1565219
3.9029e-08,-0.1578138
3.9031e-08,-0.15883079999999994
3.9033e-08,-0.1595763
3.9035e-08,-0.16005519999999995
3.9037e-08,-0.1602728
3.9039e-08,-0.1602351999999999
3.9041e-08,-0.1599493999999999
3.9043e-08,-0.15942250000000002
3.9045e-08,-0.15866199999999997
3.9047e-08,-0.15767580000000003
3.9049e-08,-0.15647179999999994
3.9051e-08,-0.15505800000000003
3.9053e-08,-0.15344270000000004
3.9055e-08,-0.15163399999999994
3.9057e-08,-0.14963989999999994
3.9059e-08,-0.1474685
3.9061e-08,-0.14512780000000003
3.9063e-08,-0.14262570000000008
3.9065e-08,-0.13996989999999998
3.9067e-08,-0.13716799999999996
3.9069e-08,-0.1342274
3.9071e-08,-0.13115529999999997
3.9073e-08,-0.1279591
3.9075e-08,-0.1246453999999999
3.9077e-08,-0.12122119999999992
3.9079e-08,-0.1176929000000001
3.9081e-08,-0.11406690000000008
3.9083e-08,-0.11034949999999999
3.9085e-08,-0.10654660000000005
3.9087e-08,-0.10266409999999992
3.9089e-08,-0.0987076
3.9091e-08,-0.09468259999999995
3.9093e-08,-0.09059420000000007
3.9095e-08,-0.08644779999999996
3.9097e-08,-0.08224810000000005
3.9099e-08,-0.07799999999999996
3.9101e-08,-0.07370790000000005
3.9103e-08,-0.06937630000000006
3.9105e-08,-0.06500950000000005
3.9107e-08,-0.06061149999999993
3.9109e-08,-0.05618639999999997
3.9111e-08,-0.051737799999999945
3.9113e-08,-0.04726940000000002
3.9115e-08,-0.042784799999999956
3.9117e-08,-0.038287199999999966
3.9119e-08,-0.033779800000000026
3.9121e-08,-0.02926580000000001
3.9123e-08,-0.02474810000000005
3.9125e-08,-0.02022950000000001
3.9127e-08,-0.015712599999999965
3.9129e-08,-0.01120029999999994
3.9131e-08,-0.006694599999999995
3.9133e-08,-0.0021980999999999806
3.9135e-08,0.0022868999999999806
3.9137e-08,0.006758400000000053
3.9139e-08,0.01121430000000001
3.9141e-08,0.015652800000000022
3.9143e-08,0.02007190000000003
3.9145e-08,0.024470000000000103
3.9147e-08,0.02884540000000002
3.9149e-08,0.03319650000000007
3.9151e-08,0.037522000000000055
3.9153e-08,0.04182029999999992
3.9155e-08,0.04609020000000008
3.9157e-08,0.050330500000000056
3.9159e-08,0.05454000000000003
3.9161e-08,0.058717699999999984
3.9163e-08,0.06286239999999998
3.9165e-08,0.06697330000000001
3.9167e-08,0.07104949999999999
3.9169e-08,0.0750902
3.9171e-08,0.07909440000000001
3.9173e-08,0.08306170000000002
3.9175e-08,0.0869913
3.9177e-08,0.09088260000000004
3.9179e-08,0.09473520000000002
3.9181e-08,0.09854839999999998
3.9183e-08,0.10232179999999991
3.9185e-08,0.1060551999999999
3.9187e-08,0.10974779999999995
3.9189e-08,0.11339969999999999
3.9191e-08,0.11701039999999996
3.9193e-08,0.12057969999999996
3.9195e-08,0.12410749999999993
3.9197e-08,0.12759339999999997
3.91985e-08,0.13018039999999997
3.92e-08,0.13274370000000002
3.92002e-08,0.13308350000000002
3.92006e-08,0.13376220000000005
3.92014e-08,0.13511459999999997
3.9203e-08,0.13779910000000006
3.9205e-08,0.1411169
3.9207e-08,0.14439249999999992
3.9209e-08,0.14762600000000003
3.9211e-08,0.15081730000000004
3.9213e-08,0.15396660000000006
3.9215e-08,0.1570739
3.9217e-08,0.16013919999999993
3.9219e-08,0.16316279999999994
3.9221e-08,0.16614469999999992
3.9223e-08,0.16908519999999994
3.9225e-08,0.1719843000000001
3.9227e-08,0.1748423
3.9229e-08,0.17765940000000002
3.9231e-08,0.18043580000000004
3.9233e-08,0.1831718
3.9235e-08,0.18586749999999996
3.9237e-08,0.18852330000000006
3.9239e-08,0.19113950000000002
3.9241e-08,0.1937161999999999
3.9243e-08,0.19625380000000003
3.9245e-08,0.19875259999999995
3.9247e-08,0.20121310000000003
3.9249e-08,0.20363520000000002
3.9251e-08,0.2060194999999999
3.9253e-08,0.20836639999999995
3.9255e-08,0.21067610000000003
3.9257e-08,0.2129491
3.9259e-08,0.21518550000000003
3.9261e-08,0.21738590000000002
3.9263e-08,0.21955039999999992
3.9265e-08,0.2216796000000001
3.9267e-08,0.22377389999999997
3.9269e-08,0.22583340000000007
3.9271e-08,0.22785879999999992
3.9273e-08,0.22985029999999995
3.9275e-08,0.23180829999999997
3.9277e-08,0.23373309999999992
3.9279e-08,0.23562539999999998
3.9281e-08,0.2374851
3.9283e-08,0.239313
3.9285e-08,0.24110930000000008
3.9287e-08,0.24287440000000005
3.9289e-08,0.2446087
3.9291e-08,0.24631269999999994
3.9293e-08,0.24798660000000006
3.9295e-08,0.24963080000000004
3.9297e-08,0.2512459
3.9299e-08,0.2528320999999999
3.9301e-08,0.2543898
3.9303e-08,0.2559193999999999
3.9305e-08,0.2574214
3.9307e-08,0.258896
3.9309e-08,0.2603436
3.9311e-08,0.26176469999999996
3.9313e-08,0.2631597
3.9315e-08,0.26452870000000006
3.9317e-08,0.26587230000000006
3.9319e-08,0.26719080000000006
3.9321e-08,0.26848459999999996
3.9323e-08,0.2697541
3.9325e-08,0.27099949999999995
3.9327e-08,0.2722213
3.9329e-08,0.2734198
3.9331e-08,0.27459539999999993
3.9333e-08,0.27574830000000006
3.9335e-08,0.27687910000000004
3.9337e-08,0.27798790000000007
3.9339e-08,0.27907519999999997
3.9341e-08,0.2801412
3.9343e-08,0.28118640000000006
3.9345e-08,0.28221089999999993
3.9347e-08,0.2832152
3.9349e-08,0.2841996
3.9351e-08,0.28516450000000004
3.9353e-08,0.2861100000000001
3.9355e-08,0.2870366
3.9357e-08,0.28794449999999994
3.9359e-08,0.2888339999999999
3.9361e-08,0.2897056
3.9363e-08,0.29055929999999996
3.9365e-08,0.29139570000000004
3.9367e-08,0.29221469999999994
3.9369e-08,0.29301699999999997
3.9371e-08,0.29380269999999997
3.9373e-08,0.2945721
3.9375e-08,0.2953253
3.9377e-08,0.2960629
3.9379e-08,0.29678499999999997
3.9381e-08,0.2974918
3.9383e-08,0.29818369999999994
3.9385e-08,0.29886100000000004
3.9387e-08,0.29952370000000006
3.9389e-08,0.30017230000000006
3.9391e-08,0.30080700000000005
3.9393e-08,0.3014279000000001
3.9395e-08,0.30203539999999995
3.9397e-08,0.3026297
3.93985e-08,0.30306679999999997
3.94e-08,0.3035084
3.94002e-08,0.303569
3.94006e-08,0.3036916999999999
3.94014e-08,0.3039434000000001
3.9403e-08,0.30445749999999994
3.9405e-08,0.3050843999999999
3.9407e-08,0.30564939999999996
3.9409e-08,0.30611160000000004
3.9411e-08,0.30643810000000005
3.9413e-08,0.3066025
3.9415e-08,0.30658430000000003
3.9417e-08,0.30636739999999996
3.9419e-08,0.3059398
3.9421e-08,0.30529280000000003
3.9423e-08,0.30442059999999993
3.9425e-08,0.30331980000000003
3.9427e-08,0.3019889
3.9429e-08,0.30042820000000003
3.9431e-08,0.29863930000000005
3.9433e-08,0.2966253
3.9435e-08,0.2943899
3.9437e-08,0.29193769999999997
3.9439e-08,0.2892743
3.9441e-08,0.2864055
3.9443e-08,0.28333759999999997
3.9445e-08,0.28007760000000004
3.9447e-08,0.276632
3.9449e-08,0.27300839999999993
3.9451e-08,0.2692139
3.9453e-08,0.26525599999999994
3.9455e-08,0.261142
3.9457e-08,0.2568794
3.9459e-08,0.25247580000000003
3.9461e-08,0.2479382
3.9463e-08,0.2432742
3.9465e-08,0.2384908
3.9467e-08,0.2335952
3.9469e-08,0.22859419999999997
3.9471e-08,0.2234948
3.9473e-08,0.21830359999999993
3.9475e-08,0.21302690000000002
3.9477e-08,0.20767139999999995
3.9479e-08,0.20224300000000006
3.9481e-08,0.19674780000000003
3.9483e-08,0.19119189999999997
3.9485e-08,0.18558050000000004
3.9487e-08,0.17991939999999995
3.9489e-08,0.17421390000000003
3.9491e-08,0.16846910000000004
3.9493e-08,0.16269
3.9495e-08,0.15688140000000006
3.9497e-08,0.1510479
3.9499e-08,0.14519399999999993
3.9501e-08,0.139324
3.9503e-08,0.13344200000000006
3.9505e-08,0.12755190000000005
3.9507e-08,0.12165760000000003
3.9509e-08,0.11576280000000005
3.9511e-08,0.10987100000000005
3.9513e-08,0.10398560000000001
3.9515e-08,0.09810950000000007
3.9517e-08,0.09224619999999994
3.9519e-08,0.08639839999999999
3.9521e-08,0.080569
3.9523e-08,0.07476040000000006
3.9525e-08,0.06897550000000008
3.9527e-08,0.06321639999999995
3.9529e-08,0.05748569999999997
3.9531e-08,0.05178529999999992
3.9533e-08,0.046117400000000086
3.9535e-08,0.04048390000000002
3.9537e-08,0.03488649999999993
3.9539e-08,0.02932720000000011
3.9541e-08,0.02380749999999998
3.9543e-08,0.018328800000000034
3.9545e-08,0.012892800000000038
3.9547e-08,0.007500599999999968
3.9549e-08,0.0021536000000000888
3.9551e-08,-0.003147000000000011
3.9553e-08,-0.008400300000000027
3.9555e-08,-0.013605100000000037
3.9557e-08,-0.01876050000000007
3.9559e-08,-0.023865800000000048
3.9561e-08,-0.028920000000000057
3.9563e-08,-0.033922600000000025
3.9565e-08,-0.03887269999999998
3.9567e-08,-0.04376979999999997
3.9569e-08,-0.048613499999999976
3.9571e-08,-0.053403199999999984
3.9573e-08,-0.05813849999999998
3.9575e-08,-0.06281910000000002
3.9577e-08,-0.06744450000000002
3.9579e-08,-0.07201479999999993
3.9581e-08,-0.07652949999999992
3.9583e-08,-0.08098839999999996
3.9585e-08,-0.08539160000000001
3.9587e-08,-0.08973880000000001
3.9589e-08,-0.09403000000000006
3.9591e-08,-0.09826540000000006
3.9593e-08,-0.10244470000000006
3.9595e-08,-0.10656809999999994
3.9597e-08,-0.11063590000000001
3.95985e-08,-0.11365009999999998
3.96e-08,-0.11663299999999999
3.96002e-08,-0.11702889999999999
3.96006e-08,-0.11782139999999997
3.96014e-08,-0.11941069999999998
3.9603e-08,-0.12259050000000005
3.9605e-08,-0.12652759999999996
3.9607e-08,-0.13037379999999998
3.9609e-08,-0.13408350000000002
3.9611e-08,-0.13762019999999997
3.9613e-08,-0.14095420000000003
3.9615e-08,-0.1440629
3.9617e-08,-0.14692839999999996
3.9619e-08,-0.14953760000000005
3.9621e-08,-0.15188099999999993
3.9623e-08,-0.15395269999999994
3.9625e-08,-0.15574889999999997
3.9627e-08,-0.15726850000000003
3.9629e-08,-0.1585122
3.9631e-08,-0.15948210000000007
3.9633e-08,-0.1601819
3.9635e-08,-0.16061610000000004
3.9637e-08,-0.16079010000000005
3.9639e-08,-0.16071020000000003
3.9641e-08,-0.1603831
3.9643e-08,-0.15981610000000002
3.9645e-08,-0.1590165
3.9647e-08,-0.15799220000000003
3.9649e-08,-0.15675110000000003
3.9651e-08,-0.15530119999999992
3.9653e-08,-0.15365090000000003
3.9655e-08,-0.15180800000000005
3.9657e-08,-0.1497807
3.9659e-08,-0.14757710000000002
3.9661e-08,-0.14520509999999998
3.9663e-08,-0.14267260000000004
3.9665e-08,-0.13998719999999998
3.9667e-08,-0.13715670000000002
3.9669e-08,-0.13418819999999998
3.9671e-08,-0.13108920000000002
3.9673e-08,-0.12786680000000006
3.9675e-08,-0.12452770000000002
3.9677e-08,-0.12107889999999999
3.9679e-08,-0.11752679999999993
3.9681e-08,-0.11387770000000008
3.9683e-08,-0.11013800000000007
3.9685e-08,-0.1063135999999999
3.9687e-08,-0.1024102
3.9689e-08,-0.09843360000000001
3.9691e-08,-0.09438919999999995
3.9693e-08,-0.09028199999999997
3.9695e-08,-0.08611749999999996
3.9697e-08,-0.0819004000000001
3.9699e-08,-0.07763529999999996
3.9701e-08,-0.07332709999999998
3.9703e-08,-0.06897989999999998
3.9705e-08,-0.06459819999999994
3.9707e-08,-0.060185799999999956
3.9709e-08,-0.055746900000000044
3.9711e-08,-0.051285000000000025
3.9713e-08,-0.04680390000000001
3.9715e-08,-0.04230719999999999
3.9717e-08,-0.03779789999999994
3.9719e-08,-0.03327939999999996
3.9721e-08,-0.02875469999999991
3.9723e-08,-0.02422690000000005
3.9725e-08,-0.019698500000000063
3.9727e-08,-0.015172500000000033
3.9729e-08,-0.01065129999999992
3.9731e-08,-0.0061373999999999596
3.9733e-08,-0.0016329999999999956
3.9735e-08,0.0028593999999999564
3.9737e-08,0.007337999999999956
3.9739e-08,0.01180060000000005
3.9741e-08,0.016245300000000018
3.9743e-08,0.020670399999999978
3.9745e-08,0.025073900000000093
3.9747e-08,0.029454599999999997
3.9749e-08,0.033810499999999966
3.9751e-08,0.038140400000000074
3.9753e-08,0.04244290000000006
3.9755e-08,0.0467168
3.9757e-08,0.05096060000000002
3.9759e-08,0.05517329999999998
3.9761e-08,0.05935390000000007
3.9763e-08,0.06350129999999998
3.9765e-08,0.06761459999999997
3.9767e-08,0.07169289999999995
3.9769e-08,0.07573540000000001
3.9771e-08,0.07974130000000001
3.9773e-08,0.08370999999999995
3.9775e-08,0.08764070000000002
3.9777e-08,0.09153299999999998
3.9779e-08,0.09538619999999998
3.9781e-08,0.09919990000000001
3.9783e-08,0.1029736
3.9785e-08,0.10670690000000005
3.9787e-08,0.11039949999999998
3.9789e-08,0.11405109999999996
3.9791e-08,0.11766129999999997
3.9793e-08,0.12122999999999995
3.9795e-08,0.124757
3.9797e-08,0.12824179999999996
3.97985e-08,0.13082800000000006
3.98e-08,0.1333903999999999
3.98002e-08,0.13373010000000007
3.98006e-08,0.13440849999999993
3.98014e-08,0.1357604
3.9803e-08,0.13844369999999995
3.9805e-08,0.14175990000000005
3.9807e-08,0.14503390000000005
3.9809e-08,0.14826549999999994
3.9811e-08,0.15145490000000006
3.9813e-08,0.15460210000000008
3.9815e-08,0.15770719999999994
3.9817e-08,0.16077030000000003
3.9819e-08,0.16379149999999998
3.9821e-08,0.16677089999999994
3.9823e-08,0.16970870000000005
3.9825e-08,0.17260520000000001
3.9827e-08,0.17546039999999996
3.9829e-08,0.17827460000000006
3.9831e-08,0.18104809999999993
3.9833e-08,0.18378110000000003
3.9835e-08,0.18647369999999996
3.9837e-08,0.18912640000000003
3.9839e-08,0.19173929999999995
3.9841e-08,0.19431280000000006
3.9843e-08,0.19684710000000005
3.9845e-08,0.19934249999999998
3.9847e-08,0.20179939999999996
3.9849e-08,0.20421809999999996
3.9851e-08,0.20659890000000003
3.9853e-08,0.20894219999999997
3.9855e-08,0.21124830000000006
3.9857e-08,0.21351749999999992
3.9859e-08,0.2157501999999999
3.9861e-08,0.2179468
3.9863e-08,0.22010759999999996
3.9865e-08,0.222233
3.9867e-08,0.22432340000000006
3.9869e-08,0.22637910000000006
3.9871e-08,0.22840060000000006
3.9873e-08,0.23038809999999998
3.9875e-08,0.23234220000000005
3.9877e-08,0.234263
3.9879e-08,0.23615129999999995
3.9881e-08,0.23800699999999997
3.9883e-08,0.23983090000000007
3.9885e-08,0.24162309999999998
3.9887e-08,0.2433843
3.9889e-08,0.24511460000000007
3.9891e-08,0.24681449999999994
3.9893e-08,0.2484843
3.9895e-08,0.25012449999999997
3.9897e-08,0.2517355
3.9899e-08,0.2533177
3.9901e-08,0.2548713
3.9903e-08,0.25639690000000004
3.9905e-08,0.2578948
3.9907e-08,0.2593652999999999
3.9909e-08,0.2608089
3.9911e-08,0.26222600000000007
3.9913e-08,0.2636168
3.9915e-08,0.2649819
3.9917e-08,0.26632140000000004
3.9919e-08,0.26763590000000004
3.9921e-08,0.26892569999999993
3.9923e-08,0.27019119999999996
3.9925e-08,0.2714326
3.9927e-08,0.27265039999999996
3.9929e-08,0.27384490000000006
3.9931e-08,0.2750165
3.9933e-08,0.27616550000000006
3.9935e-08,0.2772924
3.9937e-08,0.27839729999999996
3.9939e-08,0.27948059999999997
3.9941e-08,0.2805428
3.9943e-08,0.2815841
3.9945e-08,0.2826048
3.9947e-08,0.28360529999999995
3.9949e-08,0.28458590000000006
3.9951e-08,0.28554690000000005
3.9953e-08,0.28648870000000004
3.9955e-08,0.28741150000000004
3.9957e-08,0.28831570000000006
3.9959e-08,0.2892015
3.9961e-08,0.2900693
3.9963e-08,0.29091939999999994
3.9965e-08,0.29175210000000007
3.9967e-08,0.2925675999999999
3.9969e-08,0.2933663000000001
3.9971e-08,0.29414830000000003
3.9973e-08,0.29491410000000007
3.9975e-08,0.2956639
3.9977e-08,0.2963979
3.9979e-08,0.29711639999999995
3.9981e-08,0.29781979999999997
3.9983e-08,0.29850829999999995
3.9985e-08,0.29918199999999995
3.9987e-08,0.2998413999999999
3.9989e-08,0.30048659999999994
3.9991e-08,0.30111790000000005
3.9993e-08,0.30173549999999993
3.9995e-08,0.3023397
3.9997e-08,0.3029307
3.99985e-08,0.30336549999999995
4e-08,0.303793
4.00002e-08,0.30385019999999996
4.00006e-08,0.3039663
4.00014e-08,0.3042076
4.0003e-08,0.3047126
4.0005e-08,0.3053464
4.0007e-08,0.3059356
4.0009e-08,0.3064357
4.0011e-08,0.30681119999999995
4.0013e-08,0.30703350000000007
4.0015e-08,0.30708009999999997
4.0017e-08,0.3069333999999999
4.0019e-08,0.30657980000000007
4.0021e-08,0.30600970000000005
4.0023e-08,0.30521620000000005
4.0025e-08,0.30419510000000005
4.0027e-08,0.3029442
4.0029e-08,0.3014633
4.0031e-08,0.29975340000000006
4.0033e-08,0.29781710000000006
4.0035e-08,0.295658
4.0037e-08,0.29328030000000005
4.0039e-08,0.29068930000000004
4.0041e-08,0.28789070000000005
4.0043e-08,0.2848908
4.0045e-08,0.28169600000000006
4.0047e-08,0.27831340000000004
4.0049e-08,0.2747499000000001
4.0051e-08,0.2710129
4.0053e-08,0.2671097
4.0055e-08,0.26304780000000005
4.0057e-08,0.2588346
4.0059e-08,0.2544775
4.0061e-08,0.24998379999999998
4.0063e-08,0.2453611
4.0065e-08,0.2406163
4.0067e-08,0.2357568
4.0069e-08,0.23078949999999998
4.0071e-08,0.2257211
4.0073e-08,0.22055859999999994
4.0075e-08,0.2153083
4.0077e-08,0.20997670000000002
4.0079e-08,0.20457019999999992
4.0081e-08,0.19909469999999996
4.0083e-08,0.19355620000000007
4.0085e-08,0.18796030000000008
4.0087e-08,0.1823127
4.0089e-08,0.17661880000000008
4.0091e-08,0.17088370000000008
4.0093e-08,0.16511260000000005
4.0095e-08,0.1593101
4.0097e-08,0.15348119999999998
4.0099e-08,0.1476303
4.0101e-08,0.1417617
4.0103e-08,0.13587949999999993
4.0105e-08,0.12998809999999994
4.0107e-08,0.12409099999999995
4.0109e-08,0.11819209999999991
4.0111e-08,0.11229500000000003
4.0113e-08,0.10640299999999991
4.0115e-08,0.10051929999999998
4.0117e-08,0.09464719999999993
4.0119e-08,0.08878969999999997
4.0121e-08,0.08294940000000006
4.0123e-08,0.07712929999999996
4.0125e-08,0.0713317
4.0127e-08,0.06555929999999999
4.0129e-08,0.059814399999999934
4.0131e-08,0.05409900000000001
4.0133e-08,0.048415500000000056
4.0135e-08,0.04276559999999996
4.0137e-08,0.037151399999999946
4.0139e-08,0.0315745999999999
4.0141e-08,0.026036800000000082
4.0143e-08,0.02053959999999999
4.0145e-08,0.015084399999999998
4.0147e-08,0.009672799999999926
4.0149e-08,0.004305899999999974
4.0151e-08,-0.0010151000000000465
4.0153e-08,-0.006288999999999989
4.0155e-08,-0.011514800000000047
4.0157e-08,-0.01669149999999997
4.0159e-08,-0.021818300000000068
4.0161e-08,-0.026894300000000038
4.0163e-08,-0.031918800000000025
4.0165e-08,-0.03689100000000001
4.0167e-08,-0.04181060000000003
4.0169e-08,-0.04667679999999996
4.0171e-08,-0.051489100000000065
4.0173e-08,-0.05624719999999994
4.0175e-08,-0.060950599999999966
4.0177e-08,-0.06559900000000007
4.0179e-08,-0.07019209999999998
4.0181e-08,-0.07472980000000007
4.0183e-08,-0.07921179999999994
4.0185e-08,-0.08363789999999993
4.0187e-08,-0.08800819999999998
4.0189e-08,-0.09232240000000003
4.0191e-08,-0.09658070000000007
4.0193e-08,-0.10078299999999996
4.0195e-08,-0.1049293
4.0197e-08,-0.10901969999999994
4.01985e-08,-0.11205090000000006
4.02e-08,-0.11505080000000001
4.02002e-08,-0.1154482
4.02006e-08,-0.11624179999999995
4.02014e-08,-0.11782230000000005
4.0203e-08,-0.12095670000000003
4.0205e-08,-0.12482510000000002
4.0207e-08,-0.1286385
4.0209e-08,-0.1323972
4.0211e-08,-0.13610129999999998
4.0213e-08,-0.13975120000000008
4.0215e-08,-0.1433472
4.0217e-08,-0.14688960000000006
4.0219e-08,-0.15037859999999992
4.0221e-08,-0.15381489999999998
4.0223e-08,-0.15719870000000002
4.0225e-08,-0.1605302999999999
4.0227e-08,-0.16381020000000002
4.0229e-08,-0.1670389
4.0231e-08,-0.17021659999999994
4.0233e-08,-0.1733439
4.0235e-08,-0.1764213
4.0237e-08,-0.17944919999999998
4.0239e-08,-0.18242800000000003
4.0241e-08,-0.1853583000000001
4.0243e-08,-0.18824039999999997
4.0245e-08,-0.19107490000000005
4.0247e-08,-0.1938624
4.0249e-08,-0.19660329999999993
4.0251e-08,-0.19929799999999998
4.0253e-08,-0.20194729999999994
4.0255e-08,-0.20455140000000005
4.0257e-08,-0.20711080000000004
4.0259e-08,-0.2096264
4.0261e-08,-0.21209829999999996
4.0263e-08,-0.21452739999999992
4.0265e-08,-0.21691380000000005
4.0267e-08,-0.21925850000000002
4.0269e-08,-0.22156160000000003
4.0271e-08,-0.22382380000000002
4.0273e-08,-0.22604570000000002
4.0275e-08,-0.22822779999999998
4.0277e-08,-0.23037039999999998
4.0279e-08,-0.23247439999999997
4.0281e-08,-0.23454000000000008
4.0283e-08,-0.2365678
4.0285e-08,-0.2385585
4.0287e-08,-0.24051239999999996
4.0289e-08,-0.24243009999999998
4.0291e-08,-0.24431199999999997
4.0293e-08,-0.2461588
4.0295e-08,-0.2479709
4.0297e-08,-0.2497488
4.0299e-08,-0.2514930000000001
4.0301e-08,-0.25320410000000004
4.0303e-08,-0.25488239999999995
4.0305e-08,-0.25652850000000005
4.0307e-08,-0.25814290000000006
4.0309e-08,-0.259726
4.0311e-08,-0.2612784
4.0313e-08,-0.26280040000000005
4.0315e-08,-0.2642926
4.0317e-08,-0.26575550000000003
4.0319e-08,-0.26718949999999997
4.0321e-08,-0.2685951
4.0323e-08,-0.2699726
4.0325e-08,-0.27132259999999997
4.0327e-08,-0.2726455
4.0329e-08,-0.2739416
4.0331e-08,-0.2752116
4.0333e-08,-0.2764557999999999
4.0335e-08,-0.2776746
4.0337e-08,-0.27886849999999996
4.0339e-08,-0.28003770000000006
4.0341e-08,-0.28118279999999995
4.0343e-08,-0.2823042
4.0345e-08,-0.28340220000000005
4.0347e-08,-0.2844774
4.0349e-08,-0.2855299
4.0351e-08,-0.28656040000000005
4.0353e-08,-0.2875689
4.0355e-08,-0.28855619999999993
4.0357e-08,-0.2895223
4.0359e-08,-0.29046780000000005
4.0361e-08,-0.2913929999999999
4.0363e-08,-0.29229820000000006
4.0365e-08,-0.2931838000000001
4.0367e-08,-0.29405019999999993
4.0369e-08,-0.29489770000000004
4.0371e-08,-0.2957265
4.0373e-08,-0.29653719999999995
4.0375e-08,-0.29733
4.0377e-08,-0.2981051
4.0379e-08,-0.298863
4.0381e-08,-0.29960390000000003
4.0383e-08,-0.30032819999999993
4.0385e-08,-0.30103610000000003
4.0387e-08,-0.301728
4.0389e-08,-0.3024042
4.0391e-08,-0.30306489999999997
4.0393e-08,-0.3037105
4.0395e-08,-0.3043412
4.0397e-08,-0.3049573
4.03985e-08,-0.30541000000000007
4.04e-08,-0.3058546999999999
4.04002e-08,-0.305914
4.04006e-08,-0.3060345
4.04014e-08,-0.3062846
4.0403e-08,-0.3068063
4.0405e-08,-0.30746000000000007
4.0407e-08,-0.30806789999999995
4.0409e-08,-0.3085857999999999
4.0411e-08,-0.308978
4.0413e-08,-0.3092163
4.0415e-08,-0.3092779
4.0417e-08,-0.3091455000000001
4.0419e-08,-0.3088054
4.0421e-08,-0.30824819999999997
4.0423e-08,-0.30746680000000004
4.0425e-08,-0.3064572
4.0427e-08,-0.30521719999999997
4.0429e-08,-0.30374639999999997
4.0431e-08,-0.3020461
4.0433e-08,-0.3001186
4.0435e-08,-0.29796770000000006
4.0437e-08,-0.2955976
4.0439e-08,-0.2930136
4.0441e-08,-0.2902212999999999
4.0443e-08,-0.287227
4.0445e-08,-0.2840372
4.0447e-08,-0.28065890000000004
4.0449e-08,-0.27709909999999993
4.0451e-08,-0.27336499999999997
4.0453e-08,-0.26946420000000004
4.0455e-08,-0.265404
4.0457e-08,-0.26119190000000003
4.0459e-08,-0.25683519999999993
4.0461e-08,-0.25234140000000005
4.0463e-08,-0.24771770000000004
4.0465e-08,-0.2429714999999999
4.0467e-08,-0.23810989999999999
4.0469e-08,-0.2331398
4.0471e-08,-0.2280681
4.0473e-08,-0.2229017000000001
4.0475e-08,-0.2176469000000001
4.0477e-08,-0.21231029999999995
4.0479e-08,-0.20689820000000003
4.0481e-08,-0.20141660000000006
4.0483e-08,-0.19587139999999992
4.0485e-08,-0.19026830000000006
4.0487e-08,-0.18461309999999997
4.0489e-08,-0.17891100000000004
4.0491e-08,-0.17316720000000008
4.0493e-08,-0.1673869
4.0495e-08,-0.16157500000000002
4.0497e-08,-0.15573599999999999
4.0499e-08,-0.14987470000000003
4.0501e-08,-0.14399530000000005
4.0503e-08,-0.13810199999999995
4.0505e-08,-0.13219899999999996
4.0507e-08,-0.12629
4.0509e-08,-0.12037889999999996
4.0511e-08,-0.11446919999999994
4.0513e-08,-0.1085642
4.0515e-08,-0.10266750000000002
4.0517e-08,-0.09678189999999998
4.0519e-08,-0.09091059999999995
4.0521e-08,-0.08505649999999998
4.0523e-08,-0.07922209999999996
4.0525e-08,-0.07341019999999998
4.0527e-08,-0.06762310000000005
4.0529e-08,-0.06186340000000001
4.0531e-08,-0.05613299999999999
4.0533e-08,-0.05043430000000004
4.0535e-08,-0.044769199999999953
4.0537e-08,-0.039139399999999935
4.0539e-08,-0.033546900000000046
4.0541e-08,-0.027993399999999946
4.0543e-08,-0.02248030000000001
4.0545e-08,-0.017009199999999947
4.0547e-08,-0.01158159999999997
4.0549e-08,-0.006198499999999996
4.0551e-08,-0.0008613000000000648
4.0553e-08,0.004428899999999958
4.0555e-08,0.009670999999999985
4.0557e-08,0.014864100000000047
4.0559e-08,0.020007200000000003
4.0561e-08,0.025099699999999947
4.0563e-08,0.03014070000000002
4.0565e-08,0.035129499999999925
4.0567e-08,0.040065499999999976
4.0569e-08,0.044948099999999935
4.0571e-08,0.04977700000000007
4.0573e-08,0.05455139999999992
4.0575e-08,0.05927120000000008
4.0577e-08,0.06393610000000005
4.0579e-08,0.06854570000000004
4.0581e-08,0.07309959999999993
4.0583e-08,0.0775979
4.0585e-08,0.08204030000000007
4.0587e-08,0.08642669999999997
4.0589e-08,0.09075719999999998
4.0591e-08,0.09503149999999994
4.0593e-08,0.09924979999999994
4.0595e-08,0.10341200000000006
4.0597e-08,0.10751830000000007
4.05985e-08,0.11056139999999992
4.06e-08,0.1135731000000001
4.06002e-08,0.1139728000000001
4.06006e-08,0.1147729999999999
4.06014e-08,0.11637750000000002
4.0603e-08,0.11958780000000002
4.0605e-08,0.12356279999999997
4.0607e-08,0.1274466999999999
4.0609e-08,0.13119379999999992
4.0611e-08,0.1347674000000001
4.0613e-08,0.13813810000000004
4.0615e-08,0.14128300000000005
4.0617e-08,0.1441844
4.0619e-08,0.1468292000000001
4.0621e-08,0.1492078
4.0623e-08,0.15131399999999995
4.0625e-08,0.15314450000000002
4.0627e-08,0.1546982
4.0629e-08,0.15597529999999993
4.0631e-08,0.15697830000000002
4.0633e-08,0.15771080000000004
4.0635e-08,0.1581773999999999
4.0637e-08,0.15838339999999995
4.0639e-08,0.1583352
4.0641e-08,0.1580393
4.0643e-08,0.15750320000000007
4.0645e-08,0.15673420000000005
4.0647e-08,0.1557402
4.0649e-08,0.15452909999999997
4.0651e-08,0.1531089
4.0653e-08,0.15148779999999995
4.0655e-08,0.14967399999999997
4.0657e-08,0.14767549999999996
4.0659e-08,0.14550039999999997
4.0661e-08,0.14315659999999997
4.0663e-08,0.14065210000000006
4.0665e-08,0.13799440000000007
4.0667e-08,0.13519119999999996
4.0669e-08,0.13224990000000003
4.0671e-08,0.1291778
4.0673e-08,0.12598199999999993
4.0675e-08,0.12266940000000004
4.0677e-08,0.11924670000000004
4.0679e-08,0.1157205
4.0681e-08,0.11209710000000006
4.0683e-08,0.1083828
4.0685e-08,0.1045836
4.0687e-08,0.10070509999999999
4.0689e-08,0.09675309999999993
4.0691e-08,0.09273310000000001
4.0693e-08,0.08865030000000007
4.0695e-08,0.08450960000000007
4.0697e-08,0.08031619999999995
4.0699e-08,0.07607470000000005
4.0701e-08,0.07178970000000007
4.0703e-08,0.06746550000000007
4.0705e-08,0.0631063999999999
4.0707e-08,0.05871660000000001
4.0709e-08,0.05429989999999996
4.0711e-08,0.049860000000000015
4.0713e-08,0.04540080000000002
4.0715e-08,0.0409254
4.0717e-08,0.03643750000000001
4.0719e-08,0.031940099999999916
4.0721e-08,0.027436099999999963
4.0723e-08,0.02292890000000003
4.0725e-08,0.018420800000000015
4.0727e-08,0.013914899999999952
4.0729e-08,0.009413600000000022
4.0731e-08,0.0049192000000000125
4.0733e-08,0.0004342000000000512
4.0735e-08,-0.004039099999999962
4.0737e-08,-0.008498899999999976
4.0739e-08,-0.01294290000000009
4.0741e-08,-0.017369199999999974
4.0743e-08,-0.021776000000000018
4.0745e-08,-0.026161800000000013
4.0747e-08,-0.030524600000000013
4.0749e-08,-0.03486330000000004
4.0751e-08,-0.03917590000000004
4.0753e-08,-0.04346149999999993
4.0755e-08,-0.0477185
4.0757e-08,-0.05194579999999993
4.0759e-08,-0.05614229999999998
4.0761e-08,-0.060306799999999994
4.0763e-08,-0.0644384
4.0765e-08,-0.06853609999999999
4.0767e-08,-0.07259899999999997
4.0769e-08,-0.07662630000000004
4.0771e-08,-0.0806173
4.0773e-08,-0.08457119999999996
4.0775e-08,-0.08848749999999994
4.0777e-08,-0.09236540000000004
4.0779e-08,-0.09620460000000008
4.0781e-08,-0.1000044
4.0783e-08,-0.10376449999999993
4.0785e-08,-0.10748440000000004
4.0787e-08,-0.11116369999999998
4.0789e-08,-0.11480219999999997
4.0791e-08,-0.11839959999999994
4.0793e-08,-0.1219557
4.0795e-08,-0.12547010000000003
4.0797e-08,-0.12894280000000002
4.07985e-08,-0.1315198999999999
4.08e-08,-0.13407329999999995
4.08002e-08,-0.13441179999999997
4.08006e-08,-0.13508779999999998
4.08014e-08,-0.13643499999999997
4.0803e-08,-0.13910900000000004
4.0805e-08,-0.14241369999999998
4.0807e-08,-0.14567640000000004
4.0809e-08,-0.1488969
4.0811e-08,-0.15207530000000002
4.0813e-08,-0.15521169999999995
4.0815e-08,-0.15830619999999995
4.0817e-08,-0.16135880000000002
4.0819e-08,-0.16436969999999995
4.0821e-08,-0.16733910000000007
4.0823e-08,-0.17026699999999995
4.0825e-08,-0.17315369999999997
4.0827e-08,-0.17599929999999997
4.0829e-08,-0.17880410000000002
4.0831e-08,-0.18156819999999996
4.0833e-08,-0.18429209999999996
4.0835e-08,-0.18697569999999997
4.0837e-08,-0.1896196
4.0839e-08,-0.19222379999999994
4.0841e-08,-0.19478869999999993
4.0843e-08,-0.1973146
4.0845e-08,-0.19980179999999992
4.0847e-08,-0.20225060000000006
4.0849e-08,-0.20466130000000005
4.0851e-08,-0.20703419999999995
4.0853e-08,-0.20936980000000005
4.0855e-08,-0.21166819999999997
4.0857e-08,-0.21392999999999995
4.0859e-08,-0.2161554
4.0861e-08,-0.2183447999999999
4.0863e-08,-0.22049850000000004
4.0865e-08,-0.22261700000000006
4.0867e-08,-0.22470060000000003
4.0869e-08,-0.2267496
4.0871e-08,-0.22876439999999998
4.0873e-08,-0.23074550000000005
4.0875e-08,-0.23269309999999999
4.0877e-08,-0.23460769999999997
4.0879e-08,-0.23648979999999997
4.0881e-08,-0.23833949999999993
4.0883e-08,-0.24015739999999997
4.0885e-08,-0.24194379999999993
4.0887e-08,-0.2436992
4.0889e-08,-0.24542389999999992
4.0891e-08,-0.24711820000000007
4.0893e-08,-0.2487826999999999
4.0895e-08,-0.25041749999999996
4.0897e-08,-0.25202330000000006
4.0899e-08,-0.25360019999999994
4.0901e-08,-0.25514879999999995
4.0903e-08,-0.2566693
4.0905e-08,-0.2581623999999999
4.0907e-08,-0.25962810000000003
4.0909e-08,-0.26106700000000005
4.0911e-08,-0.26247940000000003
4.0913e-08,-0.2638655999999999
4.0915e-08,-0.26522619999999997
4.0917e-08,-0.26656139999999995
4.0919e-08,-0.2678716
4.0921e-08,-0.26915710000000004
4.0923e-08,-0.2704183
4.0925e-08,-0.2716556
4.0927e-08,-0.2728695
4.0929e-08,-0.2740600000000001
4.0931e-08,-0.2752278
4.0933e-08,-0.276373
4.0935e-08,-0.27749599999999996
4.0937e-08,-0.27859729999999994
4.0939e-08,-0.2796771
4.0941e-08,-0.2807356
4.0943e-08,-0.28177340000000006
4.0945e-08,-0.28279069999999995
4.0947e-08,-0.28378780000000003
4.0949e-08,-0.28476520000000005
4.0951e-08,-0.2857229
4.0953e-08,-0.28666159999999996
4.0955e-08,-0.2875812
4.0957e-08,-0.28848229999999997
4.0959e-08,-0.28936509999999993
4.0961e-08,-0.29023
4.0963e-08,-0.2910771
4.0965e-08,-0.2919069000000001
4.0967e-08,-0.29271959999999997
4.0969e-08,-0.29351550000000004
4.0971e-08,-0.29429479999999997
4.0973e-08,-0.29505799999999993
4.0975e-08,-0.29580509999999993
4.0977e-08,-0.29653660000000004
4.0979e-08,-0.2972526000000001
4.0981e-08,-0.29795360000000004
4.0983e-08,-0.29863950000000006
4.0985e-08,-0.29931090000000005
4.0987e-08,-0.29996789999999995
4.0989e-08,-0.30061080000000007
4.0991e-08,-0.3012399
4.0993e-08,-0.3018552
4.0995e-08,-0.30245730000000004
4.0997e-08,-0.3030461
4.09985e-08,-0.30347920000000006
4.1e-08,-0.3039052
4.10002e-08,-0.3039623
4.10006e-08,-0.30407779999999995
4.10014e-08,-0.30431849999999994
4.1003e-08,-0.3048217
4.1005e-08,-0.3054536
4.1007e-08,-0.3060408
4.1009e-08,-0.306539
4.1011e-08,-0.3069126
4.1013e-08,-0.30713310000000005
4.1015e-08,-0.3071779
4.1017e-08,-0.30702930000000006
4.1019e-08,-0.30667410000000006
4.1021e-08,-0.30610229999999994
4.1023e-08,-0.30530729999999995
4.1025e-08,-0.30428449999999996
4.1027e-08,-0.30303199999999997
4.1029e-08,-0.3015495
4.1031e-08,-0.2998381
4.1033e-08,-0.29790040000000007
4.1035e-08,-0.2957398
4.1037e-08,-0.2933608
4.1039e-08,-0.29076840000000004
4.1041e-08,-0.2879684
4.1043e-08,-0.2849672000000001
4.1045e-08,-0.28177109999999994
4.1047e-08,-0.2783871
4.1049e-08,-0.2748224
4.1051e-08,-0.27108409999999994
4.1053e-08,-0.2671797
4.1055e-08,-0.2631165999999999
4.1057e-08,-0.2589021
4.1059e-08,-0.25454390000000005
4.1061e-08,-0.2500491
4.1063e-08,-0.24542529999999996
4.1065e-08,-0.2406794
4.1067e-08,-0.2358188
4.1069e-08,-0.2308504
4.1071e-08,-0.22578090000000006
4.1073e-08,-0.22061740000000007
4.1075e-08,-0.21536600000000006
4.1077e-08,-0.21003349999999998
4.1079e-08,-0.20462590000000003
4.1081e-08,-0.19914949999999998
4.1083e-08,-0.1936099
4.1085e-08,-0.1880132
4.1087e-08,-0.18236469999999994
4.1089e-08,-0.1766698
4.1091e-08,-0.17093380000000002
4.1093e-08,-0.16516180000000003
4.1095e-08,-0.15935849999999996
4.1097e-08,-0.15352869999999996
4.1099e-08,-0.1476769
4.1101e-08,-0.14180740000000003
4.1103e-08,-0.13592439999999995
4.1105e-08,-0.13003220000000004
4.1107e-08,-0.12413429999999992
4.1109e-08,-0.11823459999999997
4.1111e-08,-0.11233670000000007
4.1113e-08,-0.10644390000000004
4.1115e-08,-0.10055950000000002
4.1117e-08,-0.09468660000000007
4.1119e-08,-0.08882829999999997
4.1121e-08,-0.08298740000000004
4.1123e-08,-0.07716659999999997
4.1125e-08,-0.0713684
4.1127e-08,-0.06559520000000008
4.1129e-08,-0.059849700000000006
4.1131e-08,-0.05413370000000006
4.1133e-08,-0.04844940000000009
4.1135e-08,-0.04279900000000003
4.1137e-08,-0.03718410000000005
4.1139e-08,-0.03160660000000004
4.1141e-08,-0.026068199999999986
4.1143e-08,-0.02057039999999999
4.1145e-08,-0.015114700000000036
4.1147e-08,-0.009702500000000058
4.1149e-08,-0.004334999999999978
4.1151e-08,0.0009865000000000013
4.1153e-08,0.006260999999999961
4.1155e-08,0.011487299999999978
4.1157e-08,0.01666459999999992
4.1159e-08,0.021791800000000028
4.1161e-08,0.026868400000000014
4.1163e-08,0.03189340000000007
4.1165e-08,0.03686610000000001
4.1167e-08,0.04178610000000005
4.1169e-08,0.04665279999999994
4.1171e-08,0.0514656
4.1173e-08,0.05622420000000006
4.1175e-08,0.06092799999999998
4.1177e-08,0.06557689999999994
4.1179e-08,0.07017040000000008
4.1181e-08,0.07470849999999996
4.1183e-08,0.07919089999999995
4.1185e-08,0.08361739999999995
4.1187e-08,0.08798820000000007
4.1189e-08,0.09230279999999991
4.1191e-08,0.09656140000000002
4.1193e-08,0.10076399999999996
4.1195e-08,0.10491070000000002
4.1197e-08,0.10900149999999997
4.11985e-08,0.11203299999999994
4.12e-08,0.11503319999999995
4.12002e-08,0.11543140000000007
4.12006e-08,0.11622849999999996
4.12014e-08,0.11782689999999996
4.1203e-08,0.12102489999999999
4.1205e-08,0.12498470000000006
4.1207e-08,0.12885350000000007
4.1209e-08,0.13258559999999997
4.1211e-08,0.13614440000000005
4.1213e-08,0.13950050000000003
4.1215e-08,0.14263099999999995
4.1217e-08,0.14551800000000004
4.1219e-08,0.14814850000000002
4.1221e-08,0.150513
4.1223e-08,0.1526056
4.1225e-08,0.15442250000000002
4.1227e-08,0.1559625
4.1229e-08,0.15722629999999993
4.1231e-08,0.15821629999999998
4.1233e-08,0.1589357
4.1235e-08,0.15938940000000001
4.1237e-08,0.15958260000000002
4.1239e-08,0.15952179999999994
4.1241e-08,0.1592135
4.1243e-08,0.1586651
4.1245e-08,0.15788390000000008
4.1247e-08,0.15687780000000007
4.1249e-08,0.15565469999999992
4.1251e-08,0.15422269999999993
4.1253e-08,0.15258989999999995
4.1255e-08,0.15076440000000002
4.1257e-08,0.1487543
4.1259e-08,0.14656770000000008
4.1261e-08,0.14421249999999997
4.1263e-08,0.14169659999999995
4.1265e-08,0.1390277000000001
4.1267e-08,0.13621340000000004
4.1269e-08,0.13326110000000002
4.1271e-08,0.13017800000000002
4.1273e-08,0.12697120000000006
4.1275e-08,0.12364769999999992
4.1277e-08,0.12021419999999994
4.1279e-08,0.11667729999999998
4.1281e-08,0.11304330000000007
4.1283e-08,0.10931840000000004
4.1285e-08,0.10550860000000006
4.1287e-08,0.10161969999999998
4.1289e-08,0.09765729999999995
4.1291e-08,0.09362690000000007
4.1293e-08,0.0895338
4.1295e-08,0.08538299999999999
4.1297e-08,0.08117940000000001
4.1299e-08,0.0769278000000001
4.1301e-08,0.07263279999999994
4.1303e-08,0.06829870000000005
4.1305e-08,0.06392989999999998
4.1307e-08,0.05953020000000009
4.1309e-08,0.055103800000000036
4.1311e-08,0.05065430000000004
4.1313e-08,0.04618540000000004
4.1315e-08,0.041700700000000035
4.1317e-08,0.03720319999999999
4.1319e-08,0.03269639999999996
4.1321e-08,0.028183300000000022
4.1323e-08,0.02366669999999993
4.1325e-08,0.01914959999999999
4.1327e-08,0.0146347
4.1329e-08,0.010124199999999917
4.1331e-08,0.005621000000000098
4.1333e-08,0.0011271999999999949
4.1335e-08,-0.003354999999999997
4.1337e-08,-0.007823299999999977
4.1339e-08,-0.012275900000000006
4.1341e-08,-0.016710699999999967
4.1343e-08,-0.021126099999999925
4.1345e-08,-0.025520100000000046
4.1347e-08,-0.029891300000000065
4.1349e-08,-0.03423799999999999
4.1351e-08,-0.03855889999999995
4.1353e-08,-0.04285249999999996
4.1355e-08,-0.04711740000000009
4.1357e-08,-0.05135270000000003
4.1359e-08,-0.05555690000000002
4.1361e-08,-0.05972909999999998
4.1363e-08,-0.0638683000000001
4.1365e-08,-0.06797359999999997
4.1367e-08,-0.07204390000000005
4.1369e-08,-0.0760786
4.1371e-08,-0.0800769
4.1373e-08,-0.0840381
4.1375e-08,-0.08796150000000003
4.1377e-08,-0.09184649999999994
4.1379e-08,-0.0956925999999999
4.1381e-08,-0.09949940000000002
4.1383e-08,-0.10326630000000003
4.1385e-08,-0.10699289999999995
4.1387e-08,-0.11067890000000002
4.1389e-08,-0.11432399999999998
4.1391e-08,-0.11792780000000003
4.1393e-08,-0.12149029999999994
4.1395e-08,-0.1250112
4.1397e-08,-0.1284902
4.13985e-08,-0.13107180000000007
4.14e-08,-0.13362990000000008
4.14002e-08,-0.13396979999999992
4.14006e-08,-0.13465060000000006
4.14014e-08,-0.13601790000000002
4.1403e-08,-0.13876
4.1405e-08,-0.14216189999999995
4.1407e-08,-0.14548570000000005
4.1409e-08,-0.14868550000000003
4.1411e-08,-0.1517248
4.1413e-08,-0.15457350000000003
4.1415e-08,-0.15720889999999998
4.1417e-08,-0.1596126
4.1419e-08,-0.16177150000000007
4.1421e-08,-0.16367589999999999
4.1423e-08,-0.1653192
4.1425e-08,-0.1666978
4.1427e-08,-0.16781020000000002
4.1429e-08,-0.16865680000000005
4.1431e-08,-0.1692395
4.1433e-08,-0.16956169999999993
4.1435e-08,-0.16962769999999994
4.1437e-08,-0.16944269999999995
4.1439e-08,-0.16901279999999996
4.1441e-08,-0.16834439999999995
4.1443e-08,-0.1674445
4.1445e-08,-0.16632049999999998
4.1447e-08,-0.1649798
4.1449e-08,-0.16343049999999992
4.1451e-08,-0.1616803
4.1453e-08,-0.15973700000000002
4.1455e-08,-0.15760869999999993
4.1457e-08,-0.15530329999999992
4.1459e-08,-0.1528288
4.1461e-08,-0.15019289999999996
4.1463e-08,-0.14740319999999996
4.1465e-08,-0.14446740000000002
4.1467e-08,-0.141393
4.1469e-08,-0.1381873
4.1471e-08,-0.1348572
4.1473e-08,-0.13140980000000002
4.1475e-08,-0.12785199999999997
4.1477e-08,-0.12419029999999998
4.1479e-08,-0.12043110000000001
4.1481e-08,-0.11658080000000004
4.1483e-08,-0.1126454
4.1485e-08,-0.10863060000000002
4.1487e-08,-0.10454239999999992
4.1489e-08,-0.10038609999999992
4.1491e-08,-0.096167
4.1493e-08,-0.09189059999999993
4.1495e-08,-0.08756160000000002
4.1497e-08,-0.08318480000000006
4.1499e-08,-0.07876490000000003
4.1501e-08,-0.0743064
4.1503e-08,-0.06981360000000003
4.1505e-08,-0.06529059999999998
4.1507e-08,-0.060741500000000004
4.1509e-08,-0.056169899999999995
4.1511e-08,-0.051579700000000006
4.1513e-08,-0.04697429999999991
4.1515e-08,-0.04235730000000004
4.1517e-08,-0.037731700000000035
4.1519e-08,-0.03310069999999998
4.1521e-08,-0.028467200000000026
4.1523e-08,-0.023834200000000028
4.1525e-08,-0.01920440000000001
4.1527e-08,-0.01458029999999999
4.1529e-08,-0.009964500000000043
4.1531e-08,-0.005359300000000067
4.1533e-08,-0.0007669000000000148
4.1535e-08,0.0038103999999999916
4.1537e-08,0.008370700000000064
4.1539e-08,0.012912000000000035
4.1541e-08,0.017432499999999962
4.1543e-08,0.021930299999999958
4.1545e-08,0.026403999999999983
4.1547e-08,0.030851900000000043
4.1549e-08,0.03527250000000004
4.1551e-08,0.039664400000000044
4.1553e-08,0.04402640000000002
4.1555e-08,0.04835710000000004
4.1557e-08,0.052655599999999914
4.1559e-08,0.05692050000000004
4.1561e-08,0.061151100000000014
4.1563e-08,0.06534609999999996
4.1565e-08,0.06950489999999998
4.1567e-08,0.07362669999999993
4.1569e-08,0.07771050000000002
4.1571e-08,0.08175579999999993
4.1573e-08,0.08576189999999995
4.1575e-08,0.08972820000000004
4.1577e-08,0.09365420000000002
4.1579e-08,0.0975393
4.1581e-08,0.10138329999999995
4.1583e-08,0.10518539999999998
4.1585e-08,0.10894559999999998
4.1587e-08,0.11266359999999997
4.1589e-08,0.11633890000000002
4.1591e-08,0.11997140000000006
4.1593e-08,0.12356079999999992
4.1595e-08,0.12710719999999998
4.1597e-08,0.1306102
4.15985e-08,0.13320890000000007
4.16e-08,0.13578329999999994
4.16002e-08,0.13612519999999995
4.16006e-08,0.1368102
4.16014e-08,0.13818580000000003
4.1603e-08,0.1409437
4.1605e-08,0.1443641
4.1607e-08,0.14770519999999998
4.1609e-08,0.15092129999999992
4.1611e-08,0.1539756
4.1613e-08,0.15683859999999994
4.1615e-08,0.15948700000000005
4.1617e-08,0.16190309999999997
4.1619e-08,0.16407329999999998
4.1621e-08,0.16598829999999998
4.1623e-08,0.16764140000000005
4.1625e-08,0.16902899999999998
4.1627e-08,0.17014969999999996
4.1629e-08,0.17100369999999998
4.1631e-08,0.17159330000000006
4.1633e-08,0.1719216
4.1635e-08,0.17199300000000006
4.1637e-08,0.1718128
4.1639e-08,0.1713869
4.1641e-08,0.17072200000000004
4.1643e-08,0.169825
4.1645e-08,0.16870320000000005
4.1647e-08,0.16736410000000002
4.1649e-08,0.1658157
4.1651e-08,0.16406569999999998
4.1653e-08,0.1621222
4.1655e-08,0.1599929
4.1657e-08,0.15768610000000005
4.1659e-08,0.15520960000000006
4.1661e-08,0.152571
4.1663e-08,0.14977810000000003
4.1665e-08,0.1468387000000001
4.1667e-08,0.14376
4.1669e-08,0.14054940000000005
4.1671e-08,0.13721399999999995
4.1673e-08,0.13376089999999996
4.1675e-08,0.1301968
4.1677e-08,0.1265282000000001
4.1679e-08,0.12276180000000003
4.1681e-08,0.11890369999999995
4.1683e-08,0.11496010000000001
4.1685e-08,0.11093679999999995
4.1687e-08,0.10683949999999998
4.1689e-08,0.10267369999999998
4.1691e-08,0.09844490000000006
4.1693e-08,0.09415819999999997
4.1695e-08,0.08981859999999997
4.1697e-08,0.08543089999999998
4.1699e-08,0.08099979999999996
4.1701e-08,0.07652960000000009
4.1703e-08,0.07202489999999995
4.1705e-08,0.06748969999999999
4.1707e-08,0.06292799999999998
4.1709e-08,0.05834359999999994
4.1711e-08,0.05374029999999996
4.1713e-08,0.049121699999999935
4.1715e-08,0.04449100000000006
4.1717e-08,0.03985149999999993
4.1719e-08,0.03520650000000003
4.1721e-08,0.030558900000000055
4.1723e-08,0.025911500000000087
4.1725e-08,0.021267000000000036
4.1727e-08,0.016628200000000093
4.1729e-08,0.011997399999999936
4.1731e-08,0.007377199999999973
4.1733e-08,0.0027696000000000387
4.1735e-08,-0.0018230999999999664
4.1737e-08,-0.006398899999999985
4.1739e-08,-0.010955800000000071
4.1741e-08,-0.015491800000000056
4.1743e-08,-0.02000550000000001
4.1745e-08,-0.024495000000000045
4.1747e-08,-0.028958700000000004
4.1749e-08,-0.03339530000000002
4.1751e-08,-0.037803299999999984
4.1753e-08,-0.042181400000000036
4.1755e-08,-0.04652820000000002
4.1757e-08,-0.050842799999999966
4.1759e-08,-0.05512400000000006
4.1761e-08,-0.0593707
4.1763e-08,-0.06358200000000003
4.1765e-08,-0.06775699999999996
4.1767e-08,-0.07189489999999998
4.1769e-08,-0.07599499999999992
4.1771e-08,-0.08005649999999997
4.1773e-08,-0.08407880000000001
4.1775e-08,-0.08806119999999995
4.1777e-08,-0.09200330000000001
4.1779e-08,-0.09590449999999995
4.1781e-08,-0.09976439999999998
4.1783e-08,-0.10358270000000003
4.1785e-08,-0.10735879999999998
4.1787e-08,-0.11109259999999999
4.1789e-08,-0.11478379999999999
4.1791e-08,-0.11843199999999998
4.1793e-08,-0.12203719999999996
4.1795e-08,-0.12559920000000002
4.1797e-08,-0.12911779999999995
4.17985e-08,-0.13172820000000007
4.18e-08,-0.1343141
4.18002e-08,-0.1346567999999999
4.18006e-08,-0.13534140000000006
4.18014e-08,-0.13670530000000003
4.1803e-08,-0.1394122
4.1805e-08,-0.14275670000000007
4.1807e-08,-0.1460576
4.1809e-08,-0.14931499999999998
4.1811e-08,-0.15252900000000003
4.1813e-08,-0.15569959999999994
4.1815e-08,-0.1588271
4.1817e-08,-0.16191129999999998
4.1819e-08,-0.16495270000000006
4.1821e-08,-0.16795130000000003
4.1823e-08,-0.17090729999999998
4.1825e-08,-0.17382089999999994
4.1827e-08,-0.17669239999999997
4.1829e-08,-0.1795218999999999
4.1831e-08,-0.1823098999999999
4.1833e-08,-0.1850564
4.1835e-08,-0.18776179999999998
4.1837e-08,-0.1904264
4.1839e-08,-0.19305040000000007
4.1841e-08,-0.19563419999999998
4.1843e-08,-0.19817819999999997
4.1845e-08,-0.20068260000000004
4.1847e-08,-0.20314769999999993
4.1849e-08,-0.20557389999999998
4.1851e-08,-0.20796170000000003
4.1853e-08,-0.21031120000000003
4.1855e-08,-0.21262289999999995
4.1857e-08,-0.2148972
4.1859e-08,-0.21713439999999995
4.1861e-08,-0.21933499999999995
4.1863e-08,-0.22149910000000006
4.1865e-08,-0.22362740000000003
4.1867e-08,-0.22572009999999998
4.1869e-08,-0.22777769999999997
4.1871e-08,-0.22980060000000002
4.1873e-08,-0.23178909999999997
4.1875e-08,-0.2337437
4.1877e-08,-0.23566469999999995
4.1879e-08,-0.23755249999999994
4.1881e-08,-0.23940760000000005
4.1883e-08,-0.24123039999999996
4.1885e-08,-0.24302119999999994
4.1887e-08,-0.24478049999999996
4.1889e-08,-0.24650859999999997
4.1891e-08,-0.24820589999999998
4.1893e-08,-0.249873
4.1895e-08,-0.2515102
4.1897e-08,-0.2531177
4.1899e-08,-0.2546961
4.1901e-08,-0.2562458000000001
4.1903e-08,-0.2577671
4.1905e-08,-0.2592605
4.1907e-08,-0.26072629999999997
4.1909e-08,-0.26216490000000003
4.1911e-08,-0.26357679999999994
4.1913e-08,-0.26496220000000004
4.1915e-08,-0.2663217
4.1917e-08,-0.2676554
4.1919e-08,-0.26896390000000003
4.1921e-08,-0.2702474
4.1923e-08,-0.2715065
4.1925e-08,-0.27274149999999997
4.1927e-08,-0.2739526000000001
4.1929e-08,-0.2751403
4.1931e-08,-0.27630489999999996
4.1933e-08,-0.27744690000000005
4.1935e-08,-0.2785664000000001
4.1937e-08,-0.279664
4.1939e-08,-0.28073990000000004
4.1941e-08,-0.2817944
4.1943e-08,-0.2828279
4.1945e-08,-0.28384089999999995
4.1947e-08,-0.28483349999999996
4.1949e-08,-0.28580609999999995
4.1951e-08,-0.28675909999999993
4.1953e-08,-0.2876927
4.1955e-08,-0.2886073
4.1957e-08,-0.28950319999999996
4.1959e-08,-0.29038069999999994
4.1961e-08,-0.2912401
4.1963e-08,-0.2920817
4.1965e-08,-0.29290589999999994
4.1967e-08,-0.2937128000000001
4.1969e-08,-0.29450279999999995
4.1971e-08,-0.29527630000000005
4.1973e-08,-0.2960334
4.1975e-08,-0.29677450000000005
4.1977e-08,-0.2974998
4.1979e-08,-0.2982096000000001
4.1981e-08,-0.29890420000000006
4.1983e-08,-0.29958380000000007
4.1985e-08,-0.3002488
4.1987e-08,-0.3008993
4.1989e-08,-0.3015356
4.1991e-08,-0.3021581
4.1993e-08,-0.30276690000000006
4.1995e-08,-0.3033623
4.1997e-08,-0.30394449999999995
4.19985e-08,-0.3043726
4.2e-08,-0.30479350000000005
4.20002e-08,-0.30484979999999995
4.20006e-08,-0.30496410000000007
4.20014e-08,-0.305202
4.2003e-08,-0.3056998000000001
4.2005e-08,-0.3063249
4.2007e-08,-0.30690530000000005
4.2009e-08,-0.30739669999999997
4.2011e-08,-0.3077637
4.2013e-08,-0.3079775
4.2015e-08,-0.3080157
4.2017e-08,-0.30786060000000004
4.2019e-08,-0.3074989
4.2021e-08,-0.30692070000000005
4.2023e-08,-0.30611920000000004
4.2025e-08,-0.30509030000000004
4.2027e-08,-0.3038316
4.2029e-08,-0.30234300000000003
4.2031e-08,-0.3006255000000001
4.2033e-08,-0.29868170000000005
4.2035e-08,-0.2965150999999999
4.2037e-08,-0.29413009999999995
4.2039e-08,-0.2915317999999999
4.2041e-08,-0.28872600000000004
4.2043e-08,-0.28571880000000005
4.2045e-08,-0.28251689999999996
4.2047e-08,-0.27912709999999996
4.2049e-08,-0.27555660000000004
4.2051e-08,-0.2718125
4.2053e-08,-0.26790230000000004
4.2055e-08,-0.26383330000000005
4.2057e-08,-0.259613
4.2059e-08,-0.25524900000000006
4.2061e-08,-0.2507484
4.2063e-08,-0.24611859999999997
4.2065e-08,-0.241367
4.2067e-08,-0.23650039999999994
4.2069e-08,-0.23152609999999996
4.2071e-08,-0.22645080000000006
4.2073e-08,-0.22128130000000001
4.2075e-08,-0.216024
4.2077e-08,-0.21068560000000003
4.2079e-08,-0.205272
4.2081e-08,-0.19978970000000007
4.2083e-08,-0.19424410000000003
4.2085e-08,-0.18864139999999996
4.2087e-08,-0.18298690000000006
4.2089e-08,-0.1772861
4.2091e-08,-0.17154409999999998
4.2093e-08,-0.16576600000000008
4.2095e-08,-0.15995670000000006
4.2097e-08,-0.15412079999999995
4.2099e-08,-0.14826300000000003
4.2101e-08,-0.14238760000000006
4.2103e-08,-0.13649869999999997
4.2105e-08,-0.1306005
4.2107e-08,-0.12469659999999994
4.2109e-08,-0.11879090000000003
4.2111e-08,-0.11288700000000007
4.2113e-08,-0.10698830000000004
4.2115e-08,-0.10109800000000002
4.2117e-08,-0.0952193
4.2119e-08,-0.08935510000000002
4.2121e-08,-0.08350829999999998
4.2123e-08,-0.07768150000000007
4.2125e-08,-0.07187750000000004
4.2127e-08,-0.06609860000000001
4.2129e-08,-0.06034729999999999
4.2131e-08,-0.054625499999999994
4.2133e-08,-0.04893560000000008
4.2135e-08,-0.04327940000000008
4.2137e-08,-0.03765889999999994
4.2139e-08,-0.032075900000000046
4.2141e-08,-0.026531799999999994
4.2143e-08,-0.021028500000000006
4.2145e-08,-0.015567300000000062
4.2147e-08,-0.01014959999999998
4.2149e-08,-0.004776700000000078
4.2151e-08,0.0005501999999999452
4.2153e-08,0.005830000000000002
4.2155e-08,0.011061600000000005
4.2157e-08,0.016244200000000042
4.2159e-08,0.021376700000000026
4.2161e-08,0.026458399999999993
4.2163e-08,0.03148850000000003
4.2165e-08,0.03646640000000001
4.2167e-08,0.041391500000000025
4.2169e-08,0.0462631
4.2171e-08,0.051080900000000096
4.2173e-08,0.05584429999999996
4.2175e-08,0.06055300000000008
4.2177e-08,0.06520670000000006
4.2179e-08,0.069805
4.2181e-08,0.07434779999999996
4.2183e-08,0.07883490000000004
4.2185e-08,0.08326600000000006
4.2187e-08,0.08764119999999997
4.2189e-08,0.0919605
4.2191e-08,0.09622350000000002
4.2193e-08,0.10043069999999998
4.2195e-08,0.10458180000000006
4.2197e-08,0.10867690000000008
4.21985e-08,0.11171170000000008
4.22e-08,0.11471500000000001
4.22002e-08,0.11511360000000004
4.22006e-08,0.11591150000000006
4.22014e-08,0.11751160000000005
4.2203e-08,0.12071299999999996
4.2205e-08,0.12467689999999998
4.2207e-08,0.12854979999999994
4.2209e-08,0.13228590000000007
4.2211e-08,0.13584869999999993
4.2213e-08,0.13920869999999996
4.2215e-08,0.14234310000000006
4.2217e-08,0.14523390000000003
4.2219e-08,0.14786810000000006
4.2221e-08,0.15023639999999994
4.2223e-08,0.15233249999999998
4.2225e-08,0.15415299999999998
4.2227e-08,0.15569639999999996
4.2229e-08,0.1569638
4.2231e-08,0.1579569999999999
4.2233e-08,0.15867980000000004
4.2235e-08,0.15913680000000008
4.2237e-08,0.15933339999999996
4.2239e-08,0.15927570000000002
4.2241e-08,0.15897059999999996
4.2243e-08,0.15842519999999993
4.2245e-08,0.15764710000000004
4.2247e-08,0.15664390000000006
4.2249e-08,0.1554238
4.2251e-08,0.1539948000000001
4.2253e-08,0.15236479999999997
4.2255e-08,0.15054220000000007
4.2257e-08,0.14853499999999997
4.2259e-08,0.14635120000000001
4.2261e-08,0.14399879999999998
4.2263e-08,0.1414856
4.2265e-08,0.13881939999999993
4.2267e-08,0.13600769999999995
4.2269e-08,0.1330579999999999
4.2271e-08,0.12997750000000008
4.2273e-08,0.1267733000000001
4.2275e-08,0.1234523999999999
4.2277e-08,0.12002140000000006
4.2279e-08,0.11648700000000001
4.2281e-08,0.1128555
4.2283e-08,0.10913299999999992
4.2285e-08,0.10532560000000002
4.2287e-08,0.1014391
4.2289e-08,0.09747919999999999
4.2291e-08,0.09345119999999996
4.2293e-08,0.08936030000000006
4.2295e-08,0.08521179999999995
4.2297e-08,0.08101049999999999
4.2299e-08,0.07676119999999997
4.2301e-08,0.07246839999999999
4.2303e-08,0.06813650000000004
4.2305e-08,0.06376989999999993
4.2307e-08,0.059372300000000044
4.2309e-08,0.054948099999999944
4.2311e-08,0.050500699999999954
4.2313e-08,0.04603389999999996
4.2315e-08,0.04155120000000001
4.2317e-08,0.03705579999999997
4.2319e-08,0.032551
4.2321e-08,0.028039900000000006
4.2323e-08,0.02352539999999992
4.2325e-08,0.019010199999999977
4.2327e-08,0.01449709999999993
4.2329e-08,0.009988700000000073
4.2331e-08,0.00548739999999992
4.2333e-08,0.0009953999999999796
4.2335e-08,-0.0034848000000000656
4.2337e-08,-0.007951400000000053
4.2339e-08,-0.01240220000000003
4.2341e-08,-0.01683519999999994
4.2343e-08,-0.02124870000000001
4.2345e-08,-0.025641100000000083
4.2347e-08,-0.03001049999999994
4.2349e-08,-0.03435559999999993
4.2351e-08,-0.03867469999999995
4.2353e-08,-0.042966599999999966
4.2355e-08,-0.047229899999999936
4.2357e-08,-0.051463499999999995
4.2359e-08,-0.0556662
4.2361e-08,-0.05983690000000008
4.2363e-08,-0.06397439999999999
4.2365e-08,-0.06807819999999998
4.2367e-08,-0.07214710000000002
4.2369e-08,-0.07618029999999998
4.2371e-08,-0.0801771
4.2373e-08,-0.08413680000000001
4.2375e-08,-0.08805870000000005
4.2377e-08,-0.09194230000000003
4.2379e-08,-0.09578700000000007
4.2381e-08,-0.09959240000000003
4.2383e-08,-0.10335780000000006
4.2385e-08,-0.1070831000000001
4.2387e-08,-0.11076789999999992
4.2389e-08,-0.11441160000000006
4.2391e-08,-0.11801419999999996
4.2393e-08,-0.1215754
4.2395e-08,-0.12509500000000007
4.2397e-08,-0.1285727000000001
4.23985e-08,-0.13115350000000003
4.24e-08,-0.1337106
4.24002e-08,-0.13404969999999994
4.24006e-08,-0.13472669999999998
4.24014e-08,-0.13607580000000008
4.2403e-08,-0.13875369999999998
4.2405e-08,-0.14206320000000006
4.2407e-08,-0.14533049999999992
4.2409e-08,-0.14855569999999996
4.2411e-08,-0.15173880000000006
4.2413e-08,-0.1548798
4.2415e-08,-0.15797870000000003
4.2417e-08,-0.1610359
4.2419e-08,-0.16405120000000006
4.2421e-08,-0.16702480000000008
4.2423e-08,-0.16995709999999997
4.2425e-08,-0.172848
4.2427e-08,-0.17569789999999996
4.2429e-08,-0.17850679999999997
4.2431e-08,-0.18127499999999996
4.2433e-08,-0.18400280000000002
4.2435e-08,-0.18669059999999993
4.2437e-08,-0.1893382
4.2439e-08,-0.19194639999999996
4.2441e-08,-0.19451509999999994
4.2443e-08,-0.19704480000000002
4.2445e-08,-0.19953559999999992
4.2447e-08,-0.2019881
4.2449e-08,-0.20440239999999998
4.2451e-08,-0.20677900000000005
4.2453e-08,-0.20911820000000003
4.2455e-08,-0.2114201
4.2457e-08,-0.21368530000000008
4.2459e-08,-0.2159141
4.2461e-08,-0.21810679999999993
4.2463e-08,-0.22026390000000007
4.2465e-08,-0.22238560000000007
4.2467e-08,-0.22447230000000007
4.2469e-08,-0.22652460000000008
4.2471e-08,-0.22854260000000004
4.2473e-08,-0.23052669999999997
4.2475e-08,-0.23247739999999995
4.2477e-08,-0.23439509999999997
4.2479e-08,-0.23627999999999993
4.2481e-08,-0.23813269999999997
4.2483e-08,-0.2399536
4.2485e-08,-0.24174280000000004
4.2487e-08,-0.24350100000000008
4.2489e-08,-0.2452284
4.2491e-08,-0.24692550000000002
4.2493e-08,-0.24859260000000005
4.2495e-08,-0.2502300999999999
4.2497e-08,-0.25183849999999997
4.2499e-08,-0.2534181
4.2501e-08,-0.2549692
4.2503e-08,-0.2564923
4.2505e-08,-0.2579878
4.2507e-08,-0.259456
4.2509e-08,-0.2608973
4.2511e-08,-0.26231210000000005
4.2513e-08,-0.2637007
4.2515e-08,-0.26506359999999995
4.2517e-08,-0.266401
4.2519e-08,-0.26771349999999994
4.2521e-08,-0.26900120000000005
4.2523e-08,-0.2702646000000001
4.2525e-08,-0.2715042
4.2527e-08,-0.2727201
4.2529e-08,-0.27391280000000007
4.2531e-08,-0.27508259999999995
4.2533e-08,-0.27622979999999997
4.2535e-08,-0.27735489999999996
4.2537e-08,-0.2784582
4.2539e-08,-0.27953990000000006
4.2541e-08,-0.28060039999999997
4.2543e-08,-0.28164010000000006
4.2545e-08,-0.28265930000000006
4.2547e-08,-0.2836582999999999
4.2549e-08,-0.28463740000000004
4.2551e-08,-0.28559710000000005
4.2553e-08,-0.28653739999999994
4.2555e-08,-0.2874587999999999
4.2557e-08,-0.28836170000000005
4.2559e-08,-0.2892462
4.2561e-08,-0.2901127
4.2563e-08,-0.2909615
4.2565e-08,-0.2917929
4.2567e-08,-0.2926073
4.2569e-08,-0.2934048
4.2571e-08,-0.2941857
4.2573e-08,-0.2949503
4.2575e-08,-0.2956991
4.2577e-08,-0.29643200000000003
4.2579e-08,-0.29714950000000007
4.2581e-08,-0.29785190000000006
4.2583e-08,-0.2985394
4.2585e-08,-0.2992121
4.2587e-08,-0.2998706
4.2589e-08,-0.30051490000000003
4.2591e-08,-0.3011452
4.2593e-08,-0.301762
4.2595e-08,-0.30236529999999995
4.2597e-08,-0.30295550000000004
4.25985e-08,-0.3033895999999999
4.26e-08,-0.3038166
4.26002e-08,-0.3038729
4.26006e-08,-0.30398539999999996
4.26014e-08,-0.3042087
4.2603e-08,-0.3046493
4.2605e-08,-0.3051893
4.2607e-08,-0.3057171000000001
4.2609e-08,-0.3062332
4.2611e-08,-0.3067377
4.2613e-08,-0.3072309
4.2615e-08,-0.3077128
4.2617e-08,-0.30818390000000007
4.2619e-08,-0.3086441999999999
4.2621e-08,-0.309094
4.2623e-08,-0.3095334999999999
4.2625e-08,-0.30996270000000004
4.2627e-08,-0.31038200000000005
4.2629e-08,-0.3107917
4.2631e-08,-0.3111916
4.2633e-08,-0.3115823
4.2635e-08,-0.31196370000000007
4.2637e-08,-0.31233599999999995
4.2639e-08,-0.31269959999999997
4.2641e-08,-0.31305439999999995
4.2643e-08,-0.3134007
4.2645e-08,-0.31373870000000004
4.2647e-08,-0.3140684
4.2649e-08,-0.31439019999999995
4.2651e-08,-0.31470410000000004
4.2653e-08,-0.31501029999999997
4.2655e-08,-0.3153089
4.2657e-08,-0.31560010000000005
4.2659e-08,-0.3158841
4.2661e-08,-0.316161
4.2663e-08,-0.3164308
4.2665e-08,-0.3166939
4.2667e-08,-0.31695019999999996
4.2669e-08,-0.31720000000000004
4.2671e-08,-0.31744340000000004
4.2673e-08,-0.31768050000000003
4.2675e-08,-0.3179115
4.2677e-08,-0.3181364
4.2679e-08,-0.3183555
4.2681e-08,-0.3185686999999999
4.2683e-08,-0.3187763
4.2685e-08,-0.31897830000000005
4.2687e-08,-0.319175
4.2689e-08,-0.31936619999999993
4.2691e-08,-0.31955239999999996
4.2693e-08,-0.31973340000000006
4.2695e-08,-0.3199093999999999
4.2697e-08,-0.3200807
4.2699e-08,-0.32024700000000006
4.2701e-08,-0.32040879999999994
4.2703e-08,-0.320566
4.2705e-08,-0.3207187
4.2707e-08,-0.32086709999999996
4.2709e-08,-0.32101119999999994
4.2711e-08,-0.3211510000000001
4.2713e-08,-0.32128689999999993
4.2715e-08,-0.32141869999999995
4.2717e-08,-0.3215467000000001
4.2719e-08,-0.3216707
4.2721e-08,-0.3217911
4.2723e-08,-0.3219078999999999
4.2725e-08,-0.322021
4.2727e-08,-0.32213060000000004
4.2729e-08,-0.322237
4.2731e-08,-0.3223399
4.2733e-08,-0.32243959999999994
4.2735e-08,-0.3225361
4.2737e-08,-0.3226295
4.2739e-08,-0.32271989999999995
4.2741e-08,-0.3228073
4.2743e-08,-0.3228917
4.2745e-08,-0.32297339999999997
4.2747e-08,-0.3230524
4.2749e-08,-0.3231286000000001
4.2751e-08,-0.32320209999999994
4.2753e-08,-0.3232731
4.2755e-08,-0.32334170000000007
4.2757e-08,-0.3234078
4.2759e-08,-0.3234715
4.2761e-08,-0.32353280000000006
4.2763e-08,-0.3235918
4.2765e-08,-0.3236487
4.2767e-08,-0.3237034
4.2769e-08,-0.32375599999999993
4.2771e-08,-0.32380660000000006
4.2773e-08,-0.32385509999999995
4.2775e-08,-0.32390169999999996
4.2777e-08,-0.3239462999999999
4.2779e-08,-0.3239892000000001
4.2781e-08,-0.3240301
4.2783e-08,-0.3240693
4.2785e-08,-0.32410680000000003
4.2787e-08,-0.3241426999999999
4.2789e-08,-0.3241769
4.2791e-08,-0.32420949999999993
4.2793e-08,-0.32424049999999993
4.2795e-08,-0.3242701
4.2797e-08,-0.3242980999999999
4.27985e-08,-0.32431830000000006
4.28e-08,-0.3243376
4.28002e-08,-0.3243401
4.28006e-08,-0.3243452
4.28014e-08,-0.3243549
4.2803e-08,-0.32437399999999994
4.2805e-08,-0.32439660000000003
4.2807e-08,-0.3244178000000001
4.2809e-08,-0.32443789999999995
4.2811e-08,-0.3244568
4.2813e-08,-0.32447439999999994
4.2815e-08,-0.3244908999999999
4.2817e-08,-0.3245063
4.2819e-08,-0.32452060000000005
4.2821e-08,-0.32453389999999993
4.2823e-08,-0.3245462
4.2825e-08,-0.3245574
4.2827e-08,-0.3245676999999999
4.2829e-08,-0.324577
4.2831e-08,-0.3245853999999999
4.2833e-08,-0.324593
4.2835e-08,-0.32459970000000005
4.2837e-08,-0.32460560000000005
4.2839e-08,-0.32461059999999997
4.2841e-08,-0.32461489999999993
4.2843e-08,-0.32461850000000003
4.2845e-08,-0.32462120000000005
4.2847e-08,-0.3246232
4.2849e-08,-0.3246247
4.2851e-08,-0.32462540000000006
4.2853e-08,-0.3246255
4.2855e-08,-0.3246249
4.2857e-08,-0.32462369999999996
4.2859e-08,-0.32462199999999997
4.2861e-08,-0.32461969999999996
4.2863e-08,-0.32461680000000004
4.2865e-08,-0.32461339999999994
4.2867e-08,-0.32460960000000005
4.2869e-08,-0.3246051000000001
4.2871e-08,-0.32460030000000006
4.2873e-08,-0.3245949
4.2875e-08,-0.3245892
4.2877e-08,-0.32458299999999995
4.2879e-08,-0.3245764
4.2881e-08,-0.3245694
4.2883e-08,-0.324562
4.2885e-08,-0.3245543000000001
4.2887e-08,-0.32454610000000006
4.2889e-08,-0.3245376000000001
4.2891e-08,-0.3245289
4.2893e-08,-0.3245198
4.2895e-08,-0.3245104
4.2897e-08,-0.3245007
4.2899e-08,-0.32449079999999997
4.2901e-08,-0.32448050000000006
4.2903e-08,-0.32447000000000004
4.2905e-08,-0.32445940000000006
4.2907e-08,-0.3244484000000001
4.2909e-08,-0.32443729999999993
4.2911e-08,-0.32442589999999993
4.2913e-08,-0.32441430000000004
4.2915e-08,-0.32440250000000004
4.2917e-08,-0.3243905
4.2919e-08,-0.3243785
4.2921e-08,-0.3243661
4.2923e-08,-0.3243537000000001
4.2925e-08,-0.3243412
4.2927e-08,-0.32432839999999996
4.2929e-08,-0.3243155
4.2931e-08,-0.3243026
4.2933e-08,-0.3242895
4.2935e-08,-0.32427629999999996
4.2937e-08,-0.3242630000000001
4.2939e-08,-0.3242497000000001
4.2941e-08,-0.3242362
4.2943e-08,-0.3242226
4.2945e-08,-0.32420910000000003
4.2947e-08,-0.3241953999999999
4.2949e-08,-0.32418159999999996
4.2951e-08,-0.32416770000000006
4.2953e-08,-0.3241539000000001
4.2955e-08,-0.32414
4.2957e-08,-0.32412620000000003
4.2959e-08,-0.32411219999999996
4.2961e-08,-0.3240982
4.2963e-08,-0.32408420000000004
4.2965e-08,-0.3240701
4.2967e-08,-0.324056
4.2969e-08,-0.32404200000000005
4.2971e-08,-0.324028
4.2973e-08,-0.32401389999999997
4.2975e-08,-0.3239999
4.2977e-08,-0.3239858
4.2979e-08,-0.32397180000000003
4.2981e-08,-0.3239577
4.2983e-08,-0.32394369999999995
4.2985e-08,-0.32392979999999993
4.2987e-08,-0.3239158000000001
4.2989e-08,-0.3239017999999999
4.2991e-08,-0.32388799999999995
4.2993e-08,-0.32387409999999994
4.2995e-08,-0.32386020000000004
4.2997e-08,-0.3238464999999999
4.29985e-08,-0.3238362
4.3e-08,-0.32382580000000005
4.30002e-08,-0.3238251999999999
4.30006e-08,-0.3238259
4.30014e-08,-0.3238383
4.3003e-08,-0.32389099999999993
4.3005e-08,-0.32397089999999995
4.3007e-08,-0.3240181999999999
4.3009e-08,-0.3239889
4.3011e-08,-0.32384690000000005
4.3013e-08,-0.32356380000000007
4.3015e-08,-0.32311650000000003
4.3017e-08,-0.32248730000000003
4.3019e-08,-0.3216626
4.3021e-08,-0.32063220000000003
4.3023e-08,-0.31938919999999993
4.3025e-08,-0.317929
4.3027e-08,-0.31624929999999996
4.3029e-08,-0.3143492
4.3031e-08,-0.31223010000000007
4.3033e-08,-0.30989370000000005
4.3035e-08,-0.30734380000000006
4.3037e-08,-0.30458419999999997
4.3039e-08,-0.30162
4.3041e-08,-0.29845659999999996
4.3043e-08,-0.2951001
4.3045e-08,-0.2915569
4.3047e-08,-0.2878337000000001
4.3049e-08,-0.2839373999999999
4.3051e-08,-0.279875
4.3053e-08,-0.27565379999999995
4.3055e-08,-0.27128110000000005
4.3057e-08,-0.26676410000000006
4.3059e-08,-0.2621101
4.3061e-08,-0.2573265
4.3063e-08,-0.2524204
4.3065e-08,-0.24739880000000003
4.3067e-08,-0.2422687
4.3069e-08,-0.2370371
4.3071e-08,-0.2317108
4.3073e-08,-0.22629639999999995
4.3075e-08,-0.22080010000000005
4.3077e-08,-0.21522850000000004
4.3079e-08,-0.20958759999999999
4.3081e-08,-0.2038835
4.3083e-08,-0.19812180000000001
4.3085e-08,-0.19230840000000005
4.3087e-08,-0.1864486999999999
4.3089e-08,-0.18054789999999998
4.3091e-08,-0.17461120000000008
4.3093e-08,-0.16864349999999995
4.3095e-08,-0.1626495
4.3097e-08,-0.1566341
4.3099e-08,-0.1506014
4.3101e-08,-0.14455600000000002
4.3103e-08,-0.1385018
4.3105e-08,-0.1324426999999999
4.3107e-08,-0.1263825999999999
4.3109e-08,-0.12032520000000002
4.3111e-08,-0.11427399999999999
4.3113e-08,-0.108232
4.3115e-08,-0.10220280000000004
4.3117e-08,-0.09618929999999992
4.3119e-08,-0.0901942
4.3121e-08,-0.08422059999999998
4.3123e-08,-0.07827079999999997
4.3125e-08,-0.07234759999999996
4.3127e-08,-0.06645330000000005
4.3129e-08,-0.06059010000000009
4.3131e-08,-0.05476009999999998
4.3133e-08,-0.04896529999999999
4.3135e-08,-0.04320780000000002
4.3137e-08,-0.03748930000000006
4.3139e-08,-0.03181149999999999
4.3141e-08,-0.02617589999999992
4.3143e-08,-0.020584099999999994
4.3145e-08,-0.015037499999999926
4.3147e-08,-0.00953729999999997
4.3149e-08,-0.004084900000000058
4.3151e-08,0.001318700000000006
4.3153e-08,0.006672400000000023
4.3155e-08,0.011975100000000016
4.3157e-08,0.01722619999999997
4.3159e-08,0.022424699999999964
4.3161e-08,0.027569799999999978
4.3163e-08,0.03266089999999999
4.3165e-08,0.03769739999999999
4.3167e-08,0.04267869999999996
4.3169e-08,0.0476044000000001
4.3171e-08,0.05247390000000007
4.3173e-08,0.05728699999999998
4.3175e-08,0.06204310000000002
4.3177e-08,0.06674229999999992
4.3179e-08,0.07138410000000006
4.3181e-08,0.0759685
4.3183e-08,0.0804952000000001
4.3185e-08,0.08496419999999993
4.3187e-08,0.08937549999999994
4.3189e-08,0.0937289
4.3191e-08,0.09802460000000002
4.3193e-08,0.10226279999999999
4.3195e-08,0.10644320000000007
4.3197e-08,0.11056619999999995
4.31985e-08,0.11362080000000008
4.32e-08,0.11664320000000006
4.32002e-08,0.11704429999999999
4.32006e-08,0.11784720000000004
4.32014e-08,0.11945689999999998
4.3203e-08,0.12267700000000004
4.3205e-08,0.12666299999999997
4.3207e-08,0.13055680000000003
4.3209e-08,0.13431250000000006
4.3211e-08,0.1378937
4.3213e-08,0.14127120000000004
4.3215e-08,0.1444219
4.3217e-08,0.14732809999999996
4.3219e-08,0.14997680000000002
4.3221e-08,0.15235870000000007
4.3223e-08,0.15446749999999998
4.3225e-08,0.1562998
4.3227e-08,0.1578544999999999
4.3229e-08,0.1591321
4.3231e-08,0.16013499999999992
4.3233e-08,0.16086659999999997
4.3235e-08,0.16133169999999997
4.3237e-08,0.16153549999999994
4.3239e-08,0.1614846000000001
4.3241e-08,0.16118540000000003
4.3243e-08,0.1606453
4.3245e-08,0.1598718
4.3247e-08,0.1588727000000001
4.3249e-08,0.15765589999999996
4.3251e-08,0.15622950000000002
4.3253e-08,0.1546016
4.3255e-08,0.1527805000000001
4.3257e-08,0.15077400000000007
4.3259e-08,0.1485904
4.3261e-08,0.14623750000000002
4.3263e-08,0.14372340000000006
4.3265e-08,0.14105560000000006
4.3267e-08,0.13824190000000003
4.3269e-08,0.13528950000000006
4.3271e-08,0.13220580000000004
4.3273e-08,0.1289979
4.3275e-08,0.12567269999999997
4.3277e-08,0.12223700000000004
4.3279e-08,0.1186973
4.3281e-08,0.11506000000000005
4.3283e-08,0.11133139999999997
4.3285e-08,0.10751730000000004
4.3287e-08,0.10362369999999999
4.3289e-08,0.09965630000000003
4.3291e-08,0.09562029999999999
4.3293e-08,0.09152110000000002
4.3295e-08,0.08736389999999994
4.3297e-08,0.08315349999999999
4.3299e-08,0.07889460000000004
4.3301e-08,0.07459199999999999
4.3303e-08,0.07024989999999998
4.3305e-08,0.0658727
4.3307e-08,0.061464399999999975
4.3309e-08,0.057028999999999996
4.3311e-08,0.0525701999999999
4.3313e-08,0.04809169999999996
4.3315e-08,0.043597
4.3317e-08,0.0390895
4.3319e-08,0.03457219999999994
4.3321e-08,0.030048500000000034
4.3323e-08,0.025521000000000016
4.3325e-08,0.020992699999999975
4.3327e-08,0.016466399999999992
4.3329e-08,0.011944499999999914
4.3331e-08,0.007429499999999978
4.3333e-08,0.0029237000000000846
4.3335e-08,-0.0015705999999999776
4.3337e-08,-0.006051099999999976
4.3339e-08,-0.010516199999999976
4.3341e-08,-0.014963600000000077
4.3343e-08,-0.019391600000000064
4.3345e-08,-0.023798499999999945
4.3347e-08,-0.028182600000000058
4.3349e-08,-0.03254240000000008
4.3351e-08,-0.03687640000000003
4.3353e-08,-0.041183199999999975
4.3355e-08,-0.045461399999999985
4.3357e-08,-0.04971009999999998
4.3359e-08,-0.05392779999999997
4.3361e-08,-0.05811349999999993
4.3363e-08,-0.0622663
4.3365e-08,-0.06638509999999997
4.3367e-08,-0.07046910000000006
4.3369e-08,-0.07451750000000001
4.3371e-08,-0.07852949999999992
4.3373e-08,-0.08250440000000003
4.3375e-08,-0.08644150000000006
4.3377e-08,-0.09034029999999993
4.3379e-08,-0.09420019999999996
4.3381e-08,-0.09802060000000001
4.3383e-08,-0.10180119999999993
4.3385e-08,-0.10554160000000001
4.3387e-08,-0.10924129999999999
4.3389e-08,-0.1129
4.3391e-08,-0.1165176
4.3393e-08,-0.12009360000000002
4.3395e-08,-0.12362810000000002
4.3397e-08,-0.12712060000000003
4.33985e-08,-0.12971240000000006
4.34e-08,-0.13228070000000003
4.34002e-08,-0.13262110000000005
4.34006e-08,-0.133301
4.34014e-08,-0.13465590000000005
4.3403e-08,-0.13734559999999996
4.3405e-08,-0.1406697
4.3407e-08,-0.1439515
4.3409e-08,-0.14719099999999996
4.3411e-08,-0.15038839999999998
4.3413e-08,-0.1535436
4.3415e-08,-0.15665679999999993
4.3417e-08,-0.15972789999999992
4.3419e-08,-0.16275720000000005
4.3421e-08,-0.16574480000000003
4.3423e-08,-0.16869080000000003
4.3425e-08,-0.1715954999999999
4.3427e-08,-0.17445889999999997
4.3429e-08,-0.17728140000000003
4.3431e-08,-0.18006309999999992
4.3433e-08,-0.18280430000000003
4.3435e-08,-0.18550520000000004
4.3437e-08,-0.18816600000000006
4.3439e-08,-0.19078719999999993
4.3441e-08,-0.19336889999999995
4.3443e-08,-0.19591150000000002
4.3445e-08,-0.19841509999999996
4.3447e-08,-0.20088020000000006
4.3449e-08,-0.20330709999999996
4.3451e-08,-0.20569610000000005
4.3453e-08,-0.20804750000000005
4.3455e-08,-0.21036169999999998
4.3457e-08,-0.21263900000000002
4.3459e-08,-0.2148799
4.3461e-08,-0.21708459999999996
4.3463e-08,-0.21925339999999993
4.3465e-08,-0.22138690000000005
4.3467e-08,-0.22348520000000005
4.3469e-08,-0.22554889999999994
4.3471e-08,-0.2275783
4.3473e-08,-0.2295737
4.3475e-08,-0.23153559999999995
4.3477e-08,-0.23346440000000002
4.3479e-08,-0.23536029999999997
4.3481e-08,-0.237224
4.3483e-08,-0.23905549999999998
4.3485e-08,-0.2408555
4.3487e-08,-0.24262420000000007
4.3489e-08,-0.24436210000000003
4.3491e-08,-0.24606950000000005
4.3493e-08,-0.2477469
4.3495e-08,-0.24939460000000002
4.3497e-08,-0.25101300000000004
4.3499e-08,-0.25260250000000006
4.3501e-08,-0.25416359999999993
4.3503e-08,-0.25569639999999993
4.3505e-08,-0.2572014
4.3507e-08,-0.2586792
4.3509e-08,-0.2601300000000001
4.3511e-08,-0.2615540999999999
4.3513e-08,-0.2629520000000001
4.3515e-08,-0.264324
4.3517e-08,-0.2656706
4.3519e-08,-0.266992
4.3521e-08,-0.2682886
4.3523e-08,-0.26956080000000004
4.3525e-08,-0.27080899999999997
4.3527e-08,-0.2720336
4.3529e-08,-0.27323470000000005
4.3531e-08,-0.274413
4.3533e-08,-0.27556859999999994
4.3535e-08,-0.27670189999999995
4.3537e-08,-0.27781330000000004
4.3539e-08,-0.278903
4.3541e-08,-0.27997149999999993
4.3543e-08,-0.2810191000000001
4.3545e-08,-0.282046
4.3547e-08,-0.28305270000000005
4.3549e-08,-0.2840395
4.3551e-08,-0.2850066
4.3553e-08,-0.2859545
4.3555e-08,-0.28688329999999995
4.3557e-08,-0.28779330000000003
4.3559e-08,-0.28868510000000003
4.3561e-08,-0.28955870000000006
4.3563e-08,-0.2904146000000001
4.3565e-08,-0.291253
4.3567e-08,-0.29207420000000006
4.3569e-08,-0.2928784
4.3571e-08,-0.293666
4.3573e-08,-0.29443740000000007
4.3575e-08,-0.2951926
4.3577e-08,-0.29593210000000003
4.3579e-08,-0.2966561
4.3581e-08,-0.2973648
4.3583e-08,-0.2980585
4.3585e-08,-0.29873740000000004
4.3587e-08,-0.29940200000000006
4.3589e-08,-0.3000524
4.3591e-08,-0.30068870000000003
4.3593e-08,-0.30131130000000006
4.3595e-08,-0.30192050000000004
4.3597e-08,-0.3025165000000001
4.35985e-08,-0.3029549
4.36e-08,-0.3033861
4.36002e-08,-0.30344380000000004
4.36006e-08,-0.3035608000000001
4.36014e-08,-0.3038041
4.3603e-08,-0.3043129
4.3605e-08,-0.3049516
4.3607e-08,-0.3055452999999999
4.3609e-08,-0.3060501
4.3611e-08,-0.3064300999999999
4.3613e-08,-0.3066569
4.3615e-08,-0.30670790000000003
4.3617e-08,-0.3065654
4.3619e-08,-0.30621619999999994
4.3621e-08,-0.3056502
4.3623e-08,-0.30486079999999993
4.3625e-08,-0.3038438
4.3627e-08,-0.3025968
4.3629e-08,-0.3011197
4.3631e-08,-0.29941379999999995
4.3633e-08,-0.2974812
4.3635e-08,-0.29532579999999997
4.3637e-08,-0.2929518
4.3639e-08,-0.29036439999999997
4.3641e-08,-0.2875694000000001
4.3643e-08,-0.28457299999999996
4.3645e-08,-0.2813818
4.3647e-08,-0.27800249999999993
4.3649e-08,-0.2744424999999999
4.3651e-08,-0.27070890000000003
4.3653e-08,-0.26680899999999996
4.3655e-08,-0.26275039999999994
4.3657e-08,-0.25854050000000006
4.3659e-08,-0.25418660000000004
4.3661e-08,-0.24969629999999998
4.3663e-08,-0.24507679999999998
4.3665e-08,-0.24033519999999997
4.3667e-08,-0.23547890000000005
4.3669e-08,-0.23051460000000001
4.3671e-08,-0.22544940000000002
4.3673e-08,-0.22028999999999999
4.3675e-08,-0.2150428000000001
4.3677e-08,-0.20971439999999997
4.3679e-08,-0.20431080000000001
4.3681e-08,-0.19883840000000008
4.3683e-08,-0.19330290000000006
4.3685e-08,-0.1877101
4.3687e-08,-0.1820655000000001
4.3689e-08,-0.1763745000000001
4.3691e-08,-0.1706422999999999
4.3693e-08,-0.16487410000000002
4.3695e-08,-0.15907460000000007
4.3697e-08,-0.15324859999999996
4.3699e-08,-0.14740050000000005
4.3701e-08,-0.1415347
4.3703e-08,-0.13565550000000004
4.3705e-08,-0.12976679999999996
4.3707e-08,-0.1238726
4.3709e-08,-0.11797639999999998
4.3711e-08,-0.11208200000000001
4.3713e-08,-0.10619270000000003
4.3715e-08,-0.10031180000000006
4.3717e-08,-0.09444240000000004
4.3719e-08,-0.08858750000000004
4.3721e-08,-0.08274999999999999
4.3723e-08,-0.07693240000000001
4.3725e-08,-0.07113749999999996
4.3727e-08,-0.06536759999999997
4.3729e-08,-0.05962529999999999
4.3731e-08,-0.05391239999999997
4.3733e-08,-0.048231400000000035
4.3735e-08,-0.042584000000000066
4.3737e-08,-0.03697220000000001
4.3739e-08,-0.03139780000000003
4.3741e-08,-0.025862399999999952
4.3743e-08,-0.02036760000000004
4.3745e-08,-0.014914800000000006
4.3747e-08,-0.009505600000000003
4.3749e-08,-0.004140900000000003
4.3751e-08,0.0011778000000000066
4.3753e-08,0.0064494000000000495
4.3755e-08,0.011672899999999986
4.3757e-08,0.016847500000000015
4.3759e-08,0.02197210000000005
4.3761e-08,0.027045899999999956
4.3763e-08,0.03206829999999994
4.3765e-08,0.037038499999999974
4.3767e-08,0.041955900000000046
4.3769e-08,0.046820000000000084
4.3771e-08,0.05163030000000002
4.3773e-08,0.05638640000000006
4.3775e-08,0.06108769999999997
4.3777e-08,0.06573420000000008
4.3779e-08,0.07032550000000004
4.3781e-08,0.07486119999999996
4.3783e-08,0.07934130000000006
4.3785e-08,0.0837656
4.3787e-08,0.08813399999999993
4.3789e-08,0.09244639999999993
4.3791e-08,0.09670290000000004
4.3793e-08,0.10090340000000009
4.3795e-08,0.10504789999999997
4.3797e-08,0.10913669999999998
4.37985e-08,0.1121666
4.38e-08,0.11516530000000003
4.38002e-08,0.11556250000000001
4.38006e-08,0.11635580000000001
4.38014e-08,0.11793560000000003
4.3803e-08,0.12106870000000003
4.3805e-08,0.12493549999999998
4.3807e-08,0.1287473
4.3809e-08,0.1325042999999999
4.3811e-08,0.13620679999999996
4.3813e-08,0.13985519999999996
4.3815e-08,0.1434497
4.3817e-08,0.14699050000000002
4.3819e-08,0.1504782
4.3821e-08,0.15391299999999997
4.3823e-08,0.15729529999999992
4.3825e-08,0.16062560000000004
4.3827e-08,0.1639041
4.3829e-08,0.16713129999999998
4.3831e-08,0.17030769999999995
4.3833e-08,0.17343370000000002
4.3835e-08,0.1765097
4.3837e-08,0.17953629999999998
4.3839e-08,0.1825139
4.3841e-08,0.18544280000000002
4.3843e-08,0.18832369999999998
4.3845e-08,0.19115700000000002
4.3847e-08,0.19394330000000004
4.3849e-08,0.19668299999999994
4.3851e-08,0.19937660000000001
4.3853e-08,0.2020246
4.3855e-08,0.20462760000000002
4.3857e-08,0.20718599999999998
4.3859e-08,0.2097004
4.3861e-08,0.21217129999999995
4.3863e-08,0.2145992
4.3865e-08,0.21698470000000003
4.3867e-08,0.21932820000000008
4.3869e-08,0.22163030000000006
4.3871e-08,0.22389159999999997
4.3873e-08,0.2261124
4.3875e-08,0.22829349999999993
4.3877e-08,0.23043520000000006
4.3879e-08,0.23253819999999992
4.3881e-08,0.2346028
4.3883e-08,0.2366298
4.3885e-08,0.23861949999999998
4.3887e-08,0.24057250000000008
4.3889e-08,0.24248919999999996
4.3891e-08,0.2443704
4.3893e-08,0.24621629999999994
4.3895e-08,0.24802749999999996
4.3897e-08,0.24980460000000004
4.3899e-08,0.251548
4.3901e-08,0.2532582
4.3903e-08,0.2549357
4.3905e-08,0.2565811
4.3907e-08,0.2581947
4.3909e-08,0.25977700000000004
4.3911e-08,0.2613286
4.3913e-08,0.26285000000000003
4.3915e-08,0.2643415
4.3917e-08,0.2658037000000001
4.3919e-08,0.2672369
4.3921e-08,0.26864179999999993
4.3923e-08,0.2700186
4.3925e-08,0.2713679
4.3927e-08,0.27269010000000005
4.3929e-08,0.2739857
4.3931e-08,0.275255
4.3933e-08,0.2764985
4.3935e-08,0.2777166999999999
4.3937e-08,0.27890990000000004
4.3939e-08,0.28007859999999996
4.3941e-08,0.28122310000000006
4.3943e-08,0.2823439
4.3945e-08,0.2834413
4.3947e-08,0.2845158000000001
4.3949e-08,0.2855679
4.3951e-08,0.28659770000000007
4.3953e-08,0.2876058
4.3955e-08,0.28859250000000003
4.3957e-08,0.289558
4.3959e-08,0.2905031
4.3961e-08,0.2914276
4.3963e-08,0.29233240000000005
4.3965e-08,0.2932175
4.3967e-08,0.2940834
4.3969e-08,0.29493040000000004
4.3971e-08,0.2957588
4.3973e-08,0.29656899999999997
4.3975e-08,0.2973612
4.3977e-08,0.2981358999999999
4.3979e-08,0.29889330000000003
4.3981e-08,0.29963380000000006
4.3983e-08,0.30035770000000006
4.3985e-08,0.3010651999999999
4.3987e-08,0.3017567
4.3989e-08,0.3024323
4.3991e-08,0.3030927
4.3993e-08,0.3037379
4.3995e-08,0.3043680999999999
4.3997e-08,0.3049839
4.39985e-08,0.30543619999999994
4.4e-08,0.3058807
4.40002e-08,0.3059392000000001
4.40006e-08,0.3060562
4.40014e-08,0.30628829999999996
4.4003e-08,0.3067461
4.4005e-08,0.3073061
4.4007e-08,0.3078529
4.4009e-08,0.3083867
4.4011e-08,0.30890779999999995
4.4013e-08,0.3094163999999999
4.4015e-08,0.3099126000000001
4.4017e-08,0.31039700000000003
4.4019e-08,0.3108695
4.4021e-08,0.3113303999999999
4.4023e-08,0.3117801
4.4025e-08,0.3122186
4.4027e-08,0.31264629999999993
4.4029e-08,0.31306329999999993
4.4031e-08,0.3134699000000001
4.4033e-08,0.3138662
4.4035e-08,0.31425250000000005
4.4037e-08,0.3146289
4.4039e-08,0.3149957
4.4041e-08,0.3153532
4.4043e-08,0.3157012
4.4045e-08,0.31604029999999994
4.4047e-08,0.31637060000000006
4.4049e-08,0.3166922
4.4051e-08,0.3170052
4.4053e-08,0.3173098999999999
4.4055e-08,0.3176065
4.4057e-08,0.3178951
4.4059e-08,0.31817589999999996
4.4061e-08,0.318449
4.4063e-08,0.3187146999999999
4.4065e-08,0.31897299999999995
4.4067e-08,0.31922420000000007
4.4069e-08,0.3194682999999999
4.4071e-08,0.3197055
4.4073e-08,0.3199362
4.4075e-08,0.32016009999999995
4.4077e-08,0.3203777
4.4079e-08,0.32058889999999995
4.4081e-08,0.320794
4.4083e-08,0.32099310000000003
4.4085e-08,0.32118630000000004
4.4087e-08,0.32137380000000004
4.4089e-08,0.32155559999999994
4.4091e-08,0.32173190000000007
4.4093e-08,0.3219029
4.4095e-08,0.32206860000000004
4.4097e-08,0.32222910000000005
4.4099e-08,0.3223847000000001
4.4101e-08,0.32253529999999997
4.4103e-08,0.32268110000000005
4.4105e-08,0.3228223
4.4107e-08,0.3229588
4.4109e-08,0.32309089999999996
4.4111e-08,0.3232186
4.4113e-08,0.3233421000000001
4.4115e-08,0.32346129999999995
4.4117e-08,0.3235766
4.4119e-08,0.3236878000000001
4.4121e-08,0.32379519999999995
4.4123e-08,0.3238987
4.4125e-08,0.3239986
4.4127e-08,0.32409489999999996
4.4129e-08,0.32418769999999997
4.4131e-08,0.32427700000000004
4.4133e-08,0.32436299999999996
4.4135e-08,0.3244456
4.4137e-08,0.3245251
4.4139e-08,0.3246015
4.4141e-08,0.32467480000000004
4.4143e-08,0.3247453
4.4145e-08,0.32481270000000007
4.4147e-08,0.3248774
4.4149e-08,0.3249394000000001
4.4151e-08,0.3249986
4.4153e-08,0.32505530000000005
4.4155e-08,0.32510949999999994
4.4157e-08,0.3251611
4.4159e-08,0.32521030000000006
4.4161e-08,0.32525729999999997
4.4163e-08,0.3253018
4.4165e-08,0.3253442
4.4167e-08,0.3253844
4.4169e-08,0.3254226
4.4171e-08,0.3254587
4.4173e-08,0.32549269999999997
4.4175e-08,0.32552479999999995
4.4177e-08,0.32555499999999993
4.4179e-08,0.32558339999999997
4.4181e-08,0.3256099
4.4183e-08,0.3256348
4.4185e-08,0.325658
4.4187e-08,0.3256795
4.4189e-08,0.3256994000000001
4.4191e-08,0.32571779999999995
4.4193e-08,0.3257346000000001
4.4195e-08,0.32575
4.4197e-08,0.32576400000000005
4.41985e-08,0.3257736
4.42e-08,0.3257824
4.42002e-08,0.3257843
4.42006e-08,0.32579
4.42014e-08,0.325812
4.4203e-08,0.3258835
4.4205e-08,0.3259856
4.4207e-08,0.3260543
4.4209e-08,0.32604500000000003
4.4211e-08,0.3259223
4.4213e-08,0.32565730000000004
4.4215e-08,0.3252273
4.4217e-08,0.3246146
4.4219e-08,0.3238055999999999
4.4221e-08,0.3227903
4.4223e-08,0.3215616
4.4225e-08,0.3201149
4.4227e-08,0.3184479
4.4229e-08,0.31655999999999995
4.4231e-08,0.3144523
4.4233e-08,0.3121267
4.4235e-08,0.3095867000000001
4.4237e-08,0.30683650000000007
4.4239e-08,0.3038809
4.4241e-08,0.30072560000000004
4.4243e-08,0.29737630000000004
4.4245e-08,0.2938398000000001
4.4247e-08,0.2901224
4.4249e-08,0.2862312
4.4251e-08,0.28217329999999996
4.4253e-08,0.2779558
4.4255e-08,0.2735862
4.4257e-08,0.2690716999999999
4.4259e-08,0.26441939999999997
4.4261e-08,0.25963690000000006
4.4263e-08,0.25473120000000005
4.4265e-08,0.24970920000000008
4.4267e-08,0.24457829999999992
4.4269e-08,0.23934520000000004
4.4271e-08,0.23401670000000008
4.4273e-08,0.22859930000000006
4.4275e-08,0.2230996999999999
4.4277e-08,0.21752400000000005
4.4279e-08,0.21187849999999997
4.4281e-08,0.2061693
4.4283e-08,0.2004018999999999
4.4285e-08,0.19458220000000004
4.4287e-08,0.18871559999999998
4.4289e-08,0.1828075
4.4291e-08,0.17686310000000005
4.4293e-08,0.170887
4.4295e-08,0.16488429999999998
4.4297e-08,0.15885970000000005
4.4299e-08,0.1528174
4.4301e-08,0.1467619
4.4303e-08,0.14069730000000003
4.4305e-08,0.13462739999999995
4.4307e-08,0.12855609999999995
4.4309e-08,0.12248700000000001
4.4311e-08,0.11642379999999997
4.4313e-08,0.1103696999999999
4.4315e-08,0.10432789999999992
4.4317e-08,0.09830150000000004
4.4319e-08,0.09229339999999997
4.4321e-08,0.08630630000000006
4.4323e-08,0.08034299999999994
4.4325e-08,0.07440589999999991
4.4327e-08,0.06849749999999999
4.4329e-08,0.06261989999999995
4.4331e-08,0.05677539999999992
4.4333e-08,0.050965999999999956
4.4335e-08,0.045193599999999945
4.4337e-08,0.0394601
4.4339e-08,0.03376710000000005
4.4341e-08,0.028116199999999925
4.4343e-08,0.022509
4.4345e-08,0.01694680000000004
4.4347e-08,0.011431100000000027
4.4349e-08,0.005962899999999993
4.4351e-08,0.0005436000000000885
4.4353e-08,-0.004825999999999997
4.4355e-08,-0.010144700000000006
4.4357e-08,-0.015411799999999976
4.4359e-08,-0.020626299999999986
4.4361e-08,-0.02578760000000002
4.4363e-08,-0.030894700000000053
4.4365e-08,-0.035947400000000074
4.4367e-08,-0.0409448
4.4369e-08,-0.0458866
4.4371e-08,-0.05077229999999999
4.4373e-08,-0.05560149999999997
4.4375e-08,-0.06037389999999998
4.4377e-08,-0.06508910000000001
4.4379e-08,-0.069747
4.4381e-08,-0.07434750000000001
4.4383e-08,-0.07889010000000007
4.4385e-08,-0.0833752000000001
4.4387e-08,-0.08780240000000006
4.4389e-08,-0.09217169999999997
4.4391e-08,-0.09648319999999999
4.4393e-08,-0.10073709999999991
4.4395e-08,-0.10493330000000001
4.4397e-08,-0.10907180000000005
4.43985e-08,-0.11213819999999997
4.44e-08,-0.1151723
4.44002e-08,-0.11557399999999995
4.44006e-08,-0.11637660000000005
4.44014e-08,-0.11797480000000005
4.4403e-08,-0.12114380000000002
4.4405e-08,-0.12505409999999995
4.4407e-08,-0.12890789999999996
4.4409e-08,-0.13270550000000003
4.4411e-08,-0.13644729999999994
4.4413e-08,-0.1401332999999999
4.4415e-08,-0.1437642
4.4417e-08,-0.14734019999999992
4.4419e-08,-0.15086160000000004
4.4421e-08,-0.15432899999999994
4.4423e-08,-0.1577426999999999
4.4425e-08,-0.161103
4.4427e-08,-0.16441050000000001
4.4429e-08,-0.16766559999999997
4.4431e-08,-0.1708689
4.4433e-08,-0.17402060000000008
4.4435e-08,-0.17712129999999993
4.4437e-08,-0.18017150000000004
4.4439e-08,-0.18317170000000005
4.4441e-08,-0.18612240000000002
4.4443e-08,-0.18902419999999998
4.4445e-08,-0.19187739999999998
4.4447e-08,-0.1946827000000001
4.4449e-08,-0.19744050000000002
4.4451e-08,-0.20015150000000004
4.4453e-08,-0.20281590000000005
4.4455e-08,-0.20543460000000002
4.4457e-08,-0.20800800000000008
4.4459e-08,-0.21053670000000002
4.4461e-08,-0.21302109999999996
4.4463e-08,-0.2154619000000001
4.4465e-08,-0.21785940000000004
4.4467e-08,-0.22021449999999998
4.4469e-08,-0.22252729999999998
4.4471e-08,-0.22479879999999997
4.4473e-08,-0.2270293
4.4475e-08,-0.22921939999999996
4.4477e-08,-0.2313695
4.4479e-08,-0.23348040000000003
4.4481e-08,-0.2355524
4.4483e-08,-0.23758619999999997
4.4485e-08,-0.23958219999999997
4.4487e-08,-0.24154110000000006
4.4489e-08,-0.2434632
4.4491e-08,-0.24534919999999993
4.4493e-08,-0.24719950000000002
4.4495e-08,-0.24901479999999998
4.4497e-08,-0.25079549999999995
4.4499e-08,-0.2525421
4.4501e-08,-0.25425509999999996
4.4503e-08,-0.25593509999999997
4.4505e-08,-0.25758250000000005
4.4507e-08,-0.25919780000000003
4.4509e-08,-0.2607815
4.4511e-08,-0.26233419999999996
4.4513e-08,-0.2638562
4.4515e-08,-0.2653481
4.4517e-08,-0.26681029999999994
4.4519e-08,-0.26824349999999997
4.4521e-08,-0.2696478000000001
4.4523e-08,-0.2710237999999999
4.4525e-08,-0.2723720999999999
4.4527e-08,-0.2736930999999999
4.4529e-08,-0.27498710000000004
4.4531e-08,-0.27625469999999996
4.4533e-08,-0.27749619999999997
4.4535e-08,-0.27871219999999997
4.4537e-08,-0.279903
4.4539e-08,-0.28106909999999996
4.4541e-08,-0.2822106999999999
4.4543e-08,-0.28332860000000004
4.4545e-08,-0.28442290000000003
4.4547e-08,-0.285494
4.4549e-08,-0.28654250000000003
4.4551e-08,-0.2875687
4.4553e-08,-0.28857299999999997
4.4555e-08,-0.2895556
4.4557e-08,-0.2905171000000001
4.4559e-08,-0.2914578
4.4561e-08,-0.2923781
4.4563e-08,-0.2932783
4.4565e-08,-0.29415879999999994
4.4567e-08,-0.2950199
4.4569e-08,-0.29586199999999996
4.4571e-08,-0.2966854
4.4573e-08,-0.29749059999999994
4.4575e-08,-0.2982777
4.4577e-08,-0.2990471
4.4579e-08,-0.29979919999999993
4.4581e-08,-0.30053430000000003
4.4583e-08,-0.3012526
4.4585e-08,-0.3019546000000001
4.4587e-08,-0.30264040000000003
4.4589e-08,-0.3033104999999999
4.4591e-08,-0.3039651
4.4593e-08,-0.3046044
4.4595e-08,-0.30522879999999997
4.4597e-08,-0.30583859999999996
4.45985e-08,-0.3062865
4.46e-08,-0.3067264999999999
4.46002e-08,-0.3067852
4.46006e-08,-0.30690439999999997
4.46014e-08,-0.3071518
4.4603e-08,-0.30766839999999995
4.4605e-08,-0.3083157999999999
4.4607e-08,-0.3089172
4.4609e-08,-0.3094287
4.4611e-08,-0.3098145
4.4613e-08,-0.31004639999999994
4.4615e-08,-0.3101018
4.4617e-08,-0.30996310000000005
4.4619e-08,-0.3096169000000001
4.4621e-08,-0.30905359999999993
4.4623e-08,-0.30826620000000005
4.4625e-08,-0.3072507
4.4627e-08,-0.30600459999999996
4.4629e-08,-0.304528
4.4631e-08,-0.3028219
4.4633e-08,-0.3008887
4.4635e-08,-0.298732
4.4637e-08,-0.2963563
4.4639e-08,-0.29376650000000004
4.4641e-08,-0.2909686
4.4643e-08,-0.2879687000000001
4.4645e-08,-0.2847733
4.4647e-08,-0.2813894
4.4649e-08,-0.27782399999999996
4.4651e-08,-0.2740844
4.4653e-08,-0.2701779999999999
4.4655e-08,-0.2661122
4.4657e-08,-0.26189439999999997
4.4659e-08,-0.25753209999999993
4.4661e-08,-0.2530327
4.4663e-08,-0.24840339999999994
4.4665e-08,-0.24365150000000002
4.4667e-08,-0.23878409999999994
4.4669e-08,-0.23380840000000003
4.4671e-08,-0.22873100000000002
4.4673e-08,-0.22355880000000006
4.4675e-08,-0.21829829999999995
4.4677e-08,-0.21295609999999998
4.4679e-08,-0.20753810000000006
4.4681e-08,-0.20205060000000008
4.4683e-08,-0.1964996
4.4685e-08,-0.19089080000000003
4.4687e-08,-0.18522970000000005
4.4689e-08,-0.17952179999999995
4.4691e-08,-0.17377219999999993
4.4693e-08,-0.16798610000000003
4.4695e-08,-0.16216830000000004
4.4697e-08,-0.1563234
4.4699e-08,-0.1504563
4.4701e-08,-0.144571
4.4703e-08,-0.1386717999999999
4.4705e-08,-0.13276290000000002
4.4707e-08,-0.12684819999999997
4.4709e-08,-0.12093120000000002
4.4711e-08,-0.1150156
4.4713e-08,-0.10910490000000006
4.4715e-08,-0.10320229999999997
4.4717e-08,-0.09731099999999993
4.4719e-08,-0.09143400000000002
4.4721e-08,-0.08557400000000004
4.4723e-08,-0.07973390000000002
4.4725e-08,-0.07391629999999993
4.4727e-08,-0.0681235
4.4729e-08,-0.06235809999999997
4.4731e-08,-0.05662210000000001
4.4733e-08,-0.050917700000000066
4.4735e-08,-0.04524700000000004
4.4737e-08,-0.03961159999999997
4.4739e-08,-0.034013700000000036
4.4741e-08,-0.028454599999999997
4.4743e-08,-0.022936100000000015
4.4745e-08,-0.01745960000000002
4.4747e-08,-0.012026500000000051
4.4749e-08,-0.00663809999999998
4.4751e-08,-0.001295500000000005
4.4753e-08,0.003999799999999998
4.4755e-08,0.009247200000000011
4.4757e-08,0.0144455
4.4759e-08,0.019593899999999942
4.4761e-08,0.02469140000000003
4.4763e-08,0.029737400000000025
4.4765e-08,0.03473119999999996
4.4767e-08,0.039672299999999994
4.4769e-08,0.04455979999999993
4.4771e-08,0.04939360000000004
4.4773e-08,0.05417300000000003
4.4775e-08,0.058897599999999994
4.4777e-08,0.06356720000000005
4.4779e-08,0.06818139999999995
4.4781e-08,0.07274010000000009
4.4783e-08,0.07724299999999995
4.4785e-08,0.08169009999999999
4.4787e-08,0.08608099999999996
4.4789e-08,0.0904159
4.4791e-08,0.09469459999999996
4.4793e-08,0.0989173000000001
4.4795e-08,0.1030839
4.4797e-08,0.10719449999999997
4.47985e-08,0.11024080000000003
4.48e-08,0.11325580000000002
4.48002e-08,0.11365590000000003
4.48006e-08,0.11445680000000003
4.48014e-08,0.11606309999999997
4.4803e-08,0.11927659999999995
4.4805e-08,0.12325580000000003
4.4807e-08,0.12714369999999997
4.4809e-08,0.13089470000000003
4.4811e-08,0.13447240000000005
4.4813e-08,0.13784699999999994
4.4815e-08,0.1409958
4.4817e-08,0.14390100000000006
4.4819e-08,0.14654939999999994
4.4821e-08,0.1489315
4.4823e-08,0.1510414
4.4825e-08,0.15287549999999994
4.4827e-08,0.15443260000000003
4.4829e-08,0.1557132
4.4831e-08,0.15671960000000007
4.4833e-08,0.15745540000000002
4.4835e-08,0.1579252
4.4837e-08,0.15813449999999996
4.4839e-08,0.15808940000000005
4.4841e-08,0.1577967
4.4843e-08,0.15726359999999995
4.4845e-08,0.15649770000000007
4.4847e-08,0.15550659999999994
4.4849e-08,0.1542985
4.4851e-08,0.15288120000000005
4.4853e-08,0.15126299999999993
4.4855e-08,0.14945209999999998
4.4857e-08,0.14745640000000004
4.4859e-08,0.14528410000000003
4.4861e-08,0.1429431
4.4863e-08,0.14044120000000004
4.4865e-08,0.13778629999999992
4.4867e-08,0.1349857
4.4869e-08,0.13204709999999997
4.4871e-08,0.12897760000000003
4.4873e-08,0.12578430000000007
4.4875e-08,0.12247419999999998
4.4877e-08,0.11905409999999994
4.4879e-08,0.11553029999999997
4.4881e-08,0.11190939999999994
4.4883e-08,0.1081975999999999
4.4885e-08,0.10440070000000001
4.4887e-08,0.10052470000000002
4.4889e-08,0.09657510000000002
4.4891e-08,0.09255730000000006
4.4893e-08,0.08847680000000002
4.4895e-08,0.08433849999999998
4.4897e-08,0.08014740000000009
4.4899e-08,0.07590809999999992
4.4901e-08,0.0716253
4.4903e-08,0.06730329999999995
4.4905e-08,0.0629464999999999
4.4907e-08,0.05855880000000002
4.4909e-08,0.054144199999999976
4.4911e-08,0.04970649999999999
4.4913e-08,0.04524929999999994
4.4915e-08,0.040776000000000034
4.4917e-08,0.0362901000000001
4.4919e-08,0.031794700000000065
4.4921e-08,0.027292900000000064
4.4923e-08,0.02278749999999996
4.4925e-08,0.01828149999999995
4.4927e-08,0.013777499999999998
4.4929e-08,0.009278000000000008
4.4931e-08,0.0047855999999999455
4.4933e-08,0.00030239999999992495
4.4935e-08,-0.004169099999999926
4.4937e-08,-0.008626899999999993
4.4939e-08,-0.013069099999999945
4.4941e-08,-0.017493699999999945
4.4943e-08,-0.021898799999999996
4.4945e-08,-0.02628280000000005
4.4947e-08,-0.030644000000000005
4.4949e-08,-0.034980800000000034
4.4951e-08,-0.03929179999999999
4.4953e-08,-0.043575699999999995
4.4955e-08,-0.047831100000000015
4.4957e-08,-0.052056800000000014
4.4959e-08,-0.056251700000000016
4.4961e-08,-0.060414600000000096
4.4963e-08,-0.06454459999999995
4.4965e-08,-0.06864079999999995
4.4967e-08,-0.07270219999999994
4.4969e-08,-0.07672799999999991
4.4971e-08,-0.0807175
4.4973e-08,-0.08466990000000008
4.4975e-08,-0.08858479999999991
4.4977e-08,-0.09246140000000003
4.4979e-08,-0.09629909999999997
4.4981e-08,-0.10009749999999995
4.4983e-08,-0.10385619999999995
4.4985e-08,-0.10757470000000002
4.4987e-08,-0.11125280000000004
4.4989e-08,-0.11488999999999994
4.4991e-08,-0.11848599999999998
4.4993e-08,-0.12204080000000006
4.4995e-08,-0.12555400000000005
4.4997e-08,-0.12902550000000002
4.49985e-08,-0.13160169999999993
4.5e-08,-0.1341542
4.50002e-08,-0.13449329999999993
4.50006e-08,-0.13517259999999998
4.50014e-08,-0.13653700000000002
4.5003e-08,-0.13927350000000005
4.5005e-08,-0.14266809999999996
4.5007e-08,-0.14598480000000003
4.5009e-08,-0.14917780000000003
4.5011e-08,-0.15221019999999996
4.5013e-08,-0.15505230000000003
4.5015e-08,-0.15768099999999996
4.5017e-08,-0.1600783
4.5019e-08,-0.1622308
4.5021e-08,-0.16412879999999996
4.5023e-08,-0.16576599999999997
4.5025e-08,-0.16713859999999992
4.5027e-08,-0.16824499999999998
4.5029e-08,-0.1690857
4.5031e-08,-0.1696626
4.5033e-08,-0.16997909999999994
4.5035e-08,-0.17003960000000007
4.5037e-08,-0.16984900000000003
4.5039e-08,-0.1694137
4.5041e-08,-0.16874
4.5043e-08,-0.1678349
4.5045e-08,-0.1667056
4.5047e-08,-0.16536000000000006
4.5049e-08,-0.1638056
4.5051e-08,-0.1620503000000001
4.5053e-08,-0.16010219999999997
4.5055e-08,-0.15796909999999997
4.5057e-08,-0.15565890000000004
4.5059e-08,-0.15317970000000003
4.5061e-08,-0.1505392000000001
4.5063e-08,-0.14774490000000007
4.5065e-08,-0.14480460000000006
4.5067e-08,-0.14172569999999995
4.5069e-08,-0.1385155
4.5071e-08,-0.13518110000000005
4.5073e-08,-0.13172949999999994
4.5075e-08,-0.12816729999999998
4.5077e-08,-0.12450139999999998
4.5079e-08,-0.12073800000000001
4.5081e-08,-0.11688359999999998
4.5083e-08,-0.11294400000000004
4.5085e-08,-0.10892519999999994
4.5087e-08,-0.10483299999999995
4.5089e-08,-0.10067270000000006
4.5091e-08,-0.09644989999999998
4.5093e-08,-0.09216940000000007
4.5095e-08,-0.08783660000000004
4.5097e-08,-0.08345599999999997
4.5099e-08,-0.0790324
4.5101e-08,-0.07457020000000003
4.5103e-08,-0.0700736999999999
4.5105e-08,-0.06554709999999997
4.5107e-08,-0.060994400000000004
4.5109e-08,-0.05641929999999995
4.5111e-08,-0.051825599999999916
4.5113e-08,-0.04721679999999995
4.5115e-08,-0.04259619999999997
4.5117e-08,-0.03796719999999998
4.5119e-08,-0.0333329
4.5121e-08,-0.028696100000000002
4.5123e-08,-0.024059899999999912
4.5125e-08,-0.019426799999999966
4.5127e-08,-0.014799600000000024
4.5129e-08,-0.010180599999999984
4.5131e-08,-0.0055722999999999745
4.5133e-08,-0.0009768999999999473
4.5135e-08,0.0036034999999999817
4.5137e-08,0.00816680000000003
4.5139e-08,0.012711099999999975
4.5141e-08,0.01723450000000004
4.5143e-08,0.021735299999999902
4.5145e-08,0.026211800000000007
4.5147e-08,0.03066239999999998
4.5149e-08,0.035085799999999945
4.5151e-08,0.03948050000000003
4.5153e-08,0.04384510000000008
4.5155e-08,0.04817859999999996
4.5157e-08,0.05247959999999996
4.5159e-08,0.0567472
4.5161e-08,0.06098029999999999
4.5163e-08,0.06517800000000007
4.5165e-08,0.06933920000000005
4.5167e-08,0.07346340000000007
4.5169e-08,0.07754970000000005
4.5171e-08,0.08159739999999993
4.5173e-08,0.08560579999999995
4.5175e-08,0.0895745
4.5177e-08,0.09350269999999994
4.5179e-08,0.09739019999999998
4.5181e-08,0.10123629999999995
4.5183e-08,0.10504080000000005
4.5185e-08,0.10880319999999999
4.5187e-08,0.11252319999999993
4.5189e-08,0.11620059999999999
4.5191e-08,0.11983520000000003
4.5193e-08,0.12342680000000006
4.5195e-08,0.1269751
4.5197e-08,0.13047999999999993
4.51985e-08,0.1330804000000001
4.52e-08,0.13565610000000006
4.52002e-08,0.1359975
4.52006e-08,0.1366794
4.52014e-08,0.13803790000000005
4.5203e-08,0.14073400000000003
4.5205e-08,0.14406509999999995
4.5207e-08,0.1473527
4.5209e-08,0.15059690000000003
4.5211e-08,0.15379770000000004
4.5213e-08,0.15695510000000001
4.5215e-08,0.1600695000000001
4.5217e-08,0.16314079999999997
4.5219e-08,0.16616920000000002
4.5221e-08,0.16915499999999994
4.5223e-08,0.17209819999999998
4.5225e-08,0.17499920000000002
4.5227e-08,0.17785800000000007
4.5229e-08,0.18067499999999992
4.5231e-08,0.18345050000000007
4.5233e-08,0.18618460000000003
4.5235e-08,0.18887779999999998
4.5237e-08,0.19153010000000004
4.5239e-08,0.19414209999999998
4.5241e-08,0.1967139
4.5243e-08,0.19924589999999998
4.5245e-08,0.20173839999999998
4.5247e-08,0.20419179999999992
4.5249e-08,0.20660639999999997
4.5251e-08,0.20898249999999996
4.5253e-08,0.21132059999999997
4.5255e-08,0.2136209
4.5257e-08,0.21588390000000002
4.5259e-08,0.21810989999999997
4.5261e-08,0.22029929999999998
4.5263e-08,0.22245250000000005
4.5265e-08,0.2245699
4.5267e-08,0.22665179999999996
4.5269e-08,0.22869859999999997
4.5271e-08,0.23071090000000005
4.5273e-08,0.23268889999999998
4.5275e-08,0.23463290000000003
4.5277e-08,0.23654370000000002
4.5279e-08,0.23842129999999995
4.5281e-08,0.24026609999999993
4.5283e-08,0.24207879999999993
4.5285e-08,0.2438597
4.5287e-08,0.24560910000000002
4.5289e-08,0.24732739999999998
4.5291e-08,0.24901510000000004
4.5293e-08,0.25067249999999996
4.5295e-08,0.2523002000000001
4.5297e-08,0.2538983
4.5299e-08,0.2554673999999999
4.5301e-08,0.25700790000000007
4.5303e-08,0.25852010000000003
4.5305e-08,0.2600043999999999
4.5307e-08,0.2614613
4.5309e-08,0.262891
4.5311e-08,0.2642941000000001
4.5313e-08,0.2656708
4.5315e-08,0.2670216000000001
4.5317e-08,0.26834689999999994
4.5319e-08,0.2696469
4.5321e-08,0.27092229999999995
4.5323e-08,0.27217310000000006
4.5325e-08,0.27339990000000003
4.5327e-08,0.2746029
4.5329e-08,0.2757826
4.5331e-08,0.27693940000000006
4.5333e-08,0.2780735
4.5335e-08,0.2791853000000001
4.5337e-08,0.28027520000000006
4.5339e-08,0.28134349999999997
4.5341e-08,0.28239060000000005
4.5343e-08,0.28341669999999997
4.5345e-08,0.28442239999999996
4.5347e-08,0.28540770000000004
4.5349e-08,0.28637310000000005
4.5351e-08,0.28731909999999994
4.5353e-08,0.2882456
4.5355e-08,0.28915329999999995
4.5357e-08,0.2900423
4.5359e-08,0.29091310000000004
4.5361e-08,0.29176579999999996
4.5363e-08,0.2926008
4.5365e-08,0.2934184000000001
4.5367e-08,0.29421869999999994
4.5369e-08,0.2950024
4.5371e-08,0.2957694999999999
4.5373e-08,0.2965204
4.5375e-08,0.29725519999999994
4.5377e-08,0.2979744000000001
4.5379e-08,0.2986782
4.5381e-08,0.29936680000000004
4.5383e-08,0.30004050000000004
4.5385e-08,0.30069959999999996
4.5387e-08,0.30134439999999996
4.5389e-08,0.30197510000000005
4.5391e-08,0.3025918000000001
4.5393e-08,0.303195
4.5395e-08,0.3037848999999999
4.5397e-08,0.3043616
4.53985e-08,0.30478569999999994
4.54e-08,0.30521409999999993
4.54002e-08,0.30527309999999996
4.54006e-08,0.30539209999999994
4.54014e-08,0.30563700000000005
4.5403e-08,0.3061372
4.5405e-08,0.306747
4.5407e-08,0.30729510000000004
4.5409e-08,0.3077405
4.5411e-08,0.30805039999999995
4.5413e-08,0.30819849999999993
4.5415e-08,0.30816409999999994
4.5417e-08,0.3079314000000001
4.5419e-08,0.30748809999999993
4.5421e-08,0.30682580000000004
4.5423e-08,0.3059385
4.5425e-08,0.3048227
4.5427e-08,0.30347710000000006
4.5429e-08,0.30190190000000006
4.5431e-08,0.3000988
4.5433e-08,0.29807059999999996
4.5435e-08,0.29582109999999995
4.5437e-08,0.29335520000000004
4.5439e-08,0.29067809999999994
4.5441e-08,0.28779580000000005
4.5443e-08,0.28471460000000004
4.5445e-08,0.28144119999999995
4.5447e-08,0.2779825
4.5449e-08,0.2743458
4.5451e-08,0.2705383
4.5453e-08,0.26656749999999996
4.5455e-08,0.2624405999999999
4.5457e-08,0.25816530000000004
4.5459e-08,0.2537488
4.5461e-08,0.24919860000000005
4.5463e-08,0.24452189999999996
4.5465e-08,0.23972589999999994
4.5467e-08,0.23481770000000002
4.5469e-08,0.22980429999999996
4.5471e-08,0.22469240000000001
4.5473e-08,0.21948869999999998
4.5475e-08,0.2141997
4.5477e-08,0.20883189999999996
4.5479e-08,0.20339109999999994
4.5481e-08,0.1978837
4.5483e-08,0.19231549999999997
4.5485e-08,0.18669190000000002
4.5487e-08,0.18101869999999998
4.5489e-08,0.1753011000000001
4.5491e-08,0.16954429999999998
4.5493e-08,0.16375309999999998
4.5495e-08,0.15793250000000003
4.5497e-08,0.15208710000000003
4.5499e-08,0.1462213
4.5501e-08,0.1403394
4.5503e-08,0.13444560000000005
4.5505e-08,0.12854379999999999
4.5507e-08,0.12263789999999997
4.5509e-08,0.11673149999999999
4.5511e-08,0.11082820000000004
4.5513e-08,0.1049312
4.5515e-08,0.09904380000000002
4.5517e-08,0.0931691
4.5519e-08,0.08731010000000006
4.5521e-08,0.08146940000000003
4.5523e-08,0.07564989999999994
4.5525e-08,0.06985390000000002
4.5527e-08,0.06408390000000008
4.5529e-08,0.05834220000000001
4.5531e-08,0.05263099999999998
4.5533e-08,0.046952400000000005
4.5535e-08,0.041308299999999964
4.5537e-08,0.035700399999999965
4.5539e-08,0.030130700000000066
4.5541e-08,0.024600500000000025
4.5543e-08,0.019111600000000006
4.5545e-08,0.01366540000000005
4.5547e-08,0.008263199999999915
4.5549e-08,0.00290619999999997
4.5551e-08,-0.0024043999999999732
4.5553e-08,-0.007667399999999991
4.5555e-08,-0.01288200000000006
4.5557e-08,-0.018046999999999924
4.5559e-08,-0.02316180000000001
4.5561e-08,-0.028225500000000014
4.5563e-08,-0.033237300000000025
4.5565e-08,-0.03819669999999997
4.5567e-08,-0.0431028
4.5569e-08,-0.04795550000000004
4.5571e-08,-0.05275419999999997
4.5573e-08,-0.05749840000000006
4.5575e-08,-0.06218770000000007
4.5577e-08,-0.0668217000000001
4.5579e-08,-0.07140049999999998
4.5581e-08,-0.07592359999999998
4.5583e-08,-0.08039090000000004
4.5585e-08,-0.0848023
4.5587e-08,-0.08915759999999995
4.5589e-08,-0.09345700000000001
4.5591e-08,-0.09770020000000001
4.5593e-08,-0.10188739999999996
4.5595e-08,-0.10601870000000002
4.5597e-08,-0.11009400000000003
4.55985e-08,-0.11311389999999999
4.56e-08,-0.1161025
4.56002e-08,-0.11649909999999997
4.56006e-08,-0.11729310000000004
4.56014e-08,-0.11888529999999997
4.5603e-08,-0.12207089999999998
4.5605e-08,-0.1260154
4.5607e-08,-0.1298688
4.5609e-08,-0.13358559999999997
4.5611e-08,-0.13712920000000006
4.5613e-08,-0.1404702
4.5615e-08,-0.14358550000000003
4.5617e-08,-0.14645770000000002
4.5619e-08,-0.14907330000000008
4.5621e-08,-0.15142319999999998
4.5623e-08,-0.15350110000000006
4.5625e-08,-0.15530349999999993
4.5627e-08,-0.1568292
4.5629e-08,-0.15807890000000002
4.5631e-08,-0.1590547
4.5633e-08,-0.15976029999999997
4.5635e-08,-0.16020010000000007
4.5637e-08,-0.16037970000000001
4.5639e-08,-0.16030540000000004
4.5641e-08,-0.1599838
4.5643e-08,-0.1594219
4.5645e-08,-0.15862770000000004
4.5647e-08,-0.1576084000000001
4.5649e-08,-0.15637250000000003
4.5651e-08,-0.1549277
4.5653e-08,-0.15328229999999998
4.5655e-08,-0.15144429999999998
4.5657e-08,-0.1494219
4.5659e-08,-0.14722310000000005
4.5661e-08,-0.14485579999999998
4.5663e-08,-0.142328
4.5665e-08,-0.13964710000000002
4.5667e-08,-0.13682100000000008
4.5669e-08,-0.13385709999999995
4.5671e-08,-0.13076259999999995
4.5673e-08,-0.12754450000000006
4.5675e-08,-0.12420980000000004
4.5677e-08,-0.12076530000000008
4.5679e-08,-0.11721739999999992
4.5681e-08,-0.11357260000000002
4.5683e-08,-0.10983699999999996
4.5685e-08,-0.10601669999999996
4.5687e-08,-0.10211729999999997
4.5689e-08,-0.09814460000000003
4.5691e-08,-0.09410420000000008
4.5693e-08,-0.090001
4.5695e-08,-0.08584029999999998
4.5697e-08,-0.081627
4.5699e-08,-0.07736579999999993
4.5701e-08,-0.0730613
4.5703e-08,-0.06871779999999994
4.5705e-08,-0.0643397
4.5707e-08,-0.059930999999999957
4.5709e-08,-0.05549550000000003
4.5711e-08,-0.051037200000000005
4.5713e-08,-0.04655969999999998
4.5715e-08,-0.0420663
4.5717e-08,-0.0375605
4.5719e-08,-0.0330454
4.5721e-08,-0.028524100000000052
4.5723e-08,-0.023999500000000062
4.5725e-08,-0.019474400000000003
4.5727e-08,-0.014951600000000065
4.5729e-08,-0.010433600000000043
4.5731e-08,-0.005922800000000006
4.5733e-08,-0.0014216000000000228
4.5735e-08,0.0030678999999999013
4.5737e-08,0.007543399999999978
4.5739e-08,0.012002999999999986
4.5741e-08,0.016444800000000037
4.5743e-08,0.02086689999999991
4.5745e-08,0.025267700000000004
4.5747e-08,0.029645400000000044
4.5749e-08,0.03399850000000004
4.5751e-08,0.03832570000000002
4.5753e-08,0.04262549999999998
4.5755e-08,0.04689650000000001
4.5757e-08,0.05113780000000001
4.5759e-08,0.055347900000000005
4.5761e-08,0.05952579999999996
4.5763e-08,0.06367069999999997
4.5765e-08,0.06778139999999999
4.5767e-08,0.07185730000000001
4.5769e-08,0.07589730000000006
4.5771e-08,0.07990090000000005
4.5773e-08,0.08386709999999997
4.5775e-08,0.08779550000000003
4.5777e-08,0.09168540000000003
4.5779e-08,0.09553630000000002
4.5781e-08,0.09934779999999999
4.5783e-08,0.10311919999999997
4.5785e-08,0.1068503999999999
4.5787e-08,0.11054089999999994
4.5789e-08,0.11419030000000008
4.5791e-08,0.11779850000000003
4.5793e-08,0.12136499999999995
4.5795e-08,0.1248899
4.5797e-08,0.1283729
4.57985e-08,0.13095750000000006
4.58e-08,0.13351849999999998
4.58002e-08,0.13385859999999994
4.58006e-08,0.1345402
4.58014e-08,0.13590900000000006
4.5803e-08,0.13865419999999995
4.5805e-08,0.14205959999999995
4.5807e-08,0.14538700000000004
4.5809e-08,0.1485904
4.5811e-08,0.15163300000000002
4.5813e-08,0.15448499999999998
4.5815e-08,0.15712360000000003
4.5817e-08,0.15953060000000008
4.5819e-08,0.16169250000000002
4.5821e-08,0.16359999999999997
4.5823e-08,0.1652462
4.5825e-08,0.16662770000000005
4.5827e-08,0.16774280000000008
4.5829e-08,0.16859219999999997
4.5831e-08,0.16917760000000004
4.5833e-08,0.16950240000000005
4.5835e-08,0.16957089999999997
4.5837e-08,0.16938850000000005
4.5839e-08,0.16896089999999997
4.5841e-08,0.16829490000000003
4.5843e-08,0.16739729999999997
4.5845e-08,0.16627559999999997
4.5847e-08,0.16493729999999995
4.5849e-08,0.16339000000000004
4.5851e-08,0.1616419
4.5853e-08,0.15970059999999997
4.5855e-08,0.1575744
4.5857e-08,0.15527099999999994
4.5859e-08,0.15279830000000005
4.5861e-08,0.15016430000000003
4.5863e-08,0.14737639999999996
4.5865e-08,0.14444250000000003
4.5867e-08,0.14136969999999993
4.5869e-08,0.1381656
4.5871e-08,0.1348372
4.5873e-08,0.13139139999999994
4.5875e-08,0.12783509999999998
4.5877e-08,0.12417489999999998
4.5879e-08,0.12041730000000006
4.5881e-08,0.11656840000000002
4.5883e-08,0.11263429999999997
4.5885e-08,0.10862090000000002
4.5887e-08,0.10453400000000002
4.5889e-08,0.100379
4.5891e-08,0.09616120000000006
4.5893e-08,0.09188589999999996
4.5895e-08,0.08755800000000002
4.5897e-08,0.08318239999999999
4.5899e-08,0.07876360000000004
4.5901e-08,0.07430630000000005
4.5903e-08,0.0698145
4.5905e-08,0.06529240000000003
4.5907e-08,0.060744199999999915
4.5909e-08,0.05617369999999999
4.5911e-08,0.051584299999999916
4.5913e-08,0.046979799999999905
4.5915e-08,0.04236360000000006
4.5917e-08,0.03773880000000007
4.5919e-08,0.03310859999999993
4.5921e-08,0.0284759
4.5923e-08,0.023843700000000023
4.5925e-08,0.019214500000000023
4.5927e-08,0.014591200000000026
4.5929e-08,0.009975999999999985
4.5931e-08,0.0053714999999999735
4.5933e-08,0.0007797000000000498
4.5935e-08,-0.0037969999999999393
4.5937e-08,-0.008356800000000053
4.5939e-08,-0.012897500000000006
4.5941e-08,-0.017417400000000027
4.5943e-08,-0.02191489999999996
4.5945e-08,-0.026388000000000078
4.5947e-08,-0.030835399999999957
4.5949e-08,-0.035255499999999995
4.5951e-08,-0.039647100000000046
4.5953e-08,-0.04400859999999995
4.5955e-08,-0.04833900000000002
4.5957e-08,-0.05263709999999999
4.5959e-08,-0.0569016
4.5961e-08,-0.06113190000000002
4.5963e-08,-0.06532660000000001
4.5965e-08,-0.06948509999999997
4.5967e-08,-0.07360659999999997
4.5969e-08,-0.07769020000000004
4.5971e-08,-0.08173520000000001
4.5973e-08,-0.08574099999999996
4.5975e-08,-0.08970709999999993
4.5977e-08,-0.09363289999999991
4.5979e-08,-0.09751779999999999
4.5981e-08,-0.1013615
4.5983e-08,-0.10516359999999991
4.5985e-08,-0.10892360000000001
4.5987e-08,-0.1126414
4.5989e-08,-0.11631650000000004
4.5991e-08,-0.11994890000000002
4.5993e-08,-0.12353820000000004
4.5995e-08,-0.12708449999999993
4.5997e-08,-0.13058740000000002
4.59985e-08,-0.13318600000000003
4.6e-08,-0.13576030000000006
4.60002e-08,-0.1361015
4.60006e-08,-0.1367830000000001
4.60014e-08,-0.13814079999999995
4.6003e-08,-0.1408353
4.6005e-08,-0.14416439999999997
4.6007e-08,-0.14745019999999998
4.6009e-08,-0.15069239999999995
4.6011e-08,-0.15389130000000006
4.6013e-08,-0.15704700000000005
4.6015e-08,-0.16015959999999996
4.6017e-08,-0.16322919999999996
4.6019e-08,-0.1662559
4.6021e-08,-0.16924000000000006
4.6023e-08,-0.17218160000000005
4.6025e-08,-0.17508089999999998
4.6027e-08,-0.1779381
4.6029e-08,-0.18075370000000002
4.6031e-08,-0.1835276
4.6033e-08,-0.18626030000000005
4.6035e-08,-0.188952
4.6037e-08,-0.19160290000000002
4.6039e-08,-0.19421339999999998
4.6041e-08,-0.19678379999999995
4.6043e-08,-0.19931449999999995
4.6045e-08,-0.20180569999999998
4.6047e-08,-0.2042577
4.6049e-08,-0.20667100000000005
4.6051e-08,-0.2090459
4.6053e-08,-0.21138279999999998
4.6055e-08,-0.21368189999999998
4.6057e-08,-0.21594369999999996
4.6059e-08,-0.2181685
4.6061e-08,-0.22035680000000002
4.6063e-08,-0.2225089
4.6065e-08,-0.22462520000000008
4.6067e-08,-0.22670610000000002
4.6069e-08,-0.22875179999999995
4.6071e-08,-0.2307631
4.6073e-08,-0.23273999999999995
4.6075e-08,-0.23468309999999992
4.6077e-08,-0.23659279999999994
4.6079e-08,-0.2384695
4.6081e-08,-0.24031349999999996
4.6083e-08,-0.24212520000000004
4.6085e-08,-0.24390520000000004
4.6087e-08,-0.24565369999999997
4.6089e-08,-0.24737110000000007
4.6091e-08,-0.249058
4.6093e-08,-0.2507146
4.6095e-08,-0.25234140000000005
4.6097e-08,-0.25393869999999996
4.6099e-08,-0.25550700000000004
4.6101e-08,-0.25704669999999996
4.6103e-08,-0.25855820000000007
4.6105e-08,-0.26004170000000004
4.6107e-08,-0.26149789999999995
4.6109e-08,-0.262927
4.6111e-08,-0.2643293
4.6113e-08,-0.2657054
4.6115e-08,-0.2670555
4.6117e-08,-0.2683801
4.6119e-08,-0.2696796
4.6121e-08,-0.27095420000000003
4.6123e-08,-0.2722044
4.6125e-08,-0.27343059999999997
4.6127e-08,-0.2746331000000001
4.6129e-08,-0.2758121
4.6131e-08,-0.2769684
4.6133e-08,-0.2781019
4.6135e-08,-0.27921319999999994
4.6137e-08,-0.2803025
4.6139e-08,-0.2813703000000001
4.6141e-08,-0.2824167999999999
4.6143e-08,-0.28344250000000004
4.6145e-08,-0.2844475999999999
4.6147e-08,-0.2854325
4.6149e-08,-0.2863974
4.6151e-08,-0.2873428
4.6153e-08,-0.288269
4.6155e-08,-0.2891762
4.6157e-08,-0.2900647999999999
4.6159e-08,-0.2909351
4.6161e-08,-0.29178740000000003
4.6163e-08,-0.2926219
4.6165e-08,-0.29343909999999995
4.6167e-08,-0.29423920000000003
4.6169e-08,-0.2950224
4.6171e-08,-0.29578899999999997
4.6173e-08,-0.29653949999999996
4.6175e-08,-0.2972741
4.6177e-08,-0.2979929
4.6179e-08,-0.2986963
4.6181e-08,-0.29938450000000005
4.6183e-08,-0.3000579
4.6185e-08,-0.30071670000000006
4.6187e-08,-0.30136110000000005
4.6189e-08,-0.3019913999999999
4.6191e-08,-0.30260790000000004
4.6193e-08,-0.3032108
4.6195e-08,-0.30380039999999997
4.6197e-08,-0.3043768
4.61985e-08,-0.3048006
4.62e-08,-0.3052173
4.62002e-08,-0.3052722
4.62006e-08,-0.3053819
4.62014e-08,-0.3055998000000001
4.6203e-08,-0.30602969999999996
4.6205e-08,-0.30655600000000005
4.6207e-08,-0.3070704000000001
4.6209e-08,-0.30757309999999993
4.6211e-08,-0.30806429999999996
4.6213e-08,-0.3085441
4.6215e-08,-0.30901290000000003
4.6217e-08,-0.3094707
4.6219e-08,-0.3099179999999999
4.6221e-08,-0.3103549
4.6223e-08,-0.3107812999999999
4.6225e-08,-0.31119779999999997
4.6227e-08,-0.31160430000000006
4.6229e-08,-0.3120012999999999
4.6231e-08,-0.3123886
4.6233e-08,-0.31276669999999995
4.6235e-08,-0.31313559999999996
4.6237e-08,-0.3134956
4.6239e-08,-0.31384689999999993
4.6241e-08,-0.3141895
4.6243e-08,-0.31452369999999996
4.6245e-08,-0.31484960000000006
4.6247e-08,-0.31516750000000004
4.6249e-08,-0.31547729999999996
4.6251e-08,-0.3157793
4.6253e-08,-0.31607379999999996
4.6255e-08,-0.3163608
4.6257e-08,-0.3166405
4.6259e-08,-0.31691309999999995
4.6261e-08,-0.3171784999999999
4.6263e-08,-0.3174371
4.6265e-08,-0.317689
4.6267e-08,-0.31793419999999994
4.6269e-08,-0.31817300000000004
4.6271e-08,-0.3184054999999999
4.6273e-08,-0.3186318
4.6275e-08,-0.318852
4.6277e-08,-0.3190662999999999
4.6279e-08,-0.31927479999999997
4.6281e-08,-0.31947749999999997
4.6283e-08,-0.3196747
4.6285e-08,-0.3198664
4.6287e-08,-0.3200528
4.6289e-08,-0.3202339999999999
4.6291e-08,-0.3204102
4.6293e-08,-0.3205812
4.6295e-08,-0.32074749999999996
4.6297e-08,-0.32090890000000005
4.6299e-08,-0.32106559999999995
4.6301e-08,-0.32121770000000005
4.6303e-08,-0.3213654
4.6305e-08,-0.32150880000000004
4.6307e-08,-0.3216477
4.6309e-08,-0.32178260000000003
4.6311e-08,-0.32191330000000007
4.6313e-08,-0.32204009999999994
4.6315e-08,-0.322163
4.6317e-08,-0.32228200000000007
4.6319e-08,-0.3223973
4.6321e-08,-0.3225089
4.6323e-08,-0.32261700000000004
4.6325e-08,-0.32272159999999994
4.6327e-08,-0.3228228999999999
4.6329e-08,-0.3229208
4.6331e-08,-0.3230153
4.6333e-08,-0.3231068
4.6335e-08,-0.3231952
4.6337e-08,-0.3232805000000001
4.6339e-08,-0.3233629
4.6341e-08,-0.3234424
4.6343e-08,-0.32351909999999995
4.6345e-08,-0.323593
4.6347e-08,-0.3236643
4.6349e-08,-0.32373300000000005
4.6351e-08,-0.3237991
4.6353e-08,-0.32386270000000006
4.6355e-08,-0.3239238
4.6357e-08,-0.32398269999999996
4.6359e-08,-0.32403919999999997
4.6361e-08,-0.3240934000000001
4.6363e-08,-0.3241455
4.6365e-08,-0.3241953999999999
4.6367e-08,-0.32424320000000006
4.6369e-08,-0.32428900000000005
4.6371e-08,-0.3243328000000001
4.6373e-08,-0.3243747
4.6375e-08,-0.32441470000000006
4.6377e-08,-0.3244528
4.6379e-08,-0.32448920000000003
4.6381e-08,-0.3245237999999999
4.6383e-08,-0.3245568
4.6385e-08,-0.324588
4.6387e-08,-0.3246177
4.6389e-08,-0.3246458
4.6391e-08,-0.32467239999999997
4.6393e-08,-0.3246975
4.6395e-08,-0.3247211
4.6397e-08,-0.32474330000000007
4.63985e-08,-0.3247592
4.64e-08,-0.3247741999999999
4.64002e-08,-0.32477690000000004
4.64006e-08,-0.32478419999999997
4.64014e-08,-0.3248095
4.6403e-08,-0.32488779999999995
4.6405e-08,-0.32499829999999996
4.6407e-08,-0.3250752
4.6409e-08,-0.32507410000000003
4.6411e-08,-0.3249596
4.6413e-08,-0.3247027
4.6415e-08,-0.3242807
4.6417e-08,-0.3236759
4.6419e-08,-0.32287470000000007
4.6421e-08,-0.3218671000000001
4.6423e-08,-0.32064609999999993
4.6425e-08,-0.31920690000000007
4.6427e-08,-0.31754740000000004
4.6429e-08,-0.3156669
4.6431e-08,-0.3135664
4.6433e-08,-0.3112480999999999
4.6435e-08,-0.3087152999999999
4.6437e-08,-0.3059722
4.6439e-08,-0.3030237
4.6441e-08,-0.29987529999999996
4.6443e-08,-0.2965331
4.6445e-08,-0.2930034
4.6447e-08,-0.289293
4.6449e-08,-0.28540870000000007
4.6451e-08,-0.28135769999999993
4.6453e-08,-0.27714720000000004
4.6455e-08,-0.2727845
4.6457e-08,-0.2682768
4.6459e-08,-0.26363139999999996
4.6461e-08,-0.2588556999999999
4.6463e-08,-0.25395690000000004
4.6465e-08,-0.24894190000000005
4.6467e-08,-0.24381789999999992
4.6469e-08,-0.2385915999999999
4.6471e-08,-0.23326990000000003
4.6473e-08,-0.2278595000000001
4.6475e-08,-0.22236679999999998
4.6477e-08,-0.2167981
4.6479e-08,-0.2111596
4.6481e-08,-0.2054572
4.6483e-08,-0.1996968
4.6485e-08,-0.19388400000000006
4.6487e-08,-0.1880244000000001
4.6489e-08,-0.18212320000000004
4.6491e-08,-0.17618559999999994
4.6493e-08,-0.1702165
4.6495e-08,-0.16422079999999994
4.6497e-08,-0.15820310000000004
4.6499e-08,-0.15216770000000002
4.6501e-08,-0.146119
4.6503e-08,-0.1400612
4.6505e-08,-0.13399819999999996
4.6507e-08,-0.12793389999999993
4.6509e-08,-0.12187159999999997
4.6511e-08,-0.11581520000000001
4.6513e-08,-0.10976790000000003
4.6515e-08,-0.10373280000000007
4.6517e-08,-0.09771320000000006
4.6519e-08,-0.09171180000000001
4.6521e-08,-0.0857313999999999
4.6523e-08,-0.07977469999999998
4.6525e-08,-0.07384429999999997
4.6527e-08,-0.06794240000000007
4.6529e-08,-0.0620714
4.6531e-08,-0.05623350000000005
4.6533e-08,-0.050430500000000045
4.6535e-08,-0.044664499999999996
4.6537e-08,-0.03893750000000007
4.6539e-08,-0.033250699999999966
4.6541e-08,-0.027606200000000025
4.6543e-08,-0.022005300000000005
4.6545e-08,-0.0164493
4.6547e-08,-0.010939699999999997
4.6549e-08,-0.00547770000000003
4.6551e-08,-6.439999999996449e-05
4.6553e-08,0.005299200000000059
4.6555e-08,0.010611900000000007
4.6557e-08,0.015873099999999973
4.6559e-08,0.02108169999999998
4.6561e-08,0.026237100000000013
4.6563e-08,0.03133850000000005
4.6565e-08,0.03638549999999996
4.6567e-08,0.0413772
4.6569e-08,0.04631350000000001
4.6571e-08,0.05119359999999995
4.6573e-08,0.05601729999999994
4.6575e-08,0.060784199999999955
4.6577e-08,0.0654941
4.6579e-08,0.0701467
4.6581e-08,0.07474179999999997
4.6583e-08,0.0792794
4.6585e-08,0.08375909999999998
4.6587e-08,0.08818130000000002
4.6589e-08,0.0925456
4.6591e-08,0.09685220000000005
4.6593e-08,0.101101
4.6595e-08,0.1052923
4.6597e-08,0.10942609999999997
4.65985e-08,0.11248880000000006
4.66e-08,0.11553079999999993
4.66002e-08,0.11593609999999999
4.66006e-08,0.11674699999999993
4.66014e-08,0.11837010000000003
4.6603e-08,0.12160479999999996
4.6605e-08,0.12559019999999999
4.6607e-08,0.12946559999999996
4.6609e-08,0.1331888
4.6611e-08,0.13672600000000001
4.6613e-08,0.14005010000000007
4.6615e-08,0.14314039999999995
4.6617e-08,0.14598090000000008
4.6619e-08,0.14855989999999997
4.6621e-08,0.15086929999999998
4.6623e-08,0.15290389999999998
4.6625e-08,0.15466120000000005
4.6627e-08,0.15614070000000002
4.6629e-08,0.15734360000000003
4.6631e-08,0.15827270000000004
4.6633e-08,0.15893199999999996
4.6635e-08,0.15932639999999998
4.6637e-08,0.15946170000000004
4.6639e-08,0.1593443
4.6641e-08,0.15898120000000004
4.6643e-08,0.1583797
4.6645e-08,0.1575474
4.6647e-08,0.15649219999999997
4.6649e-08,0.15522210000000003
4.6651e-08,0.15374529999999997
4.6653e-08,0.15206970000000009
4.6655e-08,0.1502036000000001
4.6657e-08,0.14815519999999993
4.6659e-08,0.14593230000000001
4.6661e-08,0.14354279999999997
4.6663e-08,0.14099479999999998
4.6665e-08,0.13829570000000002
4.6667e-08,0.1354533
4.6669e-08,0.13247469999999995
4.6671e-08,0.12936729999999996
4.6673e-08,0.12613810000000003
4.6675e-08,0.12279399999999996
4.6677e-08,0.11934160000000005
4.6679e-08,0.11578739999999998
4.6681e-08,0.1121377
4.6683e-08,0.10839869999999996
4.6685e-08,0.10457630000000007
4.6687e-08,0.10067629999999994
4.6689e-08,0.0967041999999999
4.6691e-08,0.09266549999999996
4.6693e-08,0.08856520000000001
4.6695e-08,0.08440860000000006
4.6697e-08,0.0802003
4.6699e-08,0.07594509999999999
4.6701e-08,0.07164759999999992
4.6703e-08,0.06731199999999993
4.6705e-08,0.06294270000000002
4.6707e-08,0.05854349999999997
4.6709e-08,0.0541183999999999
4.6711e-08,0.049671200000000026
4.6713e-08,0.04520539999999995
4.6715e-08,0.040724399999999994
4.6717e-08,0.036231400000000025
4.6719e-08,0.03172989999999998
4.6721e-08,0.027222600000000097
4.6723e-08,0.02271259999999997
4.6725e-08,0.01820250000000001
4.6727e-08,0.01369509999999996
4.6729e-08,0.009192800000000001
4.6731e-08,0.004698100000000038
4.6733e-08,0.00021329999999997185
4.6735e-08,-0.004259299999999966
4.6737e-08,-0.008717799999999998
4.6739e-08,-0.013160199999999955
4.6741e-08,-0.017584399999999945
4.6743e-08,-0.021988899999999978
4.6745e-08,-0.026371799999999945
4.6747e-08,-0.030731500000000023
4.6749e-08,-0.03506659999999995
4.6751e-08,-0.03937550000000001
4.6753e-08,-0.04365700000000006
4.6755e-08,-0.047909700000000055
4.6757e-08,-0.05213240000000008
4.6759e-08,-0.05632409999999999
4.6761e-08,-0.06048370000000003
4.6763e-08,-0.06460999999999995
4.6765e-08,-0.0687023
4.6767e-08,-0.07275969999999998
4.6769e-08,-0.0767814
4.6771e-08,-0.08076649999999996
4.6773e-08,-0.08471450000000003
4.6775e-08,-0.08862479999999995
4.6777e-08,-0.09249660000000004
4.6779e-08,-0.09632950000000007
4.6781e-08,-0.10012300000000007
4.6783e-08,-0.10387670000000004
4.6785e-08,-0.10759019999999997
4.6787e-08,-0.11126309999999995
4.6789e-08,-0.11489519999999998
4.6791e-08,-0.11848599999999998
4.6793e-08,-0.12203549999999996
4.6795e-08,-0.12554350000000003
4.6797e-08,-0.1290097
4.67985e-08,-0.13158190000000003
4.68e-08,-0.13413050000000004
4.68002e-08,-0.1344683000000001
4.68006e-08,-0.13514309999999996
4.68014e-08,-0.13648759999999993
4.6803e-08,-0.13915639999999996
4.6805e-08,-0.1424548
4.6807e-08,-0.14571089999999998
4.6809e-08,-0.14892500000000009
4.6811e-08,-0.15209719999999993
4.6813e-08,-0.15522730000000007
4.6815e-08,-0.1583156
4.6817e-08,-0.16136189999999995
4.6819e-08,-0.16436679999999992
4.6821e-08,-0.16732999999999998
4.6823e-08,-0.17025199999999996
4.6825e-08,-0.1731328000000001
4.6827e-08,-0.17597260000000003
4.6829e-08,-0.17877160000000003
4.6831e-08,-0.18152999999999997
4.6833e-08,-0.18424819999999997
4.6835e-08,-0.18692640000000005
4.6837e-08,-0.1895648000000001
4.6839e-08,-0.1921636
4.6841e-08,-0.19472319999999999
4.6843e-08,-0.19724390000000003
4.6845e-08,-0.19972610000000002
4.6847e-08,-0.2021699
4.6849e-08,-0.20457559999999997
4.6851e-08,-0.2069438
4.6853e-08,-0.20927459999999998
4.6855e-08,-0.2115684000000001
4.6857e-08,-0.2138257
4.6859e-08,-0.21604670000000004
4.6861e-08,-0.21823160000000008
4.6863e-08,-0.22038120000000005
4.6865e-08,-0.22249550000000007
4.6867e-08,-0.2245748999999999
4.6869e-08,-0.22662000000000004
4.6871e-08,-0.22863100000000003
4.6873e-08,-0.2306083
4.6875e-08,-0.23255230000000005
4.6877e-08,-0.23446330000000004
4.6879e-08,-0.2363419
4.6881e-08,-0.23818830000000002
4.6883e-08,-0.24000280000000007
4.6885e-08,-0.2417861
4.6887e-08,-0.24353829999999999
4.6889e-08,-0.24526000000000003
4.6891e-08,-0.24695129999999998
4.6893e-08,-0.24861299999999997
4.6895e-08,-0.2502451
4.6897e-08,-0.25184819999999997
4.6899e-08,-0.25342259999999994
4.6901e-08,-0.25496870000000005
4.6903e-08,-0.2564868
4.6905e-08,-0.2579775000000001
4.6907e-08,-0.25944100000000003
4.6909e-08,-0.2608777
4.6911e-08,-0.26228799999999997
4.6913e-08,-0.26367229999999997
4.6915e-08,-0.265031
4.6917e-08,-0.26636440000000006
4.6919e-08,-0.26767280000000004
4.6921e-08,-0.2689566000000001
4.6923e-08,-0.27021629999999996
4.6925e-08,-0.27145220000000003
4.6927e-08,-0.2726643999999999
4.6929e-08,-0.27385360000000003
4.6931e-08,-0.2750201
4.6933e-08,-0.2761640999999999
4.6935e-08,-0.2772859
4.6937e-08,-0.27838609999999997
4.6939e-08,-0.27946480000000007
4.6941e-08,-0.2805225
4.6943e-08,-0.28155929999999996
4.6945e-08,-0.28257580000000004
4.6947e-08,-0.2835721
4.6949e-08,-0.2845487
4.6951e-08,-0.2855059000000001
4.6953e-08,-0.2864437999999999
4.6955e-08,-0.2873629
4.6957e-08,-0.2882635
4.6959e-08,-0.289146
4.6961e-08,-0.2900104
4.6963e-08,-0.2908573
4.6965e-08,-0.2916868
4.6967e-08,-0.2924993
4.6969e-08,-0.293295
4.6971e-08,-0.29407419999999995
4.6973e-08,-0.2948372
4.6975e-08,-0.2955843
4.6977e-08,-0.29631589999999997
4.6979e-08,-0.29703199999999996
4.6981e-08,-0.2977329999999999
4.6983e-08,-0.2984192
4.6985e-08,-0.29909070000000004
4.6987e-08,-0.29974790000000007
4.6989e-08,-0.3003911
4.6991e-08,-0.30102039999999997
4.6993e-08,-0.30163609999999996
4.6995e-08,-0.30223849999999997
4.6997e-08,-0.3028278000000001
4.69985e-08,-0.3032613999999999
4.7e-08,-0.30368760000000006
4.70002e-08,-0.30374389999999996
4.70006e-08,-0.3038562
4.70014e-08,-0.3040792
4.7003e-08,-0.30451930000000005
4.7005e-08,-0.3050585
4.7007e-08,-0.30558569999999996
4.7009e-08,-0.3061010999999999
4.7011e-08,-0.3066051000000001
4.7013e-08,-0.3070976999999999
4.7015e-08,-0.3075793
4.7017e-08,-0.30804999999999993
4.7019e-08,-0.3085099
4.7021e-08,-0.30895929999999994
4.7023e-08,-0.3093984999999999
4.7025e-08,-0.30982750000000003
4.7027e-08,-0.31024659999999993
4.7029e-08,-0.31065600000000004
4.7031e-08,-0.31105590000000005
4.7033e-08,-0.3114464
4.7035e-08,-0.31182769999999993
4.7037e-08,-0.3122001000000001
4.7039e-08,-0.31256360000000005
4.7041e-08,-0.3129185
4.7043e-08,-0.31326469999999995
4.7045e-08,-0.3136029
4.7047e-08,-0.31393270000000006
4.7049e-08,-0.31425460000000005
4.7051e-08,-0.3145686000000001
4.7053e-08,-0.314875
4.7055e-08,-0.31517379999999995
4.7057e-08,-0.3154654
4.7059e-08,-0.3157495
4.7061e-08,-0.31602659999999994
4.7063e-08,-0.3162969000000001
4.7065e-08,-0.3165603
4.7067e-08,-0.316817
4.7069e-08,-0.31706710000000005
4.7071e-08,-0.31731090000000006
4.7073e-08,-0.3175485
4.7075e-08,-0.3177798999999999
4.7077e-08,-0.31800530000000005
4.7079e-08,-0.3182247
4.7081e-08,-0.31843849999999996
4.7083e-08,-0.3186466
4.7085e-08,-0.31884919999999994
4.7087e-08,-0.31904640000000006
4.7089e-08,-0.3192382
4.7091e-08,-0.31942480000000006
4.7093e-08,-0.3196065
4.7095e-08,-0.3197831
4.7097e-08,-0.31995489999999993
4.7099e-08,-0.320122
4.7101e-08,-0.32028429999999997
4.7103e-08,-0.3204422
4.7105e-08,-0.32059550000000003
4.7107e-08,-0.32074459999999994
4.7109e-08,-0.32088930000000004
4.7111e-08,-0.3210299
4.7113e-08,-0.32116639999999996
4.7115e-08,-0.321299
4.7117e-08,-0.32142760000000004
4.7119e-08,-0.32155240000000007
4.7121e-08,-0.32167349999999995
4.7123e-08,-0.32179100000000005
4.7125e-08,-0.32190490000000005
4.7127e-08,-0.32201539999999995
4.7129e-08,-0.3221223
4.7131e-08,-0.32222610000000007
4.7133e-08,-0.32232650000000007
4.7135e-08,-0.32242380000000004
4.7137e-08,-0.3225178999999999
4.7139e-08,-0.3226091
4.7141e-08,-0.3226972
4.7143e-08,-0.3227825000000001
4.7145e-08,-0.3228649
4.7147e-08,-0.3229447000000001
4.7149e-08,-0.3230216
4.7151e-08,-0.3230961
4.7153e-08,-0.32316790000000006
4.7155e-08,-0.3232372
4.7157e-08,-0.3233041
4.7159e-08,-0.3233686
4.7161e-08,-0.32343069999999996
4.7163e-08,-0.32349059999999996
4.7165e-08,-0.3235483
4.7167e-08,-0.3236038
4.7169e-08,-0.32365710000000003
4.7171e-08,-0.3237085999999999
4.7173e-08,-0.32375790000000004
4.7175e-08,-0.3238053000000001
4.7177e-08,-0.32385069999999994
4.7179e-08,-0.3238944
4.7181e-08,-0.32393609999999995
4.7183e-08,-0.3239761
4.7185e-08,-0.3240145
4.7187e-08,-0.32405110000000004
4.7189e-08,-0.32408610000000004
4.7191e-08,-0.3241195
4.7193e-08,-0.32415130000000003
4.7195e-08,-0.3241816999999999
4.7197e-08,-0.32421049999999996
4.71985e-08,-0.3242313
4.72e-08,-0.3242511
4.72002e-08,-0.3242545
4.72006e-08,-0.3242630999999999
4.72014e-08,-0.32429109999999994
4.7203e-08,-0.32437439999999995
4.7205e-08,-0.3244912
4.7207e-08,-0.32457440000000004
4.7209e-08,-0.3245794999999999
4.7211e-08,-0.32447099999999995
4.7213e-08,-0.32422000000000006
4.7215e-08,-0.32380390000000003
4.7217e-08,-0.3232049
4.7219e-08,-0.32240939999999996
4.7221e-08,-0.32140730000000006
4.7223e-08,-0.3201917000000001
4.7225e-08,-0.31875790000000004
4.7227e-08,-0.3171037
4.7229e-08,-0.3152283
4.7231e-08,-0.31313289999999994
4.7233e-08,-0.3108196000000001
4.7235e-08,-0.30829170000000006
4.7237e-08,-0.3055534
4.7239e-08,-0.30260979999999993
4.7241e-08,-0.2994662
4.7243e-08,-0.2961287
4.7245e-08,-0.2926035
4.7247e-08,-0.28889770000000004
4.7249e-08,-0.285018
4.7251e-08,-0.2809714
4.7253e-08,-0.2767653
4.7255e-08,-0.27240700000000007
4.7257e-08,-0.2679035999999999
4.7259e-08,-0.2632626
4.7261e-08,-0.25849120000000003
4.7263e-08,-0.2535965
4.7265e-08,-0.2485856999999999
4.7267e-08,-0.24346580000000007
4.7269e-08,-0.2382438
4.7271e-08,-0.23292619999999997
4.7273e-08,-0.2275199
4.7275e-08,-0.22203119999999998
4.7277e-08,-0.2164664999999999
4.7279e-08,-0.21083200000000002
4.7281e-08,-0.20513360000000003
4.7283e-08,-0.19937719999999992
4.7285e-08,-0.19356830000000003
4.7287e-08,-0.1877126
4.7289e-08,-0.1818152999999999
4.7291e-08,-0.17588159999999997
4.7293e-08,-0.16991630000000002
4.7295e-08,-0.16392439999999997
4.7297e-08,-0.1579104
4.7299e-08,-0.15187879999999998
4.7301e-08,-0.1458338
4.7303e-08,-0.1397798
4.7305e-08,-0.13372039999999996
4.7307e-08,-0.12765959999999998
4.7309e-08,-0.12160099999999996
4.7311e-08,-0.11554819999999999
4.7313e-08,-0.10950440000000006
4.7315e-08,-0.10347289999999998
4.7317e-08,-0.0974566
4.7319e-08,-0.0914587
4.7321e-08,-0.0854817
4.7323e-08,-0.07952840000000005
4.7325e-08,-0.07360139999999993
4.7327e-08,-0.06770280000000006
4.7329e-08,-0.06183510000000003
4.7331e-08,-0.05600039999999995
4.7333e-08,-0.0502007000000001
4.7335e-08,-0.04443799999999998
4.7337e-08,-0.03871390000000008
4.7339e-08,-0.033030400000000015
4.7341e-08,-0.02738889999999994
4.7343e-08,-0.021791000000000005
4.7345e-08,-0.01623819999999998
4.7347e-08,-0.010731599999999952
4.7349e-08,-0.005272400000000066
4.7351e-08,0.0001378999999999131
4.7353e-08,0.00549860000000002
4.7355e-08,0.010808499999999999
4.7357e-08,0.016066799999999937
4.7359e-08,0.021272700000000033
4.7361e-08,0.026425299999999985
4.7363e-08,0.031524099999999944
4.7365e-08,0.0365683
4.7367e-08,0.041557500000000025
4.7369e-08,0.04649110000000001
4.7371e-08,0.051368599999999986
4.7373e-08,0.05618970000000001
4.7375e-08,0.06095420000000007
4.7377e-08,0.06566150000000004
4.7379e-08,0.07031160000000003
4.7381e-08,0.0749044000000001
4.7383e-08,0.0794395
4.7385e-08,0.08391700000000002
4.7387e-08,0.08833669999999993
4.7389e-08,0.09269870000000002
4.7391e-08,0.09700310000000001
4.7393e-08,0.1012497
4.7395e-08,0.1054387
4.7397e-08,0.10957039999999996
4.73985e-08,0.1126315
4.74e-08,0.1156604
4.74002e-08,0.11606159999999999
4.74006e-08,0.11686269999999999
4.74014e-08,0.11845820000000007
4.7403e-08,0.12162189999999995
4.7405e-08,0.12552550000000007
4.7407e-08,0.12937279999999995
4.7409e-08,0.1331639
4.7411e-08,0.1368992
4.7413e-08,0.14057889999999995
4.7415e-08,0.1442036
4.7417e-08,0.1477733
4.7419e-08,0.15128869999999994
4.7421e-08,0.1547501
4.7423e-08,0.15815780000000002
4.7425e-08,0.16151229999999994
4.7427e-08,0.16481409999999996
4.7429e-08,0.16806359999999998
4.7431e-08,0.1712612
4.7433e-08,0.17440730000000004
4.7435e-08,0.17750259999999995
4.7437e-08,0.1805473999999999
4.7439e-08,0.18354230000000005
4.7441e-08,0.1864878000000001
4.7443e-08,0.18938430000000006
4.7445e-08,0.19223250000000003
4.7447e-08,0.19503270000000006
4.7449e-08,0.19778550000000006
4.7451e-08,0.20049149999999993
4.7453e-08,0.20315119999999998
4.7455e-08,0.20576519999999998
4.7457e-08,0.20833389999999996
4.7459e-08,0.21085779999999998
4.7461e-08,0.21333769999999996
4.7463e-08,0.21577400000000002
4.7465e-08,0.21816710000000006
4.7467e-08,0.22051769999999993
4.7469e-08,0.22282630000000003
4.7471e-08,0.22509349999999995
4.7473e-08,0.22731980000000007
4.7475e-08,0.22950569999999992
4.7477e-08,0.23165179999999996
4.7479e-08,0.2337585000000001
4.7481e-08,0.2358266
4.7483e-08,0.23785649999999992
4.7485e-08,0.23984869999999991
4.7487e-08,0.24180370000000007
4.7489e-08,0.24372209999999994
4.7491e-08,0.24560439999999994
4.7493e-08,0.24745110000000003
4.7495e-08,0.2492628
4.7497e-08,0.2510399
4.7499e-08,0.25278310000000004
4.7501e-08,0.25449260000000007
4.7503e-08,0.2561692
4.7505e-08,0.25781319999999996
4.7507e-08,0.2594252
4.7509e-08,0.2610057
4.7511e-08,0.26255509999999993
4.7513e-08,0.26407400000000003
4.7515e-08,0.26556270000000004
4.7517e-08,0.26702190000000003
4.7519e-08,0.2684519999999999
4.7521e-08,0.2698533000000001
4.7523e-08,0.27122650000000004
4.7525e-08,0.2725719
4.7527e-08,0.2738899
4.7529e-08,0.27518109999999996
4.7531e-08,0.2764460000000001
4.7533e-08,0.27768480000000006
4.7535e-08,0.278898
4.7537e-08,0.2800861
4.7539e-08,0.2812496
4.7541e-08,0.28238870000000005
4.7543e-08,0.28350390000000003
4.7545e-08,0.2845957
4.7547e-08,0.28566440000000004
4.7549e-08,0.2867103999999999
4.7551e-08,0.28773420000000005
4.7553e-08,0.28873609999999994
4.7555e-08,0.2897162999999999
4.7557e-08,0.29067560000000003
4.7559e-08,0.29161400000000004
4.7561e-08,0.2925321000000001
4.7563e-08,0.2934300000000001
4.7565e-08,0.29430829999999997
4.7567e-08,0.2951673
4.7569e-08,0.2960073
4.7571e-08,0.29682870000000006
4.7573e-08,0.29763169999999994
4.7575e-08,0.29841680000000004
4.7577e-08,0.29918429999999996
4.7579e-08,0.2999343
4.7581e-08,0.3006673999999999
4.7583e-08,0.30138390000000004
4.7585e-08,0.30208390000000007
4.7587e-08,0.3027679000000001
4.7589e-08,0.3034361
4.7591e-08,0.3040889000000001
4.7593e-08,0.30472640000000006
4.7595e-08,0.30534910000000004
4.7597e-08,0.30595720000000004
4.75985e-08,0.30640369999999995
4.76e-08,0.30684240000000007
4.76002e-08,0.306901
4.76006e-08,0.30701980000000006
4.76014e-08,0.3072667
4.7603e-08,0.30778190000000005
4.7605e-08,0.3084276
4.7607e-08,0.30902740000000006
4.7609e-08,0.30953720000000007
4.7611e-08,0.30992169999999997
4.7613e-08,0.310152
4.7615e-08,0.3102058999999999
4.7617e-08,0.3100657
4.7619e-08,0.3097181
4.7621e-08,0.3091533000000001
4.7623e-08,0.30836469999999994
4.7625e-08,0.3073476999999999
4.7627e-08,0.30610040000000005
4.7629e-08,0.30462239999999996
4.7631e-08,0.30291499999999993
4.7633e-08,0.30098060000000004
4.7635e-08,0.2988227
4.7637e-08,0.29644570000000003
4.7639e-08,0.2938548000000001
4.7641e-08,0.29105570000000003
4.7643e-08,0.2880547
4.7645e-08,0.2848581
4.7647e-08,0.2814730000000001
4.7649e-08,0.2779066
4.7651e-08,0.27416589999999996
4.7653e-08,0.2702584
4.7655e-08,0.2661915
4.7657e-08,0.26197269999999995
4.7659e-08,0.25760930000000004
4.7661e-08,0.2531089000000001
4.7663e-08,0.2484786
4.7665e-08,0.24372570000000005
4.7667e-08,0.23885749999999994
4.7669e-08,0.23388070000000005
4.7671e-08,0.22880240000000007
4.7673e-08,0.22362919999999997
4.7675e-08,0.2183678
4.7677e-08,0.2130244
4.7679e-08,0.20760559999999995
4.7681e-08,0.20211729999999994
4.7683e-08,0.1965654
4.7685e-08,0.1909556
4.7687e-08,0.18529360000000006
4.7689e-08,0.17958469999999993
4.7691e-08,0.17383439999999994
4.7693e-08,0.16804740000000007
4.7695e-08,0.1622287
4.7697e-08,0.15638299999999994
4.7699e-08,0.1505149
4.7701e-08,0.14462889999999995
4.7703e-08,0.13872889999999993
4.7705e-08,0.13281919999999992
4.7707e-08,0.1269036
4.7709e-08,0.12098580000000003
4.7711e-08,0.11506949999999994
4.7713e-08,0.10915799999999998
4.7715e-08,0.10325459999999997
4.7717e-08,0.09736259999999997
4.7719e-08,0.09148469999999997
4.7721e-08,0.08562399999999992
4.7723e-08,0.07978319999999994
4.7725e-08,0.07396479999999994
4.7727e-08,0.06817129999999993
4.7729e-08,0.06240519999999994
4.7731e-08,0.0566684999999999
4.7733e-08,0.05096339999999999
4.7735e-08,0.045292
4.7737e-08,0.03965609999999997
4.7739e-08,0.034057399999999904
4.7741e-08,0.02849770000000007
4.7743e-08,0.022978500000000013
4.7745e-08,0.017501300000000053
4.7747e-08,0.012067500000000009
4.7749e-08,0.006678499999999921
4.7751e-08,0.0013353999999999866
4.7753e-08,-0.003960700000000039
4.7755e-08,-0.009208600000000011
4.7757e-08,-0.014407500000000018
4.7759e-08,-0.01955640000000003
4.7761e-08,-0.02465459999999997
4.7763e-08,-0.029701199999999983
4.7765e-08,-0.03469560000000005
4.7767e-08,-0.03963709999999998
4.7769e-08,-0.04452520000000004
4.7771e-08,-0.0493595
4.7773e-08,-0.0541393
4.7775e-08,-0.058864599999999934
4.7777e-08,-0.06353469999999994
4.7779e-08,-0.06814940000000003
4.7781e-08,-0.07270860000000001
4.7783e-08,-0.07721199999999995
4.7785e-08,-0.0816595
4.7787e-08,-0.08605099999999999
4.7789e-08,-0.09038630000000003
4.7791e-08,-0.09466560000000002
4.7793e-08,-0.09888869999999994
4.7795e-08,-0.10305569999999997
4.7797e-08,-0.1071668
4.77985e-08,-0.1102133999999999
4.78e-08,-0.11322860000000001
4.78002e-08,-0.11362800000000006
4.78006e-08,-0.1144255999999999
4.78014e-08,-0.11601430000000001
4.7803e-08,-0.11916490000000002
4.7805e-08,-0.12305340000000009
4.7807e-08,-0.12688679999999997
4.7809e-08,-0.13066520000000004
4.7811e-08,-0.13438889999999992
4.7813e-08,-0.13805829999999997
4.7815e-08,-0.14167359999999996
4.7817e-08,-0.1452352
4.7819e-08,-0.1487432999999999
4.7821e-08,-0.15219850000000001
4.7823e-08,-0.155601
4.7825e-08,-0.15895119999999996
4.7827e-08,-0.1622496
4.7829e-08,-0.1654964
4.7831e-08,-0.16869230000000002
4.7833e-08,-0.17183749999999998
4.7835e-08,-0.17493269999999994
4.7837e-08,-0.17797819999999998
4.7839e-08,-0.18097439999999998
4.7841e-08,-0.18392200000000003
4.7843e-08,-0.18682120000000002
4.7845e-08,-0.18967279999999997
4.7847e-08,-0.19247710000000007
4.7849e-08,-0.19523460000000004
4.7851e-08,-0.19794580000000006
4.7853e-08,-0.20061130000000005
4.7855e-08,-0.2032315
4.7857e-08,-0.20580699999999996
4.7859e-08,-0.20833840000000003
4.7861e-08,-0.21082599999999996
4.7863e-08,-0.21327059999999998
4.7865e-08,-0.2156724
4.7867e-08,-0.2180322
4.7869e-08,-0.22035040000000006
4.7871e-08,-0.22262749999999998
4.7873e-08,-0.2248641
4.7875e-08,-0.2270607
4.7877e-08,-0.22921789999999997
4.7879e-08,-0.23133599999999999
4.7881e-08,-0.2334157
4.7883e-08,-0.2354575
4.7885e-08,-0.23746199999999995
4.7887e-08,-0.23942949999999996
4.7889e-08,-0.2413607000000001
4.7891e-08,-0.24325599999999992
4.7893e-08,-0.245116
4.7895e-08,-0.24694120000000008
4.7897e-08,-0.24873200000000006
4.7899e-08,-0.2504890000000001
4.7901e-08,-0.2522126
4.7903e-08,-0.2539034
4.7905e-08,-0.2555618999999999
4.7907e-08,-0.25718849999999993
4.7909e-08,-0.25878370000000006
4.7911e-08,-0.260348
4.7913e-08,-0.26188179999999994
4.7915e-08,-0.2633858
4.7917e-08,-0.2648602
4.7919e-08,-0.2663055
4.7921e-08,-0.26772229999999997
4.7923e-08,-0.269111
4.7925e-08,-0.27047199999999993
4.7927e-08,-0.2718058
4.7929e-08,-0.27311280000000004
4.7931e-08,-0.27439329999999995
4.7933e-08,-0.275648
4.7935e-08,-0.2768771
4.7937e-08,-0.27808120000000003
4.7939e-08,-0.2792606999999999
4.7941e-08,-0.2804158
4.7943e-08,-0.28154709999999994
4.7945e-08,-0.28265490000000004
4.7947e-08,-0.28373969999999993
4.7949e-08,-0.2848018
4.7951e-08,-0.2858417
4.7953e-08,-0.2868596
4.7955e-08,-0.287856
4.7957e-08,-0.2888312999999999
4.7959e-08,-0.2897858
4.7961e-08,-0.2907198
4.7963e-08,-0.2916339
4.7965e-08,-0.29252810000000007
4.7967e-08,-0.2934030999999999
4.7969e-08,-0.29425899999999994
4.7971e-08,-0.2950963
4.7973e-08,-0.29591520000000004
4.7975e-08,-0.296716
4.7977e-08,-0.2974993
4.7979e-08,-0.29826509999999995
4.7981e-08,-0.299014
4.7983e-08,-0.29974599999999996
4.7985e-08,-0.3004616
4.7987e-08,-0.30116110000000007
4.7989e-08,-0.30184469999999997
4.7991e-08,-0.3025129
4.7993e-08,-0.3031657
4.7995e-08,-0.3038037
4.7997e-08,-0.30442689999999994
4.79985e-08,-0.30488479999999996
4.8e-08,-0.3053348
4.80002e-08,-0.3053949
4.80006e-08,-0.3055167
4.80014e-08,-0.3057696000000001
4.8003e-08,-0.3062967
4.8005e-08,-0.3069573
4.8007e-08,-0.3075719
4.8009e-08,-0.3080963
4.8011e-08,-0.30849499999999996
4.8013e-08,-0.3087396
4.8015e-08,-0.3088075
4.8017e-08,-0.30868109999999993
4.8019e-08,-0.3083471
4.8021e-08,-0.3077957
4.8023e-08,-0.3070201
4.8025e-08,-0.30601620000000007
4.8027e-08,-0.30478170000000004
4.8029e-08,-0.30331639999999993
4.8031e-08,-0.30162140000000004
4.8033e-08,-0.29969920000000005
4.8035e-08,-0.2975534000000001
4.8037e-08,-0.29518849999999996
4.8039e-08,-0.2926094
4.8041e-08,-0.28982220000000003
4.8043e-08,-0.28683270000000005
4.8045e-08,-0.28364770000000006
4.8047e-08,-0.28027420000000003
4.8049e-08,-0.2767191
4.8051e-08,-0.2729897
4.8053e-08,-0.26909340000000004
4.8055e-08,-0.2650378
4.8057e-08,-0.26083
4.8059e-08,-0.2564778000000001
4.8061e-08,-0.2519884
4.8063e-08,-0.2473691
4.8065e-08,-0.24262720000000004
4.8067e-08,-0.2377699000000001
4.8069e-08,-0.232804
4.8071e-08,-0.22773660000000007
4.8073e-08,-0.22257420000000006
4.8075e-08,-0.2173237
4.8077e-08,-0.21199119999999994
4.8079e-08,-0.2065830999999999
4.8081e-08,-0.2011054
4.8083e-08,-0.19556420000000008
4.8085e-08,-0.1899651
4.8087e-08,-0.18431379999999997
4.8089e-08,-0.17861559999999999
4.8091e-08,-0.17287569999999997
4.8093e-08,-0.1670992
4.8095e-08,-0.16129110000000002
4.8097e-08,-0.15545600000000004
4.8099e-08,-0.14959829999999996
4.8101e-08,-0.14372260000000003
4.8103e-08,-0.1378330000000001
4.8105e-08,-0.13193359999999998
4.8107e-08,-0.12602819999999992
4.8109e-08,-0.12012069999999997
4.8111e-08,-0.1142145
4.8113e-08,-0.10831309999999994
4.8115e-08,-0.10241979999999995
4.8117e-08,-0.09653769999999995
4.8119e-08,-0.09066980000000002
4.8121e-08,-0.08481899999999998
4.8123e-08,-0.07898800000000006
4.8125e-08,-0.07317929999999995
4.8127e-08,-0.0673956
4.8129e-08,-0.061639
4.8131e-08,-0.055911900000000014
4.8133e-08,-0.05021629999999999
4.8135e-08,-0.0445542000000001
4.8137e-08,-0.03892760000000006
4.8139e-08,-0.03333830000000004
4.8141e-08,-0.02778769999999997
4.8143e-08,-0.02227760000000001
4.8145e-08,-0.016809500000000033
4.8147e-08,-0.011384700000000025
4.8149e-08,-0.006004499999999968
4.8151e-08,-0.0006702000000000652
4.8153e-08,0.00461709999999993
4.8155e-08,0.009856500000000046
4.8157e-08,0.015046899999999974
4.8159e-08,0.02018730000000002
4.8161e-08,0.02527709999999994
4.8163e-08,0.03031549999999994
4.8165e-08,0.03530169999999999
4.8167e-08,0.04023509999999997
4.8169e-08,0.04511519999999991
4.8171e-08,0.04994149999999997
4.8173e-08,0.05471349999999997
4.8175e-08,0.059430900000000064
4.8177e-08,0.06409330000000002
4.8179e-08,0.06870049999999994
4.8181e-08,0.07325219999999999
4.8183e-08,0.07774819999999993
4.8185e-08,0.08218829999999999
4.8187e-08,0.08657250000000005
4.8189e-08,0.09090069999999995
4.8191e-08,0.09517279999999995
4.8193e-08,0.09938899999999995
4.8195e-08,0.10354909999999995
4.8197e-08,0.10765329999999995
4.81985e-08,0.11069479999999998
4.82e-08,0.1137051
4.82002e-08,0.11410379999999998
4.82006e-08,0.11490020000000001
4.82014e-08,0.11648610000000004
4.8203e-08,0.1196315
4.8205e-08,0.1235134
4.8207e-08,0.12734029999999996
4.8209e-08,0.13111240000000002
4.8211e-08,0.13482990000000006
4.8213e-08,0.13849310000000004
4.8215e-08,0.14210239999999996
4.8217e-08,0.1456579
4.8219e-08,0.14916010000000002
4.8221e-08,0.15260949999999995
4.8223e-08,0.15600610000000004
4.8225e-08,0.1593506
4.8227e-08,0.16264329999999994
4.8229e-08,0.16588460000000005
4.8231e-08,0.16907499999999998
4.8233e-08,0.1722148
4.8235e-08,0.17530460000000003
4.8237e-08,0.17834479999999997
4.8239e-08,0.18133600000000005
4.8241e-08,0.1842783
4.8243e-08,0.18717249999999996
4.8245e-08,0.1900191
4.8247e-08,0.19281839999999995
4.8249e-08,0.19557099999999994
4.8251e-08,0.1982775
4.8253e-08,0.2009382999999999
4.8255e-08,0.20355389999999995
4.8257e-08,0.2061248
4.8259e-08,0.20865159999999994
4.8261e-08,0.21113490000000001
4.8263e-08,0.21357499999999996
4.8265e-08,0.2159725
4.8267e-08,0.21832799999999997
4.8269e-08,0.220642
4.8271e-08,0.22291490000000003
4.8273e-08,0.2251474
4.8275e-08,0.22733989999999993
4.8277e-08,0.2294931
4.8279e-08,0.23160730000000007
4.8281e-08,0.23368319999999998
4.8283e-08,0.2357210999999999
4.8285e-08,0.23772179999999998
4.8287e-08,0.23968560000000005
4.8289e-08,0.24161309999999991
4.8291e-08,0.24350480000000008
4.8293e-08,0.2453613
4.8295e-08,0.24718289999999998
4.8297e-08,0.24897029999999998
4.8299e-08,0.25072379999999994
4.8301e-08,0.2524442
4.8303e-08,0.2541315999999999
4.8305e-08,0.2557868
4.8307e-08,0.2574101
4.8309e-08,0.25900219999999996
4.8311e-08,0.26056330000000005
4.8313e-08,0.26209419999999994
4.8315e-08,0.263595
4.8317e-08,0.26506640000000004
4.8319e-08,0.2665088
4.8321e-08,0.26792269999999996
4.8323e-08,0.26930850000000006
4.8325e-08,0.2706666
4.8327e-08,0.27199760000000006
4.8329e-08,0.27330180000000004
4.8331e-08,0.2745797
4.8333e-08,0.27583160000000007
4.8335e-08,0.2770581
4.8337e-08,0.2782597
4.8339e-08,0.2794365
4.8341e-08,0.2805890999999999
4.8343e-08,0.28171789999999997
4.8345e-08,0.28282319999999994
4.8347e-08,0.28390570000000004
4.8349e-08,0.28496540000000004
4.8351e-08,0.28600290000000006
4.8353e-08,0.28701849999999995
4.8355e-08,0.28801259999999995
4.8357e-08,0.2889857
4.8359e-08,0.2899378
4.8361e-08,0.2908697
4.8363e-08,0.2917816000000001
4.8365e-08,0.29267370000000004
4.8367e-08,0.2935466
4.8369e-08,0.2944004
4.8371e-08,0.2952357
4.8373e-08,0.2960526
4.8375e-08,0.29685150000000005
4.8377e-08,0.29763280000000003
4.8379e-08,0.29839669999999996
4.8381e-08,0.29914359999999995
4.8383e-08,0.2998737
4.8385e-08,0.30058759999999995
4.8387e-08,0.3012853
4.8389e-08,0.30196710000000004
4.8391e-08,0.30263340000000005
4.8393e-08,0.30328449999999996
4.8395e-08,0.30392069999999993
4.8397e-08,0.30454229999999993
4.83985e-08,0.304999
4.84e-08,0.3054593
4.84002e-08,0.3055223
4.84006e-08,0.30564979999999997
4.84014e-08,0.3059109
4.8403e-08,0.3064435
4.8405e-08,0.30709239999999993
4.8407e-08,0.30767809999999995
4.8409e-08,0.30816009999999994
4.8411e-08,0.3085053
4.8413e-08,0.3086875
4.8415e-08,0.3086863000000001
4.8417e-08,0.3084856
4.8419e-08,0.3080733
4.8421e-08,0.3074410000000001
4.8423e-08,0.30658260000000004
4.8425e-08,0.3054951
4.8427e-08,0.30417669999999997
4.8429e-08,0.30262770000000005
4.8431e-08,0.30084999999999995
4.8433e-08,0.29884620000000006
4.8435e-08,0.29662050000000006
4.8437e-08,0.2941775
4.8439e-08,0.29152240000000007
4.8441e-08,0.2886613
4.8443e-08,0.2856004999999999
4.8445e-08,0.2823466
4.8447e-08,0.27890670000000006
4.8449e-08,0.27528810000000004
4.8451e-08,0.2714978
4.8453e-08,0.26754350000000005
4.8455e-08,0.2634324
4.8457e-08,0.25917200000000007
4.8459e-08,0.25476979999999994
4.8461e-08,0.25023319999999993
4.8463e-08,0.2455693
4.8465e-08,0.24078549999999999
4.8467e-08,0.23588889999999996
4.8469e-08,0.23088620000000004
4.8471e-08,0.2257844
4.8473e-08,0.22059019999999996
4.8475e-08,0.2153102
4.8477e-08,0.20995050000000004
4.8479e-08,0.20451750000000002
4.8481e-08,0.19901709999999995
4.8483e-08,0.1934553
4.8485e-08,0.1878377
4.8487e-08,0.18216979999999994
4.8489e-08,0.17645699999999997
4.8491e-08,0.17070430000000003
4.8493e-08,0.16491690000000003
4.8495e-08,0.1590996
4.8497e-08,0.15325690000000003
4.8499e-08,0.1473934
4.8501e-08,0.14151330000000006
4.8503e-08,0.13562089999999993
4.8505e-08,0.12971999999999995
4.8507e-08,0.1238146
4.8509e-08,0.11790829999999997
4.8511e-08,0.11200460000000001
4.8513e-08,0.10610700000000006
4.8515e-08,0.10021860000000005
4.8517e-08,0.0943425
4.8519e-08,0.0884817
4.8521e-08,0.08263889999999996
4.8523e-08,0.07681689999999997
4.8525e-08,0.07101820000000003
4.8527e-08,0.0652452
4.8529e-08,0.0595002
4.8531e-08,0.05378539999999998
4.8533e-08,0.04810300000000001
4.8535e-08,0.042454699999999956
4.8537e-08,0.0368425
4.8539e-08,0.03126810000000002
4.8541e-08,0.02573320000000001
4.8543e-08,0.02023929999999996
4.8545e-08,0.014787899999999965
4.8547e-08,0.009380100000000002
4.8549e-08,0.004017500000000007
4.8551e-08,-0.0012987999999999333
4.8553e-08,-0.0065678000000000125
4.8555e-08,-0.011788400000000032
4.8557e-08,-0.016959700000000022
4.8559e-08,-0.02208080000000001
4.8561e-08,-0.027151000000000036
4.8563e-08,-0.03216950000000007
4.8565e-08,-0.037135699999999994
4.8567e-08,-0.0420488
4.8569e-08,-0.04690850000000002
4.8571e-08,-0.05171420000000004
4.8573e-08,-0.056465499999999946
4.8575e-08,-0.0611621
4.8577e-08,-0.06580359999999996
4.8579e-08,-0.0703897
4.8581e-08,-0.0749204
4.8583e-08,-0.0793952
4.8585e-08,-0.0838141
4.8587e-08,-0.08817719999999996
4.8589e-08,-0.09248420000000002
4.8591e-08,-0.09673529999999997
4.8593e-08,-0.10093019999999997
4.8595e-08,-0.10506930000000003
4.8597e-08,-0.10915249999999999
4.85985e-08,-0.1121782
4.86e-08,-0.11517279999999996
4.86002e-08,-0.11557010000000001
4.86006e-08,-0.1163656999999999
4.86014e-08,-0.11796119999999999
4.8603e-08,-0.12115320000000007
4.8605e-08,-0.12510540000000003
4.8607e-08,-0.12896680000000005
4.8609e-08,-0.13269149999999996
4.8611e-08,-0.13624290000000006
4.8613e-08,-0.13959169999999999
4.8615e-08,-0.14271479999999992
4.8617e-08,-0.14559469999999997
4.8619e-08,-0.14821800000000007
4.8621e-08,-0.15057549999999997
4.8623e-08,-0.15266100000000005
4.8625e-08,-0.15447080000000002
4.8627e-08,-0.15600389999999997
4.8629e-08,-0.15726099999999998
4.8631e-08,-0.1582441
4.8633e-08,-0.1589568
4.8635e-08,-0.15940379999999998
4.8637e-08,-0.15959060000000003
4.8639e-08,-0.15952339999999998
4.8641e-08,-0.15920860000000003
4.8643e-08,-0.15865379999999996
4.8645e-08,-0.15786650000000002
4.8647e-08,-0.1568543
4.8649e-08,-0.15562520000000002
4.8651e-08,-0.15418720000000008
4.8653e-08,-0.1525485000000001
4.8655e-08,-0.15071730000000005
4.8657e-08,-0.1487016000000001
4.8659e-08,-0.14650950000000007
4.8661e-08,-0.1441488999999999
4.8663e-08,-0.14162770000000002
4.8665e-08,-0.13895349999999995
4.8667e-08,-0.13613410000000004
4.8669e-08,-0.13317670000000004
4.8671e-08,-0.1300888
4.8673e-08,-0.12687730000000008
4.8675e-08,-0.12354899999999991
4.8677e-08,-0.12011109999999992
4.8679e-08,-0.11656959999999994
4.8681e-08,-0.11293130000000007
4.8683e-08,-0.10920220000000003
4.8685e-08,-0.10538829999999999
4.8687e-08,-0.10149529999999995
4.8689e-08,-0.09752909999999992
4.8691e-08,-0.09349490000000005
4.8693e-08,-0.08939819999999998
4.8695e-08,-0.08524379999999998
4.8697e-08,-0.08103669999999996
4.8699e-08,-0.07678180000000001
4.8701e-08,-0.07248350000000003
4.8703e-08,-0.06814640000000005
4.8705e-08,-0.06377440000000001
4.8707e-08,-0.059371799999999975
4.8709e-08,-0.05494259999999995
4.8711e-08,-0.050490400000000046
4.8713e-08,-0.046018899999999974
4.8715e-08,-0.04153149999999994
4.8717e-08,-0.03703180000000006
4.8719e-08,-0.03252260000000007
4.8721e-08,-0.028007300000000068
4.8723e-08,-0.02348860000000008
4.8725e-08,-0.018969400000000025
4.8727e-08,-0.014452400000000032
4.8729e-08,-0.009940200000000066
4.8731e-08,-0.005435199999999973
4.8733e-08,-0.0009396999999999878
4.8735e-08,0.0035439999999999916
4.8737e-08,0.008013900000000018
4.8739e-08,0.012467899999999976
4.8741e-08,0.016904099999999977
4.8743e-08,0.02132069999999997
4.8745e-08,0.02571599999999996
4.8747e-08,0.030088299999999957
4.8749e-08,0.03443599999999991
4.8751e-08,0.03875779999999995
4.8753e-08,0.04305230000000004
4.8755e-08,0.04731810000000003
4.8757e-08,0.05155410000000005
4.8759e-08,0.05575909999999995
4.8761e-08,0.059931999999999985
4.8763e-08,0.06407170000000006
4.8765e-08,0.06817740000000005
4.8767e-08,0.0722482000000001
4.8769e-08,0.07628330000000005
4.8771e-08,0.0802818999999999
4.8773e-08,0.08424339999999997
4.8775e-08,0.088167
4.8777e-08,0.09205220000000003
4.8779e-08,0.09589840000000005
4.8781e-08,0.0997053
4.8783e-08,0.10347220000000001
4.8785e-08,0.10719869999999998
4.8787e-08,0.1108846
4.8789e-08,0.11452960000000001
4.8791e-08,0.11813340000000006
4.8793e-08,0.12169550000000007
4.8795e-08,0.1252162
4.8797e-08,0.1286948
4.87985e-08,0.1312763
4.88e-08,0.13383410000000007
4.88002e-08,0.13417390000000007
4.88006e-08,0.13485459999999994
4.88014e-08,0.1362217
4.8803e-08,0.13896360000000008
4.8805e-08,0.14236499999999996
4.8807e-08,0.1456883
4.8809e-08,0.14888780000000001
4.8811e-08,0.15192640000000002
4.8813e-08,0.15477469999999993
4.8815e-08,0.15740940000000003
4.8817e-08,0.15981259999999997
4.8819e-08,0.16197099999999998
4.8821e-08,0.16387470000000004
4.8823e-08,0.16551749999999998
4.8825e-08,0.16689540000000003
4.8827e-08,0.16800709999999996
4.8829e-08,0.16885309999999998
4.8831e-08,0.1694352
4.8833e-08,0.16975669999999998
4.8835e-08,0.16982189999999997
4.8837e-08,0.16963629999999996
4.8839e-08,0.16920570000000001
4.8841e-08,0.16853660000000004
4.8843e-08,0.16763589999999995
4.8845e-08,0.16651120000000008
4.8847e-08,0.16516989999999998
4.8849e-08,0.16361970000000003
4.8851e-08,0.16186860000000003
4.8853e-08,0.15992459999999997
4.8855e-08,0.15779549999999998
4.8857e-08,0.1554892
4.8859e-08,0.15301390000000004
4.8861e-08,0.15037710000000004
4.8863e-08,0.14758650000000006
4.8865e-08,0.14464980000000005
4.8867e-08,0.1415746
4.8869e-08,0.13836780000000004
4.8871e-08,0.13503680000000007
4.8873e-08,0.13158860000000006
4.8875e-08,0.1280296999999999
4.8877e-08,0.124367
4.8879e-08,0.12060680000000001
4.8881e-08,0.11675550000000001
4.8883e-08,0.11281889999999994
4.8885e-08,0.10880309999999993
4.8887e-08,0.10471390000000003
4.8889e-08,0.10055639999999999
4.8891e-08,0.09633629999999993
4.8893e-08,0.0920588
4.8895e-08,0.08772860000000005
4.8897e-08,0.0833507
4.8899e-08,0.07892969999999999
4.8901e-08,0.07447000000000004
4.8903e-08,0.06997609999999999
4.8905e-08,0.06545190000000001
4.8907e-08,0.0609016
4.8909e-08,0.05632879999999996
4.8911e-08,0.05173749999999999
4.8913e-08,0.047130899999999976
4.8915e-08,0.04251260000000001
4.8917e-08,0.03788570000000002
4.8919e-08,0.03325350000000005
4.8921e-08,0.028618900000000003
4.8923e-08,0.023984499999999964
4.8925e-08,0.019353500000000023
4.8927e-08,0.014728199999999969
4.8929e-08,0.010111099999999928
4.8931e-08,0.005504599999999971
4.8933e-08,0.0009111000000000535
4.8935e-08,-0.003667599999999993
4.8937e-08,-0.00822909999999999
4.8939e-08,-0.012771599999999994
4.8941e-08,-0.017293400000000014
4.8943e-08,-0.021792499999999992
4.8945e-08,-0.026267400000000052
4.8947e-08,-0.030716500000000035
4.8949e-08,-0.035138400000000014
4.8951e-08,-0.0395316
4.8953e-08,-0.04389480000000001
4.8955e-08,-0.048226800000000014
4.8957e-08,-0.05252639999999997
4.8959e-08,-0.05679269999999992
4.8961e-08,-0.06102439999999998
4.8963e-08,-0.06522069999999991
4.8965e-08,-0.06938080000000002
4.8967e-08,-0.07350380000000001
4.8969e-08,-0.07758880000000001
4.8971e-08,-0.08163529999999997
4.8973e-08,-0.08564260000000001
4.8975e-08,-0.08961009999999991
4.8977e-08,-0.09353730000000005
4.8979e-08,-0.09742360000000005
4.8981e-08,-0.1012687000000001
4.8983e-08,-0.1050721
4.8985e-08,-0.10883350000000003
4.8987e-08,-0.1125526
4.8989e-08,-0.11622909999999997
4.8991e-08,-0.11986269999999999
4.8993e-08,-0.12345329999999999
4.8995e-08,-0.12700080000000002
4.8997e-08,-0.1305050000000001
4.89985e-08,-0.13310460000000002
4.9e-08,-0.13567980000000002
4.90002e-08,-0.13602190000000003
4.90006e-08,-0.1367069999999999
4.90014e-08,-0.13808300000000007
4.9003e-08,-0.14084180000000002
4.9005e-08,-0.14426329999999998
4.9007e-08,-0.1476056
4.9009e-08,-0.15082269999999998
4.9011e-08,-0.15387810000000002
4.9013e-08,-0.1567421
4.9015e-08,-0.15939159999999997
4.9017e-08,-0.16180870000000003
4.9019e-08,-0.16398000000000001
4.9021e-08,-0.16589589999999999
4.9023e-08,-0.1675500000000001
4.9025e-08,-0.1689387
4.9027e-08,-0.17006029999999994
4.9029e-08,-0.1709153
4.9031e-08,-0.17150580000000004
4.9033e-08,-0.17183500000000007
4.9035e-08,-0.17190740000000004
4.9037e-08,-0.171728
4.9039e-08,-0.17130309999999993
4.9041e-08,-0.17063899999999999
4.9043e-08,-0.16974279999999997
4.9045e-08,-0.16862179999999993
4.9047e-08,-0.16728370000000004
4.9049e-08,-0.16573609999999994
4.9051e-08,-0.163987
4.9053e-08,-0.16204419999999997
4.9055e-08,-0.1599159
4.9057e-08,-0.15760989999999997
4.9059e-08,-0.15513409999999994
4.9061e-08,-0.15249630000000003
4.9063e-08,-0.1497043
4.9065e-08,-0.14676559999999994
4.9067e-08,-0.14368769999999997
4.9069e-08,-0.14047790000000004
4.9071e-08,-0.13714320000000002
4.9073e-08,-0.13369090000000006
4.9075e-08,-0.13012749999999995
4.9077e-08,-0.1264598
4.9079e-08,-0.12269410000000003
4.9081e-08,-0.11883679999999996
4.9083e-08,-0.1148939
4.9085e-08,-0.1108713
4.9087e-08,-0.10677469999999989
4.9089e-08,-0.10260970000000003
4.9091e-08,-0.09838160000000007
4.9093e-08,-0.0940957
4.9095e-08,-0.08975679999999997
4.9097e-08,-0.0853697000000001
4.9099e-08,-0.08093919999999999
4.9101e-08,-0.07646989999999998
4.9103e-08,-0.07196590000000003
4.9105e-08,-0.06743129999999997
4.9107e-08,-0.06287029999999993
4.9109e-08,-0.058286599999999966
4.9111e-08,-0.05368410000000001
4.9113e-08,-0.04906599999999994
4.9115e-08,-0.04443609999999998
4.9117e-08,-0.03979719999999998
4.9119e-08,-0.03515289999999993
4.9121e-08,-0.030505899999999975
4.9123e-08,-0.025859100000000024
4.9125e-08,-0.021215399999999995
4.9127e-08,-0.01657720000000007
4.9129e-08,-0.011947000000000041
4.9131e-08,-0.0073273000000000366
4.9133e-08,-0.0027205000000000146
4.9135e-08,0.0018717000000000317
4.9137e-08,0.006446799999999975
4.9139e-08,0.011003099999999932
4.9141e-08,0.015538599999999958
4.9143e-08,0.02005160000000006
4.9145e-08,0.024540500000000076
4.9147e-08,0.029003699999999966
4.9149e-08,0.03343969999999996
4.9151e-08,0.03784719999999997
4.9153e-08,0.04222460000000006
4.9155e-08,0.04657089999999997
4.9157e-08,0.05088490000000001
4.9159e-08,0.05516549999999998
4.9161e-08,0.05941170000000007
4.9163e-08,0.06362249999999992
4.9165e-08,0.067797
4.9167e-08,0.07193439999999995
4.9169e-08,0.07603389999999999
4.9171e-08,0.08009489999999997
4.9173e-08,0.08411659999999999
4.9175e-08,0.08809860000000003
4.9177e-08,0.09204020000000002
4.9179e-08,0.0959409
4.9181e-08,0.09980040000000001
4.9183e-08,0.10361810000000005
4.9185e-08,0.10739379999999998
4.9187e-08,0.11112719999999998
4.9189e-08,0.11481790000000003
4.9191e-08,0.11846560000000006
4.9193e-08,0.12207040000000002
4.9195e-08,0.12563190000000002
4.9197e-08,0.12915009999999993
4.91985e-08,0.1317602
4.92e-08,0.1343457
4.92002e-08,0.13468920000000006
4.92006e-08,0.13537709999999992
4.92014e-08,0.1367586999999999
4.9203e-08,0.13952850000000006
4.9205e-08,0.14296370000000003
4.9207e-08,0.1463196
4.9209e-08,0.1495502999999999
4.9211e-08,0.15261900000000006
4.9213e-08,0.15549630000000003
4.9215e-08,0.1581589000000001
4.9217e-08,0.16058890000000003
4.9219e-08,0.1627731
4.9221e-08,0.1647016
4.9223e-08,0.16636819999999997
4.9225e-08,0.1677691
4.9227e-08,0.16890289999999997
4.9229e-08,0.16976999999999998
4.9231e-08,0.17037239999999998
4.9233e-08,0.17071340000000002
4.9235e-08,0.17079729999999993
4.9237e-08,0.17062939999999993
4.9239e-08,0.17021589999999998
4.9241e-08,0.16956310000000008
4.9243e-08,0.168678
4.9245e-08,0.1675681
4.9247e-08,0.16624090000000002
4.9249e-08,0.16470420000000008
4.9251e-08,0.16296580000000005
4.9253e-08,0.16103369999999995
4.9255e-08,0.1589159
4.9257e-08,0.1566204
4.9259e-08,0.1541551
4.9261e-08,0.15152769999999993
4.9263e-08,0.14874599999999993
4.9265e-08,0.14581750000000004
4.9267e-08,0.14274969999999998
4.9269e-08,0.13954999999999995
4.9271e-08,0.1362255
4.9273e-08,0.13278310000000004
4.9275e-08,0.12922959999999994
4.9277e-08,0.1255716
4.9279e-08,0.12181569999999997
4.9281e-08,0.11796810000000002
4.9283e-08,0.114035
4.9285e-08,0.1100219
4.9287e-08,0.105935
4.9289e-08,0.10177939999999996
4.9291e-08,0.0975608
4.9293e-08,0.09328429999999999
4.9295e-08,0.0889546
4.9297e-08,0.08457690000000007
4.9299e-08,0.08015569999999994
4.9301e-08,0.07569550000000003
4.9303e-08,0.0712005
4.9305e-08,0.06667489999999998
4.9307e-08,0.06212300000000004
4.9309e-08,0.05754809999999999
4.9311e-08,0.05295440000000007
4.9313e-08,0.04834519999999998
4.9315e-08,0.04372389999999993
4.9317e-08,0.039093799999999956
4.9319e-08,0.03445799999999999
4.9321e-08,0.029819600000000057
4.9323e-08,0.025181200000000015
4.9325e-08,0.02054580000000006
4.9327e-08,0.01591600000000004
4.9329e-08,0.011294099999999974
4.9331e-08,0.006682599999999983
4.9333e-08,0.0020836999999999106
4.9335e-08,-0.002500300000000011
4.9337e-08,-0.007067500000000004
4.9339e-08,-0.011615799999999954
4.9341e-08,-0.01614350000000009
4.9343e-08,-0.02064879999999991
4.9345e-08,-0.025130100000000044
4.9347e-08,-0.029585700000000048
4.9349e-08,-0.034014099999999936
4.9351e-08,-0.03841410000000001
4.9353e-08,-0.04278419999999994
4.9355e-08,-0.04712319999999992
4.9357e-08,-0.051429999999999976
4.9359e-08,-0.05570339999999996
4.9361e-08,-0.05994250000000001
4.9363e-08,-0.06414629999999999
4.9365e-08,-0.06831389999999993
4.9367e-08,-0.07244439999999996
4.9369e-08,-0.07653719999999997
4.9371e-08,-0.08059140000000009
4.9373e-08,-0.08460649999999992
4.9375e-08,-0.08858189999999999
4.9377e-08,-0.09251690000000001
4.9379e-08,-0.09641139999999992
4.9381e-08,-0.10026440000000003
4.9383e-08,-0.1040759
4.9385e-08,-0.10784539999999998
4.9387e-08,-0.11157260000000002
4.9389e-08,-0.11525719999999995
4.9391e-08,-0.11889910000000004
4.9393e-08,-0.12249789999999994
4.9395e-08,-0.12605350000000004
4.9397e-08,-0.1295659
4.93985e-08,-0.1321717
4.94e-08,-0.13475309999999996
4.94002e-08,-0.135096
4.94006e-08,-0.13578279999999998
4.94014e-08,-0.13716209999999995
4.9403e-08,-0.13992749999999998
4.9405e-08,-0.14335720000000007
4.9407e-08,-0.1467077
4.9409e-08,-0.14993310000000004
4.9411e-08,-0.15299649999999998
4.9413e-08,-0.15586870000000008
4.9415e-08,-0.1585261
4.9417e-08,-0.16095130000000002
4.9419e-08,-0.1631304
4.9421e-08,-0.16505409999999998
4.9423e-08,-0.16671589999999992
4.9425e-08,-0.16811219999999993
4.9427e-08,-0.1692414
4.9429e-08,-0.17010389999999997
4.9431e-08,-0.17070200000000002
4.9433e-08,-0.17103849999999998
4.9435e-08,-0.1711182
4.9437e-08,-0.1709461000000001
4.9439e-08,-0.17052840000000002
4.9441e-08,-0.16987150000000006
4.9443e-08,-0.1689824000000001
4.9445e-08,-0.1678685000000001
4.9447e-08,-0.16653740000000006
4.9449e-08,-0.1649967
4.9451e-08,-0.16325450000000008
4.9453e-08,-0.16131870000000004
4.9455e-08,-0.15919729999999999
4.9457e-08,-0.15689799999999998
4.9459e-08,-0.15442899999999993
4.9461e-08,-0.15179809999999994
4.9463e-08,-0.1490127
4.9465e-08,-0.1460807999999999
4.9467e-08,-0.14300960000000007
4.9469e-08,-0.1398064
4.9471e-08,-0.13647849999999995
4.9473e-08,-0.1330327
4.9475e-08,-0.12947589999999998
4.9477e-08,-0.12581469999999995
4.9479e-08,-0.12205560000000004
4.9481e-08,-0.1182048
4.9483e-08,-0.11426840000000005
4.9485e-08,-0.11025229999999997
4.9487e-08,-0.10616219999999998
4.9489e-08,-0.10200359999999997
4.9491e-08,-0.09778200000000004
4.9493e-08,-0.0935024000000001
4.9495e-08,-0.08916990000000002
4.9497e-08,-0.0847891999999999
4.9499e-08,-0.08036500000000002
4.9501e-08,-0.07590200000000003
4.9503e-08,-0.07140409999999997
4.9505e-08,-0.0668759000000001
4.9507e-08,-0.06232100000000007
4.9509e-08,-0.05774350000000006
4.9511e-08,-0.053147000000000055
4.9513e-08,-0.0485352
4.9515e-08,-0.04391120000000004
4.9517e-08,-0.039278399999999936
4.9519e-08,-0.03464010000000006
4.9521e-08,-0.029998999999999998
4.9523e-08,-0.02535810000000005
4.9525e-08,-0.020720300000000025
4.9527e-08,-0.016087899999999933
4.9529e-08,-0.011463600000000018
4.9531e-08,-0.00684970000000007
4.9533e-08,-0.0022483999999999282
4.9535e-08,0.0023379999999999512
4.9537e-08,0.006907600000000014
4.9539e-08,0.011458199999999974
4.9541e-08,0.015988199999999897
4.9543e-08,0.020495700000000006
4.9545e-08,0.02497919999999998
4.9547e-08,0.029436999999999935
4.9549e-08,0.0338676
4.9551e-08,0.03826970000000007
4.9553e-08,0.04264190000000001
4.9555e-08,0.046983
4.9557e-08,0.051291899999999946
4.9559e-08,0.055567299999999986
4.9561e-08,0.059808399999999984
4.9563e-08,0.06401410000000007
4.9565e-08,0.06818369999999996
4.9567e-08,0.0723161
4.9569e-08,0.0764108
4.9571e-08,0.08046690000000001
4.9573e-08,0.08448389999999995
4.9575e-08,0.08846110000000007
4.9577e-08,0.09239799999999998
4.9579e-08,0.09629409999999994
4.9581e-08,0.10014889999999999
4.9583e-08,0.10396210000000006
4.9585e-08,0.10773330000000003
4.9587e-08,0.11146219999999996
4.9589e-08,0.11514849999999999
4.9591e-08,0.11879189999999995
4.9593e-08,0.12239240000000007
4.9595e-08,0.1259496
4.9597e-08,0.1294636
4.95985e-08,0.13207059999999993
4.96e-08,0.13466449999999996
4.96002e-08,0.13501070000000004
4.96006e-08,0.13570380000000004
4.96014e-08,0.1370926
4.9603e-08,0.13986529999999997
4.9605e-08,0.1432852
4.9607e-08,0.14660830000000002
4.9609e-08,0.14979200000000004
4.9611e-08,0.15280230000000006
4.9613e-08,0.15561219999999998
4.9615e-08,0.15820049999999997
4.9617e-08,0.160551
4.9619e-08,0.16265169999999995
4.9621e-08,0.16449419999999992
4.9623e-08,0.1660733000000001
4.9625e-08,0.16738600000000003
4.9627e-08,0.16843150000000007
4.9629e-08,0.169211
4.9631e-08,0.1697269
4.9633e-08,0.16998290000000005
4.9635e-08,0.16998380000000002
4.9637e-08,0.16973500000000008
4.9639e-08,0.16924280000000003
4.9641e-08,0.1685139
4.9643e-08,0.1675553999999999
4.9645e-08,0.16637479999999993
4.9647e-08,0.1649798
4.9649e-08,0.16337800000000002
4.9651e-08,0.1615776
4.9653e-08,0.15958640000000002
4.9655e-08,0.1574124
4.9657e-08,0.15506350000000002
4.9659e-08,0.1525476
4.9661e-08,0.14987240000000002
4.9663e-08,0.14704570000000006
4.9665e-08,0.14407500000000006
4.9667e-08,0.14096770000000003
4.9669e-08,0.1377309
4.9671e-08,0.13437179999999993
4.9673e-08,0.13089740000000005
4.9675e-08,0.12731440000000005
4.9677e-08,0.1236292
4.9679e-08,0.11984830000000002
4.9681e-08,0.11597780000000002
4.9683e-08,0.11202389999999995
4.9685e-08,0.10799230000000004
4.9687e-08,0.10388869999999994
4.9689e-08,0.09971839999999998
4.9691e-08,0.09548690000000004
4.9693e-08,0.09119920000000004
4.9695e-08,0.08686019999999994
4.9697e-08,0.08247470000000001
4.9699e-08,0.07804729999999993
4.9701e-08,0.07358239999999994
4.9703e-08,0.06908429999999999
4.9705e-08,0.06455710000000003
4.9707e-08,0.060004500000000016
4.9709e-08,0.0554306
4.9711e-08,0.05083890000000002
4.9713e-08,0.04623299999999997
4.9715e-08,0.041615999999999986
4.9717e-08,0.036991499999999955
4.9719e-08,0.03236210000000006
4.9721e-08,0.02773110000000001
4.9723e-08,0.023101199999999933
4.9725e-08,0.01847500000000002
4.9727e-08,0.013855300000000015
4.9729e-08,0.009244199999999925
4.9731e-08,0.004644300000000046
4.9733e-08,5.789999999994411e-05
4.9735e-08,-0.004513099999999937
4.9737e-08,-0.009066599999999925
4.9739e-08,-0.01360080000000008
4.9741e-08,-0.018113799999999958
4.9743e-08,-0.022603700000000004
4.9745e-08,-0.027069200000000015
4.9747e-08,-0.03150849999999994
4.9749e-08,-0.035920300000000016
4.9751e-08,-0.040303199999999983
4.9753e-08,-0.044655699999999965
4.9755e-08,-0.04897699999999994
4.9757e-08,-0.05326559999999991
4.9759e-08,-0.05752069999999998
4.9761e-08,-0.06174109999999999
4.9763e-08,-0.06592600000000004
4.9765e-08,-0.07007449999999993
4.9767e-08,-0.07418569999999991
4.9769e-08,-0.07825899999999997
4.9771e-08,-0.08229350000000002
4.9773e-08,-0.08628879999999994
4.9775e-08,-0.09024429999999994
4.9777e-08,-0.09415949999999995
4.9779e-08,-0.09803379999999995
4.9781e-08,-0.10186669999999998
4.9783e-08,-0.10565790000000008
4.9785e-08,-0.10940729999999999
4.9787e-08,-0.11311419999999994
4.9789e-08,-0.11677859999999995
4.9791e-08,-0.12040019999999996
4.9793e-08,-0.12397879999999994
4.9795e-08,-0.12751429999999997
4.9797e-08,-0.13100649999999991
4.97985e-08,-0.13359719999999997
4.98e-08,-0.13616360000000005
4.98002e-08,-0.1365037
4.98006e-08,-0.13718299999999994
4.98014e-08,-0.13853650000000006
4.9803e-08,-0.14122259999999998
4.9805e-08,-0.14454129999999998
4.9807e-08,-0.14781660000000008
4.9809e-08,-0.15104850000000003
4.9811e-08,-0.15423730000000002
4.9813e-08,-0.15738279999999993
4.9815e-08,-0.16048530000000005
4.9817e-08,-0.16354479999999993
4.9819e-08,-0.16656170000000003
4.9821e-08,-0.16953590000000007
4.9823e-08,-0.17246780000000006
4.9825e-08,-0.1753576
4.9827e-08,-0.1782054999999999
4.9829e-08,-0.1810115
4.9831e-08,-0.18377620000000006
4.9833e-08,-0.18649970000000005
4.9835e-08,-0.18918239999999997
4.9837e-08,-0.1918244
4.9839e-08,-0.1944262
4.9841e-08,-0.19698799999999994
4.9843e-08,-0.19951019999999997
4.9845e-08,-0.20199290000000003
4.9847e-08,-0.20443670000000003
4.9849e-08,-0.20684190000000002
4.9851e-08,-0.20920879999999997
4.9853e-08,-0.21153769999999994
4.9855e-08,-0.2138291
4.9857e-08,-0.21608329999999998
4.9859e-08,-0.21830059999999996
4.9861e-08,-0.2204815
4.9863e-08,-0.22262630000000005
4.9865e-08,-0.22473549999999998
4.9867e-08,-0.22680939999999994
4.9869e-08,-0.2288483
4.9871e-08,-0.23085279999999997
4.9873e-08,-0.2328232
4.9875e-08,-0.23475979999999996
4.9877e-08,-0.23666320000000007
4.9879e-08,-0.2385336
4.9881e-08,-0.24037149999999996
4.9883e-08,-0.24217730000000004
4.9885e-08,-0.24395139999999993
4.9887e-08,-0.24569419999999997
4.9889e-08,-0.24740600000000001
4.9891e-08,-0.24908739999999996
4.9893e-08,-0.2507385999999999
4.9895e-08,-0.25236020000000003
4.9897e-08,-0.2539525
4.9899e-08,-0.25551579999999996
4.9901e-08,-0.2570506
4.9903e-08,-0.2585573
4.9905e-08,-0.26003619999999994
4.9907e-08,-0.2614877
4.9909e-08,-0.2629123
4.9911e-08,-0.26431040000000006
4.9913e-08,-0.2656822
4.9915e-08,-0.26702820000000005
4.9917e-08,-0.26834879999999994
4.9919e-08,-0.2696443999999999
4.9921e-08,-0.2709152
4.9923e-08,-0.27216169999999995
4.9925e-08,-0.27338419999999997
4.9927e-08,-0.2745833
4.9929e-08,-0.275759
4.9931e-08,-0.27691180000000004
4.9933e-08,-0.27804209999999996
4.9935e-08,-0.27915029999999996
4.9937e-08,-0.28023660000000006
4.9939e-08,-0.2813015
4.9941e-08,-0.28234519999999996
4.9943e-08,-0.28336799999999995
4.9945e-08,-0.2843703999999999
4.9947e-08,-0.2853527
4.9949e-08,-0.2863152000000001
4.9951e-08,-0.28725810000000007
4.9953e-08,-0.2881819
4.9955e-08,-0.2890868999999999
4.9957e-08,-0.2899733
4.9959e-08,-0.2908414
4.9961e-08,-0.2916917
4.9963e-08,-0.29252429999999996
4.9965e-08,-0.2933395
4.9967e-08,-0.2941378
4.9969e-08,-0.2949193
4.9971e-08,-0.2956843
4.9973e-08,-0.2964331
4.9975e-08,-0.2971661
4.9977e-08,-0.2978834
4.9979e-08,-0.2985854
4.9981e-08,-0.29927229999999994
4.9983e-08,-0.2999444
4.9985e-08,-0.3006019
4.9987e-08,-0.30124509999999993
4.9989e-08,-0.30187429999999993
4.9991e-08,-0.3024897999999999
4.9993e-08,-0.3030916
4.9995e-08,-0.30368020000000007
4.9997e-08,-0.3042556999999999
4.99985e-08,-0.3046789000000001
5e-08,-0.305095
5.00002e-08,-0.3051498
5.00006e-08,-0.3052593
5.00014e-08,-0.30547690000000005
5.0003e-08,-0.3059062
5.0005e-08,-0.3064317999999999
5.0007e-08,-0.3069455
5.0009e-08,-0.3074475
5.0011e-08,-0.3079381
5.0013e-08,-0.30841740000000006
5.0015e-08,-0.30888570000000004
5.0017e-08,-0.3093433
5.0019e-08,-0.30979
5.0021e-08,-0.31022649999999996
5.0023e-08,-0.3106527
5.0025e-08,-0.31106880000000003
5.0027e-08,-0.3114751
5.0029e-08,-0.3118719
5.0031e-08,-0.3122591
5.0033e-08,-0.31263699999999994
5.0035e-08,-0.3130058
5.0037e-08,-0.31336569999999997
5.0039e-08,-0.3137169000000001
5.0041e-08,-0.31405950000000005
5.0043e-08,-0.3143937
5.0045e-08,-0.31471969999999994
5.0047e-08,-0.31503749999999997
5.0049e-08,-0.3153475
5.0051e-08,-0.3156496999999999
5.0053e-08,-0.3159444
5.0055e-08,-0.31623159999999995
5.0057e-08,-0.3165114
5.0059e-08,-0.3167841
5.0061e-08,-0.3170499
5.0063e-08,-0.31730880000000006
5.0065e-08,-0.3175608999999999
5.0067e-08,-0.3178065
5.0069e-08,-0.31804560000000004
5.0071e-08,-0.31827839999999996
5.0073e-08,-0.3185051
5.0075e-08,-0.3187257
5.0077e-08,-0.3189404
5.0079e-08,-0.31914929999999997
5.0081e-08,-0.31935249999999993
5.0083e-08,-0.31955010000000006
5.0085e-08,-0.3197424
5.0087e-08,-0.3199293000000001
5.0089e-08,-0.3201109999999999
5.0091e-08,-0.3202876
5.0093e-08,-0.3204593
5.0095e-08,-0.3206260000000001
5.0097e-08,-0.32078799999999996
5.0099e-08,-0.32094520000000004
5.0101e-08,-0.321098
5.0103e-08,-0.3212463
5.0105e-08,-0.32139019999999996
5.0107e-08,-0.32152990000000004
5.0109e-08,-0.32166529999999993
5.0111e-08,-0.3217968
5.0113e-08,-0.3219242
5.0115e-08,-0.32204770000000005
5.0117e-08,-0.3221674000000001
5.0119e-08,-0.32228329999999994
5.0121e-08,-0.3223956
5.0123e-08,-0.3225045000000001
5.0125e-08,-0.32260979999999995
5.0127e-08,-0.32271170000000005
5.0129e-08,-0.32281019999999994
5.0131e-08,-0.3229055999999999
5.0133e-08,-0.3229978
5.0135e-08,-0.32308689999999995
5.0137e-08,-0.32317300000000004
5.0139e-08,-0.32325610000000005
5.0141e-08,-0.3233363
5.0143e-08,-0.3234138
5.0145e-08,-0.32348849999999996
5.0147e-08,-0.32356039999999997
5.0149e-08,-0.3236299
5.0151e-08,-0.32369670000000006
5.0153e-08,-0.3237611
5.0155e-08,-0.32382299999999997
5.0157e-08,-0.3238826
5.0159e-08,-0.32393990000000006
5.0161e-08,-0.3239949
5.0163e-08,-0.32404770000000005
5.0165e-08,-0.3240984
5.0167e-08,-0.32414699999999996
5.0169e-08,-0.3241936000000001
5.0171e-08,-0.3242381
5.0173e-08,-0.32428080000000004
5.0175e-08,-0.32432150000000004
5.0177e-08,-0.3243604
5.0179e-08,-0.3243975
5.0181e-08,-0.3244328999999999
5.0183e-08,-0.32446660000000005
5.0185e-08,-0.3244986999999999
5.0187e-08,-0.3245291
5.0189e-08,-0.324558
5.0191e-08,-0.3245853000000001
5.0193e-08,-0.3246112000000001
5.0195e-08,-0.32463569999999997
5.0197e-08,-0.3246586
5.01985e-08,-0.32467499999999994
5.02e-08,-0.32469059999999994
5.02002e-08,-0.32469269999999995
5.02006e-08,-0.3246966
5.02014e-08,-0.32470449999999995
5.0203e-08,-0.32471969999999994
5.0205e-08,-0.32473740000000006
5.0207e-08,-0.324754
5.0209e-08,-0.3247694
5.0211e-08,-0.32478359999999995
5.0213e-08,-0.3247966
5.0215e-08,-0.32480870000000006
5.0217e-08,-0.3248196
5.0219e-08,-0.3248295
5.0221e-08,-0.32483850000000003
5.0223e-08,-0.3248464
5.0225e-08,-0.3248535
5.0227e-08,-0.3248596
5.0229e-08,-0.3248648999999999
5.0231e-08,-0.3248692000000001
5.0233e-08,-0.3248727
5.0235e-08,-0.3248755000000001
5.0237e-08,-0.3248774
5.0239e-08,-0.32487869999999996
5.0241e-08,-0.3248791
5.0243e-08,-0.32487889999999997
5.0245e-08,-0.32487809999999995
5.0247e-08,-0.3248764999999999
5.0249e-08,-0.32487429999999995
5.0251e-08,-0.3248715
5.0253e-08,-0.32486800000000005
5.0255e-08,-0.32486400000000004
5.0257e-08,-0.3248594
5.0259e-08,-0.32485429999999993
5.0261e-08,-0.32484860000000004
5.0263e-08,-0.32484250000000003
5.0265e-08,-0.324836
5.0267e-08,-0.3248289000000001
5.0269e-08,-0.3248213
5.0271e-08,-0.32481340000000003
5.0273e-08,-0.32480489999999995
5.0275e-08,-0.32479610000000003
5.0277e-08,-0.32478700000000005
5.0279e-08,-0.3247774000000001
5.0281e-08,-0.32476760000000005
5.0283e-08,-0.32475719999999997
5.0285e-08,-0.32474670000000005
5.0287e-08,-0.3247357999999999
5.0289e-08,-0.3247247
5.0291e-08,-0.3247131
5.0293e-08,-0.3247013999999999
5.0295e-08,-0.3246893999999999
5.0297e-08,-0.32467709999999994
5.0299e-08,-0.32466459999999997
5.0301e-08,-0.3246519
5.0303e-08,-0.3246388
5.0305e-08,-0.3246257
5.0307e-08,-0.3246124
5.0309e-08,-0.32459879999999997
5.0311e-08,-0.32458509999999996
5.0313e-08,-0.32457119999999995
5.0315e-08,-0.3245572
5.0317e-08,-0.32454289999999997
5.0319e-08,-0.32452860000000006
5.0321e-08,-0.3245141
5.0323e-08,-0.32449950000000005
5.0325e-08,-0.3244848
5.0327e-08,-0.32447000000000004
5.0329e-08,-0.32445500000000005
5.0331e-08,-0.32443999999999995
5.0333e-08,-0.3244249
5.0335e-08,-0.3244097
5.0337e-08,-0.32439439999999997
5.0339e-08,-0.32437910000000003
5.0341e-08,-0.3243638
5.0343e-08,-0.3243484000000001
5.0345e-08,-0.3243328999999999
5.0347e-08,-0.3243174
5.0349e-08,-0.3243018
5.0351e-08,-0.3242863
5.0353e-08,-0.3242707
5.0355e-08,-0.3242551
5.0357e-08,-0.3242395
5.0359e-08,-0.32422379999999995
5.0361e-08,-0.32420819999999995
5.0363e-08,-0.32419260000000005
5.0365e-08,-0.3241769
5.0367e-08,-0.3241611999999999
5.0369e-08,-0.32414560000000003
5.0371e-08,-0.32413000000000003
5.0373e-08,-0.32411449999999997
5.0375e-08,-0.32409889999999997
5.0377e-08,-0.3240834
5.0379e-08,-0.32406789999999996
5.0381e-08,-0.32405249999999997
5.0383e-08,-0.32403709999999997
5.0385e-08,-0.32402169999999997
5.0387e-08,-0.3240064
5.0389e-08,-0.3239911
5.0391e-08,-0.32397580000000004
5.0393e-08,-0.32396059999999993
5.0395e-08,-0.3239455
5.0397e-08,-0.32393039999999995
5.03985e-08,-0.32391919999999996
5.04e-08,-0.323908
5.04002e-08,-0.32390640000000004
5.04006e-08,-0.3239034999999999
5.04014e-08,-0.32389750000000006
5.0403e-08,-0.32388570000000005
5.0405e-08,-0.3238708
5.0407e-08,-0.3238561
5.0409e-08,-0.3238415
5.0411e-08,-0.3238268000000001
5.0413e-08,-0.32381229999999994
5.0415e-08,-0.32379789999999997
5.0417e-08,-0.3237835
5.0419e-08,-0.3237692
5.0421e-08,-0.323755
5.0423e-08,-0.3237409
5.0425e-08,-0.3237268000000001
5.0427e-08,-0.32371289999999997
5.0429e-08,-0.3236989
5.0431e-08,-0.3236852
5.0433e-08,-0.3236715
5.0435e-08,-0.32365789999999994
5.0437e-08,-0.3236443
5.0439e-08,-0.32363089999999994
5.0441e-08,-0.32361759999999995
5.0443e-08,-0.3236044
5.0445e-08,-0.3235912000000001
5.0447e-08,-0.32357820000000004
5.0449e-08,-0.3235652
5.0451e-08,-0.3235523
5.0453e-08,-0.32353960000000004
5.0455e-08,-0.32352690000000006
5.0457e-08,-0.3235142999999999
5.0459e-08,-0.3235019
5.0461e-08,-0.32348940000000004
5.0463e-08,-0.3234772
5.0465e-08,-0.32346490000000006
5.0467e-08,-0.3234528000000001
5.0469e-08,-0.32344090000000003
5.0471e-08,-0.3234290000000001
5.0473e-08,-0.32341720000000007
5.0475e-08,-0.3234055
5.0477e-08,-0.3233938999999999
5.0479e-08,-0.32338239999999996
5.0481e-08,-0.32337099999999996
5.0483e-08,-0.3233598
5.0485e-08,-0.32334850000000004
5.0487e-08,-0.3233374
5.0489e-08,-0.3233264
5.0491e-08,-0.3233155
5.0493e-08,-0.32330480000000006
5.0495e-08,-0.3232940000000001
5.0497e-08,-0.3232834
5.0499e-08,-0.3232728
5.0501e-08,-0.3232625
5.0503e-08,-0.32325210000000004
5.0505e-08,-0.32324189999999997
5.0507e-08,-0.32323179999999996
5.0509e-08,-0.3232218
5.0511e-08,-0.3232119
5.0513e-08,-0.32320209999999994
5.0515e-08,-0.3231923
5.0517e-08,-0.3231826
5.0519e-08,-0.32317319999999994
5.0521e-08,-0.3231636
5.0523e-08,-0.3231543
5.0525e-08,-0.323145
5.0527e-08,-0.32313590000000003
5.0529e-08,-0.32312680000000005
5.0531e-08,-0.3231178
5.0533e-08,-0.3231088999999999
5.0535e-08,-0.3231001
5.0537e-08,-0.32309140000000003
5.0539e-08,-0.32308270000000006
5.0541e-08,-0.3230742999999999
5.0543e-08,-0.32306579999999996
5.0545e-08,-0.32305740000000005
5.0547e-08,-0.32304920000000004
5.0549e-08,-0.323041
5.0551e-08,-0.3230328
5.0553e-08,-0.32302490000000006
5.0555e-08,-0.323017
5.0557e-08,-0.32300909999999994
5.0559e-08,-0.32300129999999994
5.0561e-08,-0.32299370000000005
5.0563e-08,-0.32298609999999994
5.0565e-08,-0.3229785999999999
5.0567e-08,-0.3229711999999999
5.0569e-08,-0.32296389999999997
5.0571e-08,-0.3229565999999999
5.0573e-08,-0.32294940000000005
5.0575e-08,-0.3229424000000001
5.0577e-08,-0.32293530000000004
5.0579e-08,-0.3229284
5.0581e-08,-0.32292160000000003
5.0583e-08,-0.32291480000000006
5.0585e-08,-0.32290810000000003
5.0587e-08,-0.3229014
5.0589e-08,-0.32289480000000004
5.0591e-08,-0.32288839999999996
5.0593e-08,-0.322882
5.0595e-08,-0.32287560000000004
5.0597e-08,-0.3228694
5.05985e-08,-0.32286479999999995
5.06e-08,-0.3228601000000001
5.06002e-08,-0.32285949999999997
5.06006e-08,-0.32285829999999993
5.06014e-08,-0.3228559000000001
5.0603e-08,-0.32285110000000006
5.0605e-08,-0.3228451
5.0607e-08,-0.3228392
5.0609e-08,-0.32283339999999994
5.0611e-08,-0.3228276
5.0613e-08,-0.3228219
5.0615e-08,-0.3228162
5.0617e-08,-0.3228107
5.0619e-08,-0.3228052
5.0621e-08,-0.3227998000000001
5.0623e-08,-0.32279440000000004
5.0625e-08,-0.32278910000000005
5.0627e-08,-0.3227839
5.0629e-08,-0.3227787
5.0631e-08,-0.3227736
5.0633e-08,-0.32276859999999996
5.0635e-08,-0.32276359999999993
5.0637e-08,-0.3227586
5.0639e-08,-0.3227538000000001
5.0641e-08,-0.32274900000000006
5.0643e-08,-0.3227441999999999
5.0645e-08,-0.32273949999999996
5.0647e-08,-0.32273490000000005
5.0649e-08,-0.3227303
5.0651e-08,-0.32272580000000006
5.0653e-08,-0.3227213
5.0655e-08,-0.32271700000000003
5.0657e-08,-0.3227126
5.0659e-08,-0.32270830000000006
5.0661e-08,-0.322704
5.0663e-08,-0.32269989999999993
5.0665e-08,-0.3226956999999999
5.0667e-08,-0.32269159999999997
5.0669e-08,-0.32268759999999996
5.0671e-08,-0.32268359999999996
5.0673e-08,-0.3226796999999999
5.0675e-08,-0.32267579999999996
5.0677e-08,-0.3226719
5.0679e-08,-0.3226680999999999
5.0681e-08,-0.32266439999999996
5.0683e-08,-0.3226606999999999
5.0685e-08,-0.32265710000000003
5.0687e-08,-0.3226534
5.0689e-08,-0.32264989999999993
5.0691e-08,-0.3226464
5.0693e-08,-0.322643
5.0695e-08,-0.32263949999999997
5.0697e-08,-0.3226361
5.0699e-08,-0.32263279999999994
5.0701e-08,-0.32262960000000007
5.0703e-08,-0.32262630000000003
5.0705e-08,-0.32262310000000005
5.0707e-08,-0.3226199999999999
5.0709e-08,-0.32261680000000004
5.0711e-08,-0.3226137
5.0713e-08,-0.32261070000000003
5.0715e-08,-0.32260769999999994
5.0717e-08,-0.32260469999999997
5.0719e-08,-0.32260179999999994
5.0721e-08,-0.3225990000000001
5.0723e-08,-0.32259609999999994
5.0725e-08,-0.32259329999999997
5.0727e-08,-0.3225905
5.0729e-08,-0.3225878000000001
5.0731e-08,-0.32258509999999996
5.0733e-08,-0.3225825
5.0735e-08,-0.32257979999999997
5.0737e-08,-0.3225772
5.0739e-08,-0.32257460000000004
5.0741e-08,-0.32257210000000003
5.0743e-08,-0.3225695999999999
5.0745e-08,-0.32256720000000005
5.0747e-08,-0.3225648
5.0749e-08,-0.32256229999999997
5.0751e-08,-0.32255999999999996
5.0753e-08,-0.32255769999999995
5.0755e-08,-0.32255539999999994
5.0757e-08,-0.32255310000000004
5.0759e-08,-0.3225509
5.0761e-08,-0.3225487
5.0763e-08,-0.32254649999999996
5.0765e-08,-0.32254440000000006
5.0767e-08,-0.3225422
5.0769e-08,-0.3225401
5.0771e-08,-0.32253810000000005
5.0773e-08,-0.32253599999999993
5.0775e-08,-0.322534
5.0777e-08,-0.32253200000000004
5.0779e-08,-0.32253009999999993
5.0781e-08,-0.32252820000000004
5.0783e-08,-0.32252629999999993
5.0785e-08,-0.32252439999999993
5.0787e-08,-0.3225226
5.0789e-08,-0.32252080000000005
5.0791e-08,-0.322519
5.0793e-08,-0.32251719999999995
5.0795e-08,-0.32251549999999995
5.0797e-08,-0.3225137
5.07985e-08,-0.32251240000000003
5.08e-08,-0.3225112
