time_s,differential_output_v
0.0,-0.22025709999999998
2e-14,-0.22025709999999998
4e-14,-0.22025709999999998
8e-14,-0.22025709999999998
1.6e-13,-0.22025709999999998
3.2e-13,-0.22025709999999998
6.4e-13,-0.22025709999999998
1.28e-12,-0.22025709999999998
2.56e-12,-0.22025709999999998
4.56e-12,-0.22025709999999998
6.56e-12,-0.22025709999999998
8.56e-12,-0.22025709999999998
1.056e-11,-0.22025709999999998
1.256e-11,-0.22025709999999998
1.456e-11,-0.22025709999999998
1.656e-11,-0.22025709999999998
1.856e-11,-0.22025709999999998
2.056e-11,-0.22025709999999998
2.256e-11,-0.22025709999999998
2.456e-11,-0.22025709999999998
2.656e-11,-0.22025709999999998
2.856e-11,-0.22025709999999998
3.056e-11,-0.22025709999999998
3.256e-11,-0.22025709999999998
3.456e-11,-0.22025709999999998
3.656e-11,-0.22025709999999998
3.856e-11,-0.22025709999999998
4.056e-11,-0.22025709999999998
4.256e-11,-0.22025709999999998
4.456e-11,-0.22025709999999998
4.656e-11,-0.22025709999999998
4.856e-11,-0.22025709999999998
5.056e-11,-0.22025709999999998
5.256e-11,-0.22025709999999998
5.456e-11,-0.22025709999999998
5.656e-11,-0.22025709999999998
5.856e-11,-0.22025709999999998
6.056e-11,-0.22025709999999998
6.256e-11,-0.22025709999999998
6.456e-11,-0.22025709999999998
6.656e-11,-0.22025709999999998
6.856e-11,-0.22025709999999998
7.056e-11,-0.22025709999999998
7.256e-11,-0.22025709999999998
7.456e-11,-0.22025709999999998
7.656e-11,-0.22025709999999998
7.856e-11,-0.22025709999999998
8.056e-11,-0.22025709999999998
8.256e-11,-0.22025709999999998
8.456e-11,-0.22025709999999998
8.656e-11,-0.22025709999999998
8.856e-11,-0.22025709999999998
9.056e-11,-0.22025709999999998
9.256e-11,-0.22025709999999998
9.456e-11,-0.22025709999999998
9.656e-11,-0.22025709999999998
9.856e-11,-0.22025709999999998
1.0056e-10,-0.22025709999999998
1.0256e-10,-0.22025709999999998
1.0456e-10,-0.22025709999999998
1.0656e-10,-0.22025709999999998
1.0856e-10,-0.22025709999999998
1.1056e-10,-0.22025709999999998
1.1256e-10,-0.22025709999999998
1.1456e-10,-0.22025709999999998
1.1656e-10,-0.22025709999999998
1.1856e-10,-0.22025709999999998
1.2056e-10,-0.22025709999999998
1.2256e-10,-0.22025709999999998
1.2456e-10,-0.22025709999999998
1.2656e-10,-0.22025709999999998
1.2856e-10,-0.22025709999999998
1.3056e-10,-0.22025709999999998
1.3256e-10,-0.22025709999999998
1.3456e-10,-0.22025709999999998
1.3656e-10,-0.22025709999999998
1.3856e-10,-0.22025709999999998
1.4056e-10,-0.22025709999999998
1.4256e-10,-0.22025709999999998
1.4456e-10,-0.22025709999999998
1.4656e-10,-0.22025709999999998
1.4856e-10,-0.22025709999999998
1.5056e-10,-0.22025709999999998
1.5256e-10,-0.22025709999999998
1.5456e-10,-0.22025709999999998
1.5656e-10,-0.22025709999999998
1.5856e-10,-0.22025709999999998
1.6056e-10,-0.22025709999999998
1.6256e-10,-0.22025709999999998
1.6456e-10,-0.22025709999999998
1.6656e-10,-0.22025709999999998
1.6856e-10,-0.22025709999999998
1.7056e-10,-0.22025709999999998
1.7256e-10,-0.22025709999999998
1.7456e-10,-0.22025709999999998
1.7656e-10,-0.22025709999999998
1.7856e-10,-0.22025709999999998
1.8056e-10,-0.22025709999999998
1.8256e-10,-0.22025709999999998
1.8456e-10,-0.22025709999999998
1.8656e-10,-0.22025709999999998
1.8856e-10,-0.22025709999999998
1.9056e-10,-0.22025709999999998
1.9256e-10,-0.22025709999999998
1.9456e-10,-0.22025709999999998
1.9656e-10,-0.22025709999999998
1.9828e-10,-0.22025709999999998
2e-10,-0.22025709999999998
2.002e-10,-0.2202579
2.006e-10,-0.22026120000000005
2.014e-10,-0.22027629999999998
2.03e-10,-0.2203044999999999
2.05e-10,-0.2202598
2.07e-10,-0.22004629999999992
2.09e-10,-0.21960689999999994
2.11e-10,-0.2189082
2.13e-10,-0.21793339999999994
2.15e-10,-0.2166764
2.17e-10,-0.2151379
2.19e-10,-0.21332340000000005
2.21e-10,-0.21124089999999995
2.23e-10,-0.20890089999999994
2.25e-10,-0.2063142
2.27e-10,-0.20349270000000008
2.29e-10,-0.20044810000000002
2.31e-10,-0.1971925
2.33e-10,-0.19373739999999995
2.35e-10,-0.19009450000000006
2.37e-10,-0.18627519999999997
2.39e-10,-0.18229020000000007
2.41e-10,-0.1781501000000001
2.43e-10,-0.1738653
2.45e-10,-0.1694458000000001
2.47e-10,-0.16490090000000002
2.49e-10,-0.1602401
2.51e-10,-0.1554722999999999
2.53e-10,-0.1506059999999999
2.55e-10,-0.14564960000000005
2.57e-10,-0.14061119999999994
2.59e-10,-0.13549829999999996
2.61e-10,-0.13031840000000006
2.63e-10,-0.1250787
2.65e-10,-0.11978620000000006
2.67e-10,-0.11444710000000002
2.69e-10,-0.1090683
2.71e-10,-0.10365550000000001
2.73e-10,-0.09821460000000004
2.75e-10,-0.09275140000000004
2.77e-10,-0.08727110000000005
2.79e-10,-0.08177889999999999
2.81e-10,-0.07627980000000001
2.83e-10,-0.07077840000000002
2.85e-10,-0.06527919999999998
2.87e-10,-0.05978659999999991
2.89e-10,-0.05430449999999998
2.91e-10,-0.04883689999999996
2.93e-10,-0.04338750000000002
2.95e-10,-0.03795979999999999
2.97e-10,-0.03255700000000006
2.99e-10,-0.02718239999999994
3.01e-10,-0.021838899999999994
3.03e-10,-0.016529400000000027
3.05e-10,-0.011256400000000055
3.07e-10,-0.006022499999999931
3.09e-10,-0.0008299999999999974
3.11e-10,0.004318899999999903
3.13e-10,0.009422200000000047
3.15e-10,0.014477999999999991
3.17e-10,0.01948440000000007
3.19e-10,0.0244397999999999
3.21e-10,0.029342800000000002
3.23e-10,0.03419190000000005
3.25e-10,0.03898570000000001
3.27e-10,0.04372319999999996
3.29e-10,0.04840319999999998
3.31e-10,0.05302479999999998
3.33e-10,0.057586999999999944
3.35e-10,0.062089300000000014
3.37e-10,0.0665306
3.39e-10,0.07091059999999993
3.41e-10,0.07522859999999998
3.43e-10,0.07948429999999995
3.45e-10,0.08367720000000001
3.47e-10,0.08780699999999997
3.49e-10,0.09187350000000005
3.51e-10,0.09587660000000009
3.53e-10,0.0998159999999999
3.55e-10,0.10369189999999995
3.57e-10,0.10750409999999999
3.59e-10,0.11125269999999998
3.61e-10,0.11493790000000004
3.63e-10,0.11855959999999999
3.65e-10,0.12211830000000001
3.67e-10,0.125614
3.69e-10,0.12904709999999997
3.71e-10,0.13241779999999992
3.73e-10,0.13572659999999992
3.75e-10,0.13897389999999998
3.77e-10,0.14215979999999995
3.79e-10,0.145285
3.81e-10,0.14834999999999998
3.83e-10,0.15135509999999996
3.85e-10,0.15430080000000002
3.87e-10,0.1571878
3.89e-10,0.16001660000000006
3.91e-10,0.1627877000000001
3.93e-10,0.16550180000000003
3.95e-10,0.1681593
3.97e-10,0.17076100000000005
3.985e-10,0.1726759
4e-10,0.17456000000000005
4.002e-10,0.17480859999999998
4.006e-10,0.17530469999999998
4.014e-10,0.17629059999999996
4.03e-10,0.17823650000000002
4.05e-10,0.18062100000000003
4.07e-10,0.18295300000000003
4.09e-10,0.18523290000000003
4.11e-10,0.18746149999999995
4.13e-10,0.18963960000000002
4.15e-10,0.19176760000000004
4.17e-10,0.19384639999999997
4.19e-10,0.1958765
4.21e-10,0.1978588
4.23e-10,0.19979389999999997
4.25e-10,0.20168259999999993
4.27e-10,0.20352540000000008
4.29e-10,0.2053231000000001
4.31e-10,0.20707640000000005
4.33e-10,0.20878590000000008
4.35e-10,0.21045250000000004
4.37e-10,0.2120767
4.39e-10,0.21365920000000005
4.41e-10,0.21520070000000002
4.43e-10,0.21670200000000006
4.45e-10,0.2181636
4.47e-10,0.21958619999999995
4.49e-10,0.22097049999999996
4.51e-10,0.22231710000000005
4.53e-10,0.22362669999999996
4.55e-10,0.22490009999999994
4.57e-10,0.2261377
4.59e-10,0.2273402
4.61e-10,0.2285083
4.63e-10,0.22964259999999992
4.65e-10,0.23074360000000005
4.67e-10,0.23181210000000008
4.69e-10,0.23284859999999996
4.71e-10,0.2338538
4.73e-10,0.23482819999999993
4.75e-10,0.2357724
4.77e-10,0.23668690000000003
4.79e-10,0.23757240000000002
4.81e-10,0.2384294
4.83e-10,0.23925850000000004
4.85e-10,0.2400603
4.87e-10,0.24083509999999997
4.89e-10,0.24158380000000002
4.91e-10,0.2423067000000001
4.93e-10,0.24300429999999995
4.95e-10,0.24367720000000004
4.97e-10,0.24432589999999998
4.99e-10,0.24495089999999997
5.01e-10,0.24555269999999996
5.03e-10,0.2461318
5.05e-10,0.24668859999999992
5.07e-10,0.24722369999999994
5.09e-10,0.2477374
5.11e-10,0.24823030000000001
5.13e-10,0.2487028
5.15e-10,0.24915540000000003
5.17e-10,0.24958839999999993
5.19e-10,0.25000240000000007
5.21e-10,0.2503978
5.23e-10,0.2507749
5.25e-10,0.25113430000000003
5.27e-10,0.2514761000000001
5.29e-10,0.25180099999999994
5.31e-10,0.25210940000000004
5.33e-10,0.25240150000000006
5.35e-10,0.25267759999999995
5.37e-10,0.2529384
5.39e-10,0.2531839
5.41e-10,0.2534149
5.43e-10,0.2536313
5.45e-10,0.2538338
5.47e-10,0.25402249999999993
5.49e-10,0.2541979
5.51e-10,0.25436020000000004
5.53e-10,0.25450990000000007
5.55e-10,0.2546471
5.57e-10,0.25477229999999995
5.59e-10,0.25488579999999994
5.61e-10,0.2549878
5.63e-10,0.2550785000000001
5.65e-10,0.25515849999999995
5.67e-10,0.2552278
5.69e-10,0.2552867999999999
5.71e-10,0.25533590000000006
5.73e-10,0.25537509999999997
5.75e-10,0.25540490000000005
5.77e-10,0.2554253999999999
5.79e-10,0.25543689999999997
5.81e-10,0.2554398
5.83e-10,0.2554341
5.85e-10,0.25542030000000004
5.87e-10,0.2553985
5.89e-10,0.25536879999999995
5.91e-10,0.2553316
5.93e-10,0.25528720000000005
5.95e-10,0.2552356
5.97e-10,0.25517709999999993
5.985e-10,0.2551289
6e-10,0.255077
6.002e-10,0.2550698
6.006e-10,0.2550551
6.014e-10,0.25502520000000006
6.03e-10,0.2549625
6.05e-10,0.2548785
6.07e-10,0.2547887
6.09e-10,0.2546933
6.11e-10,0.25459239999999994
6.13e-10,0.25448609999999994
6.15e-10,0.25437470000000006
6.17e-10,0.25425830000000005
6.19e-10,0.2541371
6.21e-10,0.25401129999999994
6.23e-10,0.25388109999999997
6.25e-10,0.2537465
6.27e-10,0.2536079
6.29e-10,0.25346520000000006
6.31e-10,0.2533187
6.33e-10,0.2531685
6.35e-10,0.25301470000000004
6.37e-10,0.2528576
6.39e-10,0.25269700000000006
6.41e-10,0.2525333999999999
6.43e-10,0.25236689999999995
6.45e-10,0.2521974
6.47e-10,0.25202520000000006
6.49e-10,0.2518503000000001
6.51e-10,0.2516729000000001
6.53e-10,0.2514932
6.55e-10,0.2513111
6.57e-10,0.25112690000000004
6.59e-10,0.2509405
6.61e-10,0.25075230000000004
6.63e-10,0.25056220000000007
6.65e-10,0.25037030000000005
6.67e-10,0.2501768
6.69e-10,0.24998160000000003
6.71e-10,0.2497851000000001
6.73e-10,0.2495872
6.75e-10,0.2493879
6.77e-10,0.2491875
6.79e-10,0.24898599999999993
6.81e-10,0.24878350000000005
6.83e-10,0.24857989999999996
6.85e-10,0.24837550000000008
6.87e-10,0.24817029999999995
6.89e-10,0.24796439999999997
6.91e-10,0.24775780000000003
6.93e-10,0.24755060000000007
6.95e-10,0.24734290000000003
6.97e-10,0.2471348000000001
6.99e-10,0.24692619999999998
7.01e-10,0.24671750000000003
7.03e-10,0.24650839999999996
7.05e-10,0.24629900000000005
7.07e-10,0.24608960000000002
7.09e-10,0.24588009999999993
7.11e-10,0.24567060000000007
7.13e-10,0.24546099999999993
7.15e-10,0.24525150000000007
7.17e-10,0.2450422
7.19e-10,0.24483299999999997
7.21e-10,0.24462399999999995
7.23e-10,0.2444153
7.25e-10,0.2442069
7.27e-10,0.24399879999999996
7.29e-10,0.24379119999999999
7.31e-10,0.24358389999999996
7.33e-10,0.2433770999999999
7.35e-10,0.24317089999999997
7.37e-10,0.2429652
7.39e-10,0.2427600000000001
7.41e-10,0.24255550000000003
7.43e-10,0.24235169999999995
7.45e-10,0.24214840000000004
7.47e-10,0.241946
7.49e-10,0.24174410000000002
7.51e-10,0.2415431
7.53e-10,0.24134290000000003
7.55e-10,0.2411434
7.57e-10,0.24094490000000002
7.59e-10,0.2407473
7.61e-10,0.24055040000000005
7.63e-10,0.24035459999999997
7.65e-10,0.24015949999999997
7.67e-10,0.23996550000000005
7.69e-10,0.2397726
7.71e-10,0.23958049999999997
7.73e-10,0.23938939999999997
7.75e-10,0.23919939999999995
7.77e-10,0.23901050000000001
7.79e-10,0.2388226
7.81e-10,0.23863579999999995
7.83e-10,0.23845000000000005
7.85e-10,0.23826540000000007
7.87e-10,0.23808190000000007
7.89e-10,0.23789950000000004
7.91e-10,0.23771829999999994
7.93e-10,0.23753819999999992
7.95e-10,0.23735930000000005
7.97e-10,0.23718150000000005
7.985e-10,0.23704899999999995
8e-10,0.23691699999999993
8.002e-10,0.2368996
8.006e-10,0.23686450000000003
8.014e-10,0.23679459999999997
8.03e-10,0.2366553
8.05e-10,0.23648239999999998
8.07e-10,0.23631060000000004
8.09e-10,0.23614010000000007
8.11e-10,0.23597079999999993
8.13e-10,0.23580270000000003
8.15e-10,0.23563580000000006
8.17e-10,0.23547019999999996
8.19e-10,0.2353058
8.21e-10,0.23514270000000004
8.23e-10,0.2349808
8.25e-10,0.23482019999999992
8.27e-10,0.23466089999999995
8.29e-10,0.23450269999999995
8.31e-10,0.2343459
8.33e-10,0.23419029999999996
8.35e-10,0.23403600000000002
8.37e-10,0.2338829
8.39e-10,0.23373109999999997
8.41e-10,0.23358060000000003
8.43e-10,0.2334313
8.45e-10,0.23328329999999997
8.47e-10,0.23313649999999997
8.49e-10,0.2329911
8.51e-10,0.23284689999999997
8.53e-10,0.23270390000000007
8.55e-10,0.2325621
8.57e-10,0.23242170000000006
8.59e-10,0.23228250000000006
8.61e-10,0.2321445000000001
8.63e-10,0.23200769999999993
8.65e-10,0.23187220000000008
8.67e-10,0.231738
8.69e-10,0.23160499999999995
8.71e-10,0.2314731
8.73e-10,0.2313425
8.75e-10,0.2312132
8.77e-10,0.23108499999999998
8.79e-10,0.2309582
8.81e-10,0.23083240000000005
8.83e-10,0.23070790000000008
8.85e-10,0.23058460000000003
8.87e-10,0.23046239999999996
8.89e-10,0.23034149999999998
8.91e-10,0.23022160000000003
8.93e-10,0.2301031
8.95e-10,0.2299856
8.97e-10,0.22986930000000005
8.99e-10,0.22975420000000002
9.01e-10,0.22964019999999996
9.03e-10,0.2295273000000001
9.05e-10,0.22941559999999994
9.07e-10,0.22930509999999993
9.09e-10,0.22919559999999994
9.11e-10,0.2290873
9.13e-10,0.22898000000000007
9.15e-10,0.22887389999999996
9.17e-10,0.228769
9.19e-10,0.228665
9.21e-10,0.2285621
9.23e-10,0.2284604
9.25e-10,0.22835969999999994
9.27e-10,0.22826000000000002
9.29e-10,0.22816139999999996
9.31e-10,0.22806389999999999
9.33e-10,0.2279673000000001
9.35e-10,0.22787180000000007
9.37e-10,0.22777730000000007
9.39e-10,0.22768390000000005
9.41e-10,0.2275914
9.43e-10,0.22750000000000004
9.45e-10,0.22740950000000004
9.47e-10,0.22732010000000002
9.49e-10,0.2272316000000001
9.51e-10,0.22714420000000002
9.53e-10,0.22705759999999997
9.55e-10,0.2269719
9.57e-10,0.2268872999999999
9.59e-10,0.2268036
9.61e-10,0.22672080000000006
9.63e-10,0.22663900000000003
9.65e-10,0.22655800000000004
9.67e-10,0.22647800000000007
9.69e-10,0.2263988
9.71e-10,0.22632059999999998
9.73e-10,0.22624330000000004
9.75e-10,0.2261668
9.77e-10,0.22609119999999994
9.79e-10,0.2260163999999999
9.81e-10,0.2259426
9.83e-10,0.22586949999999995
9.85e-10,0.22579729999999998
9.87e-10,0.22572599999999998
9.89e-10,0.22565539999999995
9.91e-10,0.22558580000000006
9.93e-10,0.22551680000000007
9.95e-10,0.22544869999999995
9.97e-10,0.22538139999999995
9.985e-10,0.22533139999999996
1e-09,0.22528179999999998
1.0002e-09,0.22527530000000007
1.0006e-09,0.22526219999999997
1.0014e-09,0.225236
1.003e-09,0.2251841
1.005e-09,0.22511989999999993
1.007e-09,0.22505640000000005
1.009e-09,0.22499380000000002
1.011e-09,0.22493180000000002
1.013e-09,0.22487049999999997
1.015e-09,0.2248101
1.017e-09,0.22475029999999996
1.019e-09,0.2246912000000001
1.021e-09,0.22463290000000002
1.023e-09,0.22457530000000003
1.025e-09,0.22451829999999995
1.027e-09,0.22446200000000005
1.029e-09,0.22440649999999995
1.031e-09,0.22435150000000004
1.033e-09,0.22429730000000003
1.035e-09,0.22424369999999993
1.037e-09,0.22419069999999997
1.039e-09,0.22413850000000002
1.041e-09,0.22408680000000003
1.043e-09,0.2240358
1.045e-09,0.2239854
1.047e-09,0.2239356
1.049e-09,0.2238865
1.051e-09,0.22383789999999992
1.053e-09,0.22379000000000004
1.055e-09,0.2237426
1.057e-09,0.2236958
1.059e-09,0.2236496
1.061e-09,0.22360400000000002
1.063e-09,0.22355900000000006
1.065e-09,0.22351450000000006
1.067e-09,0.22347050000000002
1.069e-09,0.2234271
1.071e-09,0.22338429999999998
1.073e-09,0.22334200000000004
1.075e-09,0.2233003
1.077e-09,0.2232590000000001
1.079e-09,0.22321829999999998
1.081e-09,0.223178
1.083e-09,0.2231383
1.085e-09,0.22309920000000005
1.087e-09,0.2230605
1.089e-09,0.22302220000000006
1.091e-09,0.22298450000000003
1.093e-09,0.22294729999999996
1.095e-09,0.2229105
1.097e-09,0.22287420000000002
1.099e-09,0.2228384
1.101e-09,0.22280300000000008
1.103e-09,0.22276810000000002
1.105e-09,0.22273359999999998
1.107e-09,0.22269969999999994
1.109e-09,0.22266600000000003
1.111e-09,0.2226328999999999
1.113e-09,0.22260020000000003
1.115e-09,0.22256790000000004
1.117e-09,0.22253599999999996
1.119e-09,0.22250459999999994
1.121e-09,0.2224735000000001
1.123e-09,0.22244279999999994
1.125e-09,0.22241259999999996
1.127e-09,0.22238270000000004
1.129e-09,0.22235320000000003
1.131e-09,0.22232419999999997
1.133e-09,0.2222955000000001
1.135e-09,0.2222672
1.137e-09,0.22223919999999997
1.139e-09,0.22221159999999995
1.141e-09,0.22218440000000006
1.143e-09,0.2221575
1.145e-09,0.22213099999999997
1.147e-09,0.2221048
1.149e-09,0.22207909999999997
1.151e-09,0.22205360000000007
1.153e-09,0.22202840000000001
1.155e-09,0.22200370000000003
1.157e-09,0.22197920000000004
1.159e-09,0.221955
1.161e-09,0.22193109999999994
1.163e-09,0.22190770000000004
1.165e-09,0.22188439999999998
1.167e-09,0.2218616
1.169e-09,0.221839
1.171e-09,0.22181680000000004
1.173e-09,0.2217947
1.175e-09,0.22177310000000006
1.177e-09,0.2217517
1.179e-09,0.2217306
1.181e-09,0.2217097
1.183e-09,0.22168919999999992
1.185e-09,0.2216689999999999
1.187e-09,0.22164899999999998
1.189e-09,0.22162930000000003
1.191e-09,0.22160980000000008
1.193e-09,0.22159059999999997
1.195e-09,0.22157159999999998
1.197e-09,0.22155290000000005
1.1985e-09,0.2215391
1.2e-09,0.22152539999999998
1.2002e-09,0.22152360000000004
1.2006e-09,0.22151999999999994
1.2014e-09,0.22151279999999995
1.203e-09,0.22149839999999998
1.205e-09,0.22148069999999997
1.207e-09,0.22146330000000003
1.209e-09,0.22144609999999998
1.211e-09,0.2214292
1.213e-09,0.22141240000000006
1.215e-09,0.22139589999999998
1.217e-09,0.2213796
1.219e-09,0.2213636
1.221e-09,0.22134779999999998
1.223e-09,0.22133210000000003
1.225e-09,0.22131669999999992
1.227e-09,0.22130149999999993
1.229e-09,0.2212866
1.231e-09,0.22127180000000002
1.233e-09,0.22125720000000004
1.235e-09,0.22124280000000007
1.237e-09,0.2212286
1.239e-09,0.22121459999999993
1.241e-09,0.22120079999999998
1.243e-09,0.22118720000000003
1.245e-09,0.22117390000000003
1.247e-09,0.2211607
1.249e-09,0.2211476
1.251e-09,0.22113479999999996
1.253e-09,0.22112199999999993
1.255e-09,0.22110950000000007
1.257e-09,0.2210972
1.259e-09,0.22108510000000003
1.261e-09,0.2210730999999999
1.263e-09,0.22106119999999996
1.265e-09,0.22104959999999996
1.267e-09,0.22103810000000002
1.269e-09,0.22102670000000002
1.271e-09,0.22101549999999992
1.273e-09,0.22100449999999994
1.275e-09,0.22099370000000007
1.277e-09,0.22098300000000004
1.279e-09,0.22097239999999996
1.281e-09,0.220962
1.283e-09,0.22095170000000008
1.285e-09,0.22094170000000002
1.287e-09,0.22093169999999995
1.289e-09,0.22092179999999995
1.291e-09,0.22091210000000006
1.293e-09,0.22090259999999995
1.295e-09,0.22089309999999995
1.297e-09,0.22088379999999996
1.299e-09,0.2208747000000001
1.301e-09,0.2208656
1.303e-09,0.22085670000000002
1.305e-09,0.22084789999999999
1.307e-09,0.22083930000000007
1.309e-09,0.22083069999999994
1.311e-09,0.22082239999999997
1.313e-09,0.22081399999999995
1.315e-09,0.22080579999999994
1.317e-09,0.22079780000000004
1.319e-09,0.22078989999999998
1.321e-09,0.2207821000000001
1.323e-09,0.22077429999999998
1.325e-09,0.22076669999999998
1.327e-09,0.22075920000000004
1.329e-09,0.22075180000000005
1.331e-09,0.22074439999999995
1.333e-09,0.22073730000000003
1.335e-09,0.2207302
1.337e-09,0.2207232
1.339e-09,0.22071629999999998
1.341e-09,0.2207095
1.343e-09,0.22070289999999992
1.345e-09,0.22069630000000007
1.347e-09,0.22068979999999994
1.349e-09,0.22068339999999997
1.351e-09,0.22067709999999996
1.353e-09,0.22067079999999994
1.355e-09,0.2206648
1.357e-09,0.22065869999999999
1.359e-09,0.22065270000000003
1.361e-09,0.22064689999999998
1.363e-09,0.22064109999999992
1.365e-09,0.2206353000000001
1.367e-09,0.22062969999999993
1.369e-09,0.2206243
1.371e-09,0.22061869999999995
1.373e-09,0.22061340000000007
1.375e-09,0.22060809999999997
1.377e-09,0.2206028
1.379e-09,0.2205977
1.381e-09,0.22059260000000003
1.383e-09,0.2205876
1.385e-09,0.22058270000000002
1.387e-09,0.22057779999999994
1.389e-09,0.22057310000000008
1.391e-09,0.22056829999999994
1.393e-09,0.22056369999999992
1.395e-09,0.2205591
1.397e-09,0.22055459999999993
1.3985e-09,0.2205513
1.4e-09,0.22054790000000002
1.4002e-09,0.22054830000000003
1.4006e-09,0.22055079999999994
1.4014e-09,0.22056410000000004
1.403e-09,0.22058889999999998
1.405e-09,0.2205399
1.407e-09,0.22032229999999997
1.409e-09,0.21987869999999998
1.411e-09,0.21917609999999998
1.413e-09,0.21819739999999999
1.415e-09,0.21693660000000003
1.417e-09,0.21539430000000004
1.419e-09,0.21357609999999994
1.421e-09,0.21149019999999996
1.423e-09,0.2091465
1.425e-09,0.20655639999999997
1.427e-09,0.2037314
1.429e-09,0.2006834999999999
1.431e-09,0.1974245
1.433e-09,0.19396630000000004
1.435e-09,0.1903203
1.437e-09,0.18649780000000005
1.439e-09,0.18250959999999994
1.441e-09,0.17836660000000004
1.443e-09,0.17407870000000003
1.445e-09,0.16965619999999992
1.447e-09,0.16510840000000004
1.449e-09,0.16044480000000005
1.451e-09,0.15567399999999998
1.453e-09,0.15080490000000002
1.455e-09,0.14584569999999997
1.457e-09,0.1408045
1.459e-09,0.1356889
1.461e-09,0.13050630000000008
1.463e-09,0.12526399999999993
1.465e-09,0.11996870000000004
1.467e-09,0.11462709999999998
1.469e-09,0.10924559999999994
1.471e-09,0.10383019999999998
1.473e-09,0.0983868
1.475e-09,0.09292109999999998
1.477e-09,0.08743829999999997
1.479e-09,0.08194370000000006
1.481e-09,0.07644209999999996
1.483e-09,0.07093819999999995
1.485e-09,0.06543670000000001
1.487e-09,0.05994169999999999
1.489e-09,0.05445729999999993
1.491e-09,0.048987400000000014
1.493e-09,0.043535700000000066
1.495e-09,0.03810570000000002
1.497e-09,0.03270070000000003
1.499e-09,0.027323999999999904
1.501e-09,0.021978300000000006
1.503e-09,0.01666650000000003
1.505e-09,0.011391499999999999
1.507e-09,0.006155399999999922
1.509e-09,0.0009608999999999313
1.511e-09,-0.004190099999999974
1.513e-09,-0.009295500000000012
1.515e-09,-0.014353199999999955
1.517e-09,-0.01936150000000003
1.519e-09,-0.02431899999999998
1.521e-09,-0.02922389999999997
1.523e-09,-0.03407479999999996
1.525e-09,-0.03887050000000003
1.527e-09,-0.04360980000000003
1.529e-09,-0.04829169999999994
1.531e-09,-0.052914999999999934
1.533e-09,-0.057479100000000005
1.535e-09,-0.06198300000000001
1.537e-09,-0.06642609999999993
1.539e-09,-0.07080779999999998
1.541e-09,-0.07512740000000007
1.543e-09,-0.07938470000000009
1.545e-09,-0.08357930000000002
1.547e-09,-0.08771070000000003
1.549e-09,-0.09177879999999994
1.551e-09,-0.09578339999999996
1.553e-09,-0.09972440000000005
1.555e-09,-0.10360170000000002
1.557e-09,-0.10741540000000005
1.559e-09,-0.11116550000000003
1.561e-09,-0.11485200000000007
1.563e-09,-0.1184752
1.565e-09,-0.12203520000000001
1.567e-09,-0.12553229999999993
1.569e-09,-0.12896680000000005
1.571e-09,-0.13233889999999993
1.573e-09,-0.13564889999999996
1.575e-09,-0.13889740000000006
1.577e-09,-0.1420846
1.579e-09,-0.14521110000000004
1.581e-09,-0.1482772
1.583e-09,-0.15128350000000002
1.585e-09,-0.1542304
1.587e-09,-0.1571186
1.589e-09,-0.15994849999999994
1.591e-09,-0.16272070000000005
1.593e-09,-0.16543589999999997
1.595e-09,-0.16809450000000004
1.597e-09,-0.1706972
1.5985e-09,-0.17261290000000007
1.6e-09,-0.17450640000000006
1.6002e-09,-0.17475799999999997
1.6006e-09,-0.175261
1.6014e-09,-0.17626189999999997
1.603e-09,-0.1782127
1.605e-09,-0.1804901
1.607e-09,-0.18252159999999995
1.609e-09,-0.18425950000000002
1.611e-09,-0.18567820000000002
1.613e-09,-0.1867662000000001
1.615e-09,-0.18752120000000005
1.617e-09,-0.18794699999999998
1.619e-09,-0.18805150000000004
1.621e-09,-0.18784499999999993
1.623e-09,-0.18733909999999998
1.625e-09,-0.18654650000000006
1.627e-09,-0.18547990000000003
1.629e-09,-0.1841522
1.631e-09,-0.18257619999999997
1.633e-09,-0.1807647
1.635e-09,-0.17872980000000005
1.637e-09,-0.17648319999999995
1.639e-09,-0.1740368
1.641e-09,-0.17140160000000004
1.643e-09,-0.16858830000000002
1.645e-09,-0.16560719999999995
1.647e-09,-0.1624684999999999
1.649e-09,-0.15918180000000004
1.651e-09,-0.15575629999999996
1.653e-09,-0.15220100000000003
1.655e-09,-0.14852449999999995
1.657e-09,-0.1447351
1.659e-09,-0.14084090000000005
1.661e-09,-0.13684960000000002
1.663e-09,-0.1327684
1.665e-09,-0.12860470000000002
1.667e-09,-0.1243651
1.669e-09,-0.12005659999999996
1.671e-09,-0.1156853000000001
1.673e-09,-0.11125739999999995
1.675e-09,-0.1067787
1.677e-09,-0.10225480000000009
1.679e-09,-0.09769149999999993
1.681e-09,-0.0930936
1.683e-09,-0.08846619999999994
1.685e-09,-0.08381430000000001
1.687e-09,-0.0791423
1.689e-09,-0.07445469999999998
1.691e-09,-0.06975549999999997
1.693e-09,-0.06504900000000002
1.695e-09,-0.060338799999999915
1.697e-09,-0.055628800000000034
1.699e-09,-0.050922400000000034
1.701e-09,-0.046222899999999956
1.703e-09,-0.0415335
1.705e-09,-0.036857200000000034
1.707e-09,-0.03219700000000003
1.709e-09,-0.027555400000000008
1.711e-09,-0.022935299999999992
1.713e-09,-0.01833869999999993
1.715e-09,-0.013768300000000067
1.717e-09,-0.009225999999999956
1.719e-09,-0.004714200000000002
1.721e-09,-0.000234400000000079
1.723e-09,0.0042111999999999705
1.725e-09,0.008621199999999996
1.727e-09,0.012993800000000055
1.729e-09,0.0173276
1.731e-09,0.021621200000000007
1.733e-09,0.0258733000000001
1.735e-09,0.030082799999999965
1.737e-09,0.03424839999999996
1.739e-09,0.03836930000000005
1.741e-09,0.04244439999999994
1.743e-09,0.04647299999999999
1.745e-09,0.050454200000000005
1.747e-09,0.05438730000000003
1.749e-09,0.05827190000000004
1.751e-09,0.06210709999999997
1.753e-09,0.06589270000000003
1.755e-09,0.06962820000000003
1.757e-09,0.07331310000000002
1.759e-09,0.07694729999999994
1.761e-09,0.08053030000000005
1.763e-09,0.08406210000000003
1.765e-09,0.08754240000000002
1.767e-09,0.09097109999999997
1.769e-09,0.09434830000000005
1.771e-09,0.09767389999999998
1.773e-09,0.10094770000000008
1.775e-09,0.10417010000000004
1.777e-09,0.10734100000000002
1.779e-09,0.11046060000000002
1.781e-09,0.11352909999999994
1.783e-09,0.1165465
1.785e-09,0.11951310000000004
1.787e-09,0.12242930000000007
1.789e-09,0.1252953
1.791e-09,0.12811129999999993
1.793e-09,0.13087769999999999
1.795e-09,0.1335948
1.797e-09,0.13626300000000002
1.7985e-09,0.13823220000000003
1.8e-09,0.14017420000000003
1.8002e-09,0.14043090000000003
1.8006e-09,0.1409433
1.8014e-09,0.14196219999999993
1.803e-09,0.14397740000000003
1.805e-09,0.14645380000000008
1.807e-09,0.1488836
1.809e-09,0.15126680000000003
1.811e-09,0.15360410000000002
1.813e-09,0.1558959000000001
1.815e-09,0.15814269999999997
1.817e-09,0.16034500000000007
1.819e-09,0.16250330000000002
1.821e-09,0.16461819999999994
1.823e-09,0.16669
1.825e-09,0.16871930000000002
1.827e-09,0.1707069
1.829e-09,0.1726529
1.831e-09,0.174558
1.833e-09,0.17642289999999994
1.835e-09,0.17824790000000001
1.837e-09,0.18003380000000002
1.839e-09,0.18178079999999996
1.841e-09,0.18348969999999998
1.843e-09,0.18516090000000007
1.845e-09,0.1867951
1.847e-09,0.18839280000000003
1.849e-09,0.18995440000000008
1.851e-09,0.1914804
1.853e-09,0.19297160000000002
1.855e-09,0.19442840000000006
1.857e-09,0.19585129999999995
1.859e-09,0.19724089999999994
1.861e-09,0.1985977000000001
1.863e-09,0.1999221
1.865e-09,0.20121489999999997
1.867e-09,0.2024764
1.869e-09,0.20370710000000003
1.871e-09,0.20490770000000003
1.873e-09,0.2060786
1.875e-09,0.20722019999999997
1.877e-09,0.2083332
1.879e-09,0.20941790000000005
1.881e-09,0.21047490000000002
1.883e-09,0.2115047
1.885e-09,0.21250769999999997
1.887e-09,0.21348449999999997
1.889e-09,0.2144355
1.891e-09,0.21536109999999997
1.893e-09,0.2162619
1.895e-09,0.21713820000000006
1.897e-09,0.21799049999999998
1.899e-09,0.2188194
1.901e-09,0.21962519999999996
1.903e-09,0.22040820000000005
1.905e-09,0.22116920000000007
1.907e-09,0.22190829999999995
1.909e-09,0.222626
1.911e-09,0.22332269999999999
1.913e-09,0.22399900000000006
1.915e-09,0.2246551
1.917e-09,0.22529140000000003
1.919e-09,0.22590829999999995
1.921e-09,0.2265064
1.923e-09,0.2270858
1.925e-09,0.22764699999999993
1.927e-09,0.22819040000000002
1.929e-09,0.22871609999999998
1.931e-09,0.229225
1.933e-09,0.2297169
1.935e-09,0.23019250000000002
1.937e-09,0.23065199999999997
1.939e-09,0.23109570000000001
1.941e-09,0.2315241
1.943e-09,0.23193739999999996
1.945e-09,0.232336
1.947e-09,0.23272009999999999
1.949e-09,0.23309009999999997
1.951e-09,0.2334463
1.953e-09,0.23378900000000002
1.955e-09,0.23411859999999995
1.957e-09,0.2344351
1.959e-09,0.23473909999999998
1.961e-09,0.23503070000000004
1.963e-09,0.23531029999999997
1.965e-09,0.2355781
1.967e-09,0.23583429999999994
1.969e-09,0.23607940000000005
1.971e-09,0.2363134
1.973e-09,0.23653670000000004
1.975e-09,0.23674950000000006
1.977e-09,0.23695219999999995
1.979e-09,0.23714469999999999
1.981e-09,0.23732759999999997
1.983e-09,0.2375008999999999
1.985e-09,0.23766510000000007
1.987e-09,0.23782009999999998
1.989e-09,0.23796629999999996
1.991e-09,0.23810379999999998
1.993e-09,0.23823290000000008
1.995e-09,0.23835399999999995
1.997e-09,0.23846690000000004
1.9985e-09,0.2385465
2e-09,0.2386218
2.0002e-09,0.23863159999999994
2.0006e-09,0.23865079999999994
2.0014e-09,0.23868840000000002
2.003e-09,0.2387598999999999
2.005e-09,0.23884300000000003
2.007e-09,0.238919
2.009e-09,0.23898819999999998
2.011e-09,0.2390508
2.013e-09,0.2391069
2.015e-09,0.2391567
2.017e-09,0.23920039999999998
2.019e-09,0.23923820000000007
2.021e-09,0.23927010000000004
2.023e-09,0.2392964999999999
2.025e-09,0.23931729999999996
2.027e-09,0.23933289999999996
2.029e-09,0.23934329999999993
2.031e-09,0.23934870000000008
2.033e-09,0.23934909999999998
2.035e-09,0.23934489999999997
2.037e-09,0.23933609999999994
2.039e-09,0.2393229
2.041e-09,0.2393052
2.043e-09,0.23928349999999998
2.045e-09,0.23925770000000002
2.047e-09,0.23922790000000005
2.049e-09,0.23919440000000003
2.051e-09,0.2391571
2.053e-09,0.23911629999999995
2.055e-09,0.23907199999999995
2.057e-09,0.23902439999999991
2.059e-09,0.2389734
2.061e-09,0.2389196
2.063e-09,0.23886249999999998
2.065e-09,0.2388026000000001
2.067e-09,0.2387399
2.069e-09,0.23867439999999995
2.071e-09,0.2386064
2.073e-09,0.23853590000000002
2.075e-09,0.23846279999999997
2.077e-09,0.23838749999999997
2.079e-09,0.23830980000000002
2.081e-09,0.2382301
2.083e-09,0.23814819999999992
2.085e-09,0.23806439999999995
2.087e-09,0.2379787
2.089e-09,0.23789110000000002
2.091e-09,0.23780159999999995
2.093e-09,0.2377106
2.095e-09,0.237618
2.097e-09,0.2375237
2.099e-09,0.23742809999999992
2.101e-09,0.2373308999999999
2.103e-09,0.23723250000000007
2.105e-09,0.23713280000000003
2.107e-09,0.23703189999999996
2.109e-09,0.23692980000000008
2.111e-09,0.23682670000000006
2.113e-09,0.2367226
2.115e-09,0.2366174000000001
2.117e-09,0.23651129999999998
2.119e-09,0.2364043
2.121e-09,0.23629659999999997
2.123e-09,0.2361881
2.125e-09,0.23607889999999998
2.127e-09,0.23596899999999998
2.129e-09,0.23585850000000008
2.131e-09,0.23574739999999994
2.133e-09,0.2356358999999999
2.135e-09,0.23552379999999995
2.137e-09,0.2354113
2.139e-09,0.23529850000000008
2.141e-09,0.23518519999999998
2.143e-09,0.2350717
2.145e-09,0.2349578
2.147e-09,0.23484379999999994
2.149e-09,0.23472950000000004
2.151e-09,0.23461500000000002
2.153e-09,0.2345005
2.155e-09,0.23438579999999998
2.157e-09,0.23427109999999995
2.159e-09,0.23415640000000004
2.161e-09,0.23404159999999996
2.163e-09,0.23392689999999994
2.165e-09,0.23381220000000003
2.167e-09,0.2336975
2.169e-09,0.23358299999999999
2.171e-09,0.23346869999999997
2.173e-09,0.23335440000000007
2.175e-09,0.23324029999999996
2.177e-09,0.23312659999999996
2.179e-09,0.23301289999999997
2.181e-09,0.23289959999999998
2.183e-09,0.2327865
2.185e-09,0.23267369999999998
2.187e-09,0.23256120000000002
2.189e-09,0.23244900000000002
2.191e-09,0.23233720000000002
2.193e-09,0.23222579999999993
2.195e-09,0.23211480000000007
2.197e-09,0.23200409999999994
2.1985e-09,0.2319213
2.2e-09,0.23183889999999996
2.2002e-09,0.23182789999999998
2.2006e-09,0.23180600000000007
2.2014e-09,0.23176209999999997
2.203e-09,0.23167459999999995
2.205e-09,0.23156569999999999
2.207e-09,0.23145729999999998
2.209e-09,0.23134940000000004
2.211e-09,0.2312419
2.213e-09,0.23113499999999998
2.215e-09,0.23102860000000003
2.217e-09,0.23092279999999998
2.219e-09,0.23081739999999995
2.221e-09,0.2307127
2.223e-09,0.23060839999999994
2.225e-09,0.2305049
2.227e-09,0.2304018
2.229e-09,0.23029940000000004
2.231e-09,0.23019750000000005
2.233e-09,0.23009630000000003
2.235e-09,0.22999560000000008
2.237e-09,0.22989569999999993
2.239e-09,0.22979629999999995
2.241e-09,0.22969759999999995
2.243e-09,0.22959949999999996
2.245e-09,0.22950199999999998
2.247e-09,0.22940519999999998
2.249e-09,0.22930910000000004
2.251e-09,0.22921360000000002
2.253e-09,0.22911880000000007
2.255e-09,0.22902460000000002
2.257e-09,0.2289312
2.259e-09,0.22883829999999994
2.261e-09,0.22874630000000007
2.263e-09,0.22865480000000005
2.265e-09,0.228564
2.267e-09,0.22847399999999995
2.269e-09,0.2283847
2.271e-09,0.2282959
2.273e-09,0.22820799999999997
2.275e-09,0.2281206
2.277e-09,0.22803399999999996
2.279e-09,0.2279481
2.281e-09,0.22786289999999998
2.283e-09,0.2277783
2.285e-09,0.22769450000000002
2.287e-09,0.22761140000000002
2.289e-09,0.22752899999999998
2.291e-09,0.22744720000000007
2.293e-09,0.22736619999999996
2.295e-09,0.22728579999999998
2.297e-09,0.22720620000000002
2.299e-09,0.22712719999999997
2.301e-09,0.22704899999999995
2.303e-09,0.22697140000000005
2.305e-09,0.2268945
2.307e-09,0.22681830000000003
2.309e-09,0.22674269999999996
2.311e-09,0.22666789999999992
2.313e-09,0.22659380000000007
2.315e-09,0.2265203
2.317e-09,0.22644750000000002
2.319e-09,0.2263754
2.321e-09,0.22630400000000006
2.323e-09,0.2262331999999999
2.325e-09,0.226163
2.327e-09,0.2260935999999999
2.329e-09,0.22602480000000003
2.331e-09,0.2259567
2.333e-09,0.22588929999999996
2.335e-09,0.22582250000000004
2.337e-09,0.22575630000000002
2.339e-09,0.22569079999999997
2.341e-09,0.22562590000000005
2.343e-09,0.22556160000000003
2.345e-09,0.22549809999999992
2.347e-09,0.2254351
2.349e-09,0.2253729000000001
2.351e-09,0.2253111000000001
2.353e-09,0.22524999999999995
2.355e-09,0.2251896
2.357e-09,0.22512980000000005
2.359e-09,0.2250706
2.361e-09,0.225012
2.363e-09,0.224954
2.365e-09,0.2248966
2.367e-09,0.22483969999999998
2.369e-09,0.22478359999999997
2.371e-09,0.22472800000000004
2.373e-09,0.22467289999999995
2.375e-09,0.22461849999999994
2.377e-09,0.2245645999999999
2.379e-09,0.22451129999999997
2.381e-09,0.2244585
2.383e-09,0.2244064
2.385e-09,0.22435480000000008
2.387e-09,0.2243037
2.389e-09,0.2242533
2.391e-09,0.2242033
2.393e-09,0.22415390000000002
2.395e-09,0.224105
2.397e-09,0.22405679999999994
2.3985e-09,0.22402089999999997
2.4e-09,0.22398530000000005
2.4002e-09,0.22398049999999992
2.4006e-09,0.22397109999999998
2.4014e-09,0.2239523
2.403e-09,0.22391489999999992
2.405e-09,0.22386879999999998
2.407e-09,0.223823
2.409e-09,0.22377790000000009
2.411e-09,0.22373319999999997
2.413e-09,0.22368900000000003
2.415e-09,0.22364529999999994
2.417e-09,0.22360210000000003
2.419e-09,0.22355940000000007
2.421e-09,0.22351719999999997
2.423e-09,0.22347550000000005
2.425e-09,0.22343420000000003
2.427e-09,0.22339339999999996
2.429e-09,0.22335300000000002
2.431e-09,0.22331329999999994
2.433e-09,0.22327380000000008
2.435e-09,0.2232349
2.437e-09,0.22319640000000007
2.439e-09,0.22315830000000003
2.441e-09,0.2231208
2.443e-09,0.2230837
2.445e-09,0.2230468
2.447e-09,0.2230107
2.449e-09,0.22297480000000003
2.451e-09,0.22293930000000006
2.453e-09,0.22290430000000006
2.455e-09,0.22286969999999995
2.457e-09,0.22283549999999996
2.459e-09,0.2228017
2.461e-09,0.22276830000000003
2.463e-09,0.22273530000000008
2.465e-09,0.22270269999999992
2.467e-09,0.22267060000000005
2.469e-09,0.22263869999999997
2.471e-09,0.22260730000000006
2.473e-09,0.2225762
2.475e-09,0.22254550000000006
2.477e-09,0.22251520000000002
2.479e-09,0.2224853
2.481e-09,0.22245569999999992
2.483e-09,0.22242650000000008
2.485e-09,0.22239769999999992
2.487e-09,0.22236920000000004
2.489e-09,0.222341
2.491e-09,0.2223132
2.493e-09,0.22228579999999998
2.495e-09,0.22225859999999997
2.497e-09,0.22223179999999998
2.499e-09,0.2222054
2.501e-09,0.22217920000000002
2.503e-09,0.22215340000000006
2.505e-09,0.222128
2.507e-09,0.2221027
2.509e-09,0.22207789999999994
2.511e-09,0.22205339999999996
2.513e-09,0.22202909999999998
2.515e-09,0.22200509999999996
2.517e-09,0.2219816
2.519e-09,0.2219582
2.521e-09,0.22193510000000005
2.523e-09,0.2219124
2.525e-09,0.22188989999999997
2.527e-09,0.2218677
2.529e-09,0.2218458000000001
2.531e-09,0.22182419999999992
2.533e-09,0.22180290000000003
2.535e-09,0.22178169999999997
2.537e-09,0.22176099999999999
2.539e-09,0.22174039999999995
2.541e-09,0.22172009999999998
2.543e-09,0.22170009999999996
2.545e-09,0.2216804
2.547e-09,0.2216608
2.549e-09,0.2216416000000001
2.551e-09,0.22162249999999994
2.553e-09,0.2216037999999999
2.555e-09,0.22158529999999999
2.557e-09,0.22156699999999996
2.559e-09,0.22154890000000005
2.561e-09,0.22153109999999998
2.563e-09,0.22151359999999998
2.565e-09,0.22149620000000003
2.567e-09,0.22147910000000004
2.569e-09,0.2214621
2.571e-09,0.22144540000000001
2.573e-09,0.221429
2.575e-09,0.22141270000000002
2.577e-09,0.2213967
2.579e-09,0.2213809
2.581e-09,0.22136519999999993
2.583e-09,0.22134980000000004
2.585e-09,0.22133460000000005
2.587e-09,0.2213197
2.589e-09,0.22130480000000008
2.591e-09,0.2212902
2.593e-09,0.22127580000000002
2.595e-09,0.2212615
2.597e-09,0.22124750000000004
2.5985e-09,0.22123709999999996
2.6e-09,0.22123550000000003
2.6002e-09,0.22123689999999996
2.6006e-09,0.22124089999999996
2.6014e-09,0.2212503
2.603e-09,0.22124470000000007
2.605e-09,0.2211263
2.607e-09,0.22081680000000004
2.609e-09,0.22026809999999997
2.611e-09,0.21945380000000003
2.613e-09,0.21836099999999992
2.615e-09,0.21698620000000002
2.617e-09,0.21533209999999992
2.619e-09,0.21340519999999996
2.621e-09,0.2112143999999999
2.623e-09,0.20877029999999996
2.625e-09,0.2060841
2.627e-09,0.2031676
2.629e-09,0.2000328
2.631e-09,0.1966914999999999
2.633e-09,0.19315530000000003
2.635e-09,0.18943569999999998
2.637e-09,0.18554369999999998
2.639e-09,0.1814903
2.641e-09,0.1772859
2.643e-09,0.17294049999999994
2.645e-09,0.1684641
2.647e-09,0.1638659
2.649e-09,0.15915520000000005
2.651e-09,0.15434100000000006
2.653e-09,0.1494314
2.655e-09,0.14443490000000003
2.657e-09,0.13935920000000002
2.659e-09,0.134212
2.661e-09,0.12900070000000008
2.663e-09,0.12373210000000001
2.665e-09,0.11841329999999994
2.667e-09,0.11305050000000005
2.669e-09,0.10765020000000003
2.671e-09,0.10221819999999993
2.673e-09,0.09676039999999997
2.675e-09,0.09128230000000004
2.677e-09,0.08578920000000001
2.679e-09,0.08028610000000003
2.681e-09,0.07477789999999995
2.683e-09,0.06926920000000003
2.685e-09,0.06376439999999994
2.687e-09,0.05826770000000003
2.689e-09,0.05278329999999998
2.691e-09,0.047314599999999984
2.693e-09,0.041865700000000006
2.695e-09,0.036439699999999964
2.697e-09,0.031039999999999957
2.699e-09,0.025669700000000018
2.701e-09,0.020331500000000058
2.703e-09,0.015028400000000053
2.705e-09,0.009762900000000019
2.707e-09,0.004537400000000025
2.709e-09,-0.0006458000000000297
2.711e-09,-0.00578449999999997
2.713e-09,-0.010876899999999967
2.715e-09,-0.015920799999999957
2.717e-09,-0.02091480000000001
2.719e-09,-0.025857200000000025
2.721e-09,-0.030746400000000063
2.723e-09,-0.03558120000000009
2.725e-09,-0.04036019999999996
2.727e-09,-0.04508230000000002
2.729e-09,-0.049746599999999974
2.731e-09,-0.05435200000000007
2.733e-09,-0.05889770000000005
2.735e-09,-0.06338300000000008
2.737e-09,-0.06780720000000007
2.739e-09,-0.07216960000000006
2.741e-09,-0.07646989999999998
2.743e-09,-0.08070759999999999
2.745e-09,-0.08488230000000008
2.747e-09,-0.08899380000000001
2.749e-09,-0.09304179999999995
2.751e-09,-0.09702630000000001
2.753e-09,-0.10094709999999996
2.755e-09,-0.10480420000000001
2.757e-09,-0.10859739999999996
2.759e-09,-0.11232719999999996
2.761e-09,-0.11599340000000002
2.763e-09,-0.11959629999999999
2.765e-09,-0.12313609999999997
2.767e-09,-0.12661290000000003
2.769e-09,-0.1300272
2.771e-09,-0.13337920000000003
2.773e-09,-0.1366693
2.775e-09,-0.13989790000000002
2.777e-09,-0.14306530000000006
2.779e-09,-0.14617210000000003
2.781e-09,-0.14921879999999998
2.783e-09,-0.1522057
2.785e-09,-0.15513350000000004
2.787e-09,-0.1580026
2.789e-09,-0.1608136
2.791e-09,-0.16356720000000002
2.793e-09,-0.16626380000000007
2.795e-09,-0.16890400000000005
2.797e-09,-0.17148869999999994
2.7985e-09,-0.17339079999999996
2.8e-09,-0.17526229999999998
2.8002e-09,-0.17550920000000003
2.8006e-09,-0.176002
2.8014e-09,-0.17698120000000006
2.803e-09,-0.17891390000000007
2.805e-09,-0.18128220000000006
2.807e-09,-0.18359789999999998
2.809e-09,-0.1858618999999999
2.811e-09,-0.1880748
2.813e-09,-0.1902372
2.815e-09,-0.19234989999999996
2.817e-09,-0.19441359999999996
2.819e-09,-0.19642879999999996
2.821e-09,-0.19839640000000003
2.823e-09,-0.20031699999999997
2.825e-09,-0.20219129999999996
2.827e-09,-0.20402010000000004
2.829e-09,-0.205804
2.831e-09,-0.20754359999999994
2.833e-09,-0.20923979999999998
2.835e-09,-0.210893
2.837e-09,-0.21250420000000003
2.839e-09,-0.21407390000000004
2.841e-09,-0.21560289999999993
2.843e-09,-0.2170917
2.845e-09,-0.21854110000000004
2.847e-09,-0.21995170000000008
2.849e-09,-0.22132439999999998
2.851e-09,-0.22265939999999995
2.853e-09,-0.22395779999999998
2.855e-09,-0.22521990000000003
2.857e-09,-0.22644659999999994
2.859e-09,-0.22763840000000002
2.861e-09,-0.22879590000000005
2.863e-09,-0.22991989999999995
2.865e-09,-0.23101079999999996
2.867e-09,-0.23206939999999998
2.869e-09,-0.23309610000000003
2.871e-09,-0.23409179999999996
2.873e-09,-0.2350567
2.875e-09,-0.23599170000000003
2.877e-09,-0.23689720000000003
2.879e-09,-0.23777389999999998
2.881e-09,-0.23862229999999995
2.883e-09,-0.23944299999999996
2.885e-09,-0.24023640000000002
2.887e-09,-0.24100319999999997
2.889e-09,-0.2417439
2.891e-09,-0.24245889999999992
2.893e-09,-0.24314900000000006
2.895e-09,-0.2438144
2.897e-09,-0.24445590000000006
2.899e-09,-0.24507369999999995
2.901e-09,-0.24566860000000001
2.903e-09,-0.24624089999999998
2.905e-09,-0.24679090000000004
2.907e-09,-0.24731959999999997
2.909e-09,-0.24782700000000002
2.911e-09,-0.24831360000000002
2.913e-09,-0.24878009999999995
2.915e-09,-0.24922679999999997
2.917e-09,-0.2496541000000001
2.919e-09,-0.2500624
2.921e-09,-0.25045229999999996
2.923e-09,-0.25082399999999994
2.925e-09,-0.2511781999999999
2.927e-09,-0.2515149
2.929e-09,-0.2518348
2.931e-09,-0.2521382999999999
2.933e-09,-0.2524256
2.935e-09,-0.25269720000000007
2.937e-09,-0.25295349999999994
2.939e-09,-0.2531947
2.941e-09,-0.2534214
2.943e-09,-0.2536337000000001
2.945e-09,-0.2538321
2.947e-09,-0.2540169
2.949e-09,-0.25418850000000004
2.951e-09,-0.25434710000000005
2.953e-09,-0.2544932000000001
2.955e-09,-0.25462699999999994
2.957e-09,-0.25474870000000005
2.959e-09,-0.25485880000000005
2.961e-09,-0.2549576
2.963e-09,-0.25504519999999997
2.965e-09,-0.2551221
2.967e-09,-0.2551886000000001
2.969e-09,-0.25524479999999994
2.971e-09,-0.2552911
2.973e-09,-0.2553276
2.975e-09,-0.2553548
2.977e-09,-0.25537280000000007
2.979e-09,-0.255382
2.981e-09,-0.25538249999999996
2.983e-09,-0.2553746
2.985e-09,-0.2553586
2.987e-09,-0.25533459999999997
2.989e-09,-0.2553029
2.991e-09,-0.25526380000000004
2.993e-09,-0.25521740000000004
2.995e-09,-0.25516400000000006
2.997e-09,-0.2551038
2.9985e-09,-0.25505430000000007
3e-09,-0.2550099
3.0002e-09,-0.25500539999999994
3.0006e-09,-0.2549971999999999
3.0014e-09,-0.2549817999999999
3.003e-09,-0.2549239000000001
3.005e-09,-0.2547366
3.007e-09,-0.2543552
3.009e-09,-0.2537322999999999
3.011e-09,-0.25284190000000006
3.013e-09,-0.25167130000000004
3.015e-09,-0.25021720000000003
3.017e-09,-0.24848210000000004
3.019e-09,-0.24647249999999998
3.021e-09,-0.24419710000000006
3.023e-09,-0.2416663
3.025e-09,-0.23889119999999997
3.027e-09,-0.23588320000000007
3.029e-09,-0.23265439999999993
3.031e-09,-0.22921610000000003
3.033e-09,-0.22557989999999994
3.035e-09,-0.2217572
3.037e-09,-0.21775869999999997
3.039e-09,-0.21359510000000004
3.041e-09,-0.2092771
3.043e-09,-0.20481439999999995
3.045e-09,-0.20021679999999997
3.047e-09,-0.19549380000000005
3.049e-09,-0.19065430000000005
3.051e-09,-0.18570700000000007
3.053e-09,-0.1806607
3.055e-09,-0.17552330000000005
3.057e-09,-0.17030290000000003
3.059e-09,-0.1650069999999999
3.061e-09,-0.15964279999999997
3.063e-09,-0.1542177
3.065e-09,-0.14873839999999994
3.067e-09,-0.1432114
3.069e-09,-0.1376430999999999
3.071e-09,-0.13203959999999992
3.073e-09,-0.12640669999999998
3.075e-09,-0.12075009999999997
3.077e-09,-0.11507509999999999
3.079e-09,-0.10938690000000006
3.081e-09,-0.10369059999999997
3.083e-09,-0.09799069999999999
3.085e-09,-0.09229189999999998
3.087e-09,-0.08659839999999996
3.089e-09,-0.0809145
3.091e-09,-0.07524409999999992
3.093e-09,-0.06959090000000001
3.095e-09,-0.06395849999999992
3.097e-09,-0.058350400000000024
3.099e-09,-0.052769499999999914
3.101e-09,-0.047219199999999906
3.103e-09,-0.04170220000000002
3.105e-09,-0.03622130000000001
3.107e-09,-0.030778899999999942
3.109e-09,-0.025377699999999948
3.111e-09,-0.020019600000000026
3.113e-09,-0.014707099999999973
3.115e-09,-0.009441900000000003
3.117e-09,-0.004225999999999952
3.119e-09,0.0009390000000000231
3.121e-09,0.006051299999999982
3.123e-09,0.0111097
3.125e-09,0.01611259999999992
3.127e-09,0.02105889999999999
3.129e-09,0.02594720000000006
3.131e-09,0.030776899999999996
3.133e-09,0.03554670000000004
3.135e-09,0.04025590000000001
3.137e-09,0.04490369999999999
3.139e-09,0.049489499999999964
3.141e-09,0.054012599999999966
3.143e-09,0.058472599999999986
3.145e-09,0.06286900000000006
3.147e-09,0.06720150000000003
3.149e-09,0.07146980000000003
3.151e-09,0.07567380000000001
3.153e-09,0.07981309999999997
3.155e-09,0.08388779999999996
3.157e-09,0.08789789999999997
3.159e-09,0.09184309999999996
3.161e-09,0.09572380000000003
3.163e-09,0.09954009999999991
3.165e-09,0.1032921
3.167e-09,0.10697979999999996
3.169e-09,0.11060370000000008
3.171e-09,0.11416400000000004
3.173e-09,0.11766119999999991
3.175e-09,0.12109530000000002
3.177e-09,0.12446689999999994
3.179e-09,0.12777650000000007
3.181e-09,0.13102429999999998
3.183e-09,0.13421099999999997
3.185e-09,0.13733700000000004
3.187e-09,0.14040280000000005
3.189e-09,0.143409
3.191e-09,0.1463561
3.193e-09,0.1492447
3.195e-09,0.15207530000000002
3.197e-09,0.1548488
3.1985e-09,0.15689140000000001
3.2e-09,0.15890250000000006
3.2002e-09,0.15916790000000003
3.2006e-09,0.1596978
3.2014e-09,0.16075080000000008
3.203e-09,0.1628305
3.205e-09,0.165381
3.207e-09,0.16787740000000007
3.209e-09,0.17032029999999998
3.211e-09,0.1727105
3.213e-09,0.17504849999999994
3.215e-09,0.17733520000000003
3.217e-09,0.17957109999999998
3.219e-09,0.18175720000000006
3.221e-09,0.18389370000000005
3.223e-09,0.18598179999999997
3.225e-09,0.18802180000000002
3.227e-09,0.19001460000000003
3.229e-09,0.1919609
3.231e-09,0.19386139999999996
3.233e-09,0.19571680000000002
3.235e-09,0.19752760000000003
3.237e-09,0.1992948
3.239e-09,0.20101900000000006
3.241e-09,0.20270080000000001
3.243e-09,0.20434090000000005
3.245e-09,0.20593990000000006
3.247e-09,0.20749870000000004
3.249e-09,0.20901780000000003
3.251e-09,0.21049790000000002
3.253e-09,0.2119398
3.255e-09,0.21334399999999998
3.257e-09,0.21471110000000004
3.259e-09,0.2160419
3.261e-09,0.21733689999999994
3.263e-09,0.21859700000000004
3.265e-09,0.21982239999999997
3.267e-09,0.2210141
3.269e-09,0.22217260000000005
3.271e-09,0.2232984
3.273e-09,0.22439240000000005
3.275e-09,0.2254547
3.277e-09,0.22648639999999998
3.279e-09,0.2274877999999999
3.281e-09,0.22845950000000004
3.283e-09,0.2294022
3.285e-09,0.23031630000000003
3.287e-09,0.23120249999999998
3.289e-09,0.23206120000000008
3.291e-09,0.23289300000000002
3.293e-09,0.23369850000000003
3.295e-09,0.23447810000000002
3.297e-09,0.23523249999999996
3.299e-09,0.23596210000000006
3.301e-09,0.23666730000000002
3.303e-09,0.23734869999999997
3.305e-09,0.23800700000000008
3.307e-09,0.23864229999999997
3.309e-09,0.23925529999999995
3.311e-09,0.23984649999999996
3.313e-09,0.24041620000000008
3.315e-09,0.24096499999999998
3.317e-09,0.24149330000000002
3.319e-09,0.24200149999999998
3.321e-09,0.24249009999999993
3.323e-09,0.2429595
3.325e-09,0.24341020000000002
3.327e-09,0.24384240000000001
3.329e-09,0.2442567
3.331e-09,0.24465349999999997
3.333e-09,0.24503299999999995
3.335e-09,0.2453959
3.337e-09,0.24574240000000003
3.339e-09,0.2460728000000001
3.341e-09,0.24638760000000004
3.343e-09,0.24668710000000005
3.345e-09,0.2469716999999999
3.347e-09,0.24724180000000007
3.349e-09,0.24749750000000004
3.351e-09,0.2477395
3.353e-09,0.24796790000000002
3.355e-09,0.24818300000000004
3.357e-09,0.24838530000000003
3.359e-09,0.248575
3.361e-09,0.24875239999999998
3.363e-09,0.24891780000000008
3.365e-09,0.24907159999999995
3.367e-09,0.24921400000000005
3.369e-09,0.2493453
3.371e-09,0.24946580000000007
3.373e-09,0.24957570000000007
3.375e-09,0.24967550000000005
3.377e-09,0.24976529999999997
3.379e-09,0.24984529999999994
3.381e-09,0.24991580000000002
3.383e-09,0.2499772
3.385e-09,0.25002959999999996
3.387e-09,0.25007330000000005
3.389e-09,0.2501086
3.391e-09,0.25013549999999996
3.393e-09,0.25015450000000006
3.395e-09,0.2501656
3.397e-09,0.2501692
3.3985e-09,0.2501671
3.4e-09,0.2501609
3.4002e-09,0.2501597
3.4006e-09,0.2501573
3.4014e-09,0.25015160000000003
3.403e-09,0.25013680000000005
3.405e-09,0.2501122
3.407e-09,0.25008109999999995
3.409e-09,0.25004380000000004
3.411e-09,0.25000029999999995
3.413e-09,0.24995080000000003
3.415e-09,0.2498956
3.417e-09,0.24983470000000008
3.419e-09,0.24976849999999995
3.421e-09,0.24969700000000006
3.423e-09,0.24962050000000002
3.425e-09,0.2495391
3.427e-09,0.24945289999999998
3.429e-09,0.24936219999999998
3.431e-09,0.24926700000000002
3.433e-09,0.24916760000000004
3.435e-09,0.24906399999999995
3.437e-09,0.24895639999999997
3.439e-09,0.24884509999999993
3.441e-09,0.24873010000000007
3.443e-09,0.24861140000000004
3.445e-09,0.24848930000000002
3.447e-09,0.24836400000000003
3.449e-09,0.24823549999999994
3.451e-09,0.24810390000000004
3.453e-09,0.24796950000000006
3.455e-09,0.2478321
3.457e-09,0.2476923000000001
3.459e-09,0.24754969999999998
3.461e-09,0.24740470000000003
3.463e-09,0.2472573
3.465e-09,0.24710769999999993
3.467e-09,0.2469559
3.469e-09,0.24680219999999997
3.471e-09,0.24664629999999998
3.473e-09,0.24648880000000006
3.475e-09,0.24632940000000003
3.477e-09,0.24616840000000006
3.479e-09,0.24600579999999994
3.481e-09,0.24584170000000005
3.483e-09,0.24567609999999995
3.485e-09,0.24550930000000004
3.487e-09,0.24534120000000004
3.489e-09,0.24517200000000006
3.491e-09,0.2450017
3.493e-09,0.2448304
3.495e-09,0.2446581
3.497e-09,0.24448499999999995
3.499e-09,0.24431100000000006
3.501e-09,0.24413640000000003
3.503e-09,0.24396099999999998
3.505e-09,0.24378500000000003
3.507e-09,0.2436085
3.509e-09,0.24343150000000002
3.511e-09,0.2432542000000001
3.513e-09,0.24307639999999997
3.515e-09,0.2428983
3.517e-09,0.2427199
3.519e-09,0.24254140000000002
3.521e-09,0.2423628
3.523e-09,0.2421839
3.525e-09,0.24200509999999997
3.527e-09,0.2418262
3.529e-09,0.24164739999999996
3.531e-09,0.24146849999999997
3.533e-09,0.24128990000000006
3.535e-09,0.24111139999999998
3.537e-09,0.2409330999999999
3.539e-09,0.2407551
3.541e-09,0.2405773
3.543e-09,0.2403999
3.545e-09,0.24022279999999996
3.547e-09,0.24004599999999998
3.549e-09,0.23986969999999996
3.551e-09,0.23969380000000007
3.553e-09,0.23951840000000002
3.555e-09,0.23934349999999993
3.557e-09,0.23916919999999997
3.559e-09,0.23899539999999997
3.561e-09,0.23882230000000004
3.563e-09,0.23864960000000002
3.565e-09,0.23847770000000001
3.567e-09,0.2383065000000001
3.569e-09,0.23813589999999996
3.571e-09,0.237966
3.573e-09,0.23779689999999998
3.575e-09,0.23762850000000002
3.577e-09,0.23746079999999992
3.579e-09,0.237294
3.581e-09,0.237128
3.583e-09,0.23696279999999992
3.585e-09,0.23679839999999996
3.587e-09,0.23663500000000004
3.589e-09,0.23647230000000008
3.591e-09,0.23631059999999993
3.593e-09,0.23614979999999997
3.595e-09,0.23598989999999997
3.597e-09,0.23583089999999995
3.5985e-09,0.23571220000000004
3.6e-09,0.23559419999999998
3.6002e-09,0.23557850000000002
3.6006e-09,0.2355471
3.6014e-09,0.23548449999999999
3.603e-09,0.2353596
3.605e-09,0.23520449999999993
3.607e-09,0.2350504
3.609e-09,0.23489720000000003
3.611e-09,0.23474499999999998
3.613e-09,0.23459380000000007
3.615e-09,0.23444370000000003
3.617e-09,0.23429449999999996
3.619e-09,0.23414649999999992
3.621e-09,0.2339992999999999
3.623e-09,0.23385329999999993
3.625e-09,0.2337083000000001
3.627e-09,0.23356450000000006
3.629e-09,0.23342150000000006
3.631e-09,0.23327969999999998
3.633e-09,0.2331390000000001
3.635e-09,0.23299930000000002
3.637e-09,0.23286070000000003
3.639e-09,0.23272320000000002
3.641e-09,0.23258679999999998
3.643e-09,0.23245139999999997
3.645e-09,0.232317
3.647e-09,0.2321839
3.649e-09,0.23205170000000008
3.651e-09,0.23192059999999992
3.653e-09,0.23179059999999996
3.655e-09,0.23166169999999997
3.657e-09,0.23153389999999996
3.659e-09,0.23140720000000004
3.661e-09,0.23128139999999997
3.663e-09,0.2311569
3.665e-09,0.23103339999999994
3.667e-09,0.23091099999999998
3.669e-09,0.23078960000000004
3.671e-09,0.23066930000000008
3.673e-09,0.23054999999999992
3.675e-09,0.23043190000000002
3.677e-09,0.23031479999999993
3.679e-09,0.23019879999999993
3.681e-09,0.23008379999999995
3.683e-09,0.22996990000000006
3.685e-09,0.22985709999999993
3.687e-09,0.22974519999999998
3.689e-09,0.22963449999999996
3.691e-09,0.22952479999999997
3.693e-09,0.2294161
3.695e-09,0.22930839999999997
3.697e-09,0.22920169999999995
3.699e-09,0.22909610000000002
3.701e-09,0.22899150000000001
3.703e-09,0.22888790000000003
3.705e-09,0.22878540000000003
3.707e-09,0.2286838
3.709e-09,0.22858330000000004
3.711e-09,0.22848370000000007
3.713e-09,0.2283851
3.715e-09,0.2282875000000001
3.717e-09,0.22819080000000003
3.719e-09,0.2280953
3.721e-09,0.22800049999999994
3.723e-09,0.22790679999999996
3.725e-09,0.22781410000000002
3.727e-09,0.22772230000000004
3.729e-09,0.22763140000000004
3.731e-09,0.22754149999999995
3.733e-09,0.22745249999999995
3.735e-09,0.2273643999999999
3.737e-09,0.22727730000000002
3.739e-09,0.22719109999999998
3.741e-09,0.22710570000000008
3.743e-09,0.22702129999999998
3.745e-09,0.22693779999999997
3.747e-09,0.22685520000000003
3.749e-09,0.2267734
3.751e-09,0.22669249999999996
3.753e-09,0.2266125
3.755e-09,0.22653330000000005
3.757e-09,0.22645510000000002
3.759e-09,0.22637770000000002
3.761e-09,0.22630110000000003
3.763e-09,0.22622529999999996
3.765e-09,0.22615030000000003
3.767e-09,0.2260763
3.769e-09,0.2260029
3.771e-09,0.22593050000000003
3.773e-09,0.22585889999999997
3.775e-09,0.22578789999999993
3.777e-09,0.22571790000000003
3.779e-09,0.22564859999999998
3.781e-09,0.22558009999999995
3.783e-09,0.22551239999999995
3.785e-09,0.22544540000000002
3.787e-09,0.2253792
3.789e-09,0.22531369999999995
3.791e-09,0.22524889999999997
3.793e-09,0.22518490000000002
3.795e-09,0.2251217000000001
3.797e-09,0.22505920000000001
3.7985e-09,0.2250128
3.8e-09,0.22497539999999994
3.8002e-09,0.22497230000000001
3.8006e-09,0.22496680000000002
3.8014e-09,0.22495739999999997
3.803e-09,0.22491439999999996
3.805e-09,0.22474989999999995
3.807e-09,0.22439510000000007
3.809e-09,0.2238021
3.811e-09,0.22294419999999993
3.813e-09,0.22180869999999997
3.815e-09,0.22039200000000003
3.817e-09,0.21869669999999997
3.819e-09,0.21672940000000007
3.821e-09,0.21449889999999994
3.823e-09,0.21201579999999998
3.825e-09,0.20929109999999995
3.827e-09,0.20633689999999993
3.829e-09,0.20316469999999998
3.831e-09,0.19978659999999993
3.833e-09,0.19621410000000006
3.835e-09,0.1924585000000001
3.837e-09,0.18853109999999995
3.839e-09,0.1844426
3.841e-09,0.18020349999999996
3.843e-09,0.17582370000000003
3.845e-09,0.1713131
3.847e-09,0.16668130000000003
3.849e-09,0.16193709999999994
3.851e-09,0.1570897
3.853e-09,0.15214720000000004
3.855e-09,0.1471178999999999
3.857e-09,0.14200979999999996
3.859e-09,0.13683040000000002
3.861e-09,0.13158709999999996
3.863e-09,0.12628679999999992
3.865e-09,0.1209363
3.867e-09,0.11554220000000004
3.869e-09,0.11011079999999995
3.871e-09,0.10464799999999996
3.873e-09,0.09915940000000001
3.875e-09,0.09365089999999998
3.877e-09,0.08812749999999991
3.879e-09,0.08259440000000007
3.881e-09,0.07705640000000002
3.883e-09,0.07151819999999998
3.885e-09,0.06598389999999998
3.887e-09,0.06045820000000002
3.889e-09,0.05494469999999996
3.891e-09,0.04944749999999998
3.893e-09,0.04397010000000001
3.895e-09,0.03851590000000005
3.897e-09,0.03308820000000001
3.899e-09,0.02769009999999994
3.901e-09,0.02232449999999997
3.903e-09,0.016994100000000012
3.905e-09,0.011701700000000037
3.907e-09,0.006449499999999997
3.909e-09,0.0012398999999999605
3.911e-09,-0.003925100000000015
3.913e-09,-0.009043300000000087
3.915e-09,-0.014112999999999931
3.917e-09,-0.01913239999999994
3.919e-09,-0.024099800000000005
3.921e-09,-0.029013899999999926
3.923e-09,-0.033873299999999995
3.925e-09,-0.03867670000000001
3.927e-09,-0.04342290000000004
3.929e-09,-0.04811090000000007
3.931e-09,-0.0527398
3.933e-09,-0.05730860000000004
3.935e-09,-0.061816800000000005
3.937e-09,-0.06626370000000004
3.939e-09,-0.0706485
3.941e-09,-0.07497090000000006
3.943e-09,-0.07923040000000003
3.945e-09,-0.08342660000000002
3.947e-09,-0.08755939999999995
3.949e-09,-0.0916285
3.951e-09,-0.09563359999999999
3.953e-09,-0.09957479999999996
3.955e-09,-0.1034520000000001
3.957e-09,-0.10726530000000001
3.959e-09,-0.11101459999999996
3.961e-09,-0.11470020000000003
3.963e-09,-0.1183221000000001
3.965e-09,-0.1218807999999999
3.967e-09,-0.1253761000000001
3.969e-09,-0.1288087
3.971e-09,-0.13217879999999993
3.973e-09,-0.13548669999999996
3.975e-09,-0.1387328
3.977e-09,-0.14191759999999998
3.979e-09,-0.1450414
3.981e-09,-0.14810480000000004
3.983e-09,-0.15110830000000008
3.985e-09,-0.15405229999999992
3.987e-09,-0.15693749999999995
3.989e-09,-0.15976440000000003
3.991e-09,-0.1625335
3.993e-09,-0.16524549999999993
3.995e-09,-0.1679008999999999
3.997e-09,-0.1705004
3.9985e-09,-0.17241360000000006
4e-09,-0.1742959999999999
4.0002e-09,-0.17454520000000007
4.0006e-09,-0.17504419999999998
4.0014e-09,-0.17604419999999998
4.003e-09,-0.1780159
4.005e-09,-0.1803513
4.007e-09,-0.1824635
4.009e-09,-0.18429530000000005
4.011e-09,-0.18581480000000006
4.013e-09,-0.187006
4.015e-09,-0.18786389999999997
4.017e-09,-0.18839060000000007
4.019e-09,-0.188593
4.021e-09,-0.18848030000000005
4.023e-09,-0.188064
4.025e-09,-0.18735639999999998
4.027e-09,-0.1863703
4.029e-09,-0.18511849999999996
4.031e-09,-0.18361420000000006
4.033e-09,-0.1818696999999999
4.035e-09,-0.1798976
4.037e-09,-0.17770989999999998
4.039e-09,-0.17531830000000004
4.041e-09,-0.17273400000000005
4.043e-09,-0.16996790000000006
4.045e-09,-0.16703060000000003
4.047e-09,-0.16393229999999992
4.049e-09,-0.1606825999999999
4.051e-09,-0.15729099999999996
4.053e-09,-0.1537666000000001
4.055e-09,-0.15011809999999992
4.057e-09,-0.14635389999999993
4.059e-09,-0.1424822
4.061e-09,-0.1385107000000001
4.063e-09,-0.13444709999999993
4.065e-09,-0.13029849999999998
4.067e-09,-0.12607190000000001
4.069e-09,-0.12177400000000005
4.071e-09,-0.1174113
4.073e-09,-0.11299009999999998
4.075e-09,-0.10851620000000006
4.077e-09,-0.10399539999999996
4.079e-09,-0.09943309999999994
4.081e-09,-0.09483489999999994
4.083e-09,-0.0902056
4.085e-09,-0.08555020000000002
4.087e-09,-0.08087330000000004
4.089e-09,-0.07617940000000001
4.091e-09,-0.07147279999999989
4.093e-09,-0.06675749999999991
4.095e-09,-0.06203740000000002
4.097e-09,-0.05731649999999999
4.099e-09,-0.05259810000000009
4.101e-09,-0.04788559999999997
4.103e-09,-0.0431824999999999
4.105e-09,-0.03849150000000001
4.107e-09,-0.033815700000000004
4.109e-09,-0.02915789999999996
4.111e-09,-0.02452080000000001
4.113e-09,-0.019906700000000055
4.115e-09,-0.015318000000000054
4.117e-09,-0.010757099999999964
4.119e-09,-0.006225799999999948
4.121e-09,-0.0017264999999999642
4.123e-09,0.0027394000000000585
4.125e-09,0.007169899999999951
4.127e-09,0.011563400000000001
4.129e-09,0.015918499999999947
4.131e-09,0.020233500000000015
4.133e-09,0.024507399999999957
4.135e-09,0.028738800000000064
4.137e-09,0.03292660000000003
4.139e-09,0.03706980000000004
4.141e-09,0.041167400000000076
4.143e-09,0.04521849999999994
4.145e-09,0.04922230000000005
4.147e-09,0.05317830000000001
4.149e-09,0.05708550000000001
4.151e-09,0.06094350000000004
4.153e-09,0.06475180000000003
4.155e-09,0.06851000000000007
4.157e-09,0.07221759999999999
4.159e-09,0.07587430000000006
4.161e-09,0.07947990000000005
4.163e-09,0.0830341
4.165e-09,0.08653669999999991
4.167e-09,0.0899877
4.169e-09,0.09338689999999994
4.171e-09,0.09673430000000005
4.173e-09,0.10002999999999995
4.175e-09,0.10327400000000009
4.177e-09,0.10646630000000001
4.179e-09,0.10960709999999996
4.181e-09,0.11269649999999998
4.183e-09,0.11573480000000003
4.185e-09,0.11872210000000005
4.187e-09,0.12165859999999995
4.189e-09,0.12454480000000001
4.191e-09,0.1273807
4.193e-09,0.13016669999999997
4.195e-09,0.1329034
4.197e-09,0.13559069999999995
4.1985e-09,0.13757410000000003
4.2e-09,0.13953899999999997
4.2002e-09,0.1398003
4.2006e-09,0.14032299999999998
4.2014e-09,0.1413639
4.203e-09,0.14339710000000006
4.205e-09,0.1457815
4.207e-09,0.14792309999999997
4.209e-09,0.14977399999999996
4.211e-09,0.15130789999999994
4.213e-09,0.152513
4.215e-09,0.1533867
4.217e-09,0.15393290000000004
4.219e-09,0.15415940000000006
4.221e-09,0.1540764
4.223e-09,0.15369580000000005
4.225e-09,0.15302989999999994
4.227e-09,0.15209190000000006
4.229e-09,0.15089469999999994
4.231e-09,0.14945109999999995
4.233e-09,0.1477739
4.235e-09,0.1458756
4.237e-09,0.14376789999999995
4.239e-09,0.14146250000000005
4.241e-09,0.13897079999999995
4.243e-09,0.13630339999999996
4.245e-09,0.13347089999999995
4.247e-09,0.13048320000000002
4.249e-09,0.1273500999999999
4.251e-09,0.124081
4.253e-09,0.12068480000000004
4.255e-09,0.1171702
4.257e-09,0.11354530000000007
4.259e-09,0.10981839999999998
4.261e-09,0.10599700000000001
4.263e-09,0.10208870000000003
4.265e-09,0.09810029999999992
4.267e-09,0.09403899999999998
4.269e-09,0.08991119999999997
4.271e-09,0.08572330000000006
4.273e-09,0.08148119999999992
4.275e-09,0.07719090000000006
4.277e-09,0.07285799999999998
4.279e-09,0.06848770000000004
4.281e-09,0.06408519999999995
4.283e-09,0.05965560000000003
4.285e-09,0.055203400000000014
4.287e-09,0.05073319999999992
4.289e-09,0.04624919999999999
4.291e-09,0.04175569999999995
4.293e-09,0.03725639999999997
4.295e-09,0.032755199999999984
4.297e-09,0.028255699999999995
4.299e-09,0.023761299999999985
4.301e-09,0.019275199999999937
4.303e-09,0.014800299999999988
4.305e-09,0.010339899999999957
4.307e-09,0.005896499999999971
4.309e-09,0.0014726999999999935
4.311e-09,-0.002928900000000012
4.313e-09,-0.007306000000000035
4.315e-09,-0.011656400000000011
4.317e-09,-0.0159779000000001
4.319e-09,-0.020268699999999917
4.321e-09,-0.024526900000000018
4.323e-09,-0.028750899999999913
4.325e-09,-0.03293889999999999
4.327e-09,-0.03708940000000005
4.329e-09,-0.04120109999999999
4.331e-09,-0.045272599999999996
4.333e-09,-0.04930290000000004
4.335e-09,-0.053290599999999966
4.337e-09,-0.05723489999999998
4.339e-09,-0.061134799999999934
4.341e-09,-0.06498930000000003
4.343e-09,-0.06879789999999997
4.345e-09,-0.0725595
4.347e-09,-0.0762739
4.349e-09,-0.07994029999999996
4.351e-09,-0.08355829999999997
4.353e-09,-0.08712730000000002
4.355e-09,-0.09064709999999998
4.357e-09,-0.09411730000000007
4.359e-09,-0.0975376
4.361e-09,-0.10090789999999994
4.363e-09,-0.10422799999999999
4.365e-09,-0.10749770000000003
4.367e-09,-0.11071719999999996
4.369e-09,-0.11388609999999999
4.371e-09,-0.11700460000000001
4.373e-09,-0.12007280000000009
4.375e-09,-0.12309080000000006
4.377e-09,-0.12605849999999996
4.379e-09,-0.1289764
4.381e-09,-0.13184439999999997
4.383e-09,-0.13466290000000003
4.385e-09,-0.137432
4.387e-09,-0.1401521
4.389e-09,-0.14282339999999993
4.391e-09,-0.14544620000000008
4.393e-09,-0.14802099999999996
4.395e-09,-0.1505479999999999
4.397e-09,-0.1530275000000001
4.3985e-09,-0.15485629999999995
4.4e-09,-0.15665869999999993
4.4002e-09,-0.15689759999999997
4.4006e-09,-0.15737619999999997
4.4014e-09,-0.15833629999999999
4.403e-09,-0.16023189999999998
4.405e-09,-0.16247820000000002
4.407e-09,-0.16450759999999998
4.409e-09,-0.16626240000000003
4.411e-09,-0.16771020000000003
4.413e-09,-0.16883480000000006
4.415e-09,-0.16963080000000008
4.417e-09,-0.1701001000000001
4.419e-09,-0.1702496
4.421e-09,-0.17008829999999997
4.423e-09,-0.1696276
4.425e-09,-0.16887989999999997
4.427e-09,-0.1678577
4.429e-09,-0.166574
4.431e-09,-0.16504169999999996
4.433e-09,-0.1632734
4.435e-09,-0.16128160000000002
4.437e-09,-0.1590781
4.439e-09,-0.1566748
4.441e-09,-0.15408270000000002
4.443e-09,-0.15131280000000003
4.445e-09,-0.14837579999999995
4.447e-09,-0.14528150000000006
4.449e-09,-0.14203979999999994
4.451e-09,-0.13866010000000006
4.453e-09,-0.13515160000000004
4.455e-09,-0.1315227
4.457e-09,-0.12778199999999995
4.459e-09,-0.12393750000000003
4.461e-09,-0.11999700000000002
4.463e-09,-0.11596810000000002
4.465e-09,-0.11185780000000001
4.467e-09,-0.10767309999999997
4.469e-09,-0.10342079999999998
4.471e-09,-0.09910700000000006
4.473e-09,-0.09473810000000005
4.475e-09,-0.09031990000000001
4.477e-09,-0.08585810000000005
4.479e-09,-0.08135809999999999
4.481e-09,-0.07682520000000004
4.483e-09,-0.0722642
4.485e-09,-0.06768010000000002
4.487e-09,-0.06307739999999995
4.489e-09,-0.058460599999999974
4.491e-09,-0.05383379999999993
4.493e-09,-0.04920089999999999
4.495e-09,-0.04456579999999999
4.497e-09,-0.03993230000000003
4.499e-09,-0.0353036000000001
4.501e-09,-0.03068329999999997
4.503e-09,-0.026074199999999936
4.505e-09,-0.021479599999999932
4.507e-09,-0.01690219999999998
4.509e-09,-0.012344599999999928
4.511e-09,-0.007809500000000025
4.513e-09,-0.003299299999999894
4.515e-09,0.0011837999999999571
4.517e-09,0.005637699999999968
4.519e-09,0.01006039999999997
4.521e-09,0.014449800000000068
4.523e-09,0.018804399999999943
4.525e-09,0.023122399999999987
4.527e-09,0.02740229999999999
4.529e-09,0.031642599999999965
4.531e-09,0.03584189999999998
4.533e-09,0.03999920000000001
4.535e-09,0.044113100000000016
4.537e-09,0.04818270000000002
4.539e-09,0.052206900000000056
4.541e-09,0.05618489999999998
4.543e-09,0.0601159
4.545e-09,0.06399910000000009
4.547e-09,0.06783400000000006
4.549e-09,0.07161969999999995
4.551e-09,0.07535599999999998
4.553e-09,0.07904230000000001
4.555e-09,0.08267820000000003
4.557e-09,0.08626339999999999
4.559e-09,0.08979760000000003
4.561e-09,0.0932807
4.563e-09,0.09671230000000008
4.565e-09,0.10009239999999997
4.567e-09,0.10342110000000004
4.569e-09,0.10669800000000007
4.571e-09,0.1099234
4.573e-09,0.11309720000000001
4.575e-09,0.11621950000000003
4.577e-09,0.11929060000000002
4.579e-09,0.12231029999999998
4.581e-09,0.12527909999999998
4.583e-09,0.12819709999999995
4.585e-09,0.13106450000000003
4.587e-09,0.13388160000000005
4.589e-09,0.13664889999999996
4.591e-09,0.13936629999999994
4.593e-09,0.14203449999999995
4.595e-09,0.1446537
4.597e-09,0.14722440000000003
4.5985e-09,0.1491205
4.6e-09,0.15098979999999995
4.6002e-09,0.15123679999999995
4.6006e-09,0.15172980000000003
4.6014e-09,0.15271009999999996
4.603e-09,0.15464809999999996
4.605e-09,0.15702840000000007
4.607e-09,0.15936229999999996
4.609e-09,0.16165030000000002
4.611e-09,0.1638927
4.613e-09,0.16609010000000002
4.615e-09,0.16824280000000003
4.617e-09,0.1703517
4.619e-09,0.17241689999999998
4.621e-09,0.17443910000000007
4.623e-09,0.1764188
4.625e-09,0.17835659999999998
4.627e-09,0.180253
4.629e-09,0.18210840000000006
4.631e-09,0.18392360000000008
4.633e-09,0.1856989
4.635e-09,0.18743489999999996
4.637e-09,0.18913219999999997
4.639e-09,0.1907913
4.641e-09,0.1924129
4.643e-09,0.19399729999999993
4.645e-09,0.19554519999999997
4.647e-09,0.19705719999999993
4.649e-09,0.19853359999999998
4.651e-09,0.19997510000000007
4.653e-09,0.20138240000000007
4.655e-09,0.20275580000000004
4.657e-09,0.20409579999999994
4.659e-09,0.2054032
4.661e-09,0.20667820000000003
4.663e-09,0.2079217
4.665e-09,0.20913389999999998
4.667e-09,0.21031539999999993
4.669e-09,0.2114669
4.671e-09,0.21258870000000007
4.673e-09,0.21368129999999996
4.675e-09,0.21474550000000003
4.677e-09,0.2157813999999999
4.679e-09,0.21678969999999997
4.681e-09,0.2177709000000001
4.683e-09,0.21872550000000002
4.685e-09,0.2196538
4.687e-09,0.2205566
4.689e-09,0.22143409999999997
4.691e-09,0.2222868
4.693e-09,0.22311520000000007
4.695e-09,0.2239198
4.697e-09,0.2247009000000001
4.699e-09,0.22545920000000008
4.701e-09,0.22619500000000003
4.703e-09,0.22690860000000002
4.705e-09,0.2276007
4.707e-09,0.2282715999999999
4.709e-09,0.2289215
4.711e-09,0.22955119999999996
4.713e-09,0.23016080000000005
4.715e-09,0.23075089999999998
4.717e-09,0.23132169999999996
4.719e-09,0.23187380000000002
4.721e-09,0.2324075
4.723e-09,0.232923
4.725e-09,0.233421
4.727e-09,0.23390160000000004
4.729e-09,0.23436539999999995
4.731e-09,0.2348125000000001
4.733e-09,0.23524349999999994
4.735e-09,0.2356585000000001
4.737e-09,0.2360580000000001
4.739e-09,0.23644239999999994
4.741e-09,0.2368117999999999
4.743e-09,0.23716670000000006
4.745e-09,0.23750740000000004
4.747e-09,0.23783410000000005
4.749e-09,0.2381474
4.751e-09,0.23844719999999997
4.753e-09,0.23873410000000006
4.755e-09,0.2390084
4.757e-09,0.23927010000000004
4.759e-09,0.2395199
4.761e-09,0.23975769999999996
4.763e-09,0.2399840000000001
4.765e-09,0.24019900000000005
4.767e-09,0.24040300000000003
4.769e-09,0.24059619999999993
4.771e-09,0.24077899999999997
4.773e-09,0.24095160000000004
4.775e-09,0.24111399999999994
4.777e-09,0.2412668
4.779e-09,0.24140990000000007
4.781e-09,0.24154390000000003
4.783e-09,0.24166889999999996
4.785e-09,0.24178489999999997
4.787e-09,0.2418924
4.789e-09,0.24199160000000008
4.791e-09,0.24208260000000004
4.793e-09,0.24216559999999998
4.795e-09,0.24224100000000004
4.797e-09,0.24230859999999999
4.7985e-09,0.24235459999999998
4.8e-09,0.24239659999999996
4.8002e-09,0.2424018
4.8006e-09,0.24241220000000008
4.8014e-09,0.24243209999999993
4.803e-09,0.24246869999999998
4.805e-09,0.24250820000000006
4.807e-09,0.2425412
4.809e-09,0.2425678
4.811e-09,0.24258820000000003
4.813e-09,0.2426026
4.815e-09,0.24261109999999997
4.817e-09,0.24261389999999994
4.819e-09,0.24261120000000003
4.821e-09,0.242603
4.823e-09,0.24258970000000002
4.825e-09,0.24257130000000005
4.827e-09,0.24254790000000004
4.829e-09,0.24251979999999995
4.831e-09,0.2424871999999999
4.833e-09,0.2424499
4.835e-09,0.24240839999999997
4.837e-09,0.24236270000000004
4.839e-09,0.242313
4.841e-09,0.2422592
4.843e-09,0.24220169999999996
4.845e-09,0.24214049999999998
4.847e-09,0.2420757
4.849e-09,0.24200750000000004
4.851e-09,0.2419361
4.853e-09,0.24186130000000006
4.855e-09,0.24178339999999998
4.857e-09,0.24170270000000005
4.859e-09,0.24161900000000003
4.861e-09,0.24153250000000004
4.863e-09,0.24144339999999997
4.865e-09,0.24135170000000006
4.867e-09,0.24125759999999996
4.869e-09,0.24116100000000007
4.871e-09,0.2410622
4.873e-09,0.2409612
4.875e-09,0.24085810000000007
4.877e-09,0.240753
4.879e-09,0.24064600000000003
4.881e-09,0.24053710000000006
4.883e-09,0.24042640000000004
4.885e-09,0.24031420000000003
4.887e-09,0.24020019999999997
4.889e-09,0.2400848
4.891e-09,0.2399679
4.893e-09,0.2398496
4.895e-09,0.23973
4.897e-09,0.23960920000000008
4.899e-09,0.23948709999999995
4.901e-09,0.23936400000000002
4.903e-09,0.23923989999999995
4.905e-09,0.23911480000000007
4.907e-09,0.23898869999999994
4.909e-09,0.23886170000000007
4.911e-09,0.238734
4.913e-09,0.23860550000000003
4.915e-09,0.23847640000000003
4.917e-09,0.2383464999999999
4.919e-09,0.2382162
4.921e-09,0.2380852
4.923e-09,0.2379538
4.925e-09,0.23782180000000008
4.927e-09,0.2376895
4.929e-09,0.2375569999999999
4.931e-09,0.23742399999999997
4.933e-09,0.23729080000000002
4.935e-09,0.23715739999999996
4.937e-09,0.23702369999999995
4.939e-09,0.2368899
4.941e-09,0.23675610000000002
4.943e-09,0.2366222
4.945e-09,0.23648809999999998
4.947e-09,0.23635419999999996
4.949e-09,0.2362202000000001
4.951e-09,0.23608639999999992
4.953e-09,0.23595260000000007
4.955e-09,0.235819
4.957e-09,0.2356855
4.959e-09,0.23555210000000004
4.961e-09,0.2354191000000001
4.963e-09,0.2352862
4.965e-09,0.23515370000000002
4.967e-09,0.23502140000000005
4.969e-09,0.23488940000000003
4.971e-09,0.23475780000000002
4.973e-09,0.23462649999999996
4.975e-09,0.23449569999999997
4.977e-09,0.23436520000000005
4.979e-09,0.23423519999999998
4.981e-09,0.23410569999999997
4.983e-09,0.23397650000000003
4.985e-09,0.2338479
4.987e-09,0.23371980000000003
4.989e-09,0.23359220000000003
4.991e-09,0.23346520000000004
4.993e-09,0.2333387
4.995e-09,0.23321270000000005
4.997e-09,0.23308740000000006
4.9985e-09,0.23299369999999997
5e-09,0.23290050000000007
5.0002e-09,0.23288889999999995
5.0006e-09,0.23286740000000006
5.0014e-09,0.2328329
5.003e-09,0.2327627
5.005e-09,0.23259569999999996
5.007e-09,0.23226180000000007
5.009e-09,0.23170349999999995
5.011e-09,0.23088790000000003
5.013e-09,0.22979800000000006
5.015e-09,0.22842779999999996
5.017e-09,0.22677780000000003
5.019e-09,0.22485349999999993
5.021e-09,0.22266299999999994
5.023e-09,0.22021610000000003
5.025e-09,0.2175241
5.027e-09,0.21459830000000002
5.029e-09,0.21145059999999993
5.031e-09,0.20809279999999997
5.033e-09,0.20453659999999996
5.035e-09,0.20079329999999995
5.037e-09,0.1968742
5.039e-09,0.19279000000000002
5.041e-09,0.18855139999999992
5.043e-09,0.1841685999999999
5.045e-09,0.17965140000000002
5.047e-09,0.17500929999999992
5.049e-09,0.17025160000000006
5.051e-09,0.1653871
5.053e-09,0.16042440000000002
5.055e-09,0.15537199999999995
5.057e-09,0.15023759999999997
5.059e-09,0.14502910000000002
5.061e-09,0.13975369999999998
5.063e-09,0.13441880000000006
5.065e-09,0.12903110000000007
5.067e-09,0.12359719999999996
5.069e-09,0.11812349999999994
5.071e-09,0.1126161
5.073e-09,0.10708090000000003
5.075e-09,0.10152340000000004
5.077e-09,0.0959492999999999
5.079e-09,0.09036339999999998
5.081e-09,0.08477069999999998
5.083e-09,0.07917609999999997
5.085e-09,0.07358409999999993
5.087e-09,0.06799880000000003
5.089e-09,0.062424499999999994
5.091e-09,0.05686499999999994
5.093e-09,0.051324000000000036
5.095e-09,0.045804999999999985
5.097e-09,0.0403116
5.099e-09,0.03484670000000001
5.101e-09,0.029413299999999976
5.103e-09,0.024014299999999933
5.105e-09,0.018652400000000013
5.107e-09,0.01333020000000007
5.109e-09,0.008049799999999996
5.111e-09,0.0028135000000000243
5.113e-09,-0.0023765000000000036
5.115e-09,-0.007518400000000036
5.117e-09,-0.012610499999999969
5.119e-09,-0.017650799999999967
5.121e-09,-0.022638099999999994
5.123e-09,-0.027570800000000006
5.125e-09,-0.03244759999999991
5.127e-09,-0.03726740000000006
5.129e-09,-0.04202899999999998
5.131e-09,-0.04673150000000004
5.133e-09,-0.05137400000000003
5.135e-09,-0.055955599999999994
5.137e-09,-0.060475600000000074
5.139e-09,-0.06493359999999992
5.141e-09,-0.06932889999999992
5.143e-09,-0.07366109999999992
5.145e-09,-0.07792969999999999
5.147e-09,-0.0821345
5.149e-09,-0.08627509999999994
5.151e-09,-0.09035149999999992
5.153e-09,-0.09436369999999994
5.155e-09,-0.09831129999999999
5.157e-09,-0.10219450000000008
5.159e-09,-0.10601340000000004
5.161e-09,-0.10976789999999992
5.163e-09,-0.11345840000000007
5.165e-09,-0.11708490000000005
5.167e-09,-0.12064779999999997
5.169e-09,-0.12414709999999995
5.171e-09,-0.12758349999999996
5.173e-09,-0.130957
5.175e-09,-0.1342681
5.177e-09,-0.13751729999999995
5.179e-09,-0.14070490000000002
5.181e-09,-0.14383139999999994
5.183e-09,-0.14689740000000007
5.185e-09,-0.14990329999999996
5.187e-09,-0.15284959999999992
5.189e-09,-0.15573700000000001
5.191e-09,-0.15856609999999993
5.193e-09,-0.16133719999999996
5.195e-09,-0.1640511
5.197e-09,-0.16670850000000004
5.1985e-09,-0.16866459999999994
5.2e-09,-0.1705896
5.2002e-09,-0.17084359999999998
5.2006e-09,-0.17135049999999996
5.2014e-09,-0.17235790000000006
5.203e-09,-0.17434660000000002
5.205e-09,-0.1767839
5.207e-09,-0.17916789999999994
5.209e-09,-0.18149939999999998
5.211e-09,-0.18377869999999996
5.213e-09,-0.18600669999999997
5.215e-09,-0.1881841999999999
5.217e-09,-0.19031169999999997
5.219e-09,-0.1923899
5.221e-09,-0.19441969999999997
5.223e-09,-0.19640159999999995
5.225e-09,-0.19833639999999997
5.227e-09,-0.20022469999999992
5.229e-09,-0.2020674
5.231e-09,-0.20386500000000007
5.233e-09,-0.20561830000000003
5.235e-09,-0.2073279
5.237e-09,-0.20899460000000003
5.239e-09,-0.21061910000000006
5.241e-09,-0.212202
5.243e-09,-0.2137441
5.245e-09,-0.2152459
5.247e-09,-0.21670820000000002
5.249e-09,-0.21813169999999993
5.251e-09,-0.21951699999999996
5.253e-09,-0.22086470000000002
5.255e-09,-0.2221757000000001
5.257e-09,-0.22345039999999994
5.259e-09,-0.2246895
5.261e-09,-0.22589360000000003
5.263e-09,-0.22706340000000003
5.265e-09,-0.2281997
5.267e-09,-0.22930279999999992
5.269e-09,-0.2303735
5.271e-09,-0.2314122999999999
5.273e-09,-0.2324199
5.275e-09,-0.23339680000000007
5.277e-09,-0.23434370000000004
5.279e-09,-0.2352611
5.281e-09,-0.23614960000000007
5.283e-09,-0.2370097
5.285e-09,-0.23784210000000006
5.287e-09,-0.2386471
5.289e-09,-0.23942550000000007
5.291e-09,-0.24017770000000005
5.293e-09,-0.2409043999999999
5.295e-09,-0.2416058000000001
5.297e-09,-0.24228269999999996
5.299e-09,-0.24293559999999992
5.301e-09,-0.24356480000000003
5.303e-09,-0.24417090000000008
5.305e-09,-0.2447545000000001
5.307e-09,-0.24531579999999997
5.309e-09,-0.2458555
5.311e-09,-0.24637410000000004
5.313e-09,-0.24687189999999992
5.315e-09,-0.24734939999999994
5.317e-09,-0.24780709999999995
5.319e-09,-0.24824540000000006
5.321e-09,-0.24866480000000002
5.323e-09,-0.24906550000000005
5.325e-09,-0.2494482
5.327e-09,-0.2498131
5.329e-09,-0.2501607
5.331e-09,-0.2504913
5.333e-09,-0.2508055
5.335e-09,-0.2511034999999999
5.337e-09,-0.2513858
5.339e-09,-0.2516526
5.341e-09,-0.25190440000000003
5.343e-09,-0.25214159999999997
5.345e-09,-0.25236440000000004
5.347e-09,-0.2525733
5.349e-09,-0.25276850000000006
5.351e-09,-0.2529504
5.353e-09,-0.2531194
5.355e-09,-0.25327559999999993
5.357e-09,-0.25341959999999997
5.359e-09,-0.2535516
5.361e-09,-0.2536718
5.363e-09,-0.25378080000000003
5.365e-09,-0.2538785
5.367e-09,-0.25396549999999996
5.369e-09,-0.2540418
5.371e-09,-0.25410790000000005
5.373e-09,-0.2541641
5.375e-09,-0.25421060000000006
5.377e-09,-0.25424749999999996
5.379e-09,-0.2542753
5.381e-09,-0.2542942
5.383e-09,-0.2543042999999999
5.385e-09,-0.25430600000000003
5.387e-09,-0.25429959999999996
5.389e-09,-0.25428509999999993
5.391e-09,-0.25426290000000007
5.393e-09,-0.25423320000000005
5.395e-09,-0.2541962
5.397e-09,-0.25415220000000005
5.3985e-09,-0.2541145
5.4e-09,-0.2540732
5.4002e-09,-0.25406739999999994
5.4006e-09,-0.25405559999999994
5.4014e-09,-0.2540312
5.403e-09,-0.2539795
5.405e-09,-0.25390919999999995
5.407e-09,-0.25383290000000003
5.409e-09,-0.2537507
5.411e-09,-0.25366279999999997
5.413e-09,-0.25356940000000006
5.415e-09,-0.2534708
5.417e-09,-0.253367
5.419e-09,-0.25325830000000005
5.421e-09,-0.2531447
5.423e-09,-0.2530266
5.425e-09,-0.252904
5.427e-09,-0.25277700000000003
5.429e-09,-0.2526459
5.431e-09,-0.2525109
5.433e-09,-0.2523719
5.435e-09,-0.25222939999999994
5.437e-09,-0.2520831
5.439e-09,-0.25193350000000003
5.441e-09,-0.25178069999999997
5.443e-09,-0.25162470000000003
5.445e-09,-0.25146560000000007
5.447e-09,-0.2513037
5.449e-09,-0.25113890000000005
5.451e-09,-0.2509716000000001
5.453e-09,-0.2508017
5.455e-09,-0.25062929999999994
5.457e-09,-0.2504546999999999
5.459e-09,-0.2502778
5.461e-09,-0.2500988999999999
5.463e-09,-0.24991810000000003
5.465e-09,-0.2497353
5.467e-09,-0.24955070000000001
5.469e-09,-0.2493645
5.471e-09,-0.24917660000000008
5.473e-09,-0.24898739999999997
5.475e-09,-0.24879660000000003
5.477e-09,-0.24860460000000006
5.479e-09,-0.2484113
5.481e-09,-0.24821690000000007
5.483e-09,-0.24802139999999995
5.485e-09,-0.24782500000000007
5.487e-09,-0.24762760000000006
5.489e-09,-0.2474293999999999
5.491e-09,-0.24723040000000007
5.493e-09,-0.24703069999999994
5.495e-09,-0.2468306
5.497e-09,-0.24662969999999995
5.499e-09,-0.2464284
5.501e-09,-0.24622670000000002
5.503e-09,-0.24602459999999993
5.505e-09,-0.2458222
5.507e-09,-0.24561960000000005
5.509e-09,-0.2454168
5.511e-09,-0.2452139000000001
5.513e-09,-0.24501079999999997
5.515e-09,-0.24480790000000008
5.517e-09,-0.24460490000000001
5.519e-09,-0.244402
5.521e-09,-0.24419920000000006
5.523e-09,-0.2439966
5.525e-09,-0.24379419999999996
5.527e-09,-0.24359209999999998
5.529e-09,-0.24339029999999995
5.531e-09,-0.24318879999999998
5.533e-09,-0.2429878000000001
5.535e-09,-0.24278719999999998
5.537e-09,-0.242587
5.539e-09,-0.24238730000000008
5.541e-09,-0.24218810000000002
5.543e-09,-0.24198960000000003
5.545e-09,-0.2417916
5.547e-09,-0.24159430000000004
5.549e-09,-0.2413976
5.551e-09,-0.24120160000000002
5.553e-09,-0.2410063
5.555e-09,-0.24081180000000002
5.557e-09,-0.24061809999999995
5.559e-09,-0.24042509999999995
5.561e-09,-0.24023300000000003
5.563e-09,-0.24004179999999997
5.565e-09,-0.2398513
5.567e-09,-0.23966180000000004
5.569e-09,-0.23947319999999994
5.571e-09,-0.23928549999999993
5.573e-09,-0.23909880000000006
5.575e-09,-0.2389131
5.577e-09,-0.23872820000000006
5.579e-09,-0.23854450000000005
5.581e-09,-0.23836180000000007
5.583e-09,-0.2381801
5.585e-09,-0.23799939999999997
5.587e-09,-0.23781969999999997
5.589e-09,-0.2376412
5.591e-09,-0.23746370000000006
5.593e-09,-0.23728740000000004
5.595e-09,-0.23711209999999994
5.597e-09,-0.23693799999999998
5.5985e-09,-0.23680820000000002
5.6e-09,-0.23667889999999991
5.6002e-09,-0.23666180000000003
5.6006e-09,-0.2366275
5.6014e-09,-0.23655899999999996
5.603e-09,-0.23642240000000003
5.605e-09,-0.2362529
5.607e-09,-0.23608450000000003
5.609e-09,-0.23591739999999994
5.611e-09,-0.2357513
5.613e-09,-0.23558650000000003
5.615e-09,-0.23542279999999993
5.617e-09,-0.23526029999999998
5.619e-09,-0.2350991
5.621e-09,-0.234939
5.623e-09,-0.2347802
5.625e-09,-0.2346224
5.627e-09,-0.2344661
5.629e-09,-0.2343109
5.631e-09,-0.2341569
5.633e-09,-0.23400409999999994
5.635e-09,-0.23385250000000002
5.637e-09,-0.23370219999999997
5.639e-09,-0.233553
5.641e-09,-0.23340519999999998
5.643e-09,-0.23325850000000004
5.645e-09,-0.23311300000000001
5.647e-09,-0.23296879999999998
5.649e-09,-0.23282579999999997
5.651e-09,-0.23268409999999995
5.653e-09,-0.23254359999999996
5.655e-09,-0.23240419999999995
5.657e-09,-0.23226610000000003
5.659e-09,-0.23212920000000004
5.661e-09,-0.23199350000000007
5.663e-09,-0.23185909999999998
5.665e-09,-0.23172570000000003
5.667e-09,-0.2315937
5.669e-09,-0.23146279999999997
5.671e-09,-0.23133309999999996
5.673e-09,-0.23120470000000004
5.675e-09,-0.2310774
5.677e-09,-0.23095120000000002
5.679e-09,-0.23082629999999993
5.681e-09,-0.23070250000000003
5.683e-09,-0.23058
5.685e-09,-0.23045859999999996
5.687e-09,-0.2303383
5.689e-09,-0.23021919999999996
5.691e-09,-0.23010129999999995
5.693e-09,-0.22998449999999993
5.695e-09,-0.22986879999999998
5.697e-09,-0.22975429999999997
5.699e-09,-0.22964089999999993
5.701e-09,-0.22952870000000003
5.703e-09,-0.2294174
5.705e-09,-0.2293075
5.707e-09,-0.22919849999999997
5.709e-09,-0.22909069999999998
5.711e-09,-0.22898399999999997
5.713e-09,-0.22887829999999998
5.715e-09,-0.22877360000000002
5.717e-09,-0.2286701
5.719e-09,-0.22856770000000004
5.721e-09,-0.22846640000000007
5.723e-09,-0.2283659
5.725e-09,-0.22826669999999993
5.727e-09,-0.22816840000000005
5.729e-09,-0.2280713000000001
5.731e-09,-0.22797500000000004
5.733e-09,-0.22787979999999997
5.735e-09,-0.22778569999999998
5.737e-09,-0.22769249999999996
5.739e-09,-0.22760039999999992
5.741e-09,-0.22750920000000008
5.743e-09,-0.22741899999999993
5.745e-09,-0.22732980000000003
5.747e-09,-0.22724159999999993
5.749e-09,-0.22715420000000008
5.751e-09,-0.22706800000000005
5.753e-09,-0.2269825000000001
5.755e-09,-0.2268981
5.757e-09,-0.22681449999999992
5.759e-09,-0.2267319
5.761e-09,-0.22665029999999997
5.763e-09,-0.22656949999999998
5.765e-09,-0.22648959999999996
5.767e-09,-0.22641060000000002
5.769e-09,-0.2263326
5.771e-09,-0.2262552
5.773e-09,-0.22617900000000002
5.775e-09,-0.22610339999999995
5.777e-09,-0.22602880000000003
5.779e-09,-0.2259549999999999
5.781e-09,-0.22588200000000003
5.783e-09,-0.22581000000000007
5.785e-09,-0.2257386
5.787e-09,-0.22566819999999999
5.789e-09,-0.22559859999999998
5.791e-09,-0.22552970000000006
5.793e-09,-0.2254617
5.795e-09,-0.2253944
5.797e-09,-0.22532790000000003
5.7985e-09,-0.2252786
5.8e-09,-0.22522960000000003
5.8002e-09,-0.22522390000000003
5.8006e-09,-0.22521440000000004
5.8014e-09,-0.22520360000000006
5.803e-09,-0.22518059999999995
5.805e-09,-0.22507270000000001
5.807e-09,-0.22479719999999992
5.809e-09,-0.22429680000000007
5.811e-09,-0.22353839999999991
5.813e-09,-0.2225051
5.815e-09,-0.22119069999999996
5.817e-09,-0.21959589999999996
5.819e-09,-0.21772610000000003
5.821e-09,-0.2155895
5.823e-09,-0.21319600000000005
5.825e-09,-0.21055689999999994
5.827e-09,-0.20768380000000009
5.829e-09,-0.20458830000000006
5.831e-09,-0.20128250000000003
5.833e-09,-0.19777810000000007
5.835e-09,-0.1940864
5.837e-09,-0.19021890000000008
5.839e-09,-0.18618620000000008
5.841e-09,-0.18199909999999997
5.843e-09,-0.17766769999999998
5.845e-09,-0.17320199999999997
5.847e-09,-0.16861139999999997
5.849e-09,-0.16390539999999998
5.851e-09,-0.15909260000000003
5.853e-09,-0.15418189999999998
5.855e-09,-0.14918140000000002
5.857e-09,-0.14409919999999998
5.859e-09,-0.13894289999999998
5.861e-09,-0.1337199
5.863e-09,-0.12843749999999998
5.865e-09,-0.12310240000000006
5.867e-09,-0.11772140000000009
5.869e-09,-0.11230070000000003
5.871e-09,-0.10684649999999996
5.873e-09,-0.10136449999999997
5.875e-09,-0.09586030000000001
5.877e-09,-0.09033950000000002
5.879e-09,-0.08480710000000002
5.881e-09,-0.07926810000000006
5.883e-09,-0.07372709999999993
5.885e-09,-0.06818860000000004
5.887e-09,-0.06265699999999996
5.889e-09,-0.05713629999999992
5.891e-09,-0.051630399999999965
5.893e-09,-0.046143000000000045
5.895e-09,-0.04067760000000009
5.897e-09,-0.03523750000000003
5.899e-09,-0.02982600000000002
5.901e-09,-0.02444590000000002
5.903e-09,-0.01910020000000001
5.905e-09,-0.013791200000000003
5.907e-09,-0.008521800000000024
5.909e-09,-0.0032941000000000775
5.911e-09,0.0018898000000000525
5.913e-09,0.007027499999999964
5.915e-09,0.012117399999999945
5.917e-09,0.017157599999999995
5.919e-09,0.022146299999999952
5.921e-09,0.027082400000000062
5.923e-09,0.03196399999999999
5.925e-09,0.03679010000000005
5.927e-09,0.041559400000000024
5.929e-09,0.04627099999999995
5.931e-09,0.050923699999999905
5.933e-09,0.05551660000000003
5.935e-09,0.060049200000000025
5.937e-09,0.06452060000000004
5.939e-09,0.06893019999999994
5.941e-09,0.07327740000000005
5.943e-09,0.07756190000000007
5.945e-09,0.0817833
5.947e-09,0.08594119999999994
5.949e-09,0.09003550000000005
5.951e-09,0.09406590000000004
5.953e-09,0.09803240000000002
5.955e-09,0.1019348000000001
5.957e-09,0.10577320000000001
5.959e-09,0.10954779999999997
5.961e-09,0.11325839999999998
5.963e-09,0.11690529999999999
5.965e-09,0.12048880000000006
5.967e-09,0.12400900000000004
5.969e-09,0.12746619999999997
5.971e-09,0.13086069999999994
5.973e-09,0.13419289999999995
5.975e-09,0.13746329999999995
5.977e-09,0.14067189999999996
5.979e-09,0.14381960000000005
5.981e-09,0.1469066
5.983e-09,0.1499334
5.985e-09,0.15290060000000005
5.987e-09,0.1558086999999999
5.989e-09,0.15865830000000003
5.991e-09,0.16144989999999992
5.993e-09,0.16418409999999994
5.995e-09,0.1668615
5.997e-09,0.1694827000000001
5.9985e-09,0.17141209999999996
6e-09,0.17331050000000003
6.0002e-09,0.17356099999999997
6.0006e-09,0.17406100000000002
6.0014e-09,0.1750543
6.003e-09,0.1770151000000001
6.005e-09,0.17941800000000008
6.007e-09,0.1817681
6.009e-09,0.1840659
6.011e-09,0.18631209999999998
6.013e-09,0.1885074
6.015e-09,0.1906525
6.017e-09,0.19274800000000003
6.019e-09,0.1947947
6.021e-09,0.19679329999999995
6.023e-09,0.19874429999999998
6.025e-09,0.2006487
6.027e-09,0.20250710000000005
6.029e-09,0.2043201
6.031e-09,0.2060883
6.033e-09,0.20781269999999996
6.035e-09,0.20949380000000006
6.037e-09,0.2111324
6.039e-09,0.21272900000000006
6.041e-09,0.2142845
6.043e-09,0.21579930000000003
6.045e-09,0.21727439999999998
6.047e-09,0.21871030000000002
6.049e-09,0.22010760000000007
6.051e-09,0.22146719999999998
6.053e-09,0.22278939999999992
6.055e-09,0.22407529999999998
6.057e-09,0.22532509999999994
6.059e-09,0.22653980000000007
6.061e-09,0.22771969999999997
6.063e-09,0.22886569999999995
6.065e-09,0.22997840000000003
6.067e-09,0.2310582
6.069e-09,0.23210589999999998
6.071e-09,0.2331221
6.073e-09,0.23410730000000002
6.075e-09,0.23506210000000005
6.077e-09,0.23598720000000006
6.079e-09,0.2368831
6.081e-09,0.23775029999999997
6.083e-09,0.23858939999999995
6.085e-09,0.23940110000000003
6.087e-09,0.2401857999999999
6.089e-09,0.2409439
6.091e-09,0.24167629999999996
6.093e-09,0.2423831999999999
6.095e-09,0.2430652000000001
6.097e-09,0.2437229999999999
6.099e-09,0.24435680000000004
6.101e-09,0.24496739999999995
6.103e-09,0.24555509999999992
6.105e-09,0.24612040000000002
6.107e-09,0.2466638000000001
6.109e-09,0.24718589999999996
6.111e-09,0.24768689999999993
6.113e-09,0.24816740000000004
6.115e-09,0.24862779999999995
6.117e-09,0.24906860000000008
6.119e-09,0.24949030000000005
6.121e-09,0.24989320000000004
6.123e-09,0.25027769999999994
6.125e-09,0.25064430000000004
6.127e-09,0.2509935
6.129e-09,0.25132540000000003
6.131e-09,0.25164069999999994
6.133e-09,0.25193960000000004
6.135e-09,0.25222259999999996
6.137e-09,0.25249010000000005
6.139e-09,0.25274220000000003
6.141e-09,0.2529796000000001
6.143e-09,0.2532025
6.145e-09,0.25341119999999995
6.147e-09,0.2536062
6.149e-09,0.25378770000000006
6.151e-09,0.25395599999999996
6.153e-09,0.25411170000000005
6.155e-09,0.25425469999999994
6.157e-09,0.25438570000000005
6.159e-09,0.2545048
6.161e-09,0.25461239999999996
6.163e-09,0.25470859999999995
6.165e-09,0.25479399999999996
6.167e-09,0.2548688
6.169e-09,0.2549330000000001
6.171e-09,0.2549872000000001
6.173e-09,0.2550316
6.175e-09,0.2550664
6.177e-09,0.25509190000000004
6.179e-09,0.2551084
6.181e-09,0.255116
6.183e-09,0.2551152
6.185e-09,0.2551061
6.187e-09,0.25508870000000006
6.189e-09,0.2550637
6.191e-09,0.255031
6.193e-09,0.2549909
6.195e-09,0.2549437
6.197e-09,0.2548895
6.1985e-09,0.2548446
6.2e-09,0.2547958
6.2002e-09,0.2547897
6.2006e-09,0.2547794
6.2014e-09,0.25476619999999994
6.203e-09,0.2547354999999999
6.205e-09,0.25461330000000004
6.207e-09,0.25431899999999996
6.209e-09,0.2537963
6.211e-09,0.25301280000000004
6.213e-09,0.2519515
6.215e-09,0.25060669999999996
6.217e-09,0.2489789
6.219e-09,0.2470736
6.221e-09,0.24489879999999997
6.223e-09,0.24246440000000002
6.225e-09,0.23978140000000003
6.227e-09,0.2368612
6.229e-09,0.23371560000000002
6.231e-09,0.23035610000000006
6.233e-09,0.2267945
6.235e-09,0.22304200000000007
6.237e-09,0.21910980000000002
6.239e-09,0.21500869999999994
6.241e-09,0.21074899999999996
6.243e-09,0.20634089999999994
6.245e-09,0.2017945
6.247e-09,0.19711900000000004
6.249e-09,0.1923237
6.251e-09,0.18741750000000001
6.253e-09,0.18240900000000004
6.255e-09,0.17730650000000003
6.257e-09,0.1721178000000001
6.259e-09,0.1668508999999999
6.261e-09,0.16151320000000002
6.263e-09,0.15611169999999996
6.265e-09,0.15065360000000005
6.267e-09,0.14514539999999998
6.269e-09,0.13959339999999998
6.271e-09,0.13400410000000007
6.273e-09,0.12838310000000008
6.275e-09,0.12273630000000002
6.277e-09,0.11706930000000004
6.279e-09,0.11138710000000007
6.281e-09,0.10569480000000009
6.283e-09,0.09999720000000001
6.285e-09,0.09429909999999997
6.287e-09,0.08860480000000004
6.289e-09,0.0829185
6.291e-09,0.07724409999999993
6.293e-09,0.07158569999999997
6.295e-09,0.06594660000000008
6.297e-09,0.060330500000000065
6.299e-09,0.05474059999999992
6.301e-09,0.04918020000000001
6.303e-09,0.04365180000000002
6.305e-09,0.03815869999999999
6.307e-09,0.03270300000000004
6.309e-09,0.027287700000000026
6.311e-09,0.021914600000000006
6.313e-09,0.016586299999999943
6.315e-09,0.011304699999999945
6.317e-09,0.006071499999999896
6.319e-09,0.0008886999999999645
6.321e-09,-0.004242100000000026
6.323e-09,-0.009319399999999978
6.325e-09,-0.014341800000000071
6.327e-09,-0.019307999999999992
6.329e-09,-0.024216899999999986
6.331e-09,-0.029067300000000018
6.333e-09,-0.03385830000000001
6.335e-09,-0.03858890000000004
6.337e-09,-0.04325849999999998
6.339e-09,-0.04786619999999997
6.341e-09,-0.0524116
6.343e-09,-0.056894
6.345e-09,-0.061312900000000004
6.347e-09,-0.06566819999999995
6.349e-09,-0.0699594
6.351e-09,-0.07418620000000009
6.353e-09,-0.07834859999999999
6.355e-09,-0.08244629999999997
6.357e-09,-0.08647939999999998
6.359e-09,-0.09044779999999997
6.361e-09,-0.09435159999999998
6.363e-09,-0.09819080000000002
6.365e-09,-0.10196559999999999
6.367e-09,-0.1056764
6.369e-09,-0.1093231
6.371e-09,-0.11290619999999996
6.373e-09,-0.11642569999999997
6.375e-09,-0.11988240000000006
6.377e-09,-0.12327639999999995
6.379e-09,-0.1266081
6.381e-09,-0.1298781000000001
6.383e-09,-0.13308659999999994
6.385e-09,-0.13623430000000003
6.387e-09,-0.1393217
6.389e-09,-0.1423491
6.391e-09,-0.14531729999999998
6.393e-09,-0.14822690000000005
6.395e-09,-0.1510783
6.397e-09,-0.15387210000000007
6.3985e-09,-0.15593009999999996
6.4e-09,-0.15796489999999996
6.4002e-09,-0.15823529999999997
6.4006e-09,-0.15877560000000002
6.4014e-09,-0.15985129999999992
6.403e-09,-0.16195060000000006
6.405e-09,-0.16441150000000004
6.407e-09,-0.16662349999999992
6.409e-09,-0.1685394
6.411e-09,-0.17013290000000003
6.413e-09,-0.17139269999999995
6.415e-09,-0.17231649999999998
6.417e-09,-0.17290819999999996
6.419e-09,-0.1731758
6.421e-09,-0.17312970000000005
6.423e-09,-0.1727816000000001
6.425e-09,-0.17214419999999997
6.427e-09,-0.1712306
6.429e-09,-0.17005370000000009
6.431e-09,-0.1686265
6.433e-09,-0.1669617
6.435e-09,-0.16507159999999999
6.437e-09,-0.1629682
6.439e-09,-0.1606634
6.441e-09,-0.15816819999999998
6.443e-09,-0.1554934
6.445e-09,-0.1526497
6.447e-09,-0.14964690000000003
6.449e-09,-0.14649499999999993
6.451e-09,-0.14320330000000003
6.453e-09,-0.13978050000000009
6.455e-09,-0.13623569999999996
6.457e-09,-0.1325771
6.459e-09,-0.12881259999999994
6.461e-09,-0.1249501999999999
6.463e-09,-0.12099709999999997
6.465e-09,-0.11696070000000003
6.467e-09,-0.11284779999999994
6.469e-09,-0.10866500000000001
6.471e-09,-0.10441880000000003
6.473e-09,-0.10011510000000001
6.475e-09,-0.09575999999999996
6.477e-09,-0.09135930000000003
6.479e-09,-0.0869181
6.481e-09,-0.08244169999999995
6.483e-09,-0.07793529999999993
6.485e-09,-0.07340360000000001
6.487e-09,-0.06885089999999994
6.489e-09,-0.06428210000000001
6.491e-09,-0.059701000000000004
6.493e-09,-0.055111800000000044
6.495e-09,-0.050518300000000016
6.497e-09,-0.04592409999999991
6.499e-09,-0.041332900000000006
6.501e-09,-0.0367478
6.503e-09,-0.03217199999999998
6.505e-09,-0.027608499999999925
6.507e-09,-0.023060299999999923
6.509e-09,-0.0185299000000001
6.511e-09,-0.01402009999999998
6.513e-09,-0.009533199999999908
6.515e-09,-0.005071599999999954
6.517e-09,-0.0006372000000000044
6.519e-09,0.0037677000000000405
6.521e-09,0.008141299999999907
6.523e-09,0.01248170000000004
6.525e-09,0.01678730000000006
6.527e-09,0.021056500000000034
6.529e-09,0.025287699999999913
6.531e-09,0.029479699999999998
6.533e-09,0.033631099999999914
6.535e-09,0.037740899999999966
6.537e-09,0.04180780000000006
6.539e-09,0.0458307
6.541e-09,0.04980899999999999
6.543e-09,0.0537417
6.545e-09,0.0576279999999999
6.547e-09,0.0614671
6.549e-09,0.0652587
6.551e-09,0.06900190000000006
6.553e-09,0.07269649999999994
6.555e-09,0.07634189999999996
6.557e-09,0.0799377
6.559e-09,0.0834838
6.561e-09,0.08697979999999994
6.563e-09,0.09042539999999999
6.565e-09,0.09382049999999997
6.567e-09,0.09716519999999995
6.569e-09,0.10045910000000002
6.571e-09,0.10370239999999997
6.573e-09,0.10689519999999997
6.575e-09,0.1100373
6.577e-09,0.11312889999999998
6.579e-09,0.1161702
6.581e-09,0.11916119999999997
6.583e-09,0.12210209999999999
6.585e-09,0.12499339999999992
6.587e-09,0.12783499999999992
6.589e-09,0.1306273
6.591e-09,0.1333706
6.593e-09,0.1360652
6.595e-09,0.13871139999999993
6.597e-09,0.14130960000000004
6.5985e-09,0.14322689999999993
6.6e-09,0.14511770000000002
6.6002e-09,0.14536749999999998
6.6006e-09,0.14586619999999995
6.6014e-09,0.1468581
6.603e-09,0.1488195
6.605e-09,0.15122959999999996
6.607e-09,0.15359369999999994
6.609e-09,0.1559123
6.611e-09,0.15818569999999998
6.613e-09,0.1604144999999999
6.615e-09,0.1625991
6.617e-09,0.16474
6.619e-09,0.16683789999999998
6.621e-09,0.1688929
6.623e-09,0.17090590000000005
6.625e-09,0.1728771
6.627e-09,0.17480720000000005
6.629e-09,0.17669670000000004
6.631e-09,0.17854599999999998
6.633e-09,0.1803559
6.635e-09,0.18212649999999997
6.637e-09,0.18385870000000004
6.639e-09,0.18555299999999997
6.641e-09,0.18720979999999998
6.643e-09,0.18882949999999998
6.645e-09,0.19041299999999994
6.647e-09,0.19196049999999998
6.649e-09,0.1934728
6.651e-09,0.19495019999999996
6.653e-09,0.1963935
6.655e-09,0.19780280000000006
6.657e-09,0.199179
6.659e-09,0.20052250000000005
6.661e-09,0.20183399999999996
6.663e-09,0.20311370000000006
6.665e-09,0.20436220000000005
6.667e-09,0.20558010000000004
6.669e-09,0.2067679
6.671e-09,0.20792599999999994
6.673e-09,0.20905510000000005
6.675e-09,0.21015549999999994
6.677e-09,0.21122770000000002
6.679e-09,0.21227240000000003
6.681e-09,0.21328989999999992
6.683e-09,0.21428060000000004
6.685e-09,0.21524520000000003
6.687e-09,0.21618400000000004
6.689e-09,0.21709750000000005
6.691e-09,0.21798620000000002
6.693e-09,0.21885049999999995
6.695e-09,0.21969099999999997
6.697e-09,0.22050800000000004
6.699e-09,0.22130190000000005
6.701e-09,0.22207319999999997
6.703e-09,0.22282230000000003
6.705e-09,0.22354970000000007
6.707e-09,0.2242558
6.709e-09,0.2249409
6.711e-09,0.22560559999999996
6.713e-09,0.2262501
6.715e-09,0.2268749
6.717e-09,0.22748040000000003
6.719e-09,0.22806700000000002
6.721e-09,0.22863500000000003
6.723e-09,0.22918480000000008
6.725e-09,0.22971680000000005
6.727e-09,0.23023139999999997
6.729e-09,0.23072890000000001
6.731e-09,0.23120960000000002
6.733e-09,0.23167399999999994
6.735e-09,0.2321223
6.737e-09,0.2325549
6.739e-09,0.23297219999999996
6.741e-09,0.23337439999999998
6.743e-09,0.23376200000000003
6.745e-09,0.23413510000000004
6.747e-09,0.23449409999999993
6.749e-09,0.2348395000000001
6.751e-09,0.2351711999999999
6.753e-09,0.23548990000000003
6.755e-09,0.23579569999999994
6.757e-09,0.2360888
6.759e-09,0.23636970000000002
6.761e-09,0.23663849999999997
6.763e-09,0.23689559999999998
6.765e-09,0.23714119999999994
6.767e-09,0.23737570000000008
6.769e-09,0.2375992
6.771e-09,0.23781200000000002
6.773e-09,0.23801420000000006
6.775e-09,0.23820640000000004
6.777e-09,0.2383887
6.779e-09,0.23856109999999997
6.781e-09,0.2387241
6.783e-09,0.2388779000000001
6.785e-09,0.23902259999999997
6.787e-09,0.2391586
6.789e-09,0.239286
6.791e-09,0.23940499999999998
6.793e-09,0.2395159
6.795e-09,0.23961880000000002
6.797e-09,0.23971399999999998
6.7985e-09,0.2397804
6.8e-09,0.2398427999999999
6.8002e-09,0.23985069999999997
6.8006e-09,0.23986640000000004
6.8014e-09,0.23989719999999992
6.803e-09,0.23995509999999998
6.805e-09,0.2400213
6.807e-09,0.24008079999999998
6.809e-09,0.24013360000000006
6.811e-09,0.24018000000000006
6.813e-09,0.2402202
6.815e-09,0.24025430000000003
6.817e-09,0.24028249999999995
6.819e-09,0.24030490000000004
6.821e-09,0.24032179999999992
6.823e-09,0.24033329999999997
6.825e-09,0.24033949999999993
6.827e-09,0.24034060000000002
6.829e-09,0.2403366
6.831e-09,0.24032799999999999
6.833e-09,0.24031460000000004
6.835e-09,0.24029669999999992
6.837e-09,0.24027430000000005
6.839e-09,0.2402478
6.841e-09,0.24021710000000007
6.843e-09,0.2401822
6.845e-09,0.24014369999999996
6.847e-09,0.24010130000000007
6.849e-09,0.24005530000000008
6.851e-09,0.24000579999999994
6.853e-09,0.23995279999999997
6.855e-09,0.23989660000000002
6.857e-09,0.23983719999999997
6.859e-09,0.23977480000000007
6.861e-09,0.23970940000000007
6.863e-09,0.23964110000000005
6.865e-09,0.2395701
6.867e-09,0.23949639999999994
6.869e-09,0.2394200999999999
6.871e-09,0.23934140000000004
6.873e-09,0.23926029999999998
6.875e-09,0.23917690000000003
6.877e-09,0.2390913
6.879e-09,0.23900359999999998
6.881e-09,0.2389138999999999
6.883e-09,0.23882219999999998
6.885e-09,0.23872870000000002
6.887e-09,0.2386334
6.889e-09,0.23853639999999998
6.891e-09,0.23843769999999997
6.893e-09,0.23833749999999998
6.895e-09,0.2382358
6.897e-09,0.23813269999999997
6.899e-09,0.23802820000000002
6.901e-09,0.2379224000000001
6.903e-09,0.23781549999999996
6.905e-09,0.2377074
6.907e-09,0.23759809999999992
6.909e-09,0.23748790000000009
6.911e-09,0.2373767
6.913e-09,0.23726460000000005
6.915e-09,0.23715149999999996
6.917e-09,0.23703770000000002
6.919e-09,0.2369232
6.921e-09,0.23680790000000007
6.923e-09,0.23669189999999996
6.925e-09,0.2365754
6.927e-09,0.2364583
6.929e-09,0.23634069999999996
6.931e-09,0.23622259999999995
6.933e-09,0.23610410000000004
6.935e-09,0.2359852
6.937e-09,0.23586609999999997
6.939e-09,0.23574660000000003
6.941e-09,0.23562669999999997
6.943e-09,0.23550680000000002
6.945e-09,0.23538670000000006
6.947e-09,0.2352664
6.949e-09,0.23514590000000002
6.951e-09,0.23502539999999994
6.953e-09,0.23490469999999997
6.955e-09,0.2347842
6.957e-09,0.23466370000000003
6.959e-09,0.23454319999999995
6.961e-09,0.23442269999999998
6.963e-09,0.23430240000000002
6.965e-09,0.2341822
6.967e-09,0.23406210000000005
6.969e-09,0.2339422
6.971e-09,0.2338226
6.973e-09,0.2337032
6.975e-09,0.233584
6.977e-09,0.23346519999999993
6.979e-09,0.2333465
6.981e-09,0.2332282
6.983e-09,0.2331103
6.985e-09,0.2329928
6.987e-09,0.2328755
6.989e-09,0.23275879999999993
6.991e-09,0.23264240000000003
6.993e-09,0.23252640000000002
6.995e-09,0.2324109000000001
6.997e-09,0.2322959
6.9985e-09,0.23220990000000008
7e-09,0.23212429999999995
7.0002e-09,0.23211360000000003
7.0006e-09,0.23209420000000003
7.0014e-09,0.23206369999999998
7.003e-09,0.23200129999999997
7.005e-09,0.2318443
7.007e-09,0.2315199
7.009e-09,0.23097100000000004
7.011e-09,0.2301647
7.013e-09,0.2290839
7.015e-09,0.2277226
7.017e-09,0.2260814
7.019e-09,0.22416559999999996
7.021e-09,0.22198340000000005
7.023e-09,0.21954490000000004
7.025e-09,0.21686090000000002
7.027e-09,0.21394310000000005
7.029e-09,0.21080330000000003
7.031e-09,0.2074532
7.033e-09,0.2039046
7.035e-09,0.2001689000000001
7.037e-09,0.1962571999999999
7.039e-09,0.19218049999999998
7.041e-09,0.18794919999999993
7.043e-09,0.1835736
7.045e-09,0.17906339999999998
7.047e-09,0.17442840000000004
7.049e-09,0.16967770000000004
7.051e-09,0.16482020000000008
7.053e-09,0.15986460000000002
7.055e-09,0.15481889999999998
7.057e-09,0.14969129999999997
7.059e-09,0.1444894
7.061e-09,0.13922080000000003
7.063e-09,0.13389250000000008
7.065e-09,0.12851139999999994
7.067e-09,0.12308399999999997
7.069e-09,0.11761679999999997
7.071e-09,0.11211590000000005
7.073e-09,0.10658710000000005
7.075e-09,0.10103609999999996
7.077e-09,0.09546810000000006
7.079e-09,0.08988850000000004
7.081e-09,0.08430210000000005
7.083e-09,0.0787137
7.085e-09,0.07312770000000002
7.087e-09,0.06754850000000001
7.089e-09,0.06198020000000004
7.091e-09,0.05642669999999994
7.093e-09,0.050891599999999926
7.095e-09,0.04537860000000005
7.097e-09,0.03989089999999995
7.099e-09,0.03443180000000001
7.101e-09,0.029004100000000088
7.103e-09,0.023610800000000043
7.105e-09,0.01825449999999995
7.107e-09,0.0129378
7.109e-09,0.007662900000000028
7.111e-09,0.002432100000000048
7.113e-09,-0.002752599999999994
7.115e-09,-0.00788919999999993
7.117e-09,-0.012975799999999982
7.119e-09,-0.018011100000000058
7.121e-09,-0.022993199999999936
7.123e-09,-0.027920799999999968
7.125e-09,-0.0327925
7.127e-09,-0.03760730000000001
7.129e-09,-0.04236399999999996
7.131e-09,-0.047061599999999926
7.133e-09,-0.051699199999999945
7.135e-09,-0.05627610000000005
7.137e-09,-0.0607915
7.139e-09,-0.06524479999999999
7.141e-09,-0.06963560000000002
7.143e-09,-0.0739632
7.145e-09,-0.07822720000000005
7.147e-09,-0.08242760000000005
7.149e-09,-0.08656389999999992
7.151e-09,-0.0906361
7.153e-09,-0.09464400000000006
7.155e-09,-0.09858750000000005
7.157e-09,-0.10246660000000007
7.159e-09,-0.10628130000000002
7.161e-09,-0.11003189999999996
7.163e-09,-0.1137184
7.165e-09,-0.11734100000000003
7.167e-09,-0.12090010000000007
7.169e-09,-0.12439560000000005
7.171e-09,-0.12782819999999995
7.173e-09,-0.13119809999999998
7.175e-09,-0.1345056
7.177e-09,-0.13775120000000007
7.179e-09,-0.14093529999999999
7.181e-09,-0.14405840000000003
7.183e-09,-0.1471209
7.185e-09,-0.15012340000000002
7.187e-09,-0.1530665
7.189e-09,-0.1559507
7.191e-09,-0.15877640000000004
7.193e-09,-0.16154440000000003
7.195e-09,-0.16425520000000005
7.197e-09,-0.16690949999999993
7.1985e-09,-0.1688634
7.2e-09,-0.170786
7.2002e-09,-0.17104050000000004
7.2006e-09,-0.17155030000000004
7.2014e-09,-0.17257139999999993
7.203e-09,-0.1745854
7.205e-09,-0.17697279999999993
7.207e-09,-0.17913619999999997
7.209e-09,-0.18101840000000002
7.211e-09,-0.1825873
7.213e-09,-0.18382710000000002
7.215e-09,-0.18473260000000002
7.217e-09,-0.18530609999999992
7.219e-09,-0.1855542
7.221e-09,-0.18548660000000006
7.223e-09,-0.18511460000000002
7.225e-09,-0.18445050000000007
7.227e-09,-0.18350699999999998
7.229e-09,-0.18229740000000005
7.231e-09,-0.1808343
7.233e-09,-0.17913060000000003
7.235e-09,-0.17719850000000004
7.237e-09,-0.1750503
7.239e-09,-0.17269750000000006
7.241e-09,-0.17015159999999996
7.243e-09,-0.1674234
7.245e-09,-0.16452349999999993
7.247e-09,-0.161462
7.249e-09,-0.15824860000000007
7.251e-09,-0.15489300000000006
7.253e-09,-0.15140409999999993
7.255e-09,-0.1477906
7.257e-09,-0.14406110000000005
7.259e-09,-0.14022369999999995
7.261e-09,-0.13628610000000008
7.263e-09,-0.13225600000000004
7.265e-09,-0.1281405
7.267e-09,-0.12394669999999997
7.269e-09,-0.11968120000000004
7.271e-09,-0.11535060000000008
7.273e-09,-0.11096099999999998
7.275e-09,-0.10651849999999996
7.277e-09,-0.10202880000000003
7.279e-09,-0.09749719999999995
7.281e-09,-0.09292919999999993
7.283e-09,-0.08833000000000002
7.285e-09,-0.08370430000000006
7.287e-09,-0.07905679999999993
7.289e-09,-0.07439189999999996
7.291e-09,-0.0697139
7.293e-09,-0.06502700000000006
7.295e-09,-0.060335099999999975
7.297e-09,-0.055641799999999964
7.299e-09,-0.050950800000000074
7.301e-09,-0.04626540000000001
7.303e-09,-0.04158890000000004
7.305e-09,-0.03692430000000002
7.307e-09,-0.03227460000000004
7.309e-09,-0.027642600000000073
7.311e-09,-0.023030899999999965
7.313e-09,-0.018441799999999953
7.315e-09,-0.013877999999999946
7.317e-09,-0.009341500000000003
7.319e-09,-0.004834499999999964
7.321e-09,-0.00035879999999999246
7.323e-09,0.004083500000000018
7.325e-09,0.008490899999999968
7.327e-09,0.012861500000000081
7.329e-09,0.017194000000000043
7.331e-09,0.021486899999999975
7.333e-09,0.02573890000000001
7.335e-09,0.02994869999999994
7.337e-09,0.03411520000000001
7.339e-09,0.038237500000000035
7.341e-09,0.04231449999999992
7.343e-09,0.04634529999999992
7.345e-09,0.050329200000000074
7.347e-09,0.05426530000000007
7.349e-09,0.058153200000000016
7.351e-09,0.061991999999999936
7.353e-09,0.0657816
7.355e-09,0.06952120000000006
7.357e-09,0.07321070000000007
7.359e-09,0.07684939999999996
7.361e-09,0.08043730000000004
7.363e-09,0.08397409999999994
7.365e-09,0.08745979999999998
7.367e-09,0.09089390000000008
7.369e-09,0.09427659999999993
7.371e-09,0.09760790000000008
7.373e-09,0.10088759999999997
7.375e-09,0.10411580000000009
7.377e-09,0.10729270000000002
7.379e-09,0.11041840000000003
7.381e-09,0.11349290000000001
7.383e-09,0.11651650000000002
7.385e-09,0.11948939999999997
7.387e-09,0.12241170000000001
7.389e-09,0.1252839
7.391e-09,0.12810619999999995
7.393e-09,0.13087879999999996
7.395e-09,0.1336022
7.397e-09,0.13627659999999997
7.3985e-09,0.13825049999999994
7.4e-09,0.14019720000000002
7.4002e-09,0.14045530000000006
7.4006e-09,0.1409722
7.4014e-09,0.14200859999999993
7.403e-09,0.14405600000000007
7.405e-09,0.14649020000000001
7.407e-09,0.14870499999999998
7.409e-09,0.15064260000000007
7.411e-09,0.15227029999999997
7.413e-09,0.1535721
7.415e-09,0.15454239999999997
7.417e-09,0.15518339999999997
7.419e-09,0.1555015999999999
7.421e-09,0.1555065
7.423e-09,0.15520960000000006
7.425e-09,0.1546231
7.427e-09,0.15376
7.429e-09,0.15263329999999997
7.431e-09,0.15125579999999994
7.433e-09,0.1496404
7.435e-09,0.14779949999999997
7.437e-09,0.14574540000000002
7.439e-09,0.14348950000000005
7.441e-09,0.14104359999999994
7.443e-09,0.13841819999999994
7.445e-09,0.13562430000000003
7.447e-09,0.13267190000000006
7.449e-09,0.12957070000000004
7.451e-09,0.12633039999999995
7.453e-09,0.12296000000000007
7.455e-09,0.11946829999999997
7.457e-09,0.11586360000000007
7.459e-09,0.11215409999999992
7.461e-09,0.10834770000000005
7.463e-09,0.10445179999999998
7.465e-09,0.1004737
7.467e-09,0.09642019999999996
7.469e-09,0.0922982
7.471e-09,0.08811390000000008
7.473e-09,0.08387359999999999
7.475e-09,0.07958319999999997
7.477e-09,0.07524819999999999
7.479e-09,0.07087430000000006
7.481e-09,0.06646649999999998
7.483e-09,0.06202989999999997
7.485e-09,0.05756939999999999
7.487e-09,0.05308950000000001
7.489e-09,0.04859440000000004
7.491e-09,0.044088499999999975
7.493e-09,0.039575600000000044
7.495e-09,0.035059799999999974
7.497e-09,0.030544600000000033
7.499e-09,0.026033399999999984
7.501e-09,0.021529600000000038
7.503e-09,0.017036200000000057
7.505e-09,0.012556299999999965
7.507e-09,0.008092600000000005
7.509e-09,0.0036479999999999846
7.511e-09,-0.0007752999999999233
7.513e-09,-0.005174600000000029
7.515e-09,-0.009547799999999995
7.517e-09,-0.01389269999999998
7.519e-09,-0.018207399999999985
7.521e-09,-0.022489900000000063
7.523e-09,-0.0267385
7.525e-09,-0.030951599999999968
7.527e-09,-0.03512750000000009
7.529e-09,-0.03926490000000005
7.531e-09,-0.04336240000000002
7.533e-09,-0.04741879999999998
7.535e-09,-0.051432900000000004
7.537e-09,-0.055403699999999945
7.539e-09,-0.0593302
7.541e-09,-0.06321160000000003
7.543e-09,-0.06704699999999997
7.545e-09,-0.07083570000000006
7.547e-09,-0.074577
7.549e-09,-0.07827030000000001
7.551e-09,-0.08191530000000002
7.553e-09,-0.08551120000000001
7.555e-09,-0.08905790000000002
7.557e-09,-0.0925549
7.559e-09,-0.09600199999999992
7.561e-09,-0.09939890000000007
7.563e-09,-0.10274550000000005
7.565e-09,-0.10604160000000007
7.567e-09,-0.10928720000000003
7.569e-09,-0.11248230000000004
7.571e-09,-0.11562669999999997
7.573e-09,-0.11872059999999995
7.575e-09,-0.12176410000000004
7.577e-09,-0.12475720000000001
7.579e-09,-0.12770009999999998
7.581e-09,-0.13059299999999996
7.583e-09,-0.13343609999999995
7.585e-09,-0.1362297
7.587e-09,-0.13897400000000004
7.589e-09,-0.1416691
7.591e-09,-0.14431569999999994
7.593e-09,-0.14691370000000004
7.595e-09,-0.14946380000000004
7.597e-09,-0.15196620000000005
7.5985e-09,-0.15381199999999995
7.6e-09,-0.15563130000000003
7.6002e-09,-0.1558716
7.6006e-09,-0.15635140000000003
7.6014e-09,-0.15730520000000003
7.603e-09,-0.15919090000000002
7.605e-09,-0.16150680000000006
7.607e-09,-0.1637771
7.609e-09,-0.1660022
7.611e-09,-0.16818270000000002
7.613e-09,-0.170319
7.615e-09,-0.1724116
7.617e-09,-0.17446110000000004
7.619e-09,-0.1764677
7.621e-09,-0.1784323
7.623e-09,-0.1803551
7.625e-09,-0.18223679999999998
7.627e-09,-0.18407779999999996
7.629e-09,-0.1858788
7.631e-09,-0.18764009999999998
7.633e-09,-0.18936240000000004
7.635e-09,-0.19104619999999994
7.637e-09,-0.19269210000000003
7.639e-09,-0.19430040000000004
7.641e-09,-0.19587179999999993
7.643e-09,-0.197407
7.645e-09,-0.19890619999999992
7.647e-09,-0.2003701
7.649e-09,-0.20179939999999996
7.651e-09,-0.2031944
7.653e-09,-0.20455560000000006
7.655e-09,-0.2058837
7.657e-09,-0.20717909999999995
7.659e-09,-0.20844240000000003
7.661e-09,-0.20967419999999992
7.663e-09,-0.21087489999999998
7.665e-09,-0.21204489999999998
7.667e-09,-0.21318500000000007
7.669e-09,-0.21429540000000002
7.671e-09,-0.2153769000000001
7.673e-09,-0.2164298
7.675e-09,-0.2174547
7.677e-09,-0.21845199999999998
7.679e-09,-0.21942229999999996
7.681e-09,-0.22036579999999995
7.683e-09,-0.22128340000000002
7.685e-09,-0.22217529999999996
7.687e-09,-0.22304200000000007
7.689e-09,-0.22388400000000008
7.691e-09,-0.22470179999999995
7.693e-09,-0.22549589999999997
7.695e-09,-0.22626650000000004
7.697e-09,-0.22701419999999994
7.699e-09,-0.22773949999999998
7.701e-09,-0.2284427
7.703e-09,-0.22912429999999995
7.705e-09,-0.22978470000000006
7.707e-09,-0.23042439999999997
7.709e-09,-0.23104360000000002
7.711e-09,-0.23164299999999993
7.713e-09,-0.23222280000000006
7.715e-09,-0.23278339999999997
7.717e-09,-0.2333252
7.719e-09,-0.23384879999999997
7.721e-09,-0.23435419999999996
7.723e-09,-0.234842
7.725e-09,-0.23531259999999998
7.727e-09,-0.23576620000000004
7.729e-09,-0.2362033
7.731e-09,-0.23662420000000006
7.733e-09,-0.23702919999999994
7.735e-09,-0.23741880000000004
7.737e-09,-0.23779309999999998
7.739e-09,-0.23815259999999994
7.741e-09,-0.23849759999999998
7.743e-09,-0.23882839999999994
7.745e-09,-0.2391453
7.747e-09,-0.23944880000000002
7.749e-09,-0.23973880000000003
7.751e-09,-0.240016
7.753e-09,-0.24028039999999995
7.755e-09,-0.24053250000000004
7.757e-09,-0.24077250000000006
7.759e-09,-0.2410006
7.761e-09,-0.24121730000000008
7.763e-09,-0.2414227
7.765e-09,-0.24161719999999998
7.767e-09,-0.24180080000000004
7.769e-09,-0.24197400000000002
7.771e-09,-0.24213699999999994
7.773e-09,-0.24229
7.775e-09,-0.24243329999999996
7.777e-09,-0.24256709999999992
7.779e-09,-0.2426916
7.781e-09,-0.2428072
7.783e-09,-0.24291390000000002
7.785e-09,-0.2430122
7.787e-09,-0.2431021000000001
7.789e-09,-0.24318380000000006
7.791e-09,-0.24325759999999996
7.793e-09,-0.2433238000000001
7.795e-09,-0.2433824
7.797e-09,-0.2434337000000001
7.7985e-09,-0.24346750000000006
7.8e-09,-0.24349739999999997
7.8002e-09,-0.2435018
7.8006e-09,-0.24351239999999996
7.8014e-09,-0.24354110000000007
7.803e-09,-0.24359359999999997
7.805e-09,-0.24357439999999997
7.807e-09,-0.243382
7.809e-09,-0.24295959999999994
7.811e-09,-0.24227469999999995
7.813e-09,-0.24131039999999992
7.815e-09,-0.24006079999999996
7.817e-09,-0.2385269
7.819e-09,-0.23671379999999997
7.821e-09,-0.2346298
7.823e-09,-0.23228499999999996
7.825e-09,-0.22969039999999996
7.827e-09,-0.22685769999999994
7.829e-09,-0.22379860000000007
7.831e-09,-0.22052490000000002
7.833e-09,-0.21704810000000008
7.835e-09,-0.21338009999999996
7.837e-09,-0.20953160000000004
7.839e-09,-0.20551379999999997
7.841e-09,-0.20133710000000005
7.843e-09,-0.19701179999999996
7.845e-09,-0.1925477
7.847e-09,-0.18795430000000002
7.849e-09,-0.183241
7.851e-09,-0.17841669999999998
7.853e-09,-0.17348989999999997
7.855e-09,-0.16846899999999998
7.857e-09,-0.16336209999999995
7.859e-09,-0.1581768
7.861e-09,-0.15292060000000007
7.863e-09,-0.14760079999999998
7.865e-09,-0.14222420000000002
7.867e-09,-0.13679750000000002
7.869e-09,-0.13132709999999992
7.871e-09,-0.12581929999999997
7.873e-09,-0.1202799
7.875e-09,-0.11471469999999995
7.877e-09,-0.10912899999999992
7.879e-09,-0.10352819999999996
7.881e-09,-0.09791719999999993
7.883e-09,-0.09230090000000002
7.885e-09,-0.08668390000000004
7.887e-09,-0.08107059999999999
7.889e-09,-0.07546510000000006
7.891e-09,-0.06987140000000003
7.893e-09,-0.06429340000000006
7.895e-09,-0.05873470000000003
7.897e-09,-0.053198599999999985
7.899e-09,-0.04768849999999991
7.901e-09,-0.04220749999999995
7.903e-09,-0.03675839999999997
7.905e-09,-0.03134400000000004
7.907e-09,-0.025966999999999962
7.909e-09,-0.020629699999999973
7.911e-09,-0.01533439999999997
7.913e-09,-0.010083500000000023
7.915e-09,-0.004878799999999961
7.917e-09,0.0002777999999999947
7.919e-09,0.005384599999999962
7.921e-09,0.010439899999999946
7.923e-09,0.015442100000000014
7.925e-09,0.02039000000000002
7.927e-09,0.02528230000000009
7.929e-09,0.030117700000000025
7.931e-09,0.03489509999999996
7.933e-09,0.039613699999999974
7.935e-09,0.044272700000000054
7.937e-09,0.048871
7.939e-09,0.053408300000000075
7.941e-09,0.057883600000000035
7.943e-09,0.06229669999999998
7.945e-09,0.06664709999999996
7.947e-09,0.0709343
7.949e-09,0.0751581
7.951e-09,0.0793182
7.953e-09,0.08341449999999995
7.955e-09,0.08744680000000005
7.957e-09,0.09141509999999997
7.959e-09,0.09531939999999994
7.961e-09,0.09915980000000002
7.963e-09,0.10293629999999998
7.965e-09,0.10664910000000005
7.967e-09,0.11029829999999996
7.969e-09,0.1138844
7.971e-09,0.1174075
7.973e-09,0.12086770000000002
7.975e-09,0.12426579999999998
7.977e-09,0.12760170000000004
7.979e-09,0.1308762
7.981e-09,0.13408949999999997
7.983e-09,0.13724209999999992
7.985e-09,0.14033449999999992
7.987e-09,0.14336720000000003
7.989e-09,0.14634080000000005
7.991e-09,0.14925580000000005
7.993e-09,0.1521127
7.995e-09,0.15491200000000005
7.997e-09,0.15765459999999998
7.9985e-09,0.15967449999999994
8e-09,0.16166289999999994
8.0002e-09,0.1619254
8.0006e-09,0.16244930000000002
8.0014e-09,0.16349039999999992
8.003e-09,0.16554639999999998
8.005e-09,0.16806769999999993
8.007e-09,0.17053529999999995
8.009e-09,0.17294980000000004
8.011e-09,0.17531200000000002
8.013e-09,0.17762239999999996
8.015e-09,0.17988170000000003
8.017e-09,0.18209069999999994
8.019e-09,0.18425000000000002
8.021e-09,0.18636030000000003
8.023e-09,0.18842230000000004
8.025e-09,0.19043670000000001
8.027e-09,0.19240420000000003
8.029e-09,0.19432549999999993
8.031e-09,0.19620130000000002
8.033e-09,0.1980322
8.035e-09,0.19981899999999997
8.037e-09,0.20156229999999997
8.039e-09,0.20326280000000008
8.041e-09,0.20492130000000008
8.043e-09,0.2065384
8.045e-09,0.20811469999999999
8.047e-09,0.20965089999999997
8.049e-09,0.21114790000000005
8.051e-09,0.21260590000000001
8.053e-09,0.21402600000000005
8.055e-09,0.21540860000000006
8.057e-09,0.21675449999999996
8.059e-09,0.2180643
8.061e-09,0.2193385
8.063e-09,0.22057780000000005
8.065e-09,0.22178299999999995
8.067e-09,0.22295450000000006
8.069e-09,0.224093
8.071e-09,0.22519920000000004
8.073e-09,0.22627350000000002
8.075e-09,0.22731659999999998
8.077e-09,0.22832910000000006
8.079e-09,0.2293115
8.081e-09,0.23026449999999998
8.083e-09,0.23118859999999997
8.085e-09,0.23208430000000002
8.087e-09,0.2329523
8.089e-09,0.23379300000000003
8.091e-09,0.234607
8.093e-09,0.23539480000000002
8.095e-09,0.23615699999999995
8.097e-09,0.23689400000000005
8.099e-09,0.23760649999999994
8.101e-09,0.23829480000000003
8.103e-09,0.23895940000000004
8.105e-09,0.23960099999999995
8.107e-09,0.24021979999999998
8.109e-09,0.2408165
8.111e-09,0.24139140000000003
8.113e-09,0.24194519999999997
8.115e-09,0.24247809999999992
8.117e-09,0.24299060000000006
8.119e-09,0.2434831999999999
8.121e-09,0.24395639999999996
8.123e-09,0.24441049999999997
8.125e-09,0.24484609999999996
8.127e-09,0.24526330000000007
8.129e-09,0.24566279999999996
8.131e-09,0.24604480000000006
8.133e-09,0.2464098
8.135e-09,0.24675809999999998
8.137e-09,0.24709029999999998
8.139e-09,0.24740649999999997
8.141e-09,0.24770729999999996
8.143e-09,0.24799290000000007
8.145e-09,0.24826369999999998
8.147e-09,0.24851999999999996
8.149e-09,0.2487623
8.151e-09,0.2489908999999999
8.153e-09,0.24920600000000004
8.155e-09,0.24940790000000002
8.157e-09,0.24959710000000002
8.159e-09,0.2497739
8.161e-09,0.24993850000000006
8.163e-09,0.25009120000000007
8.165e-09,0.2502323999999999
8.167e-09,0.25036230000000004
8.169e-09,0.25048119999999996
8.171e-09,0.2505895
8.173e-09,0.25068730000000006
8.175e-09,0.2507750999999999
8.177e-09,0.25085289999999993
8.179e-09,0.2509211
8.181e-09,0.2509800000000001
8.183e-09,0.25102979999999997
8.185e-09,0.2510707
8.187e-09,0.25110299999999997
8.189e-09,0.251127
8.191e-09,0.25114290000000006
8.193e-09,0.25115070000000006
8.195e-09,0.251151
8.197e-09,0.2511437000000001
8.1985e-09,0.2511334999999999
8.2e-09,0.25111930000000005
8.2002e-09,0.2511179
8.2006e-09,0.2511166
8.2014e-09,0.2511217
8.203e-09,0.25112730000000005
8.205e-09,0.25104950000000004
8.207e-09,0.2507992
8.209e-09,0.25031950000000003
8.211e-09,0.24957799999999997
8.213e-09,0.2485581
8.215e-09,0.24725370000000002
8.217e-09,0.2456655000000001
8.219e-09,0.243799
8.221e-09,0.24166220000000005
8.223e-09,0.23926530000000001
8.225e-09,0.2366189999999999
8.227e-09,0.23373500000000003
8.229e-09,0.23062500000000008
8.231e-09,0.22730059999999996
8.233e-09,0.22377369999999996
8.235e-09,0.22005530000000006
8.237e-09,0.21615700000000004
8.239e-09,0.21208919999999998
8.241e-09,0.2078626
8.243e-09,0.20348730000000004
8.245e-09,0.1989732999999999
8.247e-09,0.19433
8.249e-09,0.18956659999999992
8.251e-09,0.18469199999999997
8.253e-09,0.1797149
8.255e-09,0.1746436
8.257e-09,0.16948609999999997
8.259e-09,0.16425
8.261e-09,0.15894279999999994
8.263e-09,0.15357180000000004
8.265e-09,0.1481439
8.267e-09,0.14266579999999995
8.269e-09,0.13714369999999998
8.271e-09,0.13158409999999998
8.273e-09,0.12599280000000002
8.275e-09,0.12037529999999996
8.277e-09,0.11473749999999994
8.279e-09,0.10908430000000002
8.281e-09,0.10342089999999993
8.283e-09,0.09775210000000001
8.285e-09,0.09208240000000001
8.287e-09,0.0864163
8.289e-09,0.08075810000000005
8.291e-09,0.07511160000000006
8.293e-09,0.06948090000000007
8.295e-09,0.06386940000000008
8.297e-09,0.058280700000000074
8.299e-09,0.052717899999999984
8.301e-09,0.04718420000000001
8.303e-09,0.0416825999999999
8.305e-09,0.03621579999999991
8.307e-09,0.03078650000000005
8.309e-09,0.025397000000000003
8.311e-09,0.020049800000000007
8.313e-09,0.014747000000000066
8.315e-09,0.009490600000000016
8.317e-09,0.004282499999999967
8.319e-09,-0.0008753999999999706
8.321e-09,-0.005981699999999979
8.323e-09,-0.011034699999999953
8.325e-09,-0.016033000000000075
8.327e-09,-0.020975500000000036
8.329e-09,-0.025860800000000017
8.331e-09,-0.030687799999999932
8.333e-09,-0.03545580000000004
8.335e-09,-0.040163599999999966
8.337e-09,-0.04481070000000009
8.339e-09,-0.0493962
8.341e-09,-0.05391950000000001
8.343e-09,-0.05838019999999999
8.345e-09,-0.06277769999999994
8.347e-09,-0.06711179999999994
8.349e-09,-0.07138199999999995
8.351e-09,-0.0755882
8.353e-09,-0.07973019999999997
8.355e-09,-0.0838078000000001
8.357e-09,-0.08782090000000009
8.359e-09,-0.0917696
8.361e-09,-0.09565409999999996
8.363e-09,-0.09947420000000007
8.365e-09,-0.10323020000000005
8.367e-09,-0.10692219999999997
8.369e-09,-0.11055059999999994
8.371e-09,-0.11411559999999998
8.373e-09,-0.11761729999999992
8.375e-09,-0.12105640000000006
8.377e-09,-0.12443300000000002
8.379e-09,-0.12774759999999996
8.381e-09,-0.13100069999999997
8.383e-09,-0.1341926
8.385e-09,-0.13732389999999994
8.387e-09,-0.14039500000000005
8.389e-09,-0.1434067
8.391e-09,-0.14635920000000002
8.393e-09,-0.14925319999999997
8.395e-09,-0.15208940000000004
8.397e-09,-0.1548682
8.3985e-09,-0.15691509999999997
8.4e-09,-0.15893029999999997
8.4002e-09,-0.15919629999999996
8.4006e-09,-0.15972730000000002
8.4014e-09,-0.16078250000000005
8.403e-09,-0.16286650000000003
8.405e-09,-0.16542239999999997
8.407e-09,-0.16792419999999997
8.409e-09,-0.17037259999999999
8.411e-09,-0.17276809999999998
8.413e-09,-0.17511149999999998
8.415e-09,-0.1774034000000001
8.417e-09,-0.17964460000000004
8.419e-09,-0.18183569999999993
8.421e-09,-0.18397739999999996
8.423e-09,-0.18607050000000003
8.425e-09,-0.1881155
8.427e-09,-0.19011330000000004
8.429e-09,-0.19206450000000008
8.431e-09,-0.19396970000000002
8.433e-09,-0.19582980000000005
8.435e-09,-0.19764530000000002
8.437e-09,-0.1994170999999999
8.439e-09,-0.20114569999999998
8.441e-09,-0.2028318
8.443e-09,-0.2044762
8.445e-09,-0.20607949999999997
8.447e-09,-0.2076424
8.449e-09,-0.20916559999999995
8.451e-09,-0.21064969999999994
8.453e-09,-0.21209540000000005
8.455e-09,-0.2135034
8.457e-09,-0.21487420000000002
8.459e-09,-0.21620860000000008
8.461e-09,-0.2175071999999999
8.463e-09,-0.21877059999999993
8.465e-09,-0.21999950000000001
8.467e-09,-0.22119450000000007
8.469e-09,-0.22235610000000006
8.471e-09,-0.2234851
8.473e-09,-0.2245819
8.475e-09,-0.22564720000000005
8.477e-09,-0.22668169999999999
8.479e-09,-0.22768580000000005
8.481e-09,-0.22866030000000004
8.483e-09,-0.22960540000000007
8.485e-09,-0.2305219999999999
8.487e-09,-0.23141060000000002
8.489e-09,-0.2322715999999999
8.491e-09,-0.23310569999999997
8.493e-09,-0.2339133
8.495e-09,-0.234695
8.497e-09,-0.23545139999999998
8.499e-09,-0.23618280000000003
8.501e-09,-0.23688979999999993
8.503e-09,-0.23757309999999998
8.505e-09,-0.23823299999999992
8.507e-09,-0.23886990000000008
8.509e-09,-0.23948440000000004
8.511e-09,-0.24007699999999998
8.513e-09,-0.24064810000000003
8.515e-09,-0.24119820000000003
8.517e-09,-0.2417277000000001
8.519e-09,-0.24223720000000004
8.521e-09,-0.2427267999999999
8.523e-09,-0.24319730000000006
8.525e-09,-0.2436488
8.527e-09,-0.24408189999999996
8.529e-09,-0.24449710000000002
8.531e-09,-0.24489459999999996
8.533e-09,-0.24527489999999996
8.535e-09,-0.24563840000000003
8.537e-09,-0.24598540000000002
8.539e-09,-0.2463164000000001
8.541e-09,-0.24663159999999995
8.543e-09,-0.24693160000000003
8.545e-09,-0.24721650000000006
8.547e-09,-0.2474867999999999
8.549e-09,-0.2477429000000001
8.551e-09,-0.247985
8.553e-09,-0.24821349999999998
8.555e-09,-0.2484288
8.557e-09,-0.24863099999999994
8.559e-09,-0.24882080000000006
8.561e-09,-0.2489981
8.563e-09,-0.24916340000000003
8.565e-09,-0.24931709999999996
8.567e-09,-0.24945929999999994
8.569e-09,-0.24959030000000004
8.571e-09,-0.24971050000000006
8.573e-09,-0.24982020000000005
8.575e-09,-0.24991960000000002
8.577e-09,-0.2500089
8.579e-09,-0.25008849999999994
8.581e-09,-0.25015870000000007
8.583e-09,-0.25021950000000004
8.585e-09,-0.2502713
8.587e-09,-0.25031439999999994
8.589e-09,-0.2503491
8.591e-09,-0.2503754
8.593e-09,-0.2503936
8.595e-09,-0.2504041
8.597e-09,-0.2504069
8.5985e-09,-0.2504043
8.6e-09,-0.2503974
8.6002e-09,-0.2503963
8.6006e-09,-0.2503936
8.6014e-09,-0.2503875
8.603e-09,-0.2503721
8.605e-09,-0.2503466999999999
8.607e-09,-0.2503147
8.609e-09,-0.25027639999999995
8.611e-09,-0.25023190000000006
8.613e-09,-0.2501816
8.615e-09,-0.25012539999999994
8.617e-09,-0.2500635
8.619e-09,-0.24999630000000006
8.621e-09,-0.24992380000000003
8.623e-09,-0.2498461999999999
8.625e-09,-0.24976370000000003
8.627e-09,-0.24967649999999997
8.629e-09,-0.24958460000000005
8.631e-09,-0.24948819999999994
8.633e-09,-0.24938760000000004
8.635e-09,-0.24928300000000003
8.637e-09,-0.2491742
8.639e-09,-0.24906170000000005
8.641e-09,-0.24894539999999998
8.643e-09,-0.24882559999999998
8.645e-09,-0.24870230000000004
8.647e-09,-0.24857569999999996
8.649e-09,-0.2484459
8.651e-09,-0.24831309999999995
8.653e-09,-0.24817730000000005
8.655e-09,-0.24803870000000006
8.657e-09,-0.2478975
8.659e-09,-0.24775360000000002
8.661e-09,-0.24760720000000003
8.663e-09,-0.24745859999999997
8.665e-09,-0.24730770000000002
8.667e-09,-0.2471546
8.669e-09,-0.24699939999999998
8.671e-09,-0.24684230000000007
8.673e-09,-0.24668330000000005
8.675e-09,-0.24652259999999993
8.677e-09,-0.24636009999999997
8.679e-09,-0.24619619999999998
8.681e-09,-0.2460308
8.683e-09,-0.24586379999999997
8.685e-09,-0.24569569999999996
8.687e-09,-0.24552609999999997
8.689e-09,-0.24535550000000006
8.691e-09,-0.24518379999999995
8.693e-09,-0.24501110000000004
8.695e-09,-0.24483739999999998
8.697e-09,-0.24466290000000002
8.699e-09,-0.24448749999999997
8.701e-09,-0.24431150000000001
8.703e-09,-0.24413469999999993
8.705e-09,-0.2439574
8.707e-09,-0.24377949999999993
8.709e-09,-0.24360120000000007
8.711e-09,-0.24342229999999998
8.713e-09,-0.24324310000000005
8.715e-09,-0.2430637
8.717e-09,-0.242884
8.719e-09,-0.24270399999999992
8.721e-09,-0.2425238999999999
8.723e-09,-0.2423438
8.725e-09,-0.2421635000000001
8.727e-09,-0.2419833
8.729e-09,-0.241803
8.731e-09,-0.24162289999999997
8.733e-09,-0.24144290000000002
8.735e-09,-0.241263
8.737e-09,-0.24108340000000006
8.739e-09,-0.240904
8.741e-09,-0.24072479999999996
8.743e-09,-0.24054609999999998
8.745e-09,-0.2403675999999999
8.747e-09,-0.2401895999999999
8.749e-09,-0.24001189999999994
8.751e-09,-0.23983469999999996
8.753e-09,-0.23965800000000004
8.755e-09,-0.23948189999999991
8.757e-09,-0.23930620000000002
8.759e-09,-0.23913109999999993
8.761e-09,-0.23895660000000007
8.763e-09,-0.23878280000000007
8.765e-09,-0.23860950000000003
8.767e-09,-0.238437
8.769e-09,-0.23826519999999995
8.771e-09,-0.23809400000000003
8.773e-09,-0.2379236
8.775e-09,-0.23775400000000002
8.777e-09,-0.2375851
8.779e-09,-0.23741709999999994
8.781e-09,-0.23724980000000007
8.783e-09,-0.23708339999999994
8.785e-09,-0.23691790000000001
8.787e-09,-0.23675309999999994
8.789e-09,-0.2365893
8.791e-09,-0.23642640000000004
8.793e-09,-0.23626440000000004
8.795e-09,-0.23610330000000002
8.797e-09,-0.23594320000000002
8.7985e-09,-0.23582369999999997
8.8e-09,-0.23571350000000002
8.8002e-09,-0.23570049999999998
8.8006e-09,-0.23567550000000004
8.8014e-09,-0.2356275
8.803e-09,-0.23550729999999997
8.805e-09,-0.2352472000000001
8.807e-09,-0.2347979
8.809e-09,-0.23411169999999992
8.811e-09,-0.23316190000000003
8.813e-09,-0.23193600000000003
8.815e-09,-0.23043020000000003
8.817e-09,-0.2286471
8.819e-09,-0.22659319999999994
8.821e-09,-0.2242771
8.823e-09,-0.22170940000000006
8.825e-09,-0.21890129999999997
8.827e-09,-0.21586420000000006
8.829e-09,-0.21260999999999997
8.831e-09,-0.20915040000000007
8.833e-09,-0.20549699999999993
8.835e-09,-0.2016612000000001
8.837e-09,-0.19765369999999993
8.839e-09,-0.19348549999999998
8.841e-09,-0.18916690000000003
8.843e-09,-0.18470799999999998
8.845e-09,-0.18011849999999996
8.847e-09,-0.17540790000000006
8.849e-09,-0.17058510000000005
8.851e-09,-0.16565890000000005
8.853e-09,-0.1606379
8.855e-09,-0.15553019999999995
8.857e-09,-0.15034380000000003
8.859e-09,-0.1450859
8.861e-09,-0.13976409999999995
8.863e-09,-0.13438550000000005
8.865e-09,-0.12895670000000004
8.867e-09,-0.12348429999999999
8.869e-09,-0.11797449999999998
8.871e-09,-0.11243329999999996
8.873e-09,-0.10686660000000003
8.875e-09,-0.10127989999999998
8.877e-09,-0.09567839999999994
8.879e-09,-0.09006720000000001
8.881e-09,-0.08445120000000006
8.883e-09,-0.07883509999999994
8.885e-09,-0.07322329999999999
8.887e-09,-0.06762000000000001
8.889e-09,-0.06202920000000001
8.891e-09,-0.05645469999999997
8.893e-09,-0.05090030000000001
8.895e-09,-0.04536950000000006
8.897e-09,-0.03986539999999994
8.899e-09,-0.03439110000000001
8.901e-09,-0.028949700000000078
8.903e-09,-0.023543800000000004
8.905e-09,-0.01817610000000003
8.907e-09,-0.012849100000000058
8.909e-09,-0.0075648999999999855
8.911e-09,-0.002325899999999992
8.913e-09,0.002865899999999977
8.915e-09,0.008008800000000038
8.917e-09,0.013100899999999971
8.919e-09,0.01814070000000001
8.921e-09,0.02312649999999994
8.923e-09,0.02805729999999995
8.925e-09,0.032931399999999944
8.927e-09,0.0377478
8.929e-09,0.04250560000000003
8.931e-09,0.04720360000000001
8.933e-09,0.05184120000000003
8.935e-09,0.05641739999999995
8.937e-09,0.060931599999999975
8.939e-09,0.06538329999999992
8.941e-09,0.06977200000000006
8.943e-09,0.07409719999999997
8.945e-09,0.07835839999999994
8.947e-09,0.08255559999999995
8.949e-09,0.0866884
8.951e-09,0.09075679999999997
8.953e-09,0.09476059999999997
8.955e-09,0.0986996
8.957e-09,0.1025741
8.959e-09,0.10638409999999998
8.961e-09,0.11012960000000005
8.963e-09,0.11381089999999994
8.965e-09,0.11742810000000004
8.967e-09,0.12098160000000002
8.969e-09,0.12447149999999996
8.971e-09,0.1278982999999999
8.973e-09,0.13126230000000005
8.975e-09,0.1345638
8.977e-09,0.13780330000000007
8.979e-09,0.1409813000000001
8.981e-09,0.14409819999999995
8.983e-09,0.14715449999999997
8.985e-09,0.15015080000000003
8.987e-09,0.15308749999999993
8.989e-09,0.15596529999999997
8.991e-09,0.15878480000000006
8.993e-09,0.1615464000000001
8.995e-09,0.16425100000000004
8.997e-09,0.16689890000000007
8.9985e-09,0.1688482
9e-09,0.17076609999999992
9.0002e-09,0.1710201
9.0006e-09,0.17152849999999997
9.0014e-09,0.17254709999999995
9.003e-09,0.1745561
9.005e-09,0.17693749999999997
9.007e-09,0.17909469999999994
9.009e-09,0.18097090000000005
9.011e-09,0.18253379999999997
9.013e-09,0.18376749999999997
9.015e-09,0.18466719999999992
9.017e-09,0.18523480000000003
9.019e-09,0.1854772
9.021e-09,0.18540389999999995
9.023e-09,0.18502609999999997
9.025e-09,0.18435639999999998
9.027e-09,0.18340749999999995
9.029e-09,0.18219229999999997
9.031e-09,0.1807238
9.033e-09,0.17901469999999997
9.035e-09,0.17707740000000005
9.037e-09,0.17492399999999997
9.039e-09,0.1725662
9.041e-09,0.17001519999999992
9.043e-09,0.1672821
9.045e-09,0.16437729999999995
9.047e-09,0.16131099999999998
9.049e-09,0.15809299999999993
9.051e-09,0.15473270000000006
9.053e-09,0.15123929999999997
9.055e-09,0.1476214
9.057e-09,0.14388770000000006
9.059e-09,0.140046
9.061e-09,0.13610429999999996
9.063e-09,0.13207020000000003
9.065e-09,0.12795080000000003
9.067e-09,0.12375310000000006
9.069e-09,0.11948400000000003
9.071e-09,0.11514959999999996
9.073e-09,0.11075659999999998
9.075e-09,0.10631060000000003
9.077e-09,0.1018175
9.079e-09,0.0972828
9.081e-09,0.09271180000000001
9.083e-09,0.0881094
9.085e-09,0.08348080000000002
9.087e-09,0.07883039999999997
9.089e-09,0.07416290000000003
9.091e-09,0.06948240000000006
9.093e-09,0.06479299999999999
9.095e-09,0.0600986
9.097e-09,0.05540300000000009
9.099e-09,0.05070980000000003
9.101e-09,0.04602240000000002
9.103e-09,0.04134380000000004
9.105e-09,0.03667740000000008
9.107e-09,0.03202589999999994
9.109e-09,0.027392199999999978
9.111e-09,0.022778799999999988
9.113e-09,0.018188299999999935
9.115e-09,0.01362299999999994
9.117e-09,0.009085099999999957
9.119e-09,0.0045767999999999365
9.121e-09,0.00010010000000004737
9.123e-09,-0.004343399999999997
9.125e-09,-0.008751799999999976
9.127e-09,-0.013123299999999949
9.129e-09,-0.017456599999999933
9.131e-09,-0.0217503
9.133e-09,-0.02600289999999994
9.135e-09,-0.0302133
9.137e-09,-0.03438039999999998
9.139e-09,-0.03850310000000001
9.141e-09,-0.042580400000000074
9.143e-09,-0.046611599999999975
9.145e-09,-0.05059559999999996
9.147e-09,-0.05453190000000008
9.149e-09,-0.05841989999999997
9.151e-09,-0.062258900000000006
9.153e-09,-0.06604840000000001
9.155e-09,-0.06978799999999996
9.157e-09,-0.07347720000000002
9.159e-09,-0.07711579999999996
9.161e-09,-0.08070349999999993
9.163e-09,-0.08424000000000009
9.165e-09,-0.08772520000000006
9.167e-09,-0.09115899999999999
9.169e-09,-0.09454130000000005
9.171e-09,-0.0978718999999999
9.173e-09,-0.10115110000000005
9.175e-09,-0.1043788
9.177e-09,-0.10755499999999996
9.179e-09,-0.11067989999999994
9.181e-09,-0.11375369999999996
9.183e-09,-0.1167765999999999
9.185e-09,-0.11974859999999998
9.187e-09,-0.12267020000000006
9.189e-09,-0.12554149999999997
9.191e-09,-0.12836290000000006
9.193e-09,-0.1311346
9.195e-09,-0.133857
9.197e-09,-0.13653040000000005
9.1985e-09,-0.13850340000000005
9.2e-09,-0.14044939999999995
9.2002e-09,-0.14070729999999998
9.2006e-09,-0.14122400000000002
9.2014e-09,-0.14225999999999994
9.203e-09,-0.1443065
9.205e-09,-0.14673970000000003
9.207e-09,-0.14895329999999996
9.209e-09,-0.15088979999999996
9.211e-09,-0.1525164
9.213e-09,-0.15381690000000003
9.215e-09,-0.15478610000000004
9.217e-09,-0.1554259
9.219e-09,-0.15574299999999996
9.221e-09,-0.15574679999999996
9.223e-09,-0.15544880000000005
9.225e-09,-0.15486119999999992
9.227e-09,-0.1539969
9.229e-09,-0.15286900000000003
9.231e-09,-0.15149040000000003
9.233e-09,-0.14987380000000006
9.235e-09,-0.14803179999999994
9.237e-09,-0.1459764
9.239e-09,-0.14371940000000005
9.241e-09,-0.14127219999999996
9.243e-09,-0.13864569999999998
9.245e-09,-0.13585049999999999
9.247e-09,-0.13289680000000004
9.249e-09,-0.12979450000000003
9.251e-09,-0.12655289999999997
9.253e-09,-0.12318119999999999
9.255e-09,-0.11968820000000002
9.257e-09,-0.11608229999999997
9.259e-09,-0.11237140000000001
9.261e-09,-0.10856369999999993
9.263e-09,-0.1046665
9.265e-09,-0.10068699999999997
9.267e-09,-0.0966323
9.269e-09,-0.09250880000000006
9.271e-09,-0.08832319999999994
9.273e-09,-0.08408140000000008
9.275e-09,-0.07978960000000002
9.277e-09,-0.0754532
9.279e-09,-0.07107779999999997
9.281e-09,-0.06666860000000008
9.283e-09,-0.06223069999999997
9.285e-09,-0.05776860000000006
9.287e-09,-0.05328710000000003
9.289e-09,-0.04879050000000007
9.291e-09,-0.04428320000000008
9.293e-09,-0.039768899999999996
9.295e-09,-0.03525149999999999
9.297e-09,-0.030734800000000062
9.299e-09,-0.026222100000000026
9.301e-09,-0.021716700000000033
9.303e-09,-0.017221700000000006
9.305e-09,-0.012740299999999927
9.307e-09,-0.008275000000000032
9.309e-09,-0.0038288000000000766
9.311e-09,0.0005958999999999826
9.313e-09,0.004996799999999912
9.315e-09,0.009371499999999977
9.317e-09,0.013718100000000066
9.319e-09,0.01803430000000006
9.321e-09,0.02231839999999996
9.323e-09,0.026568599999999942
9.325e-09,0.03078320000000001
9.327e-09,0.03496070000000007
9.329e-09,0.03909969999999996
9.331e-09,0.04319869999999992
9.333e-09,0.04725659999999998
9.335e-09,0.05127230000000005
9.337e-09,0.055244700000000035
9.339e-09,0.05917269999999997
9.341e-09,0.06305569999999994
9.343e-09,0.06689259999999997
9.345e-09,0.07068279999999993
9.347e-09,0.07442559999999998
9.349e-09,0.07812050000000004
9.351e-09,0.08176689999999998
9.353e-09,0.08536440000000001
9.355e-09,0.08891249999999995
9.357e-09,0.09241110000000008
9.359e-09,0.09585969999999999
9.361e-09,0.09925799999999996
9.363e-09,0.10260609999999992
9.365e-09,0.10590369999999993
9.367e-09,0.10915079999999999
9.369e-09,0.11234730000000004
9.371e-09,0.11549310000000002
9.373e-09,0.11858839999999993
9.375e-09,0.12163330000000006
9.377e-09,0.12462780000000007
9.379e-09,0.12757220000000002
9.381e-09,0.13046639999999998
9.383e-09,0.1333109
9.385e-09,0.13610579999999994
9.387e-09,0.13885139999999996
9.389e-09,0.1415479999999999
9.391e-09,0.14419579999999999
9.393e-09,0.14679520000000001
9.395e-09,0.14934669999999994
9.397e-09,0.1518503
9.3985e-09,0.15369709999999992
9.4e-09,0.15552599999999994
9.4002e-09,0.1557693
9.4006e-09,0.15625579999999994
9.4014e-09,0.15722500000000006
9.403e-09,0.1591152
9.405e-09,0.161323
9.407e-09,0.16329039999999995
9.409e-09,0.16496959999999994
9.411e-09,0.16633450000000005
9.413e-09,0.16737330000000006
9.415e-09,0.1680834000000001
9.417e-09,0.16846859999999997
9.419e-09,0.16853660000000004
9.421e-09,0.1682977
9.423e-09,0.16776330000000006
9.425e-09,0.16694600000000004
9.427e-09,0.16585869999999991
9.429e-09,0.16451419999999994
9.431e-09,0.1629252
9.433e-09,0.16110460000000004
9.435e-09,0.1590642
9.437e-09,0.15681630000000002
9.439e-09,0.15437219999999996
9.441e-09,0.15174310000000002
9.443e-09,0.1489397
9.445e-09,0.1459723999999999
9.447e-09,0.14285130000000001
9.449e-09,0.13958579999999998
9.451e-09,0.1361854
9.453e-09,0.13265890000000002
9.455e-09,0.12901479999999999
9.457e-09,0.12526170000000003
9.459e-09,0.12140719999999994
9.461e-09,0.11745919999999999
9.463e-09,0.11342509999999995
9.465e-09,0.10931190000000002
9.467e-09,0.10512639999999995
9.469e-09,0.10087520000000005
9.471e-09,0.0965646
9.473e-09,0.09220069999999991
9.475e-09,0.08778929999999996
9.477e-09,0.08333599999999997
9.479e-09,0.07884610000000003
9.481e-09,0.07432470000000002
9.483e-09,0.06977690000000003
9.485e-09,0.06520710000000007
9.487e-09,0.06062029999999996
9.489e-09,0.05602030000000002
9.491e-09,0.0514116
9.493e-09,0.0467978
9.495e-09,0.04218299999999997
9.497e-09,0.03757060000000001
9.499e-09,0.03296410000000005
9.501e-09,0.02836660000000002
9.503e-09,0.023781300000000005
9.505e-09,0.019211099999999925
9.507e-09,0.014658799999999972
9.509e-09,0.010126999999999997
9.511e-09,0.005618200000000018
9.513e-09,0.0011347999999999914
9.515e-09,-0.0033210000000000184
9.517e-09,-0.007747200000000065
9.519e-09,-0.012141699999999922
9.521e-09,-0.01650269999999998
9.523e-09,-0.02082840000000008
9.525e-09,-0.025117400000000067
9.527e-09,-0.029367900000000002
9.529e-09,-0.03357869999999996
9.531e-09,-0.03774849999999996
9.533e-09,-0.04187590000000008
9.535e-09,-0.04595989999999994
9.537e-09,-0.049999499999999975
9.539e-09,-0.05399370000000003
9.541e-09,-0.057941700000000096
9.543e-09,-0.06184269999999992
9.545e-09,-0.06569590000000003
9.547e-09,-0.06950069999999997
9.549e-09,-0.0732566
9.551e-09,-0.07696310000000006
9.553e-09,-0.08061980000000002
9.555e-09,-0.08422609999999997
9.557e-09,-0.08778189999999997
9.559e-09,-0.09128690000000006
9.561e-09,-0.09474090000000002
9.563e-09,-0.09814370000000006
9.565e-09,-0.10149520000000001
9.567e-09,-0.10479539999999998
9.569e-09,-0.10804419999999992
9.571e-09,-0.11124160000000005
9.573e-09,-0.11438769999999998
9.575e-09,-0.11748259999999999
9.577e-09,-0.12052640000000003
9.579e-09,-0.12351940000000006
9.581e-09,-0.12646160000000006
9.583e-09,-0.12935340000000006
9.585e-09,-0.13219479999999995
9.587e-09,-0.1349863
9.589e-09,-0.13772800000000007
9.591e-09,-0.14042050000000006
9.593e-09,-0.14306399999999997
9.595e-09,-0.14565870000000003
9.597e-09,-0.14820519999999993
9.5985e-09,-0.15008359999999998
9.6e-09,-0.15193520000000005
9.6002e-09,-0.1521806
9.6006e-09,-0.15267229999999998
9.6014e-09,-0.15365819999999997
9.603e-09,-0.1556052
9.605e-09,-0.15791489999999997
9.607e-09,-0.16000649999999994
9.609e-09,-0.16182249999999998
9.611e-09,-0.16333019999999998
9.613e-09,-0.16451349999999998
9.615e-09,-0.1653671
9.617e-09,-0.16589310000000002
9.619e-09,-0.16609799999999997
9.621e-09,-0.16599109999999995
9.623e-09,-0.1655839
9.625e-09,-0.16488860000000005
9.627e-09,-0.163918
9.629e-09,-0.16268499999999997
9.631e-09,-0.16120259999999997
9.633e-09,-0.15948339999999994
9.635e-09,-0.1575398
9.637e-09,-0.15538399999999997
9.639e-09,-0.15302740000000004
9.641e-09,-0.1504816
9.643e-09,-0.14775729999999998
9.645e-09,-0.14486529999999997
9.647e-09,-0.1418155000000001
9.649e-09,-0.13861770000000007
9.651e-09,-0.13528149999999994
9.653e-09,-0.13181569999999998
9.655e-09,-0.12822919999999993
9.657e-09,-0.12453049999999999
9.659e-09,-0.12072749999999999
9.661e-09,-0.11682809999999999
9.663e-09,-0.11283979999999993
9.665e-09,-0.10876969999999997
9.667e-09,-0.10462480000000007
9.669e-09,-0.1004119
9.671e-09,-0.09613720000000003
9.673e-09,-0.09180690000000002
9.675e-09,-0.08742709999999998
9.677e-09,-0.0830031
9.679e-09,-0.07854060000000007
9.681e-09,-0.07404500000000003
9.683e-09,-0.0695209
9.685e-09,-0.06497330000000001
9.687e-09,-0.060406700000000035
9.689e-09,-0.05582570000000009
9.691e-09,-0.051234300000000066
9.693e-09,-0.04663659999999992
9.695e-09,-0.04203620000000008
9.697e-09,-0.0374371
9.699e-09,-0.032842599999999944
9.701e-09,-0.0282559
9.703e-09,-0.0236803000000001
9.705e-09,-0.019118699999999933
9.707e-09,-0.014573999999999976
9.709e-09,-0.010048900000000027
9.711e-09,-0.005545800000000045
9.713e-09,-0.0010671999999999349
9.715e-09,0.003384600000000071
9.717e-09,0.007807499999999967
9.719e-09,0.012199599999999977
9.721e-09,0.016558700000000037
9.723e-09,0.020883399999999996
9.725e-09,0.02517170000000002
9.727e-09,0.029422300000000012
9.729e-09,0.03363369999999999
9.731e-09,0.037804599999999966
9.733e-09,0.041933600000000015
9.735e-09,0.04601960000000005
9.737e-09,0.05006169999999999
9.739e-09,0.054058700000000015
9.741e-09,0.05800990000000006
9.743e-09,0.06191420000000003
9.745e-09,0.06577130000000009
9.747e-09,0.06958029999999993
9.749e-09,0.07334049999999992
9.751e-09,0.0770516
9.753e-09,0.08071309999999998
9.755e-09,0.08432439999999997
9.757e-09,0.0878854
9.759e-09,0.09139579999999992
9.761e-09,0.09485530000000009
9.763e-09,0.09826370000000006
9.765e-09,0.10162099999999996
9.767e-09,0.10492690000000005
9.769e-09,0.10818159999999999
9.771e-09,0.11138500000000007
9.773e-09,0.1145372
9.775e-09,0.11763819999999992
9.777e-09,0.12068800000000002
9.779e-09,0.12368710000000005
9.781e-09,0.12663539999999995
9.783e-09,0.12953330000000007
9.785e-09,0.13238079999999997
9.787e-09,0.13517840000000003
9.789e-09,0.1379262
9.791e-09,0.14062470000000005
9.793e-09,0.14327409999999996
9.795e-09,0.14587480000000008
9.797e-09,0.14842719999999998
9.7985e-09,0.15031000000000005
9.8e-09,0.15216589999999997
9.8002e-09,0.15241119999999997
9.8006e-09,0.15290060000000005
9.8014e-09,0.1538739
9.803e-09,0.155798
9.805e-09,0.1581612
9.807e-09,0.16047820000000002
9.809e-09,0.1627495
9.811e-09,0.16497549999999994
9.813e-09,0.16715670000000005
9.815e-09,0.16929360000000004
9.817e-09,0.17138659999999994
9.819e-09,0.1734365
9.821e-09,0.17544349999999997
9.823e-09,0.17740830000000007
9.825e-09,0.17933130000000008
9.827e-09,0.18121310000000002
9.829e-09,0.1830543
9.831e-09,0.18485530000000006
9.833e-09,0.18661679999999992
9.835e-09,0.18833909999999998
9.837e-09,0.19002300000000005
9.839e-09,0.19166890000000003
9.841e-09,0.1932773000000001
9.843e-09,0.1948489
9.845e-09,0.19638410000000006
9.847e-09,0.19788360000000005
9.849e-09,0.19934780000000007
9.851e-09,0.2007772
9.853e-09,0.20217249999999998
9.855e-09,0.2035342
9.857e-09,0.2048626
9.859e-09,0.20615859999999997
9.861e-09,0.2074226
9.863e-09,0.2086549000000001
9.865e-09,0.2098563
9.867e-09,0.21102710000000002
9.869e-09,0.2121679999999999
9.871e-09,0.2132794
9.873e-09,0.21436180000000005
9.875e-09,0.21541579999999994
9.877e-09,0.21644180000000002
9.879e-09,0.21744050000000004
9.881e-09,0.21841200000000005
9.883e-09,0.21935700000000002
9.885e-09,0.22027620000000003
9.887e-09,0.22116959999999997
9.889e-09,0.22203810000000002
9.891e-09,0.22288190000000008
9.893e-09,0.2237015
9.895e-09,0.22449740000000007
9.897e-09,0.22527010000000003
9.899e-09,0.22602
9.901e-09,0.22674739999999993
9.903e-09,0.22745300000000002
9.905e-09,0.22813700000000003
9.907e-09,0.2288
9.909e-09,0.22944220000000004
9.911e-09,0.2300641
9.913e-09,0.23066620000000004
9.915e-09,0.23124880000000003
9.917e-09,0.23181229999999997
9.919e-09,0.23235709999999998
9.921e-09,0.23288359999999997
9.923e-09,0.2333923
9.925e-09,0.2338832999999999
9.927e-09,0.23435709999999998
9.929e-09,0.23481409999999991
9.931e-09,0.23525470000000004
9.933e-09,0.23567910000000003
9.935e-09,0.23608780000000007
9.937e-09,0.23648099999999994
9.939e-09,0.23685900000000004
9.941e-09,0.2372223
9.943e-09,0.23757119999999998
9.945e-09,0.2379059
9.947e-09,0.23822679999999996
9.949e-09,0.23853429999999998
9.951e-09,0.2388285
9.953e-09,0.23910980000000004
9.955e-09,0.2393784
9.957e-09,0.23963479999999993
9.959e-09,0.2398790999999999
9.961e-09,0.24011170000000004
9.963e-09,0.2403327999999999
9.965e-09,0.2405427
9.967e-09,0.24074169999999995
9.969e-09,0.24092990000000003
9.971e-09,0.24110770000000004
9.973e-09,0.24127529999999997
9.975e-09,0.24143310000000007
9.977e-09,0.2415811
9.979e-09,0.24171979999999993
9.981e-09,0.2418492
9.983e-09,0.2419696
9.985e-09,0.2420812
9.987e-09,0.24218430000000002
9.989e-09,0.24227919999999992
9.991e-09,0.24236600000000008
9.993e-09,0.24244480000000002
9.995e-09,0.24251599999999995
9.997e-09,0.2425796
9.9985e-09,0.24262260000000002
1e-08,0.24266159999999992
1.00002e-08,0.24266720000000008
1.00006e-08,0.2426802
1.00014e-08,0.24271359999999997
1.0003e-08,0.24277559999999998
1.0005e-08,0.24276810000000004
1.0007e-08,0.2425872
1.0009e-08,0.24217599999999995
1.0011e-08,0.24150189999999994
1.0013e-08,0.24054850000000005
1.0015e-08,0.23930929999999995
1.0017e-08,0.23778560000000004
1.0019e-08,0.23598260000000004
1.0021e-08,0.23390850000000007
1.0023e-08,0.23157340000000004
1.0025e-08,0.22898830000000003
1.0027e-08,0.22616480000000005
1.0029e-08,0.22311480000000006
1.0031e-08,0.21985010000000005
1.0033e-08,0.21638219999999997
1.0035e-08,0.2127228
1.0037e-08,0.20888300000000004
1.0039e-08,0.20487370000000005
1.0041e-08,0.20070529999999998
1.0043e-08,0.19638829999999996
1.0045e-08,0.19193229999999994
1.0047e-08,0.1873471
1.0049e-08,0.18264179999999997
1.0051e-08,0.17782530000000007
1.0053e-08,0.17290629999999996
1.0055e-08,0.16789330000000002
1.0057e-08,0.16279389999999994
1.0059e-08,0.15761619999999998
1.0061e-08,0.15236760000000005
1.0063e-08,0.14705520000000005
1.0065e-08,0.14168599999999998
1.0067e-08,0.13626660000000002
1.0069e-08,0.13080349999999996
1.0071e-08,0.12530280000000005
1.0073e-08,0.11977059999999995
1.0075e-08,0.11421239999999999
1.0077e-08,0.10863370000000006
1.0079e-08,0.10303989999999996
1.0081e-08,0.09743579999999996
1.0083e-08,0.09182630000000003
1.0085e-08,0.08621600000000007
1.0087e-08,0.08060939999999994
1.0089e-08,0.07501049999999998
1.0091e-08,0.06942349999999997
1.0093e-08,0.06385189999999996
1.0095e-08,0.05829960000000001
1.0097e-08,0.052770000000000095
1.0099e-08,0.04726609999999998
1.0101e-08,0.041791299999999976
1.0103e-08,0.03634840000000006
1.0105e-08,0.030940099999999915
1.0107e-08,0.02556910000000001
1.0109e-08,0.020237699999999914
1.0111e-08,0.014948500000000031
1.0113e-08,0.00970329999999997
1.0115e-08,0.004504300000000017
1.0117e-08,-0.0006465999999999417
1.0119e-08,-0.00574779999999997
1.0121e-08,-0.010797500000000015
1.0123e-08,-0.01579419999999998
1.0125e-08,-0.020736700000000052
1.0127e-08,-0.02562359999999997
1.0129e-08,-0.030453700000000028
1.0131e-08,-0.03522590000000003
1.0133e-08,-0.03993940000000007
1.0135e-08,-0.0445932
1.0137e-08,-0.04918670000000003
1.0139e-08,-0.053718900000000014
1.0141e-08,-0.058189500000000005
1.0143e-08,-0.06259780000000004
1.0145e-08,-0.06694339999999999
1.0147e-08,-0.07122589999999995
1.0149e-08,-0.07544509999999993
1.0151e-08,-0.07960070000000008
1.0153e-08,-0.08369250000000006
1.0155e-08,-0.08772040000000003
1.0157e-08,-0.0916844
1.0159e-08,-0.0955843999999999
1.0161e-08,-0.09942059999999997
1.0163e-08,-0.10319290000000003
1.0165e-08,-0.10690159999999993
1.0167e-08,-0.11054699999999995
1.0169e-08,-0.11412899999999992
1.0171e-08,-0.11764819999999998
1.0173e-08,-0.1211046
1.0175e-08,-0.12449880000000002
1.0177e-08,-0.12783109999999998
1.0179e-08,-0.1311019000000001
1.0181e-08,-0.1343116000000001
1.0183e-08,-0.1374607
1.0185e-08,-0.1405495000000001
1.0187e-08,-0.14357890000000006
1.0189e-08,-0.14654899999999993
1.0191e-08,-0.1494607
1.0193e-08,-0.15231420000000007
1.0195e-08,-0.15511049999999993
1.0197e-08,-0.15784980000000004
1.01985e-08,-0.15986729999999993
1.02e-08,-0.16185349999999998
1.02002e-08,-0.16211570000000008
1.02006e-08,-0.16263889999999992
1.02014e-08,-0.1636788
1.0203e-08,-0.1657324
1.0205e-08,-0.16825080000000003
1.0207e-08,-0.1707154999999999
1.0209e-08,-0.1731271000000001
1.0211e-08,-0.17548639999999993
1.0213e-08,-0.17779410000000007
1.0215e-08,-0.18005059999999995
1.0217e-08,-0.18225689999999994
1.0219e-08,-0.18441359999999996
1.0221e-08,-0.1865213
1.0223e-08,-0.1885808
1.0225e-08,-0.19059270000000006
1.0227e-08,-0.19255769999999994
1.0229e-08,-0.19447650000000005
1.0231e-08,-0.19634989999999997
1.0233e-08,-0.19817849999999992
1.0235e-08,-0.19996289999999994
1.0237e-08,-0.201704
1.0239e-08,-0.20340230000000004
1.0241e-08,-0.20505849999999992
1.0243e-08,-0.2066734
1.0245e-08,-0.20824759999999998
1.0247e-08,-0.20978169999999996
1.0249e-08,-0.21127660000000004
1.0251e-08,-0.2127327
1.0253e-08,-0.21415070000000003
1.0255e-08,-0.21553139999999993
1.0257e-08,-0.21687539999999994
1.0259e-08,-0.21818320000000002
1.0261e-08,-0.21945559999999997
1.0263e-08,-0.22069309999999998
1.0265e-08,-0.2218964
1.0267e-08,-0.2230662
1.0269e-08,-0.22420299999999993
1.0271e-08,-0.2253073
1.0273e-08,-0.22638000000000003
1.0275e-08,-0.2274214
1.0277e-08,-0.22843230000000003
1.0279e-08,-0.22941309999999993
1.0281e-08,-0.23036449999999997
1.0283e-08,-0.23128700000000002
1.0285e-08,-0.23218129999999992
1.0287e-08,-0.23304769999999997
1.0289e-08,-0.2338869
1.0291e-08,-0.23469949999999995
1.0293e-08,-0.23548579999999997
1.0295e-08,-0.23624659999999997
1.0297e-08,-0.23698220000000003
1.0299e-08,-0.2376933
1.0301e-08,-0.23838020000000004
1.0303e-08,-0.23904360000000002
1.0305e-08,-0.2396838
1.0307e-08,-0.24030129999999994
1.0309e-08,-0.24089680000000002
1.0311e-08,-0.24147040000000008
1.0313e-08,-0.242023
1.0315e-08,-0.2425546999999999
1.0317e-08,-0.24306610000000006
1.0319e-08,-0.24355759999999993
1.0321e-08,-0.24402959999999996
1.0323e-08,-0.24448250000000005
1.0325e-08,-0.2449169
1.0327e-08,-0.24533310000000008
1.0329e-08,-0.24573139999999993
1.0331e-08,-0.2461124
1.0333e-08,-0.24647640000000004
1.0335e-08,-0.24682369999999998
1.0337e-08,-0.24715490000000007
1.0339e-08,-0.24747010000000003
1.0341e-08,-0.24776980000000004
1.0343e-08,-0.24805449999999996
1.0345e-08,-0.2483244
1.0347e-08,-0.24857980000000002
1.0349e-08,-0.24882120000000008
1.0351e-08,-0.24904879999999996
1.0353e-08,-0.2492629999999999
1.0355e-08,-0.24946410000000008
1.0357e-08,-0.24965229999999994
1.0359e-08,-0.2498283
1.0361e-08,-0.249992
1.0363e-08,-0.2501439
1.0365e-08,-0.2502843
1.0367e-08,-0.25041350000000007
1.0369e-08,-0.25053159999999997
1.0371e-08,-0.2506391
1.0373e-08,-0.25073619999999996
1.0375e-08,-0.2508231000000001
1.0377e-08,-0.2509002
1.0379e-08,-0.2509677
1.0381e-08,-0.2510259
1.0383e-08,-0.25107500000000005
1.0385e-08,-0.2511152
1.0387e-08,-0.25114690000000006
1.0389e-08,-0.2511701999999999
1.0391e-08,-0.25118530000000006
1.0393e-08,-0.2511926
1.0395e-08,-0.2511920999999999
1.0397e-08,-0.25118419999999997
1.03985e-08,-0.2511736
1.04e-08,-0.2511588
1.04002e-08,-0.25115659999999995
1.04006e-08,-0.2511519
1.04014e-08,-0.2511417
1.0403e-08,-0.25111799999999995
1.0405e-08,-0.25108240000000004
1.0407e-08,-0.2510403
1.0409e-08,-0.25099209999999994
1.0411e-08,-0.25093789999999994
1.0413e-08,-0.25087780000000004
1.0415e-08,-0.2508119999999999
1.0417e-08,-0.2507408
1.0419e-08,-0.25066430000000006
1.0421e-08,-0.2505826
1.0423e-08,-0.2504959
1.0425e-08,-0.25040439999999997
1.0427e-08,-0.25030830000000004
1.0429e-08,-0.2502078
1.0431e-08,-0.2501029
1.0433e-08,-0.2499939000000001
1.0435e-08,-0.24988069999999996
1.0437e-08,-0.24976379999999998
1.0439e-08,-0.2496431
1.0441e-08,-0.2495187000000001
1.0443e-08,-0.24939100000000003
1.0445e-08,-0.24925980000000003
1.0447e-08,-0.2491255
1.0449e-08,-0.24898809999999993
1.0451e-08,-0.2488477
1.0453e-08,-0.24870460000000005
1.0455e-08,-0.24855870000000002
1.0457e-08,-0.24841009999999997
1.0459e-08,-0.2482592
1.0461e-08,-0.24810580000000004
1.0463e-08,-0.24795009999999995
1.0465e-08,-0.2477923999999999
1.0467e-08,-0.24763250000000003
1.0469e-08,-0.24747059999999999
1.0471e-08,-0.2473069
1.0473e-08,-0.2471414999999999
1.0475e-08,-0.24697440000000004
1.0477e-08,-0.24680570000000002
1.0479e-08,-0.24663540000000006
1.0481e-08,-0.2464638
1.0483e-08,-0.24629080000000003
1.0485e-08,-0.24611660000000002
1.0487e-08,-0.24594119999999997
1.0489e-08,-0.2457648
1.0491e-08,-0.24558730000000006
1.0493e-08,-0.245409
1.0495e-08,-0.24522960000000005
1.0497e-08,-0.24504959999999998
1.0499e-08,-0.24486870000000005
1.0501e-08,-0.24468730000000005
1.0503e-08,-0.24450519999999998
1.0505e-08,-0.24432259999999995
1.0507e-08,-0.2441396
1.0509e-08,-0.2439561
1.0511e-08,-0.24377230000000005
1.0513e-08,-0.24358820000000003
1.0515e-08,-0.2434039
1.0517e-08,-0.24321919999999997
1.0519e-08,-0.2430346000000001
1.0521e-08,-0.24284969999999995
1.0523e-08,-0.24266500000000002
1.0525e-08,-0.2424801000000001
1.0527e-08,-0.24229540000000005
1.0529e-08,-0.2421107
1.0531e-08,-0.24192610000000003
1.0533e-08,-0.2417418
1.0535e-08,-0.2415577
1.0537e-08,-0.24137390000000003
1.0539e-08,-0.24119029999999997
1.0541e-08,-0.24100710000000003
1.0543e-08,-0.24082420000000004
1.0545e-08,-0.24064190000000008
1.0547e-08,-0.2404598
1.0549e-08,-0.24027829999999994
1.0551e-08,-0.24009729999999996
1.0553e-08,-0.23991679999999993
1.0555e-08,-0.23973690000000003
1.0557e-08,-0.23955760000000004
1.0559e-08,-0.23937890000000006
1.0561e-08,-0.2392008
1.0563e-08,-0.23902350000000006
1.0565e-08,-0.23884680000000003
1.0567e-08,-0.23867080000000007
1.0569e-08,-0.23849549999999997
1.0571e-08,-0.23832110000000006
1.0573e-08,-0.2381474
1.0575e-08,-0.2379745000000001
1.0577e-08,-0.23780250000000003
1.0579e-08,-0.2376313
1.0581e-08,-0.23746089999999997
1.0583e-08,-0.23729140000000004
1.0585e-08,-0.23712290000000003
1.0587e-08,-0.23695529999999998
1.0589e-08,-0.2367884
1.0591e-08,-0.23662260000000002
1.0593e-08,-0.23645780000000005
1.0595e-08,-0.23629390000000006
1.0597e-08,-0.2361310000000001
1.05985e-08,-0.23600949999999998
1.06e-08,-0.23588849999999995
1.06002e-08,-0.23587230000000003
1.06006e-08,-0.23584019999999994
1.06014e-08,-0.2357760000000001
1.0603e-08,-0.23564810000000003
1.0605e-08,-0.2354893
1.0607e-08,-0.23533139999999997
1.0609e-08,-0.2351746
1.0611e-08,-0.2350186999999999
1.0613e-08,-0.23486399999999996
1.0615e-08,-0.23471029999999993
1.0617e-08,-0.23455769999999998
1.0619e-08,-0.23440609999999995
1.0621e-08,-0.2342556
1.0623e-08,-0.23410619999999993
1.0625e-08,-0.233958
1.0627e-08,-0.23381079999999999
1.0629e-08,-0.2336646
1.0631e-08,-0.23351959999999994
1.0633e-08,-0.23337560000000002
1.0635e-08,-0.2332327999999999
1.0637e-08,-0.23309120000000005
1.0639e-08,-0.2329506
1.0641e-08,-0.23281109999999994
1.0643e-08,-0.23267269999999995
1.0645e-08,-0.2325355
1.0647e-08,-0.23239929999999998
1.0649e-08,-0.23226429999999998
1.0651e-08,-0.23213039999999996
1.0653e-08,-0.23199759999999991
1.0655e-08,-0.23186589999999996
1.0657e-08,-0.23173529999999998
1.0659e-08,-0.23160590000000003
1.0661e-08,-0.23147759999999995
1.0663e-08,-0.23135040000000007
1.0665e-08,-0.23122429999999994
1.0667e-08,-0.2310993
1.0669e-08,-0.23097540000000005
1.0671e-08,-0.23085259999999996
1.0673e-08,-0.23073089999999996
1.0675e-08,-0.2306102
1.0677e-08,-0.2304908
1.0679e-08,-0.23037239999999992
1.0681e-08,-0.230255
1.0683e-08,-0.23013890000000004
1.0685e-08,-0.2300236
1.0687e-08,-0.22990960000000005
1.0689e-08,-0.22979660000000002
1.0691e-08,-0.22968470000000007
1.0693e-08,-0.22957380000000005
1.0695e-08,-0.22946390000000005
1.0697e-08,-0.22935519999999998
1.0699e-08,-0.22924749999999994
1.0701e-08,-0.22914080000000003
1.0703e-08,-0.22903530000000005
1.0705e-08,-0.22893059999999998
1.0707e-08,-0.22882709999999995
1.0709e-08,-0.22872459999999994
1.0711e-08,-0.22862300000000002
1.0713e-08,-0.22852249999999996
1.0715e-08,-0.22842299999999993
1.0717e-08,-0.2283246
1.0719e-08,-0.22822710000000002
1.0721e-08,-0.22813059999999996
1.0723e-08,-0.22803509999999994
1.0725e-08,-0.2279405
1.0727e-08,-0.22784700000000002
1.0729e-08,-0.22775440000000002
1.0731e-08,-0.22766280000000005
1.0733e-08,-0.22757210000000005
1.0735e-08,-0.22748240000000008
1.0737e-08,-0.22739360000000008
1.0739e-08,-0.2273058
1.0741e-08,-0.22721879999999994
1.0743e-08,-0.22713289999999997
1.0745e-08,-0.22704770000000007
1.0747e-08,-0.22696359999999993
1.0749e-08,-0.22688030000000003
1.0751e-08,-0.22679800000000006
1.0753e-08,-0.2267165000000001
1.0755e-08,-0.22663580000000005
1.0757e-08,-0.22655619999999999
1.0759e-08,-0.2264773
1.0761e-08,-0.22639929999999997
1.0763e-08,-0.22632219999999992
1.0765e-08,-0.2262459
1.0767e-08,-0.22617049999999994
1.0769e-08,-0.22609590000000002
1.0771e-08,-0.2260221
1.0773e-08,-0.2259491
1.0775e-08,-0.225877
1.0777e-08,-0.2258057
1.0779e-08,-0.22573520000000002
1.0781e-08,-0.22566540000000002
1.0783e-08,-0.22559640000000003
1.0785e-08,-0.22552830000000001
1.0787e-08,-0.22546089999999996
1.0789e-08,-0.22539430000000005
1.0791e-08,-0.22532849999999993
1.0793e-08,-0.22526329999999994
1.0795e-08,-0.22519900000000004
1.0797e-08,-0.22513539999999999
1.07985e-08,-0.22508819999999996
1.08e-08,-0.2250413
1.08002e-08,-0.22503510000000004
1.08006e-08,-0.2250226999999999
1.08014e-08,-0.22499800000000003
1.0803e-08,-0.2249489
1.0805e-08,-0.22488819999999998
1.0807e-08,-0.22482819999999992
1.0809e-08,-0.2247688
1.0811e-08,-0.22471030000000003
1.0813e-08,-0.22465230000000003
1.0815e-08,-0.22459510000000005
1.0817e-08,-0.22453860000000003
1.0819e-08,-0.2244826000000001
1.0821e-08,-0.2244273
1.0823e-08,-0.22437280000000004
1.0825e-08,-0.22431879999999993
1.0827e-08,-0.22426560000000006
1.0829e-08,-0.22421290000000005
1.0831e-08,-0.2241609
1.0833e-08,-0.22410949999999996
1.0835e-08,-0.22405869999999994
1.0837e-08,-0.2240086
1.0839e-08,-0.22395900000000002
1.0841e-08,-0.22391000000000005
1.0843e-08,-0.2238616
1.0845e-08,-0.2238138999999999
1.0847e-08,-0.22376669999999999
1.0849e-08,-0.22372000000000003
1.0851e-08,-0.2236739000000001
1.0853e-08,-0.22362840000000006
1.0855e-08,-0.22358350000000005
1.0857e-08,-0.2235391
1.0859e-08,-0.22349529999999995
1.0861e-08,-0.22345190000000004
1.0863e-08,-0.22340920000000009
1.0865e-08,-0.22336699999999998
1.0867e-08,-0.22332530000000006
1.0869e-08,-0.22328409999999999
1.0871e-08,-0.2232434000000001
1.0873e-08,-0.22320320000000005
1.0875e-08,-0.22316349999999996
1.0877e-08,-0.2231244
1.0879e-08,-0.22308570000000005
1.0881e-08,-0.2230473999999999
1.0883e-08,-0.22300969999999998
1.0885e-08,-0.22297239999999996
1.0887e-08,-0.22293569999999996
1.0889e-08,-0.22289940000000008
1.0891e-08,-0.2228635
1.0893e-08,-0.22282809999999997
1.0895e-08,-0.22279309999999997
1.0897e-08,-0.22275860000000003
1.0899e-08,-0.22272459999999994
1.0901e-08,-0.22269089999999991
1.0903e-08,-0.2226576
1.0905e-08,-0.22262490000000001
1.0907e-08,-0.22259250000000008
1.0909e-08,-0.22256049999999994
1.0911e-08,-0.22252899999999998
1.0913e-08,-0.22249779999999997
1.0915e-08,-0.22246709999999992
1.0917e-08,-0.2224368
1.0919e-08,-0.22240680000000002
1.0921e-08,-0.2223773
1.0923e-08,-0.222348
1.0925e-08,-0.2223193
1.0927e-08,-0.2222908
1.0929e-08,-0.22226269999999992
1.0931e-08,-0.22223510000000002
1.0933e-08,-0.2222077
1.0935e-08,-0.2221807
1.0937e-08,-0.2221540999999999
1.0939e-08,-0.2221278
1.0941e-08,-0.22210180000000002
1.0943e-08,-0.22207619999999995
1.0945e-08,-0.222051
1.0947e-08,-0.22202599999999995
1.0949e-08,-0.22200140000000002
1.0951e-08,-0.22197710000000004
1.0953e-08,-0.22195319999999996
1.0955e-08,-0.2219295
1.0957e-08,-0.22190619999999994
1.0959e-08,-0.2218831
1.0961e-08,-0.22186040000000007
1.0963e-08,-0.22183799999999998
1.0965e-08,-0.2218158
1.0967e-08,-0.22179400000000005
1.0969e-08,-0.22177250000000004
1.0971e-08,-0.22175120000000004
1.0973e-08,-0.2217302
1.0975e-08,-0.2217095
1.0977e-08,-0.22168909999999997
1.0979e-08,-0.2216689999999999
1.0981e-08,-0.22164910000000004
1.0983e-08,-0.22162950000000003
1.0985e-08,-0.22161010000000003
1.0987e-08,-0.22159099999999998
1.0989e-08,-0.2215722
1.0991e-08,-0.22155369999999996
1.0993e-08,-0.2215353
1.0995e-08,-0.22151720000000008
1.0997e-08,-0.2214993999999999
1.09985e-08,-0.22148619999999997
1.1e-08,-0.22148180000000006
1.10002e-08,-0.22148290000000004
1.10006e-08,-0.22148620000000008
1.10014e-08,-0.22149419999999997
1.1003e-08,-0.22148559999999995
1.1005e-08,-0.22136369999999994
1.1007e-08,-0.22105049999999993
1.1009e-08,-0.2204986000000001
1.1011e-08,-0.21968089999999996
1.1013e-08,-0.21858480000000002
1.1015e-08,-0.21720689999999998
1.1017e-08,-0.2155496
1.1019e-08,-0.21361960000000002
1.1021e-08,-0.2114258
1.1023e-08,-0.20897869999999996
1.1025e-08,-0.20628960000000007
1.1027e-08,-0.2033703
1.1029e-08,-0.20023269999999993
1.1031e-08,-0.19688859999999997
1.1033e-08,-0.19334969999999996
1.1035e-08,-0.1896274
1.1037e-08,-0.18573280000000003
1.1039e-08,-0.18167679999999997
1.1041e-08,-0.1774698
1.1043e-08,-0.1731218
1.1045e-08,-0.16864290000000004
1.1047e-08,-0.16404220000000003
1.1049e-08,-0.15932920000000006
1.1051e-08,-0.15451249999999994
1.1053e-08,-0.14960059999999997
1.1055e-08,-0.1446016
1.1057e-08,-0.13952369999999992
1.1059e-08,-0.1343742
1.1061e-08,-0.1291605
1.1063e-08,-0.12388969999999999
1.1065e-08,-0.11856849999999997
1.1067e-08,-0.11320370000000002
1.1069e-08,-0.10780100000000004
1.1071e-08,-0.10236689999999993
1.1073e-08,-0.09690700000000008
1.1075e-08,-0.09142669999999997
1.1077e-08,-0.08593150000000005
1.1079e-08,-0.08042640000000001
1.1081e-08,-0.07491599999999998
1.1083e-08,-0.0694053
1.1085e-08,-0.06389850000000008
1.1087e-08,-0.05839990000000006
1.1089e-08,-0.05291329999999994
1.1091e-08,-0.04744280000000001
1.1093e-08,-0.04199190000000008
1.1095e-08,-0.03656400000000004
1.1097e-08,-0.031162500000000093
1.1099e-08,-0.025790199999999985
1.1101e-08,-0.020450199999999974
1.1103e-08,-0.015145300000000028
1.1105e-08,-0.009878000000000053
1.1107e-08,-0.004650700000000008
1.1109e-08,0.0005342000000000402
1.1111e-08,0.0056747000000000325
1.1113e-08,0.010768699999999964
1.1115e-08,0.015814499999999954
1.1117e-08,0.020810099999999943
1.1119e-08,0.025754100000000002
1.1121e-08,0.030644899999999975
1.1123e-08,0.03548129999999994
1.1125e-08,0.04026189999999996
1.1127e-08,0.04498559999999996
1.1129e-08,0.04965140000000001
1.1131e-08,0.05425829999999998
1.1133e-08,0.0588055999999999
1.1135e-08,0.06329229999999997
1.1137e-08,0.0677179
1.1139e-08,0.07208189999999992
1.1141e-08,0.07638349999999994
1.1143e-08,0.08062259999999999
1.1145e-08,0.0847987
1.1147e-08,0.08891159999999998
1.1149e-08,0.09296090000000001
1.1151e-08,0.09694670000000005
1.1153e-08,0.10086879999999998
1.1155e-08,0.10472710000000007
1.1157e-08,0.10852169999999994
1.1159e-08,0.11225259999999992
1.1161e-08,0.11592009999999997
1.1163e-08,0.11952419999999997
1.1165e-08,0.12306499999999998
1.1167e-08,0.12654310000000002
1.1169e-08,0.12995849999999998
1.1171e-08,0.13331170000000003
1.1173e-08,0.13660289999999997
1.1175e-08,0.13983250000000003
1.1177e-08,0.1430011
1.1179e-08,0.14610889999999999
1.1181e-08,0.14915650000000003
1.1183e-08,0.15214450000000002
1.1185e-08,0.15507320000000002
1.1187e-08,0.15794339999999996
1.1189e-08,0.16075529999999993
1.1191e-08,0.16350980000000004
1.1193e-08,0.1662074
1.1195e-08,0.16884860000000002
1.1197e-08,0.17143410000000003
1.11985e-08,0.17333690000000002
1.12e-08,0.17520900000000006
1.12002e-08,0.17545680000000008
1.12006e-08,0.17595320000000003
1.12014e-08,0.1769478
1.1203e-08,0.17890879999999998
1.1205e-08,0.18123109999999998
1.1207e-08,0.18333030000000006
1.1209e-08,0.18514949999999997
1.1211e-08,0.18665659999999995
1.1213e-08,0.18783570000000005
1.1215e-08,0.1886818
1.1217e-08,0.1891969
1.1219e-08,0.1893878
1.1221e-08,0.189264
1.1223e-08,0.18883680000000003
1.1225e-08,0.18811860000000002
1.1227e-08,0.18712189999999995
1.1229e-08,0.18586000000000003
1.1231e-08,0.18434550000000005
1.1233e-08,0.18259119999999995
1.1235e-08,0.18060929999999997
1.1237e-08,0.17841200000000002
1.1239e-08,0.17601089999999997
1.1241e-08,0.1734173
1.1243e-08,0.17064219999999997
1.1245e-08,0.16769580000000006
1.1247e-08,0.16458870000000003
1.1249e-08,0.16133019999999998
1.1251e-08,0.15792989999999996
1.1253e-08,0.154397
1.1255e-08,0.15073999999999999
1.1257e-08,0.14696750000000003
1.1259e-08,0.14308750000000003
1.1261e-08,0.139108
1.1263e-08,0.1350363
1.1265e-08,0.1308798000000001
1.1267e-08,0.12664529999999996
1.1269e-08,0.12233970000000005
1.1271e-08,0.1179694
1.1273e-08,0.11354050000000004
1.1275e-08,0.1090589999999999
1.1277e-08,0.10453069999999998
1.1279e-08,0.09996119999999997
1.1281e-08,0.09535559999999998
1.1283e-08,0.0907192
1.1285e-08,0.08605650000000009
1.1287e-08,0.08137260000000002
1.1289e-08,0.07667170000000001
1.1291e-08,0.07195810000000002
1.1293e-08,0.06723600000000007
1.1295e-08,0.06250919999999993
1.1297e-08,0.05778159999999999
1.1299e-08,0.05305649999999995
1.1301e-08,0.04833759999999998
1.1303e-08,0.04362790000000005
1.1305e-08,0.03893040000000003
1.1307e-08,0.03424830000000001
1.1309e-08,0.02958419999999995
1.1311e-08,0.024940900000000044
1.1313e-08,0.020320600000000022
1.1315e-08,0.015726000000000018
1.1317e-08,0.011159099999999977
1.1319e-08,0.006621899999999958
1.1321e-08,0.002116600000000024
1.1323e-08,-0.002354999999999996
1.1325e-08,-0.006791099999999939
1.1327e-08,-0.011190299999999986
1.1329e-08,-0.015550900000000034
1.1331e-08,-0.01987149999999993
1.1333e-08,-0.024150799999999917
1.1335e-08,-0.02838750000000001
1.1337e-08,-0.03258060000000007
1.1339e-08,-0.03672900000000001
1.1341e-08,-0.040831700000000026
1.1343e-08,-0.04488790000000009
1.1345e-08,-0.04889690000000002
1.1347e-08,-0.05285770000000001
1.1349e-08,-0.05676979999999998
1.1351e-08,-0.060632600000000036
1.1353e-08,-0.06444569999999994
1.1355e-08,-0.06820860000000006
1.1357e-08,-0.07192069999999995
1.1359e-08,-0.07558209999999999
1.1361e-08,-0.07919209999999999
1.1363e-08,-0.08275069999999995
1.1365e-08,-0.08625769999999999
1.1367e-08,-0.08971289999999998
1.1369e-08,-0.09311649999999994
1.1371e-08,-0.09646809999999995
1.1373e-08,-0.09976779999999996
1.1375e-08,-0.10301579999999999
1.1377e-08,-0.10621220000000009
1.1379e-08,-0.10935689999999998
1.1381e-08,-0.11245019999999994
1.1383e-08,-0.11549229999999999
1.1385e-08,-0.11848340000000002
1.1387e-08,-0.12142360000000008
1.1389e-08,-0.12431330000000007
1.1391e-08,-0.1271529
1.1393e-08,-0.1299424
1.1395e-08,-0.13268250000000004
1.1397e-08,-0.1353734000000001
1.13985e-08,-0.13735929999999996
1.14e-08,-0.13932659999999997
1.14002e-08,-0.13958819999999994
1.14006e-08,-0.14011150000000006
1.14014e-08,-0.14115389999999994
1.1403e-08,-0.14318969999999998
1.1405e-08,-0.14557730000000002
1.1407e-08,-0.14772200000000002
1.1409e-08,-0.14957600000000004
1.1411e-08,-0.15111299999999994
1.1413e-08,-0.15232099999999993
1.1415e-08,-0.15319759999999993
1.1417e-08,-0.15374659999999996
1.1419e-08,-0.15397589999999994
1.1421e-08,-0.15389569999999997
1.1423e-08,-0.15351760000000003
1.1425e-08,-0.1528545
1.1427e-08,-0.15191900000000003
1.1429e-08,-0.15072419999999997
1.1431e-08,-0.14928320000000006
1.1433e-08,-0.14760850000000003
1.1435e-08,-0.14571250000000002
1.1437e-08,-0.14360719999999993
1.1439e-08,-0.1413042
1.1441e-08,-0.13881470000000007
1.1443e-08,-0.13614959999999998
1.1445e-08,-0.13331929999999992
1.1447e-08,-0.13033380000000006
1.1449e-08,-0.1272029
1.1451e-08,-0.12393589999999999
1.1453e-08,-0.12054179999999992
1.1455e-08,-0.1170291
1.1457e-08,-0.11340630000000007
1.1459e-08,-0.10968140000000004
1.1461e-08,-0.10586200000000001
1.1463e-08,-0.10195560000000004
1.1465e-08,-0.09796919999999998
1.1467e-08,-0.09390979999999993
1.1469e-08,-0.08978389999999992
1.1471e-08,-0.08559780000000006
1.1473e-08,-0.08135760000000003
1.1475e-08,-0.0770691
1.1477e-08,-0.07273790000000002
1.1479e-08,-0.06836939999999991
1.1481e-08,-0.06396879999999994
1.1483e-08,-0.05954080000000006
1.1485e-08,-0.055090300000000036
1.1487e-08,-0.05062179999999994
1.1489e-08,-0.04613940000000005
1.1491e-08,-0.04164749999999995
1.1493e-08,-0.03714989999999996
1.1495e-08,-0.03265040000000008
1.1497e-08,-0.028152500000000025
1.1499e-08,-0.023659600000000003
1.1501e-08,-0.019175000000000053
1.1503e-08,-0.014701799999999987
1.1505e-08,-0.010242799999999996
1.1507e-08,-0.00580080000000005
1.1509e-08,-0.0013784999999999492
1.1511e-08,0.003021700000000016
1.1513e-08,0.007397300000000051
1.1515e-08,0.011746299999999987
1.1517e-08,0.016066400000000036
1.1519e-08,0.020355899999999982
1.1521e-08,0.024612700000000043
1.1523e-08,0.028835300000000008
1.1525e-08,0.033021999999999996
1.1527e-08,0.03717119999999996
1.1529e-08,0.04128160000000003
1.1531e-08,0.04535199999999995
1.1533e-08,0.04938089999999995
1.1535e-08,0.053367400000000065
1.1537e-08,0.05731049999999993
1.1539e-08,0.061209199999999964
1.1541e-08,0.06506250000000002
1.1543e-08,0.06886979999999998
1.1545e-08,0.07263050000000004
1.1547e-08,0.07634370000000001
1.1549e-08,0.08000890000000005
1.1551e-08,0.08362579999999997
1.1553e-08,0.08719379999999999
1.1555e-08,0.09071250000000008
1.1557e-08,0.09418159999999998
1.1559e-08,0.09760089999999999
1.1561e-08,0.10097029999999996
1.1563e-08,0.10428929999999992
1.1565e-08,0.10755820000000005
1.1567e-08,0.11077650000000006
1.1569e-08,0.1139445
1.1571e-08,0.11706209999999995
1.1573e-08,0.12012940000000005
1.1575e-08,0.1231464000000001
1.1577e-08,0.12611329999999998
1.1579e-08,0.12903030000000004
1.1581e-08,0.13189759999999995
1.1583e-08,0.13471509999999998
1.1585e-08,0.13748340000000003
1.1587e-08,0.14020259999999996
1.1589e-08,0.1428731000000001
1.1591e-08,0.14549520000000005
1.1593e-08,0.14806909999999995
1.1595e-08,0.1505953
1.1597e-08,0.1530741
1.15985e-08,0.15490229999999994
1.16e-08,0.15670419999999996
1.16002e-08,0.15694229999999998
1.16006e-08,0.15741740000000004
1.16014e-08,0.1583621999999999
1.1603e-08,0.16022970000000003
1.1605e-08,0.16252310000000003
1.1607e-08,0.1647712
1.1609e-08,0.16697450000000003
1.1611e-08,0.1691334
1.1613e-08,0.17124840000000008
1.1615e-08,0.17331999999999992
1.1617e-08,0.17534879999999997
1.1619e-08,0.17733520000000003
1.1621e-08,0.17927959999999998
1.1623e-08,0.18118269999999992
1.1625e-08,0.18304490000000007
1.1627e-08,0.1848668
1.1629e-08,0.18664879999999995
1.1631e-08,0.1883916000000001
1.1633e-08,0.19009569999999998
1.1635e-08,0.19176150000000003
1.1637e-08,0.19338959999999994
1.1639e-08,0.19498059999999995
1.1641e-08,0.19653489999999996
1.1643e-08,0.19805320000000004
1.1645e-08,0.19953599999999994
1.1647e-08,0.20098359999999993
1.1649e-08,0.2023969
1.1651e-08,0.20377620000000007
1.1653e-08,0.20512199999999992
1.1655e-08,0.20643500000000004
1.1657e-08,0.2077156
1.1659e-08,0.20896439999999994
1.1661e-08,0.21018169999999992
1.1663e-08,0.21136829999999995
1.1665e-08,0.21252459999999995
1.1667e-08,0.21365099999999992
1.1669e-08,0.2147483
1.1671e-08,0.21581659999999991
1.1673e-08,0.21685680000000007
1.1675e-08,0.21786899999999998
1.1677e-08,0.218854
1.1679e-08,0.21981229999999996
1.1681e-08,0.22074399999999994
1.1683e-08,0.22165
1.1685e-08,0.22253050000000008
1.1687e-08,0.22338609999999992
1.1689e-08,0.2242172
1.1691e-08,0.22502430000000007
1.1693e-08,0.22580769999999994
1.1695e-08,0.22656809999999994
1.1697e-08,0.2273058
1.1699e-08,0.22802119999999992
1.1701e-08,0.2287148
1.1703e-08,0.2293869999999999
1.1705e-08,0.23003810000000002
1.1707e-08,0.2306688
1.1709e-08,0.2312791999999999
1.1711e-08,0.23186989999999996
1.1713e-08,0.23244120000000001
1.1715e-08,0.23299350000000008
1.1717e-08,0.2335273
1.1719e-08,0.23404290000000005
1.1721e-08,0.2345406
1.1723e-08,0.23502079999999992
1.1725e-08,0.23548389999999997
1.1727e-08,0.23593030000000004
1.1729e-08,0.23636030000000008
1.1731e-08,0.2367743
1.1733e-08,0.23717259999999996
1.1735e-08,0.23755550000000003
1.1737e-08,0.2379234
1.1739e-08,0.23827660000000006
1.1741e-08,0.23861549999999998
1.1743e-08,0.23894040000000005
1.1745e-08,0.23925130000000006
1.1747e-08,0.239549
1.1749e-08,0.23983359999999998
1.1751e-08,0.24010520000000002
1.1753e-08,0.24036429999999998
1.1755e-08,0.24061120000000003
1.1757e-08,0.2408461999999999
1.1759e-08,0.24106950000000005
1.1761e-08,0.24128139999999998
1.1763e-08,0.24148210000000003
1.1765e-08,0.2416718
1.1767e-08,0.24185109999999999
1.1769e-08,0.24202
1.1771e-08,0.24217879999999992
1.1773e-08,0.24232769999999992
1.1775e-08,0.242467
1.1777e-08,0.2425969
1.1779e-08,0.24271770000000004
1.1781e-08,0.24282959999999998
1.1783e-08,0.24293280000000006
1.1785e-08,0.24302750000000006
1.1787e-08,0.24311399999999994
1.1789e-08,0.2431924000000001
1.1791e-08,0.2432629999999999
1.1793e-08,0.24332599999999993
1.1795e-08,0.24338169999999992
1.1797e-08,0.2434301000000001
1.17985e-08,0.24346179999999995
1.18e-08,0.24348959999999997
1.18002e-08,0.24349299999999996
1.18006e-08,0.24349949999999998
1.18014e-08,0.2435121
1.1803e-08,0.24353380000000002
1.1805e-08,0.24355530000000003
1.1807e-08,0.24357039999999996
1.1809e-08,0.2435796
1.1811e-08,0.24358270000000004
1.1813e-08,0.24358009999999997
1.1815e-08,0.24357190000000006
1.1817e-08,0.2435583
1.1819e-08,0.24353939999999996
1.1821e-08,0.24351540000000005
1.1823e-08,0.24348649999999994
1.1825e-08,0.24345270000000008
1.1827e-08,0.24341420000000002
1.1829e-08,0.24337129999999996
1.1831e-08,0.24332399999999998
1.1833e-08,0.2432725
1.1835e-08,0.2432168
1.1837e-08,0.24315719999999996
1.1839e-08,0.24309369999999997
1.1841e-08,0.24302669999999993
1.1843e-08,0.2429559
1.1845e-08,0.24288169999999998
1.1847e-08,0.24280420000000003
1.1849e-08,0.24272340000000003
1.1851e-08,0.2426395
1.1853e-08,0.2425526
1.1855e-08,0.24246290000000004
1.1857e-08,0.24237029999999993
1.1859e-08,0.24227509999999997
1.1861e-08,0.24217719999999998
1.1863e-08,0.242077
1.1865e-08,0.24197429999999998
1.1867e-08,0.2418694
1.1869e-08,0.24176220000000004
1.1871e-08,0.241653
1.1873e-08,0.24154160000000002
1.1875e-08,0.2414286
1.1877e-08,0.2413134
1.1879e-08,0.24119670000000004
1.1881e-08,0.2410781999999999
1.1883e-08,0.24095809999999995
1.1885e-08,0.24083659999999996
1.1887e-08,0.24071359999999997
1.1889e-08,0.2405891
1.1891e-08,0.24046349999999994
1.1893e-08,0.2403364
1.1895e-08,0.2402084
1.1897e-08,0.24007920000000005
1.1899e-08,0.23994899999999997
1.1901e-08,0.23981779999999997
1.1903e-08,0.2396857
1.1905e-08,0.23955269999999995
1.1907e-08,0.2394189
1.1909e-08,0.23928440000000006
1.1911e-08,0.2391493
1.1913e-08,0.23901359999999994
1.1915e-08,0.2388772
1.1917e-08,0.23874030000000002
1.1919e-08,0.238603
1.1921e-08,0.23846520000000004
1.1923e-08,0.23832710000000001
1.1925e-08,0.23818859999999997
1.1927e-08,0.23804979999999998
1.1929e-08,0.23791090000000004
1.1931e-08,0.23777159999999997
1.1933e-08,0.23763220000000007
1.1935e-08,0.23749279999999995
1.1937e-08,0.2373533
1.1939e-08,0.23721369999999997
1.1941e-08,0.237074
1.1943e-08,0.2369344
1.1945e-08,0.23679490000000003
1.1947e-08,0.2366554999999999
1.1949e-08,0.23651620000000007
1.1951e-08,0.2363771
1.1953e-08,0.23623820000000006
1.1955e-08,0.23609940000000007
1.1957e-08,0.23596090000000003
1.1959e-08,0.23582269999999994
1.1961e-08,0.23568480000000003
1.1963e-08,0.23554719999999996
1.1965e-08,0.23541
1.1967e-08,0.2352731
1.1969e-08,0.2351367000000001
1.1971e-08,0.23500069999999995
1.1973e-08,0.234865
1.1975e-08,0.23473
1.1977e-08,0.23459529999999995
1.1979e-08,0.23446119999999993
1.1981e-08,0.23432760000000008
1.1983e-08,0.23419440000000002
1.1985e-08,0.23406189999999993
1.1987e-08,0.2339298999999999
1.1989e-08,0.23379859999999997
1.1991e-08,0.23366779999999998
1.1993e-08,0.23353769999999996
1.1995e-08,0.23340820000000007
1.1997e-08,0.23327939999999991
1.19985e-08,0.23318309999999998
1.2e-08,0.2330873
1.20002e-08,0.23307449999999996
1.20006e-08,0.23304900000000006
1.20014e-08,0.23299820000000004
1.2003e-08,0.23289680000000001
1.2005e-08,0.23277060000000005
1.2007e-08,0.23264510000000005
1.2009e-08,0.23252039999999996
1.2011e-08,0.23239640000000006
1.2013e-08,0.2322731
1.2015e-08,0.23215059999999998
1.2017e-08,0.23202880000000004
1.2019e-08,0.23190789999999994
1.2021e-08,0.2317876000000001
1.2023e-08,0.23166810000000004
1.2025e-08,0.23154949999999996
1.2027e-08,0.23143159999999996
1.2029e-08,0.23131449999999998
1.2031e-08,0.23119820000000002
1.2033e-08,0.23108269999999997
1.2035e-08,0.23096799999999995
1.2037e-08,0.23085410000000006
1.2039e-08,0.23074099999999997
1.2041e-08,0.23062879999999997
1.2043e-08,0.2305174000000001
1.2045e-08,0.2304067999999999
1.2047e-08,0.23029710000000003
1.2049e-08,0.2301881
1.2051e-08,0.2300801
1.2053e-08,0.22997289999999992
1.2055e-08,0.22986640000000003
1.2057e-08,0.22976089999999993
1.2059e-08,0.22965619999999998
1.2061e-08,0.22955229999999993
1.2063e-08,0.22944930000000008
1.2065e-08,0.22934699999999997
1.2067e-08,0.2292457
1.2069e-08,0.22914520000000005
1.2071e-08,0.22904559999999996
1.2073e-08,0.22894669999999995
1.2075e-08,0.22884879999999996
1.2077e-08,0.22875159999999994
1.2079e-08,0.2286553
1.2081e-08,0.22855990000000004
1.2083e-08,0.22846529999999998
1.2085e-08,0.22837150000000006
1.2087e-08,0.22827850000000005
1.2089e-08,0.22818649999999996
1.2091e-08,0.22809519999999994
1.2093e-08,0.2280048
1.2095e-08,0.22791510000000004
1.2097e-08,0.22782630000000004
1.2099e-08,0.22773830000000006
1.2101e-08,0.22765120000000005
1.2103e-08,0.2275647999999999
1.2105e-08,0.2274792
1.2107e-08,0.22739450000000005
1.2109e-08,0.22731059999999992
1.2111e-08,0.22722750000000003
1.2113e-08,0.2271451
1.2115e-08,0.22706369999999998
1.2117e-08,0.2269829
1.2119e-08,0.22690299999999997
1.2121e-08,0.22682380000000002
1.2123e-08,0.22674539999999999
1.2125e-08,0.22666779999999997
1.2127e-08,0.226591
1.2129e-08,0.22651500000000002
1.2131e-08,0.22643959999999996
1.2133e-08,0.22636500000000004
1.2135e-08,0.22629119999999991
1.2137e-08,0.22621820000000004
1.2139e-08,0.22614599999999996
1.2141e-08,0.2260744
1.2143e-08,0.22600360000000008
1.2145e-08,0.2259335
1.2147e-08,0.2258641
1.2149e-08,0.22579550000000004
1.2151e-08,0.22572749999999997
1.2153e-08,0.22566030000000004
1.2155e-08,0.22559380000000007
1.2157e-08,0.22552799999999995
1.2159e-08,0.22546299999999997
1.2161e-08,0.2253986
1.2163e-08,0.22533479999999995
1.2165e-08,0.22527180000000002
1.2167e-08,0.22520949999999995
1.2169e-08,0.2251478
1.2171e-08,0.22508680000000003
1.2173e-08,0.22502639999999996
1.2175e-08,0.22496669999999996
1.2177e-08,0.22490770000000004
1.2179e-08,0.22484930000000003
1.2181e-08,0.22479159999999998
1.2183e-08,0.22473449999999995
1.2185e-08,0.22467789999999999
1.2187e-08,0.22462210000000005
1.2189e-08,0.2245669
1.2191e-08,0.2245123
1.2193e-08,0.2244583
1.2195e-08,0.22440490000000002
1.2197e-08,0.22435210000000005
1.21985e-08,0.22431289999999993
1.22e-08,0.22427400000000008
1.22002e-08,0.22426970000000002
1.22006e-08,0.22426269999999993
1.22014e-08,0.2242573
1.2203e-08,0.22424480000000002
1.2205e-08,0.2241499
1.2207e-08,0.2238870999999999
1.2209e-08,0.22339909999999996
1.2211e-08,0.22265289999999993
1.2213e-08,0.22163160000000004
1.2215e-08,0.2203288
1.2217e-08,0.2187456000000001
1.2219e-08,0.2168869
1.2221e-08,0.21476130000000004
1.2223e-08,0.21237879999999998
1.2225e-08,0.20975030000000006
1.2227e-08,0.20688760000000006
1.2229e-08,0.2038025
1.2231e-08,0.20050689999999993
1.2233e-08,0.19701250000000003
1.2235e-08,0.19333069999999997
1.2237e-08,0.1894728
1.2239e-08,0.1854498
1.2241e-08,0.18127210000000005
1.2243e-08,0.1769501
1.2245e-08,0.17249369999999997
1.2247e-08,0.16791219999999996
1.2249e-08,0.1632152
1.2251e-08,0.1584114000000001
1.2253e-08,0.15350960000000002
1.2255e-08,0.14851789999999998
1.2257e-08,0.14344440000000003
1.2259e-08,0.1382968000000001
1.2261e-08,0.13308239999999993
1.2263e-08,0.12780840000000004
1.2265e-08,0.12248179999999997
1.2267e-08,0.11710909999999997
1.2269e-08,0.11169660000000003
1.2271e-08,0.10625050000000003
1.2273e-08,0.10077669999999994
1.2275e-08,0.0952807
1.2277e-08,0.08976780000000006
1.2279e-08,0.08424330000000002
1.2281e-08,0.07871209999999995
1.2283e-08,0.07317879999999999
1.2285e-08,0.06764799999999993
1.2287e-08,0.06212399999999996
1.2289e-08,0.05661090000000002
1.2291e-08,0.051112500000000005
1.2293e-08,0.045632499999999965
1.2295e-08,0.040174400000000055
1.2297e-08,0.03474159999999993
1.2299e-08,0.029337200000000063
1.2301e-08,0.02396430000000005
1.2303e-08,0.01862549999999996
1.2305e-08,0.013323599999999991
1.2307e-08,0.008060999999999985
1.2309e-08,0.0028399999999999537
1.2311e-08,-0.0023370000000000335
1.2313e-08,-0.0074680999999999775
1.2315e-08,-0.012551500000000049
1.2317e-08,-0.01758510000000002
1.2319e-08,-0.022567499999999963
1.2321e-08,-0.0274972
1.2323e-08,-0.032372599999999974
1.2325e-08,-0.03719250000000007
1.2327e-08,-0.04195579999999999
1.2329e-08,-0.04666130000000002
1.2331e-08,-0.05130800000000002
1.2333e-08,-0.055895200000000034
1.2335e-08,-0.06042190000000003
1.2337e-08,-0.0648875000000001
1.2339e-08,-0.06929150000000006
1.2341e-08,-0.07363319999999995
1.2343e-08,-0.07791219999999999
1.2345e-08,-0.08212819999999998
1.2347e-08,-0.08628080000000005
1.2349e-08,-0.09036979999999994
1.2351e-08,-0.094395
1.2353e-08,-0.09835630000000006
1.2355e-08,-0.10225380000000006
1.2357e-08,-0.1060873
1.2359e-08,-0.10985690000000004
1.2361e-08,-0.11356270000000002
1.2363e-08,-0.11720490000000006
1.2365e-08,-0.12078369999999994
1.2367e-08,-0.1242993
1.2369e-08,-0.1277520000000001
1.2371e-08,-0.13114199999999998
1.2373e-08,-0.13446989999999992
1.2375e-08,-0.13773580000000007
1.2377e-08,-0.14094030000000002
1.2379e-08,-0.14408370000000004
1.2381e-08,-0.14716659999999993
1.2383e-08,-0.15018939999999992
1.2385e-08,-0.15315260000000008
1.2387e-08,-0.15605670000000005
1.2389e-08,-0.1589024
1.2391e-08,-0.1616902
1.2393e-08,-0.16442059999999992
1.2395e-08,-0.16709430000000003
1.2397e-08,-0.16971190000000003
1.23985e-08,-0.17163869999999992
1.24e-08,-0.17353429999999992
1.24002e-08,-0.1737845
1.24006e-08,-0.1742838
1.24014e-08,-0.17527570000000003
1.2403e-08,-0.17723369999999994
1.2405e-08,-0.1796333
1.2407e-08,-0.18198000000000003
1.2409e-08,-0.1842745
1.2411e-08,-0.18651740000000006
1.2413e-08,-0.18870950000000009
1.2415e-08,-0.1908514
1.2417e-08,-0.19294389999999995
1.2419e-08,-0.19498749999999998
1.2421e-08,-0.19698300000000002
1.2423e-08,-0.19893119999999997
1.2425e-08,-0.20083269999999998
1.2427e-08,-0.20268809999999993
1.2429e-08,-0.20449830000000002
1.2431e-08,-0.20626389999999994
1.2433e-08,-0.20798550000000005
1.2435e-08,-0.20966399999999996
1.2437e-08,-0.21129989999999998
1.2439e-08,-0.21289389999999997
1.2441e-08,-0.21444679999999994
1.2443e-08,-0.2159591999999999
1.2445e-08,-0.21743179999999995
1.2447e-08,-0.21886530000000004
1.2449e-08,-0.22026020000000002
1.2451e-08,-0.22161739999999996
1.2453e-08,-0.22293740000000006
1.2455e-08,-0.22422089999999995
1.2457e-08,-0.22546849999999996
1.2459e-08,-0.22668100000000002
1.2461e-08,-0.22785880000000003
1.2463e-08,-0.22900260000000006
1.2465e-08,-0.23011320000000002
1.2467e-08,-0.23119089999999998
1.2469e-08,-0.2322365999999999
1.2471e-08,-0.23325079999999998
1.2473e-08,-0.2342341
1.2475e-08,-0.23518689999999998
1.2477e-08,-0.2361101
1.2479e-08,-0.23700409999999994
1.2481e-08,-0.2378693999999999
1.2483e-08,-0.2387068
1.2485e-08,-0.23951670000000003
1.2487e-08,-0.2402995
1.2489e-08,-0.24105599999999994
1.2491e-08,-0.24178659999999996
1.2493e-08,-0.24249179999999992
1.2495e-08,-0.2431723
1.2497e-08,-0.24382840000000006
1.2499e-08,-0.24446069999999998
1.2501e-08,-0.2450696
1.2503e-08,-0.24565579999999998
1.2505e-08,-0.24621959999999998
1.2507e-08,-0.24676149999999997
1.2509e-08,-0.247282
1.2511e-08,-0.2477815
1.2513e-08,-0.24826060000000005
1.2515e-08,-0.2487197
1.2517e-08,-0.24915909999999997
1.2519e-08,-0.2495794
1.2521e-08,-0.24998089999999995
1.2523e-08,-0.25036420000000004
1.2525e-08,-0.2507294
1.2527e-08,-0.25107729999999995
1.2529e-08,-0.2514080000000001
1.2531e-08,-0.251722
1.2533e-08,-0.2520197999999999
1.2535e-08,-0.25230149999999996
1.2537e-08,-0.25256769999999995
1.2539e-08,-0.2528188
1.2541e-08,-0.25305500000000003
1.2543e-08,-0.2532767
1.2545e-08,-0.25348439999999994
1.2547e-08,-0.2536782000000001
1.2549e-08,-0.25385860000000005
1.2551e-08,-0.2540259
1.2553e-08,-0.2541804999999999
1.2555e-08,-0.2543225
1.2557e-08,-0.2544523999999999
1.2559e-08,-0.2545704999999999
1.2561e-08,-0.25467700000000004
1.2563e-08,-0.2547724
1.2565e-08,-0.2548568
1.2567e-08,-0.2549306
1.2569e-08,-0.2549939
1.2571e-08,-0.2550471999999999
1.2573e-08,-0.2550906999999999
1.2575e-08,-0.25512460000000003
1.2577e-08,-0.25514919999999996
1.2579e-08,-0.25516479999999997
1.2581e-08,-0.2551717
1.2583e-08,-0.25517
1.2585e-08,-0.2551599
1.2587e-08,-0.25514190000000003
1.2589e-08,-0.255116
1.2591e-08,-0.2550825
1.2593e-08,-0.2550416999999999
1.2595e-08,-0.2549937
1.2597e-08,-0.2549388
1.25985e-08,-0.25489320000000004
1.26e-08,-0.2548439
1.26002e-08,-0.254837
1.26006e-08,-0.2548231000000001
1.26014e-08,-0.2547946
1.2603e-08,-0.2547345000000001
1.2605e-08,-0.2546539
1.2607e-08,-0.2545674
1.2609e-08,-0.2544751999999999
1.2611e-08,-0.25437750000000003
1.2613e-08,-0.25427429999999995
1.2615e-08,-0.2541659999999999
1.2617e-08,-0.2540527
1.2619e-08,-0.25393449999999995
1.2621e-08,-0.2538117
1.2623e-08,-0.2536845
1.2625e-08,-0.2535528
1.2627e-08,-0.253417
1.2629e-08,-0.25327710000000003
1.2631e-08,-0.2531333
1.2633e-08,-0.2529859
1.2635e-08,-0.2528348
1.2637e-08,-0.2526802
1.2639e-08,-0.2525223999999999
1.2641e-08,-0.25236139999999996
1.2643e-08,-0.2521974
1.2645e-08,-0.2520304
1.2647e-08,-0.2518606
1.2649e-08,-0.25168820000000003
1.2651e-08,-0.2515132
1.2653e-08,-0.2513358
1.2655e-08,-0.2511561
1.2657e-08,-0.2509741
1.2659e-08,-0.2507901
1.2661e-08,-0.2506041
1.2663e-08,-0.25041610000000003
1.2665e-08,-0.25022640000000007
1.2667e-08,-0.250035
1.2669e-08,-0.249842
1.2671e-08,-0.2496474999999999
1.2673e-08,-0.24945169999999994
1.2675e-08,-0.2492544
1.2677e-08,-0.24905599999999994
1.2679e-08,-0.24885639999999998
1.2681e-08,-0.24865570000000004
1.2683e-08,-0.2484541
1.2685e-08,-0.24825160000000002
1.2687e-08,-0.2480483
1.2689e-08,-0.24784419999999996
1.2691e-08,-0.2476393
1.2693e-08,-0.24743399999999993
1.2695e-08,-0.2472279999999999
1.2697e-08,-0.24702159999999995
1.2699e-08,-0.24681470000000005
1.2701e-08,-0.24660760000000004
1.2703e-08,-0.24640019999999996
1.2705e-08,-0.24619250000000004
1.2707e-08,-0.2459846
1.2709e-08,-0.2457765999999999
1.2711e-08,-0.24556860000000003
1.2713e-08,-0.24536060000000004
1.2715e-08,-0.24515259999999994
1.2717e-08,-0.24494479999999996
1.2719e-08,-0.24473710000000004
1.2721e-08,-0.24452949999999996
1.2723e-08,-0.24432220000000004
1.2725e-08,-0.2441152000000001
1.2727e-08,-0.24390849999999997
1.2729e-08,-0.24370219999999998
1.2731e-08,-0.24349639999999995
1.2733e-08,-0.2432909000000001
1.2735e-08,-0.24308589999999997
1.2737e-08,-0.24288149999999997
1.2739e-08,-0.24267760000000005
1.2741e-08,-0.24247430000000003
1.2743e-08,-0.24227169999999998
1.2745e-08,-0.24206970000000005
1.2747e-08,-0.24186830000000004
1.2749e-08,-0.24166769999999993
1.2751e-08,-0.24146789999999996
1.2753e-08,-0.2412687
1.2755e-08,-0.24107050000000008
1.2757e-08,-0.240873
1.2759e-08,-0.2406764
1.2761e-08,-0.2404807
1.2763e-08,-0.2402858
1.2765e-08,-0.24009190000000002
1.2767e-08,-0.23989890000000003
1.2769e-08,-0.2397068
1.2771e-08,-0.23951580000000006
1.2773e-08,-0.23932580000000003
1.2775e-08,-0.23913680000000004
1.2777e-08,-0.2389487
1.2779e-08,-0.23876180000000002
1.2781e-08,-0.23857589999999995
1.2783e-08,-0.23839109999999997
1.2785e-08,-0.2382073
1.2787e-08,-0.2380247000000001
1.2789e-08,-0.23784320000000003
1.2791e-08,-0.2376627
1.2793e-08,-0.23748360000000002
1.2795e-08,-0.23730550000000006
1.2797e-08,-0.2371285999999999
1.27985e-08,-0.2369966
1.28e-08,-0.23687399999999992
1.28002e-08,-0.2368595
1.28006e-08,-0.23683129999999997
1.28014e-08,-0.23677669999999995
1.2803e-08,-0.23664360000000007
1.2805e-08,-0.23636769999999996
1.2807e-08,-0.23590279999999997
1.2809e-08,-0.23520150000000006
1.2811e-08,-0.23423690000000008
1.2813e-08,-0.23299629999999993
1.2815e-08,-0.23147629999999997
1.2817e-08,-0.22967919999999997
1.2819e-08,-0.22761149999999997
1.2821e-08,-0.2252822
1.2823e-08,-0.22270120000000004
1.2825e-08,-0.21987999999999996
1.2827e-08,-0.21683019999999997
1.2829e-08,-0.21356360000000008
1.2831e-08,-0.21009160000000004
1.2833e-08,-0.206426
1.2835e-08,-0.20257809999999998
1.2837e-08,-0.19855880000000004
1.2839e-08,-0.19437890000000002
1.2841e-08,-0.19004880000000002
1.2843e-08,-0.18557849999999998
1.2845e-08,-0.18097770000000002
1.2847e-08,-0.17625590000000002
1.2849e-08,-0.17142200000000007
1.2851e-08,-0.16648490000000005
1.2853e-08,-0.16145320000000007
1.2855e-08,-0.15633470000000005
1.2857e-08,-0.15113750000000004
1.2859e-08,-0.14586920000000003
1.2861e-08,-0.14053700000000002
1.2863e-08,-0.13514800000000005
1.2865e-08,-0.12970890000000002
1.2867e-08,-0.12422630000000001
1.2869e-08,-0.11870649999999994
1.2871e-08,-0.11315529999999996
1.2873e-08,-0.10757870000000003
1.2875e-08,-0.10198209999999996
1.2877e-08,-0.09637089999999993
1.2879e-08,-0.09075009999999994
1.2881e-08,-0.08512449999999994
1.2883e-08,-0.07949890000000004
1.2885e-08,-0.0738778
1.2887e-08,-0.06826509999999997
1.2889e-08,-0.06266510000000003
1.2891e-08,-0.057081599999999955
1.2893e-08,-0.05151820000000007
1.2895e-08,-0.045978399999999975
1.2897e-08,-0.040465399999999985
1.2899e-08,-0.03498229999999991
1.2901e-08,-0.029532299999999956
1.2903e-08,-0.024117899999999914
1.2905e-08,-0.018741600000000025
1.2907e-08,-0.013406299999999982
1.2909e-08,-0.00811380000000006
1.2911e-08,-0.0028667
1.2913e-08,0.0023332999999999826
1.2915e-08,0.007484200000000052
1.2917e-08,0.012584199999999934
1.2919e-08,0.017631799999999975
1.2921e-08,0.022625500000000076
1.2923e-08,0.027563800000000027
1.2925e-08,0.03244539999999996
1.2927e-08,0.03726929999999995
1.2929e-08,0.04203440000000003
1.2931e-08,0.04673969999999994
1.2933e-08,0.0513844
1.2935e-08,0.055967600000000006
1.2937e-08,0.06048890000000007
1.2939e-08,0.0649474000000001
1.2941e-08,0.06934280000000004
1.2943e-08,0.07367470000000009
1.2945e-08,0.07794260000000008
1.2947e-08,0.08214619999999995
1.2949e-08,0.08628540000000007
1.2951e-08,0.09036010000000005
1.2953e-08,0.09437010000000001
1.2955e-08,0.09831520000000005
1.2957e-08,0.10219579999999995
1.2959e-08,0.10601170000000004
1.2961e-08,0.1097631
1.2963e-08,0.11345019999999995
1.2965e-08,0.11707299999999998
1.2967e-08,0.12063210000000002
1.2969e-08,0.12412750000000006
1.2971e-08,0.1275598
1.2973e-08,0.13092900000000007
1.2975e-08,0.13423580000000002
1.2977e-08,0.1374805
1.2979e-08,0.1406636
1.2981e-08,0.1437855
1.2983e-08,0.1468467
1.2985e-08,0.14984779999999998
1.2987e-08,0.15278939999999996
1.2989e-08,0.15567190000000009
1.2991e-08,0.15849599999999997
1.2993e-08,0.16126229999999997
1.2995e-08,0.1639712000000001
1.2997e-08,0.16662359999999998
1.29985e-08,0.1685761
1.3e-08,0.17049729999999996
1.30002e-08,0.17075079999999998
1.30006e-08,0.1712568
1.30014e-08,0.17226219999999992
1.3003e-08,0.17424689999999998
1.3005e-08,0.17667929999999998
1.3007e-08,0.1790585
1.3009e-08,0.18138509999999997
1.3011e-08,0.18365960000000003
1.3013e-08,0.18588289999999996
1.3015e-08,0.1880556
1.3017e-08,0.19017830000000002
1.3019e-08,0.19225199999999998
1.3021e-08,0.19427720000000004
1.3023e-08,0.19625460000000006
1.3025e-08,0.1981849
1.3027e-08,0.2000689
1.3029e-08,0.20190720000000006
1.3031e-08,0.20370050000000006
1.3033e-08,0.20544969999999996
1.3035e-08,0.20715519999999998
1.3037e-08,0.2088179
1.3039e-08,0.21043840000000003
1.3041e-08,0.21201740000000002
1.3043e-08,0.21355570000000001
1.3045e-08,0.21505380000000007
1.3047e-08,0.21651260000000006
1.3049e-08,0.21793249999999997
1.3051e-08,0.21931430000000007
1.3053e-08,0.2206587000000001
1.3055e-08,0.22196629999999995
1.3057e-08,0.22323769999999998
1.3059e-08,0.2244737
1.3061e-08,0.22567480000000006
1.3063e-08,0.22684170000000003
1.3065e-08,0.22797499999999993
1.3067e-08,0.22907540000000004
1.3069e-08,0.2301434
1.3071e-08,0.23117949999999998
1.3073e-08,0.23218470000000002
1.3075e-08,0.23315910000000006
1.3077e-08,0.23410360000000008
1.3079e-08,0.23501879999999997
1.3081e-08,0.23590500000000003
1.3083e-08,0.23676299999999995
1.3085e-08,0.2375933
1.3087e-08,0.2383965
1.3089e-08,0.23917300000000008
1.3091e-08,0.2399234
1.3093e-08,0.24064829999999993
1.3095e-08,0.24134810000000007
1.3097e-08,0.2420235999999999
1.3099e-08,0.24267479999999997
1.3101e-08,0.24330259999999992
1.3103e-08,0.24390749999999994
1.3105e-08,0.24448970000000003
1.3107e-08,0.24505
1.3109e-08,0.24558859999999993
1.3111e-08,0.24610600000000005
1.3113e-08,0.24660290000000007
1.3115e-08,0.2470795
1.3117e-08,0.2475364000000001
1.3119e-08,0.24797380000000002
1.3121e-08,0.24839239999999996
1.3123e-08,0.24879260000000003
1.3125e-08,0.24917469999999997
1.3127e-08,0.2495391
1.3129e-08,0.24988620000000006
1.3131e-08,0.2502164
1.3133e-08,0.2505303
1.3135e-08,0.25082800000000005
1.3137e-08,0.25111000000000006
1.3139e-08,0.2513766999999999
1.3141e-08,0.2516284000000001
1.3143e-08,0.25186549999999996
1.3145e-08,0.25208830000000004
1.3147e-08,0.2522972
1.3149e-08,0.2524925
1.3151e-08,0.2526746000000001
1.3153e-08,0.2528437
1.3155e-08,0.25300029999999996
1.3157e-08,0.25314459999999994
1.3159e-08,0.2532769
1.3161e-08,0.25339750000000005
1.3163e-08,0.2535069
1.3165e-08,0.25360499999999997
1.3167e-08,0.2536925
1.3169e-08,0.25376940000000003
1.3171e-08,0.25383620000000007
1.3173e-08,0.2538929
1.3175e-08,0.25394000000000005
1.3177e-08,0.2539777
1.3179e-08,0.25400620000000007
1.3181e-08,0.25402579999999997
1.3183e-08,0.25403680000000006
1.3185e-08,0.2540393999999999
1.3187e-08,0.25403370000000003
1.3189e-08,0.25402020000000003
1.3191e-08,0.2539988999999999
1.3193e-08,0.2539701000000001
1.3195e-08,0.25393409999999994
1.3197e-08,0.2538910999999999
1.31985e-08,0.2538543
1.32e-08,0.25381370000000003
1.32002e-08,0.25380800000000003
1.32006e-08,0.2537963999999999
1.32014e-08,0.25377249999999996
1.3203e-08,0.2537216
1.3205e-08,0.25365249999999995
1.3207e-08,0.2535773
1.3209e-08,0.25349620000000006
1.3211e-08,0.2534096
1.3213e-08,0.2533174
1.3215e-08,0.25322
1.3217e-08,0.25311739999999994
1.3219e-08,0.2530099
1.3221e-08,0.2528977
1.3223e-08,0.2527808
1.3225e-08,0.25265950000000004
1.3227e-08,0.2525339
1.3229e-08,0.2524042000000001
1.3231e-08,0.25227049999999995
1.3233e-08,0.2521329
1.3235e-08,0.25199170000000004
1.3237e-08,0.25184700000000004
1.3239e-08,0.25169870000000005
1.3241e-08,0.25154730000000003
1.3243e-08,0.2513927
1.3245e-08,0.25123510000000004
1.3247e-08,0.2510745999999999
1.3249e-08,0.2509114
1.3251e-08,0.25074549999999995
1.3253e-08,0.2505771
1.3255e-08,0.2504062
1.3257e-08,0.2502331000000001
1.3259e-08,0.2500578
1.3261e-08,0.2498804
1.3263e-08,0.24970100000000006
1.3265e-08,0.2495197
1.3267e-08,0.24933669999999997
1.3269e-08,0.24915200000000004
1.3271e-08,0.2489657999999999
1.3273e-08,0.24877799999999994
1.3275e-08,0.24858880000000005
1.3277e-08,0.24839829999999996
1.3279e-08,0.24820660000000005
1.3281e-08,0.2480137
1.3283e-08,0.24781980000000003
1.3285e-08,0.24762490000000004
1.3287e-08,0.24742909999999996
1.3289e-08,0.24723249999999997
1.3291e-08,0.247035
1.3293e-08,0.24683689999999991
1.3295e-08,0.24663820000000003
1.3297e-08,0.24643899999999996
1.3299e-08,0.2462392
1.3301e-08,0.246039
1.3303e-08,0.24583849999999996
1.3305e-08,0.24563769999999996
1.3307e-08,0.2454366
1.3309e-08,0.2452354
1.3311e-08,0.24503399999999997
1.3313e-08,0.2448325
1.3315e-08,0.2446311
1.3317e-08,0.2444295999999999
1.3319e-08,0.24422829999999995
1.3321e-08,0.244027
1.3323e-08,0.24382590000000004
1.3325e-08,0.24362509999999993
1.3327e-08,0.24342439999999999
1.3329e-08,0.2432242
1.3331e-08,0.24302429999999997
1.3333e-08,0.24282460000000006
1.3335e-08,0.24262550000000005
1.3337e-08,0.2424269
1.3339e-08,0.24222860000000002
1.3341e-08,0.242031
1.3343e-08,0.24183390000000005
1.3345e-08,0.2416374
1.3347e-08,0.24144149999999998
1.3349e-08,0.24124630000000002
1.3351e-08,0.24105169999999998
1.3353e-08,0.24085789999999996
1.3355e-08,0.2406648
1.3357e-08,0.24047240000000003
1.3359e-08,0.24028090000000002
1.3361e-08,0.24009019999999992
1.3363e-08,0.23990029999999996
1.3365e-08,0.23971130000000007
1.3367e-08,0.23952319999999994
1.3369e-08,0.23933589999999993
1.3371e-08,0.23914959999999996
1.3373e-08,0.23896420000000007
1.3375e-08,0.23877989999999993
1.3377e-08,0.23859639999999993
1.3379e-08,0.23841390000000007
1.3381e-08,0.23823260000000002
1.3383e-08,0.2380521000000001
1.3385e-08,0.2378728
1.3387e-08,0.23769449999999992
1.3389e-08,0.23751719999999998
1.3391e-08,0.23734109999999997
1.3393e-08,0.237166
1.3395e-08,0.2369920000000001
1.3397e-08,0.23681910000000006
1.33985e-08,0.23669019999999996
1.34e-08,0.23656200000000005
1.34002e-08,0.23654570000000008
1.34006e-08,0.23651490000000008
1.34014e-08,0.2364621
1.3403e-08,0.2363550000000001
1.3405e-08,0.23614289999999993
1.3407e-08,0.23576450000000004
1.3409e-08,0.2351626
1.3411e-08,0.23430410000000002
1.3413e-08,0.23317239999999995
1.3415e-08,0.231761
1.3417e-08,0.23007080000000002
1.3419e-08,0.22810680000000005
1.3421e-08,0.2258774
1.3423e-08,0.22339240000000005
1.3425e-08,0.2206627
1.3427e-08,0.2177
1.3429e-08,0.21451589999999998
1.3431e-08,0.21112220000000004
1.3433e-08,0.2075304
1.3435e-08,0.2037521
1.3437e-08,0.19979829999999998
1.3439e-08,0.19567999999999997
1.3441e-08,0.1914076
1.3443e-08,0.18699120000000002
1.3445e-08,0.1824407
1.3447e-08,0.17776570000000003
1.3449e-08,0.1729754
1.3451e-08,0.16807850000000002
1.3453e-08,0.1630838
1.3455e-08,0.1579994
1.3457e-08,0.1528334
1.3459e-08,0.14759349999999993
1.3461e-08,0.1422869
1.3463e-08,0.13692100000000007
1.3465e-08,0.13150240000000002
1.3467e-08,0.12603799999999998
1.3469e-08,0.12053389999999997
1.3471e-08,0.1149964
1.3473e-08,0.10943119999999995
1.3475e-08,0.10384400000000005
1.3477e-08,0.09824029999999995
1.3479e-08,0.09262510000000002
1.3481e-08,0.0870033
1.3483e-08,0.0813798
1.3485e-08,0.07575900000000002
1.3487e-08,0.07014520000000002
1.3489e-08,0.0645426
1.3491e-08,0.05895499999999998
1.3493e-08,0.05338619999999994
1.3495e-08,0.04783959999999998
1.3497e-08,0.04231870000000004
1.3499e-08,0.03682659999999993
1.3501e-08,0.03136629999999996
1.3503e-08,0.02594070000000004
1.3505e-08,0.020552400000000026
1.3507e-08,0.01520379999999999
1.3509e-08,0.009897500000000004
1.3511e-08,0.004635500000000015
1.3513e-08,-0.0005800000000000249
1.3515e-08,-0.005746999999999947
1.3517e-08,-0.010863900000000037
1.3519e-08,-0.015929000000000082
1.3521e-08,-0.020940599999999976
1.3523e-08,-0.025897500000000018
1.3525e-08,-0.030798199999999998
1.3527e-08,-0.03564160000000005
1.3529e-08,-0.04042660000000009
1.3531e-08,-0.04515209999999992
1.3533e-08,-0.04981729999999995
1.3535e-08,-0.05442150000000001
1.3537e-08,-0.05896389999999996
1.3539e-08,-0.06344369999999999
1.3541e-08,-0.0678607
1.3543e-08,-0.07221440000000001
1.3545e-08,-0.0765039999999999
1.3547e-08,-0.08072979999999996
1.3549e-08,-0.0848911
1.3551e-08,-0.08898790000000001
1.3553e-08,-0.09302010000000005
1.3555e-08,-0.0969875
1.3557e-08,-0.10089029999999999
1.3559e-08,-0.1047285
1.3561e-08,-0.10850209999999993
1.3563e-08,-0.11221130000000001
1.3565e-08,-0.11585630000000002
1.3567e-08,-0.11943740000000003
1.3569e-08,-0.12295479999999992
1.3571e-08,-0.1264088
1.3573e-08,-0.12979989999999997
1.3575e-08,-0.13312819999999992
1.3577e-08,-0.13639440000000003
1.3579e-08,-0.13959880000000002
1.3581e-08,-0.14274179999999992
1.3583e-08,-0.1458241
1.3585e-08,-0.14884600000000003
1.3587e-08,-0.15180819999999995
1.3589e-08,-0.1547111
1.3591e-08,-0.1575554
1.3593e-08,-0.16034159999999997
1.3595e-08,-0.1630705
1.3597e-08,-0.16574250000000001
1.35985e-08,-0.16770950000000007
1.36e-08,-0.16965380000000008
1.36002e-08,-0.1699121
1.36006e-08,-0.1704285000000001
1.36014e-08,-0.1714561
1.3603e-08,-0.1734599
1.3605e-08,-0.17580269999999998
1.3607e-08,-0.1778982
1.3609e-08,-0.17969900000000005
1.3611e-08,-0.18117930000000004
1.3613e-08,-0.18232760000000003
1.3615e-08,-0.18314169999999996
1.3617e-08,-0.1836255
1.3619e-08,-0.18378680000000003
1.3621e-08,-0.18363589999999996
1.3623e-08,-0.18318469999999998
1.3625e-08,-0.1824456000000001
1.3627e-08,-0.18143149999999997
1.3629e-08,-0.18015550000000002
1.3631e-08,-0.17863040000000008
1.3633e-08,-0.17686880000000005
1.3635e-08,-0.174883
1.3637e-08,-0.17268490000000003
1.3639e-08,-0.1702863
1.3641e-08,-0.16769810000000007
1.3643e-08,-0.16493120000000006
1.3645e-08,-0.16199589999999997
1.3647e-08,-0.1589024
1.3649e-08,-0.15566029999999997
1.3651e-08,-0.15227879999999994
1.3653e-08,-0.1487672
1.3655e-08,-0.14513379999999998
1.3657e-08,-0.1413871
1.3659e-08,-0.13753499999999996
1.3661e-08,-0.13358530000000002
1.3663e-08,-0.12954549999999998
1.3665e-08,-0.12542279999999995
1.3667e-08,-0.12122379999999999
1.3669e-08,-0.11695540000000004
1.3671e-08,-0.1126237
1.3673e-08,-0.10823519999999998
1.3675e-08,-0.10379559999999999
1.3677e-08,-0.09931040000000002
1.3679e-08,-0.09478529999999996
1.3681e-08,-0.09022540000000001
1.3683e-08,-0.08563569999999998
1.3685e-08,-0.08102089999999995
1.3687e-08,-0.0763859
1.3689e-08,-0.07173469999999993
1.3691e-08,-0.0670717999999999
1.3693e-08,-0.062401200000000046
1.3695e-08,-0.05772660000000007
1.3697e-08,-0.05305189999999993
1.3699e-08,-0.04838030000000004
1.3701e-08,-0.04371530000000001
1.3703e-08,-0.03906019999999999
1.3705e-08,-0.034417800000000054
1.3707e-08,-0.029791000000000012
1.3709e-08,-0.025182599999999944
1.3711e-08,-0.020595199999999925
1.3713e-08,-0.016031200000000023
1.3715e-08,-0.011492899999999917
1.3717e-08,-0.006982500000000003
1.3719e-08,-0.0025021000000000626
1.3721e-08,0.0019465999999999095
1.3723e-08,0.0063613999999999615
1.3725e-08,0.010741
1.3727e-08,0.015083399999999969
1.3729e-08,0.01938759999999995
1.3731e-08,0.023651700000000053
1.3733e-08,0.02787480000000009
1.3735e-08,0.032055500000000015
1.3737e-08,0.036192800000000025
1.3739e-08,0.04028560000000003
1.3741e-08,0.0443330999999999
1.3743e-08,0.04833430000000005
1.3745e-08,0.05228850000000007
1.3747e-08,0.056194999999999995
1.3749e-08,0.06005320000000003
1.3751e-08,0.06386249999999993
1.3753e-08,0.06762239999999997
1.3755e-08,0.07133250000000002
1.3757e-08,0.07499250000000002
1.3759e-08,0.07860200000000006
1.3761e-08,0.08216069999999998
1.3763e-08,0.08566839999999998
1.3765e-08,0.08912500000000001
1.3767e-08,0.09253049999999996
1.3769e-08,0.09588470000000004
1.3771e-08,0.09918740000000004
1.3773e-08,0.1024389
1.3775e-08,0.10563920000000004
1.3777e-08,0.10878830000000006
1.3779e-08,0.1118865
1.3781e-08,0.11493369999999992
1.3783e-08,0.11793030000000004
1.3785e-08,0.12087629999999994
1.3787e-08,0.1237722
1.3789e-08,0.12661809999999996
1.3791e-08,0.12941440000000004
1.3793e-08,0.13216150000000004
1.3795e-08,0.13485939999999996
1.3797e-08,0.1375088
1.37985e-08,0.13946400000000003
1.38e-08,0.14139229999999992
1.38002e-08,0.14164710000000003
1.38006e-08,0.14215579999999994
1.38014e-08,0.1431675
1.3803e-08,0.14516819999999997
1.3805e-08,0.1476269
1.3807e-08,0.15003900000000003
1.3809e-08,0.15240510000000007
1.3811e-08,0.1547253999999999
1.3813e-08,0.1570005
1.3815e-08,0.15923069999999995
1.3817e-08,0.16141680000000003
1.3819e-08,0.16355910000000007
1.3821e-08,0.16565810000000003
1.3823e-08,0.1677145000000001
1.3825e-08,0.16972850000000006
1.3827e-08,0.17170090000000005
1.3829e-08,0.17363210000000007
1.3831e-08,0.17552270000000003
1.3833e-08,0.17737309999999995
1.3835e-08,0.17918389999999995
1.3837e-08,0.1809558
1.3839e-08,0.18268910000000005
1.3841e-08,0.1843843999999999
1.3843e-08,0.18604240000000005
1.3845e-08,0.18766340000000004
1.3847e-08,0.18924799999999997
1.3849e-08,0.1907968
1.3851e-08,0.1923104
1.3853e-08,0.19378930000000005
1.3855e-08,0.19523389999999996
1.3857e-08,0.19664479999999995
1.3859e-08,0.19802259999999994
1.3861e-08,0.19936770000000004
1.3863e-08,0.20068070000000005
1.3865e-08,0.20196219999999998
1.3867e-08,0.20321250000000002
1.3869e-08,0.20443239999999996
1.3871e-08,0.20562219999999998
1.3873e-08,0.20678240000000003
1.3875e-08,0.20791360000000003
1.3877e-08,0.20901630000000004
1.3879e-08,0.21009090000000008
1.3881e-08,0.2111379
1.3883e-08,0.21215780000000006
1.3885e-08,0.21315119999999999
1.3887e-08,0.21411839999999993
1.3889e-08,0.21506000000000003
1.3891e-08,0.21597640000000007
1.3893e-08,0.21686799999999995
1.3895e-08,0.21773530000000008
1.3897e-08,0.21857879999999996
1.3899e-08,0.219399
1.3901e-08,0.2201961
1.3903e-08,0.2209707999999999
1.3905e-08,0.22172340000000001
1.3907e-08,0.2224543
1.3909e-08,0.22316389999999997
1.3911e-08,0.22385279999999996
1.3913e-08,0.22452110000000003
1.3915e-08,0.2251694999999999
1.3917e-08,0.2257983
1.3919e-08,0.22640780000000005
1.3921e-08,0.2269983
1.3923e-08,0.2275705
1.3925e-08,0.22812450000000006
1.3927e-08,0.2286608
1.3929e-08,0.22917980000000004
1.3931e-08,0.22968159999999993
1.3933e-08,0.23016689999999995
1.3935e-08,0.2306357
1.3937e-08,0.23108879999999998
1.3939e-08,0.23152610000000007
1.3941e-08,0.23194800000000004
1.3943e-08,0.23235509999999993
1.3945e-08,0.2327475
1.3947e-08,0.23312549999999999
1.3949e-08,0.23348960000000007
1.3951e-08,0.23383979999999993
1.3953e-08,0.23417679999999996
1.3955e-08,0.23450059999999995
1.3957e-08,0.23481149999999995
1.3959e-08,0.23510989999999998
1.3961e-08,0.2353961
1.3963e-08,0.23567020000000005
1.3965e-08,0.2359327
1.3967e-08,0.23618380000000005
1.3969e-08,0.23642360000000007
1.3971e-08,0.23665250000000004
1.3973e-08,0.23687080000000005
1.3975e-08,0.23707869999999998
1.3977e-08,0.2372765
1.3979e-08,0.23746430000000007
1.3981e-08,0.23764249999999998
1.3983e-08,0.2378112
1.3985e-08,0.23797060000000003
1.3987e-08,0.23812109999999997
1.3989e-08,0.23826289999999994
1.3991e-08,0.23839600000000005
1.3993e-08,0.23852089999999992
1.3995e-08,0.2386376
1.3997e-08,0.23874640000000003
1.39985e-08,0.23882289999999995
1.4e-08,0.23890390000000006
1.40002e-08,0.23891600000000002
1.40006e-08,0.23894110000000002
1.40014e-08,0.23899209999999993
1.4003e-08,0.23906609999999995
1.4005e-08,0.23904179999999997
1.4007e-08,0.23882079999999994
1.4009e-08,0.2383556
1.4011e-08,0.2376201
1.4013e-08,0.23660159999999997
1.4015e-08,0.23529669999999991
1.4017e-08,0.23370829999999998
1.4019e-08,0.23184280000000002
1.4021e-08,0.2297093
1.4023e-08,0.22731819999999991
1.4025e-08,0.22468089999999996
1.4027e-08,0.22180900000000003
1.4029e-08,0.21871439999999998
1.4031e-08,0.21540910000000002
1.4033e-08,0.2119044
1.4035e-08,0.20821199999999995
1.4037e-08,0.20434279999999994
1.4039e-08,0.20030780000000004
1.4041e-08,0.19611730000000005
1.4043e-08,0.19178129999999993
1.4045e-08,0.18730989999999992
1.4047e-08,0.18271230000000005
1.4049e-08,0.17799770000000004
1.4051e-08,0.17317499999999997
1.4053e-08,0.16825279999999998
1.4055e-08,0.16323909999999997
1.4057e-08,0.158142
1.4059e-08,0.15296909999999997
1.4061e-08,0.14772770000000002
1.4063e-08,0.14242500000000002
1.4065e-08,0.1370678999999999
1.4067e-08,0.13166270000000002
1.4069e-08,0.126216
1.4071e-08,0.1207338
1.4073e-08,0.11522189999999999
1.4075e-08,0.10968600000000006
1.4077e-08,0.10413139999999999
1.4079e-08,0.09856330000000002
1.4081e-08,0.09298669999999998
1.4083e-08,0.08740619999999999
1.4085e-08,0.08182640000000008
1.4087e-08,0.07625149999999992
1.4089e-08,0.07068569999999996
1.4091e-08,0.065133
1.4093e-08,0.059596900000000064
1.4095e-08,0.05408119999999994
1.4097e-08,0.04858910000000005
1.4099e-08,0.04312389999999999
1.4101e-08,0.037688500000000014
1.4103e-08,0.03228580000000003
1.4105e-08,0.026918600000000015
1.4107e-08,0.021589199999999975
1.4109e-08,0.016300300000000045
1.4111e-08,0.011053800000000003
1.4113e-08,0.005852100000000027
1.4115e-08,0.0006970000000000587
1.4117e-08,-0.004409700000000072
1.4119e-08,-0.009466100000000033
1.4121e-08,-0.014470800000000006
1.4123e-08,-0.01942239999999995
1.4125e-08,-0.024319300000000044
1.4127e-08,-0.02916059999999998
1.4129e-08,-0.033944899999999945
1.4131e-08,-0.03867120000000002
1.4133e-08,-0.04333870000000006
1.4135e-08,-0.0479465
1.4137e-08,-0.05249400000000004
1.4139e-08,-0.056980299999999984
1.4141e-08,-0.061404899999999984
1.4143e-08,-0.06576749999999998
1.4145e-08,-0.0700674
1.4147e-08,-0.0743045
1.4149e-08,-0.0784783
1.4151e-08,-0.08258869999999996
1.4153e-08,-0.08663560000000003
1.4155e-08,-0.09061889999999995
1.4157e-08,-0.09453850000000008
1.4159e-08,-0.09839430000000005
1.4161e-08,-0.10218669999999996
1.4163e-08,-0.1059156
1.4165e-08,-0.1095811000000001
1.4167e-08,-0.11318359999999994
1.4169e-08,-0.11672319999999992
1.4171e-08,-0.12020019999999998
1.4173e-08,-0.12361509999999998
1.4175e-08,-0.12696800000000008
1.4177e-08,-0.13025930000000008
1.4179e-08,-0.13348949999999993
1.4181e-08,-0.13665910000000003
1.4183e-08,-0.13976850000000007
1.4185e-08,-0.1428182
1.4187e-08,-0.1458087
1.4189e-08,-0.14874049999999994
1.4191e-08,-0.15161420000000003
1.4193e-08,-0.15443039999999997
1.4195e-08,-0.15718949999999998
1.4197e-08,-0.15989239999999993
1.41985e-08,-0.1618828
1.42e-08,-0.1638421
1.42002e-08,-0.1641015
1.42006e-08,-0.16462100000000002
1.42014e-08,-0.16566170000000002
1.4203e-08,-0.16771479999999994
1.4205e-08,-0.17015099999999994
1.4207e-08,-0.17236289999999999
1.4209e-08,-0.17429309999999998
1.4211e-08,-0.17590969999999995
1.4213e-08,-0.17719629999999997
1.4215e-08,-0.1781484000000001
1.4217e-08,-0.17876769999999997
1.4219e-08,-0.17906129999999998
1.4221e-08,-0.1790385000000001
1.4223e-08,-0.17871080000000006
1.4225e-08,-0.17809050000000004
1.4227e-08,-0.17719070000000003
1.4229e-08,-0.17602410000000002
1.4231e-08,-0.17460399999999998
1.4233e-08,-0.17294279999999995
1.4235e-08,-0.17105310000000007
1.4237e-08,-0.16894699999999996
1.4239e-08,-0.16663629999999996
1.4241e-08,-0.16413219999999995
1.4243e-08,-0.16144570000000003
1.4245e-08,-0.1585875
1.4247e-08,-0.15556780000000003
1.4249e-08,-0.15239610000000003
1.4251e-08,-0.1490821
1.4253e-08,-0.1456349
1.4255e-08,-0.14206320000000006
1.4257e-08,-0.1383755000000001
1.4259e-08,-0.13457999999999992
1.4261e-08,-0.13068449999999998
1.4263e-08,-0.12669640000000004
1.4265e-08,-0.12262320000000004
1.4267e-08,-0.1184717999999999
1.4269e-08,-0.11424869999999998
1.4271e-08,-0.10996070000000002
1.4273e-08,-0.10561380000000009
1.4275e-08,-0.10121409999999997
1.4277e-08,-0.0967673
1.4279e-08,-0.0922788
1.4281e-08,-0.08775410000000006
1.4283e-08,-0.08319810000000005
1.4285e-08,-0.07861570000000007
1.4287e-08,-0.07401159999999996
1.4289e-08,-0.0693902999999999
1.4291e-08,-0.06475599999999992
1.4293e-08,-0.06011269999999991
1.4295e-08,-0.055464600000000086
1.4297e-08,-0.050814999999999944
1.4299e-08,-0.04616779999999998
1.4301e-08,-0.04152620000000007
1.4303e-08,-0.036893500000000023
1.4305e-08,-0.03227269999999993
1.4307e-08,-0.02766679999999999
1.4309e-08,-0.023078500000000002
1.4311e-08,-0.018510499999999985
1.4313e-08,-0.0139651999999999
1.4315e-08,-0.009444899999999978
1.4317e-08,-0.004951900000000009
1.4319e-08,-0.0004882000000000497
1.4321e-08,0.003944100000000006
1.4323e-08,0.008343300000000053
1.4325e-08,0.012707499999999983
1.4327e-08,0.017035199999999917
1.4329e-08,0.02132500000000004
1.4331e-08,0.025575299999999968
1.4333e-08,0.029784799999999945
1.4335e-08,0.033952399999999994
1.4337e-08,0.03807689999999997
1.4339e-08,0.04215729999999995
1.4341e-08,0.04619260000000003
1.4343e-08,0.05018200000000006
1.4345e-08,0.05412459999999997
1.4347e-08,0.058019800000000066
1.4349e-08,0.06186690000000006
1.4351e-08,0.06566530000000004
1.4353e-08,0.06941459999999999
1.4355e-08,0.07311429999999997
1.4357e-08,0.0767639
1.4359e-08,0.08036330000000003
1.4361e-08,0.08391209999999993
1.4363e-08,0.08740999999999999
1.4365e-08,0.09085699999999997
1.4367e-08,0.09425289999999997
1.4369e-08,0.0975976999999999
1.4371e-08,0.10089119999999996
1.4373e-08,0.10413349999999999
1.4375e-08,0.10732469999999994
1.4377e-08,0.11046470000000008
1.4379e-08,0.11355389999999999
1.4381e-08,0.11659229999999998
1.4383e-08,0.11958009999999997
1.4385e-08,0.1225174
1.4387e-08,0.12540459999999998
1.4389e-08,0.12824190000000002
1.4391e-08,0.13102959999999997
1.4393e-08,0.133768
1.4395e-08,0.1364575
1.4397e-08,0.1390983
1.43985e-08,0.14104720000000004
1.44e-08,0.142969
1.44002e-08,0.143223
1.44006e-08,0.14373000000000002
1.44014e-08,0.14473839999999993
1.4403e-08,0.14673239999999999
1.4405e-08,0.1491827
1.4407e-08,0.15158649999999996
1.4409e-08,0.15394410000000003
1.4411e-08,0.15625599999999995
1.4413e-08,0.15852270000000002
1.4415e-08,0.16074460000000002
1.4417e-08,0.16292229999999996
1.4419e-08,0.16505630000000004
1.4421e-08,0.16714700000000005
1.4423e-08,0.16919499999999998
1.4425e-08,0.17120069999999998
1.4427e-08,0.1731648
1.4429e-08,0.1750876
1.4431e-08,0.1769699
1.4433e-08,0.17881190000000002
1.4435e-08,0.1806144999999999
1.4437e-08,0.18237789999999998
1.4439e-08,0.18410289999999996
1.4441e-08,0.1857898
1.4443e-08,0.18743940000000003
1.4445e-08,0.18905189999999994
1.4447e-08,0.19062820000000003
1.4449e-08,0.19216869999999997
1.4451e-08,0.1936738
1.4453e-08,0.1951442
1.4455e-08,0.1965804
1.4457e-08,0.19798300000000002
1.4459e-08,0.19935230000000004
1.4461e-08,0.200689
1.4463e-08,0.20199350000000005
1.4465e-08,0.20326659999999996
1.4467e-08,0.20450849999999998
1.4469e-08,0.20571990000000007
1.4471e-08,0.2069012
1.4473e-08,0.20805300000000004
1.4475e-08,0.20917580000000002
1.4477e-08,0.2102699
1.4479e-08,0.21133610000000003
1.4481e-08,0.21237459999999997
1.4483e-08,0.21338610000000002
1.4485e-08,0.21437109999999993
1.4487e-08,0.21532989999999996
1.4489e-08,0.21626289999999992
1.4491e-08,0.21717089999999994
1.4493e-08,0.21805410000000003
1.4495e-08,0.2189129999999999
1.4497e-08,0.2197481
1.4499e-08,0.22055980000000008
1.4501e-08,0.2213486
1.4503e-08,0.2221149
1.4505e-08,0.22285900000000003
1.4507e-08,0.22358159999999994
1.4509e-08,0.22428289999999995
1.4511e-08,0.22496329999999998
1.4513e-08,0.22562330000000008
1.4515e-08,0.2262634
1.4517e-08,0.22688379999999997
1.4519e-08,0.2274849
1.4521e-08,0.22806729999999997
1.4523e-08,0.22863109999999998
1.4525e-08,0.22917690000000002
1.4527e-08,0.2297049
1.4529e-08,0.23021559999999996
1.4531e-08,0.2307093
1.4533e-08,0.23118640000000001
1.4535e-08,0.23164719999999994
1.4537e-08,0.23209190000000002
1.4539e-08,0.23252110000000004
1.4541e-08,0.23293509999999995
1.4543e-08,0.23333400000000004
1.4545e-08,0.23371829999999993
1.4547e-08,0.23408839999999997
1.4549e-08,0.2344444
1.4551e-08,0.23478679999999996
1.4553e-08,0.23511570000000004
1.4555e-08,0.23543159999999996
1.4557e-08,0.23573460000000002
1.4559e-08,0.23602519999999994
1.4561e-08,0.2363035
1.4563e-08,0.23656980000000005
1.4565e-08,0.2368245
1.4567e-08,0.23706779999999994
1.4569e-08,0.2372999
1.4571e-08,0.2375212
1.4573e-08,0.23773180000000005
1.4575e-08,0.23793209999999998
1.4577e-08,0.2381223
1.4579e-08,0.23830259999999992
1.4581e-08,0.2384731
1.4583e-08,0.23863440000000002
1.4585e-08,0.23878639999999995
1.4587e-08,0.2389294999999999
1.4589e-08,0.2390639
1.4591e-08,0.23918970000000006
1.4593e-08,0.23930719999999994
1.4595e-08,0.23941659999999998
1.4597e-08,0.23951820000000001
1.45985e-08,0.2395893
1.46e-08,0.23966489999999996
1.46002e-08,0.23967629999999995
1.46006e-08,0.23970000000000002
1.46014e-08,0.23974810000000002
1.4603e-08,0.2398165
1.4605e-08,0.23978520000000003
1.4607e-08,0.23955720000000003
1.4609e-08,0.2390854
1.4611e-08,0.23834310000000003
1.4613e-08,0.23731800000000003
1.4615e-08,0.2360067
1.4617e-08,0.23441199999999995
1.4619e-08,0.23254020000000009
1.4621e-08,0.23040059999999996
1.4623e-08,0.22800350000000003
1.4625e-08,0.22536010000000006
1.4627e-08,0.22248230000000002
1.4629e-08,0.21938200000000008
1.4631e-08,0.2160708
1.4633e-08,0.21256050000000004
1.4635e-08,0.2088624
1.4637e-08,0.20498759999999994
1.4639e-08,0.20094690000000004
1.4641e-08,0.1967508
1.4643e-08,0.1924093
1.4645e-08,0.18793229999999994
1.4647e-08,0.18332910000000002
1.4649e-08,0.17860920000000002
1.4651e-08,0.17378099999999996
1.4653e-08,0.16885320000000004
1.4655e-08,0.16383400000000004
1.4657e-08,0.15873150000000003
1.4659e-08,0.1535531
1.4661e-08,0.14830619999999994
1.4663e-08,0.14299810000000002
1.4665e-08,0.13763539999999996
1.4667e-08,0.13222489999999998
1.4669e-08,0.12677280000000002
1.4671e-08,0.12128509999999992
1.4673e-08,0.11576779999999998
1.4675e-08,0.11022640000000006
1.4677e-08,0.1046665
1.4679e-08,0.09909290000000004
1.4681e-08,0.0935108
1.4683e-08,0.08792489999999997
1.4685e-08,0.08233970000000002
1.4687e-08,0.07675940000000003
1.4689e-08,0.07118819999999992
1.4691e-08,0.06563010000000002
1.4693e-08,0.06008879999999994
1.4695e-08,0.0545677
1.4697e-08,0.04907030000000001
1.4699e-08,0.04359969999999991
1.4701e-08,0.0381591
1.4703e-08,0.03275110000000003
1.4705e-08,0.02737860000000003
1.4707e-08,0.02204410000000001
1.4709e-08,0.016749899999999984
1.4711e-08,0.011498299999999961
1.4713e-08,0.006291400000000058
1.4715e-08,0.0011311999999999989
1.4717e-08,-0.0039805000000000534
1.4719e-08,-0.009041999999999994
1.4721e-08,-0.014051800000000059
1.4723e-08,-0.01900830000000009
1.4725e-08,-0.023910199999999993
1.4727e-08,-0.028756299999999957
1.4729e-08,-0.033545500000000006
1.4731e-08,-0.03827670000000005
1.4733e-08,-0.042949000000000015
1.4735e-08,-0.04756159999999998
1.4737e-08,-0.05211379999999999
1.4739e-08,-0.05660480000000001
1.4741e-08,-0.06103409999999998
1.4743e-08,-0.06540120000000005
1.4745e-08,-0.06970570000000009
1.4747e-08,-0.07394730000000005
1.4749e-08,-0.0781255999999999
1.4751e-08,-0.08224049999999994
1.4753e-08,-0.08629180000000003
1.4755e-08,-0.09027940000000001
1.4757e-08,-0.09420329999999999
1.4759e-08,-0.09806340000000002
1.4761e-08,-0.10186000000000006
1.4763e-08,-0.10559299999999994
1.4765e-08,-0.10926269999999993
1.4767e-08,-0.11286930000000006
1.4769e-08,-0.1164130000000001
1.4771e-08,-0.11989400000000006
1.4773e-08,-0.12331269999999994
1.4775e-08,-0.1266695
1.4777e-08,-0.12996469999999993
1.4779e-08,-0.13319879999999995
1.4781e-08,-0.1363721
1.4783e-08,-0.13948530000000003
1.4785e-08,-0.1425386999999999
1.4787e-08,-0.14553280000000002
1.4789e-08,-0.14846820000000005
1.4791e-08,-0.15134550000000002
1.4793e-08,-0.15416510000000005
1.4795e-08,-0.15692780000000006
1.4797e-08,-0.15963399999999994
1.47985e-08,-0.16162700000000008
1.48e-08,-0.16358889999999993
1.48002e-08,-0.1638478
1.48006e-08,-0.16436460000000008
1.48014e-08,-0.16539170000000003
1.4803e-08,-0.1674198
1.4805e-08,-0.16990669999999997
1.4807e-08,-0.1723403
1.4809e-08,-0.17472140000000003
1.4811e-08,-0.1770505
1.4813e-08,-0.17932839999999994
1.4815e-08,-0.18155560000000004
1.4817e-08,-0.18373299999999992
1.4819e-08,-0.1858611
1.4821e-08,-0.18794069999999996
1.4823e-08,-0.1899725000000001
1.4825e-08,-0.1919571
1.4827e-08,-0.1938953
1.4829e-08,-0.1957877
1.4831e-08,-0.197635
1.4833e-08,-0.19943790000000006
1.4835e-08,-0.20119710000000002
1.4837e-08,-0.20291340000000002
1.4839e-08,-0.20458719999999997
1.4841e-08,-0.20621939999999994
1.4843e-08,-0.20781060000000007
1.4845e-08,-0.2093615000000001
1.4847e-08,-0.21087280000000008
1.4849e-08,-0.212345
1.4851e-08,-0.21377900000000005
1.4853e-08,-0.2151752
1.4855e-08,-0.21653449999999996
1.4857e-08,-0.21785730000000003
1.4859e-08,-0.21914440000000002
1.4861e-08,-0.22039640000000005
1.4863e-08,-0.22161389999999992
1.4865e-08,-0.22279749999999998
1.4867e-08,-0.22394799999999992
1.4869e-08,-0.22506570000000004
1.4871e-08,-0.22615150000000006
1.4873e-08,-0.2272058
1.4875e-08,-0.22822920000000002
1.4877e-08,-0.2292223
1.4879e-08,-0.23018569999999994
1.4881e-08,-0.23112010000000005
1.4883e-08,-0.2320259
1.4885e-08,-0.2329036
1.4887e-08,-0.23375389999999996
1.4889e-08,-0.23457720000000004
1.4891e-08,-0.23537409999999992
1.4893e-08,-0.23614520000000006
1.4895e-08,-0.23689090000000002
1.4897e-08,-0.2376119
1.4899e-08,-0.2383084000000001
1.4901e-08,-0.23898109999999995
1.4903e-08,-0.23963049999999997
1.4905e-08,-0.24025700000000005
1.4907e-08,-0.2408612
1.4909e-08,-0.24144339999999997
1.4911e-08,-0.24200430000000006
1.4913e-08,-0.24254410000000004
1.4915e-08,-0.24306329999999998
1.4917e-08,-0.24356259999999996
1.4919e-08,-0.24404199999999998
1.4921e-08,-0.24450230000000006
1.4923e-08,-0.24494379999999993
1.4925e-08,-0.245367
1.4927e-08,-0.245772
1.4929e-08,-0.24615960000000003
1.4931e-08,-0.24652989999999997
1.4933e-08,-0.24688339999999998
1.4935e-08,-0.2472206
1.4937e-08,-0.24754169999999998
1.4939e-08,-0.2478471
1.4941e-08,-0.2481373
1.4943e-08,-0.24841250000000004
1.4945e-08,-0.24867309999999998
1.4947e-08,-0.24891949999999996
1.4949e-08,-0.2491519000000001
1.4951e-08,-0.24937090000000006
1.4953e-08,-0.2495765000000001
1.4955e-08,-0.24976929999999997
1.4957e-08,-0.24994950000000005
1.4959e-08,-0.2501173000000001
1.4961e-08,-0.2502732
1.4963e-08,-0.25041749999999996
1.4965e-08,-0.25055039999999995
1.4967e-08,-0.25067209999999995
1.4969e-08,-0.25078310000000004
1.4971e-08,-0.2508834999999999
1.4973e-08,-0.2509737000000001
1.4975e-08,-0.251054
1.4977e-08,-0.2511245
1.4979e-08,-0.2511854
1.4981e-08,-0.25123739999999994
1.4983e-08,-0.25128019999999995
1.4985e-08,-0.2513143
1.4987e-08,-0.2513399999999999
1.4989e-08,-0.25135760000000007
1.4991e-08,-0.251367
1.4993e-08,-0.2513687
1.4995e-08,-0.25136289999999994
1.4997e-08,-0.25134960000000006
1.49985e-08,-0.2513350999999999
1.5e-08,-0.25131649999999994
1.50002e-08,-0.2513145
1.50006e-08,-0.2513122
1.50014e-08,-0.2513151
1.5003e-08,-0.25131609999999993
1.5005e-08,-0.25123299999999993
1.5007e-08,-0.25097730000000007
1.5009e-08,-0.2504925
1.5011e-08,-0.24974600000000002
1.5013e-08,-0.24872110000000003
1.5015e-08,-0.24741190000000002
1.5017e-08,-0.245819
1.5019e-08,-0.24394799999999994
1.5021e-08,-0.2418068
1.5023e-08,-0.23940550000000005
1.5025e-08,-0.23675500000000005
1.5027e-08,-0.2338669
1.5029e-08,-0.23075279999999998
1.5031e-08,-0.22742450000000003
1.5033e-08,-0.22389369999999997
1.5035e-08,-0.22017169999999997
1.5037e-08,-0.2162695
1.5039e-08,-0.21219809999999995
1.5041e-08,-0.20796800000000004
1.5043e-08,-0.20358930000000008
1.5045e-08,-0.19907189999999997
1.5047e-08,-0.19442520000000008
1.5049e-08,-0.1896585999999999
1.5051e-08,-0.18478090000000003
1.5053e-08,-0.17980070000000004
1.5055e-08,-0.1747263
1.5057e-08,-0.1695658
1.5059e-08,-0.1643268
1.5061e-08,-0.15901679999999996
1.5063e-08,-0.15364299999999997
1.5065e-08,-0.14821230000000007
1.5067e-08,-0.1427314999999999
1.5069e-08,-0.13720680000000007
1.5071e-08,-0.1316446
1.5073e-08,-0.12605070000000007
1.5075e-08,-0.12043090000000001
1.5077e-08,-0.11479060000000008
1.5079e-08,-0.10913510000000004
1.5081e-08,-0.10346929999999999
1.5083e-08,-0.0977983
1.5085e-08,-0.0921265
1.5087e-08,-0.08645829999999999
1.5089e-08,-0.08079799999999993
1.5091e-08,-0.07514949999999998
1.5093e-08,-0.06951669999999999
1.5095e-08,-0.0639033
1.5097e-08,-0.058312699999999995
1.5099e-08,-0.052748100000000075
1.5101e-08,-0.04721259999999994
1.5103e-08,-0.04170929999999995
1.5105e-08,-0.03624090000000002
1.5107e-08,-0.030809900000000057
1.5109e-08,-0.025418700000000016
1.5111e-08,-0.020070000000000032
1.5113e-08,-0.014765599999999934
1.5115e-08,-0.009507800000000066
1.5117e-08,-0.004298299999999977
1.5119e-08,0.000861099999999948
1.5121e-08,0.005968699999999938
1.5123e-08,0.011023000000000005
1.5125e-08,0.016022700000000056
1.5127e-08,0.020966299999999993
1.5129e-08,0.02585280000000001
1.5131e-08,0.03068100000000007
1.5133e-08,0.03545010000000004
1.5135e-08,0.0401591
1.5137e-08,0.04480720000000005
1.5139e-08,0.049393699999999985
1.5141e-08,0.05391809999999997
1.5143e-08,0.05837969999999992
1.5145e-08,0.06277829999999995
1.5147e-08,0.06711319999999998
1.5149e-08,0.07138420000000001
1.5151e-08,0.07559130000000003
1.5153e-08,0.07973399999999997
1.5155e-08,0.08381240000000001
1.5157e-08,0.08782639999999997
1.5159e-08,0.09177580000000007
1.5161e-08,0.09566089999999994
1.5163e-08,0.0994817
1.5165e-08,0.10323840000000006
1.5167e-08,0.10693109999999995
1.5169e-08,0.11056010000000005
1.5171e-08,0.11412559999999994
1.5173e-08,0.11762799999999995
1.5175e-08,0.1210675
1.5177e-08,0.12444469999999996
1.5179e-08,0.12775989999999993
1.5181e-08,0.13101340000000006
1.5183e-08,0.13420569999999998
1.5185e-08,0.13733739999999994
1.5187e-08,0.14040910000000006
1.5189e-08,0.1434209999999999
1.5191e-08,0.14637390000000006
1.5193e-08,0.14926839999999997
1.5195e-08,0.1521049
1.5197e-08,0.15488409999999997
1.51985e-08,0.1569311
1.52e-08,0.15895530000000002
1.52002e-08,0.15922409999999998
1.52006e-08,0.1597617
1.52014e-08,0.1608316999999999
1.5203e-08,0.1629197
1.5205e-08,0.16536679999999992
1.5207e-08,0.16756539999999998
1.5209e-08,0.16946779999999995
1.5211e-08,0.1710484
1.5213e-08,0.1722954
1.5215e-08,0.17320670000000005
1.5217e-08,0.1737862
1.5219e-08,0.17404170000000008
1.5221e-08,0.17398380000000002
1.5223e-08,0.17362410000000006
1.5225e-08,0.17297549999999995
1.5227e-08,0.1720507
1.5229e-08,0.17086290000000004
1.5231e-08,0.1694249000000001
1.5233e-08,0.16774959999999994
1.5235e-08,0.16584909999999997
1.5237e-08,0.16373550000000003
1.5239e-08,0.16142060000000003
1.5241e-08,0.15891539999999993
1.5243e-08,0.156231
1.5245e-08,0.15337749999999994
1.5247e-08,0.15036539999999998
1.5249e-08,0.14720410000000006
1.5251e-08,0.143903
1.5253e-08,0.14047120000000002
1.5255e-08,0.13691720000000007
1.5257e-08,0.13324969999999992
1.5259e-08,0.12947639999999994
1.5261e-08,0.12560519999999997
1.5263e-08,0.12164350000000002
1.5265e-08,0.1175986
1.5267e-08,0.11347719999999994
1.5269e-08,0.10928609999999994
1.5271e-08,0.1050316
1.5273e-08,0.10071980000000003
1.5275e-08,0.09635649999999996
1.5277e-08,0.09194779999999991
1.5279e-08,0.08749860000000009
1.5281e-08,0.08301440000000004
1.5283e-08,0.07850029999999997
1.5285e-08,0.07396069999999999
1.5287e-08,0.06940060000000003
1.5289e-08,0.06482409999999994
1.5291e-08,0.0602355
1.5293e-08,0.055638899999999936
1.5295e-08,0.051038200000000034
1.5297e-08,0.046436800000000056
1.5299e-08,0.041838299999999995
1.5301e-08,0.03724609999999995
1.5303e-08,0.03266330000000006
1.5305e-08,0.028092999999999924
1.5307e-08,0.0235379
1.5309e-08,0.01900080000000004
1.5311e-08,0.014484200000000058
1.5313e-08,0.009990700000000019
1.5315e-08,0.005522400000000038
1.5317e-08,0.0010816000000000159
1.5319e-08,-0.003329699999999991
1.5321e-08,-0.007709599999999983
1.5323e-08,-0.01205630000000002
1.5325e-08,-0.01636800000000005
1.5327e-08,-0.02064330000000003
1.5329e-08,-0.024880699999999978
1.5331e-08,-0.029078600000000066
1.5333e-08,-0.033235899999999985
1.5335e-08,-0.03735149999999998
1.5337e-08,-0.041424000000000016
1.5339e-08,-0.04545279999999996
1.5341e-08,-0.04943660000000005
1.5343e-08,-0.05337470000000011
1.5345e-08,-0.05726639999999994
1.5347e-08,-0.061111099999999974
1.5349e-08,-0.06490790000000002
1.5351e-08,-0.06865639999999995
1.5353e-08,-0.07235619999999998
1.5355e-08,-0.07600660000000004
1.5357e-08,-0.07960749999999994
1.5359e-08,-0.08315850000000002
1.5361e-08,-0.0866593
1.5363e-08,-0.09010969999999996
1.5365e-08,-0.09350970000000003
1.5367e-08,-0.09685900000000003
1.5369e-08,-0.10015760000000007
1.5371e-08,-0.10340549999999993
1.5373e-08,-0.10660270000000005
1.5375e-08,-0.10974919999999999
1.5377e-08,-0.11284519999999998
1.5379e-08,-0.11589070000000001
1.5381e-08,-0.11888589999999999
1.5383e-08,-0.12183109999999997
1.5385e-08,-0.12472640000000002
1.5387e-08,-0.12757210000000008
1.5389e-08,-0.13036840000000005
1.5391e-08,-0.1331156
1.5393e-08,-0.13581409999999994
1.5395e-08,-0.13846420000000004
1.5397e-08,-0.14106610000000008
1.53985e-08,-0.14298620000000006
1.54e-08,-0.1448796
1.54002e-08,-0.1451298000000001
1.54006e-08,-0.14562940000000002
1.54014e-08,-0.14662259999999994
1.5403e-08,-0.14858689999999997
1.5405e-08,-0.1510005000000001
1.5407e-08,-0.1533681
1.5409e-08,-0.15569009999999994
1.5411e-08,-0.15796690000000002
1.5413e-08,-0.16019910000000004
1.5415e-08,-0.16238700000000006
1.5417e-08,-0.16453110000000004
1.5419e-08,-0.16663209999999995
1.5421e-08,-0.16869029999999996
1.5423e-08,-0.1707063000000001
1.5425e-08,-0.17268059999999996
1.5427e-08,-0.17461360000000004
1.5429e-08,-0.17650599999999994
1.5431e-08,-0.17835829999999997
1.5433e-08,-0.18017099999999997
1.5435e-08,-0.1819444
1.5437e-08,-0.18367940000000005
1.5439e-08,-0.1853764
1.5441e-08,-0.18703579999999997
1.5443e-08,-0.1886582
1.5445e-08,-0.19024430000000003
1.5447e-08,-0.19179440000000003
1.5449e-08,-0.1933091
1.5451e-08,-0.194789
1.5453e-08,-0.19623469999999998
1.5455e-08,-0.19764650000000006
1.5457e-08,-0.19902509999999995
1.5459e-08,-0.20037090000000002
1.5461e-08,-0.2016846
1.5463e-08,-0.20296649999999994
1.5465e-08,-0.2042172
1.5467e-08,-0.2054374
1.5469e-08,-0.20662729999999996
1.5471e-08,-0.2077874999999999
1.5473e-08,-0.2089187
1.5475e-08,-0.21002109999999996
1.5477e-08,-0.2110955
1.5479e-08,-0.2121421
1.5481e-08,-0.2131615
1.5483e-08,-0.21415430000000002
1.5485e-08,-0.21512069999999994
1.5487e-08,-0.2160612999999999
1.5489e-08,-0.21697670000000002
1.5491e-08,-0.21786719999999993
1.5493e-08,-0.21873339999999997
1.5495e-08,-0.21957559999999998
1.5497e-08,-0.22039430000000004
1.5499e-08,-0.22118990000000005
1.5501e-08,-0.22196300000000002
1.5503e-08,-0.22271370000000001
1.5505e-08,-0.2234427000000001
1.5507e-08,-0.22415050000000003
1.5509e-08,-0.2248371
1.5511e-08,-0.22550330000000007
1.5513e-08,-0.22614940000000006
1.5515e-08,-0.22677570000000002
1.5517e-08,-0.2273826000000001
1.5519e-08,-0.22797070000000008
1.5521e-08,-0.22854020000000008
1.5523e-08,-0.22909140000000006
1.5525e-08,-0.22962479999999996
1.5527e-08,-0.23014080000000003
1.5529e-08,-0.2306395
1.5531e-08,-0.23112160000000004
1.5533e-08,-0.2315874
1.5535e-08,-0.23203699999999994
1.5537e-08,-0.23247090000000004
1.5539e-08,-0.23288940000000002
1.5541e-08,-0.23329279999999997
1.5543e-08,-0.23368160000000004
1.5545e-08,-0.23405589999999998
1.5547e-08,-0.23441619999999996
1.5549e-08,-0.23476260000000004
1.5551e-08,-0.23509560000000007
1.5553e-08,-0.2354153
1.5555e-08,-0.2357222
1.5557e-08,-0.23601649999999996
1.5559e-08,-0.23629840000000002
1.5561e-08,-0.23656829999999995
1.5563e-08,-0.23682649999999994
1.5565e-08,-0.23707319999999998
1.5567e-08,-0.23730869999999993
1.5569e-08,-0.237533
1.5571e-08,-0.23774680000000004
1.5573e-08,-0.2379502
1.5575e-08,-0.2381432
1.5577e-08,-0.23832640000000005
1.5579e-08,-0.23849980000000004
1.5581e-08,-0.23866369999999992
1.5583e-08,-0.23881849999999993
1.5585e-08,-0.2389641
1.5587e-08,-0.23910090000000006
1.5589e-08,-0.23922919999999992
1.5591e-08,-0.23934909999999998
1.5593e-08,-0.23946069999999997
1.5595e-08,-0.23956450000000007
1.5597e-08,-0.2396606
1.55985e-08,-0.23972760000000004
1.56e-08,-0.23979040000000007
1.56002e-08,-0.2397992
1.56006e-08,-0.23981850000000005
1.56014e-08,-0.23986459999999998
1.5603e-08,-0.2399517
1.5605e-08,-0.23997519999999994
1.5607e-08,-0.2398249
1.5609e-08,-0.23944370000000004
1.5611e-08,-0.23879909999999993
1.5613e-08,-0.2378745000000001
1.5615e-08,-0.2366638000000001
1.5617e-08,-0.23516780000000004
1.5619e-08,-0.2333921
1.5621e-08,-0.23134490000000008
1.5623e-08,-0.22903609999999996
1.5625e-08,-0.2264771
1.5627e-08,-0.22367930000000003
1.5629e-08,-0.22065449999999998
1.5631e-08,-0.21741480000000002
1.5633e-08,-0.2139717
1.5635e-08,-0.21033670000000004
1.5637e-08,-0.2065211
1.5639e-08,-0.20253569999999999
1.5641e-08,-0.1983912
1.5643e-08,-0.19409759999999998
1.5645e-08,-0.18966519999999998
1.5647e-08,-0.18510309999999996
1.5649e-08,-0.18042100000000005
1.5651e-08,-0.17562749999999994
1.5653e-08,-0.17073149999999992
1.5655e-08,-0.16574120000000003
1.5657e-08,-0.16066459999999994
1.5659e-08,-0.15550949999999997
1.5661e-08,-0.1502832999999999
1.5663e-08,-0.14499339999999994
1.5665e-08,-0.13964640000000006
1.5667e-08,-0.13424940000000007
1.5669e-08,-0.12880840000000005
1.5671e-08,-0.12332980000000004
1.5673e-08,-0.11781950000000008
1.5675e-08,-0.11228320000000003
1.5677e-08,-0.1067264
1.5679e-08,-0.10115419999999997
1.5681e-08,-0.09557179999999998
1.5683e-08,-0.0899838999999999
1.5685e-08,-0.08439509999999995
1.5687e-08,-0.07880980000000004
1.5689e-08,-0.07323210000000002
1.5691e-08,-0.06766620000000001
1.5693e-08,-0.062115699999999996
1.5695e-08,-0.05658430000000003
1.5697e-08,-0.05107550000000005
1.5699e-08,-0.04559230000000003
1.5701e-08,-0.040138100000000065
1.5703e-08,-0.03471550000000001
1.5705e-08,-0.02932760000000001
1.5707e-08,-0.023976699999999962
1.5709e-08,-0.018665400000000054
1.5711e-08,-0.013395999999999963
1.5713e-08,-0.008170400000000022
1.5715e-08,-0.0029911000000000243
1.5717e-08,0.0021404999999999896
1.5719e-08,0.007222399999999962
1.5721e-08,0.012252999999999958
1.5723e-08,0.01723079999999999
1.5725e-08,0.022154600000000024
1.5727e-08,0.02702289999999996
1.5729e-08,0.03183449999999999
1.5731e-08,0.03658859999999997
1.5733e-08,0.04128399999999999
1.5735e-08,0.04592000000000007
1.5737e-08,0.05049570000000003
1.5739e-08,0.055010400000000015
1.5741e-08,0.05946360000000006
1.5743e-08,0.06385469999999993
1.5745e-08,0.06818329999999995
1.5747e-08,0.07244909999999993
1.5749e-08,0.07665169999999999
1.5751e-08,0.08079080000000005
1.5753e-08,0.08486649999999996
1.5755e-08,0.08887829999999997
1.5757e-08,0.09282639999999998
1.5759e-08,0.09671070000000004
1.5761e-08,0.10053139999999994
1.5763e-08,0.1042885
1.5765e-08,0.10798209999999997
1.5767e-08,0.1116125
1.5769e-08,0.11517979999999994
1.5771e-08,0.11868440000000002
1.5773e-08,0.12212650000000003
1.5775e-08,0.12550649999999997
1.5777e-08,0.12882479999999996
1.5779e-08,0.13208169999999997
1.5781e-08,0.1352778
1.5783e-08,0.13841330000000007
1.5785e-08,0.14148899999999998
1.5787e-08,0.14450509999999994
1.5789e-08,0.1474624
1.5791e-08,0.15036119999999997
1.5793e-08,0.1532023
1.5795e-08,0.15598599999999996
1.5797e-08,0.15871309999999994
1.57985e-08,0.16072160000000002
1.58e-08,0.16270740000000006
1.58002e-08,0.16297119999999998
1.58006e-08,0.16349860000000005
1.58014e-08,0.1645485
1.5803e-08,0.16659650000000004
1.5805e-08,0.1689944
1.5807e-08,0.17114449999999992
1.5809e-08,0.17299949999999997
1.5811e-08,0.1745334999999999
1.5813e-08,0.17573479999999997
1.5815e-08,0.17660130000000007
1.5817e-08,0.17713689999999993
1.5819e-08,0.1773494
1.5821e-08,0.1772492
1.5823e-08,0.176848
1.5825e-08,0.17615859999999994
1.5827e-08,0.17519380000000007
1.5829e-08,0.1739664999999999
1.5831e-08,0.17248989999999997
1.5833e-08,0.1707765
1.5835e-08,0.1688385
1.5837e-08,0.1666879
1.5839e-08,0.16433659999999994
1.5841e-08,0.16179549999999998
1.5843e-08,0.15907550000000004
1.5845e-08,0.15618710000000002
1.5847e-08,0.1531403
1.5849e-08,0.1499448
1.5851e-08,0.1466099999999999
1.5853e-08,0.14314480000000007
1.5855e-08,0.1395579
1.5857e-08,0.13585760000000002
1.5859e-08,0.13205199999999995
1.5861e-08,0.1281487
1.5863e-08,0.12415540000000003
1.5865e-08,0.12007900000000005
1.5867e-08,0.11592649999999993
1.5869e-08,0.11170460000000004
1.5871e-08,0.1074195
1.5873e-08,0.1030774000000001
1.5875e-08,0.09868429999999995
1.5877e-08,0.09424569999999999
1.5879e-08,0.08976709999999999
1.5881e-08,0.08525380000000005
1.5883e-08,0.08071059999999997
1.5885e-08,0.0761425
1.5887e-08,0.07155390000000006
1.5889e-08,0.06694929999999999
1.5891e-08,0.06233289999999991
1.5893e-08,0.0577086
1.5895e-08,0.053080499999999975
1.5897e-08,0.04845199999999994
1.5899e-08,0.04382660000000005
1.5901e-08,0.039207800000000015
1.5903e-08,0.034598599999999924
1.5905e-08,0.03000210000000003
1.5907e-08,0.02542119999999992
1.5909e-08,0.020858500000000002
1.5911e-08,0.016316600000000014
1.5913e-08,0.011797999999999975
1.5915e-08,0.0073048999999999475
1.5917e-08,0.002839600000000053
1.5919e-08,-0.0015959999999999308
1.5921e-08,-0.006000000000000005
1.5923e-08,-0.01037050000000006
1.5925e-08,-0.014705799999999991
1.5927e-08,-0.019004299999999974
1.5929e-08,-0.02326460000000008
1.5931e-08,-0.027485300000000046
1.5933e-08,-0.0316651
1.5935e-08,-0.035802800000000023
1.5937e-08,-0.03989739999999997
1.5939e-08,-0.04394779999999998
1.5941e-08,-0.04795309999999997
1.5943e-08,-0.05191239999999997
1.5945e-08,-0.0558249999999999
1.5947e-08,-0.059690299999999974
1.5949e-08,-0.06350749999999994
1.5951e-08,-0.06727620000000001
1.5953e-08,-0.07099579999999994
1.5955e-08,-0.07466590000000006
1.5957e-08,-0.07828619999999997
1.5959e-08,-0.08185629999999999
1.5961e-08,-0.08537600000000001
1.5963e-08,-0.08884510000000001
1.5965e-08,-0.09226349999999994
1.5967e-08,-0.09563089999999996
1.5969e-08,-0.09894740000000002
1.5971e-08,-0.10221290000000005
1.5973e-08,-0.10542750000000001
1.5975e-08,-0.1085912
1.5977e-08,-0.11170409999999997
1.5979e-08,-0.11476629999999999
1.5981e-08,-0.11777800000000005
1.5983e-08,-0.1207395
1.5985e-08,-0.12365080000000006
1.5987e-08,-0.1265122999999999
1.5989e-08,-0.1293242
1.5991e-08,-0.1320867
1.5993e-08,-0.13480029999999998
1.5995e-08,-0.1374653
1.5997e-08,-0.1400819000000001
1.59985e-08,-0.14201300000000006
1.6e-08,-0.14392569999999993
1.60002e-08,-0.14418019999999998
1.60006e-08,-0.14468910000000001
1.60014e-08,-0.14570269999999996
1.6003e-08,-0.14768170000000003
1.6005e-08,-0.149999
1.6007e-08,-0.1520747
1.6009e-08,-0.15386090000000008
1.6011e-08,-0.15533130000000006
1.6013e-08,-0.1564738
1.6015e-08,-0.1572863000000001
1.6017e-08,-0.1577723000000001
1.6019e-08,-0.15793959999999996
1.6021e-08,-0.1577986
1.6023e-08,-0.15736079999999997
1.6025e-08,-0.15663899999999997
1.6027e-08,-0.1556457
1.6029e-08,-0.15439429999999998
1.6031e-08,-0.15289739999999996
1.6033e-08,-0.15116780000000007
1.6035e-08,-0.14921759999999995
1.6037e-08,-0.1470591
1.6039e-08,-0.14470349999999998
1.6041e-08,-0.14216230000000007
1.6043e-08,-0.13944620000000008
1.6045e-08,-0.1365655
1.6047e-08,-0.1335305
1.6049e-08,-0.13035059999999998
1.6051e-08,-0.12703529999999996
1.6053e-08,-0.12359350000000002
1.6055e-08,-0.12003380000000008
1.6057e-08,-0.11636459999999993
1.6059e-08,-0.11259379999999997
1.6061e-08,-0.10872899999999996
1.6063e-08,-0.10477780000000003
1.6065e-08,-0.10074720000000004
1.6067e-08,-0.09664420000000007
1.6069e-08,-0.09247510000000003
1.6071e-08,-0.0882463
1.6073e-08,-0.0839641000000001
1.6075e-08,-0.07963399999999998
1.6077e-08,-0.0752617000000001
1.6079e-08,-0.07085260000000004
1.6081e-08,-0.06641180000000002
1.6083e-08,-0.061944200000000005
1.6085e-08,-0.05745459999999991
1.6087e-08,-0.05294740000000009
1.6089e-08,-0.04842689999999994
1.6091e-08,-0.04389730000000003
1.6093e-08,-0.03936250000000008
1.6095e-08,-0.03482619999999992
1.6097e-08,-0.030291999999999986
1.6099e-08,-0.025763300000000044
1.6101e-08,-0.021243400000000023
1.6103e-08,-0.01673530000000001
1.6105e-08,-0.012241900000000028
1.6107e-08,-0.00776599999999994
1.6109e-08,-0.00331019999999993
1.6111e-08,0.0011229999999999851
1.6113e-08,0.005531300000000017
1.6115e-08,0.009912400000000043
1.6117e-08,0.01426419999999995
1.6119e-08,0.018584899999999904
1.6121e-08,0.022872499999999962
1.6123e-08,0.027125399999999966
1.6125e-08,0.03134199999999998
1.6127e-08,0.03552069999999996
1.6129e-08,0.039660099999999976
1.6131e-08,0.043758899999999934
1.6133e-08,0.04781600000000008
1.6135e-08,0.05183020000000005
1.6137e-08,0.05580059999999998
1.6139e-08,0.059726100000000004
1.6141e-08,0.06360589999999999
1.6143e-08,0.06743929999999998
1.6145e-08,0.07122549999999994
1.6147e-08,0.07496389999999997
1.6149e-08,0.078654
1.6151e-08,0.08229520000000001
1.6153e-08,0.08588720000000005
1.6155e-08,0.08942950000000005
1.6157e-08,0.0929219
1.6159e-08,0.09636410000000006
1.6161e-08,0.09975590000000001
1.6163e-08,0.103097
1.6165e-08,0.10638750000000008
1.6167e-08,0.10962729999999998
1.6169e-08,0.11281620000000003
1.6171e-08,0.11595449999999996
1.6173e-08,0.11904199999999998
1.6175e-08,0.12207899999999994
1.6177e-08,0.1250654
1.6179e-08,0.1280017
1.6181e-08,0.1308878
1.6183e-08,0.1337239
1.6185e-08,0.1365105000000001
1.6187e-08,0.13924759999999992
1.6189e-08,0.14193580000000006
1.6191e-08,0.14457510000000007
1.6193e-08,0.14716600000000002
1.6195e-08,0.14970890000000003
1.6197e-08,0.1522042
1.61985e-08,0.15404440000000008
1.62e-08,0.1558583
1.62002e-08,0.15609859999999998
1.62006e-08,0.15658039999999995
1.62014e-08,0.15754630000000003
1.6203e-08,0.15945369999999992
1.6205e-08,0.16171459999999993
1.6207e-08,0.16375819999999996
1.6209e-08,0.16552690000000003
1.6211e-08,0.16698829999999998
1.6213e-08,0.168126
1.6215e-08,0.1689351
1.6217e-08,0.16941719999999993
1.6219e-08,0.16957900000000004
1.6221e-08,0.16942979999999996
1.6223e-08,0.16898099999999994
1.6225e-08,0.16824479999999997
1.6227e-08,0.167234
1.6229e-08,0.16596160000000004
1.6231e-08,0.16444019999999993
1.6233e-08,0.1626825999999999
1.6235e-08,0.1607012
1.6237e-08,0.15850799999999998
1.6239e-08,0.15611470000000005
1.6241e-08,0.15353250000000007
1.6243e-08,0.15077240000000003
1.6245e-08,0.1478448
1.6247e-08,0.14476
1.6249e-08,0.14152759999999998
1.6251e-08,0.13815699999999997
1.6253e-08,0.13465729999999998
1.6255e-08,0.13103719999999996
1.6257e-08,0.12730510000000006
1.6259e-08,0.1234691
1.6261e-08,0.11953709999999995
1.6263e-08,0.11551630000000002
1.6265e-08,0.11141409999999996
1.6267e-08,0.1072375000000001
1.6269e-08,0.10299289999999994
1.6271e-08,0.09868690000000002
1.6273e-08,0.09432549999999995
1.6275e-08,0.08991490000000002
1.6277e-08,0.08546039999999999
1.6279e-08,0.08096769999999998
1.6281e-08,0.07644190000000006
1.6283e-08,0.07188800000000006
1.6285e-08,0.0673108
1.6287e-08,0.06271490000000002
1.6289e-08,0.058104799999999956
1.6291e-08,0.05348459999999999
1.6293e-08,0.04885819999999996
1.6295e-08,0.04422950000000003
1.6297e-08,0.03960220000000003
1.6299e-08,0.034979800000000005
1.6301e-08,0.030365500000000045
1.6303e-08,0.02576249999999991
1.6305e-08,0.02117380000000002
1.6307e-08,0.01660229999999996
1.6309e-08,0.012050400000000017
1.6311e-08,0.0075209000000000525
1.6313e-08,0.0030162000000000244
1.6315e-08,-0.001461399999999946
1.6317e-08,-0.005909999999999971
1.6319e-08,-0.01032730000000004
1.6321e-08,-0.014711699999999994
1.6323e-08,-0.0190612
1.6325e-08,-0.02337420000000001
1.6327e-08,-0.027649099999999982
1.6329e-08,-0.03188469999999999
1.6331e-08,-0.036079300000000036
1.6333e-08,-0.04023179999999993
1.6335e-08,-0.04434130000000003
1.6337e-08,-0.04840630000000001
1.6339e-08,-0.05242619999999998
1.6341e-08,-0.0563998
1.6343e-08,-0.06032650000000006
1.6345e-08,-0.06420549999999992
1.6347e-08,-0.06803629999999994
1.6349e-08,-0.07181800000000005
1.6351e-08,-0.07555040000000002
1.6353e-08,-0.07923270000000004
1.6355e-08,-0.08286480000000007
1.6357e-08,-0.08644629999999998
1.6359e-08,-0.08997690000000003
1.6361e-08,-0.09345630000000005
1.6363e-08,-0.09688439999999998
1.6365e-08,-0.10026109999999999
1.6367e-08,-0.10358630000000002
1.6369e-08,-0.10685990000000001
1.6371e-08,-0.11008200000000001
1.6373e-08,-0.11325260000000004
1.6375e-08,-0.11637180000000003
1.6377e-08,-0.11943979999999998
1.6379e-08,-0.12245650000000008
1.6381e-08,-0.1254223
1.6383e-08,-0.12833739999999993
1.6385e-08,-0.13120199999999993
1.6387e-08,-0.13401640000000004
1.6389e-08,-0.13678069999999998
1.6391e-08,-0.13949559999999994
1.6393e-08,-0.1421612
1.6395e-08,-0.1447777
1.6397e-08,-0.14734579999999997
1.63985e-08,-0.14924020000000005
1.64e-08,-0.15110770000000007
1.64002e-08,-0.15135430000000005
1.64006e-08,-0.1518469
1.64014e-08,-0.15282620000000002
1.6403e-08,-0.15476219999999996
1.6405e-08,-0.1571403
1.6407e-08,-0.15947199999999995
1.6409e-08,-0.1617577
1.6411e-08,-0.16399790000000003
1.6413e-08,-0.16619309999999998
1.6415e-08,-0.1683437000000001
1.6417e-08,-0.1704504
1.6419e-08,-0.17251359999999993
1.6421e-08,-0.17453390000000002
1.6423e-08,-0.17651169999999994
1.6425e-08,-0.1784475000000001
1.6427e-08,-0.18034209999999995
1.6429e-08,-0.18219569999999996
1.6431e-08,-0.18400910000000004
1.6433e-08,-0.18578260000000002
1.6435e-08,-0.18751700000000004
1.6437e-08,-0.18921259999999995
1.6439e-08,-0.19086999999999998
1.6441e-08,-0.19249000000000005
1.6443e-08,-0.19407280000000005
1.6445e-08,-0.19561909999999993
1.6447e-08,-0.1971295999999999
1.6449e-08,-0.19860460000000002
1.6451e-08,-0.20004460000000002
1.6453e-08,-0.20145040000000003
1.6455e-08,-0.2028222999999999
1.6457e-08,-0.20416109999999998
1.6459e-08,-0.2054671
1.6461e-08,-0.2067409
1.6463e-08,-0.20798300000000003
1.6465e-08,-0.20919390000000004
1.6467e-08,-0.21037430000000001
1.6469e-08,-0.2115245
1.6471e-08,-0.21264499999999997
1.6473e-08,-0.21373660000000005
1.6475e-08,-0.21479959999999998
1.6477e-08,-0.2158344000000001
1.6479e-08,-0.21684159999999997
1.6481e-08,-0.2178217
1.6483e-08,-0.21877520000000006
1.6485e-08,-0.21970259999999997
1.6487e-08,-0.22060429999999998
1.6489e-08,-0.22148080000000003
1.6491e-08,-0.22233250000000004
1.6493e-08,-0.22315999999999991
1.6495e-08,-0.2239637
1.6497e-08,-0.22474400000000005
1.6499e-08,-0.22550130000000002
1.6501e-08,-0.2262362
1.6503e-08,-0.22694910000000001
1.6505e-08,-0.22764019999999996
1.6507e-08,-0.2283101999999999
1.6509e-08,-0.22895940000000004
1.6511e-08,-0.22958829999999997
1.6513e-08,-0.23019709999999993
1.6515e-08,-0.23078640000000006
1.6517e-08,-0.2313565999999999
1.6519e-08,-0.23190790000000006
1.6521e-08,-0.2324408
1.6523e-08,-0.2329557000000001
1.6525e-08,-0.2334529999999999
1.6527e-08,-0.23393300000000006
1.6529e-08,-0.2343961
1.6531e-08,-0.2348426
1.6533e-08,-0.23527279999999995
1.6535e-08,-0.23568729999999993
1.6537e-08,-0.23608620000000002
1.6539e-08,-0.2364698999999999
1.6541e-08,-0.23683880000000002
1.6543e-08,-0.23719309999999993
1.6545e-08,-0.23753330000000006
1.6547e-08,-0.2378595
1.6549e-08,-0.2381721
1.6551e-08,-0.23847149999999995
1.6553e-08,-0.23875789999999997
1.6555e-08,-0.2390316
1.6557e-08,-0.23929290000000003
1.6559e-08,-0.23954220000000004
1.6561e-08,-0.23977959999999998
1.6563e-08,-0.24000539999999992
1.6565e-08,-0.24021989999999993
1.6567e-08,-0.2404235
1.6569e-08,-0.2406163
1.6571e-08,-0.24079870000000003
1.6573e-08,-0.24097069999999998
1.6575e-08,-0.24113280000000004
1.6577e-08,-0.24128510000000003
1.6579e-08,-0.2414280000000001
1.6581e-08,-0.24156159999999993
1.6583e-08,-0.24168599999999996
1.6585e-08,-0.24180179999999996
1.6587e-08,-0.24190889999999998
1.6589e-08,-0.2420078
1.6591e-08,-0.24209839999999994
1.6593e-08,-0.24218110000000004
1.6595e-08,-0.24225600000000003
1.6597e-08,-0.24232339999999997
1.65985e-08,-0.24236919999999995
1.66e-08,-0.24241959999999996
1.66002e-08,-0.24242779999999997
1.66006e-08,-0.24244470000000007
1.66014e-08,-0.24247960000000002
1.6603e-08,-0.2425216
1.6605e-08,-0.24245780000000006
1.6607e-08,-0.24219789999999997
1.6609e-08,-0.24169469999999993
1.6611e-08,-0.24092180000000007
1.6613e-08,-0.23986660000000004
1.6615e-08,-0.23852590000000007
1.6617e-08,-0.2369021
1.6619e-08,-0.23500199999999993
1.6621e-08,-0.23283450000000006
1.6623e-08,-0.23040989999999995
1.6625e-08,-0.22773960000000004
1.6627e-08,-0.22483530000000007
1.6629e-08,-0.22170869999999998
1.6631e-08,-0.2183718
1.6633e-08,-0.21483590000000008
1.6635e-08,-0.21111259999999998
1.6637e-08,-0.20721290000000003
1.6639e-08,-0.20314759999999998
1.6641e-08,-0.19892690000000002
1.6643e-08,-0.19456130000000005
1.6645e-08,-0.19006029999999996
1.6647e-08,-0.18543339999999997
1.6649e-08,-0.1806896
1.6651e-08,-0.17583800000000005
1.6653e-08,-0.17088689999999995
1.6655e-08,-0.16584469999999996
1.6657e-08,-0.1607191
1.6659e-08,-0.15551780000000004
1.6661e-08,-0.1502483
1.6663e-08,-0.14491739999999997
1.6665e-08,-0.1395324
1.6667e-08,-0.13409950000000004
1.6669e-08,-0.12862510000000005
1.6671e-08,-0.12311519999999998
1.6673e-08,-0.11757600000000001
1.6675e-08,-0.11201280000000002
1.6677e-08,-0.10643099999999994
1.6679e-08,-0.10083589999999998
1.6681e-08,-0.09523230000000005
1.6683e-08,-0.08962510000000001
1.6685e-08,-0.08401860000000005
1.6687e-08,-0.07841719999999996
1.6689e-08,-0.07282519999999992
1.6691e-08,-0.06724620000000003
1.6693e-08,-0.06168419999999997
1.6695e-08,-0.05614260000000004
1.6697e-08,-0.050624800000000025
1.6699e-08,-0.045134100000000066
1.6701e-08,-0.03967330000000002
1.6703e-08,-0.03424550000000004
1.6705e-08,-0.028853200000000023
1.6707e-08,-0.023499099999999995
1.6709e-08,-0.018185499999999966
1.6711e-08,-0.012914700000000057
1.6713e-08,-0.007688699999999993
1.6715e-08,-0.0025096000000000007
1.6717e-08,0.002620900000000037
1.6719e-08,0.007700999999999958
1.6721e-08,0.012729100000000049
1.6723e-08,0.01770369999999999
1.6725e-08,0.022623700000000024
1.6727e-08,0.027487600000000056
1.6729e-08,0.032294400000000056
1.6731e-08,0.03704299999999994
1.6733e-08,0.04173260000000001
1.6735e-08,0.04636229999999997
1.6737e-08,0.05093130000000001
1.6739e-08,0.05543889999999996
1.6741e-08,0.05988470000000001
1.6743e-08,0.06426810000000005
1.6745e-08,0.06858869999999995
1.6747e-08,0.07284630000000003
1.6749e-08,0.07704030000000006
1.6751e-08,0.08117060000000009
1.6753e-08,0.08523730000000007
1.6755e-08,0.08923999999999999
1.6757e-08,0.0931788
1.6759e-08,0.09705370000000002
1.6761e-08,0.10086480000000009
1.6763e-08,0.10461229999999999
1.6765e-08,0.1082961
1.6767e-08,0.11191660000000003
1.6769e-08,0.11547410000000002
1.6771e-08,0.11896879999999999
1.6773e-08,0.12240090000000003
1.6775e-08,0.1257708999999999
1.6777e-08,0.12907920000000006
1.6779e-08,0.13232620000000006
1.6781e-08,0.13551229999999992
1.6783e-08,0.13863799999999993
1.6785e-08,0.1417037
1.6787e-08,0.14471
1.6789e-08,0.14765740000000005
1.6791e-08,0.15054649999999992
1.6793e-08,0.15337790000000007
1.6795e-08,0.15615200000000007
1.6797e-08,0.1588695
1.67985e-08,0.16087090000000004
1.68e-08,0.1628497
1.68002e-08,0.16311259999999994
1.68006e-08,0.16363819999999996
1.68014e-08,0.1646843
1.6803e-08,0.16672489999999995
1.6805e-08,0.16911369999999992
1.6807e-08,0.17125469999999998
1.6809e-08,0.17310079999999994
1.6811e-08,0.17462600000000006
1.6813e-08,0.17581860000000005
1.6815e-08,0.17667650000000001
1.6817e-08,0.1772035999999999
1.6819e-08,0.1774078
1.6821e-08,0.1772994
1.6823e-08,0.17689009999999994
1.6825e-08,0.1761927000000001
1.6827e-08,0.17522000000000004
1.6829e-08,0.1739851
1.6831e-08,0.1725008
1.6833e-08,0.17077980000000004
1.6835e-08,0.16883440000000005
1.6837e-08,0.1666767
1.6839e-08,0.16431810000000002
1.6841e-08,0.16177009999999992
1.6843e-08,0.15904320000000005
1.6845e-08,0.1561479
1.6847e-08,0.15309450000000002
1.6849e-08,0.14989249999999998
1.6851e-08,0.14655130000000005
1.6853e-08,0.14307979999999998
1.6855e-08,0.13948670000000007
1.6857e-08,0.13578030000000008
1.6859e-08,0.1319688
1.6861e-08,0.12805980000000006
1.6863e-08,0.12406079999999997
1.6865e-08,0.1199789
1.6867e-08,0.11582100000000006
1.6869e-08,0.11159370000000002
1.6871e-08,0.1073035
1.6873e-08,0.10295639999999995
1.6875e-08,0.09855829999999999
1.6877e-08,0.09411499999999995
1.6879e-08,0.08963169999999998
1.6881e-08,0.08511389999999996
1.6883e-08,0.08056630000000009
1.6885e-08,0.0759938
1.6887e-08,0.0714011
1.6889e-08,0.06679250000000003
1.6891e-08,0.06217220000000001
1.6893e-08,0.0575441000000001
1.6895e-08,0.05291230000000002
1.6897e-08,0.048280199999999995
1.6899e-08,0.043651499999999954
1.6901e-08,0.0390294000000001
1.6903e-08,0.03441700000000003
1.6905e-08,0.029817500000000052
1.6907e-08,0.02523350000000002
1.6909e-08,0.020668100000000078
1.6911e-08,0.01612340000000001
1.6913e-08,0.011602099999999949
1.6915e-08,0.007106600000000074
1.6917e-08,0.002638699999999994
1.6919e-08,-0.0017990999999999424
1.6921e-08,-0.006205299999999969
1.6923e-08,-0.01057779999999997
1.6925e-08,-0.014915099999999959
1.6927e-08,-0.0192156
1.6929e-08,-0.023477599999999987
1.6931e-08,-0.027699999999999947
1.6933e-08,-0.03188139999999995
1.6935e-08,-0.03602059999999996
1.6937e-08,-0.0401165
1.6939e-08,-0.04416829999999994
1.6941e-08,-0.04817479999999996
1.6943e-08,-0.052135299999999996
1.6945e-08,-0.056049000000000015
1.6947e-08,-0.059915300000000005
1.6949e-08,-0.06373339999999994
1.6951e-08,-0.06750290000000003
1.6953e-08,-0.07122329999999999
1.6955e-08,-0.07489409999999996
1.6957e-08,-0.07851489999999994
1.6959e-08,-0.08208559999999998
1.6961e-08,-0.08560579999999995
1.6963e-08,-0.08907519999999991
1.6965e-08,-0.0924938999999999
1.6967e-08,-0.09586159999999999
1.6969e-08,-0.09917830000000005
1.6971e-08,-0.10244399999999998
1.6973e-08,-0.10565859999999994
1.6975e-08,-0.10882239999999999
1.6977e-08,-0.11193529999999996
1.6979e-08,-0.11499749999999997
1.6981e-08,-0.11800909999999998
1.6983e-08,-0.12097029999999998
1.6985e-08,-0.12388129999999997
1.6987e-08,-0.12674249999999998
1.6989e-08,-0.1295541
1.6991e-08,-0.13231629999999994
1.6993e-08,-0.13502950000000002
1.6995e-08,-0.13769399999999998
1.6997e-08,-0.14031020000000005
1.69985e-08,-0.1422407
1.7e-08,-0.1441445
1.70002e-08,-0.14439610000000003
1.70006e-08,-0.14489829999999992
1.70014e-08,-0.1458971
1.7003e-08,-0.14787210000000006
1.7005e-08,-0.1502989
1.7007e-08,-0.15267949999999997
1.7009e-08,-0.1550142
1.7011e-08,-0.1573036
1.7013e-08,-0.15954800000000002
1.7015e-08,-0.161748
1.7017e-08,-0.16390399999999994
1.7019e-08,-0.16601659999999996
1.7021e-08,-0.16808630000000002
1.7023e-08,-0.17011350000000003
1.7025e-08,-0.1720988
1.7027e-08,-0.17404279999999994
1.7029e-08,-0.17594580000000004
1.7031e-08,-0.17780849999999992
1.7033e-08,-0.1796314
1.7035e-08,-0.18141490000000005
1.7037e-08,-0.18315979999999998
1.7039e-08,-0.1848664
1.7041e-08,-0.18653530000000007
1.7043e-08,-0.18816710000000003
1.7045e-08,-0.18976230000000005
1.7047e-08,-0.19132149999999992
1.7049e-08,-0.19284500000000004
1.7051e-08,-0.19433369999999994
1.7053e-08,-0.19578780000000007
1.7055e-08,-0.1972079
1.7057e-08,-0.1985947
1.7059e-08,-0.19994860000000003
1.7061e-08,-0.2012701
1.7063e-08,-0.20255980000000007
1.7065e-08,-0.20381820000000006
1.7067e-08,-0.2050457
1.7069e-08,-0.20624299999999995
1.7071e-08,-0.20741050000000005
1.7073e-08,-0.20854870000000003
1.7075e-08,-0.20965809999999996
1.7077e-08,-0.21073920000000002
1.7079e-08,-0.21179250000000005
1.7081e-08,-0.21281850000000002
1.7083e-08,-0.21381760000000005
1.7085e-08,-0.21479039999999994
1.7087e-08,-0.21573720000000007
1.7089e-08,-0.21665880000000004
1.7091e-08,-0.2175553
1.7093e-08,-0.21842720000000004
1.7095e-08,-0.2192752
1.7097e-08,-0.2200995
1.7099e-08,-0.2209006
1.7101e-08,-0.22167910000000002
1.7103e-08,-0.22243520000000006
1.7105e-08,-0.2231694999999999
1.7107e-08,-0.22388229999999998
1.7109e-08,-0.22457400000000005
1.7111e-08,-0.22524529999999998
1.7113e-08,-0.2258962
1.7115e-08,-0.22652720000000004
1.7117e-08,-0.22713890000000003
1.7119e-08,-0.22773149999999998
1.7121e-08,-0.2283054000000001
1.7123e-08,-0.22886110000000004
1.7125e-08,-0.2293988
1.7127e-08,-0.22991899999999998
1.7129e-08,-0.23042209999999996
1.7131e-08,-0.23090830000000007
1.7133e-08,-0.23137800000000008
1.7135e-08,-0.23183160000000003
1.7137e-08,-0.2322693
1.7139e-08,-0.2326918
1.7141e-08,-0.2330989
1.7143e-08,-0.23349140000000002
1.7145e-08,-0.2338692
1.7147e-08,-0.23423309999999997
1.7149e-08,-0.23458299999999999
1.7151e-08,-0.23491930000000005
1.7153e-08,-0.23524240000000007
1.7155e-08,-0.2355526
1.7157e-08,-0.23585010000000006
1.7159e-08,-0.2361352
1.7161e-08,-0.23640819999999996
1.7163e-08,-0.23666939999999992
1.7165e-08,-0.23691910000000005
1.7167e-08,-0.23715739999999996
1.7169e-08,-0.23738479999999995
1.7171e-08,-0.23760139999999996
1.7173e-08,-0.2378074
1.7175e-08,-0.23800329999999992
1.7177e-08,-0.23818909999999993
1.7179e-08,-0.23836520000000005
1.7181e-08,-0.23853159999999995
1.7183e-08,-0.23868889999999998
1.7185e-08,-0.23883690000000002
1.7187e-08,-0.23897619999999997
1.7189e-08,-0.23910679999999995
1.7191e-08,-0.23922909999999997
1.7193e-08,-0.23934299999999997
1.7195e-08,-0.23944910000000008
1.7197e-08,-0.23954730000000002
1.71985e-08,-0.2396159
1.72e-08,-0.23968049999999996
1.72002e-08,-0.23968869999999998
1.72006e-08,-0.2397051
1.72014e-08,-0.23973690000000003
1.7203e-08,-0.23979719999999993
1.7205e-08,-0.23986620000000003
1.7207e-08,-0.23992840000000004
1.7209e-08,-0.23998399999999998
1.7211e-08,-0.24003299999999994
1.7213e-08,-0.24007580000000006
1.7215e-08,-0.24011250000000006
1.7217e-08,-0.24014330000000006
1.7219e-08,-0.24016819999999994
1.7221e-08,-0.2401875
1.7223e-08,-0.2402013999999999
1.7225e-08,-0.24020989999999998
1.7227e-08,-0.24021330000000007
1.7229e-08,-0.24021179999999998
1.7231e-08,-0.2402052
1.7233e-08,-0.24019400000000002
1.7235e-08,-0.24017830000000007
1.7237e-08,-0.24015809999999993
1.7239e-08,-0.24013360000000006
1.7241e-08,-0.24010490000000007
1.7243e-08,-0.24007219999999996
1.7245e-08,-0.24003550000000007
1.7247e-08,-0.23999519999999996
1.7249e-08,-0.23995100000000003
1.7251e-08,-0.2399034
1.7253e-08,-0.23985230000000002
1.7255e-08,-0.2397979
1.7257e-08,-0.2397402999999999
1.7259e-08,-0.2396796
1.7261e-08,-0.2396159
1.7263e-08,-0.23954920000000002
1.7265e-08,-0.23947990000000008
1.7267e-08,-0.2394079
1.7269e-08,-0.23933320000000002
1.7271e-08,-0.23925610000000008
1.7273e-08,-0.23917639999999996
1.7275e-08,-0.2390945
1.7277e-08,-0.2390104999999999
1.7279e-08,-0.23892420000000003
1.7281e-08,-0.2388359
1.7283e-08,-0.23874570000000006
1.7285e-08,-0.23865360000000002
1.7287e-08,-0.23855959999999998
1.7289e-08,-0.23846390000000006
1.7291e-08,-0.2383666000000001
1.7293e-08,-0.2382675999999999
1.7295e-08,-0.23816720000000002
1.7297e-08,-0.23806530000000004
1.7299e-08,-0.23796209999999995
1.7301e-08,-0.23785750000000005
1.7303e-08,-0.23775179999999996
1.7305e-08,-0.2376448
1.7307e-08,-0.23753669999999993
1.7309e-08,-0.2374275
1.7311e-08,-0.2373174
1.7313e-08,-0.23720640000000004
1.7315e-08,-0.23709440000000004
1.7317e-08,-0.23698170000000007
1.7319e-08,-0.23686810000000003
1.7321e-08,-0.23675380000000001
1.7323e-08,-0.23663889999999999
1.7325e-08,-0.2365233
1.7327e-08,-0.23640720000000004
1.7329e-08,-0.23629049999999996
1.7331e-08,-0.23617339999999998
1.7333e-08,-0.23605569999999998
1.7335e-08,-0.23593779999999998
1.7337e-08,-0.2358194
1.7339e-08,-0.23570080000000004
1.7341e-08,-0.23558179999999995
1.7343e-08,-0.2354626999999999
1.7345e-08,-0.23534329999999992
1.7347e-08,-0.23522369999999992
1.7349e-08,-0.23510410000000004
1.7351e-08,-0.23498430000000003
1.7353e-08,-0.23486459999999998
1.7355e-08,-0.23474470000000003
1.7357e-08,-0.23462490000000003
1.7359e-08,-0.23450510000000002
1.7361e-08,-0.23438530000000002
1.7363e-08,-0.23426570000000002
1.7365e-08,-0.2341460999999999
1.7367e-08,-0.23402679999999998
1.7369e-08,-0.23390749999999993
1.7371e-08,-0.2337886
1.7373e-08,-0.23366969999999998
1.7375e-08,-0.23355120000000007
1.7377e-08,-0.23343289999999994
1.7379e-08,-0.2333149
1.7381e-08,-0.2331972
1.7383e-08,-0.23307979999999995
1.7385e-08,-0.23296289999999997
1.7387e-08,-0.2328462
1.7389e-08,-0.23272990000000005
1.7391e-08,-0.23261409999999993
1.7393e-08,-0.23249869999999995
1.7395e-08,-0.23238370000000008
1.7397e-08,-0.2322691
1.73985e-08,-0.23218359999999993
1.74e-08,-0.23209819999999992
1.74002e-08,-0.23208689999999998
1.74006e-08,-0.2320641
1.74014e-08,-0.23201880000000008
1.7403e-08,-0.23192840000000003
1.7405e-08,-0.23181589999999996
1.7407e-08,-0.23170380000000002
1.7409e-08,-0.23159229999999997
1.7411e-08,-0.23148139999999995
1.7413e-08,-0.23137090000000005
1.7415e-08,-0.23126120000000006
1.7417e-08,-0.23115189999999997
1.7419e-08,-0.2310432
1.7421e-08,-0.23093529999999995
1.7423e-08,-0.23082780000000003
1.7425e-08,-0.23072099999999995
1.7427e-08,-0.2306148
1.7429e-08,-0.23050920000000008
1.7431e-08,-0.2304043
1.7433e-08,-0.2303001
1.7435e-08,-0.23019660000000008
1.7437e-08,-0.23009369999999996
1.7439e-08,-0.22999140000000007
1.7441e-08,-0.22988980000000003
1.7443e-08,-0.22978890000000007
1.7445e-08,-0.22968860000000002
1.7447e-08,-0.2295891000000001
1.7449e-08,-0.22949030000000004
1.7451e-08,-0.22939220000000005
1.7453e-08,-0.22929480000000002
1.7455e-08,-0.22919809999999996
1.7457e-08,-0.22910200000000003
1.7459e-08,-0.22900680000000007
1.7461e-08,-0.22891209999999995
1.7463e-08,-0.22881830000000003
1.7465e-08,-0.22872510000000001
1.7467e-08,-0.22863280000000008
1.7469e-08,-0.228541
1.7471e-08,-0.2284501
1.7473e-08,-0.22835970000000005
1.7475e-08,-0.22827019999999998
1.7477e-08,-0.22818139999999998
1.7479e-08,-0.22809329999999994
1.7481e-08,-0.22800589999999998
1.7483e-08,-0.22791930000000005
1.7485e-08,-0.22783340000000007
1.7487e-08,-0.22774819999999996
1.7489e-08,-0.22766380000000008
1.7491e-08,-0.22758
1.7493e-08,-0.22749699999999995
1.7495e-08,-0.22741480000000003
1.7497e-08,-0.2273332
1.7499e-08,-0.22725230000000007
1.7501e-08,-0.2271723
1.7503e-08,-0.22709290000000004
1.7505e-08,-0.2270141
1.7507e-08,-0.22693609999999997
1.7509e-08,-0.22685890000000009
1.7511e-08,-0.2267823000000001
1.7513e-08,-0.22670649999999992
1.7515e-08,-0.2266313000000001
1.7517e-08,-0.22655690000000006
1.7519e-08,-0.22648309999999994
1.7521e-08,-0.22641010000000006
1.7523e-08,-0.22633769999999998
1.7525e-08,-0.22626610000000003
1.7527e-08,-0.22619509999999998
1.7529e-08,-0.22612480000000001
1.7531e-08,-0.2260551999999999
1.7533e-08,-0.22598619999999991
1.7535e-08,-0.22591799999999995
1.7537e-08,-0.2258504
1.7539e-08,-0.22578350000000003
1.7541e-08,-0.22571720000000006
1.7543e-08,-0.2256517
1.7545e-08,-0.22558670000000003
1.7547e-08,-0.22552249999999996
1.7549e-08,-0.22545879999999996
1.7551e-08,-0.22539580000000004
1.7553e-08,-0.22533349999999996
1.7555e-08,-0.22527180000000002
1.7557e-08,-0.22521069999999999
1.7559e-08,-0.22515029999999991
1.7561e-08,-0.22509060000000003
1.7563e-08,-0.2250314
1.7565e-08,-0.22497279999999997
1.7567e-08,-0.22491490000000003
1.7569e-08,-0.22485749999999993
1.7571e-08,-0.22480080000000002
1.7573e-08,-0.22474470000000002
1.7575e-08,-0.22468909999999997
1.7577e-08,-0.2246342
1.7579e-08,-0.2245798000000001
1.7581e-08,-0.22452609999999995
1.7583e-08,-0.22447289999999998
1.7585e-08,-0.22442030000000002
1.7587e-08,-0.22436829999999996
1.7589e-08,-0.22431679999999998
1.7591e-08,-0.22426590000000002
1.7593e-08,-0.2242155
1.7595e-08,-0.22416579999999997
1.7597e-08,-0.2241166
1.75985e-08,-0.2240799
1.76e-08,-0.2240525
1.76002e-08,-0.22405049999999993
1.76006e-08,-0.22404749999999996
1.76014e-08,-0.22404329999999995
1.7603e-08,-0.22401040000000005
1.7605e-08,-0.22385850000000007
1.7607e-08,-0.22351599999999994
1.7609e-08,-0.222935
1.7611e-08,-0.22208890000000003
1.7613e-08,-0.22096490000000002
1.7615e-08,-0.21955959999999997
1.7617e-08,-0.21787539999999994
1.7619e-08,-0.21591899999999997
1.7621e-08,-0.2136992000000001
1.7623e-08,-0.21122649999999998
1.7625e-08,-0.20851219999999993
1.7627e-08,-0.20556799999999997
1.7629e-08,-0.20240590000000003
1.7631e-08,-0.19903769999999998
1.7633e-08,-0.1954747
1.7635e-08,-0.19172880000000003
1.7637e-08,-0.1878109
1.7639e-08,-0.1837316
1.7641e-08,-0.17950159999999993
1.7643e-08,-0.17513089999999998
1.7645e-08,-0.17062939999999993
1.7647e-08,-0.1660064
1.7649e-08,-0.16127099999999994
1.7651e-08,-0.15643220000000002
1.7653e-08,-0.15149840000000003
1.7655e-08,-0.14647759999999999
1.7657e-08,-0.141378
1.7659e-08,-0.13620699999999997
1.7661e-08,-0.13097199999999998
1.7663e-08,-0.12567990000000007
1.7665e-08,-0.12033760000000004
1.7667e-08,-0.11495159999999993
1.7669e-08,-0.10952819999999996
1.7671e-08,-0.10407329999999992
1.7673e-08,-0.09859260000000003
1.7675e-08,-0.0930919
1.7677e-08,-0.0875762000000001
1.7679e-08,-0.08205069999999992
1.7681e-08,-0.07652039999999993
1.7683e-08,-0.07098959999999999
1.7685e-08,-0.06546280000000004
1.7687e-08,-0.05994440000000001
1.7689e-08,-0.05443830000000005
1.7691e-08,-0.0489484
1.7693e-08,-0.043478099999999964
1.7695e-08,-0.038030999999999926
1.7697e-08,-0.03261029999999998
1.7699e-08,-0.02721909999999994
1.7701e-08,-0.021860400000000002
1.7703e-08,-0.016536900000000077
1.7705e-08,-0.011251099999999958
1.7707e-08,-0.006005600000000055
1.7709e-08,-0.0008025000000000393
1.7711e-08,0.0043560000000000265
1.7713e-08,0.009467799999999915
1.7715e-08,0.014531100000000019
1.7717e-08,0.019544099999999953
1.7719e-08,0.024505499999999958
1.7721e-08,0.029413399999999923
1.7723e-08,0.03426669999999998
1.7725e-08,0.039064100000000046
1.7727e-08,0.04380440000000008
1.7729e-08,0.048486699999999994
1.7731e-08,0.053109799999999985
1.7733e-08,0.057672999999999974
1.7735e-08,0.0621756
1.7737e-08,0.06661689999999998
1.7739e-08,0.0709962999999999
1.7741e-08,0.07531330000000003
1.7743e-08,0.07956759999999996
1.7745e-08,0.08375849999999996
1.7747e-08,0.08788619999999991
1.7749e-08,0.09195019999999998
1.7751e-08,0.09595030000000004
1.7753e-08,0.09988659999999994
1.7755e-08,0.10375889999999999
1.7757e-08,0.10756739999999998
1.7759e-08,0.11131199999999997
1.7761e-08,0.11499300000000001
1.7763e-08,0.1186104
1.7765e-08,0.12216440000000006
1.7767e-08,0.12565539999999997
1.7769e-08,0.12908360000000008
1.7771e-08,0.1324495
1.7773e-08,0.135753
1.7775e-08,0.13899510000000004
1.7777e-08,0.14217570000000002
1.7779e-08,0.14529539999999996
1.7781e-08,0.14835490000000007
1.7783e-08,0.1513544
1.7785e-08,0.15429459999999995
1.7787e-08,0.15717599999999998
1.7789e-08,0.1599992
1.7791e-08,0.16276460000000004
1.7793e-08,0.16547289999999992
1.7795e-08,0.16812479999999996
1.7797e-08,0.1707208
1.77985e-08,0.1726314
1.78e-08,0.17451130000000004
1.78002e-08,0.17476009999999997
1.78006e-08,0.1752585000000001
1.78014e-08,0.176257
1.7803e-08,0.17822609999999994
1.7805e-08,0.18055829999999995
1.7807e-08,0.18266720000000003
1.7809e-08,0.18449590000000005
1.7811e-08,0.18601230000000002
1.7813e-08,0.1872005
1.7815e-08,0.18805539999999998
1.7817e-08,0.18857939999999995
1.7819e-08,0.1887787999999999
1.7821e-08,0.18866340000000004
1.7823e-08,0.18824439999999998
1.7825e-08,0.18753410000000004
1.7827e-08,0.18654550000000003
1.7829e-08,0.1852912
1.7831e-08,0.1837843
1.7833e-08,0.18203740000000002
1.7835e-08,0.18006289999999991
1.7837e-08,0.17787280000000005
1.7839e-08,0.1754789
1.7841e-08,0.1728923
1.7843e-08,0.17012400000000005
1.7845e-08,0.16718449999999996
1.7847e-08,0.164084
1.7849e-08,0.16083210000000003
1.7851e-08,0.15743839999999998
1.7853e-08,0.1539119
1.7855e-08,0.1502614
1.7857e-08,0.14649520000000005
1.7859e-08,0.1426214
1.7861e-08,0.138648
1.7863e-08,0.13458250000000005
1.7865e-08,0.13043190000000005
1.7867e-08,0.12620340000000008
1.7869e-08,0.12190370000000006
1.7871e-08,0.1175390999999999
1.7873e-08,0.113116
1.7875e-08,0.10864029999999991
1.7877e-08,0.10411769999999998
1.7879e-08,0.09955370000000008
1.7881e-08,0.09495370000000003
1.7883e-08,0.09032269999999998
1.7885e-08,0.08566549999999995
1.7887e-08,0.08098690000000008
1.7889e-08,0.07629140000000001
1.7891e-08,0.07158310000000001
1.7893e-08,0.06686619999999999
1.7895e-08,0.062144599999999994
1.7897e-08,0.05742199999999997
1.7899e-08,0.05270200000000003
1.7901e-08,0.04798800000000003
1.7903e-08,0.043283299999999914
1.7905e-08,0.03859069999999998
1.7907e-08,0.03391349999999993
1.7909e-08,0.029254200000000008
1.7911e-08,0.024615500000000012
1.7913e-08,0.020000000000000018
1.7915e-08,0.015409999999999924
1.7917e-08,0.010847599999999957
1.7919e-08,0.006315100000000018
1.7921e-08,0.001814199999999988
1.7923e-08,-0.0026530000000000165
1.7925e-08,-0.007084800000000002
1.7927e-08,-0.011479599999999923
1.7929e-08,-0.015836000000000072
1.7931e-08,-0.020152300000000012
1.7933e-08,-0.024427500000000046
1.7935e-08,-0.028660200000000025
1.7937e-08,-0.03284920000000002
1.7939e-08,-0.03699360000000007
1.7941e-08,-0.04109239999999992
1.7943e-08,-0.04514470000000004
1.7945e-08,-0.04914969999999996
1.7947e-08,-0.05310669999999995
1.7949e-08,-0.05701519999999993
1.7951e-08,-0.06087429999999994
1.7953e-08,-0.06468370000000001
1.7955e-08,-0.06844289999999997
1.7957e-08,-0.0721516000000001
1.7959e-08,-0.07580929999999997
1.7961e-08,-0.07941600000000004
1.7963e-08,-0.08297120000000002
1.7965e-08,-0.08647490000000002
1.7967e-08,-0.08992680000000008
1.7969e-08,-0.09332700000000005
1.7971e-08,-0.09667539999999997
1.7973e-08,-0.09997210000000001
1.7975e-08,-0.10321689999999994
1.7977e-08,-0.10641020000000001
1.7979e-08,-0.10955190000000004
1.7981e-08,-0.11264220000000003
1.7983e-08,-0.11568129999999999
1.7985e-08,-0.11866949999999998
1.7987e-08,-0.12160690000000007
1.7989e-08,-0.12449379999999999
1.7991e-08,-0.12733059999999996
1.7993e-08,-0.1301175000000001
1.7995e-08,-0.13285480000000005
1.7997e-08,-0.13554300000000008
1.79985e-08,-0.1375271
1.8e-08,-0.13948379999999994
1.80002e-08,-0.13974240000000004
1.80006e-08,-0.1402586
1.80014e-08,-0.14128530000000006
1.8003e-08,-0.1433158
1.8005e-08,-0.14581120000000003
1.8007e-08,-0.1482595
1.8009e-08,-0.1506611
1.8011e-08,-0.1530165
1.8013e-08,-0.15532610000000002
1.8015e-08,-0.15759049999999997
1.8017e-08,-0.15981010000000007
1.8019e-08,-0.16198539999999995
1.8021e-08,-0.1641168999999999
1.8023e-08,-0.16620520000000005
1.8025e-08,-0.16825069999999998
1.8027e-08,-0.17025410000000007
1.8029e-08,-0.17221569999999997
1.8031e-08,-0.17413620000000007
1.8033e-08,-0.17601619999999996
1.8035e-08,-0.17785600000000001
1.8037e-08,-0.17965639999999994
1.8039e-08,-0.18141770000000002
1.8041e-08,-0.1831406
1.8043e-08,-0.18482549999999998
1.8045e-08,-0.18647309999999995
1.8047e-08,-0.18808389999999997
1.8049e-08,-0.18965849999999995
1.8051e-08,-0.19119719999999996
1.8053e-08,-0.1927008
1.8055e-08,-0.19416980000000006
1.8057e-08,-0.19560470000000008
1.8059e-08,-0.19700589999999996
1.8061e-08,-0.1983741
1.8063e-08,-0.19970979999999994
1.8065e-08,-0.20101360000000001
1.8067e-08,-0.20228580000000007
1.8069e-08,-0.203527
1.8071e-08,-0.20473780000000008
1.8073e-08,-0.2059187
1.8075e-08,-0.20707009999999992
1.8077e-08,-0.2081926999999999
1.8079e-08,-0.20928690000000005
1.8081e-08,-0.210353
1.8083e-08,-0.21139180000000002
1.8085e-08,-0.21240349999999997
1.8087e-08,-0.21338879999999993
1.8089e-08,-0.21434810000000004
1.8091e-08,-0.21528190000000003
1.8093e-08,-0.2161906
1.8095e-08,-0.2170746
1.8097e-08,-0.21793459999999998
1.8099e-08,-0.21877079999999993
1.8101e-08,-0.21958370000000005
1.8103e-08,-0.22037380000000006
1.8105e-08,-0.2211415
1.8107e-08,-0.2218873
1.8109e-08,-0.22261150000000007
1.8111e-08,-0.22331460000000003
1.8113e-08,-0.22399690000000005
1.8115e-08,-0.2246589
1.8117e-08,-0.22530110000000003
1.8119e-08,-0.22592370000000006
1.8121e-08,-0.22652719999999993
1.8123e-08,-0.22711199999999998
1.8125e-08,-0.2276783
1.8127e-08,-0.2282266999999999
1.8129e-08,-0.2287574
1.8131e-08,-0.22927090000000006
1.8133e-08,-0.22976760000000007
1.8135e-08,-0.2302476
1.8137e-08,-0.23071149999999996
1.8139e-08,-0.23115940000000001
1.8141e-08,-0.23159190000000007
1.8143e-08,-0.23200909999999997
1.8145e-08,-0.2324115
1.8147e-08,-0.23279930000000004
1.8149e-08,-0.2331728999999999
1.8151e-08,-0.23353250000000003
1.8153e-08,-0.23387859999999994
1.8155e-08,-0.2342113
1.8157e-08,-0.2345311
1.8159e-08,-0.234838
1.8161e-08,-0.23513260000000002
1.8163e-08,-0.23541489999999998
1.8165e-08,-0.2356855
1.8167e-08,-0.2359443
1.8169e-08,-0.23619179999999995
1.8171e-08,-0.23642830000000004
1.8173e-08,-0.23665390000000008
1.8175e-08,-0.236869
1.8177e-08,-0.23707370000000005
1.8179e-08,-0.23726839999999993
1.8181e-08,-0.23745320000000003
1.8183e-08,-0.23762839999999996
1.8185e-08,-0.23779430000000001
1.8187e-08,-0.2379509999999999
1.8189e-08,-0.23809880000000005
1.8191e-08,-0.23823800000000006
1.8193e-08,-0.23836860000000004
1.8195e-08,-0.238491
1.8197e-08,-0.23860530000000002
1.81985e-08,-0.2386859
1.82e-08,-0.23877079999999995
1.82002e-08,-0.23878359999999998
1.82006e-08,-0.2388096999999999
1.82014e-08,-0.23886269999999998
1.8203e-08,-0.2389409
1.8205e-08,-0.23892160000000007
1.8207e-08,-0.2387053
1.8209e-08,-0.23824499999999993
1.8211e-08,-0.237514
1.8213e-08,-0.23649999999999993
1.8215e-08,-0.23519959999999995
1.8217e-08,-0.23361540000000003
1.8219e-08,-0.23175409999999996
1.8221e-08,-0.22962470000000001
1.8223e-08,-0.22723749999999998
1.8225e-08,-0.22460400000000003
1.8227e-08,-0.22173589999999999
1.8229e-08,-0.21864499999999998
1.8231e-08,-0.21534319999999996
1.8233e-08,-0.21184199999999997
1.8235e-08,-0.20815309999999998
1.8237e-08,-0.2042872
1.8239e-08,-0.20025530000000002
1.8241e-08,-0.19606800000000002
1.8243e-08,-0.19173510000000005
1.8245e-08,-0.1872667
1.8247e-08,-0.18267200000000006
1.8249e-08,-0.1779603999999999
1.8251e-08,-0.17314039999999997
1.8253e-08,-0.1682209
1.8255e-08,-0.16320979999999996
1.8257e-08,-0.15811529999999996
1.8259e-08,-0.15294489999999994
1.8261e-08,-0.147706
1.8263e-08,-0.14240560000000002
1.8265e-08,-0.13705069999999997
1.8267e-08,-0.13164789999999993
1.8269e-08,-0.12620350000000002
1.8271e-08,-0.12072329999999998
1.8273e-08,-0.11521359999999992
1.8275e-08,-0.10967970000000005
1.8277e-08,-0.10412710000000003
1.8279e-08,-0.09856089999999995
1.8281e-08,-0.09298609999999996
1.8283e-08,-0.08740739999999991
1.8285e-08,-0.0818293
1.8287e-08,-0.07625609999999994
1.8289e-08,-0.07069200000000009
1.8291e-08,-0.06514090000000006
1.8293e-08,-0.0596063
1.8295e-08,-0.054092099999999976
1.8297e-08,-0.048601399999999906
1.8299e-08,-0.0431376
1.8301e-08,-0.0377035
1.8303e-08,-0.03230220000000006
1.8305e-08,-0.026936200000000077
1.8307e-08,-0.02160799999999996
1.8309e-08,-0.016320299999999954
1.8311e-08,-0.011075000000000057
1.8313e-08,-0.005874299999999999
1.8315e-08,-0.0007201999999999487
1.8317e-08,0.004385399999999984
1.8319e-08,0.009441000000000033
1.8321e-08,0.014444699999999977
1.8323e-08,0.01939539999999995
1.8325e-08,0.02429159999999997
1.8327e-08,0.02913189999999999
1.8329e-08,0.03391549999999999
1.8331e-08,0.038641099999999984
1.8333e-08,0.04330780000000001
1.8335e-08,0.04791500000000004
1.8337e-08,0.0524618
1.8339e-08,0.05694750000000004
1.8341e-08,0.06137159999999997
1.8343e-08,0.06573360000000006
1.8345e-08,0.07003289999999995
1.8347e-08,0.0742695000000001
1.8349e-08,0.07844289999999998
1.8351e-08,0.08255279999999998
1.8353e-08,0.08659939999999999
1.8355e-08,0.09058220000000006
1.8357e-08,0.09450139999999996
1.8359e-08,0.09835700000000003
1.8361e-08,0.10214900000000005
1.8363e-08,0.10587760000000002
1.8365e-08,0.1095429
1.8367e-08,0.11314499999999994
1.8369e-08,0.11668440000000002
1.8371e-08,0.12016119999999997
1.8373e-08,0.12357569999999996
1.8375e-08,0.12692839999999994
1.8377e-08,0.13021969999999994
1.8379e-08,0.1334497
1.8381e-08,0.1366193
1.8383e-08,0.13972849999999992
1.8385e-08,0.1427780999999999
1.8387e-08,0.14576850000000008
1.8389e-08,0.14870019999999995
1.8391e-08,0.15157389999999993
1.8393e-08,0.15439000000000003
1.8395e-08,0.1571492
1.8397e-08,0.159852
1.83985e-08,0.16184239999999994
1.84e-08,0.16380170000000005
1.84002e-08,0.16406030000000005
1.84006e-08,0.16457650000000001
1.84014e-08,0.16560220000000003
1.8403e-08,0.16762770000000005
1.8405e-08,0.17011129999999997
1.8407e-08,0.17254180000000008
1.8409e-08,0.1749197
1.8411e-08,0.17724569999999995
1.8413e-08,0.17952050000000008
1.8415e-08,0.18174480000000004
1.8417e-08,0.18391920000000006
1.8419e-08,0.18604449999999995
1.8421e-08,0.18812130000000005
1.8423e-08,0.19015020000000005
1.8425e-08,0.19213210000000003
1.8427e-08,0.1940676
1.8429e-08,0.1959573
1.8431e-08,0.19780199999999992
1.8433e-08,0.1996023
1.8435e-08,0.20135900000000007
1.8437e-08,0.2030727
1.8439e-08,0.20474409999999998
1.8441e-08,0.2063739
1.8443e-08,0.20796270000000006
1.8445e-08,0.20951129999999996
1.8447e-08,0.2110202
1.8449e-08,0.21249020000000007
1.8451e-08,0.21392180000000005
1.8453e-08,0.2153159
1.8455e-08,0.21667290000000006
1.8457e-08,0.21799369999999996
1.8459e-08,0.2192788
1.8461e-08,0.2205286999999999
1.8463e-08,0.2217441
1.8465e-08,0.22292579999999995
1.8467e-08,0.22407429999999995
1.8469e-08,0.22519009999999995
1.8471e-08,0.22627390000000003
1.8473e-08,0.22732629999999998
1.8475e-08,0.22834790000000005
1.8477e-08,0.22933930000000002
1.8479e-08,0.23030090000000003
1.8481e-08,0.23123349999999998
1.8483e-08,0.23213740000000005
1.8485e-08,0.23301349999999998
1.8487e-08,0.23386209999999996
1.8489e-08,0.2346838
1.8491e-08,0.23547910000000005
1.8493e-08,0.23624859999999992
1.8495e-08,0.23699269999999995
1.8497e-08,0.23771209999999998
1.8499e-08,0.23840719999999993
1.8501e-08,0.23907829999999997
1.8503e-08,0.23972630000000006
1.8505e-08,0.2403514
1.8507e-08,0.24095410000000006
1.8509e-08,0.24153500000000006
1.8511e-08,0.24209429999999998
1.8513e-08,0.24263279999999998
1.8515e-08,0.24315070000000005
1.8517e-08,0.2436486
1.8519e-08,0.24412679999999998
1.8521e-08,0.24458580000000008
1.8523e-08,0.24502600000000008
1.8525e-08,0.24544790000000005
1.8527e-08,0.24585180000000006
1.8529e-08,0.24623810000000002
1.8531e-08,0.24660720000000003
1.8533e-08,0.24695959999999995
1.8535e-08,0.24729560000000006
1.8537e-08,0.24761560000000005
1.8539e-08,0.24791980000000002
1.8541e-08,0.24820890000000007
1.8543e-08,0.24848310000000007
1.8545e-08,0.24874260000000004
1.8547e-08,0.24898790000000004
1.8549e-08,0.24921939999999998
1.8551e-08,0.24943729999999997
1.8553e-08,0.24964189999999997
1.8555e-08,0.24983369999999994
1.8557e-08,0.2500129
1.8559e-08,0.2501798999999999
1.8561e-08,0.2503348000000001
1.8563e-08,0.2504782000000001
1.8565e-08,0.25061
1.8567e-08,0.2507309
1.8569e-08,0.2508410000000001
1.8571e-08,0.25094059999999996
1.8573e-08,0.2510298999999999
1.8575e-08,0.2511091999999999
1.8577e-08,0.2511789
1.8579e-08,0.2512392
1.8581e-08,0.2512902
1.8583e-08,0.25133229999999995
1.8585e-08,0.2513657
1.8587e-08,0.2513906
1.8589e-08,0.2514073
1.8591e-08,0.251416
1.8593e-08,0.251417
1.8595e-08,0.25141040000000003
1.8597e-08,0.2513965
1.85985e-08,0.25138130000000003
1.86e-08,0.2513624
1.86002e-08,0.25135949999999996
1.86006e-08,0.25135360000000007
1.86014e-08,0.2513411
1.8603e-08,0.2513128
1.8605e-08,0.25127180000000005
1.8607e-08,0.25122430000000007
1.8609e-08,0.2511708
1.8611e-08,0.2511114
1.8613e-08,0.25104630000000006
1.8615e-08,0.2509754999999999
1.8617e-08,0.2508994
1.8619e-08,0.2508182
1.8621e-08,0.2507319
1.8623e-08,0.25064070000000005
1.8625e-08,0.2505448
1.8627e-08,0.2504444
1.8629e-08,0.2503396
1.8631e-08,0.2502305
1.8633e-08,0.2501175
1.8635e-08,0.2500004
1.8637e-08,0.24987959999999998
1.8639e-08,0.2497551
1.8641e-08,0.2496271000000001
1.8643e-08,0.2494957
1.8645e-08,0.2493610999999999
1.8647e-08,0.24922329999999993
1.8649e-08,0.24908249999999998
1.8651e-08,0.24893889999999996
1.8653e-08,0.24879250000000008
1.8655e-08,0.24864350000000002
1.8657e-08,0.2484919
1.8659e-08,0.24833800000000006
1.8661e-08,0.24818169999999995
1.8663e-08,0.2480232
1.8665e-08,0.24786260000000004
1.8667e-08,0.24769999999999992
1.8669e-08,0.24753559999999997
1.8671e-08,0.24736939999999996
1.8673e-08,0.24720129999999996
1.8675e-08,0.24703169999999997
1.8677e-08,0.24686059999999999
1.8679e-08,0.24668810000000008
1.8681e-08,0.24651420000000002
1.8683e-08,0.24633900000000009
1.8685e-08,0.2461625999999999
1.8687e-08,0.24598520000000001
1.8689e-08,0.2458066
1.8691e-08,0.24562719999999993
1.8693e-08,0.24544679999999997
1.8695e-08,0.24526569999999992
1.8697e-08,0.24508370000000002
1.8699e-08,0.24490109999999998
1.8701e-08,0.244718
1.8703e-08,0.24453419999999992
1.8705e-08,0.2443499
1.8707e-08,0.24416530000000003
1.8709e-08,0.24398019999999998
1.8711e-08,0.24379489999999993
1.8713e-08,0.24360929999999992
1.8715e-08,0.24342340000000007
1.8717e-08,0.2432375
1.8719e-08,0.24305139999999992
1.8721e-08,0.24286529999999995
1.8723e-08,0.24267910000000004
1.8725e-08,0.24249310000000002
1.8727e-08,0.2423071000000001
1.8729e-08,0.24212129999999998
1.8731e-08,0.24193560000000003
1.8733e-08,0.24175009999999997
1.8735e-08,0.24156500000000003
1.8737e-08,0.2413801
1.8739e-08,0.24119539999999995
1.8741e-08,0.24101130000000004
1.8743e-08,0.24082740000000002
1.8745e-08,0.24064410000000003
1.8747e-08,0.24046119999999993
1.8749e-08,0.24027880000000001
1.8751e-08,0.24009689999999995
1.8753e-08,0.2399156
1.8755e-08,0.23973489999999997
1.8757e-08,0.23955480000000007
1.8759e-08,0.23937540000000002
1.8761e-08,0.23919659999999998
1.8763e-08,0.23901850000000002
1.8765e-08,0.2388412000000001
1.8767e-08,0.2386646
1.8769e-08,0.2384887
1.8771e-08,0.23831360000000001
1.8773e-08,0.2381394
1.8775e-08,0.23796589999999995
1.8777e-08,0.23779339999999993
1.8779e-08,0.2376216
1.8781e-08,0.23745070000000001
1.8783e-08,0.23728080000000007
1.8785e-08,0.23711170000000004
1.8787e-08,0.23694360000000003
1.8789e-08,0.2367764
1.8791e-08,0.2366102
1.8793e-08,0.23644490000000007
1.8795e-08,0.23628059999999995
1.8797e-08,0.23611739999999992
1.87985e-08,0.23599550000000002
1.88e-08,0.23588299999999995
1.88002e-08,0.23586980000000002
1.88006e-08,0.23584420000000006
1.88014e-08,0.23579499999999998
1.8803e-08,0.2356724
1.8805e-08,0.23540930000000004
1.8807e-08,0.23495710000000003
1.8809e-08,0.23426819999999993
1.8811e-08,0.23331580000000007
1.8813e-08,0.2320871
1.8815e-08,0.23057869999999991
1.8817e-08,0.22879320000000003
1.8819e-08,0.22673660000000007
1.8821e-08,0.2244182
1.8823e-08,0.2218481
1.8825e-08,0.21903760000000005
1.8827e-08,0.21599829999999998
1.8829e-08,0.2127418000000001
1.8831e-08,0.20928009999999997
1.8833e-08,0.2056245
1.8835e-08,0.20178649999999998
1.8837e-08,0.19777690000000003
1.8839e-08,0.19360670000000002
1.8841e-08,0.1892861
1.8843e-08,0.1848251999999999
1.8845e-08,0.1802338
1.8847e-08,0.17552109999999999
1.8849e-08,0.17069649999999992
1.8851e-08,0.16576849999999999
1.8853e-08,0.1607457
1.8855e-08,0.1556362
1.8857e-08,0.15044780000000002
1.8859e-08,0.1451882
1.8861e-08,0.1398648
1.8863e-08,0.1344843
1.8865e-08,0.1290538
1.8867e-08,0.1235797999999999
1.8869e-08,0.11806819999999996
1.8871e-08,0.11252559999999989
1.8873e-08,0.10695720000000009
1.8875e-08,0.10136889999999998
1.8877e-08,0.09576580000000001
1.8879e-08,0.0901531000000001
1.8881e-08,0.08453560000000004
1.8883e-08,0.07891789999999999
1.8885e-08,0.0733047
1.8887e-08,0.06769990000000004
1.8889e-08,0.06210769999999999
1.8891e-08,0.05653180000000002
1.8893e-08,0.05097600000000002
1.8895e-08,0.045443800000000034
1.8897e-08,0.03993829999999998
1.8899e-08,0.034462799999999905
1.8901e-08,0.0290199000000001
1.8903e-08,0.02361279999999999
1.8905e-08,0.018243800000000032
1.8907e-08,0.01291550000000008
1.8909e-08,0.007630100000000084
1.8911e-08,0.002389899999999945
1.8913e-08,-0.0028032000000000057
1.8915e-08,-0.007947199999999932
1.8917e-08,-0.013040399999999952
1.8919e-08,-0.018081399999999914
1.8921e-08,-0.02306839999999999
1.8923e-08,-0.02800019999999992
1.8925e-08,-0.0328754
1.8927e-08,-0.03769289999999992
1.8929e-08,-0.04245169999999998
1.8931e-08,-0.04715080000000005
1.8933e-08,-0.05178929999999993
1.8935e-08,-0.056366600000000044
1.8937e-08,-0.060881799999999986
1.8939e-08,-0.06533440000000001
1.8941e-08,-0.06972410000000007
1.8943e-08,-0.07405010000000001
1.8945e-08,-0.07831239999999995
1.8947e-08,-0.08251039999999998
1.8949e-08,-0.0866441
1.8951e-08,-0.0907133
1.8953e-08,-0.09471790000000002
1.8955e-08,-0.09865780000000002
1.8957e-08,-0.10253310000000004
1.8959e-08,-0.10634390000000005
1.8961e-08,-0.11009029999999997
1.8963e-08,-0.11377230000000005
1.8965e-08,-0.11739029999999995
1.8967e-08,-0.12094440000000006
1.8969e-08,-0.12443510000000002
1.8971e-08,-0.12786260000000005
1.8973e-08,-0.13122730000000005
1.8975e-08,-0.1345293999999999
1.8977e-08,-0.1377697
1.8979e-08,-0.14094829999999992
1.8981e-08,-0.14406589999999997
1.8983e-08,-0.1471228
1.8985e-08,-0.15011970000000008
1.8987e-08,-0.15305709999999995
1.8989e-08,-0.15593540000000006
1.8991e-08,-0.15875549999999994
1.8993e-08,-0.16151780000000004
1.8995e-08,-0.1642228
1.8997e-08,-0.16687129999999994
1.89985e-08,-0.16882089999999994
1.9e-08,-0.17073930000000004
1.90002e-08,-0.1709925
1.90006e-08,-0.17149780000000003
1.90014e-08,-0.17250160000000003
1.9003e-08,-0.1744833
1.9005e-08,-0.17691219999999996
1.9007e-08,-0.1792878
1.9009e-08,-0.18161080000000007
1.9011e-08,-0.18388189999999993
1.9013e-08,-0.1861018000000001
1.9015e-08,-0.1882710999999999
1.9017e-08,-0.19039059999999997
1.9019e-08,-0.192461
1.9021e-08,-0.19448299999999996
1.9023e-08,-0.1964572
1.9025e-08,-0.19838450000000007
1.9027e-08,-0.20026539999999993
1.9029e-08,-0.20210070000000002
1.9031e-08,-0.2038911
1.9033e-08,-0.20563730000000002
1.9035e-08,-0.20733999999999997
1.9037e-08,-0.20899990000000002
1.9039e-08,-0.21061770000000002
1.9041e-08,-0.212194
1.9043e-08,-0.21372950000000002
1.9045e-08,-0.215225
1.9047e-08,-0.21668120000000002
1.9049e-08,-0.21809849999999997
1.9051e-08,-0.21947779999999995
1.9053e-08,-0.2208198
1.9055e-08,-0.2221248
1.9057e-08,-0.22339399999999998
1.9059e-08,-0.2246275000000001
1.9061e-08,-0.22582630000000004
1.9063e-08,-0.2269909
1.9065e-08,-0.22812199999999994
1.9067e-08,-0.22922009999999993
1.9069e-08,-0.23028590000000004
1.9071e-08,-0.23131999999999997
1.9073e-08,-0.23232300000000006
1.9075e-08,-0.23329539999999993
1.9077e-08,-0.23423779999999994
1.9079e-08,-0.23515090000000005
1.9081e-08,-0.2360352
1.9083e-08,-0.23689130000000003
1.9085e-08,-0.23771960000000003
1.9087e-08,-0.23852089999999992
1.9089e-08,-0.23929559999999994
1.9091e-08,-0.24004409999999998
1.9093e-08,-0.24076719999999996
1.9095e-08,-0.2414653
1.9097e-08,-0.24213889999999993
1.9099e-08,-0.24278849999999996
1.9101e-08,-0.24341459999999993
1.9103e-08,-0.2440177
1.9105e-08,-0.24459830000000005
1.9107e-08,-0.2451569
1.9109e-08,-0.24569390000000002
1.9111e-08,-0.24620979999999992
1.9113e-08,-0.2467051
1.9115e-08,-0.2471802999999999
1.9117e-08,-0.24763559999999996
1.9119e-08,-0.2480717
1.9121e-08,-0.2484887
1.9123e-08,-0.24888739999999998
1.9125e-08,-0.24926800000000005
1.9127e-08,-0.2496311
1.9129e-08,-0.2499768
1.9131e-08,-0.2503058
1.9133e-08,-0.2506182
1.9135e-08,-0.25091470000000005
1.9137e-08,-0.25119540000000007
1.9139e-08,-0.25146080000000004
1.9141e-08,-0.25171129999999997
1.9143e-08,-0.2519471
1.9145e-08,-0.2521688000000001
1.9147e-08,-0.2523765
1.9149e-08,-0.25257050000000003
1.9151e-08,-0.2527515
1.9153e-08,-0.25291949999999996
1.9155e-08,-0.2530749
1.9157e-08,-0.2532181
1.9159e-08,-0.2533493
1.9161e-08,-0.2534689
1.9163e-08,-0.2535771
1.9165e-08,-0.2536743
1.9167e-08,-0.25376069999999995
1.9169e-08,-0.2538366000000001
1.9171e-08,-0.2539022999999999
1.9173e-08,-0.25395809999999996
1.9175e-08,-0.2540041999999999
1.9177e-08,-0.2540409
1.9179e-08,-0.25406850000000003
1.9181e-08,-0.25408719999999996
1.9183e-08,-0.2540973000000001
1.9185e-08,-0.2540989
1.9187e-08,-0.2540924
1.9189e-08,-0.2540779999999999
1.9191e-08,-0.2540559
1.9193e-08,-0.2540262
1.9195e-08,-0.2539893000000001
1.9197e-08,-0.25394550000000005
1.91985e-08,-0.25390809999999997
1.92e-08,-0.2538669
1.92002e-08,-0.2538619
1.92006e-08,-0.2538536
1.92014e-08,-0.25384450000000003
1.9203e-08,-0.25382170000000004
1.9205e-08,-0.2537093
1.9207e-08,-0.2534248
1.9209e-08,-0.2529116
1.9211e-08,-0.2521373
1.9213e-08,-0.25108530000000007
1.9215e-08,-0.2497493999999999
1.9217e-08,-0.24813039999999997
1.9219e-08,-0.2462337
1.9221e-08,-0.24406740000000005
1.9223e-08,-0.2416412
1.9225e-08,-0.23896650000000008
1.9227e-08,-0.23605429999999994
1.9229e-08,-0.23291660000000003
1.9231e-08,-0.22956509999999997
1.9233e-08,-0.22601119999999997
1.9235e-08,-0.2222664000000001
1.9237e-08,-0.21834180000000003
1.9239e-08,-0.21424809999999994
1.9241e-08,-0.20999599999999996
1.9243e-08,-0.20559539999999998
1.9245e-08,-0.20105629999999997
1.9247e-08,-0.1963882
1.9249e-08,-0.19160010000000005
1.9251e-08,-0.1867012
1.9253e-08,-0.18169979999999997
1.9255e-08,-0.17660449999999994
1.9257e-08,-0.171423
1.9259e-08,-0.1661633
1.9261e-08,-0.1608326
1.9263e-08,-0.15543819999999997
1.9265e-08,-0.1499872
1.9267e-08,-0.14448590000000006
1.9269e-08,-0.13894110000000004
1.9271e-08,-0.1333586
1.9273e-08,-0.12774470000000004
1.9275e-08,-0.12210489999999996
1.9277e-08,-0.11644480000000001
1.9279e-08,-0.11076940000000002
1.9281e-08,-0.10508410000000001
1.9283e-08,-0.09939339999999997
1.9285e-08,-0.09370210000000001
1.9287e-08,-0.0880145000000001
1.9289e-08,-0.08233500000000005
1.9291e-08,-0.07666739999999994
1.9293e-08,-0.07101559999999996
1.9295e-08,-0.06538330000000003
1.9297e-08,-0.05977379999999999
1.9299e-08,-0.05419059999999998
1.9301e-08,-0.04863669999999998
1.9303e-08,-0.043114899999999956
1.9305e-08,-0.0376282
1.9307e-08,-0.032179100000000016
1.9309e-08,-0.02677010000000002
1.9311e-08,-0.02140350000000002
1.9313e-08,-0.016081400000000023
1.9315e-08,-0.01080610000000004
1.9317e-08,-0.005579199999999895
1.9319e-08,-0.0004026000000000307
1.9321e-08,0.004722100000000062
1.9323e-08,0.009793200000000057
1.9325e-08,0.014809700000000037
1.9327e-08,0.019769900000000007
1.9329e-08,0.024672699999999992
1.9331e-08,0.02951730000000008
1.9333e-08,0.034302399999999955
1.9335e-08,0.03902719999999993
1.9337e-08,0.04369109999999998
1.9339e-08,0.048293200000000036
1.9341e-08,0.05283290000000007
1.9343e-08,0.057309799999999966
1.9345e-08,0.061723300000000036
1.9347e-08,0.0660731
1.9349e-08,0.0703589
1.9351e-08,0.07458039999999999
1.9353e-08,0.07873750000000002
1.9355e-08,0.08282999999999996
1.9357e-08,0.08685790000000004
1.9359e-08,0.09082119999999994
1.9361e-08,0.09472000000000003
1.9363e-08,0.09855420000000004
1.9365e-08,0.10232410000000003
1.9367e-08,0.10603000000000007
1.9369e-08,0.10967189999999993
1.9371e-08,0.11325019999999997
1.9373e-08,0.11676520000000001
1.9375e-08,0.12021720000000002
1.9377e-08,0.12360660000000001
1.9379e-08,0.12693379999999999
1.9381e-08,0.13019930000000002
1.9383e-08,0.1334035
1.9385e-08,0.1365466999999999
1.9387e-08,0.13962980000000003
1.9389e-08,0.14265299999999992
1.9391e-08,0.1456172
1.9393e-08,0.14852260000000006
1.9395e-08,0.15136989999999995
1.9397e-08,0.1541597
1.93985e-08,0.15621470000000004
1.94e-08,0.15823790000000004
1.94002e-08,0.15850580000000003
1.94006e-08,0.15904230000000008
1.94014e-08,0.16011660000000005
1.9403e-08,0.16223660000000006
1.9405e-08,0.16475529999999994
1.9407e-08,0.16704810000000003
1.9409e-08,0.16905800000000004
1.9411e-08,0.17075260000000003
1.9413e-08,0.1721159
1.9415e-08,0.1731431
1.9417e-08,0.1738362000000001
1.9419e-08,0.17420199999999997
1.9421e-08,0.17425020000000002
1.9423e-08,0.17399209999999998
1.9425e-08,0.17344039999999994
1.9427e-08,0.17260770000000003
1.9429e-08,0.17150719999999997
1.9431e-08,0.17015190000000002
1.9433e-08,0.16855470000000006
1.9435e-08,0.16672790000000004
1.9437e-08,0.1646837
1.9439e-08,0.16243400000000008
1.9441e-08,0.15998999999999997
1.9443e-08,0.15736280000000002
1.9445e-08,0.154563
1.9447e-08,0.1516008000000001
1.9449e-08,0.14848610000000007
1.9451e-08,0.14522819999999992
1.9453e-08,0.14183639999999997
1.9455e-08,0.1383196000000001
1.9457e-08,0.13468600000000008
1.9459e-08,0.13094399999999995
1.9461e-08,0.12710120000000003
1.9463e-08,0.12316539999999998
1.9465e-08,0.11914380000000002
1.9467e-08,0.11504340000000002
1.9469e-08,0.1108709
1.9471e-08,0.10663270000000002
1.9473e-08,0.10233519999999996
1.9475e-08,0.09798440000000008
1.9477e-08,0.09358580000000005
1.9479e-08,0.08914509999999998
1.9481e-08,0.08466760000000007
1.9483e-08,0.0801582999999999
1.9485e-08,0.07562210000000003
1.9487e-08,0.07106370000000006
1.9489e-08,0.06648759999999998
1.9491e-08,0.06189789999999995
1.9493e-08,0.057298700000000036
1.9495e-08,0.05269410000000008
1.9497e-08,0.048087800000000014
1.9499e-08,0.043483199999999944
1.9501e-08,0.03888370000000008
1.9503e-08,0.034292699999999954
1.9505e-08,0.029713100000000048
1.9507e-08,0.025147799999999942
1.9509e-08,0.02059959999999994
1.9511e-08,0.016071200000000063
1.9513e-08,0.011564899999999989
1.9515e-08,0.007083300000000015
1.9517e-08,0.0026284999999999226
1.9519e-08,-0.0017976000000000658
1.9521e-08,-0.00619269999999994
1.9523e-08,-0.010555199999999987
1.9525e-08,-0.014883399999999991
1.9527e-08,-0.019175500000000012
1.9529e-08,-0.02342999999999995
1.9531e-08,-0.02764549999999999
1.9533e-08,-0.03182090000000004
1.9535e-08,-0.035954700000000006
1.9537e-08,-0.04004590000000008
1.9539e-08,-0.04409350000000001
1.9541e-08,-0.04809640000000004
1.9543e-08,-0.052053999999999934
1.9545e-08,-0.05596519999999994
1.9547e-08,-0.05982949999999998
1.9549e-08,-0.06364609999999993
1.9551e-08,-0.06741459999999999
1.9553e-08,-0.07113429999999998
1.9555e-08,-0.0748048
1.9557e-08,-0.07842579999999999
1.9559e-08,-0.08199690000000004
1.9561e-08,-0.08551789999999992
1.9563e-08,-0.08898859999999997
1.9565e-08,-0.09240860000000006
1.9567e-08,-0.09577800000000003
1.9569e-08,-0.09909670000000004
1.9571e-08,-0.10236449999999997
1.9573e-08,-0.10558160000000005
1.9575e-08,-0.10874790000000001
1.9577e-08,-0.11186359999999995
1.9579e-08,-0.1149287
1.9581e-08,-0.11794329999999997
1.9583e-08,-0.12090789999999996
1.9585e-08,-0.12382229999999994
1.9587e-08,-0.12668710000000005
1.9589e-08,-0.1295022
1.9591e-08,-0.1322681
1.9593e-08,-0.13498510000000008
1.9595e-08,-0.13765349999999998
1.9597e-08,-0.14027370000000006
1.95985e-08,-0.14220719999999998
1.96e-08,-0.14412269999999994
1.96002e-08,-0.14437750000000005
1.96006e-08,-0.14488710000000005
1.96014e-08,-0.14590209999999992
1.9603e-08,-0.1478838
1.9605e-08,-0.15020470000000008
1.9607e-08,-0.15228399999999997
1.9609e-08,-0.15407369999999998
1.9611e-08,-0.15554749999999995
1.9613e-08,-0.1566936
1.9615e-08,-0.15750960000000003
1.9617e-08,-0.1579992
1.9619e-08,-0.1581701000000001
1.9621e-08,-0.15803250000000002
1.9623e-08,-0.15759829999999997
1.9625e-08,-0.1568798
1.9627e-08,-0.15588999999999997
1.9629e-08,-0.1546419
1.9631e-08,-0.15314839999999996
1.9633e-08,-0.15142200000000006
1.9635e-08,-0.14947520000000003
1.9637e-08,-0.1473198
1.9639e-08,-0.14496749999999992
1.9641e-08,-0.14242939999999993
1.9643e-08,-0.1397162999999999
1.9645e-08,-0.13683869999999998
1.9647e-08,-0.1338066
1.9649e-08,-0.13062969999999996
1.9651e-08,-0.12731720000000002
1.9653e-08,-0.12387809999999999
1.9655e-08,-0.12032109999999996
1.9657e-08,-0.11665440000000005
1.9659e-08,-0.11288609999999999
1.9661e-08,-0.1090238
1.9663e-08,-0.10507499999999992
1.9665e-08,-0.10104679999999999
1.9667e-08,-0.09694579999999997
1.9669e-08,-0.0927789
1.9671e-08,-0.08855219999999997
1.9673e-08,-0.08427180000000001
1.9675e-08,-0.0799436
1.9677e-08,-0.07557310000000006
1.9679e-08,-0.0711657
1.9681e-08,-0.06672650000000002
1.9683e-08,-0.062260399999999994
1.9685e-08,-0.0577723
1.9687e-08,-0.05326640000000005
1.9689e-08,-0.04874719999999999
1.9691e-08,-0.0442188
1.9693e-08,-0.03968509999999992
1.9695e-08,-0.03514980000000001
1.9697e-08,-0.030616499999999935
1.9699e-08,-0.026088699999999965
1.9701e-08,-0.02156950000000002
1.9703e-08,-0.01706200000000002
1.9705e-08,-0.012569200000000058
1.9707e-08,-0.008093799999999929
1.9709e-08,-0.0036385999999999363
1.9711e-08,0.0007943000000000255
1.9713e-08,0.005202199999999935
1.9715e-08,0.009583100000000067
1.9717e-08,0.013934800000000025
1.9719e-08,0.018255400000000033
1.9721e-08,0.02254299999999998
1.9723e-08,0.02679609999999999
1.9725e-08,0.031012700000000004
1.9727e-08,0.03519159999999999
1.9729e-08,0.03933120000000001
1.9731e-08,0.04343050000000004
1.9733e-08,0.04748790000000003
1.9735e-08,0.05150270000000001
1.9737e-08,0.05547360000000001
1.9739e-08,0.0593996
1.9741e-08,0.06328010000000006
1.9743e-08,0.06711409999999995
1.9745e-08,0.07090110000000005
1.9747e-08,0.07464029999999999
1.9749e-08,0.07833119999999993
1.9751e-08,0.08197330000000003
1.9753e-08,0.08556620000000004
1.9755e-08,0.08910950000000006
1.9757e-08,0.09260299999999999
1.9759e-08,0.09604619999999997
1.9761e-08,0.09943899999999994
1.9763e-08,0.10278130000000008
1.9765e-08,0.10607299999999997
1.9767e-08,0.10931400000000002
1.9769e-08,0.1125043
1.9771e-08,0.11564380000000007
1.9773e-08,0.11873270000000002
1.9775e-08,0.12177099999999996
1.9777e-08,0.12475880000000006
1.9779e-08,0.1276965
1.9781e-08,0.13058399999999992
1.9783e-08,0.13342160000000003
1.9785e-08,0.1362097
1.9787e-08,0.13894840000000008
1.9789e-08,0.1416381000000001
1.9791e-08,0.14427900000000005
1.9793e-08,0.14687150000000004
1.9795e-08,0.149416
1.9797e-08,0.15191290000000002
1.97985e-08,0.15375439999999996
1.98e-08,0.15556949999999992
1.98002e-08,0.15580919999999998
1.98006e-08,0.15628790000000004
1.98014e-08,0.15723959999999992
1.9803e-08,0.1591208999999999
1.9805e-08,0.1614312
1.9807e-08,0.16369600000000006
1.9809e-08,0.1659157
1.9811e-08,0.16809090000000004
1.9813e-08,0.17022179999999998
1.9815e-08,0.17230919999999994
1.9817e-08,0.17435329999999993
1.9819e-08,0.1763549000000001
1.9821e-08,0.17831430000000004
1.9823e-08,0.1802321
1.9825e-08,0.18210879999999996
1.9827e-08,0.18394500000000003
1.9829e-08,0.1857411
1.9831e-08,0.1874977
1.9833e-08,0.18921540000000003
1.9835e-08,0.19089460000000003
1.9837e-08,0.19253600000000004
1.9839e-08,0.19413989999999992
1.9841e-08,0.19570700000000008
1.9843e-08,0.19723790000000008
1.9845e-08,0.1987331
1.9847e-08,0.20019300000000007
1.9849e-08,0.20161820000000008
1.9851e-08,0.20300930000000006
1.9853e-08,0.20436680000000007
1.9855e-08,0.20569119999999996
1.9857e-08,0.20698309999999998
1.9859e-08,0.20824299999999996
1.9861e-08,0.20947129999999992
1.9863e-08,0.21066870000000004
1.9865e-08,0.21183550000000007
1.9867e-08,0.2129725
1.9869e-08,0.2140799
1.9871e-08,0.21515839999999997
1.9873e-08,0.21620849999999991
1.9875e-08,0.21723060000000005
1.9877e-08,0.2182252
1.9879e-08,0.21919290000000002
1.9881e-08,0.2201341
1.9883e-08,0.2210493
1.9885e-08,0.2219388
1.9887e-08,0.2228034000000001
1.9889e-08,0.2236433
1.9891e-08,0.22445899999999996
1.9893e-08,0.22525099999999998
1.9895e-08,0.22601970000000005
1.9897e-08,0.22676570000000007
1.9899e-08,0.2274893
1.9901e-08,0.22819089999999997
1.9903e-08,0.2288709
1.9905e-08,0.2295298
1.9907e-08,0.2301681
1.9909e-08,0.2307861
1.9911e-08,0.23138419999999993
1.9913e-08,0.2319627999999999
1.9915e-08,0.23252240000000002
1.9917e-08,0.23306319999999991
1.9919e-08,0.2335857
1.9921e-08,0.23409029999999997
1.9923e-08,0.2345773
1.9925e-08,0.23504710000000006
1.9927e-08,0.2355001
1.9929e-08,0.23593660000000005
1.9931e-08,0.23635689999999998
1.9933e-08,0.2367614
1.9935e-08,0.23715049999999993
1.9937e-08,0.23752450000000003
1.9939e-08,0.23788379999999998
1.9941e-08,0.2382284
1.9943e-08,0.23855900000000008
1.9945e-08,0.23887589999999992
1.9947e-08,0.23917920000000004
1.9949e-08,0.23946920000000005
1.9951e-08,0.23974640000000003
1.9953e-08,0.24001090000000003
1.9955e-08,0.24026309999999995
1.9957e-08,0.24050329999999998
1.9959e-08,0.2407317
1.9961e-08,0.2409484999999999
1.9963e-08,0.24115419999999999
1.9965e-08,0.24134909999999998
1.9967e-08,0.24153310000000006
1.9969e-08,0.24170670000000005
1.9971e-08,0.24187029999999998
1.9973e-08,0.2420238
1.9975e-08,0.24216759999999993
1.9977e-08,0.24230200000000002
1.9979e-08,0.24242719999999995
1.9981e-08,0.24254340000000008
1.9983e-08,0.24265100000000006
1.9985e-08,0.24274990000000007
1.9987e-08,0.24284059999999996
1.9989e-08,0.2429232
1.9991e-08,0.24299780000000004
1.9993e-08,0.24306479999999997
1.9995e-08,0.24312440000000002
1.9997e-08,0.24317660000000008
1.99985e-08,0.2432111
2e-08,0.24324179999999995
2.00002e-08,0.24324630000000003
2.00006e-08,0.24325700000000006
2.00014e-08,0.24328610000000006
2.0003e-08,0.24333939999999998
2.0005e-08,0.24332140000000002
2.0007e-08,0.24312999999999996
2.0009e-08,0.24270859999999994
2.0011e-08,0.24202469999999998
2.0013e-08,0.24106149999999993
2.0015e-08,0.23981299999999994
2.0017e-08,0.23827999999999994
2.0019e-08,0.23646789999999995
2.0021e-08,0.2343849
2.0023e-08,0.2320411
2.0025e-08,0.22944759999999997
2.0027e-08,0.22661580000000003
2.0029e-08,0.22355770000000008
2.0031e-08,0.22028500000000006
2.0033e-08,0.21680939999999993
2.0035e-08,0.2131423
2.0037e-08,0.20929490000000006
2.0039e-08,0.2052780999999999
2.0041e-08,0.20110249999999996
2.0043e-08,0.19677829999999996
2.0045e-08,0.19231520000000002
2.0047e-08,0.18772299999999997
2.0049e-08,0.18301089999999998
2.0051e-08,0.17818769999999995
2.0053e-08,0.17326209999999997
2.0055e-08,0.16824249999999996
2.0057e-08,0.16313670000000002
2.0059e-08,0.1579527999999999
2.0061e-08,0.1526978
2.0063e-08,0.1473793
2.0065e-08,0.1420039999999999
2.0067e-08,0.1365786
2.0069e-08,0.13110959999999994
2.0071e-08,0.12560320000000003
2.0073e-08,0.12006519999999998
2.0075e-08,0.11450130000000003
2.0077e-08,0.1089171000000001
2.0079e-08,0.10331780000000002
2.0081e-08,0.09770820000000002
2.0083e-08,0.09209339999999999
2.0085e-08,0.0864779
2.0087e-08,0.08086609999999994
2.0089e-08,0.07526220000000006
2.0091e-08,0.06967000000000001
2.0093e-08,0.06409359999999997
2.0095e-08,0.05853649999999999
2.0097e-08,0.053001999999999994
2.0099e-08,0.047493499999999966
2.0101e-08,0.042013999999999996
2.0103e-08,0.036566499999999946
2.0105e-08,0.03115380000000001
2.0107e-08,0.02577840000000009
2.0109e-08,0.020442700000000036
2.0111e-08,0.015149200000000085
2.0113e-08,0.009899799999999903
2.0115e-08,0.004696699999999998
2.0117e-08,-0.0004583000000000226
2.0119e-08,-0.005563399999999996
2.0121e-08,-0.010617000000000099
2.0123e-08,-0.01561760000000001
2.0125e-08,-0.02056389999999997
2.0127e-08,-0.025454399999999988
2.0129e-08,-0.030288199999999987
2.0131e-08,-0.035063899999999926
2.0133e-08,-0.039781000000000066
2.0135e-08,-0.04443819999999998
2.0137e-08,-0.04903489999999999
2.0139e-08,-0.053570500000000076
2.0141e-08,-0.058044399999999996
2.0143e-08,-0.06245579999999995
2.0145e-08,-0.06680450000000004
2.0147e-08,-0.07109019999999999
2.0149e-08,-0.0753123
2.0151e-08,-0.07947079999999995
2.0153e-08,-0.08356549999999996
2.0155e-08,-0.08759620000000001
2.0157e-08,-0.09156300000000006
2.0159e-08,-0.09546569999999999
2.0161e-08,-0.09930450000000002
2.0163e-08,-0.10307939999999993
2.0165e-08,-0.10679070000000002
2.0167e-08,-0.1104385
2.0169e-08,-0.11402299999999999
2.0171e-08,-0.1175446
2.0173e-08,-0.12100339999999998
2.0175e-08,-0.12439990000000001
2.0177e-08,-0.12773439999999991
2.0179e-08,-0.1310074
2.0181e-08,-0.1342192000000001
2.0183e-08,-0.1373704
2.0185e-08,-0.1404612999999999
2.0187e-08,-0.14349270000000003
2.0189e-08,-0.14646479999999995
2.0191e-08,-0.14937840000000002
2.0193e-08,-0.15223390000000003
2.0195e-08,-0.1550319
2.0197e-08,-0.1577731
2.01985e-08,-0.15979200000000005
2.02e-08,-0.16177940000000002
2.02002e-08,-0.16204260000000004
2.02006e-08,-0.16256950000000003
2.02014e-08,-0.16362510000000008
2.0203e-08,-0.16570759999999995
2.0205e-08,-0.16818010000000005
2.0207e-08,-0.17042770000000007
2.0209e-08,-0.17239290000000007
2.0211e-08,-0.17404390000000003
2.0213e-08,-0.17536429999999992
2.0215e-08,-0.1763494
2.0217e-08,-0.1770014000000001
2.0219e-08,-0.1773267999999999
2.0221e-08,-0.17733520000000003
2.0223e-08,-0.17703829999999998
2.0225e-08,-0.1764483
2.0227e-08,-0.175578
2.0229e-08,-0.17444060000000006
2.0231e-08,-0.173049
2.0233e-08,-0.17141610000000007
2.0235e-08,-0.16955410000000004
2.0237e-08,-0.1674751000000001
2.0239e-08,-0.16519129999999993
2.0241e-08,-0.16271350000000007
2.0243e-08,-0.16005309999999995
2.0245e-08,-0.15722040000000004
2.0247e-08,-0.15422579999999997
2.0249e-08,-0.15107899999999996
2.0251e-08,-0.14778950000000002
2.0253e-08,-0.1443664
2.0255e-08,-0.14081849999999996
2.0257e-08,-0.13715429999999995
2.0259e-08,-0.13338189999999994
2.0261e-08,-0.1295092
2.0263e-08,-0.12554359999999998
2.0265e-08,-0.1214925
2.0267e-08,-0.11736289999999994
2.0269e-08,-0.11316139999999997
2.0271e-08,-0.10889470000000001
2.0273e-08,-0.10456870000000007
2.0275e-08,-0.10018970000000005
2.0277e-08,-0.0957633
2.0279e-08,-0.09129490000000007
2.0281e-08,-0.08678989999999998
2.0283e-08,-0.08225339999999992
2.0285e-08,-0.0776903000000001
2.0287e-08,-0.07310510000000003
2.0289e-08,-0.06850259999999997
2.0291e-08,-0.06388670000000007
2.0293e-08,-0.05926150000000008
2.0295e-08,-0.05463119999999999
2.0297e-08,-0.04999929999999997
2.0299e-08,-0.04536930000000006
2.0301e-08,-0.04074489999999997
2.0303e-08,-0.03612890000000002
2.0305e-08,-0.03152470000000007
2.0307e-08,-0.026935000000000042
2.0309e-08,-0.022362699999999958
2.0311e-08,-0.017810500000000062
2.0313e-08,-0.013280599999999976
2.0315e-08,-0.008775599999999995
2.0317e-08,-0.0042975999999999015
2.0319e-08,0.00015129999999996535
2.0321e-08,0.00456919999999994
2.0323e-08,0.008954200000000023
2.0325e-08,0.013304500000000052
2.0327e-08,0.01761849999999998
2.0329e-08,0.021894699999999934
2.0331e-08,0.026131799999999927
2.0333e-08,0.030328300000000086
2.0335e-08,0.03448309999999999
2.0337e-08,0.03859509999999999
2.0339e-08,0.04266320000000001
2.0341e-08,0.046686500000000075
2.0343e-08,0.050663899999999984
2.0345e-08,0.05459500000000006
2.0347e-08,0.05847880000000005
2.0349e-08,0.062314699999999945
2.0351e-08,0.0661022
2.0353e-08,0.06984060000000003
2.0355e-08,0.07352979999999998
2.0357e-08,0.07716920000000005
2.0359e-08,0.08075840000000001
2.0361e-08,0.08429720000000007
2.0363e-08,0.08778540000000001
2.0365e-08,0.0912229
2.0367e-08,0.09460950000000001
2.0369e-08,0.09794500000000006
2.0371e-08,0.10122969999999998
2.0373e-08,0.10446320000000009
2.0375e-08,0.10764580000000001
2.0377e-08,0.11077750000000008
2.0379e-08,0.11385849999999997
2.0381e-08,0.11688880000000001
2.0383e-08,0.11986870000000005
2.0385e-08,0.12279820000000008
2.0387e-08,0.1256779
2.0389e-08,0.12850779999999995
2.0391e-08,0.13128830000000002
2.0393e-08,0.13401970000000007
2.0395e-08,0.1367022
2.0397e-08,0.13933630000000008
2.03985e-08,0.14128019999999997
2.04e-08,0.1432059
2.04002e-08,0.1434620000000001
2.04006e-08,0.14397439999999995
2.04014e-08,0.14499479999999998
2.0403e-08,0.1469870000000001
2.0405e-08,0.14932109999999998
2.0407e-08,0.15141320000000003
2.0409e-08,0.1532156
2.0411e-08,0.1547018
2.0413e-08,0.15586
2.0415e-08,0.15668779999999993
2.0417e-08,0.1571889999999999
2.0419e-08,0.15737140000000005
2.0421e-08,0.15724510000000003
2.0423e-08,0.15682170000000006
2.0425e-08,0.15611410000000003
2.0427e-08,0.1551349999999999
2.0429e-08,0.1538972999999999
2.0431e-08,0.15241399999999994
2.0433e-08,0.15069769999999993
2.0435e-08,0.14876080000000003
2.0437e-08,0.14661519999999995
2.0439e-08,0.14427250000000003
2.0441e-08,0.14174379999999998
2.0443e-08,0.1390401
2.0445e-08,0.13617159999999995
2.0447e-08,0.1331485
2.0449e-08,0.1299806
2.0451e-08,0.12667679999999992
2.0453e-08,0.12324650000000004
2.0455e-08,0.11969809999999992
2.0457e-08,0.11603989999999997
2.0459e-08,0.11228000000000005
2.0461e-08,0.10842600000000002
2.0463e-08,0.10448540000000006
2.0465e-08,0.10046519999999992
2.0467e-08,0.09637230000000008
2.0469e-08,0.09221330000000005
2.0471e-08,0.08799440000000003
2.0473e-08,0.08372179999999996
2.0475e-08,0.07940119999999995
2.0477e-08,0.0750383
2.0479e-08,0.07063839999999999
2.0481e-08,0.0662066
2.0483e-08,0.06174790000000008
2.0485e-08,0.05726690000000001
2.0487e-08,0.05276819999999993
2.0489e-08,0.048256100000000024
2.0491e-08,0.043734700000000015
2.0493e-08,0.03920789999999996
2.0495e-08,0.034679399999999916
2.0497e-08,0.030152900000000038
2.0499e-08,0.025631799999999982
2.0501e-08,0.021119300000000063
2.0503e-08,0.016618300000000086
2.0505e-08,0.012132099999999979
2.0507e-08,0.007663000000000086
2.0509e-08,0.00321400000000005
2.0511e-08,-0.0012124999999999497
2.0513e-08,-0.005614299999999961
2.0515e-08,-0.009989099999999973
2.0517e-08,-0.014334799999999981
2.0519e-08,-0.018649500000000097
2.0521e-08,-0.0229313000000001
2.0523e-08,-0.027178400000000047
2.0525e-08,-0.03138940000000001
2.0527e-08,-0.0355626
2.0529e-08,-0.03969670000000003
2.0531e-08,-0.043790499999999954
2.0533e-08,-0.04784250000000001
2.0535e-08,-0.05185190000000006
2.0537e-08,-0.05581740000000002
2.0539e-08,-0.05973830000000002
2.0541e-08,-0.06361360000000005
2.0543e-08,-0.06744260000000002
2.0545e-08,-0.07122450000000002
2.0547e-08,-0.07495890000000005
2.0549e-08,-0.07864490000000002
2.0551e-08,-0.08228230000000003
2.0553e-08,-0.08587040000000001
2.0555e-08,-0.08940910000000002
2.0557e-08,-0.09289789999999998
2.0559e-08,-0.09633650000000005
2.0561e-08,-0.09972499999999995
2.0563e-08,-0.10306289999999996
2.0565e-08,-0.10635030000000001
2.0567e-08,-0.10958690000000004
2.0569e-08,-0.11277300000000001
2.0571e-08,-0.11590840000000002
2.0573e-08,-0.11899320000000002
2.0575e-08,-0.12202750000000007
2.0577e-08,-0.1250114
2.0579e-08,-0.12794509999999992
2.0581e-08,-0.13082890000000003
2.0583e-08,-0.13366270000000002
2.0585e-08,-0.13644699999999998
2.0587e-08,-0.13918209999999998
2.0589e-08,-0.14186809999999994
2.0591e-08,-0.1445054
2.0593e-08,-0.1470944999999999
2.0595e-08,-0.14963550000000003
2.0597e-08,-0.15212899999999996
2.05985e-08,-0.1539680000000001
2.06e-08,-0.15578060000000005
2.06002e-08,-0.15602000000000005
2.06006e-08,-0.15649800000000003
2.06014e-08,-0.15744839999999993
2.0603e-08,-0.15932709999999994
2.0605e-08,-0.1616343
2.0607e-08,-0.16389600000000004
2.0609e-08,-0.16611260000000005
2.0611e-08,-0.1682846
2.0613e-08,-0.17041259999999991
2.0615e-08,-0.17249689999999995
2.0617e-08,-0.17453819999999998
2.0619e-08,-0.1765369
2.0621e-08,-0.17849360000000003
2.0623e-08,-0.18040860000000003
2.0625e-08,-0.18228260000000007
2.0627e-08,-0.1841161
2.0629e-08,-0.1859096
2.0631e-08,-0.18766359999999993
2.0633e-08,-0.1893787
2.0635e-08,-0.1910554
2.0637e-08,-0.1926943000000001
2.0639e-08,-0.19429580000000002
2.0641e-08,-0.19586059999999994
2.0643e-08,-0.19738909999999998
2.0645e-08,-0.19888190000000006
2.0647e-08,-0.20033960000000006
2.0649e-08,-0.20176249999999996
2.0651e-08,-0.2031514000000001
2.0653e-08,-0.20450670000000004
2.0655e-08,-0.20582899999999993
2.0657e-08,-0.20711880000000005
2.0659e-08,-0.20837650000000008
2.0661e-08,-0.20960279999999998
2.0663e-08,-0.21079820000000005
2.0665e-08,-0.21196310000000007
2.0667e-08,-0.21309809999999996
2.0669e-08,-0.21420360000000005
2.0671e-08,-0.21528019999999992
2.0673e-08,-0.21632849999999992
2.0675e-08,-0.21734869999999995
2.0677e-08,-0.2183415999999999
2.0679e-08,-0.21930739999999993
2.0681e-08,-0.22024690000000002
2.0683e-08,-0.22116029999999998
2.0685e-08,-0.22204820000000003
2.0687e-08,-0.22291099999999997
2.0689e-08,-0.22374930000000004
2.0691e-08,-0.22456339999999997
2.0693e-08,-0.22535379999999994
2.0695e-08,-0.22612109999999996
2.0697e-08,-0.22686550000000005
2.0699e-08,-0.22758749999999994
2.0701e-08,-0.22828759999999992
2.0703e-08,-0.2289662
2.0705e-08,-0.22962380000000004
2.0707e-08,-0.23026049999999998
2.0709e-08,-0.23087709999999995
2.0711e-08,-0.23147379999999995
2.0713e-08,-0.23205109999999995
2.0715e-08,-0.23260919999999996
2.0717e-08,-0.23314880000000004
2.0719e-08,-0.23366999999999993
2.0721e-08,-0.23417330000000003
2.0723e-08,-0.2346591
2.0725e-08,-0.2351276
2.0727e-08,-0.23557930000000005
2.0729e-08,-0.23601459999999996
2.0731e-08,-0.23643380000000003
2.0733e-08,-0.23683720000000008
2.0735e-08,-0.23722520000000002
2.0737e-08,-0.2375980000000001
2.0739e-08,-0.2379561
2.0741e-08,-0.23829980000000006
2.0743e-08,-0.23862929999999993
2.0745e-08,-0.23894510000000002
2.0747e-08,-0.2392472
2.0749e-08,-0.23953619999999998
2.0751e-08,-0.23981240000000004
2.0753e-08,-0.2400759
2.0755e-08,-0.24032719999999996
2.0757e-08,-0.2405663
2.0759e-08,-0.24079379999999995
2.0761e-08,-0.24100980000000005
2.0763e-08,-0.24121459999999995
2.0765e-08,-0.24140839999999997
2.0767e-08,-0.24159169999999996
2.0769e-08,-0.24176430000000004
2.0771e-08,-0.24192690000000006
2.0773e-08,-0.24207960000000006
2.0775e-08,-0.2422227
2.0777e-08,-0.24235630000000008
2.0779e-08,-0.24248059999999994
2.0781e-08,-0.24259609999999998
2.0783e-08,-0.24270269999999994
2.0785e-08,-0.24280099999999993
2.0787e-08,-0.24289090000000002
2.0789e-08,-0.24297259999999998
2.0791e-08,-0.2430466
2.0793e-08,-0.2431127999999999
2.0795e-08,-0.2431717
2.0797e-08,-0.24322319999999997
2.07985e-08,-0.24325719999999995
2.08e-08,-0.24328729999999998
2.08002e-08,-0.24329100000000004
2.08006e-08,-0.24329830000000008
2.08014e-08,-0.24331189999999991
2.0803e-08,-0.24333610000000006
2.0805e-08,-0.24336049999999998
2.0807e-08,-0.2433786
2.0809e-08,-0.2433905999999999
2.0811e-08,-0.24339650000000002
2.0813e-08,-0.24339680000000008
2.0815e-08,-0.24339129999999998
2.0817e-08,-0.24338039999999994
2.0819e-08,-0.24336420000000003
2.0821e-08,-0.24334279999999997
2.0823e-08,-0.2433164
2.0825e-08,-0.24328519999999998
2.0827e-08,-0.2432493
2.0829e-08,-0.24320889999999995
2.0831e-08,-0.24316400000000005
2.0833e-08,-0.24311490000000002
2.0835e-08,-0.24306170000000005
2.0837e-08,-0.2430044
2.0839e-08,-0.24294320000000003
2.0841e-08,-0.24287839999999994
2.0843e-08,-0.2428098999999999
2.0845e-08,-0.2427378
2.0847e-08,-0.24266239999999994
2.0849e-08,-0.24258389999999996
2.0851e-08,-0.24250209999999994
2.0853e-08,-0.24241729999999995
2.0855e-08,-0.24232960000000003
2.0857e-08,-0.24223899999999998
2.0859e-08,-0.24214579999999997
2.0861e-08,-0.24205
2.0863e-08,-0.2419515000000001
2.0865e-08,-0.24185080000000003
2.0867e-08,-0.2417477
2.0869e-08,-0.24164240000000003
2.0871e-08,-0.24153500000000006
2.0873e-08,-0.24142550000000007
2.0875e-08,-0.24131400000000003
2.0877e-08,-0.2412008
2.0879e-08,-0.2410855999999999
2.0881e-08,-0.24096879999999998
2.0883e-08,-0.24085049999999997
2.0885e-08,-0.24073049999999996
2.0887e-08,-0.24060910000000002
2.0889e-08,-0.24048629999999993
2.0891e-08,-0.24036219999999997
2.0893e-08,-0.24023669999999997
2.0895e-08,-0.24011020000000005
2.0897e-08,-0.2399825
2.0899e-08,-0.23985369999999995
2.0901e-08,-0.2397239
2.0903e-08,-0.2395933
2.0905e-08,-0.2394617
2.0907e-08,-0.23932929999999997
2.0909e-08,-0.23919619999999997
2.0911e-08,-0.2390624
2.0913e-08,-0.23892789999999997
2.0915e-08,-0.23879290000000009
2.0917e-08,-0.23865730000000007
2.0919e-08,-0.2385212
2.0921e-08,-0.23838479999999995
2.0923e-08,-0.2382478
2.0925e-08,-0.2381105
2.0927e-08,-0.237973
2.0929e-08,-0.23783520000000002
2.0931e-08,-0.2376971
2.0933e-08,-0.23755890000000002
2.0935e-08,-0.2374206000000001
2.0937e-08,-0.23728210000000005
2.0939e-08,-0.23714349999999995
2.0941e-08,-0.23700500000000002
2.0943e-08,-0.23686660000000004
2.0945e-08,-0.23672800000000005
2.0947e-08,-0.23658970000000001
2.0949e-08,-0.23645139999999998
2.0951e-08,-0.2363132
2.0953e-08,-0.23617520000000003
2.0955e-08,-0.2360375
2.0957e-08,-0.23589990000000005
2.0959e-08,-0.2357627
2.0961e-08,-0.2356258
2.0963e-08,-0.23548900000000006
2.0965e-08,-0.23535269999999997
2.0967e-08,-0.23521670000000006
2.0969e-08,-0.2350812
2.0971e-08,-0.234946
2.0973e-08,-0.2348112
2.0975e-08,-0.23467689999999997
2.0977e-08,-0.2345431
2.0979e-08,-0.2344098
2.0981e-08,-0.2342769
2.0983e-08,-0.23414460000000004
2.0985e-08,-0.23401290000000008
2.0987e-08,-0.23388160000000002
2.0989e-08,-0.23375099999999993
2.0991e-08,-0.23362099999999997
2.0993e-08,-0.23349160000000002
2.0995e-08,-0.2333628000000001
2.0997e-08,-0.23323460000000007
2.09985e-08,-0.2331390000000001
2.1e-08,-0.23304360000000002
2.10002e-08,-0.23303170000000006
2.10006e-08,-0.2330097
2.10014e-08,-0.2329741999999999
2.1003e-08,-0.2329017
2.1005e-08,-0.2327323
2.1007e-08,-0.23239569999999998
2.1009e-08,-0.23183490000000007
2.1011e-08,-0.23101689999999997
2.1013e-08,-0.22992469999999998
2.1015e-08,-0.22855219999999998
2.1017e-08,-0.22689989999999993
2.1019e-08,-0.2249734
2.1021e-08,-0.22278069999999994
2.1023e-08,-0.22033179999999997
2.1025e-08,-0.2176376
2.1027e-08,-0.21470979999999995
2.1029e-08,-0.21156010000000003
2.1031e-08,-0.2082003
2.1033e-08,-0.2046422
2.1035e-08,-0.20089689999999993
2.1037e-08,-0.19697599999999993
2.1039e-08,-0.19289
2.1041e-08,-0.18864969999999992
2.1043e-08,-0.18426509999999996
2.1045e-08,-0.17974610000000002
2.1047e-08,-0.1751024
2.1049e-08,-0.17034300000000002
2.1051e-08,-0.16547690000000004
2.1053e-08,-0.16051269999999995
2.1055e-08,-0.1554585999999999
2.1057e-08,-0.15032270000000003
2.1059e-08,-0.14511249999999998
2.1061e-08,-0.1398357
2.1063e-08,-0.13449919999999993
2.1065e-08,-0.1291101
2.1067e-08,-0.12367469999999992
2.1069e-08,-0.11819950000000001
2.1071e-08,-0.11269080000000009
2.1073e-08,-0.10715420000000009
2.1075e-08,-0.1015954
2.1077e-08,-0.09601979999999999
2.1079e-08,-0.09043259999999997
2.1081e-08,-0.08483870000000004
2.1083e-08,-0.07924279999999995
2.1085e-08,-0.07364950000000003
2.1087e-08,-0.06806289999999993
2.1089e-08,-0.06248739999999997
2.1091e-08,-0.05692660000000005
2.1093e-08,-0.051384499999999944
2.1095e-08,-0.045864399999999916
2.1097e-08,-0.04036969999999995
2.1099e-08,-0.03490370000000009
2.1101e-08,-0.029469200000000084
2.1103e-08,-0.024069100000000065
2.1105e-08,-0.01870610000000006
2.1107e-08,-0.01338269999999997
2.1109e-08,-0.008101299999999978
2.1111e-08,-0.002864099999999925
2.1113e-08,0.002327000000000079
2.1115e-08,0.007469900000000029
2.1117e-08,0.012562900000000043
2.1119e-08,0.017604300000000017
2.1121e-08,0.022592499999999904
2.1123e-08,0.027526099999999998
2.1125e-08,0.03240379999999998
2.1127e-08,0.037224499999999994
2.1129e-08,0.041987
2.1131e-08,0.04669040000000002
2.1133e-08,0.05133359999999998
2.1135e-08,0.055916100000000024
2.1137e-08,0.06043699999999996
2.1139e-08,0.0648957
2.1141e-08,0.06929180000000001
2.1143e-08,0.07362469999999999
2.1145e-08,0.07789409999999997
2.1147e-08,0.08209959999999994
2.1149e-08,0.08624100000000001
2.1151e-08,0.09031820000000002
2.1153e-08,0.0943309
2.1155e-08,0.09827929999999996
2.1157e-08,0.10216320000000001
2.1159e-08,0.10598269999999999
2.1161e-08,0.10973789999999994
2.1163e-08,0.113429
2.1165e-08,0.11705619999999994
2.1167e-08,0.12061959999999994
2.1169e-08,0.1241196
2.1171e-08,0.12755649999999996
2.1173e-08,0.1309306
2.1175e-08,0.13424219999999998
2.1177e-08,0.1374919
2.1179e-08,0.14068009999999997
2.1181e-08,0.14380720000000002
2.1183e-08,0.1468737
2.1185e-08,0.14988009999999996
2.1187e-08,0.15282700000000005
2.1189e-08,0.15571479999999993
2.1191e-08,0.15854429999999997
2.1193e-08,0.1613158
2.1195e-08,0.16403020000000001
2.1197e-08,0.16668799999999995
2.11985e-08,0.16864460000000003
2.12e-08,0.17057840000000002
2.12002e-08,0.17083539999999997
2.12006e-08,0.17134899999999997
2.12014e-08,0.17237119999999995
2.1203e-08,0.17436410000000002
2.1205e-08,0.1766936
2.1207e-08,0.17877599999999993
2.1209e-08,0.1805641
2.1211e-08,0.18203190000000002
2.1213e-08,0.18316790000000005
2.1215e-08,0.18396990000000002
2.1217e-08,0.18444189999999994
2.1219e-08,0.18459170000000003
2.1221e-08,0.18442950000000002
2.1223e-08,0.1839672
2.1225e-08,0.18321729999999992
2.1227e-08,0.18219260000000004
2.1229e-08,0.18090620000000002
2.1231e-08,0.1793709
2.1233e-08,0.17759920000000007
2.1235e-08,0.1756034999999999
2.1237e-08,0.17339569999999993
2.1239e-08,0.1709874
2.1241e-08,0.16838979999999992
2.1243e-08,0.16561360000000003
2.1245e-08,0.16266919999999996
2.1247e-08,0.1595666
2.1249e-08,0.1563156
2.1251e-08,0.1529254
2.1253e-08,0.149405
2.1255e-08,0.14576310000000003
2.1257e-08,0.14200790000000008
2.1259e-08,0.13814749999999998
2.1261e-08,0.13418960000000002
2.1263e-08,0.13014159999999997
2.1265e-08,0.12601070000000003
2.1267e-08,0.12180380000000002
2.1269e-08,0.11752740000000006
2.1271e-08,0.11318799999999996
2.1273e-08,0.10879169999999994
2.1275e-08,0.1043444
2.1277e-08,0.09985169999999999
2.1279e-08,0.09531909999999999
2.1281e-08,0.09075180000000005
2.1283e-08,0.08615479999999998
2.1285e-08,0.08153279999999996
2.1287e-08,0.07689049999999997
2.1289e-08,0.07223230000000003
2.1291e-08,0.06756240000000002
2.1293e-08,0.06288480000000007
2.1295e-08,0.058203400000000016
2.1297e-08,0.053521800000000064
2.1299e-08,0.04884350000000004
2.1301e-08,0.04417190000000004
2.1303e-08,0.03951009999999999
2.1305e-08,0.03486109999999998
2.1307e-08,0.03022809999999998
2.1309e-08,0.02561330000000006
2.1311e-08,0.021019600000000027
2.1313e-08,0.016449399999999947
2.1315e-08,0.011905000000000054
2.1317e-08,0.00738850000000002
2.1319e-08,0.002902000000000071
2.1321e-08,-0.0015524999999999567
2.1323e-08,-0.005973200000000012
2.1325e-08,-0.01035839999999999
2.1327e-08,-0.014706699999999961
2.1329e-08,-0.019016400000000044
2.1331e-08,-0.023286200000000035
2.1333e-08,-0.027514700000000003
2.1335e-08,-0.03170089999999992
2.1337e-08,-0.03584350000000003
2.1339e-08,-0.039941500000000074
2.1341e-08,-0.04399429999999993
2.1343e-08,-0.04800059999999995
2.1345e-08,-0.05195990000000006
2.1347e-08,-0.055871400000000015
2.1349e-08,-0.05973459999999997
2.1351e-08,-0.06354870000000001
2.1353e-08,-0.06731350000000003
2.1355e-08,-0.07102830000000004
2.1357e-08,-0.07469290000000006
2.1359e-08,-0.07830700000000002
2.1361e-08,-0.0818702
2.1363e-08,-0.08538239999999997
2.1365e-08,-0.08884350000000008
2.1367e-08,-0.09225329999999998
2.1369e-08,-0.09561169999999997
2.1371e-08,-0.09891869999999992
2.1373e-08,-0.1021744
2.1375e-08,-0.10537870000000005
2.1377e-08,-0.10853179999999996
2.1379e-08,-0.11163400000000001
2.1381e-08,-0.1146851000000001
2.1383e-08,-0.1176855
2.1385e-08,-0.12063540000000006
2.1387e-08,-0.12353500000000006
2.1389e-08,-0.12638459999999996
2.1391e-08,-0.12918449999999992
2.1393e-08,-0.13193500000000002
2.1395e-08,-0.1346366
2.1397e-08,-0.13728930000000006
2.13985e-08,-0.13924710000000007
2.14e-08,-0.14117789999999997
2.14002e-08,-0.1414331000000001
2.14006e-08,-0.14194249999999997
2.14014e-08,-0.14295540000000007
2.1403e-08,-0.14495879999999994
2.1405e-08,-0.14742080000000002
2.1407e-08,-0.14983619999999997
2.1409e-08,-0.1522053
2.1411e-08,-0.15452869999999996
2.1413e-08,-0.15680689999999997
2.1415e-08,-0.15904019999999996
2.1417e-08,-0.16122910000000001
2.1419e-08,-0.16337440000000003
2.1421e-08,-0.16547630000000002
2.1423e-08,-0.1675354
2.1425e-08,-0.1695523
2.1427e-08,-0.1715274
2.1429e-08,-0.17346130000000004
2.1431e-08,-0.17535450000000008
2.1433e-08,-0.1772075999999999
2.1435e-08,-0.17902099999999999
2.1437e-08,-0.1807953000000001
2.1439e-08,-0.18253110000000006
2.1441e-08,-0.18422890000000003
2.1443e-08,-0.18588919999999998
2.1445e-08,-0.18751260000000003
2.1447e-08,-0.18909960000000003
2.1449e-08,-0.19065070000000006
2.1451e-08,-0.19216650000000002
2.1453e-08,-0.19364760000000003
2.1455e-08,-0.1950944
2.1457e-08,-0.1965074
2.1459e-08,-0.19788739999999994
2.1461e-08,-0.19923449999999998
2.1463e-08,-0.20054970000000005
2.1465e-08,-0.2018331
2.1467e-08,-0.20308550000000003
2.1469e-08,-0.20430729999999997
2.1471e-08,-0.205499
2.1473e-08,-0.20666109999999993
2.1475e-08,-0.20779419999999993
2.1477e-08,-0.20889860000000005
2.1479e-08,-0.20997510000000008
2.1481e-08,-0.21102379999999998
2.1483e-08,-0.21204559999999995
2.1485e-08,-0.2130405999999999
2.1487e-08,-0.21400960000000002
2.1489e-08,-0.21495279999999994
2.1491e-08,-0.21587080000000003
2.1493e-08,-0.21676399999999996
2.1495e-08,-0.21763299999999997
2.1497e-08,-0.2184781
2.1499e-08,-0.21929980000000004
2.1501e-08,-0.22009849999999997
2.1503e-08,-0.22087460000000003
2.1505e-08,-0.22162860000000006
2.1507e-08,-0.22236100000000003
2.1509e-08,-0.2230721
2.1511e-08,-0.22376230000000008
2.1513e-08,-0.22443210000000002
2.1515e-08,-0.22508170000000005
2.1517e-08,-0.22571189999999997
2.1519e-08,-0.22632259999999993
2.1521e-08,-0.22691450000000002
2.1523e-08,-0.22748790000000008
2.1525e-08,-0.22804330000000006
2.1527e-08,-0.22858069999999997
2.1529e-08,-0.22910089999999994
2.1531e-08,-0.22960400000000003
2.1533e-08,-0.23009049999999998
2.1535e-08,-0.23056049999999995
2.1537e-08,-0.23101460000000007
2.1539e-08,-0.23145309999999997
2.1541e-08,-0.23187619999999998
2.1543e-08,-0.23228440000000006
2.1545e-08,-0.23267780000000005
2.1547e-08,-0.2330569
2.1549e-08,-0.23342200000000002
2.1551e-08,-0.23377329999999996
2.1553e-08,-0.23411119999999996
2.1555e-08,-0.23443599999999998
2.1557e-08,-0.2347479
2.1559e-08,-0.23504729999999996
2.1561e-08,-0.2353343
2.1563e-08,-0.23560950000000003
2.1565e-08,-0.23587290000000005
2.1567e-08,-0.23612480000000002
2.1569e-08,-0.23636559999999995
2.1571e-08,-0.2365954
2.1573e-08,-0.2368146
2.1575e-08,-0.2370234
2.1577e-08,-0.23722189999999999
2.1579e-08,-0.23741060000000003
2.1581e-08,-0.2375895
2.1583e-08,-0.23775900000000005
2.1585e-08,-0.23791929999999994
2.1587e-08,-0.2380705999999999
2.1589e-08,-0.238213
2.1591e-08,-0.23834709999999992
2.1593e-08,-0.23847260000000003
2.1595e-08,-0.23859010000000003
2.1597e-08,-0.23869949999999995
2.15985e-08,-0.2387766
2.16e-08,-0.2388494
2.16002e-08,-0.23885869999999998
2.16006e-08,-0.2388772
2.16014e-08,-0.2389135
2.1603e-08,-0.2389825000000001
2.1605e-08,-0.2390622
2.1607e-08,-0.23913510000000004
2.1609e-08,-0.239201
2.1611e-08,-0.2392605
2.1613e-08,-0.23931349999999996
2.1615e-08,-0.23936029999999997
2.1617e-08,-0.23940099999999997
2.1619e-08,-0.23943579999999998
2.1621e-08,-0.23946489999999998
2.1623e-08,-0.2394883000000001
2.1625e-08,-0.23950630000000006
2.1627e-08,-0.23951899999999993
2.1629e-08,-0.23952669999999998
2.1631e-08,-0.2395294
2.1633e-08,-0.23952719999999994
2.1635e-08,-0.23952030000000002
2.1637e-08,-0.23950899999999997
2.1639e-08,-0.23949319999999996
2.1641e-08,-0.23947300000000005
2.1643e-08,-0.2394487999999999
2.1645e-08,-0.23942050000000004
2.1647e-08,-0.2393883
2.1649e-08,-0.23935229999999996
2.1651e-08,-0.2393128
2.1653e-08,-0.23926960000000008
2.1655e-08,-0.23922310000000002
2.1657e-08,-0.23917319999999997
2.1659e-08,-0.2391202
2.1661e-08,-0.23906399999999994
2.1663e-08,-0.23900480000000002
2.1665e-08,-0.2389428
2.1667e-08,-0.23887809999999998
2.1669e-08,-0.23881050000000004
2.1671e-08,-0.23874040000000007
2.1673e-08,-0.23866790000000004
2.1675e-08,-0.23859300000000006
2.1677e-08,-0.2385157
2.1679e-08,-0.2384362000000001
2.1681e-08,-0.23835450000000002
2.1683e-08,-0.2382708
2.1685e-08,-0.2381852000000001
2.1687e-08,-0.2380975999999999
2.1689e-08,-0.23800809999999994
2.1691e-08,-0.2379171
2.1693e-08,-0.2378243
2.1695e-08,-0.23772989999999994
2.1697e-08,-0.237634
2.1699e-08,-0.2375368
2.1701e-08,-0.23743800000000004
2.1703e-08,-0.23733800000000005
2.1705e-08,-0.23723670000000008
2.1707e-08,-0.23713419999999996
2.1709e-08,-0.23703059999999998
2.1711e-08,-0.23692590000000002
2.1713e-08,-0.23682029999999998
2.1715e-08,-0.23671370000000003
2.1717e-08,-0.2366062
2.1719e-08,-0.2364978000000001
2.1721e-08,-0.2363887
2.1723e-08,-0.23627869999999995
2.1725e-08,-0.23616819999999994
2.1727e-08,-0.23605690000000001
2.1729e-08,-0.23594510000000002
2.1731e-08,-0.23583279999999995
2.1733e-08,-0.23571989999999998
2.1735e-08,-0.2356066
2.1737e-08,-0.23549280000000006
2.1739e-08,-0.23537869999999994
2.1741e-08,-0.23526429999999998
2.1743e-08,-0.23514959999999996
2.1745e-08,-0.2350346000000001
2.1747e-08,-0.2349194
2.1749e-08,-0.23480389999999995
2.1751e-08,-0.23468840000000002
2.1753e-08,-0.23457269999999997
2.1755e-08,-0.23445700000000003
2.1757e-08,-0.23434120000000003
2.1759e-08,-0.23422540000000003
2.1761e-08,-0.23410949999999997
2.1763e-08,-0.23399380000000003
2.1765e-08,-0.23387800000000003
2.1767e-08,-0.23376249999999998
2.1769e-08,-0.23364699999999994
2.1771e-08,-0.23353160000000006
2.1773e-08,-0.23341639999999997
2.1775e-08,-0.23330150000000005
2.1777e-08,-0.23318660000000002
2.1779e-08,-0.2330721
2.1781e-08,-0.23295789999999994
2.1783e-08,-0.2328439
2.1785e-08,-0.2327302
2.1787e-08,-0.23261690000000002
2.1789e-08,-0.2325039000000001
2.1791e-08,-0.23239130000000008
2.1793e-08,-0.232279
2.1795e-08,-0.23216710000000007
2.1797e-08,-0.23205569999999998
2.17985e-08,-0.23197239999999997
2.18e-08,-0.2318981
2.18002e-08,-0.23188989999999998
2.18006e-08,-0.23187440000000004
2.18014e-08,-0.23184529999999992
2.1803e-08,-0.23176260000000004
2.1805e-08,-0.2315488000000001
2.1807e-08,-0.2311449
2.1809e-08,-0.23050340000000002
2.1811e-08,-0.2295975
2.1813e-08,-0.22841440000000002
2.1815e-08,-0.22695069999999995
2.1817e-08,-0.225209
2.1819e-08,-0.22319560000000005
2.1821e-08,-0.22091950000000005
2.1823e-08,-0.218391
2.1825e-08,-0.21562130000000002
2.1827e-08,-0.21262229999999993
2.1829e-08,-0.20940560000000008
2.1831e-08,-0.20598289999999997
2.1833e-08,-0.20236600000000005
2.1835e-08,-0.19856610000000008
2.1837e-08,-0.19459439999999995
2.1839e-08,-0.1904614
2.1841e-08,-0.1861777
2.1843e-08,-0.1817535
2.1845e-08,-0.17719819999999997
2.1847e-08,-0.1725215
2.1849e-08,-0.16773249999999995
2.1851e-08,-0.16283990000000004
2.1853e-08,-0.15785210000000005
2.1855e-08,-0.1527773
2.1857e-08,-0.14762350000000002
2.1859e-08,-0.14239820000000003
2.1861e-08,-0.13710880000000003
2.1863e-08,-0.13176219999999994
2.1865e-08,-0.1263652999999999
2.1867e-08,-0.12092459999999994
2.1869e-08,-0.1154463
2.1871e-08,-0.10993640000000005
2.1873e-08,-0.10440079999999996
2.1875e-08,-0.0988448999999999
2.1877e-08,-0.09327410000000003
2.1879e-08,-0.08769339999999992
2.1881e-08,-0.0821077
2.1883e-08,-0.07652170000000003
2.1885e-08,-0.07093970000000005
2.1887e-08,-0.06536589999999998
2.1889e-08,-0.059804700000000044
2.1891e-08,-0.05425940000000007
2.1893e-08,-0.0487339
2.1895e-08,-0.04323189999999999
2.1897e-08,-0.037756199999999907
2.1899e-08,-0.032310199999999956
2.1901e-08,-0.026896800000000054
2.1903e-08,-0.0215187
2.1905e-08,-0.016178500000000096
2.1907e-08,-0.010878799999999966
2.1909e-08,-0.005621700000000063
2.1911e-08,-0.0004094000000000042
2.1913e-08,0.0047559999999999825
2.1915e-08,0.00987260000000001
2.1917e-08,0.014938700000000082
2.1919e-08,0.019952700000000045
2.1921e-08,0.02491319999999997
2.1923e-08,0.02981860000000003
2.1925e-08,0.034667899999999974
2.1927e-08,0.039459699999999986
2.1929e-08,0.044193099999999985
2.1931e-08,0.0488672
2.1933e-08,0.05348090000000005
2.1935e-08,0.05803360000000002
2.1937e-08,0.06252460000000004
2.1939e-08,0.06695339999999994
2.1941e-08,0.07131940000000003
2.1943e-08,0.07562210000000003
2.1945e-08,0.07986130000000002
2.1947e-08,0.08403669999999996
2.1949e-08,0.08814789999999995
2.1951e-08,0.09219499999999992
2.1953e-08,0.09617779999999998
2.1955e-08,0.10009610000000002
2.1957e-08,0.10395019999999999
2.1959e-08,0.10774000000000006
2.1961e-08,0.11146560000000005
2.1963e-08,0.11512730000000004
2.1965e-08,0.11872510000000003
2.1967e-08,0.12225939999999991
2.1969e-08,0.12573049999999997
2.1971e-08,0.1291388
2.1973e-08,0.13248440000000006
2.1975e-08,0.13576789999999994
2.1977e-08,0.13898960000000005
2.1979e-08,0.14215
2.1981e-08,0.14524959999999998
2.1983e-08,0.14828889999999995
2.1985e-08,0.15126839999999997
2.1987e-08,0.1541886
2.1989e-08,0.15705009999999997
2.1991e-08,0.15985349999999998
2.1993e-08,0.1625993
2.1995e-08,0.1652882
2.1997e-08,0.16792079999999998
2.19985e-08,0.16985869999999992
2.2e-08,0.17176539999999996
2.20002e-08,0.17201699999999998
2.20006e-08,0.17251919999999998
2.20014e-08,0.17351700000000003
2.2003e-08,0.1754865
2.2005e-08,0.17790039999999996
2.2007e-08,0.18026129999999996
2.2009e-08,0.18256969999999995
2.2011e-08,0.1848265
2.2013e-08,0.18703219999999998
2.2015e-08,0.18918769999999996
2.2017e-08,0.1912935
2.2019e-08,0.19335049999999998
2.2021e-08,0.1953593
2.2023e-08,0.19732039999999995
2.2025e-08,0.19923480000000005
2.2027e-08,0.20110309999999998
2.2029e-08,0.20292599999999994
2.2031e-08,0.20470409999999994
2.2033e-08,0.20643809999999996
2.2035e-08,0.208129
2.2037e-08,0.2097772
2.2039e-08,0.2113834
2.2041e-08,0.21294829999999998
2.2043e-08,0.21447269999999996
2.2045e-08,0.21595719999999996
2.2047e-08,0.2174024
2.2049e-08,0.21880900000000003
2.2051e-08,0.22017790000000004
2.2053e-08,0.22150939999999997
2.2055e-08,0.22280430000000007
2.2057e-08,0.22406340000000002
2.2059e-08,0.22528720000000002
2.2061e-08,0.22647620000000002
2.2063e-08,0.22763119999999992
2.2065e-08,0.22875279999999998
2.2067e-08,0.22984159999999998
2.2069e-08,0.23089820000000005
2.2071e-08,0.23192330000000005
2.2073e-08,0.23291740000000005
2.2075e-08,0.233881
2.2077e-08,0.23481489999999994
2.2079e-08,0.23571950000000008
2.2081e-08,0.2365954
2.2083e-08,0.23744319999999997
2.2085e-08,0.23826349999999996
2.2087e-08,0.23905680000000007
2.2089e-08,0.23982360000000003
2.2091e-08,0.2405644
2.2093e-08,0.24127980000000004
2.2095e-08,0.24197040000000003
2.2097e-08,0.24263659999999998
2.2099e-08,0.24327890000000008
2.2101e-08,0.24389780000000005
2.2103e-08,0.24449390000000004
2.2105e-08,0.2450675
2.2107e-08,0.24561920000000004
2.2109e-08,0.2461494999999999
2.2111e-08,0.24665880000000007
2.2113e-08,0.24714749999999996
2.2115e-08,0.2476161
2.2117e-08,0.24806499999999998
2.2119e-08,0.24849480000000002
2.2121e-08,0.24890579999999995
2.2123e-08,0.24929830000000008
2.2125e-08,0.24967300000000003
2.2127e-08,0.25003010000000003
2.2129e-08,0.25037
2.2131e-08,0.25069319999999995
2.2133e-08,0.25100010000000006
2.2135e-08,0.2512909
2.2137e-08,0.2515661
2.2139e-08,0.25182609999999994
2.2141e-08,0.2520713
2.2143e-08,0.25230189999999997
2.2145e-08,0.2525181999999999
2.2147e-08,0.2527209
2.2149e-08,0.2529099
2.2151e-08,0.2530859000000001
2.2153e-08,0.2532491
2.2155e-08,0.2533997
2.2157e-08,0.2535381000000001
2.2159e-08,0.2536645999999999
2.2161e-08,0.2537796
2.2163e-08,0.25388330000000003
2.2165e-08,0.253976
2.2167e-08,0.25405790000000006
2.2169e-08,0.2541295
2.2171e-08,0.2541909
2.2173e-08,0.2542426000000001
2.2175e-08,0.2542845
2.2177e-08,0.25431709999999996
2.2179e-08,0.2543407
2.2181e-08,0.2543554
2.2183e-08,0.2543615
2.2185e-08,0.25435929999999995
2.2187e-08,0.25434899999999994
2.2189e-08,0.25433079999999997
2.2191e-08,0.25430489999999994
2.2193e-08,0.2542717
2.2195e-08,0.25423129999999994
2.2197e-08,0.2541839
2.21985e-08,0.2541437999999999
2.22e-08,0.25410009999999994
2.22002e-08,0.2540947
2.22006e-08,0.2540855999999999
2.22014e-08,0.2540751
2.2203e-08,0.25404970000000004
2.2205e-08,0.2539340000000001
2.2207e-08,0.25364619999999993
2.2209e-08,0.25312979999999996
2.2211e-08,0.2523525
2.2213e-08,0.25129729999999995
2.2215e-08,0.24995849999999997
2.2217e-08,0.24833649999999996
2.2219e-08,0.24643700000000002
2.2221e-08,0.24426779999999992
2.2223e-08,0.24183899999999992
2.2225e-08,0.23916149999999992
2.2227e-08,0.23624679999999998
2.2229e-08,0.2331065
2.2231e-08,0.22975230000000002
2.2233e-08,0.22619599999999995
2.2235e-08,0.22244869999999994
2.2237e-08,0.21852170000000004
2.2239e-08,0.2144256
2.2241e-08,0.21017109999999994
2.2243e-08,0.20576820000000007
2.2245e-08,0.20122669999999998
2.2247e-08,0.19655630000000002
2.2249e-08,0.191766
2.2251e-08,0.1868649
2.2253e-08,0.18186139999999995
2.2255e-08,0.17676380000000003
2.2257e-08,0.17158019999999996
2.2259e-08,0.16631819999999997
2.2261e-08,0.1609855
2.2263e-08,0.15558910000000004
2.2265e-08,0.15013579999999993
2.2267e-08,0.1446326
2.2269e-08,0.13908560000000003
2.2271e-08,0.1335012000000001
2.2273e-08,0.12788529999999998
2.2275e-08,0.12224350000000006
2.2277e-08,0.11658140000000006
2.2279e-08,0.11090410000000006
2.2281e-08,0.1052168
2.2283e-08,0.09952419999999995
2.2285e-08,0.09383109999999995
2.2287e-08,0.08814159999999993
2.2289e-08,0.08246019999999998
2.2291e-08,0.07679069999999999
2.2293e-08,0.07113720000000001
2.2295e-08,0.06550309999999993
2.2297e-08,0.05989179999999994
2.2299e-08,0.05430669999999993
2.2301e-08,0.0487510000000001
2.2303e-08,0.04322759999999992
2.2305e-08,0.037739200000000084
2.2307e-08,0.032288400000000106
2.2309e-08,0.026877700000000004
2.2311e-08,0.02150949999999996
2.2313e-08,0.016185800000000028
2.2315e-08,0.010908800000000052
2.2317e-08,0.005680399999999919
2.2319e-08,0.0005022000000000082
2.2321e-08,-0.0046239999999999615
2.2323e-08,-0.00969679999999995
2.2325e-08,-0.014714600000000022
2.2327e-08,-0.01967640000000004
2.2329e-08,-0.02458080000000007
2.2331e-08,-0.029426700000000028
2.2333e-08,-0.034213199999999944
2.2335e-08,-0.038939500000000016
2.2337e-08,-0.0436048
2.2339e-08,-0.048208200000000034
2.2341e-08,-0.0527493
2.2343e-08,-0.0572275000000001
2.2345e-08,-0.06164229999999993
2.2347e-08,-0.06599350000000004
2.2349e-08,-0.07028049999999997
2.2351e-08,-0.07450329999999994
2.2353e-08,-0.0786616
2.2355e-08,-0.08275530000000009
2.2357e-08,-0.0867844000000001
2.2359e-08,-0.09074890000000002
2.2361e-08,-0.09464890000000004
2.2363e-08,-0.09848429999999997
2.2365e-08,-0.1022554
2.2367e-08,-0.10596229999999995
2.2369e-08,-0.10960530000000002
2.2371e-08,-0.11318469999999992
2.2373e-08,-0.11670069999999999
2.2375e-08,-0.12015380000000009
2.2377e-08,-0.12354419999999999
2.2379e-08,-0.12687249999999994
2.2381e-08,-0.13013890000000006
2.2383e-08,-0.13334409999999997
2.2385e-08,-0.13648839999999995
2.2387e-08,-0.13957239999999993
2.2389e-08,-0.14259660000000007
2.2391e-08,-0.14556159999999996
2.2393e-08,-0.14846780000000004
2.2395e-08,-0.151316
2.2397e-08,-0.1541068
2.23985e-08,-0.15616240000000003
2.24e-08,-0.1581863
2.24002e-08,-0.15845350000000002
2.24006e-08,-0.15898670000000004
2.24014e-08,-0.16004649999999998
2.2403e-08,-0.16213960000000005
2.2405e-08,-0.16470660000000004
2.2407e-08,-0.16721950000000008
2.2409e-08,-0.16967870000000007
2.2411e-08,-0.17208480000000004
2.2413e-08,-0.17443869999999995
2.2415e-08,-0.17674100000000004
2.2417e-08,-0.17899239999999994
2.2419e-08,-0.1811935
2.2421e-08,-0.18334499999999998
2.2423e-08,-0.1854477
2.2425e-08,-0.1875023
2.2427e-08,-0.1895095
2.2429e-08,-0.19146989999999997
2.2431e-08,-0.1933842
2.2433e-08,-0.19525320000000002
2.2435e-08,-0.19707759999999996
2.2437e-08,-0.19885799999999998
2.2439e-08,-0.20059519999999997
2.2441e-08,-0.20228970000000002
2.2443e-08,-0.20394230000000002
2.2445e-08,-0.20555390000000007
2.2447e-08,-0.2071248
2.2449e-08,-0.20865579999999995
2.2451e-08,-0.21014770000000005
2.2453e-08,-0.2116011
2.2455e-08,-0.21301649999999994
2.2457e-08,-0.21439469999999994
2.2459e-08,-0.21573639999999994
2.2461e-08,-0.21704220000000007
2.2463e-08,-0.21831270000000003
2.2465e-08,-0.21954859999999998
2.2467e-08,-0.22075030000000007
2.2469e-08,-0.22191870000000002
2.2471e-08,-0.22305430000000004
2.2473e-08,-0.2241576999999999
2.2475e-08,-0.22522940000000002
2.2477e-08,-0.22627019999999998
2.2479e-08,-0.22728059999999994
2.2481e-08,-0.2282611
2.2483e-08,-0.22921239999999998
2.2485e-08,-0.23013480000000008
2.2487e-08,-0.23102920000000005
2.2489e-08,-0.23189610000000005
2.2491e-08,-0.2327357
2.2493e-08,-0.23354890000000006
2.2495e-08,-0.2343362
2.2497e-08,-0.23509790000000008
2.2499e-08,-0.23583469999999995
2.2501e-08,-0.23654700000000006
2.2503e-08,-0.23723539999999999
2.2505e-08,-0.23790030000000006
2.2507e-08,-0.23854229999999998
2.2509e-08,-0.23916179999999998
2.2511e-08,-0.23975920000000006
2.2513e-08,-0.24033510000000002
2.2515e-08,-0.2408899000000001
2.2517e-08,-0.24142399999999997
2.2519e-08,-0.2419380000000001
2.2521e-08,-0.2424322
2.2523e-08,-0.24290699999999998
2.2525e-08,-0.24336289999999994
2.2527e-08,-0.24380040000000003
2.2529e-08,-0.24421970000000004
2.2531e-08,-0.2446214
2.2533e-08,-0.24500580000000005
2.2535e-08,-0.24537330000000002
2.2537e-08,-0.2457243
2.2539e-08,-0.24605909999999998
2.2541e-08,-0.24637829999999994
2.2543e-08,-0.24668200000000007
2.2545e-08,-0.2469707
2.2547e-08,-0.24724469999999998
2.2549e-08,-0.24750440000000007
2.2551e-08,-0.24775000000000003
2.2553e-08,-0.24798209999999998
2.2555e-08,-0.24820090000000006
2.2557e-08,-0.24840649999999997
2.2559e-08,-0.24859960000000003
2.2561e-08,-0.24878029999999995
2.2563e-08,-0.24894880000000008
2.2565e-08,-0.24910569999999999
2.2567e-08,-0.249251
2.2569e-08,-0.24938520000000008
2.2571e-08,-0.24950850000000002
2.2573e-08,-0.2496212
2.2575e-08,-0.24972359999999993
2.2577e-08,-0.24981589999999998
2.2579e-08,-0.24989830000000002
2.2581e-08,-0.2499713
2.2583e-08,-0.25003490000000006
2.2585e-08,-0.25008949999999996
2.2587e-08,-0.2501354
2.2589e-08,-0.2501726000000001
2.2591e-08,-0.2502016
2.2593e-08,-0.2502225
2.2595e-08,-0.25023549999999994
2.2597e-08,-0.2502409
2.25985e-08,-0.25024009999999997
2.26e-08,-0.25024389999999996
2.26002e-08,-0.2502458000000001
2.26006e-08,-0.25025030000000004
2.26014e-08,-0.25026039999999994
2.2603e-08,-0.2502527
2.2605e-08,-0.25012749999999995
2.2607e-08,-0.24980669999999994
2.2609e-08,-0.24924349999999995
2.2611e-08,-0.2484113
2.2613e-08,-0.2472978
2.2615e-08,-0.2458994
2.2617e-08,-0.24421910000000002
2.2619e-08,-0.24226310000000006
2.2621e-08,-0.24004019999999993
2.2623e-08,-0.2375609999999999
2.2625e-08,-0.23483660000000006
2.2627e-08,-0.23187860000000005
2.2629e-08,-0.22869870000000003
2.2631e-08,-0.2253088000000001
2.2633e-08,-0.22172020000000003
2.2635e-08,-0.21794440000000004
2.2637e-08,-0.21399230000000002
2.2639e-08,-0.20987469999999997
2.2641e-08,-0.2056019
2.2643e-08,-0.20118409999999998
2.2645e-08,-0.1966308
2.2647e-08,-0.1919516
2.2649e-08,-0.18715559999999998
2.2651e-08,-0.18225160000000007
2.2653e-08,-0.17724799999999996
2.2655e-08,-0.172153
2.2657e-08,-0.16697470000000003
2.2659e-08,-0.16172049999999993
2.2661e-08,-0.15639779999999992
2.2663e-08,-0.1510138000000001
2.2665e-08,-0.14557529999999996
2.2667e-08,-0.1400888
2.2669e-08,-0.13456080000000004
2.2671e-08,-0.1289971000000001
2.2673e-08,-0.12340390000000001
2.2675e-08,-0.11778660000000007
2.2677e-08,-0.11215059999999999
2.2679e-08,-0.10650120000000007
2.2681e-08,-0.10084329999999997
2.2683e-08,-0.09518159999999998
2.2685e-08,-0.08952059999999995
2.2687e-08,-0.08386480000000007
2.2689e-08,-0.07821820000000002
2.2691e-08,-0.07258470000000006
2.2693e-08,-0.06696809999999997
2.2695e-08,-0.06137199999999998
2.2697e-08,-0.05579990000000001
2.2699e-08,-0.05025479999999993
2.2701e-08,-0.044739799999999996
2.2703e-08,-0.03925780000000001
2.2705e-08,-0.03381159999999994
2.2707e-08,-0.028403599999999973
2.2709e-08,-0.02303630000000001
2.2711e-08,-0.01771199999999995
2.2713e-08,-0.012432699999999963
2.2715e-08,-0.007200500000000054
2.2717e-08,-0.0020172000000000523
2.2719e-08,0.003115500000000049
2.2721e-08,0.008196000000000092
2.2723e-08,0.013222799999999979
2.2725e-08,0.018194500000000002
2.2727e-08,0.023110000000000075
2.2729e-08,0.027967999999999993
2.2731e-08,0.03276749999999995
2.2733e-08,0.037507599999999974
2.2735e-08,0.042187500000000044
2.2737e-08,0.04680629999999997
2.2739e-08,0.05136339999999995
2.2741e-08,0.055858399999999975
2.2743e-08,0.060290399999999966
2.2745e-08,0.06465939999999992
2.2747e-08,0.06896479999999994
2.2749e-08,0.07320629999999995
2.2751e-08,0.0773838
2.2753e-08,0.08149709999999999
2.2755e-08,0.08554609999999996
2.2757e-08,0.08953080000000002
2.2759e-08,0.09345110000000001
2.2761e-08,0.09730720000000004
2.2763e-08,0.1010991
2.2765e-08,0.10482709999999995
2.2767e-08,0.10849140000000002
2.2769e-08,0.11209200000000008
2.2771e-08,0.1156294
2.2773e-08,0.11910389999999993
2.2775e-08,0.12251590000000001
2.2777e-08,0.12586560000000002
2.2779e-08,0.12915350000000003
2.2781e-08,0.1323801
2.2783e-08,0.1355459
2.2785e-08,0.13865119999999997
2.2787e-08,0.1416967
2.2789e-08,0.14468290000000006
2.2791e-08,0.14761029999999997
2.2793e-08,0.1504795
2.2795e-08,0.15329100000000007
2.2797e-08,0.1560456
2.27985e-08,0.1580744999999999
2.28e-08,0.16007170000000004
2.28002e-08,0.16033540000000002
2.28006e-08,0.16086159999999994
2.28014e-08,0.16190740000000003
2.2803e-08,0.16397269999999997
2.2805e-08,0.16650559999999992
2.2807e-08,0.16898449999999998
2.2809e-08,0.17141040000000007
2.2811e-08,0.17378369999999999
2.2813e-08,0.17610519999999996
2.2815e-08,0.17837559999999997
2.2817e-08,0.18059550000000002
2.2819e-08,0.18276559999999997
2.2821e-08,0.18488669999999996
2.2823e-08,0.18695929999999994
2.2825e-08,0.1889843
2.2827e-08,0.19096239999999998
2.2829e-08,0.1928939999999999
2.2831e-08,0.19478019999999996
2.2833e-08,0.19662139999999995
2.2835e-08,0.1984184
2.2837e-08,0.20017189999999996
2.2839e-08,0.20188250000000008
2.2841e-08,0.2035511000000001
2.2843e-08,0.20517810000000003
2.2845e-08,0.2067643
2.2847e-08,0.2083104
2.2849e-08,0.20981709999999998
2.2851e-08,0.21128500000000006
2.2853e-08,0.21271479999999998
2.2855e-08,0.2141071
2.2857e-08,0.21546260000000006
2.2859e-08,0.21678189999999997
2.2861e-08,0.21806570000000003
2.2863e-08,0.21931450000000008
2.2865e-08,0.22052910000000003
2.2867e-08,0.22170999999999996
2.2869e-08,0.2228578
2.2871e-08,0.22397329999999993
2.2873e-08,0.2250569
2.2875e-08,0.2261092
2.2877e-08,0.22713090000000002
2.2879e-08,0.2281225
2.2881e-08,0.22908459999999997
2.2883e-08,0.23001779999999994
2.2885e-08,0.23092259999999998
2.2887e-08,0.23179949999999994
2.2889e-08,0.2326492
2.2891e-08,0.233472
2.2893e-08,0.2342687
2.2895e-08,0.2350397999999999
2.2897e-08,0.23578559999999993
2.2899e-08,0.23650680000000002
2.2901e-08,0.23720379999999996
2.2903e-08,0.2378772
2.2905e-08,0.2385273
2.2907e-08,0.23915490000000006
2.2909e-08,0.23976010000000003
2.2911e-08,0.2403436
2.2913e-08,0.2409059
2.2915e-08,0.24144719999999997
2.2917e-08,0.24196830000000003
2.2919e-08,0.2424693
2.2921e-08,0.24295089999999997
2.2923e-08,0.24341329999999994
2.2925e-08,0.24385710000000005
2.2927e-08,0.24428269999999996
2.2929e-08,0.24469029999999992
2.2931e-08,0.2450806000000001
2.2933e-08,0.24545379999999994
2.2935e-08,0.24581019999999998
2.2937e-08,0.24615050000000005
2.2939e-08,0.24647470000000005
2.2941e-08,0.24678339999999999
2.2943e-08,0.247077
2.2945e-08,0.24735580000000001
2.2947e-08,0.24761999999999995
2.2949e-08,0.24787020000000004
2.2951e-08,0.24810640000000006
2.2953e-08,0.24832930000000009
2.2955e-08,0.24853899999999995
2.2957e-08,0.24873600000000007
2.2959e-08,0.24892040000000004
2.2961e-08,0.2490926
2.2963e-08,0.2492529
2.2965e-08,0.24940169999999995
2.2967e-08,0.2495391
2.2969e-08,0.24966549999999998
2.2971e-08,0.24978120000000004
2.2973e-08,0.24988639999999995
2.2975e-08,0.24998149999999997
2.2977e-08,0.2500665999999999
2.2979e-08,0.2501420999999999
2.2981e-08,0.25020829999999994
2.2983e-08,0.2502653
2.2985e-08,0.25031329999999996
2.2987e-08,0.2503527
2.2989e-08,0.2503837
2.2991e-08,0.2504065000000001
2.2993e-08,0.2504215000000001
2.2995e-08,0.2504286
2.2997e-08,0.2504282
2.29985e-08,0.25042319999999996
2.3e-08,0.2504141
2.30002e-08,0.25041329999999995
2.30006e-08,0.25041349999999996
2.30014e-08,0.25042130000000007
2.3003e-08,0.2504322
2.3005e-08,0.25036119999999995
2.3007e-08,0.25011739999999993
2.3009e-08,0.24964419999999998
2.3011e-08,0.2489091
2.3013e-08,0.24789530000000004
2.3015e-08,0.24659700000000007
2.3017e-08,0.24501489999999992
2.3019e-08,0.24315430000000005
2.3021e-08,0.2410234
2.3023e-08,0.2386321
2.3025e-08,0.23599140000000007
2.3027e-08,0.23311300000000001
2.3029e-08,0.2300083999999999
2.3031e-08,0.22668960000000005
2.3033e-08,0.22316800000000003
2.3035e-08,0.21945499999999996
2.3037e-08,0.21556190000000008
2.3039e-08,0.2114994
2.3041e-08,0.20727790000000001
2.3043e-08,0.20290789999999992
2.3045e-08,0.198399
2.3047e-08,0.1937609
2.3049e-08,0.18900269999999997
2.3051e-08,0.1841332
2.3053e-08,0.17916129999999997
2.3055e-08,0.17409509999999995
2.3057e-08,0.1689425
2.3059e-08,0.1637115
2.3061e-08,0.1584095000000001
2.3063e-08,0.1530435
2.3065e-08,0.14762070000000005
2.3067e-08,0.14214760000000004
2.3069e-08,0.1366307
2.3071e-08,0.13107610000000003
2.3073e-08,0.12548979999999998
2.3075e-08,0.11987740000000002
2.3077e-08,0.11424460000000003
2.3079e-08,0.10859649999999998
2.3081e-08,0.10293800000000008
2.3083e-08,0.09727419999999998
2.3085e-08,0.09160959999999996
2.3087e-08,0.08594860000000004
2.3089e-08,0.08029540000000002
2.3091e-08,0.07465390000000005
2.3093e-08,0.06902810000000004
2.3095e-08,0.06342150000000002
2.3097e-08,0.05783769999999999
2.3099e-08,0.05227979999999999
2.3101e-08,0.046751099999999934
2.3103e-08,0.041254400000000024
2.3105e-08,0.035792500000000005
2.3107e-08,0.03036800000000006
2.3109e-08,0.02498329999999993
2.3111e-08,0.019640900000000072
2.3113e-08,0.014342899999999936
2.3115e-08,0.009091200000000077
2.3117e-08,0.003887899999999944
2.3119e-08,-0.001265399999999972
2.3121e-08,-0.00636710000000007
2.3123e-08,-0.011415399999999964
2.3125e-08,-0.016409200000000013
2.3127e-08,-0.021347000000000005
2.3129e-08,-0.026227800000000023
2.3131e-08,-0.031050400000000034
2.3133e-08,-0.03581380000000001
2.3135e-08,-0.04051729999999998
2.3137e-08,-0.04515999999999998
2.3139e-08,-0.04974109999999998
2.3141e-08,-0.05426019999999998
2.3143e-08,-0.05871660000000001
2.3145e-08,-0.06310989999999994
2.3147e-08,-0.06743969999999999
2.3149e-08,-0.07170589999999999
2.3151e-08,-0.07590790000000003
2.3153e-08,-0.08004580000000006
2.3155e-08,-0.08411930000000001
2.3157e-08,-0.08812849999999994
2.3159e-08,-0.09207330000000002
2.3161e-08,-0.09595379999999998
2.3163e-08,-0.09977000000000003
2.3165e-08,-0.10352220000000001
2.3167e-08,-0.10721049999999999
2.3169e-08,-0.11083509999999996
2.3171e-08,-0.11439640000000006
2.3173e-08,-0.11789460000000007
2.3175e-08,-0.12132999999999994
2.3177e-08,-0.12470300000000001
2.3179e-08,-0.1280140999999999
2.3181e-08,-0.13126359999999992
2.3183e-08,-0.13445209999999996
2.3185e-08,-0.13758000000000004
2.3187e-08,-0.1406478
2.3189e-08,-0.14365610000000006
2.3191e-08,-0.14660530000000005
2.3193e-08,-0.1494960999999999
2.3195e-08,-0.1523291
2.3197e-08,-0.15510479999999993
2.31985e-08,-0.1571492
2.32e-08,-0.1591707
2.32002e-08,-0.15943929999999995
2.32006e-08,-0.1599762
2.32014e-08,-0.16104490000000005
2.3203e-08,-0.1631302
2.3205e-08,-0.165574
2.3207e-08,-0.1677693
2.3209e-08,-0.1696687
2.3211e-08,-0.17124620000000002
2.3213e-08,-0.17249019999999993
2.3215e-08,-0.1733985
2.3217e-08,-0.17397509999999994
2.3219e-08,-0.17422779999999993
2.3221e-08,-0.17416719999999997
2.3223e-08,-0.17380479999999998
2.3225e-08,-0.17315350000000007
2.3227e-08,-0.17222610000000005
2.3229e-08,-0.1710357
2.3231e-08,-0.1695953
2.3233e-08,-0.1679174
2.3235e-08,-0.16601450000000006
2.3237e-08,-0.1638986
2.3239e-08,-0.1615814000000001
2.3241e-08,-0.1590739000000001
2.3243e-08,-0.1563871
2.3245e-08,-0.15353150000000004
2.3247e-08,-0.15051710000000007
2.3249e-08,-0.14735360000000008
2.3251e-08,-0.1440503999999999
2.3253e-08,-0.14061649999999992
2.3255e-08,-0.13706050000000003
2.3257e-08,-0.13339089999999998
2.3259e-08,-0.12961560000000005
2.3261e-08,-0.12574249999999998
2.3263e-08,-0.12177880000000008
2.3265e-08,-0.1177319
2.3267e-08,-0.11360859999999995
2.3269e-08,-0.1094155
2.3271e-08,-0.10515920000000001
2.3273e-08,-0.10084550000000003
2.3275e-08,-0.09648050000000008
2.3277e-08,-0.09206990000000004
2.3279e-08,-0.08761890000000006
2.3281e-08,-0.08313300000000001
2.3283e-08,-0.07861700000000005
2.3285e-08,-0.07407589999999997
2.3287e-08,-0.06951390000000002
2.3289e-08,-0.06493579999999999
2.3291e-08,-0.0603456
2.3293e-08,-0.0557474
2.3295e-08,-0.051144999999999996
2.3297e-08,-0.04654199999999997
2.3299e-08,-0.041941999999999924
2.3301e-08,-0.037348200000000054
2.3303e-08,-0.03276380000000001
2.3305e-08,-0.028191999999999995
2.3307e-08,-0.023635300000000026
2.3309e-08,-0.019096799999999914
2.3311e-08,-0.014578800000000003
2.3313e-08,-0.010083799999999976
2.3315e-08,-0.005614100000000066
2.3317e-08,-0.0011719000000000035
2.3319e-08,0.003240899999999991
2.3321e-08,0.007622099999999965
2.3323e-08,0.011970200000000042
2.3325e-08,0.0162833
2.3327e-08,0.020559899999999964
2.3329e-08,0.024798499999999946
2.3331e-08,0.028997700000000015
2.3333e-08,0.03315620000000008
2.3335e-08,0.03727309999999995
2.3337e-08,0.041346900000000075
2.3339e-08,0.045376799999999995
2.3341e-08,0.04936180000000001
2.3343e-08,0.05330120000000005
2.3345e-08,0.057194100000000025
2.3347e-08,0.06103980000000009
2.3349e-08,0.06483780000000006
2.3351e-08,0.06858749999999991
2.3353e-08,0.07228820000000002
2.3355e-08,0.0759398
2.3357e-08,0.0795418
2.3359e-08,0.0830938000000001
2.3361e-08,0.0865956
2.3363e-08,0.0900472
2.3365e-08,0.09344810000000003
2.3367e-08,0.09679839999999995
2.3369e-08,0.10009799999999991
2.3371e-08,0.10334679999999996
2.3373e-08,0.10654490000000005
2.3375e-08,0.10969230000000008
2.3377e-08,0.11278929999999998
2.3379e-08,0.11583569999999999
2.3381e-08,0.11883179999999993
2.3383e-08,0.12177780000000005
2.3385e-08,0.12467400000000006
2.3387e-08,0.12752049999999993
2.3389e-08,0.1303177000000001
2.3391e-08,0.13306570000000006
2.3393e-08,0.13576489999999997
2.3395e-08,0.13841579999999998
2.3397e-08,0.14101850000000005
2.33985e-08,0.14293919999999993
2.34e-08,0.1448417999999999
2.34002e-08,0.14509490000000003
2.34006e-08,0.14560110000000004
2.34014e-08,0.1466094
2.3403e-08,0.14857770000000003
2.3405e-08,0.15088199999999996
2.3407e-08,0.15294489999999994
2.3409e-08,0.15471839999999992
2.3411e-08,0.15617629999999993
2.3413e-08,0.15730679999999997
2.3415e-08,0.1581074
2.3417e-08,0.1585818
2.3419e-08,0.15873769999999998
2.3421e-08,0.15858550000000005
2.3423e-08,0.15813670000000002
2.3425e-08,0.157404
2.3427e-08,0.1564002
2.3429e-08,0.15513830000000006
2.3431e-08,0.15363129999999992
2.3433e-08,0.15189160000000002
2.3435e-08,0.1499315000000001
2.3437e-08,0.14776319999999998
2.3439e-08,0.14539809999999997
2.3441e-08,0.14284750000000002
2.3443e-08,0.14012200000000008
2.3445e-08,0.13723229999999997
2.3447e-08,0.13418810000000003
2.3449e-08,0.13099929999999993
2.3451e-08,0.1276752
2.3453e-08,0.12422470000000008
2.3455e-08,0.1206564
2.3457e-08,0.11697869999999999
2.3459e-08,0.11319950000000001
2.3461e-08,0.1093265
2.3463e-08,0.10536709999999994
2.3465e-08,0.10132850000000004
2.3467e-08,0.09721740000000001
2.3469e-08,0.09304040000000002
2.3471e-08,0.08880390000000005
2.3473e-08,0.08451390000000003
2.3475e-08,0.08017609999999997
2.3477e-08,0.07579630000000004
2.3479e-08,0.07137969999999993
2.3481e-08,0.06693150000000003
2.3483e-08,0.06245659999999997
2.3485e-08,0.05795970000000006
2.3487e-08,0.05344529999999992
2.3489e-08,0.04891780000000001
2.3491e-08,0.04438120000000001
2.3493e-08,0.03983940000000008
2.3495e-08,0.03529630000000006
2.3497e-08,0.03075530000000004
2.3499e-08,0.026219900000000074
2.3501e-08,0.021693399999999974
2.3503e-08,0.017178700000000102
2.3505e-08,0.01267879999999999
2.3507e-08,0.008196599999999998
2.3509e-08,0.003734499999999974
2.3511e-08,-0.0007050000000000667
2.3513e-08,-0.005119299999999938
2.3515e-08,-0.009506499999999973
2.3517e-08,-0.01386429999999994
2.3519e-08,-0.01819090000000001
2.3521e-08,-0.022484499999999907
2.3523e-08,-0.026743199999999967
2.3525e-08,-0.03096539999999992
2.3527e-08,-0.03514969999999995
2.3529e-08,-0.039294700000000016
2.3531e-08,-0.043398999999999965
2.3533e-08,-0.04746159999999999
2.3535e-08,-0.051481200000000005
2.3537e-08,-0.05545679999999997
2.3539e-08,-0.05938750000000004
2.3541e-08,-0.06327249999999995
2.3543e-08,-0.06711099999999992
2.3545e-08,-0.07090219999999992
2.3547e-08,-0.07464550000000003
2.3549e-08,-0.07834039999999998
2.3551e-08,-0.08198640000000001
2.3553e-08,-0.08558319999999997
2.3555e-08,-0.08913019999999994
2.3557e-08,-0.09262709999999996
2.3559e-08,-0.09607379999999999
2.3561e-08,-0.09947000000000006
2.3563e-08,-0.10281560000000001
2.3565e-08,-0.10611040000000005
2.3567e-08,-0.10935439999999996
2.3569e-08,-0.11254760000000008
2.3571e-08,-0.11569000000000007
2.3573e-08,-0.11878159999999993
2.3575e-08,-0.1218226
2.3577e-08,-0.12481299999999995
2.3579e-08,-0.12775309999999995
2.3581e-08,-0.1306431
2.3583e-08,-0.13348300000000002
2.3585e-08,-0.13627319999999998
2.3587e-08,-0.13901410000000003
2.3589e-08,-0.1417058
2.3591e-08,-0.1443487
2.3593e-08,-0.1469431
2.3595e-08,-0.1494894
2.3597e-08,-0.15198809999999996
2.35985e-08,-0.15383079999999993
2.36e-08,-0.15564730000000004
2.36002e-08,-0.15588800000000003
2.36006e-08,-0.15637020000000001
2.36014e-08,-0.15733759999999997
2.3603e-08,-0.1592475
2.3605e-08,-0.16151159999999998
2.3607e-08,-0.16355830000000005
2.3609e-08,-0.16533009999999992
2.3611e-08,-0.1667944
2.3613e-08,-0.16793519999999995
2.3615e-08,-0.16874699999999998
2.3617e-08,-0.1692319
2.3619e-08,-0.1693964
2.3621e-08,-0.16925
2.3623e-08,-0.1688038999999999
2.3625e-08,-0.1680703
2.3627e-08,-0.16706200000000004
2.3629e-08,-0.16579199999999994
2.3631e-08,-0.16427309999999995
2.3633e-08,-0.1625179
2.3635e-08,-0.16053879999999998
2.3637e-08,-0.15834799999999993
2.3639e-08,-0.155957
2.3641e-08,-0.15337710000000004
2.3643e-08,-0.15061919999999995
2.3645e-08,-0.1476938
2.3647e-08,-0.14461100000000005
2.3649e-08,-0.14138070000000003
2.3651e-08,-0.13801219999999992
2.3653e-08,-0.13451460000000004
2.3655e-08,-0.13089650000000008
2.3657e-08,-0.12716649999999996
2.3659e-08,-0.12333249999999996
2.3661e-08,-0.11940229999999996
2.3663e-08,-0.11538349999999997
2.3665e-08,-0.11128329999999997
2.3667e-08,-0.10710849999999994
2.3669e-08,-0.10286569999999995
2.3671e-08,-0.09856149999999997
2.3673e-08,-0.09420200000000001
2.3675e-08,-0.08979310000000007
2.3677e-08,-0.08534039999999998
2.3679e-08,-0.08084939999999996
2.3681e-08,-0.07632539999999999
2.3683e-08,-0.07177310000000003
2.3685e-08,-0.06719770000000003
2.3687e-08,-0.06260359999999998
2.3689e-08,-0.05799500000000002
2.3691e-08,-0.05337639999999999
2.3693e-08,-0.048751600000000006
2.3695e-08,-0.04412460000000007
2.3697e-08,-0.039498800000000056
2.3699e-08,-0.034877999999999965
2.3701e-08,-0.030265199999999992
2.3703e-08,-0.025663699999999956
2.3705e-08,-0.0210766
2.3707e-08,-0.016506400000000032
2.3709e-08,-0.011955999999999967
2.3711e-08,-0.007428000000000101
2.3713e-08,-0.0029247000000000023
2.3715e-08,0.001551499999999928
2.3717e-08,0.0059987000000000235
2.3719e-08,0.010414699999999999
2.3721e-08,0.014797699999999914
2.3723e-08,0.01914579999999999
2.3725e-08,0.02345750000000002
2.3727e-08,0.027731300000000014
2.3729e-08,0.03196549999999998
2.3731e-08,0.036158800000000046
2.3733e-08,0.040310200000000074
2.3735e-08,0.04441830000000002
2.3737e-08,0.04848220000000003
2.3739e-08,0.0525007999999999
2.3741e-08,0.0564732
2.3743e-08,0.060398799999999975
2.3745e-08,0.06427670000000008
2.3747e-08,0.06810630000000006
2.3749e-08,0.07188689999999998
2.3751e-08,0.07561809999999991
2.3753e-08,0.07929950000000008
2.3755e-08,0.08293050000000002
2.3757e-08,0.086511
2.3759e-08,0.09004049999999997
2.3761e-08,0.09351899999999991
2.3763e-08,0.09694599999999998
2.3765e-08,0.10032180000000002
2.3767e-08,0.10364589999999996
2.3769e-08,0.10691870000000003
2.3771e-08,0.11013980000000001
2.3773e-08,0.11330950000000006
2.3775e-08,0.11642779999999997
2.3777e-08,0.11949480000000001
2.3779e-08,0.12251069999999997
2.3781e-08,0.12547560000000002
2.3783e-08,0.12838990000000006
2.3785e-08,0.13125359999999997
2.3787e-08,0.13406720000000005
2.3789e-08,0.13683079999999992
2.3791e-08,0.13954480000000002
2.3793e-08,0.1422095
2.3795e-08,0.14482530000000005
2.3797e-08,0.14739270000000004
2.37985e-08,0.1492865
2.38e-08,0.1511534
2.38002e-08,0.15140089999999995
2.38006e-08,0.1518965
2.38014e-08,0.1528906000000001
2.3803e-08,0.15485349999999998
2.3805e-08,0.15718290000000001
2.3807e-08,0.15929380000000004
2.3809e-08,0.16112890000000002
2.3811e-08,0.16265529999999995
2.3813e-08,0.16385699999999992
2.3815e-08,0.1647288
2.3817e-08,0.16527249999999993
2.3819e-08,0.1654949
2.3821e-08,0.16540520000000003
2.3823e-08,0.1650147999999999
2.3825e-08,0.16433600000000004
2.3827e-08,0.16338170000000007
2.3829e-08,0.16216470000000005
2.3831e-08,0.160698
2.3833e-08,0.15899419999999997
2.3835e-08,0.15706580000000003
2.3837e-08,0.15492490000000003
2.3839e-08,0.1525829999999999
2.3841e-08,0.15005159999999995
2.3843e-08,0.14734150000000001
2.3845e-08,0.1444633999999999
2.3847e-08,0.14142730000000003
2.3849e-08,0.138243
2.3851e-08,0.13491989999999998
2.3853e-08,0.1314672
2.3855e-08,0.1278935
2.3857e-08,0.12420729999999991
2.3859e-08,0.12041670000000004
2.3861e-08,0.1165294
2.3863e-08,0.1125529999999999
2.3865e-08,0.1084946
2.3867e-08,0.10436119999999993
2.3869e-08,0.10015960000000002
2.3871e-08,0.09589590000000003
2.3873e-08,0.09157649999999995
2.3875e-08,0.08720719999999993
2.3877e-08,0.08279369999999997
2.3879e-08,0.07834160000000001
2.3881e-08,0.07385589999999997
2.3883e-08,0.0693416
2.3885e-08,0.06480370000000002
2.3887e-08,0.06024649999999998
2.3889e-08,0.05567470000000008
2.3891e-08,0.05109240000000004
2.3893e-08,0.04650339999999997
2.3895e-08,0.0419119
2.3897e-08,0.037321099999999996
2.3899e-08,0.03273490000000001
2.3901e-08,0.028156300000000023
2.3903e-08,0.02358859999999996
2.3905e-08,0.01903480000000002
2.3907e-08,0.0144976
2.3909e-08,0.009979700000000036
2.3911e-08,0.005483899999999986
2.3913e-08,0.001012299999999966
2.3915e-08,-0.0034327000000000663
2.3917e-08,-0.007848899999999936
2.3919e-08,-0.012234500000000037
2.3921e-08,-0.016587300000000083
2.3923e-08,-0.020905700000000027
2.3925e-08,-0.025188199999999994
2.3927e-08,-0.029433000000000042
2.3929e-08,-0.03363859999999996
2.3931e-08,-0.03780399999999995
2.3933e-08,-0.04192770000000001
2.3935e-08,-0.04600850000000001
2.3937e-08,-0.05004540000000002
2.3939e-08,-0.05403760000000002
2.3941e-08,-0.057983999999999924
2.3943e-08,-0.061883800000000044
2.3945e-08,-0.06573640000000003
2.3947e-08,-0.06954099999999996
2.3949e-08,-0.07329699999999995
2.3951e-08,-0.07700400000000007
2.3953e-08,-0.08066149999999994
2.3955e-08,-0.08426909999999999
2.3957e-08,-0.08782639999999997
2.3959e-08,-0.0913332
2.3961e-08,-0.09478920000000002
2.3963e-08,-0.09819429999999996
2.3965e-08,-0.10154839999999998
2.3967e-08,-0.10485120000000003
2.3969e-08,-0.1081029
2.3971e-08,-0.11130339999999994
2.3973e-08,-0.11445280000000002
2.3975e-08,-0.11755109999999991
2.3977e-08,-0.12059850000000005
2.3979e-08,-0.12359500000000001
2.3981e-08,-0.12654090000000007
2.3983e-08,-0.12943650000000007
2.3985e-08,-0.1322818
2.3987e-08,-0.13507729999999996
2.3989e-08,-0.13782309999999998
2.3991e-08,-0.14051970000000003
2.3993e-08,-0.1431673
2.3995e-08,-0.14576630000000002
2.3997e-08,-0.14831690000000008
2.39985e-08,-0.1501985
2.4e-08,-0.1520534
2.40002e-08,-0.15229910000000002
2.40006e-08,-0.15279169999999997
2.40014e-08,-0.15377930000000006
2.4003e-08,-0.15572969999999997
2.4005e-08,-0.15804360000000006
2.4007e-08,-0.1601395
2.4009e-08,-0.16195969999999993
2.4011e-08,-0.16347160000000005
2.4013e-08,-0.1646592
2.4015e-08,-0.16551709999999997
2.4017e-08,-0.16604719999999995
2.4019e-08,-0.16625630000000002
2.4021e-08,-0.1661536
2.4023e-08,-0.16575050000000002
2.4025e-08,-0.16505939999999997
2.4027e-08,-0.16409279999999993
2.4029e-08,-0.1628638
2.4031e-08,-0.1613854
2.4033e-08,-0.15967009999999993
2.4035e-08,-0.15773040000000005
2.4037e-08,-0.1555784
2.4039e-08,-0.15322559999999996
2.4041e-08,-0.15068349999999997
2.4043e-08,-0.14796300000000007
2.4045e-08,-0.1450745
2.4047e-08,-0.1420283
2.4049e-08,-0.138834
2.4051e-08,-0.13550110000000004
2.4053e-08,-0.1320388
2.4055e-08,-0.12845550000000006
2.4057e-08,-0.12475999999999998
2.4059e-08,-0.1209600999999999
2.4061e-08,-0.11706380000000005
2.4063e-08,-0.11307840000000002
2.4065e-08,-0.10901119999999997
2.4067e-08,-0.10486909999999994
2.4069e-08,-0.1006589
2.4071e-08,-0.0963868
2.4073e-08,-0.09205910000000006
2.4075e-08,-0.08768160000000003
2.4077e-08,-0.08326
2.4079e-08,-0.07879989999999992
2.4081e-08,-0.07430630000000005
2.4083e-08,-0.06978439999999997
2.4085e-08,-0.06523880000000004
2.4087e-08,-0.06067420000000001
2.4089e-08,-0.05609489999999995
2.4091e-08,-0.051505299999999976
2.4093e-08,-0.046909199999999984
2.4095e-08,-0.04231050000000003
2.4097e-08,-0.03771279999999999
2.4099e-08,-0.033119599999999916
2.4101e-08,-0.028534300000000012
2.4103e-08,-0.023959900000000034
2.4105e-08,-0.019399500000000014
2.4107e-08,-0.014855900000000033
2.4109e-08,-0.010331700000000055
2.4111e-08,-0.005829500000000043
2.4113e-08,-0.001351799999999903
2.4115e-08,0.003099300000000027
2.4117e-08,0.007521599999999906
2.4119e-08,0.011913000000000062
2.4121e-08,0.01627159999999994
2.4123e-08,0.0205959
2.4125e-08,0.02488390000000007
2.4127e-08,0.0291342
2.4129e-08,0.03334539999999997
2.4131e-08,0.037515999999999994
2.4133e-08,0.041644899999999985
2.4135e-08,0.04573090000000002
2.4137e-08,0.049772999999999956
2.4139e-08,0.05377009999999993
2.4141e-08,0.057721400000000034
2.4143e-08,0.06162610000000002
2.4145e-08,0.06548339999999997
2.4147e-08,0.06929269999999998
2.4149e-08,0.07305329999999999
2.4151e-08,0.07676490000000002
2.4153e-08,0.08042669999999996
2.4155e-08,0.08403869999999991
2.4157e-08,0.08760030000000008
2.4159e-08,0.0911113
2.4161e-08,0.09457139999999997
2.4163e-08,0.09798059999999997
2.4165e-08,0.10133859999999995
2.4167e-08,0.1046454
2.4169e-08,0.10790100000000002
2.4171e-08,0.11110530000000007
2.4173e-08,0.11425829999999992
2.4175e-08,0.11736020000000003
2.4177e-08,0.12041119999999994
2.4179e-08,0.12341119999999994
2.4181e-08,0.12636059999999993
2.4183e-08,0.12925959999999992
2.4185e-08,0.1321082
2.4187e-08,0.134907
2.4189e-08,0.13765610000000006
2.4191e-08,0.14035569999999997
2.4193e-08,0.14300630000000003
2.4195e-08,0.14560830000000002
2.4197e-08,0.14816210000000007
2.41985e-08,0.1500457999999999
2.42e-08,0.15191140000000003
2.42002e-08,0.15215959999999995
2.42006e-08,0.15265589999999996
2.42014e-08,0.15364429999999996
2.4203e-08,0.15557300000000007
2.4205e-08,0.15782800000000008
2.4207e-08,0.15984180000000003
2.4209e-08,0.16156669999999995
2.4211e-08,0.16297650000000008
2.4213e-08,0.16405920000000007
2.4215e-08,0.16481239999999997
2.4217e-08,0.16523999999999994
2.4219e-08,0.16534949999999993
2.4221e-08,0.16515120000000005
2.4223e-08,0.16465700000000005
2.4225e-08,0.163879
2.4227e-08,0.16283039999999993
2.4229e-08,0.1615238000000001
2.4231e-08,0.15997240000000001
2.4233e-08,0.1581885999999999
2.4235e-08,0.15618449999999995
2.4237e-08,0.1539724
2.4239e-08,0.15156360000000002
2.4241e-08,0.14896920000000002
2.4243e-08,0.14620030000000006
2.4245e-08,0.14326699999999992
2.4247e-08,0.1401793
2.4249e-08,0.13694700000000004
2.4251e-08,0.13357930000000007
2.4253e-08,0.1300852
2.4255e-08,0.12647319999999995
2.4257e-08,0.12275180000000008
2.4259e-08,0.11892880000000006
2.4261e-08,0.11501190000000006
2.4263e-08,0.11100850000000007
2.4265e-08,0.10692579999999996
2.4267e-08,0.10277040000000004
2.4269e-08,0.0985492
2.4271e-08,0.09426820000000002
2.4273e-08,0.0899337
2.4275e-08,0.08555139999999994
2.4277e-08,0.0811269
2.4279e-08,0.07666549999999994
2.4281e-08,0.07217249999999997
2.4283e-08,0.06765270000000001
2.4285e-08,0.06311079999999991
2.4287e-08,0.05855139999999992
2.4289e-08,0.053978699999999935
2.4291e-08,0.049396899999999966
2.4293e-08,0.044810099999999964
2.4295e-08,0.04022170000000003
2.4297e-08,0.03563559999999999
2.4299e-08,0.031055100000000002
2.4301e-08,0.026483400000000046
2.4303e-08,0.021923600000000043
2.4305e-08,0.01737859999999991
2.4307e-08,0.01285130000000001
2.4309e-08,0.008344200000000024
2.4311e-08,0.0038599999999999746
2.4313e-08,-0.0005991999999999109
2.4315e-08,-0.005031000000000008
2.4317e-08,-0.009433499999999984
2.4319e-08,-0.013804499999999997
2.4321e-08,-0.018142299999999945
2.4323e-08,-0.022445099999999996
2.4325e-08,-0.026711299999999993
2.4327e-08,-0.03093950000000001
2.4329e-08,-0.035128200000000054
2.4331e-08,-0.03927599999999998
2.4333e-08,-0.04338170000000008
2.4335e-08,-0.047444299999999995
2.4337e-08,-0.05146269999999997
2.4339e-08,-0.05543609999999999
2.4341e-08,-0.059363500000000013
2.4343e-08,-0.06324399999999997
2.4345e-08,-0.0670771
2.4347e-08,-0.07086209999999993
2.4349e-08,-0.0745982999999999
2.4351e-08,-0.07828550000000001
2.4353e-08,-0.08192299999999997
2.4355e-08,-0.08551039999999999
2.4357e-08,-0.08904770000000006
2.4359e-08,-0.09253430000000007
2.4361e-08,-0.09597009999999995
2.4363e-08,-0.09935499999999997
2.4365e-08,-0.10268889999999997
2.4367e-08,-0.10597159999999994
2.4369e-08,-0.10920319999999994
2.4371e-08,-0.11238370000000009
2.4373e-08,-0.11551299999999998
2.4375e-08,-0.11859149999999996
2.4377e-08,-0.12161910000000009
2.4379e-08,-0.12459599999999993
2.4381e-08,-0.12752240000000004
2.4383e-08,-0.13039849999999997
2.4385e-08,-0.13322460000000003
2.4387e-08,-0.13600100000000004
2.4389e-08,-0.13872779999999996
2.4391e-08,-0.14140560000000002
2.4393e-08,-0.14403450000000007
2.4395e-08,-0.14661499999999994
2.4397e-08,-0.14914740000000004
2.43985e-08,-0.15101540000000002
2.44e-08,-0.15285670000000007
2.44002e-08,-0.15309989999999996
2.44006e-08,-0.15358550000000004
2.44014e-08,-0.15455110000000005
2.4403e-08,-0.15645979999999993
2.4405e-08,-0.1588041
2.4407e-08,-0.16110259999999998
2.4409e-08,-0.1633555
2.4411e-08,-0.16556340000000003
2.4413e-08,-0.16772679999999995
2.4415e-08,-0.16984620000000006
2.4417e-08,-0.17192189999999996
2.4419e-08,-0.1739548999999999
2.4421e-08,-0.17594520000000002
2.4423e-08,-0.17789350000000004
2.4425e-08,-0.17980040000000008
2.4427e-08,-0.1816664
2.4429e-08,-0.18349190000000004
2.4431e-08,-0.18527760000000004
2.4433e-08,-0.18702399999999997
2.4435e-08,-0.1887316
2.4437e-08,-0.19040100000000004
2.4439e-08,-0.1920326000000001
2.4441e-08,-0.1936272
2.4443e-08,-0.1951851
2.4445e-08,-0.19670690000000002
2.4447e-08,-0.19819319999999996
2.4449e-08,-0.19964439999999994
2.4451e-08,-0.20106120000000005
2.4453e-08,-0.20244410000000002
2.4455e-08,-0.20379349999999996
2.4457e-08,-0.2051101999999999
2.4459e-08,-0.20639450000000004
2.4461e-08,-0.20764690000000008
2.4463e-08,-0.2088681
2.4465e-08,-0.21005850000000004
2.4467e-08,-0.21121860000000003
2.4469e-08,-0.21234909999999996
2.4471e-08,-0.21345019999999992
2.4473e-08,-0.2145226
2.4475e-08,-0.2155669
2.4477e-08,-0.21658319999999998
2.4479e-08,-0.21757250000000006
2.4481e-08,-0.21853489999999998
2.4483e-08,-0.21947100000000008
2.4485e-08,-0.2203813
2.4487e-08,-0.22126629999999992
2.4489e-08,-0.22212639999999995
2.4491e-08,-0.222962
2.4493e-08,-0.22377380000000002
2.4495e-08,-0.22456200000000004
2.4497e-08,-0.2253271
2.4499e-08,-0.22606959999999998
2.4501e-08,-0.2267899
2.4503e-08,-0.22748849999999998
2.4505e-08,-0.22816559999999997
2.4507e-08,-0.2288218999999999
2.4509e-08,-0.2294577
2.4511e-08,-0.23007329999999993
2.4513e-08,-0.23066929999999997
2.4515e-08,-0.23124579999999995
2.4517e-08,-0.2318036
2.4519e-08,-0.23234279999999996
2.4521e-08,-0.23286379999999995
2.4523e-08,-0.23336710000000005
2.4525e-08,-0.23385289999999992
2.4527e-08,-0.23432169999999997
2.4529e-08,-0.23477380000000003
2.4531e-08,-0.2352095999999999
2.4533e-08,-0.2356294
2.4535e-08,-0.2360335
2.4537e-08,-0.23642240000000003
2.4539e-08,-0.23679629999999996
2.4541e-08,-0.23715549999999996
2.4543e-08,-0.23750040000000006
2.4545e-08,-0.23783129999999997
2.4547e-08,-0.23814849999999999
2.4549e-08,-0.2384524
2.4551e-08,-0.23874299999999993
2.4553e-08,-0.23902100000000004
2.4555e-08,-0.23928649999999996
2.4557e-08,-0.23953970000000002
2.4559e-08,-0.23978100000000002
2.4561e-08,-0.24001059999999996
2.4563e-08,-0.24022889999999997
2.4565e-08,-0.24043599999999998
2.4567e-08,-0.24063239999999997
2.4569e-08,-0.24081810000000003
2.4571e-08,-0.24099349999999997
2.4573e-08,-0.24115889999999995
2.4575e-08,-0.24131440000000004
2.4577e-08,-0.24146029999999996
2.4579e-08,-0.2415969
2.4581e-08,-0.2417243
2.4583e-08,-0.24184280000000002
2.4585e-08,-0.24195259999999996
2.4587e-08,-0.24205410000000005
2.4589e-08,-0.2421472
2.4591e-08,-0.24223240000000001
2.4593e-08,-0.24230980000000002
2.4595e-08,-0.24237960000000003
2.4597e-08,-0.2424419
2.45985e-08,-0.24248389999999997
2.46e-08,-0.24252200000000002
2.46002e-08,-0.24252669999999998
2.46006e-08,-0.24253610000000003
2.46014e-08,-0.2425539
2.4603e-08,-0.24258639999999998
2.4605e-08,-0.24262110000000003
2.4607e-08,-0.24264929999999996
2.4609e-08,-0.24267129999999992
2.4611e-08,-0.24268710000000004
2.4613e-08,-0.24269700000000005
2.4615e-08,-0.24270119999999995
2.4617e-08,-0.24269980000000002
2.4619e-08,-0.2426929
2.4621e-08,-0.24268080000000003
2.4623e-08,-0.24266350000000003
2.4625e-08,-0.24264130000000006
2.4627e-08,-0.2426142
2.4629e-08,-0.24258259999999998
2.4631e-08,-0.2425463
2.4633e-08,-0.2425058
2.4635e-08,-0.24246089999999998
2.4637e-08,-0.24241200000000007
2.4639e-08,-0.242359
2.4641e-08,-0.24230209999999996
2.4643e-08,-0.2422417
2.4645e-08,-0.24217750000000005
2.4647e-08,-0.2421099
2.4649e-08,-0.242039
2.4651e-08,-0.2419648000000001
2.4653e-08,-0.24188739999999997
2.4655e-08,-0.24180709999999994
2.4657e-08,-0.2417239
2.4659e-08,-0.2416378
2.4661e-08,-0.24154889999999996
2.4663e-08,-0.24145759999999994
2.4665e-08,-0.24136369999999996
2.4667e-08,-0.24126749999999997
2.4669e-08,-0.24116880000000007
2.4671e-08,-0.24106799999999995
2.4673e-08,-0.24096509999999993
2.4675e-08,-0.24086010000000002
2.4677e-08,-0.24075310000000005
2.4679e-08,-0.24064429999999992
2.4681e-08,-0.24053370000000007
2.4683e-08,-0.24042149999999995
2.4685e-08,-0.2403074999999999
2.4687e-08,-0.24019199999999996
2.4689e-08,-0.24007509999999999
2.4691e-08,-0.23995670000000002
2.4693e-08,-0.23983710000000003
2.4695e-08,-0.2397161
2.4697e-08,-0.23959400000000008
2.4699e-08,-0.23947070000000004
2.4701e-08,-0.23934639999999996
2.4703e-08,-0.2392209999999999
2.4705e-08,-0.2390947
2.4707e-08,-0.2389675
2.4709e-08,-0.23883949999999998
2.4711e-08,-0.2387108
2.4713e-08,-0.2385813
2.4715e-08,-0.23845119999999997
2.4717e-08,-0.2383204
2.4719e-08,-0.23818909999999993
2.4721e-08,-0.23805740000000009
2.4723e-08,-0.2379251
2.4725e-08,-0.23779240000000001
2.4727e-08,-0.23765940000000008
2.4729e-08,-0.23752600000000001
2.4731e-08,-0.23739239999999995
2.4733e-08,-0.23725849999999993
2.4735e-08,-0.23712450000000007
2.4737e-08,-0.23699020000000004
2.4739e-08,-0.2368558999999999
2.4741e-08,-0.23672150000000003
2.4743e-08,-0.236587
2.4745e-08,-0.2364526
2.4747e-08,-0.23631809999999998
2.4749e-08,-0.2361837
2.4751e-08,-0.23604940000000008
2.4753e-08,-0.2359152
2.4755e-08,-0.23578109999999997
2.4757e-08,-0.23564739999999995
2.4759e-08,-0.2355138
2.4761e-08,-0.2353803000000001
2.4763e-08,-0.23524710000000004
2.4765e-08,-0.2351143
2.4767e-08,-0.23498180000000002
2.4769e-08,-0.2348496
2.4771e-08,-0.23471770000000003
2.4773e-08,-0.23458630000000003
2.4775e-08,-0.23445520000000009
2.4777e-08,-0.23432470000000005
2.4779e-08,-0.23419449999999997
2.4781e-08,-0.23406479999999996
2.4783e-08,-0.23393550000000007
2.4785e-08,-0.23380669999999992
2.4787e-08,-0.23367859999999996
2.4789e-08,-0.2335509
2.4791e-08,-0.2334237
2.4793e-08,-0.2332972000000001
2.4795e-08,-0.23317120000000002
2.4797e-08,-0.23304590000000003
2.47985e-08,-0.23295219999999994
2.48e-08,-0.23285900000000004
2.48002e-08,-0.23284660000000001
2.48006e-08,-0.23282170000000002
2.48014e-08,-0.23277219999999998
2.4803e-08,-0.23267349999999998
2.4805e-08,-0.23255060000000005
2.4807e-08,-0.23242839999999998
2.4809e-08,-0.2323069000000001
2.4811e-08,-0.232186
2.4813e-08,-0.23206590000000005
2.4815e-08,-0.2319464
2.4817e-08,-0.2318275999999999
2.4819e-08,-0.23170959999999996
2.4821e-08,-0.23159229999999997
2.4823e-08,-0.23147569999999995
2.4825e-08,-0.23135990000000006
2.4827e-08,-0.23124480000000003
2.4829e-08,-0.2311304999999999
2.4831e-08,-0.23101690000000008
2.4833e-08,-0.23090409999999995
2.4835e-08,-0.23079209999999994
2.4837e-08,-0.23068080000000002
2.4839e-08,-0.2305703
2.4841e-08,-0.2304605999999999
2.4843e-08,-0.23035170000000005
2.4845e-08,-0.2302436
2.4847e-08,-0.23013630000000007
2.4849e-08,-0.23002979999999995
2.4851e-08,-0.22992409999999996
2.4853e-08,-0.2298192
2.4855e-08,-0.229715
2.4857e-08,-0.22961170000000009
2.4859e-08,-0.22950919999999997
2.4861e-08,-0.22940760000000004
2.4863e-08,-0.22930670000000009
2.4865e-08,-0.22920660000000004
2.4867e-08,-0.22910739999999996
2.4869e-08,-0.22900889999999996
2.4871e-08,-0.2289114
2.4873e-08,-0.22881450000000003
2.4875e-08,-0.22871850000000005
2.4877e-08,-0.22862339999999992
2.4879e-08,-0.22852899999999998
2.4881e-08,-0.2284355
2.4883e-08,-0.2283427
2.4885e-08,-0.22825079999999998
2.4887e-08,-0.22815960000000002
2.4889e-08,-0.22806929999999992
2.4891e-08,-0.22797979999999995
2.4893e-08,-0.2278911
2.4895e-08,-0.22780319999999998
2.4897e-08,-0.22771600000000003
2.4899e-08,-0.2276298
2.4901e-08,-0.22754420000000009
2.4903e-08,-0.22745950000000004
2.4905e-08,-0.22737549999999995
2.4907e-08,-0.2272923
2.4909e-08,-0.22721000000000002
2.4911e-08,-0.2271284
2.4913e-08,-0.22704760000000002
2.4915e-08,-0.22696760000000005
2.4917e-08,-0.22688819999999998
2.4919e-08,-0.2268096999999999
2.4921e-08,-0.22673200000000004
2.4923e-08,-0.22665499999999994
2.4925e-08,-0.2265786999999999
2.4927e-08,-0.22650320000000002
2.4929e-08,-0.22642849999999992
2.4931e-08,-0.22635450000000001
2.4933e-08,-0.22628120000000007
2.4935e-08,-0.22620870000000004
2.4937e-08,-0.22613700000000003
2.4939e-08,-0.2260658000000001
2.4941e-08,-0.22599560000000007
2.4943e-08,-0.2259259
2.4945e-08,-0.22585699999999997
2.4947e-08,-0.2257888
2.4949e-08,-0.2257213
2.4951e-08,-0.22565449999999998
2.4953e-08,-0.22558849999999997
2.4955e-08,-0.22552300000000003
2.4957e-08,-0.2254583
2.4959e-08,-0.2253942
2.4961e-08,-0.2253309
2.4963e-08,-0.22526829999999998
2.4965e-08,-0.22520630000000008
2.4967e-08,-0.2251449000000001
2.4969e-08,-0.22508420000000007
2.4971e-08,-0.2250242
2.4973e-08,-0.22496470000000002
2.4975e-08,-0.22490599999999994
2.4977e-08,-0.2248479
2.4979e-08,-0.22479039999999995
2.4981e-08,-0.22473359999999998
2.4983e-08,-0.22467729999999997
2.4985e-08,-0.2246218000000001
2.4987e-08,-0.22456680000000007
2.4989e-08,-0.22451239999999995
2.4991e-08,-0.22445860000000006
2.4993e-08,-0.22440539999999998
2.4995e-08,-0.22435280000000002
2.4997e-08,-0.22430090000000003
2.49985e-08,-0.22426220000000008
2.5e-08,-0.22422390000000003
2.50002e-08,-0.2242189
2.50006e-08,-0.22420870000000004
2.50014e-08,-0.22418860000000007
2.5003e-08,-0.22414829999999997
2.5005e-08,-0.22409869999999998
2.5007e-08,-0.22404959999999996
2.5009e-08,-0.22400109999999995
2.5011e-08,-0.22395299999999996
2.5013e-08,-0.22390560000000004
2.5015e-08,-0.22385870000000008
2.5017e-08,-0.22381230000000008
2.5019e-08,-0.2237665000000001
2.5021e-08,-0.22372119999999995
2.5023e-08,-0.2236764
2.5025e-08,-0.2236321
2.5027e-08,-0.22358840000000002
2.5029e-08,-0.2235452
2.5031e-08,-0.2235024
2.5033e-08,-0.22346030000000006
2.5035e-08,-0.22341860000000002
2.5037e-08,-0.2233773
2.5039e-08,-0.2233366
2.5041e-08,-0.2232963
2.5043e-08,-0.22325649999999997
2.5045e-08,-0.2232172
2.5047e-08,-0.2231784
2.5049e-08,-0.2231399999999999
2.5051e-08,-0.22310209999999997
2.5053e-08,-0.22306459999999995
2.5055e-08,-0.2230276000000001
2.5057e-08,-0.22299099999999994
2.5059e-08,-0.22295490000000007
2.5061e-08,-0.22291929999999993
2.5063e-08,-0.22288399999999997
2.5065e-08,-0.22284910000000002
2.5067e-08,-0.22281479999999998
2.5069e-08,-0.22278070000000005
2.5071e-08,-0.22274720000000003
2.5073e-08,-0.22271399999999997
2.5075e-08,-0.22268130000000008
2.5077e-08,-0.22264899999999999
2.5079e-08,-0.2226169
2.5081e-08,-0.22258539999999993
2.5083e-08,-0.2225543000000001
2.5085e-08,-0.2225235000000001
2.5087e-08,-0.2224931
2.5089e-08,-0.22246310000000002
2.5091e-08,-0.2224334
2.5093e-08,-0.2224041000000001
2.5095e-08,-0.2223752
2.5097e-08,-0.22234659999999995
2.5099e-08,-0.22231849999999997
2.5101e-08,-0.2222906
2.5103e-08,-0.22226309999999994
2.5105e-08,-0.22223590000000004
2.5107e-08,-0.2222092
2.5109e-08,-0.22218269999999996
2.5111e-08,-0.22215649999999998
2.5113e-08,-0.22213079999999996
2.5115e-08,-0.22210529999999995
2.5117e-08,-0.2220801
2.5119e-08,-0.2220552
2.5121e-08,-0.22203079999999997
2.5123e-08,-0.2220065
2.5125e-08,-0.22198260000000003
2.5127e-08,-0.22195900000000002
2.5129e-08,-0.22193569999999996
2.5131e-08,-0.22191280000000002
2.5133e-08,-0.22189000000000003
2.5135e-08,-0.2218677
2.5137e-08,-0.22184550000000003
2.5139e-08,-0.2218237999999999
2.5141e-08,-0.22180219999999995
2.5143e-08,-0.22178089999999995
2.5145e-08,-0.2217599
2.5147e-08,-0.22173919999999991
2.5149e-08,-0.22171870000000005
2.5151e-08,-0.22169850000000002
2.5153e-08,-0.22167859999999995
2.5155e-08,-0.22165900000000005
2.5157e-08,-0.2216395
2.5159e-08,-0.2216203
2.5161e-08,-0.22160140000000006
2.5163e-08,-0.22158280000000008
2.5165e-08,-0.2215644
2.5167e-08,-0.22154629999999997
2.5169e-08,-0.2215283
2.5171e-08,-0.2215106
2.5173e-08,-0.2214931
2.5175e-08,-0.22147590000000006
2.5177e-08,-0.22145890000000001
2.5179e-08,-0.22144209999999998
2.5181e-08,-0.2214256
2.5183e-08,-0.22140919999999997
2.5185e-08,-0.2213931
2.5187e-08,-0.22137720000000005
2.5189e-08,-0.22136139999999993
2.5191e-08,-0.22134600000000004
2.5193e-08,-0.2213307
2.5195e-08,-0.22131559999999995
2.5197e-08,-0.22130070000000002
2.51985e-08,-0.22128969999999992
2.52e-08,-0.2212788
2.52002e-08,-0.22127740000000007
2.52006e-08,-0.22127439999999998
2.52014e-08,-0.22126869999999998
2.5203e-08,-0.2212573
2.5205e-08,-0.22124310000000003
2.5207e-08,-0.22122930000000007
2.5209e-08,-0.22121560000000007
2.5211e-08,-0.221202
2.5213e-08,-0.22118860000000007
2.5215e-08,-0.22117550000000008
2.5217e-08,-0.22116250000000004
2.5219e-08,-0.22114960000000006
2.5221e-08,-0.22113700000000003
2.5223e-08,-0.22112449999999995
2.5225e-08,-0.22111219999999998
2.5227e-08,-0.2211000999999999
2.5229e-08,-0.2210881
2.5231e-08,-0.2210763
2.5233e-08,-0.22106460000000006
2.5235e-08,-0.2210531
2.5237e-08,-0.22104180000000007
2.5239e-08,-0.22103059999999997
2.5241e-08,-0.22101950000000004
2.5243e-08,-0.22100869999999995
2.5245e-08,-0.22099790000000008
2.5247e-08,-0.22098739999999994
2.5249e-08,-0.22097679999999997
2.5251e-08,-0.2209666
2.5253e-08,-0.22095640000000005
2.5255e-08,-0.2209464
2.5257e-08,-0.2209365000000001
2.5259e-08,-0.22092679999999998
2.5261e-08,-0.22091720000000004
2.5263e-08,-0.22090769999999993
2.5265e-08,-0.22089840000000005
2.5267e-08,-0.2208892
2.5269e-08,-0.22087999999999997
2.5271e-08,-0.2208711
2.5273e-08,-0.22086229999999996
2.5275e-08,-0.22085349999999992
2.5277e-08,-0.2208449
2.5279e-08,-0.22083640000000004
2.5281e-08,-0.22082800000000002
2.5283e-08,-0.2208198
2.5285e-08,-0.22081170000000006
2.5287e-08,-0.22080370000000005
2.5289e-08,-0.22079570000000004
2.5291e-08,-0.22078789999999993
2.5293e-08,-0.22078029999999993
2.5295e-08,-0.22077269999999993
2.5297e-08,-0.2207652
2.5299e-08,-0.2207578
2.5301e-08,-0.22075060000000002
2.5303e-08,-0.22074340000000003
2.5305e-08,-0.22073639999999994
2.5307e-08,-0.22072939999999996
2.5309e-08,-0.22072250000000004
2.5311e-08,-0.22071570000000007
2.5313e-08,-0.2207091
2.5315e-08,-0.2207024999999999
2.5317e-08,-0.220696
2.5319e-08,-0.22068960000000004
2.5321e-08,-0.22068330000000003
2.5323e-08,-0.220677
2.5325e-08,-0.22067100000000006
2.5327e-08,-0.2206648
2.5329e-08,-0.2206589
2.5331e-08,-0.220653
2.5333e-08,-0.22064719999999993
2.5335e-08,-0.22064149999999993
2.5337e-08,-0.2206359
2.5339e-08,-0.22063030000000006
2.5341e-08,-0.2206249
2.5343e-08,-0.22061949999999997
2.5345e-08,-0.22061409999999992
2.5347e-08,-0.2206089
2.5349e-08,-0.22060380000000002
2.5351e-08,-0.22059859999999998
2.5353e-08,-0.22059360000000006
2.5355e-08,-0.22058860000000002
2.5357e-08,-0.2205838
2.5359e-08,-0.22057899999999997
2.5361e-08,-0.22057420000000005
2.5363e-08,-0.22056960000000003
2.5365e-08,-0.22056489999999995
2.5367e-08,-0.2205604
2.5369e-08,-0.22055590000000003
2.5371e-08,-0.2205515
2.5373e-08,-0.2205471
2.5375e-08,-0.2205429
2.5377e-08,-0.22053869999999998
2.5379e-08,-0.22053449999999997
2.5381e-08,-0.22053040000000002
2.5383e-08,-0.2205264
2.5385e-08,-0.2205224
2.5387e-08,-0.2205184
2.5389e-08,-0.2205146
2.5391e-08,-0.2205108
2.5393e-08,-0.220507
2.5395e-08,-0.2205032
2.5397e-08,-0.22049960000000002
2.53985e-08,-0.2204969
2.54e-08,-0.22049419999999997
2.54002e-08,-0.22049390000000002
2.54006e-08,-0.22049319999999994
2.54014e-08,-0.22049169999999996
2.5403e-08,-0.2204889
2.5405e-08,-0.2204855
2.5407e-08,-0.22048210000000001
2.5409e-08,-0.22047870000000003
2.5411e-08,-0.22047550000000005
2.5413e-08,-0.2204722
2.5415e-08,-0.22046899999999992
2.5417e-08,-0.2204659
2.5419e-08,-0.2204627
2.5421e-08,-0.22045969999999993
2.5423e-08,-0.2204566
2.5425e-08,-0.22045360000000003
2.5427e-08,-0.2204507
2.5429e-08,-0.22044779999999997
2.5431e-08,-0.220445
2.5433e-08,-0.22044220000000003
2.5435e-08,-0.22043939999999995
2.5437e-08,-0.22043659999999998
2.5439e-08,-0.22043400000000002
2.5441e-08,-0.2204313
2.5443e-08,-0.22042870000000003
2.5445e-08,-0.22042609999999996
2.5447e-08,-0.22042360000000005
2.5449e-08,-0.22042110000000004
2.5451e-08,-0.22041860000000002
2.5453e-08,-0.22041619999999995
2.5455e-08,-0.2204138
2.5457e-08,-0.22041149999999998
2.5459e-08,-0.22040910000000002
2.5461e-08,-0.22040690000000007
2.5463e-08,-0.22040460000000006
2.5465e-08,-0.22040230000000005
2.5467e-08,-0.2204001
2.5469e-08,-0.22039810000000004
2.5471e-08,-0.22039589999999998
2.5473e-08,-0.22039390000000003
2.5475e-08,-0.22039169999999997
2.5477e-08,-0.22038970000000002
2.5479e-08,-0.22038769999999996
2.5481e-08,-0.22038570000000002
2.5483e-08,-0.22038380000000002
2.5485e-08,-0.22038190000000002
2.5487e-08,-0.22038000000000002
2.5489e-08,-0.22037820000000008
2.5491e-08,-0.22037629999999997
2.5493e-08,-0.22037450000000003
2.5495e-08,-0.22037280000000004
2.5497e-08,-0.2203710000000001
2.5499e-08,-0.22036919999999993
2.5501e-08,-0.2203676
2.5503e-08,-0.2203659
2.5505e-08,-0.2203642
2.5507e-08,-0.22036260000000008
2.5509e-08,-0.22036100000000003
2.5511e-08,-0.22035939999999998
2.5513e-08,-0.22035779999999994
2.5515e-08,-0.2203564
2.5517e-08,-0.22035479999999996
2.5519e-08,-0.22035340000000003
2.5521e-08,-0.22035190000000004
2.5523e-08,-0.22035040000000006
2.5525e-08,-0.2203489999999999
2.5527e-08,-0.22034759999999998
2.5529e-08,-0.22034620000000005
2.5531e-08,-0.22034489999999995
2.5533e-08,-0.22034360000000008
2.5535e-08,-0.22034219999999993
2.5537e-08,-0.22034090000000006
2.5539e-08,-0.22033970000000003
2.5541e-08,-0.22033839999999993
2.5543e-08,-0.2203372
2.5545e-08,-0.22033590000000003
2.5547e-08,-0.2203347
2.5549e-08,-0.22033349999999996
2.5551e-08,-0.22033239999999998
2.5553e-08,-0.2203313
2.5555e-08,-0.22033009999999997
2.5557e-08,-0.220329
2.5559e-08,-0.22032790000000002
2.5561e-08,-0.22032680000000004
2.5563e-08,-0.22032569999999996
2.5565e-08,-0.22032470000000004
2.5567e-08,-0.2203237
2.5569e-08,-0.22032269999999998
2.5571e-08,-0.22032169999999995
2.5573e-08,-0.22032070000000004
2.5575e-08,-0.2203197
2.5577e-08,-0.22031869999999998
2.5579e-08,-0.22031770000000006
2.5581e-08,-0.22031690000000004
2.5583e-08,-0.2203159
2.5585e-08,-0.22031499999999993
2.5587e-08,-0.22031409999999996
2.5589e-08,-0.22031329999999993
2.5591e-08,-0.22031239999999996
2.5593e-08,-0.2203115
2.5595e-08,-0.22031069999999997
2.5597e-08,-0.22030989999999995
2.55985e-08,-0.22030930000000004
2.56e-08,-0.22031730000000005
2.56002e-08,-0.22032010000000002
2.56006e-08,-0.22032660000000004
2.56014e-08,-0.22034129999999996
2.5603e-08,-0.22034569999999998
2.5605e-08,-0.22023979999999999
2.5607e-08,-0.21994239999999998
2.5609e-08,-0.21940590000000004
2.5611e-08,-0.2186032
2.5613e-08,-0.21752190000000005
2.5615e-08,-0.21615849999999992
2.5617e-08,-0.21451540000000002
2.5619e-08,-0.21259929999999994
2.5621e-08,-0.21041920000000003
2.5623e-08,-0.2079854
2.5625e-08,-0.20530959999999998
2.5627e-08,-0.2024032
2.5629e-08,-0.19927839999999997
2.5631e-08,-0.19594679999999998
2.5633e-08,-0.1924203
2.5635e-08,-0.18871020000000005
2.5637e-08,-0.18482759999999998
2.5639e-08,-0.18078339999999993
2.5641e-08,-0.17658820000000008
2.5643e-08,-0.17225179999999995
2.5645e-08,-0.1677843
2.5647e-08,-0.16319499999999998
2.5649e-08,-0.1584932
2.5651e-08,-0.15368749999999998
2.5653e-08,-0.1487866
2.5655e-08,-0.1437984
2.5657e-08,-0.13873119999999994
2.5659e-08,-0.13359240000000006
2.5661e-08,-0.12838930000000004
2.5663e-08,-0.12312900000000004
2.5665e-08,-0.1178182000000001
2.5667e-08,-0.11246350000000005
2.5669e-08,-0.10707109999999997
2.5671e-08,-0.10164709999999999
2.5673e-08,-0.09619709999999992
2.5675e-08,-0.09072669999999994
2.5677e-08,-0.08524130000000008
2.5679e-08,-0.07974579999999998
2.5681e-08,-0.07424509999999995
2.5683e-08,-0.06874389999999997
2.5685e-08,-0.06324660000000004
2.5687e-08,-0.0577572999999999
2.5689e-08,-0.05227999999999999
2.5691e-08,-0.046818600000000044
2.5693e-08,-0.04137679999999999
2.5695e-08,-0.03595780000000004
2.5697e-08,-0.03056510000000001
2.5699e-08,-0.025201600000000046
2.5701e-08,-0.019870300000000007
2.5703e-08,-0.014573999999999976
2.5705e-08,-0.00931509999999991
2.5707e-08,-0.004096299999999942
2.5709e-08,0.0010803999999999814
2.5711e-08,0.0062126000000000126
2.5713e-08,0.011298599999999936
2.5715e-08,0.01633629999999997
2.5717e-08,0.021324100000000068
2.5719e-08,0.026260200000000067
2.5721e-08,0.031143400000000043
2.5723e-08,0.03597210000000006
2.5725e-08,0.040745299999999984
2.5727e-08,0.045461500000000044
2.5729e-08,0.0501201
2.5731e-08,0.05471969999999993
2.5733e-08,0.059259799999999974
2.5735e-08,0.06373960000000001
2.5737e-08,0.06815820000000006
2.5739e-08,0.07251529999999995
2.5741e-08,0.07681020000000005
2.5743e-08,0.08104269999999991
2.5745e-08,0.08521220000000007
2.5747e-08,0.08931860000000003
2.5749e-08,0.09336160000000004
2.5751e-08,0.09734109999999996
2.5753e-08,0.10125700000000004
2.5755e-08,0.10510920000000001
2.5757e-08,0.10889780000000004
2.5759e-08,0.11262289999999997
2.5761e-08,0.11628440000000007
2.5763e-08,0.11988279999999996
2.5765e-08,0.12341800000000003
2.5767e-08,0.12689050000000002
2.5769e-08,0.13030039999999998
2.5771e-08,0.1336482
2.5773e-08,0.136934
2.5775e-08,0.14015849999999996
2.5777e-08,0.1433219
2.5779e-08,0.14642470000000007
2.5781e-08,0.14946729999999997
2.5783e-08,0.15245049999999993
2.5785e-08,0.15537430000000008
2.5787e-08,0.1582397000000001
2.5789e-08,0.16104699999999994
2.5791e-08,0.16379690000000002
2.5793e-08,0.16648990000000008
2.5795e-08,0.16912660000000002
2.5797e-08,0.17170770000000002
2.57985e-08,0.17360740000000008
2.58e-08,0.17547630000000003
2.58002e-08,0.17572290000000002
2.58006e-08,0.176215
2.58014e-08,0.17719279999999993
2.5803e-08,0.17912289999999997
2.5805e-08,0.18148790000000004
2.5807e-08,0.18380039999999997
2.5809e-08,0.18606140000000004
2.5811e-08,0.18827099999999997
2.5813e-08,0.19043049999999995
2.5815e-08,0.19254019999999994
2.5817e-08,0.1946007999999999
2.5819e-08,0.1966131000000001
2.5821e-08,0.19857789999999997
2.5823e-08,0.2004956
2.5825e-08,0.20236720000000008
2.5827e-08,0.20419330000000002
2.5829e-08,0.2059744
2.5831e-08,0.2077114
2.5833e-08,0.20940499999999995
2.5835e-08,0.2110556
2.5837e-08,0.21266430000000003
2.5839e-08,0.21423159999999997
2.5841e-08,0.21575810000000006
2.5843e-08,0.2172445999999999
2.5845e-08,0.21869159999999999
2.5847e-08,0.22009990000000001
2.5849e-08,0.22147019999999995
2.5851e-08,0.22280299999999997
2.5853e-08,0.2240991
2.5855e-08,0.22535910000000003
2.5857e-08,0.2265836
2.5859e-08,0.22777340000000001
2.5861e-08,0.22892879999999993
2.5863e-08,0.2300508
2.5865e-08,0.2311396
2.5867e-08,0.23219630000000002
2.5869e-08,0.23322109999999996
2.5871e-08,0.2342147
2.5873e-08,0.2351778
2.5875e-08,0.23611099999999996
2.5877e-08,0.23701470000000002
2.5879e-08,0.23788960000000003
2.5881e-08,0.23873620000000007
2.5883e-08,0.23955520000000008
2.5885e-08,0.24034680000000008
2.5887e-08,0.241112
2.5889e-08,0.24185100000000004
2.5891e-08,0.2425644
2.5893e-08,0.24325279999999994
2.5895e-08,0.24391680000000004
2.5897e-08,0.2445566
2.5899e-08,0.24517299999999997
2.5901e-08,0.2457663
2.5903e-08,0.24633699999999992
2.5905e-08,0.24688580000000004
2.5907e-08,0.24741290000000005
2.5909e-08,0.24791889999999994
2.5911e-08,0.24840420000000007
2.5913e-08,0.24886929999999996
2.5915e-08,0.2493145
2.5917e-08,0.24974050000000003
2.5919e-08,0.2501475999999999
2.5921e-08,0.25053609999999993
2.5923e-08,0.2509066
2.5925e-08,0.2512593999999999
2.5927e-08,0.251595
2.5929e-08,0.2519138000000001
2.5931e-08,0.252216
2.5933e-08,0.25250209999999995
2.5935e-08,0.25277249999999996
2.5937e-08,0.2530277000000001
2.5939e-08,0.25326779999999993
2.5941e-08,0.2534934
2.5943e-08,0.25370459999999995
2.5945e-08,0.2539019
2.5947e-08,0.2540857000000001
2.5949e-08,0.2542563
2.5951e-08,0.2544138
2.5953e-08,0.25455890000000003
2.5955e-08,0.2546916
2.5957e-08,0.2548125
2.5959e-08,0.25492159999999997
2.5961e-08,0.2550194
2.5963e-08,0.25510619999999995
2.5965e-08,0.2551822
2.5967e-08,0.25524769999999997
2.5969e-08,0.25530300000000006
2.5971e-08,0.25534840000000003
2.5973e-08,0.2553841
2.5975e-08,0.2554103999999999
2.5977e-08,0.2554276
2.5979e-08,0.255436
2.5981e-08,0.25543570000000004
2.5983e-08,0.2554269
2.5985e-08,0.2554101
2.5987e-08,0.25538530000000004
2.5989e-08,0.2553529
2.5991e-08,0.25531310000000007
2.5993e-08,0.255266
2.5995e-08,0.2552118
2.5997e-08,0.2551508
2.59985e-08,0.2551008
2.6e-08,0.25504709999999997
2.60002e-08,0.2550397
2.60006e-08,0.25502459999999993
2.60014e-08,0.2549939
2.6003e-08,0.2549293
2.6005e-08,0.25484320000000005
2.6007e-08,0.25475119999999996
2.6009e-08,0.25465380000000004
2.6011e-08,0.2545509
2.6013e-08,0.2544426000000001
2.6015e-08,0.2543293999999999
2.6017e-08,0.25421130000000003
2.6019e-08,0.2540884
2.6021e-08,0.25396090000000004
2.6023e-08,0.25382910000000003
2.6025e-08,0.25369300000000006
2.6027e-08,0.2535527999999999
2.6029e-08,0.25340869999999993
2.6031e-08,0.25326080000000006
2.6033e-08,0.2531093
2.6035e-08,0.25295429999999997
2.6037e-08,0.25279589999999996
2.6039e-08,0.2526343
2.6041e-08,0.2524697
2.6043e-08,0.252302
2.6045e-08,0.25213150000000006
2.6047e-08,0.25195829999999997
2.6049e-08,0.2517825
2.6051e-08,0.25160419999999994
2.6053e-08,0.25142359999999997
2.6055e-08,0.2512407
2.6057e-08,0.25105579999999994
2.6059e-08,0.2508688
2.6061e-08,0.2506798
2.6063e-08,0.2504890000000001
2.6065e-08,0.2502966000000001
2.6067e-08,0.2501025
2.6069e-08,0.24990679999999998
2.6071e-08,0.24970979999999998
2.6073e-08,0.24951140000000005
2.6075e-08,0.24931170000000002
2.6077e-08,0.24911090000000002
2.6079e-08,0.24890899999999994
2.6081e-08,0.24870610000000004
2.6083e-08,0.2485022
2.6085e-08,0.24829749999999995
2.6087e-08,0.24809209999999993
2.6089e-08,0.2478859
2.6091e-08,0.24767910000000004
2.6093e-08,0.24747180000000002
2.6095e-08,0.24726389999999998
2.6097e-08,0.2470557
2.6099e-08,0.24684699999999993
2.6101e-08,0.24663809999999997
2.6103e-08,0.246429
2.6105e-08,0.24621959999999998
2.6107e-08,0.2460101
2.6109e-08,0.24580060000000004
2.6111e-08,0.245591
2.6113e-08,0.2453816000000001
2.6115e-08,0.2451721
2.6117e-08,0.2449629000000001
2.6119e-08,0.24475380000000002
2.6121e-08,0.24454489999999995
2.6123e-08,0.24433629999999995
2.6125e-08,0.24412809999999996
2.6127e-08,0.24392019999999992
2.6129e-08,0.2437127
2.6131e-08,0.24350569999999994
2.6133e-08,0.2432991
2.6135e-08,0.24309309999999995
2.6137e-08,0.24288759999999998
2.6139e-08,0.24268260000000008
2.6141e-08,0.24247839999999998
2.6143e-08,0.24227469999999995
2.6145e-08,0.24207179999999995
2.6147e-08,0.24186960000000002
2.6149e-08,0.24166809999999994
2.6151e-08,0.24146730000000005
2.6153e-08,0.24126749999999997
2.6155e-08,0.24106840000000007
2.6157e-08,0.24087020000000003
2.6159e-08,0.24067290000000008
2.6161e-08,0.24047629999999998
2.6163e-08,0.24028080000000007
2.6165e-08,0.24008620000000003
2.6167e-08,0.2398926
2.6169e-08,0.23970000000000002
2.6171e-08,0.2395083
2.6173e-08,0.23931760000000002
2.6175e-08,0.239128
2.6177e-08,0.23893949999999997
2.6179e-08,0.23875200000000008
2.6181e-08,0.23856559999999993
2.6183e-08,0.2383803
2.6185e-08,0.23819600000000007
2.6187e-08,0.23801290000000008
2.6189e-08,0.23783100000000001
2.6191e-08,0.23765020000000003
2.6193e-08,0.2374706000000001
2.6195e-08,0.2372921
2.6197e-08,0.23711480000000007
2.61985e-08,0.23698259999999993
2.62e-08,0.23685099999999992
2.62002e-08,0.23683359999999998
2.62006e-08,0.23679869999999992
2.62014e-08,0.2367288999999999
2.6203e-08,0.23658999999999997
2.6205e-08,0.23641749999999995
2.6207e-08,0.23624619999999996
2.6209e-08,0.2360761
2.6211e-08,0.23590719999999998
2.6213e-08,0.2357397
2.6215e-08,0.23557329999999999
2.6217e-08,0.23540820000000007
2.6219e-08,0.23524420000000001
2.6221e-08,0.23508149999999994
2.6223e-08,0.23492020000000002
2.6225e-08,0.23475999999999997
2.6227e-08,0.23460120000000007
2.6229e-08,0.23444350000000003
2.6231e-08,0.23428709999999997
2.6233e-08,0.234132
2.6235e-08,0.23397820000000003
2.6237e-08,0.23382559999999997
2.6239e-08,0.2336743
2.6241e-08,0.23352430000000002
2.6243e-08,0.23337550000000007
2.6245e-08,0.23322790000000004
2.6247e-08,0.23308169999999995
2.6249e-08,0.2329367
2.6251e-08,0.23279289999999997
2.6253e-08,0.23265039999999992
2.6255e-08,0.2325090999999999
2.6257e-08,0.2323691000000001
2.6259e-08,0.23223039999999995
2.6261e-08,0.23209290000000005
2.6263e-08,0.23195659999999996
2.6265e-08,0.23182159999999996
2.6267e-08,0.2316878
2.6269e-08,0.23155530000000002
2.6271e-08,0.23142390000000002
2.6273e-08,0.2312938
2.6275e-08,0.23116480000000006
2.6277e-08,0.23103719999999994
2.6279e-08,0.23091070000000002
2.6281e-08,0.23078540000000003
2.6283e-08,0.23066140000000002
2.6285e-08,0.23053849999999998
2.6287e-08,0.23041679999999998
2.6289e-08,0.23029619999999995
2.6291e-08,0.23017690000000002
2.6293e-08,0.2300588
2.6295e-08,0.22994180000000009
2.6297e-08,0.22982589999999992
2.6299e-08,0.2297112
2.6301e-08,0.22959770000000002
2.6303e-08,0.22948520000000006
2.6305e-08,0.22937399999999997
2.6307e-08,0.22926380000000002
2.6309e-08,0.2291548
2.6311e-08,0.22904689999999994
2.6313e-08,0.22894009999999998
2.6315e-08,0.2288344000000001
2.6317e-08,0.22872970000000004
2.6319e-08,0.2286262
2.6321e-08,0.22852379999999994
2.6323e-08,0.22842240000000003
2.6325e-08,0.22832200000000002
2.6327e-08,0.22822280000000006
2.6329e-08,0.2281246
2.6331e-08,0.2280274
2.6333e-08,0.22793130000000006
2.6335e-08,0.22783620000000004
2.6337e-08,0.2277422
2.6339e-08,0.227649
2.6341e-08,0.227557
2.6343e-08,0.2274659
2.6345e-08,0.2273757999999999
2.6347e-08,0.2272868
2.6349e-08,0.22719859999999992
2.6351e-08,0.22711150000000002
2.6353e-08,0.22702529999999999
2.6355e-08,0.22694000000000003
2.6357e-08,0.22685579999999994
2.6359e-08,0.22677239999999999
2.6361e-08,0.22668999999999995
2.6363e-08,0.2266085000000001
2.6365e-08,0.2265279
2.6367e-08,0.22644809999999993
2.6369e-08,0.2263693
2.6371e-08,0.22629149999999998
2.6373e-08,0.22621449999999999
2.6375e-08,0.22613830000000001
2.6377e-08,0.22606309999999996
2.6379e-08,0.22598859999999998
2.6381e-08,0.22591510000000004
2.6383e-08,0.22584230000000005
2.6385e-08,0.22577049999999999
2.6387e-08,0.22569930000000005
2.6389e-08,0.22562910000000003
2.6391e-08,0.22555970000000003
2.6393e-08,0.22549110000000006
2.6395e-08,0.2254233
2.6397e-08,0.22535629999999995
2.63985e-08,0.22530660000000002
2.64e-08,0.2252573
2.64002e-08,0.22525069999999991
2.64006e-08,0.2252377000000001
2.64014e-08,0.22521159999999996
2.6403e-08,0.22515990000000008
2.6405e-08,0.22509599999999996
2.6407e-08,0.2250329000000001
2.6409e-08,0.22497040000000001
2.6411e-08,0.22490880000000002
2.6413e-08,0.22484780000000004
2.6415e-08,0.2247876000000001
2.6417e-08,0.2247281
2.6419e-08,0.22466929999999996
2.6421e-08,0.2246111999999999
2.6423e-08,0.22455380000000003
2.6425e-08,0.2244971
2.6427e-08,0.22444109999999995
2.6429e-08,0.22438580000000008
2.6431e-08,0.2243311
2.6433e-08,0.2242771
2.6435e-08,0.22422380000000008
2.6437e-08,0.224171
2.6439e-08,0.22411899999999996
2.6441e-08,0.22406760000000003
2.6443e-08,0.22401680000000002
2.6445e-08,0.22396670000000007
2.6447e-08,0.2239171000000001
2.6449e-08,0.22386819999999996
2.6451e-08,0.22381990000000007
2.6453e-08,0.22377210000000003
2.6455e-08,0.22372499999999995
2.6457e-08,0.2236785
2.6459e-08,0.22363239999999995
2.6461e-08,0.22358709999999993
2.6463e-08,0.22354220000000002
2.6465e-08,0.22349789999999992
2.6467e-08,0.22345420000000005
2.6469e-08,0.22341100000000003
2.6471e-08,0.22336829999999996
2.6473e-08,0.22332619999999992
2.6475e-08,0.2232847
2.6477e-08,0.2232436
2.6479e-08,0.2232031
2.6481e-08,0.22316309999999995
2.6483e-08,0.2231236000000001
2.6485e-08,0.22308459999999997
2.6487e-08,0.22304610000000002
2.6489e-08,0.22300810000000004
2.6491e-08,0.22297049999999996
2.6493e-08,0.2229335
2.6495e-08,0.22289689999999995
2.6497e-08,0.22286070000000002
2.6499e-08,0.2228251
2.6501e-08,0.22278989999999999
2.6503e-08,0.22275509999999998
2.6505e-08,0.22272079999999994
2.6507e-08,0.22268690000000002
2.6509e-08,0.2226536
2.6511e-08,0.2226205
2.6513e-08,0.222588
2.6515e-08,0.22255589999999992
2.6517e-08,0.2225241
2.6519e-08,0.22249279999999994
2.6521e-08,0.2224619
2.6523e-08,0.22243139999999995
2.6525e-08,0.22240130000000002
2.6527e-08,0.2223716
2.6529e-08,0.2223423000000001
2.6531e-08,0.22231330000000005
2.6533e-08,0.22228479999999995
2.6535e-08,0.22225660000000003
2.6537e-08,0.2222288
2.6539e-08,0.2222014
2.6541e-08,0.22217429999999994
2.6543e-08,0.22214750000000005
2.6545e-08,0.22212120000000002
2.6547e-08,0.2220951
2.6549e-08,0.22206949999999992
2.6551e-08,0.22204400000000002
2.6553e-08,0.22201910000000002
2.6555e-08,0.22199440000000004
2.6557e-08,0.22197
2.6559e-08,0.22194599999999998
2.6561e-08,0.22192230000000002
2.6563e-08,0.22189899999999996
2.6565e-08,0.22187579999999996
2.6567e-08,0.22185310000000003
2.6569e-08,0.2218306
2.6571e-08,0.22180840000000002
2.6573e-08,0.22178659999999994
2.6575e-08,0.2217650000000001
2.6577e-08,0.22174379999999994
2.6579e-08,0.22172270000000005
2.6581e-08,0.2217021
2.6583e-08,0.22168159999999992
2.6585e-08,0.2216613999999999
2.6587e-08,0.22164150000000005
2.6589e-08,0.22162190000000004
2.6591e-08,0.22160250000000004
2.6593e-08,0.22158339999999999
2.6595e-08,0.2215646
2.6597e-08,0.22154609999999997
2.65985e-08,0.22153230000000002
2.66e-08,0.2215186
2.66002e-08,0.22151680000000007
2.66006e-08,0.22151319999999997
2.66014e-08,0.22150599999999998
2.6603e-08,0.2214917999999999
2.6605e-08,0.22147420000000007
2.6607e-08,0.22145689999999996
2.6609e-08,0.22143980000000008
2.6611e-08,0.22142279999999992
2.6613e-08,0.2214062
2.6615e-08,0.22138980000000008
2.6617e-08,0.22137359999999995
2.6619e-08,0.22135759999999993
2.6621e-08,0.22134180000000003
2.6623e-08,0.22132629999999998
2.6625e-08,0.22131099999999992
2.6627e-08,0.2212959
2.6629e-08,0.22128099999999995
2.6631e-08,0.22126619999999997
2.6633e-08,0.22125170000000005
2.6635e-08,0.22123749999999998
2.6637e-08,0.22122339999999996
2.6639e-08,0.2212094
2.6641e-08,0.22119580000000005
2.6643e-08,0.2211822
2.6645e-08,0.2211689
2.6647e-08,0.22115570000000007
2.6649e-08,0.22114279999999997
2.6651e-08,0.22112999999999994
2.6653e-08,0.22111740000000002
2.6655e-08,0.22110490000000005
2.6657e-08,0.22109270000000003
2.6659e-08,0.2210805
2.6661e-08,0.22106859999999995
2.6663e-08,0.22105679999999994
2.6665e-08,0.22104520000000005
2.6667e-08,0.22103380000000006
2.6669e-08,0.2210225
2.6671e-08,0.22101150000000003
2.6673e-08,0.22100050000000004
2.6675e-08,0.22098969999999996
2.6677e-08,0.22097900000000004
2.6679e-08,0.2209684999999999
2.6681e-08,0.2209582
2.6683e-08,0.22094790000000009
2.6685e-08,0.22093790000000002
2.6687e-08,0.22092789999999995
2.6689e-08,0.2209181
2.6691e-08,0.22090849999999995
2.6693e-08,0.22089899999999996
2.6695e-08,0.22088960000000002
2.6697e-08,0.22088039999999998
2.6699e-08,0.2208713000000001
2.6701e-08,0.22086229999999996
2.6703e-08,0.22085339999999998
2.6705e-08,0.2208446999999999
2.6707e-08,0.22083600000000003
2.6709e-08,0.2208276
2.6711e-08,0.2208192
2.6713e-08,0.22081099999999998
2.6715e-08,0.22080279999999997
2.6717e-08,0.22079479999999996
2.6719e-08,0.2207869
2.6721e-08,0.2207791
2.6723e-08,0.22077139999999995
2.6725e-08,0.2207638999999999
2.6727e-08,0.22075639999999996
2.6729e-08,0.22074899999999997
2.6731e-08,0.2207418
2.6733e-08,0.2207346
2.6735e-08,0.22072760000000002
2.6737e-08,0.2207207
2.6739e-08,0.22071379999999996
2.6741e-08,0.22070709999999993
2.6743e-08,0.22070040000000002
2.6745e-08,0.2206939
2.6747e-08,0.22068739999999998
2.6749e-08,0.22068100000000002
2.6751e-08,0.22067480000000006
2.6753e-08,0.2206686
2.6755e-08,0.22066240000000004
2.6757e-08,0.22065639999999997
2.6759e-08,0.22065050000000008
2.6761e-08,0.22064470000000003
2.6763e-08,0.22063889999999997
2.6765e-08,0.22063330000000003
2.6767e-08,0.22062769999999998
2.6769e-08,0.22062209999999993
2.6771e-08,0.2206167
2.6773e-08,0.2206114
2.6775e-08,0.22060609999999992
2.6777e-08,0.2206009
2.6779e-08,0.2205958
2.6781e-08,0.22059079999999998
2.6783e-08,0.22058579999999994
2.6785e-08,0.22058080000000002
2.6787e-08,0.220576
2.6789e-08,0.22057129999999991
2.6791e-08,0.22056660000000006
2.6793e-08,0.22056189999999998
2.6795e-08,0.22055740000000001
2.6797e-08,0.22055290000000005
2.67985e-08,0.2205496
2.68e-08,0.22054629999999997
2.68002e-08,0.22054669999999998
2.68006e-08,0.22054910000000005
2.68014e-08,0.2205625
2.6803e-08,0.22058730000000004
2.6805e-08,0.22053829999999996
2.6807e-08,0.22032070000000004
2.6809e-08,0.21987710000000005
2.6811e-08,0.21917449999999994
2.6813e-08,0.2181959
2.6815e-08,0.216935
2.6817e-08,0.21539279999999994
2.6819e-08,0.2135747
2.6821e-08,0.21148880000000003
2.6823e-08,0.20914509999999997
2.6825e-08,0.20655500000000004
2.6827e-08,0.20372999999999997
2.6829e-08,0.20068220000000003
2.6831e-08,0.19742330000000008
2.6833e-08,0.19396499999999994
2.6835e-08,0.19031900000000002
2.6837e-08,0.1864964
2.6839e-08,0.18250840000000002
2.6841e-08,0.17836530000000006
2.6843e-08,0.1740775
2.6845e-08,0.169655
2.6847e-08,0.1651072
2.6849e-08,0.16044360000000002
2.6851e-08,0.15567279999999994
2.6853e-08,0.15080380000000004
2.6855e-08,0.14584470000000005
2.6857e-08,0.14080329999999996
2.6859e-08,0.13568780000000003
2.6861e-08,0.13050529999999994
2.6863e-08,0.12526290000000007
2.6865e-08,0.11996759999999995
2.6867e-08,0.11462610000000006
2.6869e-08,0.10924460000000003
2.6871e-08,0.10382919999999995
2.6873e-08,0.09838579999999997
2.6875e-08,0.09292010000000006
2.6877e-08,0.0874374
2.6879e-08,0.08194269999999992
2.6881e-08,0.07644119999999999
2.6883e-08,0.07093740000000004
2.6885e-08,0.06543579999999993
2.6887e-08,0.059940800000000016
2.6889e-08,0.05445639999999996
2.6891e-08,0.04898659999999999
2.6893e-08,0.04353490000000004
2.6895e-08,0.03810479999999994
2.6897e-08,0.032699900000000004
2.6899e-08,0.027323200000000103
2.6901e-08,0.021977499999999983
2.6903e-08,0.016665800000000064
2.6905e-08,0.011390700000000087
2.6907e-08,0.0061547000000000684
2.6909e-08,0.0009601000000000193
2.6911e-08,-0.004190899999999997
2.6913e-08,-0.009296199999999977
2.6915e-08,-0.014353999999999978
2.6917e-08,-0.019362299999999943
2.6919e-08,-0.024319700000000055
2.6921e-08,-0.029224499999999987
2.6923e-08,-0.034075500000000036
2.6925e-08,-0.038871199999999995
2.6927e-08,-0.043610599999999944
2.6929e-08,-0.048292300000000066
2.6931e-08,-0.05291560000000006
2.6933e-08,-0.05747970000000002
2.6935e-08,-0.06198360000000003
2.6937e-08,-0.06642670000000006
2.6939e-08,-0.0708084
2.6941e-08,-0.07512799999999997
2.6943e-08,-0.07938529999999999
2.6945e-08,-0.08357979999999998
2.6947e-08,-0.08771129999999994
2.6949e-08,-0.09177940000000007
2.6951e-08,-0.09578390000000003
2.6953e-08,-0.0997249
2.6955e-08,-0.10360229999999993
2.6957e-08,-0.10741590000000001
2.6959e-08,-0.11116589999999993
2.6961e-08,-0.11485240000000008
2.6963e-08,-0.11847569999999996
2.6965e-08,-0.12203569999999997
2.6967e-08,-0.1255328
2.6969e-08,-0.12896719999999995
2.6971e-08,-0.13233929999999994
2.6973e-08,-0.13564939999999992
2.6975e-08,-0.13889780000000007
2.6977e-08,-0.14208509999999996
2.6979e-08,-0.14521150000000005
2.6981e-08,-0.1482776
2.6983e-08,-0.15128390000000003
2.6985e-08,-0.1542308
2.6987e-08,-0.157119
2.6989e-08,-0.15994889999999995
2.6991e-08,-0.16272110000000006
2.6993e-08,-0.16543619999999992
2.6995e-08,-0.16809489999999994
2.6997e-08,-0.1706976
2.69985e-08,-0.17261330000000008
2.7e-08,-0.17450679999999996
2.70002e-08,-0.17475839999999998
2.70006e-08,-0.17526129999999995
2.70014e-08,-0.17626220000000004
2.7003e-08,-0.17821300000000007
2.7005e-08,-0.1804905
2.7007e-08,-0.18252190000000001
2.7009e-08,-0.18425989999999992
2.7011e-08,-0.18567860000000003
2.7013e-08,-0.1867665999999999
2.7015e-08,-0.18752139999999995
2.7017e-08,-0.18794729999999993
2.7019e-08,-0.1880518
2.7021e-08,-0.1878453
2.7023e-08,-0.1873395
2.7025e-08,-0.1865467999999999
2.7027e-08,-0.18548009999999993
2.7029e-08,-0.1841524
2.7031e-08,-0.18257659999999998
2.7033e-08,-0.1807649
2.7035e-08,-0.17872999999999994
2.7037e-08,-0.17648359999999996
2.7039e-08,-0.17403709999999994
2.7041e-08,-0.17140180000000005
2.7043e-08,-0.16858850000000003
2.7045e-08,-0.16560750000000002
2.7047e-08,-0.16246889999999992
2.7049e-08,-0.1591821
2.7051e-08,-0.1557565999999999
2.7053e-08,-0.15220119999999993
2.7055e-08,-0.14852469999999995
2.7057e-08,-0.1447353
2.7059e-08,-0.14084109999999994
2.7061e-08,-0.13684980000000002
2.7063e-08,-0.13276860000000001
2.7065e-08,-0.1286048999999999
2.7067e-08,-0.12436540000000007
2.7069e-08,-0.12005679999999996
2.7071e-08,-0.1156855
2.7073e-08,-0.11125759999999996
2.7075e-08,-0.10677890000000001
2.7077e-08,-0.10225499999999998
2.7079e-08,-0.09769170000000005
2.7081e-08,-0.0930938
2.7083e-08,-0.08846640000000006
2.7085e-08,-0.08381450000000001
2.7087e-08,-0.0791425
2.7089e-08,-0.07445489999999999
2.7091e-08,-0.06975569999999998
2.7093e-08,-0.06504920000000003
2.7095e-08,-0.06033900000000003
2.7097e-08,-0.05562899999999993
2.7099e-08,-0.05092260000000004
2.7101e-08,-0.04622310000000007
2.7103e-08,-0.04153370000000001
2.7105e-08,-0.03685740000000004
2.7107e-08,-0.032197199999999926
2.7109e-08,-0.027555600000000013
2.7111e-08,-0.022935299999999992
2.7113e-08,-0.018338900000000047
2.7115e-08,-0.013768499999999961
2.7117e-08,-0.009226199999999962
2.7119e-08,-0.00471430000000006
2.7121e-08,-0.00023459999999997372
2.7123e-08,0.004211099999999912
2.7125e-08,0.00862099999999999
2.7127e-08,0.012993699999999997
2.7129e-08,0.017327399999999993
2.7131e-08,0.02162110000000006
2.7133e-08,0.02587320000000004
2.7135e-08,0.03008259999999996
2.7137e-08,0.03424830000000001
2.7139e-08,0.038369099999999934
2.7141e-08,0.04244429999999999
2.7143e-08,0.04647279999999998
2.7145e-08,0.050454
2.7147e-08,0.05438720000000008
2.7149e-08,0.058271699999999926
2.7151e-08,0.06210709999999997
2.7153e-08,0.06589260000000008
2.7155e-08,0.06962809999999997
2.7157e-08,0.07331299999999996
2.7159e-08,0.07694710000000005
2.7161e-08,0.0805302
2.7163e-08,0.08406189999999991
2.7165e-08,0.08754220000000001
2.7167e-08,0.09097099999999991
2.7169e-08,0.0943482
2.7171e-08,0.09767369999999997
2.7173e-08,0.10094770000000008
2.7175e-08,0.10417010000000004
2.7177e-08,0.10734100000000002
2.7179e-08,0.11046050000000007
2.7181e-08,0.11352890000000004
2.7183e-08,0.1165465
2.7185e-08,0.11951310000000004
2.7187e-08,0.12242930000000007
2.7189e-08,0.12529520000000005
2.7191e-08,0.12811119999999998
2.7193e-08,0.13087759999999993
2.7195e-08,0.13359469999999996
2.7197e-08,0.13626300000000002
2.71985e-08,0.13823220000000003
2.72e-08,0.14017420000000003
2.72002e-08,0.14043080000000008
2.72006e-08,0.1409431
2.72014e-08,0.14196219999999993
2.7203e-08,0.14397729999999997
2.7205e-08,0.14645380000000008
2.7207e-08,0.14888349999999995
2.7209e-08,0.1512667000000001
2.7211e-08,0.15360399999999996
2.7213e-08,0.1558959000000001
2.7215e-08,0.15814269999999997
2.7217e-08,0.16034500000000007
2.7219e-08,0.16250330000000002
2.7221e-08,0.16461800000000004
2.7223e-08,0.16669
2.7225e-08,0.16871930000000002
2.7227e-08,0.17070680000000005
2.7229e-08,0.1726529
2.7231e-08,0.174558
2.7233e-08,0.17642289999999994
2.7235e-08,0.17824790000000001
2.7237e-08,0.18003370000000007
2.7239e-08,0.18178079999999996
2.7241e-08,0.18348969999999998
2.7243e-08,0.18516090000000007
2.7245e-08,0.18679499999999993
2.7247e-08,0.1883925999999999
2.7249e-08,0.18995419999999996
2.7251e-08,0.1914804
2.7253e-08,0.19297160000000002
2.7255e-08,0.19442840000000006
2.7257e-08,0.19585129999999995
2.7259e-08,0.19724089999999994
2.7261e-08,0.1985977000000001
2.7263e-08,0.1999221
2.7265e-08,0.20121489999999997
2.7267e-08,0.20247629999999994
2.7269e-08,0.20370710000000003
2.7271e-08,0.20490770000000003
2.7273e-08,0.20607850000000005
2.7275e-08,0.20722010000000002
2.7277e-08,0.20833309999999994
2.7279e-08,0.20941790000000005
2.7281e-08,0.21047490000000002
2.7283e-08,0.2115047
2.7285e-08,0.21250769999999997
2.7287e-08,0.21348449999999997
2.7289e-08,0.21443540000000005
2.7291e-08,0.21536109999999997
2.7293e-08,0.2162619
2.7295e-08,0.2171381
2.7297e-08,0.21799049999999998
2.7299e-08,0.2188194
2.7301e-08,0.21962510000000002
2.7303e-08,0.22040820000000005
2.7305e-08,0.2211691
2.7307e-08,0.2219082
2.7309e-08,0.222626
2.7311e-08,0.22332269999999999
2.7313e-08,0.22399900000000006
2.7315e-08,0.22465499999999994
2.7317e-08,0.22529140000000003
2.7319e-08,0.22590829999999995
2.7321e-08,0.2265064
2.7323e-08,0.2270858
2.7325e-08,0.22764699999999993
2.7327e-08,0.2281902
2.7329e-08,0.22871609999999998
2.7331e-08,0.22922489999999995
2.7333e-08,0.2297169
2.7335e-08,0.23019239999999996
2.7337e-08,0.23065199999999997
2.7339e-08,0.23109570000000001
2.7341e-08,0.2315241
2.7343e-08,0.23193739999999996
2.7345e-08,0.23233589999999993
2.7347e-08,0.23272009999999999
2.7349e-08,0.23309009999999997
2.7351e-08,0.2334463
2.7353e-08,0.23378900000000002
2.7355e-08,0.2341185
2.7357e-08,0.2344351
2.7359e-08,0.23473899999999992
2.7361e-08,0.23503070000000004
2.7363e-08,0.23531029999999997
2.7365e-08,0.2355781
2.7367e-08,0.23583429999999994
2.7369e-08,0.2360793
2.7371e-08,0.2363134
2.7373e-08,0.23653670000000004
2.7375e-08,0.23674950000000006
2.7377e-08,0.23695219999999995
2.7379e-08,0.23714469999999999
2.7381e-08,0.23732759999999997
2.7383e-08,0.2375008999999999
2.7385e-08,0.23766500000000002
2.7387e-08,0.23782009999999998
2.7389e-08,0.23796629999999996
2.7391e-08,0.23810379999999998
2.7393e-08,0.23823290000000008
2.7395e-08,0.23835399999999995
2.7397e-08,0.23846690000000004
2.73985e-08,0.2385465
2.74e-08,0.2386218
2.74002e-08,0.2386315
2.74006e-08,0.23865079999999994
2.74014e-08,0.23868840000000002
2.7403e-08,0.2387598999999999
2.7405e-08,0.23884300000000003
2.7407e-08,0.238919
2.7409e-08,0.23898819999999998
2.7411e-08,0.2390508
2.7413e-08,0.2391069
2.7415e-08,0.2391567
2.7417e-08,0.23920039999999998
2.7419e-08,0.23923820000000007
2.7421e-08,0.23927010000000004
2.7423e-08,0.2392964999999999
2.7425e-08,0.23931729999999996
2.7427e-08,0.23933289999999996
2.7429e-08,0.23934329999999993
2.7431e-08,0.23934860000000002
2.7433e-08,0.23934909999999998
2.7435e-08,0.23934489999999997
2.7437e-08,0.23933609999999994
2.7439e-08,0.2393229
2.7441e-08,0.2393052
2.7443e-08,0.23928349999999998
2.7445e-08,0.23925770000000002
2.7447e-08,0.23922790000000005
2.7449e-08,0.23919429999999997
2.7451e-08,0.2391571
2.7453e-08,0.2391162
2.7455e-08,0.23907199999999995
2.7457e-08,0.23902439999999991
2.7459e-08,0.2389734
2.7461e-08,0.2389196
2.7463e-08,0.23886249999999998
2.7465e-08,0.2388026000000001
2.7467e-08,0.2387399
2.7469e-08,0.23867439999999995
2.7471e-08,0.2386064
2.7473e-08,0.23853590000000002
2.7475e-08,0.23846279999999997
2.7477e-08,0.23838749999999997
2.7479e-08,0.23830980000000002
2.7481e-08,0.2382301
2.7483e-08,0.23814819999999992
2.7485e-08,0.23806439999999995
2.7487e-08,0.2379787
2.7489e-08,0.23789100000000007
2.7491e-08,0.23780159999999995
2.7493e-08,0.2377106
2.7495e-08,0.237618
2.7497e-08,0.2375237
2.7499e-08,0.23742809999999992
2.7501e-08,0.2373308999999999
2.7503e-08,0.23723250000000007
2.7505e-08,0.23713280000000003
2.7507e-08,0.23703189999999996
2.7509e-08,0.23692980000000008
2.7511e-08,0.23682670000000006
2.7513e-08,0.23672250000000006
2.7515e-08,0.2366174000000001
2.7517e-08,0.23651129999999998
2.7519e-08,0.2364043
2.7521e-08,0.23629659999999997
2.7523e-08,0.2361881
2.7525e-08,0.23607889999999998
2.7527e-08,0.23596899999999998
2.7529e-08,0.23585850000000008
2.7531e-08,0.23574739999999994
2.7533e-08,0.2356358999999999
2.7535e-08,0.23552379999999995
2.7537e-08,0.2354113
2.7539e-08,0.23529850000000008
2.7541e-08,0.23518519999999998
2.7543e-08,0.2350717
2.7545e-08,0.2349578
2.7547e-08,0.23484379999999994
2.7549e-08,0.23472950000000004
2.7551e-08,0.23461500000000002
2.7553e-08,0.2345005
2.7555e-08,0.23438579999999998
2.7557e-08,0.23427109999999995
2.7559e-08,0.23415640000000004
2.7561e-08,0.23404159999999996
2.7563e-08,0.23392689999999994
2.7565e-08,0.23381220000000003
2.7567e-08,0.2336975
2.7569e-08,0.23358299999999999
2.7571e-08,0.23346869999999997
2.7573e-08,0.23335440000000007
2.7575e-08,0.23324029999999996
2.7577e-08,0.23312659999999996
2.7579e-08,0.23301289999999997
2.7581e-08,0.23289959999999998
2.7583e-08,0.2327865
2.7585e-08,0.23267369999999998
2.7587e-08,0.23256120000000002
2.7589e-08,0.23244900000000002
2.7591e-08,0.23233720000000002
2.7593e-08,0.23222579999999993
2.7595e-08,0.23211480000000007
2.7597e-08,0.23200409999999994
2.75985e-08,0.2319213
2.76e-08,0.23183889999999996
2.76002e-08,0.23182789999999998
2.76006e-08,0.23180600000000007
2.76014e-08,0.23176209999999997
2.7603e-08,0.23167459999999995
2.7605e-08,0.23156569999999999
2.7607e-08,0.23145729999999998
2.7609e-08,0.23134940000000004
2.7611e-08,0.2312419
2.7613e-08,0.23113499999999998
2.7615e-08,0.23102860000000003
2.7617e-08,0.23092279999999998
2.7619e-08,0.23081739999999995
2.7621e-08,0.2307127
2.7623e-08,0.23060839999999994
2.7625e-08,0.2305049
2.7627e-08,0.2304018
2.7629e-08,0.23029940000000004
2.7631e-08,0.23019750000000005
2.7633e-08,0.23009630000000003
2.7635e-08,0.22999560000000008
2.7637e-08,0.22989569999999993
2.7639e-08,0.22979629999999995
2.7641e-08,0.22969759999999995
2.7643e-08,0.22959949999999996
2.7645e-08,0.22950199999999998
2.7647e-08,0.22940519999999998
2.7649e-08,0.22930910000000004
2.7651e-08,0.22921360000000002
2.7653e-08,0.22911880000000007
2.7655e-08,0.22902460000000002
2.7657e-08,0.2289312
2.7659e-08,0.22883829999999994
2.7661e-08,0.22874630000000007
2.7663e-08,0.22865480000000005
2.7665e-08,0.228564
2.7667e-08,0.22847399999999995
2.7669e-08,0.2283847
2.7671e-08,0.2282959
2.7673e-08,0.22820799999999997
2.7675e-08,0.2281206
2.7677e-08,0.22803399999999996
2.7679e-08,0.2279481
2.7681e-08,0.22786289999999998
2.7683e-08,0.2277783
2.7685e-08,0.22769450000000002
2.7687e-08,0.22761140000000002
2.7689e-08,0.22752899999999998
2.7691e-08,0.22744720000000007
2.7693e-08,0.22736619999999996
2.7695e-08,0.22728579999999998
2.7697e-08,0.22720620000000002
2.7699e-08,0.22712719999999997
2.7701e-08,0.22704899999999995
2.7703e-08,0.22697140000000005
2.7705e-08,0.2268945
2.7707e-08,0.22681830000000003
2.7709e-08,0.22674269999999996
2.7711e-08,0.22666789999999992
2.7713e-08,0.22659380000000007
2.7715e-08,0.2265203
2.7717e-08,0.22644750000000002
2.7719e-08,0.2263754
2.7721e-08,0.22630400000000006
2.7723e-08,0.2262331999999999
2.7725e-08,0.226163
2.7727e-08,0.2260935999999999
2.7729e-08,0.22602480000000003
2.7731e-08,0.2259567
2.7733e-08,0.22588929999999996
2.7735e-08,0.22582250000000004
2.7737e-08,0.22575630000000002
2.7739e-08,0.22569079999999997
2.7741e-08,0.22562590000000005
2.7743e-08,0.22556160000000003
2.7745e-08,0.22549809999999992
2.7747e-08,0.2254351
2.7749e-08,0.2253729000000001
2.7751e-08,0.2253111000000001
2.7753e-08,0.22524999999999995
2.7755e-08,0.2251896
2.7757e-08,0.22512980000000005
2.7759e-08,0.2250706
2.7761e-08,0.225012
2.7763e-08,0.224954
2.7765e-08,0.2248966
2.7767e-08,0.22483969999999998
2.7769e-08,0.22478359999999997
2.7771e-08,0.22472800000000004
2.7773e-08,0.22467289999999995
2.7775e-08,0.22461849999999994
2.7777e-08,0.2245645999999999
2.7779e-08,0.22451129999999997
2.7781e-08,0.2244585
2.7783e-08,0.2244064
2.7785e-08,0.22435480000000008
2.7787e-08,0.2243037
2.7789e-08,0.2242533
2.7791e-08,0.2242033
2.7793e-08,0.22415390000000002
2.7795e-08,0.224105
2.7797e-08,0.22405679999999994
2.77985e-08,0.22402089999999997
2.78e-08,0.22398530000000005
2.78002e-08,0.22398049999999992
2.78006e-08,0.22397109999999998
2.78014e-08,0.2239523
2.7803e-08,0.22391489999999992
2.7805e-08,0.22386879999999998
2.7807e-08,0.223823
2.7809e-08,0.22377790000000009
2.7811e-08,0.22373319999999997
2.7813e-08,0.22368889999999997
2.7815e-08,0.22364529999999994
2.7817e-08,0.22360210000000003
2.7819e-08,0.22355940000000007
2.7821e-08,0.22351719999999997
2.7823e-08,0.22347550000000005
2.7825e-08,0.22343420000000003
2.7827e-08,0.22339339999999996
2.7829e-08,0.22335300000000002
2.7831e-08,0.22331329999999994
2.7833e-08,0.22327380000000008
2.7835e-08,0.2232349
2.7837e-08,0.22319640000000007
2.7839e-08,0.22315830000000003
2.7841e-08,0.2231208
2.7843e-08,0.2230837
2.7845e-08,0.2230468
2.7847e-08,0.2230107
2.7849e-08,0.22297480000000003
2.7851e-08,0.22293930000000006
2.7853e-08,0.22290430000000006
2.7855e-08,0.22286969999999995
2.7857e-08,0.22283549999999996
2.7859e-08,0.2228017
2.7861e-08,0.22276830000000003
2.7863e-08,0.22273530000000008
2.7865e-08,0.22270269999999992
2.7867e-08,0.22267060000000005
2.7869e-08,0.22263869999999997
2.7871e-08,0.22260730000000006
2.7873e-08,0.2225762
2.7875e-08,0.22254550000000006
2.7877e-08,0.22251520000000002
2.7879e-08,0.2224853
2.7881e-08,0.22245569999999992
2.7883e-08,0.22242650000000008
2.7885e-08,0.22239769999999992
2.7887e-08,0.22236920000000004
2.7889e-08,0.222341
2.7891e-08,0.2223132
2.7893e-08,0.22228579999999998
2.7895e-08,0.22225859999999997
2.7897e-08,0.22223179999999998
2.7899e-08,0.2222054
2.7901e-08,0.22217920000000002
2.7903e-08,0.22215340000000006
2.7905e-08,0.222128
2.7907e-08,0.2221027
2.7909e-08,0.22207789999999994
2.7911e-08,0.22205339999999996
2.7913e-08,0.22202909999999998
2.7915e-08,0.22200509999999996
2.7917e-08,0.2219816
2.7919e-08,0.2219582
2.7921e-08,0.22193510000000005
2.7923e-08,0.2219124
2.7925e-08,0.22188989999999997
2.7927e-08,0.2218677
2.7929e-08,0.2218458000000001
2.7931e-08,0.22182419999999992
2.7933e-08,0.22180290000000003
2.7935e-08,0.22178169999999997
2.7937e-08,0.22176099999999999
2.7939e-08,0.22174039999999995
2.7941e-08,0.22172009999999998
2.7943e-08,0.22170009999999996
2.7945e-08,0.2216804
2.7947e-08,0.2216608
2.7949e-08,0.2216416000000001
2.7951e-08,0.22162249999999994
2.7953e-08,0.2216037999999999
2.7955e-08,0.22158529999999999
2.7957e-08,0.22156699999999996
2.7959e-08,0.22154890000000005
2.7961e-08,0.22153109999999998
2.7963e-08,0.22151359999999998
2.7965e-08,0.22149620000000003
2.7967e-08,0.22147910000000004
2.7969e-08,0.2214621
2.7971e-08,0.22144540000000001
2.7973e-08,0.221429
2.7975e-08,0.22141270000000002
2.7977e-08,0.2213967
2.7979e-08,0.2213809
2.7981e-08,0.22136519999999993
2.7983e-08,0.22134980000000004
2.7985e-08,0.22133460000000005
2.7987e-08,0.2213197
2.7989e-08,0.22130480000000008
2.7991e-08,0.2212902
2.7993e-08,0.22127580000000002
2.7995e-08,0.2212615
2.7997e-08,0.22124750000000004
2.79985e-08,0.22123709999999996
2.8e-08,0.22123550000000003
2.80002e-08,0.22123689999999996
2.80006e-08,0.22124089999999996
2.80014e-08,0.2212503
2.8003e-08,0.22124470000000007
2.8005e-08,0.2211263
2.8007e-08,0.22081680000000004
2.8009e-08,0.22026809999999997
2.8011e-08,0.21945380000000003
2.8013e-08,0.21836099999999992
2.8015e-08,0.21698620000000002
2.8017e-08,0.21533209999999992
2.8019e-08,0.21340519999999996
2.8021e-08,0.2112143999999999
2.8023e-08,0.20877029999999996
2.8025e-08,0.2060841
2.8027e-08,0.2031676
2.8029e-08,0.2000328
2.8031e-08,0.1966914999999999
2.8033e-08,0.19315530000000003
2.8035e-08,0.18943569999999998
2.8037e-08,0.18554369999999998
2.8039e-08,0.1814903
2.8041e-08,0.1772859
2.8043e-08,0.17294049999999994
2.8045e-08,0.1684641
2.8047e-08,0.1638659
2.8049e-08,0.15915520000000005
2.8051e-08,0.15434100000000006
2.8053e-08,0.1494314
2.8055e-08,0.14443490000000003
2.8057e-08,0.13935920000000002
2.8059e-08,0.134212
2.8061e-08,0.12900070000000008
2.8063e-08,0.12373210000000001
2.8065e-08,0.11841329999999994
2.8067e-08,0.11305050000000005
2.8069e-08,0.10765020000000003
2.8071e-08,0.10221819999999993
2.8073e-08,0.09676039999999997
2.8075e-08,0.09128230000000004
2.8077e-08,0.08578920000000001
2.8079e-08,0.08028610000000003
2.8081e-08,0.07477789999999995
2.8083e-08,0.06926920000000003
2.8085e-08,0.06376439999999994
2.8087e-08,0.05826770000000003
2.8089e-08,0.05278329999999998
2.8091e-08,0.047314599999999984
2.8093e-08,0.041865700000000006
2.8095e-08,0.036439699999999964
2.8097e-08,0.031039999999999957
2.8099e-08,0.025669700000000018
2.8101e-08,0.020331500000000058
2.8103e-08,0.015028400000000053
2.8105e-08,0.009762900000000019
2.8107e-08,0.004537400000000025
2.8109e-08,-0.0006458000000000297
2.8111e-08,-0.00578449999999997
2.8113e-08,-0.010876899999999967
2.8115e-08,-0.015920799999999957
2.8117e-08,-0.02091480000000001
2.8119e-08,-0.025857200000000025
2.8121e-08,-0.030746400000000063
2.8123e-08,-0.03558120000000009
2.8125e-08,-0.04036019999999996
2.8127e-08,-0.04508230000000002
2.8129e-08,-0.049746599999999974
2.8131e-08,-0.05435200000000007
2.8133e-08,-0.05889770000000005
2.8135e-08,-0.06338300000000008
2.8137e-08,-0.06780720000000007
2.8139e-08,-0.07216960000000006
2.8141e-08,-0.07646989999999998
2.8143e-08,-0.08070759999999999
2.8145e-08,-0.08488230000000008
2.8147e-08,-0.08899380000000001
2.8149e-08,-0.09304179999999995
2.8151e-08,-0.09702630000000001
2.8153e-08,-0.10094709999999996
2.8155e-08,-0.10480420000000001
2.8157e-08,-0.10859739999999996
2.8159e-08,-0.11232719999999996
2.8161e-08,-0.11599340000000002
2.8163e-08,-0.11959629999999999
2.8165e-08,-0.12313609999999997
2.8167e-08,-0.12661290000000003
2.8169e-08,-0.1300272
2.8171e-08,-0.13337920000000003
2.8173e-08,-0.1366693
2.8175e-08,-0.13989790000000002
2.8177e-08,-0.14306530000000006
2.8179e-08,-0.14617210000000003
2.8181e-08,-0.14921879999999998
2.8183e-08,-0.1522057
2.8185e-08,-0.15513350000000004
2.8187e-08,-0.1580026
2.8189e-08,-0.1608136
2.8191e-08,-0.16356720000000002
2.8193e-08,-0.16626380000000007
2.8195e-08,-0.16890400000000005
2.8197e-08,-0.17148869999999994
2.81985e-08,-0.17339079999999996
2.82e-08,-0.17526229999999998
2.82002e-08,-0.17550920000000003
2.82006e-08,-0.176002
2.82014e-08,-0.17698120000000006
2.8203e-08,-0.17891390000000007
2.8205e-08,-0.18128220000000006
2.8207e-08,-0.18359789999999998
2.8209e-08,-0.1858618999999999
2.8211e-08,-0.1880748
2.8213e-08,-0.1902372
2.8215e-08,-0.19234989999999996
2.8217e-08,-0.19441359999999996
2.8219e-08,-0.19642879999999996
2.8221e-08,-0.19839640000000003
2.8223e-08,-0.20031699999999997
2.8225e-08,-0.20219129999999996
2.8227e-08,-0.20402010000000004
2.8229e-08,-0.205804
2.8231e-08,-0.20754359999999994
2.8233e-08,-0.20923979999999998
2.8235e-08,-0.210893
2.8237e-08,-0.21250420000000003
2.8239e-08,-0.21407390000000004
2.8241e-08,-0.21560289999999993
2.8243e-08,-0.2170917
2.8245e-08,-0.21854110000000004
2.8247e-08,-0.21995170000000008
2.8249e-08,-0.22132439999999998
2.8251e-08,-0.22265939999999995
2.8253e-08,-0.22395779999999998
2.8255e-08,-0.22521990000000003
2.8257e-08,-0.22644659999999994
2.8259e-08,-0.22763840000000002
2.8261e-08,-0.22879590000000005
2.8263e-08,-0.22991989999999995
2.8265e-08,-0.23101079999999996
2.8267e-08,-0.23206939999999998
2.8269e-08,-0.23309610000000003
2.8271e-08,-0.23409179999999996
2.8273e-08,-0.2350567
2.8275e-08,-0.23599170000000003
2.8277e-08,-0.23689720000000003
2.8279e-08,-0.23777389999999998
2.8281e-08,-0.23862229999999995
2.8283e-08,-0.23944299999999996
2.8285e-08,-0.24023640000000002
2.8287e-08,-0.24100319999999997
2.8289e-08,-0.2417439
2.8291e-08,-0.24245889999999992
2.8293e-08,-0.24314900000000006
2.8295e-08,-0.2438144
2.8297e-08,-0.24445590000000006
2.8299e-08,-0.24507369999999995
2.8301e-08,-0.24566860000000001
2.8303e-08,-0.24624089999999998
2.8305e-08,-0.24679090000000004
2.8307e-08,-0.24731959999999997
2.8309e-08,-0.24782700000000002
2.8311e-08,-0.24831360000000002
2.8313e-08,-0.24878009999999995
2.8315e-08,-0.24922679999999997
2.8317e-08,-0.2496541000000001
2.8319e-08,-0.2500624
2.8321e-08,-0.25045229999999996
2.8323e-08,-0.25082399999999994
2.8325e-08,-0.2511781999999999
2.8327e-08,-0.2515149
2.8329e-08,-0.2518348
2.8331e-08,-0.2521382999999999
2.8333e-08,-0.2524256
2.8335e-08,-0.25269720000000007
2.8337e-08,-0.25295349999999994
2.8339e-08,-0.2531947
2.8341e-08,-0.2534214
2.8343e-08,-0.2536337000000001
2.8345e-08,-0.2538321
2.8347e-08,-0.2540169
2.8349e-08,-0.25418850000000004
2.8351e-08,-0.25434710000000005
2.8353e-08,-0.2544932000000001
2.8355e-08,-0.25462699999999994
2.8357e-08,-0.25474870000000005
2.8359e-08,-0.25485880000000005
2.8361e-08,-0.2549576
2.8363e-08,-0.25504519999999997
2.8365e-08,-0.2551221
2.8367e-08,-0.2551886000000001
2.8369e-08,-0.25524479999999994
2.8371e-08,-0.2552911
2.8373e-08,-0.2553276
2.8375e-08,-0.2553548
2.8377e-08,-0.25537280000000007
2.8379e-08,-0.255382
2.8381e-08,-0.25538249999999996
2.8383e-08,-0.2553746
2.8385e-08,-0.2553586
2.8387e-08,-0.25533459999999997
2.8389e-08,-0.2553029
2.8391e-08,-0.25526380000000004
2.8393e-08,-0.25521740000000004
2.8395e-08,-0.25516400000000006
2.8397e-08,-0.2551038
2.83985e-08,-0.25505430000000007
2.84e-08,-0.2550099
2.84002e-08,-0.25500539999999994
2.84006e-08,-0.2549971999999999
2.84014e-08,-0.2549817999999999
2.8403e-08,-0.2549239000000001
2.8405e-08,-0.2547366
2.8407e-08,-0.2543552
2.8409e-08,-0.2537322999999999
2.8411e-08,-0.25284190000000006
2.8413e-08,-0.25167130000000004
2.8415e-08,-0.25021720000000003
2.8417e-08,-0.24848210000000004
2.8419e-08,-0.24647249999999998
2.8421e-08,-0.24419710000000006
2.8423e-08,-0.2416663
2.8425e-08,-0.23889119999999997
2.8427e-08,-0.23588320000000007
2.8429e-08,-0.23265439999999993
2.8431e-08,-0.22921610000000003
2.8433e-08,-0.22557989999999994
2.8435e-08,-0.2217572
2.8437e-08,-0.21775869999999997
2.8439e-08,-0.21359510000000004
2.8441e-08,-0.2092771
2.8443e-08,-0.20481439999999995
2.8445e-08,-0.20021679999999997
2.8447e-08,-0.19549380000000005
2.8449e-08,-0.19065430000000005
2.8451e-08,-0.18570700000000007
2.8453e-08,-0.1806607
2.8455e-08,-0.17552330000000005
2.8457e-08,-0.17030290000000003
2.8459e-08,-0.1650069999999999
2.8461e-08,-0.15964279999999997
2.8463e-08,-0.1542177
2.8465e-08,-0.14873839999999994
2.8467e-08,-0.1432114
2.8469e-08,-0.1376430999999999
2.8471e-08,-0.13203959999999992
2.8473e-08,-0.12640669999999998
2.8475e-08,-0.12075009999999997
2.8477e-08,-0.11507509999999999
2.8479e-08,-0.10938690000000006
2.8481e-08,-0.10369059999999997
2.8483e-08,-0.09799069999999999
2.8485e-08,-0.09229189999999998
2.8487e-08,-0.08659839999999996
2.8489e-08,-0.0809145
2.8491e-08,-0.07524409999999992
2.8493e-08,-0.06959090000000001
2.8495e-08,-0.06395849999999992
2.8497e-08,-0.058350400000000024
2.8499e-08,-0.052769499999999914
2.8501e-08,-0.047219199999999906
2.8503e-08,-0.04170220000000002
2.8505e-08,-0.03622130000000001
2.8507e-08,-0.030778899999999942
2.8509e-08,-0.025377699999999948
2.8511e-08,-0.020019600000000026
2.8513e-08,-0.014707099999999973
2.8515e-08,-0.009441900000000003
2.8517e-08,-0.004225999999999952
2.8519e-08,0.0009390000000000231
2.8521e-08,0.006051299999999982
2.8523e-08,0.0111097
2.8525e-08,0.01611259999999992
2.8527e-08,0.02105889999999999
2.8529e-08,0.02594720000000006
2.8531e-08,0.030776899999999996
2.8533e-08,0.03554670000000004
2.8535e-08,0.04025590000000001
2.8537e-08,0.04490369999999999
2.8539e-08,0.049489499999999964
2.8541e-08,0.054012599999999966
2.8543e-08,0.058472599999999986
2.8545e-08,0.06286900000000006
2.8547e-08,0.06720150000000003
2.8549e-08,0.07146980000000003
2.8551e-08,0.07567380000000001
2.8553e-08,0.07981309999999997
2.8555e-08,0.08388779999999996
2.8557e-08,0.08789789999999997
2.8559e-08,0.09184309999999996
2.8561e-08,0.09572380000000003
2.8563e-08,0.09954009999999991
2.8565e-08,0.1032921
2.8567e-08,0.10697979999999996
2.8569e-08,0.11060370000000008
2.8571e-08,0.11416400000000004
2.8573e-08,0.11766119999999991
2.8575e-08,0.12109530000000002
2.8577e-08,0.12446689999999994
2.8579e-08,0.12777650000000007
2.8581e-08,0.13102429999999998
2.8583e-08,0.13421099999999997
2.8585e-08,0.13733700000000004
2.8587e-08,0.14040280000000005
2.8589e-08,0.143409
2.8591e-08,0.1463561
2.8593e-08,0.1492447
2.8595e-08,0.15207530000000002
2.8597e-08,0.1548488
2.85985e-08,0.15689140000000001
2.86e-08,0.15890250000000006
2.86002e-08,0.15916790000000003
2.86006e-08,0.1596978
2.86014e-08,0.16075080000000008
2.8603e-08,0.1628305
2.8605e-08,0.165381
2.8607e-08,0.16787740000000007
2.8609e-08,0.17032029999999998
2.8611e-08,0.1727105
2.8613e-08,0.17504849999999994
2.8615e-08,0.17733520000000003
2.8617e-08,0.17957109999999998
2.8619e-08,0.18175720000000006
2.8621e-08,0.18389370000000005
2.8623e-08,0.18598179999999997
2.8625e-08,0.18802180000000002
2.8627e-08,0.19001460000000003
2.8629e-08,0.1919609
2.8631e-08,0.19386139999999996
2.8633e-08,0.19571680000000002
2.8635e-08,0.19752760000000003
2.8637e-08,0.1992948
2.8639e-08,0.20101900000000006
2.8641e-08,0.20270080000000001
2.8643e-08,0.20434090000000005
2.8645e-08,0.20593990000000006
2.8647e-08,0.20749870000000004
2.8649e-08,0.20901780000000003
2.8651e-08,0.21049790000000002
2.8653e-08,0.2119398
2.8655e-08,0.21334399999999998
2.8657e-08,0.21471110000000004
2.8659e-08,0.2160419
2.8661e-08,0.21733689999999994
2.8663e-08,0.21859700000000004
2.8665e-08,0.21982239999999997
2.8667e-08,0.2210141
2.8669e-08,0.22217260000000005
2.8671e-08,0.2232984
2.8673e-08,0.22439240000000005
2.8675e-08,0.2254547
2.8677e-08,0.22648639999999998
2.8679e-08,0.2274877999999999
2.8681e-08,0.22845950000000004
2.8683e-08,0.2294022
2.8685e-08,0.23031630000000003
2.8687e-08,0.23120249999999998
2.8689e-08,0.23206120000000008
2.8691e-08,0.23289300000000002
2.8693e-08,0.23369850000000003
2.8695e-08,0.23447810000000002
2.8697e-08,0.23523249999999996
2.8699e-08,0.23596210000000006
2.8701e-08,0.23666730000000002
2.8703e-08,0.23734869999999997
2.8705e-08,0.23800700000000008
2.8707e-08,0.23864229999999997
2.8709e-08,0.23925529999999995
2.8711e-08,0.23984649999999996
2.8713e-08,0.24041620000000008
2.8715e-08,0.24096499999999998
2.8717e-08,0.24149330000000002
2.8719e-08,0.24200149999999998
2.8721e-08,0.24249009999999993
2.8723e-08,0.2429595
2.8725e-08,0.24341020000000002
2.8727e-08,0.24384240000000001
2.8729e-08,0.2442567
2.8731e-08,0.24465349999999997
2.8733e-08,0.24503299999999995
2.8735e-08,0.2453959
2.8737e-08,0.24574240000000003
2.8739e-08,0.2460728000000001
2.8741e-08,0.24638760000000004
2.8743e-08,0.24668710000000005
2.8745e-08,0.2469716999999999
2.8747e-08,0.24724180000000007
2.8749e-08,0.24749750000000004
2.8751e-08,0.2477395
2.8753e-08,0.24796790000000002
2.8755e-08,0.24818300000000004
2.8757e-08,0.24838530000000003
2.8759e-08,0.248575
2.8761e-08,0.24875239999999998
2.8763e-08,0.24891780000000008
2.8765e-08,0.24907159999999995
2.8767e-08,0.24921400000000005
2.8769e-08,0.2493453
2.8771e-08,0.24946580000000007
2.8773e-08,0.24957570000000007
2.8775e-08,0.24967550000000005
2.8777e-08,0.24976529999999997
2.8779e-08,0.24984529999999994
2.8781e-08,0.24991580000000002
2.8783e-08,0.2499772
2.8785e-08,0.25002959999999996
2.8787e-08,0.25007330000000005
2.8789e-08,0.2501086
2.8791e-08,0.25013549999999996
2.8793e-08,0.25015450000000006
2.8795e-08,0.2501656
2.8797e-08,0.2501692
2.87985e-08,0.2501671
2.88e-08,0.2501609
2.88002e-08,0.2501597
2.88006e-08,0.2501573
2.88014e-08,0.25015160000000003
2.8803e-08,0.25013680000000005
2.8805e-08,0.2501122
2.8807e-08,0.25008109999999995
2.8809e-08,0.25004380000000004
2.8811e-08,0.25000029999999995
2.8813e-08,0.24995080000000003
2.8815e-08,0.2498956
2.8817e-08,0.24983470000000008
2.8819e-08,0.24976849999999995
2.8821e-08,0.24969700000000006
2.8823e-08,0.24962050000000002
2.8825e-08,0.2495391
2.8827e-08,0.24945289999999998
2.8829e-08,0.24936219999999998
2.8831e-08,0.24926700000000002
2.8833e-08,0.24916760000000004
2.8835e-08,0.24906399999999995
2.8837e-08,0.24895639999999997
2.8839e-08,0.24884509999999993
2.8841e-08,0.24873010000000007
2.8843e-08,0.24861140000000004
2.8845e-08,0.24848930000000002
2.8847e-08,0.24836400000000003
2.8849e-08,0.24823549999999994
2.8851e-08,0.24810390000000004
2.8853e-08,0.24796950000000006
2.8855e-08,0.2478321
2.8857e-08,0.2476923000000001
2.8859e-08,0.24754969999999998
2.8861e-08,0.24740470000000003
2.8863e-08,0.2472573
2.8865e-08,0.24710769999999993
2.8867e-08,0.2469559
2.8869e-08,0.24680219999999997
2.8871e-08,0.24664629999999998
2.8873e-08,0.24648880000000006
2.8875e-08,0.24632940000000003
2.8877e-08,0.24616840000000006
2.8879e-08,0.24600579999999994
2.8881e-08,0.24584170000000005
2.8883e-08,0.24567609999999995
2.8885e-08,0.24550930000000004
2.8887e-08,0.24534120000000004
2.8889e-08,0.24517200000000006
2.8891e-08,0.2450017
2.8893e-08,0.2448304
2.8895e-08,0.2446581
2.8897e-08,0.24448499999999995
2.8899e-08,0.24431100000000006
2.8901e-08,0.24413640000000003
2.8903e-08,0.24396099999999998
2.8905e-08,0.24378500000000003
2.8907e-08,0.2436085
2.8909e-08,0.24343150000000002
2.8911e-08,0.2432542000000001
2.8913e-08,0.24307639999999997
2.8915e-08,0.2428983
2.8917e-08,0.2427199
2.8919e-08,0.24254140000000002
2.8921e-08,0.2423628
2.8923e-08,0.2421839
2.8925e-08,0.24200509999999997
2.8927e-08,0.2418262
2.8929e-08,0.24164739999999996
2.8931e-08,0.24146849999999997
2.8933e-08,0.24128990000000006
2.8935e-08,0.24111139999999998
2.8937e-08,0.2409330999999999
2.8939e-08,0.2407551
2.8941e-08,0.2405773
2.8943e-08,0.2403999
2.8945e-08,0.24022279999999996
2.8947e-08,0.24004599999999998
2.8949e-08,0.23986969999999996
2.8951e-08,0.23969380000000007
2.8953e-08,0.23951840000000002
2.8955e-08,0.23934349999999993
2.8957e-08,0.23916919999999997
2.8959e-08,0.23899539999999997
2.8961e-08,0.23882230000000004
2.8963e-08,0.23864960000000002
2.8965e-08,0.23847770000000001
2.8967e-08,0.2383065000000001
2.8969e-08,0.23813589999999996
2.8971e-08,0.237966
2.8973e-08,0.23779689999999998
2.8975e-08,0.23762850000000002
2.8977e-08,0.23746079999999992
2.8979e-08,0.237294
2.8981e-08,0.237128
2.8983e-08,0.23696279999999992
2.8985e-08,0.23679839999999996
2.8987e-08,0.23663500000000004
2.8989e-08,0.23647230000000008
2.8991e-08,0.23631059999999993
2.8993e-08,0.23614979999999997
2.8995e-08,0.23598989999999997
2.8997e-08,0.23583089999999995
2.89985e-08,0.23571220000000004
2.9e-08,0.23559419999999998
2.90002e-08,0.23557850000000002
2.90006e-08,0.2355471
2.90014e-08,0.23548449999999999
2.9003e-08,0.2353596
2.9005e-08,0.23520449999999993
2.9007e-08,0.2350504
2.9009e-08,0.23489720000000003
2.9011e-08,0.23474499999999998
2.9013e-08,0.23459380000000007
2.9015e-08,0.23444370000000003
2.9017e-08,0.23429449999999996
2.9019e-08,0.23414649999999992
2.9021e-08,0.2339992999999999
2.9023e-08,0.23385329999999993
2.9025e-08,0.2337083000000001
2.9027e-08,0.23356450000000006
2.9029e-08,0.23342150000000006
2.9031e-08,0.23327969999999998
2.9033e-08,0.2331390000000001
2.9035e-08,0.23299930000000002
2.9037e-08,0.23286070000000003
2.9039e-08,0.23272320000000002
2.9041e-08,0.23258679999999998
2.9043e-08,0.23245139999999997
2.9045e-08,0.232317
2.9047e-08,0.2321839
2.9049e-08,0.23205170000000008
2.9051e-08,0.23192059999999992
2.9053e-08,0.23179059999999996
2.9055e-08,0.23166169999999997
2.9057e-08,0.23153389999999996
2.9059e-08,0.23140720000000004
2.9061e-08,0.23128139999999997
2.9063e-08,0.2311569
2.9065e-08,0.23103339999999994
2.9067e-08,0.23091099999999998
2.9069e-08,0.23078960000000004
2.9071e-08,0.23066930000000008
2.9073e-08,0.23054999999999992
2.9075e-08,0.23043190000000002
2.9077e-08,0.23031479999999993
2.9079e-08,0.23019879999999993
2.9081e-08,0.23008379999999995
2.9083e-08,0.22996990000000006
2.9085e-08,0.22985709999999993
2.9087e-08,0.22974519999999998
2.9089e-08,0.22963449999999996
2.9091e-08,0.22952479999999997
2.9093e-08,0.2294161
2.9095e-08,0.22930839999999997
2.9097e-08,0.22920169999999995
2.9099e-08,0.22909610000000002
2.9101e-08,0.22899150000000001
2.9103e-08,0.22888790000000003
2.9105e-08,0.22878540000000003
2.9107e-08,0.2286838
2.9109e-08,0.22858330000000004
2.9111e-08,0.22848370000000007
2.9113e-08,0.2283851
2.9115e-08,0.2282875000000001
2.9117e-08,0.22819080000000003
2.9119e-08,0.2280953
2.9121e-08,0.22800049999999994
2.9123e-08,0.22790679999999996
2.9125e-08,0.22781410000000002
2.9127e-08,0.22772230000000004
2.9129e-08,0.22763140000000004
2.9131e-08,0.22754149999999995
2.9133e-08,0.22745249999999995
2.9135e-08,0.2273643999999999
2.9137e-08,0.22727730000000002
2.9139e-08,0.22719109999999998
2.9141e-08,0.22710570000000008
2.9143e-08,0.22702129999999998
2.9145e-08,0.22693779999999997
2.9147e-08,0.22685520000000003
2.9149e-08,0.2267734
2.9151e-08,0.22669249999999996
2.9153e-08,0.2266125
2.9155e-08,0.22653330000000005
2.9157e-08,0.22645510000000002
2.9159e-08,0.22637770000000002
2.9161e-08,0.22630110000000003
2.9163e-08,0.22622529999999996
2.9165e-08,0.22615030000000003
2.9167e-08,0.2260763
2.9169e-08,0.2260029
2.9171e-08,0.22593050000000003
2.9173e-08,0.22585889999999997
2.9175e-08,0.22578789999999993
2.9177e-08,0.22571790000000003
2.9179e-08,0.22564859999999998
2.9181e-08,0.22558009999999995
2.9183e-08,0.22551239999999995
2.9185e-08,0.22544540000000002
2.9187e-08,0.2253792
2.9189e-08,0.22531369999999995
2.9191e-08,0.22524889999999997
2.9193e-08,0.22518490000000002
2.9195e-08,0.2251217000000001
2.9197e-08,0.22505920000000001
2.91985e-08,0.2250128
2.92e-08,0.22497539999999994
2.92002e-08,0.22497230000000001
2.92006e-08,0.22496680000000002
2.92014e-08,0.22495739999999997
2.9203e-08,0.22491439999999996
2.9205e-08,0.22474989999999995
2.9207e-08,0.22439510000000007
2.9209e-08,0.2238021
2.9211e-08,0.22294419999999993
2.9213e-08,0.22180869999999997
2.9215e-08,0.22039200000000003
2.9217e-08,0.21869669999999997
2.9219e-08,0.21672940000000007
2.9221e-08,0.21449889999999994
2.9223e-08,0.21201579999999998
2.9225e-08,0.20929109999999995
2.9227e-08,0.20633689999999993
2.9229e-08,0.20316469999999998
2.9231e-08,0.19978659999999993
2.9233e-08,0.19621410000000006
2.9235e-08,0.1924585000000001
2.9237e-08,0.18853109999999995
2.9239e-08,0.1844426
2.9241e-08,0.18020349999999996
2.9243e-08,0.17582370000000003
2.9245e-08,0.1713131
2.9247e-08,0.16668130000000003
2.9249e-08,0.16193709999999994
2.9251e-08,0.1570897
2.9253e-08,0.15214720000000004
2.9255e-08,0.1471178999999999
2.9257e-08,0.14200979999999996
2.9259e-08,0.13683040000000002
2.9261e-08,0.13158709999999996
2.9263e-08,0.12628679999999992
2.9265e-08,0.1209363
2.9267e-08,0.11554220000000004
2.9269e-08,0.11011079999999995
2.9271e-08,0.10464799999999996
2.9273e-08,0.09915940000000001
2.9275e-08,0.09365089999999998
2.9277e-08,0.08812749999999991
2.9279e-08,0.08259440000000007
2.9281e-08,0.07705640000000002
2.9283e-08,0.07151819999999998
2.9285e-08,0.06598389999999998
2.9287e-08,0.06045820000000002
2.9289e-08,0.05494469999999996
2.9291e-08,0.04944749999999998
2.9293e-08,0.04397010000000001
2.9295e-08,0.03851590000000005
2.9297e-08,0.03308820000000001
2.9299e-08,0.02769009999999994
2.9301e-08,0.02232449999999997
2.9303e-08,0.016994100000000012
2.9305e-08,0.011701700000000037
2.9307e-08,0.006449499999999997
2.9309e-08,0.0012398999999999605
2.9311e-08,-0.003925100000000015
2.9313e-08,-0.009043300000000087
2.9315e-08,-0.014112999999999931
2.9317e-08,-0.01913239999999994
2.9319e-08,-0.024099800000000005
2.9321e-08,-0.029013899999999926
2.9323e-08,-0.033873299999999995
2.9325e-08,-0.03867670000000001
2.9327e-08,-0.04342290000000004
2.9329e-08,-0.04811090000000007
2.9331e-08,-0.0527398
2.9333e-08,-0.05730860000000004
2.9335e-08,-0.061816800000000005
2.9337e-08,-0.06626370000000004
2.9339e-08,-0.0706485
2.9341e-08,-0.07497090000000006
2.9343e-08,-0.07923040000000003
2.9345e-08,-0.08342660000000002
2.9347e-08,-0.08755939999999995
2.9349e-08,-0.0916285
2.9351e-08,-0.09563359999999999
2.9353e-08,-0.09957479999999996
2.9355e-08,-0.1034520000000001
2.9357e-08,-0.10726530000000001
2.9359e-08,-0.11101459999999996
2.9361e-08,-0.11470020000000003
2.9363e-08,-0.1183221000000001
2.9365e-08,-0.1218807999999999
2.9367e-08,-0.1253761000000001
2.9369e-08,-0.1288087
2.9371e-08,-0.13217879999999993
2.9373e-08,-0.13548669999999996
2.9375e-08,-0.1387328
2.9377e-08,-0.14191759999999998
2.9379e-08,-0.1450414
2.9381e-08,-0.14810480000000004
2.9383e-08,-0.15110830000000008
2.9385e-08,-0.15405229999999992
2.9387e-08,-0.15693749999999995
2.9389e-08,-0.15976440000000003
2.9391e-08,-0.1625335
2.9393e-08,-0.16524549999999993
2.9395e-08,-0.1679008999999999
2.9397e-08,-0.1705004
2.93985e-08,-0.17241360000000006
2.94e-08,-0.17430469999999998
2.94002e-08,-0.17455589999999999
2.94006e-08,-0.17505819999999994
2.94014e-08,-0.1760579
2.9403e-08,-0.17800590000000005
2.9405e-08,-0.1802802
2.9407e-08,-0.18230820000000003
2.9409e-08,-0.18404279999999995
2.9411e-08,-0.18545820000000002
2.9413e-08,-0.1865428
2.9415e-08,-0.18729430000000002
2.9417e-08,-0.18771689999999996
2.9419e-08,-0.18781800000000004
2.9421e-08,-0.18760810000000006
2.9423e-08,-0.18709890000000007
2.9425e-08,-0.186303
2.9427e-08,-0.18523290000000003
2.9429e-08,-0.183902
2.9431e-08,-0.1823228
2.9433e-08,-0.180508
2.9435e-08,-0.1784698
2.9437e-08,-0.17622019999999994
2.9439e-08,-0.1737708
2.9441e-08,-0.17113240000000007
2.9443e-08,-0.16831610000000008
2.9445e-08,-0.16533209999999998
2.9447e-08,-0.16219059999999996
2.9449e-08,-0.1589009
2.9451e-08,-0.1554726999999999
2.9453e-08,-0.1519146
2.9455e-08,-0.14823549999999996
2.9457e-08,-0.1444436
2.9459e-08,-0.14054679999999997
2.9461e-08,-0.13655300000000004
2.9463e-08,-0.13246950000000002
2.9465e-08,-0.12830350000000001
2.9467e-08,-0.1240618
2.9469e-08,-0.1197511
2.9471e-08,-0.11537780000000009
2.9473e-08,-0.11094779999999993
2.9475e-08,-0.10646729999999993
2.9477e-08,-0.10194179999999997
2.9479e-08,-0.09737659999999992
2.9481e-08,-0.09277710000000006
2.9483e-08,-0.08814829999999996
2.9485e-08,-0.08349490000000004
2.9487e-08,-0.07882149999999999
2.9489e-08,-0.07413250000000005
2.9491e-08,-0.06943220000000005
2.9493e-08,-0.06472460000000002
2.9495e-08,-0.06001349999999994
2.9497e-08,-0.05530249999999992
2.9499e-08,-0.05059530000000001
2.9501e-08,-0.04589500000000002
2.9503e-08,-0.04120489999999999
2.9505e-08,-0.036528000000000005
2.9507e-08,-0.031867199999999984
2.9509e-08,-0.02722520000000006
2.9511e-08,-0.022604600000000086
2.9513e-08,-0.018007799999999907
2.9515e-08,-0.013437199999999927
2.9517e-08,-0.008894700000000033
2.9519e-08,-0.00438280000000002
2.9521e-08,9.700000000001374e-05
2.9523e-08,0.004542600000000063
2.9525e-08,0.008952399999999971
2.9527e-08,0.013324799999999914
2.9529e-08,0.017658299999999905
2.9531e-08,0.021951500000000013
2.9533e-08,0.02620330000000004
2.9535e-08,0.0304122
2.9537e-08,0.03457730000000003
2.9539e-08,0.0386976
2.9541e-08,0.04277220000000004
2.9543e-08,0.046800000000000064
2.9545e-08,0.050780500000000006
2.9547e-08,0.054712900000000064
2.9549e-08,0.0585966
2.9551e-08,0.062431000000000014
2.9553e-08,0.06621559999999993
2.9555e-08,0.06995000000000007
2.9557e-08,0.07363399999999998
2.9559e-08,0.07726700000000009
2.9561e-08,0.0808489
2.9563e-08,0.08437950000000005
2.9565e-08,0.08785860000000001
2.9567e-08,0.09128610000000004
2.9569e-08,0.09466200000000002
2.9571e-08,0.09798620000000002
2.9573e-08,0.10125879999999998
2.9575e-08,0.10447980000000001
2.9577e-08,0.1076494
2.9579e-08,0.11076749999999991
2.9581e-08,0.1138344
2.9583e-08,0.11685040000000002
2.9585e-08,0.11981560000000002
2.9587e-08,0.12273020000000001
2.9589e-08,0.12559450000000005
2.9591e-08,0.12840889999999994
2.9593e-08,0.13117370000000006
2.9595e-08,0.13388920000000004
2.9597e-08,0.13655570000000006
2.95985e-08,0.13852370000000003
2.96e-08,0.1404645
2.96002e-08,0.14072169999999995
2.96006e-08,0.1412371
2.96014e-08,0.14227040000000002
2.9603e-08,0.14431139999999998
2.9605e-08,0.14673789999999998
2.9607e-08,0.1489448
2.9609e-08,0.15087470000000003
2.9611e-08,0.15249480000000004
2.9613e-08,0.15378880000000006
2.9615e-08,0.1547516
2.9617e-08,0.15538510000000005
2.9619e-08,0.15569579999999994
2.9621e-08,0.15569350000000004
2.9623e-08,0.1553892
2.9625e-08,0.15479560000000003
2.9627e-08,0.15392530000000004
2.9629e-08,0.15279149999999997
2.9631e-08,0.15140710000000002
2.9633e-08,0.14978480000000005
2.9635e-08,0.14793699999999999
2.9637e-08,0.14587610000000006
2.9639e-08,0.1436136
2.9641e-08,0.1411610000000001
2.9643e-08,0.1385291999999999
2.9645e-08,0.13572890000000004
2.9647e-08,0.1327701
2.9649e-08,0.1296626999999999
2.9651e-08,0.12641619999999998
2.9653e-08,0.12303969999999997
2.9655e-08,0.11954189999999998
2.9657e-08,0.11593140000000002
2.9659e-08,0.11221610000000004
2.9661e-08,0.1084039
2.9663e-08,0.1045024
2.9665e-08,0.10051869999999996
2.9667e-08,0.09645979999999998
2.9669e-08,0.09233230000000003
2.9671e-08,0.08814280000000008
2.9673e-08,0.08389729999999995
2.9675e-08,0.07960179999999994
2.9677e-08,0.07526179999999993
2.9679e-08,0.07088300000000003
2.9681e-08,0.06647049999999999
2.9683e-08,0.06202920000000001
2.9685e-08,0.05756399999999995
2.9687e-08,0.053079499999999946
2.9689e-08,0.048580100000000015
2.9691e-08,0.04406980000000005
2.9693e-08,0.039552799999999944
2.9695e-08,0.035032799999999975
2.9697e-08,0.03051359999999992
2.9699e-08,0.025998499999999924
2.9701e-08,0.021490700000000085
2.9703e-08,0.016993599999999942
2.9705e-08,0.012510099999999968
2.9707e-08,0.008042800000000017
2.9709e-08,0.0035947000000000617
2.9711e-08,-0.0008317999999999381
2.9713e-08,-0.005234500000000031
2.9715e-08,-0.00961080000000003
2.9717e-08,-0.013958899999999996
2.9719e-08,-0.018276599999999976
2.9721e-08,-0.022562000000000082
2.9723e-08,-0.0268134000000001
2.9725e-08,-0.031029300000000037
2.9727e-08,-0.03520780000000001
2.9729e-08,-0.039347800000000044
2.9731e-08,-0.043447799999999925
2.9733e-08,-0.047506599999999954
2.9735e-08,-0.051523100000000044
2.9737e-08,-0.05549610000000005
2.9739e-08,-0.059424800000000055
2.9741e-08,-0.06330829999999998
2.9743e-08,-0.06714559999999992
2.9745e-08,-0.07093629999999995
2.9747e-08,-0.07467939999999995
2.9749e-08,-0.07837459999999996
2.9751e-08,-0.08202120000000002
2.9753e-08,-0.0856188
2.9755e-08,-0.089167
2.9757e-08,-0.09266560000000001
2.9759e-08,-0.09611409999999998
2.9761e-08,-0.09951239999999995
2.9763e-08,-0.10286030000000002
2.9765e-08,-0.10615770000000002
2.9767e-08,-0.10940450000000002
2.9769e-08,-0.1126007
2.9771e-08,-0.11574620000000002
2.9773e-08,-0.11884109999999992
2.9775e-08,-0.12188549999999998
2.9777e-08,-0.12487950000000003
2.9779e-08,-0.12782329999999997
2.9781e-08,-0.13071710000000003
2.9783e-08,-0.13356089999999998
2.9785e-08,-0.1363552
2.9787e-08,-0.13910009999999995
2.9789e-08,-0.14179579999999992
2.9791e-08,-0.14444290000000004
2.9793e-08,-0.1470416
2.9795e-08,-0.1495921
2.9797e-08,-0.15209499999999998
2.97985e-08,-0.153941
2.98e-08,-0.15576049999999997
2.98002e-08,-0.15600170000000002
2.98006e-08,-0.15648489999999993
2.98014e-08,-0.15745399999999998
2.9803e-08,-0.1593673
2.9805e-08,-0.16163569999999994
2.9807e-08,-0.16368669999999996
2.9809e-08,-0.1654627999999999
2.9811e-08,-0.1669315
2.9813e-08,-0.16807640000000001
2.9815e-08,-0.16889260000000006
2.9817e-08,-0.16938169999999997
2.9819e-08,-0.1695504
2.9821e-08,-0.1694082
2.9823e-08,-0.16896619999999996
2.9825e-08,-0.16823679999999996
2.9827e-08,-0.16723259999999995
2.9829e-08,-0.1659666999999999
2.9831e-08,-0.16445180000000004
2.9833e-08,-0.16270060000000008
2.9835e-08,-0.16072549999999997
2.9837e-08,-0.15853850000000003
2.9839e-08,-0.15615139999999994
2.9841e-08,-0.15357520000000002
2.9843e-08,-0.15082099999999998
2.9845e-08,-0.14789929999999996
2.9847e-08,-0.1448201
2.9849e-08,-0.1415934000000001
2.9851e-08,-0.13822829999999997
2.9853e-08,-0.13473409999999997
2.9855e-08,-0.13111930000000005
2.9857e-08,-0.12739239999999996
2.9859e-08,-0.12356159999999994
2.9861e-08,-0.11963449999999998
2.9863e-08,-0.11561880000000002
2.9865e-08,-0.11152139999999999
2.9867e-08,-0.10734940000000004
2.9869e-08,-0.1031093999999999
2.9871e-08,-0.09880790000000006
2.9873e-08,-0.09445099999999995
2.9875e-08,-0.09004449999999997
2.9877e-08,-0.08559419999999995
2.9879e-08,-0.0811056
2.9881e-08,-0.07658370000000003
2.9883e-08,-0.07203370000000009
2.9885e-08,-0.06746030000000003
2.9887e-08,-0.06286799999999992
2.9889e-08,-0.05826140000000002
2.9891e-08,-0.05364460000000004
2.9893e-08,-0.04902150000000005
2.9895e-08,-0.04439599999999999
2.9897e-08,-0.039771800000000024
2.9899e-08,-0.035152400000000084
2.9901e-08,-0.03054099999999993
2.9903e-08,-0.025940800000000097
2.9905e-08,-0.02135469999999995
2.9907e-08,-0.016785700000000014
2.9909e-08,-0.012236399999999925
2.9911e-08,-0.00770930000000003
2.9913e-08,-0.0032069000000000125
2.9915e-08,0.0012687000000000115
2.9917e-08,0.005715100000000084
2.9919e-08,0.010130399999999984
2.9921e-08,0.01451290000000005
2.9923e-08,0.018860499999999947
2.9925e-08,0.023171900000000023
2.9927e-08,0.027445300000000006
2.9929e-08,0.03167909999999996
2.9931e-08,0.035872399999999915
2.9933e-08,0.04002349999999999
2.9935e-08,0.04413160000000005
2.9937e-08,0.04819550000000006
2.9939e-08,0.05221419999999999
2.9941e-08,0.05618679999999998
2.9943e-08,0.06011260000000007
2.9945e-08,0.06399080000000001
2.9947e-08,0.06782060000000001
2.9949e-08,0.07160160000000004
2.9951e-08,0.07533329999999994
2.9953e-08,0.0790151
2.9955e-08,0.08264660000000001
2.9957e-08,0.08622759999999996
2.9959e-08,0.0897578
2.9961e-08,0.09323680000000001
2.9963e-08,0.0966646000000001
2.9965e-08,0.1000411
2.9967e-08,0.10336610000000002
2.9969e-08,0.10663959999999995
2.9971e-08,0.10986170000000006
2.9973e-08,0.11303219999999992
2.9975e-08,0.11615140000000002
2.9977e-08,0.11921949999999992
2.9979e-08,0.12223639999999991
2.9981e-08,0.1252023
2.9983e-08,0.12811760000000005
2.9985e-08,0.1309825
2.9987e-08,0.13379720000000006
2.9989e-08,0.13656200000000007
2.9991e-08,0.13927709999999993
2.9993e-08,0.1419431
2.9995e-08,0.14456020000000003
2.9997e-08,0.1471289
2.99985e-08,0.14902359999999992
3e-08,0.15089149999999996
3.00002e-08,0.15113830000000006
3.00006e-08,0.1516309
3.00014e-08,0.15261049999999998
3.0003e-08,0.154547
3.0005e-08,0.15692569999999995
3.0007e-08,0.159258
3.0009e-08,0.16154440000000003
3.0011e-08,0.16378539999999997
3.0013e-08,0.1659813
3.0015e-08,0.16813279999999997
3.0017e-08,0.1702403
3.0019e-08,0.17230440000000002
3.0021e-08,0.17432550000000002
3.0023e-08,0.17630410000000007
3.0025e-08,0.17824089999999992
3.0027e-08,0.18013630000000003
3.0029e-08,0.18199090000000007
3.0031e-08,0.1838052
3.0033e-08,0.18557979999999996
3.0035e-08,0.18731510000000007
3.0037e-08,0.1890117
3.0039e-08,0.19067029999999996
3.0041e-08,0.19229130000000005
3.0043e-08,0.19387509999999997
3.0045e-08,0.1954226
3.0047e-08,0.19693400000000005
3.0049e-08,0.19841019999999998
3.0051e-08,0.1998514
3.0053e-08,0.2012583
3.0055e-08,0.20263140000000002
3.0057e-08,0.20397129999999997
3.0059e-08,0.20527839999999997
3.0061e-08,0.2065534
3.0063e-08,0.2077966
3.0065e-08,0.2090088
3.0067e-08,0.21019030000000005
3.0069e-08,0.21134169999999997
3.0071e-08,0.21246350000000003
3.0073e-08,0.21355630000000003
3.0075e-08,0.21462040000000004
3.0077e-08,0.21565639999999997
3.0079e-08,0.21666489999999994
3.0081e-08,0.21764630000000007
3.0083e-08,0.21860099999999993
3.0085e-08,0.2195296000000001
3.0087e-08,0.22043259999999998
3.0089e-08,0.22131040000000002
3.0091e-08,0.22216329999999995
3.0093e-08,0.22299210000000003
3.0095e-08,0.22379700000000002
3.0097e-08,0.22457859999999996
3.0099e-08,0.22533720000000002
3.0101e-08,0.22607330000000003
3.0103e-08,0.22678749999999992
3.0105e-08,0.22747990000000007
3.0107e-08,0.22815110000000005
3.0109e-08,0.22880160000000005
3.0111e-08,0.22943170000000002
3.0113e-08,0.23004179999999996
3.0115e-08,0.23063239999999996
3.0117e-08,0.23120380000000007
3.0119e-08,0.23175639999999997
3.0121e-08,0.23229049999999996
3.0123e-08,0.23280670000000003
3.0125e-08,0.2333052
3.0127e-08,0.23378639999999995
3.0129e-08,0.23425079999999998
3.0131e-08,0.23469850000000003
3.0133e-08,0.23512999999999995
3.0135e-08,0.23554570000000008
3.0137e-08,0.23594590000000004
3.0139e-08,0.23633079999999995
3.0141e-08,0.2367009
3.0143e-08,0.23705640000000006
3.0145e-08,0.2373978
3.0147e-08,0.23772520000000008
3.0149e-08,0.238039
3.0151e-08,0.23833959999999998
3.0153e-08,0.23862720000000004
3.0155e-08,0.2389020999999999
3.0157e-08,0.23916460000000006
3.0159e-08,0.2394151
3.0161e-08,0.23965360000000002
3.0163e-08,0.23988069999999995
3.0165e-08,0.2400964
3.0167e-08,0.24030110000000005
3.0169e-08,0.24049500000000001
3.0171e-08,0.24067839999999996
3.0173e-08,0.2408517
3.0175e-08,0.24101489999999992
3.0177e-08,0.24116839999999995
3.0179e-08,0.24131230000000004
3.0181e-08,0.24144710000000003
3.0183e-08,0.24157269999999997
3.0185e-08,0.2416895
3.0187e-08,0.24179780000000006
3.0189e-08,0.2418977
3.0191e-08,0.2419893999999999
3.0193e-08,0.2420732
3.0195e-08,0.24214919999999995
3.0197e-08,0.2422177000000001
3.01985e-08,0.24226420000000004
3.02e-08,0.24230669999999999
3.02002e-08,0.24231199999999997
3.02006e-08,0.24232260000000005
3.02014e-08,0.24234279999999997
3.0203e-08,0.24237989999999998
3.0205e-08,0.24242020000000009
3.0207e-08,0.24245400000000006
3.0209e-08,0.2424813
3.0211e-08,0.24250249999999995
3.0213e-08,0.24251750000000005
3.0215e-08,0.24252680000000004
3.0217e-08,0.2425303000000001
3.0219e-08,0.24252819999999997
3.0221e-08,0.24252090000000004
3.0223e-08,0.2425083
3.0225e-08,0.24249050000000005
3.0227e-08,0.24246800000000002
3.0229e-08,0.2424406
3.0231e-08,0.24240860000000009
3.0233e-08,0.24237220000000004
3.0235e-08,0.24233139999999997
3.0237e-08,0.2422864
3.0239e-08,0.24223740000000005
3.0241e-08,0.24218430000000002
3.0243e-08,0.24212749999999994
3.0245e-08,0.24206699999999992
3.0247e-08,0.24200290000000002
3.0249e-08,0.24193549999999997
3.0251e-08,0.24186450000000004
3.0253e-08,0.24179050000000002
3.0255e-08,0.24171340000000008
3.0257e-08,0.24163330000000005
3.0259e-08,0.2415503
3.0261e-08,0.24146449999999997
3.0263e-08,0.24137609999999998
3.0265e-08,0.24128499999999997
3.0267e-08,0.24119159999999995
3.0269e-08,0.24109570000000002
3.0271e-08,0.24099749999999998
3.0273e-08,0.24089719999999992
3.0275e-08,0.24079479999999998
3.0277e-08,0.24069019999999997
3.0279e-08,0.24058380000000001
3.0281e-08,0.2404756
3.0283e-08,0.24036559999999996
3.0285e-08,0.24025399999999997
3.0287e-08,0.24014060000000004
3.0289e-08,0.24002579999999996
3.0291e-08,0.2399095
3.0293e-08,0.23979189999999995
3.0295e-08,0.23967289999999997
3.0297e-08,0.2395526
3.0299e-08,0.2394313
3.0301e-08,0.23930870000000004
3.0303e-08,0.2391852
3.0305e-08,0.23906070000000001
3.0307e-08,0.23893520000000001
3.0309e-08,0.23880880000000004
3.0311e-08,0.23868159999999994
3.0313e-08,0.2385537000000001
3.0315e-08,0.23842509999999995
3.0317e-08,0.23829579999999995
3.0319e-08,0.238166
3.0321e-08,0.23803549999999996
3.0323e-08,0.2379045999999999
3.0325e-08,0.23777329999999997
3.0327e-08,0.2376415999999999
3.0329e-08,0.23750950000000004
3.0331e-08,0.2373771
3.0333e-08,0.23724440000000002
3.0335e-08,0.23711150000000003
3.0337e-08,0.23697829999999998
3.0339e-08,0.23684509999999992
3.0341e-08,0.23671170000000008
3.0343e-08,0.23657830000000002
3.0345e-08,0.2364448
3.0347e-08,0.23631139999999995
3.0349e-08,0.23617790000000005
3.0351e-08,0.2360445
3.0353e-08,0.2359112
3.0355e-08,0.23577799999999993
3.0357e-08,0.235645
3.0359e-08,0.23551220000000006
3.0361e-08,0.23537960000000002
3.0363e-08,0.23524710000000004
3.0365e-08,0.23511510000000002
3.0367e-08,0.23498320000000006
3.0369e-08,0.2348517
3.0371e-08,0.2347205
3.0373e-08,0.2345897
3.0375e-08,0.23445930000000004
3.0377e-08,0.23432930000000007
3.0379e-08,0.2341997
3.0381e-08,0.23407060000000002
3.0383e-08,0.23394179999999998
3.0385e-08,0.23381359999999995
3.0387e-08,0.2336859
3.0389e-08,0.2335587
3.0391e-08,0.23343210000000003
3.0393e-08,0.2333059999999999
3.0395e-08,0.23318040000000007
3.0397e-08,0.23305549999999997
3.03985e-08,0.23296209999999995
3.04e-08,0.23287789999999997
3.04002e-08,0.2328684000000001
3.04006e-08,0.23285029999999995
3.04014e-08,0.23281590000000008
3.0403e-08,0.23272289999999995
3.0405e-08,0.23249640000000005
3.0407e-08,0.23208000000000006
3.0409e-08,0.23142620000000003
3.0411e-08,0.23050820000000005
3.0413e-08,0.2293134
3.0415e-08,0.2278382
3.0417e-08,0.22608499999999998
3.0419e-08,0.22406060000000005
3.0421e-08,0.22177349999999996
3.0423e-08,0.2192343
3.0425e-08,0.21645419999999993
3.0427e-08,0.21344469999999993
3.0429e-08,0.21021769999999995
3.0431e-08,0.206785
3.0433e-08,0.2031583
3.0435e-08,0.19934850000000004
3.0437e-08,0.1953670999999999
3.0439e-08,0.19122470000000003
3.0441e-08,0.18693159999999998
3.0443e-08,0.1824979
3.0445e-08,0.17793340000000002
3.0447e-08,0.17324760000000006
3.0449e-08,0.16844950000000003
3.0451e-08,0.16354780000000002
3.0453e-08,0.1585512
3.0455e-08,0.15346760000000004
3.0457e-08,0.14830509999999997
3.0459e-08,0.1430711
3.0461e-08,0.13777309999999998
3.0463e-08,0.13241800000000004
3.0465e-08,0.12701260000000003
3.0467e-08,0.12156350000000005
3.0469e-08,0.11607679999999998
3.0471e-08,0.11055870000000001
3.0473e-08,0.10501479999999996
3.0475e-08,0.09945080000000006
3.0477e-08,0.09387190000000001
3.0479e-08,0.08828329999999995
3.0481e-08,0.08268960000000003
3.0483e-08,0.07709569999999999
3.0485e-08,0.07150590000000001
3.0487e-08,0.0659244
3.0489e-08,0.06035539999999995
3.0491e-08,0.054802600000000035
3.0493e-08,0.049269600000000024
3.0495e-08,0.04376000000000002
3.0497e-08,0.038277000000000005
3.0499e-08,0.03282359999999995
3.0501e-08,0.027402900000000008
3.0503e-08,0.022017699999999918
3.0505e-08,0.016670400000000085
3.0507e-08,0.01136360000000003
3.0509e-08,0.006099599999999983
3.0511e-08,0.0008804000000000034
3.0513e-08,-0.004291700000000009
3.0515e-08,-0.009415199999999957
3.0517e-08,-0.014487899999999998
3.0519e-08,-0.019508599999999987
3.0521e-08,-0.02447559999999993
3.0523e-08,-0.02938750000000001
3.0525e-08,-0.03424309999999997
3.0527e-08,-0.0390412
3.0529e-08,-0.04378090000000001
3.0531e-08,-0.04846100000000009
3.0533e-08,-0.05308070000000009
3.0535e-08,-0.05763940000000001
3.0537e-08,-0.06213639999999998
3.0539e-08,-0.06657099999999994
3.0541e-08,-0.07094270000000003
3.0543e-08,-0.0752510999999999
3.0545e-08,-0.07949589999999995
3.0547e-08,-0.0836768
3.0549e-08,-0.08779360000000003
3.0551e-08,-0.09184589999999992
3.0553e-08,-0.09583400000000009
3.0555e-08,-0.0997576
3.0557e-08,-0.10361679999999995
3.0559e-08,-0.1074117
3.0561e-08,-0.11114219999999997
3.0563e-08,-0.11480879999999993
3.0565e-08,-0.11841159999999995
3.0567e-08,-0.12195080000000003
3.0569e-08,-0.12542659999999994
3.0571e-08,-0.12883940000000005
3.0573e-08,-0.1321895999999999
3.0575e-08,-0.13547759999999998
3.0577e-08,-0.13870380000000004
3.0579e-08,-0.1418686
3.0581e-08,-0.14497249999999995
3.0583e-08,-0.14801609999999998
3.0585e-08,-0.15099969999999996
3.0587e-08,-0.15392399999999995
3.0589e-08,-0.15678959999999997
3.0591e-08,-0.159597
3.0593e-08,-0.16234669999999995
3.0595e-08,-0.16503960000000006
3.0597e-08,-0.1676759
3.05985e-08,-0.1696166
3.06e-08,-0.17152610000000001
3.06002e-08,-0.17177810000000004
3.06006e-08,-0.17228100000000002
3.06014e-08,-0.1732802
3.0603e-08,-0.17525269999999993
3.0605e-08,-0.17767009999999994
3.0607e-08,-0.1800345
3.0609e-08,-0.18234650000000008
3.0611e-08,-0.1846067
3.0613e-08,-0.18681579999999998
3.0615e-08,-0.1889746
3.0617e-08,-0.19108369999999997
3.0619e-08,-0.1931438000000001
3.0621e-08,-0.19515559999999998
3.0623e-08,-0.19712000000000007
3.0625e-08,-0.19903740000000003
3.0627e-08,-0.20090870000000005
3.0629e-08,-0.20273450000000004
3.0631e-08,-0.20451550000000007
3.0633e-08,-0.20625250000000006
3.0635e-08,-0.20794619999999997
3.0637e-08,-0.20959700000000003
3.0639e-08,-0.211206
3.0641e-08,-0.21277370000000007
3.0643e-08,-0.2143007
3.0645e-08,-0.21578779999999997
3.0647e-08,-0.21723559999999997
3.0649e-08,-0.21864479999999997
3.0651e-08,-0.22001610000000005
3.0653e-08,-0.22135000000000005
3.0655e-08,-0.22264739999999994
3.0657e-08,-0.22390880000000002
3.0659e-08,-0.22513489999999992
3.0661e-08,-0.22632620000000003
3.0663e-08,-0.2274836
3.0665e-08,-0.22860730000000007
3.0667e-08,-0.22969839999999997
3.0669e-08,-0.2307572
3.0671e-08,-0.23178430000000005
3.0673e-08,-0.23278049999999995
3.0675e-08,-0.23374620000000002
3.0677e-08,-0.2346821
3.0679e-08,-0.2355887000000001
3.0681e-08,-0.2364664999999999
3.0683e-08,-0.23731639999999998
3.0685e-08,-0.23813850000000003
3.0687e-08,-0.23893369999999992
3.0689e-08,-0.23970229999999992
3.0691e-08,-0.24044500000000002
3.0693e-08,-0.2411622
3.0695e-08,-0.24185449999999997
3.0697e-08,-0.24252240000000003
3.0699e-08,-0.2431664
3.0701e-08,-0.2437870000000001
3.0703e-08,-0.2443847
3.0705e-08,-0.24495999999999996
3.0707e-08,-0.24551329999999993
3.0709e-08,-0.24604519999999996
3.0711e-08,-0.246556
3.0713e-08,-0.2470462
3.0715e-08,-0.24751639999999997
3.0717e-08,-0.24796680000000004
3.0719e-08,-0.248398
3.0721e-08,-0.2488104
3.0723e-08,-0.24920450000000005
3.0725e-08,-0.24958049999999998
3.0727e-08,-0.24993900000000002
3.0729e-08,-0.2502803
3.0731e-08,-0.2506047
3.0733e-08,-0.2509129
3.0735e-08,-0.25120509999999996
3.0737e-08,-0.2514815
3.0739e-08,-0.25174280000000004
3.0741e-08,-0.25198909999999997
3.0743e-08,-0.25222100000000003
3.0745e-08,-0.25243859999999996
3.0747e-08,-0.25264240000000004
3.0749e-08,-0.2528327
3.0751e-08,-0.25300980000000006
3.0753e-08,-0.25317410000000007
3.0755e-08,-0.2533257
3.0757e-08,-0.2534652999999999
3.0759e-08,-0.25359299999999996
3.0761e-08,-0.25370899999999996
3.0763e-08,-0.2538136999999999
3.0765e-08,-0.2539074
3.0767e-08,-0.25399039999999995
3.0769e-08,-0.25406300000000004
3.0771e-08,-0.2541255
3.0773e-08,-0.254178
3.0775e-08,-0.25422089999999997
3.0777e-08,-0.25425449999999994
3.0779e-08,-0.2542789
3.0781e-08,-0.2542945
3.0783e-08,-0.2543015999999999
3.0785e-08,-0.25430030000000003
3.0787e-08,-0.25429080000000004
3.0789e-08,-0.25427349999999993
3.0791e-08,-0.2542485
3.0793e-08,-0.25421610000000006
3.0795e-08,-0.2541765
3.0797e-08,-0.2541299
3.07985e-08,-0.25409039999999994
3.08e-08,-0.2540473
3.08002e-08,-0.2540413
3.08006e-08,-0.25402900000000006
3.08014e-08,-0.25400370000000005
3.0803e-08,-0.2539502
3.0805e-08,-0.2538775999999999
3.0807e-08,-0.25379910000000006
3.0809e-08,-0.2537149000000001
3.0811e-08,-0.25362490000000004
3.0813e-08,-0.2535296
3.0815e-08,-0.25342909999999996
3.0817e-08,-0.2533234
3.0819e-08,-0.25321289999999996
3.0821e-08,-0.2530977
3.0823e-08,-0.2529779
3.0825e-08,-0.25285370000000007
3.0827e-08,-0.2527252
3.0829e-08,-0.2525927
3.0831e-08,-0.2524562
3.0833e-08,-0.2523158999999999
3.0835e-08,-0.25217199999999995
3.0837e-08,-0.25202459999999993
3.0839e-08,-0.2518737999999999
3.0841e-08,-0.2517197
3.0843e-08,-0.2515626000000001
3.0845e-08,-0.2514025
3.0847e-08,-0.25123950000000006
3.0849e-08,-0.2510737999999999
3.0851e-08,-0.2509055
3.0853e-08,-0.2507347999999999
3.0855e-08,-0.2505615
3.0857e-08,-0.2503862
3.0859e-08,-0.25020850000000006
3.0861e-08,-0.2500289
3.0863e-08,-0.24984739999999994
3.0865e-08,-0.249664
3.0867e-08,-0.2494788
3.0869e-08,-0.24929200000000007
3.0871e-08,-0.24910359999999998
3.0873e-08,-0.24891379999999996
3.0875e-08,-0.24872260000000002
3.0877e-08,-0.2485301000000001
3.0879e-08,-0.2483364
3.0881e-08,-0.24814170000000002
3.0883e-08,-0.2479458
3.0885e-08,-0.247749
3.0887e-08,-0.2475514000000001
3.0889e-08,-0.2473529
3.0891e-08,-0.24715370000000003
3.0893e-08,-0.24695390000000006
3.0895e-08,-0.2467534
3.0897e-08,-0.2465524
3.0899e-08,-0.246351
3.0901e-08,-0.2461491
3.0903e-08,-0.24594700000000003
3.0905e-08,-0.24574450000000003
3.0907e-08,-0.24554180000000003
3.0909e-08,-0.24533899999999997
3.0911e-08,-0.24513610000000008
3.0913e-08,-0.24493319999999996
3.0915e-08,-0.24473010000000006
3.0917e-08,-0.24452720000000006
3.0919e-08,-0.2443244
3.0921e-08,-0.2441217
3.0923e-08,-0.2439192
3.0925e-08,-0.24371699999999996
3.0927e-08,-0.2435149000000001
3.0929e-08,-0.24331329999999995
3.0931e-08,-0.243112
3.0933e-08,-0.24291110000000005
3.0935e-08,-0.24271069999999995
3.0937e-08,-0.24251080000000003
3.0939e-08,-0.2423113
3.0941e-08,-0.24211230000000006
3.0943e-08,-0.24191399999999996
3.0945e-08,-0.2417163
3.0947e-08,-0.2415193
3.0949e-08,-0.24132279999999995
3.0951e-08,-0.24112709999999993
3.0953e-08,-0.24093209999999998
3.0955e-08,-0.24073790000000006
3.0957e-08,-0.24054449999999994
3.0959e-08,-0.24035189999999995
3.0961e-08,-0.2401601
3.0963e-08,-0.2399692000000001
3.0965e-08,-0.23977910000000002
3.0967e-08,-0.23958999999999997
3.0969e-08,-0.23940170000000005
3.0971e-08,-0.23921440000000005
3.0973e-08,-0.23902800000000002
3.0975e-08,-0.23884270000000007
3.0977e-08,-0.23865819999999993
3.0979e-08,-0.23847490000000005
3.0981e-08,-0.23829259999999997
3.0983e-08,-0.23811129999999991
3.0985e-08,-0.237931
3.0987e-08,-0.2377517
3.0989e-08,-0.23757359999999994
3.0991e-08,-0.23739670000000002
3.0993e-08,-0.23722069999999995
3.0995e-08,-0.23704590000000003
3.0997e-08,-0.23687219999999998
3.09985e-08,-0.23674269999999997
3.1e-08,-0.23661379999999999
3.10002e-08,-0.2365967
3.10006e-08,-0.23656239999999995
3.10014e-08,-0.23649399999999998
3.1003e-08,-0.23635800000000007
3.1005e-08,-0.23618889999999992
3.1007e-08,-0.23602089999999998
3.1009e-08,-0.2358542
3.1011e-08,-0.23568859999999991
3.1013e-08,-0.23552419999999996
3.1015e-08,-0.23536099999999993
3.1017e-08,-0.23519900000000005
3.1019e-08,-0.23503819999999997
3.1021e-08,-0.2348785
3.1023e-08,-0.23472019999999993
3.1025e-08,-0.23456300000000008
3.1027e-08,-0.23440700000000003
3.1029e-08,-0.23425229999999997
3.1031e-08,-0.2340987
3.1033e-08,-0.23394649999999995
3.1035e-08,-0.23379530000000004
3.1037e-08,-0.23364550000000006
3.1039e-08,-0.2334969
3.1041e-08,-0.23334940000000004
3.1043e-08,-0.23320319999999994
3.1045e-08,-0.23305830000000005
3.1047e-08,-0.23291459999999997
3.1049e-08,-0.23277199999999998
3.1051e-08,-0.23263070000000008
3.1053e-08,-0.2324906
3.1055e-08,-0.23235169999999994
3.1057e-08,-0.23221409999999998
3.1059e-08,-0.23207770000000005
3.1061e-08,-0.23194249999999994
3.1063e-08,-0.23180840000000003
3.1065e-08,-0.23167559999999998
3.1067e-08,-0.23154399999999997
3.1069e-08,-0.2314136
3.1071e-08,-0.2312843
3.1073e-08,-0.2311563000000001
3.1075e-08,-0.2310295
3.1077e-08,-0.23090390000000005
3.1079e-08,-0.2307792999999999
3.1081e-08,-0.23065599999999997
3.1083e-08,-0.23053389999999996
3.1085e-08,-0.23041290000000003
3.1087e-08,-0.23029319999999998
3.1089e-08,-0.23017449999999995
3.1091e-08,-0.23005700000000007
3.1093e-08,-0.22994060000000005
3.1095e-08,-0.2298253
3.1097e-08,-0.2297112
3.1099e-08,-0.22959829999999992
3.1101e-08,-0.22948639999999998
3.1103e-08,-0.22937569999999996
3.1105e-08,-0.22926609999999992
3.1107e-08,-0.22915760000000007
3.1109e-08,-0.2290502000000001
3.1111e-08,-0.22894389999999998
3.1113e-08,-0.2288385999999999
3.1115e-08,-0.2287344
3.1117e-08,-0.22863129999999998
3.1119e-08,-0.22852929999999994
3.1121e-08,-0.22842829999999992
3.1123e-08,-0.2283284
3.1125e-08,-0.22822950000000009
3.1127e-08,-0.2281316
3.1129e-08,-0.22803479999999998
3.1131e-08,-0.227939
3.1133e-08,-0.2278441
3.1135e-08,-0.22775040000000002
3.1137e-08,-0.22765760000000002
3.1139e-08,-0.22756579999999993
3.1141e-08,-0.22747510000000004
3.1143e-08,-0.22738520000000007
3.1145e-08,-0.22729640000000007
3.1147e-08,-0.22720850000000004
3.1149e-08,-0.22712149999999998
3.1151e-08,-0.22703550000000006
3.1153e-08,-0.22695050000000005
3.1155e-08,-0.22686640000000002
3.1157e-08,-0.22678319999999996
3.1159e-08,-0.22670100000000004
3.1161e-08,-0.22661960000000003
3.1163e-08,-0.22653919999999994
3.1165e-08,-0.22645970000000004
3.1167e-08,-0.22638099999999994
3.1169e-08,-0.22630329999999999
3.1171e-08,-0.2262263
3.1173e-08,-0.22615030000000003
3.1175e-08,-0.22607509999999997
3.1177e-08,-0.22600089999999995
3.1179e-08,-0.22592730000000005
3.1181e-08,-0.22585469999999996
3.1183e-08,-0.2257829
3.1185e-08,-0.22571200000000002
3.1187e-08,-0.2256418
3.1189e-08,-0.22557249999999995
3.1191e-08,-0.22550399999999993
3.1193e-08,-0.22543619999999998
3.1195e-08,-0.22536920000000005
3.1197e-08,-0.22530300000000003
3.11985e-08,-0.2252539
3.12e-08,-0.2252052
3.12002e-08,-0.2251995
3.12006e-08,-0.22519
3.12014e-08,-0.22517929999999997
3.1203e-08,-0.22515660000000004
3.1205e-08,-0.22504899999999994
3.1207e-08,-0.22477380000000002
3.1209e-08,-0.22427359999999996
3.1211e-08,-0.22351549999999998
3.1213e-08,-0.22248249999999992
3.1215e-08,-0.22116829999999998
3.1217e-08,-0.21957380000000004
3.1219e-08,-0.21770420000000001
3.1221e-08,-0.21556779999999998
3.1223e-08,-0.2131746
3.1225e-08,-0.21053579999999994
3.1227e-08,-0.20766280000000004
3.1229e-08,-0.20456759999999996
3.1231e-08,-0.20126200000000005
3.1233e-08,-0.19775779999999998
3.1235e-08,-0.19406650000000003
3.1237e-08,-0.19019909999999995
3.1239e-08,-0.18616670000000002
3.1241e-08,-0.18197969999999997
3.1243e-08,-0.1776485
3.1245e-08,-0.17318310000000003
3.1247e-08,-0.16859270000000004
3.1249e-08,-0.1638868
3.1251e-08,-0.1590743
3.1253e-08,-0.15416380000000007
3.1255e-08,-0.1491635
3.1257e-08,-0.14408149999999997
3.1259e-08,-0.13892539999999998
3.1261e-08,-0.1337026
3.1263e-08,-0.1284204000000001
3.1265e-08,-0.12308549999999996
3.1267e-08,-0.1177047
3.1269e-08,-0.11228420000000006
3.1271e-08,-0.10683009999999993
3.1273e-08,-0.10134830000000006
3.1275e-08,-0.09584439999999994
3.1277e-08,-0.0903237
3.1279e-08,-0.08479150000000002
3.1281e-08,-0.07925269999999995
3.1283e-08,-0.0737118
3.1285e-08,-0.06817359999999995
3.1287e-08,-0.06264209999999992
3.1289e-08,-0.057121599999999995
3.1291e-08,-0.051615999999999995
3.1293e-08,-0.04612879999999997
3.1295e-08,-0.04066359999999991
3.1297e-08,-0.03522369999999997
3.1299e-08,-0.029812400000000072
3.1301e-08,-0.024432499999999968
3.1303e-08,-0.01908679999999996
3.1305e-08,-0.013778100000000015
3.1307e-08,-0.008508700000000036
3.1309e-08,-0.003281199999999984
3.1311e-08,0.0019024000000000818
3.1313e-08,0.007040000000000046
3.1315e-08,0.012129700000000021
3.1317e-08,0.017169699999999954
3.1319e-08,0.022158299999999964
3.1321e-08,0.02709410000000001
3.1323e-08,0.03197570000000005
3.1325e-08,0.03680159999999999
3.1327e-08,0.04157080000000002
3.1329e-08,0.04628209999999999
3.1331e-08,0.0509347
3.1333e-08,0.05552760000000001
3.1335e-08,0.060059900000000055
3.1337e-08,0.06453120000000001
3.1339e-08,0.06894060000000002
3.1341e-08,0.07328760000000001
3.1343e-08,0.07757210000000003
3.1345e-08,0.08179329999999996
3.1347e-08,0.08595110000000006
3.1349e-08,0.09004519999999994
3.1351e-08,0.09407540000000003
3.1353e-08,0.09804179999999996
3.1355e-08,0.10194409999999998
3.1357e-08,0.10578239999999994
3.1359e-08,0.10955680000000001
3.1361e-08,0.11326730000000007
3.1363e-08,0.11691410000000002
3.1365e-08,0.12049739999999998
3.1367e-08,0.1240175
3.1369e-08,0.1274746
3.1371e-08,0.13086909999999996
3.1373e-08,0.13420110000000007
3.1375e-08,0.13747129999999996
3.1377e-08,0.14067989999999997
3.1379e-08,0.14382739999999994
3.1381e-08,0.14691429999999994
3.1383e-08,0.149941
3.1385e-08,0.1529081
3.1387e-08,0.1558161
3.1389e-08,0.15866559999999996
3.1391e-08,0.1614570999999999
3.1393e-08,0.1641912000000001
3.1395e-08,0.16686849999999998
3.1397e-08,0.16948969999999997
3.13985e-08,0.17141889999999993
3.14e-08,0.17331720000000006
3.14002e-08,0.1735677
3.14006e-08,0.1740676
3.14014e-08,0.17506090000000007
3.1403e-08,0.1770216
3.1405e-08,0.17942459999999993
3.1407e-08,0.18177449999999995
3.1409e-08,0.18407220000000002
3.1411e-08,0.18631829999999994
3.1413e-08,0.1885135
3.1415e-08,0.19065849999999995
3.1417e-08,0.19275399999999998
3.1419e-08,0.19480049999999993
3.1421e-08,0.1967991
3.1423e-08,0.19875009999999993
3.1425e-08,0.20065429999999995
3.1427e-08,0.2025125000000001
3.1429e-08,0.20432549999999994
3.1431e-08,0.20609369999999994
3.1433e-08,0.20781800000000006
3.1435e-08,0.209499
3.1437e-08,0.21113749999999998
3.1439e-08,0.21273410000000004
3.1441e-08,0.21428950000000002
3.1443e-08,0.21580429999999995
3.1445e-08,0.21727930000000006
3.1447e-08,0.21871509999999994
3.1449e-08,0.22011239999999999
3.1451e-08,0.2214718
3.1453e-08,0.22279399999999994
3.1455e-08,0.2240797
3.1457e-08,0.22532960000000002
3.1459e-08,0.22654410000000003
3.1461e-08,0.22772409999999998
3.1463e-08,0.22887000000000002
3.1465e-08,0.22998260000000004
3.1467e-08,0.23106229999999994
3.1469e-08,0.23211000000000004
3.1471e-08,0.2331261
3.1473e-08,0.2341112999999999
3.1475e-08,0.23506609999999994
3.1477e-08,0.23599100000000006
3.1479e-08,0.2368869
3.1481e-08,0.23775409999999997
3.1483e-08,0.23859319999999995
3.1485e-08,0.23940470000000003
3.1487e-08,0.24018930000000005
3.1489e-08,0.24094749999999998
3.1491e-08,0.24167970000000005
3.1493e-08,0.2423865999999999
3.1495e-08,0.24306860000000008
3.1497e-08,0.24372629999999995
3.1499e-08,0.24436020000000003
3.1501e-08,0.24497060000000004
3.1503e-08,0.2455583
3.1505e-08,0.24612349999999994
3.1507e-08,0.24666690000000002
3.1509e-08,0.24718890000000004
3.1511e-08,0.24768990000000002
3.1513e-08,0.2481704
3.1515e-08,0.24863079999999993
3.1517e-08,0.2490715
3.1519e-08,0.24949319999999997
3.1521e-08,0.249896
3.1523e-08,0.2502805
3.1525e-08,0.2506470999999999
3.1527e-08,0.25099609999999994
3.1529e-08,0.25132809999999994
3.1531e-08,0.2516434000000001
3.1533e-08,0.2519422
3.1535e-08,0.25222520000000004
3.1537e-08,0.25249259999999996
3.1539e-08,0.2527448
3.1541e-08,0.2529821
3.1543e-08,0.25320489999999996
3.1545e-08,0.2534136
3.1547e-08,0.2536085
3.1549e-08,0.25378999999999996
3.1551e-08,0.25395840000000003
3.1553e-08,0.2541139
3.1555e-08,0.2542569
3.1557e-08,0.2543879
3.1559e-08,0.2545069
3.1561e-08,0.2546144
3.1563e-08,0.2547107999999999
3.1565e-08,0.25479609999999997
3.1567e-08,0.25487080000000006
3.1569e-08,0.2549349999999999
3.1571e-08,0.2549891999999999
3.1573e-08,0.2550334999999999
3.1575e-08,0.2550684
3.1577e-08,0.2550937999999999
3.1579e-08,0.25511019999999995
3.1581e-08,0.2551179
3.1583e-08,0.25511700000000004
3.1585e-08,0.25510769999999994
3.1587e-08,0.2550905
3.1589e-08,0.2550654
3.1591e-08,0.25503280000000006
3.1593e-08,0.2549926
3.1595e-08,0.2549454
3.1597e-08,0.2548912
3.15985e-08,0.2548462
3.16e-08,0.2547973
3.16002e-08,0.25479130000000005
3.16006e-08,0.25478100000000004
3.16014e-08,0.2547678
3.1603e-08,0.25473709999999994
3.1605e-08,0.25461469999999997
3.1607e-08,0.2543206
3.1609e-08,0.2537979
3.1611e-08,0.25301419999999997
3.1613e-08,0.251953
3.1615e-08,0.2506081
3.1617e-08,0.24898029999999993
3.1619e-08,0.24707499999999993
3.1621e-08,0.24490009999999995
3.1623e-08,0.24246579999999995
3.1625e-08,0.23978270000000002
3.1627e-08,0.23686249999999998
3.1629e-08,0.23371679999999995
3.1631e-08,0.23035739999999993
3.1633e-08,0.22679570000000004
3.1635e-08,0.22304330000000006
3.1637e-08,0.21911099999999994
3.1639e-08,0.21500989999999998
3.1641e-08,0.2107502
3.1643e-08,0.20634209999999997
3.1645e-08,0.20179570000000002
3.1647e-08,0.1971200999999999
3.1649e-08,0.19232490000000002
3.1651e-08,0.18741869999999994
3.1653e-08,0.1824100999999999
3.1655e-08,0.17730749999999995
3.1657e-08,0.17211889999999996
3.1659e-08,0.166852
3.1661e-08,0.16151420000000005
3.1663e-08,0.15611280000000005
3.1665e-08,0.15065459999999997
3.1667e-08,0.1451464
3.1669e-08,0.1395944
3.1671e-08,0.13400500000000004
3.1673e-08,0.1283841
3.1675e-08,0.12273730000000005
3.1677e-08,0.11707020000000001
3.1679e-08,0.11138799999999993
3.1681e-08,0.10569570000000006
3.1683e-08,0.09999819999999993
3.1685e-08,0.0943001
3.1687e-08,0.08860570000000001
3.1689e-08,0.08291929999999992
3.1691e-08,0.07724500000000001
3.1693e-08,0.0715865
3.1695e-08,0.06594739999999999
3.1697e-08,0.06033130000000009
3.1699e-08,0.05474139999999994
3.1701e-08,0.04918089999999997
3.1703e-08,0.04365260000000004
3.1705e-08,0.038159399999999954
3.1707e-08,0.03270380000000006
3.1709e-08,0.027288300000000043
3.1711e-08,0.02191540000000003
3.1713e-08,0.016586999999999907
3.1715e-08,0.011305300000000074
3.1717e-08,0.006072199999999972
3.1719e-08,0.0008894000000000402
3.1721e-08,-0.004241400000000062
3.1723e-08,-0.009318700000000013
3.1725e-08,-0.014341199999999943
3.1727e-08,-0.019307399999999975
3.1729e-08,-0.02421620000000002
3.1731e-08,-0.0290667
3.1733e-08,-0.03385769999999999
3.1735e-08,-0.03858829999999991
3.1737e-08,-0.04325780000000001
3.1739e-08,-0.047865600000000064
3.1741e-08,-0.052411000000000096
3.1743e-08,-0.05689339999999998
3.1745e-08,-0.06131249999999999
3.1747e-08,-0.0656677
3.1749e-08,-0.06995879999999999
3.1751e-08,-0.07418570000000002
3.1753e-08,-0.07834809999999992
3.1755e-08,-0.08244589999999996
3.1757e-08,-0.08647890000000003
3.1759e-08,-0.09044730000000001
3.1761e-08,-0.09435099999999996
3.1763e-08,-0.09819030000000006
3.1765e-08,-0.10196519999999998
3.1767e-08,-0.10567579999999999
3.1769e-08,-0.10932260000000005
3.1771e-08,-0.11290560000000005
3.1773e-08,-0.11642530000000006
3.1775e-08,-0.11988189999999999
3.1777e-08,-0.12327599999999994
3.1779e-08,-0.1266077
3.1781e-08,-0.12987760000000004
3.1783e-08,-0.13308619999999993
3.1785e-08,-0.13623390000000002
3.1787e-08,-0.1393213000000001
3.1789e-08,-0.1423487
3.1791e-08,-0.14531689999999997
3.1793e-08,-0.14822650000000004
3.1795e-08,-0.1510779000000001
3.1797e-08,-0.1538718
3.17985e-08,-0.1559298
3.18e-08,-0.15796449999999995
3.18002e-08,-0.15823489999999996
3.18006e-08,-0.15877530000000006
3.18014e-08,-0.15985099999999997
3.1803e-08,-0.16195020000000004
3.1805e-08,-0.16441110000000003
3.1807e-08,-0.16662319999999997
3.1809e-08,-0.168539
3.1811e-08,-0.17013259999999997
3.1813e-08,-0.1713924
3.1815e-08,-0.17231620000000003
3.1817e-08,-0.1729079
3.1819e-08,-0.17317559999999999
3.1821e-08,-0.1731294
3.1823e-08,-0.17278130000000003
3.1825e-08,-0.17214390000000002
3.1827e-08,-0.1712302
3.1829e-08,-0.17005340000000002
3.1831e-08,-0.1686261
3.1833e-08,-0.16696129999999998
3.1835e-08,-0.16507119999999997
3.1837e-08,-0.162968
3.1839e-08,-0.16066310000000006
3.1841e-08,-0.15816779999999997
3.1843e-08,-0.1554932
3.1845e-08,-0.15264940000000005
3.1847e-08,-0.1496466999999999
3.1849e-08,-0.14649480000000004
3.1851e-08,-0.14320290000000002
3.1853e-08,-0.13978029999999997
3.1855e-08,-0.13623549999999995
3.1857e-08,-0.13257680000000005
3.1859e-08,-0.12881240000000005
3.1861e-08,-0.12495
3.1863e-08,-0.12099689999999996
3.1865e-08,-0.11696050000000002
3.1867e-08,-0.11284760000000005
3.1869e-08,-0.1086647999999999
3.1871e-08,-0.10441860000000003
3.1873e-08,-0.1001148999999999
3.1875e-08,-0.09575979999999995
3.1877e-08,-0.09135909999999992
3.1879e-08,-0.08691789999999999
3.1881e-08,-0.08244150000000006
3.1883e-08,-0.07793510000000003
3.1885e-08,-0.07340340000000001
3.1887e-08,-0.06885079999999999
3.1889e-08,-0.0642819
3.1891e-08,-0.05970090000000006
3.1893e-08,-0.05511159999999993
3.1895e-08,-0.05051810000000001
3.1897e-08,-0.04592390000000002
3.1899e-08,-0.0413327
3.1901e-08,-0.03674759999999999
3.1903e-08,-0.03217179999999997
3.1905e-08,-0.027608399999999977
3.1907e-08,-0.023060199999999975
3.1909e-08,-0.0185299000000001
3.1911e-08,-0.014019899999999974
3.1913e-08,-0.009533000000000014
3.1915e-08,-0.005071400000000059
3.1917e-08,-0.0006369999999999987
3.1919e-08,0.003767899999999935
3.1921e-08,0.008141399999999965
3.1923e-08,0.012481800000000098
3.1925e-08,0.016787400000000008
3.1927e-08,0.02105659999999998
3.1929e-08,0.02528790000000003
3.1931e-08,0.029479900000000003
3.1933e-08,0.03363130000000003
3.1935e-08,0.037740899999999966
3.1937e-08,0.04180780000000006
3.1939e-08,0.04583090000000001
3.1941e-08,0.04980910000000005
3.1943e-08,0.0537417
3.1945e-08,0.0576279999999999
3.1947e-08,0.0614673
3.1949e-08,0.06525879999999995
3.1951e-08,0.06900209999999996
3.1953e-08,0.0726966
3.1955e-08,0.07634200000000002
3.1957e-08,0.0799379
3.1959e-08,0.08348390000000006
3.1961e-08,0.08697979999999994
3.1963e-08,0.09042539999999999
3.1965e-08,0.09382069999999998
3.1967e-08,0.09716530000000001
3.1969e-08,0.10045930000000003
3.1971e-08,0.10370259999999998
3.1973e-08,0.10689529999999992
3.1975e-08,0.11003739999999995
3.1977e-08,0.11312899999999992
3.1979e-08,0.1161702
3.1981e-08,0.11916119999999997
3.1983e-08,0.1221023
3.1985e-08,0.12499339999999992
3.1987e-08,0.12783509999999998
3.1989e-08,0.1306273
3.1991e-08,0.13337069999999995
3.1993e-08,0.13606529999999994
3.1995e-08,0.1387115
3.1997e-08,0.14130980000000004
3.19985e-08,0.14322710000000005
3.2e-08,0.14511770000000002
3.20002e-08,0.14536749999999998
3.20006e-08,0.1458663
3.20014e-08,0.14685820000000005
3.2003e-08,0.14881960000000005
3.2005e-08,0.15122959999999996
3.2007e-08,0.15359369999999994
3.2009e-08,0.1559123
3.2011e-08,0.15818579999999993
3.2013e-08,0.1604144999999999
3.2015e-08,0.16259920000000005
3.2017e-08,0.1647402
3.2019e-08,0.16683789999999998
3.2021e-08,0.16889300000000007
3.2023e-08,0.17090590000000005
3.2025e-08,0.17287719999999995
3.2027e-08,0.1748073
3.2029e-08,0.17669670000000004
3.2031e-08,0.17854609999999993
3.2033e-08,0.1803559
3.2035e-08,0.18212669999999997
3.2037e-08,0.18385890000000005
3.2039e-08,0.18555299999999997
3.2041e-08,0.18720979999999998
3.2043e-08,0.1888297
3.2045e-08,0.19041299999999994
3.2047e-08,0.19196059999999993
3.2049e-08,0.1934728
3.2051e-08,0.19495030000000002
3.2053e-08,0.1963935
3.2055e-08,0.1978029
3.2057e-08,0.19917910000000005
3.2059e-08,0.20052269999999994
3.2061e-08,0.20183399999999996
3.2063e-08,0.20311370000000006
3.2065e-08,0.20436220000000005
3.2067e-08,0.20558010000000004
3.2069e-08,0.2067679
3.2071e-08,0.2079260999999999
3.2073e-08,0.20905510000000005
3.2075e-08,0.21015549999999994
3.2077e-08,0.21122779999999997
3.2079e-08,0.21227240000000003
3.2081e-08,0.21328989999999992
3.2083e-08,0.2142807
3.2085e-08,0.21524520000000003
3.2087e-08,0.21618400000000004
3.2089e-08,0.21709750000000005
3.2091e-08,0.21798620000000002
3.2093e-08,0.21885070000000006
3.2095e-08,0.21969110000000003
3.2097e-08,0.22050800000000004
3.2099e-08,0.22130190000000005
3.2101e-08,0.22207319999999997
3.2103e-08,0.22282230000000003
3.2105e-08,0.22354980000000002
3.2107e-08,0.22425589999999995
3.2109e-08,0.22494100000000006
3.2111e-08,0.22560559999999996
3.2113e-08,0.22625019999999996
3.2115e-08,0.22687499999999994
3.2117e-08,0.22748040000000003
3.2119e-08,0.22806700000000002
3.2121e-08,0.22863500000000003
3.2123e-08,0.22918480000000008
3.2125e-08,0.22971680000000005
3.2127e-08,0.23023139999999997
3.2129e-08,0.23072890000000001
3.2131e-08,0.23120960000000002
3.2133e-08,0.23167399999999994
3.2135e-08,0.2321223
3.2137e-08,0.2325549
3.2139e-08,0.23297219999999996
3.2141e-08,0.23337439999999998
3.2143e-08,0.23376200000000003
3.2145e-08,0.23413510000000004
3.2147e-08,0.23449419999999999
3.2149e-08,0.2348395000000001
3.2151e-08,0.23517129999999997
3.2153e-08,0.23548990000000003
3.2155e-08,0.23579569999999994
3.2157e-08,0.2360888
3.2159e-08,0.23636970000000002
3.2161e-08,0.23663860000000003
3.2163e-08,0.23689570000000004
3.2165e-08,0.2371413
3.2167e-08,0.23737570000000008
3.2169e-08,0.2375992
3.2171e-08,0.23781200000000002
3.2173e-08,0.2380143
3.2175e-08,0.23820640000000004
3.2177e-08,0.2383887
3.2179e-08,0.23856120000000003
3.2181e-08,0.2387241
3.2183e-08,0.2388779000000001
3.2185e-08,0.23902270000000003
3.2187e-08,0.2391586
3.2189e-08,0.239286
3.2191e-08,0.23940499999999998
3.2193e-08,0.2395159
3.2195e-08,0.23961880000000002
3.2197e-08,0.23971399999999998
3.21985e-08,0.2397804
3.22e-08,0.2398427999999999
3.22002e-08,0.23985069999999997
3.22006e-08,0.23986640000000004
3.22014e-08,0.23989719999999992
3.2203e-08,0.23995509999999998
3.2205e-08,0.2400213
3.2207e-08,0.24008079999999998
3.2209e-08,0.24013360000000006
3.2211e-08,0.24018000000000006
3.2213e-08,0.2402202
3.2215e-08,0.24025430000000003
3.2217e-08,0.24028249999999995
3.2219e-08,0.24030490000000004
3.2221e-08,0.24032179999999992
3.2223e-08,0.24033329999999997
3.2225e-08,0.24033949999999993
3.2227e-08,0.24034060000000002
3.2229e-08,0.2403366
3.2231e-08,0.24032799999999999
3.2233e-08,0.24031460000000004
3.2235e-08,0.24029669999999992
3.2237e-08,0.24027430000000005
3.2239e-08,0.2402478
3.2241e-08,0.24021710000000007
3.2243e-08,0.2401822
3.2245e-08,0.24014369999999996
3.2247e-08,0.24010130000000007
3.2249e-08,0.24005530000000008
3.2251e-08,0.24000579999999994
3.2253e-08,0.23995279999999997
3.2255e-08,0.23989660000000002
3.2257e-08,0.23983719999999997
3.2259e-08,0.23977480000000007
3.2261e-08,0.23970940000000007
3.2263e-08,0.23964110000000005
3.2265e-08,0.2395701
3.2267e-08,0.23949639999999994
3.2269e-08,0.2394200999999999
3.2271e-08,0.23934140000000004
3.2273e-08,0.23926029999999998
3.2275e-08,0.23917690000000003
3.2277e-08,0.23909139999999995
3.2279e-08,0.23900359999999998
3.2281e-08,0.2389138999999999
3.2283e-08,0.23882219999999998
3.2285e-08,0.23872870000000002
3.2287e-08,0.2386334
3.2289e-08,0.23853639999999998
3.2291e-08,0.23843769999999997
3.2293e-08,0.23833749999999998
3.2295e-08,0.2382358
3.2297e-08,0.23813269999999997
3.2299e-08,0.23802820000000002
3.2301e-08,0.23792250000000004
3.2303e-08,0.23781549999999996
3.2305e-08,0.2377074
3.2307e-08,0.23759809999999992
3.2309e-08,0.23748790000000009
3.2311e-08,0.2373767
3.2313e-08,0.23726460000000005
3.2315e-08,0.23715149999999996
3.2317e-08,0.23703770000000002
3.2319e-08,0.2369232
3.2321e-08,0.23680790000000007
3.2323e-08,0.23669189999999996
3.2325e-08,0.2365754
3.2327e-08,0.2364583
3.2329e-08,0.23634069999999996
3.2331e-08,0.23622259999999995
3.2333e-08,0.23610410000000004
3.2335e-08,0.2359852
3.2337e-08,0.23586609999999997
3.2339e-08,0.23574660000000003
3.2341e-08,0.23562669999999997
3.2343e-08,0.23550680000000002
3.2345e-08,0.23538670000000006
3.2347e-08,0.2352664
3.2349e-08,0.23514590000000002
3.2351e-08,0.23502539999999994
3.2353e-08,0.2349047999999999
3.2355e-08,0.2347842
3.2357e-08,0.23466370000000003
3.2359e-08,0.23454319999999995
3.2361e-08,0.23442269999999998
3.2363e-08,0.23430240000000002
3.2365e-08,0.2341822
3.2367e-08,0.23406210000000005
3.2369e-08,0.2339422
3.2371e-08,0.2338226
3.2373e-08,0.2337032
3.2375e-08,0.233584
3.2377e-08,0.23346519999999993
3.2379e-08,0.2333465
3.2381e-08,0.2332282
3.2383e-08,0.2331103
3.2385e-08,0.2329928
3.2387e-08,0.2328755
3.2389e-08,0.23275879999999993
3.2391e-08,0.23264240000000003
3.2393e-08,0.23252640000000002
3.2395e-08,0.2324109000000001
3.2397e-08,0.2322959
3.23985e-08,0.23220990000000008
3.24e-08,0.23212429999999995
3.24002e-08,0.23211360000000003
3.24006e-08,0.23209420000000003
3.24014e-08,0.23206369999999998
3.2403e-08,0.23200129999999997
3.2405e-08,0.2318443
3.2407e-08,0.2315199
3.2409e-08,0.23097100000000004
3.2411e-08,0.2301647
3.2413e-08,0.2290839
3.2415e-08,0.2277226
3.2417e-08,0.2260814
3.2419e-08,0.22416559999999996
3.2421e-08,0.22198340000000005
3.2423e-08,0.21954490000000004
3.2425e-08,0.21686090000000002
3.2427e-08,0.21394310000000005
3.2429e-08,0.21080330000000003
3.2431e-08,0.2074532
3.2433e-08,0.2039046
3.2435e-08,0.2001689000000001
3.2437e-08,0.1962571999999999
3.2439e-08,0.19218049999999998
3.2441e-08,0.18794919999999993
3.2443e-08,0.1835736
3.2445e-08,0.17906349999999993
3.2447e-08,0.17442840000000004
3.2449e-08,0.16967770000000004
3.2451e-08,0.16482020000000008
3.2453e-08,0.15986460000000002
3.2455e-08,0.15481889999999998
3.2457e-08,0.14969129999999997
3.2459e-08,0.1444894
3.2461e-08,0.13922080000000003
3.2463e-08,0.13389250000000008
3.2465e-08,0.12851139999999994
3.2467e-08,0.12308399999999997
3.2469e-08,0.11761679999999997
3.2471e-08,0.11211590000000005
3.2473e-08,0.10658710000000005
3.2475e-08,0.10103609999999996
3.2477e-08,0.09546810000000006
3.2479e-08,0.08988850000000004
3.2481e-08,0.08430210000000005
3.2483e-08,0.0787137
3.2485e-08,0.07312770000000002
3.2487e-08,0.06754850000000001
3.2489e-08,0.06198020000000004
3.2491e-08,0.05642669999999994
3.2493e-08,0.050891599999999926
3.2495e-08,0.04537860000000005
3.2497e-08,0.03989089999999995
3.2499e-08,0.03443180000000001
3.2501e-08,0.029004100000000088
3.2503e-08,0.023610800000000043
3.2505e-08,0.01825449999999995
3.2507e-08,0.0129378
3.2509e-08,0.007662900000000028
3.2511e-08,0.002432100000000048
3.2513e-08,-0.002752599999999994
3.2515e-08,-0.00788919999999993
3.2517e-08,-0.012975799999999982
3.2519e-08,-0.018011100000000058
3.2521e-08,-0.022993199999999936
3.2523e-08,-0.027920799999999968
3.2525e-08,-0.0327925
3.2527e-08,-0.03760730000000001
3.2529e-08,-0.04236399999999996
3.2531e-08,-0.047061599999999926
3.2533e-08,-0.051699199999999945
3.2535e-08,-0.05627610000000005
3.2537e-08,-0.0607915
3.2539e-08,-0.06524479999999999
3.2541e-08,-0.06963560000000002
3.2543e-08,-0.0739632
3.2545e-08,-0.07822720000000005
3.2547e-08,-0.08242760000000005
3.2549e-08,-0.08656389999999992
3.2551e-08,-0.0906361
3.2553e-08,-0.09464400000000006
3.2555e-08,-0.09858750000000005
3.2557e-08,-0.10246660000000007
3.2559e-08,-0.10628130000000002
3.2561e-08,-0.11003189999999996
3.2563e-08,-0.1137184
3.2565e-08,-0.11734100000000003
3.2567e-08,-0.12090010000000007
3.2569e-08,-0.12439560000000005
3.2571e-08,-0.12782819999999995
3.2573e-08,-0.13119809999999998
3.2575e-08,-0.1345056
3.2577e-08,-0.13775120000000007
3.2579e-08,-0.14093529999999999
3.2581e-08,-0.14405840000000003
3.2583e-08,-0.1471209
3.2585e-08,-0.15012340000000002
3.2587e-08,-0.1530665
3.2589e-08,-0.1559507
3.2591e-08,-0.15877640000000004
3.2593e-08,-0.16154440000000003
3.2595e-08,-0.16425520000000005
3.2597e-08,-0.16690949999999993
3.25985e-08,-0.1688634
3.26e-08,-0.170786
3.26002e-08,-0.17104050000000004
3.26006e-08,-0.17155030000000004
3.26014e-08,-0.17257139999999993
3.2603e-08,-0.1745854
3.2605e-08,-0.17697279999999993
3.2607e-08,-0.17913619999999997
3.2609e-08,-0.18101840000000002
3.2611e-08,-0.1825873
3.2613e-08,-0.18382710000000002
3.2615e-08,-0.18473260000000002
3.2617e-08,-0.18530609999999992
3.2619e-08,-0.1855542
3.2621e-08,-0.18548660000000006
3.2623e-08,-0.18511460000000002
3.2625e-08,-0.18445050000000007
3.2627e-08,-0.18350699999999998
3.2629e-08,-0.18229740000000005
3.2631e-08,-0.1808343
3.2633e-08,-0.17913060000000003
3.2635e-08,-0.17719850000000004
3.2637e-08,-0.1750503
3.2639e-08,-0.17269750000000006
3.2641e-08,-0.17015159999999996
3.2643e-08,-0.1674234
3.2645e-08,-0.16452349999999993
3.2647e-08,-0.161462
3.2649e-08,-0.15824860000000007
3.2651e-08,-0.15489300000000006
3.2653e-08,-0.15140409999999993
3.2655e-08,-0.1477906
3.2657e-08,-0.14406110000000005
3.2659e-08,-0.14022369999999995
3.2661e-08,-0.13628610000000008
3.2663e-08,-0.13225600000000004
3.2665e-08,-0.1281405
3.2667e-08,-0.12394669999999997
3.2669e-08,-0.11968120000000004
3.2671e-08,-0.11535060000000008
3.2673e-08,-0.11096099999999998
3.2675e-08,-0.10651849999999996
3.2677e-08,-0.10202880000000003
3.2679e-08,-0.09749719999999995
3.2681e-08,-0.09292919999999993
3.2683e-08,-0.08833000000000002
3.2685e-08,-0.08370430000000006
3.2687e-08,-0.07905679999999993
3.2689e-08,-0.07439189999999996
3.2691e-08,-0.0697139
3.2693e-08,-0.06502700000000006
3.2695e-08,-0.060335099999999975
3.2697e-08,-0.055641799999999964
3.2699e-08,-0.050950800000000074
3.2701e-08,-0.04626540000000001
3.2703e-08,-0.04158890000000004
3.2705e-08,-0.03692430000000002
3.2707e-08,-0.03227460000000004
3.2709e-08,-0.027642600000000073
3.2711e-08,-0.023030899999999965
3.2713e-08,-0.018441799999999953
3.2715e-08,-0.013877999999999946
3.2717e-08,-0.009341500000000003
3.2719e-08,-0.004834499999999964
3.2721e-08,-0.00035879999999999246
3.2723e-08,0.004083500000000018
3.2725e-08,0.008490899999999968
3.2727e-08,0.012861500000000081
3.2729e-08,0.017194000000000043
3.2731e-08,0.021486899999999975
3.2733e-08,0.02573890000000001
3.2735e-08,0.02994869999999994
3.2737e-08,0.03411520000000001
3.2739e-08,0.038237500000000035
3.2741e-08,0.04231449999999992
3.2743e-08,0.04634529999999992
3.2745e-08,0.050329200000000074
3.2747e-08,0.05426530000000007
3.2749e-08,0.058153200000000016
3.2751e-08,0.061991999999999936
3.2753e-08,0.0657816
3.2755e-08,0.06952120000000006
3.2757e-08,0.07321070000000007
3.2759e-08,0.07684939999999996
3.2761e-08,0.08043730000000004
3.2763e-08,0.08397409999999994
3.2765e-08,0.08745979999999998
3.2767e-08,0.09089390000000008
3.2769e-08,0.09427659999999993
3.2771e-08,0.09760790000000008
3.2773e-08,0.10088759999999997
3.2775e-08,0.10411580000000009
3.2777e-08,0.10729270000000002
3.2779e-08,0.11041840000000003
3.2781e-08,0.11349290000000001
3.2783e-08,0.11651650000000002
3.2785e-08,0.11948939999999997
3.2787e-08,0.12241170000000001
3.2789e-08,0.1252839
3.2791e-08,0.12810619999999995
3.2793e-08,0.13087879999999996
3.2795e-08,0.1336022
3.2797e-08,0.13627659999999997
3.27985e-08,0.13825049999999994
3.28e-08,0.14019720000000002
3.28002e-08,0.14045530000000006
3.28006e-08,0.1409722
3.28014e-08,0.14200859999999993
3.2803e-08,0.14405600000000007
3.2805e-08,0.14649020000000001
3.2807e-08,0.14870499999999998
3.2809e-08,0.15064260000000007
3.2811e-08,0.15227029999999997
3.2813e-08,0.1535721
3.2815e-08,0.15454239999999997
3.2817e-08,0.15518339999999997
3.2819e-08,0.1555015999999999
3.2821e-08,0.1555065
3.2823e-08,0.15520960000000006
3.2825e-08,0.1546231
3.2827e-08,0.15376
3.2829e-08,0.15263329999999997
3.2831e-08,0.15125579999999994
3.2833e-08,0.1496404
3.2835e-08,0.14779949999999997
3.2837e-08,0.14574540000000002
3.2839e-08,0.14348950000000005
3.2841e-08,0.14104359999999994
3.2843e-08,0.13841819999999994
3.2845e-08,0.13562430000000003
3.2847e-08,0.13267190000000006
3.2849e-08,0.12957070000000004
3.2851e-08,0.12633039999999995
3.2853e-08,0.12296000000000007
3.2855e-08,0.11946829999999997
3.2857e-08,0.11586360000000007
3.2859e-08,0.11215409999999992
3.2861e-08,0.10834770000000005
3.2863e-08,0.10445179999999998
3.2865e-08,0.1004737
3.2867e-08,0.09642019999999996
3.2869e-08,0.0922982
3.2871e-08,0.08811390000000008
3.2873e-08,0.08387359999999999
3.2875e-08,0.07958319999999997
3.2877e-08,0.07524819999999999
3.2879e-08,0.07087430000000006
3.2881e-08,0.06646649999999998
3.2883e-08,0.06202989999999997
3.2885e-08,0.05756939999999999
3.2887e-08,0.05308950000000001
3.2889e-08,0.04859440000000004
3.2891e-08,0.044088499999999975
3.2893e-08,0.039575600000000044
3.2895e-08,0.035059799999999974
3.2897e-08,0.030544600000000033
3.2899e-08,0.026033399999999984
3.2901e-08,0.021529600000000038
3.2903e-08,0.017036200000000057
3.2905e-08,0.012556299999999965
3.2907e-08,0.008092600000000005
3.2909e-08,0.0036479999999999846
3.2911e-08,-0.0007752999999999233
3.2913e-08,-0.005174600000000029
3.2915e-08,-0.009547799999999995
3.2917e-08,-0.01389269999999998
3.2919e-08,-0.018207399999999985
3.2921e-08,-0.022489900000000063
3.2923e-08,-0.0267385
3.2925e-08,-0.030951599999999968
3.2927e-08,-0.03512750000000009
3.2929e-08,-0.03926490000000005
3.2931e-08,-0.04336240000000002
3.2933e-08,-0.04741879999999998
3.2935e-08,-0.051432900000000004
3.2937e-08,-0.055403699999999945
3.2939e-08,-0.0593302
3.2941e-08,-0.06321160000000003
3.2943e-08,-0.06704699999999997
3.2945e-08,-0.07083570000000006
3.2947e-08,-0.074577
3.2949e-08,-0.07827030000000001
3.2951e-08,-0.08191530000000002
3.2953e-08,-0.08551120000000001
3.2955e-08,-0.08905790000000002
3.2957e-08,-0.0925549
3.2959e-08,-0.09600199999999992
3.2961e-08,-0.09939890000000007
3.2963e-08,-0.10274550000000005
3.2965e-08,-0.10604160000000007
3.2967e-08,-0.10928720000000003
3.2969e-08,-0.11248230000000004
3.2971e-08,-0.11562669999999997
3.2973e-08,-0.11872059999999995
3.2975e-08,-0.12176410000000004
3.2977e-08,-0.12475720000000001
3.2979e-08,-0.12770009999999998
3.2981e-08,-0.13059299999999996
3.2983e-08,-0.13343609999999995
3.2985e-08,-0.1362297
3.2987e-08,-0.13897400000000004
3.2989e-08,-0.1416691
3.2991e-08,-0.14431569999999994
3.2993e-08,-0.14691370000000004
3.2995e-08,-0.14946380000000004
3.2997e-08,-0.15196620000000005
3.29985e-08,-0.15381199999999995
3.3e-08,-0.15563130000000003
3.30002e-08,-0.1558716
3.30006e-08,-0.15635140000000003
3.30014e-08,-0.15730520000000003
3.3003e-08,-0.15919090000000002
3.3005e-08,-0.16150680000000006
3.3007e-08,-0.1637771
3.3009e-08,-0.1660022
3.3011e-08,-0.16818270000000002
3.3013e-08,-0.170319
3.3015e-08,-0.1724116
3.3017e-08,-0.17446110000000004
3.3019e-08,-0.1764677
3.3021e-08,-0.1784323
3.3023e-08,-0.1803551
3.3025e-08,-0.18223679999999998
3.3027e-08,-0.18407779999999996
3.3029e-08,-0.1858788
3.3031e-08,-0.18764009999999998
3.3033e-08,-0.18936240000000004
3.3035e-08,-0.19104619999999994
3.3037e-08,-0.19269210000000003
3.3039e-08,-0.19430040000000004
3.3041e-08,-0.19587179999999993
3.3043e-08,-0.197407
3.3045e-08,-0.19890619999999992
3.3047e-08,-0.2003701
3.3049e-08,-0.20179939999999996
3.3051e-08,-0.2031944
3.3053e-08,-0.20455560000000006
3.3055e-08,-0.2058837
3.3057e-08,-0.20717909999999995
3.3059e-08,-0.20844240000000003
3.3061e-08,-0.20967419999999992
3.3063e-08,-0.21087489999999998
3.3065e-08,-0.21204489999999998
3.3067e-08,-0.21318500000000007
3.3069e-08,-0.21429540000000002
3.3071e-08,-0.2153769000000001
3.3073e-08,-0.2164298
3.3075e-08,-0.2174547
3.3077e-08,-0.21845199999999998
3.3079e-08,-0.21942229999999996
3.3081e-08,-0.22036579999999995
3.3083e-08,-0.22128340000000002
3.3085e-08,-0.22217529999999996
3.3087e-08,-0.22304200000000007
3.3089e-08,-0.22388400000000008
3.3091e-08,-0.22470179999999995
3.3093e-08,-0.22549589999999997
3.3095e-08,-0.22626650000000004
3.3097e-08,-0.22701419999999994
3.3099e-08,-0.22773949999999998
3.3101e-08,-0.2284427
3.3103e-08,-0.22912429999999995
3.3105e-08,-0.22978470000000006
3.3107e-08,-0.23042439999999997
3.3109e-08,-0.23104360000000002
3.3111e-08,-0.23164299999999993
3.3113e-08,-0.23222280000000006
3.3115e-08,-0.23278339999999997
3.3117e-08,-0.2333252
3.3119e-08,-0.23384879999999997
3.3121e-08,-0.23435419999999996
3.3123e-08,-0.234842
3.3125e-08,-0.23531259999999998
3.3127e-08,-0.23576620000000004
3.3129e-08,-0.2362033
3.3131e-08,-0.23662420000000006
3.3133e-08,-0.23702919999999994
3.3135e-08,-0.23741880000000004
3.3137e-08,-0.23779309999999998
3.3139e-08,-0.23815259999999994
3.3141e-08,-0.23849759999999998
3.3143e-08,-0.23882839999999994
3.3145e-08,-0.2391453
3.3147e-08,-0.23944880000000002
3.3149e-08,-0.23973880000000003
3.3151e-08,-0.240016
3.3153e-08,-0.24028039999999995
3.3155e-08,-0.24053250000000004
3.3157e-08,-0.24077250000000006
3.3159e-08,-0.2410006
3.3161e-08,-0.24121730000000008
3.3163e-08,-0.2414227
3.3165e-08,-0.24161719999999998
3.3167e-08,-0.24180080000000004
3.3169e-08,-0.24197400000000002
3.3171e-08,-0.24213699999999994
3.3173e-08,-0.24229
3.3175e-08,-0.24243329999999996
3.3177e-08,-0.24256709999999992
3.3179e-08,-0.2426916
3.3181e-08,-0.2428072
3.3183e-08,-0.24291390000000002
3.3185e-08,-0.2430122
3.3187e-08,-0.2431021000000001
3.3189e-08,-0.24318380000000006
3.3191e-08,-0.24325759999999996
3.3193e-08,-0.2433238000000001
3.3195e-08,-0.2433824
3.3197e-08,-0.2434337000000001
3.31985e-08,-0.24346750000000006
3.32e-08,-0.24349739999999997
3.32002e-08,-0.2435018
3.32006e-08,-0.24351239999999996
3.32014e-08,-0.24354110000000007
3.3203e-08,-0.24359359999999997
3.3205e-08,-0.24357439999999997
3.3207e-08,-0.243382
3.3209e-08,-0.24295959999999994
3.3211e-08,-0.24227469999999995
3.3213e-08,-0.24131039999999992
3.3215e-08,-0.24006079999999996
3.3217e-08,-0.2385269
3.3219e-08,-0.23671379999999997
3.3221e-08,-0.2346298
3.3223e-08,-0.23228499999999996
3.3225e-08,-0.22969039999999996
3.3227e-08,-0.22685769999999994
3.3229e-08,-0.22379860000000007
3.3231e-08,-0.22052490000000002
3.3233e-08,-0.21704810000000008
3.3235e-08,-0.21338009999999996
3.3237e-08,-0.20953160000000004
3.3239e-08,-0.20551379999999997
3.3241e-08,-0.20133710000000005
3.3243e-08,-0.19701179999999996
3.3245e-08,-0.1925477
3.3247e-08,-0.18795430000000002
3.3249e-08,-0.183241
3.3251e-08,-0.17841669999999998
3.3253e-08,-0.17348989999999997
3.3255e-08,-0.16846899999999998
3.3257e-08,-0.16336209999999995
3.3259e-08,-0.1581768
3.3261e-08,-0.15292060000000007
3.3263e-08,-0.14760079999999998
3.3265e-08,-0.14222420000000002
3.3267e-08,-0.13679750000000002
3.3269e-08,-0.13132709999999992
3.3271e-08,-0.12581929999999997
3.3273e-08,-0.1202799
3.3275e-08,-0.11471469999999995
3.3277e-08,-0.10912899999999992
3.3279e-08,-0.10352819999999996
3.3281e-08,-0.09791719999999993
3.3283e-08,-0.09230090000000002
3.3285e-08,-0.08668390000000004
3.3287e-08,-0.08107059999999999
3.3289e-08,-0.07546510000000006
3.3291e-08,-0.06987140000000003
3.3293e-08,-0.06429340000000006
3.3295e-08,-0.05873470000000003
3.3297e-08,-0.053198599999999985
3.3299e-08,-0.04768849999999991
3.3301e-08,-0.04220749999999995
3.3303e-08,-0.03675839999999997
3.3305e-08,-0.03134400000000004
3.3307e-08,-0.025966999999999962
3.3309e-08,-0.020629699999999973
3.3311e-08,-0.01533439999999997
3.3313e-08,-0.010083500000000023
3.3315e-08,-0.004878799999999961
3.3317e-08,0.0002777999999999947
3.3319e-08,0.005384599999999962
3.3321e-08,0.010439899999999946
3.3323e-08,0.015442100000000014
3.3325e-08,0.02039000000000002
3.3327e-08,0.02528230000000009
3.3329e-08,0.030117700000000025
3.3331e-08,0.03489509999999996
3.3333e-08,0.039613699999999974
3.3335e-08,0.044272700000000054
3.3337e-08,0.048871
3.3339e-08,0.053408300000000075
3.3341e-08,0.057883600000000035
3.3343e-08,0.06229669999999998
3.3345e-08,0.06664709999999996
3.3347e-08,0.0709343
3.3349e-08,0.0751581
3.3351e-08,0.0793182
3.3353e-08,0.08341449999999995
3.3355e-08,0.08744680000000005
3.3357e-08,0.09141509999999997
3.3359e-08,0.09531939999999994
3.3361e-08,0.09915980000000002
3.3363e-08,0.10293629999999998
3.3365e-08,0.10664910000000005
3.3367e-08,0.11029829999999996
3.3369e-08,0.1138844
3.3371e-08,0.1174075
3.3373e-08,0.12086770000000002
3.3375e-08,0.12426579999999998
3.3377e-08,0.12760170000000004
3.3379e-08,0.1308762
3.3381e-08,0.13408949999999997
3.3383e-08,0.13724209999999992
3.3385e-08,0.14033449999999992
3.3387e-08,0.14336720000000003
3.3389e-08,0.14634080000000005
3.3391e-08,0.14925580000000005
3.3393e-08,0.1521127
3.3395e-08,0.15491200000000005
3.3397e-08,0.15765459999999998
3.33985e-08,0.15967449999999994
3.34e-08,0.16166289999999994
3.34002e-08,0.1619254
3.34006e-08,0.16244930000000002
3.34014e-08,0.16349039999999992
3.3403e-08,0.16554639999999998
3.3405e-08,0.16806769999999993
3.3407e-08,0.17053529999999995
3.3409e-08,0.17294980000000004
3.3411e-08,0.17531200000000002
3.3413e-08,0.17762239999999996
3.3415e-08,0.17988170000000003
3.3417e-08,0.18209069999999994
3.3419e-08,0.18425000000000002
3.3421e-08,0.18636030000000003
3.3423e-08,0.18842230000000004
3.3425e-08,0.19043670000000001
3.3427e-08,0.19240420000000003
3.3429e-08,0.19432549999999993
3.3431e-08,0.19620130000000002
3.3433e-08,0.1980322
3.3435e-08,0.19981899999999997
3.3437e-08,0.20156229999999997
3.3439e-08,0.20326280000000008
3.3441e-08,0.20492130000000008
3.3443e-08,0.2065384
3.3445e-08,0.20811469999999999
3.3447e-08,0.20965089999999997
3.3449e-08,0.21114790000000005
3.3451e-08,0.21260590000000001
3.3453e-08,0.21402600000000005
3.3455e-08,0.21540860000000006
3.3457e-08,0.21675449999999996
3.3459e-08,0.2180643
3.3461e-08,0.2193385
3.3463e-08,0.22057780000000005
3.3465e-08,0.22178299999999995
3.3467e-08,0.22295450000000006
3.3469e-08,0.224093
3.3471e-08,0.22519920000000004
3.3473e-08,0.22627350000000002
3.3475e-08,0.22731659999999998
3.3477e-08,0.22832910000000006
3.3479e-08,0.2293115
3.3481e-08,0.23026449999999998
3.3483e-08,0.23118859999999997
3.3485e-08,0.23208430000000002
3.3487e-08,0.2329523
3.3489e-08,0.23379300000000003
3.3491e-08,0.234607
3.3493e-08,0.23539480000000002
3.3495e-08,0.23615699999999995
3.3497e-08,0.23689400000000005
3.3499e-08,0.23760649999999994
3.3501e-08,0.23829480000000003
3.3503e-08,0.23895940000000004
3.3505e-08,0.23960099999999995
3.3507e-08,0.24021979999999998
3.3509e-08,0.2408165
3.3511e-08,0.24139140000000003
3.3513e-08,0.24194519999999997
3.3515e-08,0.24247809999999992
3.3517e-08,0.24299060000000006
3.3519e-08,0.2434831999999999
3.3521e-08,0.24395639999999996
3.3523e-08,0.24441049999999997
3.3525e-08,0.24484609999999996
3.3527e-08,0.24526330000000007
3.3529e-08,0.24566279999999996
3.3531e-08,0.24604480000000006
3.3533e-08,0.2464098
3.3535e-08,0.24675809999999998
3.3537e-08,0.24709029999999998
3.3539e-08,0.24740649999999997
3.3541e-08,0.24770729999999996
3.3543e-08,0.24799290000000007
3.3545e-08,0.24826369999999998
3.3547e-08,0.24851999999999996
3.3549e-08,0.2487623
3.3551e-08,0.2489908999999999
3.3553e-08,0.24920600000000004
3.3555e-08,0.24940790000000002
3.3557e-08,0.24959710000000002
3.3559e-08,0.2497739
3.3561e-08,0.24993850000000006
3.3563e-08,0.25009120000000007
3.3565e-08,0.2502323999999999
3.3567e-08,0.25036230000000004
3.3569e-08,0.25048119999999996
3.3571e-08,0.2505895
3.3573e-08,0.25068730000000006
3.3575e-08,0.2507750999999999
3.3577e-08,0.25085289999999993
3.3579e-08,0.2509211
3.3581e-08,0.2509800000000001
3.3583e-08,0.25102979999999997
3.3585e-08,0.2510707
3.3587e-08,0.25110299999999997
3.3589e-08,0.251127
3.3591e-08,0.25114290000000006
3.3593e-08,0.25115070000000006
3.3595e-08,0.251151
3.3597e-08,0.2511437000000001
3.35985e-08,0.2511334999999999
3.36e-08,0.25111930000000005
3.36002e-08,0.2511179
3.36006e-08,0.2511166
3.36014e-08,0.2511217
3.3603e-08,0.25112730000000005
3.3605e-08,0.25104950000000004
3.3607e-08,0.2507992
3.3609e-08,0.25031950000000003
3.3611e-08,0.24957799999999997
3.3613e-08,0.2485581
3.3615e-08,0.24725370000000002
3.3617e-08,0.2456655000000001
3.3619e-08,0.243799
3.3621e-08,0.24166220000000005
3.3623e-08,0.23926530000000001
3.3625e-08,0.2366189999999999
3.3627e-08,0.23373500000000003
3.3629e-08,0.23062500000000008
3.3631e-08,0.22730059999999996
3.3633e-08,0.22377369999999996
3.3635e-08,0.22005530000000006
3.3637e-08,0.21615700000000004
3.3639e-08,0.21208919999999998
3.3641e-08,0.2078626
3.3643e-08,0.20348730000000004
3.3645e-08,0.1989732999999999
3.3647e-08,0.19433
3.3649e-08,0.18956659999999992
3.3651e-08,0.18469199999999997
3.3653e-08,0.1797149
3.3655e-08,0.1746436
3.3657e-08,0.16948609999999997
3.3659e-08,0.16425
3.3661e-08,0.15894279999999994
3.3663e-08,0.15357180000000004
3.3665e-08,0.1481439
3.3667e-08,0.14266579999999995
3.3669e-08,0.13714369999999998
3.3671e-08,0.13158409999999998
3.3673e-08,0.12599280000000002
3.3675e-08,0.12037529999999996
3.3677e-08,0.11473749999999994
3.3679e-08,0.10908430000000002
3.3681e-08,0.10342089999999993
3.3683e-08,0.09775210000000001
3.3685e-08,0.09208240000000001
3.3687e-08,0.0864163
3.3689e-08,0.08075810000000005
3.3691e-08,0.07511160000000006
3.3693e-08,0.06948090000000007
3.3695e-08,0.06386940000000008
3.3697e-08,0.058280700000000074
3.3699e-08,0.052717899999999984
3.3701e-08,0.04718420000000001
3.3703e-08,0.0416825999999999
3.3705e-08,0.03621579999999991
3.3707e-08,0.03078650000000005
3.3709e-08,0.025397000000000003
3.3711e-08,0.020049800000000007
3.3713e-08,0.014747000000000066
3.3715e-08,0.009490600000000016
3.3717e-08,0.004282499999999967
3.3719e-08,-0.0008753999999999706
3.3721e-08,-0.005981699999999979
3.3723e-08,-0.011034699999999953
3.3725e-08,-0.016033000000000075
3.3727e-08,-0.020975500000000036
3.3729e-08,-0.025860800000000017
3.3731e-08,-0.030687799999999932
3.3733e-08,-0.03545580000000004
3.3735e-08,-0.040163599999999966
3.3737e-08,-0.04481070000000009
3.3739e-08,-0.0493962
3.3741e-08,-0.05391950000000001
3.3743e-08,-0.05838019999999999
3.3745e-08,-0.06277769999999994
3.3747e-08,-0.06711179999999994
3.3749e-08,-0.07138199999999995
3.3751e-08,-0.0755882
3.3753e-08,-0.07973019999999997
3.3755e-08,-0.0838078000000001
3.3757e-08,-0.08782090000000009
3.3759e-08,-0.0917696
3.3761e-08,-0.09565409999999996
3.3763e-08,-0.09947420000000007
3.3765e-08,-0.10323020000000005
3.3767e-08,-0.10692219999999997
3.3769e-08,-0.11055059999999994
3.3771e-08,-0.11411559999999998
3.3773e-08,-0.11761729999999992
3.3775e-08,-0.12105640000000006
3.3777e-08,-0.12443300000000002
3.3779e-08,-0.12774759999999996
3.3781e-08,-0.13100069999999997
3.3783e-08,-0.1341926
3.3785e-08,-0.13732389999999994
3.3787e-08,-0.14039500000000005
3.3789e-08,-0.1434067
3.3791e-08,-0.14635920000000002
3.3793e-08,-0.14925319999999997
3.3795e-08,-0.15208940000000004
3.3797e-08,-0.1548682
3.37985e-08,-0.15691509999999997
3.38e-08,-0.15893029999999997
3.38002e-08,-0.15919629999999996
3.38006e-08,-0.15972730000000002
3.38014e-08,-0.16078250000000005
3.3803e-08,-0.16286650000000003
3.3805e-08,-0.16542239999999997
3.3807e-08,-0.16792419999999997
3.3809e-08,-0.17037259999999999
3.3811e-08,-0.17276809999999998
3.3813e-08,-0.17511149999999998
3.3815e-08,-0.1774034000000001
3.3817e-08,-0.17964460000000004
3.3819e-08,-0.18183569999999993
3.3821e-08,-0.18397739999999996
3.3823e-08,-0.18607050000000003
3.3825e-08,-0.1881155
3.3827e-08,-0.19011330000000004
3.3829e-08,-0.19206450000000008
3.3831e-08,-0.19396970000000002
3.3833e-08,-0.19582980000000005
3.3835e-08,-0.19764530000000002
3.3837e-08,-0.1994170999999999
3.3839e-08,-0.20114569999999998
3.3841e-08,-0.2028318
3.3843e-08,-0.2044762
3.3845e-08,-0.20607949999999997
3.3847e-08,-0.2076424
3.3849e-08,-0.20916559999999995
3.3851e-08,-0.21064969999999994
3.3853e-08,-0.21209540000000005
3.3855e-08,-0.2135034
3.3857e-08,-0.21487420000000002
3.3859e-08,-0.21620860000000008
3.3861e-08,-0.2175071999999999
3.3863e-08,-0.21877059999999993
3.3865e-08,-0.21999950000000001
3.3867e-08,-0.22119450000000007
3.3869e-08,-0.22235610000000006
3.3871e-08,-0.2234851
3.3873e-08,-0.2245819
3.3875e-08,-0.22564720000000005
3.3877e-08,-0.22668169999999999
3.3879e-08,-0.22768580000000005
3.3881e-08,-0.22866030000000004
3.3883e-08,-0.22960540000000007
3.3885e-08,-0.2305219999999999
3.3887e-08,-0.23141060000000002
3.3889e-08,-0.2322715999999999
3.3891e-08,-0.23310569999999997
3.3893e-08,-0.2339133
3.3895e-08,-0.234695
3.3897e-08,-0.23545139999999998
3.3899e-08,-0.23618280000000003
3.3901e-08,-0.23688979999999993
3.3903e-08,-0.23757309999999998
3.3905e-08,-0.23823299999999992
3.3907e-08,-0.23886990000000008
3.3909e-08,-0.23948440000000004
3.3911e-08,-0.24007699999999998
3.3913e-08,-0.24064810000000003
3.3915e-08,-0.24119820000000003
3.3917e-08,-0.2417277000000001
3.3919e-08,-0.24223720000000004
3.3921e-08,-0.2427267999999999
3.3923e-08,-0.24319730000000006
3.3925e-08,-0.2436488
3.3927e-08,-0.24408189999999996
3.3929e-08,-0.24449710000000002
3.3931e-08,-0.24489459999999996
3.3933e-08,-0.24527489999999996
3.3935e-08,-0.24563840000000003
3.3937e-08,-0.24598540000000002
3.3939e-08,-0.2463164000000001
3.3941e-08,-0.24663159999999995
3.3943e-08,-0.24693160000000003
3.3945e-08,-0.24721650000000006
3.3947e-08,-0.2474867999999999
3.3949e-08,-0.2477429000000001
3.3951e-08,-0.247985
3.3953e-08,-0.24821349999999998
3.3955e-08,-0.2484288
3.3957e-08,-0.24863099999999994
3.3959e-08,-0.24882080000000006
3.3961e-08,-0.2489981
3.3963e-08,-0.24916340000000003
3.3965e-08,-0.24931709999999996
3.3967e-08,-0.24945929999999994
3.3969e-08,-0.24959030000000004
3.3971e-08,-0.24971050000000006
3.3973e-08,-0.24982020000000005
3.3975e-08,-0.24991960000000002
3.3977e-08,-0.2500089
3.3979e-08,-0.25008849999999994
3.3981e-08,-0.25015870000000007
3.3983e-08,-0.25021950000000004
3.3985e-08,-0.2502713
3.3987e-08,-0.25031439999999994
3.3989e-08,-0.2503491
3.3991e-08,-0.2503754
3.3993e-08,-0.2503936
3.3995e-08,-0.2504041
3.3997e-08,-0.2504069
3.39985e-08,-0.2504043
3.4e-08,-0.2503974
3.40002e-08,-0.2503963
3.40006e-08,-0.2503936
3.40014e-08,-0.2503875
3.4003e-08,-0.2503721
3.4005e-08,-0.2503466999999999
3.4007e-08,-0.2503147
3.4009e-08,-0.25027639999999995
3.4011e-08,-0.25023190000000006
3.4013e-08,-0.2501816
3.4015e-08,-0.25012539999999994
3.4017e-08,-0.2500635
3.4019e-08,-0.24999630000000006
3.4021e-08,-0.24992380000000003
3.4023e-08,-0.2498461999999999
3.4025e-08,-0.24976370000000003
3.4027e-08,-0.24967649999999997
3.4029e-08,-0.24958460000000005
3.4031e-08,-0.24948819999999994
3.4033e-08,-0.24938760000000004
3.4035e-08,-0.24928300000000003
3.4037e-08,-0.2491742
3.4039e-08,-0.24906170000000005
3.4041e-08,-0.24894539999999998
3.4043e-08,-0.24882559999999998
3.4045e-08,-0.24870230000000004
3.4047e-08,-0.24857569999999996
3.4049e-08,-0.2484459
3.4051e-08,-0.24831309999999995
3.4053e-08,-0.24817730000000005
3.4055e-08,-0.24803870000000006
3.4057e-08,-0.2478975
3.4059e-08,-0.24775360000000002
3.4061e-08,-0.24760720000000003
3.4063e-08,-0.24745859999999997
3.4065e-08,-0.24730770000000002
3.4067e-08,-0.2471546
3.4069e-08,-0.24699939999999998
3.4071e-08,-0.24684230000000007
3.4073e-08,-0.24668330000000005
3.4075e-08,-0.24652259999999993
3.4077e-08,-0.24636009999999997
3.4079e-08,-0.24619619999999998
3.4081e-08,-0.2460308
3.4083e-08,-0.24586379999999997
3.4085e-08,-0.24569569999999996
3.4087e-08,-0.24552609999999997
3.4089e-08,-0.24535550000000006
3.4091e-08,-0.24518379999999995
3.4093e-08,-0.24501110000000004
3.4095e-08,-0.24483739999999998
3.4097e-08,-0.24466290000000002
3.4099e-08,-0.24448749999999997
3.4101e-08,-0.24431150000000001
3.4103e-08,-0.24413469999999993
3.4105e-08,-0.2439574
3.4107e-08,-0.24377949999999993
3.4109e-08,-0.24360120000000007
3.4111e-08,-0.24342229999999998
3.4113e-08,-0.24324310000000005
3.4115e-08,-0.2430637
3.4117e-08,-0.242884
3.4119e-08,-0.24270399999999992
3.4121e-08,-0.2425238999999999
3.4123e-08,-0.2423438
3.4125e-08,-0.2421635000000001
3.4127e-08,-0.2419833
3.4129e-08,-0.241803
3.4131e-08,-0.24162289999999997
3.4133e-08,-0.24144290000000002
3.4135e-08,-0.241263
3.4137e-08,-0.24108340000000006
3.4139e-08,-0.240904
3.4141e-08,-0.24072479999999996
3.4143e-08,-0.24054609999999998
3.4145e-08,-0.2403675999999999
3.4147e-08,-0.2401895999999999
3.4149e-08,-0.24001189999999994
3.4151e-08,-0.23983469999999996
3.4153e-08,-0.23965800000000004
3.4155e-08,-0.23948189999999991
3.4157e-08,-0.23930620000000002
3.4159e-08,-0.23913109999999993
3.4161e-08,-0.23895660000000007
3.4163e-08,-0.23878280000000007
3.4165e-08,-0.23860950000000003
3.4167e-08,-0.238437
3.4169e-08,-0.23826519999999995
3.4171e-08,-0.23809400000000003
3.4173e-08,-0.2379236
3.4175e-08,-0.23775400000000002
3.4177e-08,-0.2375851
3.4179e-08,-0.23741709999999994
3.4181e-08,-0.23724980000000007
3.4183e-08,-0.23708339999999994
3.4185e-08,-0.23691790000000001
3.4187e-08,-0.23675309999999994
3.4189e-08,-0.2365893
3.4191e-08,-0.23642640000000004
3.4193e-08,-0.23626440000000004
3.4195e-08,-0.23610330000000002
3.4197e-08,-0.23594320000000002
3.41985e-08,-0.23582369999999997
3.42e-08,-0.23570479999999994
3.42002e-08,-0.2356897
3.42006e-08,-0.23566149999999997
3.42014e-08,-0.23561340000000008
3.4203e-08,-0.2355161
3.4205e-08,-0.23531609999999992
3.4207e-08,-0.23494939999999997
3.4209e-08,-0.23435889999999993
3.4211e-08,-0.23351179999999994
3.4213e-08,-0.23239109999999996
3.4215e-08,-0.23099059999999993
3.4217e-08,-0.22931089999999998
3.4219e-08,-0.22735740000000004
3.4221e-08,-0.2251381
3.4223e-08,-0.2226631
3.4225e-08,-0.2199432
3.4227e-08,-0.21699009999999996
3.4229e-08,-0.2138154
3.4231e-08,-0.21043100000000003
3.4233e-08,-0.20684840000000004
3.4235e-08,-0.20307920000000002
3.4237e-08,-0.1991343
3.4239e-08,-0.1950248
3.4241e-08,-0.1907610999999999
3.4243e-08,-0.1863532
3.4245e-08,-0.1818113
3.4247e-08,-0.1771446000000001
3.4249e-08,-0.17236260000000003
3.4251e-08,-0.16747389999999995
3.4253e-08,-0.16248740000000006
3.4255e-08,-0.15741100000000008
3.4257e-08,-0.15225290000000002
3.4259e-08,-0.1470209
3.4261e-08,-0.14172209999999996
3.4263e-08,-0.13636389999999998
3.4265e-08,-0.13095299999999999
3.4267e-08,-0.12549619999999995
3.4269e-08,-0.11999959999999998
3.4271e-08,-0.11446960000000006
3.4273e-08,-0.1089118
3.4275e-08,-0.10333190000000003
3.4277e-08,-0.09773529999999997
3.4279e-08,-0.09212730000000002
3.4281e-08,-0.0865127
3.4283e-08,-0.08089610000000003
3.4285e-08,-0.07528239999999997
3.4287e-08,-0.0696755
3.4289e-08,-0.06407970000000007
3.4291e-08,-0.05849890000000002
3.4293e-08,-0.05293670000000006
3.4295e-08,-0.047396799999999906
3.4297e-08,-0.041882500000000045
3.4299e-08,-0.03639700000000001
3.4301e-08,-0.0309431
3.4303e-08,-0.025523700000000038
3.4305e-08,-0.02014170000000004
3.4307e-08,-0.014799400000000018
3.4309e-08,-0.00949919999999993
3.4311e-08,-0.00424329999999995
3.4313e-08,0.0009662000000000281
3.4315e-08,0.006127400000000005
3.4317e-08,0.011238400000000093
3.4319e-08,0.01629769999999997
3.4321e-08,0.021303699999999925
3.4323e-08,0.02625489999999997
3.4325e-08,0.03115000000000001
3.4327e-08,0.03598800000000002
3.4329e-08,0.04076750000000007
3.4331e-08,0.04548770000000002
3.4333e-08,0.05014770000000002
3.4335e-08,0.05474670000000004
3.4337e-08,0.059283900000000056
3.4339e-08,0.0637588
3.4341e-08,0.06817080000000009
3.4343e-08,0.07251940000000001
3.4345e-08,0.0768044
3.4347e-08,0.08102530000000008
3.4349e-08,0.08518190000000003
3.4351e-08,0.08927410000000002
3.4353e-08,0.09330169999999993
3.4355e-08,0.09726469999999998
3.4357e-08,0.101163
3.4359e-08,0.1049968
3.4361e-08,0.10876620000000004
3.4363e-08,0.11247110000000005
3.4365e-08,0.11611199999999999
3.4367e-08,0.11968900000000005
3.4369e-08,0.12320240000000005
3.4371e-08,0.12665250000000006
3.4373e-08,0.13003949999999997
3.4375e-08,0.13336400000000004
3.4377e-08,0.13662640000000004
3.4379e-08,0.13982709999999998
3.4381e-08,0.1429665
3.4383e-08,0.14604510000000004
3.4385e-08,0.14906350000000002
3.4387e-08,0.15202210000000005
3.4389e-08,0.1549216
3.4391e-08,0.15776249999999992
3.4393e-08,0.1605455
3.4395e-08,0.1632711
3.4397e-08,0.16593979999999997
3.43985e-08,0.16790440000000006
3.44e-08,0.16983769999999998
3.44002e-08,0.17009359999999996
3.44006e-08,0.17060619999999993
3.44014e-08,0.17163300000000004
3.4403e-08,0.17365799999999998
3.4405e-08,0.17605910000000002
3.4407e-08,0.17823579999999994
3.4409e-08,0.1801311
3.4411e-08,0.1817128
3.4413e-08,0.1829651
3.4415e-08,0.18388289999999996
3.4417e-08,0.18446849999999992
3.4419e-08,0.18472849999999996
3.4421e-08,0.18467239999999996
3.4423e-08,0.18431160000000002
3.4425e-08,0.1836586
3.4427e-08,0.1827261
3.4429e-08,0.18152710000000005
3.4431e-08,0.18007450000000003
3.4433e-08,0.178381
3.4435e-08,0.17645919999999993
3.4437e-08,0.1743209
3.4439e-08,0.17197790000000002
3.4441e-08,0.16944170000000003
3.4443e-08,0.16672299999999995
3.4445e-08,0.1638324
3.4447e-08,0.1607801000000001
3.4449e-08,0.1575759
3.4451e-08,0.15422919999999996
3.4453e-08,0.15074909999999997
3.4455e-08,0.14714439999999995
3.4457e-08,0.1434236000000001
3.4459e-08,0.13959469999999996
3.4461e-08,0.13566560000000005
3.4463e-08,0.13164370000000003
3.4465e-08,0.1275366
3.4467e-08,0.12335090000000004
3.4469e-08,0.11909359999999991
3.4471e-08,0.11477090000000001
3.4473e-08,0.11038930000000002
3.4475e-08,0.10595449999999995
3.4477e-08,0.10147239999999991
3.4479e-08,0.09694859999999994
3.4481e-08,0.09238829999999998
3.4483e-08,0.08779650000000006
3.4485e-08,0.08317819999999998
3.4487e-08,0.07853790000000005
3.4489e-08,0.07388030000000001
3.4491e-08,0.06920959999999998
3.4493e-08,0.06452979999999997
3.4495e-08,0.05984489999999998
3.4497e-08,0.05515860000000006
3.4499e-08,0.05047440000000003
3.4501e-08,0.0457959
3.4503e-08,0.041126100000000054
3.4505e-08,0.03646820000000006
3.4507e-08,0.03182509999999994
3.4509e-08,0.027199500000000043
3.4511e-08,0.02259420000000001
3.4513e-08,0.018011600000000016
3.4515e-08,0.013453999999999966
3.4517e-08,0.008923699999999979
3.4519e-08,0.004422900000000007
3.4521e-08,-4.68000000000135e-05
3.4523e-08,-0.004483099999999962
3.4525e-08,-0.008884499999999962
3.4527e-08,-0.01324930000000002
3.4529e-08,-0.017576099999999983
3.4531e-08,-0.02186330000000003
3.4533e-08,-0.026109600000000066
3.4535e-08,-0.030313799999999946
3.4537e-08,-0.034474899999999975
3.4539e-08,-0.03859170000000001
3.4541e-08,-0.04266340000000002
3.4543e-08,-0.04668890000000003
3.4545e-08,-0.050667600000000035
3.4547e-08,-0.05459860000000005
3.4549e-08,-0.05848129999999996
3.4551e-08,-0.06231529999999996
3.4553e-08,-0.06609989999999999
3.4555e-08,-0.06983470000000003
3.4557e-08,-0.07351930000000007
3.4559e-08,-0.07715330000000009
3.4561e-08,-0.08073660000000005
3.4563e-08,-0.08426880000000003
3.4565e-08,-0.08774989999999994
3.4567e-08,-0.09117969999999997
3.4569e-08,-0.09455799999999992
3.4571e-08,-0.0978848
3.4573e-08,-0.10116020000000003
3.4575e-08,-0.10438429999999999
3.4577e-08,-0.10755700000000001
3.4579e-08,-0.11067859999999996
3.4581e-08,-0.1137492
3.4583e-08,-0.1167688
3.4585e-08,-0.1197378
3.4587e-08,-0.12265630000000005
3.4589e-08,-0.12552470000000004
3.4591e-08,-0.1283432
3.4593e-08,-0.1311122
3.4595e-08,-0.13383200000000006
3.4597e-08,-0.13650279999999992
3.45985e-08,-0.13847399999999999
3.46e-08,-0.14041819999999994
3.46002e-08,-0.14067589999999996
3.46006e-08,-0.1411922
3.46014e-08,-0.1422272
3.4603e-08,-0.1442719
3.4605e-08,-0.14670269999999996
3.4607e-08,-0.1489142
3.4609e-08,-0.15084869999999995
3.4611e-08,-0.15247330000000003
3.4613e-08,-0.15377189999999996
3.4615e-08,-0.15473910000000002
3.4617e-08,-0.15537710000000005
3.4619e-08,-0.1556925
3.4621e-08,-0.1556945999999999
3.4623e-08,-0.1553949
3.4625e-08,-0.15480570000000005
3.4627e-08,-0.15393990000000002
3.4629e-08,-0.15281049999999996
3.4631e-08,-0.15143050000000002
3.4633e-08,-0.14981259999999996
3.4635e-08,-0.1479691999999999
3.4637e-08,-0.14591259999999995
3.4639e-08,-0.1436543
3.4641e-08,-0.14120600000000005
3.4643e-08,-0.1385784000000001
3.4645e-08,-0.13578219999999996
3.4647e-08,-0.13282739999999993
3.4649e-08,-0.1297241
3.4651e-08,-0.12648150000000002
3.4653e-08,-0.12310900000000002
3.4655e-08,-0.11961510000000009
3.4657e-08,-0.11600829999999995
3.4659e-08,-0.11229679999999997
3.4661e-08,-0.10848830000000009
3.4663e-08,-0.10459029999999991
3.4665e-08,-0.10061019999999998
3.4667e-08,-0.09655480000000005
3.4669e-08,-0.09243080000000004
3.4671e-08,-0.0882446
3.4673e-08,-0.08400239999999992
3.4675e-08,-0.0797101
3.4677e-08,-0.07537320000000003
3.4679e-08,-0.0709974000000001
3.4681e-08,-0.06658790000000003
3.4683e-08,-0.06214960000000003
3.4685e-08,-0.05768719999999994
3.4687e-08,-0.05320550000000002
3.4689e-08,-0.04870870000000005
3.4691e-08,-0.04420109999999999
3.4693e-08,-0.039686600000000016
3.4695e-08,-0.03516920000000001
3.4697e-08,-0.030652299999999966
3.4699e-08,-0.026139400000000035
3.4701e-08,-0.02163399999999993
3.4703e-08,-0.017138999999999904
3.4705e-08,-0.012657499999999988
3.4707e-08,-0.008192300000000041
3.4709e-08,-0.0037460999999999745
3.4711e-08,0.0006785999999999737
3.4713e-08,0.0050795000000000146
3.4715e-08,0.00945410000000002
3.4717e-08,0.013800400000000046
3.4719e-08,0.018116600000000038
3.4721e-08,0.022400399999999987
3.4723e-08,0.02665050000000002
3.4725e-08,0.030864899999999973
3.4727e-08,0.035042100000000076
3.4729e-08,0.03918089999999996
3.4731e-08,0.04327969999999992
3.4733e-08,0.047337399999999974
3.4735e-08,0.051352799999999976
3.4737e-08,0.05532500000000007
3.4739e-08,0.05925259999999999
3.4741e-08,0.0631353
3.4743e-08,0.06697180000000003
3.4745e-08,0.07076170000000004
3.4747e-08,0.07450420000000002
3.4749e-08,0.07819870000000007
3.4751e-08,0.08184480000000005
3.4753e-08,0.08544190000000007
3.4755e-08,0.0889896
3.4757e-08,0.09248770000000006
3.4759e-08,0.09593589999999996
3.4761e-08,0.09933380000000003
3.4763e-08,0.10268149999999998
3.4765e-08,0.10597859999999992
3.4767e-08,0.10922529999999997
3.4769e-08,0.11242130000000006
3.4771e-08,0.11556670000000002
3.4773e-08,0.11866159999999992
3.4775e-08,0.12170590000000003
3.4777e-08,0.12469989999999997
3.4779e-08,0.12764390000000003
3.4781e-08,0.13053760000000003
3.4783e-08,0.1333816
3.4785e-08,0.13617610000000002
3.4787e-08,0.13892119999999997
3.4789e-08,0.1416172
3.4791e-08,0.14426450000000002
3.4793e-08,0.14686350000000004
3.4795e-08,0.14941439999999995
3.4797e-08,0.1519176000000001
3.47985e-08,0.15376389999999995
3.48e-08,0.15559240000000008
3.48002e-08,0.15583559999999996
3.48006e-08,0.15632219999999997
3.48014e-08,0.15729110000000002
3.4803e-08,0.15918089999999996
3.4805e-08,0.16138819999999998
3.4807e-08,0.16335500000000003
3.4809e-08,0.16503369999999995
3.4811e-08,0.16639820000000005
3.4813e-08,0.1674365
3.4815e-08,0.16814609999999997
3.4817e-08,0.16853079999999998
3.4819e-08,0.16859839999999993
3.4821e-08,0.16835889999999998
3.4823e-08,0.16782410000000003
3.4825e-08,0.1670064
3.4827e-08,0.16591860000000003
3.4829e-08,0.1645736
3.4831e-08,0.16298420000000002
3.4833e-08,0.16116299999999995
3.4835e-08,0.15912230000000005
3.4837e-08,0.1568739
3.4839e-08,0.1544293
3.4841e-08,0.15179969999999998
3.4843e-08,0.14899590000000007
3.4845e-08,0.14602819999999994
3.4847e-08,0.1429066
3.4849e-08,0.1396406
3.4851e-08,0.13623980000000002
3.4853e-08,0.13271280000000008
3.4855e-08,0.12906839999999997
3.4857e-08,0.12531480000000006
3.4859e-08,0.12145990000000007
3.4861e-08,0.11751149999999999
3.4863e-08,0.11347689999999999
3.4865e-08,0.10936330000000005
3.4867e-08,0.10517730000000003
3.4869e-08,0.10092570000000001
3.4871e-08,0.0966146
3.4873e-08,0.09225030000000001
3.4875e-08,0.08783849999999993
3.4877e-08,0.08338460000000003
3.4879e-08,0.07889430000000008
3.4881e-08,0.0743724
3.4883e-08,0.06982409999999994
3.4885e-08,0.06525410000000009
3.4887e-08,0.06066669999999996
3.4889e-08,0.05606630000000001
3.4891e-08,0.05145709999999992
3.4893e-08,0.04684300000000008
3.4895e-08,0.04222769999999998
3.4897e-08,0.03761479999999995
3.4899e-08,0.03300789999999998
3.4901e-08,0.028409899999999988
3.4903e-08,0.023824199999999962
3.4905e-08,0.019253499999999923
3.4907e-08,0.01470080000000007
3.4909e-08,0.010168600000000083
3.4911e-08,0.005659399999999981
3.4913e-08,0.0011756000000000544
3.4915e-08,-0.0032807999999999726
3.4917e-08,-0.0077073000000000835
3.4919e-08,-0.012102199999999952
3.4921e-08,-0.01646369999999997
3.4923e-08,-0.020789900000000028
3.4925e-08,-0.025079300000000027
3.4927e-08,-0.029330199999999973
3.4929e-08,-0.033541400000000055
3.4931e-08,-0.037711700000000015
3.4933e-08,-0.04183949999999992
3.4935e-08,-0.04592390000000002
3.4937e-08,-0.04996389999999995
3.4939e-08,-0.05395860000000008
3.4941e-08,-0.05790689999999998
3.4943e-08,-0.06180819999999998
3.4945e-08,-0.06566179999999999
3.4947e-08,-0.06946699999999995
3.4949e-08,-0.07322329999999999
3.4951e-08,-0.07693030000000001
3.4953e-08,-0.08058730000000003
3.4955e-08,-0.08419399999999999
3.4957e-08,-0.0877502
3.4959e-08,-0.09125559999999999
3.4961e-08,-0.09470999999999996
3.4963e-08,-0.09811320000000001
3.4965e-08,-0.10146509999999997
3.4967e-08,-0.10476549999999996
3.4969e-08,-0.10801470000000002
3.4971e-08,-0.11121239999999999
3.4973e-08,-0.11435890000000004
3.4975e-08,-0.11745420000000006
3.4977e-08,-0.1204984
3.4979e-08,-0.12349169999999998
3.4981e-08,-0.12643420000000005
3.4983e-08,-0.12932619999999995
3.4985e-08,-0.13216799999999995
3.4987e-08,-0.13495990000000002
3.4989e-08,-0.137702
3.4991e-08,-0.1403947000000001
3.4993e-08,-0.1430383999999999
3.4995e-08,-0.14563360000000003
3.4997e-08,-0.1481804000000001
3.49985e-08,-0.1500591
3.5e-08,-0.15191089999999996
3.50002e-08,-0.15215630000000002
3.50006e-08,-0.1526479999999999
3.50014e-08,-0.15363419999999994
3.5003e-08,-0.15558130000000003
3.5005e-08,-0.15789130000000007
3.5007e-08,-0.1599832
3.5009e-08,-0.16179949999999999
3.5011e-08,-0.16330750000000005
3.5013e-08,-0.16449100000000005
3.5015e-08,-0.16534499999999996
3.5017e-08,-0.1658712
3.5019e-08,-0.1660764
3.5021e-08,-0.1659697
3.5023e-08,-0.1655628
3.5025e-08,-0.1648677999999999
3.5027e-08,-0.1638972999999999
3.5029e-08,-0.1626647
3.5031e-08,-0.16118239999999995
3.5033e-08,-0.15946349999999998
3.5035e-08,-0.15752009999999994
3.5037e-08,-0.15536450000000002
3.5039e-08,-0.15300820000000004
3.5041e-08,-0.1504626
3.5043e-08,-0.14773860000000005
3.5045e-08,-0.1448467
3.5047e-08,-0.1417971
3.5049e-08,-0.13859960000000004
3.5051e-08,-0.13526349999999998
3.5053e-08,-0.13179790000000002
3.5055e-08,-0.12821169999999993
3.5057e-08,-0.12451319999999999
3.5059e-08,-0.1207104
3.5061e-08,-0.1168112
3.5063e-08,-0.11282309999999995
3.5065e-08,-0.1087532
3.5067e-08,-0.1046085
3.5069e-08,-0.10039580000000004
3.5071e-08,-0.09612129999999997
3.5073e-08,-0.09179120000000007
3.5075e-08,-0.08741149999999998
3.5077e-08,-0.0829877
3.5079e-08,-0.07852550000000003
3.5081e-08,-0.07403000000000004
3.5083e-08,-0.06950610000000002
3.5085e-08,-0.06495870000000004
3.5087e-08,-0.06039240000000001
3.5089e-08,-0.055811399999999955
3.5091e-08,-0.05122019999999994
3.5093e-08,-0.04662270000000002
3.5095e-08,-0.04202260000000002
3.5097e-08,-0.0374236
3.5099e-08,-0.0328292
3.5101e-08,-0.028242700000000065
3.5103e-08,-0.0236672
3.5105e-08,-0.01910590000000001
3.5107e-08,-0.0145613
3.5109e-08,-0.010036399999999945
3.5111e-08,-0.005533399999999911
3.5113e-08,-0.0010550000000000281
3.5115e-08,0.003396599999999972
3.5117e-08,0.007819400000000032
3.5119e-08,0.012211199999999978
3.5121e-08,0.016570300000000038
3.5123e-08,0.02089479999999999
3.5125e-08,0.025183000000000066
3.5127e-08,0.029433399999999943
3.5129e-08,0.03364469999999997
3.5131e-08,0.037815400000000055
3.5133e-08,0.04194419999999999
3.5135e-08,0.04603020000000002
3.5137e-08,0.050072000000000005
3.5139e-08,0.054068899999999975
3.5141e-08,0.05801990000000001
3.5143e-08,0.061924199999999985
3.5145e-08,0.06578110000000004
3.5147e-08,0.06958989999999998
3.5149e-08,0.07335000000000003
3.5151e-08,0.07706100000000005
3.5153e-08,0.08072230000000002
3.5155e-08,0.08433360000000001
3.5157e-08,0.08789440000000004
3.5159e-08,0.0914047
3.5161e-08,0.09486399999999995
3.5163e-08,0.09827229999999998
3.5165e-08,0.10162939999999998
3.5167e-08,0.10493530000000006
3.5169e-08,0.10818990000000006
3.5171e-08,0.11139319999999997
3.5173e-08,0.11454520000000001
3.5175e-08,0.11764600000000003
3.5177e-08,0.12069580000000002
3.5179e-08,0.1236948
3.5181e-08,0.12664299999999995
3.5183e-08,0.12954069999999995
3.5185e-08,0.13238820000000007
3.5187e-08,0.13518560000000002
3.5189e-08,0.13793339999999998
3.5191e-08,0.14063170000000003
3.5193e-08,0.14328110000000005
3.5195e-08,0.14588160000000006
3.5197e-08,0.14843399999999995
3.51985e-08,0.15031669999999997
3.52e-08,0.15217250000000004
3.52002e-08,0.15241779999999994
3.52006e-08,0.15290720000000002
3.52014e-08,0.15388040000000003
3.5203e-08,0.15580439999999995
3.5205e-08,0.15816759999999996
3.5207e-08,0.16048449999999992
3.5209e-08,0.16275569999999995
3.5211e-08,0.1649817
3.5213e-08,0.1671627
3.5215e-08,0.16929950000000005
3.5217e-08,0.1713926
3.5219e-08,0.1734422
3.5221e-08,0.17544919999999997
3.5223e-08,0.1774139
3.5225e-08,0.17933690000000002
3.5227e-08,0.1812186
3.5229e-08,0.18305969999999994
3.5231e-08,0.18486059999999993
3.5233e-08,0.18662200000000007
3.5235e-08,0.18834419999999996
3.5237e-08,0.19002799999999997
3.5239e-08,0.19167390000000006
3.5241e-08,0.1932822999999999
3.5243e-08,0.19485379999999997
3.5245e-08,0.19638889999999998
3.5247e-08,0.19788830000000002
3.5249e-08,0.1993524000000001
3.5251e-08,0.2007818
3.5253e-08,0.2021771
3.5255e-08,0.20353860000000001
3.5257e-08,0.20486700000000002
3.5259e-08,0.20616299999999999
3.5261e-08,0.20742680000000002
3.5263e-08,0.2086591
3.5265e-08,0.20986040000000006
3.5267e-08,0.21103120000000009
3.5269e-08,0.21217200000000003
3.5271e-08,0.2132834
3.5273e-08,0.21436579999999994
3.5275e-08,0.2154197
3.5277e-08,0.21644560000000002
3.5279e-08,0.21744410000000003
3.5281e-08,0.2184157
3.5283e-08,0.21936080000000002
3.5285e-08,0.22027980000000003
3.5287e-08,0.22117320000000007
3.5289e-08,0.2220415
3.5291e-08,0.22288530000000006
3.5293e-08,0.22370489999999998
3.5295e-08,0.22450080000000006
3.5297e-08,0.22527339999999996
3.5299e-08,0.22602319999999998
3.5301e-08,0.22675060000000002
3.5303e-08,0.2274562
3.5305e-08,0.22814010000000007
3.5307e-08,0.22880299999999998
3.5309e-08,0.22944520000000002
3.5311e-08,0.23006709999999997
3.5313e-08,0.23066909999999996
3.5315e-08,0.23125169999999995
3.5317e-08,0.23181510000000005
3.5319e-08,0.23235990000000006
3.5321e-08,0.23288640000000005
3.5323e-08,0.2333949999999999
3.5325e-08,0.23388600000000004
3.5327e-08,0.2343598
3.5329e-08,0.2348167
3.5331e-08,0.2352573
3.5333e-08,0.23568160000000005
3.5335e-08,0.23609019999999992
3.5337e-08,0.2364834
3.5339e-08,0.23686149999999995
3.5341e-08,0.23722470000000007
3.5343e-08,0.23757360000000005
3.5345e-08,0.23790829999999996
3.5347e-08,0.23822920000000003
3.5349e-08,0.23853649999999993
3.5351e-08,0.23883070000000006
3.5353e-08,0.239112
3.5355e-08,0.23938060000000005
3.5357e-08,0.23963689999999993
3.5359e-08,0.23988130000000008
3.5361e-08,0.24011380000000004
3.5363e-08,0.24033490000000002
3.5365e-08,0.24054470000000006
3.5367e-08,0.2407437
3.5369e-08,0.24093179999999992
3.5371e-08,0.24110959999999992
3.5373e-08,0.24127730000000003
3.5375e-08,0.24143500000000007
3.5377e-08,0.241583
3.5379e-08,0.2417216000000001
3.5381e-08,0.24185099999999993
3.5383e-08,0.24197139999999995
3.5385e-08,0.24208300000000005
3.5387e-08,0.24218609999999996
3.5389e-08,0.24228090000000002
3.5391e-08,0.24236760000000002
3.5393e-08,0.24244640000000006
3.5395e-08,0.2425176
3.5397e-08,0.24258120000000005
3.53985e-08,0.24262420000000007
3.54e-08,0.24266319999999997
3.54002e-08,0.2426687999999999
3.54006e-08,0.24268180000000006
3.54014e-08,0.24271520000000002
3.5403e-08,0.24277720000000003
3.5405e-08,0.2427697000000001
3.5407e-08,0.2425887
3.5409e-08,0.24217750000000005
3.5411e-08,0.24150349999999998
3.5413e-08,0.24054989999999998
3.5415e-08,0.2393107
3.5417e-08,0.23778699999999997
3.5419e-08,0.23598390000000002
3.5421e-08,0.23390979999999995
3.5423e-08,0.23157459999999996
3.5425e-08,0.22898950000000007
3.5427e-08,0.22616609999999993
3.5429e-08,0.22311609999999993
3.5431e-08,0.21985129999999997
3.5433e-08,0.21638349999999995
3.5435e-08,0.21272400000000002
3.5437e-08,0.20888419999999996
3.5439e-08,0.20487489999999997
3.5441e-08,0.2007065
3.5443e-08,0.19638939999999994
3.5445e-08,0.19193349999999998
3.5447e-08,0.18734820000000008
3.5449e-08,0.1826428
3.5451e-08,0.17782640000000005
3.5453e-08,0.1729075
3.5455e-08,0.16789430000000005
3.5457e-08,0.1627949999999999
3.5459e-08,0.15761729999999996
3.5461e-08,0.15236859999999997
3.5463e-08,0.14705629999999992
3.5465e-08,0.141687
3.5467e-08,0.13626760000000004
3.5469e-08,0.1308045000000001
3.5471e-08,0.12530379999999997
3.5473e-08,0.11977159999999998
3.5475e-08,0.11421330000000007
3.5477e-08,0.10863469999999997
3.5479e-08,0.10304080000000004
3.5481e-08,0.09743669999999993
3.5483e-08,0.0918272
3.5485e-08,0.08621699999999999
3.5487e-08,0.08061029999999991
3.5489e-08,0.07501140000000006
3.5491e-08,0.0694243
3.5493e-08,0.06385269999999998
3.5495e-08,0.05830040000000003
3.5497e-08,0.052770799999999896
3.5499e-08,0.0472669
3.5501e-08,0.0417921
3.5503e-08,0.03634920000000008
3.5505e-08,0.030940899999999938
3.5507e-08,0.025569900000000034
3.5509e-08,0.020238499999999937
3.5511e-08,0.014949100000000048
3.5513e-08,0.009704000000000046
3.5515e-08,0.004505000000000092
3.5517e-08,-0.000645899999999977
3.5519e-08,-0.005747099999999894
3.5521e-08,-0.01079680000000005
3.5523e-08,-0.015793599999999963
3.5525e-08,-0.020736099999999924
3.5527e-08,-0.025623000000000062
3.5529e-08,-0.03045310000000001
3.5531e-08,-0.035225299999999904
3.5533e-08,-0.03993879999999994
3.5535e-08,-0.04459259999999998
3.5537e-08,-0.04918610000000001
3.5539e-08,-0.0537183
3.5541e-08,-0.0581889000000001
3.5543e-08,-0.06259720000000002
3.5545e-08,-0.06694279999999997
3.5547e-08,-0.0712254
3.5549e-08,-0.07544459999999997
3.5551e-08,-0.07960009999999995
3.5553e-08,-0.08369199999999999
3.5555e-08,-0.08771989999999996
3.5557e-08,-0.09168379999999998
3.5559e-08,-0.09558390000000005
3.5561e-08,-0.09942000000000006
3.5563e-08,-0.10319239999999996
3.5565e-08,-0.10690119999999992
3.5567e-08,-0.11054640000000004
3.5569e-08,-0.11412849999999997
3.5571e-08,-0.11764759999999996
3.5573e-08,-0.1211042
3.5575e-08,-0.12449840000000001
3.5577e-08,-0.12783069999999996
3.5579e-08,-0.1311015000000001
3.5581e-08,-0.13431110000000002
3.5583e-08,-0.13746029999999998
3.5585e-08,-0.1405491000000001
3.5587e-08,-0.14357850000000005
3.5589e-08,-0.14654859999999992
3.5591e-08,-0.1494603
3.5593e-08,-0.1523139
3.5595e-08,-0.15511010000000003
3.5597e-08,-0.15784949999999998
3.55985e-08,-0.15986699999999998
3.56e-08,-0.16185320000000003
3.56002e-08,-0.16211530000000007
3.56006e-08,-0.16263859999999997
3.56014e-08,-0.16367850000000006
3.5603e-08,-0.16573209999999994
3.5605e-08,-0.16825040000000002
3.5607e-08,-0.1707150999999999
3.5609e-08,-0.17312680000000003
3.5611e-08,-0.17548600000000003
3.5613e-08,-0.17779370000000005
3.5615e-08,-0.1800503
3.5617e-08,-0.18225670000000005
3.5619e-08,-0.18441319999999994
3.5621e-08,-0.18652100000000005
3.5623e-08,-0.18858039999999998
3.5625e-08,-0.19059230000000005
3.5627e-08,-0.1925574
3.5629e-08,-0.19447629999999994
3.5631e-08,-0.1963495999999999
3.5633e-08,-0.19817819999999997
3.5635e-08,-0.19996270000000005
3.5637e-08,-0.20170370000000004
3.5639e-08,-0.20340199999999997
3.5641e-08,-0.20505830000000003
3.5643e-08,-0.2066732
3.5645e-08,-0.20824740000000008
3.5647e-08,-0.20978150000000007
3.5649e-08,-0.21127630000000008
3.5651e-08,-0.2127325
3.5653e-08,-0.21415050000000002
3.5655e-08,-0.21553120000000003
3.5657e-08,-0.2168751
3.5659e-08,-0.21818290000000007
3.5661e-08,-0.21945530000000002
3.5663e-08,-0.22069289999999997
3.5665e-08,-0.2218962
3.5667e-08,-0.22306589999999993
3.5669e-08,-0.22420280000000004
3.5671e-08,-0.2253071000000001
3.5673e-08,-0.22637980000000002
3.5675e-08,-0.2274212
3.5677e-08,-0.22843209999999992
3.5679e-08,-0.22941290000000003
3.5681e-08,-0.23036430000000008
3.5683e-08,-0.23128689999999996
3.5685e-08,-0.23218110000000003
3.5687e-08,-0.23304750000000007
3.5689e-08,-0.23388680000000006
3.5691e-08,-0.23469930000000006
3.5693e-08,-0.23548559999999996
3.5695e-08,-0.23624639999999997
3.5697e-08,-0.23698200000000003
3.5699e-08,-0.2376931
3.5701e-08,-0.23837999999999993
3.5703e-08,-0.2390433999999999
3.5705e-08,-0.2396836
3.5707e-08,-0.2403012
3.5709e-08,-0.24089660000000002
3.5711e-08,-0.24147040000000008
3.5713e-08,-0.2420228000000001
3.5715e-08,-0.24255459999999995
3.5717e-08,-0.24306589999999995
3.5719e-08,-0.24355740000000003
3.5721e-08,-0.24402940000000006
3.5723e-08,-0.2444824
3.5725e-08,-0.2449167
3.5727e-08,-0.24533289999999996
3.5729e-08,-0.24573139999999993
3.5731e-08,-0.24611230000000006
3.5733e-08,-0.24647619999999992
3.5735e-08,-0.24682369999999998
3.5737e-08,-0.24715469999999995
3.5739e-08,-0.24746990000000002
3.5741e-08,-0.24776980000000004
3.5743e-08,-0.2480544
3.5745e-08,-0.2483242
3.5747e-08,-0.24857969999999996
3.5749e-08,-0.24882099999999996
3.5751e-08,-0.24904859999999995
3.5753e-08,-0.2492628
3.5755e-08,-0.24946389999999996
3.5757e-08,-0.24965229999999994
3.5759e-08,-0.2498281
3.5761e-08,-0.249992
3.5763e-08,-0.2501439
3.5765e-08,-0.2502843
3.5767e-08,-0.25041329999999995
3.5769e-08,-0.25053159999999997
3.5771e-08,-0.25063899999999995
3.5773e-08,-0.2507361
3.5775e-08,-0.2508231000000001
3.5777e-08,-0.2509002
3.5779e-08,-0.2509677
3.5781e-08,-0.2510259
3.5783e-08,-0.2510749
3.5785e-08,-0.2511152
3.5787e-08,-0.2511468
3.5789e-08,-0.25117
3.5791e-08,-0.2511852
3.5793e-08,-0.2511924
3.5795e-08,-0.25119199999999997
3.5797e-08,-0.2511841
3.57985e-08,-0.25117350000000005
3.58e-08,-0.2511588
3.58002e-08,-0.2511565
3.58006e-08,-0.2511517999999999
3.58014e-08,-0.2511415
3.5803e-08,-0.25111780000000006
3.5805e-08,-0.2510821999999999
3.5807e-08,-0.2510403
3.5809e-08,-0.250992
3.5811e-08,-0.2509378
3.5813e-08,-0.2508777
3.5815e-08,-0.2508119999999999
3.5817e-08,-0.2507406999999999
3.5819e-08,-0.25066409999999995
3.5821e-08,-0.25058249999999993
3.5823e-08,-0.25049580000000005
3.5825e-08,-0.25040439999999997
3.5827e-08,-0.25030830000000004
3.5829e-08,-0.2502076999999999
3.5831e-08,-0.2501029
3.5833e-08,-0.24999380000000004
3.5835e-08,-0.24988069999999996
3.5837e-08,-0.24976370000000003
3.5839e-08,-0.24964300000000006
3.5841e-08,-0.2495187000000001
3.5843e-08,-0.24939089999999997
3.5845e-08,-0.24925980000000003
3.5847e-08,-0.2491255
3.5849e-08,-0.24898809999999993
3.5851e-08,-0.2488477
3.5853e-08,-0.2487045
3.5855e-08,-0.24855870000000002
3.5857e-08,-0.24841009999999997
3.5859e-08,-0.24825909999999995
3.5861e-08,-0.24810580000000004
3.5863e-08,-0.24795009999999995
3.5865e-08,-0.24779229999999997
3.5867e-08,-0.24763250000000003
3.5869e-08,-0.24747059999999999
3.5871e-08,-0.2473069
3.5873e-08,-0.24714139999999996
3.5875e-08,-0.2469743000000001
3.5877e-08,-0.24680560000000007
3.5879e-08,-0.24663540000000006
3.5881e-08,-0.2464638
3.5883e-08,-0.24629080000000003
3.5885e-08,-0.24611660000000002
3.5887e-08,-0.24594119999999997
3.5889e-08,-0.2457648
3.5891e-08,-0.2455872
3.5893e-08,-0.24540879999999998
3.5895e-08,-0.24522960000000005
3.5897e-08,-0.24504949999999992
3.5899e-08,-0.24486870000000005
3.5901e-08,-0.24468730000000005
3.5903e-08,-0.24450519999999998
3.5905e-08,-0.24432259999999995
3.5907e-08,-0.2441396
3.5909e-08,-0.2439561
3.5911e-08,-0.24377230000000005
3.5913e-08,-0.24358820000000003
3.5915e-08,-0.2434037
3.5917e-08,-0.24321919999999997
3.5919e-08,-0.24303450000000004
3.5921e-08,-0.24284969999999995
3.5923e-08,-0.24266489999999996
3.5925e-08,-0.2424801000000001
3.5927e-08,-0.2422953000000001
3.5929e-08,-0.24211060000000006
3.5931e-08,-0.24192610000000003
3.5933e-08,-0.2417418
3.5935e-08,-0.2415577
3.5937e-08,-0.24137379999999997
3.5939e-08,-0.24119029999999997
3.5941e-08,-0.24100710000000003
3.5943e-08,-0.24082420000000004
3.5945e-08,-0.24064169999999996
3.5947e-08,-0.2404598
3.5949e-08,-0.24027829999999994
3.5951e-08,-0.24009729999999996
3.5953e-08,-0.23991679999999993
3.5955e-08,-0.23973690000000003
3.5957e-08,-0.23955760000000004
3.5959e-08,-0.23937890000000006
3.5961e-08,-0.2392008
3.5963e-08,-0.2390234
3.5965e-08,-0.23884669999999997
3.5967e-08,-0.23867080000000007
3.5969e-08,-0.23849549999999997
3.5971e-08,-0.23832110000000006
3.5973e-08,-0.2381474
3.5975e-08,-0.2379745000000001
3.5977e-08,-0.23780239999999997
3.5979e-08,-0.2376313
3.5981e-08,-0.23746089999999997
3.5983e-08,-0.23729140000000004
3.5985e-08,-0.23712290000000003
3.5987e-08,-0.23695519999999992
3.5989e-08,-0.2367884
3.5991e-08,-0.23662260000000002
3.5993e-08,-0.2364577
3.5995e-08,-0.23629390000000006
3.5997e-08,-0.2361310000000001
3.59985e-08,-0.23600939999999992
3.6e-08,-0.2358884
3.60002e-08,-0.23587230000000003
3.60006e-08,-0.23584019999999994
3.60014e-08,-0.2357760000000001
3.6003e-08,-0.23564810000000003
3.6005e-08,-0.2354893
3.6007e-08,-0.23533139999999997
3.6009e-08,-0.2351746
3.6011e-08,-0.2350186999999999
3.6013e-08,-0.23486390000000001
3.6015e-08,-0.23471029999999993
3.6017e-08,-0.23455769999999998
3.6019e-08,-0.23440609999999995
3.6021e-08,-0.2342556
3.6023e-08,-0.23410619999999993
3.6025e-08,-0.23395789999999994
3.6027e-08,-0.23381069999999993
3.6029e-08,-0.2336646
3.6031e-08,-0.23351959999999994
3.6033e-08,-0.23337560000000002
3.6035e-08,-0.2332327999999999
3.6037e-08,-0.23309120000000005
3.6039e-08,-0.2329506
3.6041e-08,-0.23281109999999994
3.6043e-08,-0.23267269999999995
3.6045e-08,-0.2325355
3.6047e-08,-0.23239929999999998
3.6049e-08,-0.23226429999999998
3.6051e-08,-0.23213039999999996
3.6053e-08,-0.23199759999999991
3.6055e-08,-0.23186589999999996
3.6057e-08,-0.23173529999999998
3.6059e-08,-0.23160590000000003
3.6061e-08,-0.23147759999999995
3.6063e-08,-0.23135040000000007
3.6065e-08,-0.23122429999999994
3.6067e-08,-0.2310993
3.6069e-08,-0.23097540000000005
3.6071e-08,-0.23085259999999996
3.6073e-08,-0.23073089999999996
3.6075e-08,-0.2306102
3.6077e-08,-0.2304908
3.6079e-08,-0.23037239999999992
3.6081e-08,-0.230255
3.6083e-08,-0.23013890000000004
3.6085e-08,-0.2300236
3.6087e-08,-0.22990960000000005
3.6089e-08,-0.22979660000000002
3.6091e-08,-0.22968470000000007
3.6093e-08,-0.22957380000000005
3.6095e-08,-0.22946390000000005
3.6097e-08,-0.22935519999999998
3.6099e-08,-0.22924749999999994
3.6101e-08,-0.22914080000000003
3.6103e-08,-0.22903530000000005
3.6105e-08,-0.22893059999999998
3.6107e-08,-0.22882709999999995
3.6109e-08,-0.2287245
3.6111e-08,-0.22862300000000002
3.6113e-08,-0.22852249999999996
3.6115e-08,-0.22842299999999993
3.6117e-08,-0.2283246
3.6119e-08,-0.22822710000000002
3.6121e-08,-0.22813059999999996
3.6123e-08,-0.22803509999999994
3.6125e-08,-0.2279405
3.6127e-08,-0.22784700000000002
3.6129e-08,-0.22775440000000002
3.6131e-08,-0.22766280000000005
3.6133e-08,-0.22757210000000005
3.6135e-08,-0.22748240000000008
3.6137e-08,-0.22739360000000008
3.6139e-08,-0.2273058
3.6141e-08,-0.22721879999999994
3.6143e-08,-0.22713289999999997
3.6145e-08,-0.22704770000000007
3.6147e-08,-0.22696359999999993
3.6149e-08,-0.22688030000000003
3.6151e-08,-0.22679800000000006
3.6153e-08,-0.22671640000000004
3.6155e-08,-0.22663580000000005
3.6157e-08,-0.22655619999999999
3.6159e-08,-0.2264773
3.6161e-08,-0.22639929999999997
3.6163e-08,-0.22632219999999992
3.6165e-08,-0.2262459
3.6167e-08,-0.22617049999999994
3.6169e-08,-0.22609590000000002
3.6171e-08,-0.2260221
3.6173e-08,-0.2259491
3.6175e-08,-0.225877
3.6177e-08,-0.2258057
3.6179e-08,-0.22573520000000002
3.6181e-08,-0.22566540000000002
3.6183e-08,-0.22559640000000003
3.6185e-08,-0.22552830000000001
3.6187e-08,-0.22546089999999996
3.6189e-08,-0.22539430000000005
3.6191e-08,-0.22532849999999993
3.6193e-08,-0.22526329999999994
3.6195e-08,-0.22519900000000004
3.6197e-08,-0.22513539999999999
3.61985e-08,-0.2250881
3.62e-08,-0.2250413
3.62002e-08,-0.22503510000000004
3.62006e-08,-0.2250226999999999
3.62014e-08,-0.22499800000000003
3.6203e-08,-0.2249489
3.6205e-08,-0.22488819999999998
3.6207e-08,-0.22482819999999992
3.6209e-08,-0.2247688
3.6211e-08,-0.22471030000000003
3.6213e-08,-0.22465230000000003
3.6215e-08,-0.22459510000000005
3.6217e-08,-0.22453860000000003
3.6219e-08,-0.2244826000000001
3.6221e-08,-0.2244273
3.6223e-08,-0.22437280000000004
3.6225e-08,-0.22431879999999993
3.6227e-08,-0.22426560000000006
3.6229e-08,-0.22421290000000005
3.6231e-08,-0.2241609
3.6233e-08,-0.22410949999999996
3.6235e-08,-0.22405869999999994
3.6237e-08,-0.2240086
3.6239e-08,-0.22395900000000002
3.6241e-08,-0.22391000000000005
3.6243e-08,-0.2238616
3.6245e-08,-0.2238138999999999
3.6247e-08,-0.22376669999999999
3.6249e-08,-0.22372000000000003
3.6251e-08,-0.2236739000000001
3.6253e-08,-0.22362840000000006
3.6255e-08,-0.22358350000000005
3.6257e-08,-0.2235391
3.6259e-08,-0.22349529999999995
3.6261e-08,-0.22345190000000004
3.6263e-08,-0.22340920000000009
3.6265e-08,-0.22336699999999998
3.6267e-08,-0.2233252
3.6269e-08,-0.22328409999999999
3.6271e-08,-0.2232434000000001
3.6273e-08,-0.22320320000000005
3.6275e-08,-0.22316349999999996
3.6277e-08,-0.2231244
3.6279e-08,-0.22308570000000005
3.6281e-08,-0.2230473999999999
3.6283e-08,-0.22300969999999998
3.6285e-08,-0.22297239999999996
3.6287e-08,-0.22293569999999996
3.6289e-08,-0.22289940000000008
3.6291e-08,-0.2228635
3.6293e-08,-0.22282809999999997
3.6295e-08,-0.22279309999999997
3.6297e-08,-0.22275860000000003
3.6299e-08,-0.22272459999999994
3.6301e-08,-0.22269089999999991
3.6303e-08,-0.2226576
3.6305e-08,-0.22262490000000001
3.6307e-08,-0.22259250000000008
3.6309e-08,-0.22256049999999994
3.6311e-08,-0.22252899999999998
3.6313e-08,-0.22249779999999997
3.6315e-08,-0.22246709999999992
3.6317e-08,-0.2224368
3.6319e-08,-0.22240680000000002
3.6321e-08,-0.2223773
3.6323e-08,-0.222348
3.6325e-08,-0.2223193
3.6327e-08,-0.2222908
3.6329e-08,-0.22226269999999992
3.6331e-08,-0.22223510000000002
3.6333e-08,-0.2222077
3.6335e-08,-0.2221807
3.6337e-08,-0.2221540999999999
3.6339e-08,-0.2221278
3.6341e-08,-0.22210180000000002
3.6343e-08,-0.22207619999999995
3.6345e-08,-0.222051
3.6347e-08,-0.22202599999999995
3.6349e-08,-0.22200140000000002
3.6351e-08,-0.22197710000000004
3.6353e-08,-0.22195319999999996
3.6355e-08,-0.2219295
3.6357e-08,-0.22190619999999994
3.6359e-08,-0.2218831
3.6361e-08,-0.22186040000000007
3.6363e-08,-0.22183799999999998
3.6365e-08,-0.2218158
3.6367e-08,-0.22179400000000005
3.6369e-08,-0.22177250000000004
3.6371e-08,-0.22175120000000004
3.6373e-08,-0.2217302
3.6375e-08,-0.2217095
3.6377e-08,-0.22168909999999997
3.6379e-08,-0.2216689999999999
3.6381e-08,-0.22164910000000004
3.6383e-08,-0.22162950000000003
3.6385e-08,-0.22161010000000003
3.6387e-08,-0.22159099999999998
3.6389e-08,-0.2215722
3.6391e-08,-0.22155369999999996
3.6393e-08,-0.2215353
3.6395e-08,-0.22151720000000008
3.6397e-08,-0.2214993999999999
3.63985e-08,-0.22148619999999997
3.64e-08,-0.22148180000000006
3.64002e-08,-0.22148290000000004
3.64006e-08,-0.22148620000000008
3.64014e-08,-0.22149419999999997
3.6403e-08,-0.22148559999999995
3.6405e-08,-0.22136369999999994
3.6407e-08,-0.22105049999999993
3.6409e-08,-0.2204986000000001
3.6411e-08,-0.21968089999999996
3.6413e-08,-0.21858480000000002
3.6415e-08,-0.21720689999999998
3.6417e-08,-0.2155496
3.6419e-08,-0.21361960000000002
3.6421e-08,-0.2114258
3.6423e-08,-0.20897869999999996
3.6425e-08,-0.20628960000000007
3.6427e-08,-0.2033703
3.6429e-08,-0.20023269999999993
3.6431e-08,-0.19688859999999997
3.6433e-08,-0.19334969999999996
3.6435e-08,-0.1896274
3.6437e-08,-0.18573280000000003
3.6439e-08,-0.18167679999999997
3.6441e-08,-0.1774698
3.6443e-08,-0.1731218
3.6445e-08,-0.16864290000000004
3.6447e-08,-0.16404220000000003
3.6449e-08,-0.15932920000000006
3.6451e-08,-0.15451249999999994
3.6453e-08,-0.14960059999999997
3.6455e-08,-0.1446016
3.6457e-08,-0.13952369999999992
3.6459e-08,-0.1343742
3.6461e-08,-0.1291605
3.6463e-08,-0.12388969999999999
3.6465e-08,-0.11856849999999997
3.6467e-08,-0.11320359999999996
3.6469e-08,-0.10780100000000004
3.6471e-08,-0.10236689999999993
3.6473e-08,-0.09690700000000008
3.6475e-08,-0.09142669999999997
3.6477e-08,-0.08593150000000005
3.6479e-08,-0.08042640000000001
3.6481e-08,-0.07491599999999998
3.6483e-08,-0.0694053
3.6485e-08,-0.06389850000000008
3.6487e-08,-0.05839990000000006
3.6489e-08,-0.05291329999999994
3.6491e-08,-0.04744280000000001
3.6493e-08,-0.04199190000000008
3.6495e-08,-0.03656400000000004
3.6497e-08,-0.031162500000000093
3.6499e-08,-0.025790199999999985
3.6501e-08,-0.020450199999999974
3.6503e-08,-0.015145300000000028
3.6505e-08,-0.009878000000000053
3.6507e-08,-0.004650700000000008
3.6509e-08,0.0005342000000000402
3.6511e-08,0.0056747000000000325
3.6513e-08,0.010768699999999964
3.6515e-08,0.015814499999999954
3.6517e-08,0.020810099999999943
3.6519e-08,0.025754100000000002
3.6521e-08,0.030644899999999975
3.6523e-08,0.03548129999999994
3.6525e-08,0.04026189999999996
3.6527e-08,0.04498559999999996
3.6529e-08,0.04965140000000001
3.6531e-08,0.05425829999999998
3.6533e-08,0.0588055999999999
3.6535e-08,0.06329229999999997
3.6537e-08,0.0677179
3.6539e-08,0.07208189999999992
3.6541e-08,0.07638349999999994
3.6543e-08,0.08062259999999999
3.6545e-08,0.0847987
3.6547e-08,0.08891159999999998
3.6549e-08,0.09296090000000001
3.6551e-08,0.09694670000000005
3.6553e-08,0.10086879999999998
3.6555e-08,0.10472710000000007
3.6557e-08,0.10852169999999994
3.6559e-08,0.11225259999999992
3.6561e-08,0.11592009999999997
3.6563e-08,0.11952419999999997
3.6565e-08,0.12306499999999998
3.6567e-08,0.12654310000000002
3.6569e-08,0.12995849999999998
3.6571e-08,0.13331170000000003
3.6573e-08,0.13660289999999997
3.6575e-08,0.13983250000000003
3.6577e-08,0.1430011
3.6579e-08,0.14610889999999999
3.6581e-08,0.14915650000000003
3.6583e-08,0.15214450000000002
3.6585e-08,0.15507320000000002
3.6587e-08,0.15794339999999996
3.6589e-08,0.16075529999999993
3.6591e-08,0.16350980000000004
3.6593e-08,0.1662074
3.6595e-08,0.16884860000000002
3.6597e-08,0.17143410000000003
3.65985e-08,0.17333690000000002
3.66e-08,0.17520900000000006
3.66002e-08,0.17545680000000008
3.66006e-08,0.17595320000000003
3.66014e-08,0.1769478
3.6603e-08,0.17890879999999998
3.6605e-08,0.18123109999999998
3.6607e-08,0.18333030000000006
3.6609e-08,0.18514949999999997
3.6611e-08,0.18665659999999995
3.6613e-08,0.18783570000000005
3.6615e-08,0.1886818
3.6617e-08,0.1891969
3.6619e-08,0.1893878
3.6621e-08,0.189264
3.6623e-08,0.18883680000000003
3.6625e-08,0.18811860000000002
3.6627e-08,0.18712189999999995
3.6629e-08,0.18586000000000003
3.6631e-08,0.18434550000000005
3.6633e-08,0.18259119999999995
3.6635e-08,0.18060929999999997
3.6637e-08,0.17841200000000002
3.6639e-08,0.17601089999999997
3.6641e-08,0.1734173
3.6643e-08,0.17064219999999997
3.6645e-08,0.16769580000000006
3.6647e-08,0.16458870000000003
3.6649e-08,0.16133019999999998
3.6651e-08,0.15792989999999996
3.6653e-08,0.154397
3.6655e-08,0.15073999999999999
3.6657e-08,0.14696750000000003
3.6659e-08,0.14308750000000003
3.6661e-08,0.139108
3.6663e-08,0.1350363
3.6665e-08,0.1308798000000001
3.6667e-08,0.12664529999999996
3.6669e-08,0.12233970000000005
3.6671e-08,0.1179694
3.6673e-08,0.11354050000000004
3.6675e-08,0.1090589999999999
3.6677e-08,0.10453069999999998
3.6679e-08,0.09996119999999997
3.6681e-08,0.09535559999999998
3.6683e-08,0.0907192
3.6685e-08,0.08605650000000009
3.6687e-08,0.08137260000000002
3.6689e-08,0.07667170000000001
3.6691e-08,0.07195810000000002
3.6693e-08,0.06723600000000007
3.6695e-08,0.06250919999999993
3.6697e-08,0.05778159999999999
3.6699e-08,0.05305649999999995
3.6701e-08,0.04833759999999998
3.6703e-08,0.04362790000000005
3.6705e-08,0.03893040000000003
3.6707e-08,0.03424830000000001
3.6709e-08,0.02958419999999995
3.6711e-08,0.024940900000000044
3.6713e-08,0.020320600000000022
3.6715e-08,0.015726000000000018
3.6717e-08,0.011159099999999977
3.6719e-08,0.006621899999999958
3.6721e-08,0.002116600000000024
3.6723e-08,-0.002354999999999996
3.6725e-08,-0.006791099999999939
3.6727e-08,-0.011190299999999986
3.6729e-08,-0.015550900000000034
3.6731e-08,-0.01987149999999993
3.6733e-08,-0.024150799999999917
3.6735e-08,-0.02838750000000001
3.6737e-08,-0.03258060000000007
3.6739e-08,-0.03672900000000001
3.6741e-08,-0.040831700000000026
3.6743e-08,-0.04488790000000009
3.6745e-08,-0.04889690000000002
3.6747e-08,-0.05285770000000001
3.6749e-08,-0.05676979999999998
3.6751e-08,-0.060632600000000036
3.6753e-08,-0.06444569999999994
3.6755e-08,-0.06820860000000006
3.6757e-08,-0.07192069999999995
3.6759e-08,-0.07558209999999999
3.6761e-08,-0.07919209999999999
3.6763e-08,-0.08275069999999995
3.6765e-08,-0.08625769999999999
3.6767e-08,-0.08971289999999998
3.6769e-08,-0.09311649999999994
3.6771e-08,-0.09646809999999995
3.6773e-08,-0.09976779999999996
3.6775e-08,-0.10301579999999999
3.6777e-08,-0.10621220000000009
3.6779e-08,-0.10935689999999998
3.6781e-08,-0.11245019999999994
3.6783e-08,-0.11549229999999999
3.6785e-08,-0.11848340000000002
3.6787e-08,-0.12142360000000008
3.6789e-08,-0.12431330000000007
3.6791e-08,-0.1271529
3.6793e-08,-0.1299424
3.6795e-08,-0.13268250000000004
3.6797e-08,-0.1353734000000001
3.67985e-08,-0.13735929999999996
3.68e-08,-0.1393179
3.68002e-08,-0.13957759999999997
3.68006e-08,-0.1400977
3.68014e-08,-0.14114039999999994
3.6803e-08,-0.14320009999999994
3.6805e-08,-0.1456497
3.6807e-08,-0.14787929999999994
3.6809e-08,-0.1498317
3.6811e-08,-0.1514738
3.6813e-08,-0.15278939999999996
3.6815e-08,-0.1537735
3.6817e-08,-0.15442790000000006
3.6819e-08,-0.15475919999999999
3.6821e-08,-0.1547771
3.6823e-08,-0.15449269999999993
3.6825e-08,-0.15391870000000007
3.6827e-08,-0.15306750000000002
3.6829e-08,-0.15195270000000005
3.6831e-08,-0.1505867999999999
3.6833e-08,-0.14898279999999997
3.6835e-08,-0.14715309999999993
3.6837e-08,-0.14510980000000007
3.6839e-08,-0.14286489999999996
3.6841e-08,-0.14042939999999993
3.6843e-08,-0.13781450000000006
3.6845e-08,-0.13503070000000006
3.6847e-08,-0.1320884
3.6849e-08,-0.12899709999999998
3.6851e-08,-0.1257665
3.6853e-08,-0.1224056
3.6855e-08,-0.11892329999999995
3.6857e-08,-0.11532790000000004
3.6859e-08,-0.11162749999999999
3.6861e-08,-0.10783000000000009
3.6863e-08,-0.10394300000000001
3.6865e-08,-0.09997350000000005
3.6867e-08,-0.09592869999999998
3.6869e-08,-0.09181509999999993
3.6871e-08,-0.08763909999999997
3.6873e-08,-0.08340700000000001
3.6875e-08,-0.07912459999999999
3.6877e-08,-0.07479760000000002
3.6879e-08,-0.07043149999999998
3.6881e-08,-0.06603150000000002
3.6883e-08,-0.06160260000000006
3.6885e-08,-0.057149499999999964
3.6887e-08,-0.05267680000000008
3.6889e-08,-0.048189099999999985
3.6891e-08,-0.04369039999999991
3.6893e-08,-0.0391845999999999
3.6895e-08,-0.034675699999999976
3.6897e-08,-0.030167300000000008
3.6899e-08,-0.025662899999999933
3.6901e-08,-0.021165700000000065
3.6903e-08,-0.016678799999999994
3.6905e-08,-0.012205299999999975
3.6907e-08,-0.007747999999999977
3.6909e-08,-0.0033095000000000763
3.6911e-08,0.001107500000000039
3.6913e-08,0.005500799999999972
3.6915e-08,0.009867999999999988
3.6917e-08,0.014207100000000028
3.6919e-08,0.018515999999999977
3.6921e-08,0.022792900000000005
3.6923e-08,0.0270359
3.6925e-08,0.031243600000000038
3.6927e-08,0.035414100000000004
3.6929e-08,0.039546199999999976
3.6931e-08,0.043638399999999966
3.6933e-08,0.047689800000000004
3.6935e-08,0.05169889999999999
3.6937e-08,0.05566470000000001
3.6939e-08,0.05958640000000004
3.6941e-08,0.06346300000000005
3.6943e-08,0.06729370000000001
3.6945e-08,0.07107769999999991
3.6947e-08,0.0748144999999999
3.6949e-08,0.0785034
3.6951e-08,0.0821438000000001
3.6953e-08,0.08573550000000008
3.6955e-08,0.08927799999999997
3.6957e-08,0.09277079999999993
3.6959e-08,0.09621380000000002
3.6961e-08,0.09960670000000005
3.6963e-08,0.10294939999999997
3.6965e-08,0.10624180000000005
3.6967e-08,0.10948349999999996
3.6969e-08,0.11267479999999996
3.6971e-08,0.11581570000000008
3.6973e-08,0.11890599999999996
3.6975e-08,0.12194590000000005
3.6977e-08,0.12493560000000004
3.6979e-08,0.12787500000000007
3.6981e-08,0.1307646
3.6983e-08,0.13360450000000001
3.6985e-08,0.13639489999999999
3.6987e-08,0.13913600000000004
3.6989e-08,0.1418281
3.6991e-08,0.14447150000000009
3.6993e-08,0.1470667
3.6995e-08,0.14961380000000002
3.6997e-08,0.15211340000000007
3.69985e-08,0.15395710000000007
3.7e-08,0.15577420000000008
3.70002e-08,0.15601429999999994
3.70006e-08,0.15649350000000006
3.70014e-08,0.1574464
3.7003e-08,0.15932990000000002
3.7005e-08,0.1616430000000001
3.7007e-08,0.16391080000000002
3.7009e-08,0.16613330000000004
3.7011e-08,0.1683114
3.7013e-08,0.17044530000000002
3.7015e-08,0.17253549999999995
3.7017e-08,0.17458249999999997
3.7019e-08,0.17658680000000004
3.7021e-08,0.17854910000000002
3.7023e-08,0.1804698
3.7025e-08,0.1823492
3.7027e-08,0.18418809999999997
3.7029e-08,0.185987
3.7031e-08,0.18774629999999992
3.7033e-08,0.18946660000000004
3.7035e-08,0.19114829999999994
3.7037e-08,0.19279219999999997
3.7039e-08,0.19439859999999998
3.7041e-08,0.19596819999999993
3.7043e-08,0.1975015
3.7045e-08,0.19899889999999998
3.7047e-08,0.2004612
3.7049e-08,0.20188859999999997
3.7051e-08,0.20328190000000002
3.7053e-08,0.20464150000000003
3.7055e-08,0.20596800000000004
3.7057e-08,0.20726180000000005
3.7059e-08,0.20852360000000003
3.7061e-08,0.2097538
3.7063e-08,0.2109529
3.7065e-08,0.21212149999999996
3.7067e-08,0.21326
3.7069e-08,0.21436909999999998
3.7071e-08,0.2154492
3.7073e-08,0.2165007000000001
3.7075e-08,0.2175243
3.7077e-08,0.2185203
3.7079e-08,0.2194891
3.7081e-08,0.2204315
3.7083e-08,0.22134779999999998
3.7085e-08,0.2222385
3.7087e-08,0.22310399999999997
3.7089e-08,0.2239449
3.7091e-08,0.22476149999999995
3.7093e-08,0.22555439999999993
3.7095e-08,0.22632390000000002
3.7097e-08,0.22707049999999995
3.7099e-08,0.2277946999999999
3.7101e-08,0.2284969
3.7103e-08,0.22917750000000003
3.7105e-08,0.22983699999999996
3.7107e-08,0.2304756
3.7109e-08,0.23109389999999996
3.7111e-08,0.23169229999999996
3.7113e-08,0.2322712
3.7115e-08,0.23283089999999995
3.7117e-08,0.23337180000000002
3.7119e-08,0.2338945
3.7121e-08,0.23439900000000002
3.7123e-08,0.23488589999999998
3.7125e-08,0.23535569999999995
3.7127e-08,0.23580849999999998
3.7129e-08,0.23624480000000003
3.7131e-08,0.23666490000000007
3.7133e-08,0.23706910000000003
3.7135e-08,0.2374579
3.7137e-08,0.23783160000000003
3.7139e-08,0.23819029999999997
3.7141e-08,0.2385347
3.7143e-08,0.23886469999999993
3.7145e-08,0.2391810000000001
3.7147e-08,0.23948370000000008
3.7149e-08,0.23977309999999996
3.7151e-08,0.24004959999999997
3.7153e-08,0.2403134
3.7155e-08,0.24056480000000002
3.7157e-08,0.24080420000000002
3.7159e-08,0.24103180000000002
3.7161e-08,0.24124790000000007
3.7163e-08,0.2414525999999999
3.7165e-08,0.2416465
3.7167e-08,0.24182959999999998
3.7169e-08,0.2420023
3.7171e-08,0.2421647
3.7173e-08,0.2423172
3.7175e-08,0.24246
3.7177e-08,0.2425933
3.7179e-08,0.24271740000000008
3.7181e-08,0.24283239999999995
3.7183e-08,0.2429388
3.7185e-08,0.2430365000000001
3.7187e-08,0.24312580000000006
3.7189e-08,0.2432071
3.7191e-08,0.2432805
3.7193e-08,0.24334620000000007
3.7195e-08,0.24340439999999997
3.7197e-08,0.24345530000000004
3.71985e-08,0.24348879999999995
3.72e-08,0.24351840000000002
3.72002e-08,0.24352200000000002
3.72006e-08,0.24352909999999994
3.72014e-08,0.2435425
3.7203e-08,0.24356619999999995
3.7205e-08,0.24358979999999997
3.7207e-08,0.24360709999999997
3.7209e-08,0.2436182
3.7211e-08,0.24362339999999993
3.7213e-08,0.24362269999999997
3.7215e-08,0.2436163
3.7217e-08,0.2436045
3.7219e-08,0.2435874
3.7221e-08,0.24356500000000003
3.7223e-08,0.24353770000000008
3.7225e-08,0.24350550000000004
3.7227e-08,0.2434685000000001
3.7229e-08,0.24342699999999995
3.7231e-08,0.24338110000000002
3.7233e-08,0.24333090000000002
3.7235e-08,0.2432765
3.7237e-08,0.2432181
3.7239e-08,0.24315589999999998
3.7241e-08,0.24308980000000002
3.7243e-08,0.24302020000000002
3.7245e-08,0.24294700000000002
3.7247e-08,0.2428705
3.7249e-08,0.24279070000000003
3.7251e-08,0.24270769999999997
3.7253e-08,0.2426216
3.7255e-08,0.24253270000000005
3.7257e-08,0.2424408
3.7259e-08,0.24234639999999996
3.7261e-08,0.2422493
3.7263e-08,0.24214959999999996
3.7265e-08,0.24204749999999997
3.7267e-08,0.24194309999999997
3.7269e-08,0.24183659999999996
3.7271e-08,0.24172779999999994
3.7273e-08,0.24161699999999997
3.7275e-08,0.2415043
3.7277e-08,0.24138970000000004
3.7279e-08,0.24127330000000002
3.7281e-08,0.24115510000000007
3.7283e-08,0.2410353999999999
3.7285e-08,0.24091410000000002
3.7287e-08,0.2407914
3.7289e-08,0.24066719999999997
3.7291e-08,0.24054169999999997
3.7293e-08,0.24041500000000005
3.7295e-08,0.24028700000000003
3.7297e-08,0.24015799999999998
3.7299e-08,0.2400278
3.7301e-08,0.23989670000000007
3.7303e-08,0.23976470000000005
3.7305e-08,0.23963179999999995
3.7307e-08,0.239498
3.7309e-08,0.2393636
3.7311e-08,0.23922829999999995
3.7313e-08,0.2390926
3.7315e-08,0.23895620000000006
3.7317e-08,0.2388192
3.7319e-08,0.23868180000000006
3.7321e-08,0.23854389999999992
3.7323e-08,0.23840570000000005
3.7325e-08,0.238267
3.7327e-08,0.23812809999999995
3.7329e-08,0.23798889999999995
3.7331e-08,0.2378496
3.7333e-08,0.2377100000000001
3.7335e-08,0.23757040000000007
3.7337e-08,0.2374305
3.7339e-08,0.23729069999999997
3.7341e-08,0.23715090000000005
3.7343e-08,0.23701099999999997
3.7345e-08,0.2368712999999999
3.7347e-08,0.23673149999999998
3.7349e-08,0.23659189999999997
3.7351e-08,0.23645250000000007
3.7353e-08,0.2363132
3.7355e-08,0.2361742
3.7357e-08,0.2360354
3.7359e-08,0.23589689999999996
3.7361e-08,0.23575860000000004
3.7363e-08,0.23562060000000007
3.7365e-08,0.23548309999999995
3.7367e-08,0.2353459
3.7369e-08,0.23520910000000006
3.7371e-08,0.23507260000000008
3.7373e-08,0.23493659999999994
3.7375e-08,0.23480109999999998
3.7377e-08,0.2346661
3.7379e-08,0.2345315
3.7381e-08,0.2343974000000001
3.7383e-08,0.23426400000000003
3.7385e-08,0.23413099999999998
3.7387e-08,0.2339987
3.7389e-08,0.23386680000000004
3.7391e-08,0.23373560000000004
3.7393e-08,0.2336051
3.7395e-08,0.23347509999999994
3.7397e-08,0.23334579999999994
3.73985e-08,0.2332493
3.74e-08,0.23315300000000005
3.74002e-08,0.2331401999999999
3.74006e-08,0.2331147
3.74014e-08,0.23306359999999993
3.7403e-08,0.23296190000000006
3.7405e-08,0.23283520000000002
3.7407e-08,0.2327093
3.7409e-08,0.23258410000000007
3.7411e-08,0.2324596
3.7413e-08,0.23233590000000004
3.7415e-08,0.23221289999999994
3.7417e-08,0.23209060000000004
3.7419e-08,0.2319692
3.7421e-08,0.2318485
3.7423e-08,0.23172859999999995
3.7425e-08,0.23160940000000008
3.7427e-08,0.231491
3.7429e-08,0.2313735
3.7431e-08,0.2312567000000001
3.7433e-08,0.23114069999999998
3.7435e-08,0.2310255
3.7437e-08,0.23091119999999998
3.7439e-08,0.2307977
3.7441e-08,0.23068500000000003
3.7443e-08,0.23057309999999998
3.7445e-08,0.23046200000000006
3.7447e-08,0.23035170000000005
3.7449e-08,0.23024240000000007
3.7451e-08,0.2301339
3.7453e-08,0.2300261
3.7455e-08,0.22991930000000005
3.7457e-08,0.22981319999999994
3.7459e-08,0.22970800000000002
3.7461e-08,0.22960370000000008
3.7463e-08,0.22950020000000004
3.7465e-08,0.22939749999999992
3.7467e-08,0.2292957
3.7469e-08,0.22919480000000003
3.7471e-08,0.22909469999999998
3.7473e-08,0.22899540000000007
3.7475e-08,0.22889700000000002
3.7477e-08,0.22879930000000004
3.7479e-08,0.2287026000000001
3.7481e-08,0.22860669999999994
3.7483e-08,0.22851160000000004
3.7485e-08,0.22841749999999994
3.7487e-08,0.22832399999999997
3.7489e-08,0.22823139999999997
3.7491e-08,0.2281398
3.7493e-08,0.2280489
3.7495e-08,0.22795880000000002
3.7497e-08,0.2278696
3.7499e-08,0.22778120000000002
3.7501e-08,0.22769360000000005
3.7503e-08,0.2276068
3.7505e-08,0.22752090000000003
3.7507e-08,0.22743570000000002
3.7509e-08,0.22735130000000003
3.7511e-08,0.2272677999999999
3.7513e-08,0.22718500000000008
3.7515e-08,0.2271031
3.7517e-08,0.22702199999999995
3.7519e-08,0.22694159999999997
3.7521e-08,0.22686209999999996
3.7523e-08,0.22678330000000002
3.7525e-08,0.2267053
3.7527e-08,0.2266281
3.7529e-08,0.22655150000000002
3.7531e-08,0.22647589999999995
3.7533e-08,0.22640090000000002
3.7535e-08,0.2263267
3.7537e-08,0.2262533
3.7539e-08,0.2261807
3.7541e-08,0.22610869999999994
3.7543e-08,0.2260375
3.7545e-08,0.22596709999999998
3.7547e-08,0.22589729999999997
3.7549e-08,0.22582839999999993
3.7551e-08,0.22576000000000007
3.7553e-08,0.22569250000000007
3.7555e-08,0.22562559999999998
3.7557e-08,0.2255594999999999
3.7559e-08,0.22549410000000003
3.7561e-08,0.22542930000000005
3.7563e-08,0.2253653000000001
3.7565e-08,0.2253018
3.7567e-08,0.22523919999999997
3.7569e-08,0.22517719999999997
3.7571e-08,0.22511579999999998
3.7573e-08,0.22505509999999995
3.7575e-08,0.2249951
3.7577e-08,0.22493580000000002
3.7579e-08,0.224877
3.7581e-08,0.22481890000000004
3.7583e-08,0.22476149999999995
3.7585e-08,0.22470480000000004
3.7587e-08,0.22464859999999998
3.7589e-08,0.2245931
3.7591e-08,0.22453820000000002
3.7593e-08,0.2244837999999999
3.7595e-08,0.22443020000000002
3.7597e-08,0.2243771
3.75985e-08,0.22433760000000003
3.76e-08,0.22429860000000001
3.76002e-08,0.22429410000000005
3.76006e-08,0.2242871999999999
3.76014e-08,0.22428159999999997
3.7603e-08,0.2242689
3.7605e-08,0.22417370000000003
3.7607e-08,0.2239106999999999
3.7609e-08,0.2234223999999999
3.7611e-08,0.22267590000000004
3.7613e-08,0.22165429999999997
3.7615e-08,0.22035130000000003
3.7617e-08,0.2187677
3.7619e-08,0.21690900000000002
3.7621e-08,0.2147831
3.7623e-08,0.2124003
3.7625e-08,0.20977160000000006
3.7627e-08,0.20690869999999995
3.7629e-08,0.20382330000000004
3.7631e-08,0.20052750000000008
3.7633e-08,0.1970328
3.7635e-08,0.19335080000000004
3.7637e-08,0.18949269999999996
3.7639e-08,0.1854694
3.7641e-08,0.18129149999999994
3.7643e-08,0.17696939999999994
3.7645e-08,0.17251260000000002
3.7647e-08,0.1679311
3.7649e-08,0.16323389999999993
3.7651e-08,0.1584299
3.7653e-08,0.1535278
3.7655e-08,0.148536
3.7657e-08,0.14346219999999998
3.7659e-08,0.1383143
3.7661e-08,0.13309970000000004
3.7663e-08,0.12782559999999998
3.7665e-08,0.12249880000000002
3.7667e-08,0.1171259
3.7669e-08,0.11171319999999996
3.7671e-08,0.10626690000000005
3.7673e-08,0.10079280000000002
3.7675e-08,0.09529659999999995
3.7677e-08,0.08978350000000002
3.7679e-08,0.08425879999999997
3.7681e-08,0.0787274
3.7683e-08,0.07319399999999998
3.7685e-08,0.06766309999999998
3.7687e-08,0.0621389
3.7689e-08,0.056625499999999995
3.7691e-08,0.05112699999999992
3.7693e-08,0.04564670000000004
3.7695e-08,0.04018849999999996
3.7697e-08,0.0347556
3.7699e-08,0.029351000000000016
3.7701e-08,0.02397780000000005
3.7703e-08,0.018638900000000014
3.7705e-08,0.013336799999999926
3.7707e-08,0.008073999999999915
3.7709e-08,0.002852900000000047
3.7711e-08,-0.0023244000000000042
3.7713e-08,-0.007455699999999954
3.7715e-08,-0.012539100000000025
3.7717e-08,-0.01757299999999995
3.7719e-08,-0.02255560000000001
3.7721e-08,-0.027485300000000046
3.7723e-08,-0.032360900000000026
3.7725e-08,-0.03718100000000002
3.7727e-08,-0.04194439999999999
3.7729e-08,-0.04665009999999992
3.7731e-08,-0.05129690000000009
3.7733e-08,-0.05588420000000005
3.7735e-08,-0.06041110000000005
3.7737e-08,-0.0648768999999999
3.7739e-08,-0.06928100000000004
3.7741e-08,-0.07362290000000005
3.7743e-08,-0.07790200000000003
3.7745e-08,-0.08211809999999997
3.7747e-08,-0.08627090000000004
3.7749e-08,-0.09036009999999994
3.7751e-08,-0.09438539999999995
3.7753e-08,-0.09834690000000001
3.7755e-08,-0.10224450000000007
3.7757e-08,-0.10607809999999995
3.7759e-08,-0.10984780000000005
3.7761e-08,-0.11355380000000004
3.7763e-08,-0.11719610000000003
3.7765e-08,-0.12077510000000002
3.7767e-08,-0.12429069999999998
3.7769e-08,-0.1277435
3.7771e-08,-0.13113370000000002
3.7773e-08,-0.13446170000000002
3.7775e-08,-0.1377277
3.7777e-08,-0.1409323
3.7779e-08,-0.1440758000000001
3.7781e-08,-0.14715880000000003
3.7783e-08,-0.15018169999999997
3.7785e-08,-0.1531450000000001
3.7787e-08,-0.15604929999999995
3.7789e-08,-0.15889509999999996
3.7791e-08,-0.16168300000000002
3.7793e-08,-0.16441360000000005
3.7795e-08,-0.16708729999999994
3.7797e-08,-0.16970510000000005
3.77985e-08,-0.17163189999999995
3.78e-08,-0.17352770000000006
3.78002e-08,-0.17377779999999998
3.78006e-08,-0.17427700000000002
3.78014e-08,-0.175269
3.7803e-08,-0.17722710000000008
3.7805e-08,-0.1796268000000001
3.7807e-08,-0.18197359999999996
3.7809e-08,-0.1842682
3.7811e-08,-0.1865112
3.7813e-08,-0.18870339999999997
3.7815e-08,-0.19084540000000005
3.7817e-08,-0.1929379
3.7819e-08,-0.1949816000000001
3.7821e-08,-0.19697730000000002
3.7823e-08,-0.19892549999999998
3.7825e-08,-0.20082709999999993
3.7827e-08,-0.20268260000000005
3.7829e-08,-0.20449289999999998
3.7831e-08,-0.2062584999999999
3.7833e-08,-0.20798020000000006
3.7835e-08,-0.20965880000000003
3.7837e-08,-0.21129469999999995
3.7839e-08,-0.21288889999999994
3.7841e-08,-0.21444180000000002
3.7843e-08,-0.21595429999999993
3.7845e-08,-0.21742689999999998
3.7847e-08,-0.2188605
3.7849e-08,-0.22025549999999994
3.7851e-08,-0.2216127
3.7853e-08,-0.22293280000000004
3.7855e-08,-0.22421639999999998
3.7857e-08,-0.225464
3.7859e-08,-0.2266766
3.7861e-08,-0.2278544
3.7863e-08,-0.22899840000000005
3.7865e-08,-0.230109
3.7867e-08,-0.23118680000000003
3.7869e-08,-0.2322326
3.7871e-08,-0.23324679999999998
3.7873e-08,-0.2342301000000001
3.7875e-08,-0.23518300000000003
3.7877e-08,-0.2361063
3.7879e-08,-0.23700029999999994
3.7881e-08,-0.23786569999999996
3.7883e-08,-0.23870309999999995
3.7885e-08,-0.23951290000000003
3.7887e-08,-0.2402959
3.7889e-08,-0.2410525
3.7891e-08,-0.24178310000000003
3.7893e-08,-0.24248839999999994
3.7895e-08,-0.24316890000000002
3.7897e-08,-0.24382500000000007
3.7899e-08,-0.24445740000000005
3.7901e-08,-0.24506640000000002
3.7903e-08,-0.2456526
3.7905e-08,-0.2462164
3.7907e-08,-0.24675829999999999
3.7909e-08,-0.24727889999999997
3.7911e-08,-0.2477785
3.7913e-08,-0.24825759999999997
3.7915e-08,-0.2487167
3.7917e-08,-0.24915620000000005
3.7919e-08,-0.2495765000000001
3.7921e-08,-0.24997809999999998
3.7923e-08,-0.25036139999999996
3.7925e-08,-0.2507268
3.7927e-08,-0.2510745999999999
3.7929e-08,-0.2514054
3.7931e-08,-0.2517193999999999
3.7933e-08,-0.25201719999999994
3.7935e-08,-0.25229899999999994
3.7937e-08,-0.2525653
3.7939e-08,-0.25281639999999994
3.7941e-08,-0.2530525
3.7943e-08,-0.25327429999999995
3.7945e-08,-0.253482
3.7947e-08,-0.25367589999999995
3.7949e-08,-0.25385630000000003
3.7951e-08,-0.2540236
3.7953e-08,-0.2541782
3.7955e-08,-0.25432029999999994
3.7957e-08,-0.25445019999999996
3.7959e-08,-0.25456840000000003
3.7961e-08,-0.254675
3.7963e-08,-0.25477039999999995
3.7965e-08,-0.2548547000000001
3.7967e-08,-0.25492859999999995
3.7969e-08,-0.254992
3.7971e-08,-0.25504519999999997
3.7973e-08,-0.25508870000000006
3.7975e-08,-0.2551228
3.7977e-08,-0.2551474
3.7979e-08,-0.25516300000000003
3.7981e-08,-0.2551698
3.7983e-08,-0.25516819999999996
3.7985e-08,-0.25515809999999994
3.7987e-08,-0.2551401
3.7989e-08,-0.2551143
3.7991e-08,-0.2550808
3.7993e-08,-0.25503999999999993
3.7995e-08,-0.25499210000000005
3.7997e-08,-0.2549372
3.79985e-08,-0.2548916
3.8e-08,-0.25484229999999997
3.80002e-08,-0.25483540000000005
3.80006e-08,-0.25482150000000003
3.80014e-08,-0.25479299999999994
3.8003e-08,-0.25473290000000004
3.8005e-08,-0.2546524
3.8007e-08,-0.2545659
3.8009e-08,-0.2544737
3.8011e-08,-0.25437600000000005
3.8013e-08,-0.2542729
3.8015e-08,-0.25416459999999996
3.8017e-08,-0.2540513
3.8019e-08,-0.2539331
3.8021e-08,-0.25381030000000004
3.8023e-08,-0.25368310000000005
3.8025e-08,-0.25355150000000004
3.8027e-08,-0.2534156000000001
3.8029e-08,-0.25327579999999994
3.8031e-08,-0.253132
3.8033e-08,-0.2529846
3.8035e-08,-0.2528336
3.8037e-08,-0.252679
3.8039e-08,-0.2525212
3.8041e-08,-0.2523601999999999
3.8043e-08,-0.2521962
3.8045e-08,-0.25202920000000006
3.8047e-08,-0.2518595
3.8049e-08,-0.251687
3.8051e-08,-0.2515121
3.8053e-08,-0.2513347
3.8055e-08,-0.25115490000000007
3.8057e-08,-0.250973
3.8059e-08,-0.25078900000000004
3.8061e-08,-0.250603
3.8063e-08,-0.2504151
3.8065e-08,-0.25022539999999993
3.8067e-08,-0.250034
3.8069e-08,-0.24984109999999993
3.8071e-08,-0.2496465
3.8073e-08,-0.24945070000000003
3.8075e-08,-0.24925350000000002
3.8077e-08,-0.24905500000000003
3.8079e-08,-0.2488555
3.8081e-08,-0.2486549
3.8083e-08,-0.24845320000000004
3.8085e-08,-0.24825070000000005
3.8087e-08,-0.24804740000000003
3.8089e-08,-0.2478433
3.8091e-08,-0.24763849999999998
3.8093e-08,-0.2474331999999999
3.8095e-08,-0.2472272000000001
3.8097e-08,-0.24702079999999993
3.8099e-08,-0.24681399999999998
3.8101e-08,-0.24660680000000001
3.8103e-08,-0.24639940000000005
3.8105e-08,-0.2461917
3.8107e-08,-0.24598390000000003
3.8109e-08,-0.24577590000000005
3.8111e-08,-0.24556790000000006
3.8113e-08,-0.24535989999999996
3.8115e-08,-0.24515200000000004
3.8117e-08,-0.2449441
3.8119e-08,-0.24473630000000002
3.8121e-08,-0.2445288
3.8123e-08,-0.24432159999999992
3.8125e-08,-0.24411459999999996
3.8127e-08,-0.24390789999999996
3.8129e-08,-0.24370160000000007
3.8131e-08,-0.24349580000000004
3.8133e-08,-0.24329029999999996
3.8135e-08,-0.24308530000000006
3.8137e-08,-0.24288089999999996
3.8139e-08,-0.24267699999999992
3.8141e-08,-0.24247379999999996
3.8143e-08,-0.24227110000000007
3.8145e-08,-0.24206909999999993
3.8147e-08,-0.24186779999999997
3.8149e-08,-0.24166719999999997
3.8151e-08,-0.24146730000000005
3.8153e-08,-0.2412683
3.8155e-08,-0.24107
3.8157e-08,-0.24087249999999993
3.8159e-08,-0.24067590000000005
3.8161e-08,-0.24048020000000003
3.8163e-08,-0.24028539999999998
3.8165e-08,-0.24009139999999995
3.8167e-08,-0.23989850000000001
3.8169e-08,-0.2397064
3.8171e-08,-0.23951540000000004
3.8173e-08,-0.23932529999999996
3.8175e-08,-0.23913629999999997
3.8177e-08,-0.2389483
3.8179e-08,-0.2387614
3.8181e-08,-0.2385754000000001
3.8183e-08,-0.2383906
3.8185e-08,-0.2382069
3.8187e-08,-0.23802430000000008
3.8189e-08,-0.23784280000000002
3.8191e-08,-0.2376623
3.8193e-08,-0.2374832
3.8195e-08,-0.23730510000000005
3.8197e-08,-0.2371281999999999
3.81985e-08,-0.2369962
3.82e-08,-0.2368735999999999
3.82002e-08,-0.2368591
3.82006e-08,-0.23683089999999996
3.82014e-08,-0.23677629999999994
3.8203e-08,-0.23664320000000005
3.8205e-08,-0.2363674
3.8207e-08,-0.23590260000000007
3.8209e-08,-0.23520110000000005
3.8211e-08,-0.23423650000000007
3.8213e-08,-0.23299599999999998
3.8215e-08,-0.23147589999999996
3.8217e-08,-0.22967890000000002
3.8219e-08,-0.22761129999999996
3.8221e-08,-0.22528179999999998
3.8223e-08,-0.22270089999999998
3.8225e-08,-0.21987979999999996
3.8227e-08,-0.21682990000000002
3.8229e-08,-0.21356320000000006
3.8231e-08,-0.21009129999999998
3.8233e-08,-0.2064258
3.8235e-08,-0.20257780000000003
3.8237e-08,-0.19855860000000003
3.8239e-08,-0.19437870000000002
3.8241e-08,-0.1900486
3.8243e-08,-0.18557819999999992
3.8245e-08,-0.1809775
3.8247e-08,-0.17625559999999996
3.8249e-08,-0.17142179999999996
3.8251e-08,-0.16648470000000004
3.8253e-08,-0.1614529
3.8255e-08,-0.15633450000000004
3.8257e-08,-0.15113729999999992
3.8259e-08,-0.14586899999999992
3.8261e-08,-0.14053680000000002
3.8263e-08,-0.13514780000000004
3.8265e-08,-0.1297087
3.8267e-08,-0.1242261
3.8269e-08,-0.11870630000000004
3.8271e-08,-0.11315509999999995
3.8273e-08,-0.10757850000000002
3.8275e-08,-0.10198189999999996
3.8277e-08,-0.09637070000000003
3.8279e-08,-0.09074990000000005
3.8281e-08,-0.08512430000000004
3.8283e-08,-0.07949870000000003
3.8285e-08,-0.07387759999999999
3.8287e-08,-0.06826489999999996
3.8289e-08,-0.06266489999999991
3.8291e-08,-0.05708140000000006
3.8293e-08,-0.05151799999999995
3.8295e-08,-0.04597820000000008
3.8297e-08,-0.04046519999999998
3.8299e-08,-0.03498229999999991
3.8301e-08,-0.02953209999999995
3.8303e-08,-0.02411770000000002
3.8305e-08,-0.018741500000000078
3.8307e-08,-0.013406099999999976
3.8309e-08,-0.008113700000000001
3.8311e-08,-0.002866499999999994
3.8313e-08,0.0023334999999999884
3.8315e-08,0.007484399999999947
3.8317e-08,0.012584400000000051
3.8319e-08,0.01763199999999998
3.8321e-08,0.022625600000000023
3.8323e-08,0.027563900000000086
3.8325e-08,0.032445500000000016
3.8327e-08,0.037269499999999955
3.8329e-08,0.04203460000000003
3.8331e-08,0.0467398
3.8333e-08,0.051384499999999944
3.8335e-08,0.05596780000000001
3.8337e-08,0.060489000000000015
3.8339e-08,0.0649476
3.8341e-08,0.06934299999999993
3.8343e-08,0.07367480000000004
3.8345e-08,0.07794270000000003
3.8347e-08,0.08214639999999995
3.8349e-08,0.08628559999999996
3.8351e-08,0.0903602
3.8353e-08,0.09437010000000001
3.8355e-08,0.09831539999999994
3.8357e-08,0.1021959
3.8359e-08,0.1060118000000001
3.8361e-08,0.10976320000000006
3.8363e-08,0.11345019999999995
3.8365e-08,0.1170732000000001
3.8367e-08,0.12063219999999997
3.8369e-08,0.12412769999999995
3.8371e-08,0.1275598
3.8373e-08,0.13092910000000002
3.8375e-08,0.13423589999999996
3.8377e-08,0.13748059999999995
3.8379e-08,0.1406636
3.8381e-08,0.14378559999999996
3.8383e-08,0.14684679999999994
3.8385e-08,0.14984799999999998
3.8387e-08,0.15278950000000002
3.8389e-08,0.15567200000000003
3.8391e-08,0.15849610000000003
3.8393e-08,0.16126229999999997
3.8395e-08,0.16397130000000004
3.8397e-08,0.16662369999999993
3.83985e-08,0.16857620000000006
3.84e-08,0.17049729999999996
3.84002e-08,0.17075090000000004
3.84006e-08,0.1712568
3.84014e-08,0.17226219999999992
3.8403e-08,0.17424689999999998
3.8405e-08,0.17667939999999993
3.8407e-08,0.17905859999999996
3.8409e-08,0.18138509999999997
3.8411e-08,0.18365960000000003
3.8413e-08,0.18588300000000002
3.8415e-08,0.1880556
3.8417e-08,0.19017849999999992
3.8419e-08,0.19225210000000004
3.8421e-08,0.19427720000000004
3.8423e-08,0.19625460000000006
3.8425e-08,0.19818500000000006
3.8427e-08,0.2000689
3.8429e-08,0.2019073
3.8431e-08,0.2037006
3.8433e-08,0.20544969999999996
3.8435e-08,0.20715530000000004
3.8437e-08,0.2088179
3.8439e-08,0.21043849999999997
3.8441e-08,0.21201760000000003
3.8443e-08,0.21355570000000001
3.8445e-08,0.21505390000000002
3.8447e-08,0.21651260000000006
3.8449e-08,0.21793249999999997
3.8451e-08,0.21931430000000007
3.8453e-08,0.2206587000000001
3.8455e-08,0.22196629999999995
3.8457e-08,0.22323779999999993
3.8459e-08,0.22447380000000006
3.8461e-08,0.2256749
3.8463e-08,0.22684179999999998
3.8465e-08,0.22797509999999999
3.8467e-08,0.22907540000000004
3.8469e-08,0.2301434
3.8471e-08,0.23117960000000004
3.8473e-08,0.23218470000000002
3.8475e-08,0.23315910000000006
3.8477e-08,0.23410370000000003
3.8479e-08,0.23501879999999997
3.8481e-08,0.23590509999999998
3.8483e-08,0.23676299999999995
3.8485e-08,0.23759339999999995
3.8487e-08,0.2383965
3.8489e-08,0.23917310000000003
3.8491e-08,0.23992350000000007
3.8493e-08,0.24064829999999993
3.8495e-08,0.24134829999999996
3.8497e-08,0.2420235999999999
3.8499e-08,0.24267490000000003
3.8501e-08,0.24330269999999998
3.8503e-08,0.24390749999999994
3.8505e-08,0.24448979999999998
3.8507e-08,0.24505
3.8509e-08,0.24558859999999993
3.8511e-08,0.2461061
3.8513e-08,0.24660290000000007
3.8515e-08,0.2470795
3.8517e-08,0.2475364000000001
3.8519e-08,0.24797389999999997
3.8521e-08,0.2483924999999999
3.8523e-08,0.24879269999999998
3.8525e-08,0.24917469999999997
3.8527e-08,0.2495391
3.8529e-08,0.24988620000000006
3.8531e-08,0.25021650000000006
3.8533e-08,0.2505303
3.8535e-08,0.25082800000000005
3.8537e-08,0.25111000000000006
3.8539e-08,0.2513766999999999
3.8541e-08,0.2516284000000001
3.8543e-08,0.25186549999999996
3.8545e-08,0.2520884000000001
3.8547e-08,0.2522972
3.8549e-08,0.25249259999999996
3.8551e-08,0.2526746000000001
3.8553e-08,0.2528437
3.8555e-08,0.25300029999999996
3.8557e-08,0.2531447
3.8559e-08,0.253277
3.8561e-08,0.25339750000000005
3.8563e-08,0.2535069
3.8565e-08,0.2536050999999999
3.8567e-08,0.2536925
3.8569e-08,0.25376940000000003
3.8571e-08,0.25383620000000007
3.8573e-08,0.2538929
3.8575e-08,0.25394000000000005
3.8577e-08,0.2539777
3.8579e-08,0.25400620000000007
3.8581e-08,0.25402579999999997
3.8583e-08,0.25403680000000006
3.8585e-08,0.2540393999999999
3.8587e-08,0.2540338000000001
3.8589e-08,0.25402020000000003
3.8591e-08,0.2539988999999999
3.8593e-08,0.25397020000000003
3.8595e-08,0.25393409999999994
3.8597e-08,0.2538910999999999
3.85985e-08,0.2538543
3.86e-08,0.25381370000000003
3.86002e-08,0.25380800000000003
3.86006e-08,0.2537963999999999
3.86014e-08,0.2537726
3.8603e-08,0.25372170000000005
3.8605e-08,0.25365249999999995
3.8607e-08,0.2535773
3.8609e-08,0.25349620000000006
3.8611e-08,0.2534096
3.8613e-08,0.2533174
3.8615e-08,0.25322
3.8617e-08,0.25311739999999994
3.8619e-08,0.25301000000000007
3.8621e-08,0.2528977
3.8623e-08,0.2527809000000001
3.8625e-08,0.25265950000000004
3.8627e-08,0.2525339
3.8629e-08,0.2524042000000001
3.8631e-08,0.25227049999999995
3.8633e-08,0.2521329
3.8635e-08,0.25199170000000004
3.8637e-08,0.25184700000000004
3.8639e-08,0.2516988
3.8641e-08,0.25154730000000003
3.8643e-08,0.2513927
3.8645e-08,0.25123510000000004
3.8647e-08,0.2510745999999999
3.8649e-08,0.2509114
3.8651e-08,0.25074549999999995
3.8653e-08,0.2505771
3.8655e-08,0.2504062
3.8657e-08,0.2502331000000001
3.8659e-08,0.2500578
3.8661e-08,0.2498804
3.8663e-08,0.24970100000000006
3.8665e-08,0.2495197
3.8667e-08,0.24933669999999997
3.8669e-08,0.24915200000000004
3.8671e-08,0.2489657999999999
3.8673e-08,0.24877799999999994
3.8675e-08,0.24858880000000005
3.8677e-08,0.24839829999999996
3.8679e-08,0.24820660000000005
3.8681e-08,0.2480137
3.8683e-08,0.24781980000000003
3.8685e-08,0.24762490000000004
3.8687e-08,0.24742909999999996
3.8689e-08,0.24723249999999997
3.8691e-08,0.247035
3.8693e-08,0.24683689999999991
3.8695e-08,0.24663820000000003
3.8697e-08,0.24643899999999996
3.8699e-08,0.2462392
3.8701e-08,0.24603909999999996
3.8703e-08,0.24583849999999996
3.8705e-08,0.24563769999999996
3.8707e-08,0.2454366
3.8709e-08,0.2452354
3.8711e-08,0.24503399999999997
3.8713e-08,0.2448325
3.8715e-08,0.2446311
3.8717e-08,0.2444295999999999
3.8719e-08,0.24422829999999995
3.8721e-08,0.244027
3.8723e-08,0.24382590000000004
3.8725e-08,0.24362509999999993
3.8727e-08,0.24342439999999999
3.8729e-08,0.2432242
3.8731e-08,0.24302429999999997
3.8733e-08,0.24282460000000006
3.8735e-08,0.24262550000000005
3.8737e-08,0.2424269
3.8739e-08,0.24222860000000002
3.8741e-08,0.242031
3.8743e-08,0.24183390000000005
3.8745e-08,0.2416374
3.8747e-08,0.24144149999999998
3.8749e-08,0.24124630000000002
3.8751e-08,0.24105169999999998
3.8753e-08,0.24085789999999996
3.8755e-08,0.2406648
3.8757e-08,0.24047240000000003
3.8759e-08,0.24028090000000002
3.8761e-08,0.24009019999999992
3.8763e-08,0.23990029999999996
3.8765e-08,0.23971130000000007
3.8767e-08,0.23952319999999994
3.8769e-08,0.23933589999999993
3.8771e-08,0.23914959999999996
3.8773e-08,0.23896430000000002
3.8775e-08,0.23877989999999993
3.8777e-08,0.23859639999999993
3.8779e-08,0.23841390000000007
3.8781e-08,0.23823260000000002
3.8783e-08,0.2380521000000001
3.8785e-08,0.2378728
3.8787e-08,0.23769449999999992
3.8789e-08,0.23751719999999998
3.8791e-08,0.23734109999999997
3.8793e-08,0.237166
3.8795e-08,0.2369920000000001
3.8797e-08,0.23681910000000006
3.87985e-08,0.23669019999999996
3.88e-08,0.23656200000000005
3.88002e-08,0.23654570000000008
3.88006e-08,0.23651490000000008
3.88014e-08,0.2364621
3.8803e-08,0.2363550000000001
3.8805e-08,0.23614289999999993
3.8807e-08,0.23576450000000004
3.8809e-08,0.2351626
3.8811e-08,0.23430410000000002
3.8813e-08,0.23317239999999995
3.8815e-08,0.231761
3.8817e-08,0.23007080000000002
3.8819e-08,0.22810680000000005
3.8821e-08,0.2258774
3.8823e-08,0.22339240000000005
3.8825e-08,0.2206627
3.8827e-08,0.2177
3.8829e-08,0.21451589999999998
3.8831e-08,0.21112220000000004
3.8833e-08,0.2075304
3.8835e-08,0.2037521
3.8837e-08,0.19979829999999998
3.8839e-08,0.19567999999999997
3.8841e-08,0.1914076
3.8843e-08,0.18699120000000002
3.8845e-08,0.1824407
3.8847e-08,0.17776570000000003
3.8849e-08,0.1729754
3.8851e-08,0.16807850000000002
3.8853e-08,0.1630838
3.8855e-08,0.15799949999999996
3.8857e-08,0.15283350000000007
3.8859e-08,0.14759349999999993
3.8861e-08,0.1422869
3.8863e-08,0.13692100000000007
3.8865e-08,0.13150240000000002
3.8867e-08,0.12603799999999998
3.8869e-08,0.12053389999999997
3.8871e-08,0.1149964
3.8873e-08,0.10943119999999995
3.8875e-08,0.10384400000000005
3.8877e-08,0.09824029999999995
3.8879e-08,0.09262510000000002
3.8881e-08,0.0870033
3.8883e-08,0.0813798
3.8885e-08,0.07575900000000002
3.8887e-08,0.07014520000000002
3.8889e-08,0.0645426
3.8891e-08,0.05895499999999998
3.8893e-08,0.05338619999999994
3.8895e-08,0.04783959999999998
3.8897e-08,0.04231870000000004
3.8899e-08,0.03682659999999993
3.8901e-08,0.03136629999999996
3.8903e-08,0.02594070000000004
3.8905e-08,0.020552400000000026
3.8907e-08,0.01520379999999999
3.8909e-08,0.009897500000000004
3.8911e-08,0.004635500000000015
3.8913e-08,-0.0005800000000000249
3.8915e-08,-0.005746999999999947
3.8917e-08,-0.010863900000000037
3.8919e-08,-0.015929000000000082
3.8921e-08,-0.020940599999999976
3.8923e-08,-0.025897500000000018
3.8925e-08,-0.030798199999999998
3.8927e-08,-0.03564160000000005
3.8929e-08,-0.04042660000000009
3.8931e-08,-0.04515209999999992
3.8933e-08,-0.04981729999999995
3.8935e-08,-0.05442150000000001
3.8937e-08,-0.05896389999999996
3.8939e-08,-0.06344369999999999
3.8941e-08,-0.0678607
3.8943e-08,-0.07221440000000001
3.8945e-08,-0.0765039999999999
3.8947e-08,-0.08072979999999996
3.8949e-08,-0.0848911
3.8951e-08,-0.08898790000000001
3.8953e-08,-0.09302010000000005
3.8955e-08,-0.0969875
3.8957e-08,-0.10089029999999999
3.8959e-08,-0.1047285
3.8961e-08,-0.10850209999999993
3.8963e-08,-0.11221130000000001
3.8965e-08,-0.11585630000000002
3.8967e-08,-0.11943740000000003
3.8969e-08,-0.12295479999999992
3.8971e-08,-0.1264088
3.8973e-08,-0.12979989999999997
3.8975e-08,-0.13312819999999992
3.8977e-08,-0.13639440000000003
3.8979e-08,-0.13959880000000002
3.8981e-08,-0.14274179999999992
3.8983e-08,-0.1458241
3.8985e-08,-0.14884600000000003
3.8987e-08,-0.15180819999999995
3.8989e-08,-0.1547111
3.8991e-08,-0.1575554
3.8993e-08,-0.16034159999999997
3.8995e-08,-0.1630705
3.8997e-08,-0.16574250000000001
3.89985e-08,-0.16770950000000007
3.9e-08,-0.1696451
3.90002e-08,-0.1699014000000001
3.90006e-08,-0.17041440000000008
3.90014e-08,-0.1714424
3.9003e-08,-0.17347
3.9005e-08,-0.17587399999999997
3.9007e-08,-0.1780537000000001
3.9009e-08,-0.17995189999999994
3.9011e-08,-0.1815365
3.9013e-08,-0.1827915
3.9015e-08,-0.183712
3.9017e-08,-0.18430029999999997
3.9019e-08,-0.18456280000000003
3.9021e-08,-0.18450919999999993
3.9023e-08,-0.18415099999999995
3.9025e-08,-0.18350030000000006
3.9027e-08,-0.18257020000000002
3.9029e-08,-0.18137349999999997
3.9031e-08,-0.17992320000000006
3.9033e-08,-0.17823200000000006
3.9035e-08,-0.17631229999999998
3.9037e-08,-0.17417610000000006
3.9039e-08,-0.1718352999999999
3.9041e-08,-0.16930120000000004
3.9043e-08,-0.1665844999999999
3.9045e-08,-0.16369599999999995
3.9047e-08,-0.16064559999999994
3.9049e-08,-0.1574434
3.9051e-08,-0.15409859999999997
3.9053e-08,-0.1506204
3.9055e-08,-0.14701759999999997
3.9057e-08,-0.14329860000000005
3.9059e-08,-0.13947150000000008
3.9061e-08,-0.1355442
3.9063e-08,-0.13152419999999998
3.9065e-08,-0.1274187
3.9067e-08,-0.12323479999999998
3.9069e-08,-0.1189791
3.9071e-08,-0.11465809999999999
3.9073e-08,-0.11027819999999999
3.9075e-08,-0.10584510000000003
3.9077e-08,-0.10136469999999997
3.9079e-08,-0.0968424
3.9081e-08,-0.09228360000000002
3.9083e-08,-0.08769349999999998
3.9085e-08,-0.0830767
3.9087e-08,-0.07843800000000001
3.9089e-08,-0.0737817999999999
3.9091e-08,-0.06911259999999997
3.9093e-08,-0.0644342
3.9095e-08,-0.05975079999999999
3.9097e-08,-0.0550659
3.9099e-08,-0.05038319999999996
3.9101e-08,-0.045706000000000024
3.9103e-08,-0.04103760000000001
3.9105e-08,-0.036381099999999944
3.9107e-08,-0.03173939999999997
3.9109e-08,-0.02711510000000006
3.9111e-08,-0.022511199999999953
3.9113e-08,-0.017929799999999996
3.9115e-08,-0.013373499999999927
3.9117e-08,-0.008844500000000033
3.9119e-08,-0.004344899999999985
3.9121e-08,0.0001234999999999431
3.9123e-08,0.004558599999999968
3.9125e-08,0.008958899999999992
3.9127e-08,0.013322500000000015
3.9129e-08,0.017647999999999997
3.9131e-08,0.021934099999999956
3.9133e-08,0.026179300000000016
3.9135e-08,0.03038240000000003
3.9137e-08,0.03454249999999992
3.9139e-08,0.03865820000000009
3.9141e-08,0.042728700000000064
3.9143e-08,0.0467531000000001
3.9145e-08,0.05073070000000002
3.9147e-08,0.054660799999999954
3.9149e-08,0.05854250000000005
3.9151e-08,0.06237560000000009
3.9153e-08,0.06615919999999997
3.9155e-08,0.06989289999999992
3.9157e-08,0.07357659999999999
3.9159e-08,0.0772098
3.9161e-08,0.08079209999999992
3.9163e-08,0.08432339999999994
3.9165e-08,0.08780359999999998
3.9167e-08,0.09123239999999999
3.9169e-08,0.09460990000000002
3.9171e-08,0.09793589999999996
3.9173e-08,0.10121049999999998
3.9175e-08,0.10443379999999991
3.9177e-08,0.10760570000000003
3.9179e-08,0.11072650000000006
3.9181e-08,0.11379620000000001
3.9183e-08,0.116815
3.9185e-08,0.11978319999999998
3.9187e-08,0.12270110000000001
3.9189e-08,0.12556869999999998
3.9191e-08,0.12838660000000002
3.9193e-08,0.13115480000000002
3.9195e-08,0.13387380000000004
3.9197e-08,0.136544
3.91985e-08,0.13851480000000005
3.92e-08,0.14045839999999998
3.92002e-08,0.14071520000000004
3.92006e-08,0.14122800000000002
3.92014e-08,0.14224780000000004
3.9203e-08,0.14426459999999997
3.9205e-08,0.14674330000000002
3.9207e-08,0.14917520000000006
3.9209e-08,0.1515605
3.9211e-08,0.15389989999999998
3.9213e-08,0.15619400000000006
3.9215e-08,0.15844290000000005
3.9217e-08,0.1606474
3.9219e-08,0.16280780000000006
3.9221e-08,0.16492479999999998
3.9223e-08,0.16699870000000006
3.9225e-08,0.1690301999999999
3.9227e-08,0.17101959999999994
3.9229e-08,0.17296770000000006
3.9231e-08,0.1748748
3.9233e-08,0.17674160000000005
3.9235e-08,0.17856859999999997
3.9237e-08,0.18035630000000002
3.9239e-08,0.18210520000000008
3.9241e-08,0.18381579999999997
3.9243e-08,0.18548869999999995
3.9245e-08,0.18712450000000003
3.9247e-08,0.1887238
3.9249e-08,0.19028690000000004
3.9251e-08,0.19181459999999995
3.9253e-08,0.1933072
3.9255e-08,0.1947654000000001
3.9257e-08,0.19618970000000002
3.9259e-08,0.19758049999999994
3.9261e-08,0.19893859999999997
3.9263e-08,0.2002642
3.9265e-08,0.20155809999999996
3.9267e-08,0.20282049999999996
3.9269e-08,0.20405230000000008
3.9271e-08,0.2052539
3.9273e-08,0.20642549999999993
3.9275e-08,0.20756800000000009
3.9277e-08,0.20868170000000008
3.9279e-08,0.2097671000000001
3.9281e-08,0.21082469999999998
3.9283e-08,0.21185509999999996
3.9285e-08,0.21285869999999996
3.9287e-08,0.21383589999999997
3.9289e-08,0.21478730000000001
3.9291e-08,0.21571319999999994
3.9293e-08,0.21661419999999998
3.9295e-08,0.21749069999999993
3.9297e-08,0.21834330000000002
3.9299e-08,0.2191723
3.9301e-08,0.219978
3.9303e-08,0.22076109999999993
3.9305e-08,0.221522
3.9307e-08,0.22226099999999993
3.9309e-08,0.22297850000000008
3.9311e-08,0.22367520000000007
3.9313e-08,0.22435110000000003
3.9315e-08,0.22500679999999995
3.9317e-08,0.22564280000000003
3.9319e-08,0.22625929999999994
3.9321e-08,0.22685680000000008
3.9323e-08,0.22743570000000002
3.9325e-08,0.2279964
3.9327e-08,0.2285391
3.9329e-08,0.22906440000000006
3.9331e-08,0.2295724
3.9333e-08,0.23006359999999992
3.9335e-08,0.23053840000000003
3.9337e-08,0.23099709999999996
3.9339e-08,0.23143999999999998
3.9341e-08,0.2318675
3.9343e-08,0.23227980000000004
3.9345e-08,0.23267729999999998
3.9347e-08,0.2330605
3.9349e-08,0.2334294
3.9351e-08,0.2337845999999999
3.9353e-08,0.2341261
3.9355e-08,0.23445440000000006
3.9357e-08,0.23476980000000003
3.9359e-08,0.2350724999999999
3.9361e-08,0.23536290000000004
3.9363e-08,0.2356412
3.9365e-08,0.23590770000000005
3.9367e-08,0.23616250000000005
3.9369e-08,0.2364062
3.9371e-08,0.23663889999999999
3.9373e-08,0.23686069999999992
3.9375e-08,0.2370721
3.9377e-08,0.23727330000000002
3.9379e-08,0.23746440000000002
3.9381e-08,0.23764569999999996
3.9383e-08,0.23781739999999996
3.9385e-08,0.23798000000000008
3.9387e-08,0.23813339999999994
3.9389e-08,0.238278
3.9391e-08,0.23841390000000007
3.9393e-08,0.23854140000000001
3.9395e-08,0.23866069999999995
3.9397e-08,0.2387720000000001
3.93985e-08,0.23885029999999996
3.94e-08,0.2389331
3.94002e-08,0.23894550000000003
3.94006e-08,0.23897100000000004
3.94014e-08,0.23902289999999993
3.9403e-08,0.23909879999999994
3.9405e-08,0.23907669999999992
3.9407e-08,0.2388578
3.9409e-08,0.23839470000000007
3.9411e-08,0.23766120000000002
3.9413e-08,0.23664450000000004
3.9415e-08,0.23534160000000004
3.9417e-08,0.23375499999999994
3.9419e-08,0.23189140000000008
3.9421e-08,0.2297595
3.9423e-08,0.22737010000000002
3.9425e-08,0.22473430000000005
3.9427e-08,0.2218641
3.9429e-08,0.2187711
3.9431e-08,0.21546710000000002
3.9433e-08,0.2119639000000001
3.9435e-08,0.20827289999999998
3.9437e-08,0.2044051
3.9439e-08,0.20037120000000008
3.9441e-08,0.19618190000000002
3.9443e-08,0.19184710000000005
3.9445e-08,0.18737690000000007
3.9447e-08,0.1827803
3.9449e-08,0.17806679999999997
3.9451e-08,0.1732452
3.9453e-08,0.16832389999999997
3.9455e-08,0.16331109999999993
3.9457e-08,0.1582148000000001
3.9459e-08,0.15304280000000003
3.9461e-08,0.14780210000000005
3.9463e-08,0.1425002999999999
3.9465e-08,0.13714369999999998
3.9467e-08,0.13173920000000006
3.9469e-08,0.1262932
3.9471e-08,0.12081159999999991
3.9473e-08,0.11530030000000002
3.9475e-08,0.10976490000000005
3.9477e-08,0.10421079999999994
3.9479e-08,0.09864309999999998
3.9481e-08,0.09306689999999995
3.9483e-08,0.08748669999999992
3.9485e-08,0.08190719999999996
3.9487e-08,0.07633259999999997
3.9489e-08,0.07076709999999997
3.9491e-08,0.06521460000000001
3.9493e-08,0.05967880000000003
3.9495e-08,0.05416319999999997
3.9497e-08,0.04867129999999997
3.9499e-08,0.04320619999999997
3.9501e-08,0.03777089999999994
3.9503e-08,0.032368300000000017
3.9505e-08,0.027001000000000053
3.9507e-08,0.02167180000000002
3.9509e-08,0.016382699999999972
3.9511e-08,0.011136299999999988
3.9513e-08,0.005934499999999954
3.9515e-08,0.0007793000000000383
3.9517e-08,-0.004327399999999981
3.9519e-08,-0.009383999999999948
3.9521e-08,-0.014388899999999927
3.9523e-08,-0.01934069999999999
3.9525e-08,-0.024237799999999976
3.9527e-08,-0.02907930000000003
3.9529e-08,-0.0338638
3.9531e-08,-0.038590400000000025
3.9533e-08,-0.043258099999999966
3.9535e-08,-0.04786630000000003
3.9537e-08,-0.05241399999999996
3.9539e-08,-0.05690060000000008
3.9541e-08,-0.06132550000000003
3.9543e-08,-0.06568840000000009
3.9545e-08,-0.06998860000000007
3.9547e-08,-0.07422600000000001
3.9549e-08,-0.07840029999999998
3.9551e-08,-0.08251109999999995
3.9553e-08,-0.08655839999999992
3.9555e-08,-0.09054209999999996
3.9557e-08,-0.09446200000000005
3.9559e-08,-0.09831840000000003
3.9561e-08,-0.10211110000000001
3.9563e-08,-0.10584040000000006
3.9565e-08,-0.1095064
3.9567e-08,-0.11310940000000003
3.9569e-08,-0.11664940000000001
3.9571e-08,-0.12012690000000004
3.9573e-08,-0.12354209999999999
3.9575e-08,-0.1268956
3.9577e-08,-0.1301873
3.9579e-08,-0.1334181000000001
3.9581e-08,-0.1365881
3.9583e-08,-0.13969809999999994
3.9585e-08,-0.14274830000000005
3.9587e-08,-0.14573919999999996
3.9589e-08,-0.14867160000000001
3.9591e-08,-0.1515457
3.9593e-08,-0.1543624
3.9595e-08,-0.15712209999999993
3.9597e-08,-0.1598254
3.95985e-08,-0.16181619999999997
3.96e-08,-0.16377589999999997
3.96002e-08,-0.1640353
3.96006e-08,-0.164555
3.96014e-08,-0.16559590000000002
3.9603e-08,-0.16764939999999995
3.9605e-08,-0.17008620000000008
3.9607e-08,-0.1722984999999999
3.9609e-08,-0.17422930000000003
3.9611e-08,-0.1758463
3.9613e-08,-0.17713349999999994
3.9615e-08,-0.17808590000000002
3.9617e-08,-0.17870580000000003
3.9619e-08,-0.17899980000000004
3.9621e-08,-0.1789775
3.9623e-08,-0.17865030000000004
3.9625e-08,-0.17803049999999998
3.9627e-08,-0.17713109999999999
3.9629e-08,-0.17596500000000004
3.9631e-08,-0.17454519999999996
3.9633e-08,-0.17288460000000005
3.9635e-08,-0.17099529999999996
3.9637e-08,-0.16888970000000003
3.9639e-08,-0.16657940000000004
3.9641e-08,-0.1640758
3.9643e-08,-0.16138980000000003
3.9645e-08,-0.158532
3.9647e-08,-0.1555126
3.9649e-08,-0.15234139999999996
3.9651e-08,-0.14902780000000004
3.9653e-08,-0.14558100000000007
3.9655e-08,-0.1420098999999999
3.9657e-08,-0.13832260000000007
3.9659e-08,-0.13452750000000002
3.9661e-08,-0.13063239999999998
3.9663e-08,-0.1266448
3.9665e-08,-0.12257200000000001
3.9667e-08,-0.11842100000000011
3.9669e-08,-0.11419840000000003
3.9671e-08,-0.10991090000000003
3.9673e-08,-0.1055644
3.9675e-08,-0.10116520000000007
3.9677e-08,-0.09671870000000005
3.9679e-08,-0.09223080000000006
3.9681e-08,-0.08770639999999996
3.9683e-08,-0.08315089999999992
3.9685e-08,-0.07856889999999994
3.9687e-08,-0.07396530000000001
3.9689e-08,-0.06934439999999997
3.9691e-08,-0.0647105
3.9693e-08,-0.060067699999999946
3.9695e-08,-0.055419999999999914
3.9697e-08,-0.050770800000000005
3.9699e-08,-0.0461241
3.9701e-08,-0.04148289999999999
3.9703e-08,-0.036850599999999956
3.9705e-08,-0.032230299999999934
3.9707e-08,-0.027624899999999952
3.9709e-08,-0.023036999999999974
3.9711e-08,-0.01846939999999997
3.9713e-08,-0.013924500000000006
3.9715e-08,-0.009404599999999985
3.9717e-08,-0.0049120000000000275
3.9719e-08,-0.00044880000000002696
3.9721e-08,0.003982999999999959
3.9723e-08,0.008381799999999995
3.9725e-08,0.012745600000000024
3.9727e-08,0.017073000000000005
3.9729e-08,0.021362299999999945
3.9731e-08,0.025612199999999974
3.9733e-08,0.02982129999999994
3.9735e-08,0.03398849999999998
3.9737e-08,0.03811259999999994
3.9739e-08,0.042192600000000025
3.9741e-08,0.04622750000000009
3.9743e-08,0.05021639999999994
3.9745e-08,0.054158700000000004
3.9747e-08,0.05805349999999998
3.9749e-08,0.06190019999999996
3.9751e-08,0.06569820000000004
3.9753e-08,0.06944709999999998
3.9755e-08,0.07314639999999994
3.9757e-08,0.07679569999999991
3.9759e-08,0.08039470000000004
3.9761e-08,0.08394309999999994
3.9763e-08,0.08744070000000004
3.9765e-08,0.0908872999999999
3.9767e-08,0.09428289999999995
3.9769e-08,0.09762720000000003
3.9771e-08,0.10092029999999996
3.9773e-08,0.10416229999999993
3.9775e-08,0.10735320000000004
3.9777e-08,0.1104929
3.9779e-08,0.11358170000000001
3.9781e-08,0.11661969999999999
3.9783e-08,0.11960719999999991
3.9785e-08,0.12254419999999999
3.9787e-08,0.12543100000000007
3.9789e-08,0.1282681
3.9791e-08,0.13105540000000004
3.9793e-08,0.1337935
3.9795e-08,0.1364825999999999
3.9797e-08,0.13912310000000006
3.97985e-08,0.14107179999999997
3.98e-08,0.14299339999999994
3.98002e-08,0.14324740000000002
3.98006e-08,0.14375440000000006
3.98014e-08,0.14476260000000007
3.9803e-08,0.14675629999999995
3.9805e-08,0.14920640000000007
3.9807e-08,0.15160980000000002
3.9809e-08,0.15396710000000002
3.9811e-08,0.1562787
3.9813e-08,0.15854520000000005
3.9815e-08,0.1607668
3.9817e-08,0.16294429999999993
3.9819e-08,0.1650779
3.9821e-08,0.1671684
3.9823e-08,0.16921609999999998
3.9825e-08,0.17122150000000003
3.9827e-08,0.17318540000000004
3.9829e-08,0.17510800000000004
3.9831e-08,0.17698990000000003
3.9833e-08,0.17883169999999993
3.9835e-08,0.1806338999999999
3.9837e-08,0.18239709999999998
3.9839e-08,0.18412190000000006
3.9841e-08,0.1858086
3.9843e-08,0.1874578
3.9845e-08,0.18907030000000002
3.9847e-08,0.1906464
3.9849e-08,0.19218650000000004
3.9851e-08,0.19369139999999996
3.9853e-08,0.19516160000000005
3.9855e-08,0.19659760000000004
3.9857e-08,0.19799980000000006
3.9859e-08,0.19936900000000002
3.9861e-08,0.20070549999999998
3.9863e-08,0.20200990000000008
3.9865e-08,0.20328269999999993
3.9867e-08,0.2045245
3.9869e-08,0.2057355999999999
3.9871e-08,0.2069167999999999
3.9873e-08,0.20806829999999998
3.9875e-08,0.2091908
3.9877e-08,0.21028480000000005
3.9879e-08,0.2113507
3.9881e-08,0.21238920000000006
3.9883e-08,0.2134005
3.9885e-08,0.21438519999999994
3.9887e-08,0.21534379999999997
3.9889e-08,0.2162767
3.9891e-08,0.2171845
3.9893e-08,0.21806749999999997
3.9895e-08,0.21892620000000007
3.9897e-08,0.2197612
3.9899e-08,0.22057269999999995
3.9901e-08,0.22136140000000004
3.9903e-08,0.22212750000000003
3.9905e-08,0.22287139999999994
3.9907e-08,0.22359379999999995
3.9909e-08,0.22429490000000007
3.9911e-08,0.2249753
3.9913e-08,0.2256351000000001
3.9915e-08,0.226275
3.9917e-08,0.22689519999999996
3.9919e-08,0.22749619999999993
3.9921e-08,0.22807840000000001
3.9923e-08,0.22864209999999996
3.9925e-08,0.22918780000000005
3.9927e-08,0.22971570000000008
3.9929e-08,0.23022619999999994
3.9931e-08,0.23071980000000003
3.9933e-08,0.23119670000000003
3.9935e-08,0.23165729999999995
3.9937e-08,0.23210199999999992
3.9939e-08,0.2325311
3.9941e-08,0.23294479999999995
3.9943e-08,0.23334370000000004
3.9945e-08,0.2337279
3.9947e-08,0.23409769999999996
3.9949e-08,0.23445360000000004
3.9951e-08,0.23479590000000006
3.9953e-08,0.23512469999999996
3.9955e-08,0.2354404
3.9957e-08,0.23574339999999994
3.9959e-08,0.23603380000000007
3.9961e-08,0.23631199999999997
3.9963e-08,0.2365782999999999
3.9965e-08,0.2368329
3.9967e-08,0.23707600000000006
3.9969e-08,0.2373080999999999
3.9971e-08,0.2375292
3.9973e-08,0.23773980000000006
3.9975e-08,0.23794000000000004
3.9977e-08,0.2381299
3.9979e-08,0.23831009999999997
3.9981e-08,0.2384807
3.9983e-08,0.23864180000000002
3.9985e-08,0.2387937
3.9987e-08,0.2389367
3.9989e-08,0.23907089999999998
3.9991e-08,0.23919670000000004
3.9993e-08,0.23931409999999997
3.9995e-08,0.23942339999999995
3.9997e-08,0.239525
3.99985e-08,0.23959590000000008
4e-08,0.2396627
4.00002e-08,0.23967209999999994
4.00006e-08,0.23969240000000003
4.00014e-08,0.23974059999999997
4.0003e-08,0.23983169999999998
4.0005e-08,0.23986030000000003
4.0007e-08,0.2397146
4.0009e-08,0.2393381
4.0011e-08,0.23869819999999997
4.0013e-08,0.2377779000000001
4.0015e-08,0.2365716
4.0017e-08,0.23507979999999995
4.0019e-08,0.23330819999999997
4.0021e-08,0.2312649
4.0023e-08,0.2289601
4.0025e-08,0.22640490000000002
4.0027e-08,0.22361070000000005
4.0029e-08,0.22058960000000005
4.0031e-08,0.21735329999999997
4.0033e-08,0.21391369999999998
4.0035e-08,0.21028199999999997
4.0037e-08,0.20646959999999992
4.0039e-08,0.20248749999999993
4.0041e-08,0.19834600000000002
4.0043e-08,0.1940556
4.0045e-08,0.18962599999999996
4.0047e-08,0.18506690000000003
4.0049e-08,0.18038750000000003
4.0051e-08,0.1755968
4.0053e-08,0.17070339999999995
4.0055e-08,0.1657156999999999
4.0057e-08,0.16064159999999994
4.0059e-08,0.15548890000000004
4.0061e-08,0.1502652
4.0063e-08,0.14497759999999993
4.0065e-08,0.13963289999999995
4.0067e-08,0.13423799999999997
4.0069e-08,0.1287992
4.0071e-08,0.12332279999999995
4.0073e-08,0.11781450000000004
4.0075e-08,0.11228020000000005
4.0077e-08,0.10672530000000002
4.0079e-08,0.101155
4.0081e-08,0.09557439999999995
4.0083e-08,0.08998819999999996
4.0085e-08,0.0844011
4.0087e-08,0.07881740000000004
4.0089e-08,0.07324140000000001
4.0091e-08,0.06767699999999999
4.0093e-08,0.06212799999999996
4.0095e-08,0.05659800000000004
4.0097e-08,0.05109050000000004
4.0099e-08,0.045608800000000005
4.0101e-08,0.04015590000000002
4.0103e-08,0.03473460000000006
4.0105e-08,0.029347800000000035
4.0107e-08,0.023998100000000022
4.0109e-08,0.01868789999999998
4.0111e-08,0.013419599999999976
4.0113e-08,0.008195199999999958
4.0115e-08,0.0030167000000000943
4.0117e-08,-0.0021138000000000545
4.0119e-08,-0.007194800000000057
4.0121e-08,-0.012224500000000083
4.0123e-08,-0.01720160000000004
4.0125e-08,-0.02212449999999999
4.0127e-08,-0.026992000000000016
4.0129e-08,-0.03180289999999997
4.0131e-08,-0.03655620000000004
4.0133e-08,-0.04125099999999993
4.0135e-08,-0.045886299999999935
4.0137e-08,-0.05046139999999999
4.0139e-08,-0.054975500000000066
4.0141e-08,-0.059428099999999984
4.0143e-08,-0.06381879999999995
4.0145e-08,-0.06814700000000007
4.0147e-08,-0.07241219999999993
4.0149e-08,-0.07661430000000002
4.0151e-08,-0.08075309999999991
4.0153e-08,-0.08482829999999997
4.0155e-08,-0.08883979999999991
4.0157e-08,-0.09278759999999997
4.0159e-08,-0.09667159999999997
4.0161e-08,-0.10049189999999997
4.0163e-08,-0.10424870000000008
4.0165e-08,-0.10794210000000004
4.0167e-08,-0.11157220000000001
4.0169e-08,-0.11513930000000006
4.0171e-08,-0.11864370000000002
4.0173e-08,-0.12208560000000002
4.0175e-08,-0.1254655
4.0177e-08,-0.1287836
4.0179e-08,-0.13204040000000006
4.0181e-08,-0.13523640000000003
4.0183e-08,-0.1383719
4.0185e-08,-0.1414474
4.0187e-08,-0.14446349999999997
4.0189e-08,-0.14742069999999996
4.0191e-08,-0.1503194
4.0193e-08,-0.15316039999999997
4.0195e-08,-0.15594419999999998
4.0197e-08,-0.15867140000000002
4.01985e-08,-0.16067980000000004
4.02e-08,-0.16265699999999994
4.02002e-08,-0.16291790000000006
4.02006e-08,-0.1634388
4.02014e-08,-0.164474
4.0203e-08,-0.1665183
4.0205e-08,-0.16902499999999998
4.0207e-08,-0.17147830000000008
4.0209e-08,-0.17387869999999994
4.0211e-08,-0.17622689999999996
4.0213e-08,-0.17852370000000006
4.0215e-08,-0.18076959999999997
4.0217e-08,-0.1829653
4.0219e-08,-0.18511149999999998
4.0221e-08,-0.1872089
4.0223e-08,-0.18925839999999994
4.0225e-08,-0.19126029999999994
4.0227e-08,-0.1932155000000001
4.0229e-08,-0.19512470000000004
4.0231e-08,-0.1969885
4.0233e-08,-0.19880769999999992
4.0235e-08,-0.20058299999999996
4.0237e-08,-0.20231500000000002
4.0239e-08,-0.20400430000000003
4.0241e-08,-0.2056517
4.0243e-08,-0.20725799999999994
4.0245e-08,-0.20882350000000005
4.0247e-08,-0.21034929999999996
4.0249e-08,-0.21183580000000002
4.0251e-08,-0.21328369999999996
4.0253e-08,-0.2146937
4.0255e-08,-0.21606649999999994
4.0257e-08,-0.2174026
4.0259e-08,-0.21870270000000003
4.0261e-08,-0.21996749999999998
4.0263e-08,-0.2211976
4.0265e-08,-0.22239350000000002
4.0267e-08,-0.22355609999999992
4.0269e-08,-0.2246857000000001
4.0271e-08,-0.22578300000000007
4.0273e-08,-0.22684870000000001
4.0275e-08,-0.2278833
4.0277e-08,-0.22888740000000007
4.0279e-08,-0.2298616
4.0281e-08,-0.23080659999999997
4.0283e-08,-0.23172269999999995
4.0285e-08,-0.2326106
4.0287e-08,-0.23347079999999998
4.0289e-08,-0.2343037
4.0291e-08,-0.2351103
4.0293e-08,-0.2358907
4.0295e-08,-0.2366456
4.0297e-08,-0.23737540000000001
4.0299e-08,-0.23808079999999998
4.0301e-08,-0.23876209999999998
4.0303e-08,-0.23941990000000002
4.0305e-08,-0.24005469999999995
4.0307e-08,-0.24066690000000002
4.0309e-08,-0.24125700000000005
4.0311e-08,-0.24182549999999992
4.0313e-08,-0.24237280000000005
4.0315e-08,-0.24289950000000005
4.0317e-08,-0.2434058
4.0319e-08,-0.2438924
4.0321e-08,-0.2443596
4.0323e-08,-0.24480780000000002
4.0325e-08,-0.24523739999999994
4.0327e-08,-0.24564889999999995
4.0329e-08,-0.2460428
4.0331e-08,-0.24641920000000006
4.0333e-08,-0.24677879999999996
4.0335e-08,-0.2471217
4.0337e-08,-0.24744850000000007
4.0339e-08,-0.24775950000000002
4.0341e-08,-0.24805520000000003
4.0343e-08,-0.2483356
4.0345e-08,-0.24860139999999997
4.0347e-08,-0.2488528000000001
4.0349e-08,-0.24909020000000004
4.0351e-08,-0.24931399999999992
4.0353e-08,-0.24952430000000003
4.0355e-08,-0.2497216
4.0357e-08,-0.24990620000000008
4.0359e-08,-0.2500783999999999
4.0361e-08,-0.2502386
4.0363e-08,-0.25038689999999997
4.0365e-08,-0.25052379999999996
4.0367e-08,-0.2506494
4.0369e-08,-0.25076409999999993
4.0371e-08,-0.25086829999999993
4.0373e-08,-0.250962
4.0375e-08,-0.25104570000000004
4.0377e-08,-0.2511196
4.0379e-08,-0.2511839
4.0381e-08,-0.251239
4.0383e-08,-0.251285
4.0385e-08,-0.2513221
4.0387e-08,-0.2513508000000001
4.0389e-08,-0.25137109999999996
4.0391e-08,-0.2513833
4.0393e-08,-0.2513877
4.0395e-08,-0.25138439999999995
4.0397e-08,-0.25137370000000003
4.03985e-08,-0.25136099999999995
4.04e-08,-0.25134429999999996
4.04002e-08,-0.2513426000000001
4.04006e-08,-0.2513405999999999
4.04014e-08,-0.2513443999999999
4.0403e-08,-0.2513474
4.0405e-08,-0.2512664
4.0407e-08,-0.2510129
4.0409e-08,-0.25053020000000004
4.0411e-08,-0.24978559999999994
4.0413e-08,-0.24876280000000006
4.0415e-08,-0.2474554
4.0417e-08,-0.24586439999999998
4.0419e-08,-0.24399510000000002
4.0421e-08,-0.24185559999999995
4.0423e-08,-0.23945609999999995
4.0425e-08,-0.2368072
4.0427e-08,-0.23392069999999998
4.0429e-08,-0.23080809999999996
4.0431e-08,-0.22748140000000006
4.0433e-08,-0.22395189999999998
4.0435e-08,-0.22023119999999996
4.0437e-08,-0.21633040000000003
4.0439e-08,-0.21226029999999996
4.0441e-08,-0.20803150000000004
4.0443e-08,-0.203654
4.0445e-08,-0.19913770000000008
4.0447e-08,-0.1944922
4.0449e-08,-0.18972659999999997
4.0451e-08,-0.18484999999999996
4.0453e-08,-0.17987070000000005
4.0455e-08,-0.1747972000000001
4.0457e-08,-0.1696377
4.0459e-08,-0.16439949999999992
4.0461e-08,-0.15909030000000002
4.0463e-08,-0.15371730000000006
4.0465e-08,-0.14828739999999996
4.0467e-08,-0.14280720000000002
4.0469e-08,-0.13728320000000005
4.0471e-08,-0.1317216
4.0473e-08,-0.12612820000000002
4.0475e-08,-0.12050890000000003
4.0477e-08,-0.1148692
4.0479e-08,-0.10921409999999998
4.0481e-08,-0.1035488
4.0483e-08,-0.09787809999999997
4.0485e-08,-0.09220660000000003
4.0487e-08,-0.08653880000000003
4.0489e-08,-0.08087869999999997
4.0491e-08,-0.07523060000000004
4.0493e-08,-0.06959800000000005
4.0495e-08,-0.06398480000000006
4.0497e-08,-0.05839430000000001
4.0499e-08,-0.05282980000000004
4.0501e-08,-0.04729450000000002
4.0503e-08,-0.04179120000000003
4.0505e-08,-0.03632279999999999
4.0507e-08,-0.030891900000000083
4.0509e-08,-0.02550079999999999
4.0511e-08,-0.02015200000000006
4.0513e-08,-0.01484759999999996
4.0515e-08,-0.009589700000000034
4.0517e-08,-0.0043800000000000505
4.0519e-08,0.000779500000000044
4.0521e-08,0.005887199999999981
4.0523e-08,0.010941700000000054
4.0525e-08,0.015941499999999942
4.0527e-08,0.020885299999999996
4.0529e-08,0.025772100000000076
4.0531e-08,0.030600599999999978
4.0533e-08,0.035369899999999954
4.0535e-08,0.04007909999999992
4.0537e-08,0.04472750000000003
4.0539e-08,0.04931429999999992
4.0541e-08,0.05383899999999997
4.0543e-08,0.058300999999999936
4.0545e-08,0.06269970000000002
4.0547e-08,0.06703500000000007
4.0549e-08,0.07130650000000005
4.0551e-08,0.07551390000000002
4.0553e-08,0.07965709999999993
4.0555e-08,0.08373579999999992
4.0557e-08,0.08775009999999994
4.0559e-08,0.09170010000000006
4.0561e-08,0.09558559999999994
4.0563e-08,0.09940669999999996
4.0565e-08,0.10316389999999998
4.0567e-08,0.10685710000000004
4.0569e-08,0.11048650000000004
4.0571e-08,0.1140525
4.0573e-08,0.11755529999999992
4.0575e-08,0.12099530000000003
4.0577e-08,0.12437290000000001
4.0579e-08,0.12768849999999998
4.0581e-08,0.13094250000000007
4.0583e-08,0.13413540000000002
4.0585e-08,0.13726760000000005
4.0587e-08,0.14033970000000007
4.0589e-08,0.14335220000000004
4.0591e-08,0.14630560000000004
4.0593e-08,0.14920049999999996
4.0595e-08,0.15203749999999994
4.0597e-08,0.1548172
4.05985e-08,0.15686479999999992
4.06e-08,0.15888049999999998
4.06002e-08,0.15914739999999994
4.06006e-08,0.15968189999999993
4.06014e-08,0.16075240000000002
4.0603e-08,0.16286449999999997
4.0605e-08,0.16537369999999996
4.0607e-08,0.1676573
4.0609e-08,0.16965799999999998
4.0611e-08,0.17134360000000004
4.0613e-08,0.17269809999999997
4.0615e-08,0.17371669999999995
4.0617e-08,0.17440129999999998
4.0619e-08,0.17475889999999994
4.0621e-08,0.17479900000000004
4.0623e-08,0.1745331
4.0625e-08,0.1739735
4.0627e-08,0.17313329999999993
4.0629e-08,0.17202529999999994
4.0631e-08,0.17066270000000006
4.0633e-08,0.1690583
4.0635e-08,0.16722440000000005
4.0637e-08,0.16517330000000008
4.0639e-08,0.16291669999999991
4.0641e-08,0.16046590000000005
4.0643e-08,0.15783219999999998
4.0645e-08,0.1550258
4.0647e-08,0.1520572
4.0649e-08,0.14893610000000002
4.0651e-08,0.14567200000000002
4.0653e-08,0.14227410000000007
4.0655e-08,0.13875110000000002
4.0657e-08,0.13511150000000005
4.0659e-08,0.13136349999999997
4.0661e-08,0.12751500000000004
4.0663e-08,0.1235733
4.0665e-08,0.11954609999999999
4.0667e-08,0.11543999999999999
4.0669e-08,0.11126190000000002
4.0671e-08,0.10701830000000001
4.0673e-08,0.10271529999999995
4.0675e-08,0.09835899999999997
4.0677e-08,0.09395509999999996
4.0679e-08,0.08950920000000007
4.0681e-08,0.08502639999999995
4.0683e-08,0.08051209999999998
4.0685e-08,0.0759708
4.0687e-08,0.07140729999999995
4.0689e-08,0.0668261
4.0691e-08,0.062231499999999995
4.0693e-08,0.0576276
4.0695e-08,0.053018200000000015
4.0697e-08,0.048407100000000036
4.0699e-08,0.04379769999999994
4.0701e-08,0.0391937
4.0703e-08,0.03459800000000002
4.0705e-08,0.03001379999999998
4.0707e-08,0.02544409999999997
4.0709e-08,0.020891499999999952
4.0711e-08,0.01635869999999995
4.0713e-08,0.011848199999999975
4.0715e-08,0.007362199999999985
4.0717e-08,0.0029031999999999947
4.0719e-08,-0.001526999999999945
4.0721e-08,-0.005926300000000051
4.0723e-08,-0.01029279999999999
4.0725e-08,-0.014624900000000052
4.0727e-08,-0.018920999999999966
4.0729e-08,-0.02317939999999996
4.0731e-08,-0.027398900000000004
4.0733e-08,-0.03157789999999994
4.0735e-08,-0.0357154999999999
4.0737e-08,-0.039810400000000024
4.0739e-08,-0.0438617
4.0741e-08,-0.047868299999999975
4.0743e-08,-0.05182929999999997
4.0745e-08,-0.055744000000000016
4.0747e-08,-0.059611700000000045
4.0749e-08,-0.06343179999999993
4.0751e-08,-0.06720360000000003
4.0753e-08,-0.0709265
4.0755e-08,-0.07460040000000001
4.0757e-08,-0.07822460000000009
4.0759e-08,-0.08179880000000006
4.0761e-08,-0.08532300000000004
4.0763e-08,-0.0887966
4.0765e-08,-0.09221980000000007
4.0767e-08,-0.09559209999999996
4.0769e-08,-0.09891360000000005
4.0771e-08,-0.10218440000000006
4.0773e-08,-0.1054042999999999
4.0775e-08,-0.10857340000000004
4.0777e-08,-0.11169180000000001
4.0779e-08,-0.11475970000000002
4.0781e-08,-0.11777699999999991
4.0783e-08,-0.12074419999999997
4.0785e-08,-0.12366119999999992
4.0787e-08,-0.12652839999999999
4.0789e-08,-0.12934610000000002
4.0791e-08,-0.13211450000000002
4.0793e-08,-0.134834
4.0795e-08,-0.13750470000000004
4.0797e-08,-0.1401272
4.07985e-08,-0.14206260000000004
4.08e-08,-0.14397119999999997
4.08002e-08,-0.1442234
4.08006e-08,-0.14472680000000004
4.08014e-08,-0.14572810000000003
4.0803e-08,-0.14770819999999996
4.0805e-08,-0.1501414000000001
4.0807e-08,-0.15252829999999995
4.0809e-08,-0.15486939999999993
4.0811e-08,-0.157165
4.0813e-08,-0.1594158
4.0815e-08,-0.1616221
4.0817e-08,-0.1637843
4.0819e-08,-0.16590319999999992
4.0821e-08,-0.167979
4.0823e-08,-0.1700123
4.0825e-08,-0.17200369999999998
4.0827e-08,-0.17395360000000004
4.0829e-08,-0.17586250000000003
4.0831e-08,-0.17773110000000003
4.0833e-08,-0.17955980000000005
4.0835e-08,-0.1813492
4.0837e-08,-0.18309960000000003
4.0839e-08,-0.18481189999999992
4.0841e-08,-0.18648639999999994
4.0843e-08,-0.18812359999999995
4.0845e-08,-0.18972429999999996
4.0847e-08,-0.19128860000000003
4.0849e-08,-0.19281749999999998
4.0851e-08,-0.19431129999999996
4.0853e-08,-0.1957704
4.0855e-08,-0.19719560000000003
4.0857e-08,-0.1985872999999999
4.0859e-08,-0.19994600000000007
4.0861e-08,-0.2012722
4.0863e-08,-0.20256649999999998
4.0865e-08,-0.2038295
4.0867e-08,-0.2050615
4.0869e-08,-0.20626310000000003
4.0871e-08,-0.20743489999999998
4.0873e-08,-0.20857729999999997
4.0875e-08,-0.20969080000000007
4.0877e-08,-0.21077590000000002
4.0879e-08,-0.21183319999999994
4.0881e-08,-0.2128629999999999
4.0883e-08,-0.213866
4.0885e-08,-0.21484249999999994
4.0887e-08,-0.21579290000000007
4.0889e-08,-0.21671790000000002
4.0891e-08,-0.21761779999999997
4.0893e-08,-0.2184931
4.0895e-08,-0.2193444000000001
4.0897e-08,-0.22017180000000003
4.0899e-08,-0.22097619999999996
4.0901e-08,-0.2217576
4.0903e-08,-0.22251659999999995
4.0905e-08,-0.22325380000000006
4.0907e-08,-0.2239694000000001
4.0909e-08,-0.22466379999999997
4.0911e-08,-0.22533759999999992
4.0913e-08,-0.2259911
4.0915e-08,-0.2266247
4.0917e-08,-0.22723870000000002
4.0919e-08,-0.22783359999999997
4.0921e-08,-0.2284098
4.0923e-08,-0.22896760000000005
4.0925e-08,-0.22950760000000003
4.0927e-08,-0.23002979999999995
4.0929e-08,-0.23053469999999998
4.0931e-08,-0.23102279999999997
4.0933e-08,-0.2314944000000001
4.0935e-08,-0.23194979999999998
4.0937e-08,-0.23238919999999996
4.0939e-08,-0.23281319999999994
4.0941e-08,-0.23322199999999993
4.0943e-08,-0.2336159
4.0945e-08,-0.23399530000000002
4.0947e-08,-0.23436040000000002
4.0949e-08,-0.23471169999999997
4.0951e-08,-0.23504930000000002
4.0953e-08,-0.23537370000000002
4.0955e-08,-0.23568489999999997
4.0957e-08,-0.23598359999999996
4.0959e-08,-0.23626970000000003
4.0961e-08,-0.23654379999999997
4.0963e-08,-0.2368059
4.0965e-08,-0.2370565
4.0967e-08,-0.2372957
4.0969e-08,-0.23752379999999995
4.0971e-08,-0.23774119999999999
4.0973e-08,-0.2379479
4.0975e-08,-0.23814440000000003
4.0977e-08,-0.23833080000000006
4.0979e-08,-0.23850739999999993
4.0981e-08,-0.23867440000000006
4.0983e-08,-0.2388321
4.0985e-08,-0.2389806
4.0987e-08,-0.23912029999999995
4.0989e-08,-0.23925129999999994
4.0991e-08,-0.23937380000000008
4.0993e-08,-0.23948809999999998
4.0995e-08,-0.23959429999999993
4.0997e-08,-0.23969269999999998
4.09985e-08,-0.23976160000000002
4.1e-08,-0.2398262000000001
4.10002e-08,-0.23983509999999997
4.10006e-08,-0.23985489999999998
4.10014e-08,-0.2399019
4.1003e-08,-0.23999079999999995
4.1005e-08,-0.24001640000000002
4.1007e-08,-0.23986810000000003
4.1009e-08,-0.2394889
4.1011e-08,-0.2388462
4.1013e-08,-0.2379234
4.1015e-08,-0.2367146
4.1017e-08,-0.2352204
4.1019e-08,-0.2334463
4.1021e-08,-0.23140079999999996
4.1023e-08,-0.2290936
4.1025e-08,-0.22653610000000002
4.1027e-08,-0.22373980000000004
4.1029e-08,-0.22071649999999998
4.1031e-08,-0.21747819999999995
4.1033e-08,-0.21403640000000002
4.1035e-08,-0.2104028
4.1037e-08,-0.20658830000000006
4.1039e-08,-0.2026042
4.1041e-08,-0.1984608
4.1043e-08,-0.19416840000000002
4.1045e-08,-0.18973699999999993
4.1047e-08,-0.185176
4.1049e-08,-0.18049480000000007
4.1051e-08,-0.17570239999999993
4.1053e-08,-0.17080720000000005
4.1055e-08,-0.16581770000000007
4.1057e-08,-0.1607419
4.1059e-08,-0.15558759999999994
4.1061e-08,-0.15036209999999994
4.1063e-08,-0.14507289999999995
4.1065e-08,-0.13972660000000003
4.1067e-08,-0.1343301
4.1069e-08,-0.1288897
4.1071e-08,-0.12341170000000001
4.1073e-08,-0.1179019
4.1075e-08,-0.11236609999999991
4.1077e-08,-0.10680970000000001
4.1079e-08,-0.1012379000000001
4.1081e-08,-0.09565579999999996
4.1083e-08,-0.09006820000000004
4.1085e-08,-0.08447969999999994
4.1087e-08,-0.07889469999999998
4.1089e-08,-0.07331719999999997
4.1091e-08,-0.06775149999999996
4.1093e-08,-0.062201199999999957
4.1095e-08,-0.05666990000000005
4.1097e-08,-0.05116109999999996
4.1099e-08,-0.045678100000000055
4.1101e-08,-0.04022379999999992
4.1103e-08,-0.034801299999999924
4.1105e-08,-0.029413299999999976
4.1107e-08,-0.024062499999999987
4.1109e-08,-0.018750999999999962
4.1111e-08,-0.013481499999999924
4.1113e-08,-0.008255899999999983
4.1115e-08,-0.003076399999999979
4.1117e-08,0.002055299999999982
4.1119e-08,0.007137300000000013
4.1121e-08,0.012168100000000015
4.1123e-08,0.01714630000000006
4.1125e-08,0.02207020000000004
4.1127e-08,0.026938699999999982
4.1129e-08,0.03175059999999996
4.1131e-08,0.03650500000000001
4.1133e-08,0.04120069999999998
4.1135e-08,0.04583700000000002
4.1137e-08,0.05041300000000004
4.1139e-08,0.054928099999999924
4.1141e-08,0.059381600000000034
4.1143e-08,0.06377310000000003
4.1145e-08,0.0681022
4.1147e-08,0.07236830000000005
4.1149e-08,0.07657130000000001
4.1151e-08,0.08071089999999992
4.1153e-08,0.08478679999999994
4.1155e-08,0.08879919999999997
4.1157e-08,0.09274769999999999
4.1159e-08,0.09663259999999996
4.1161e-08,0.10045370000000009
4.1163e-08,0.10421119999999995
4.1165e-08,0.10790530000000009
4.1167e-08,0.11153619999999997
4.1169e-08,0.11510399999999998
4.1171e-08,0.11860900000000008
4.1173e-08,0.12205160000000004
4.1175e-08,0.1254322
4.1177e-08,0.12875100000000006
4.1179e-08,0.13200829999999997
4.1181e-08,0.13520489999999996
4.1183e-08,0.1383411
4.1185e-08,0.14141720000000002
4.1187e-08,0.1444339
4.1189e-08,0.14739159999999996
4.1191e-08,0.15029099999999995
4.1193e-08,0.15313260000000006
4.1195e-08,0.15591690000000002
4.1197e-08,0.15864449999999997
4.11985e-08,0.16065339999999995
4.12e-08,0.1626308999999999
4.12002e-08,0.1628927
4.12006e-08,0.16341709999999998
4.12014e-08,0.16446739999999993
4.1203e-08,0.1665396
4.1205e-08,0.16899940000000002
4.1207e-08,0.17123450000000007
4.1209e-08,0.1731876000000001
4.1211e-08,0.17482659999999994
4.1213e-08,0.17613539999999994
4.1215e-08,0.17710910000000002
4.1217e-08,0.1777496999999999
4.1219e-08,0.1780642
4.1221e-08,0.1780619
4.1223e-08,0.17775449999999993
4.1225e-08,0.17715409999999998
4.1227e-08,0.17627389999999998
4.1229e-08,0.17512649999999996
4.1231e-08,0.17372520000000002
4.1233e-08,0.17208259999999997
4.1235e-08,0.1702112
4.1237e-08,0.16812320000000003
4.1239e-08,0.1658301000000001
4.1241e-08,0.16334349999999997
4.1243e-08,0.1606742
4.1245e-08,0.15783289999999994
4.1247e-08,0.15482980000000002
4.1249e-08,0.15167450000000005
4.1251e-08,0.14837669999999992
4.1253e-08,0.14494549999999995
4.1255e-08,0.14138949999999995
4.1257e-08,0.13771729999999993
4.1259e-08,0.13393699999999997
4.1261e-08,0.13005650000000002
4.1263e-08,0.1260833
4.1265e-08,0.12202460000000004
4.1267e-08,0.11788749999999992
4.1269e-08,0.11367859999999996
4.1271e-08,0.10940450000000002
4.1273e-08,0.10507140000000004
4.1275e-08,0.10068520000000003
4.1277e-08,0.09625169999999994
4.1279e-08,0.09177630000000003
4.1281e-08,0.08726440000000002
4.1283e-08,0.08272119999999994
4.1285e-08,0.07815130000000003
4.1287e-08,0.0735595
4.1289e-08,0.06895030000000002
4.1291e-08,0.06432780000000005
4.1293e-08,0.05969619999999998
4.1295e-08,0.05505949999999993
4.1297e-08,0.0504213
4.1299e-08,0.04578520000000008
4.1301e-08,0.04115449999999998
4.1303e-08,0.03653250000000008
4.1305e-08,0.03192220000000001
4.1307e-08,0.027326700000000037
4.1309e-08,0.02274849999999995
4.1311e-08,0.01819039999999994
4.1313e-08,0.013654900000000025
4.1315e-08,0.009144199999999936
4.1317e-08,0.004660600000000015
4.1319e-08,0.00020609999999998685
4.1321e-08,-0.004217199999999921
4.1323e-08,-0.008607400000000043
4.1325e-08,-0.012963100000000005
4.1327e-08,-0.01728239999999992
4.1329e-08,-0.021563699999999963
4.1331e-08,-0.025805900000000048
4.1333e-08,-0.030007499999999965
4.1335e-08,-0.0341672999999999
4.1337e-08,-0.03828410000000004
4.1339e-08,-0.04235700000000009
4.1341e-08,-0.04638500000000001
4.1343e-08,-0.050367199999999945
4.1345e-08,-0.054302799999999984
4.1347e-08,-0.0581912
4.1349e-08,-0.062031599999999965
4.1351e-08,-0.06582349999999992
4.1353e-08,-0.06956649999999998
4.1355e-08,-0.07325979999999999
4.1357e-08,-0.07690339999999996
4.1359e-08,-0.08049680000000003
4.1361e-08,-0.0840398
4.1363e-08,-0.0875321
4.1365e-08,-0.09097359999999999
4.1367e-08,-0.09436409999999995
4.1369e-08,-0.09770349999999994
4.1371e-08,-0.10099190000000002
4.1373e-08,-0.10422929999999997
4.1375e-08,-0.1074155
4.1377e-08,-0.11055090000000001
4.1379e-08,-0.1136355
4.1381e-08,-0.11666929999999998
4.1383e-08,-0.11965269999999995
4.1385e-08,-0.12258570000000002
4.1387e-08,-0.1254687
4.1389e-08,-0.12830200000000003
4.1391e-08,-0.13108580000000003
4.1393e-08,-0.1338203
4.1395e-08,-0.13650600000000002
4.1397e-08,-0.13914320000000002
4.13985e-08,-0.14108940000000003
4.14e-08,-0.14300880000000005
4.14002e-08,-0.14326319999999992
4.14006e-08,-0.14377279999999992
4.14014e-08,-0.1447948
4.1403e-08,-0.14681339999999998
4.1405e-08,-0.14921220000000002
4.1407e-08,-0.15139210000000003
4.1409e-08,-0.15329540000000008
4.1411e-08,-0.1548895
4.1413e-08,-0.15615800000000002
4.1415e-08,-0.1570958
4.1417e-08,-0.15770479999999998
4.1419e-08,-0.1579916
4.1421e-08,-0.1579657
4.1423e-08,-0.15763859999999996
4.1425e-08,-0.15702229999999995
4.1427e-08,-0.15612989999999993
4.1429e-08,-0.1549743
4.1431e-08,-0.15356840000000005
4.1433e-08,-0.15192490000000003
4.1435e-08,-0.15005650000000004
4.1437e-08,-0.14797509999999992
4.1439e-08,-0.14569240000000006
4.1441e-08,-0.14321989999999996
4.1443e-08,-0.14056840000000004
4.1445e-08,-0.1377486
4.1447e-08,-0.13477050000000002
4.1449e-08,-0.13164409999999993
4.1451e-08,-0.12837880000000002
4.1453e-08,-0.12498359999999997
4.1455e-08,-0.12146729999999994
4.1457e-08,-0.1178383999999999
4.1459e-08,-0.11410489999999995
4.1461e-08,-0.11027470000000006
4.1463e-08,-0.10635530000000004
4.1465e-08,-0.10235380000000005
4.1467e-08,-0.09827720000000006
4.1469e-08,-0.0941322
4.1471e-08,-0.08992520000000004
4.1473e-08,-0.08566230000000008
4.1475e-08,-0.08134949999999996
4.1477e-08,-0.07699240000000007
4.1479e-08,-0.07259650000000006
4.1481e-08,-0.06816699999999998
4.1483e-08,-0.06370880000000001
4.1485e-08,-0.05922690000000008
4.1487e-08,-0.05472569999999999
4.1489e-08,-0.050209599999999965
4.1491e-08,-0.04568289999999997
4.1493e-08,-0.0411494
4.1495e-08,-0.036613099999999954
4.1497e-08,-0.03207760000000004
4.1499e-08,-0.027546199999999965
4.1501e-08,-0.0230224
4.1503e-08,-0.01850940000000001
4.1505e-08,-0.014009899999999909
4.1507e-08,-0.009526900000000005
4.1509e-08,-0.005063099999999987
4.1511e-08,-0.0006209000000000353
4.1513e-08,0.003797200000000056
4.1515e-08,0.008189000000000002
4.1517e-08,0.012552400000000019
4.1519e-08,0.016885299999999992
4.1521e-08,0.02118589999999998
4.1523e-08,0.025452299999999983
4.1525e-08,0.029682899999999957
4.1527e-08,0.03387640000000003
4.1529e-08,0.03803090000000009
4.1531e-08,0.042145600000000005
4.1533e-08,0.046218800000000004
4.1535e-08,0.05024969999999995
4.1537e-08,0.05423690000000003
4.1539e-08,0.058179800000000004
4.1541e-08,0.062077200000000055
4.1543e-08,0.06592850000000006
4.1545e-08,0.06973299999999993
4.1547e-08,0.07348979999999994
4.1549e-08,0.0771984
4.1551e-08,0.08085849999999994
4.1553e-08,0.08446949999999998
4.1555e-08,0.08803090000000002
4.1557e-08,0.09154249999999997
4.1559e-08,0.09500399999999998
4.1561e-08,0.09841509999999998
4.1563e-08,0.10177579999999997
4.1565e-08,0.10508570000000006
4.1567e-08,0.10834500000000002
4.1569e-08,0.11155349999999997
4.1571e-08,0.11471129999999996
4.1573e-08,0.11781830000000004
4.1575e-08,0.1208747
4.1577e-08,0.12388060000000001
4.1579e-08,0.12683619999999995
4.1581e-08,0.12974149999999995
4.1583e-08,0.13259679999999996
4.1585e-08,0.13540249999999998
4.1587e-08,0.13815869999999997
4.1589e-08,0.14086560000000004
4.1591e-08,0.14352370000000003
4.1593e-08,0.14613319999999996
4.1595e-08,0.1486946
4.1597e-08,0.15120820000000001
4.15985e-08,0.15306220000000004
4.16e-08,0.15488960000000007
4.16002e-08,0.15513169999999998
4.16006e-08,0.155617
4.16014e-08,0.1565902
4.1603e-08,0.15851189999999993
4.1605e-08,0.1607904
4.1607e-08,0.1628514000000001
4.1609e-08,0.16463739999999993
4.1611e-08,0.16611569999999998
4.1613e-08,0.16727019999999992
4.1615e-08,0.16809569999999996
4.1617e-08,0.16859410000000008
4.1619e-08,0.16877179999999992
4.1621e-08,0.16863839999999997
4.1623e-08,0.16820519999999994
4.1625e-08,0.16748430000000003
4.1627e-08,0.1664886
4.1629e-08,0.16523089999999996
4.1631e-08,0.1637242
4.1633e-08,0.1619811
4.1635e-08,0.16001389999999993
4.1637e-08,0.15783479999999994
4.1639e-08,0.15545529999999996
4.1641e-08,0.1528868
4.1643e-08,0.15014020000000006
4.1645e-08,0.14722599999999997
4.1647e-08,0.1441542
4.1649e-08,0.14093469999999997
4.1651e-08,0.13757699999999995
4.1653e-08,0.13408989999999998
4.1655e-08,0.1304822000000001
4.1657e-08,0.1267625
4.1659e-08,0.12293869999999996
4.1661e-08,0.11901859999999997
4.1663e-08,0.11500959999999993
4.1665e-08,0.11091909999999994
4.1667e-08,0.10675400000000002
4.1669e-08,0.10252069999999991
4.1671e-08,0.09822590000000009
4.1673e-08,0.09387559999999995
4.1675e-08,0.08947570000000005
4.1677e-08,0.085032
4.1679e-08,0.08054989999999995
4.1681e-08,0.0760345
4.1683e-08,0.07149090000000002
4.1685e-08,0.06692390000000004
4.1687e-08,0.062337899999999946
4.1689e-08,0.0577375
4.1691e-08,0.05312689999999998
4.1693e-08,0.0485101
4.1695e-08,0.04389080000000001
4.1697e-08,0.03927270000000005
4.1699e-08,0.03465930000000006
4.1701e-08,0.030053899999999967
4.1703e-08,0.025459700000000085
4.1705e-08,0.020879599999999998
4.1707e-08,0.01631640000000001
4.1709e-08,0.011772900000000086
4.1711e-08,0.007251600000000025
4.1713e-08,0.0027549000000000046
4.1715e-08,-0.0017148999999999637
4.1717e-08,-0.006155699999999986
4.1719e-08,-0.010565500000000005
4.1721e-08,-0.014942400000000022
4.1723e-08,-0.019284699999999932
4.1725e-08,-0.023590600000000017
4.1727e-08,-0.027858500000000008
4.1729e-08,-0.032087099999999924
4.1731e-08,-0.036274999999999946
4.1733e-08,-0.04042099999999993
4.1735e-08,-0.04452389999999995
4.1737e-08,-0.04858270000000009
4.1739e-08,-0.05259630000000004
4.1741e-08,-0.0565639
4.1743e-08,-0.060484800000000005
4.1745e-08,-0.06435789999999997
4.1747e-08,-0.068183
4.1749e-08,-0.0719592
4.1751e-08,-0.07568610000000009
4.1753e-08,-0.07936319999999997
4.1755e-08,-0.08299009999999996
4.1757e-08,-0.08656660000000005
4.1759e-08,-0.09009220000000007
4.1761e-08,-0.0935667
4.1763e-08,-0.09699020000000003
4.1765e-08,-0.10036219999999996
4.1767e-08,-0.10368290000000002
4.1769e-08,-0.1069521
4.1771e-08,-0.11016989999999993
4.1773e-08,-0.11333629999999995
4.1775e-08,-0.11645139999999998
4.1777e-08,-0.11951540000000005
4.1779e-08,-0.12252830000000003
4.1781e-08,-0.12549030000000005
4.1783e-08,-0.12840169999999995
4.1785e-08,-0.13126270000000007
4.1787e-08,-0.13407360000000001
4.1789e-08,-0.13683459999999992
4.1791e-08,-0.1395461
4.1793e-08,-0.14220829999999995
4.1795e-08,-0.1448218
4.1797e-08,-0.14738679999999993
4.17985e-08,-0.1492789
4.18e-08,-0.15114419999999995
4.18002e-08,-0.15139060000000004
4.18006e-08,-0.15188259999999998
4.18014e-08,-0.15286069999999996
4.1803e-08,-0.15479449999999995
4.1805e-08,-0.15716980000000003
4.1807e-08,-0.15949880000000005
4.1809e-08,-0.16178190000000003
4.1811e-08,-0.16401959999999993
4.1813e-08,-0.16621229999999998
4.1815e-08,-0.16836059999999997
4.1817e-08,-0.17046510000000004
4.1819e-08,-0.17252599999999996
4.1821e-08,-0.17454409999999998
4.1823e-08,-0.1765198
4.1825e-08,-0.17845349999999993
4.1827e-08,-0.180346
4.1829e-08,-0.18219770000000002
4.1831e-08,-0.1840092000000001
4.1833e-08,-0.18578090000000003
4.1835e-08,-0.18751340000000005
4.1837e-08,-0.18920740000000003
4.1839e-08,-0.1908632
4.1841e-08,-0.19248160000000003
4.1843e-08,-0.19406290000000004
4.1845e-08,-0.19560770000000005
4.1847e-08,-0.19711659999999998
4.1849e-08,-0.19859019999999994
4.1851e-08,-0.200029
4.1853e-08,-0.20143339999999998
4.1855e-08,-0.20280410000000004
4.1857e-08,-0.20414160000000003
4.1859e-08,-0.20544640000000003
4.1861e-08,-0.20671899999999999
4.1863e-08,-0.20796000000000003
4.1865e-08,-0.20916990000000002
4.1867e-08,-0.21034920000000001
4.1869e-08,-0.21149849999999992
4.1871e-08,-0.21261810000000003
4.1873e-08,-0.21370870000000008
4.1875e-08,-0.21477069999999998
4.1877e-08,-0.2158047999999999
4.1879e-08,-0.21681119999999998
4.1881e-08,-0.21779059999999995
4.1883e-08,-0.21874329999999997
4.1885e-08,-0.21967000000000003
4.1887e-08,-0.22057100000000007
4.1889e-08,-0.22144679999999994
4.1891e-08,-0.22229790000000005
4.1893e-08,-0.2231248
4.1895e-08,-0.22392789999999996
4.1897e-08,-0.22470769999999995
4.1899e-08,-0.22546449999999996
4.1901e-08,-0.22619889999999998
4.1903e-08,-0.22691129999999993
4.1905e-08,-0.22760200000000008
4.1907e-08,-0.22827160000000002
4.1909e-08,-0.22892040000000002
4.1911e-08,-0.2295488
4.1913e-08,-0.2301573
4.1915e-08,-0.23074640000000002
4.1917e-08,-0.23131610000000002
4.1919e-08,-0.23186720000000005
4.1921e-08,-0.23239980000000005
4.1923e-08,-0.23291450000000002
4.1925e-08,-0.2334115
4.1927e-08,-0.23389130000000002
4.1929e-08,-0.23435420000000007
4.1931e-08,-0.23480049999999997
4.1933e-08,-0.23523059999999996
4.1935e-08,-0.2356448
4.1937e-08,-0.23604360000000002
4.1939e-08,-0.23642719999999995
4.1941e-08,-0.23679589999999995
4.1943e-08,-0.23715030000000004
4.1945e-08,-0.23749030000000004
4.1947e-08,-0.23781639999999993
4.1949e-08,-0.23812900000000004
4.1951e-08,-0.23842830000000004
4.1953e-08,-0.23871470000000006
4.1955e-08,-0.2389884
4.1957e-08,-0.2392497
4.1959e-08,-0.23949890000000007
4.1961e-08,-0.2397362999999999
4.1963e-08,-0.23996220000000001
4.1965e-08,-0.24017679999999997
4.1967e-08,-0.24038040000000005
4.1969e-08,-0.24057320000000004
4.1971e-08,-0.24075560000000007
4.1973e-08,-0.24092779999999991
4.1975e-08,-0.24108990000000008
4.1977e-08,-0.24124239999999997
4.1979e-08,-0.24138530000000002
4.1981e-08,-0.24151899999999993
4.1983e-08,-0.24164370000000002
4.1985e-08,-0.24175950000000002
4.1987e-08,-0.24186680000000005
4.1989e-08,-0.24196569999999995
4.1991e-08,-0.2420565
4.1993e-08,-0.24213929999999995
4.1995e-08,-0.24221439999999994
4.1997e-08,-0.242282
4.19985e-08,-0.24232789999999993
4.2e-08,-0.24236970000000002
4.20002e-08,-0.24237580000000003
4.20006e-08,-0.24238939999999998
4.20014e-08,-0.2424244000000001
4.2003e-08,-0.24248939999999997
4.2005e-08,-0.24248550000000002
4.2007e-08,-0.24230820000000008
4.2009e-08,-0.2419005999999999
4.2011e-08,-0.2412301
4.2013e-08,-0.2402799
4.2015e-08,-0.23904420000000004
4.2017e-08,-0.2375237
4.2019e-08,-0.23572379999999993
4.2021e-08,-0.23365290000000005
4.2023e-08,-0.23132089999999994
4.2025e-08,-0.2287387999999999
4.2027e-08,-0.22591830000000002
4.2029e-08,-0.2228713
4.2031e-08,-0.2196093
4.2033e-08,-0.21614440000000001
4.2035e-08,-0.2124877999999999
4.2037e-08,-0.20865079999999991
4.2039e-08,-0.20464420000000005
4.2041e-08,-0.2004785
4.2043e-08,-0.19616409999999995
4.2045e-08,-0.19171090000000002
4.2047e-08,-0.18712819999999997
4.2049e-08,-0.1824254999999999
4.2051e-08,-0.17761170000000004
4.2053e-08,-0.17269519999999994
4.2055e-08,-0.1676846999999999
4.2057e-08,-0.1625878999999999
4.2059e-08,-0.15741270000000007
4.2061e-08,-0.15216659999999993
4.2063e-08,-0.1468566
4.2065e-08,-0.1414898
4.2067e-08,-0.13607289999999994
4.2069e-08,-0.13061219999999996
4.2071e-08,-0.12511399999999995
4.2073e-08,-0.11958409999999997
4.2075e-08,-0.11402819999999991
4.2077e-08,-0.10845199999999999
4.2079e-08,-0.10286040000000007
4.2081e-08,-0.09725860000000008
4.2083e-08,-0.0916515
4.2085e-08,-0.08604350000000005
4.2087e-08,-0.08043909999999999
4.2089e-08,-0.07484239999999998
4.2091e-08,-0.06925759999999992
4.2093e-08,-0.06368829999999992
4.2095e-08,-0.05813820000000003
4.2097e-08,-0.05261060000000006
4.2099e-08,-0.04710900000000007
4.2101e-08,-0.04163629999999996
4.2103e-08,-0.03619550000000005
4.2105e-08,-0.030789400000000078
4.2107e-08,-0.025420499999999957
4.2109e-08,-0.02009110000000003
4.2111e-08,-0.014803899999999981
4.2113e-08,-0.009560699999999978
4.2115e-08,-0.004363799999999918
4.2117e-08,0.0007852000000000414
4.2119e-08,0.005884400000000012
4.2121e-08,0.0109321
4.2123e-08,0.015927099999999972
4.2125e-08,0.02086750000000004
4.2127e-08,0.025752600000000014
4.2129e-08,0.030580799999999964
4.2131e-08,0.035351299999999974
4.2133e-08,0.04006300000000007
4.2135e-08,0.04471499999999995
4.2137e-08,0.04930659999999998
4.2139e-08,0.05383720000000003
4.2141e-08,0.05830590000000002
4.2143e-08,0.06271249999999995
4.2145e-08,0.06705649999999996
4.2147e-08,0.0713374
4.2149e-08,0.07555489999999998
4.2151e-08,0.07970880000000002
4.2153e-08,0.08379900000000007
4.2155e-08,0.0878253
4.2157e-08,0.09178779999999997
4.2159e-08,0.0956863
4.2161e-08,0.09952090000000002
4.2163e-08,0.10329179999999993
4.2165e-08,0.10699900000000007
4.2167e-08,0.11064289999999999
4.2169e-08,0.11422350000000003
4.2171e-08,0.11774130000000005
4.2173e-08,0.12119630000000003
4.2175e-08,0.12458919999999996
4.2177e-08,0.12792009999999998
4.2179e-08,0.13118960000000002
4.2181e-08,0.1343979999999999
4.2183e-08,0.1375457
4.2185e-08,0.14063329999999996
4.2187e-08,0.1436613
4.2189e-08,0.1466303
4.2191e-08,0.14954069999999997
4.2193e-08,0.1523932
4.2195e-08,0.15518809999999994
4.2197e-08,0.15792629999999996
4.21985e-08,0.15994299999999995
4.22e-08,0.16192829999999991
4.22002e-08,0.16219109999999992
4.22006e-08,0.16271750000000007
4.22014e-08,0.16377200000000003
4.2203e-08,0.1658522
4.2205e-08,0.16832199999999997
4.2207e-08,0.1705667999999999
4.2209e-08,0.1725295
4.2211e-08,0.1741779
4.2213e-08,0.17549579999999998
4.2215e-08,0.17647849999999998
4.2217e-08,0.17712799999999995
4.2219e-08,0.17745109999999997
4.2221e-08,0.17745730000000004
4.2223e-08,0.17715809999999999
4.2225e-08,0.17656590000000005
4.2227e-08,0.1756935999999999
4.2229e-08,0.17455410000000005
4.2231e-08,0.1731604
4.2233e-08,0.17152539999999994
4.2235e-08,0.16966150000000002
4.2237e-08,0.16758070000000003
4.2239e-08,0.16529490000000002
4.2241e-08,0.1628153
4.2243e-08,0.160153
4.2245e-08,0.15731870000000003
4.2247e-08,0.15432220000000008
4.2249e-08,0.15117369999999997
4.2251e-08,0.1478826000000001
4.2253e-08,0.14445780000000008
4.2255e-08,0.1409083
4.2257e-08,0.13724249999999993
4.2259e-08,0.1334685
4.2261e-08,0.1295942
4.2263e-08,0.12562719999999994
4.2265e-08,0.12157459999999998
4.2267e-08,0.11744340000000009
4.2269e-08,0.11324050000000008
4.2271e-08,0.10897239999999997
4.2273e-08,0.10464499999999999
4.2275e-08,0.10026460000000004
4.2277e-08,0.09583679999999994
4.2279e-08,0.09136710000000003
4.2281e-08,0.08686080000000007
4.2283e-08,0.08232309999999998
4.2285e-08,0.07775869999999996
4.2287e-08,0.07317229999999997
4.2289e-08,0.06856839999999997
4.2291e-08,0.06395129999999993
4.2293e-08,0.05932499999999996
4.2295e-08,0.0546934
4.2297e-08,0.050060399999999894
4.2299e-08,0.045429300000000006
4.2301e-08,0.0408037
4.2303e-08,0.036186700000000016
4.2305e-08,0.03158139999999998
4.2307e-08,0.026990699999999923
4.2309e-08,0.022417400000000032
4.2311e-08,0.01786399999999999
4.2313e-08,0.013333200000000045
4.2315e-08,0.008827199999999924
4.2317e-08,0.004348099999999966
4.2319e-08,-0.00010180000000004075
4.2321e-08,-0.004520599999999986
4.2323e-08,-0.008906499999999928
4.2325e-08,-0.013257700000000039
4.2327e-08,-0.01757259999999994
4.2329e-08,-0.021849699999999972
4.2331e-08,-0.026087700000000047
4.2333e-08,-0.030285000000000006
4.2335e-08,-0.03444069999999999
4.2337e-08,-0.03855349999999991
4.2339e-08,-0.0426223
4.2341e-08,-0.04664639999999998
4.2343e-08,-0.05062470000000008
4.2345e-08,-0.05455650000000001
4.2347e-08,-0.058440999999999965
4.2349e-08,-0.06227759999999993
4.2351e-08,-0.06606590000000001
4.2353e-08,-0.06980510000000006
4.2355e-08,-0.07349499999999998
4.2357e-08,-0.07713499999999995
4.2359e-08,-0.0807249000000001
4.2361e-08,-0.08426440000000002
4.2363e-08,-0.08775319999999998
4.2365e-08,-0.09119140000000003
4.2367e-08,-0.09457859999999996
4.2369e-08,-0.09791479999999997
4.2371e-08,-0.10119990000000001
4.2373e-08,-0.10443409999999997
4.2375e-08,-0.10761719999999997
4.2377e-08,-0.11074949999999995
4.2379e-08,-0.11383110000000007
4.2381e-08,-0.11686180000000002
4.2383e-08,-0.11984229999999996
4.2385e-08,-0.1227724
4.2387e-08,-0.12565270000000006
4.2389e-08,-0.128483
4.2391e-08,-0.1312641000000001
4.2393e-08,-0.13399589999999995
4.2395e-08,-0.1366788000000001
4.2397e-08,-0.13931340000000003
4.23985e-08,-0.14125770000000004
4.24e-08,-0.1431751
4.24002e-08,-0.14342849999999996
4.24006e-08,-0.14393429999999996
4.24014e-08,-0.14494010000000002
4.2403e-08,-0.14692950000000005
4.2405e-08,-0.14937410000000007
4.2407e-08,-0.15177220000000002
4.2409e-08,-0.1541243
4.2411e-08,-0.15643090000000004
4.2413e-08,-0.15869240000000007
4.2415e-08,-0.16090930000000003
4.2417e-08,-0.16308200000000006
4.2419e-08,-0.165211
4.2421e-08,-0.16729700000000003
4.2423e-08,-0.16934020000000005
4.2425e-08,-0.1713414000000001
4.2427e-08,-0.17330099999999993
4.2429e-08,-0.17521960000000003
4.2431e-08,-0.17709760000000008
4.2433e-08,-0.17893550000000003
4.2435e-08,-0.18073399999999995
4.2437e-08,-0.1824935000000001
4.2439e-08,-0.1842146
4.2441e-08,-0.1858978
4.2443e-08,-0.18754369999999998
4.2445e-08,-0.1891528
4.2447e-08,-0.1907255
4.2449e-08,-0.19226260000000006
4.2451e-08,-0.19376439999999995
4.2453e-08,-0.19523159999999995
4.2455e-08,-0.19666459999999997
4.2457e-08,-0.19806410000000008
4.2459e-08,-0.1994304
4.2461e-08,-0.2007641
4.2463e-08,-0.20206599999999997
4.2465e-08,-0.2033360999999999
4.2467e-08,-0.20457539999999996
4.2469e-08,-0.20578419999999997
4.2471e-08,-0.20696289999999995
4.2473e-08,-0.20811210000000002
4.2475e-08,-0.20923239999999999
4.2477e-08,-0.21032420000000007
4.2479e-08,-0.21138809999999997
4.2481e-08,-0.21242440000000007
4.2483e-08,-0.21343369999999995
4.2485e-08,-0.2144165
4.2487e-08,-0.21537319999999993
4.2489e-08,-0.2163043
4.2491e-08,-0.21721020000000002
4.2493e-08,-0.2180915
4.2495e-08,-0.21894859999999994
4.2497e-08,-0.21978180000000003
4.2499e-08,-0.2205918
4.2501e-08,-0.2213788
4.2503e-08,-0.2221434
4.2505e-08,-0.22288589999999997
4.2507e-08,-0.22360690000000005
4.2509e-08,-0.22430660000000002
4.2511e-08,-0.2249856
4.2513e-08,-0.2256440999999999
4.2515e-08,-0.22628269999999995
4.2517e-08,-0.22690169999999998
4.2519e-08,-0.22750159999999997
4.2521e-08,-0.2280825999999999
4.2523e-08,-0.2286452
4.2525e-08,-0.22918970000000005
4.2527e-08,-0.22971659999999994
4.2529e-08,-0.23022620000000005
4.2531e-08,-0.23071870000000005
4.2533e-08,-0.23119469999999998
4.2535e-08,-0.23165439999999993
4.2537e-08,-0.23209819999999992
4.2539e-08,-0.23252640000000002
4.2541e-08,-0.23293940000000002
4.2543e-08,-0.23333740000000003
4.2545e-08,-0.23372079999999995
4.2547e-08,-0.23408989999999996
4.2549e-08,-0.23444510000000007
4.2551e-08,-0.23478670000000001
4.2553e-08,-0.2351147
4.2555e-08,-0.23542989999999997
4.2557e-08,-0.23573220000000006
4.2559e-08,-0.23602200000000007
4.2561e-08,-0.23629959999999994
4.2563e-08,-0.2365653000000001
4.2565e-08,-0.23681929999999995
4.2567e-08,-0.237062
4.2569e-08,-0.23729350000000005
4.2571e-08,-0.2375142
4.2573e-08,-0.23772420000000005
4.2575e-08,-0.23792400000000002
4.2577e-08,-0.23811360000000004
4.2579e-08,-0.2382934
4.2581e-08,-0.23846350000000005
4.2583e-08,-0.23862419999999995
4.2585e-08,-0.23877579999999998
4.2587e-08,-0.23891849999999992
4.2589e-08,-0.23905240000000005
4.2591e-08,-0.2391778
4.2593e-08,-0.23929489999999998
4.2595e-08,-0.23940399999999995
4.2597e-08,-0.23950519999999997
4.25985e-08,-0.23957610000000007
4.26e-08,-0.2396427
4.26002e-08,-0.2396513
4.26006e-08,-0.2396682
4.26014e-08,-0.2397011
4.2603e-08,-0.23976359999999997
4.2605e-08,-0.23983529999999997
4.2607e-08,-0.23990010000000006
4.2609e-08,-0.2399582
4.2611e-08,-0.24000980000000005
4.2613e-08,-0.24005500000000002
4.2615e-08,-0.24009400000000003
4.2617e-08,-0.24012699999999998
4.2619e-08,-0.24015410000000004
4.2621e-08,-0.24017559999999993
4.2623e-08,-0.24019159999999995
4.2625e-08,-0.24020220000000003
4.2627e-08,-0.24020750000000002
4.2629e-08,-0.24020789999999992
4.2631e-08,-0.2402033
4.2633e-08,-0.24019389999999996
4.2635e-08,-0.2401799
4.2637e-08,-0.24016139999999997
4.2639e-08,-0.24013859999999998
4.2641e-08,-0.24011149999999992
4.2643e-08,-0.24008039999999997
4.2645e-08,-0.24004530000000002
4.2647e-08,-0.24000619999999995
4.2649e-08,-0.23996359999999994
4.2651e-08,-0.2399173
4.2653e-08,-0.2398675
4.2655e-08,-0.23981449999999993
4.2657e-08,-0.23975810000000009
4.2659e-08,-0.23969849999999993
4.2661e-08,-0.23963599999999996
4.2663e-08,-0.23957059999999997
4.2665e-08,-0.23950230000000006
4.2667e-08,-0.2394312999999999
4.2669e-08,-0.23935759999999995
4.2671e-08,-0.23928139999999998
4.2673e-08,-0.23920280000000005
4.2675e-08,-0.2391217000000001
4.2677e-08,-0.2390386
4.2679e-08,-0.23895309999999992
4.2681e-08,-0.23886570000000007
4.2683e-08,-0.2387762
4.2685e-08,-0.23868479999999992
4.2687e-08,-0.23859150000000007
4.2689e-08,-0.2384965
4.2691e-08,-0.2383999
4.2693e-08,-0.23830150000000005
4.2695e-08,-0.23820169999999996
4.2697e-08,-0.23810050000000005
4.2699e-08,-0.23799769999999998
4.2701e-08,-0.23789369999999999
4.2703e-08,-0.23778850000000007
4.2705e-08,-0.2376819
4.2707e-08,-0.23757430000000002
4.2709e-08,-0.23746559999999994
4.2711e-08,-0.23735590000000006
4.2713e-08,-0.2372451000000001
4.2715e-08,-0.23713360000000006
4.2717e-08,-0.23702120000000004
4.2719e-08,-0.23690789999999995
4.2721e-08,-0.2367939
4.2723e-08,-0.23667929999999993
4.2725e-08,-0.236564
4.2727e-08,-0.23644810000000005
4.2729e-08,-0.23633159999999998
4.2731e-08,-0.2362147
4.2733e-08,-0.2360974
4.2735e-08,-0.2359795
4.2737e-08,-0.23586130000000005
4.2739e-08,-0.23574280000000003
4.2741e-08,-0.23562399999999994
4.2743e-08,-0.23550499999999996
4.2745e-08,-0.23538569999999992
4.2747e-08,-0.23526619999999998
4.2749e-08,-0.23514669999999993
4.2751e-08,-0.23502699999999999
4.2753e-08,-0.23490730000000004
4.2755e-08,-0.2347874000000001
4.2757e-08,-0.2346676000000001
4.2759e-08,-0.23454779999999997
4.2761e-08,-0.23442810000000003
4.2763e-08,-0.23430839999999997
4.2765e-08,-0.23418889999999992
4.2767e-08,-0.23406949999999993
4.2769e-08,-0.2339502
4.2771e-08,-0.23383110000000007
4.2773e-08,-0.23371229999999998
4.2775e-08,-0.23359370000000002
4.2777e-08,-0.23347529999999994
4.2779e-08,-0.2333573
4.2781e-08,-0.2332394000000001
4.2783e-08,-0.2331219
4.2785e-08,-0.2330048
4.2787e-08,-0.23288810000000004
4.2789e-08,-0.23277170000000003
4.2791e-08,-0.2326556999999999
4.2793e-08,-0.23254019999999997
4.2795e-08,-0.23242509999999994
4.2797e-08,-0.23231040000000003
4.27985e-08,-0.23222470000000006
4.28e-08,-0.23213930000000005
4.28002e-08,-0.23212790000000005
4.28006e-08,-0.23210510000000006
4.28014e-08,-0.23205969999999998
4.2803e-08,-0.23196910000000004
4.2805e-08,-0.23185640000000007
4.2807e-08,-0.23174420000000007
4.2809e-08,-0.23163260000000008
4.2811e-08,-0.2315214
4.2813e-08,-0.23141080000000003
4.2815e-08,-0.23130070000000003
4.2817e-08,-0.23119140000000005
4.2819e-08,-0.23108249999999997
4.2821e-08,-0.23097420000000002
4.2823e-08,-0.23086660000000003
4.2825e-08,-0.23075960000000006
4.2827e-08,-0.2306532
4.2829e-08,-0.23054750000000002
4.2831e-08,-0.2304423
4.2833e-08,-0.23033789999999998
4.2835e-08,-0.23023399999999994
4.2837e-08,-0.23013079999999997
4.2839e-08,-0.23002830000000007
4.2841e-08,-0.22992659999999998
4.2843e-08,-0.22982539999999996
4.2845e-08,-0.2297248999999999
4.2847e-08,-0.22962519999999997
4.2849e-08,-0.2295262
4.2851e-08,-0.2294277
4.2853e-08,-0.22933009999999998
4.2855e-08,-0.22923320000000003
4.2857e-08,-0.22913689999999998
4.2859e-08,-0.2290413
4.2861e-08,-0.2289464
4.2863e-08,-0.22885240000000007
4.2865e-08,-0.2287589
4.2867e-08,-0.2286663
4.2869e-08,-0.2285743
4.2871e-08,-0.228483
4.2873e-08,-0.2283925
4.2875e-08,-0.22830269999999997
4.2877e-08,-0.22821370000000007
4.2879e-08,-0.2281253000000001
4.2881e-08,-0.2280377
4.2883e-08,-0.2279508
4.2885e-08,-0.22786459999999997
4.2887e-08,-0.22777919999999996
4.2889e-08,-0.22769450000000002
4.2891e-08,-0.22761050000000005
4.2893e-08,-0.22752720000000004
4.2895e-08,-0.22744469999999994
4.2897e-08,-0.22736279999999998
4.2899e-08,-0.2272818000000001
4.2901e-08,-0.2272014
4.2903e-08,-0.22712169999999998
4.2905e-08,-0.2270428
4.2907e-08,-0.2269645
4.2909e-08,-0.22688699999999995
4.2911e-08,-0.22681019999999996
4.2913e-08,-0.22673410000000005
4.2915e-08,-0.2266587000000001
4.2917e-08,-0.226584
4.2919e-08,-0.22651
4.2921e-08,-0.22643670000000005
4.2923e-08,-0.22636409999999996
4.2925e-08,-0.22629220000000005
4.2927e-08,-0.226221
4.2929e-08,-0.22615040000000008
4.2931e-08,-0.22608060000000008
4.2933e-08,-0.22601139999999997
4.2935e-08,-0.22594290000000006
4.2937e-08,-0.22587500000000005
4.2939e-08,-0.22580790000000006
4.2941e-08,-0.22574139999999998
4.2943e-08,-0.22567559999999998
4.2945e-08,-0.2256104
4.2947e-08,-0.22554590000000008
4.2949e-08,-0.22548199999999996
4.2951e-08,-0.22541880000000003
4.2953e-08,-0.22535629999999995
4.2955e-08,-0.22529430000000006
4.2957e-08,-0.22523300000000002
4.2959e-08,-0.22517239999999994
4.2961e-08,-0.2251124
4.2963e-08,-0.2250529
4.2965e-08,-0.22499409999999997
4.2967e-08,-0.22493600000000002
4.2969e-08,-0.22487839999999992
4.2971e-08,-0.2248215
4.2973e-08,-0.22476510000000005
4.2975e-08,-0.22470940000000006
4.2977e-08,-0.22465419999999992
4.2979e-08,-0.22459969999999996
4.2981e-08,-0.22454569999999996
4.2983e-08,-0.22449240000000004
4.2985e-08,-0.22443950000000001
4.2987e-08,-0.22438729999999996
4.2989e-08,-0.22433559999999997
4.2991e-08,-0.2242845
4.2993e-08,-0.22423389999999999
4.2995e-08,-0.22418400000000005
4.2997e-08,-0.22413450000000001
4.29985e-08,-0.2240978
4.3e-08,-0.22406139999999997
4.30002e-08,-0.22405730000000001
4.30006e-08,-0.22405109999999995
4.30014e-08,-0.22404689999999994
4.3003e-08,-0.22403700000000004
4.3005e-08,-0.22394520000000007
4.3007e-08,-0.22368549999999998
4.3009e-08,-0.22320050000000002
4.3011e-08,-0.22245729999999997
4.3013e-08,-0.22143879999999994
4.3015e-08,-0.22013899999999997
4.3017e-08,-0.21855840000000004
4.3019e-08,-0.21670250000000002
4.3021e-08,-0.21457959999999998
4.3023e-08,-0.2121997
4.3025e-08,-0.20957369999999997
4.3027e-08,-0.2067135
4.3029e-08,-0.20363089999999995
4.3031e-08,-0.20033769999999995
4.3033e-08,-0.19684559999999995
4.3035e-08,-0.19316620000000007
4.3037e-08,-0.18931070000000005
4.3039e-08,-0.1852899
4.3041e-08,-0.18111449999999996
4.3043e-08,-0.17679469999999997
4.3045e-08,-0.17234040000000006
4.3047e-08,-0.1677613
4.3049e-08,-0.16306639999999994
4.3051e-08,-0.15826470000000004
4.3053e-08,-0.15336499999999997
4.3055e-08,-0.1483753
4.3057e-08,-0.1433038000000001
4.3059e-08,-0.1381582
4.3061e-08,-0.13294589999999995
4.3063e-08,-0.12767380000000006
4.3065e-08,-0.12234919999999994
4.3067e-08,-0.11697839999999993
4.3069e-08,-0.11156789999999994
4.3071e-08,-0.10612359999999998
4.3073e-08,-0.10065170000000001
4.3075e-08,-0.0951575
4.3077e-08,-0.08964640000000001
4.3079e-08,-0.08412379999999997
4.3081e-08,-0.0785943
4.3083e-08,-0.07306289999999993
4.3085e-08,-0.06753390000000004
4.3087e-08,-0.062011600000000056
4.3089e-08,-0.0565002
4.3091e-08,-0.05100340000000003
4.3093e-08,-0.045525099999999985
4.3095e-08,-0.040068800000000016
4.3097e-08,-0.034637600000000046
4.3099e-08,-0.029234800000000005
4.3101e-08,-0.02386340000000009
4.3103e-08,-0.018526299999999996
4.3105e-08,-0.013225799999999954
4.3107e-08,-0.007964799999999994
4.3109e-08,-0.002745400000000009
4.3111e-08,0.002430199999999938
4.3113e-08,0.007559799999999894
4.3115e-08,0.01264160000000003
4.3117e-08,0.01767390000000002
4.3119e-08,0.022654900000000033
4.3121e-08,0.027583000000000024
4.3123e-08,0.032457100000000016
4.3125e-08,0.03727570000000002
4.3127e-08,0.04203760000000001
4.3129e-08,0.0467417
4.3131e-08,0.051387199999999966
4.3133e-08,0.05597300000000005
4.3135e-08,0.06049850000000001
4.3137e-08,0.06496290000000005
4.3139e-08,0.06936560000000003
4.3141e-08,0.0737061
4.3143e-08,0.07798400000000005
4.3145e-08,0.08219869999999996
4.3147e-08,0.08635009999999999
4.3149e-08,0.09043800000000002
4.3151e-08,0.0944621
4.3153e-08,0.09842240000000002
4.3155e-08,0.10231869999999998
4.3157e-08,0.1061512
4.3159e-08,0.10991970000000006
4.3161e-08,0.1136244999999999
4.3163e-08,0.11726560000000008
4.3165e-08,0.12084339999999993
4.3167e-08,0.12435810000000003
4.3169e-08,0.12780980000000008
4.3171e-08,0.13119880000000006
4.3173e-08,0.13452580000000003
4.3175e-08,0.13779070000000004
4.3177e-08,0.14099430000000002
4.3179e-08,0.14413679999999995
4.3181e-08,0.14721879999999998
4.3183e-08,0.1502407
4.3185e-08,0.15320299999999998
4.3187e-08,0.15610639999999998
4.3189e-08,0.1589512999999999
4.3191e-08,0.1617383
4.3193e-08,0.1644679
4.3195e-08,0.16714090000000004
4.3197e-08,0.1697576999999999
4.31985e-08,0.17168380000000005
4.32e-08,0.17357889999999998
4.32002e-08,0.17382980000000003
4.32006e-08,0.1743323
4.32014e-08,0.17533890000000008
4.3203e-08,0.17732399999999993
4.3205e-08,0.17967600000000006
4.3207e-08,0.18180439999999998
4.3209e-08,0.1836523
4.3211e-08,0.18518770000000007
4.3213e-08,0.1863943
4.3215e-08,0.18726759999999998
4.3217e-08,0.18780929999999996
4.3219e-08,0.18802649999999999
4.3221e-08,0.1879284
4.3223e-08,0.18752639999999998
4.3225e-08,0.18683290000000008
4.3227e-08,0.18586059999999993
4.3229e-08,0.18462250000000002
4.3231e-08,0.1831315
4.3233e-08,0.1814001999999999
4.3235e-08,0.17944119999999997
4.3237e-08,0.17726620000000004
4.3239e-08,0.17488720000000002
4.3241e-08,0.17231530000000006
4.3243e-08,0.16956150000000003
4.3245e-08,0.1666362
4.3247e-08,0.16354970000000002
4.3249e-08,0.16031170000000006
4.3251e-08,0.1569315
4.3253e-08,0.15341840000000007
4.3255e-08,0.14978099999999994
4.3257e-08,0.14602780000000004
4.3259e-08,0.14216689999999998
4.3261e-08,0.13820599999999994
4.3263e-08,0.13415280000000007
4.3265e-08,0.13001450000000003
4.3267e-08,0.12579799999999997
4.3269e-08,0.12151020000000001
4.3271e-08,0.11715730000000002
4.3273e-08,0.1127456
4.3275e-08,0.10828120000000008
4.3277e-08,0.10376960000000002
4.3279e-08,0.09921659999999999
4.3281e-08,0.09462729999999997
4.3283e-08,0.0900067000000001
4.3285e-08,0.08535990000000004
4.3287e-08,0.08069150000000003
4.3289e-08,0.07600590000000007
4.3291e-08,0.07130739999999991
4.3293e-08,0.0666002
4.3295e-08,0.0618881
4.3297e-08,0.05717480000000008
4.3299e-08,0.05246390000000001
4.3301e-08,0.04775879999999999
4.3303e-08,0.04306279999999996
4.3305e-08,0.038378899999999994
4.3307e-08,0.033710099999999965
4.3309e-08,0.029058999999999946
4.3311e-08,0.024428500000000075
4.3313e-08,0.01982090000000003
4.3315e-08,0.015238599999999991
4.3317e-08,0.01068379999999991
4.3319e-08,0.006158699999999961
4.3321e-08,0.0016650000000000276
4.3323e-08,-0.002794999999999992
4.3325e-08,-0.007219899999999946
4.3327e-08,-0.011607900000000004
4.3329e-08,-0.015957700000000075
4.3331e-08,-0.020267499999999994
4.3333e-08,-0.024536299999999955
4.3335e-08,-0.028762799999999977
4.3337e-08,-0.03294569999999997
4.3339e-08,-0.0370841999999999
4.3341e-08,-0.04117729999999997
4.3343e-08,-0.04522400000000004
4.3345e-08,-0.04922359999999992
4.3347e-08,-0.053175300000000036
4.3349e-08,-0.05707850000000003
4.3351e-08,-0.0609326
4.3353e-08,-0.06473700000000004
4.3355e-08,-0.06849139999999998
4.3357e-08,-0.07219549999999997
4.3359e-08,-0.07584860000000004
4.3361e-08,-0.07945080000000004
4.3363e-08,-0.08300180000000001
4.3365e-08,-0.08650119999999994
4.3367e-08,-0.0899491
4.3369e-08,-0.09334529999999996
4.3371e-08,-0.0966899
4.3373e-08,-0.09998280000000004
4.3375e-08,-0.10322399999999998
4.3377e-08,-0.1064138
4.3379e-08,-0.10955209999999993
4.3381e-08,-0.11263900000000004
4.3383e-08,-0.11567499999999997
4.3385e-08,-0.11866009999999994
4.3387e-08,-0.12159439999999999
4.3389e-08,-0.12447839999999999
4.3391e-08,-0.1273124
4.3393e-08,-0.13009650000000006
4.3395e-08,-0.13283120000000004
4.3397e-08,-0.13551670000000005
4.33985e-08,-0.13749889999999998
4.34e-08,-0.13945379999999996
4.34002e-08,-0.13971219999999995
4.34006e-08,-0.14022789999999996
4.34014e-08,-0.14125370000000004
4.3403e-08,-0.14328240000000003
4.3405e-08,-0.14577550000000006
4.3407e-08,-0.14822160000000006
4.3409e-08,-0.1506212
4.3411e-08,-0.15297460000000007
4.3413e-08,-0.15528219999999993
4.3415e-08,-0.15754479999999993
4.3417e-08,-0.15976249999999992
4.3419e-08,-0.16193610000000003
4.3421e-08,-0.1640659000000001
4.3423e-08,-0.16615259999999998
4.3425e-08,-0.16819660000000003
4.3427e-08,-0.17019849999999992
4.3429e-08,-0.1721587
4.3431e-08,-0.17407780000000006
4.3433e-08,-0.1759564
4.3435e-08,-0.17779500000000004
4.3437e-08,-0.17959419999999993
4.3439e-08,-0.18135429999999997
4.3441e-08,-0.18307600000000002
4.3443e-08,-0.18475989999999998
4.3445e-08,-0.1864066000000001
4.3447e-08,-0.18801650000000003
4.3449e-08,-0.1895901000000001
4.3451e-08,-0.19112799999999996
4.3453e-08,-0.1926308
4.3455e-08,-0.1940989999999999
4.3457e-08,-0.19553310000000002
4.3459e-08,-0.19693360000000004
4.3461e-08,-0.19830119999999996
4.3463e-08,-0.1996363
4.3465e-08,-0.2009394
4.3467e-08,-0.20221109999999998
4.3469e-08,-0.2034518999999999
4.3471e-08,-0.20466220000000002
4.3473e-08,-0.2058426000000001
4.3475e-08,-0.20699369999999995
4.3477e-08,-0.2081158999999999
4.3479e-08,-0.2092096
4.3481e-08,-0.2102754
4.3483e-08,-0.211314
4.3485e-08,-0.21232549999999994
4.3487e-08,-0.21331060000000002
4.3489e-08,-0.21426960000000006
4.3491e-08,-0.21520320000000004
4.3493e-08,-0.21611170000000002
4.3495e-08,-0.2169957
4.3497e-08,-0.21785549999999998
4.3499e-08,-0.21869159999999999
4.3501e-08,-0.2195045
4.3503e-08,-0.2202946
4.3505e-08,-0.2210622
4.3507e-08,-0.221808
4.3509e-08,-0.2225322999999999
4.3511e-08,-0.22323530000000003
4.3513e-08,-0.22391780000000006
4.3515e-08,-0.22458
4.3517e-08,-0.22522219999999993
4.3519e-08,-0.22584490000000002
4.3521e-08,-0.22644850000000005
4.3523e-08,-0.22703339999999994
4.3525e-08,-0.22759989999999997
4.3527e-08,-0.2281485000000001
4.3529e-08,-0.22867950000000004
4.3531e-08,-0.22919319999999999
4.3533e-08,-0.22968999999999995
4.3535e-08,-0.2301702
4.3537e-08,-0.23063429999999996
4.3539e-08,-0.23108250000000008
4.3541e-08,-0.23151519999999992
4.3543e-08,-0.2319327
4.3545e-08,-0.23233539999999997
4.3547e-08,-0.23272359999999992
4.3549e-08,-0.23309749999999996
4.3551e-08,-0.23345740000000004
4.3553e-08,-0.2338038
4.3555e-08,-0.23413680000000003
4.3557e-08,-0.23445689999999997
4.3559e-08,-0.23476430000000004
4.3561e-08,-0.23505910000000008
4.3563e-08,-0.23534180000000005
4.3565e-08,-0.2356127
4.3567e-08,-0.23587199999999997
4.3569e-08,-0.23611990000000005
4.3571e-08,-0.23635669999999998
4.3573e-08,-0.23658279999999998
4.3575e-08,-0.23679819999999996
4.3577e-08,-0.2370034000000001
4.3579e-08,-0.23719849999999998
4.3581e-08,-0.23738360000000003
4.3583e-08,-0.23755930000000003
4.3585e-08,-0.23772559999999998
4.3587e-08,-0.2378827
4.3589e-08,-0.238031
4.3591e-08,-0.2381706
4.3593e-08,-0.2383016
4.3595e-08,-0.23842450000000004
4.3597e-08,-0.2385393
4.35985e-08,-0.23862019999999995
4.36e-08,-0.23869669999999998
4.36002e-08,-0.23870730000000007
4.36006e-08,-0.23873030000000006
4.36014e-08,-0.23878359999999998
4.3603e-08,-0.2388849999999999
4.3605e-08,-0.23892599999999997
4.3607e-08,-0.23879280000000003
4.3609e-08,-0.2384284000000001
4.3611e-08,-0.23780020000000002
4.3613e-08,-0.23689170000000004
4.3615e-08,-0.23569669999999998
4.3617e-08,-0.23421609999999993
4.3619e-08,-0.23245539999999998
4.3621e-08,-0.23042280000000004
4.3623e-08,-0.22812849999999996
4.3625e-08,-0.22558349999999994
4.3627e-08,-0.2227996
4.3629e-08,-0.21978850000000005
4.3631e-08,-0.21656200000000003
4.3633e-08,-0.213132
4.3635e-08,-0.20950990000000003
4.3637e-08,-0.20570690000000003
4.3639e-08,-0.20173410000000003
4.3641e-08,-0.19760179999999994
4.3643e-08,-0.1933205
4.3645e-08,-0.1888999
4.3647e-08,-0.18434969999999995
4.3649e-08,-0.17967909999999998
4.3651e-08,-0.17489719999999997
4.3653e-08,-0.1700125
4.3655e-08,-0.16503330000000005
4.3657e-08,-0.15996769999999993
4.3659e-08,-0.15482340000000006
4.3661e-08,-0.14960810000000002
4.3663e-08,-0.14432869999999998
4.3665e-08,-0.13899240000000002
4.3667e-08,-0.13360569999999994
4.3669e-08,-0.12817500000000004
4.3671e-08,-0.1227066
4.3673e-08,-0.1172063000000001
4.3675e-08,-0.11167990000000005
4.3677e-08,-0.10613280000000003
4.3679e-08,-0.10057039999999995
4.3681e-08,-0.09499749999999996
4.3683e-08,-0.08941909999999997
4.3685e-08,-0.08383960000000001
4.3687e-08,-0.07826350000000004
4.3689e-08,-0.0726949
4.3691e-08,-0.06713799999999992
4.3693e-08,-0.061596399999999996
4.3695e-08,-0.056073700000000004
4.3697e-08,-0.05057350000000005
4.3699e-08,-0.04509889999999994
4.3701e-08,-0.03965299999999994
4.3703e-08,-0.03423890000000007
4.3705e-08,-0.028859100000000026
4.3707e-08,-0.023516300000000046
4.3709e-08,-0.018213000000000035
4.3711e-08,-0.012951299999999999
4.3713e-08,-0.007733599999999896
4.3715e-08,-0.0025617999999999475
4.3717e-08,0.002562199999999959
4.3719e-08,0.007636699999999941
4.3721e-08,0.012660000000000005
4.3723e-08,0.0176307
4.3725e-08,0.022547299999999937
4.3727e-08,0.027408499999999947
4.3729e-08,0.03221340000000006
4.3731e-08,0.03696069999999996
4.3733e-08,0.04164939999999995
4.3735e-08,0.04627879999999995
4.3737e-08,0.05084809999999995
4.3739e-08,0.05535649999999992
4.3741e-08,0.05980350000000001
4.3743e-08,0.06418849999999998
4.3745e-08,0.06851110000000005
4.3747e-08,0.07277090000000008
4.3749e-08,0.07696769999999997
4.3751e-08,0.08110109999999993
4.3753e-08,0.085171
4.3755e-08,0.08917730000000001
4.3757e-08,0.09311999999999998
4.3759e-08,0.09699900000000006
4.3761e-08,0.10081440000000008
4.3763e-08,0.1045663
4.3765e-08,0.10825479999999998
4.3767e-08,0.11188019999999999
4.3769e-08,0.11544260000000006
4.3771e-08,0.1189424
4.3773e-08,0.12237980000000004
4.3775e-08,0.12575520000000007
4.3777e-08,0.12906890000000004
4.3779e-08,0.13232139999999992
4.3781e-08,0.135513
4.3783e-08,0.13864429999999994
4.3785e-08,0.14171560000000005
4.3787e-08,0.14472770000000001
4.3789e-08,0.14768079999999995
4.3791e-08,0.15057569999999998
4.3793e-08,0.15341270000000007
4.3795e-08,0.15619260000000001
4.3797e-08,0.1589159
4.37985e-08,0.1609216
4.38e-08,0.16289600000000004
4.38002e-08,0.16315659999999998
4.38006e-08,0.1636767
4.38014e-08,0.16471040000000003
4.3803e-08,0.1667518
4.3805e-08,0.16925499999999993
4.3807e-08,0.17170469999999993
4.3809e-08,0.17410170000000003
4.3811e-08,0.1764466
4.3813e-08,0.17873989999999995
4.3815e-08,0.18098250000000005
4.3817e-08,0.18317499999999998
4.3819e-08,0.18531799999999998
4.3821e-08,0.18741240000000003
4.3823e-08,0.18945869999999998
4.3825e-08,0.1914576
4.3827e-08,0.1934096999999999
4.3829e-08,0.1953159
4.3831e-08,0.1971769
4.3833e-08,0.19899319999999998
4.3835e-08,0.2007656
4.3837e-08,0.20249480000000009
4.3839e-08,0.20418150000000002
4.3841e-08,0.2058262999999999
4.3843e-08,0.2074298
4.3845e-08,0.20899279999999998
4.3847e-08,0.21051600000000004
4.3849e-08,0.21199999999999997
4.3851e-08,0.2134454
4.3853e-08,0.21485299999999996
4.3855e-08,0.2162233
4.3857e-08,0.217557
4.3859e-08,0.21885489999999996
4.3861e-08,0.22011729999999996
4.3863e-08,0.22134510000000007
4.3865e-08,0.22253889999999998
4.3867e-08,0.2236992
4.3869e-08,0.22482669999999993
4.3871e-08,0.2259219
4.3873e-08,0.22698549999999995
4.3875e-08,0.2280181
4.3877e-08,0.2290202
4.3879e-08,0.22999239999999999
4.3881e-08,0.23093530000000007
4.3883e-08,0.23184939999999998
4.3885e-08,0.23273549999999998
4.3887e-08,0.23359379999999996
4.3889e-08,0.234425
4.3891e-08,0.23522959999999993
4.3893e-08,0.2360084
4.3895e-08,0.23676150000000007
4.3897e-08,0.23748950000000002
4.3899e-08,0.23819309999999994
4.3901e-08,0.2388728
4.3903e-08,0.239529
4.3905e-08,0.24016210000000004
4.3907e-08,0.24077270000000006
4.3909e-08,0.24136119999999994
4.3911e-08,0.24192820000000004
4.3913e-08,0.24247399999999997
4.3915e-08,0.24299920000000008
4.3917e-08,0.2435041
4.3919e-08,0.24398910000000007
4.3921e-08,0.24445490000000003
4.3923e-08,0.24490160000000005
4.3925e-08,0.2453299
4.3927e-08,0.24574000000000007
4.3929e-08,0.2461325000000001
4.3931e-08,0.2465077
4.3933e-08,0.24686590000000008
4.3935e-08,0.24720750000000002
4.3937e-08,0.247533
4.3939e-08,0.24784280000000003
4.3941e-08,0.2481371
4.3943e-08,0.24841650000000004
4.3945e-08,0.24868100000000004
4.3947e-08,0.24893120000000002
4.3949e-08,0.2491675
4.3951e-08,0.24939
4.3953e-08,0.24959920000000002
4.3955e-08,0.24979550000000006
4.3957e-08,0.24997900000000006
4.3959e-08,0.25015010000000004
4.3961e-08,0.2503092
4.3963e-08,0.25045649999999997
4.3965e-08,0.2505923
4.3967e-08,0.25071699999999997
4.3969e-08,0.25083069999999996
4.3971e-08,0.2509338
4.3973e-08,0.2510266
4.3975e-08,0.2511093
4.3977e-08,0.25118229999999997
4.3979e-08,0.2512457
4.3981e-08,0.25129979999999996
4.3983e-08,0.2513449000000001
4.3985e-08,0.2513811
4.3987e-08,0.25140890000000005
4.3989e-08,0.2514284
4.3991e-08,0.2514398
4.3993e-08,0.2514432
4.3995e-08,0.2514392
4.3997e-08,0.2514276999999999
4.39985e-08,0.2514143999999999
4.4e-08,0.251397
4.40002e-08,0.2513944
4.40006e-08,0.251389
4.40014e-08,0.2513774
4.4003e-08,0.25135090000000004
4.4005e-08,0.25131190000000003
4.4007e-08,0.25126650000000006
4.4009e-08,0.25121499999999997
4.4011e-08,0.2511574
4.4013e-08,0.25109420000000005
4.4015e-08,0.25102519999999995
4.4017e-08,0.2509509000000001
4.4019e-08,0.25087119999999996
4.4021e-08,0.2507864999999999
4.4023e-08,0.25069699999999995
4.4025e-08,0.25060250000000006
4.4027e-08,0.2505035
4.4029e-08,0.2504001
4.4031e-08,0.25029239999999997
4.4033e-08,0.2501804999999999
4.4035e-08,0.25006470000000003
4.4037e-08,0.24994499999999997
4.4039e-08,0.24982169999999992
4.4041e-08,0.24969469999999994
4.4043e-08,0.24956430000000007
4.4045e-08,0.24943059999999995
4.4047e-08,0.2492938
4.4049e-08,0.24915390000000004
4.4051e-08,0.24901110000000004
4.4053e-08,0.24886549999999996
4.4055e-08,0.24871719999999997
4.4057e-08,0.24856639999999997
4.4059e-08,0.24841310000000005
4.4061e-08,0.24825750000000002
4.4063e-08,0.2480996000000001
4.4065e-08,0.24793949999999998
4.4067e-08,0.24777760000000004
4.4069e-08,0.24761349999999993
4.4071e-08,0.2474478
4.4073e-08,0.24728019999999995
4.4075e-08,0.24711110000000003
4.4077e-08,0.2469403
4.4079e-08,0.246768
4.4081e-08,0.2465944
4.4083e-08,0.24641959999999996
4.4085e-08,0.2462434
4.4087e-08,0.2460661999999999
4.4089e-08,0.2458878
4.4091e-08,0.24570860000000005
4.4093e-08,0.24552839999999998
4.4095e-08,0.24534729999999993
4.4097e-08,0.24516549999999993
4.4099e-08,0.2449829
4.4101e-08,0.2447998
4.4103e-08,0.24461600000000006
4.4105e-08,0.24443179999999998
4.4107e-08,0.24424709999999994
4.4109e-08,0.24406210000000006
4.4111e-08,0.24387670000000006
4.4113e-08,0.24369089999999993
4.4115e-08,0.24350510000000003
4.4117e-08,0.24331900000000006
4.4119e-08,0.24313289999999999
4.4121e-08,0.2429465999999999
4.4123e-08,0.24276030000000004
4.4125e-08,0.24257410000000001
4.4127e-08,0.2423879000000001
4.4129e-08,0.24220190000000008
4.4131e-08,0.242016
4.4133e-08,0.24183029999999994
4.4135e-08,0.2416448000000001
4.4137e-08,0.24145970000000005
4.4139e-08,0.2412748
4.4141e-08,0.2410903000000001
4.4143e-08,0.24090619999999996
4.4145e-08,0.2407226
4.4147e-08,0.24053939999999996
4.4149e-08,0.24035660000000003
4.4151e-08,0.24017449999999996
4.4153e-08,0.2399928
4.4155e-08,0.23981170000000007
4.4157e-08,0.23963140000000005
4.4159e-08,0.23945149999999993
4.4161e-08,0.23927240000000005
4.4163e-08,0.23909389999999997
4.4165e-08,0.23891609999999996
4.4167e-08,0.23873919999999993
4.4169e-08,0.23856290000000002
4.4171e-08,0.23838740000000003
4.4173e-08,0.23821270000000005
4.4175e-08,0.23803890000000005
4.4177e-08,0.23786580000000002
4.4179e-08,0.2376937
4.4181e-08,0.23752240000000002
4.4183e-08,0.237352
4.4185e-08,0.23718249999999996
4.4187e-08,0.2370139
4.4189e-08,0.2368462
4.4191e-08,0.2366796
4.4193e-08,0.23651390000000005
4.4195e-08,0.23634909999999998
4.4197e-08,0.2361854
4.41985e-08,0.23606319999999992
4.42e-08,0.23594150000000003
4.42002e-08,0.23592620000000009
4.42006e-08,0.23589720000000003
4.42014e-08,0.23584780000000005
4.4203e-08,0.23574779999999995
4.4205e-08,0.2355444
4.4207e-08,0.23517430000000006
4.4209e-08,0.23458060000000003
4.4211e-08,0.23373030000000006
4.4213e-08,0.2326064
4.4215e-08,0.2312029000000001
4.4217e-08,0.22952019999999995
4.4219e-08,0.22756369999999992
4.4221e-08,0.22534160000000003
4.4223e-08,0.2228637
4.4225e-08,0.22014109999999998
4.4227e-08,0.21718530000000003
4.4229e-08,0.21400790000000003
4.4231e-08,0.21062079999999994
4.4233e-08,0.2070358
4.4235e-08,0.20326389999999994
4.4237e-08,0.1993165
4.4239e-08,0.19520459999999995
4.4241e-08,0.19093839999999995
4.4243e-08,0.18652809999999997
4.4245e-08,0.18198379999999992
4.4247e-08,0.1773148
4.4249e-08,0.17253039999999997
4.4251e-08,0.16763949999999994
4.4253e-08,0.16265059999999998
4.4255e-08,0.15757200000000005
4.4257e-08,0.1524118
4.4259e-08,0.1471774
4.4261e-08,0.14187649999999996
4.4263e-08,0.13651609999999992
4.4265e-08,0.13110310000000003
4.4267e-08,0.12564410000000004
4.4269e-08,0.12014550000000002
4.4271e-08,0.11461330000000003
4.4273e-08,0.10905350000000003
4.4275e-08,0.1034716
4.4277e-08,0.09787299999999999
4.4279e-08,0.09226299999999998
4.4281e-08,0.08664640000000001
4.4283e-08,0.08102790000000004
4.4285e-08,0.07541219999999993
4.4287e-08,0.06980330000000001
4.4289e-08,0.06420559999999997
4.4291e-08,0.05862290000000003
4.4293e-08,0.05305900000000008
4.4295e-08,0.047517199999999926
4.4297e-08,0.04200110000000001
4.4299e-08,0.03651370000000009
4.4301e-08,0.03105800000000003
4.4303e-08,0.02563700000000002
4.4305e-08,0.02025319999999997
4.4307e-08,0.014909199999999956
4.4309e-08,0.009607299999999985
4.4311e-08,0.004349700000000012
4.4313e-08,-0.0008614000000000122
4.4315e-08,-0.0060242999999999824
4.4317e-08,-0.011136900000000005
4.4319e-08,-0.01619780000000004
4.4321e-08,-0.02120540000000004
4.4323e-08,-0.026158099999999962
4.4325e-08,-0.03105480000000005
4.4327e-08,-0.03589419999999999
4.4329e-08,-0.04067529999999997
4.4331e-08,-0.04539690000000007
4.4333e-08,-0.05005839999999995
4.4335e-08,-0.05465870000000006
4.4337e-08,-0.05919730000000001
4.4339e-08,-0.0636736
4.4341e-08,-0.06808700000000001
4.4343e-08,-0.07243710000000003
4.4345e-08,-0.07672329999999994
4.4347e-08,-0.0809455
4.4349e-08,-0.08510340000000005
4.4351e-08,-0.08919690000000002
4.4353e-08,-0.09322569999999997
4.4355e-08,-0.09719
4.4357e-08,-0.10108949999999994
4.4359e-08,-0.10492449999999998
4.4361e-08,-0.10869490000000004
4.4363e-08,-0.11240109999999992
4.4365e-08,-0.11604309999999995
4.4367e-08,-0.11962119999999998
4.4369e-08,-0.12313569999999996
4.4371e-08,-0.1265868
4.4373e-08,-0.1299751
4.4375e-08,-0.1333006
4.4377e-08,-0.13656409999999997
4.4379e-08,-0.1397657
4.4381e-08,-0.14290609999999992
4.4383e-08,-0.1459857
4.4385e-08,-0.14900500000000005
4.4387e-08,-0.15196470000000006
4.4389e-08,-0.15486509999999998
4.4391e-08,-0.15770689999999998
4.4393e-08,-0.16049080000000004
4.4395e-08,-0.16321720000000006
4.4397e-08,-0.16588690000000006
4.43985e-08,-0.16785210000000006
4.44e-08,-0.16978609999999994
4.44002e-08,-0.17004130000000006
4.44006e-08,-0.1705506
4.44014e-08,-0.17156270000000007
4.4403e-08,-0.17356079999999996
4.4405e-08,-0.1760098
4.4407e-08,-0.17840520000000004
4.4409e-08,-0.18074790000000007
4.4411e-08,-0.1830383
4.4413e-08,-0.1852773000000001
4.4415e-08,-0.18746549999999995
4.4417e-08,-0.18960359999999998
4.4419e-08,-0.19169230000000004
4.4421e-08,-0.19373229999999997
4.4423e-08,-0.19572429999999996
4.4425e-08,-0.19766909999999993
4.4427e-08,-0.19956720000000006
4.4429e-08,-0.20141960000000003
4.4431e-08,-0.20322669999999998
4.4433e-08,-0.2049894
4.4435e-08,-0.20670829999999996
4.4437e-08,-0.20838409999999996
4.4439e-08,-0.21001749999999997
4.4441e-08,-0.2116093
4.4443e-08,-0.21316010000000007
4.4445e-08,-0.2146705
4.4447e-08,-0.21614129999999998
4.4449e-08,-0.21757300000000002
4.4451e-08,-0.21896650000000006
4.4453e-08,-0.22032229999999997
4.4455e-08,-0.22164119999999998
4.4457e-08,-0.22292370000000006
4.4459e-08,-0.22417050000000005
4.4461e-08,-0.22538230000000004
4.4463e-08,-0.22655950000000002
4.4465e-08,-0.22770309999999994
4.4467e-08,-0.2288135
4.4469e-08,-0.22989130000000002
4.4471e-08,-0.2309371
4.4473e-08,-0.2319517000000001
4.4475e-08,-0.23293540000000001
4.4477e-08,-0.233889
4.4479e-08,-0.2348131
4.4481e-08,-0.23570809999999998
4.4483e-08,-0.23657460000000008
4.4485e-08,-0.23741329999999994
4.4487e-08,-0.23822449999999995
4.4489e-08,-0.23900909999999997
4.4491e-08,-0.23976739999999996
4.4493e-08,-0.24049999999999994
4.4495e-08,-0.24120740000000007
4.4497e-08,-0.24188999999999994
4.4499e-08,-0.2425486
4.4501e-08,-0.24318340000000005
4.4503e-08,-0.24379509999999993
4.4505e-08,-0.24438399999999993
4.4507e-08,-0.24495089999999997
4.4509e-08,-0.24549579999999993
4.4511e-08,-0.2460196
4.4513e-08,-0.24652249999999998
4.4515e-08,-0.24700509999999998
4.4517e-08,-0.24746780000000002
4.4519e-08,-0.24791109999999994
4.4521e-08,-0.24833519999999998
4.4523e-08,-0.24874070000000004
4.4525e-08,-0.24912809999999996
4.4527e-08,-0.24949770000000004
4.4529e-08,-0.2498498
4.4531e-08,-0.250185
4.4533e-08,-0.25050359999999994
4.4535e-08,-0.2508059
4.4537e-08,-0.25109249999999994
4.4539e-08,-0.25136349999999996
4.4541e-08,-0.25161960000000005
4.4543e-08,-0.2518608
4.4545e-08,-0.2520877
4.4547e-08,-0.2523006
4.4549e-08,-0.2524997
4.4551e-08,-0.25268560000000007
4.4553e-08,-0.25285840000000004
4.4555e-08,-0.25301850000000004
4.4557e-08,-0.2531662
4.4559e-08,-0.2533018
4.4561e-08,-0.2534257
4.4563e-08,-0.2535381
4.4565e-08,-0.25363939999999996
4.4567e-08,-0.2537298
4.4569e-08,-0.2538096000000001
4.4571e-08,-0.2538791
4.4573e-08,-0.2539386
4.4575e-08,-0.25398829999999994
4.4577e-08,-0.2540285
4.4579e-08,-0.25405940000000005
4.4581e-08,-0.2540814
4.4583e-08,-0.2540947
4.4585e-08,-0.25409950000000003
4.4587e-08,-0.254096
4.4589e-08,-0.2540844
4.4591e-08,-0.2540652
4.4593e-08,-0.2540384
4.4595e-08,-0.2540042
4.4597e-08,-0.2539629
4.45985e-08,-0.2539274
4.46e-08,-0.25388810000000006
4.46002e-08,-0.2538834
4.46006e-08,-0.25387550000000003
4.46014e-08,-0.2538673
4.4603e-08,-0.2538464
4.4605e-08,-0.2537364
4.4607e-08,-0.25345400000000007
4.4609e-08,-0.25294300000000003
4.4611e-08,-0.2521709
4.4613e-08,-0.2511209
4.4615e-08,-0.24978690000000003
4.4617e-08,-0.24816989999999994
4.4619e-08,-0.24627509999999997
4.4621e-08,-0.2441104999999999
4.4623e-08,-0.24168619999999996
4.4625e-08,-0.2390131000000001
4.4627e-08,-0.23610259999999994
4.4629e-08,-0.23296650000000008
4.4631e-08,-0.2296165
4.4633e-08,-0.2260641
4.4635e-08,-0.2223208000000001
4.4637e-08,-0.21839750000000002
4.4639e-08,-0.21430530000000003
4.4641e-08,-0.21005439999999997
4.4643e-08,-0.20565509999999998
4.4645e-08,-0.2011172
4.4647e-08,-0.19645020000000002
4.4649e-08,-0.19166340000000004
4.4651e-08,-0.18676550000000003
4.4653e-08,-0.18176519999999996
4.4655e-08,-0.17667080000000002
4.4657e-08,-0.17149029999999998
4.4659e-08,-0.1662315000000001
4.4661e-08,-0.16090170000000004
4.4663e-08,-0.15550809999999993
4.4665e-08,-0.15005780000000002
4.4667e-08,-0.1445573
4.4669e-08,-0.13901319999999995
4.4671e-08,-0.13343150000000004
4.4673e-08,-0.12781809999999993
4.4675e-08,-0.12217889999999998
4.4677e-08,-0.11651929999999999
4.4679e-08,-0.1108444999999999
4.4681e-08,-0.10515960000000002
4.4683e-08,-0.09946929999999998
4.4685e-08,-0.09377849999999999
4.4687e-08,-0.08809129999999998
4.4689e-08,-0.08241209999999999
4.4691e-08,-0.07674480000000006
4.4693e-08,-0.07109330000000003
4.4695e-08,-0.0654612
4.4697e-08,-0.059852000000000016
4.4699e-08,-0.054268900000000064
4.4701e-08,-0.04871510000000001
4.4703e-08,-0.043193499999999996
4.4705e-08,-0.03770689999999999
4.4707e-08,-0.03225789999999995
4.4709e-08,-0.026848900000000064
4.4711e-08,-0.021482200000000007
4.4713e-08,-0.016160300000000016
4.4715e-08,-0.010884899999999975
4.4717e-08,-0.005658000000000052
4.4719e-08,-0.0004813000000000178
4.4721e-08,0.004643499999999912
4.4723e-08,0.00971489999999997
4.4725e-08,0.014731300000000003
4.4727e-08,0.01969169999999998
4.4729e-08,0.024594799999999917
4.4731e-08,0.029439499999999952
4.4733e-08,0.034224799999999944
4.4735e-08,0.038949800000000034
4.4737e-08,0.04361389999999998
4.4739e-08,0.04821619999999993
4.4741e-08,0.05275629999999998
4.4743e-08,0.05723339999999999
4.4745e-08,0.06164730000000007
4.4747e-08,0.06599739999999998
4.4749e-08,0.07028350000000005
4.4751e-08,0.0745053
4.4753e-08,0.07866280000000003
4.4755e-08,0.08275569999999999
4.4757e-08,0.08678390000000002
4.4759e-08,0.09074759999999993
4.4761e-08,0.09464669999999997
4.4763e-08,0.09848140000000005
4.4765e-08,0.10225169999999995
4.4767e-08,0.105958
4.4769e-08,0.10960029999999998
4.4771e-08,0.11317900000000003
4.4773e-08,0.11669439999999998
4.4775e-08,0.1201468
4.4777e-08,0.12353670000000005
4.4779e-08,0.1268644
4.4781e-08,0.13013030000000003
4.4783e-08,0.13333490000000003
4.4785e-08,0.13647870000000006
4.4787e-08,0.13956229999999992
4.4789e-08,0.142586
4.4791e-08,0.14555050000000003
4.4793e-08,0.14845639999999993
4.4795e-08,0.15130410000000005
4.4797e-08,0.1540944999999999
4.47985e-08,0.15614989999999995
4.48e-08,0.15817340000000002
4.48002e-08,0.1584413
4.48006e-08,0.15897779999999995
4.48014e-08,0.16005249999999993
4.4803e-08,0.16217289999999995
4.4805e-08,0.16469199999999995
4.4807e-08,0.16698540000000006
4.4809e-08,0.16899570000000008
4.4811e-08,0.17069080000000003
4.4813e-08,0.17205459999999995
4.4815e-08,0.17308219999999996
4.4817e-08,0.17377579999999992
4.4819e-08,0.17414209999999997
4.4821e-08,0.17419070000000003
4.4823e-08,0.1739332
4.4825e-08,0.17338180000000003
4.4827e-08,0.17254959999999997
4.4829e-08,0.17144950000000003
4.4831e-08,0.17009469999999993
4.4833e-08,0.16849780000000003
4.4835e-08,0.16667140000000003
4.4837e-08,0.16462770000000004
4.4839e-08,0.16237839999999992
4.4841e-08,0.15993480000000004
4.4843e-08,0.15730810000000006
4.4845e-08,0.15450869999999994
4.4847e-08,0.15154690000000004
4.4849e-08,0.14843260000000003
4.4851e-08,0.1451751
4.4853e-08,0.14178380000000002
4.4855e-08,0.13826739999999993
4.4857e-08,0.13463420000000004
4.4859e-08,0.13089260000000003
4.4861e-08,0.12705029999999995
4.4863e-08,0.12311490000000003
4.4865e-08,0.11909369999999997
4.4867e-08,0.11499369999999998
4.4869e-08,0.11082159999999996
4.4871e-08,0.10658389999999995
4.4873e-08,0.10228680000000001
4.4875e-08,0.09793639999999992
4.4877e-08,0.0935381999999999
4.4879e-08,0.08909800000000001
4.4881e-08,0.08462100000000006
4.4883e-08,0.08011209999999991
4.4885e-08,0.07557630000000004
4.4887e-08,0.07101830000000009
4.4889e-08,0.06644260000000002
4.4891e-08,0.0618533
4.4893e-08,0.05725469999999999
4.4895e-08,0.052650500000000044
4.4897e-08,0.048044499999999934
4.4899e-08,0.0434403000000001
4.4901e-08,0.03884130000000008
4.4903e-08,0.03425069999999997
4.4905e-08,0.029671399999999903
4.4907e-08,0.02510659999999998
4.4909e-08,0.020558799999999988
4.4911e-08,0.01603080000000001
4.4913e-08,0.011525099999999955
4.4915e-08,0.0070437999999999334
4.4917e-08,0.002589399999999964
4.4919e-08,-0.0018362000000000656
4.4921e-08,-0.006230899999999928
4.4923e-08,-0.010593100000000022
4.4925e-08,-0.014920799999999956
4.4927e-08,-0.01921240000000002
4.4929e-08,-0.023466499999999946
4.4931e-08,-0.02768170000000003
4.4933e-08,-0.03185669999999996
4.4935e-08,-0.035990099999999914
4.4937e-08,-0.040080900000000086
4.4939e-08,-0.0441281
4.4941e-08,-0.04813070000000008
4.4943e-08,-0.05208780000000002
4.4945e-08,-0.05599869999999996
4.4947e-08,-0.0598626000000001
4.4949e-08,-0.06367880000000004
4.4951e-08,-0.06744690000000009
4.4953e-08,-0.07116619999999996
4.4955e-08,-0.07483640000000003
4.4957e-08,-0.07845710000000006
4.4959e-08,-0.0820278000000001
4.4961e-08,-0.08554840000000008
4.4963e-08,-0.0890187
4.4965e-08,-0.09243829999999997
4.4967e-08,-0.09580739999999999
4.4969e-08,-0.09912569999999998
4.4971e-08,-0.10239320000000007
4.4973e-08,-0.10560989999999992
4.4975e-08,-0.10877579999999998
4.4977e-08,-0.11189120000000008
4.4979e-08,-0.1149559
4.4981e-08,-0.11797029999999997
4.4983e-08,-0.12093449999999994
4.4985e-08,-0.12384870000000003
4.4987e-08,-0.12671299999999996
4.4989e-08,-0.12952790000000003
4.4991e-08,-0.1322934
4.4993e-08,-0.13501019999999997
4.4995e-08,-0.13767830000000003
4.4997e-08,-0.14029809999999998
4.49985e-08,-0.14223149999999996
4.5e-08,-0.14413810000000005
4.50002e-08,-0.14439079999999993
4.50006e-08,-0.1448971
4.50014e-08,-0.1459123
4.5003e-08,-0.1479178
4.5005e-08,-0.1503002
4.5007e-08,-0.1524641
4.5009e-08,-0.15435159999999992
4.5011e-08,-0.15593029999999997
4.5013e-08,-0.15718359999999998
4.5015e-08,-0.15810669999999993
4.5017e-08,-0.1587012
4.5019e-08,-0.15897380000000005
4.5021e-08,-0.15893390000000007
4.5023e-08,-0.15859299999999998
4.5025e-08,-0.1579634000000001
4.5027e-08,-0.15705769999999997
4.5029e-08,-0.15588920000000006
4.5031e-08,-0.1544706
4.5033e-08,-0.15281460000000002
4.5035e-08,-0.15093390000000007
4.5037e-08,-0.14884039999999998
4.5039e-08,-0.14654579999999995
4.5041e-08,-0.14406149999999995
4.5043e-08,-0.14139849999999998
4.5045e-08,-0.1385672
4.5047e-08,-0.13557799999999998
4.5049e-08,-0.13244050000000007
4.5051e-08,-0.1291643
4.5053e-08,-0.12575839999999994
4.5055e-08,-0.12223139999999999
4.5057e-08,-0.11859199999999992
4.5059e-08,-0.11484810000000001
4.5061e-08,-0.11100759999999998
4.5063e-08,-0.107078
4.5065e-08,-0.10306649999999995
4.5067e-08,-0.09897999999999996
4.5069e-08,-0.0948253
4.5071e-08,-0.09060859999999993
4.5073e-08,-0.08633609999999992
4.5075e-08,-0.08201389999999997
4.5077e-08,-0.07764749999999998
4.5079e-08,-0.0732423000000001
4.5081e-08,-0.06880359999999996
4.5083e-08,-0.06433650000000002
4.5085e-08,-0.05984559999999994
4.5087e-08,-0.05533549999999998
4.5089e-08,-0.050810699999999986
4.5091e-08,-0.04627530000000002
4.5093e-08,-0.041733300000000084
4.5095e-08,-0.037188600000000016
4.5097e-08,-0.03264469999999997
4.5099e-08,-0.028105200000000052
4.5101e-08,-0.02357319999999996
4.5103e-08,-0.019052100000000016
4.5105e-08,-0.014544599999999908
4.5107e-08,-0.010053700000000054
4.5109e-08,-0.005582100000000034
4.5111e-08,-0.0011322000000000276
4.5113e-08,0.003293400000000002
4.5115e-08,0.007692699999999997
4.5117e-08,0.012063500000000005
4.5119e-08,0.01640370000000002
4.5121e-08,0.020711499999999994
4.5123e-08,0.024985000000000035
4.5125e-08,0.029222699999999935
4.5127e-08,0.03342299999999998
4.5129e-08,0.03758459999999997
4.5131e-08,0.04170590000000007
4.5133e-08,0.04578579999999999
4.5135e-08,0.049823300000000015
4.5137e-08,0.053817000000000004
4.5139e-08,0.05776630000000005
4.5141e-08,0.06167010000000006
4.5143e-08,0.06552760000000002
4.5145e-08,0.06933820000000002
4.5147e-08,0.07310099999999997
4.5149e-08,0.07681569999999993
4.5151e-08,0.08048169999999999
4.5153e-08,0.08409849999999996
4.5155e-08,0.08766560000000001
4.5157e-08,0.09118280000000001
4.5159e-08,0.0946498
4.5161e-08,0.09806650000000006
4.5163e-08,0.10143249999999993
4.5165e-08,0.1047477
4.5167e-08,0.10801230000000006
4.5169e-08,0.11122600000000005
4.5171e-08,0.11438880000000007
4.5173e-08,0.11750080000000007
4.5175e-08,0.1205621
4.5177e-08,0.12357289999999999
4.5179e-08,0.1265332
4.5181e-08,0.12944330000000004
4.5183e-08,0.1323033
4.5185e-08,0.1351135
4.5187e-08,0.13787420000000006
4.5189e-08,0.14058559999999998
4.5191e-08,0.14324800000000004
4.5193e-08,0.1458619
4.5195e-08,0.14842750000000005
4.5197e-08,0.15094510000000005
4.51985e-08,0.1528022
4.52e-08,0.1546326
4.52002e-08,0.15487450000000003
4.52006e-08,0.15535719999999997
4.52014e-08,0.15631689999999998
4.5203e-08,0.15821439999999998
4.5205e-08,0.16054460000000004
4.5207e-08,0.162829
4.5209e-08,0.16506830000000006
4.5211e-08,0.16726249999999998
4.5213e-08,0.16941240000000002
4.5215e-08,0.17151839999999996
4.5217e-08,0.17358099999999999
4.5219e-08,0.1756006
4.5221e-08,0.17757789999999996
4.5223e-08,0.17951339999999993
4.5225e-08,0.1814074
4.5227e-08,0.18326069999999994
4.5229e-08,0.1850737
4.5231e-08,0.18684689999999993
4.5233e-08,0.18858089999999994
4.5235e-08,0.1902762
4.5237e-08,0.19193340000000003
4.5239e-08,0.19355290000000003
4.5241e-08,0.1951353
4.5243e-08,0.1966812
4.5245e-08,0.1981912
4.5247e-08,0.19966569999999995
4.5249e-08,0.20110519999999998
4.5251e-08,0.20251039999999998
4.5253e-08,0.20388169999999994
4.5255e-08,0.2052197
4.5257e-08,0.2065249
4.5259e-08,0.20779789999999998
4.5261e-08,0.20903910000000003
4.5263e-08,0.21024900000000002
4.5265e-08,0.2114283
4.5267e-08,0.21257729999999997
4.5269e-08,0.21369680000000002
4.5271e-08,0.21478699999999995
4.5273e-08,0.21584859999999995
4.5275e-08,0.21688189999999996
4.5277e-08,0.21788760000000007
4.5279e-08,0.21886610000000006
4.5281e-08,0.2198179
4.5283e-08,0.22074349999999998
4.5285e-08,0.2216433
4.5287e-08,0.2225178
4.5289e-08,0.22336750000000005
4.5291e-08,0.22419279999999997
4.5293e-08,0.22499429999999998
4.5295e-08,0.22577219999999998
4.5297e-08,0.22652720000000004
4.5299e-08,0.22725950000000006
4.5301e-08,0.22796970000000005
4.5303e-08,0.22865829999999998
4.5305e-08,0.22932550000000007
4.5307e-08,0.2299719
4.5309e-08,0.23059779999999996
4.5311e-08,0.2312037
4.5313e-08,0.2317899
4.5315e-08,0.23235680000000003
4.5317e-08,0.23290480000000002
4.5319e-08,0.2334345
4.5321e-08,0.23394590000000004
4.5323e-08,0.23443979999999998
4.5325e-08,0.23491620000000002
4.5327e-08,0.23537560000000002
4.5329e-08,0.23581839999999998
4.5331e-08,0.23624500000000004
4.5333e-08,0.23665550000000002
4.5335e-08,0.2370504
4.5337e-08,0.23743020000000004
4.5339e-08,0.23779499999999998
4.5341e-08,0.2381453
4.5343e-08,0.23848120000000006
4.5345e-08,0.2388032
4.5347e-08,0.23911150000000003
4.5349e-08,0.23940650000000008
4.5351e-08,0.23968850000000008
4.5353e-08,0.23995770000000005
4.5355e-08,0.24021459999999994
4.5357e-08,0.24045910000000004
4.5359e-08,0.24069189999999996
4.5361e-08,0.2409131
4.5363e-08,0.24112290000000003
4.5365e-08,0.24132169999999997
4.5367e-08,0.2415096
4.5369e-08,0.24168710000000004
4.5371e-08,0.24185430000000008
4.5373e-08,0.2420114
4.5375e-08,0.2421588
4.5377e-08,0.24229659999999997
4.5379e-08,0.2424252
4.5381e-08,0.2425446
4.5383e-08,0.24265519999999996
4.5385e-08,0.24275709999999995
4.5387e-08,0.24285080000000003
4.5389e-08,0.24293620000000005
4.5391e-08,0.2430137
4.5393e-08,0.2430833
4.5395e-08,0.24314550000000001
4.5397e-08,0.2432002000000001
4.53985e-08,0.24323660000000003
4.54e-08,0.24327790000000005
4.54002e-08,0.2432846999999999
4.54006e-08,0.24329919999999994
4.54014e-08,0.24332920000000002
4.5403e-08,0.2433615
4.5405e-08,0.24328589999999994
4.5407e-08,0.24301439999999996
4.5409e-08,0.24249980000000004
4.5411e-08,0.2417157000000001
4.5413e-08,0.24064950000000007
4.5415e-08,0.23929810000000007
4.5417e-08,0.23766390000000004
4.5419e-08,0.23575370000000007
4.5421e-08,0.23357609999999995
4.5423e-08,0.23114160000000006
4.5425e-08,0.2284617
4.5427e-08,0.22554790000000002
4.5429e-08,0.22241200000000005
4.5431e-08,0.21906570000000003
4.5433e-08,0.21552090000000002
4.5435e-08,0.21178870000000005
4.5437e-08,0.2078801
4.5439e-08,0.2038061000000001
4.5441e-08,0.19957690000000006
4.5443e-08,0.1952028
4.5445e-08,0.1906934
4.5447e-08,0.1860582999999999
4.5449e-08,0.18130639999999998
4.5451e-08,0.1764465999999999
4.5453e-08,0.17148759999999996
4.5455e-08,0.1664373
4.5457e-08,0.16130390000000006
4.5459e-08,0.15609479999999998
4.5461e-08,0.15081749999999994
4.5463e-08,0.14547909999999997
4.5465e-08,0.14008639999999994
4.5467e-08,0.13464589999999999
4.5469e-08,0.1291641
4.5471e-08,0.12364699999999995
4.5473e-08,0.1181004
4.5475e-08,0.11252989999999996
4.5477e-08,0.10694100000000006
4.5479e-08,0.1013387
4.5481e-08,0.09572809999999998
4.5483e-08,0.09011389999999997
4.5485e-08,0.08450049999999998
4.5487e-08,0.07889220000000008
4.5489e-08,0.0732933
4.5491e-08,0.06770760000000009
4.5493e-08,0.062138999999999944
4.5495e-08,0.05659080000000005
4.5497e-08,0.051066500000000015
4.5499e-08,0.04556920000000009
4.5501e-08,0.04010200000000008
4.5503e-08,0.034667899999999974
4.5505e-08,0.0292694
4.5507e-08,0.023909100000000016
4.5509e-08,0.01858929999999992
4.5511e-08,0.013312400000000002
4.5513e-08,0.008080499999999935
4.5515e-08,0.002895500000000051
4.5517e-08,-0.0022408000000000428
4.5519e-08,-0.007326700000000019
4.5521e-08,-0.012360499999999996
4.5523e-08,-0.017340799999999934
4.5525e-08,-0.022266200000000014
4.5527e-08,-0.027135699999999985
4.5529e-08,-0.03194790000000003
4.5531e-08,-0.0367019999999999
4.5533e-08,-0.04139680000000001
4.5535e-08,-0.04603170000000001
4.5537e-08,-0.05060589999999998
4.5539e-08,-0.05511860000000002
4.5541e-08,-0.05956930000000005
4.5543e-08,-0.06395780000000006
4.5545e-08,-0.06828319999999999
4.5547e-08,-0.07254539999999998
4.5549e-08,-0.07674419999999993
4.5551e-08,-0.08087919999999993
4.5553e-08,-0.08495039999999998
4.5555e-08,-0.08895770000000003
4.5557e-08,-0.09290100000000001
4.5559e-08,-0.09678030000000004
4.5561e-08,-0.10059569999999995
4.5563e-08,-0.10434750000000004
4.5565e-08,-0.10803550000000006
4.5567e-08,-0.11166009999999993
4.5569e-08,-0.1152217000000001
4.5571e-08,-0.1187203
4.5573e-08,-0.12215640000000005
4.5575e-08,-0.12553040000000004
4.5577e-08,-0.12884249999999997
4.5579e-08,-0.13209320000000002
4.5581e-08,-0.13528299999999993
4.5583e-08,-0.13841230000000004
4.5585e-08,-0.14148159999999999
4.5587e-08,-0.1444915
4.5589e-08,-0.14744239999999997
4.5591e-08,-0.15033490000000005
4.5593e-08,-0.15316960000000002
4.5595e-08,-0.1559471
4.5597e-08,-0.15866789999999997
4.55985e-08,-0.16067169999999997
4.56e-08,-0.16264420000000002
4.56002e-08,-0.16290530000000003
4.56006e-08,-0.16342829999999997
4.56014e-08,-0.16447600000000007
4.5603e-08,-0.16654290000000005
4.5605e-08,-0.16899609999999998
4.5607e-08,-0.17122459999999995
4.5609e-08,-0.17317110000000002
4.5611e-08,-0.17480359999999995
4.5613e-08,-0.17610590000000004
4.5615e-08,-0.1770733000000001
4.5617e-08,-0.17770770000000002
4.5619e-08,-0.17801600000000006
4.5621e-08,-0.17800759999999993
4.5623e-08,-0.17769400000000002
4.5625e-08,-0.17708769999999996
4.5627e-08,-0.17620139999999995
4.5629e-08,-0.1750482000000001
4.5631e-08,-0.1736411
4.5633e-08,-0.17199279999999995
4.5635e-08,-0.17011580000000004
4.5637e-08,-0.16802229999999996
4.5639e-08,-0.16572379999999998
4.5641e-08,-0.16323179999999993
4.5643e-08,-0.16055730000000001
4.5645e-08,-0.15771080000000004
4.5647e-08,-0.15470249999999997
4.5649e-08,-0.15154230000000002
4.5651e-08,-0.14823960000000003
4.5653e-08,-0.14480349999999997
4.5655e-08,-0.1412428
4.5657e-08,-0.13756610000000002
4.5659e-08,-0.13378120000000004
4.5661e-08,-0.12989629999999996
4.5663e-08,-0.1259188
4.5665e-08,-0.1218558999999999
4.5667e-08,-0.11771469999999995
4.5669e-08,-0.11350179999999999
4.5671e-08,-0.10922390000000004
4.5673e-08,-0.1048869
4.5675e-08,-0.10049700000000006
4.5677e-08,-0.09605989999999998
4.5679e-08,-0.09158110000000008
4.5681e-08,-0.08706590000000003
4.5683e-08,-0.08251929999999996
4.5685e-08,-0.07794630000000002
4.5687e-08,-0.07335150000000001
4.5689e-08,-0.0687392
4.5691e-08,-0.064114
4.5693e-08,-0.059479700000000024
4.5695e-08,-0.054840300000000064
4.5697e-08,-0.05019960000000001
4.5699e-08,-0.04556099999999996
4.5701e-08,-0.040927999999999964
4.5703e-08,-0.0363038
4.5705e-08,-0.031691499999999984
4.5707e-08,-0.027093900000000004
4.5709e-08,-0.022513800000000028
4.5711e-08,-0.01795380000000002
4.5713e-08,-0.013416499999999942
4.5715e-08,-0.008904200000000029
4.5717e-08,-0.004418999999999951
4.5719e-08,3.690000000000637e-05
4.5721e-08,0.004461500000000007
4.5723e-08,0.008853099999999947
4.5725e-08,0.013209999999999944
4.5727e-08,0.0175303
4.5729e-08,0.021812799999999966
4.5731e-08,0.02605590000000002
4.5733e-08,0.03025829999999996
4.5735e-08,0.03441890000000003
4.5737e-08,0.038536400000000026
4.5739e-08,0.04260989999999998
4.5741e-08,0.04663850000000003
4.5743e-08,0.05062120000000003
4.5745e-08,0.05455720000000008
4.5747e-08,0.058446
4.5749e-08,0.06228659999999997
4.5751e-08,0.0660788
4.5753e-08,0.06982180000000004
4.5755e-08,0.07351530000000006
4.5757e-08,0.07715889999999992
4.5759e-08,0.0807523
4.5761e-08,0.08429520000000001
4.5763e-08,0.08778740000000007
4.5765e-08,0.09122859999999999
4.5767e-08,0.0946188
4.5769e-08,0.09795799999999999
4.5771e-08,0.10124599999999995
4.5773e-08,0.10448289999999993
4.5775e-08,0.10766870000000006
4.5777e-08,0.11080369999999995
4.5779e-08,0.11388760000000009
4.5781e-08,0.1169209
4.5783e-08,0.1199036
4.5785e-08,0.1228361
4.5787e-08,0.1257184
4.5789e-08,0.12855079999999997
4.5791e-08,0.13133380000000006
4.5793e-08,0.1340675
4.5795e-08,0.1367524
4.5797e-08,0.13938870000000003
4.57985e-08,0.1413342999999999
4.58e-08,0.14325290000000002
4.58002e-08,0.1435071
4.58006e-08,0.1440167
4.58014e-08,0.1450382
4.5803e-08,0.14705610000000002
4.5805e-08,0.14945389999999992
4.5807e-08,0.1516328
4.5809e-08,0.15353510000000004
4.5811e-08,0.1551281
4.5813e-08,0.15639559999999997
4.5815e-08,0.15733240000000004
4.5817e-08,0.15794039999999998
4.5819e-08,0.1582262000000001
4.5821e-08,0.15819919999999998
4.5823e-08,0.15787099999999998
4.5825e-08,0.15725370000000005
4.5827e-08,0.15636019999999995
4.5829e-08,0.15520349999999994
4.5831e-08,0.15379659999999995
4.5833e-08,0.15215220000000007
4.5835e-08,0.15028259999999993
4.5837e-08,0.14820010000000006
4.5839e-08,0.1459163
4.5841e-08,0.1434426000000001
4.5843e-08,0.14078999999999997
4.5845e-08,0.13796909999999996
4.5847e-08,0.1349899
4.5849e-08,0.13186240000000005
4.5851e-08,0.12859580000000004
4.5853e-08,0.12519950000000002
4.5855e-08,0.12168210000000002
4.5857e-08,0.11805180000000004
4.5859e-08,0.11431710000000006
4.5861e-08,0.11048570000000002
4.5863e-08,0.10656500000000002
4.5865e-08,0.10256220000000005
4.5867e-08,0.09848429999999997
4.5869e-08,0.09433809999999998
4.5871e-08,0.09012969999999998
4.5873e-08,0.08586550000000004
4.5875e-08,0.08155139999999994
4.5877e-08,0.07719290000000001
4.5879e-08,0.07279570000000002
4.5881e-08,0.06836479999999989
4.5883e-08,0.0639052
4.5885e-08,0.05942190000000003
4.5887e-08,0.05491920000000006
4.5889e-08,0.050401700000000105
4.5891e-08,0.04587350000000001
4.5893e-08,0.04133870000000006
4.5895e-08,0.036800900000000025
4.5897e-08,0.03226390000000001
4.5899e-08,0.02773110000000001
4.5901e-08,0.023205800000000054
4.5903e-08,0.01869120000000002
4.5905e-08,0.014190299999999989
4.5907e-08,0.009705800000000098
4.5909e-08,0.005240500000000092
4.5911e-08,0.0007967999999999309
4.5913e-08,-0.0036228999999999845
4.5915e-08,-0.00801609999999997
4.5917e-08,-0.012380999999999975
4.5919e-08,-0.016715499999999994
4.5921e-08,-0.02101749999999991
4.5923e-08,-0.025285400000000013
4.5925e-08,-0.02951769999999998
4.5927e-08,-0.03371259999999998
4.5929e-08,-0.03786869999999998
4.5931e-08,-0.041984699999999986
4.5933e-08,-0.04605949999999992
4.5935e-08,-0.05009189999999997
4.5937e-08,-0.05408069999999998
4.5939e-08,-0.05802499999999999
4.5941e-08,-0.06192399999999998
4.5943e-08,-0.06577680000000008
4.5945e-08,-0.0695827
4.5947e-08,-0.07334099999999999
4.5949e-08,-0.07705119999999999
4.5951e-08,-0.08071270000000008
4.5953e-08,-0.08432510000000004
4.5955e-08,-0.08788799999999997
4.5957e-08,-0.09140110000000001
4.5959e-08,-0.09486400000000006
4.5961e-08,-0.09827649999999999
4.5963e-08,-0.10163870000000008
4.5965e-08,-0.10494999999999999
4.5967e-08,-0.10821069999999999
4.5969e-08,-0.11142070000000004
4.5971e-08,-0.11457970000000006
4.5973e-08,-0.11768820000000002
4.5975e-08,-0.12074600000000002
4.5977e-08,-0.12375330000000007
4.5979e-08,-0.1267102
4.5981e-08,-0.12961689999999992
4.5983e-08,-0.13247360000000008
4.5985e-08,-0.13528059999999997
4.5987e-08,-0.138038
4.5989e-08,-0.1407463
4.5991e-08,-0.14340580000000003
4.5993e-08,-0.1460165
4.5995e-08,-0.14857920000000002
4.5997e-08,-0.15109399999999995
4.59985e-08,-0.15294889999999994
4.6e-08,-0.1547773
4.60002e-08,-0.1550188
4.60006e-08,-0.155501
4.60014e-08,-0.1564597000000001
4.6003e-08,-0.15835490000000008
4.6005e-08,-0.1606824
4.6007e-08,-0.16296429999999995
4.6009e-08,-0.16520080000000004
4.6011e-08,-0.1673926
4.6013e-08,-0.16954009999999997
4.6015e-08,-0.1716436
4.6017e-08,-0.17370379999999996
4.6019e-08,-0.17572110000000007
4.6021e-08,-0.17769610000000002
4.6023e-08,-0.1796293
4.6025e-08,-0.18152120000000005
4.6027e-08,-0.18337229999999993
4.6029e-08,-0.18518310000000004
4.6031e-08,-0.1869542999999999
4.6033e-08,-0.18868620000000003
4.6035e-08,-0.19037949999999992
4.6037e-08,-0.19203480000000006
4.6039e-08,-0.1936523
4.6041e-08,-0.19523290000000004
4.6043e-08,-0.19677699999999998
4.6045e-08,-0.1982851
4.6047e-08,-0.19975779999999999
4.6049e-08,-0.20119560000000003
4.6051e-08,-0.20259910000000003
4.6053e-08,-0.2039687
4.6055e-08,-0.20530510000000002
4.6057e-08,-0.20660859999999992
4.6059e-08,-0.20787999999999995
4.6061e-08,-0.20911960000000007
4.6063e-08,-0.21032810000000002
4.6065e-08,-0.21150590000000002
4.6067e-08,-0.2126534
4.6069e-08,-0.21377140000000006
4.6071e-08,-0.21486020000000006
4.6073e-08,-0.21592029999999995
4.6075e-08,-0.21695240000000005
4.6077e-08,-0.2179567
4.6079e-08,-0.21893390000000001
4.6081e-08,-0.21988439999999998
4.6083e-08,-0.22080880000000003
4.6085e-08,-0.22170730000000005
4.6087e-08,-0.22258060000000002
4.6089e-08,-0.22342909999999994
4.6091e-08,-0.22425320000000004
4.6093e-08,-0.22505360000000008
4.6095e-08,-0.2258304
4.6097e-08,-0.22658429999999996
4.6099e-08,-0.22731559999999995
4.6101e-08,-0.22802469999999997
4.6103e-08,-0.22871220000000003
4.6105e-08,-0.22937839999999998
4.6107e-08,-0.2300238
4.6109e-08,-0.23064869999999993
4.6111e-08,-0.2312537
4.6113e-08,-0.23183889999999996
4.6115e-08,-0.23240490000000003
4.6117e-08,-0.2329521
4.6119e-08,-0.2334807000000001
4.6121e-08,-0.23399139999999996
4.6123e-08,-0.2344843000000001
4.6125e-08,-0.2349599
4.6127e-08,-0.23541850000000009
4.6129e-08,-0.23586050000000003
4.6131e-08,-0.2362862
4.6133e-08,-0.2366959999999999
4.6135e-08,-0.23709020000000003
4.6137e-08,-0.23746919999999994
4.6139e-08,-0.23783329999999991
4.6141e-08,-0.23818280000000003
4.6143e-08,-0.238518
4.6145e-08,-0.2388393000000001
4.6147e-08,-0.239147
4.6149e-08,-0.23944130000000008
4.6151e-08,-0.2397226
4.6153e-08,-0.23999120000000007
4.6155e-08,-0.24024730000000005
4.6157e-08,-0.24049140000000002
4.6159e-08,-0.24072360000000004
4.6161e-08,-0.2409441
4.6163e-08,-0.24115330000000001
4.6165e-08,-0.24135150000000005
4.6167e-08,-0.2415389
4.6169e-08,-0.24171589999999998
4.6171e-08,-0.2418825
4.6173e-08,-0.24203909999999995
4.6175e-08,-0.242186
4.6177e-08,-0.24232319999999996
4.6179e-08,-0.24245129999999993
4.6181e-08,-0.24257020000000007
4.6183e-08,-0.24268029999999996
4.6185e-08,-0.24278179999999994
4.6187e-08,-0.24287500000000006
4.6189e-08,-0.2429599
4.6191e-08,-0.2430369
4.6193e-08,-0.24310619999999994
4.6195e-08,-0.2431679
4.6197e-08,-0.2432223
4.61985e-08,-0.24325829999999993
4.62e-08,-0.24329040000000002
4.62002e-08,-0.24329440000000002
4.62006e-08,-0.24330220000000002
4.62014e-08,-0.24331690000000006
4.6203e-08,-0.24334310000000003
4.6205e-08,-0.24337010000000003
4.6207e-08,-0.2433906
4.6209e-08,-0.24340490000000004
4.6211e-08,-0.2434132000000001
4.6213e-08,-0.24341559999999995
4.6215e-08,-0.24341230000000003
4.6217e-08,-0.2434035
4.6219e-08,-0.24338929999999992
4.6221e-08,-0.24336979999999997
4.6223e-08,-0.24334540000000005
4.6225e-08,-0.24331599999999998
4.6227e-08,-0.24328190000000005
4.6229e-08,-0.24324309999999993
4.6231e-08,-0.24319979999999997
4.6233e-08,-0.2431523000000001
4.6235e-08,-0.2431006
4.6237e-08,-0.24304480000000006
4.6239e-08,-0.24298510000000006
4.6241e-08,-0.2429215
4.6243e-08,-0.24285430000000008
4.6245e-08,-0.24278369999999994
4.6247e-08,-0.2427094999999999
4.6249e-08,-0.24263199999999996
4.6251e-08,-0.24255139999999997
4.6253e-08,-0.24246770000000006
4.6255e-08,-0.24238099999999996
4.6257e-08,-0.2422915000000001
4.6259e-08,-0.24219919999999995
4.6261e-08,-0.24210429999999994
4.6263e-08,-0.2420066999999999
4.6265e-08,-0.24190679999999998
4.6267e-08,-0.2418045000000001
4.6269e-08,-0.24169989999999997
4.6271e-08,-0.24159319999999995
4.6273e-08,-0.24148440000000004
4.6275e-08,-0.24137360000000008
4.6277e-08,-0.24126099999999995
4.6279e-08,-0.24114650000000004
4.6281e-08,-0.24103030000000003
4.6283e-08,-0.24091229999999997
4.6285e-08,-0.24079289999999998
4.6287e-08,-0.24067189999999994
4.6289e-08,-0.24054949999999997
4.6291e-08,-0.24042569999999996
4.6293e-08,-0.24030079999999998
4.6295e-08,-0.24017449999999996
4.6297e-08,-0.24004710000000007
4.6299e-08,-0.23991859999999998
4.6301e-08,-0.2397891000000001
4.6303e-08,-0.23965879999999995
4.6305e-08,-0.23952739999999995
4.6307e-08,-0.23939520000000003
4.6309e-08,-0.23926230000000004
4.6311e-08,-0.2391285999999999
4.6313e-08,-0.2389943
4.6315e-08,-0.23885940000000006
4.6317e-08,-0.23872379999999993
4.6319e-08,-0.23858790000000007
4.6321e-08,-0.23845139999999998
4.6323e-08,-0.23831449999999998
4.6325e-08,-0.23817730000000004
4.6327e-08,-0.23803970000000008
4.6329e-08,-0.23790179999999994
4.6331e-08,-0.23776379999999997
4.6333e-08,-0.23762550000000005
4.6335e-08,-0.23748710000000006
4.6337e-08,-0.23734860000000002
4.6339e-08,-0.23720989999999997
4.6341e-08,-0.2370713000000001
4.6343e-08,-0.2369327
4.6345e-08,-0.23679400000000006
4.6347e-08,-0.2366554999999999
4.6349e-08,-0.23651709999999992
4.6351e-08,-0.2363788
4.6353e-08,-0.2362405999999999
4.6355e-08,-0.2361027
4.6357e-08,-0.23596490000000003
4.6359e-08,-0.23582750000000008
4.6361e-08,-0.23569019999999996
4.6363e-08,-0.23555340000000002
4.6365e-08,-0.23541679999999998
4.6367e-08,-0.2352805
4.6369e-08,-0.23514469999999998
4.6371e-08,-0.23500920000000003
4.6373e-08,-0.23487420000000003
4.6375e-08,-0.2347397
4.6377e-08,-0.23460550000000002
4.6379e-08,-0.23447190000000007
4.6381e-08,-0.23433879999999996
4.6383e-08,-0.23420620000000003
4.6385e-08,-0.23407409999999995
4.6387e-08,-0.23394249999999994
4.6389e-08,-0.2338116
4.6391e-08,-0.23368120000000003
4.6393e-08,-0.23355150000000002
4.6395e-08,-0.23342229999999997
4.6397e-08,-0.2332938
4.63985e-08,-0.23319789999999996
4.64e-08,-0.23310229999999998
4.64002e-08,-0.23309029999999997
4.64006e-08,-0.2330683
4.64014e-08,-0.23303269999999998
4.6403e-08,-0.2329599
4.6405e-08,-0.2327901
4.6407e-08,-0.23245320000000003
4.6409e-08,-0.231892
4.6411e-08,-0.2310736
4.6413e-08,-0.229981
4.6415e-08,-0.22860809999999998
4.6417e-08,-0.22695559999999992
4.6419e-08,-0.22502870000000008
4.6421e-08,-0.22283560000000002
4.6423e-08,-0.22038630000000003
4.6425e-08,-0.21769190000000005
4.6427e-08,-0.2147637
4.6429e-08,-0.21161370000000002
4.6431e-08,-0.20825359999999993
4.6433e-08,-0.20469510000000002
4.6435e-08,-0.20094960000000006
4.6437e-08,-0.19702830000000005
4.6439e-08,-0.19294200000000006
4.6441e-08,-0.18870130000000007
4.6443e-08,-0.1843163
4.6445e-08,-0.17979710000000004
4.6447e-08,-0.175153
4.6449e-08,-0.17039320000000002
4.6451e-08,-0.16552670000000003
4.6453e-08,-0.1605622
4.6455e-08,-0.15550779999999997
4.6457e-08,-0.15037139999999993
4.6459e-08,-0.14516099999999998
4.6461e-08,-0.13988370000000006
4.6463e-08,-0.13454690000000002
4.6465e-08,-0.12915739999999998
4.6467e-08,-0.12372159999999999
4.6469e-08,-0.11824620000000008
4.6471e-08,-0.11273700000000009
4.6473e-08,-0.10719990000000001
4.6475e-08,-0.10164079999999998
4.6477e-08,-0.09606490000000001
4.6479e-08,-0.09047729999999998
4.6481e-08,-0.08488289999999998
4.6483e-08,-0.07928670000000004
4.6485e-08,-0.0736929999999999
4.6487e-08,-0.068106
4.6489e-08,-0.06253010000000003
4.6491e-08,-0.05696889999999999
4.6493e-08,-0.051426300000000036
4.6495e-08,-0.045905899999999944
4.6497e-08,-0.04041090000000003
4.6499e-08,-0.03494429999999993
4.6501e-08,-0.029509399999999908
4.6503e-08,-0.024109000000000047
4.6505e-08,-0.018745699999999976
4.6507e-08,-0.013421899999999987
4.6509e-08,-0.008140099999999983
4.6511e-08,-0.0029022999999999133
4.6513e-08,0.0022891999999999912
4.6515e-08,0.007432500000000064
4.6517e-08,0.012525800000000031
4.6519e-08,0.017567600000000017
4.6521e-08,0.022556200000000026
4.6523e-08,0.02749020000000002
4.6525e-08,0.032368300000000017
4.6527e-08,0.03718929999999998
4.6529e-08,0.041952199999999995
4.6531e-08,0.04665589999999997
4.6533e-08,0.0512996
4.6535e-08,0.0558824
4.6537e-08,0.06040380000000001
4.6539e-08,0.0648628
4.6541e-08,0.06925930000000002
4.6543e-08,0.07359260000000001
4.6545e-08,0.07786230000000005
4.6547e-08,0.08206820000000004
4.6549e-08,0.08621000000000001
4.6551e-08,0.09028749999999997
4.6553e-08,0.09430059999999996
4.6555e-08,0.09824929999999998
4.6557e-08,0.10213360000000005
4.6559e-08,0.10595339999999998
4.6561e-08,0.10970900000000006
4.6563e-08,0.11340039999999996
4.6565e-08,0.11702789999999996
4.6567e-08,0.12059169999999997
4.6569e-08,0.12409199999999998
4.6571e-08,0.1275291999999999
4.6573e-08,0.1309036
4.6575e-08,0.13421570000000005
4.6577e-08,0.13746570000000002
4.6579e-08,0.1406541
4.6581e-08,0.14378159999999995
4.6583e-08,0.14684830000000004
4.6585e-08,0.14985510000000002
4.6587e-08,0.1528022
4.6589e-08,0.1556904
4.6591e-08,0.1585202
4.6593e-08,0.16129209999999994
4.6595e-08,0.1640068
4.6597e-08,0.16666479999999995
4.65985e-08,0.16862159999999993
4.66e-08,0.17055569999999998
4.66002e-08,0.17081259999999998
4.66006e-08,0.17132619999999998
4.66014e-08,0.17234870000000002
4.6603e-08,0.1743418
4.6605e-08,0.17667160000000004
4.6607e-08,0.17875419999999997
4.6609e-08,0.18054249999999994
4.6611e-08,0.18201049999999996
4.6613e-08,0.1831469
4.6615e-08,0.18394919999999992
4.6617e-08,0.18442139999999996
4.6619e-08,0.1845715
4.6621e-08,0.1844095
4.6623e-08,0.18394739999999998
4.6625e-08,0.18319779999999997
4.6627e-08,0.18217320000000004
4.6629e-08,0.18088709999999997
4.6631e-08,0.1793519
4.6633e-08,0.17758050000000003
4.6635e-08,0.175585
4.6637e-08,0.17337749999999996
4.6639e-08,0.1709693000000001
4.6641e-08,0.16837199999999997
4.6643e-08,0.16559590000000002
4.6645e-08,0.16265170000000007
4.6647e-08,0.15954939999999995
4.6649e-08,0.1562985
4.6651e-08,0.15290859999999995
4.6653e-08,0.14938839999999998
4.6655e-08,0.1457467
4.6657e-08,0.1419916
4.6659e-08,0.13813140000000002
4.6661e-08,0.13417369999999995
4.6663e-08,0.13012590000000002
4.6665e-08,0.12599510000000003
4.6667e-08,0.12178840000000002
4.6669e-08,0.11751219999999996
4.6671e-08,0.11317299999999997
4.6673e-08,0.10877690000000007
4.6675e-08,0.10432969999999997
4.6677e-08,0.09983719999999996
4.6679e-08,0.09530479999999997
4.6681e-08,0.09073759999999997
4.6683e-08,0.08614080000000002
4.6685e-08,0.08151900000000001
4.6687e-08,0.07687690000000003
4.6689e-08,0.07221889999999997
4.6691e-08,0.06754910000000003
4.6693e-08,0.06287169999999997
4.6695e-08,0.058190399999999975
4.6697e-08,0.05350899999999992
4.6699e-08,0.04883090000000001
4.6701e-08,0.04415940000000007
4.6703e-08,0.03949769999999997
4.6705e-08,0.03484900000000002
4.6707e-08,0.03021599999999991
4.6709e-08,0.025601500000000055
4.6711e-08,0.02100789999999997
4.6713e-08,0.016437800000000058
4.6715e-08,0.01189360000000006
4.6717e-08,0.007377300000000031
4.6719e-08,0.002891000000000088
4.6721e-08,-0.0015633999999999926
4.6723e-08,-0.005983999999999989
4.6725e-08,-0.010369200000000078
4.6727e-08,-0.014717300000000044
4.6729e-08,-0.01902680000000001
4.6731e-08,-0.023296399999999995
4.6733e-08,-0.027524800000000016
4.6735e-08,-0.03171080000000004
4.6737e-08,-0.03585329999999998
4.6739e-08,-0.03995130000000002
4.6741e-08,-0.044003799999999926
4.6743e-08,-0.04801
4.6745e-08,-0.051969299999999996
4.6747e-08,-0.05588060000000006
4.6749e-08,-0.05974360000000001
4.6751e-08,-0.06355769999999994
4.6753e-08,-0.06732230000000006
4.6755e-08,-0.07103700000000002
4.6757e-08,-0.07470149999999998
4.6759e-08,-0.07831540000000003
4.6761e-08,-0.08187849999999997
4.6763e-08,-0.0853906000000001
4.6765e-08,-0.08885160000000003
4.6767e-08,-0.09226129999999999
4.6769e-08,-0.09561949999999997
4.6771e-08,-0.09892650000000003
4.6773e-08,-0.102182
4.6775e-08,-0.10538619999999999
4.6777e-08,-0.1085393
4.6779e-08,-0.1116412
4.6781e-08,-0.11469230000000008
4.6783e-08,-0.11769259999999993
4.6785e-08,-0.12064239999999993
4.6787e-08,-0.12354189999999998
4.6789e-08,-0.1263915
4.6791e-08,-0.1291912999999999
4.6793e-08,-0.1319418
4.6795e-08,-0.13464310000000002
4.6797e-08,-0.13729579999999997
4.67985e-08,-0.13925350000000003
4.68e-08,-0.14118429999999993
4.68002e-08,-0.14143950000000005
4.68006e-08,-0.14194870000000004
4.68014e-08,-0.14296180000000003
4.6803e-08,-0.144965
4.6805e-08,-0.14742690000000003
4.6807e-08,-0.14984219999999993
4.6809e-08,-0.15221129999999994
4.6811e-08,-0.15453459999999997
4.6813e-08,-0.15681259999999997
4.6815e-08,-0.15904580000000001
4.6817e-08,-0.16123469999999995
4.6819e-08,-0.16337980000000007
4.6821e-08,-0.1654818
4.6823e-08,-0.16754080000000005
4.6825e-08,-0.16955760000000009
4.6827e-08,-0.17153259999999992
4.6829e-08,-0.17346640000000002
4.6831e-08,-0.17535959999999995
4.6833e-08,-0.17721259999999994
4.6835e-08,-0.1790258
4.6837e-08,-0.18080010000000002
4.6839e-08,-0.18253589999999997
4.6841e-08,-0.18423369999999994
4.6843e-08,-0.18589390000000006
4.6845e-08,-0.18751720000000005
4.6847e-08,-0.1891041
4.6849e-08,-0.1906551999999999
4.6851e-08,-0.19217090000000003
4.6853e-08,-0.1936519
4.6855e-08,-0.1950986
4.6857e-08,-0.1965116
4.6859e-08,-0.1978915
4.6861e-08,-0.1992387
4.6863e-08,-0.20055369999999995
4.6865e-08,-0.2018371
4.6867e-08,-0.2030894000000001
4.6869e-08,-0.20431109999999997
4.6871e-08,-0.20550269999999993
4.6873e-08,-0.20666479999999998
4.6875e-08,-0.20779780000000003
4.6877e-08,-0.20890229999999999
4.6879e-08,-0.20997860000000002
4.6881e-08,-0.21102739999999998
4.6883e-08,-0.21204899999999993
4.6885e-08,-0.213044
4.6887e-08,-0.21401290000000006
4.6889e-08,-0.21495609999999998
4.6891e-08,-0.21587409999999996
4.6893e-08,-0.2167673
4.6895e-08,-0.21763619999999995
4.6897e-08,-0.21848119999999993
4.6899e-08,-0.21930280000000002
4.6901e-08,-0.22010149999999995
4.6903e-08,-0.2208776
4.6905e-08,-0.22163160000000004
4.6907e-08,-0.222364
4.6909e-08,-0.22307489999999996
4.6911e-08,-0.2237652
4.6913e-08,-0.2244349
4.6915e-08,-0.2250844999999999
4.6917e-08,-0.22571450000000004
4.6919e-08,-0.2263254
4.6921e-08,-0.22691709999999998
4.6923e-08,-0.2274906
4.6925e-08,-0.22804579999999997
4.6927e-08,-0.22858330000000004
4.6929e-08,-0.22910339999999996
4.6931e-08,-0.22960649999999994
4.6933e-08,-0.23009289999999993
4.6935e-08,-0.23056290000000002
4.6937e-08,-0.23101699999999992
4.6939e-08,-0.23145539999999998
4.6941e-08,-0.23187839999999993
4.6943e-08,-0.2322866
4.6945e-08,-0.23268
4.6947e-08,-0.23305909999999996
4.6949e-08,-0.23342419999999997
4.6951e-08,-0.23377539999999997
4.6953e-08,-0.23411330000000008
4.6955e-08,-0.23443799999999992
4.6957e-08,-0.2347499999999999
4.6959e-08,-0.23504930000000002
4.6961e-08,-0.23533629999999994
4.6963e-08,-0.23561149999999997
4.6965e-08,-0.2358749
4.6967e-08,-0.23612679999999997
4.6969e-08,-0.23636749999999995
4.6971e-08,-0.2365973
4.6973e-08,-0.23681640000000004
4.6975e-08,-0.23702520000000005
4.6977e-08,-0.23722370000000004
4.6979e-08,-0.23741230000000002
4.6981e-08,-0.2375912
4.6983e-08,-0.2377608
4.6985e-08,-0.23792100000000005
4.6987e-08,-0.23807219999999996
4.6989e-08,-0.23821479999999995
4.6991e-08,-0.23834869999999997
4.6993e-08,-0.23847419999999997
4.6995e-08,-0.23859160000000001
4.6997e-08,-0.2387011
4.69985e-08,-0.23877819999999994
4.7e-08,-0.23885089999999998
4.70002e-08,-0.23886030000000003
4.70006e-08,-0.23887879999999995
4.70014e-08,-0.238915
4.7003e-08,-0.23898390000000003
4.7005e-08,-0.23906360000000004
4.7007e-08,-0.23913649999999997
4.7009e-08,-0.23920239999999993
4.7011e-08,-0.23926190000000003
4.7013e-08,-0.2393149
4.7015e-08,-0.23936160000000006
4.7017e-08,-0.23940229999999996
4.7019e-08,-0.239437
4.7021e-08,-0.23946610000000002
4.7023e-08,-0.23948959999999997
4.7025e-08,-0.2395075000000001
4.7027e-08,-0.23952039999999997
4.7029e-08,-0.23952790000000002
4.7031e-08,-0.23953060000000004
4.7033e-08,-0.23952839999999997
4.7035e-08,-0.23952150000000005
4.7037e-08,-0.23951009999999995
4.7039e-08,-0.2394942000000001
4.7041e-08,-0.23947410000000002
4.7043e-08,-0.2394499
4.7045e-08,-0.2394215999999999
4.7047e-08,-0.23938939999999997
4.7049e-08,-0.2393535
4.7051e-08,-0.2393137999999999
4.7053e-08,-0.2392706
4.7055e-08,-0.23922410000000005
4.7057e-08,-0.2391742
4.7059e-08,-0.23912109999999998
4.7061e-08,-0.23906500000000008
4.7063e-08,-0.23900579999999993
4.7065e-08,-0.23894379999999993
4.7067e-08,-0.2388789
4.7069e-08,-0.23881149999999995
4.7071e-08,-0.2387414
4.7073e-08,-0.23866869999999996
4.7075e-08,-0.23859380000000008
4.7077e-08,-0.23851650000000002
4.7079e-08,-0.2384369999999999
4.7081e-08,-0.23835530000000005
4.7083e-08,-0.23827160000000003
4.7085e-08,-0.238186
4.7087e-08,-0.23809839999999993
4.7089e-08,-0.23800889999999997
4.7091e-08,-0.23791790000000002
4.7093e-08,-0.23782499999999995
4.7095e-08,-0.23773069999999996
4.7097e-08,-0.23763480000000003
4.7099e-08,-0.2375374
4.7101e-08,-0.23743879999999995
4.7103e-08,-0.23733859999999996
4.7105e-08,-0.23723740000000004
4.7107e-08,-0.23713490000000004
4.7109e-08,-0.23703130000000006
4.7111e-08,-0.23692669999999993
4.7113e-08,-0.2368209
4.7115e-08,-0.23671430000000004
4.7117e-08,-0.2366068
4.7119e-08,-0.2364984
4.7121e-08,-0.23638930000000002
4.7123e-08,-0.23627939999999992
4.7125e-08,-0.23616880000000007
4.7127e-08,-0.23605749999999992
4.7129e-08,-0.23594570000000004
4.7131e-08,-0.23583339999999997
4.7133e-08,-0.2357205
4.7135e-08,-0.23560709999999996
4.7137e-08,-0.23549339999999996
4.7139e-08,-0.23537930000000007
4.7141e-08,-0.23526480000000005
4.7143e-08,-0.23515010000000003
4.7145e-08,-0.23503510000000005
4.7147e-08,-0.2349198
4.7149e-08,-0.23480449999999997
4.7151e-08,-0.23468889999999998
4.7153e-08,-0.23457329999999998
4.7155e-08,-0.23445740000000004
4.7157e-08,-0.2343417
4.7159e-08,-0.23422580000000004
4.7161e-08,-0.23411000000000004
4.7163e-08,-0.23399420000000004
4.7165e-08,-0.2338785
4.7167e-08,-0.2337629
4.7169e-08,-0.23364739999999995
4.7171e-08,-0.23353210000000002
4.7173e-08,-0.23341679999999998
4.7175e-08,-0.23330189999999995
4.7177e-08,-0.23318709999999998
4.7179e-08,-0.23307250000000002
4.7181e-08,-0.23295829999999995
4.7183e-08,-0.2328443
4.7185e-08,-0.2327306
4.7187e-08,-0.23261730000000003
4.7189e-08,-0.23250419999999994
4.7191e-08,-0.2323917000000001
4.7193e-08,-0.23227940000000002
4.7195e-08,-0.23216749999999997
4.7197e-08,-0.23205600000000004
4.71985e-08,-0.23197270000000003
4.72e-08,-0.23188959999999992
4.72002e-08,-0.23187939999999996
4.72006e-08,-0.23186060000000008
4.72014e-08,-0.23183160000000003
4.7203e-08,-0.23177190000000003
4.7205e-08,-0.2316182
4.7207e-08,-0.23129719999999998
4.7209e-08,-0.2307515
4.7211e-08,-0.2299483
4.7213e-08,-0.22887060000000004
4.7215e-08,-0.22751239999999995
4.7217e-08,-0.22587409999999997
4.7219e-08,-0.22396130000000003
4.7221e-08,-0.22178189999999998
4.7223e-08,-0.21934619999999994
4.7225e-08,-0.21666490000000005
4.7227e-08,-0.2137498
4.7229e-08,-0.2106127000000001
4.7231e-08,-0.20726519999999993
4.7233e-08,-0.2037192
4.7235e-08,-0.19998589999999994
4.7237e-08,-0.1960767
4.7239e-08,-0.19200240000000002
4.7241e-08,-0.1877736000000001
4.7243e-08,-0.18340040000000002
4.7245e-08,-0.17889260000000007
4.7247e-08,-0.17425999999999997
4.7249e-08,-0.16951150000000004
4.7251e-08,-0.16465629999999998
4.7253e-08,-0.15970280000000003
4.7255e-08,-0.15465949999999995
4.7257e-08,-0.14953399999999994
4.7259e-08,-0.14433450000000003
4.7261e-08,-0.1390678999999999
4.7263e-08,-0.1337417999999999
4.7265e-08,-0.1283628
4.7267e-08,-0.12293750000000003
4.7269e-08,-0.11747240000000003
4.7271e-08,-0.11197350000000006
4.7273e-08,-0.1064467
4.7275e-08,-0.10089769999999998
4.7277e-08,-0.09533179999999997
4.7279e-08,-0.08975410000000006
4.7281e-08,-0.08416970000000001
4.7283e-08,-0.07858319999999996
4.7285e-08,-0.07299909999999998
4.7287e-08,-0.06742189999999992
4.7289e-08,-0.061855400000000005
4.7291e-08,-0.05630369999999996
4.7293e-08,-0.0507706
4.7295e-08,-0.0452593
4.7297e-08,-0.03977339999999996
4.7299e-08,-0.03431610000000007
4.7301e-08,-0.028890199999999977
4.7303e-08,-0.023498600000000036
4.7305e-08,-0.018144099999999996
4.7307e-08,-0.01282899999999998
4.7309e-08,-0.007555800000000001
4.7311e-08,-0.002326700000000015
4.7313e-08,0.002856300000000034
4.7315e-08,0.007991300000000034
4.7317e-08,0.013076500000000046
4.7319e-08,0.01811000000000007
4.7321e-08,0.02309059999999996
4.7323e-08,0.028016700000000005
4.7325e-08,0.03288690000000005
4.7327e-08,0.03770020000000007
4.7329e-08,0.04245540000000003
4.7331e-08,0.04715159999999996
4.7333e-08,0.05178780000000005
4.7335e-08,0.05636320000000006
4.7337e-08,0.060877199999999965
4.7339e-08,0.06532920000000009
4.7341e-08,0.06971850000000002
4.7343e-08,0.07404480000000002
4.7345e-08,0.07830760000000003
4.7347e-08,0.08250669999999993
4.7349e-08,0.08664179999999999
4.7351e-08,0.09071260000000003
4.7353e-08,0.09471919999999989
4.7355e-08,0.09866160000000002
4.7357e-08,0.1025395
4.7359e-08,0.10635300000000003
4.7361e-08,0.11010240000000004
4.7363e-08,0.11378790000000005
4.7365e-08,0.11740930000000005
4.7367e-08,0.12096719999999994
4.7369e-08,0.12446170000000001
4.7371e-08,0.12789319999999993
4.7373e-08,0.131262
4.7375e-08,0.13456849999999998
4.7377e-08,0.13781310000000002
4.7379e-08,0.1409961999999999
4.7381e-08,0.14411820000000009
4.7383e-08,0.14717990000000003
4.7385e-08,0.1501813999999999
4.7387e-08,0.15312349999999997
4.7389e-08,0.15600670000000005
4.7391e-08,0.15883160000000007
4.7393e-08,0.16159860000000004
4.7395e-08,0.16430860000000003
4.7397e-08,0.1669619
4.73985e-08,0.16891519999999993
4.74e-08,0.17083720000000002
4.74002e-08,0.17109089999999993
4.74006e-08,0.17159710000000006
4.74014e-08,0.1726029
4.7403e-08,0.1745886000000001
4.7405e-08,0.17702229999999997
4.7407e-08,0.17940259999999997
4.7409e-08,0.18173050000000002
4.7411e-08,0.1840062
4.7413e-08,0.18623080000000003
4.7415e-08,0.1884049
4.7417e-08,0.19052900000000006
4.7419e-08,0.192604
4.7421e-08,0.1946304000000001
4.7423e-08,0.19660909999999998
4.7425e-08,0.19854079999999996
4.7427e-08,0.200426
4.7429e-08,0.2022655
4.7431e-08,0.20406020000000002
4.7433e-08,0.2058105
4.7435e-08,0.20751720000000007
4.7437e-08,0.20918100000000006
4.7439e-08,0.2108027
4.7441e-08,0.21238279999999998
4.7443e-08,0.2139221
4.7445e-08,0.2154212000000001
4.7447e-08,0.21688089999999993
4.7449e-08,0.2183018
4.7451e-08,0.21968449999999995
4.7453e-08,0.22102979999999994
4.7455e-08,0.22233819999999993
4.7457e-08,0.2236104
4.7459e-08,0.22484709999999997
4.7461e-08,0.2260489
4.7463e-08,0.22721639999999999
4.7465e-08,0.2283503
4.7467e-08,0.22945110000000002
4.7469e-08,0.23051960000000005
4.7471e-08,0.2315562
4.7473e-08,0.23256159999999992
4.7475e-08,0.23353650000000004
4.7477e-08,0.23448119999999995
4.7479e-08,0.2353965
4.7481e-08,0.2362829999999999
4.7483e-08,0.2371411
4.7485e-08,0.2379715
4.7487e-08,0.2387747
4.7489e-08,0.23955120000000008
4.7491e-08,0.24030150000000006
4.7493e-08,0.24102630000000003
4.7495e-08,0.24172590000000005
4.7497e-08,0.2424010000000001
4.7499e-08,0.2430521
4.7501e-08,0.2436796
4.7503e-08,0.24428399999999995
4.7505e-08,0.24486580000000002
4.7507e-08,0.24542549999999996
4.7509e-08,0.24596359999999995
4.7511e-08,0.24648060000000005
4.7513e-08,0.2469768
4.7515e-08,0.24745270000000008
4.7517e-08,0.2479089
4.7519e-08,0.2483457
4.7521e-08,0.24876350000000003
4.7523e-08,0.2491627999999999
4.7525e-08,0.249544
4.7527e-08,0.24990749999999995
4.7529e-08,0.2502537
4.7531e-08,0.250583
4.7533e-08,0.25089569999999994
4.7535e-08,0.2511924
4.7537e-08,0.25147340000000007
4.7539e-08,0.2517389
4.7541e-08,0.25198940000000003
4.7543e-08,0.2522253
4.7545e-08,0.25244690000000003
4.7547e-08,0.2526545
4.7549e-08,0.25284850000000003
4.7551e-08,0.2530293
4.7553e-08,0.253197
4.7555e-08,0.2533521999999999
4.7557e-08,0.2534951000000001
4.7559e-08,0.25362590000000007
4.7561e-08,0.25374509999999995
4.7563e-08,0.25385290000000005
4.7565e-08,0.2539496
4.7567e-08,0.25403549999999997
4.7569e-08,0.25411079999999997
4.7571e-08,0.2541758999999999
4.7573e-08,0.25423110000000004
4.7575e-08,0.25427639999999996
4.7577e-08,0.25431250000000005
4.7579e-08,0.25433929999999993
4.7581e-08,0.25435719999999995
4.7583e-08,0.2543664
4.7585e-08,0.2543671999999999
4.7587e-08,0.2543597999999999
4.7589e-08,0.2543444
4.7591e-08,0.25432140000000003
4.7593e-08,0.25429080000000004
4.7595e-08,0.2542529
4.7597e-08,0.254208
4.75985e-08,0.25416989999999995
4.76e-08,0.25412789999999996
4.76002e-08,0.2541228
4.76006e-08,0.2541141
4.76014e-08,0.2541046
4.7603e-08,0.254081
4.7605e-08,0.25396740000000007
4.7607e-08,0.25368180000000007
4.7609e-08,0.25316760000000005
4.7611e-08,0.25239219999999996
4.7613e-08,0.251339
4.7615e-08,0.25000200000000006
4.7617e-08,0.248382
4.7619e-08,0.24648419999999993
4.7621e-08,0.2443168
4.7623e-08,0.24188969999999999
4.7625e-08,0.23921380000000003
4.7627e-08,0.23630070000000003
4.7629e-08,0.23316189999999992
4.7631e-08,0.2298093
4.7633e-08,0.22625430000000002
4.7635e-08,0.22250839999999994
4.7637e-08,0.21858270000000002
4.7639e-08,0.214488
4.7641e-08,0.2102347
4.7643e-08,0.20583300000000004
4.7645e-08,0.2012927
4.7647e-08,0.19662329999999995
4.7649e-08,0.1918341
4.7651e-08,0.18693400000000004
4.7653e-08,0.1819314999999999
4.7655e-08,0.17683479999999996
4.7657e-08,0.17165209999999997
4.7659e-08,0.16639110000000001
4.7661e-08,0.1610591
4.7663e-08,0.1556633999999999
4.7665e-08,0.15021090000000004
4.7667e-08,0.1447083
4.7669e-08,0.13916209999999996
4.7671e-08,0.13357830000000004
4.7673e-08,0.12796279999999993
4.7675e-08,0.12232160000000003
4.7677e-08,0.11665990000000004
4.7679e-08,0.11098320000000006
4.7681e-08,0.10529630000000001
4.7683e-08,0.09960409999999997
4.7685e-08,0.09391120000000008
4.7687e-08,0.08822220000000003
4.7689e-08,0.08254109999999992
4.7691e-08,0.07687189999999999
4.7693e-08,0.07121849999999996
4.7695e-08,0.06558459999999999
4.7697e-08,0.05997350000000001
4.7699e-08,0.05438860000000001
4.7701e-08,0.048833000000000015
4.7703e-08,0.04330959999999995
4.7705e-08,0.0378212
4.7707e-08,0.03237049999999997
4.7709e-08,0.02695969999999992
4.7711e-08,0.021591499999999986
4.7713e-08,0.016267800000000054
4.7715e-08,0.01099070000000002
4.7717e-08,0.005762200000000051
4.7719e-08,0.0005839000000000816
4.7721e-08,-0.004542500000000005
4.7723e-08,-0.00961539999999994
4.7725e-08,-0.014633400000000019
4.7727e-08,-0.019595299999999982
4.7729e-08,-0.02449990000000002
4.7731e-08,-0.02934610000000004
4.7733e-08,-0.03413290000000002
4.7735e-08,-0.03885939999999999
4.7737e-08,-0.043525000000000036
4.7739e-08,-0.048128700000000024
4.7741e-08,-0.05267009999999994
4.7743e-08,-0.057148599999999994
4.7745e-08,-0.061563799999999946
4.7747e-08,-0.06591519999999995
4.7749e-08,-0.07020270000000006
4.7751e-08,-0.07442590000000004
4.7753e-08,-0.07858449999999995
4.7755e-08,-0.08267860000000005
4.7757e-08,-0.08670809999999995
4.7759e-08,-0.09067309999999995
4.7761e-08,-0.09457340000000003
4.7763e-08,-0.09840930000000003
4.7765e-08,-0.10218080000000007
4.7767e-08,-0.10588810000000004
4.7769e-08,-0.10953160000000006
4.7771e-08,-0.11311149999999992
4.7773e-08,-0.1166279
4.7775e-08,-0.12008150000000006
4.7777e-08,-0.12347240000000004
4.7779e-08,-0.1268011
4.7781e-08,-0.1300680999999999
4.7783e-08,-0.13327370000000005
4.7785e-08,-0.1364185
4.7787e-08,-0.13950299999999993
4.7789e-08,-0.14252770000000003
4.7791e-08,-0.1454932
4.7793e-08,-0.14839999999999998
4.7795e-08,-0.1512486999999999
4.7797e-08,-0.1540399
4.77985e-08,-0.15609589999999995
4.78e-08,-0.15812020000000004
4.78002e-08,-0.15838739999999996
4.78006e-08,-0.15892070000000003
4.78014e-08,-0.1599807000000001
4.7803e-08,-0.16207419999999995
4.7805e-08,-0.1646419
4.7807e-08,-0.1671551
4.7809e-08,-0.16961479999999995
4.7811e-08,-0.17202149999999994
4.7813e-08,-0.17437590000000003
4.7815e-08,-0.17667869999999997
4.7817e-08,-0.17893060000000005
4.7819e-08,-0.18113219999999997
4.7821e-08,-0.18328430000000007
4.7823e-08,-0.18538749999999993
4.7825e-08,-0.18744260000000001
4.7827e-08,-0.18945029999999996
4.7829e-08,-0.1914112
4.7831e-08,-0.19332610000000006
4.7833e-08,-0.1951955999999999
4.7835e-08,-0.19702050000000004
4.7837e-08,-0.19880140000000002
4.7839e-08,-0.20053900000000002
4.7841e-08,-0.20223409999999997
4.7843e-08,-0.2038873
4.7845e-08,-0.2054992
4.7847e-08,-0.2070706
4.7849e-08,-0.20860230000000002
4.7851e-08,-0.21009460000000002
4.7853e-08,-0.21154839999999997
4.7855e-08,-0.21296440000000005
4.7857e-08,-0.2143431
4.7859e-08,-0.21568529999999997
4.7861e-08,-0.2169915
4.7863e-08,-0.21826250000000003
4.7865e-08,-0.2194988
4.7867e-08,-0.22070109999999998
4.7869e-08,-0.22187
4.7871e-08,-0.22300600000000004
4.7873e-08,-0.22410989999999997
4.7875e-08,-0.22518210000000005
4.7877e-08,-0.22622330000000002
4.7879e-08,-0.2272341
4.7881e-08,-0.2282151
4.7883e-08,-0.2291668
4.7885e-08,-0.2300898
4.7887e-08,-0.23098469999999993
4.7889e-08,-0.23185179999999994
4.7891e-08,-0.232692
4.7893e-08,-0.23350559999999998
4.7895e-08,-0.23429329999999993
4.7897e-08,-0.23505549999999997
4.7899e-08,-0.23579270000000008
4.7901e-08,-0.23650550000000004
4.7903e-08,-0.23719429999999997
4.7905e-08,-0.2378597
4.7907e-08,-0.238502
4.7909e-08,-0.2391219
4.7911e-08,-0.23971969999999998
4.7913e-08,-0.24029600000000007
4.7915e-08,-0.24085120000000004
4.7917e-08,-0.24138579999999998
4.7919e-08,-0.24190010000000006
4.7921e-08,-0.24239469999999996
4.7923e-08,-0.24287000000000003
4.7925e-08,-0.2433263
4.7927e-08,-0.24376410000000004
4.7929e-08,-0.24418379999999995
4.7931e-08,-0.24458590000000002
4.7933e-08,-0.24497069999999999
4.7935e-08,-0.24533859999999996
4.7937e-08,-0.24568999999999996
4.7939e-08,-0.24602519999999994
4.7941e-08,-0.24634469999999997
4.7943e-08,-0.2466488
4.7945e-08,-0.24693779999999999
4.7947e-08,-0.2472122
4.7949e-08,-0.24747229999999998
4.7951e-08,-0.24771829999999995
4.7953e-08,-0.24795069999999997
4.7955e-08,-0.2481698
4.7957e-08,-0.24837569999999998
4.7959e-08,-0.2485691
4.7961e-08,-0.24875020000000003
4.7963e-08,-0.24891909999999995
4.7965e-08,-0.24907620000000008
4.7967e-08,-0.24922200000000005
4.7969e-08,-0.24935649999999998
4.7971e-08,-0.24948009999999998
4.7973e-08,-0.2495931
4.7975e-08,-0.24969569999999996
4.7977e-08,-0.24978829999999996
4.7979e-08,-0.24987120000000007
4.7981e-08,-0.24994439999999996
4.7983e-08,-0.25000830000000007
4.7985e-08,-0.2500633
4.7987e-08,-0.25010940000000004
4.7989e-08,-0.250147
4.7991e-08,-0.2501763
4.7993e-08,-0.2501974
4.7995e-08,-0.2502107
4.7997e-08,-0.25021649999999995
4.79985e-08,-0.2502158
4.8e-08,-0.2502111
4.80002e-08,-0.2502109
4.80006e-08,-0.2502122
4.80014e-08,-0.2502223
4.8003e-08,-0.2502377
4.8005e-08,-0.25017219999999996
4.8007e-08,-0.24993379999999998
4.8009e-08,-0.24946580000000007
4.8011e-08,-0.24873579999999995
4.8013e-08,-0.24772709999999998
4.8015e-08,-0.24643359999999992
4.8017e-08,-0.24485619999999997
4.8019e-08,-0.2430002
4.8021e-08,-0.24087380000000003
4.8023e-08,-0.238487
4.8025e-08,-0.23585069999999997
4.8027e-08,-0.23297639999999997
4.8029e-08,-0.22987590000000002
4.8031e-08,-0.226561
4.8033e-08,-0.2230434
4.8035e-08,-0.21933429999999998
4.8037e-08,-0.2154448
4.8039e-08,-0.21138600000000007
4.8041e-08,-0.2071681999999999
4.8043e-08,-0.20280169999999997
4.8045e-08,-0.19829629999999998
4.8047e-08,-0.19366149999999993
4.8049e-08,-0.18890649999999998
4.8051e-08,-0.1840404
4.8053e-08,-0.1790716
4.8055e-08,-0.17400840000000006
4.8057e-08,-0.16885899999999998
4.8059e-08,-0.16363090000000002
4.8061e-08,-0.15833180000000002
4.8063e-08,-0.15296869999999996
4.8065e-08,-0.1475487000000001
4.8067e-08,-0.14207820000000004
4.8069e-08,-0.13656400000000002
4.8071e-08,-0.1310119999999999
4.8073e-08,-0.12542829999999994
4.8075e-08,-0.11981850000000005
4.8077e-08,-0.11418800000000007
4.8079e-08,-0.10854229999999998
4.8081e-08,-0.10288620000000004
4.8083e-08,-0.09722469999999994
4.8085e-08,-0.09156220000000004
4.8087e-08,-0.08590339999999996
4.8089e-08,-0.08025230000000005
4.8091e-08,-0.07461289999999998
4.8093e-08,-0.06898920000000008
4.8095e-08,-0.06338460000000001
4.8097e-08,-0.057802699999999985
4.8099e-08,-0.05224669999999998
4.8101e-08,-0.04671979999999998
4.8103e-08,-0.0412248999999999
4.8105e-08,-0.035764700000000094
4.8107e-08,-0.030341900000000033
4.8109e-08,-0.024958900000000006
4.8111e-08,-0.01961809999999997
4.8113e-08,-0.014321600000000045
4.8115e-08,-0.00907150000000001
4.8117e-08,-0.0038696000000000286
4.8119e-08,0.0012822999999999585
4.8121e-08,0.006382500000000069
4.8123e-08,0.011429499999999981
4.8125e-08,0.01642189999999999
4.8127e-08,0.021358499999999947
4.8129e-08,0.026237999999999984
4.8131e-08,0.03105939999999996
4.8133e-08,0.03582170000000007
4.8135e-08,0.040524000000000004
4.8137e-08,0.04516560000000003
4.8139e-08,0.049745700000000004
4.8141e-08,0.054263699999999915
4.8143e-08,0.05871919999999997
4.8145e-08,0.06311149999999999
4.8147e-08,0.06744039999999996
4.8149e-08,0.07170560000000004
4.8151e-08,0.0759067
4.8153e-08,0.0800438
4.8155e-08,0.08411650000000004
4.8157e-08,0.08812489999999995
4.8159e-08,0.09206900000000007
4.8161e-08,0.0959487
4.8163e-08,0.09976429999999992
4.8165e-08,0.10351580000000005
4.8167e-08,0.10720340000000006
4.8169e-08,0.11082729999999996
4.8171e-08,0.11438800000000005
4.8173e-08,0.11788560000000003
4.8175e-08,0.1213204
4.8177e-08,0.1246929
4.8179e-08,0.1280034
4.8181e-08,0.1312525
4.8183e-08,0.13444060000000002
4.8185e-08,0.13756789999999997
4.8187e-08,0.14063530000000002
4.8189e-08,0.14364319999999997
4.8191e-08,0.1465919
4.8193e-08,0.14948240000000002
4.8195e-08,0.15231499999999998
4.8197e-08,0.15509030000000001
4.81985e-08,0.15713449999999995
4.82e-08,0.15914709999999999
4.82002e-08,0.1594127999999999
4.82006e-08,0.1599431
4.82014e-08,0.1609969
4.8203e-08,0.1630783
4.8205e-08,0.16563090000000003
4.8207e-08,0.16812939999999998
4.8209e-08,0.17057460000000002
4.8211e-08,0.1729670000000001
4.8213e-08,0.1753072
4.8215e-08,0.17759610000000003
4.8217e-08,0.1798343
4.8219e-08,0.1820225000000001
4.8221e-08,0.18416130000000008
4.8223e-08,0.18625139999999996
4.8225e-08,0.1882937
4.8227e-08,0.19028860000000003
4.8229e-08,0.192237
4.8231e-08,0.19413959999999997
4.8233e-08,0.1959970000000001
4.8235e-08,0.19781000000000004
4.8237e-08,0.19957919999999996
4.8239e-08,0.20130530000000002
4.8241e-08,0.20298890000000003
4.8243e-08,0.20463089999999995
4.8245e-08,0.20623190000000002
4.8247e-08,0.2077924
4.8249e-08,0.2093132000000001
4.8251e-08,0.2107951
4.8253e-08,0.2122385
4.8255e-08,0.21364419999999995
4.8257e-08,0.215013
4.8259e-08,0.21634520000000002
4.8261e-08,0.21764170000000005
4.8263e-08,0.21890300000000007
4.8265e-08,0.2201299
4.8267e-08,0.22132280000000004
4.8269e-08,0.22248250000000003
4.8271e-08,0.22360950000000002
4.8273e-08,0.22470449999999997
4.8275e-08,0.22576790000000002
4.8277e-08,0.22680049999999996
4.8279e-08,0.22780280000000008
4.8281e-08,0.22877550000000002
4.8283e-08,0.22971889999999995
4.8285e-08,0.23063370000000005
4.8287e-08,0.23152059999999997
4.8289e-08,0.23237989999999997
4.8291e-08,0.23321230000000004
4.8293e-08,0.2340183
4.8295e-08,0.23479839999999996
4.8297e-08,0.23555320000000002
4.8299e-08,0.23628310000000008
4.8301e-08,0.2369886
4.8303e-08,0.23767040000000006
4.8305e-08,0.2383288
4.8307e-08,0.23896419999999996
4.8309e-08,0.2395773
4.8311e-08,0.24016839999999995
4.8313e-08,0.2407381999999999
4.8315e-08,0.24128689999999997
4.8317e-08,0.24181509999999995
4.8319e-08,0.24232319999999996
4.8321e-08,0.24281160000000002
4.8323e-08,0.24328070000000002
4.8325e-08,0.24373099999999992
4.8327e-08,0.24416290000000007
4.8329e-08,0.24457680000000004
4.8331e-08,0.24497309999999994
4.8333e-08,0.24535220000000002
4.8335e-08,0.24571449999999995
4.8337e-08,0.24606039999999996
4.8339e-08,0.2463902
4.8341e-08,0.2467043
4.8343e-08,0.24700319999999998
4.8345e-08,0.24728700000000003
4.8347e-08,0.24755629999999995
4.8349e-08,0.24781129999999996
4.8351e-08,0.24805239999999995
4.8353e-08,0.2482799
4.8355e-08,0.24849410000000005
4.8357e-08,0.2486953999999999
4.8359e-08,0.2488842
4.8361e-08,0.24906050000000002
4.8363e-08,0.24922489999999997
4.8365e-08,0.24937750000000003
4.8367e-08,0.2495189
4.8369e-08,0.249649
4.8371e-08,0.2497684
4.8373e-08,0.24987720000000002
4.8375e-08,0.24997570000000002
4.8377e-08,0.2500641
4.8379e-08,0.250143
4.8381e-08,0.2502122
4.8383e-08,0.2502723
4.8385e-08,0.2503233
4.8387e-08,0.25036559999999997
4.8389e-08,0.2503995
4.8391e-08,0.250425
4.8393e-08,0.2504425
4.8395e-08,0.25045230000000007
4.8397e-08,0.2504544000000001
4.83985e-08,0.2504512
4.84e-08,0.2504526
4.84002e-08,0.25045419999999996
4.84006e-08,0.2504581
4.84014e-08,0.25046689999999994
4.8403e-08,0.25045680000000003
4.8405e-08,0.2503284
4.8407e-08,0.2500048
4.8409e-08,0.2494385
4.8411e-08,0.24860349999999998
4.8413e-08,0.24748720000000002
4.8415e-08,0.24608619999999992
4.8417e-08,0.24440309999999998
4.8419e-08,0.2424443999999999
4.8421e-08,0.24021910000000002
4.8423e-08,0.23773730000000004
4.8425e-08,0.23501039999999995
4.8427e-08,0.2320500000000001
4.8429e-08,0.22886780000000007
4.8431e-08,0.22547550000000005
4.8433e-08,0.2218846
4.8435e-08,0.21810660000000004
4.8437e-08,0.21415230000000007
4.8439e-08,0.21003249999999996
4.8441e-08,0.20575759999999998
4.8443e-08,0.20133749999999995
4.8445e-08,0.1967821999999999
4.8447e-08,0.19210099999999997
4.8449e-08,0.18730290000000005
4.8451e-08,0.18239689999999997
4.8453e-08,0.17739130000000003
4.8455e-08,0.1722943
4.8457e-08,0.16711390000000004
4.8459e-08,0.1618577
4.8461e-08,0.15653319999999993
4.8463e-08,0.15114729999999998
4.8465e-08,0.14570679999999991
4.8467e-08,0.14021860000000008
4.8469e-08,0.13468859999999994
4.8471e-08,0.1291232
4.8473e-08,0.12352810000000003
4.8475e-08,0.11790899999999993
4.8477e-08,0.11227129999999996
4.8479e-08,0.1066201
4.8481e-08,0.10096039999999995
4.8483e-08,0.09529699999999997
4.8485e-08,0.08963439999999989
4.8487e-08,0.08397680000000007
4.8489e-08,0.07832850000000002
4.8491e-08,0.07269340000000002
4.8493e-08,0.0670752
4.8495e-08,0.06147749999999996
4.8497e-08,0.0559037
4.8499e-08,0.05035689999999993
4.8501e-08,0.04484050000000006
4.8503e-08,0.03935689999999992
4.8505e-08,0.033909100000000025
4.8507e-08,0.02849960000000007
4.8509e-08,0.023130900000000065
4.8511e-08,0.01780500000000007
4.8513e-08,0.012524300000000044
4.8515e-08,0.007290600000000036
4.8517e-08,0.002105899999999994
4.8519e-08,-0.0030282000000000364
4.8521e-08,-0.008110100000000009
4.8523e-08,-0.013138199999999989
4.8525e-08,-0.018111300000000052
4.8527e-08,-0.023028199999999943
4.8529e-08,-0.027887400000000007
4.8531e-08,-0.032688200000000056
4.8533e-08,-0.03742960000000006
4.8535e-08,-0.042110699999999945
4.8537e-08,-0.04673079999999996
4.8539e-08,-0.051289200000000035
4.8541e-08,-0.05578529999999993
4.8543e-08,-0.06021860000000001
4.8545e-08,-0.0645886
4.8547e-08,-0.06889529999999999
4.8549e-08,-0.07313790000000009
4.8551e-08,-0.07731660000000007
4.8553e-08,-0.08143100000000003
4.8555e-08,-0.08548100000000003
4.8557e-08,-0.08946670000000001
4.8559e-08,-0.09338809999999997
4.8561e-08,-0.09724529999999998
4.8563e-08,-0.10103820000000008
4.8565e-08,-0.10476719999999995
4.8567e-08,-0.10843239999999998
4.8569e-08,-0.11203399999999997
4.8571e-08,-0.11557240000000002
4.8573e-08,-0.1190479000000001
4.8575e-08,-0.12246069999999998
4.8577e-08,-0.12581130000000007
4.8579e-08,-0.1291002
4.8581e-08,-0.13232769999999994
4.8583e-08,-0.13549429999999996
4.8585e-08,-0.13860050000000002
4.8587e-08,-0.14164690000000002
4.8589e-08,-0.14463389999999998
4.8591e-08,-0.14756199999999997
4.8593e-08,-0.150432
4.8595e-08,-0.15324439999999995
4.8597e-08,-0.15599970000000007
4.85985e-08,-0.15802910000000003
4.86e-08,-0.16002700000000003
4.86002e-08,-0.16029150000000003
4.86006e-08,-0.1608212
4.86014e-08,-0.16188230000000003
4.8603e-08,-0.16397570000000006
4.8605e-08,-0.16646169999999993
4.8607e-08,-0.1687225
4.8609e-08,-0.17070079999999999
4.8611e-08,-0.17236439999999997
4.8613e-08,-0.1736974
4.8615e-08,-0.17469459999999992
4.8617e-08,-0.17535839999999991
4.8619e-08,-0.17569560000000006
4.8621e-08,-0.1757154999999999
4.8623e-08,-0.17542979999999997
4.8625e-08,-0.17485070000000003
4.8627e-08,-0.17399129999999996
4.8629e-08,-0.17286469999999998
4.8631e-08,-0.17148359999999996
4.8633e-08,-0.16986089999999998
4.8635e-08,-0.16800910000000002
4.8637e-08,-0.1659404
4.8639e-08,-0.16366650000000005
4.8641e-08,-0.1611988000000001
4.8643e-08,-0.15854820000000003
4.8645e-08,-0.15572529999999996
4.8647e-08,-0.1527404
4.8649e-08,-0.1496033
4.8651e-08,-0.1463234
4.8653e-08,-0.14290990000000003
4.8655e-08,-0.1393717
4.8657e-08,-0.13571709999999992
4.8659e-08,-0.1319541999999999
4.8661e-08,-0.1280911
4.8663e-08,-0.12413510000000005
4.8665e-08,-0.12009360000000002
4.8667e-08,-0.1159735999999999
4.8669e-08,-0.1117817000000001
4.8671e-08,-0.10752459999999997
4.8673e-08,-0.10320830000000003
4.8675e-08,-0.09883890000000006
4.8677e-08,-0.09442220000000001
4.8679e-08,-0.08996349999999997
4.8681e-08,-0.08546829999999994
4.8683e-08,-0.08094160000000006
4.8685e-08,-0.07638829999999996
4.8687e-08,-0.07181289999999996
4.8689e-08,-0.0672201
4.8691e-08,-0.0626141
4.8693e-08,-0.057998899999999964
4.8695e-08,-0.05337839999999994
4.8697e-08,-0.04875640000000003
4.8699e-08,-0.044136399999999965
4.8701e-08,-0.0395219
4.8703e-08,-0.0349159
4.8705e-08,-0.030321700000000007
4.8707e-08,-0.02574199999999993
4.8709e-08,-0.021179700000000024
4.8711e-08,-0.016637299999999966
4.8713e-08,-0.012117500000000003
4.8715e-08,-0.0076225000000000875
4.8717e-08,-0.0031544000000000016
4.8719e-08,0.0012846000000000801
4.8721e-08,0.005692400000000042
4.8723e-08,0.01006740000000006
4.8725e-08,0.014407800000000082
4.8727e-08,0.018711900000000004
4.8729e-08,0.022978300000000007
4.8731e-08,0.027205399999999935
4.8733e-08,0.03139209999999992
4.8735e-08,0.03553700000000004
4.8737e-08,0.039639199999999986
4.8739e-08,0.043697499999999945
4.8741e-08,0.04771100000000006
4.8743e-08,0.051678799999999914
4.8745e-08,0.05560010000000004
4.8747e-08,0.05947419999999992
4.8749e-08,0.06330059999999993
4.8751e-08,0.06707850000000004
4.8753e-08,0.07080749999999991
4.8755e-08,0.07448719999999998
4.8757e-08,0.07811710000000005
4.8759e-08,0.08169699999999991
4.8761e-08,0.08522649999999998
4.8763e-08,0.08870540000000005
4.8765e-08,0.09213369999999999
4.8767e-08,0.09551100000000001
4.8769e-08,0.09883750000000002
4.8771e-08,0.10211310000000007
4.8773e-08,0.10533760000000003
4.8775e-08,0.10851119999999992
4.8777e-08,0.11163409999999996
4.8779e-08,0.11470620000000009
4.8781e-08,0.11772780000000005
4.8783e-08,0.12069890000000005
4.8785e-08,0.1236199
4.8787e-08,0.1264909999999999
4.8789e-08,0.1293124
4.8791e-08,0.1320844
4.8793e-08,0.13480740000000002
4.8795e-08,0.13748149999999992
4.8797e-08,0.1401074
4.87985e-08,0.14204519999999998
4.88e-08,0.14395599999999997
4.88002e-08,0.14420939999999993
4.88006e-08,0.14471679999999998
4.88014e-08,0.14573429999999998
4.8803e-08,0.1477442
4.8805e-08,0.15013200000000004
4.8807e-08,0.15230129999999997
4.8809e-08,0.15419400000000005
4.8811e-08,0.15577770000000002
4.8813e-08,0.15703599999999995
4.8815e-08,0.1579638
4.8817e-08,0.158563
4.8819e-08,0.15884009999999993
4.8821e-08,0.1588046999999999
4.8823e-08,0.1584681
4.8825e-08,0.15784259999999994
4.8827e-08,0.15694110000000006
4.8829e-08,0.15577660000000004
4.8831e-08,0.1543618
4.8833e-08,0.1527098
4.8835e-08,0.15083270000000004
4.8837e-08,0.14874280000000006
4.8839e-08,0.1464517999999999
4.8841e-08,0.14397100000000007
4.8843e-08,0.14131139999999998
4.8845e-08,0.13848340000000003
4.8847e-08,0.13549729999999993
4.8849e-08,0.13236310000000007
4.8851e-08,0.12908980000000003
4.8853e-08,0.1256868
4.8855e-08,0.12216280000000002
4.8857e-08,0.11852629999999997
4.8859e-08,0.11478519999999992
4.8861e-08,0.11094750000000009
4.8863e-08,0.10702050000000007
4.8865e-08,0.10301159999999998
4.8867e-08,0.0989276
4.8869e-08,0.0947753
4.8871e-08,0.090561
4.8873e-08,0.08629089999999995
4.8875e-08,0.08197089999999996
4.8877e-08,0.07760669999999992
4.8879e-08,0.07320380000000004
4.8881e-08,0.06876720000000003
4.8883e-08,0.06430219999999998
4.8885e-08,0.05981320000000001
4.8887e-08,0.055305099999999996
4.8889e-08,0.0507822
4.8891e-08,0.04624870000000003
4.8893e-08,0.04170850000000004
4.8895e-08,0.037165500000000073
4.8897e-08,0.03262339999999997
4.8899e-08,0.028085500000000096
4.8901e-08,0.02355510000000005
4.8903e-08,0.01903560000000004
4.8905e-08,0.014529699999999979
4.8907e-08,0.010040300000000002
4.8909e-08,0.005570099999999911
4.8911e-08,0.0011217000000000033
4.8913e-08,-0.0033026999999999918
4.8915e-08,-0.007700700000000005
4.8917e-08,-0.012070200000000031
4.8919e-08,-0.016409099999999954
4.8921e-08,-0.020715600000000056
4.8923e-08,-0.02498800000000001
4.8925e-08,-0.029224699999999992
4.8927e-08,-0.03342390000000006
4.8929e-08,-0.03758439999999996
4.8931e-08,-0.04170459999999998
4.8933e-08,-0.045783600000000035
4.8935e-08,-0.049820100000000034
4.8937e-08,-0.05381289999999994
4.8939e-08,-0.05776120000000007
4.8941e-08,-0.06166419999999995
4.8943e-08,-0.06552089999999999
4.8945e-08,-0.06933060000000002
4.8947e-08,-0.07309270000000001
4.8949e-08,-0.0768067
4.8951e-08,-0.08047190000000004
4.8953e-08,-0.0840879
4.8955e-08,-0.08765440000000002
4.8957e-08,-0.091171
4.8959e-08,-0.09463739999999998
4.8961e-08,-0.09805339999999996
4.8963e-08,-0.10141880000000003
4.8965e-08,-0.10473359999999998
4.8967e-08,-0.10799760000000003
4.8969e-08,-0.1112107
4.8971e-08,-0.1143731
4.8973e-08,-0.1174847
4.8975e-08,-0.12054560000000003
4.8977e-08,-0.12355589999999994
4.8979e-08,-0.12651579999999996
4.8981e-08,-0.12942549999999997
4.8983e-08,-0.13228510000000004
4.8985e-08,-0.13509499999999997
4.8987e-08,-0.13785530000000001
4.8989e-08,-0.14056639999999998
4.8991e-08,-0.1432285000000001
4.8993e-08,-0.14584209999999997
4.8995e-08,-0.14840739999999997
4.8997e-08,-0.15092490000000003
4.89985e-08,-0.15278170000000002
4.9e-08,-0.15461199999999997
4.90002e-08,-0.15485460000000006
4.90006e-08,-0.15534059999999994
4.90014e-08,-0.15631530000000005
4.9003e-08,-0.15824000000000005
4.9005e-08,-0.16052219999999995
4.9007e-08,-0.16258679999999992
4.9009e-08,-0.1643764000000001
4.9011e-08,-0.16585830000000001
4.9013e-08,-0.1670161
4.9015e-08,-0.1678449999999999
4.9017e-08,-0.1683466
4.9019e-08,-0.1685276
4.9021e-08,-0.16839740000000003
4.9023e-08,-0.1679672000000001
4.9025e-08,-0.1672494
4.9027e-08,-0.16625669999999992
4.9029e-08,-0.16500199999999998
4.9031e-08,-0.16349819999999993
4.9033e-08,-0.16175800000000007
4.9035e-08,-0.15979350000000003
4.9037e-08,-0.1576172
4.9039e-08,-0.1552405
4.9041e-08,-0.15267470000000005
4.9043e-08,-0.14993079999999992
4.9045e-08,-0.14701910000000007
4.9047e-08,-0.14394989999999996
4.9049e-08,-0.14073310000000006
4.9051e-08,-0.1373778
4.9053e-08,-0.13389320000000005
4.9055e-08,-0.13028810000000002
4.9057e-08,-0.12657079999999998
4.9059e-08,-0.12274929999999995
4.9061e-08,-0.11883160000000004
4.9063e-08,-0.11482510000000001
4.9065e-08,-0.11073689999999992
4.9067e-08,-0.10657399999999995
4.9069e-08,-0.10234310000000002
4.9071e-08,-0.09805059999999999
4.9073e-08,-0.09370249999999991
4.9075e-08,-0.08930490000000002
4.9077e-08,-0.08486340000000003
4.9079e-08,-0.08038350000000005
4.9081e-08,-0.0758702
4.9083e-08,-0.07132879999999997
4.9085e-08,-0.06676380000000004
4.9087e-08,-0.0621799999999999
4.9089e-08,-0.057581800000000016
4.9091e-08,-0.0529733
4.9093e-08,-0.04835849999999997
4.9095e-08,-0.04374129999999998
4.9097e-08,-0.03912509999999991
4.9099e-08,-0.03451369999999998
4.9101e-08,-0.029910299999999945
4.9103e-08,-0.025318000000000063
4.9105e-08,-0.020739900000000033
4.9107e-08,-0.016178600000000043
4.9109e-08,-0.011637000000000008
4.9111e-08,-0.007117600000000057
4.9113e-08,-0.002622800000000036
4.9115e-08,0.0018452999999999387
4.9117e-08,0.00628430000000002
4.9119e-08,0.010692299999999988
4.9121e-08,0.015067399999999953
4.9123e-08,0.019407899999999922
4.9125e-08,0.023711999999999955
4.9127e-08,0.02797830000000001
4.9129e-08,0.032205099999999987
4.9131e-08,0.03639139999999996
4.9133e-08,0.04053570000000006
4.9135e-08,0.04463700000000004
4.9137e-08,0.04869409999999996
4.9139e-08,0.052706200000000036
4.9141e-08,0.05667220000000006
4.9143e-08,0.06059139999999996
4.9145e-08,0.0644631
4.9147e-08,0.06828659999999998
4.9149e-08,0.07206139999999994
4.9151e-08,0.0757867000000001
4.9153e-08,0.07946239999999993
4.9155e-08,0.08308789999999999
4.9157e-08,0.08666289999999999
4.9159e-08,0.09018710000000008
4.9161e-08,0.09366030000000003
4.9163e-08,0.09708229999999995
4.9165e-08,0.10045309999999996
4.9167e-08,0.10377239999999999
4.9169e-08,0.10704029999999998
4.9171e-08,0.11025680000000004
4.9173e-08,0.11342200000000002
4.9175e-08,0.11653579999999997
4.9177e-08,0.11959850000000005
4.9179e-08,0.1226102
4.9181e-08,0.1255710000000001
4.9183e-08,0.12848120000000007
4.9185e-08,0.13134099999999993
4.9187e-08,0.13415069999999996
4.9189e-08,0.1369106
4.9191e-08,0.139621
4.9193e-08,0.14228209999999997
4.9195e-08,0.14489450000000004
4.9197e-08,0.14745849999999994
4.91985e-08,0.14934990000000004
4.92e-08,0.15121430000000002
4.92002e-08,0.15146139999999997
4.92006e-08,0.1519564
4.92014e-08,0.1529492
4.9203e-08,0.15490959999999998
4.9205e-08,0.15723599999999993
4.9207e-08,0.15934389999999998
4.9209e-08,0.16117610000000004
4.9211e-08,0.16269980000000006
4.9213e-08,0.1638988
4.9215e-08,0.16476789999999997
4.9217e-08,0.16530900000000004
4.9219e-08,0.16552880000000003
4.9221e-08,0.1654367
4.9223e-08,0.16504399999999997
4.9225e-08,0.1643629000000001
4.9227e-08,0.1634063
4.9229e-08,0.16218710000000003
4.9231e-08,0.16071829999999998
4.9233e-08,0.1590125
4.9235e-08,0.15708200000000005
4.9237e-08,0.15493900000000005
4.9239e-08,0.15259540000000005
4.9241e-08,0.15006209999999998
4.9243e-08,0.1473502
4.9245e-08,0.1444702
4.9247e-08,0.1414324
4.9249e-08,0.13824649999999994
4.9251e-08,0.13492179999999998
4.9253e-08,0.13146749999999996
4.9255e-08,0.12789240000000002
4.9257e-08,0.1242046
4.9259e-08,0.12041260000000009
4.9261e-08,0.11652379999999996
4.9263e-08,0.11254609999999998
4.9265e-08,0.10848639999999998
4.9267e-08,0.1043518
4.9269e-08,0.10014880000000004
4.9271e-08,0.09588399999999997
4.9273e-08,0.09156340000000007
4.9275e-08,0.08719299999999996
4.9277e-08,0.08277849999999998
4.9279e-08,0.07832519999999998
4.9281e-08,0.07383849999999992
4.9283e-08,0.06932330000000009
4.9285e-08,0.06478450000000002
4.9287e-08,0.06022649999999996
4.9289e-08,0.05565369999999992
4.9291e-08,0.05107050000000002
4.9293e-08,0.04648079999999999
4.9295e-08,0.04188839999999994
4.9297e-08,0.03729690000000008
4.9299e-08,0.03270990000000007
4.9301e-08,0.028130700000000064
4.9303e-08,0.023562199999999978
4.9305e-08,0.01900780000000002
4.9307e-08,0.014469999999999983
4.9309e-08,0.00995160000000006
4.9311e-08,0.005455199999999993
4.9313e-08,0.0009831000000000145
4.9315e-08,-0.0034624000000000876
4.9317e-08,-0.007879100000000028
4.9319e-08,-0.012265100000000029
4.9321e-08,-0.016618400000000033
4.9323e-08,-0.020937300000000048
4.9325e-08,-0.025220099999999968
4.9327e-08,-0.02946520000000008
4.9329e-08,-0.03367140000000002
4.9331e-08,-0.03783700000000001
4.9333e-08,-0.04196089999999997
4.9335e-08,-0.046042099999999975
4.9337e-08,-0.05007930000000005
4.9339e-08,-0.054071700000000056
4.9341e-08,-0.05801829999999997
4.9343e-08,-0.06191829999999998
4.9345e-08,-0.06577109999999997
4.9347e-08,-0.06957590000000002
4.9349e-08,-0.07333210000000001
4.9351e-08,-0.07703930000000003
4.9353e-08,-0.08069689999999996
4.9355e-08,-0.08430459999999995
4.9357e-08,-0.087862
4.9359e-08,-0.09136889999999998
4.9361e-08,-0.09482499999999994
4.9363e-08,-0.09823009999999999
4.9365e-08,-0.10158429999999996
4.9367e-08,-0.10488720000000007
4.9369e-08,-0.10813889999999993
4.9371e-08,-0.11133939999999998
4.9373e-08,-0.11448879999999995
4.9375e-08,-0.11758709999999994
4.9377e-08,-0.12063440000000003
4.9379e-08,-0.12363100000000005
4.9381e-08,-0.1265769
4.9383e-08,-0.12947239999999993
4.9385e-08,-0.13231769999999998
4.9387e-08,-0.13511309999999999
4.9389e-08,-0.1378589
4.9391e-08,-0.1405554
4.9393e-08,-0.14320290000000002
4.9395e-08,-0.1458018000000001
4.9397e-08,-0.14835239999999994
4.93985e-08,-0.15023390000000003
4.94e-08,-0.15208860000000002
4.94002e-08,-0.15233439999999998
4.94006e-08,-0.15282699999999994
4.94014e-08,-0.1538145999999999
4.9403e-08,-0.15576479999999993
4.9405e-08,-0.15807860000000007
4.9407e-08,-0.1601743
4.9409e-08,-0.16199439999999998
4.9411e-08,-0.1635063
4.9413e-08,-0.16469369999999994
4.9415e-08,-0.16555149999999996
4.9417e-08,-0.16608139999999993
4.9419e-08,-0.16629040000000006
4.9421e-08,-0.16618750000000004
4.9423e-08,-0.1657843
4.9425e-08,-0.1650929
4.9427e-08,-0.16412629999999995
4.9429e-08,-0.16289720000000008
4.9431e-08,-0.16141859999999997
4.9433e-08,-0.15970319999999993
4.9435e-08,-0.15776329999999994
4.9437e-08,-0.15561119999999995
4.9439e-08,-0.15325829999999996
4.9441e-08,-0.15071599999999996
4.9443e-08,-0.14799530000000005
4.9445e-08,-0.14510669999999992
4.9447e-08,-0.14206030000000003
4.9449e-08,-0.13886580000000004
4.9451e-08,-0.1355328
4.9453e-08,-0.13207020000000003
4.9455e-08,-0.1284868
4.9457e-08,-0.12479110000000004
4.9459e-08,-0.12099109999999991
4.9461e-08,-0.11709449999999999
4.9463e-08,-0.11310900000000002
4.9465e-08,-0.10904159999999996
4.9467e-08,-0.10489930000000003
4.9469e-08,-0.10068889999999997
4.9471e-08,-0.09641669999999991
4.9473e-08,-0.09208869999999991
4.9475e-08,-0.08771099999999998
4.9477e-08,-0.08328930000000001
4.9479e-08,-0.07882900000000004
4.9481e-08,-0.07433520000000005
4.9483e-08,-0.06981289999999996
4.9485e-08,-0.06526709999999991
4.9487e-08,-0.060702400000000045
4.9489e-08,-0.05612299999999992
4.9491e-08,-0.05153300000000005
4.9493e-08,-0.04693670000000005
4.9495e-08,-0.04233779999999998
4.9497e-08,-0.03773989999999994
4.9499e-08,-0.03314649999999997
4.9501e-08,-0.0285609
4.9503e-08,-0.023986399999999963
4.9505e-08,-0.019425799999999938
4.9507e-08,-0.014881800000000056
4.9509e-08,-0.010357399999999961
4.9511e-08,-0.005854999999999944
4.9513e-08,-0.00137710000000002
4.9515e-08,0.003074200000000027
4.9517e-08,0.007496700000000023
4.9519e-08,0.011888300000000074
4.9521e-08,0.016247300000000076
4.9523e-08,0.020571600000000023
4.9525e-08,0.024859900000000046
4.9527e-08,0.02911039999999998
4.9529e-08,0.033321900000000015
4.9531e-08,0.037492700000000045
4.9533e-08,0.04162189999999999
4.9535e-08,0.04570810000000003
4.9537e-08,0.04975040000000008
4.9539e-08,0.05374780000000001
4.9541e-08,0.05769930000000001
4.9543e-08,0.0616042
4.9545e-08,0.06546169999999996
4.9547e-08,0.06927119999999998
4.9549e-08,0.07303209999999993
4.9551e-08,0.07674380000000003
4.9553e-08,0.08040590000000003
4.9555e-08,0.08401809999999998
4.9557e-08,0.08757999999999999
4.9559e-08,0.09109109999999998
4.9561e-08,0.09455150000000001
4.9563e-08,0.0979608999999999
4.9565e-08,0.10131900000000005
4.9567e-08,0.104626
4.9569e-08,0.10788180000000003
4.9571e-08,0.11108630000000008
4.9573e-08,0.1142396
4.9575e-08,0.11734180000000005
4.9577e-08,0.12039290000000002
4.9579e-08,0.12339319999999998
4.9581e-08,0.12634279999999998
4.9583e-08,0.12924179999999996
4.9585e-08,0.13209079999999995
4.9587e-08,0.13488960000000005
4.9589e-08,0.1376389
4.9591e-08,0.14033879999999999
4.9593e-08,0.1429897
4.9595e-08,0.14559179999999994
4.9597e-08,0.14814570000000005
4.95985e-08,0.15002959999999999
4.96e-08,0.15189530000000007
4.96002e-08,0.15214359999999993
4.96006e-08,0.15263989999999994
4.96014e-08,0.1536284
4.9603e-08,0.15555719999999995
4.9605e-08,0.15781240000000007
4.9607e-08,0.15982640000000004
4.9609e-08,0.16155149999999996
4.9611e-08,0.16296140000000003
4.9613e-08,0.16404419999999997
4.9615e-08,0.16479770000000005
4.9617e-08,0.16522539999999997
4.9619e-08,0.16533509999999996
4.9621e-08,0.16513699999999998
4.9623e-08,0.16464290000000004
4.9625e-08,0.1638651000000001
4.9627e-08,0.16281650000000003
4.9629e-08,0.16151019999999994
4.9631e-08,0.15995890000000001
4.9633e-08,0.15817520000000007
4.9635e-08,0.15617139999999996
4.9637e-08,0.15395930000000002
4.9639e-08,0.15155059999999998
4.9641e-08,0.1489564
4.9643e-08,0.14618759999999997
4.9645e-08,0.1432544
4.9647e-08,0.14016689999999998
4.9649e-08,0.13693469999999996
4.9651e-08,0.13356710000000005
4.9653e-08,0.1300732
4.9655e-08,0.1264613
4.9657e-08,0.12274010000000002
4.9659e-08,0.1189171
4.9661e-08,0.1150004
4.9663e-08,0.11099720000000002
4.9665e-08,0.10691450000000002
4.9667e-08,0.10275940000000006
4.9669e-08,0.09853820000000002
4.9671e-08,0.09425739999999994
4.9673e-08,0.08992300000000009
4.9675e-08,0.08554079999999997
4.9677e-08,0.08111640000000009
4.9679e-08,0.07665509999999998
4.9681e-08,0.07216230000000001
4.9683e-08,0.06764249999999994
4.9685e-08,0.06310070000000001
4.9687e-08,0.058541500000000024
4.9689e-08,0.053969000000000045
4.9691e-08,0.04938729999999991
4.9693e-08,0.04480050000000002
4.9695e-08,0.04021229999999998
4.9697e-08,0.0356263
4.9699e-08,0.03104589999999996
4.9701e-08,0.026474200000000003
4.9703e-08,0.021914600000000006
4.9705e-08,0.01736979999999999
4.9707e-08,0.012842599999999926
4.9709e-08,0.008335599999999999
4.9711e-08,0.0038515000000000077
4.9713e-08,-0.0006075999999999304
4.9715e-08,-0.005039400000000027
4.9717e-08,-0.009441699999999997
4.9719e-08,-0.013812600000000064
4.9721e-08,-0.018150299999999953
4.9723e-08,-0.022453100000000004
4.9725e-08,-0.026719200000000054
4.9727e-08,-0.030947199999999953
4.9729e-08,-0.03513569999999999
4.9731e-08,-0.03928340000000008
4.9733e-08,-0.04338909999999996
4.9735e-08,-0.047451699999999986
4.9737e-08,-0.051470000000000016
4.9739e-08,-0.055443199999999915
4.9741e-08,-0.05937049999999999
4.9743e-08,-0.0632509
4.9745e-08,-0.06708389999999997
4.9747e-08,-0.07086879999999995
4.9749e-08,-0.07460489999999997
4.9751e-08,-0.07829200000000003
4.9753e-08,-0.08192939999999993
4.9755e-08,-0.08551679999999995
4.9757e-08,-0.08905390000000002
4.9759e-08,-0.09254050000000003
4.9761e-08,-0.09597620000000007
4.9763e-08,-0.09936109999999998
4.9765e-08,-0.10269479999999997
4.9767e-08,-0.10597750000000006
4.9769e-08,-0.109209
4.9771e-08,-0.11238939999999997
4.9773e-08,-0.11551880000000003
4.9775e-08,-0.1185970999999999
4.9777e-08,-0.12162459999999997
4.9779e-08,-0.12460139999999997
4.9781e-08,-0.12752770000000002
4.9783e-08,-0.13040380000000007
4.9785e-08,-0.13322979999999995
4.9787e-08,-0.13600610000000002
4.9789e-08,-0.13873290000000005
4.9791e-08,-0.14141060000000005
4.9793e-08,-0.14403939999999993
4.9795e-08,-0.14661979999999997
4.9797e-08,-0.14915219999999996
4.97985e-08,-0.1510201
4.98e-08,-0.15286140000000004
4.98002e-08,-0.15310460000000004
4.98006e-08,-0.1535901999999999
4.98014e-08,-0.15455570000000007
4.9803e-08,-0.15646439999999995
4.9805e-08,-0.15880859999999997
4.9807e-08,-0.161107
4.9809e-08,-0.1633599
4.9811e-08,-0.16556780000000004
4.9813e-08,-0.16773110000000002
4.9815e-08,-0.16985040000000007
4.9817e-08,-0.17192609999999997
4.9819e-08,-0.17395890000000003
4.9821e-08,-0.17594920000000003
4.9823e-08,-0.17789750000000004
4.9825e-08,-0.17980430000000003
4.9827e-08,-0.1816702
4.9829e-08,-0.18349570000000004
4.9831e-08,-0.18528140000000004
4.9833e-08,-0.18702779999999997
4.9835e-08,-0.1887354
4.9837e-08,-0.19040459999999992
4.9839e-08,-0.1920362
4.9841e-08,-0.19363070000000004
4.9843e-08,-0.1951885
4.9845e-08,-0.1967103
4.9847e-08,-0.19819660000000006
4.9849e-08,-0.19964769999999998
4.9851e-08,-0.2010645000000001
4.9853e-08,-0.2024473
4.9855e-08,-0.20379669999999994
4.9857e-08,-0.20511330000000005
4.9859e-08,-0.2063975
4.9861e-08,-0.20764990000000005
4.9863e-08,-0.2088711000000001
4.9865e-08,-0.2100615
4.9867e-08,-0.2112216
4.9869e-08,-0.21235190000000004
4.9871e-08,-0.21345309999999995
4.9873e-08,-0.21452550000000004
4.9875e-08,-0.21556960000000003
4.9877e-08,-0.21658599999999995
4.9879e-08,-0.21757510000000002
4.9881e-08,-0.2185376
4.9883e-08,-0.21947360000000005
4.9885e-08,-0.22038390000000008
4.9887e-08,-0.2212689
4.9889e-08,-0.22212889999999996
4.9891e-08,-0.22296460000000007
4.9893e-08,-0.22377619999999998
4.9895e-08,-0.2245644
4.9897e-08,-0.22532949999999996
4.9899e-08,-0.2260719
4.9901e-08,-0.2267922
4.9903e-08,-0.22749070000000005
4.9905e-08,-0.22816780000000003
4.9907e-08,-0.22882410000000009
4.9909e-08,-0.2294598
4.9911e-08,-0.23007540000000004
4.9913e-08,-0.23067130000000002
4.9915e-08,-0.231248
4.9917e-08,-0.23180560000000006
4.9919e-08,-0.23234480000000002
4.9921e-08,-0.2328658
4.9923e-08,-0.23336900000000005
4.9925e-08,-0.23385489999999998
4.9927e-08,-0.23432370000000002
4.9929e-08,-0.23477569999999992
4.9931e-08,-0.23521150000000002
4.9933e-08,-0.2356313
4.9935e-08,-0.23603529999999995
4.9937e-08,-0.23642419999999997
4.9939e-08,-0.2367981
4.9941e-08,-0.23715730000000002
4.9943e-08,-0.23750210000000005
4.9945e-08,-0.23783300000000007
4.9947e-08,-0.23815019999999998
4.9949e-08,-0.23845400000000005
4.9951e-08,-0.23874459999999997
4.9953e-08,-0.23902259999999997
4.9955e-08,-0.23928799999999995
4.9957e-08,-0.2395412
4.9959e-08,-0.2397824999999999
4.9961e-08,-0.2400122
4.9963e-08,-0.24023039999999996
4.9965e-08,-0.24043760000000003
4.9967e-08,-0.24063390000000007
4.9969e-08,-0.24081949999999996
4.9971e-08,-0.2409949
4.9973e-08,-0.2411603
4.9975e-08,-0.24131579999999997
4.9977e-08,-0.24146160000000005
4.9979e-08,-0.24159810000000004
4.9981e-08,-0.24172549999999993
4.9983e-08,-0.2418440999999999
4.9985e-08,-0.241954
4.9987e-08,-0.24205529999999997
4.9989e-08,-0.2421485
4.9991e-08,-0.24223359999999994
4.9993e-08,-0.24231099999999994
4.9995e-08,-0.24238079999999995
4.9997e-08,-0.24244310000000002
4.99985e-08,-0.2424851
5e-08,-0.2425231
5.00002e-08,-0.24252780000000007
5.00006e-08,-0.2425372
5.00014e-08,-0.24255510000000002
5.0003e-08,-0.24258749999999996
5.0005e-08,-0.24262229999999996
5.0007e-08,-0.2426505
5.0009e-08,-0.24267230000000006
5.0011e-08,-0.24268820000000002
5.0013e-08,-0.24269809999999992
5.0015e-08,-0.24270229999999993
5.0017e-08,-0.24270079999999994
5.0019e-08,-0.24269390000000002
5.0021e-08,-0.24268179999999995
5.0023e-08,-0.24266449999999995
5.0025e-08,-0.24264229999999998
5.0027e-08,-0.24261520000000003
5.0029e-08,-0.24258349999999995
5.0031e-08,-0.24254730000000002
5.0033e-08,-0.2425065999999999
5.0035e-08,-0.24246180000000006
5.0037e-08,-0.2424128000000001
5.0039e-08,-0.24235989999999996
5.0041e-08,-0.2423031
5.0043e-08,-0.24224250000000003
5.0045e-08,-0.24217840000000002
5.0047e-08,-0.24211079999999996
5.0049e-08,-0.24203980000000003
5.0051e-08,-0.2419656
5.0053e-08,-0.2418882
5.0055e-08,-0.24180789999999996
5.0057e-08,-0.2417245
5.0059e-08,-0.24163849999999998
5.0061e-08,-0.24154969999999998
5.0063e-08,-0.24145839999999996
5.0065e-08,-0.24136440000000003
5.0067e-08,-0.24126809999999999
5.0069e-08,-0.2411696000000001
5.0071e-08,-0.24106870000000002
5.0073e-08,-0.24096570000000006
5.0075e-08,-0.24086069999999993
5.0077e-08,-0.24075380000000002
5.0079e-08,-0.240645
5.0081e-08,-0.24053440000000004
5.0083e-08,-0.24042210000000008
5.0085e-08,-0.24030819999999997
5.0087e-08,-0.24019259999999998
5.0089e-08,-0.2400757
5.0091e-08,-0.23995729999999993
5.0093e-08,-0.23983769999999993
5.0095e-08,-0.2397167
5.0097e-08,-0.23959449999999993
5.0099e-08,-0.23947130000000005
5.0101e-08,-0.23934690000000003
5.0103e-08,-0.23922149999999998
5.0105e-08,-0.23909519999999995
5.0107e-08,-0.23896799999999996
5.0109e-08,-0.2388401
5.0111e-08,-0.23871129999999996
5.0113e-08,-0.23858179999999996
5.0115e-08,-0.23845169999999993
5.0117e-08,-0.23832090000000006
5.0119e-08,-0.2381896
5.0121e-08,-0.23805779999999999
5.0123e-08,-0.2379255
5.0125e-08,-0.23779280000000003
5.0127e-08,-0.2376598000000001
5.0129e-08,-0.23752649999999997
5.0131e-08,-0.23739279999999996
5.0133e-08,-0.23725889999999994
5.0135e-08,-0.23712490000000008
5.0137e-08,-0.23699059999999994
5.0139e-08,-0.2368562999999999
5.0141e-08,-0.23672190000000004
5.0143e-08,-0.2365874
5.0145e-08,-0.23645300000000002
5.0147e-08,-0.2363185
5.0149e-08,-0.2361841
5.0151e-08,-0.2360498000000001
5.0153e-08,-0.2359156
5.0155e-08,-0.23578149999999998
5.0157e-08,-0.23564770000000002
5.0159e-08,-0.235514
5.0161e-08,-0.2353807
5.0163e-08,-0.23524750000000005
5.0165e-08,-0.2351147
5.0167e-08,-0.23498219999999992
5.0169e-08,-0.23484990000000006
5.0171e-08,-0.23471810000000004
5.0173e-08,-0.23458659999999998
5.0175e-08,-0.2344556
5.0177e-08,-0.23432489999999995
5.0179e-08,-0.23419480000000004
5.0181e-08,-0.23406499999999997
5.0183e-08,-0.23393580000000003
5.0185e-08,-0.23380709999999993
5.0187e-08,-0.23367880000000008
5.0189e-08,-0.23355119999999996
5.0191e-08,-0.23342410000000002
5.0193e-08,-0.23329750000000005
5.0195e-08,-0.23317149999999998
5.0197e-08,-0.23304610000000003
5.01985e-08,-0.2329525
5.02e-08,-0.23285919999999993
5.02002e-08,-0.23284680000000002
5.02006e-08,-0.23282209999999992
5.02014e-08,-0.23277249999999994
5.0203e-08,-0.2326737000000001
5.0205e-08,-0.23255079999999995
5.0207e-08,-0.23242859999999999
5.0209e-08,-0.2323071
5.0211e-08,-0.2321862
5.0213e-08,-0.23206609999999994
5.0215e-08,-0.2319466
5.0217e-08,-0.23182789999999998
5.0219e-08,-0.23170990000000002
5.0221e-08,-0.23159260000000004
5.0223e-08,-0.23147590000000007
5.0225e-08,-0.23136020000000002
5.0227e-08,-0.23124509999999998
5.0229e-08,-0.23113070000000002
5.0231e-08,-0.23101709999999998
5.0233e-08,-0.23090430000000006
5.0235e-08,-0.23079230000000006
5.0237e-08,-0.23068100000000002
5.0239e-08,-0.2305705
5.0241e-08,-0.23046080000000002
5.0243e-08,-0.23035190000000005
5.0245e-08,-0.2302438
5.0247e-08,-0.23013649999999997
5.0249e-08,-0.23003000000000007
5.0251e-08,-0.22992430000000008
5.0253e-08,-0.22981929999999995
5.0255e-08,-0.2297152
5.0257e-08,-0.22961189999999998
5.0259e-08,-0.22950939999999997
5.0261e-08,-0.2294077
5.0263e-08,-0.22930689999999998
5.0265e-08,-0.22920679999999993
5.0267e-08,-0.22910750000000002
5.0269e-08,-0.22900909999999997
5.0271e-08,-0.22891150000000005
5.0273e-08,-0.22881470000000004
5.0275e-08,-0.22871869999999994
5.0277e-08,-0.22862349999999998
5.0279e-08,-0.2285292
5.0281e-08,-0.22843559999999996
5.0283e-08,-0.22834290000000002
5.0285e-08,-0.22825089999999992
5.0287e-08,-0.22815980000000002
5.0289e-08,-0.22806950000000004
5.0291e-08,-0.2279799
5.0293e-08,-0.22789119999999996
5.0295e-08,-0.22780329999999993
5.0297e-08,-0.22771619999999992
5.0299e-08,-0.2276298
5.0301e-08,-0.22754430000000003
5.0303e-08,-0.2274596000000001
5.0305e-08,-0.22737569999999996
5.0307e-08,-0.2272925
5.0309e-08,-0.22721009999999997
5.0311e-08,-0.22712850000000007
5.0313e-08,-0.22704760000000002
5.0315e-08,-0.22696760000000005
5.0317e-08,-0.2268884
5.0319e-08,-0.22680979999999995
5.0321e-08,-0.22673200000000004
5.0323e-08,-0.2266551
5.0325e-08,-0.22657879999999997
5.0327e-08,-0.22650329999999996
5.0329e-08,-0.22642859999999998
5.0331e-08,-0.22635459999999996
5.0333e-08,-0.22628139999999997
5.0335e-08,-0.2262088
5.0337e-08,-0.22613700000000003
5.0339e-08,-0.226066
5.0341e-08,-0.22599560000000007
5.0343e-08,-0.22592599999999996
5.0345e-08,-0.22585710000000003
5.0347e-08,-0.22578890000000007
5.0349e-08,-0.22572140000000007
5.0351e-08,-0.22565469999999999
5.0353e-08,-0.22558849999999997
5.0355e-08,-0.2255231000000001
5.0357e-08,-0.22545840000000006
5.0359e-08,-0.2253944
5.0361e-08,-0.22533099999999995
5.0363e-08,-0.22526829999999998
5.0365e-08,-0.22520630000000008
5.0367e-08,-0.2251449000000001
5.0369e-08,-0.22508420000000007
5.0371e-08,-0.2250242
5.0373e-08,-0.22496480000000008
5.0375e-08,-0.2249061
5.0377e-08,-0.22484799999999994
5.0379e-08,-0.22479039999999995
5.0381e-08,-0.22473359999999998
5.0383e-08,-0.22467749999999997
5.0385e-08,-0.2246218000000001
5.0387e-08,-0.22456680000000007
5.0389e-08,-0.2245125
5.0391e-08,-0.2244587
5.0393e-08,-0.22440550000000004
5.0395e-08,-0.22435289999999997
5.0397e-08,-0.22430090000000003
5.03985e-08,-0.22426239999999997
5.04e-08,-0.22422409999999993
5.04002e-08,-0.2242189
5.04006e-08,-0.22420879999999999
5.04014e-08,-0.22418860000000007
5.0403e-08,-0.22414850000000008
5.0405e-08,-0.22409879999999993
5.0407e-08,-0.22404959999999996
5.0409e-08,-0.22400109999999995
5.0411e-08,-0.22395299999999996
5.0413e-08,-0.22390560000000004
5.0415e-08,-0.22385870000000008
5.0417e-08,-0.22381240000000002
5.0419e-08,-0.2237665000000001
5.0421e-08,-0.22372119999999995
5.0423e-08,-0.22367650000000006
5.0425e-08,-0.22363220000000006
5.0427e-08,-0.22358840000000002
5.0429e-08,-0.22354530000000006
5.0431e-08,-0.2235026
5.0433e-08,-0.22346030000000006
5.0435e-08,-0.22341860000000002
5.0437e-08,-0.2233773
5.0439e-08,-0.2233366
5.0441e-08,-0.2232963
5.0443e-08,-0.22325660000000003
5.0445e-08,-0.22321729999999995
5.0447e-08,-0.2231784
5.0449e-08,-0.2231399999999999
5.0451e-08,-0.22310209999999997
5.0453e-08,-0.2230647
5.0455e-08,-0.2230276000000001
5.0457e-08,-0.2229911
5.0459e-08,-0.22295500000000001
5.0461e-08,-0.22291929999999993
5.0463e-08,-0.22288399999999997
5.0465e-08,-0.22284910000000002
5.0467e-08,-0.22281479999999998
5.0469e-08,-0.2227808
5.0471e-08,-0.22274720000000003
5.0473e-08,-0.22271409999999991
5.0475e-08,-0.22268130000000008
5.0477e-08,-0.22264899999999999
5.0479e-08,-0.22261699999999995
5.0481e-08,-0.22258539999999993
5.0483e-08,-0.2225543000000001
5.0485e-08,-0.2225235000000001
5.0487e-08,-0.2224931
5.0489e-08,-0.22246310000000002
5.0491e-08,-0.2224334
5.0493e-08,-0.2224041000000001
5.0495e-08,-0.2223752
5.0497e-08,-0.22234659999999995
5.0499e-08,-0.22231849999999997
5.0501e-08,-0.2222906
5.0503e-08,-0.22226309999999994
5.0505e-08,-0.22223590000000004
5.0507e-08,-0.2222092
5.0509e-08,-0.22218269999999996
5.0511e-08,-0.22215649999999998
5.0513e-08,-0.22213079999999996
5.0515e-08,-0.22210529999999995
5.0517e-08,-0.2220801
5.0519e-08,-0.22205530000000007
5.0521e-08,-0.22203079999999997
5.0523e-08,-0.2220065
5.0525e-08,-0.22198260000000003
5.0527e-08,-0.22195910000000008
5.0529e-08,-0.22193569999999996
5.0531e-08,-0.22191280000000002
5.0533e-08,-0.22189009999999998
5.0535e-08,-0.2218677
5.0537e-08,-0.22184559999999998
5.0539e-08,-0.2218237999999999
5.0541e-08,-0.22180219999999995
5.0543e-08,-0.22178089999999995
5.0545e-08,-0.2217599
5.0547e-08,-0.22173919999999991
5.0549e-08,-0.22171870000000005
5.0551e-08,-0.22169850000000002
5.0553e-08,-0.22167859999999995
5.0555e-08,-0.22165900000000005
5.0557e-08,-0.2216395
5.0559e-08,-0.22162040000000005
5.0561e-08,-0.2216015
5.0563e-08,-0.22158280000000008
5.0565e-08,-0.2215644
5.0567e-08,-0.22154629999999997
5.0569e-08,-0.2215283
5.0571e-08,-0.2215106
5.0573e-08,-0.2214931
5.0575e-08,-0.22147590000000006
5.0577e-08,-0.22145890000000001
5.0579e-08,-0.22144209999999998
5.0581e-08,-0.2214256
5.0583e-08,-0.22140919999999997
5.0585e-08,-0.2213931
5.0587e-08,-0.22137720000000005
5.0589e-08,-0.22136139999999993
5.0591e-08,-0.22134600000000004
5.0593e-08,-0.2213307
5.0595e-08,-0.22131559999999995
5.0597e-08,-0.22130070000000002
5.05985e-08,-0.22128969999999992
5.06e-08,-0.2212788
5.06002e-08,-0.22127740000000007
5.06006e-08,-0.22127439999999998
5.06014e-08,-0.22126869999999998
5.0603e-08,-0.2212573
5.0605e-08,-0.22124310000000003
5.0607e-08,-0.22122930000000007
5.0609e-08,-0.22121560000000007
5.0611e-08,-0.221202
5.0613e-08,-0.22118860000000007
5.0615e-08,-0.22117550000000008
5.0617e-08,-0.22116250000000004
5.0619e-08,-0.22114960000000006
5.0621e-08,-0.22113700000000003
5.0623e-08,-0.2211246
5.0625e-08,-0.22111219999999998
5.0627e-08,-0.2211000999999999
5.0629e-08,-0.2210881
5.0631e-08,-0.2210763
5.0633e-08,-0.22106460000000006
5.0635e-08,-0.22105320000000006
5.0637e-08,-0.22104180000000007
5.0639e-08,-0.22103059999999997
5.0641e-08,-0.22101950000000004
5.0643e-08,-0.22100869999999995
5.0645e-08,-0.22099790000000008
5.0647e-08,-0.22098739999999994
5.0649e-08,-0.22097690000000003
5.0651e-08,-0.2209666
5.0653e-08,-0.22095640000000005
5.0655e-08,-0.2209464
5.0657e-08,-0.2209365000000001
5.0659e-08,-0.22092679999999998
5.0661e-08,-0.22091720000000004
5.0663e-08,-0.22090769999999993
5.0665e-08,-0.22089840000000005
5.0667e-08,-0.2208892
5.0669e-08,-0.22087999999999997
5.0671e-08,-0.2208711
5.0673e-08,-0.22086229999999996
5.0675e-08,-0.22085349999999992
5.0677e-08,-0.2208449
5.0679e-08,-0.22083640000000004
5.0681e-08,-0.22082800000000002
5.0683e-08,-0.2208198
5.0685e-08,-0.22081170000000006
5.0687e-08,-0.22080370000000005
5.0689e-08,-0.22079570000000004
5.0691e-08,-0.22078789999999993
5.0693e-08,-0.22078029999999993
5.0695e-08,-0.22077269999999993
5.0697e-08,-0.2207652
5.0699e-08,-0.2207578
5.0701e-08,-0.22075060000000002
5.0703e-08,-0.22074340000000003
5.0705e-08,-0.22073639999999994
5.0707e-08,-0.22072939999999996
5.0709e-08,-0.22072250000000004
5.0711e-08,-0.22071570000000007
5.0713e-08,-0.2207091
5.0715e-08,-0.2207024999999999
5.0717e-08,-0.220696
5.0719e-08,-0.22068960000000004
5.0721e-08,-0.22068330000000003
5.0723e-08,-0.220677
5.0725e-08,-0.22067100000000006
5.0727e-08,-0.2206648
5.0729e-08,-0.2206589
5.0731e-08,-0.220653
5.0733e-08,-0.22064719999999993
5.0735e-08,-0.22064149999999993
5.0737e-08,-0.2206359
5.0739e-08,-0.22063030000000006
5.0741e-08,-0.2206249
5.0743e-08,-0.22061949999999997
5.0745e-08,-0.22061409999999992
5.0747e-08,-0.2206089
5.0749e-08,-0.22060380000000002
5.0751e-08,-0.22059859999999998
5.0753e-08,-0.22059360000000006
5.0755e-08,-0.22058860000000002
5.0757e-08,-0.2205838
5.0759e-08,-0.22057899999999997
5.0761e-08,-0.22057420000000005
5.0763e-08,-0.22056960000000003
5.0765e-08,-0.22056489999999995
5.0767e-08,-0.2205604
5.0769e-08,-0.22055590000000003
5.0771e-08,-0.2205515
5.0773e-08,-0.2205471
5.0775e-08,-0.2205429
5.0777e-08,-0.22053869999999998
5.0779e-08,-0.22053449999999997
5.0781e-08,-0.22053040000000002
5.0783e-08,-0.2205264
5.0785e-08,-0.2205224
5.0787e-08,-0.2205184
5.0789e-08,-0.2205146
5.0791e-08,-0.2205108
5.0793e-08,-0.220507
5.0795e-08,-0.2205032
5.0797e-08,-0.22049960000000002
5.07985e-08,-0.2204969
5.08e-08,-0.22049419999999997
