time_s,differential_output_v
0.0,-0.3145989
2e-14,-0.3145989
4e-14,-0.3145989
8e-14,-0.3145989
1.6e-13,-0.3145989
3.2e-13,-0.3145989
6.4e-13,-0.3145989
1.28e-12,-0.3145989
2.56e-12,-0.3145989
4.56e-12,-0.3145989
6.56e-12,-0.3145989
8.56e-12,-0.3145989
1.056e-11,-0.3145989
1.256e-11,-0.3145989
1.456e-11,-0.3145989
1.656e-11,-0.3145989
1.856e-11,-0.3145989
2.056e-11,-0.3145989
2.256e-11,-0.3145989
2.456e-11,-0.3145989
2.656e-11,-0.3145989
2.856e-11,-0.3145989
3.056e-11,-0.3145989
3.256e-11,-0.3145989
3.456e-11,-0.3145989
3.656e-11,-0.3145989
3.856e-11,-0.3145989
4.056e-11,-0.3145989
4.256e-11,-0.3145989
4.456e-11,-0.3145989
4.656e-11,-0.3145989
4.856e-11,-0.3145989
5.056e-11,-0.3145989
5.256e-11,-0.3145989
5.456e-11,-0.3145989
5.656e-11,-0.3145989
5.856e-11,-0.3145989
6.056e-11,-0.3145989
6.256e-11,-0.3145989
6.456e-11,-0.3145989
6.656e-11,-0.3145989
6.856e-11,-0.3145989
7.056e-11,-0.3145989
7.256e-11,-0.3145989
7.456e-11,-0.3145989
7.656e-11,-0.3145989
7.856e-11,-0.3145989
8.056e-11,-0.3145989
8.256e-11,-0.3145989
8.456e-11,-0.3145989
8.656e-11,-0.3145989
8.856e-11,-0.3145989
9.056e-11,-0.3145989
9.256e-11,-0.3145989
9.456e-11,-0.3145989
9.656e-11,-0.3145989
9.856e-11,-0.3145989
1.0056e-10,-0.3145989
1.0256e-10,-0.3145989
1.0456e-10,-0.3145989
1.0656e-10,-0.3145989
1.0856e-10,-0.3145989
1.1056e-10,-0.3145989
1.1256e-10,-0.3145989
1.1456e-10,-0.3145989
1.1656e-10,-0.3145989
1.1856e-10,-0.3145989
1.2056e-10,-0.3145989
1.2256e-10,-0.3145989
1.2456e-10,-0.3145989
1.2656e-10,-0.3145989
1.2856e-10,-0.3145989
1.3056e-10,-0.3145989
1.3256e-10,-0.3145989
1.3456e-10,-0.3145989
1.3656e-10,-0.3145989
1.3856e-10,-0.3145989
1.4056e-10,-0.3145989
1.4256e-10,-0.3145989
1.4456e-10,-0.3145989
1.4656e-10,-0.3145989
1.4856e-10,-0.3145989
1.5056e-10,-0.3145989
1.5256e-10,-0.3145989
1.5456e-10,-0.3145989
1.5656e-10,-0.3145989
1.5856e-10,-0.3145989
1.6056e-10,-0.3145989
1.6256e-10,-0.3145989
1.6456e-10,-0.3145989
1.6656e-10,-0.3145989
1.6856e-10,-0.3145989
1.7056e-10,-0.3145989
1.7256e-10,-0.3145989
1.7456e-10,-0.3145989
1.7656e-10,-0.3145989
1.7856e-10,-0.3145989
1.8056e-10,-0.3145989
1.8256e-10,-0.3145989
1.8456e-10,-0.3145989
1.8656e-10,-0.3145989
1.8856e-10,-0.3145989
1.9056e-10,-0.3145989
1.9256e-10,-0.3145989
1.9456e-10,-0.3145989
1.9656e-10,-0.3145989
1.9828e-10,-0.3145989
2e-10,-0.3145989
2.002e-10,-0.3145993
2.006e-10,-0.3146030000000001
2.014e-10,-0.3146209
2.03e-10,-0.3146854
2.05e-10,-0.31477639999999996
2.07e-10,-0.31483059999999996
2.09e-10,-0.3148017000000001
2.11e-10,-0.3146555000000001
2.13e-10,-0.3143612
2.15e-10,-0.3138982
2.17e-10,-0.31324869999999994
2.19e-10,-0.3124011
2.21e-10,-0.31134510000000004
2.23e-10,-0.31007399999999985
2.25e-10,-0.3085861000000001
2.27e-10,-0.3068773
2.29e-10,-0.3049486000000001
2.31e-10,-0.30280209999999985
2.33e-10,-0.30043960000000003
2.35e-10,-0.29786460000000003
2.37e-10,-0.29508160000000005
2.39e-10,-0.2920956
2.41e-10,-0.2889121
2.43e-10,-0.2855369
2.45e-10,-0.2819764
2.47e-10,-0.2782372000000001
2.49e-10,-0.27432580000000006
2.51e-10,-0.2702491
2.53e-10,-0.2660142
2.55e-10,-0.2616279
2.57e-10,-0.2570973
2.59e-10,-0.2524294
2.61e-10,-0.2476311
2.63e-10,-0.2427094999999999
2.65e-10,-0.23767120000000008
2.67e-10,-0.23252309999999998
2.69e-10,-0.22727199999999992
2.71e-10,-0.22192409999999996
2.73e-10,-0.21648610000000001
2.75e-10,-0.21096419999999994
2.77e-10,-0.20536470000000007
2.79e-10,-0.19969349999999997
2.81e-10,-0.19395660000000003
2.83e-10,-0.18815970000000004
2.85e-10,-0.18230829999999998
2.87e-10,-0.17640809999999996
2.89e-10,-0.1704641
2.91e-10,-0.16448170000000006
2.93e-10,-0.15846590000000005
2.95e-10,-0.15242139999999993
2.97e-10,-0.14635279999999995
2.99e-10,-0.14026499999999997
3.01e-10,-0.1341621999999999
3.03e-10,-0.12804840000000006
3.05e-10,-0.12192800000000004
3.07e-10,-0.11580489999999999
3.09e-10,-0.10968279999999997
3.11e-10,-0.10356529999999997
3.13e-10,-0.09745589999999993
3.15e-10,-0.09135799999999994
3.17e-10,-0.08527490000000004
3.19e-10,-0.07920970000000005
3.21e-10,-0.07316509999999998
3.23e-10,-0.06714400000000009
3.25e-10,-0.06114929999999996
3.27e-10,-0.055183299999999935
3.29e-10,-0.04924849999999992
3.31e-10,-0.04334720000000003
3.33e-10,-0.037481600000000004
3.35e-10,-0.03165370000000001
3.37e-10,-0.025865600000000044
3.39e-10,-0.020119100000000056
3.41e-10,-0.014415900000000037
3.43e-10,-0.008757499999999974
3.45e-10,-0.0031457999999999764
3.47e-10,0.0024181000000000896
3.49e-10,0.007932799999999962
3.51e-10,0.013396900000000045
3.53e-10,0.018809399999999976
3.55e-10,0.024169200000000002
3.57e-10,0.029475299999999982
3.59e-10,0.03472680000000006
3.61e-10,0.03992269999999998
3.63e-10,0.045062500000000005
3.65e-10,0.050145500000000065
3.67e-10,0.05517090000000002
3.69e-10,0.06013829999999998
3.71e-10,0.06504710000000002
3.73e-10,0.06989699999999999
3.75e-10,0.07468770000000002
3.77e-10,0.07941870000000006
3.79e-10,0.08408990000000005
3.81e-10,0.08870099999999992
3.83e-10,0.093252
3.85e-10,0.09774249999999995
3.87e-10,0.10217279999999995
3.89e-10,0.10654279999999994
3.91e-10,0.11085239999999996
3.93e-10,0.11510169999999997
3.95e-10,0.11929089999999998
3.97e-10,0.12342010000000003
3.985e-10,0.12647759999999997
4e-10,0.12950150000000005
4.002e-10,0.12990200000000007
4.006e-10,0.13070149999999991
4.014e-10,0.1322933999999999
4.03e-10,0.13544880000000004
4.05e-10,0.13934000000000002
4.07e-10,0.14317230000000003
4.09e-10,0.14694609999999997
4.11e-10,0.1506617
4.13e-10,0.15431949999999994
4.15e-10,0.15791980000000005
4.17e-10,0.16146309999999997
4.19e-10,0.16494980000000004
4.21e-10,0.1683804000000001
4.23e-10,0.17175509999999994
4.25e-10,0.17507469999999992
4.27e-10,0.17833929999999998
4.29e-10,0.18154970000000004
4.31e-10,0.18470639999999994
4.33e-10,0.18780969999999997
4.35e-10,0.19086039999999993
4.37e-10,0.1938588
4.39e-10,0.19680549999999997
4.41e-10,0.19970109999999996
4.43e-10,0.20254609999999995
4.45e-10,0.20534130000000006
4.47e-10,0.20808689999999996
4.49e-10,0.21078360000000007
4.51e-10,0.2134321
4.53e-10,0.21603280000000002
4.55e-10,0.21858650000000002
4.57e-10,0.2210936
4.59e-10,0.2235547
4.61e-10,0.2259703999999999
4.63e-10,0.22834139999999992
4.65e-10,0.23066799999999998
4.67e-10,0.23295120000000002
4.69e-10,0.23519120000000004
4.71e-10,0.23738879999999996
4.73e-10,0.23954450000000005
4.75e-10,0.2416589
4.77e-10,0.24373259999999997
4.79e-10,0.24576619999999993
4.81e-10,0.24776010000000004
4.83e-10,0.24971509999999997
4.85e-10,0.2516315
4.87e-10,0.25351009999999996
4.89e-10,0.25535149999999995
4.91e-10,0.25715599999999994
4.93e-10,0.25892439999999994
4.95e-10,0.2606571
4.97e-10,0.2623546
4.99e-10,0.26401759999999996
5.01e-10,0.2656467
5.03e-10,0.2672420000000001
5.05e-10,0.2688045
5.07e-10,0.2703344999999999
5.09e-10,0.27183250000000003
5.11e-10,0.2732991
5.13e-10,0.2747347
5.15e-10,0.2761399
5.17e-10,0.27751519999999996
5.19e-10,0.278861
5.21e-10,0.2801779
5.23e-10,0.2814662
5.25e-10,0.28272659999999994
5.27e-10,0.2839594000000001
5.29e-10,0.28516509999999995
5.31e-10,0.2863441
5.33e-10,0.287497
5.35e-10,0.28862429999999994
5.37e-10,0.28972620000000004
5.39e-10,0.2908031
5.41e-10,0.2918558
5.43e-10,0.29288440000000004
5.45e-10,0.2938894999999999
5.47e-10,0.29487129999999995
5.49e-10,0.29583040000000005
5.51e-10,0.2967672
5.53e-10,0.297682
5.55e-10,0.29857520000000004
5.57e-10,0.2994472
5.59e-10,0.3002984000000001
5.61e-10,0.301129
5.63e-10,0.3019396999999999
5.65e-10,0.3027306999999999
5.67e-10,0.3035032
5.69e-10,0.30425520000000006
5.71e-10,0.3049900000000001
5.73e-10,0.3057058
5.75e-10,0.30640370000000006
5.77e-10,0.3070838
5.79e-10,0.3077464999999999
5.81e-10,0.30839269999999985
5.83e-10,0.3090227000000001
5.85e-10,0.3096355999999999
5.87e-10,0.3102326999999999
5.89e-10,0.3108139
5.91e-10,0.3113806000000001
5.93e-10,0.3119307000000001
5.95e-10,0.31246759999999996
5.97e-10,0.3129892999999999
5.985e-10,0.3133709000000001
6e-10,0.31374460000000004
6.002e-10,0.31379389999999996
6.006e-10,0.31389240000000007
6.014e-10,0.31408650000000005
6.03e-10,0.31446950000000007
6.05e-10,0.31493589999999994
6.07e-10,0.31538869999999997
6.09e-10,0.31582920000000014
6.11e-10,0.3162564000000001
6.13e-10,0.3166725
6.15e-10,0.31707569999999996
6.17e-10,0.3174669000000001
6.19e-10,0.3178464000000001
6.21e-10,0.31821430000000006
6.23e-10,0.3185717
6.25e-10,0.3189176
6.27e-10,0.3192533000000001
6.29e-10,0.31957769999999985
6.31e-10,0.3198920999999999
6.33e-10,0.32019659999999994
6.35e-10,0.32049210000000006
6.37e-10,0.320777
6.39e-10,0.32105210000000006
6.41e-10,0.32131870000000007
6.43e-10,0.32157579999999997
6.45e-10,0.3218246
6.47e-10,0.32206400000000013
6.49e-10,0.3222963
6.51e-10,0.32251850000000004
6.53e-10,0.3227337
6.55e-10,0.32294100000000003
6.57e-10,0.32314049999999994
6.59e-10,0.32333219999999996
6.61e-10,0.3235163000000001
6.63e-10,0.3236937999999999
6.65e-10,0.32386380000000003
6.67e-10,0.32402639999999994
6.69e-10,0.3241826000000001
6.71e-10,0.3243326000000001
6.73e-10,0.3244754000000001
6.75e-10,0.32461299999999993
6.77e-10,0.32474369999999997
6.79e-10,0.3248683
6.81e-10,0.32498709999999986
6.83e-10,0.32510000000000006
6.85e-10,0.3252071000000001
6.87e-10,0.3253096
6.89e-10,0.3254064
6.91e-10,0.32549759999999994
6.93e-10,0.3255843999999999
6.95e-10,0.3256656000000001
6.97e-10,0.32574150000000013
6.99e-10,0.3258140999999999
7.01e-10,0.32588130000000004
7.03e-10,0.3259433999999999
7.05e-10,0.3260023000000001
7.07e-10,0.32605610000000007
7.09e-10,0.3261058
7.11e-10,0.3261514999999999
7.13e-10,0.3261933
7.15e-10,0.32623119999999994
7.17e-10,0.32626620000000006
7.19e-10,0.32629639999999993
7.21e-10,0.3263239000000001
7.23e-10,0.3263467000000001
7.25e-10,0.3263678000000001
7.27e-10,0.32638430000000007
7.29e-10,0.32639819999999997
7.31e-10,0.3264085
7.33e-10,0.32641640000000005
7.35e-10,0.3264208999999999
7.37e-10,0.32642290000000007
7.39e-10,0.3264226000000001
7.41e-10,0.32641889999999996
7.43e-10,0.32641189999999987
7.45e-10,0.32640369999999996
7.47e-10,0.3263923000000001
7.49e-10,0.3263786999999999
7.51e-10,0.32636299999999996
7.53e-10,0.32634510000000005
7.55e-10,0.32632420000000006
7.57e-10,0.3263022000000001
7.59e-10,0.32627720000000004
7.61e-10,0.32625119999999996
7.63e-10,0.3262223000000001
7.65e-10,0.32619240000000005
7.67e-10,0.32615970000000005
7.69e-10,0.32612609999999986
7.71e-10,0.32609070000000007
7.73e-10,0.3260535000000001
7.75e-10,0.32601540000000007
7.77e-10,0.32597470000000006
7.79e-10,0.32593320000000003
7.81e-10,0.32589
7.83e-10,0.32584519999999995
7.85e-10,0.3257997
7.87e-10,0.3257525
7.89e-10,0.3257048
7.91e-10,0.32565449999999985
7.93e-10,0.3256045999999999
7.95e-10,0.32555219999999996
7.97e-10,0.3255003000000001
7.985e-10,0.3254595
8e-10,0.3254193999999999
8.002e-10,0.3254138
8.006e-10,0.3254024
8.014e-10,0.32538049999999996
8.03e-10,0.32533559999999995
8.05e-10,0.3252798
8.07e-10,0.3252225999999999
8.09e-10,0.3251639999999999
8.11e-10,0.325105
8.13e-10,0.3250457
8.15e-10,0.3249850000000001
8.17e-10,0.324924
8.19e-10,0.32486270000000006
8.21e-10,0.32480109999999995
8.23e-10,0.3247382
8.25e-10,0.32467499999999994
8.27e-10,0.32461059999999997
8.29e-10,0.3245469999999999
8.31e-10,0.3244821
8.33e-10,0.32441700000000007
8.35e-10,0.32435079999999994
8.37e-10,0.3242853
8.39e-10,0.32421869999999986
8.41e-10,0.32415289999999997
8.43e-10,0.3240860000000001
8.45e-10,0.32401900000000006
8.47e-10,0.3239517999999999
8.49e-10,0.3238834999999999
8.51e-10,0.3238162
8.53e-10,0.3237477000000001
8.55e-10,0.3236802
8.57e-10,0.3236115999999999
8.59e-10,0.3235439000000001
8.61e-10,0.3234752000000001
8.63e-10,0.3234064000000001
8.65e-10,0.3233387
8.67e-10,0.3232699
8.69e-10,0.3232010999999999
8.71e-10,0.3231322
8.73e-10,0.3230633999999999
8.75e-10,0.32299560000000005
8.77e-10,0.3229269
8.79e-10,0.32285810000000004
8.81e-10,0.3227894
8.83e-10,0.3227217
8.85e-10,0.3226530999999999
8.87e-10,0.3225855000000001
8.89e-10,0.32251700000000005
8.91e-10,0.32244949999999994
8.93e-10,0.32238120000000003
8.95e-10,0.32231389999999993
8.97e-10,0.32224660000000005
8.99e-10,0.32217949999999995
9.01e-10,0.3221125
9.03e-10,0.32204559999999993
9.05e-10,0.32197870000000006
9.07e-10,0.3219129999999999
9.09e-10,0.3218464000000001
9.11e-10,0.3217808999999999
9.13e-10,0.32171549999999993
9.15e-10,0.32164930000000014
9.17e-10,0.3215841999999999
9.19e-10,0.32152020000000014
9.21e-10,0.3214552999999999
9.23e-10,0.32139059999999997
9.25e-10,0.3213271
9.27e-10,0.32126369999999993
9.29e-10,0.3211993999999999
9.31e-10,0.32113730000000007
9.33e-10,0.32107430000000003
9.35e-10,0.3210115
9.37e-10,0.3209498999999999
9.39e-10,0.32088740000000004
9.41e-10,0.3208261
9.43e-10,0.3207650000000001
9.45e-10,0.320704
9.47e-10,0.32064419999999993
9.49e-10,0.3205836000000001
9.51e-10,0.3205241999999999
9.53e-10,0.32046489999999994
9.55e-10,0.32040579999999996
9.57e-10,0.3203478999999999
9.59e-10,0.32028919999999994
9.61e-10,0.3202317000000001
9.63e-10,0.3201743
9.65e-10,0.3201172
9.67e-10,0.3200601999999999
9.69e-10,0.32000340000000005
9.71e-10,0.3199477999999999
9.73e-10,0.3198924000000001
9.75e-10,0.31983720000000015
9.77e-10,0.3197822
9.79e-10,0.31972829999999997
9.81e-10,0.31967370000000006
9.83e-10,0.3196203000000001
9.85e-10,0.31956700000000005
9.87e-10,0.319515
9.89e-10,0.31946209999999997
9.91e-10,0.31941049999999993
9.93e-10,0.31935900000000006
9.95e-10,0.3193077999999999
9.97e-10,0.31925670000000006
9.985e-10,0.31921900000000014
1e-09,0.3191815000000001
1.0002e-09,0.3191759999999999
1.0006e-09,0.3191661000000001
1.0014e-09,0.3191463
1.003e-09,0.31910669999999985
1.005e-09,0.31905739999999994
1.007e-09,0.31900839999999997
1.009e-09,0.3189605
1.011e-09,0.3189128
1.013e-09,0.3188643
1.015e-09,0.31881799999999993
1.017e-09,0.31877089999999986
1.019e-09,0.3187240000000001
1.021e-09,0.31867829999999997
1.023e-09,0.31863280000000016
1.025e-09,0.3185875
1.027e-09,0.3185423999999999
1.029e-09,0.3184984999999999
1.031e-09,0.3184547999999999
1.033e-09,0.3184112
1.035e-09,0.31836790000000004
1.037e-09,0.3183247
1.039e-09,0.31828180000000006
1.041e-09,0.3182400000000001
1.043e-09,0.3181984
1.045e-09,0.3181569999999999
1.047e-09,0.31811579999999995
1.049e-09,0.3180758
1.051e-09,0.31803499999999996
1.053e-09,0.3179953
1.055e-09,0.31795589999999996
1.057e-09,0.3179175999999999
1.059e-09,0.31787849999999995
1.061e-09,0.31784060000000003
1.063e-09,0.3178019000000001
1.065e-09,0.3177642999999999
1.067e-09,0.317728
1.069e-09,0.31769080000000005
1.071e-09,0.3176538000000001
1.073e-09,0.3176179
1.075e-09,0.3175822999999999
1.077e-09,0.3175468
1.079e-09,0.31751149999999995
1.081e-09,0.3174773000000001
1.083e-09,0.3174424
1.085e-09,0.31740860000000004
1.087e-09,0.3173749000000001
1.089e-09,0.31734149999999994
1.091e-09,0.31730820000000004
1.093e-09,0.31727609999999995
1.095e-09,0.31724410000000003
1.097e-09,0.3172113000000001
1.099e-09,0.31717970000000006
1.101e-09,0.3171482
1.103e-09,0.31711789999999995
1.105e-09,0.3170867999999999
1.107e-09,0.3170568
1.109e-09,0.3170268999999999
1.111e-09,0.31699730000000004
1.113e-09,0.31696769999999996
1.115e-09,0.31693840000000006
1.117e-09,0.31690909999999994
1.119e-09,0.3168811
1.121e-09,0.31685320000000006
1.123e-09,0.31682540000000015
1.125e-09,0.3167977999999999
1.127e-09,0.31677029999999995
1.129e-09,0.316743
1.131e-09,0.3167168
1.133e-09,0.3166898
1.135e-09,0.3166639
1.137e-09,0.3166380999999999
1.139e-09,0.31661249999999985
1.141e-09,0.3165871000000001
1.143e-09,0.3165627
1.145e-09,0.3165374999999999
1.147e-09,0.3165135
1.149e-09,0.3164895000000001
1.151e-09,0.3164658
1.153e-09,0.31644210000000006
1.155e-09,0.3164186
1.157e-09,0.3163952000000001
1.159e-09,0.31637189999999993
1.161e-09,0.31634969999999996
1.163e-09,0.3163277
1.165e-09,0.31630579999999997
1.167e-09,0.31628409999999996
1.169e-09,0.31626240000000005
1.171e-09,0.31624090000000005
1.173e-09,0.3162195000000001
1.175e-09,0.3161992
1.177e-09,0.31617799999999996
1.179e-09,0.31615799999999994
1.181e-09,0.31613800000000014
1.183e-09,0.3161182
1.185e-09,0.31609849999999995
1.187e-09,0.31607889999999994
1.189e-09,0.31605950000000005
1.191e-09,0.31604109999999985
1.193e-09,0.3160218
1.195e-09,0.3160036999999999
1.197e-09,0.31598460000000006
1.1985e-09,0.31597189999999986
1.2e-09,0.3159583
1.2002e-09,0.3159563999999999
1.2006e-09,0.31595260000000003
1.2014e-09,0.3159451
1.203e-09,0.3159312000000001
1.205e-09,0.31591349999999996
1.207e-09,0.3158969999999999
1.209e-09,0.31587960000000004
1.211e-09,0.31586329999999996
1.213e-09,0.3158461
1.215e-09,0.31583000000000006
1.217e-09,0.3158139000000001
1.219e-09,0.315798
1.221e-09,0.3157822
1.223e-09,0.3157664
1.225e-09,0.3157508
1.227e-09,0.31573530000000005
1.229e-09,0.3157198
1.231e-09,0.3157053999999999
1.233e-09,0.3156901999999999
1.235e-09,0.31567600000000007
1.237e-09,0.31566189999999994
1.239e-09,0.3156479000000001
1.241e-09,0.3156329000000001
1.243e-09,0.31561909999999993
1.245e-09,0.3156063
1.247e-09,0.31559269999999995
1.249e-09,0.3155791000000001
1.251e-09,0.3155656
1.253e-09,0.31555310000000003
1.255e-09,0.3155397999999999
1.257e-09,0.31552749999999996
1.259e-09,0.3155142999999999
1.261e-09,0.31550219999999995
1.263e-09,0.31549019999999994
1.265e-09,0.31547820000000004
1.267e-09,0.3154663000000001
1.269e-09,0.31545449999999986
1.271e-09,0.3154427999999999
1.273e-09,0.31543109999999996
1.275e-09,0.3154195000000001
1.277e-09,0.31540900000000005
1.279e-09,0.3153975000000001
1.281e-09,0.31538710000000003
1.283e-09,0.3153758000000001
1.285e-09,0.3153655000000001
1.287e-09,0.3153543999999999
1.289e-09,0.3153442000000001
1.291e-09,0.3153342
1.293e-09,0.31532420000000005
1.295e-09,0.31531429999999994
1.297e-09,0.31530439999999993
1.299e-09,0.31529459999999987
1.301e-09,0.3152849000000001
1.303e-09,0.3152752000000001
1.305e-09,0.31526659999999995
1.307e-09,0.3152569999999999
1.309e-09,0.3152474999999999
1.311e-09,0.3152391
1.313e-09,0.31522969999999995
1.315e-09,0.3152214000000001
1.317e-09,0.3152121
1.319e-09,0.3152039
1.321e-09,0.3151957000000001
1.323e-09,0.3151875999999999
1.325e-09,0.3151796
1.327e-09,0.31517059999999997
1.329e-09,0.31516260000000007
1.331e-09,0.3151547
1.333e-09,0.3151469000000001
1.335e-09,0.3151400999999999
1.337e-09,0.31513230000000003
1.339e-09,0.3151246000000001
1.341e-09,0.315117
1.343e-09,0.3151104
1.345e-09,0.3151027999999999
1.347e-09,0.31509529999999997
1.349e-09,0.3150889
1.351e-09,0.3150814999999999
1.353e-09,0.31507509999999994
1.355e-09,0.3150678
1.357e-09,0.3150615000000001
1.359e-09,0.31505530000000015
1.361e-09,0.31504809999999994
1.363e-09,0.3150419
1.365e-09,0.3150358000000001
1.367e-09,0.3150297000000001
1.369e-09,0.31502370000000013
1.371e-09,0.31501770000000007
1.373e-09,0.31501179999999995
1.375e-09,0.31500589999999995
1.377e-09,0.31499999999999995
1.379e-09,0.3149942
1.381e-09,0.31498840000000006
1.383e-09,0.31498270000000006
1.385e-09,0.3149769000000001
1.387e-09,0.3149723
1.389e-09,0.3149666
1.391e-09,0.31496100000000005
1.393e-09,0.3149564
1.395e-09,0.31495090000000003
1.397e-09,0.31494639999999996
1.3985e-09,0.31494259999999985
1.4e-09,0.3149387
1.4002e-09,0.3149389
1.4006e-09,0.3149411
1.4014e-09,0.31495700000000004
1.403e-09,0.3150175999999999
1.405e-09,0.3151043
1.407e-09,0.3151531000000001
1.409e-09,0.31512090000000004
1.411e-09,0.3149695000000001
1.413e-09,0.3146709
1.415e-09,0.3142037000000001
1.417e-09,0.31355009999999994
1.419e-09,0.31269730000000007
1.421e-09,0.3116373000000001
1.423e-09,0.31036320000000006
1.425e-09,0.30887030000000004
1.427e-09,0.30715859999999995
1.429e-09,0.30522590000000005
1.431e-09,0.3030756
1.433e-09,0.3007094
1.435e-09,0.29813120000000004
1.437e-09,0.2953449
1.439e-09,0.29235559999999994
1.441e-09,0.28916870000000006
1.443e-09,0.2857904
1.445e-09,0.28222670000000005
1.447e-09,0.2784843
1.449e-09,0.2745698
1.451e-09,0.27049009999999996
1.453e-09,0.2662521
1.455e-09,0.26186279999999995
1.457e-09,0.2573293000000001
1.459e-09,0.2526585
1.461e-09,0.24785730000000006
1.463e-09,0.2429329
1.465e-09,0.2378918
1.467e-09,0.23274090000000003
1.469e-09,0.227487
1.471e-09,0.2221364
1.473e-09,0.21669570000000005
1.475e-09,0.21117110000000006
1.477e-09,0.20556890000000005
1.479e-09,0.19989500000000004
1.481e-09,0.1941554000000001
1.483e-09,0.18835590000000002
1.485e-09,0.1825019
1.487e-09,0.1765991
1.489e-09,0.1706525000000001
1.491e-09,0.16466760000000003
1.493e-09,0.15864920000000005
1.495e-09,0.15260209999999996
1.497e-09,0.14653119999999997
1.499e-09,0.14044079999999992
1.501e-09,0.1343354
1.503e-09,0.12821929999999992
1.505e-09,0.12209649999999994
1.507e-09,0.11597089999999999
1.509e-09,0.10984640000000001
1.511e-09,0.10372650000000005
1.513e-09,0.0976148
1.515e-09,0.09151469999999995
1.517e-09,0.08542929999999993
1.519e-09,0.07936170000000009
1.521e-09,0.07331490000000007
1.523e-09,0.06729160000000001
1.525e-09,0.06129460000000009
1.527e-09,0.05532629999999994
1.529e-09,0.04938929999999997
1.531e-09,0.043485899999999966
1.533e-09,0.037618199999999935
1.535e-09,0.031788200000000044
1.537e-09,0.025998100000000024
1.539e-09,0.020249400000000084
1.541e-09,0.014544099999999949
1.543e-09,0.008883799999999997
1.545e-09,0.0032701000000000535
1.547e-09,-0.0022959000000000174
1.549e-09,-0.0078125
1.551e-09,-0.013278499999999971
1.553e-09,-0.018692900000000012
1.555e-09,-0.024054600000000037
1.557e-09,-0.02936240000000001
1.559e-09,-0.034615799999999974
1.561e-09,-0.03981350000000006
1.563e-09,-0.044955099999999915
1.565e-09,-0.05003979999999997
1.567e-09,-0.05506689999999992
1.569e-09,-0.06003610000000004
1.571e-09,-0.06494660000000008
1.573e-09,-0.06979819999999992
1.575e-09,-0.0745905
1.577e-09,-0.07932309999999998
1.579e-09,-0.08399590000000001
1.581e-09,-0.08860860000000004
1.583e-09,-0.09316110000000011
1.585e-09,-0.0976532
1.587e-09,-0.10208490000000003
1.589e-09,-0.10645629999999995
1.591e-09,-0.11076740000000007
1.593e-09,-0.11501819999999996
1.595e-09,-0.1192088
1.597e-09,-0.12333939999999999
1.5985e-09,-0.12639790000000006
1.6e-09,-0.1294345
1.6002e-09,-0.12983899999999993
1.6006e-09,-0.13064830000000005
1.6014e-09,-0.13226760000000004
1.603e-09,-0.13549270000000002
1.605e-09,-0.13945969999999996
1.607e-09,-0.14330730000000003
1.609e-09,-0.14699210000000007
1.611e-09,-0.15047980000000005
1.613e-09,-0.15374359999999998
1.615e-09,-0.1567632
1.617e-09,-0.15952350000000004
1.619e-09,-0.16201390000000004
1.621e-09,-0.16422720000000002
1.623e-09,-0.16615959999999996
1.625e-09,-0.1678094
1.627e-09,-0.16917729999999997
1.629e-09,-0.17026560000000002
1.631e-09,-0.17107759999999994
1.633e-09,-0.17161839999999995
1.635e-09,-0.17189340000000009
1.637e-09,-0.17190899999999998
1.639e-09,-0.17167220000000005
1.641e-09,-0.1711901
1.643e-09,-0.17047059999999992
1.645e-09,-0.16952140000000004
1.647e-09,-0.16835060000000002
1.649e-09,-0.16696619999999995
1.651e-09,-0.16537639999999998
1.653e-09,-0.16358929999999994
1.655e-09,-0.161613
1.657e-09,-0.15945549999999997
1.659e-09,-0.15712480000000006
1.661e-09,-0.15462849999999995
1.663e-09,-0.1519745
1.665e-09,-0.14917009999999997
1.667e-09,-0.14622290000000004
1.669e-09,-0.1431399
1.671e-09,-0.1399282999999999
1.673e-09,-0.13659489999999996
1.675e-09,-0.1331464
1.677e-09,-0.12958939999999997
1.679e-09,-0.1259302
1.681e-09,-0.12217500000000003
1.683e-09,-0.11832969999999998
1.685e-09,-0.11440019999999995
1.687e-09,-0.11039219999999994
1.689e-09,-0.10631120000000005
1.691e-09,-0.10216239999999999
1.693e-09,-0.09795110000000007
1.695e-09,-0.09368219999999994
1.697e-09,-0.08936070000000007
1.699e-09,-0.08499090000000009
1.701e-09,-0.08057760000000003
1.703e-09,-0.07612509999999995
1.705e-09,-0.07163760000000008
1.707e-09,-0.06711909999999999
1.709e-09,-0.06257369999999995
1.711e-09,-0.058004900000000026
1.713e-09,-0.05341650000000009
1.715e-09,-0.048811999999999967
1.717e-09,-0.04419469999999992
1.719e-09,-0.03956789999999999
1.721e-09,-0.034934699999999985
1.723e-09,-0.030298000000000047
1.725e-09,-0.025660700000000092
1.727e-09,-0.02102550000000003
1.729e-09,-0.016395200000000054
1.731e-09,-0.011772000000000005
1.733e-09,-0.0071584999999999566
1.735e-09,-0.0025570000000000315
1.737e-09,0.0020303999999999878
1.739e-09,0.006601499999999927
1.741e-09,0.011154400000000009
1.743e-09,0.01568730000000007
1.745e-09,0.020198199999999944
1.747e-09,0.02468569999999992
1.749e-09,0.029147900000000004
1.751e-09,0.03358329999999998
1.753e-09,0.037990599999999985
1.755e-09,0.04236839999999997
1.757e-09,0.04671539999999996
1.759e-09,0.05103029999999997
1.761e-09,0.055312200000000034
1.763e-09,0.05955979999999994
1.765e-09,0.06377220000000006
1.767e-09,0.06794849999999997
1.769e-09,0.07208780000000004
1.771e-09,0.07618939999999996
1.773e-09,0.08025230000000005
1.775e-09,0.08427609999999996
1.777e-09,0.08826
1.779e-09,0.0922035
1.781e-09,0.09610599999999991
1.783e-09,0.09996719999999992
1.785e-09,0.10378659999999995
1.787e-09,0.10756359999999998
1.789e-09,0.11129820000000001
1.791e-09,0.11498980000000003
1.793e-09,0.11863840000000003
1.795e-09,0.12224369999999996
1.797e-09,0.12580539999999996
1.7985e-09,0.12844810000000007
1.8e-09,0.13106609999999996
1.8002e-09,0.13141309999999995
1.8006e-09,0.1321063
1.8014e-09,0.13348719999999992
1.803e-09,0.13622809999999996
1.805e-09,0.13961469999999998
1.807e-09,0.14295750000000007
1.809e-09,0.14625640000000006
1.811e-09,0.14951150000000002
1.813e-09,0.1527227
1.815e-09,0.15589029999999993
1.817e-09,0.15901430000000005
1.819e-09,0.16209479999999998
1.821e-09,0.1651321
1.823e-09,0.1681262
1.825e-09,0.17107740000000005
1.827e-09,0.17398579999999997
1.829e-09,0.1768518
1.831e-09,0.1796755
1.833e-09,0.18245710000000004
1.835e-09,0.18519700000000006
1.837e-09,0.1878955000000001
1.839e-09,0.19055270000000002
1.841e-09,0.19316920000000004
1.843e-09,0.19574499999999995
1.845e-09,0.19828069999999998
1.847e-09,0.20077639999999997
1.849e-09,0.2032326000000001
1.851e-09,0.2056496
1.853e-09,0.20802779999999998
1.855e-09,0.21036739999999998
1.857e-09,0.212669
1.859e-09,0.21493280000000003
1.861e-09,0.2171594
1.863e-09,0.21934889999999996
1.865e-09,0.22150179999999997
1.867e-09,0.2236186
1.869e-09,0.2256996
1.871e-09,0.22774510000000003
1.873e-09,0.2297557
1.875e-09,0.23173169999999998
1.877e-09,0.23367349999999998
1.879e-09,0.2355815
1.881e-09,0.2374562
1.883e-09,0.23929789999999995
1.885e-09,0.24110710000000002
1.887e-09,0.242884
1.889e-09,0.24462930000000005
1.891e-09,0.24634319999999998
1.893e-09,0.24802619999999997
1.895e-09,0.24967859999999997
1.897e-09,0.251301
1.899e-09,0.25289360000000005
1.901e-09,0.2544569
1.903e-09,0.2559914
1.905e-09,0.2574972
1.907e-09,0.25897500000000007
1.909e-09,0.2604251000000001
1.911e-09,0.2618478000000001
1.913e-09,0.2632436
1.915e-09,0.2646128
1.917e-09,0.26595579999999996
1.919e-09,0.26727309999999993
1.921e-09,0.2685649
1.923e-09,0.26983179999999996
1.925e-09,0.2710739
1.927e-09,0.2722918
1.929e-09,0.27348569999999994
1.931e-09,0.27465610000000007
1.933e-09,0.2758031999999999
1.935e-09,0.27692759999999994
1.937e-09,0.27802949999999993
1.939e-09,0.27910920000000006
1.941e-09,0.2801671
1.943e-09,0.2812036
1.945e-09,0.28221890000000005
1.947e-09,0.2832135
1.949e-09,0.2841876
1.951e-09,0.28514169999999994
1.953e-09,0.28607589999999994
1.955e-09,0.28699070000000004
1.957e-09,0.28788630000000004
1.959e-09,0.28876310000000005
1.961e-09,0.28962129999999997
1.963e-09,0.2904614000000001
1.965e-09,0.2912836
1.967e-09,0.29208809999999996
1.969e-09,0.2928754
1.971e-09,0.29364560000000006
1.973e-09,0.2943991
1.975e-09,0.2951360999999999
1.977e-09,0.29585700000000004
1.979e-09,0.29656190000000004
1.981e-09,0.29725120000000005
1.983e-09,0.2979252
1.985e-09,0.29858419999999997
1.987e-09,0.2992283
1.989e-09,0.29985779999999995
1.991e-09,0.30047309999999994
1.993e-09,0.30107470000000003
1.995e-09,0.30166170000000014
1.997e-09,0.3022359
1.9985e-09,0.3026578
2e-09,0.30307189999999995
2.0002e-09,0.3031259999999999
2.0006e-09,0.30323500000000003
2.0014e-09,0.3034511
2.003e-09,0.30387849999999994
2.005e-09,0.3044000000000001
2.007e-09,0.3049103999999999
2.009e-09,0.3054078
2.011e-09,0.30589330000000003
2.013e-09,0.30636699999999994
2.015e-09,0.30682999999999994
2.017e-09,0.3072803999999999
2.019e-09,0.3077213
2.021e-09,0.3081499
2.023e-09,0.30856909999999993
2.025e-09,0.30897720000000006
2.027e-09,0.30937519999999996
2.029e-09,0.30976230000000016
2.031e-09,0.3101404
2.033e-09,0.31050869999999997
2.035e-09,0.3108673999999999
2.037e-09,0.3112174000000001
2.039e-09,0.31155790000000005
2.041e-09,0.31188899999999986
2.043e-09,0.3122117000000001
2.045e-09,0.31252519999999995
2.047e-09,0.3128314000000001
2.049e-09,0.31312859999999987
2.051e-09,0.31341779999999986
2.053e-09,0.31369899999999995
2.055e-09,0.31397239999999993
2.057e-09,0.314238
2.059e-09,0.31449689999999997
2.061e-09,0.3147472
2.063e-09,0.3149909000000001
2.065e-09,0.3152281
2.067e-09,0.31545789999999996
2.069e-09,0.3156814
2.071e-09,0.3158975999999999
2.073e-09,0.31610760000000004
2.075e-09,0.3163114
2.077e-09,0.3165081999999999
2.079e-09,0.31669999999999987
2.081e-09,0.3168858
2.083e-09,0.31706480000000015
2.085e-09,0.3172389
2.087e-09,0.31740730000000006
2.089e-09,0.31756989999999996
2.091e-09,0.3177280000000001
2.093e-09,0.31788039999999995
2.095e-09,0.3180273000000001
2.097e-09,0.3181696999999999
2.099e-09,0.31830670000000005
2.101e-09,0.3184393000000001
2.103e-09,0.3185665999999999
2.105e-09,0.3186895999999999
2.107e-09,0.3188084000000001
2.109e-09,0.3189231
2.111e-09,0.3190325999999999
2.113e-09,0.3191390999999999
2.115e-09,0.3192404999999999
2.117e-09,0.3193379999999999
2.119e-09,0.3194324999999999
2.121e-09,0.31952210000000003
2.123e-09,0.3196089
2.125e-09,0.3196908999999999
2.127e-09,0.31977009999999995
2.129e-09,0.31984559999999995
2.131e-09,0.31991839999999994
2.133e-09,0.3199866000000001
2.135e-09,0.3200522
2.137e-09,0.32011520000000004
2.139e-09,0.32017470000000003
2.141e-09,0.3202307
2.143e-09,0.32028429999999997
2.145e-09,0.32033540000000005
2.147e-09,0.3203832000000001
2.149e-09,0.32042760000000003
2.151e-09,0.32047059999999994
2.153e-09,0.3205104999999999
2.155e-09,0.320547
2.157e-09,0.3205823000000001
2.159e-09,0.3206145
2.161e-09,0.3206444999999999
2.163e-09,0.3206722999999999
2.165e-09,0.3206981
2.167e-09,0.32072180000000006
2.169e-09,0.32074350000000007
2.171e-09,0.32076209999999994
2.173e-09,0.3207796999999999
2.175e-09,0.32079440000000004
2.177e-09,0.3208082000000001
2.179e-09,0.32082
2.181e-09,0.32083000000000006
2.183e-09,0.3208380999999999
2.185e-09,0.32084429999999997
2.187e-09,0.32084879999999993
2.189e-09,0.32085240000000004
2.191e-09,0.3208533
2.193e-09,0.3208535
2.195e-09,0.32085189999999986
2.197e-09,0.32084959999999996
2.1985e-09,0.32084619999999997
2.2e-09,0.3208424000000001
2.2002e-09,0.32084210000000013
2.2006e-09,0.3208405999999999
2.2014e-09,0.3208384000000001
2.203e-09,0.3208327000000001
2.205e-09,0.3208247999999999
2.207e-09,0.3208152999999999
2.209e-09,0.3208052000000001
2.211e-09,0.32079349999999995
2.213e-09,0.3207803
2.215e-09,0.3207666
2.217e-09,0.3207523000000001
2.219e-09,0.3207356
2.221e-09,0.32071929999999993
2.223e-09,0.32070160000000003
2.225e-09,0.3206823999999999
2.227e-09,0.3206627999999999
2.229e-09,0.3206428
2.231e-09,0.32062140000000006
2.233e-09,0.3205996000000001
2.235e-09,0.3205764
2.237e-09,0.3205528000000001
2.239e-09,0.3205288999999999
2.241e-09,0.3205035999999999
2.243e-09,0.3204781000000001
2.245e-09,0.3204522000000001
2.247e-09,0.32042500000000007
2.249e-09,0.3203974999999999
2.251e-09,0.3203697
2.253e-09,0.32034070000000003
2.255e-09,0.3203113999999999
2.257e-09,0.3202819000000001
2.259e-09,0.32025210000000004
2.261e-09,0.32022210000000007
2.263e-09,0.32019090000000006
2.265e-09,0.32015950000000004
2.267e-09,0.3201279
2.269e-09,0.3200961
2.271e-09,0.32006309999999993
2.273e-09,0.3200299999999999
2.275e-09,0.31999769999999994
2.277e-09,0.3199643
2.279e-09,0.3199307000000001
2.281e-09,0.31989599999999996
2.283e-09,0.31986210000000004
2.285e-09,0.3198281999999999
2.287e-09,0.31979310000000005
2.289e-09,0.31975790000000004
2.291e-09,0.3197226999999999
2.293e-09,0.3196882999999999
2.295e-09,0.3196528999999999
2.297e-09,0.31961740000000005
2.299e-09,0.3195808000000001
2.301e-09,0.3195451
2.303e-09,0.31950939999999994
2.305e-09,0.3194736
2.307e-09,0.3194368000000001
2.309e-09,0.31940100000000005
2.311e-09,0.31936509999999996
2.313e-09,0.31932819999999995
2.315e-09,0.3192923000000001
2.317e-09,0.31925530000000013
2.319e-09,0.3192193
2.321e-09,0.3191824
2.323e-09,0.31914639999999994
2.325e-09,0.3191094
2.327e-09,0.31907340000000006
2.329e-09,0.3190363999999999
2.331e-09,0.3190005
2.333e-09,0.31896350000000007
2.335e-09,0.3189276
2.337e-09,0.3188916999999999
2.339e-09,0.3188547999999999
2.341e-09,0.3188189
2.343e-09,0.31878210000000007
2.345e-09,0.31874630000000004
2.347e-09,0.31871059999999996
2.349e-09,0.3186749000000001
2.351e-09,0.31863929999999996
2.353e-09,0.31860369999999993
2.355e-09,0.3185671
2.357e-09,0.31853160000000014
2.359e-09,0.3184971999999999
2.361e-09,0.31846180000000013
2.363e-09,0.31842650000000006
2.365e-09,0.3183912
2.367e-09,0.318357
2.369e-09,0.31832189999999994
2.371e-09,0.3182868000000001
2.373e-09,0.3182527999999999
2.375e-09,0.31821889999999997
2.377e-09,0.31818409999999986
2.379e-09,0.3181503
2.381e-09,0.31811670000000003
2.383e-09,0.31808310000000006
2.385e-09,0.31804959999999993
2.387e-09,0.3180161
2.389e-09,0.3179828000000001
2.391e-09,0.3179505
2.393e-09,0.3179173999999999
2.395e-09,0.3178843
2.397e-09,0.3178523
2.3985e-09,0.3178284
2.4e-09,0.31780449999999993
2.4002e-09,0.31780090000000005
2.4006e-09,0.31779479999999993
2.4014e-09,0.31778150000000005
2.403e-09,0.3177559
2.405e-09,0.31772429999999996
2.407e-09,0.3176928
2.409e-09,0.3176624000000001
2.411e-09,0.3176310000000001
2.413e-09,0.3175998000000001
2.415e-09,0.31756969999999995
2.417e-09,0.3175385999999999
2.419e-09,0.3175087000000001
2.421e-09,0.3174789
2.423e-09,0.3174492000000001
2.425e-09,0.3174196
2.427e-09,0.31738999999999995
2.429e-09,0.3173606
2.431e-09,0.31733129999999987
2.433e-09,0.31730309999999995
2.435e-09,0.31727400000000006
2.437e-09,0.3172459999999999
2.439e-09,0.31721809999999995
2.441e-09,0.3171893000000001
2.443e-09,0.31716159999999993
2.445e-09,0.3171339999999999
2.447e-09,0.3171074999999999
2.449e-09,0.3170801999999999
2.451e-09,0.31705289999999997
2.453e-09,0.3170266999999999
2.455e-09,0.3169997
2.457e-09,0.3169736999999999
2.459e-09,0.31694789999999995
2.461e-09,0.31692220000000004
2.463e-09,0.3168965
2.465e-09,0.316871
2.467e-09,0.31684559999999995
2.469e-09,0.3168213000000001
2.471e-09,0.31679599999999997
2.473e-09,0.3167719000000001
2.475e-09,0.31674690000000005
2.477e-09,0.316723
2.479e-09,0.31669920000000007
2.481e-09,0.3166754999999999
2.483e-09,0.3166519
2.485e-09,0.31662849999999987
2.487e-09,0.3166060999999999
2.489e-09,0.31658280000000005
2.491e-09,0.3165606000000001
2.493e-09,0.3165374999999999
2.495e-09,0.31651549999999995
2.497e-09,0.3164937
2.499e-09,0.3164718999999999
2.501e-09,0.3164502
2.503e-09,0.31642859999999995
2.505e-09,0.3164072
2.507e-09,0.31638679999999997
2.509e-09,0.31636549999999997
2.511e-09,0.31634529999999994
2.513e-09,0.31632419999999994
2.515e-09,0.3163043000000001
2.517e-09,0.3162844
2.519e-09,0.3162645999999999
2.521e-09,0.31624490000000005
2.523e-09,0.31622530000000004
2.525e-09,0.3162058
2.527e-09,0.31618730000000006
2.529e-09,0.316168
2.531e-09,0.31614980000000004
2.533e-09,0.3161307
2.535e-09,0.3161126000000001
2.537e-09,0.31609469999999995
2.539e-09,0.31607679999999994
2.541e-09,0.3160590000000001
2.543e-09,0.31604129999999986
2.545e-09,0.3160237
2.547e-09,0.3160062
2.549e-09,0.3159898000000001
2.551e-09,0.3159724999999999
2.553e-09,0.3159561999999999
2.555e-09,0.3159390999999999
2.557e-09,0.31592299999999995
2.559e-09,0.31590699999999994
2.561e-09,0.3158911
2.563e-09,0.31587529999999997
2.565e-09,0.31585949999999996
2.567e-09,0.31584389999999996
2.569e-09,0.31582829999999995
2.571e-09,0.31581380000000003
2.573e-09,0.31579840000000003
2.575e-09,0.3157831
2.577e-09,0.31576879999999996
2.579e-09,0.3157546000000001
2.581e-09,0.31573950000000006
2.583e-09,0.3157255
2.585e-09,0.3157116000000001
2.587e-09,0.31569769999999997
2.589e-09,0.3156838999999999
2.591e-09,0.3156702
2.593e-09,0.3156565
2.595e-09,0.31564400000000004
2.597e-09,0.3156304999999999
2.5985e-09,0.31562060000000014
2.6e-09,0.31562250000000003
2.6002e-09,0.31562580000000007
2.6006e-09,0.3156321000000001
2.6014e-09,0.3156542
2.603e-09,0.31571360000000004
2.605e-09,0.315781
2.607e-09,0.31579370000000007
2.609e-09,0.31570979999999993
2.611e-09,0.3154966
2.613e-09,0.31512869999999993
2.615e-09,0.31458560000000013
2.617e-09,0.3138512000000001
2.619e-09,0.3129136
2.621e-09,0.311767
2.623e-09,0.31040409999999996
2.625e-09,0.3088234999999999
2.627e-09,0.30702240000000003
2.629e-09,0.30500189999999994
2.631e-09,0.3027645000000001
2.633e-09,0.3003129
2.635e-09,0.2976508
2.637e-09,0.2947824
2.639e-09,0.29171309999999995
2.641e-09,0.2884487
2.643e-09,0.28499509999999995
2.645e-09,0.2813588
2.647e-09,0.2775463
2.649e-09,0.2735643
2.651e-09,0.2694198
2.653e-09,0.2651196
2.655e-09,0.2606708
2.657e-09,0.2560804
2.659e-09,0.2513554
2.661e-09,0.24650269999999996
2.663e-09,0.2415292
2.665e-09,0.2364417000000001
2.667e-09,0.23124690000000003
2.669e-09,0.22595159999999992
2.671e-09,0.22056200000000004
2.673e-09,0.21508459999999996
2.675e-09,0.20952579999999998
2.677e-09,0.2038915
2.679e-09,0.19818789999999997
2.681e-09,0.1924207
2.683e-09,0.18659570000000003
2.685e-09,0.1807183
2.687e-09,0.174794
2.689e-09,0.16882799999999998
2.691e-09,0.16282549999999996
2.693e-09,0.15679140000000003
2.695e-09,0.1507305
2.697e-09,0.14464719999999998
2.699e-09,0.1385463
2.701e-09,0.132432
2.703e-09,0.12630850000000005
2.705e-09,0.12017979999999995
2.707e-09,0.11404969999999992
2.709e-09,0.10792219999999997
2.711e-09,0.10180060000000002
2.713e-09,0.0956884
2.715e-09,0.08958910000000009
2.717e-09,0.08350559999999996
2.719e-09,0.07744119999999999
2.721e-09,0.07139850000000003
2.723e-09,0.06538050000000006
2.725e-09,0.05938969999999999
2.727e-09,0.053428699999999996
2.729e-09,0.04749979999999998
2.731e-09,0.04160530000000007
2.733e-09,0.03574730000000004
2.735e-09,0.029927900000000007
2.737e-09,0.024148899999999918
2.739e-09,0.01841219999999999
2.741e-09,0.0127197
2.743e-09,0.0070725999999999845
2.745e-09,0.0014724999999999877
2.747e-09,-0.004079100000000002
2.749e-09,-0.009580799999999945
2.751e-09,-0.015031500000000086
2.753e-09,-0.020430100000000007
2.755e-09,-0.02577560000000001
2.757e-09,-0.031067000000000067
2.759e-09,-0.03630330000000004
2.761e-09,-0.04148379999999996
2.763e-09,-0.046607900000000035
2.765e-09,-0.05167469999999996
2.767e-09,-0.05668380000000006
2.769e-09,-0.061634500000000036
2.771e-09,-0.06652669999999994
2.773e-09,-0.07135949999999991
2.775e-09,-0.076133
2.777e-09,-0.08084659999999999
2.779e-09,-0.08550020000000003
2.781e-09,-0.09009369999999994
2.783e-09,-0.09462700000000002
2.785e-09,-0.09909979999999996
2.787e-09,-0.1035121
2.789e-09,-0.10786410000000002
2.791e-09,-0.11215569999999997
2.793e-09,-0.11638700000000002
2.795e-09,-0.12055820000000006
2.797e-09,-0.12466929999999998
2.7985e-09,-0.12771330000000003
2.8e-09,-0.13072380000000006
2.8002e-09,-0.13112239999999997
2.8006e-09,-0.13191830000000004
2.8014e-09,-0.13350309999999999
2.803e-09,-0.1366442
2.805e-09,-0.14051730000000007
2.807e-09,-0.1443317999999999
2.809e-09,-0.1480878
2.811e-09,-0.15178570000000002
2.813e-09,-0.15542579999999995
2.815e-09,-0.1590087
2.817e-09,-0.16253459999999997
2.819e-09,-0.16600389999999998
2.821e-09,-0.16941719999999993
2.823e-09,-0.1727747999999999
2.825e-09,-0.1760773
2.827e-09,-0.17932520000000007
2.829e-09,-0.18251889999999993
2.831e-09,-0.18565900000000002
2.833e-09,-0.18874590000000002
2.835e-09,-0.19178019999999996
2.837e-09,-0.19476249999999995
2.839e-09,-0.19769330000000007
2.841e-09,-0.20057310000000006
2.843e-09,-0.20340250000000004
2.845e-09,-0.20618199999999998
2.847e-09,-0.20891229999999994
2.849e-09,-0.2115938999999999
2.851e-09,-0.21422739999999996
2.853e-09,-0.2168133
2.855e-09,-0.21935229999999994
2.857e-09,-0.2218449
2.859e-09,-0.22429169999999998
2.861e-09,-0.22669320000000004
2.863e-09,-0.22905030000000004
2.865e-09,-0.2313632
2.867e-09,-0.23363270000000003
2.869e-09,-0.2358593
2.871e-09,-0.23804369999999997
2.873e-09,-0.24018629999999996
2.875e-09,-0.2422879
2.877e-09,-0.24434880000000003
2.879e-09,-0.24636979999999997
2.881e-09,-0.2483514
2.883e-09,-0.2502942
2.885e-09,-0.2521987
2.887e-09,-0.25406550000000006
2.889e-09,-0.25589509999999993
2.891e-09,-0.25768820000000003
2.893e-09,-0.25944520000000004
2.895e-09,-0.2611667999999999
2.897e-09,-0.26285329999999996
2.899e-09,-0.26450549999999995
2.901e-09,-0.26612389999999997
2.903e-09,-0.26770879999999997
2.905e-09,-0.269261
2.907e-09,-0.27078079999999993
2.909e-09,-0.2722688999999999
2.911e-09,-0.2737255999999999
2.913e-09,-0.2751515
2.915e-09,-0.27654730000000005
2.917e-09,-0.27791319999999997
2.919e-09,-0.2792498000000001
2.921e-09,-0.28055759999999996
2.923e-09,-0.28183709999999995
2.925e-09,-0.28308869999999997
2.927e-09,-0.2843129
2.929e-09,-0.28551020000000005
2.931e-09,-0.2866808999999999
2.933e-09,-0.2878256
2.935e-09,-0.2889448
2.937e-09,-0.29003879999999993
2.939e-09,-0.2911081
2.941e-09,-0.29215309999999994
2.943e-09,-0.29317420000000005
2.945e-09,-0.294172
2.947e-09,-0.29514660000000004
2.949e-09,-0.29609870000000005
2.951e-09,-0.29702850000000003
2.953e-09,-0.2979364
2.955e-09,-0.29882299999999995
2.957e-09,-0.29968839999999997
2.959e-09,-0.30053319999999994
2.961e-09,-0.3013578
2.963e-09,-0.3021625
2.965e-09,-0.30294750000000004
2.967e-09,-0.30371289999999995
2.969e-09,-0.3044600999999999
2.971e-09,-0.305188
2.973e-09,-0.305898
2.975e-09,-0.30659120000000006
2.977e-09,-0.3072655999999999
2.979e-09,-0.3079236000000001
2.981e-09,-0.3085643000000001
2.983e-09,-0.30918880000000004
2.985e-09,-0.3097972
2.987e-09,-0.31038880000000013
2.989e-09,-0.3109657
2.991e-09,-0.311527
2.993e-09,-0.3120729
2.995e-09,-0.31260450000000006
2.997e-09,-0.313122
2.9985e-09,-0.3135009999999999
3e-09,-0.31388270000000007
3.0002e-09,-0.31393570000000004
3.0006e-09,-0.3140423000000001
3.0014e-09,-0.31426219999999994
3.003e-09,-0.3147116999999999
3.005e-09,-0.3152541000000001
3.007e-09,-0.31572880000000003
3.009e-09,-0.31609620000000016
3.011e-09,-0.31632189999999993
3.013e-09,-0.31638069999999996
3.015e-09,-0.31625330000000007
3.017e-09,-0.3159250000000001
3.019e-09,-0.31538489999999986
3.021e-09,-0.3146247000000001
3.023e-09,-0.3136391999999999
3.025e-09,-0.31242609999999993
3.027e-09,-0.31098400000000004
3.029e-09,-0.3093149999999999
3.031e-09,-0.3074198
3.033e-09,-0.30530239999999986
3.035e-09,-0.30296519999999993
3.037e-09,-0.3004146999999999
3.039e-09,-0.2976553999999999
3.041e-09,-0.294693
3.043e-09,-0.2915337
3.045e-09,-0.288184
3.047e-09,-0.2846504999999999
3.049e-09,-0.2809399
3.051e-09,-0.2770593
3.053e-09,-0.2730155000000001
3.055e-09,-0.2688157
3.057e-09,-0.2644668
3.059e-09,-0.2599758000000001
3.061e-09,-0.2553498999999999
3.063e-09,-0.25059580000000004
3.065e-09,-0.24572040000000006
3.067e-09,-0.24073050000000007
3.069e-09,-0.23563279999999998
3.071e-09,-0.23043369999999996
3.073e-09,-0.22513970000000005
3.075e-09,-0.21975709999999993
3.077e-09,-0.21429209999999999
3.079e-09,-0.20875070000000007
3.081e-09,-0.2031389
3.083e-09,-0.1974623000000001
3.085e-09,-0.19172659999999997
3.087e-09,-0.18593729999999997
3.089e-09,-0.18009969999999997
3.091e-09,-0.17421889999999995
3.093e-09,-0.16830010000000006
3.095e-09,-0.16234799999999994
3.097e-09,-0.15636739999999993
3.099e-09,-0.15036289999999997
3.101e-09,-0.14433889999999994
3.103e-09,-0.13829970000000003
3.105e-09,-0.13224939999999996
3.107e-09,-0.12619210000000003
3.109e-09,-0.12013150000000006
3.111e-09,-0.11407129999999999
3.113e-09,-0.10801509999999992
3.115e-09,-0.10196649999999996
3.117e-09,-0.09592849999999997
3.119e-09,-0.0899044
3.121e-09,-0.08389710000000006
3.123e-09,-0.07790969999999997
3.125e-09,-0.07194480000000003
3.127e-09,-0.06600490000000003
3.129e-09,-0.06009280000000006
3.131e-09,-0.054210699999999945
3.133e-09,-0.04836099999999999
3.135e-09,-0.04254559999999996
3.137e-09,-0.03676679999999999
3.139e-09,-0.0310263999999999
3.141e-09,-0.025326199999999965
3.143e-09,-0.01966800000000002
3.145e-09,-0.014053300000000046
3.147e-09,-0.008483899999999989
3.149e-09,-0.0029607999999999857
3.151e-09,0.0025144000000000277
3.153e-09,0.007940399999999959
3.155e-09,0.013316300000000059
3.157e-09,0.018640800000000013
3.159e-09,0.02391309999999991
3.161e-09,0.02913219999999994
3.163e-09,0.034297299999999975
3.165e-09,0.03940750000000004
3.167e-09,0.044462300000000066
3.169e-09,0.049461100000000036
3.171e-09,0.054403199999999985
3.173e-09,0.059288099999999955
3.175e-09,0.06411549999999999
3.177e-09,0.06888500000000009
3.179e-09,0.0735962
3.181e-09,0.07824890000000007
3.183e-09,0.08284289999999994
3.185e-09,0.0873780999999999
3.187e-09,0.0918542
3.189e-09,0.0962712
3.191e-09,0.10062919999999997
3.193e-09,0.10492799999999991
3.195e-09,0.10916789999999998
3.197e-09,0.11334869999999997
3.1985e-09,0.11644569999999999
3.2e-09,0.1195096
3.2002e-09,0.1199154
3.2006e-09,0.12072569999999994
3.2014e-09,0.12233929999999993
3.203e-09,0.12553840000000005
3.205e-09,0.12948499999999996
3.207e-09,0.13337359999999998
3.209e-09,0.13720429999999995
3.211e-09,0.14097769999999998
3.213e-09,0.14469389999999993
3.215e-09,0.14835319999999996
3.217e-09,0.1519562000000001
3.219e-09,0.15550299999999995
3.221e-09,0.15899420000000009
3.223e-09,0.16243010000000002
3.225e-09,0.16581120000000005
3.227e-09,0.16913789999999995
3.229e-09,0.17241060000000008
3.231e-09,0.1756301
3.233e-09,0.17879650000000002
3.235e-09,0.18191029999999997
3.237e-09,0.18497229999999998
3.239e-09,0.1879828
3.241e-09,0.19094239999999996
3.243e-09,0.1938516
3.245e-09,0.19671100000000008
3.247e-09,0.19952099999999995
3.249e-09,0.20228219999999997
3.251e-09,0.20499520000000004
3.253e-09,0.20766060000000008
3.255e-09,0.21027890000000005
3.257e-09,0.2128506
3.259e-09,0.21537629999999996
3.261e-09,0.21785659999999996
3.263e-09,0.22029219999999994
3.265e-09,0.22268339999999998
3.267e-09,0.22503090000000003
3.269e-09,0.22733530000000002
3.271e-09,0.2295971
3.273e-09,0.2318169
3.275e-09,0.23399530000000002
3.277e-09,0.23613280000000003
3.279e-09,0.23822999999999994
3.281e-09,0.24028740000000004
3.283e-09,0.24230569999999996
3.285e-09,0.24428530000000004
3.287e-09,0.24622680000000008
3.289e-09,0.24813090000000004
3.291e-09,0.2499979
3.293e-09,0.25182840000000006
3.295e-09,0.2536231
3.297e-09,0.2553824
3.299e-09,0.25710679999999997
3.301e-09,0.25879700000000005
3.303e-09,0.2604533
3.305e-09,0.2620764
3.307e-09,0.2636668
3.309e-09,0.2652249
3.311e-09,0.2667513
3.313e-09,0.2682464
3.315e-09,0.26971069999999997
3.317e-09,0.27114479999999996
3.319e-09,0.27254920000000005
3.321e-09,0.2739243
3.323e-09,0.2752705000000001
3.325e-09,0.2765885
3.327e-09,0.27787850000000003
3.329e-09,0.27914110000000003
3.331e-09,0.2803768
3.333e-09,0.28158589999999994
3.335e-09,0.2827689
3.337e-09,0.2839263000000001
3.339e-09,0.28505860000000005
3.341e-09,0.2861659999999999
3.343e-09,0.28724910000000003
3.345e-09,0.28830829999999996
3.347e-09,0.28934400000000005
3.349e-09,0.2903565
3.351e-09,0.2913462
3.353e-09,0.29231379999999996
3.355e-09,0.29325940000000006
3.357e-09,0.2941834
3.359e-09,0.2950863
3.361e-09,0.29596829999999996
3.363e-09,0.29683000000000004
3.365e-09,0.29767160000000004
3.367e-09,0.2984936
3.369e-09,0.29929609999999995
3.371e-09,0.30007969999999995
3.373e-09,0.3008449999999999
3.375e-09,0.3015913
3.377e-09,0.3023197999999999
3.379e-09,0.3030315000000001
3.381e-09,0.3037245999999999
3.383e-09,0.3044013
3.385e-09,0.3050617000000001
3.387e-09,0.30570509999999995
3.389e-09,0.30633350000000004
3.391e-09,0.30694509999999986
3.393e-09,0.30754100000000006
3.395e-09,0.3081224
3.397e-09,0.30868949999999995
3.3985e-09,0.30910479999999996
3.4e-09,0.30951110000000004
3.4002e-09,0.3095655999999999
3.4006e-09,0.30967239999999996
3.4014e-09,0.3098843
3.403e-09,0.31030179999999996
3.405e-09,0.3108118000000001
3.407e-09,0.3113081000000001
3.409e-09,0.3117909
3.411e-09,0.31226030000000005
3.413e-09,0.3127183
3.415e-09,0.3131632
3.417e-09,0.31359499999999996
3.419e-09,0.31401599999999996
3.421e-09,0.3144251000000001
3.423e-09,0.3148225
3.425e-09,0.3152082999999999
3.427e-09,0.3155826999999999
3.429e-09,0.31594770000000005
3.431e-09,0.31630040000000004
3.433e-09,0.3166440999999999
3.435e-09,0.3169767000000001
3.437e-09,0.31730029999999987
3.439e-09,0.31761320000000004
3.441e-09,0.31791630000000004
3.443e-09,0.3182108
3.445e-09,0.31849569999999994
3.447e-09,0.31877219999999995
3.449e-09,0.3190394
3.451e-09,0.31929830000000015
3.453e-09,0.3195490000000001
3.455e-09,0.3197907000000001
3.457e-09,0.3200244000000001
3.459e-09,0.32025119999999996
3.461e-09,0.3204692
3.463e-09,0.3206804000000001
3.465e-09,0.32088400000000006
3.467e-09,0.32108009999999987
3.469e-09,0.3212686000000001
3.471e-09,0.3214507000000001
3.473e-09,0.32162650000000004
3.475e-09,0.32179499999999994
3.477e-09,0.32195830000000003
3.479e-09,0.32211350000000005
3.481e-09,0.3222636
3.483e-09,0.3224078
3.485e-09,0.322546
3.487e-09,0.3226773999999999
3.489e-09,0.32280410000000004
3.491e-09,0.322925
3.493e-09,0.32304120000000014
3.495e-09,0.32315189999999994
3.497e-09,0.323257
3.499e-09,0.32335669999999994
3.501e-09,0.32345290000000004
3.503e-09,0.3235427999999999
3.505e-09,0.32362940000000007
3.507e-09,0.3237107
3.509e-09,0.3237878999999999
3.511e-09,0.3238599000000001
3.513e-09,0.3239289000000001
3.515e-09,0.3239938000000001
3.517e-09,0.3240537
3.519e-09,0.32410969999999995
3.521e-09,0.3241628
3.523e-09,0.3242120999999999
3.525e-09,0.3242566000000001
3.527e-09,0.32429829999999993
3.529e-09,0.3243374
3.531e-09,0.3243718
3.533e-09,0.3244036
3.535e-09,0.3244328000000001
3.537e-09,0.32445749999999995
3.539e-09,0.32448070000000007
3.541e-09,0.3244994
3.543e-09,0.32451679999999994
3.545e-09,0.3245296999999999
3.547e-09,0.3245414000000001
3.549e-09,0.32454969999999994
3.551e-09,0.32455579999999995
3.553e-09,0.3245597
3.555e-09,0.3245603
3.557e-09,0.3245599
3.559e-09,0.32455619999999996
3.561e-09,0.3245506
3.563e-09,0.32454280000000013
3.565e-09,0.32453199999999993
3.567e-09,0.3245201999999999
3.569e-09,0.32450650000000014
3.571e-09,0.3244908000000001
3.573e-09,0.3244731999999999
3.575e-09,0.32445370000000007
3.577e-09,0.32443240000000007
3.579e-09,0.32441029999999993
3.581e-09,0.3243853000000001
3.583e-09,0.3243596000000001
3.585e-09,0.3243321000000001
3.587e-09,0.32430289999999995
3.589e-09,0.3242729999999999
3.591e-09,0.3242404
3.593e-09,0.32420819999999995
3.595e-09,0.3241733000000001
3.597e-09,0.3241379
3.5985e-09,0.3241104
3.6e-09,0.3240826000000001
3.6002e-09,0.32407870000000005
3.6006e-09,0.32407089999999994
3.6014e-09,0.3240553999999999
3.603e-09,0.32402399999999987
3.605e-09,0.3239843
3.607e-09,0.32394309999999993
3.609e-09,0.3239004
3.611e-09,0.32385829999999993
3.613e-09,0.3238137000000001
3.615e-09,0.3237696000000001
3.617e-09,0.3237232000000001
3.619e-09,0.32367729999999995
3.621e-09,0.3236300999999999
3.623e-09,0.32358149999999997
3.625e-09,0.3235336
3.627e-09,0.32348430000000006
3.629e-09,0.32343369999999994
3.631e-09,0.3233838
3.633e-09,0.3233326999999999
3.635e-09,0.3232801999999999
3.637e-09,0.32322850000000003
3.639e-09,0.3231756
3.641e-09,0.32312240000000003
3.643e-09,0.32306900000000005
3.645e-09,0.3230143999999999
3.647e-09,0.32296059999999993
3.649e-09,0.3229056
3.651e-09,0.3228504000000001
3.653e-09,0.3227950999999999
3.655e-09,0.3227397000000001
3.657e-09,0.3226831
3.659e-09,0.32262730000000006
3.661e-09,0.3225705
3.663e-09,0.3225134999999999
3.665e-09,0.32245650000000015
3.667e-09,0.32239930000000006
3.669e-09,0.32234209999999996
3.671e-09,0.3222847999999999
3.673e-09,0.3222275000000001
3.675e-09,0.3221701
3.677e-09,0.32211160000000005
3.679e-09,0.3220541
3.681e-09,0.32199659999999997
3.683e-09,0.3219381
3.685e-09,0.3218804999999999
3.687e-09,0.3218230000000001
3.689e-09,0.32176439999999984
3.691e-09,0.3217069
3.693e-09,0.3216483000000001
3.695e-09,0.32159080000000007
3.697e-09,0.3215333
3.699e-09,0.3214758999999999
3.701e-09,0.32141739999999996
3.703e-09,0.32136010000000015
3.705e-09,0.32130270000000005
3.707e-09,0.3212454
3.709e-09,0.3211881999999999
3.711e-09,0.3211311000000001
3.713e-09,0.3210740000000001
3.715e-09,0.321017
3.717e-09,0.32096100000000005
3.719e-09,0.3209042
3.721e-09,0.3208474
3.723e-09,0.3207917
3.725e-09,0.32073609999999986
3.727e-09,0.32067960000000006
3.729e-09,0.3206243
3.731e-09,0.320569
3.733e-09,0.32051380000000007
3.735e-09,0.3204587
3.737e-09,0.32040479999999993
3.739e-09,0.32035
3.741e-09,0.3202963000000001
3.743e-09,0.32024169999999985
3.745e-09,0.3201881999999999
3.747e-09,0.3201348999999999
3.749e-09,0.3200816999999999
3.751e-09,0.3200285999999999
3.753e-09,0.3199767
3.755e-09,0.31992390000000004
3.757e-09,0.31987219999999994
3.759e-09,0.31982070000000007
3.761e-09,0.3197694
3.763e-09,0.3197180999999999
3.765e-09,0.3196671000000001
3.767e-09,0.31961609999999996
3.769e-09,0.31956640000000003
3.771e-09,0.3195166999999999
3.773e-09,0.3194672999999999
3.775e-09,0.31941790000000003
3.777e-09,0.3193688000000001
3.779e-09,0.31931979999999993
3.781e-09,0.31927190000000005
3.783e-09,0.31922319999999993
3.785e-09,0.31917569999999995
3.787e-09,0.31912830000000014
3.789e-09,0.3190811000000001
3.791e-09,0.3190351
3.793e-09,0.31898819999999994
3.795e-09,0.3189425
3.797e-09,0.3188968999999999
3.7985e-09,0.3188620999999999
3.8e-09,0.31884009999999996
3.8002e-09,0.3188397999999999
3.8006e-09,0.31883989999999995
3.8014e-09,0.3188497000000001
3.803e-09,0.31888339999999993
3.805e-09,0.3189191
3.807e-09,0.3189001
3.809e-09,0.3187855999999999
3.811e-09,0.318543
3.813e-09,0.31814490000000006
3.815e-09,0.3175717000000001
3.817e-09,0.3168086000000001
3.819e-09,0.3158443999999999
3.821e-09,0.3146696
3.823e-09,0.31328069999999997
3.825e-09,0.3116734
3.827e-09,0.30984579999999995
3.829e-09,0.3078012
3.831e-09,0.3055388
3.833e-09,0.30306259999999996
3.835e-09,0.3003768
3.837e-09,0.29748449999999993
3.839e-09,0.29439209999999993
3.841e-09,0.2911047
3.843e-09,0.28762849999999995
3.845e-09,0.2839699
3.847e-09,0.28013509999999997
3.849e-09,0.27613109999999996
3.851e-09,0.27196469999999995
3.853e-09,0.26764280000000007
3.855e-09,0.2631724000000001
3.857e-09,0.2585605000000001
3.859e-09,0.25381390000000004
3.861e-09,0.24893980000000004
3.863e-09,0.2439448999999999
3.865e-09,0.2388361
3.867e-09,0.23362000000000005
3.869e-09,0.22830320000000004
3.871e-09,0.22289230000000004
3.873e-09,0.21739359999999996
3.875e-09,0.21181339999999993
3.877e-09,0.20615779999999995
3.879e-09,0.20043270000000002
3.881e-09,0.1946441
3.883e-09,0.18879750000000006
3.885e-09,0.18289870000000008
3.887e-09,0.17695289999999997
3.889e-09,0.17096540000000005
3.891e-09,0.16494129999999996
3.893e-09,0.15888559999999996
3.895e-09,0.15280309999999997
3.897e-09,0.14669830000000006
3.899e-09,0.14057579999999992
3.901e-09,0.1344398
3.903e-09,0.1282947000000001
3.905e-09,0.12214449999999999
3.907e-09,0.11599289999999995
3.909e-09,0.10984380000000005
3.911e-09,0.10370069999999998
3.913e-09,0.09756710000000002
3.915e-09,0.09144629999999998
3.917e-09,0.08534160000000002
3.919e-09,0.07925579999999999
3.921e-09,0.07319189999999998
3.923e-09,0.06715280000000001
3.925e-09,0.06114089999999994
3.927e-09,0.0551588999999999
3.929e-09,0.049209100000000006
3.931e-09,0.04329369999999999
3.933e-09,0.037415100000000034
3.935e-09,0.03157509999999997
3.937e-09,0.025775700000000068
3.939e-09,0.020018699999999945
3.941e-09,0.014305800000000035
3.943e-09,0.008638600000000052
3.945e-09,0.0030185999999999824
3.947e-09,-0.0025526999999999633
3.949e-09,-0.008074099999999973
3.951e-09,-0.013544400000000012
3.953e-09,-0.018962400000000046
3.955e-09,-0.024327100000000046
3.957e-09,-0.029637500000000094
3.959e-09,-0.03489280000000006
3.961e-09,-0.040092100000000075
3.963e-09,-0.045234600000000014
3.965e-09,-0.05031989999999997
3.967e-09,-0.05534719999999993
3.969e-09,-0.060316000000000036
3.971e-09,-0.065226
3.973e-09,-0.07007649999999999
3.975e-09,-0.07486740000000003
3.977e-09,-0.07959850000000002
3.979e-09,-0.08426919999999993
3.981e-09,-0.0888797
3.983e-09,-0.09342970000000006
3.985e-09,-0.09791909999999993
3.987e-09,-0.10234790000000005
3.989e-09,-0.10671610000000009
3.991e-09,-0.11102369999999995
3.993e-09,-0.11527089999999995
3.995e-09,-0.1194577
3.997e-09,-0.12358420000000003
3.9985e-09,-0.12663979999999997
4e-09,-0.12966159999999993
4.0002e-09,-0.13006250000000008
4.0006e-09,-0.130865
4.0014e-09,-0.13247370000000003
4.003e-09,-0.13569019999999998
4.005e-09,-0.13966630000000002
4.007e-09,-0.14354120000000004
4.009e-09,-0.14726779999999995
4.011e-09,-0.15080880000000008
4.013e-09,-0.15413469999999996
4.015e-09,-0.1572232
4.017e-09,-0.16005730000000007
4.019e-09,-0.1626248
4.021e-09,-0.16491770000000006
4.023e-09,-0.1669307
4.025e-09,-0.16866150000000002
4.027e-09,-0.1701102
4.029e-09,-0.1712781
4.031e-09,-0.17216869999999995
4.033e-09,-0.17278630000000006
4.035e-09,-0.1731359
4.037e-09,-0.1732241
4.039e-09,-0.17305720000000002
4.041e-09,-0.17264270000000004
4.043e-09,-0.17198780000000002
4.045e-09,-0.1711007
4.047e-09,-0.16998899999999995
4.049e-09,-0.16866099999999995
4.051e-09,-0.16712459999999996
4.053e-09,-0.16538819999999999
4.055e-09,-0.16345980000000004
4.057e-09,-0.16134740000000003
4.059e-09,-0.15905899999999995
4.061e-09,-0.15660240000000003
4.063e-09,-0.15398540000000005
4.065e-09,-0.15121549999999995
4.067e-09,-0.14830010000000005
4.069e-09,-0.1452466
4.071e-09,-0.14206200000000002
4.073e-09,-0.13875329999999997
4.075e-09,-0.13532710000000003
4.077e-09,-0.13179030000000003
4.079e-09,-0.12814920000000007
4.081e-09,-0.12440989999999996
4.083e-09,-0.12057850000000003
4.085e-09,-0.11666109999999996
4.087e-09,-0.11266319999999996
4.089e-09,-0.10859059999999998
4.091e-09,-0.1044484
4.093e-09,-0.10024199999999994
4.095e-09,-0.09597630000000001
4.097e-09,-0.09165630000000002
4.099e-09,-0.08728680000000011
4.101e-09,-0.0828722999999999
4.103e-09,-0.07841710000000002
4.105e-09,-0.07392560000000004
4.107e-09,-0.06940190000000002
4.109e-09,-0.0648498999999999
4.111e-09,-0.06027350000000009
4.113e-09,-0.0556762999999999
4.115e-09,-0.05106200000000005
4.117e-09,-0.04643389999999992
4.119e-09,-0.04179529999999998
4.121e-09,-0.03714930000000005
4.123e-09,-0.032499000000000056
4.125e-09,-0.02784730000000002
4.127e-09,-0.023197000000000023
4.129e-09,-0.018550599999999973
4.131e-09,-0.01391090000000006
4.133e-09,-0.009280100000000013
4.135e-09,-0.004660700000000073
4.137e-09,-5.4900000000079885e-05
4.139e-09,0.0045351999999999615
4.141e-09,0.0091078
4.143e-09,0.013660600000000023
4.145e-09,0.018191999999999986
4.147e-09,0.0227001
4.149e-09,0.027183500000000027
4.151e-09,0.03164050000000007
4.153e-09,0.03606970000000009
4.155e-09,0.040469599999999994
4.157e-09,0.044838900000000015
4.159e-09,0.04917640000000001
4.161e-09,0.05348109999999995
4.163e-09,0.05775169999999996
4.165e-09,0.06198720000000002
4.167e-09,0.06618679999999999
4.169e-09,0.0703494
4.171e-09,0.07447439999999994
4.173e-09,0.07856099999999999
4.175e-09,0.08260829999999997
4.177e-09,0.08661590000000008
4.179e-09,0.09058289999999991
4.181e-09,0.09450920000000007
4.183e-09,0.09839400000000009
4.185e-09,0.10223680000000002
4.187e-09,0.1060374999999999
4.189e-09,0.10979550000000005
4.191e-09,0.11351049999999996
4.193e-09,0.11718249999999997
4.195e-09,0.12081090000000005
4.197e-09,0.1243959
4.1985e-09,0.12705580000000005
4.2e-09,0.12970269999999995
4.2002e-09,0.1300559
4.2006e-09,0.13076299999999996
4.2014e-09,0.13217999999999996
4.203e-09,0.1350076
4.205e-09,0.1384911000000001
4.207e-09,0.14186979999999993
4.209e-09,0.1450998
4.211e-09,0.14814610000000006
4.213e-09,0.1509817
4.215e-09,0.1535858
4.217e-09,0.1559427
4.219e-09,0.1580416
4.221e-09,0.15987479999999998
4.223e-09,0.16143819999999998
4.225e-09,0.1627299000000001
4.227e-09,0.16374999999999995
4.229e-09,0.1645006
4.231e-09,0.16498499999999994
4.233e-09,0.16520780000000002
4.235e-09,0.16517420000000005
4.237e-09,0.16489049999999994
4.239e-09,0.16436340000000005
4.241e-09,0.16359990000000002
4.243e-09,0.16260750000000002
4.245e-09,0.16139409999999998
4.247e-09,0.1599674000000001
4.249e-09,0.15833540000000002
4.251e-09,0.15650609999999998
4.253e-09,0.15448740000000005
4.255e-09,0.15228750000000002
4.257e-09,0.1499140000000001
4.259e-09,0.1473749000000001
4.261e-09,0.14467799999999997
4.263e-09,0.14183060000000003
4.265e-09,0.13884019999999997
4.267e-09,0.1357142
4.269e-09,0.1324596
4.271e-09,0.12908339999999996
4.273e-09,0.12559220000000004
4.275e-09,0.12199289999999996
4.277e-09,0.1182917
4.279e-09,0.11449500000000001
4.281e-09,0.11060900000000007
4.283e-09,0.10663920000000005
4.285e-09,0.10259169999999995
4.287e-09,0.0984718
4.289e-09,0.09428510000000001
4.291e-09,0.09003669999999997
4.293e-09,0.08573169999999997
4.295e-09,0.08137499999999998
4.297e-09,0.0769711999999999
4.299e-09,0.07252499999999995
4.301e-09,0.06804080000000001
4.303e-09,0.06352270000000004
4.305e-09,0.058975
4.307e-09,0.0544015000000001
4.309e-09,0.049806099999999964
4.311e-09,0.04519249999999997
4.313e-09,0.040564000000000044
4.315e-09,0.03592430000000002
4.317e-09,0.031276300000000035
4.319e-09,0.026623400000000075
4.321e-09,0.021968499999999946
4.323e-09,0.017314399999999952
4.325e-09,0.012664000000000009
4.327e-09,0.008019699999999963
4.329e-09,0.0033841999999999484
4.331e-09,-0.0012402000000000246
4.333e-09,-0.005851199999999945
4.335e-09,-0.010446399999999967
4.337e-09,-0.015024099999999985
4.339e-09,-0.019582100000000047
4.341e-09,-0.024118500000000043
4.343e-09,-0.028631700000000038
4.345e-09,-0.03311990000000009
4.347e-09,-0.0375814000000001
4.349e-09,-0.04201490000000008
4.351e-09,-0.04641879999999998
4.353e-09,-0.0507919
4.355e-09,-0.05513280000000009
4.357e-09,-0.05944040000000006
4.359e-09,-0.06371360000000004
4.361e-09,-0.06795119999999999
4.363e-09,-0.0721524
4.365e-09,-0.0763163
4.367e-09,-0.0804419999999999
4.369e-09,-0.08452880000000007
4.371e-09,-0.08857590000000004
4.373e-09,-0.09258250000000001
4.375e-09,-0.09654830000000003
4.377e-09,-0.10047260000000002
4.379e-09,-0.10435490000000003
4.381e-09,-0.10819459999999992
4.383e-09,-0.11199170000000003
4.385e-09,-0.11574549999999995
4.387e-09,-0.1194558
4.389e-09,-0.12312230000000002
4.391e-09,-0.1267448
4.393e-09,-0.13032319999999997
4.395e-09,-0.13385709999999995
4.397e-09,-0.13734669999999993
4.3985e-09,-0.13993460000000002
4.4e-09,-0.1424974
4.4002e-09,-0.14283780000000001
4.4006e-09,-0.14351950000000002
4.4014e-09,-0.1448889
4.403e-09,-0.14763329999999997
4.405e-09,-0.15103259999999996
4.407e-09,-0.1543452999999999
4.409e-09,-0.157524
4.411e-09,-0.16053079999999997
4.413e-09,-0.1633365
4.415e-09,-0.165918
4.417e-09,-0.1682581999999999
4.419e-09,-0.17034459999999996
4.421e-09,-0.17216869999999995
4.423e-09,-0.17372500000000002
4.425e-09,-0.17501090000000008
4.427e-09,-0.17602609999999996
4.429e-09,-0.17677180000000003
4.431e-09,-0.17725069999999998
4.433e-09,-0.17746719999999994
4.435e-09,-0.17742619999999998
4.437e-09,-0.17713349999999994
4.439e-09,-0.1765956999999999
4.441e-09,-0.17581950000000002
4.443e-09,-0.17481250000000004
4.445e-09,-0.17358200000000001
4.447e-09,-0.1721359
4.449e-09,-0.17048200000000002
4.451e-09,-0.1686284
4.453e-09,-0.16658289999999998
4.455e-09,-0.16435349999999993
4.457e-09,-0.16194810000000004
4.459e-09,-0.15937439999999992
4.461e-09,-0.1566402
4.463e-09,-0.15375300000000003
4.465e-09,-0.15072030000000003
4.467e-09,-0.1475495
4.469e-09,-0.14424750000000008
4.471e-09,-0.14082149999999993
4.473e-09,-0.13727810000000007
4.475e-09,-0.13362430000000003
4.477e-09,-0.1298663
4.479e-09,-0.12601050000000003
4.481e-09,-0.12206309999999998
4.483e-09,-0.11802990000000002
4.485e-09,-0.11391680000000004
4.487e-09,-0.10972959999999998
4.489e-09,-0.1054735
4.491e-09,-0.10115379999999996
4.493e-09,-0.09677559999999996
4.495e-09,-0.09234419999999999
4.497e-09,-0.08786399999999994
4.499e-09,-0.08333979999999996
4.501e-09,-0.0787760999999999
4.503e-09,-0.07417699999999994
4.505e-09,-0.06954709999999997
4.507e-09,-0.06489
4.509e-09,-0.06020979999999998
4.511e-09,-0.05551010000000001
4.513e-09,-0.05079469999999997
4.515e-09,-0.04606679999999996
4.517e-09,-0.04132999999999998
4.519e-09,-0.03658719999999993
4.521e-09,-0.03184169999999997
4.523e-09,-0.027096200000000015
4.525e-09,-0.022353700000000032
4.527e-09,-0.0176168000000001
4.529e-09,-0.012888200000000016
4.531e-09,-0.008170200000000016
4.533e-09,-0.0034650999999999987
4.535e-09,0.0012246999999999675
4.537e-09,0.005897000000000041
4.539e-09,0.010549999999999948
4.541e-09,0.015181699999999965
4.543e-09,0.01979019999999998
4.545e-09,0.024373699999999943
4.547e-09,0.028930800000000034
4.549e-09,0.03345969999999998
4.551e-09,0.037958999999999965
4.553e-09,0.04242749999999995
4.555e-09,0.04686350000000006
4.557e-09,0.05126609999999998
4.559e-09,0.05563410000000002
4.561e-09,0.05996630000000003
4.563e-09,0.06426169999999998
4.565e-09,0.06851950000000007
4.567e-09,0.07273869999999993
4.569e-09,0.07691859999999995
4.571e-09,0.08105829999999992
4.573e-09,0.08515729999999999
4.575e-09,0.08921480000000004
4.577e-09,0.09323040000000005
4.579e-09,0.09720339999999994
4.581e-09,0.10113340000000004
4.583e-09,0.10502
4.585e-09,0.10886280000000004
4.587e-09,0.11266149999999997
4.589e-09,0.11641579999999996
4.591e-09,0.12012539999999994
4.593e-09,0.12378999999999996
4.595e-09,0.12740980000000002
4.597e-09,0.13098429999999994
4.5985e-09,0.13363550000000002
4.6e-09,0.13626120000000008
4.6002e-09,0.13660909999999993
4.6006e-09,0.13730409999999993
4.6014e-09,0.13868859999999994
4.603e-09,0.1414358
4.605e-09,0.14482899999999999
4.607e-09,0.14817689999999994
4.609e-09,0.1514795000000001
4.611e-09,0.154737
4.613e-09,0.15794930000000007
4.615e-09,0.1611167
4.617e-09,0.16423920000000003
4.619e-09,0.1673171
4.621e-09,0.17035050000000007
4.623e-09,0.17333960000000004
4.625e-09,0.17628480000000002
4.627e-09,0.17918610000000001
4.629e-09,0.18204390000000004
4.631e-09,0.18485850000000004
4.633e-09,0.18763010000000002
4.635e-09,0.19035900000000006
4.637e-09,0.19304560000000004
4.639e-09,0.19569009999999998
4.641e-09,0.19829299999999994
4.643e-09,0.20085450000000005
4.645e-09,0.20337490000000003
4.647e-09,0.20585490000000006
4.649e-09,0.2082944
4.651e-09,0.21069420000000005
4.653e-09,0.21305430000000003
4.655e-09,0.2153754
4.657e-09,0.2176578
4.659e-09,0.21990180000000004
4.661e-09,0.22210799999999997
4.663e-09,0.22427660000000005
4.665e-09,0.22640820000000006
4.667e-09,0.228503
4.669e-09,0.23056160000000003
4.671e-09,0.23258429999999997
4.673e-09,0.2345716
4.675e-09,0.2365239
4.677e-09,0.23844160000000003
4.679e-09,0.24032509999999996
4.681e-09,0.24217489999999997
4.683e-09,0.24399149999999992
4.685e-09,0.2457750999999999
4.687e-09,0.24752629999999998
4.689e-09,0.2492453
4.691e-09,0.2509328999999999
4.693e-09,0.25258919999999996
4.695e-09,0.2542147
4.697e-09,0.25580990000000003
4.699e-09,0.2573752
4.701e-09,0.25891089999999994
4.703e-09,0.26041749999999997
4.705e-09,0.2618954
4.707e-09,0.2633451
4.709e-09,0.2647668000000001
4.711e-09,0.26616109999999993
4.713e-09,0.26752830000000005
4.715e-09,0.2688688
4.717e-09,0.27018300000000006
4.719e-09,0.27147129999999997
4.721e-09,0.2727341000000001
4.723e-09,0.27397190000000005
4.725e-09,0.2751848
4.727e-09,0.27637350000000005
4.729e-09,0.2775381
4.731e-09,0.27867909999999996
4.733e-09,0.2797969
4.735e-09,0.2808918
4.737e-09,0.2819642
4.739e-09,0.2830144
4.741e-09,0.28404280000000004
4.743e-09,0.2850498
4.745e-09,0.28603559999999995
4.747e-09,0.28700079999999994
4.749e-09,0.2879454
4.751e-09,0.28886999999999996
4.753e-09,0.28977490000000006
4.755e-09,0.2906603000000001
4.757e-09,0.2915264999999999
4.759e-09,0.292374
4.761e-09,0.29320309999999994
4.763e-09,0.29401390000000005
4.765e-09,0.29480700000000004
4.767e-09,0.2955825000000001
4.769e-09,0.29634060000000007
4.771e-09,0.29708200000000007
4.773e-09,0.2978065999999999
4.775e-09,0.29851479999999997
4.777e-09,0.299207
4.779e-09,0.2998834
4.781e-09,0.3005443000000001
4.783e-09,0.3011893000000001
4.785e-09,0.3018206
4.787e-09,0.3024365
4.789e-09,0.3030383000000001
4.791e-09,0.30362509999999987
4.793e-09,0.30419890000000005
4.795e-09,0.304758
4.797e-09,0.30530440000000014
4.7985e-09,0.30570489999999995
4.8e-09,0.3060988
4.8002e-09,0.30615040000000004
4.8006e-09,0.3062546999999999
4.8014e-09,0.3064604000000001
4.803e-09,0.30686479999999994
4.805e-09,0.30735979999999996
4.807e-09,0.3078426999999999
4.809e-09,0.30831259999999994
4.811e-09,0.30877179999999993
4.813e-09,0.3092192
4.815e-09,0.30965489999999984
4.817e-09,0.3100801999999999
4.819e-09,0.31049400000000005
4.821e-09,0.3108976
4.823e-09,0.3112899000000001
4.825e-09,0.31167219999999995
4.827e-09,0.3120444000000001
4.829e-09,0.3124066999999999
4.831e-09,0.3127591999999999
4.833e-09,0.3131020000000001
4.835e-09,0.31343619999999994
4.837e-09,0.3137609
4.839e-09,0.314076
4.841e-09,0.3143828999999999
4.843e-09,0.31468149999999995
4.845e-09,0.3149707999999999
4.847e-09,0.31525309999999995
4.849e-09,0.3155263999999999
4.851e-09,0.31579179999999996
4.853e-09,0.3160491999999999
4.855e-09,0.31629890000000005
4.857e-09,0.31654099999999996
4.859e-09,0.31677639999999996
4.861e-09,0.31700420000000007
4.863e-09,0.3172255999999999
4.865e-09,0.3174395
4.867e-09,0.3176471999999999
4.869e-09,0.3178476000000001
4.871e-09,0.3180417
4.873e-09,0.3182298
4.875e-09,0.3184117999999999
4.877e-09,0.3185878
4.879e-09,0.31875790000000004
4.881e-09,0.3189211999999999
4.883e-09,0.3190796
4.885e-09,0.31923330000000005
4.887e-09,0.31938029999999995
4.889e-09,0.3195226
4.891e-09,0.3196595000000001
4.893e-09,0.31979079999999993
4.895e-09,0.3199176
4.897e-09,0.32004010000000005
4.899e-09,0.32015720000000014
4.901e-09,0.32027000000000005
4.903e-09,0.32037859999999996
4.905e-09,0.32048199999999993
4.907e-09,0.32058130000000007
4.909e-09,0.32067650000000003
4.911e-09,0.32076760000000004
4.913e-09,0.3208548
4.915e-09,0.32093800000000006
4.917e-09,0.32101729999999995
4.919e-09,0.3210926999999999
4.921e-09,0.32116430000000007
4.923e-09,0.3212332
4.925e-09,0.3212973000000001
4.927e-09,0.32135879999999994
4.929e-09,0.32141660000000005
4.931e-09,0.3214718
4.933e-09,0.3215235000000001
4.935e-09,0.32157160000000007
4.937e-09,0.32161719999999994
4.939e-09,0.32166039999999985
4.941e-09,0.3217002
4.943e-09,0.32173660000000015
4.945e-09,0.3217706
4.947e-09,0.32180240000000004
4.949e-09,0.32183189999999995
4.951e-09,0.3218580999999999
4.953e-09,0.32188210000000006
4.955e-09,0.32190390000000013
4.957e-09,0.3219236
4.959e-09,0.3219401999999999
4.961e-09,0.32195569999999996
4.963e-09,0.3219681000000001
4.965e-09,0.32197849999999995
4.967e-09,0.3219879
4.969e-09,0.3219943999999999
4.971e-09,0.3219989
4.973e-09,0.3220024
4.975e-09,0.3220031000000001
4.977e-09,0.3220029000000001
4.979e-09,0.3219999
4.981e-09,0.32199599999999995
4.983e-09,0.3219903999999999
4.985e-09,0.32198399999999994
4.987e-09,0.3219747999999999
4.989e-09,0.3219648999999999
4.991e-09,0.3219533
4.993e-09,0.32194010000000006
4.995e-09,0.3219261
4.997e-09,0.32191060000000005
4.9985e-09,0.3218985000000001
5e-09,0.321885
5.0002e-09,0.3218835
5.0006e-09,0.3218835
5.0014e-09,0.3218947
5.003e-09,0.3219426000000001
5.005e-09,0.3220145000000001
5.007e-09,0.32204789999999994
5.009e-09,0.32199770000000005
5.011e-09,0.32182980000000005
5.013e-09,0.32151430000000003
5.015e-09,0.32103000000000004
5.017e-09,0.32035900000000006
5.019e-09,0.31948979999999993
5.021e-09,0.31841229999999987
5.023e-09,0.31712169999999995
5.025e-09,0.31561229999999996
5.027e-09,0.3138833000000001
5.029e-09,0.31193530000000014
5.031e-09,0.3097687000000001
5.033e-09,0.30738619999999994
5.035e-09,0.30479200000000006
5.037e-09,0.30198840000000005
5.039e-09,0.2989832
5.041e-09,0.29577909999999996
5.043e-09,0.2923834999999999
5.045e-09,0.2888024
5.047e-09,0.285042
5.049e-09,0.28110919999999995
5.051e-09,0.27701050000000005
5.053e-09,0.272753
5.055e-09,0.2683436
5.057e-09,0.2637893
5.059e-09,0.25909689999999996
5.061e-09,0.2542736
5.063e-09,0.2493261
5.065e-09,0.24426120000000007
5.067e-09,0.23908580000000001
5.069e-09,0.23380630000000002
5.071e-09,0.22842950000000006
5.073e-09,0.22296159999999998
5.075e-09,0.21740919999999997
5.077e-09,0.21177820000000003
5.079e-09,0.2060746
5.081e-09,0.2003045
5.083e-09,0.19447349999999997
5.085e-09,0.18858740000000007
5.087e-09,0.18265150000000008
5.089e-09,0.17667120000000003
5.091e-09,0.17065160000000001
5.093e-09,0.16459780000000002
5.095e-09,0.15851459999999995
5.097e-09,0.1524067
5.099e-09,0.14627869999999998
5.101e-09,0.140135
5.103e-09,0.13397990000000004
5.105e-09,0.12781739999999997
5.107e-09,0.12165159999999997
5.109e-09,0.11548629999999993
5.111e-09,0.109325
5.113e-09,0.10317140000000002
5.115e-09,0.09702880000000003
5.117e-09,0.09090049999999994
5.119e-09,0.08478950000000007
5.121e-09,0.07869890000000002
5.123e-09,0.07263149999999996
5.125e-09,0.06658999999999993
5.127e-09,0.060576900000000045
5.129e-09,0.054594800000000054
5.131e-09,0.04864599999999997
5.133e-09,0.04273260000000001
5.135e-09,0.036856700000000076
5.137e-09,0.031020500000000006
5.139e-09,0.025225700000000018
5.141e-09,0.01947399999999999
5.143e-09,0.01376719999999998
5.145e-09,0.00810679999999997
5.147e-09,0.0024944000000000077
5.149e-09,-0.003068900000000041
5.151e-09,-0.008581699999999914
5.153e-09,-0.014042800000000022
5.155e-09,-0.019451100000000054
5.157e-09,-0.02480569999999993
5.159e-09,-0.030105500000000007
5.161e-09,-0.03534979999999999
5.163e-09,-0.04053779999999996
5.165e-09,-0.045668699999999895
5.167e-09,-0.050741999999999954
5.169e-09,-0.055757100000000004
5.171e-09,-0.06071340000000003
5.173e-09,-0.06561070000000002
5.175e-09,-0.07044840000000008
5.177e-09,-0.07522629999999997
5.179e-09,-0.07994400000000002
5.181e-09,-0.0846015
5.183e-09,-0.08919850000000007
5.185e-09,-0.09373489999999995
5.187e-09,-0.09821080000000004
5.189e-09,-0.102626
5.191e-09,-0.10698039999999998
5.193e-09,-0.1112744
5.195e-09,-0.1155079
5.197e-09,-0.11968100000000004
5.1985e-09,-0.12277130000000003
5.2e-09,-0.12582780000000005
5.2002e-09,-0.12623240000000002
5.2006e-09,-0.12704059999999995
5.2014e-09,-0.12864980000000004
5.203e-09,-0.1318395
5.205e-09,-0.13577329999999999
5.207e-09,-0.1396478
5.209e-09,-0.14346350000000008
5.211e-09,-0.14722060000000003
5.213e-09,-0.15091949999999998
5.215e-09,-0.15456059999999994
5.217e-09,-0.15814430000000002
5.219e-09,-0.161671
5.221e-09,-0.16514110000000004
5.223e-09,-0.168555
5.225e-09,-0.1719134
5.227e-09,-0.17521659999999994
5.229e-09,-0.17846499999999998
5.231e-09,-0.18165940000000003
5.233e-09,-0.18480010000000002
5.235e-09,-0.18788759999999993
5.237e-09,-0.19092260000000005
5.239e-09,-0.1939053999999999
5.241e-09,-0.19683680000000003
5.243e-09,-0.1997173
5.245e-09,-0.20254729999999999
5.247e-09,-0.20532759999999994
5.249e-09,-0.20805870000000004
5.251e-09,-0.21074100000000007
5.253e-09,-0.2133752
5.255e-09,-0.215962
5.257e-09,-0.21850179999999997
5.259e-09,-0.22099519999999995
5.261e-09,-0.22344300000000006
5.263e-09,-0.22584550000000003
5.265e-09,-0.22820360000000006
5.267e-09,-0.23051749999999993
5.269e-09,-0.2327882
5.271e-09,-0.235016
5.273e-09,-0.2372014
5.275e-09,-0.23934539999999993
5.277e-09,-0.2414482
5.279e-09,-0.24351050000000007
5.281e-09,-0.245533
5.283e-09,-0.24751600000000007
5.285e-09,-0.24946040000000003
5.287e-09,-0.2513664
5.289e-09,-0.2532348
5.291e-09,-0.2550662
5.293e-09,-0.25686110000000006
5.295e-09,-0.2586199
5.297e-09,-0.26034329999999994
5.299e-09,-0.26203180000000004
5.301e-09,-0.263686
5.303e-09,-0.2653063
5.305e-09,-0.2668933
5.307e-09,-0.2684476
5.309e-09,-0.2699697
5.311e-09,-0.2714599000000001
5.313e-09,-0.27291909999999997
5.315e-09,-0.2743474
5.317e-09,-0.2757455
5.319e-09,-0.2771138999999999
5.321e-09,-0.27845300000000006
5.323e-09,-0.2797634
5.325e-09,-0.28104550000000006
5.327e-09,-0.2822998
5.329e-09,-0.2835267
5.331e-09,-0.2847267
5.333e-09,-0.2859003
5.335e-09,-0.2870479
5.337e-09,-0.2881699
5.339e-09,-0.2892669
5.341e-09,-0.2903392
5.343e-09,-0.2913873
5.345e-09,-0.29241149999999994
5.347e-09,-0.29341229999999996
5.349e-09,-0.29439019999999994
5.351e-09,-0.2953454
5.353e-09,-0.2962785
5.355e-09,-0.2971897
5.357e-09,-0.29807949999999994
5.359e-09,-0.29894829999999994
5.361e-09,-0.29979659999999997
5.363e-09,-0.3006244
5.365e-09,-0.3014329
5.367e-09,-0.3022206999999999
5.369e-09,-0.3029900000000001
5.371e-09,-0.30374089999999987
5.373e-09,-0.30447269999999993
5.375e-09,-0.3051866
5.377e-09,-0.3058826000000001
5.379e-09,-0.3065610000000001
5.381e-09,-0.3072228
5.383e-09,-0.3078674000000001
5.385e-09,-0.30849479999999996
5.387e-09,-0.3091072
5.389e-09,-0.3097026999999999
5.391e-09,-0.31028349999999993
5.393e-09,-0.3108487999999999
5.395e-09,-0.31139859999999997
5.397e-09,-0.31193420000000005
5.3985e-09,-0.31232689999999985
5.4e-09,-0.3127106999999999
5.4002e-09,-0.31276170000000003
5.4006e-09,-0.31286250000000004
5.4014e-09,-0.3130622999999999
5.403e-09,-0.31345559999999995
5.405e-09,-0.3139345000000001
5.407e-09,-0.3144009
5.409e-09,-0.31485469999999993
5.411e-09,-0.31529430000000014
5.413e-09,-0.3157227
5.415e-09,-0.3161379000000001
5.417e-09,-0.3165412999999999
5.419e-09,-0.3169328
5.421e-09,-0.3173136
5.423e-09,-0.3176818
5.425e-09,-0.3180394999999999
5.427e-09,-0.3183868999999999
5.429e-09,-0.31872299999999987
5.431e-09,-0.31904900000000014
5.433e-09,-0.31936490000000006
5.435e-09,-0.31966990000000006
5.437e-09,-0.31996599999999986
5.439e-09,-0.32025249999999994
5.441e-09,-0.3205293
5.443e-09,-0.3207966
5.445e-09,-0.3210554000000001
5.447e-09,-0.32130590000000003
5.449e-09,-0.32154720000000003
5.451e-09,-0.32178030000000013
5.453e-09,-0.3220042999999999
5.455e-09,-0.3222214
5.457e-09,-0.3224305999999999
5.459e-09,-0.322631
5.461e-09,-0.3228246
5.463e-09,-0.3230116999999999
5.465e-09,-0.32319010000000004
5.467e-09,-0.3233621
5.469e-09,-0.3235277
5.471e-09,-0.32368600000000003
5.473e-09,-0.3238380999999999
5.475e-09,-0.3239829999999999
5.477e-09,-0.32412169999999996
5.479e-09,-0.3242554999999999
5.481e-09,-0.3243823
5.483e-09,-0.3245032000000001
5.485e-09,-0.3246182999999999
5.487e-09,-0.32472860000000003
5.489e-09,-0.3248333000000001
5.491e-09,-0.32493229999999995
5.493e-09,-0.32502580000000014
5.495e-09,-0.3251147999999999
5.497e-09,-0.32519929999999997
5.499e-09,-0.3252785
5.501e-09,-0.32535230000000004
5.503e-09,-0.32542190000000004
5.505e-09,-0.3254872000000001
5.507e-09,-0.3255484999999999
5.509e-09,-0.32560559999999994
5.511e-09,-0.3256576000000001
5.513e-09,-0.3257067
5.515e-09,-0.32575089999999995
5.517e-09,-0.32579210000000003
5.519e-09,-0.3258285000000001
5.521e-09,-0.32586210000000004
5.523e-09,-0.3258918999999999
5.525e-09,-0.3259181
5.527e-09,-0.32594160000000005
5.529e-09,-0.3259614999999999
5.531e-09,-0.3259777999999999
5.533e-09,-0.32599160000000005
5.535e-09,-0.32600190000000007
5.537e-09,-0.32600969999999996
5.539e-09,-0.32601420000000003
5.541e-09,-0.3260162999999999
5.543e-09,-0.32601599999999986
5.545e-09,-0.32601250000000004
5.547e-09,-0.3260067000000001
5.549e-09,-0.32599770000000006
5.551e-09,-0.32598760000000004
5.553e-09,-0.32597429999999994
5.555e-09,-0.3259588
5.557e-09,-0.3259413
5.559e-09,-0.32592179999999993
5.561e-09,-0.3259002
5.563e-09,-0.3258767
5.565e-09,-0.3258512
5.567e-09,-0.3258238000000001
5.569e-09,-0.3257945
5.571e-09,-0.3257643000000001
5.573e-09,-0.32573129999999995
5.575e-09,-0.3256975
5.577e-09,-0.32566090000000003
5.579e-09,-0.3256236
5.581e-09,-0.32558549999999997
5.583e-09,-0.32554479999999997
5.585e-09,-0.32550329999999994
5.587e-09,-0.3254602
5.589e-09,-0.3254165
5.591e-09,-0.32537119999999986
5.593e-09,-0.3253243000000001
5.595e-09,-0.32527680000000003
5.597e-09,-0.32522779999999996
5.5985e-09,-0.3251903999999999
5.6e-09,-0.3251527999999999
5.6002e-09,-0.3251472999999999
5.6006e-09,-0.3251371999999999
5.6014e-09,-0.3251160999999999
5.603e-09,-0.32507470000000005
5.605e-09,-0.3250217000000001
5.607e-09,-0.3249683000000001
5.609e-09,-0.3249133999999999
5.611e-09,-0.3248582000000001
5.613e-09,-0.32480259999999994
5.615e-09,-0.3247456000000001
5.617e-09,-0.3246882
5.619e-09,-0.3246296000000001
5.621e-09,-0.32457060000000004
5.623e-09,-0.32451130000000006
5.625e-09,-0.3244507
5.627e-09,-0.32439090000000004
5.629e-09,-0.3243298000000001
5.631e-09,-0.3242674000000001
5.633e-09,-0.3242058
5.635e-09,-0.32414299999999996
5.637e-09,-0.32408009999999987
5.639e-09,-0.32401690000000005
5.641e-09,-0.3239535
5.643e-09,-0.3238890000000001
5.645e-09,-0.32382540000000004
5.647e-09,-0.32376059999999995
5.649e-09,-0.32369559999999997
5.651e-09,-0.3236306
5.653e-09,-0.3235654
5.655e-09,-0.3235002000000001
5.657e-09,-0.3234338
5.659e-09,-0.3233684000000001
5.661e-09,-0.3233029999999999
5.663e-09,-0.3232364
5.665e-09,-0.32317090000000004
5.667e-09,-0.3231043
5.669e-09,-0.32303860000000006
5.671e-09,-0.3229719999999999
5.673e-09,-0.32290530000000006
5.675e-09,-0.3228395999999999
5.677e-09,-0.3227730000000001
5.679e-09,-0.3227063
5.681e-09,-0.3226407
5.683e-09,-0.32257409999999986
5.685e-09,-0.3225085
5.687e-09,-0.32244190000000006
5.689e-09,-0.32237649999999995
5.691e-09,-0.322311
5.693e-09,-0.3222446000000001
5.695e-09,-0.32217929999999995
5.697e-09,-0.32211409999999996
5.699e-09,-0.3220489000000001
5.701e-09,-0.32198380000000004
5.703e-09,-0.32191879999999995
5.705e-09,-0.3218538999999999
5.707e-09,-0.32178910000000005
5.709e-09,-0.3217253
5.711e-09,-0.3216607
5.713e-09,-0.3215972
5.715e-09,-0.3215338
5.717e-09,-0.3214696
5.719e-09,-0.3214064
5.721e-09,-0.3213444000000001
5.723e-09,-0.3212815000000001
5.725e-09,-0.3212187000000001
5.727e-09,-0.32115709999999986
5.729e-09,-0.3210946000000001
5.731e-09,-0.3210332
5.733e-09,-0.32097200000000015
5.735e-09,-0.32091099999999995
5.737e-09,-0.32085110000000006
5.739e-09,-0.32079029999999986
5.741e-09,-0.3207306999999999
5.743e-09,-0.3206703000000001
5.745e-09,-0.3206110000000001
5.747e-09,-0.3205519000000001
5.749e-09,-0.32049400000000006
5.751e-09,-0.32043520000000003
5.753e-09,-0.32037760000000004
5.755e-09,-0.32031909999999997
5.757e-09,-0.3202619
5.759e-09,-0.3202058000000001
5.761e-09,-0.32014889999999996
5.763e-09,-0.3200920999999999
5.765e-09,-0.3200366
5.767e-09,-0.3199812000000001
5.769e-09,-0.31992599999999993
5.771e-09,-0.319871
5.773e-09,-0.3198171000000001
5.775e-09,-0.31976249999999995
5.777e-09,-0.3197089999999999
5.779e-09,-0.3196556999999999
5.781e-09,-0.31960259999999996
5.783e-09,-0.3195507000000001
5.785e-09,-0.31949800000000006
5.787e-09,-0.3194464
5.789e-09,-0.31939510000000015
5.791e-09,-0.3193439
5.793e-09,-0.3192940000000001
5.795e-09,-0.31924319999999995
5.797e-09,-0.3191936000000001
5.7985e-09,-0.31915630000000006
5.8e-09,-0.3191201
5.8002e-09,-0.3191151
5.8006e-09,-0.3191090000000001
5.8014e-09,-0.31910820000000006
5.803e-09,-0.31913250000000004
5.805e-09,-0.3191755999999999
5.807e-09,-0.319183
5.809e-09,-0.31910760000000005
5.811e-09,-0.3189141000000001
5.813e-09,-0.3185756999999999
5.815e-09,-0.3180679999999999
5.817e-09,-0.31737519999999997
5.819e-09,-0.31648470000000006
5.821e-09,-0.3153872
5.823e-09,-0.314076
5.825e-09,-0.31254729999999986
5.827e-09,-0.3107993
5.829e-09,-0.3088337
5.831e-09,-0.30664880000000005
5.833e-09,-0.30424930000000006
5.835e-09,-0.3016384000000001
5.837e-09,-0.2988202
5.839e-09,-0.29579920000000004
5.841e-09,-0.2925812
5.843e-09,-0.28917210000000004
5.845e-09,-0.285578
5.847e-09,-0.28180550000000004
5.849e-09,-0.27786120000000003
5.851e-09,-0.273752
5.853e-09,-0.2694847
5.855e-09,-0.26506620000000003
5.857e-09,-0.2605037
5.859e-09,-0.2558041
5.861e-09,-0.25097420000000004
5.863e-09,-0.2460211
5.865e-09,-0.24095149999999999
5.867e-09,-0.23577210000000004
5.869e-09,-0.23048970000000002
5.871e-09,-0.22511060000000005
5.873e-09,-0.2196416
5.875e-09,-0.21408859999999996
5.877e-09,-0.20845799999999992
5.879e-09,-0.20275580000000004
5.881e-09,-0.19698779999999994
5.883e-09,-0.1911598
5.885e-09,-0.18527759999999993
5.887e-09,-0.17934629999999996
5.889e-09,-0.1733715
5.891e-09,-0.16735810000000007
5.893e-09,-0.1613114
5.895e-09,-0.15523599999999993
5.897e-09,-0.1491367
5.899e-09,-0.14301810000000004
5.901e-09,-0.13688440000000002
5.903e-09,-0.13074010000000003
5.905e-09,-0.12458910000000001
5.907e-09,-0.11843540000000008
5.909e-09,-0.11228280000000002
5.911e-09,-0.10613490000000003
5.913e-09,-0.09999530000000001
5.915e-09,-0.09386720000000004
5.917e-09,-0.08775409999999995
5.919e-09,-0.08165880000000003
5.921e-09,-0.0755844
5.923e-09,-0.06953359999999997
5.925e-09,-0.06350940000000005
5.927e-09,-0.05751390000000001
5.929e-09,-0.05154990000000004
5.931e-09,-0.045619500000000035
5.933e-09,-0.03972489999999995
5.935e-09,-0.03386840000000002
5.937e-09,-0.02805180000000007
5.939e-09,-0.022276900000000044
5.941e-09,-0.016545400000000043
5.943e-09,-0.010859199999999958
5.945e-09,-0.005219700000000049
5.947e-09,0.00037169999999997483
5.949e-09,0.005913700000000022
5.951e-09,0.011404900000000051
5.953e-09,0.016844199999999976
5.955e-09,0.022230700000000048
5.957e-09,0.027563000000000004
5.959e-09,0.0328406
5.961e-09,0.0380625
5.963e-09,0.0432279000000001
5.965e-09,0.04833619999999994
5.967e-09,0.05338670000000001
5.969e-09,0.05837900000000007
5.971e-09,0.06331239999999994
5.973e-09,0.06818669999999993
5.975e-09,0.0730014
5.977e-09,0.07775620000000005
5.979e-09,0.0824509
5.981e-09,0.08708530000000003
5.983e-09,0.0916593
5.985e-09,0.09617260000000005
5.987e-09,0.10062530000000003
5.989e-09,0.10501749999999999
5.991e-09,0.10934900000000003
5.993e-09,0.11361999999999994
5.995e-09,0.11783050000000006
5.997e-09,0.1219808
5.9985e-09,0.12505409999999995
6e-09,0.12809349999999997
6.0002e-09,0.12849600000000005
6.0006e-09,0.12929959999999996
6.0014e-09,0.13089969999999995
6.003e-09,0.1340713
6.005e-09,0.1379825
6.007e-09,0.14183469999999998
6.009e-09,0.14562799999999998
6.011e-09,0.14936290000000008
6.013e-09,0.1530397
6.015e-09,0.1566588
6.017e-09,0.16022059999999994
6.019e-09,0.16372549999999997
6.021e-09,0.16717400000000004
6.023e-09,0.1705666
6.025e-09,0.17390360000000005
6.027e-09,0.1771855
6.029e-09,0.18041300000000005
6.031e-09,0.18358639999999993
6.033e-09,0.1867063
6.035e-09,0.18977319999999998
6.037e-09,0.1927877
6.039e-09,0.19575019999999999
6.041e-09,0.19866150000000005
6.043e-09,0.20152189999999992
6.045e-09,0.20433210000000002
6.047e-09,0.20709270000000002
6.049e-09,0.2098042
6.051e-09,0.21246719999999997
6.053e-09,0.2150822
6.055e-09,0.21765
6.057e-09,0.22017089999999995
6.059e-09,0.2226456
6.061e-09,0.22507490000000008
6.063e-09,0.22745910000000003
6.065e-09,0.22979890000000003
6.067e-09,0.2320949
6.069e-09,0.2343476
6.071e-09,0.23655769999999998
6.073e-09,0.23872570000000004
6.075e-09,0.24085230000000002
6.077e-09,0.24293790000000004
6.079e-09,0.24498320000000007
6.081e-09,0.24698869999999995
6.083e-09,0.24895509999999998
6.085e-09,0.2508829
6.087e-09,0.2527726
6.089e-09,0.2546248
6.091e-09,0.25644009999999995
6.093e-09,0.25821910000000003
6.095e-09,0.25996220000000003
6.097e-09,0.26166999999999996
6.099e-09,0.2633432
6.101e-09,0.2649821000000001
6.103e-09,0.26658729999999997
6.105e-09,0.26815940000000005
6.107e-09,0.2696989000000001
6.109e-09,0.2712063
6.111e-09,0.2726822
6.113e-09,0.27412689999999995
6.115e-09,0.27554100000000004
6.117e-09,0.2769252
6.119e-09,0.2782797
6.121e-09,0.27960509999999994
6.123e-09,0.2809018
6.125e-09,0.28217060000000005
6.127e-09,0.2834116
6.129e-09,0.28462529999999997
6.131e-09,0.2858123
6.133e-09,0.2869731
6.135e-09,0.2881079999999999
6.137e-09,0.28921740000000007
6.139e-09,0.29030199999999995
6.141e-09,0.29136190000000006
6.143e-09,0.2923977
6.145e-09,0.29340999999999995
6.147e-09,0.29439880000000007
6.149e-09,0.29536490000000004
6.151e-09,0.2963085
6.153e-09,0.29723
6.155e-09,0.29812990000000006
6.157e-09,0.29900839999999995
6.159e-09,0.29986599999999997
6.161e-09,0.30070280000000005
6.163e-09,0.3015207
6.165e-09,0.3023176999999999
6.167e-09,0.3030952
6.169e-09,0.30385419999999996
6.171e-09,0.3045939000000001
6.173e-09,0.3053156
6.175e-09,0.3060193
6.177e-09,0.30670529999999996
6.179e-09,0.3073737000000001
6.181e-09,0.30802570000000007
6.183e-09,0.3086603
6.185e-09,0.3092789
6.187e-09,0.30988150000000003
6.189e-09,0.31046739999999995
6.191e-09,0.3110385000000001
6.193e-09,0.31159519999999996
6.195e-09,0.3121355
6.197e-09,0.3126626
6.1985e-09,0.3130479999999999
6.2e-09,0.3134255
6.2002e-09,0.31347539999999996
6.2006e-09,0.3135781000000001
6.2014e-09,0.313793
6.203e-09,0.31424319999999994
6.205e-09,0.31480529999999995
6.207e-09,0.3153186
6.209e-09,0.3157363000000001
6.211e-09,0.3160230999999999
6.213e-09,0.31615249999999995
6.215e-09,0.31610230000000006
6.217e-09,0.31585489999999994
6.219e-09,0.3153988
6.221e-09,0.31472509999999987
6.223e-09,0.3138274
6.225e-09,0.31270300000000006
6.227e-09,0.3113501999999999
6.229e-09,0.30976900000000007
6.231e-09,0.30796080000000003
6.233e-09,0.3059286000000001
6.235e-09,0.3036755
6.237e-09,0.3012060999999999
6.239e-09,0.298527
6.241e-09,0.2956420999999999
6.243e-09,0.29255790000000004
6.245e-09,0.28928069999999995
6.247e-09,0.2858172
6.249e-09,0.28217400000000004
6.251e-09,0.2783582
6.253e-09,0.2743765
6.255e-09,0.27023600000000003
6.257e-09,0.2659438999999999
6.259e-09,0.26150719999999994
6.261e-09,0.25693260000000007
6.263e-09,0.25222749999999994
6.265e-09,0.24739840000000002
6.267e-09,0.2424524
6.269e-09,0.23739599999999994
6.271e-09,0.23223569999999993
6.273e-09,0.22697820000000002
6.275e-09,0.22162970000000004
6.277e-09,0.2161964999999999
6.279e-09,0.2106846
6.281e-09,0.2051001
6.283e-09,0.19944879999999998
6.285e-09,0.19373620000000003
6.287e-09,0.1879679999999999
6.289e-09,0.18214949999999996
6.291e-09,0.1762859
6.293e-09,0.17038239999999993
6.295e-09,0.16444369999999997
6.297e-09,0.15847490000000009
6.299e-09,0.15248039999999996
6.301e-09,0.1464649
6.303e-09,0.14043250000000007
6.305e-09,0.1343875
6.307e-09,0.1283339
6.309e-09,0.12227559999999993
6.311e-09,0.11621649999999994
6.313e-09,0.11016000000000004
6.315e-09,0.10410960000000002
6.317e-09,0.09806890000000001
6.319e-09,0.09204079999999992
6.321e-09,0.0860284
6.323e-09,0.08003479999999996
6.325e-09,0.07406260000000009
6.327e-09,0.06811469999999997
6.329e-09,0.062193399999999954
6.331e-09,0.0563013
6.333e-09,0.05044060000000006
6.335e-09,0.04461360000000003
6.337e-09,0.038822400000000035
6.339e-09,0.03306880000000001
6.341e-09,0.027354800000000012
6.343e-09,0.021682100000000037
6.345e-09,0.016052399999999967
6.347e-09,0.010467299999999957
6.349e-09,0.004928099999999991
6.351e-09,-0.0005638000000000032
6.353e-09,-0.006006999999999985
6.355e-09,-0.011400500000000036
6.357e-09,-0.016743000000000063
6.359e-09,-0.022033600000000098
6.361e-09,-0.027271399999999946
6.363e-09,-0.03245549999999997
6.365e-09,-0.03758499999999998
6.367e-09,-0.042659400000000014
6.369e-09,-0.047678
6.371e-09,-0.05264009999999997
6.373e-09,-0.05754529999999991
6.375e-09,-0.06239300000000003
6.377e-09,-0.06718309999999994
6.379e-09,-0.0719149
6.381e-09,-0.07658850000000006
6.383e-09,-0.08120319999999992
6.385e-09,-0.08575929999999998
6.387e-09,-0.09025640000000001
6.389e-09,-0.09469450000000001
6.391e-09,-0.09907339999999998
6.393e-09,-0.10339329999999991
6.395e-09,-0.10765419999999992
6.397e-09,-0.11185600000000007
6.3985e-09,-0.11496869999999992
6.4e-09,-0.11806000000000005
6.4002e-09,-0.11847189999999996
6.4006e-09,-0.11929579999999995
6.4014e-09,-0.12094460000000007
6.403e-09,-0.12422889999999998
6.405e-09,-0.1282706
6.407e-09,-0.13219310000000006
6.409e-09,-0.13595309999999994
6.411e-09,-0.13951580000000008
6.413e-09,-0.1428545
6.415e-09,-0.1459488
6.417e-09,-0.14878309999999995
6.419e-09,-0.15134709999999996
6.421e-09,-0.15363340000000003
6.423e-09,-0.15563800000000005
6.425e-09,-0.15735949999999999
6.427e-09,-0.15879850000000006
6.429e-09,-0.15995700000000002
6.431e-09,-0.16083880000000006
6.433e-09,-0.1614487
6.435e-09,-0.16179220000000005
6.437e-09,-0.16187589999999996
6.439e-09,-0.16170659999999992
6.441e-09,-0.16129159999999998
6.443e-09,-0.16063879999999997
6.445e-09,-0.159756
6.447e-09,-0.1586512
6.449e-09,-0.15733259999999993
6.451e-09,-0.15580850000000002
6.453e-09,-0.15408690000000003
6.455e-09,-0.1521760000000001
6.457e-09,-0.1500838
6.459e-09,-0.14781840000000002
6.461e-09,-0.14538739999999994
6.463e-09,-0.1427988
6.465e-09,-0.14005980000000007
6.467e-09,-0.13717809999999997
6.469e-09,-0.13416080000000008
6.471e-09,-0.131015
6.473e-09,-0.12774739999999996
6.475e-09,-0.1243651
6.477e-09,-0.12087439999999994
6.479e-09,-0.11728159999999999
6.481e-09,-0.11359309999999989
6.483e-09,-0.10981459999999998
6.485e-09,-0.1059523
6.487e-09,-0.10201159999999998
6.489e-09,-0.09799809999999998
6.491e-09,-0.09391700000000003
6.493e-09,-0.08977369999999996
6.495e-09,-0.0855728
6.497e-09,-0.08131949999999999
6.499e-09,-0.07701820000000004
6.501e-09,-0.0726736
6.503e-09,-0.06828980000000007
6.505e-09,-0.0638711999999999
6.507e-09,-0.05942179999999997
6.509e-09,-0.05494540000000003
6.511e-09,-0.05044589999999993
6.513e-09,-0.045926799999999934
6.515e-09,-0.041391500000000025
6.517e-09,-0.036843699999999924
6.519e-09,-0.03228619999999993
6.521e-09,-0.027722299999999978
6.523e-09,-0.023154999999999926
6.525e-09,-0.01858700000000002
6.527e-09,-0.014021100000000009
6.529e-09,-0.009459899999999966
6.531e-09,-0.004905900000000019
6.533e-09,-0.0003613999999999562
6.535e-09,0.0041712000000000415
6.537e-09,0.008689999999999976
6.539e-09,0.013192599999999999
6.541e-09,0.017677300000000007
6.543e-09,0.022141899999999937
6.545e-09,0.02658500000000008
6.547e-09,0.031004800000000055
6.549e-09,0.035399599999999976
6.551e-09,0.039768000000000026
6.553e-09,0.04410840000000005
6.555e-09,0.048419699999999954
6.557e-09,0.05270039999999998
6.559e-09,0.056949499999999986
6.561e-09,0.06116579999999994
6.563e-09,0.06534830000000003
6.565e-09,0.06949590000000005
6.567e-09,0.0736078
6.569e-09,0.0776831
6.571e-09,0.08172099999999993
6.573e-09,0.08572069999999998
6.575e-09,0.08968180000000003
6.577e-09,0.09360329999999994
6.579e-09,0.09748499999999993
6.581e-09,0.10132620000000003
6.583e-09,0.1051263
6.585e-09,0.10888520000000002
6.587e-09,0.11260230000000004
6.589e-09,0.11627719999999997
6.591e-09,0.11990979999999996
6.593e-09,0.1234999
6.595e-09,0.12704710000000008
6.597e-09,0.13055139999999998
6.5985e-09,0.13315110000000008
6.6e-09,0.13572669999999998
6.6002e-09,0.13606799999999997
6.6006e-09,0.13674980000000003
6.6014e-09,0.13810830000000007
6.603e-09,0.14080439999999994
6.605e-09,0.14413550000000008
6.607e-09,0.14742319999999998
6.609e-09,0.15066770000000007
6.611e-09,0.15386879999999992
6.613e-09,0.15702669999999996
6.615e-09,0.16014130000000004
6.617e-09,0.16321299999999994
6.619e-09,0.16624169999999994
6.621e-09,0.16922760000000003
6.623e-09,0.17217099999999996
6.625e-09,0.17507189999999995
6.627e-09,0.17793060000000005
6.629e-09,0.1807474
6.631e-09,0.18352229999999992
6.633e-09,0.18625590000000003
6.635e-09,0.18894809999999995
6.637e-09,0.19159939999999998
6.639e-09,0.19421009999999994
6.641e-09,0.19678040000000008
6.643e-09,0.1993108
6.645e-09,0.20180130000000007
6.647e-09,0.20425249999999995
6.649e-09,0.20666459999999998
6.651e-09,0.2090381
6.653e-09,0.21137319999999993
6.655e-09,0.21367040000000004
6.657e-09,0.21592980000000006
6.659e-09,0.21815209999999996
6.661e-09,0.22033749999999996
6.663e-09,0.22248639999999997
6.665e-09,0.2245992
6.667e-09,0.2266764
6.669e-09,0.22871809999999992
6.671e-09,0.23072500000000007
6.673e-09,0.2326973
6.675e-09,0.2346355
6.677e-09,0.23654000000000008
6.679e-09,0.2384111
6.681e-09,0.24024940000000006
6.683e-09,0.24205509999999997
6.685e-09,0.2438287
6.687e-09,0.24557050000000002
6.689e-09,0.24728110000000003
6.691e-09,0.24896070000000003
6.693e-09,0.2506098
6.695e-09,0.2522287999999999
6.697e-09,0.2538182
6.699e-09,0.2553782
6.701e-09,0.25690920000000006
6.703e-09,0.25841179999999997
6.705e-09,0.2598863
6.707e-09,0.2613331
6.709e-09,0.2627524
6.711e-09,0.26414499999999996
6.713e-09,0.2655109
6.715e-09,0.26685060000000005
6.717e-09,0.26816439999999997
6.719e-09,0.2694529
6.721e-09,0.27071639999999997
6.723e-09,0.27195519999999995
6.725e-09,0.2731696
6.727e-09,0.2743601
6.729e-09,0.2755271
6.731e-09,0.2766708
6.733e-09,0.2777916
6.735e-09,0.2788899
6.737e-09,0.2799661
6.739e-09,0.2810205
6.741e-09,0.28205330000000006
6.743e-09,0.28306509999999996
6.745e-09,0.284056
6.747e-09,0.28502649999999996
6.749e-09,0.2859769
6.751e-09,0.28690740000000003
6.753e-09,0.2878185000000001
6.755e-09,0.28871040000000003
6.757e-09,0.28958339999999994
6.759e-09,0.2904379
6.761e-09,0.29127420000000004
6.763e-09,0.2920925
6.765e-09,0.2928931
6.767e-09,0.2936765
6.769e-09,0.2944428
6.771e-09,0.29519229999999996
6.773e-09,0.2959254
6.775e-09,0.2966423
6.777e-09,0.2973433000000001
6.779e-09,0.2980286999999999
6.781e-09,0.29869860000000004
6.783e-09,0.2993534
6.785e-09,0.2999935
6.787e-09,0.30061899999999997
6.789e-09,0.30123
6.791e-09,0.30182770000000003
6.793e-09,0.3024106000000001
6.795e-09,0.3029806999999999
6.797e-09,0.30353620000000003
6.7985e-09,0.30394560000000004
6.8e-09,0.30434640000000013
6.8002e-09,0.3043996000000001
6.8006e-09,0.30450489999999997
6.8014e-09,0.3047146999999999
6.803e-09,0.3051283
6.805e-09,0.30563359999999995
6.807e-09,0.3061269000000001
6.809e-09,0.3066082000000001
6.811e-09,0.3070776999999999
6.813e-09,0.3075356
6.815e-09,0.3079828
6.817e-09,0.3084185999999999
6.819e-09,0.308844
6.821e-09,0.30925809999999987
6.823e-09,0.309662
6.825e-09,0.31005479999999996
6.827e-09,0.31043869999999996
6.829e-09,0.3108126
6.831e-09,0.3111767999999999
6.833e-09,0.31153019999999987
6.835e-09,0.3118761
6.837e-09,0.31221140000000003
6.839e-09,0.31253929999999996
6.841e-09,0.31285680000000005
6.843e-09,0.31316710000000003
6.845e-09,0.3134682
6.847e-09,0.3137612000000001
6.849e-09,0.3140451000000001
6.851e-09,0.3143222000000001
6.853e-09,0.31459139999999997
6.855e-09,0.31485280000000004
6.857e-09,0.31510649999999985
6.859e-09,0.3153536
6.861e-09,0.31559310000000007
6.863e-09,0.31582509999999997
6.865e-09,0.31605079999999997
6.867e-09,0.31626909999999997
6.869e-09,0.31648110000000007
6.871e-09,0.3166869
6.873e-09,0.31688660000000013
6.875e-09,0.31707929999999984
6.877e-09,0.3172669
6.879e-09,0.3174474999999999
6.881e-09,0.31762329999999994
6.883e-09,0.3177923
6.885e-09,0.3179565000000001
6.887e-09,0.3181151
6.889e-09,0.31826790000000005
6.891e-09,0.31841620000000015
6.893e-09,0.3185589999999999
6.895e-09,0.31869729999999996
6.897e-09,0.31883019999999995
6.899e-09,0.31895869999999993
6.901e-09,0.31908190000000003
6.903e-09,0.3192008999999999
6.905e-09,0.31931560000000003
6.907e-09,0.31942519999999996
6.909e-09,0.3195315999999999
6.911e-09,0.31963299999999994
6.913e-09,0.31973039999999997
6.915e-09,0.3198238000000001
6.917e-09,0.3199143000000001
6.919e-09,0.3199999000000001
6.921e-09,0.3200817
6.923e-09,0.32016060000000013
6.925e-09,0.32023580000000007
6.927e-09,0.32030729999999996
6.929e-09,0.3203752000000001
6.931e-09,0.32044040000000007
6.933e-09,0.32050199999999995
6.935e-09,0.32055999999999996
6.937e-09,0.3206155999999999
6.939e-09,0.32066859999999986
6.941e-09,0.3207183
6.943e-09,0.3207644999999999
6.945e-09,0.32080829999999994
6.947e-09,0.32084979999999996
6.949e-09,0.32088799999999995
6.951e-09,0.32092390000000004
6.953e-09,0.32095759999999995
6.955e-09,0.32098899999999997
6.957e-09,0.32101729999999995
6.959e-09,0.3210434999999999
6.961e-09,0.32106750000000006
6.963e-09,0.3210894000000001
6.965e-09,0.32110929999999993
6.967e-09,0.3211271000000001
6.969e-09,0.32114300000000007
6.971e-09,0.32115689999999997
6.973e-09,0.3211687999999999
6.975e-09,0.32117780000000007
6.977e-09,0.32118579999999985
6.979e-09,0.3211921000000001
6.981e-09,0.3211974000000001
6.983e-09,0.32120000000000004
6.985e-09,0.3212016999999999
6.987e-09,0.3212007
6.989e-09,0.32119890000000006
6.991e-09,0.3211953000000001
6.993e-09,0.32119109999999995
6.995e-09,0.3211851
6.997e-09,0.3211775000000001
6.9985e-09,0.32117039999999997
7e-09,0.32116390000000006
7.0002e-09,0.3211638
7.0006e-09,0.32116449999999996
7.0014e-09,0.32117830000000014
7.003e-09,0.32123330000000005
7.005e-09,0.32131200000000004
7.007e-09,0.3213532000000001
7.009e-09,0.32131180000000004
7.011e-09,0.32115059999999995
7.013e-09,0.32084179999999995
7.015e-09,0.32036409999999993
7.017e-09,0.3197008
7.019e-09,0.3188381000000001
7.021e-09,0.31776799999999994
7.023e-09,0.31648379999999987
7.025e-09,0.3149806999999999
7.027e-09,0.3132579
7.029e-09,0.31131600000000004
7.031e-09,0.3091555
7.033e-09,0.3067791000000001
7.035e-09,0.3041899
7.037e-09,0.30139229999999995
7.039e-09,0.29839229999999994
7.041e-09,0.29519399999999996
7.043e-09,0.2918038999999999
7.045e-09,0.2882281000000001
7.047e-09,0.2844730000000001
7.049e-09,0.2805453
7.051e-09,0.2764519
7.053e-09,0.2721994999999999
7.055e-09,0.2677952
7.057e-09,0.2632458999999999
7.059e-09,0.2585586999999999
7.061e-09,0.25374030000000003
7.063e-09,0.24879790000000002
7.065e-09,0.243738
7.067e-09,0.23856750000000004
7.069e-09,0.23329310000000003
7.071e-09,0.22792120000000005
7.073e-09,0.2224583
7.075e-09,0.21691079999999996
7.077e-09,0.2112847
7.079e-09,0.2055861
7.081e-09,0.19982089999999997
7.083e-09,0.19399490000000008
7.085e-09,0.18811370000000005
7.087e-09,0.18218269999999992
7.089e-09,0.17620729999999996
7.091e-09,0.17019260000000003
7.093e-09,0.1641437
7.095e-09,0.15806540000000002
7.097e-09,0.15196239999999994
7.099e-09,0.1458393
7.101e-09,0.1397005
7.103e-09,0.1335503
7.105e-09,0.12739279999999997
7.107e-09,0.1212318
7.109e-09,0.11507129999999999
7.111e-09,0.10891490000000004
7.113e-09,0.10276610000000008
7.115e-09,0.0966283
7.117e-09,0.09050480000000005
7.119e-09,0.08439859999999999
7.121e-09,0.07831279999999996
7.123e-09,0.07225000000000004
7.125e-09,0.06621319999999997
7.127e-09,0.060204899999999895
7.129e-09,0.054227499999999984
7.131e-09,0.04828319999999997
7.133e-09,0.04237449999999998
7.135e-09,0.03650320000000007
7.137e-09,0.030671499999999963
7.139e-09,0.024881199999999937
7.141e-09,0.01913409999999993
7.143e-09,0.013431700000000046
7.145e-09,0.007775799999999999
7.147e-09,0.0021676999999999946
7.149e-09,-0.0033911999999999276
7.151e-09,-0.008899700000000066
7.153e-09,-0.014356499999999994
7.155e-09,-0.019760600000000017
7.157e-09,-0.025110899999999936
7.159e-09,-0.03040660000000006
7.161e-09,-0.03564679999999998
7.163e-09,-0.0408307
7.165e-09,-0.045957499999999984
7.167e-09,-0.051026899999999986
7.169e-09,-0.056037899999999974
7.171e-09,-0.0609904
7.173e-09,-0.06588369999999999
7.175e-09,-0.07071759999999994
7.177e-09,-0.07549159999999999
7.179e-09,-0.0802056000000001
7.181e-09,-0.08485939999999992
7.183e-09,-0.0894528
7.185e-09,-0.0939856
7.187e-09,-0.09845780000000004
7.189e-09,-0.10286949999999995
7.191e-09,-0.1072204
7.193e-09,-0.11151100000000003
7.195e-09,-0.11574099999999998
7.197e-09,-0.11991070000000004
7.1985e-09,-0.1229984999999999
7.2e-09,-0.12605260000000007
7.2002e-09,-0.1264577
7.2006e-09,-0.1272686999999999
7.2014e-09,-0.12889459999999997
7.203e-09,-0.13214519999999996
7.205e-09,-0.13616380000000006
7.207e-09,-0.14008089999999995
7.209e-09,-0.14384940000000002
7.211e-09,-0.14743189999999995
7.213e-09,-0.1507988
7.215e-09,-0.1539279
7.217e-09,-0.156802
7.219e-09,-0.15940920000000003
7.221e-09,-0.16174100000000002
7.223e-09,-0.1637925
7.225e-09,-0.16556139999999997
7.227e-09,-0.1670473
7.229e-09,-0.16825210000000002
7.231e-09,-0.16917900000000008
7.233e-09,-0.1698324
7.235e-09,-0.17021739999999996
7.237e-09,-0.17034040000000006
7.239e-09,-0.17020800000000003
7.241e-09,-0.16982730000000001
7.243e-09,-0.16920610000000003
7.245e-09,-0.1683521
7.247e-09,-0.16727310000000006
7.249e-09,-0.16597739999999994
7.251e-09,-0.16447309999999993
7.253e-09,-0.16276839999999992
7.255e-09,-0.1608714
7.257e-09,-0.15879010000000005
7.259e-09,-0.15653240000000002
7.261e-09,-0.15410639999999998
7.263e-09,-0.15151950000000003
7.265e-09,-0.1487795999999999
7.267e-09,-0.14589400000000008
7.269e-09,-0.1428699
7.271e-09,-0.13971469999999997
7.273e-09,-0.13643490000000003
7.275e-09,-0.13303770000000004
7.277e-09,-0.1295293999999999
7.279e-09,-0.12591659999999993
7.281e-09,-0.12220549999999997
7.283e-09,-0.11840220000000001
7.285e-09,-0.11451259999999996
7.287e-09,-0.11054240000000004
7.289e-09,-0.10649699999999995
7.291e-09,-0.10238209999999992
7.293e-09,-0.09820269999999998
7.295e-09,-0.09396389999999999
7.297e-09,-0.08967059999999993
7.299e-09,-0.08532740000000005
7.301e-09,-0.08093919999999999
7.303e-09,-0.07650999999999997
7.305e-09,-0.07204440000000001
7.307e-09,-0.0675464
7.309e-09,-0.06301990000000002
7.311e-09,-0.058468899999999935
7.313e-09,-0.05389679999999997
7.315e-09,-0.049307300000000054
7.317e-09,-0.04470380000000007
7.319e-09,-0.040089800000000064
7.321e-09,-0.035468000000000055
7.323e-09,-0.03084180000000003
7.325e-09,-0.02621399999999996
7.327e-09,-0.02158720000000003
7.329e-09,-0.016964300000000043
7.331e-09,-0.012347699999999961
7.333e-09,-0.007739999999999969
7.335e-09,-0.00314329999999996
7.337e-09,0.0014399000000000495
7.339e-09,0.0060077999999998966
7.341e-09,0.010558199999999962
7.343e-09,0.015089199999999914
7.345e-09,0.019598899999999975
7.347e-09,0.024085800000000046
7.349e-09,0.028548000000000018
7.351e-09,0.03298409999999996
7.353e-09,0.0373926
7.355e-09,0.04177200000000003
7.357e-09,0.046121100000000026
7.359e-09,0.050438800000000006
7.361e-09,0.05472369999999993
7.363e-09,0.058974699999999936
7.365e-09,0.06319109999999994
7.367e-09,0.06737159999999998
7.369e-09,0.07151549999999995
7.371e-09,0.07562179999999996
7.373e-09,0.07969009999999999
7.375e-09,0.08371930000000005
7.377e-09,0.08770899999999993
7.379e-09,0.09165860000000003
7.381e-09,0.09556740000000008
7.383e-09,0.09943500000000005
7.385e-09,0.10326099999999994
7.387e-09,0.1070449
7.389e-09,0.11078650000000001
7.391e-09,0.11448530000000001
7.393e-09,0.1181413
7.395e-09,0.12175400000000003
7.397e-09,0.12532330000000003
7.3985e-09,0.12797170000000002
7.4e-09,0.13059549999999998
7.4002e-09,0.1309441
7.4006e-09,0.1316423
7.4014e-09,0.13304440000000006
7.403e-09,0.13585499999999995
7.405e-09,0.13933760000000006
7.407e-09,0.14273390000000008
7.409e-09,0.14599629999999997
7.411e-09,0.14908700000000008
7.413e-09,0.1519762
7.415e-09,0.15464090000000008
7.417e-09,0.15706379999999998
7.419e-09,0.15923240000000005
7.421e-09,0.161138
7.423e-09,0.16277510000000006
7.425e-09,0.16414129999999993
7.427e-09,0.16523580000000004
7.429e-09,0.16606009999999993
7.431e-09,0.16661720000000002
7.433e-09,0.16691099999999992
7.435e-09,0.16694679999999995
7.437e-09,0.1667303
7.439e-09,0.16626819999999998
7.441e-09,0.16556720000000003
7.443e-09,0.16463499999999998
7.445e-09,0.16347899999999993
7.447e-09,0.162107
7.449e-09,0.16052699999999998
7.451e-09,0.15874700000000008
7.453e-09,0.15677489999999994
7.455e-09,0.15461879999999995
7.457e-09,0.1522865
7.459e-09,0.14978590000000003
7.461e-09,0.1471249
7.463e-09,0.14431079999999996
7.465e-09,0.14135130000000007
7.467e-09,0.13825359999999998
7.469e-09,0.1350249
7.471e-09,0.13167220000000002
7.473e-09,0.12820240000000005
7.475e-09,0.12462210000000007
7.477e-09,0.12093779999999998
7.479e-09,0.11715589999999998
7.481e-09,0.1132824
7.483e-09,0.10932340000000007
7.485e-09,0.10528470000000001
7.487e-09,0.10117180000000003
7.489e-09,0.09699029999999997
7.491e-09,0.09274539999999998
7.493e-09,0.08844209999999997
7.495e-09,0.08408550000000004
7.497e-09,0.07968039999999998
7.499e-09,0.0752313
7.501e-09,0.0707428
7.503e-09,0.06621920000000003
7.505e-09,0.06166450000000001
7.507e-09,0.05708279999999999
7.509e-09,0.052477899999999966
7.511e-09,0.0478537
7.513e-09,0.043213500000000016
7.515e-09,0.038561100000000015
7.517e-09,0.03389939999999991
7.519e-09,0.02923169999999997
7.521e-09,0.024561300000000008
7.523e-09,0.01989070000000004
7.525e-09,0.015222999999999987
7.527e-09,0.010560800000000037
7.529e-09,0.005906599999999984
7.531e-09,0.0012628000000000084
7.533e-09,-0.0033681999999999324
7.535e-09,-0.007984199999999997
7.537e-09,-0.012583099999999958
7.539e-09,-0.017162799999999923
7.541e-09,-0.02172149999999995
7.543e-09,-0.02625730000000004
7.545e-09,-0.030768599999999924
7.547e-09,-0.03525369999999994
7.549e-09,-0.03971099999999994
7.551e-09,-0.04413909999999999
7.553e-09,-0.04853660000000004
7.555e-09,-0.05290230000000007
7.557e-09,-0.05723489999999998
7.559e-09,-0.061533199999999955
7.561e-09,-0.06579620000000008
7.563e-09,-0.0700231
7.565e-09,-0.07421259999999996
7.567e-09,-0.07836410000000005
7.569e-09,-0.08247670000000007
7.571e-09,-0.08654980000000001
7.573e-09,-0.09058260000000007
7.575e-09,-0.09457439999999995
7.577e-09,-0.09852479999999997
7.579e-09,-0.10243309999999994
7.581e-09,-0.10629900000000003
7.583e-09,-0.1101221
7.585e-09,-0.11390180000000005
7.587e-09,-0.11763810000000008
7.589e-09,-0.12133050000000001
7.591e-09,-0.12497879999999995
7.593e-09,-0.1285828
7.595e-09,-0.1321424
7.597e-09,-0.13565729999999998
7.5985e-09,-0.13826419999999995
7.6e-09,-0.14084600000000003
7.6002e-09,-0.14118799999999998
7.6006e-09,-0.14187129999999992
7.6014e-09,-0.14323260000000004
7.603e-09,-0.1459336
7.605e-09,-0.14926949999999994
7.607e-09,-0.15256079999999994
7.609e-09,-0.15580740000000004
7.611e-09,-0.15900930000000002
7.613e-09,-0.1621667
7.615e-09,-0.16527979999999998
7.617e-09,-0.16834870000000002
7.619e-09,-0.1713734
7.621e-09,-0.17435429999999996
7.623e-09,-0.1772916
7.625e-09,-0.18018540000000005
7.627e-09,-0.18303589999999992
7.629e-09,-0.18584350000000005
7.631e-09,-0.18860849999999996
7.633e-09,-0.19133100000000003
7.635e-09,-0.19401139999999995
7.637e-09,-0.1966502
7.639e-09,-0.19924730000000002
7.641e-09,-0.20180340000000008
7.643e-09,-0.20431860000000002
7.645e-09,-0.20679349999999996
7.647e-09,-0.20922829999999992
7.649e-09,-0.21162329999999996
7.651e-09,-0.21397900000000003
7.653e-09,-0.21629569999999998
7.655e-09,-0.21857380000000004
7.657e-09,-0.22081380000000006
7.659e-09,-0.22301590000000004
7.661e-09,-0.2251806999999999
7.663e-09,-0.22730840000000008
7.665e-09,-0.22939959999999993
7.667e-09,-0.23145460000000007
7.669e-09,-0.23347380000000006
7.671e-09,-0.2354577
7.673e-09,-0.23740660000000002
7.675e-09,-0.239321
7.677e-09,-0.2412014
7.679e-09,-0.2430481
7.681e-09,-0.2448614
7.683e-09,-0.24664189999999997
7.685e-09,-0.24839
7.687e-09,-0.25010619999999995
7.689e-09,-0.2517906999999999
7.691e-09,-0.253444
7.693e-09,-0.2550665999999999
7.695e-09,-0.2566590000000001
7.697e-09,-0.2582213000000001
7.699e-09,-0.2597541000000001
7.701e-09,-0.26125789999999993
7.703e-09,-0.26273289999999994
7.705e-09,-0.2641797
7.707e-09,-0.2655986
7.709e-09,-0.26698999999999995
7.711e-09,-0.26835430000000005
7.713e-09,-0.2696919
7.715e-09,-0.27100329999999995
7.717e-09,-0.2722886
7.719e-09,-0.27354860000000003
7.721e-09,-0.27478329999999995
7.723e-09,-0.2759935
7.725e-09,-0.2771791
7.727e-09,-0.27834079999999994
7.729e-09,-0.2794788
7.731e-09,-0.2805936
7.733e-09,-0.2816854999999999
7.735e-09,-0.28275490000000003
7.737e-09,-0.28380210000000006
7.739e-09,-0.28482739999999995
7.741e-09,-0.28583120000000006
7.743e-09,-0.286814
7.745e-09,-0.2877759000000001
7.747e-09,-0.28871750000000007
7.749e-09,-0.28963890000000003
7.751e-09,-0.2905405
7.753e-09,-0.29142270000000003
7.755e-09,-0.2922857
7.757e-09,-0.29312990000000005
7.759e-09,-0.2939556000000001
7.761e-09,-0.2947632
7.763e-09,-0.2955529
7.765e-09,-0.29632499999999995
7.767e-09,-0.29707990000000006
7.769e-09,-0.2978178
7.771e-09,-0.29853889999999994
7.773e-09,-0.2992437
7.775e-09,-0.2999324
7.777e-09,-0.3006052
7.779e-09,-0.30126279999999994
7.781e-09,-0.30190459999999997
7.783e-09,-0.3025321000000001
7.785e-09,-0.3031442
7.787e-09,-0.30374219999999996
7.789e-09,-0.3043251
7.791e-09,-0.3048951000000001
7.793e-09,-0.3054513
7.795e-09,-0.30599379999999987
7.797e-09,-0.3065227999999999
7.7985e-09,-0.3069111
7.8e-09,-0.3072927999999999
7.8002e-09,-0.30734399999999995
7.8006e-09,-0.3074473999999999
7.8014e-09,-0.3076647
7.803e-09,-0.3081201
7.805e-09,-0.3086907000000001
7.807e-09,-0.30921239999999994
7.809e-09,-0.3096388
7.811e-09,-0.3099360000000001
7.813e-09,-0.31007510000000005
7.815e-09,-0.31003480000000005
7.817e-09,-0.3097975999999999
7.819e-09,-0.3093519000000001
7.821e-09,-0.30868870000000004
7.823e-09,-0.30780150000000006
7.825e-09,-0.3066865
7.827e-09,-0.30534419999999995
7.829e-09,-0.30377239999999994
7.831e-09,-0.3019746
7.833e-09,-0.2999518
7.835e-09,-0.29770929999999995
7.837e-09,-0.2952509
7.839e-09,-0.2925818
7.841e-09,-0.2897077
7.843e-09,-0.2866346000000001
7.845e-09,-0.283369
7.847e-09,-0.2799174
7.849e-09,-0.2762865
7.851e-09,-0.2724835000000001
7.853e-09,-0.2685152999999999
7.855e-09,-0.2643888999999999
7.857e-09,-0.26011149999999994
7.859e-09,-0.25569010000000003
7.861e-09,-0.25113170000000007
7.863e-09,-0.2464434000000001
7.865e-09,-0.24163199999999996
7.867e-09,-0.23670420000000003
7.869e-09,-0.2316669
7.871e-09,-0.22652669999999997
7.873e-09,-0.22129
7.875e-09,-0.21596309999999996
7.877e-09,-0.21055250000000003
7.879e-09,-0.20506389999999997
7.881e-09,-0.1995036
7.883e-09,-0.19387719999999997
7.885e-09,-0.18819049999999993
7.887e-09,-0.18244890000000002
7.889e-09,-0.1766578000000001
7.891e-09,-0.17082240000000004
7.893e-09,-0.16494790000000004
7.895e-09,-0.1590391
7.897e-09,-0.15310079999999993
7.899e-09,-0.14713750000000003
7.901e-09,-0.141154
7.903e-09,-0.1351542
7.905e-09,-0.12914250000000005
7.907e-09,-0.12312290000000004
7.909e-09,-0.11709910000000001
7.911e-09,-0.1110751000000001
7.913e-09,-0.10505429999999993
7.915e-09,-0.09904020000000002
7.917e-09,-0.09303620000000001
7.919e-09,-0.08704529999999999
7.921e-09,-0.08107070000000005
7.923e-09,-0.07511509999999999
7.925e-09,-0.06918139999999995
7.927e-09,-0.06327229999999995
7.929e-09,-0.057390300000000005
7.931e-09,-0.05153779999999997
7.933e-09,-0.04571700000000001
7.935e-09,-0.03993000000000002
7.937e-09,-0.034179199999999965
7.939e-09,-0.028466199999999997
7.941e-09,-0.022792999999999952
7.943e-09,-0.017161300000000046
7.945e-09,-0.011572699999999991
7.947e-09,-0.006028800000000056
7.949e-09,-0.0005309999999999482
7.951e-09,0.004919500000000077
7.953e-09,0.01032120000000003
7.955e-09,0.015673199999999943
7.957e-09,0.020974200000000054
7.959e-09,0.02622329999999995
7.961e-09,0.031419500000000045
7.963e-09,0.03656210000000004
7.965e-09,0.04165019999999997
7.967e-09,0.046683200000000036
7.969e-09,0.0516605
7.971e-09,0.056581400000000004
7.973e-09,0.06144549999999993
7.975e-09,0.06625239999999999
7.977e-09,0.07100150000000005
7.979e-09,0.0756928
7.981e-09,0.0803258
7.983e-09,0.08490029999999993
7.985e-09,0.08941620000000006
7.987e-09,0.09387350000000005
7.989e-09,0.09827180000000002
7.991e-09,0.10261129999999996
7.993e-09,0.10689190000000004
7.995e-09,0.11111369999999998
7.997e-09,0.11527690000000002
7.9985e-09,0.11836069999999999
8e-09,0.12141159999999995
8.0002e-09,0.12181560000000002
8.0006e-09,0.12262249999999997
8.0014e-09,0.12422919999999993
8.003e-09,0.12741460000000004
8.005e-09,0.13134429999999997
8.007e-09,0.13521610000000006
8.009e-09,0.1390304
8.011e-09,0.1427874
8.013e-09,0.1464875
8.015e-09,0.15013090000000007
8.017e-09,0.15371809999999997
8.019e-09,0.15724919999999998
8.021e-09,0.160725
8.023e-09,0.16414570000000006
8.025e-09,0.16751170000000004
8.027e-09,0.17082339999999996
8.029e-09,0.17408140000000005
8.031e-09,0.17728619999999995
8.033e-09,0.1804380000000001
8.035e-09,0.18353759999999997
8.037e-09,0.1865854
8.039e-09,0.18958180000000002
8.041e-09,0.19252740000000002
8.043e-09,0.19542290000000007
8.045e-09,0.19826860000000002
8.047e-09,0.20106500000000005
8.049e-09,0.20381289999999996
8.051e-09,0.20651260000000005
8.053e-09,0.20916479999999993
8.055e-09,0.21177009999999996
8.057e-09,0.21432890000000004
8.059e-09,0.21684190000000003
8.061e-09,0.21930950000000005
8.063e-09,0.2217325
8.065e-09,0.2241113
8.067e-09,0.2264465
8.069e-09,0.22873860000000001
8.071e-09,0.2309882000000001
8.073e-09,0.23319599999999996
8.075e-09,0.23536249999999992
8.077e-09,0.23748809999999998
8.079e-09,0.23957360000000005
8.081e-09,0.24161939999999993
8.083e-09,0.24362610000000007
8.085e-09,0.24559429999999993
8.087e-09,0.24752450000000004
8.089e-09,0.24941729999999995
8.091e-09,0.2512730999999999
8.093e-09,0.2530926
8.095e-09,0.25487629999999994
8.097e-09,0.25662470000000004
8.099e-09,0.2583383
8.101e-09,0.26001779999999997
8.103e-09,0.26166349999999994
8.105e-09,0.26327599999999995
8.107e-09,0.26485590000000003
8.109e-09,0.2664035
8.111e-09,0.2679197
8.113e-09,0.2694044
8.115e-09,0.2708587
8.117e-09,0.2722827
8.119e-09,0.2736771
8.121e-09,0.2750422
8.123e-09,0.2763785999999999
8.125e-09,0.27768669999999995
8.127e-09,0.27896699999999996
8.129e-09,0.2802199999999999
8.131e-09,0.28144610000000003
8.133e-09,0.2826457
8.135e-09,0.2838193
8.137e-09,0.2849674
8.139e-09,0.2860903
8.141e-09,0.28718849999999996
8.143e-09,0.28826240000000003
8.145e-09,0.2893125
8.147e-09,0.29033910000000007
8.149e-09,0.29134270000000007
8.151e-09,0.29232369999999996
8.153e-09,0.2932823000000001
8.155e-09,0.29421909999999996
8.157e-09,0.2951344
8.159e-09,0.29602870000000003
8.161e-09,0.29690210000000006
8.163e-09,0.29775530000000006
8.165e-09,0.2985884000000001
8.167e-09,0.2994021
8.169e-09,0.3001962
8.171e-09,0.30097109999999994
8.173e-09,0.3017284
8.175e-09,0.3024665999999999
8.177e-09,0.303187
8.179e-09,0.30389069999999996
8.181e-09,0.30457579999999995
8.183e-09,0.30524550000000006
8.185e-09,0.3058970000000001
8.187e-09,0.30653339999999996
8.189e-09,0.30715290000000006
8.191e-09,0.3077576999999999
8.193e-09,0.3083457999999999
8.195e-09,0.30891940000000007
8.197e-09,0.3094787000000001
8.1985e-09,0.30988819999999995
8.2e-09,0.3102897000000001
8.2002e-09,0.31034320000000004
8.2006e-09,0.3104521
8.2014e-09,0.3106793000000001
8.203e-09,0.3111552000000001
8.205e-09,0.3117490999999999
8.207e-09,0.31229320000000005
8.209e-09,0.31274140000000006
8.211e-09,0.31305859999999985
8.213e-09,0.31321730000000014
8.215e-09,0.31319600000000003
8.217e-09,0.31297740000000007
8.219e-09,0.31254879999999996
8.221e-09,0.31190240000000014
8.223e-09,0.3110305
8.225e-09,0.3099327999999999
8.227e-09,0.30860430000000005
8.229e-09,0.3070482000000001
8.231e-09,0.3052637
8.233e-09,0.30325500000000005
8.235e-09,0.3010252
8.237e-09,0.29857979999999995
8.239e-09,0.2959227
8.241e-09,0.29306
8.243e-09,0.2899977
8.245e-09,0.2867421
8.247e-09,0.2833
8.249e-09,0.279678
8.251e-09,0.27588289999999993
8.253e-09,0.27192209999999994
8.255e-09,0.26780230000000005
8.257e-09,0.26353079999999995
8.259e-09,0.25911439999999997
8.261e-09,0.2545603999999999
8.263e-09,0.24987549999999992
8.265e-09,0.24506679999999992
8.267e-09,0.24014100000000005
8.269e-09,0.2351048
8.271e-09,0.22996470000000002
8.273e-09,0.22472750000000008
8.275e-09,0.21939929999999996
8.277e-09,0.21398629999999996
8.279e-09,0.20849479999999998
8.281e-09,0.20293059999999996
8.283e-09,0.19729949999999996
8.285e-09,0.19160729999999992
8.287e-09,0.18585949999999996
8.289e-09,0.18006129999999998
8.291e-09,0.17421830000000005
8.293e-09,0.1683351999999999
8.295e-09,0.16241709999999998
8.297e-09,0.15646879999999996
8.299e-09,0.15049480000000004
8.301e-09,0.1444997
8.303e-09,0.13848779999999994
8.305e-09,0.1324634
8.307e-09,0.1264303
8.309e-09,0.12039259999999996
8.311e-09,0.11435390000000001
8.313e-09,0.10831789999999997
8.315e-09,0.10228800000000005
8.317e-09,0.09626760000000001
8.319e-09,0.09025990000000006
8.321e-09,0.0842678
8.323e-09,0.07829439999999999
8.325e-09,0.07234249999999998
8.327e-09,0.06641470000000005
8.329e-09,0.0605135
8.331e-09,0.054641300000000004
8.333e-09,0.04880060000000008
8.335e-09,0.04299330000000001
8.337e-09,0.03722179999999997
8.339e-09,0.031487800000000066
8.341e-09,0.025793400000000077
8.343e-09,0.020140000000000047
8.345e-09,0.014529699999999979
8.347e-09,0.008963600000000072
8.349e-09,0.0034433999999999854
8.351e-09,-0.0020295000000000174
8.353e-09,-0.007454000000000072
8.355e-09,-0.012828900000000032
8.357e-09,-0.018152999999999975
8.359e-09,-0.023425299999999982
8.361e-09,-0.028644800000000026
8.363e-09,-0.03381089999999998
8.365e-09,-0.03892260000000003
8.367e-09,-0.043979300000000054
8.369e-09,-0.04898019999999992
8.371e-09,-0.053925
8.373e-09,-0.058812899999999946
8.375e-09,-0.06364360000000002
8.377e-09,-0.06841679999999994
8.379e-09,-0.07313190000000003
8.381e-09,-0.07778879999999999
8.383e-09,-0.08238730000000005
8.385e-09,-0.08692710000000003
8.387e-09,-0.0914083
8.389e-09,-0.09583039999999998
8.391e-09,-0.10019370000000005
8.393e-09,-0.10449810000000004
8.395e-09,-0.10874359999999994
8.397e-09,-0.11293039999999999
8.3985e-09,-0.11603180000000002
8.4e-09,-0.11910030000000005
8.4002e-09,-0.11950660000000002
8.4006e-09,-0.12031820000000004
8.4014e-09,-0.12193419999999999
8.403e-09,-0.12513839999999998
8.405e-09,-0.12909130000000002
8.407e-09,-0.1329863
8.409e-09,-0.1368237
8.411e-09,-0.1406035
8.413e-09,-0.14432639999999997
8.415e-09,-0.14799250000000008
8.417e-09,-0.15160220000000002
8.419e-09,-0.1551559
8.421e-09,-0.1586538999999999
8.423e-09,-0.1620967000000001
8.425e-09,-0.16548470000000004
8.427e-09,-0.16881829999999998
8.429e-09,-0.17209809999999992
8.431e-09,-0.1753243
8.433e-09,-0.17849749999999998
8.435e-09,-0.18161839999999996
8.437e-09,-0.18468719999999994
8.439e-09,-0.18770450000000005
8.441e-09,-0.19067089999999998
8.443e-09,-0.19358700000000006
8.445e-09,-0.196453
8.447e-09,-0.19926980000000005
8.449e-09,-0.2020377
8.451e-09,-0.20475739999999998
8.453e-09,-0.20742930000000004
8.455e-09,-0.2100540999999999
8.457e-09,-0.21263240000000005
8.459e-09,-0.21516449999999998
8.461e-09,-0.21765120000000004
8.463e-09,-0.22009310000000004
8.465e-09,-0.22249049999999992
8.467e-09,-0.2248443
8.469e-09,-0.22715470000000004
8.471e-09,-0.22942249999999997
8.473e-09,-0.23164829999999992
8.475e-09,-0.23383260000000006
8.477e-09,-0.2359758999999999
8.479e-09,-0.23807880000000003
8.481e-09,-0.24014199999999997
8.483e-09,-0.2421658
8.485e-09,-0.244151
8.487e-09,-0.24609789999999998
8.489e-09,-0.24800730000000004
8.491e-09,-0.24987959999999998
8.493e-09,-0.2517153999999999
8.495e-09,-0.25351520000000005
8.497e-09,-0.2552795
8.499e-09,-0.25700900000000004
8.501e-09,-0.2587041
8.503e-09,-0.26036519999999996
8.505e-09,-0.26199300000000003
8.507e-09,-0.26358800000000004
8.509e-09,-0.26515069999999996
8.511e-09,-0.2666815
8.513e-09,-0.26818109999999995
8.515e-09,-0.2696497000000001
8.517e-09,-0.27108809999999994
8.519e-09,-0.27249670000000004
8.521e-09,-0.27387590000000006
8.523e-09,-0.2752260999999999
8.525e-09,-0.276548
8.527e-09,-0.2778419000000001
8.529e-09,-0.27910820000000003
8.531e-09,-0.28034760000000003
8.533e-09,-0.28156040000000004
8.535e-09,-0.28274699999999997
8.537e-09,-0.2839079
8.539e-09,-0.28504359999999995
8.541e-09,-0.28615440000000003
8.543e-09,-0.2872406999999999
8.545e-09,-0.2883030999999999
8.547e-09,-0.28934190000000004
8.549e-09,-0.2903576
8.551e-09,-0.2913504
8.553e-09,-0.29232080000000005
8.555e-09,-0.2932692
8.557e-09,-0.294196
8.559e-09,-0.2951017
8.561e-09,-0.2959862999999999
8.563e-09,-0.2968507
8.565e-09,-0.29769480000000004
8.567e-09,-0.2985192
8.569e-09,-0.29932420000000004
8.571e-09,-0.30011010000000005
8.573e-09,-0.3008775
8.575e-09,-0.3016259
8.577e-09,-0.3023574
8.579e-09,-0.3030701000000001
8.581e-09,-0.30376629999999993
8.583e-09,-0.30444499999999997
8.585e-09,-0.3051073999999999
8.587e-09,-0.30575260000000004
8.589e-09,-0.3063819
8.591e-09,-0.30699540000000003
8.593e-09,-0.30759420000000004
8.595e-09,-0.30817739999999993
8.597e-09,-0.3087453000000001
8.5985e-09,-0.3091611999999999
8.6e-09,-0.30957
8.6002e-09,-0.3096236
8.6006e-09,-0.30973059999999997
8.6014e-09,-0.3099438
8.603e-09,-0.3103617999999999
8.605e-09,-0.3108734999999999
8.607e-09,-0.31137059999999994
8.609e-09,-0.311855
8.611e-09,-0.31232700000000013
8.613e-09,-0.3127856000000001
8.615e-09,-0.3132311
8.617e-09,-0.3136645
8.619e-09,-0.3140869999999999
8.621e-09,-0.3144966
8.623e-09,-0.3148945999999999
8.625e-09,-0.3152819
8.627e-09,-0.31565769999999993
8.629e-09,-0.31602319999999995
8.631e-09,-0.3163773999999999
8.633e-09,-0.31672140000000004
8.635e-09,-0.3170553999999999
8.637e-09,-0.3173785
8.639e-09,-0.31769270000000005
8.641e-09,-0.31799710000000003
8.643e-09,-0.318292
8.645e-09,-0.31857820000000003
8.647e-09,-0.3188550000000001
8.649e-09,-0.3191225000000001
8.651e-09,-0.3193817
8.653e-09,-0.3196327
8.655e-09,-0.31987560000000004
8.657e-09,-0.32010949999999994
8.659e-09,-0.3203365
8.661e-09,-0.3205557
8.663e-09,-0.32076609999999994
8.665e-09,-0.32096990000000003
8.667e-09,-0.32116710000000004
8.669e-09,-0.3213568
8.671e-09,-0.3215389999999999
8.673e-09,-0.3217148999999999
8.675e-09,-0.3218835000000001
8.677e-09,-0.3220459
8.679e-09,-0.3222021999999999
8.681e-09,-0.3223524000000001
8.683e-09,-0.3224967000000001
8.685e-09,-0.3226350000000001
8.687e-09,-0.3227664
8.689e-09,-0.32289310000000004
8.691e-09,-0.32301500000000005
8.693e-09,-0.3231303
8.695e-09,-0.32324090000000005
8.697e-09,-0.3233461000000001
8.699e-09,-0.32344669999999986
8.701e-09,-0.32354189999999994
8.703e-09,-0.32363279999999994
8.705e-09,-0.32371839999999996
8.707e-09,-0.3237996999999999
8.709e-09,-0.3238768000000001
8.711e-09,-0.3239487999999999
8.713e-09,-0.3240175999999999
8.715e-09,-0.3240815
8.717e-09,-0.3241423000000001
8.719e-09,-0.3241982
8.721e-09,-0.32425020000000015
8.723e-09,-0.3242994
8.725e-09,-0.3243447999999999
8.727e-09,-0.32438639999999996
8.729e-09,-0.32442439999999995
8.731e-09,-0.32445859999999993
8.733e-09,-0.3244902999999999
8.735e-09,-0.3245184000000001
8.737e-09,-0.3245438999999999
8.739e-09,-0.3245659999999999
8.741e-09,-0.3245855999999999
8.743e-09,-0.32460179999999994
8.745e-09,-0.3246146
8.747e-09,-0.32462610000000014
8.749e-09,-0.3246342
8.751e-09,-0.32464019999999993
8.753e-09,-0.32464290000000007
8.755e-09,-0.3246433000000001
8.757e-09,-0.3246416999999999
8.759e-09,-0.3246378999999999
8.761e-09,-0.3246319999999999
8.763e-09,-0.3246241000000001
8.765e-09,-0.3246141
8.767e-09,-0.32460109999999986
8.769e-09,-0.3245871
8.771e-09,-0.3245713
8.773e-09,-0.3245525
8.775e-09,-0.32453279999999995
8.777e-09,-0.3245111999999999
8.779e-09,-0.32448790000000005
8.781e-09,-0.3244636999999999
8.783e-09,-0.32443679999999997
8.785e-09,-0.3244091
8.787e-09,-0.3243796000000001
8.789e-09,-0.32434850000000004
8.791e-09,-0.3243167000000001
8.793e-09,-0.3242831999999999
8.795e-09,-0.3242482000000001
8.797e-09,-0.32421239999999996
8.7985e-09,-0.3241837999999999
8.8e-09,-0.3241673999999999
8.8002e-09,-0.3241673999999999
8.8006e-09,-0.32416920000000005
8.8014e-09,-0.32418119999999995
8.803e-09,-0.3242189
8.805e-09,-0.3242583
8.807e-09,-0.32424339999999996
8.809e-09,-0.32413120000000006
8.811e-09,-0.32388949999999994
8.813e-09,-0.3234926
8.815e-09,-0.3229204000000001
8.817e-09,-0.3221579
8.819e-09,-0.32119410000000004
8.821e-09,-0.32001939999999995
8.823e-09,-0.31862960000000007
8.825e-09,-0.3170219999999999
8.827e-09,-0.3151942999999999
8.829e-09,-0.3131482000000001
8.831e-09,-0.31088539999999987
8.833e-09,-0.3084076
8.835e-09,-0.30572010000000005
8.837e-09,-0.3028253999999999
8.839e-09,-0.2997310999999999
8.841e-09,-0.2964405
8.843e-09,-0.2929607000000001
8.845e-09,-0.28929780000000005
8.847e-09,-0.28545830000000005
8.849e-09,-0.28144900000000006
8.851e-09,-0.27727650000000004
8.853e-09,-0.27294779999999996
8.855e-09,-0.26846990000000004
8.857e-09,-0.2638497000000001
8.859e-09,-0.25909399999999994
8.861e-09,-0.2542099000000001
8.863e-09,-0.2492042000000001
8.865e-09,-0.24408360000000007
8.867e-09,-0.23885489999999998
8.869e-09,-0.23352470000000003
8.871e-09,-0.22809940000000006
8.873e-09,-0.22258540000000004
8.875e-09,-0.2169890000000001
8.877e-09,-0.2113163
8.879e-09,-0.20557310000000006
8.881e-09,-0.19976569999999993
8.883e-09,-0.1938993
8.885e-09,-0.18797969999999997
8.887e-09,-0.18201240000000007
8.889e-09,-0.17600249999999995
8.891e-09,-0.16995519999999997
8.893e-09,-0.16387550000000006
8.895e-09,-0.15776800000000002
8.897e-09,-0.15163749999999998
8.899e-09,-0.14548859999999997
8.901e-09,-0.1393255
8.903e-09,-0.13315259999999995
8.905e-09,-0.12697370000000008
8.907e-09,-0.12079289999999998
8.909e-09,-0.114614
8.911e-09,-0.10844050000000005
8.913e-09,-0.10227569999999997
8.915e-09,-0.09612339999999997
8.917e-09,-0.08998650000000008
8.919e-09,-0.08386799999999994
8.921e-09,-0.07777100000000003
8.923e-09,-0.07169819999999993
8.925e-09,-0.0656523
8.927e-09,-0.059635899999999964
8.929e-09,-0.05365129999999996
8.931e-09,-0.04770079999999999
8.933e-09,-0.041786699999999954
8.935e-09,-0.03591080000000002
8.937e-09,-0.030075399999999974
8.939e-09,-0.024282100000000084
8.941e-09,-0.018532800000000016
8.943e-09,-0.012828899999999921
8.945e-09,-0.007171900000000009
8.947e-09,-0.0015635999999999983
8.949e-09,0.003994999999999971
8.951e-09,0.009502599999999917
8.953e-09,0.014957899999999968
8.955e-09,0.020360000000000045
8.957e-09,0.025707999999999953
8.959e-09,0.03100080000000005
8.961e-09,0.03623759999999998
8.963e-09,0.04141779999999995
8.965e-09,0.046540499999999985
8.967e-09,0.051605300000000076
8.969e-09,0.056611599999999984
8.971e-09,0.061558800000000025
8.973e-09,0.06644669999999997
8.975e-09,0.07127479999999997
8.977e-09,0.07604289999999991
8.979e-09,0.0807506
8.981e-09,0.08539790000000003
8.983e-09,0.08998460000000008
8.985e-09,0.09451050000000005
8.987e-09,0.09897559999999994
8.989e-09,0.10337999999999992
8.991e-09,0.10772369999999998
8.993e-09,0.11200670000000001
8.995e-09,0.11622909999999997
8.997e-09,0.12039109999999997
8.9985e-09,0.12347300000000005
9e-09,0.12652110000000005
9.0002e-09,0.12692550000000002
9.0006e-09,0.12773489999999998
9.0014e-09,0.12935770000000002
9.003e-09,0.13260190000000005
9.005e-09,0.13661239999999997
9.007e-09,0.1405213999999999
9.009e-09,0.14428169999999996
9.011e-09,0.147856
9.013e-09,0.15121479999999998
9.015e-09,0.15433569999999996
9.017e-09,0.1572017
9.019e-09,0.15980070000000002
9.021e-09,0.16212439999999995
9.023e-09,0.16416780000000009
9.025e-09,0.16592849999999992
9.027e-09,0.1674064999999999
9.029e-09,0.1686032999999999
9.031e-09,0.16952230000000001
9.033e-09,0.17016770000000003
9.035e-09,0.1705449
9.037e-09,0.17065999999999992
9.039e-09,0.1705198
9.041e-09,0.1701315
9.043e-09,0.16950260000000006
9.045e-09,0.1686409000000001
9.047e-09,0.16755429999999993
9.049e-09,0.16625109999999999
9.051e-09,0.16473949999999993
9.053e-09,0.16302739999999993
9.055e-09,0.16112290000000007
9.057e-09,0.15903440000000002
9.059e-09,0.1567695
9.061e-09,0.15433629999999998
9.063e-09,0.15174239999999994
9.065e-09,0.1489954
9.067e-09,0.14610279999999998
9.069e-09,0.14307189999999992
9.071e-09,0.13990979999999997
9.073e-09,0.1366233
9.075e-09,0.1332194
9.077e-09,0.1297045
9.079e-09,0.1260851999999999
9.081e-09,0.12236770000000008
9.083e-09,0.11855800000000005
9.085e-09,0.11466209999999999
9.087e-09,0.11068560000000005
9.089e-09,0.10663409999999995
9.091e-09,0.10251310000000002
9.093e-09,0.09832770000000002
9.095e-09,0.09408300000000003
9.097e-09,0.08978379999999997
9.099e-09,0.08543500000000004
9.101e-09,0.08104109999999998
9.103e-09,0.07660639999999996
9.105e-09,0.07213539999999996
9.107e-09,0.06763189999999997
9.109e-09,0.06310009999999999
9.111e-09,0.058543800000000035
9.113e-09,0.05396669999999992
9.115e-09,0.04937220000000009
9.117e-09,0.04476389999999997
9.119e-09,0.04014479999999998
9.121e-09,0.0355183
9.123e-09,0.030887500000000068
9.125e-09,0.02625500000000003
9.127e-09,0.021623800000000082
9.129e-09,0.01699649999999997
9.131e-09,0.012375599999999931
9.133e-09,0.007763699999999929
9.135e-09,0.0031628999999999685
9.137e-09,-0.0014245000000000507
9.139e-09,-0.0059962999999999544
9.141e-09,-0.010550500000000018
9.143e-09,-0.015085299999999968
9.145e-09,-0.01959869999999997
9.147e-09,-0.024089100000000085
9.149e-09,-0.02855479999999999
9.151e-09,-0.03299439999999998
9.153e-09,-0.0374063
9.155e-09,-0.04178890000000002
9.157e-09,-0.04614119999999999
9.159e-09,-0.05046189999999995
9.161e-09,-0.05474990000000002
9.163e-09,-0.0590039
9.165e-09,-0.06322309999999998
9.167e-09,-0.06740639999999998
9.169e-09,-0.07155290000000003
9.171e-09,-0.07566190000000006
9.173e-09,-0.07973269999999999
9.175e-09,-0.08376450000000002
9.177e-09,-0.08775659999999996
9.179e-09,-0.09170849999999997
9.181e-09,-0.09561949999999997
9.183e-09,-0.0994893
9.185e-09,-0.1033174
9.187e-09,-0.10710350000000002
9.189e-09,-0.11084700000000003
9.191e-09,-0.11454779999999998
9.193e-09,-0.11820549999999996
9.195e-09,-0.12181999999999993
9.197e-09,-0.12539109999999998
9.1985e-09,-0.12804080000000007
9.2e-09,-0.1306659
9.2002e-09,-0.13101459999999998
9.2006e-09,-0.13171310000000003
9.2014e-09,-0.13311590000000006
9.203e-09,-0.13592769999999998
9.205e-09,-0.13941170000000003
9.207e-09,-0.14280950000000003
9.209e-09,-0.14607340000000002
9.211e-09,-0.1491654
9.213e-09,-0.15205590000000002
9.215e-09,-0.15472189999999997
9.217e-09,-0.157146
9.219e-09,-0.1593158
9.221e-09,-0.16122249999999994
9.223e-09,-0.16286080000000003
9.225e-09,-0.16422800000000004
9.227e-09,-0.16532360000000001
9.229e-09,-0.16614879999999999
9.231e-09,-0.1667069
9.233e-09,-0.16700170000000003
9.235e-09,-0.16703839999999992
9.237e-09,-0.16682279999999994
9.239e-09,-0.16636150000000005
9.241e-09,-0.1656613
9.243e-09,-0.16472980000000004
9.245e-09,-0.16357460000000001
9.247e-09,-0.16220330000000005
9.249e-09,-0.160624
9.251e-09,-0.15884470000000006
9.253e-09,-0.1568733
9.255e-09,-0.15471780000000002
9.257e-09,-0.15238600000000002
9.259e-09,-0.14988599999999996
9.261e-09,-0.1472255
9.263e-09,-0.14441179999999998
9.265e-09,-0.14145280000000005
9.267e-09,-0.13835549999999996
9.269e-09,-0.1351272
9.271e-09,-0.13177490000000003
9.273e-09,-0.12830540000000001
9.275e-09,-0.12472539999999999
9.277e-09,-0.12104139999999997
9.279e-09,-0.11725969999999997
9.281e-09,-0.11338650000000006
9.283e-09,-0.10942770000000002
9.285e-09,-0.10538910000000001
9.287e-09,-0.10127629999999999
9.289e-09,-0.09709489999999998
9.291e-09,-0.09284999999999999
9.293e-09,-0.08854689999999998
9.295e-09,-0.08419029999999994
9.297e-09,-0.0797852
9.299e-09,-0.07533610000000002
9.301e-09,-0.07084749999999995
9.303e-09,-0.06632380000000004
9.305e-09,-0.061768900000000015
9.307e-09,-0.057187100000000046
9.309e-09,-0.052582099999999965
9.311e-09,-0.0479577000000001
9.313e-09,-0.04331740000000006
9.315e-09,-0.03866460000000005
9.317e-09,-0.03400269999999994
9.319e-09,-0.029334900000000053
9.321e-09,-0.024664099999999967
9.323e-09,-0.01999329999999999
9.325e-09,-0.015325199999999928
9.327e-09,-0.010662700000000025
9.329e-09,-0.006008099999999961
9.331e-09,-0.0013638999999999735
9.333e-09,0.0032674000000000314
9.335e-09,0.007883899999999944
9.337e-09,0.01248309999999997
9.339e-09,0.017063300000000003
9.341e-09,0.02162239999999993
9.343e-09,0.026158799999999927
9.345e-09,0.030670500000000045
9.347e-09,0.03515609999999991
9.349e-09,0.03961379999999992
9.351e-09,0.044042500000000095
9.353e-09,0.0484405
9.355e-09,0.052806699999999984
9.357e-09,0.05713979999999996
9.359e-09,0.06143869999999996
9.361e-09,0.06570229999999999
9.363e-09,0.06992969999999998
9.365e-09,0.07411990000000002
9.367e-09,0.07827189999999995
9.369e-09,0.08238509999999999
9.371e-09,0.0864587
9.373e-09,0.09049210000000008
9.375e-09,0.09448450000000008
9.377e-09,0.09843550000000001
9.379e-09,0.10234449999999995
9.381e-09,0.1062111
9.383e-09,0.1100348000000001
9.385e-09,0.1138152
9.387e-09,0.11755199999999999
9.389e-09,0.12124500000000005
9.391e-09,0.12489399999999995
9.393e-09,0.12849860000000002
9.395e-09,0.13205880000000003
9.397e-09,0.13557450000000004
9.3985e-09,0.13818180000000002
9.4e-09,0.14077569999999995
9.4002e-09,0.1411218999999999
9.4006e-09,0.14181480000000002
9.4014e-09,0.14320319999999997
9.403e-09,0.14597329999999997
9.405e-09,0.14938459999999998
9.407e-09,0.1526906
9.409e-09,0.15584779999999998
9.411e-09,0.15882150000000006
9.413e-09,0.16158459999999997
9.415e-09,0.16411659999999995
9.417e-09,0.16640200000000005
9.419e-09,0.16842970000000002
9.421e-09,0.17019249999999997
9.423e-09,0.1716858
9.425e-09,0.17290820000000007
9.427e-09,0.1738596
9.429e-09,0.17454210000000003
9.431e-09,0.17495910000000003
9.433e-09,0.17511480000000001
9.435e-09,0.17501480000000003
9.437e-09,0.17466499999999996
9.439e-09,0.17407230000000007
9.441e-09,0.1732437
9.443e-09,0.17218640000000007
9.445e-09,0.17090839999999996
9.447e-09,0.1694173
9.449e-09,0.167721
9.451e-09,0.16582750000000002
9.453e-09,0.16374490000000008
9.455e-09,0.16148099999999999
9.457e-09,0.15904359999999995
9.459e-09,0.15644049999999998
9.461e-09,0.15367949999999997
9.463e-09,0.150768
9.465e-09,0.1477134
9.467e-09,0.14452300000000007
9.469e-09,0.14120389999999994
9.471e-09,0.13776299999999997
9.473e-09,0.13420700000000008
9.475e-09,0.13054259999999995
9.477e-09,0.12677609999999995
9.479e-09,0.12291399999999997
9.481e-09,0.11896210000000007
9.483e-09,0.11492639999999998
9.485e-09,0.11081280000000004
9.487e-09,0.10662649999999996
9.489e-09,0.1023733
9.491e-09,0.09805810000000004
9.493e-09,0.0936861
9.495e-09,0.0892620999999999
9.497e-09,0.08479100000000006
9.499e-09,0.0802773
9.501e-09,0.07572539999999994
9.503e-09,0.07113949999999991
9.505e-09,0.06652380000000002
9.507e-09,0.06188230000000006
9.509e-09,0.0572187999999999
9.511e-09,0.05253680000000005
9.513e-09,0.0478402
9.515e-09,0.04313210000000001
9.517e-09,0.03841569999999994
9.519e-09,0.03369440000000001
9.521e-09,0.028971199999999975
9.523e-09,0.024248900000000018
9.525e-09,0.019530200000000053
9.527e-09,0.014817700000000045
9.529e-09,0.010114200000000073
9.531e-09,0.005421799999999921
9.533e-09,0.0007430999999999965
9.535e-09,-0.003919899999999976
9.537e-09,-0.008565100000000103
9.539e-09,-0.013190399999999936
9.541e-09,-0.01779390000000003
9.543e-09,-0.022374000000000005
9.545e-09,-0.026928799999999975
9.547e-09,-0.031456700000000004
9.549e-09,-0.035956199999999994
9.551e-09,-0.04042600000000007
9.553e-09,-0.044864499999999974
9.555e-09,-0.0492707
9.557e-09,-0.053643100000000055
9.559e-09,-0.057980799999999943
9.561e-09,-0.062282599999999966
9.563e-09,-0.06654759999999993
9.565e-09,-0.07077489999999997
9.567e-09,-0.07496360000000002
9.569e-09,-0.07911290000000004
9.571e-09,-0.08322209999999997
9.573e-09,-0.0872906
9.575e-09,-0.0913176
9.577e-09,-0.09530269999999996
9.579e-09,-0.09924540000000004
9.581e-09,-0.10314519999999994
9.583e-09,-0.10700169999999998
9.585e-09,-0.1108146000000001
9.587e-09,-0.1145834
9.589e-09,-0.11830799999999997
9.591e-09,-0.12198810000000004
9.593e-09,-0.1256235
9.595e-09,-0.12921399999999994
9.597e-09,-0.1327596000000001
9.5985e-09,-0.1353892
9.6e-09,-0.13799339999999993
9.6002e-09,-0.13833930000000005
9.6006e-09,-0.1390321
9.6014e-09,-0.14042330000000003
9.603e-09,-0.14321130000000004
9.605e-09,-0.14666449999999998
9.607e-09,-0.15003049999999996
9.609e-09,-0.15326169999999995
9.611e-09,-0.15632049999999997
9.613e-09,-0.15917709999999996
9.615e-09,-0.16180890000000003
9.617e-09,-0.16419840000000008
9.619e-09,-0.16633339999999996
9.621e-09,-0.1682051
9.623e-09,-0.16980830000000002
9.625e-09,-0.17114030000000002
9.627e-09,-0.17220049999999998
9.629e-09,-0.17299049999999994
9.631e-09,-0.17351309999999998
9.633e-09,-0.17377239999999994
9.635e-09,-0.17377350000000003
9.637e-09,-0.1735222999999999
9.639e-09,-0.1730252
9.641e-09,-0.17228909999999997
9.643e-09,-0.17132150000000002
9.645e-09,-0.17013
9.647e-09,-0.16872240000000005
9.649e-09,-0.1671064
9.651e-09,-0.1652903
9.653e-09,-0.16328169999999997
9.655e-09,-0.16108889999999998
9.657e-09,-0.1587195
9.659e-09,-0.15618149999999997
9.661e-09,-0.15348269999999997
9.663e-09,-0.1506305
9.665e-09,-0.14763250000000006
9.667e-09,-0.14449599999999996
9.669e-09,-0.14122809999999997
9.671e-09,-0.1378359
9.673e-09,-0.13432600000000006
9.675e-09,-0.13070539999999997
9.677e-09,-0.12698030000000005
9.679e-09,-0.12315730000000003
9.681e-09,-0.11924229999999991
9.683e-09,-0.11524139999999994
9.685e-09,-0.11116040000000005
9.687e-09,-0.10700490000000007
9.689e-09,-0.10278029999999994
9.691e-09,-0.09849209999999997
9.693e-09,-0.09414519999999993
9.695e-09,-0.08974470000000001
9.697e-09,-0.08529530000000007
9.699e-09,-0.08080160000000003
9.701e-09,-0.07626820000000001
9.703e-09,-0.07169939999999997
9.705e-09,-0.06709929999999997
9.707e-09,-0.06247199999999997
9.709e-09,-0.057821299999999964
9.711e-09,-0.05315100000000006
9.713e-09,-0.048464799999999975
9.715e-09,-0.043765799999999966
9.717e-09,-0.039057599999999915
9.719e-09,-0.034343400000000024
9.721e-09,-0.02962609999999999
9.723e-09,-0.024908700000000006
9.725e-09,-0.020194000000000045
9.727e-09,-0.015484799999999965
9.729e-09,-0.01078340000000011
9.731e-09,-0.006092600000000004
9.733e-09,-0.0014146000000000436
9.735e-09,0.0032484999999999875
9.737e-09,0.007894399999999968
9.739e-09,0.01252120000000001
9.741e-09,0.017126799999999998
9.743e-09,0.021709599999999996
9.745e-09,0.026267600000000058
9.747e-09,0.030799299999999974
9.749e-09,0.03530320000000009
9.751e-09,0.03977770000000003
9.753e-09,0.044221500000000025
9.755e-09,0.04863329999999999
9.757e-09,0.05301180000000005
9.759e-09,0.057355899999999904
9.761e-09,0.06166450000000001
9.763e-09,0.06593660000000001
9.765e-09,0.0701714
9.767e-09,0.07436779999999998
9.769e-09,0.0785250999999999
9.771e-09,0.08264260000000001
9.773e-09,0.08671950000000006
9.775e-09,0.09075509999999998
9.777e-09,0.09474920000000009
9.779e-09,0.09870089999999998
9.781e-09,0.10260979999999997
9.783e-09,0.1064756
9.785e-09,0.11029789999999995
9.787e-09,0.11407619999999996
9.789e-09,0.11781039999999998
9.791e-09,0.12150019999999995
9.793e-09,0.12514539999999996
9.795e-09,0.12874580000000002
9.797e-09,0.1323012
9.7985e-09,0.13493830000000007
9.8e-09,0.13754999999999995
9.8002e-09,0.13789600000000002
9.8006e-09,0.13858729999999997
9.8014e-09,0.1399644
9.803e-09,0.14269699999999996
9.805e-09,0.14607209999999993
9.807e-09,0.14940209999999998
9.809e-09,0.15268700000000002
9.811e-09,0.15592700000000004
9.813e-09,0.1591222
9.815e-09,0.1622726
9.817e-09,0.16537849999999998
9.819e-09,0.16843980000000003
9.821e-09,0.17145700000000008
9.823e-09,0.17443010000000003
9.825e-09,0.17735939999999994
9.827e-09,0.18024509999999994
9.829e-09,0.18308750000000007
9.831e-09,0.18588689999999997
9.833e-09,0.18864360000000002
9.835e-09,0.19135770000000007
9.837e-09,0.19402970000000008
9.839e-09,0.1966599
9.841e-09,0.1992486
9.843e-09,0.20179619999999998
9.845e-09,0.20430289999999995
9.847e-09,0.20676929999999993
9.849e-09,0.20919549999999998
9.851e-09,0.21158199999999994
9.853e-09,0.2139293
9.855e-09,0.21623759999999992
9.857e-09,0.21850729999999996
9.859e-09,0.2207389999999999
9.861e-09,0.2229329
9.863e-09,0.2250894
9.865e-09,0.227209
9.867e-09,0.2292921000000001
9.869e-09,0.23133920000000008
9.871e-09,0.23335059999999996
9.873e-09,0.23532660000000005
9.875e-09,0.23726780000000003
9.877e-09,0.23917469999999996
9.879e-09,0.24104750000000008
9.881e-09,0.2428866999999999
9.883e-09,0.24469279999999993
9.885e-09,0.24646619999999997
9.887e-09,0.24820720000000007
9.889e-09,0.24991640000000004
9.891e-09,0.251594
9.893e-09,0.2532407
9.895e-09,0.25485669999999994
9.897e-09,0.2564424999999999
9.899e-09,0.2579985
9.901e-09,0.25952509999999995
9.903e-09,0.26102270000000005
9.905e-09,0.26249180000000005
9.907e-09,0.2639327
9.909e-09,0.2653459
9.911e-09,0.2667316999999999
9.913e-09,0.2680905
9.915e-09,0.2694228000000001
9.917e-09,0.27072889999999994
9.919e-09,0.2720093
9.921e-09,0.2732642999999999
9.923e-09,0.2744942
9.925e-09,0.27569959999999993
9.927e-09,0.2768805999999999
9.929e-09,0.2780378
9.931e-09,0.2791716000000001
9.933e-09,0.2802821999999999
9.935e-09,0.28136989999999995
9.937e-09,0.2824354
9.939e-09,0.28347880000000003
9.941e-09,0.2845004
9.943e-09,0.28550069999999994
9.945e-09,0.28648000000000007
9.947e-09,0.2874386
9.949e-09,0.28837690000000005
9.951e-09,0.2892952
9.953e-09,0.29019380000000006
9.955e-09,0.2910731
9.957e-09,0.2919334
9.959e-09,0.29277490000000006
9.961e-09,0.2935981
9.963e-09,0.2944032
9.965e-09,0.29519059999999997
9.967e-09,0.2959604
9.969e-09,0.29671309999999995
9.971e-09,0.29744899999999996
9.973e-09,0.29816830000000005
9.975e-09,0.2988712
9.977e-09,0.2995582
9.979e-09,0.30022950000000004
9.981e-09,0.3008856
9.983e-09,0.30152580000000007
9.985e-09,0.3021516000000001
9.987e-09,0.3027632
9.989e-09,0.30335960000000006
9.991e-09,0.30394200000000005
9.993e-09,0.3045105
9.995e-09,0.3050653000000001
9.997e-09,0.3056074999999999
9.9985e-09,0.3060054000000001
1e-08,0.3063956000000001
1.00002e-08,0.3064475
1.00006e-08,0.3065539999999999
1.00014e-08,0.3067757000000001
1.0003e-08,0.3072408000000001
1.0005e-08,0.30782339999999997
1.0007e-08,0.30835580000000007
1.0009e-08,0.308794
1.0011e-08,0.3091028000000001
1.0013e-08,0.30925239999999987
1.0015e-08,0.3092226000000001
1.0017e-08,0.30899679999999996
1.0019e-08,0.3085612999999999
1.0021e-08,0.30790719999999994
1.0023e-08,0.30702989999999997
1.0025e-08,0.30592489999999994
1.0027e-08,0.30459140000000007
1.0029e-08,0.30302929999999995
1.0031e-08,0.30123900000000015
1.0033e-08,0.2992256
1.0035e-08,0.29699169999999997
1.0037e-08,0.29454159999999996
1.0039e-08,0.2918807
1.0041e-08,0.2890146
1.0043e-08,0.28594949999999997
1.0045e-08,0.28269159999999993
1.0047e-08,0.2792477
1.0049e-08,0.2756244
1.0051e-08,0.27182890000000004
1.0053e-08,0.26786810000000005
1.0055e-08,0.263749
1.0057e-08,0.2594788
1.0059e-08,0.2550646
1.0061e-08,0.25051330000000005
1.0063e-08,0.2458319000000001
1.0065e-08,0.2410274
1.0067e-08,0.23610660000000006
1.0069e-08,0.2310761
1.0071e-08,0.2259428
1.0073e-08,0.22071279999999993
1.0075e-08,0.2153927
1.0077e-08,0.20998870000000003
1.0079e-08,0.20450690000000005
1.0081e-08,0.1989531
1.0083e-08,0.19333329999999993
1.0085e-08,0.18765319999999996
1.0087e-08,0.18191800000000002
1.0089e-08,0.17613349999999994
1.0091e-08,0.17030459999999992
1.0093e-08,0.1644365000000001
1.0095e-08,0.1585341
1.0097e-08,0.15260209999999996
1.0099e-08,0.14664519999999992
1.0101e-08,0.14066790000000007
1.0103e-08,0.13467440000000008
1.0105e-08,0.12866880000000003
1.0107e-08,0.12265539999999997
1.0109e-08,0.11663789999999996
1.0111e-08,0.1106199
1.0113e-08,0.10460520000000006
1.0115e-08,0.0985971
1.0117e-08,0.09259910000000005
1.0119e-08,0.08661410000000003
1.0121e-08,0.08064539999999998
1.0123e-08,0.07469570000000003
1.0125e-08,0.06876780000000005
1.0127e-08,0.06286459999999994
1.0129e-08,0.05698829999999999
1.0131e-08,0.051141400000000004
1.0133e-08,0.045326100000000036
1.0135e-08,0.039544899999999994
1.0137e-08,0.03379949999999998
1.0139e-08,0.028092100000000064
1.0141e-08,0.022424299999999953
1.0143e-08,0.01679789999999992
1.0145e-08,0.011214599999999963
1.0147e-08,0.005675900000000067
1.0149e-08,0.00018319999999993897
1.0151e-08,-0.005261999999999989
1.0153e-08,-0.01065869999999991
1.0155e-08,-0.016005600000000064
1.0157e-08,-0.02130160000000003
1.0159e-08,-0.026545700000000005
1.0161e-08,-0.03173709999999996
1.0163e-08,-0.03687489999999993
1.0165e-08,-0.04195820000000006
1.0167e-08,-0.04698649999999993
1.0169e-08,-0.05195919999999998
1.0171e-08,-0.05687549999999997
1.0173e-08,-0.06173510000000004
1.0175e-08,-0.06653750000000003
1.0177e-08,-0.07128219999999996
1.0179e-08,-0.07596910000000001
1.0181e-08,-0.08059779999999994
1.0183e-08,-0.08516819999999992
1.0185e-08,-0.08967990000000003
1.0187e-08,-0.09413289999999996
1.0189e-08,-0.09852729999999998
1.0191e-08,-0.10286280000000003
1.0193e-08,-0.1071394
1.0195e-08,-0.11135729999999999
1.0197e-08,-0.11551660000000008
1.01985e-08,-0.11859760000000008
1.02e-08,-0.12164570000000008
1.02002e-08,-0.12204930000000003
1.02006e-08,-0.1228555
1.02014e-08,-0.12446059999999992
1.0203e-08,-0.12764319999999996
1.0205e-08,-0.13156919999999994
1.0207e-08,-0.1354375
1.0209e-08,-0.13924820000000004
1.0211e-08,-0.1430017
1.0213e-08,-0.14669829999999995
1.0215e-08,-0.15033849999999993
1.0217e-08,-0.15392230000000007
1.0219e-08,-0.15745029999999993
1.0221e-08,-0.16092279999999992
1.0223e-08,-0.1643403
1.0225e-08,-0.16770319999999994
1.0227e-08,-0.17101180000000005
1.0229e-08,-0.17426680000000005
1.0231e-08,-0.17746850000000003
1.0233e-08,-0.1806175
1.0235e-08,-0.18371420000000005
1.0237e-08,-0.18675909999999996
1.0239e-08,-0.18975279999999994
1.0241e-08,-0.19269559999999997
1.0243e-08,-0.19558830000000005
1.0245e-08,-0.19843140000000004
1.0247e-08,-0.20122530000000005
1.0249e-08,-0.2039706
1.0251e-08,-0.2066677
1.0253e-08,-0.20931750000000005
1.0255e-08,-0.21192030000000006
1.0257e-08,-0.21447660000000002
1.0259e-08,-0.21698720000000005
1.0261e-08,-0.2194526
1.0263e-08,-0.2218732
1.0265e-08,-0.22424979999999994
1.0267e-08,-0.22658270000000003
1.0269e-08,-0.22887259999999998
1.0271e-08,-0.2311202
1.0273e-08,-0.23332580000000003
1.0275e-08,-0.23549019999999998
1.0277e-08,-0.23761390000000004
1.0279e-08,-0.23969719999999994
1.0281e-08,-0.24174110000000004
1.0283e-08,-0.2437457999999999
1.0285e-08,-0.2457121
1.0287e-08,-0.24764039999999998
1.0289e-08,-0.2495313
1.0291e-08,-0.2513854
1.0293e-08,-0.25320299999999996
1.0295e-08,-0.254985
1.0297e-08,-0.25673159999999995
1.0299e-08,-0.2584436
1.0301e-08,-0.26012120000000005
1.0303e-08,-0.2617653
1.0305e-08,-0.26337619999999995
1.0307e-08,-0.2649545
1.0309e-08,-0.2665006
1.0311e-08,-0.26801509999999995
1.0313e-08,-0.2694984
1.0315e-08,-0.27095119999999995
1.0317e-08,-0.2723738
1.0319e-08,-0.27376670000000003
1.0321e-08,-0.27513030000000005
1.0323e-08,-0.2764653
1.0325e-08,-0.27777209999999997
1.0327e-08,-0.27905100000000005
1.0329e-08,-0.28030260000000007
1.0331e-08,-0.2815274
1.0333e-08,-0.28272569999999997
1.0335e-08,-0.28389809999999993
1.0337e-08,-0.28504490000000005
1.0339e-08,-0.28616659999999994
1.0341e-08,-0.28726359999999995
1.0343e-08,-0.28833640000000005
1.0345e-08,-0.28938529999999996
1.0347e-08,-0.2904107
1.0349e-08,-0.29141320000000004
1.0351e-08,-0.29239289999999996
1.0353e-08,-0.29335050000000007
1.0355e-08,-0.29428620000000005
1.0357e-08,-0.2952005000000001
1.0359e-08,-0.2960937
1.0361e-08,-0.2969661
1.0363e-08,-0.2978183
1.0365e-08,-0.29865050000000004
1.0367e-08,-0.29946300000000003
1.0369e-08,-0.3002562999999999
1.0371e-08,-0.3010303999999999
1.0373e-08,-0.3017862
1.0375e-08,-0.302524
1.0377e-08,-0.3032439
1.0379e-08,-0.3039460999999999
1.0381e-08,-0.3046308000000001
1.0383e-08,-0.30529910000000005
1.0385e-08,-0.30595020000000006
1.0387e-08,-0.3065852000000001
1.0389e-08,-0.3072043000000001
1.0391e-08,-0.30780760000000007
1.0393e-08,-0.30839530000000004
1.0395e-08,-0.3089685999999999
1.0397e-08,-0.30952650000000015
1.03985e-08,-0.3099356999999999
1.04e-08,-0.3103368999999999
1.04002e-08,-0.31038999999999994
1.04006e-08,-0.31049499999999997
1.04014e-08,-0.31070429999999993
1.0403e-08,-0.3111146
1.0405e-08,-0.31161649999999996
1.0407e-08,-0.3121049
1.0409e-08,-0.3125797000000001
1.0411e-08,-0.3130420999999999
1.0413e-08,-0.3134912999999999
1.0415e-08,-0.3139283999999999
1.0417e-08,-0.3143534
1.0419e-08,-0.31476649999999995
1.0421e-08,-0.31516790000000006
1.0423e-08,-0.3155576000000001
1.0425e-08,-0.31593670000000007
1.0427e-08,-0.31630440000000004
1.0429e-08,-0.31666079999999996
1.0431e-08,-0.3170069999999999
1.0433e-08,-0.31734299999999993
1.0435e-08,-0.3176690999999999
1.0437e-08,-0.31798530000000014
1.0439e-08,-0.3182916
1.0441e-08,-0.31858830000000005
1.0443e-08,-0.3188753999999999
1.0445e-08,-0.3191539000000001
1.0447e-08,-0.31942310000000007
1.0449e-08,-0.3196839
1.0451e-08,-0.31993550000000004
1.0453e-08,-0.32018
1.0455e-08,-0.3204154
1.0457e-08,-0.32064289999999984
1.0459e-08,-0.32086250000000005
1.0461e-08,-0.3210742999999999
1.0463e-08,-0.3212794
1.0465e-08,-0.3214758999999999
1.0467e-08,-0.32166589999999995
1.0469e-08,-0.32184939999999984
1.0471e-08,-0.3220253999999999
1.0473e-08,-0.3221942
1.0475e-08,-0.3223578
1.0477e-08,-0.3225141
1.0479e-08,-0.32266439999999996
1.0481e-08,-0.3228086
1.0483e-08,-0.3229459
1.0485e-08,-0.32307830000000004
1.0487e-08,-0.3232048999999999
1.0489e-08,-0.3233258
1.0491e-08,-0.32344190000000006
1.0493e-08,-0.32355139999999993
1.0495e-08,-0.3236563
1.0497e-08,-0.32375680000000007
1.0499e-08,-0.3238517999999999
1.0501e-08,-0.32394139999999993
1.0503e-08,-0.32402659999999994
1.0505e-08,-0.32410759999999994
1.0507e-08,-0.3241833999999999
1.0509e-08,-0.324256
1.0511e-08,-0.3243235000000001
1.0513e-08,-0.3243868999999999
1.0515e-08,-0.32444640000000013
1.0517e-08,-0.32450180000000006
1.0519e-08,-0.3245534000000001
1.0521e-08,-0.32460109999999986
1.0523e-08,-0.3246450000000001
1.0525e-08,-0.32468509999999995
1.0527e-08,-0.3247225
1.0529e-08,-0.32475619999999994
1.0531e-08,-0.32478629999999997
1.0533e-08,-0.32481379999999993
1.0535e-08,-0.32483780000000007
1.0537e-08,-0.3248582
1.0539e-08,-0.32487620000000006
1.0541e-08,-0.3248907
1.0543e-08,-0.3249039
1.0545e-08,-0.32491269999999994
1.0547e-08,-0.3249202000000001
1.0549e-08,-0.32492450000000006
1.0551e-08,-0.3249255000000001
1.0553e-08,-0.32492520000000014
1.0555e-08,-0.3249219000000001
1.0557e-08,-0.32491729999999996
1.0559e-08,-0.3249097000000001
1.0561e-08,-0.3249000000000001
1.0563e-08,-0.3248873
1.0565e-08,-0.3248736000000001
1.0567e-08,-0.32485790000000014
1.0569e-08,-0.3248401999999999
1.0571e-08,-0.3248205999999999
1.0573e-08,-0.3247990999999999
1.0575e-08,-0.32477580000000006
1.0577e-08,-0.32475160000000014
1.0579e-08,-0.3247247
1.0581e-08,-0.32469689999999995
1.0583e-08,-0.32466740000000005
1.0585e-08,-0.3246361000000001
1.0587e-08,-0.32460319999999987
1.0589e-08,-0.32456949999999996
1.0591e-08,-0.3245341999999999
1.0593e-08,-0.3244972999999999
1.0595e-08,-0.32445979999999996
1.0597e-08,-0.32442060000000006
1.05985e-08,-0.3243908999999999
1.06e-08,-0.32436090000000006
1.06002e-08,-0.3243558000000001
1.06006e-08,-0.32434779999999996
1.06014e-08,-0.32433159999999994
1.0603e-08,-0.3242969000000001
1.0605e-08,-0.3242535999999999
1.0607e-08,-0.3242098
1.0609e-08,-0.3241645000000001
1.0611e-08,-0.3241178
1.0613e-08,-0.32407169999999996
1.0615e-08,-0.32402319999999996
1.0617e-08,-0.3239751999999999
1.0619e-08,-0.32392490000000007
1.0621e-08,-0.3238751999999999
1.0623e-08,-0.32382410000000006
1.0625e-08,-0.32377279999999997
1.0627e-08,-0.32372009999999996
1.0629e-08,-0.3236680999999999
1.0631e-08,-0.32361379999999995
1.0633e-08,-0.32356019999999996
1.0635e-08,-0.32350540000000005
1.0637e-08,-0.3234503999999999
1.0639e-08,-0.32339510000000005
1.0641e-08,-0.32333960000000006
1.0643e-08,-0.32328290000000004
1.0645e-08,-0.32322699999999993
1.0647e-08,-0.3231699000000001
1.0649e-08,-0.32311259999999997
1.0651e-08,-0.32305420000000007
1.0653e-08,-0.3229967
1.0655e-08,-0.32293800000000006
1.0657e-08,-0.32288019999999995
1.0659e-08,-0.32282120000000003
1.0661e-08,-0.3227622
1.0663e-08,-0.3227031
1.0665e-08,-0.3226439000000001
1.0667e-08,-0.3225846000000001
1.0669e-08,-0.32252519999999985
1.0671e-08,-0.3224648
1.0673e-08,-0.32240540000000006
1.0675e-08,-0.3223459000000001
1.0677e-08,-0.3222852999999999
1.0679e-08,-0.3222258
1.0681e-08,-0.32216520000000004
1.0683e-08,-0.3221056000000001
1.0685e-08,-0.32204599999999994
1.0687e-08,-0.3219854
1.0689e-08,-0.3219259
1.0691e-08,-0.3218652999999999
1.0693e-08,-0.3218057999999999
1.0695e-08,-0.32174629999999993
1.0697e-08,-0.3216858
1.0699e-08,-0.3216264000000001
1.0701e-08,-0.3215670999999999
1.0703e-08,-0.32150769999999995
1.0705e-08,-0.3214484999999999
1.0707e-08,-0.3213893
1.0709e-08,-0.3213302
1.0711e-08,-0.32127110000000003
1.0713e-08,-0.3212121
1.0715e-08,-0.3211533000000001
1.0717e-08,-0.3210955
1.0719e-08,-0.32103670000000006
1.0721e-08,-0.32097909999999996
1.0723e-08,-0.3209206
1.0725e-08,-0.3208632
1.0727e-08,-0.32080589999999987
1.0729e-08,-0.3207487000000001
1.0731e-08,-0.32069159999999997
1.0733e-08,-0.3206357000000001
1.0735e-08,-0.3205789
1.0737e-08,-0.32052210000000003
1.0739e-08,-0.32046660000000005
1.0741e-08,-0.32041109999999995
1.0743e-08,-0.32035579999999997
1.0745e-08,-0.32030060000000005
1.0747e-08,-0.32024549999999996
1.0749e-08,-0.3201906
1.0751e-08,-0.3201368
1.0753e-08,-0.3200832
1.0755e-08,-0.32002869999999994
1.0757e-08,-0.3199753999999999
1.0759e-08,-0.31992219999999993
1.0761e-08,-0.3198702
1.0763e-08,-0.3198173000000001
1.0765e-08,-0.3197656
1.0767e-08,-0.3197129999999999
1.0769e-08,-0.3196616000000001
1.0771e-08,-0.31961040000000007
1.0773e-08,-0.31956030000000013
1.0775e-08,-0.3195093
1.0777e-08,-0.31945960000000007
1.0779e-08,-0.31940899999999994
1.0781e-08,-0.3193595
1.0783e-08,-0.31931030000000005
1.0785e-08,-0.31926220000000005
1.0787e-08,-0.31921319999999986
1.0789e-08,-0.3191655000000001
1.0791e-08,-0.3191168999999999
1.0793e-08,-0.31906939999999995
1.0795e-08,-0.31902320000000006
1.0797e-08,-0.3189761
1.07985e-08,-0.31894089999999997
1.08e-08,-0.31890680000000005
1.08002e-08,-0.31890150000000006
1.08006e-08,-0.31889299999999987
1.08014e-08,-0.31887390000000004
1.0803e-08,-0.3188379
1.0805e-08,-0.31879250000000015
1.0807e-08,-0.3187472
1.0809e-08,-0.31870219999999994
1.0811e-08,-0.31865829999999995
1.0813e-08,-0.31861459999999997
1.0815e-08,-0.3185711
1.0817e-08,-0.3185277000000001
1.0819e-08,-0.31848450000000006
1.0821e-08,-0.31844150000000004
1.0823e-08,-0.31839970000000006
1.0825e-08,-0.31835800000000003
1.0827e-08,-0.3183165
1.0829e-08,-0.31827519999999987
1.0831e-08,-0.31823400000000013
1.0833e-08,-0.318194
1.0835e-08,-0.3181531999999999
1.0837e-08,-0.3181136
1.0839e-08,-0.3180741
1.0841e-08,-0.31803479999999995
1.0843e-08,-0.3179966999999999
1.0845e-08,-0.3179577
1.0847e-08,-0.31791990000000003
1.0849e-08,-0.31788230000000006
1.0851e-08,-0.31784480000000004
1.0853e-08,-0.3178076000000001
1.0855e-08,-0.31777140000000004
1.0857e-08,-0.31773450000000003
1.0859e-08,-0.3176986999999999
1.0861e-08,-0.3176631000000001
1.0863e-08,-0.3176276
1.0865e-08,-0.31759229999999994
1.0867e-08,-0.3175582
1.0869e-08,-0.3175231999999999
1.0871e-08,-0.31748940000000003
1.0873e-08,-0.3174557000000001
1.0875e-08,-0.3174221999999999
1.0877e-08,-0.3173889
1.0879e-08,-0.31735669999999994
1.0881e-08,-0.3173237
1.0883e-08,-0.3172918
1.0885e-08,-0.31726010000000004
1.0887e-08,-0.31722859999999997
1.0889e-08,-0.31719719999999996
1.0891e-08,-0.3171659
1.0893e-08,-0.3171358000000001
1.0895e-08,-0.31710589999999994
1.0897e-08,-0.31707509999999994
1.0899e-08,-0.31704540000000003
1.0901e-08,-0.31701689999999993
1.0903e-08,-0.31698760000000004
1.0905e-08,-0.3169584
1.0907e-08,-0.3169303
1.0909e-08,-0.31690240000000003
1.0911e-08,-0.31687359999999987
1.0913e-08,-0.3168470000000001
1.0915e-08,-0.3168194999999999
1.0917e-08,-0.31679219999999997
1.0919e-08,-0.31676499999999996
1.0921e-08,-0.31673889999999993
1.0923e-08,-0.3167129999999999
1.0925e-08,-0.31668720000000006
1.0927e-08,-0.31666150000000004
1.0929e-08,-0.31663600000000003
1.0931e-08,-0.31661059999999996
1.0933e-08,-0.3165863000000001
1.0935e-08,-0.3165612
1.0937e-08,-0.31653719999999996
1.0939e-08,-0.3165133
1.0941e-08,-0.31648960000000015
1.0943e-08,-0.316466
1.0945e-08,-0.31644250000000007
1.0947e-08,-0.31641909999999995
1.0949e-08,-0.3163969
1.0951e-08,-0.31637380000000004
1.0953e-08,-0.31635180000000007
1.0955e-08,-0.31632990000000016
1.0957e-08,-0.31630819999999993
1.0959e-08,-0.3162864999999999
1.0961e-08,-0.3162649999999999
1.0963e-08,-0.3162446000000001
1.0965e-08,-0.31622340000000015
1.0967e-08,-0.3162032
1.0969e-08,-0.3161822000000001
1.0971e-08,-0.31616219999999995
1.0973e-08,-0.31614239999999993
1.0975e-08,-0.3161227000000001
1.0977e-08,-0.31610309999999997
1.0979e-08,-0.31608460000000005
1.0981e-08,-0.31606520000000005
1.0983e-08,-0.31604690000000013
1.0985e-08,-0.3160278000000001
1.0987e-08,-0.31600969999999984
1.0989e-08,-0.3159917
1.0991e-08,-0.31597390000000003
1.0993e-08,-0.31595609999999985
1.0995e-08,-0.3159385
1.0997e-08,-0.31592090000000006
1.09985e-08,-0.31590759999999996
1.1e-08,-0.3159069
1.10002e-08,-0.3159090000000001
1.10006e-08,-0.3159149000000001
1.10014e-08,-0.31593530000000003
1.1003e-08,-0.31599200000000005
1.1005e-08,-0.31605550000000004
1.1007e-08,-0.3160643000000001
1.1009e-08,-0.31597639999999994
1.1011e-08,-0.31576039999999994
1.1013e-08,-0.31538869999999997
1.1015e-08,-0.31484069999999986
1.1017e-08,-0.3141026
1.1019e-08,-0.31316330000000003
1.1021e-08,-0.312013
1.1023e-08,-0.31064650000000005
1.1025e-08,-0.30906219999999995
1.1027e-08,-0.30725860000000016
1.1029e-08,-0.3052355
1.1031e-08,-0.30299449999999994
1.1033e-08,-0.3005405
1.1035e-08,-0.297875
1.1037e-08,-0.2950039
1.1039e-08,-0.2919319
1.1041e-08,-0.2886647
1.1043e-08,-0.2852085
1.1045e-08,-0.2815696000000001
1.1047e-08,-0.2777545
1.1049e-08,-0.2737699
1.1051e-08,-0.2696229
1.1053e-08,-0.2653202
1.1055e-08,-0.260869
1.1057e-08,-0.25627619999999995
1.1059e-08,-0.2515488
1.1061e-08,-0.24669370000000002
1.1063e-08,-0.24171779999999998
1.1065e-08,-0.23662799999999995
1.1067e-08,-0.23143079999999994
1.1069e-08,-0.22613309999999998
1.1071e-08,-0.22074130000000003
1.1073e-08,-0.2152617
1.1075e-08,-0.20970060000000001
1.1077e-08,-0.20406410000000008
1.1079e-08,-0.1983583
1.1081e-08,-0.19258890000000006
1.1083e-08,-0.18676159999999997
1.1085e-08,-0.18088210000000005
1.1087e-08,-0.17495569999999994
1.1089e-08,-0.16898760000000002
1.1091e-08,-0.162983
1.1093e-08,-0.15694660000000005
1.1095e-08,-0.1508836
1.1097e-08,-0.1447982000000001
1.1099e-08,-0.13869529999999997
1.1101e-08,-0.13257890000000006
1.1103e-08,-0.1264533
1.1105e-08,-0.12032260000000006
1.1107e-08,-0.11419049999999997
1.1109e-08,-0.10806099999999996
1.1111e-08,-0.10193739999999996
1.1113e-08,-0.09582330000000006
1.1115e-08,-0.08972200000000008
1.1117e-08,-0.08363659999999995
1.1119e-08,-0.07757020000000003
1.1121e-08,-0.07152570000000003
1.1123e-08,-0.06550579999999995
1.1125e-08,-0.059513100000000096
1.1127e-08,-0.05355019999999999
1.1129e-08,-0.04761950000000004
1.1131e-08,-0.04172310000000001
1.1133e-08,-0.03586339999999999
1.1135e-08,-0.03004220000000002
1.1137e-08,-0.024261499999999936
1.1139e-08,-0.018523200000000073
1.1141e-08,-0.012828799999999974
1.1143e-08,-0.007180000000000075
1.1145e-08,-0.0015783000000000325
1.1147e-08,0.003974900000000003
1.1149e-08,0.00947830000000005
1.1151e-08,0.014930699999999963
1.1153e-08,0.02033089999999993
1.1155e-08,0.02567799999999998
1.1157e-08,0.030970900000000023
1.1159e-08,0.03620879999999993
1.1161e-08,0.04139080000000006
1.1163e-08,0.046516300000000066
1.1165e-08,0.05158460000000009
1.1167e-08,0.05659510000000001
1.1169e-08,0.06154740000000003
1.1171e-08,0.06644089999999991
1.1173e-08,0.07127519999999998
1.1175e-08,0.07604999999999995
1.1177e-08,0.08076499999999998
1.1179e-08,0.08541999999999994
1.1181e-08,0.09001479999999995
1.1183e-08,0.09454929999999995
1.1185e-08,0.09902339999999998
1.1187e-08,0.10343710000000006
1.1189e-08,0.1077903
1.1191e-08,0.11208309999999999
1.1193e-08,0.11631569999999991
1.1195e-08,0.12048800000000004
1.1197e-08,0.1246003
1.11985e-08,0.1276451999999999
1.12e-08,0.13065649999999995
1.12002e-08,0.1310559
1.12006e-08,0.13185560000000007
1.12014e-08,0.1334588
1.1203e-08,0.13666429999999996
1.1205e-08,0.1406267
1.1207e-08,0.14448819999999996
1.1209e-08,0.1482017
1.1211e-08,0.1517295999999999
1.1213e-08,0.15504269999999998
1.1215e-08,0.15811869999999995
1.1217e-08,0.16094050000000004
1.1219e-08,0.16349599999999997
1.1221e-08,0.16577699999999995
1.1223e-08,0.1677784
1.1225e-08,0.16949789999999998
1.1227e-08,0.1709353
1.1229e-08,0.17209229999999998
1.1231e-08,0.17297209999999996
1.1233e-08,0.17357920000000004
1.1235e-08,0.1739185000000001
1.1237e-08,0.1739965
1.1239e-08,0.17381970000000002
1.1241e-08,0.17339530000000003
1.1243e-08,0.17273099999999997
1.1245e-08,0.1718343
1.1247e-08,0.17071329999999996
1.1249e-08,0.16937610000000003
1.1251e-08,0.16783079999999995
1.1253e-08,0.16608539999999994
1.1255e-08,0.16414820000000008
1.1257e-08,0.16202720000000004
1.1259e-08,0.15973019999999993
1.1261e-08,0.15726530000000005
1.1263e-08,0.15464
1.1265e-08,0.1518619
1.1267e-08,0.14893840000000003
1.1269e-08,0.14587689999999998
1.1271e-08,0.1426843
1.1273e-08,0.13936780000000004
1.1275e-08,0.13593390000000005
1.1277e-08,0.1323894
1.1279e-08,0.12874070000000004
1.1281e-08,0.12499389999999999
1.1283e-08,0.12115509999999996
1.1285e-08,0.11723030000000001
1.1287e-08,0.11322509999999997
1.1289e-08,0.10914520000000005
1.1291e-08,0.10499579999999997
1.1293e-08,0.1007823000000001
1.1295e-08,0.09650959999999997
1.1297e-08,0.09218269999999995
1.1299e-08,0.0878063
1.1301e-08,0.08338480000000004
1.1303e-08,0.07892289999999991
1.1305e-08,0.07442470000000001
1.1307e-08,0.06989429999999996
1.1309e-08,0.06533579999999994
1.1311e-08,0.06075279999999994
1.1313e-08,0.05614920000000001
1.1315e-08,0.05152849999999998
1.1317e-08,0.0468940000000001
1.1319e-08,0.04224910000000004
1.1321e-08,0.037596799999999986
1.1323e-08,0.03294039999999998
1.1325e-08,0.028282599999999936
1.1327e-08,0.02362620000000004
1.1329e-08,0.01897379999999993
1.1331e-08,0.014328200000000013
1.1333e-08,0.009691499999999964
1.1335e-08,0.005066300000000079
1.1337e-08,0.0004547000000000301
1.1339e-08,-0.004141100000000009
1.1341e-08,-0.008719200000000038
1.1343e-08,-0.013277499999999942
1.1345e-08,-0.017814400000000008
1.1347e-08,-0.022328100000000073
1.1349e-08,-0.026816900000000032
1.1351e-08,-0.03127919999999995
1.1353e-08,-0.03571360000000001
1.1355e-08,-0.04011869999999995
1.1357e-08,-0.04449320000000001
1.1359e-08,-0.04883590000000004
1.1361e-08,-0.05314549999999996
1.1363e-08,-0.057420999999999944
1.1365e-08,-0.061661500000000036
1.1367e-08,-0.06586590000000003
1.1369e-08,-0.07003339999999991
1.1371e-08,-0.07416310000000004
1.1373e-08,-0.07825419999999994
1.1375e-08,-0.08230609999999994
1.1377e-08,-0.08631820000000001
1.1379e-08,-0.09028979999999998
1.1381e-08,-0.09422050000000004
1.1383e-08,-0.09810960000000002
1.1385e-08,-0.1019566999999999
1.1387e-08,-0.10576160000000001
1.1389e-08,-0.10952390000000001
1.1391e-08,-0.1132430000000001
1.1393e-08,-0.11691910000000005
1.1395e-08,-0.12055159999999998
1.1397e-08,-0.12414040000000004
1.13985e-08,-0.1268032
1.14e-08,-0.1294531
1.14002e-08,-0.1298066
1.14006e-08,-0.13051460000000004
1.14014e-08,-0.13193309999999991
1.1403e-08,-0.13476359999999998
1.1405e-08,-0.13825090000000007
1.1407e-08,-0.14163330000000007
1.1409e-08,-0.14486680000000007
1.1411e-08,-0.14791680000000007
1.1413e-08,-0.1507558
1.1415e-08,-0.1533633000000001
1.1417e-08,-0.15572359999999996
1.1419e-08,-0.15782580000000002
1.1421e-08,-0.15966229999999992
1.1423e-08,-0.16122879999999995
1.1425e-08,-0.16252350000000004
1.1427e-08,-0.16354669999999993
1.1429e-08,-0.16430029999999995
1.1431e-08,-0.16478760000000003
1.1433e-08,-0.16501319999999997
1.1435e-08,-0.16498239999999997
1.1437e-08,-0.16470150000000006
1.1439e-08,-0.16417709999999996
1.1441e-08,-0.16341629999999996
1.1443e-08,-0.16242659999999998
1.1445e-08,-0.16121569999999996
1.1447e-08,-0.15979140000000003
1.1449e-08,-0.15816189999999997
1.1451e-08,-0.156335
1.1453e-08,-0.1543188000000001
1.1455e-08,-0.1521211
1.1457e-08,-0.14975000000000005
1.1459e-08,-0.1472133
1.1461e-08,-0.14451859999999994
1.1463e-08,-0.14167340000000006
1.1465e-08,-0.13868519999999995
1.1467e-08,-0.13556140000000005
1.1469e-08,-0.13230890000000006
1.1471e-08,-0.12893480000000002
1.1473e-08,-0.12544580000000005
1.1475e-08,-0.12184850000000003
1.1477e-08,-0.11814940000000007
1.1479e-08,-0.11435469999999992
1.1481e-08,-0.11047050000000003
1.1483e-08,-0.10650280000000001
1.1485e-08,-0.10245719999999992
1.1487e-08,-0.09833919999999996
1.1489e-08,-0.09415449999999992
1.1491e-08,-0.08990789999999993
1.1493e-08,-0.08560480000000004
1.1495e-08,-0.08124989999999999
1.1497e-08,-0.07684790000000008
1.1499e-08,-0.07240360000000001
1.1501e-08,-0.06792110000000007
1.1503e-08,-0.06340479999999993
1.1505e-08,-0.05885890000000005
1.1507e-08,-0.05428710000000003
1.1509e-08,-0.0496934
1.1511e-08,-0.04508140000000005
1.1513e-08,-0.04045460000000001
1.1515e-08,-0.03581650000000003
1.1517e-08,-0.03117010000000009
1.1519e-08,-0.026518799999999954
1.1521e-08,-0.021865400000000035
1.1523e-08,-0.017212899999999975
1.1525e-08,-0.012563999999999909
1.1527e-08,-0.007921400000000078
1.1529e-08,-0.003287299999999993
1.1531e-08,0.001335500000000045
1.1533e-08,0.005944999999999978
1.1535e-08,0.010538900000000018
1.1537e-08,0.015115100000000048
1.1539e-08,0.01967169999999996
1.1541e-08,0.024206700000000025
1.1543e-08,0.028718599999999928
1.1545e-08,0.03320540000000005
1.1547e-08,0.03766550000000002
1.1549e-08,0.042097699999999905
1.1551e-08,0.04650029999999994
1.1553e-08,0.05087210000000009
1.1555e-08,0.055211699999999975
1.1557e-08,0.05951799999999996
1.1559e-08,0.06378990000000007
1.1561e-08,0.06802649999999999
1.1563e-08,0.07222640000000002
1.1565e-08,0.07638909999999999
1.1567e-08,0.08051359999999996
1.1569e-08,0.08459919999999999
1.1571e-08,0.08864519999999998
1.1573e-08,0.09265069999999997
1.1575e-08,0.0966153999999999
1.1577e-08,0.10053860000000003
1.1579e-08,0.10441980000000006
1.1581e-08,0.10825850000000004
1.1583e-08,0.11205449999999995
1.1585e-08,0.11580729999999995
1.1587e-08,0.11951659999999997
1.1589e-08,0.12318220000000002
1.1591e-08,0.12680380000000002
1.1593e-08,0.13038100000000008
1.1595e-08,0.13391410000000004
1.1597e-08,0.13740280000000005
1.15985e-08,0.13999000000000006
1.16e-08,0.14255210000000007
1.16002e-08,0.1428916
1.16006e-08,0.14356959999999996
1.16014e-08,0.1449205
1.1603e-08,0.14760070000000003
1.1605e-08,0.15091100000000002
1.1607e-08,0.15417670000000006
1.1609e-08,0.15739789999999998
1.1611e-08,0.16057469999999996
1.1613e-08,0.16370720000000005
1.1615e-08,0.16679549999999999
1.1617e-08,0.16983979999999999
1.1619e-08,0.17284030000000006
1.1621e-08,0.17579710000000004
1.1623e-08,0.1787105
1.1625e-08,0.1815806000000001
1.1627e-08,0.1844078
1.1629e-08,0.18719219999999992
1.1631e-08,0.1899343
1.1633e-08,0.19263419999999998
1.1635e-08,0.19529220000000003
1.1637e-08,0.19790869999999994
1.1639e-08,0.20048410000000005
1.1641e-08,0.2030185
1.1643e-08,0.20551240000000004
1.1645e-08,0.20796599999999998
1.1647e-08,0.21037990000000006
1.1649e-08,0.21275429999999995
1.1651e-08,0.2150896
1.1653e-08,0.21738619999999997
1.1655e-08,0.21964450000000002
1.1657e-08,0.22186490000000003
1.1659e-08,0.22404769999999996
1.1661e-08,0.22619330000000004
1.1663e-08,0.22830230000000007
1.1665e-08,0.23037489999999994
1.1667e-08,0.23241159999999994
1.1669e-08,0.23441279999999998
1.1671e-08,0.23637889999999995
1.1673e-08,0.23831029999999997
1.1675e-08,0.24020750000000002
1.1677e-08,0.24207069999999997
1.1679e-08,0.24390050000000008
1.1681e-08,0.24569739999999995
1.1683e-08,0.2474615
1.1685e-08,0.24919360000000002
1.1687e-08,0.2508939
1.1689e-08,0.25256290000000003
1.1691e-08,0.25420089999999995
1.1693e-08,0.25580840000000005
1.1695e-08,0.2573858
1.1697e-08,0.2589336000000001
1.1699e-08,0.26045189999999996
1.1701e-08,0.26194149999999994
1.1703e-08,0.26340260000000004
1.1705e-08,0.26483560000000006
1.1707e-08,0.26624100000000006
1.1709e-08,0.2676191
1.1711e-08,0.2689703
1.1713e-08,0.2702951
1.1715e-08,0.2715938
1.1717e-08,0.27286679999999996
1.1719e-08,0.2741144
1.1721e-08,0.27533719999999995
1.1723e-08,0.27653529999999993
1.1725e-08,0.2777094000000001
1.1727e-08,0.2788596
1.1729e-08,0.2799865
1.1731e-08,0.28109020000000007
1.1733e-08,0.28217120000000007
1.1735e-08,0.28322990000000003
1.1737e-08,0.2842665000000001
1.1739e-08,0.2852816
1.1741e-08,0.2862753
1.1743e-08,0.2872481
1.1745e-08,0.28820029999999996
1.1747e-08,0.28913219999999995
1.1749e-08,0.2900440999999999
1.1751e-08,0.2909364
1.1753e-08,0.2918096
1.1755e-08,0.29266369999999997
1.1757e-08,0.2934991
1.1759e-08,0.29431609999999997
1.1761e-08,0.2951151999999999
1.1763e-08,0.29589659999999995
1.1765e-08,0.29666059999999994
1.1767e-08,0.2974074
1.1769e-08,0.2981374
1.1771e-08,0.29885090000000003
1.1773e-08,0.29954800000000004
1.1775e-08,0.3002294
1.1777e-08,0.30089469999999996
1.1779e-08,0.30154460000000005
1.1781e-08,0.30218
1.1783e-08,0.30280000000000007
1.1785e-08,0.30340579999999995
1.1787e-08,0.3039974
1.1789e-08,0.30457410000000007
1.1791e-08,0.3051379999999999
1.1793e-08,0.3056871
1.1795e-08,0.30622359999999993
1.1797e-08,0.3067466
1.17985e-08,0.3071307
1.18e-08,0.3075082
1.18002e-08,0.3075578
1.18006e-08,0.30765680000000006
1.18014e-08,0.3078530999999999
1.1803e-08,0.30824090000000004
1.1805e-08,0.3087141000000001
1.1807e-08,0.30917550000000005
1.1809e-08,0.3096251
1.1811e-08,0.310064
1.1813e-08,0.3104903
1.1815e-08,0.3109061000000001
1.1817e-08,0.31131160000000013
1.1819e-08,0.3117057999999999
1.1821e-08,0.3120898999999999
1.1823e-08,0.3124638999999999
1.1825e-08,0.31282789999999994
1.1827e-08,0.3131821
1.1829e-08,0.31352649999999993
1.1831e-08,0.31386120000000006
1.1833e-08,0.3141864000000001
1.1835e-08,0.3145030000000001
1.1837e-08,0.31481120000000007
1.1839e-08,0.3151102000000001
1.1841e-08,0.31539990000000007
1.1843e-08,0.31568240000000003
1.1845e-08,0.31595590000000007
1.1847e-08,0.3162213999999999
1.1849e-08,0.31648010000000004
1.1851e-08,0.3167299000000001
1.1853e-08,0.3169729
1.1855e-08,0.31720729999999997
1.1857e-08,0.3174361
1.1859e-08,0.31765639999999995
1.1861e-08,0.31787029999999994
1.1863e-08,0.31807779999999997
1.1865e-08,0.31827799999999995
1.1867e-08,0.3184720000000001
1.1869e-08,0.31865980000000005
1.1871e-08,0.3188405000000001
1.1873e-08,0.3190162000000001
1.1875e-08,0.31918499999999994
1.1877e-08,0.31934779999999985
1.1879e-08,0.3195059
1.1881e-08,0.31965810000000006
1.1883e-08,0.3198046
1.1885e-08,0.3199454999999999
1.1887e-08,0.32008179999999997
1.1889e-08,0.32021259999999996
1.1891e-08,0.32033790000000006
1.1893e-08,0.3204587
1.1895e-08,0.32057519999999995
1.1897e-08,0.32068640000000004
1.1899e-08,0.3207934
1.1901e-08,0.3208951
1.1903e-08,0.3209935999999999
1.1905e-08,0.32108710000000007
1.1907e-08,0.3211763999999999
1.1909e-08,0.32126179999999993
1.1911e-08,0.32134320000000005
1.1913e-08,0.3214216999999999
1.1915e-08,0.32149530000000004
1.1917e-08,0.32156510000000005
1.1919e-08,0.3216321000000001
1.1921e-08,0.32169439999999994
1.1923e-08,0.321754
1.1925e-08,0.3218109
1.1927e-08,0.32186310000000007
1.1929e-08,0.32191290000000006
1.1931e-08,0.32196
1.1933e-08,0.3220037
1.1935e-08,0.32204389999999994
1.1937e-08,0.3220816999999999
1.1939e-08,0.32211710000000005
1.1941e-08,0.32214909999999997
1.1943e-08,0.3221788000000001
1.1945e-08,0.3222052999999999
1.1947e-08,0.32222950000000006
1.1949e-08,0.3222514000000001
1.1951e-08,0.3222712000000001
1.1953e-08,0.32228880000000004
1.1955e-08,0.32230329999999985
1.1957e-08,0.3223167
1.1959e-08,0.3223271
1.1961e-08,0.32233539999999994
1.1963e-08,0.32234170000000006
1.1965e-08,0.3223459999999999
1.1967e-08,0.3223484000000001
1.1969e-08,0.3223498
1.1971e-08,0.3223484000000001
1.1973e-08,0.322345
1.1975e-08,0.32234089999999993
1.1977e-08,0.3223349
1.1979e-08,0.32232609999999995
1.1981e-08,0.32231750000000003
1.1983e-08,0.3223061999999999
1.1985e-08,0.32229320000000006
1.1987e-08,0.3222793999999999
1.1989e-08,0.322265
1.1991e-08,0.3222478999999999
1.1993e-08,0.3222302
1.1995e-08,0.3222107999999999
1.1997e-08,0.32219090000000006
1.19985e-08,0.3221750000000001
1.2e-08,0.32215779999999994
1.20002e-08,0.32215570000000004
1.20006e-08,0.3221505
1.20014e-08,0.32214189999999987
1.2003e-08,0.32212260000000004
1.2005e-08,0.3220974000000001
1.2007e-08,0.32207169999999996
1.2009e-08,0.3220446
1.2011e-08,0.32201690000000005
1.2013e-08,0.32198879999999985
1.2015e-08,0.32195930000000006
1.2017e-08,0.32192830000000006
1.2019e-08,0.321897
1.2021e-08,0.32186519999999996
1.2023e-08,0.32183210000000007
1.2025e-08,0.32179860000000016
1.2027e-08,0.3217646999999999
1.2029e-08,0.32172960000000006
1.2031e-08,0.3216941
1.2033e-08,0.3216572000000001
1.2035e-08,0.3216211
1.2037e-08,0.3215838
1.2039e-08,0.32154510000000003
1.2041e-08,0.3215072000000001
1.2043e-08,0.321468
1.2045e-08,0.3214287
1.2047e-08,0.3213889999999999
1.2049e-08,0.3213482000000001
1.2051e-08,0.32130819999999993
1.2053e-08,0.32126699999999986
1.2055e-08,0.3212256000000001
1.2057e-08,0.321184
1.2059e-08,0.3211413000000001
1.2061e-08,0.32109940000000003
1.2063e-08,0.3210564
1.2065e-08,0.32101330000000006
1.2067e-08,0.3209700000000001
1.2069e-08,0.32092659999999995
1.2071e-08,0.3208831
1.2073e-08,0.3208396
1.2075e-08,0.3207959
1.2077e-08,0.32075109999999996
1.2079e-08,0.3207072999999999
1.2081e-08,0.3206624
1.2083e-08,0.3206184000000001
1.2085e-08,0.3205734
1.2087e-08,0.3205283000000001
1.2089e-08,0.3204841999999999
1.2091e-08,0.3204391
1.2093e-08,0.3203938999999999
1.2095e-08,0.32034870000000004
1.2097e-08,0.32030349999999996
1.2099e-08,0.3202583
1.2101e-08,0.3202130999999999
1.2103e-08,0.3201687999999999
1.2105e-08,0.32012360000000006
1.2107e-08,0.3200784
1.2109e-08,0.32003320000000013
1.2111e-08,0.3199881
1.2113e-08,0.31994390000000006
1.2115e-08,0.3198987999999999
1.2117e-08,0.3198537
1.2119e-08,0.31980869999999995
1.2121e-08,0.3197647
1.2123e-08,0.31971970000000005
1.2125e-08,0.31967580000000007
1.2127e-08,0.319631
1.2129e-08,0.31958720000000007
1.2131e-08,0.3195435000000001
1.2133e-08,0.31949879999999997
1.2135e-08,0.31945520000000005
1.2137e-08,0.3194117000000001
1.2139e-08,0.3193682000000001
1.2141e-08,0.3193248000000001
1.2143e-08,0.3192814999999999
1.2145e-08,0.3192383
1.2147e-08,0.3191952
1.2149e-08,0.31915309999999997
1.2151e-08,0.3191102
1.2153e-08,0.31906829999999986
1.2155e-08,0.3190265000000001
1.2157e-08,0.3189838999999999
1.2159e-08,0.3189423000000001
1.2161e-08,0.3189008
1.2163e-08,0.3188594
1.2165e-08,0.31881819999999994
1.2167e-08,0.318778
1.2169e-08,0.31873699999999994
1.2171e-08,0.318697
1.2173e-08,0.31865620000000006
1.2175e-08,0.31861640000000013
1.2177e-08,0.3185768
1.2179e-08,0.3185373
1.2181e-08,0.31849799999999995
1.2183e-08,0.3184587
1.2185e-08,0.31841949999999986
1.2187e-08,0.3183814999999999
1.2189e-08,0.31834359999999995
1.2191e-08,0.31830479999999994
1.2193e-08,0.3182672
1.2195e-08,0.3182296
1.2197e-08,0.31819220000000004
1.21985e-08,0.3181645000000001
1.22e-08,0.3181368000000001
1.22002e-08,0.31813439999999993
1.22006e-08,0.31813049999999987
1.22014e-08,0.31813310000000006
1.2203e-08,0.3181682
1.2205e-08,0.31822320000000004
1.2207e-08,0.31824149999999995
1.2209e-08,0.3181779
1.2211e-08,0.3179961000000001
1.2213e-08,0.3176684000000001
1.2215e-08,0.31717229999999996
1.2217e-08,0.3164899000000001
1.2219e-08,0.3156096999999999
1.2221e-08,0.31452239999999987
1.2223e-08,0.3132214
1.2225e-08,0.31170280000000006
1.2227e-08,0.3099647000000001
1.2229e-08,0.3080069
1.2231e-08,0.30583269999999996
1.2233e-08,0.3034417999999999
1.2235e-08,0.3008394
1.2237e-08,0.29802990000000007
1.2239e-08,0.2950174
1.2241e-08,0.29180779999999995
1.2243e-08,0.2884069
1.2245e-08,0.284821
1.2247e-08,0.28105650000000004
1.2249e-08,0.27712020000000004
1.2251e-08,0.2730188
1.2253e-08,0.2687592000000001
1.2255e-08,0.26434859999999993
1.2257e-08,0.2597936999999999
1.2259e-08,0.2551015
1.2261e-08,0.25027920000000003
1.2263e-08,0.24533349999999998
1.2265e-08,0.24027130000000008
1.2267e-08,0.2350993
1.2269e-08,0.22982409999999998
1.2271e-08,0.2244524
1.2273e-08,0.21899060000000004
1.2275e-08,0.21344490000000005
1.2277e-08,0.2078215
1.2279e-08,0.20212640000000004
1.2281e-08,0.19636569999999998
1.2283e-08,0.19054490000000002
1.2285e-08,0.1846696000000001
1.2287e-08,0.17874539999999994
1.2289e-08,0.1727776000000001
1.2291e-08,0.16677129999999996
1.2293e-08,0.16073159999999997
1.2295e-08,0.1546632
1.2297e-08,0.14857089999999995
1.2299e-08,0.14245910000000006
1.2301e-08,0.13633240000000002
1.2303e-08,0.1301949
1.2305e-08,0.12405080000000002
1.2307e-08,0.1179038
1.2309e-08,0.11175800000000002
1.2311e-08,0.10561679999999996
1.2313e-08,0.09948389999999996
1.2315e-08,0.09336250000000001
1.2317e-08,0.08725590000000005
1.2319e-08,0.08116730000000005
1.2321e-08,0.07509929999999998
1.2323e-08,0.06905519999999998
1.2325e-08,0.06303720000000002
1.2327e-08,0.05704819999999999
1.2329e-08,0.05109049999999993
1.2331e-08,0.04516640000000005
1.2333e-08,0.03927820000000004
1.2335e-08,0.03342769999999995
1.2337e-08,0.027617299999999956
1.2339e-08,0.02184850000000005
1.2341e-08,0.016123099999999946
1.2343e-08,0.010442799999999974
1.2345e-08,0.004809299999999905
1.2347e-08,-0.000776299999999952
1.2349e-08,-0.006312399999999996
1.2351e-08,-0.011797899999999917
1.2353e-08,-0.017231500000000066
1.2355e-08,-0.02261229999999992
1.2357e-08,-0.027939199999999942
1.2359e-08,-0.03321109999999994
1.2361e-08,-0.038427600000000006
1.2363e-08,-0.04358770000000001
1.2365e-08,-0.04869060000000003
1.2367e-08,-0.0537358
1.2369e-08,-0.05872290000000002
1.2371e-08,-0.06365120000000002
1.2373e-08,-0.06852029999999998
1.2375e-08,-0.07333
1.2377e-08,-0.07807989999999998
1.2379e-08,-0.08276970000000006
1.2381e-08,-0.08739929999999996
1.2383e-08,-0.09196839999999995
1.2385e-08,-0.09647709999999998
1.2387e-08,-0.10092519999999994
1.2389e-08,-0.10531270000000004
1.2391e-08,-0.10963979999999995
1.2393e-08,-0.11390630000000002
1.2395e-08,-0.1181123999999999
1.2397e-08,-0.12225839999999999
1.23985e-08,-0.1253284
1.24e-08,-0.12836460000000005
1.24002e-08,-0.1287667
1.24006e-08,-0.12956940000000006
1.24014e-08,-0.1311679
1.2403e-08,-0.13433629999999996
1.2405e-08,-0.13824329999999996
1.2407e-08,-0.14209139999999998
1.2409e-08,-0.14588069999999997
1.2411e-08,-0.14961170000000001
1.2413e-08,-0.15328470000000005
1.2415e-08,-0.15689989999999998
1.2417e-08,-0.160458
1.2419e-08,-0.16395919999999997
1.2421e-08,-0.16740409999999994
1.2423e-08,-0.17079289999999991
1.2425e-08,-0.17412640000000001
1.2427e-08,-0.17740500000000003
1.2429e-08,-0.18062900000000004
1.2431e-08,-0.18379900000000005
1.2433e-08,-0.1869155
1.2435e-08,-0.18997920000000001
1.2437e-08,-0.1929904
1.2439e-08,-0.1959499
1.2441e-08,-0.19885790000000003
1.2443e-08,-0.20171530000000004
1.2445e-08,-0.20452249999999994
1.2447e-08,-0.20728009999999997
1.2449e-08,-0.20998860000000008
1.2451e-08,-0.21264879999999997
1.2453e-08,-0.21526089999999998
1.2455e-08,-0.21782579999999996
1.2457e-08,-0.22034399999999998
1.2459e-08,-0.22281609999999996
1.2461e-08,-0.22524260000000007
1.2463e-08,-0.22762419999999994
1.2465e-08,-0.22996139999999998
1.2467e-08,-0.2322548000000001
1.2469e-08,-0.23450510000000002
1.2471e-08,-0.2367127
1.2473e-08,-0.2388783
1.2475e-08,-0.2410025
1.2477e-08,-0.24308580000000002
1.2479e-08,-0.2451287000000001
1.2481e-08,-0.24713200000000002
1.2483e-08,-0.2490962
1.2485e-08,-0.2510216999999999
1.2487e-08,-0.2529093
1.2489e-08,-0.25475939999999997
1.2491e-08,-0.25657260000000004
1.2493e-08,-0.25834940000000006
1.2495e-08,-0.2600905
1.2497e-08,-0.2617963
1.2499e-08,-0.26346749999999997
1.2501e-08,-0.26510449999999997
1.2503e-08,-0.26670779999999994
1.2505e-08,-0.2682779999999999
1.2507e-08,-0.2698157
1.2509e-08,-0.2713213000000001
1.2511e-08,-0.27279529999999996
1.2513e-08,-0.27423829999999993
1.2515e-08,-0.2756507
1.2517e-08,-0.2770330999999999
1.2519e-08,-0.278386
1.2521e-08,-0.27970970000000006
1.2523e-08,-0.2810049
1.2525e-08,-0.2822719
1.2527e-08,-0.2835112999999999
1.2529e-08,-0.2847234999999999
1.2531e-08,-0.2859091
1.2533e-08,-0.2870684
1.2535e-08,-0.2882017
1.2537e-08,-0.28930980000000006
1.2539e-08,-0.29039289999999995
1.2541e-08,-0.2914513999999999
1.2543e-08,-0.29248589999999997
1.2545e-08,-0.29349669999999994
1.2547e-08,-0.29448430000000003
1.2549e-08,-0.2954490000000001
1.2551e-08,-0.2963912000000001
1.2553e-08,-0.2973116
1.2555e-08,-0.2982102000000001
1.2557e-08,-0.2990874
1.2559e-08,-0.29994389999999993
1.2561e-08,-0.30077980000000004
1.2563e-08,-0.30159610000000003
1.2565e-08,-0.3023916
1.2567e-08,-0.3031684000000001
1.2569e-08,-0.30392589999999986
1.2571e-08,-0.3046651
1.2573e-08,-0.3053852
1.2575e-08,-0.30608840000000004
1.2577e-08,-0.30677279999999996
1.2579e-08,-0.3074406999999999
1.2581e-08,-0.3080912
1.2583e-08,-0.30872430000000006
1.2585e-08,-0.30934240000000013
1.2587e-08,-0.3099436
1.2589e-08,-0.3105289
1.2591e-08,-0.31109960000000003
1.2593e-08,-0.3116548
1.2595e-08,-0.3121946
1.2597e-08,-0.31272030000000006
1.25985e-08,-0.3131054
1.26e-08,-0.31348149999999986
1.26002e-08,-0.3135310000000001
1.26006e-08,-0.31362979999999996
1.26014e-08,-0.3138266999999999
1.2603e-08,-0.31421220000000005
1.2605e-08,-0.31468240000000003
1.2607e-08,-0.3151390999999999
1.2609e-08,-0.31558340000000007
1.2611e-08,-0.3160143999999999
1.2613e-08,-0.31643330000000003
1.2615e-08,-0.31684009999999996
1.2617e-08,-0.31723409999999996
1.2619e-08,-0.31761720000000004
1.2621e-08,-0.31798880000000007
1.2623e-08,-0.31834870000000004
1.2625e-08,-0.3186983000000001
1.2627e-08,-0.3190375
1.2629e-08,-0.3193656
1.2631e-08,-0.3196825
1.2633e-08,-0.3199904
1.2635e-08,-0.3202885000000001
1.2637e-08,-0.3205758000000001
1.2639e-08,-0.32085430000000004
1.2641e-08,-0.3211244000000001
1.2643e-08,-0.32138389999999994
1.2645e-08,-0.321635
1.2647e-08,-0.32187790000000005
1.2649e-08,-0.3221125
1.2651e-08,-0.322338
1.2653e-08,-0.3225555000000001
1.2655e-08,-0.3227651
1.2657e-08,-0.32296690000000006
1.2659e-08,-0.3231608
1.2661e-08,-0.3233480999999999
1.2663e-08,-0.3235279
1.2665e-08,-0.3237
1.2667e-08,-0.32386579999999987
1.2669e-08,-0.3240242
1.2671e-08,-0.3241763000000001
1.2673e-08,-0.3243212000000001
1.2675e-08,-0.324461
1.2677e-08,-0.32459380000000004
1.2679e-08,-0.32472049999999986
1.2681e-08,-0.3248413
1.2683e-08,-0.3249573
1.2685e-08,-0.3250664999999999
1.2687e-08,-0.32517090000000004
1.2689e-08,-0.32526869999999997
1.2691e-08,-0.32536300000000007
1.2693e-08,-0.3254507
1.2695e-08,-0.32553390000000004
1.2697e-08,-0.3256127000000001
1.2699e-08,-0.3256861999999999
1.2701e-08,-0.3257553999999999
1.2703e-08,-0.3258203999999999
1.2705e-08,-0.32588020000000006
1.2707e-08,-0.32593590000000006
1.2709e-08,-0.3259875000000001
1.2711e-08,-0.3260350999999999
1.2713e-08,-0.32607870000000005
1.2715e-08,-0.32611840000000003
1.2717e-08,-0.32615420000000006
1.2719e-08,-0.32618729999999996
1.2721e-08,-0.3262155
1.2723e-08,-0.32624109999999995
1.2725e-08,-0.32626299999999997
1.2727e-08,-0.32628119999999994
1.2729e-08,-0.32629589999999997
1.2731e-08,-0.32630900000000007
1.2733e-08,-0.3263176
1.2735e-08,-0.32632379999999994
1.2737e-08,-0.3263275
1.2739e-08,-0.3263279
1.2741e-08,-0.32632590000000006
1.2743e-08,-0.3263206999999999
1.2745e-08,-0.3263131
1.2747e-08,-0.3263034
1.2749e-08,-0.3262914
1.2751e-08,-0.32627629999999996
1.2753e-08,-0.32626010000000005
1.2755e-08,-0.3262408
1.2757e-08,-0.32621939999999994
1.2759e-08,-0.32619600000000004
1.2761e-08,-0.3261706
1.2763e-08,-0.3261433
1.2765e-08,-0.326114
1.2767e-08,-0.3260839000000001
1.2769e-08,-0.3260508999999999
1.2771e-08,-0.326017
1.2773e-08,-0.3259803
1.2775e-08,-0.3259428
1.2777e-08,-0.32590360000000007
1.2779e-08,-0.32586270000000006
1.2781e-08,-0.325821
1.2783e-08,-0.3257776
1.2785e-08,-0.3257325999999999
1.2787e-08,-0.32568700000000006
1.2789e-08,-0.32563980000000003
1.2791e-08,-0.3255909000000001
1.2793e-08,-0.32554149999999993
1.2795e-08,-0.3254906000000001
1.2797e-08,-0.3254391
1.27985e-08,-0.32539970000000007
1.28e-08,-0.32537059999999995
1.28002e-08,-0.3253699
1.28006e-08,-0.32536810000000005
1.28014e-08,-0.3253741
1.2803e-08,-0.32539980000000013
1.2805e-08,-0.32542479999999996
1.2807e-08,-0.3253944999999999
1.2809e-08,-0.32526809999999995
1.2811e-08,-0.3250120999999999
1.2813e-08,-0.3246011999999999
1.2815e-08,-0.32401610000000014
1.2817e-08,-0.3232398000000001
1.2819e-08,-0.32226239999999995
1.2821e-08,-0.3210752000000001
1.2823e-08,-0.31967290000000004
1.2825e-08,-0.3180531999999999
1.2827e-08,-0.31621429999999995
1.2829e-08,-0.31415630000000005
1.2831e-08,-0.3118816
1.2833e-08,-0.3093931000000001
1.2835e-08,-0.30669400000000013
1.2837e-08,-0.3037898000000001
1.2839e-08,-0.30068419999999985
1.2841e-08,-0.2973831
1.2843e-08,-0.29389319999999997
1.2845e-08,-0.29022019999999993
1.2847e-08,-0.2863707
1.2849e-08,-0.2823515
1.2851e-08,-0.2781694
1.2853e-08,-0.2738311
1.2855e-08,-0.2693436
1.2857e-08,-0.26471389999999995
1.2859e-08,-0.2599488999999999
1.2861e-08,-0.2550555
1.2863e-08,-0.2500405
1.2865e-08,-0.24491079999999998
1.2867e-08,-0.23967300000000002
1.2869e-08,-0.23433360000000003
1.2871e-08,-0.22889930000000003
1.2873e-08,-0.22337640000000003
1.2875e-08,-0.21777100000000005
1.2877e-08,-0.2120894000000001
1.2879e-08,-0.2063374
1.2881e-08,-0.20052099999999995
1.2883e-08,-0.19464590000000004
1.2885e-08,-0.18871749999999998
1.2887e-08,-0.1827415
1.2889e-08,-0.17672290000000002
1.2891e-08,-0.17066690000000007
1.2893e-08,-0.16457849999999996
1.2895e-08,-0.15846250000000006
1.2897e-08,-0.1523234
1.2899e-08,-0.14616600000000002
1.2901e-08,-0.13999450000000002
1.2903e-08,-0.13381299999999996
1.2905e-08,-0.1276258
1.2907e-08,-0.1214366
1.2909e-08,-0.1152493
1.2911e-08,-0.10906749999999998
1.2913e-08,-0.10289460000000006
1.2915e-08,-0.09673399999999999
1.2917e-08,-0.09058889999999997
1.2919e-08,-0.08446240000000005
1.2921e-08,-0.07835740000000002
1.2923e-08,-0.07227660000000002
1.2925e-08,-0.06622279999999992
1.2927e-08,-0.060198500000000044
1.2929e-08,-0.05420619999999998
1.2931e-08,-0.04824790000000001
1.2933e-08,-0.04232619999999998
1.2935e-08,-0.0364428
1.2937e-08,-0.030599799999999955
1.2939e-08,-0.024799100000000074
1.2941e-08,-0.019042299999999956
1.2943e-08,-0.013330999999999982
1.2945e-08,-0.007666900000000032
1.2947e-08,-0.0020514000000000365
1.2949e-08,0.0035144000000000286
1.2951e-08,0.009029000000000065
1.2953e-08,0.014491300000000096
1.2955e-08,0.01990040000000004
1.2957e-08,0.025255100000000086
1.2959e-08,0.030554599999999987
1.2961e-08,0.035798100000000055
1.2963e-08,0.04098480000000004
1.2965e-08,0.04611410000000005
1.2967e-08,0.05118529999999999
1.2969e-08,0.05619800000000008
1.2971e-08,0.061151500000000025
1.2973e-08,0.06604560000000004
1.2975e-08,0.07087979999999994
1.2977e-08,0.075654
1.2979e-08,0.08036759999999998
1.2981e-08,0.08502080000000001
1.2983e-08,0.0896132999999999
1.2985e-08,0.09414489999999998
1.2987e-08,0.09861580000000003
1.2989e-08,0.1030257
1.2991e-08,0.10737490000000005
1.2993e-08,0.11166330000000002
1.2995e-08,0.11589099999999997
1.2997e-08,0.12005829999999995
1.29985e-08,0.12314420000000004
1.3e-08,0.12619609999999992
1.30002e-08,0.12660020000000005
1.30006e-08,0.12740719999999994
1.30014e-08,0.12901390000000001
1.3003e-08,0.13219860000000005
1.3005e-08,0.13612600000000008
1.3007e-08,0.13999420000000007
1.3009e-08,0.14380340000000003
1.3011e-08,0.14755399999999996
1.3013e-08,0.1512464
1.3015e-08,0.1548809
1.3017e-08,0.15845790000000004
1.3019e-08,0.16197779999999995
1.3021e-08,0.1654413
1.3023e-08,0.16884849999999996
1.3025e-08,0.17220009999999997
1.3027e-08,0.1754966
1.3029e-08,0.17873830000000002
1.3031e-08,0.18192590000000008
1.3033e-08,0.1850598
1.3035e-08,0.1881406
1.3037e-08,0.19116889999999997
1.3039e-08,0.19414510000000007
1.3041e-08,0.19706990000000002
1.3043e-08,0.19994370000000006
1.3045e-08,0.20276729999999998
1.3047e-08,0.20554090000000003
1.3049e-08,0.2082655
1.3051e-08,0.21094139999999995
1.3053e-08,0.21356929999999996
1.3055e-08,0.2161497
1.3057e-08,0.21868330000000002
1.3059e-08,0.22117049999999994
1.3061e-08,0.22361209999999998
1.3063e-08,0.2260086
1.3065e-08,0.22836060000000002
1.3067e-08,0.23066869999999995
1.3069e-08,0.23293340000000007
1.3071e-08,0.23515549999999996
1.3073e-08,0.23733520000000008
1.3075e-08,0.2394735
1.3077e-08,0.24157070000000003
1.3079e-08,0.24362759999999994
1.3081e-08,0.24564449999999993
1.3083e-08,0.24762230000000007
1.3085e-08,0.24956120000000004
1.3087e-08,0.25146219999999997
1.3089e-08,0.25332559999999993
1.3091e-08,0.2551519
1.3093e-08,0.25694170000000005
1.3095e-08,0.2586957
1.3097e-08,0.2604143000000001
1.3099e-08,0.26209799999999994
1.3101e-08,0.2637476000000001
1.3103e-08,0.2653634
1.3105e-08,0.26694589999999996
1.3107e-08,0.26849580000000006
1.3109e-08,0.2700135
1.3111e-08,0.27149959999999995
1.3113e-08,0.27295440000000004
1.3115e-08,0.2743787999999999
1.3117e-08,0.27577280000000004
1.3119e-08,0.27713730000000003
1.3121e-08,0.2784725
1.3123e-08,0.2797792
1.3125e-08,0.2810576
1.3127e-08,0.2823081999999999
1.3129e-08,0.28353149999999994
1.3131e-08,0.2847282
1.3133e-08,0.28589830000000005
1.3135e-08,0.28704260000000004
1.3137e-08,0.2881614
1.3139e-08,0.28925520000000005
1.3141e-08,0.29032440000000004
1.3143e-08,0.2913694
1.3145e-08,0.29239059999999994
1.3147e-08,0.2933886
1.3149e-08,0.2943635
1.3151e-08,0.2953159999999999
1.3153e-08,0.2962463000000001
1.3155e-08,0.29715499999999995
1.3157e-08,0.2980423
1.3159e-08,0.2989085
1.3161e-08,0.29975430000000003
1.3163e-08,0.3005799
1.3165e-08,0.3013852
1.3167e-08,0.30217190000000005
1.3169e-08,0.3029390999999999
1.3171e-08,0.3036870999999999
1.3173e-08,0.3044169
1.3175e-08,0.3051286999999999
1.3177e-08,0.30582280000000006
1.3179e-08,0.30649919999999997
1.3181e-08,0.30715919999999997
1.3183e-08,0.30780189999999996
1.3185e-08,0.30842840000000005
1.3187e-08,0.30903899999999995
1.3189e-08,0.30963269999999987
1.3191e-08,0.31021180000000004
1.3193e-08,0.3107753000000001
1.3195e-08,0.31132440000000006
1.3197e-08,0.31185830000000003
1.31985e-08,0.31224949999999996
1.32e-08,0.31263280000000004
1.32002e-08,0.3126827
1.32006e-08,0.31278340000000004
1.32014e-08,0.3129829999999999
1.3203e-08,0.31337480000000006
1.3205e-08,0.3138530999999999
1.3207e-08,0.3143188
1.3209e-08,0.31477009999999994
1.3211e-08,0.3152102
1.3213e-08,0.315636
1.3215e-08,0.31605079999999985
1.3217e-08,0.3164536
1.3219e-08,0.31684469999999987
1.3221e-08,0.3172231
1.3223e-08,0.31759179999999987
1.3225e-08,0.3179482
1.3227e-08,0.31829419999999997
1.3229e-08,0.3186299
1.3231e-08,0.31895549999999995
1.3233e-08,0.3192701
1.3235e-08,0.31957479999999994
1.3237e-08,0.31987070000000006
1.3239e-08,0.3201558
1.3241e-08,0.32043240000000006
1.3243e-08,0.3206994000000001
1.3245e-08,0.32095799999999997
1.3247e-08,0.3212073
1.3249e-08,0.3214482999999999
1.3251e-08,0.32168129999999995
1.3253e-08,0.32190510000000006
1.3255e-08,0.32212200000000013
1.3257e-08,0.32233010000000006
1.3259e-08,0.32253129999999997
1.3261e-08,0.3227249000000001
1.3263e-08,0.32291079999999994
1.3265e-08,0.3230892000000001
1.3267e-08,0.32326109999999997
1.3269e-08,0.3234256000000001
1.3271e-08,0.3235838999999999
1.3273e-08,0.32373589999999997
1.3275e-08,0.32388169999999994
1.3277e-08,0.32402049999999993
1.3279e-08,0.3241531999999999
1.3281e-08,0.32428
1.3283e-08,0.3244019
1.3285e-08,0.32451699999999994
1.3287e-08,0.3246274
1.3289e-08,0.32473109999999994
1.3291e-08,0.3248301
1.3293e-08,0.32492470000000007
1.3295e-08,0.32501369999999996
1.3297e-08,0.32509730000000003
1.3299e-08,0.3251765000000001
1.3301e-08,0.3252515
1.3303e-08,0.32532110000000003
1.3305e-08,0.32538659999999997
1.3307e-08,0.3254478999999999
1.3309e-08,0.3255051
1.3311e-08,0.32555829999999997
1.3313e-08,0.3256065
1.3315e-08,0.32565180000000005
1.3317e-08,0.3256931999999999
1.3319e-08,0.3257297
1.3321e-08,0.3257634999999999
1.3323e-08,0.32579350000000007
1.3325e-08,0.3258208
1.3327e-08,0.3258445000000001
1.3329e-08,0.3258645
1.3331e-08,0.325881
1.3333e-08,0.32589500000000005
1.3335e-08,0.3259065
1.3337e-08,0.32591349999999997
1.3339e-08,0.32591919999999996
1.3341e-08,0.3259215000000001
1.3343e-08,0.32592140000000014
1.3345e-08,0.3259181
1.3347e-08,0.3259126000000001
1.3349e-08,0.3259048
1.3351e-08,0.3258948999999999
1.3353e-08,0.3258827999999999
1.3355e-08,0.3258675999999999
1.3357e-08,0.32585030000000004
1.3359e-08,0.325831
1.3361e-08,0.3258106999999999
1.3363e-08,0.32578739999999995
1.3365e-08,0.32576209999999994
1.3367e-08,0.325735
1.3369e-08,0.3257069
1.3371e-08,0.32567599999999997
1.3373e-08,0.3256443
1.3375e-08,0.32561070000000003
1.3377e-08,0.32557539999999996
1.3379e-08,0.32553830000000006
1.3381e-08,0.32549950000000005
1.3383e-08,0.32545999999999997
1.3385e-08,0.3254187999999999
1.3387e-08,0.32537700000000014
1.3389e-08,0.32533349999999994
1.3391e-08,0.3252885
1.3393e-08,0.3252418
1.3395e-08,0.3251946
1.3397e-08,0.3251468999999999
1.33985e-08,0.32510969999999995
1.34e-08,0.3250723
1.34002e-08,0.3250681999999999
1.34006e-08,0.32506100000000004
1.34014e-08,0.3250588000000001
1.3403e-08,0.3250820000000001
1.3405e-08,0.32512110000000005
1.3407e-08,0.3251236999999999
1.3409e-08,0.3250428999999999
1.3411e-08,0.3248434000000001
1.3413e-08,0.3244986999999999
1.3415e-08,0.32398420000000006
1.3417e-08,0.32328540000000006
1.3419e-08,0.3223876
1.3421e-08,0.3212828000000001
1.3423e-08,0.31996520000000006
1.3425e-08,0.3184290000000001
1.3427e-08,0.3166744
1.3429e-08,0.3147011999999999
1.3431e-08,0.31250960000000005
1.3433e-08,0.31010250000000006
1.3435e-08,0.3074838
1.3437e-08,0.30465810000000015
1.3439e-08,0.3016287999999999
1.3441e-08,0.2984021
1.3443e-08,0.294984
1.3445e-08,0.29138049999999993
1.3447e-08,0.2875981999999999
1.3449e-08,0.2836434
1.3451e-08,0.2795229
1.3453e-08,0.2752439
1.3455e-08,0.27081310000000003
1.3457e-08,0.26623740000000007
1.3459e-08,0.2615238
1.3461e-08,0.2566792
1.3463e-08,0.25171049999999995
1.3465e-08,0.24662459999999997
1.3467e-08,0.2414280000000001
1.3469e-08,0.23612749999999993
1.3471e-08,0.23072970000000004
1.3473e-08,0.22524069999999996
1.3475e-08,0.21966700000000006
1.3477e-08,0.2140149
1.3479e-08,0.20829019999999998
1.3481e-08,0.20249890000000004
1.3483e-08,0.1966468
1.3485e-08,0.1907394
1.3487e-08,0.18478229999999995
1.3489e-08,0.17878080000000007
1.3491e-08,0.1727398
1.3493e-08,0.16666479999999995
1.3495e-08,0.16056020000000004
1.3497e-08,0.15443110000000004
1.3499e-08,0.14828169999999996
1.3501e-08,0.14211669999999998
1.3503e-08,0.13594030000000001
1.3505e-08,0.12975649999999994
1.3507e-08,0.12356939999999994
1.3509e-08,0.11738280000000001
1.3511e-08,0.11120030000000003
1.3513e-08,0.1050255
1.3515e-08,0.0988618
1.3517e-08,0.09271229999999997
1.3519e-08,0.0865804
1.3521e-08,0.08046869999999995
1.3523e-08,0.07438040000000001
1.3525e-08,0.06831810000000005
1.3527e-08,0.06228420000000001
1.3529e-08,0.05628140000000004
1.3531e-08,0.05031199999999991
1.3533e-08,0.044378200000000034
1.3535e-08,0.038482000000000016
1.3537e-08,0.032625399999999916
1.3539e-08,0.02681049999999996
1.3541e-08,0.021038800000000024
1.3543e-08,0.01531210000000005
1.3545e-08,0.009631999999999974
1.3547e-08,0.003999899999999945
1.3549e-08,-0.0015827999999999953
1.3551e-08,-0.0071149999999999824
1.3553e-08,-0.012595299999999976
1.3555e-08,-0.0180226
1.3557e-08,-0.02339610000000003
1.3559e-08,-0.028714699999999982
1.3561e-08,-0.033977499999999994
1.3563e-08,-0.03918389999999994
1.3565e-08,-0.044332999999999956
1.3567e-08,-0.049424400000000035
1.3569e-08,-0.05445730000000004
1.3571e-08,-0.05943140000000002
1.3573e-08,-0.06434610000000007
1.3575e-08,-0.06920119999999996
1.3577e-08,-0.07399630000000001
1.3579e-08,-0.07873110000000005
1.3581e-08,-0.08340530000000002
1.3583e-08,-0.08801900000000007
1.3585e-08,-0.09257190000000004
1.3587e-08,-0.09706379999999992
1.3589e-08,-0.10149509999999995
1.3591e-08,-0.10586550000000006
1.3593e-08,-0.11017520000000003
1.3595e-08,-0.11442409999999992
1.3597e-08,-0.11861260000000007
1.35985e-08,-0.12171429999999994
1.36e-08,-0.12479370000000001
1.36002e-08,-0.1252038000000001
1.36006e-08,-0.1260245000000001
1.36014e-08,-0.12766639999999996
1.3603e-08,-0.1309364999999999
1.3605e-08,-0.13495920000000006
1.3607e-08,-0.13886189999999998
1.3609e-08,-0.14260110000000004
1.3611e-08,-0.1461424
1.3613e-08,-0.149459
1.3615e-08,-0.1525305
1.3617e-08,-0.15534180000000009
1.3619e-08,-0.1578824000000001
1.3621e-08,-0.16014499999999998
1.3623e-08,-0.16212570000000004
1.3625e-08,-0.1638231
1.3627e-08,-0.16523759999999998
1.3629e-08,-0.1663717
1.3631e-08,-0.16722879999999996
1.3633e-08,-0.1678138
1.3635e-08,-0.16813239999999996
1.3637e-08,-0.16819079999999997
1.3639e-08,-0.16799609999999998
1.3641e-08,-0.16755549999999997
1.3643e-08,-0.1668767
1.3645e-08,-0.1659678000000001
1.3647e-08,-0.1648366
1.3649e-08,-0.1634913
1.3651e-08,-0.16194009999999992
1.3653e-08,-0.1601912000000001
1.3655e-08,-0.15825250000000002
1.3657e-08,-0.15613219999999994
1.3659e-08,-0.15383829999999998
1.3661e-08,-0.15137849999999997
1.3663e-08,-0.14876040000000001
1.3665e-08,-0.14599170000000006
1.3667e-08,-0.14307979999999998
1.3669e-08,-0.1400319
1.3671e-08,-0.1368551
1.3673e-08,-0.133556
1.3675e-08,-0.13014180000000009
1.3677e-08,-0.12661860000000003
1.3679e-08,-0.12299289999999996
1.3681e-08,-0.11927100000000002
1.3683e-08,-0.11545890000000003
1.3685e-08,-0.1115623
1.3687e-08,-0.10758699999999999
1.3689e-08,-0.10353840000000003
1.3691e-08,-0.09942189999999995
1.3693e-08,-0.09524250000000001
1.3695e-08,-0.09100540000000001
1.3697e-08,-0.08671529999999994
1.3699e-08,-0.08237689999999998
1.3701e-08,-0.07799469999999997
1.3703e-08,-0.07357310000000006
1.3705e-08,-0.06911630000000002
1.3707e-08,-0.06462820000000002
1.3709e-08,-0.06011310000000003
1.3711e-08,-0.055574299999999965
1.3713e-08,-0.051015800000000056
1.3715e-08,-0.046441000000000066
1.3717e-08,-0.04185300000000003
1.3719e-08,-0.0372555
1.3721e-08,-0.032651100000000044
1.3723e-08,-0.028043200000000046
1.3725e-08,-0.023434500000000025
1.3727e-08,-0.018827600000000055
1.3729e-08,-0.014225199999999938
1.3731e-08,-0.009630000000000027
1.3733e-08,-0.005044099999999996
1.3735e-08,-0.00047000000000008146
1.3737e-08,0.004090200000000044
1.3739e-08,0.008634399999999931
1.3741e-08,0.013160700000000025
1.3743e-08,0.017667100000000047
1.3745e-08,0.022151900000000002
1.3747e-08,0.026613300000000062
1.3749e-08,0.031049899999999964
1.3751e-08,0.0354599000000001
1.3753e-08,0.03984199999999993
1.3755e-08,0.04419480000000009
1.3757e-08,0.04851709999999998
1.3759e-08,0.052807599999999955
1.3761e-08,0.057065299999999985
1.3763e-08,0.06128889999999998
1.3765e-08,0.06547769999999997
1.3767e-08,0.06963049999999993
1.3769e-08,0.0737466
1.3771e-08,0.07782509999999998
1.3773e-08,0.08186540000000009
1.3775e-08,0.08586680000000002
1.3777e-08,0.08982850000000009
1.3779e-08,0.0937502
1.3781e-08,0.09763109999999997
1.3783e-08,0.10147079999999997
1.3785e-08,0.10526900000000006
1.3787e-08,0.10902520000000004
1.3789e-08,0.11273909999999998
1.3791e-08,0.11641040000000002
1.3793e-08,0.12003889999999995
1.3795e-08,0.12362419999999996
1.3797e-08,0.1271664
1.37985e-08,0.12979450000000003
1.38e-08,0.13239810000000007
1.38002e-08,0.1327430999999999
1.38006e-08,0.13343249999999995
1.38014e-08,0.13480579999999998
1.3803e-08,0.13753159999999998
1.3805e-08,0.14089950000000007
1.3807e-08,0.1442238
1.3809e-08,0.1475046000000001
1.3811e-08,0.15074180000000004
1.3813e-08,0.1539353
1.3815e-08,0.1570855000000001
1.3817e-08,0.16019210000000006
1.3819e-08,0.16325579999999995
1.3821e-08,0.16627619999999999
1.3823e-08,0.16925370000000006
1.3825e-08,0.17218860000000002
1.3827e-08,0.17508089999999998
1.3829e-08,0.17793099999999995
1.3831e-08,0.18073899999999998
1.3833e-08,0.18350519999999992
1.3835e-08,0.18622990000000006
1.3837e-08,0.18891329999999995
1.3839e-08,0.19155579999999994
1.3841e-08,0.19415760000000004
1.3843e-08,0.19671910000000004
1.3845e-08,0.19924049999999993
1.3847e-08,0.20172219999999996
1.3849e-08,0.20416460000000003
1.3851e-08,0.20656810000000003
1.3853e-08,0.20893279999999992
1.3855e-08,0.21125919999999998
1.3857e-08,0.2135479
1.3859e-08,0.21579880000000007
1.3861e-08,0.21801269999999995
1.3863e-08,0.22018970000000004
1.3865e-08,0.22233040000000004
1.3867e-08,0.22443500000000005
1.3869e-08,0.22650400000000004
1.3871e-08,0.2285378
1.3873e-08,0.23053669999999993
1.3875e-08,0.2325012999999999
1.3877e-08,0.23443190000000003
1.3879e-08,0.23632890000000006
1.3881e-08,0.23819250000000003
1.3883e-08,0.2400234
1.3885e-08,0.24182189999999992
1.3887e-08,0.24358849999999999
1.3889e-08,0.24532339999999997
1.3891e-08,0.2470272
1.3893e-08,0.24870020000000004
1.3895e-08,0.2503428000000001
1.3897e-08,0.2519555
1.3899e-08,0.2535385
1.3901e-08,0.25509230000000005
1.3903e-08,0.25661750000000005
1.3905e-08,0.25811419999999996
1.3907e-08,0.259583
1.3909e-08,0.2610241000000001
1.3911e-08,0.2624381
1.3913e-08,0.2638252
1.3915e-08,0.2651859
1.3917e-08,0.2665206
1.3919e-08,0.2678296
1.3921e-08,0.26911319999999994
1.3923e-08,0.2703721
1.3925e-08,0.27160629999999997
1.3927e-08,0.2728163
1.3929e-08,0.2740026
1.3931e-08,0.27516549999999995
1.3933e-08,0.2763051999999999
1.3935e-08,0.27742219999999995
1.3937e-08,0.2785168
1.3939e-08,0.2795894
1.3941e-08,0.28064030000000006
1.3943e-08,0.28166990000000003
1.3945e-08,0.2826784
1.3947e-08,0.28366630000000004
1.3949e-08,0.2846337
1.3951e-08,0.28558130000000004
1.3953e-08,0.28650909999999996
1.3955e-08,0.28741759999999994
1.3957e-08,0.2883070000000001
1.3959e-08,0.28917760000000003
1.3961e-08,0.29002990000000006
1.3963e-08,0.29086390000000006
1.3965e-08,0.29168019999999995
1.3967e-08,0.2924789000000001
1.3969e-08,0.29326050000000004
1.3971e-08,0.29402510000000004
1.3973e-08,0.29477300000000006
1.3975e-08,0.2955046
1.3977e-08,0.2962201
1.3979e-08,0.2969197
1.3981e-08,0.2976038999999999
1.3983e-08,0.2982726
1.3985e-08,0.29892660000000004
1.3987e-08,0.29956570000000005
1.3989e-08,0.3001903
1.3991e-08,0.30080110000000004
1.3993e-08,0.30139759999999993
1.3995e-08,0.3019801999999999
1.3997e-08,0.3025491000000001
1.39985e-08,0.3029672000000001
1.4e-08,0.30338940000000003
1.40002e-08,0.3034481000000001
1.40006e-08,0.3035652000000001
1.40014e-08,0.3038071
1.4003e-08,0.30429990000000007
1.4005e-08,0.3048976000000001
1.4007e-08,0.3054272
1.4009e-08,0.3058487
1.4011e-08,0.3061286999999999
1.4013e-08,0.3062417999999999
1.4015e-08,0.30616770000000004
1.4017e-08,0.3058913999999999
1.4019e-08,0.3054021
1.4021e-08,0.3046922000000001
1.4023e-08,0.30375569999999996
1.4025e-08,0.3025911
1.4027e-08,0.3011971
1.4029e-08,0.2995747999999999
1.4031e-08,0.29772540000000003
1.4033e-08,0.29565280000000005
1.4035e-08,0.293361
1.4037e-08,0.2908548999999999
1.4039e-08,0.2881395
1.4041e-08,0.28522099999999995
1.4043e-08,0.28210539999999995
1.4045e-08,0.27879940000000003
1.4047e-08,0.27530960000000004
1.4049e-08,0.2716429
1.4051e-08,0.2678064
1.4053e-08,0.26380710000000007
1.4055e-08,0.25965210000000005
1.4057e-08,0.2553485
1.4059e-08,0.25090350000000006
1.4061e-08,0.24632390000000004
1.4063e-08,0.24161679999999996
1.4065e-08,0.23678910000000009
1.4067e-08,0.2318477
1.4069e-08,0.22679899999999997
1.4071e-08,0.2216498
1.4073e-08,0.21640650000000006
1.4075e-08,0.21107529999999997
1.4077e-08,0.20566269999999998
1.4079e-08,0.20017439999999997
1.4081e-08,0.19461640000000002
1.4083e-08,0.1889943999999999
1.4085e-08,0.18331430000000004
1.4087e-08,0.17758129999999994
1.4089e-08,0.17180079999999998
1.4091e-08,0.1659779
1.4093e-08,0.16011759999999997
1.4095e-08,0.1542249
1.4097e-08,0.1483044
1.4099e-08,0.1423607
1.4101e-08,0.13639809999999997
1.4103e-08,0.13042089999999995
1.4105e-08,0.12443329999999997
1.4107e-08,0.11843909999999991
1.4109e-08,0.11244219999999994
1.4111e-08,0.1064463
1.4113e-08,0.10045499999999996
1.4115e-08,0.09447139999999998
1.4117e-08,0.088499
1.4119e-08,0.08254080000000008
1.4121e-08,0.07659989999999994
1.4123e-08,0.07067899999999994
1.4125e-08,0.06478090000000003
1.4127e-08,0.058908300000000025
1.4129e-08,0.05306339999999998
1.4131e-08,0.04724879999999998
1.4133e-08,0.04146649999999996
1.4135e-08,0.0357189
1.4137e-08,0.030007799999999918
1.4139e-08,0.0243352
1.4141e-08,0.01870280000000002
1.4143e-08,0.013112400000000024
1.4145e-08,0.00756559999999995
1.4147e-08,0.0020637000000000016
1.4149e-08,-0.003391799999999945
1.4151e-08,-0.008799599999999907
1.4153e-08,-0.014158400000000015
1.4155e-08,-0.019467200000000018
1.4157e-08,-0.024724999999999997
1.4159e-08,-0.02993049999999997
1.4161e-08,-0.03508320000000009
1.4163e-08,-0.04018220000000006
1.4165e-08,-0.045226600000000006
1.4167e-08,-0.05021589999999998
1.4169e-08,-0.05514949999999996
1.4171e-08,-0.06002680000000005
1.4173e-08,-0.06484729999999994
1.4175e-08,-0.06961059999999997
1.4177e-08,-0.07431639999999995
1.4179e-08,-0.07896429999999999
1.4181e-08,-0.08355419999999991
1.4183e-08,-0.08808579999999999
1.4185e-08,-0.0925589
1.4187e-08,-0.09697349999999993
1.4189e-08,-0.10132949999999996
1.4191e-08,-0.10562680000000002
1.4193e-08,-0.10986549999999995
1.4195e-08,-0.11404579999999997
1.4197e-08,-0.11816760000000004
1.41985e-08,-0.12122060000000001
1.42e-08,-0.12424089999999999
1.42002e-08,-0.12464149999999996
1.42006e-08,-0.12544370000000005
1.42014e-08,-0.1270522999999999
1.4203e-08,-0.13026890000000002
1.4205e-08,-0.13424630000000004
1.4207e-08,-0.13812409999999997
1.4209e-08,-0.14185459999999994
1.4211e-08,-0.1454006
1.4213e-08,-0.14873229999999993
1.4215e-08,-0.15182739999999995
1.4217e-08,-0.15466880000000005
1.4219e-08,-0.15724439999999995
1.4221e-08,-0.1595457
1.4223e-08,-0.1615677000000001
1.4225e-08,-0.16330820000000001
1.4227e-08,-0.16476670000000004
1.4229e-08,-0.165945
1.4231e-08,-0.1668463
1.4233e-08,-0.16747500000000004
1.4235e-08,-0.16783630000000005
1.4237e-08,-0.16793639999999999
1.4239e-08,-0.16778190000000004
1.4241e-08,-0.16738019999999998
1.4243e-08,-0.16673859999999996
1.4245e-08,-0.16586499999999993
1.4247e-08,-0.16476750000000007
1.4249e-08,-0.163454
1.4251e-08,-0.1619328
1.4253e-08,-0.16021200000000002
1.4255e-08,-0.15829959999999998
1.4257e-08,-0.15620369999999995
1.4259e-08,-0.15393239999999997
1.4261e-08,-0.1514934
1.4263e-08,-0.14889450000000004
1.4265e-08,-0.1461433000000001
1.4267e-08,-0.14324729999999997
1.4269e-08,-0.14021359999999994
1.4271e-08,-0.13704930000000004
1.4273e-08,-0.13376149999999998
1.4275e-08,-0.1303569
1.4277e-08,-0.12684210000000007
1.4279e-08,-0.12322350000000004
1.4281e-08,-0.11950740000000004
1.4283e-08,-0.11569970000000007
1.4285e-08,-0.11180659999999998
1.4287e-08,-0.10783349999999992
1.4289e-08,-0.10378609999999999
1.4291e-08,-0.09966980000000003
1.4293e-08,-0.09548970000000001
1.4295e-08,-0.09125080000000008
1.4297e-08,-0.08695819999999999
1.4299e-08,-0.08261639999999992
1.4301e-08,-0.07823010000000008
1.4303e-08,-0.07380360000000008
1.4305e-08,-0.06934130000000005
1.4307e-08,-0.06484710000000005
1.4309e-08,-0.06032510000000002
1.4311e-08,-0.05577900000000002
1.4313e-08,-0.05121260000000005
1.4315e-08,-0.046629299999999985
1.4317e-08,-0.042032599999999976
1.4319e-08,-0.037425700000000006
1.4321e-08,-0.03281180000000006
1.4323e-08,-0.028193899999999994
1.4325e-08,-0.02357469999999995
1.4327e-08,-0.018957200000000007
1.4329e-08,-0.014343899999999965
1.4331e-08,-0.009737500000000066
1.4333e-08,-0.0051402999999999865
1.4335e-08,-0.0005545000000000133
1.4337e-08,0.004017399999999949
1.4339e-08,0.008573500000000012
1.4341e-08,0.013111800000000007
1.4343e-08,0.017630499999999993
1.4345e-08,0.022127399999999908
1.4347e-08,0.02660119999999999
1.4349e-08,0.03104999999999991
1.4351e-08,0.03547240000000007
1.4353e-08,0.03986690000000004
1.4355e-08,0.044232099999999996
1.4357e-08,0.04856680000000002
1.4359e-08,0.05286970000000002
1.4361e-08,0.05713959999999996
1.4363e-08,0.06137550000000003
1.4365e-08,0.06557639999999998
1.4367e-08,0.06974140000000006
1.4369e-08,0.07386950000000003
1.4371e-08,0.07796009999999998
1.4373e-08,0.08201220000000009
1.4375e-08,0.08602520000000002
1.4377e-08,0.08999849999999998
1.4379e-08,0.0939316
1.4381e-08,0.09782389999999996
1.4383e-08,0.10167490000000001
1.4385e-08,0.10548400000000002
1.4387e-08,0.10925099999999999
1.4389e-08,0.11297570000000001
1.4391e-08,0.11665749999999997
1.4393e-08,0.12029630000000002
1.4395e-08,0.12389189999999994
1.4397e-08,0.127444
1.43985e-08,0.13007959999999996
1.44e-08,0.13269050000000004
1.44002e-08,0.1330365
1.44006e-08,0.13372780000000006
1.44014e-08,0.13510490000000008
1.4403e-08,0.13783830000000008
1.4405e-08,0.14121550000000005
1.4407e-08,0.14454900000000004
1.4409e-08,0.14783860000000004
1.4411e-08,0.15108449999999995
1.4413e-08,0.15428660000000005
1.4415e-08,0.15744499999999995
1.4417e-08,0.16055989999999998
1.4419e-08,0.16363139999999998
1.4421e-08,0.16665960000000002
1.4423e-08,0.16964469999999998
1.4425e-08,0.1725869
1.4427e-08,0.17548640000000004
1.4429e-08,0.17834340000000004
1.4431e-08,0.18115820000000005
1.4433e-08,0.18393099999999996
1.4435e-08,0.18666210000000005
1.4437e-08,0.1893517
1.4439e-08,0.19200019999999995
1.4441e-08,0.1946078
1.4443e-08,0.19717490000000004
1.4445e-08,0.19970179999999993
1.4447e-08,0.20218879999999995
1.4449e-08,0.20463640000000005
1.4451e-08,0.20704470000000008
1.4453e-08,0.20941410000000005
1.4455e-08,0.21174520000000008
1.4457e-08,0.2140381
1.4459e-08,0.21629330000000002
1.4461e-08,0.21851120000000002
1.4463e-08,0.22069210000000006
1.4465e-08,0.2228365
1.4467e-08,0.2249447
1.4469e-08,0.22701709999999997
1.4471e-08,0.22905410000000004
1.4473e-08,0.23105620000000004
1.4475e-08,0.23302369999999994
1.4477e-08,0.23495700000000008
1.4479e-08,0.23685659999999997
1.4481e-08,0.23872270000000007
1.4483e-08,0.24055589999999993
1.4485e-08,0.24235669999999998
1.4487e-08,0.24412519999999993
1.4489e-08,0.24586209999999997
1.4491e-08,0.2475676
1.4493e-08,0.24924219999999997
1.4495e-08,0.2508863
1.4497e-08,0.2525003
1.4499e-08,0.25408470000000005
1.4501e-08,0.2556396999999999
1.4503e-08,0.25716570000000005
1.4505e-08,0.2586634
1.4507e-08,0.2601329
1.4509e-08,0.2615748
1.4511e-08,0.2629891999999999
1.4513e-08,0.26437679999999997
1.4515e-08,0.26573789999999997
1.4517e-08,0.2670728
1.4519e-08,0.26838190000000006
1.4521e-08,0.26966560000000006
1.4523e-08,0.2709243
1.4525e-08,0.27215849999999997
1.4527e-08,0.2733683
1.4529e-08,0.2745542000000001
1.4531e-08,0.27571650000000003
1.4533e-08,0.2768558
1.4535e-08,0.27797210000000006
1.4537e-08,0.2790661
1.4539e-08,0.28013789999999994
1.4541e-08,0.281188
1.4543e-08,0.28221660000000004
1.4545e-08,0.2832241
1.4547e-08,0.2842108
1.4549e-08,0.2851772
1.4551e-08,0.2861235
1.4553e-08,0.2870501
1.4555e-08,0.2879572
1.4557e-08,0.28884509999999997
1.4559e-08,0.28971420000000003
1.4561e-08,0.29056499999999996
1.4563e-08,0.2913975
1.4565e-08,0.2922121
1.4567e-08,0.2930091
1.4569e-08,0.29378879999999996
1.4571e-08,0.2945515999999999
1.4573e-08,0.29529760000000005
1.4575e-08,0.29602720000000005
1.4577e-08,0.29674069999999997
1.4579e-08,0.29743830000000004
1.4581e-08,0.29812040000000006
1.4583e-08,0.29878720000000003
1.4585e-08,0.2994388
1.4587e-08,0.3000758
1.4589e-08,0.3006985999999999
1.4591e-08,0.3013068
1.4593e-08,0.30189999999999995
1.4595e-08,0.3024804000000001
1.4597e-08,0.30304720000000007
1.45985e-08,0.3034644000000001
1.46e-08,0.30388459999999995
1.46002e-08,0.30394220000000005
1.46006e-08,0.30406
1.46014e-08,0.3043003999999999
1.4603e-08,0.30479120000000004
1.4605e-08,0.30538560000000003
1.4607e-08,0.30591389999999996
1.4609e-08,0.3063331
1.4611e-08,0.30661080000000007
1.4613e-08,0.3067206
1.4615e-08,0.3066441
1.4617e-08,0.30636549999999996
1.4619e-08,0.30587489999999995
1.4621e-08,0.30516180000000004
1.4623e-08,0.30422399999999994
1.4625e-08,0.30305720000000014
1.4627e-08,0.30166100000000007
1.4629e-08,0.3000355
1.4631e-08,0.2981846
1.4633e-08,0.29611010000000004
1.4635e-08,0.29381630000000003
1.4637e-08,0.2913081999999999
1.4639e-08,0.28859099999999993
1.4641e-08,0.28567049999999994
1.4643e-08,0.2825531
1.4645e-08,0.2792451
1.4647e-08,0.2757535
1.4649e-08,0.272085
1.4651e-08,0.26824649999999994
1.4653e-08,0.2642453
1.4655e-08,0.26008830000000005
1.4657e-08,0.25578270000000003
1.4659e-08,0.2513358
1.4661e-08,0.24675420000000003
1.4663e-08,0.24204499999999995
1.4665e-08,0.23721530000000002
1.4667e-08,0.23227169999999997
1.4669e-08,0.227221
1.4671e-08,0.22206950000000003
1.4673e-08,0.21682400000000002
1.4675e-08,0.21149059999999997
1.4677e-08,0.20607549999999997
1.4679e-08,0.20058489999999995
1.4681e-08,0.1950246
1.4683e-08,0.18940030000000008
1.4685e-08,0.18371760000000004
1.4687e-08,0.17798210000000003
1.4689e-08,0.17219909999999994
1.4691e-08,0.1663735999999999
1.4693e-08,0.1605107
1.4695e-08,0.15461539999999996
1.4697e-08,0.14869219999999994
1.4699e-08,0.14274569999999998
1.4701e-08,0.13678040000000002
1.4703e-08,0.13080040000000004
1.4705e-08,0.12480999999999998
1.4707e-08,0.1188129
1.4709e-08,0.11281319999999995
1.4711e-08,0.10681440000000009
1.4713e-08,0.10082000000000002
1.4715e-08,0.09483350000000002
1.4717e-08,0.08885810000000005
1.4719e-08,0.082897
1.4721e-08,0.07695300000000005
1.4723e-08,0.07102910000000007
1.4725e-08,0.06512799999999996
1.4727e-08,0.05925219999999998
1.4729e-08,0.05340429999999996
1.4731e-08,0.047586600000000034
1.4733e-08,0.04180130000000004
1.4735e-08,0.036050499999999985
1.4737e-08,0.03033640000000004
1.4739e-08,0.024660500000000085
1.4741e-08,0.019025100000000017
1.4743e-08,0.01343150000000004
1.4745e-08,0.007881500000000097
1.4747e-08,0.0023765000000000036
1.4749e-08,-0.0030820999999999765
1.4751e-08,-0.008492900000000025
1.4753e-08,-0.013854900000000003
1.4755e-08,-0.01916680000000004
1.4757e-08,-0.024427600000000105
1.4759e-08,-0.02963630000000006
1.4761e-08,-0.03479209999999999
1.4763e-08,-0.0398942000000001
1.4765e-08,-0.04494169999999997
1.4767e-08,-0.04993399999999992
1.4769e-08,-0.05487069999999994
1.4771e-08,-0.059751
1.4773e-08,-0.06457449999999998
1.4775e-08,-0.06934070000000003
1.4777e-08,-0.07404949999999999
1.4779e-08,-0.07870050000000006
1.4781e-08,-0.08329330000000001
1.4783e-08,-0.08782770000000006
1.4785e-08,-0.09230379999999994
1.4787e-08,-0.09672130000000001
1.4789e-08,-0.1010801
1.4791e-08,-0.10538039999999993
1.4793e-08,-0.109622
1.4795e-08,-0.11380500000000005
1.4797e-08,-0.11792959999999997
1.47985e-08,-0.12098469999999995
1.48e-08,-0.12400690000000003
1.48002e-08,-0.12440709999999999
1.48006e-08,-0.12520639999999994
1.48014e-08,-0.12679799999999997
1.4803e-08,-0.12995329999999994
1.4805e-08,-0.13384549999999995
1.4807e-08,-0.13768020000000003
1.4809e-08,-0.14145770000000002
1.4811e-08,-0.14517820000000003
1.4813e-08,-0.14884209999999998
1.4815e-08,-0.15244979999999997
1.4817e-08,-0.15600140000000007
1.4819e-08,-0.15949749999999996
1.4821e-08,-0.1629385000000001
1.4823e-08,-0.1663247
1.4825e-08,-0.1696567
1.4827e-08,-0.17293479999999994
1.4829e-08,-0.17615939999999997
1.4831e-08,-0.1793311999999999
1.4833e-08,-0.18245049999999996
1.4835e-08,-0.1855178999999999
1.4837e-08,-0.18853390000000003
1.4839e-08,-0.19149879999999997
1.4841e-08,-0.19441340000000007
1.4843e-08,-0.19727819999999996
1.4845e-08,-0.20009359999999998
1.4847e-08,-0.2028601
1.4849e-08,-0.20557839999999994
1.4851e-08,-0.20824900000000002
1.4853e-08,-0.21087239999999996
1.4855e-08,-0.2134492
1.4857e-08,-0.21598000000000006
1.4859e-08,-0.21846519999999992
1.4861e-08,-0.22090560000000004
1.4863e-08,-0.2233016
1.4865e-08,-0.22565380000000002
1.4867e-08,-0.22796290000000008
1.4869e-08,-0.23022909999999996
1.4871e-08,-0.23245340000000003
1.4873e-08,-0.23463600000000007
1.4875e-08,-0.23677769999999998
1.4877e-08,-0.23887899999999995
1.4879e-08,-0.24094040000000005
1.4881e-08,-0.24296249999999997
1.4883e-08,-0.2449458
1.4885e-08,-0.24689099999999997
1.4887e-08,-0.24879850000000003
1.4889e-08,-0.2506689000000001
1.4891e-08,-0.25250269999999997
1.4893e-08,-0.2543006
1.4895e-08,-0.2560629
1.4897e-08,-0.25779019999999997
1.4899e-08,-0.2594832
1.4901e-08,-0.2611422000000001
1.4903e-08,-0.26276789999999994
1.4905e-08,-0.26436059999999995
1.4907e-08,-0.26592099999999996
1.4909e-08,-0.26744959999999995
1.4911e-08,-0.26894679999999993
1.4913e-08,-0.270413
1.4915e-08,-0.271849
1.4917e-08,-0.2732549999999999
1.4919e-08,-0.2746316999999999
1.4921e-08,-0.2759792999999999
1.4923e-08,-0.27729859999999995
1.4925e-08,-0.2785898
1.4927e-08,-0.27985360000000004
1.4929e-08,-0.28109019999999996
1.4931e-08,-0.28230010000000005
1.4933e-08,-0.28348399999999996
1.4935e-08,-0.28464200000000006
1.4937e-08,-0.2857748
1.4939e-08,-0.28688270000000005
1.4941e-08,-0.2879661
1.4943e-08,-0.2890254
1.4945e-08,-0.2900612
1.4947e-08,-0.2910737000000001
1.4949e-08,-0.2920634000000001
1.4951e-08,-0.2930307
1.4953e-08,-0.293976
1.4955e-08,-0.29489959999999993
1.4957e-08,-0.295802
1.4959e-08,-0.2966835000000001
1.4961e-08,-0.29754440000000004
1.4963e-08,-0.2983852
1.4965e-08,-0.2992062999999999
1.4967e-08,-0.30000799999999994
1.4969e-08,-0.3007907999999999
1.4971e-08,-0.3015545999999999
1.4973e-08,-0.30230029999999997
1.4975e-08,-0.30302699999999994
1.4977e-08,-0.3037369
1.4979e-08,-0.3044293
1.4981e-08,-0.3051041
1.4983e-08,-0.30576270000000005
1.4985e-08,-0.30640520000000004
1.4987e-08,-0.30703060000000004
1.4989e-08,-0.30764119999999995
1.4991e-08,-0.30823520000000004
1.4993e-08,-0.30881459999999994
1.4995e-08,-0.30937860000000006
1.4997e-08,-0.30992830000000005
1.49985e-08,-0.3103313999999999
1.5e-08,-0.31072659999999985
1.50002e-08,-0.31077869999999996
1.50006e-08,-0.31088669999999985
1.50014e-08,-0.3111101999999999
1.5003e-08,-0.3115787
1.5005e-08,-0.31216429999999995
1.5007e-08,-0.31269920000000007
1.5009e-08,-0.3131392999999999
1.5011e-08,-0.3134484999999999
1.5013e-08,-0.3136001999999999
1.5015e-08,-0.3135702
1.5017e-08,-0.31334379999999995
1.5019e-08,-0.31290850000000003
1.5021e-08,-0.3122544999999999
1.5023e-08,-0.3113772
1.5025e-08,-0.3102710000000001
1.5027e-08,-0.30893720000000013
1.5029e-08,-0.3073737000000001
1.5031e-08,-0.3055831000000001
1.5033e-08,-0.3035683000000001
1.5035e-08,-0.30133240000000006
1.5037e-08,-0.2988811
1.5039e-08,-0.296218
1.5041e-08,-0.2933494
1.5043e-08,-0.29028149999999997
1.5045e-08,-0.28702040000000006
1.5047e-08,-0.28357279999999996
1.5049e-08,-0.2799454
1.5051e-08,-0.2761452999999999
1.5053e-08,-0.2721793
1.5055e-08,-0.2680545
1.5057e-08,-0.2637778999999999
1.5059e-08,-0.25935659999999994
1.5061e-08,-0.2547977
1.5063e-08,-0.2501082
1.5065e-08,-0.24529469999999998
1.5067e-08,-0.24036429999999998
1.5069e-08,-0.23532359999999997
1.5071e-08,-0.23017900000000002
1.5073e-08,-0.22493739999999995
1.5075e-08,-0.2196047000000001
1.5077e-08,-0.21418759999999992
1.5079e-08,-0.20869179999999998
1.5081e-08,-0.20312340000000007
1.5083e-08,-0.1974882
1.5085e-08,-0.19179200000000007
1.5087e-08,-0.18604010000000004
1.5089e-08,-0.18023810000000007
1.5091e-08,-0.17439100000000007
1.5093e-08,-0.1685042
1.5095e-08,-0.16258230000000007
1.5097e-08,-0.15663019999999994
1.5099e-08,-0.15065260000000003
1.5101e-08,-0.14465400000000006
1.5103e-08,-0.1386385
1.5105e-08,-0.13261049999999996
1.5107e-08,-0.12657400000000008
1.5109e-08,-0.12053289999999994
1.5111e-08,-0.11449089999999995
1.5113e-08,-0.10845159999999998
1.5115e-08,-0.10241849999999997
1.5117e-08,-0.09639489999999995
1.5119e-08,-0.09038410000000008
1.5121e-08,-0.08438889999999999
1.5123e-08,-0.0784125
1.5125e-08,-0.07245760000000001
1.5127e-08,-0.0665268
1.5129e-08,-0.06062270000000003
1.5131e-08,-0.05474780000000001
1.5133e-08,-0.04890430000000001
1.5135e-08,-0.04309439999999998
1.5137e-08,-0.03732009999999997
1.5139e-08,-0.031583600000000045
1.5141e-08,-0.025886499999999923
1.5143e-08,-0.020230700000000046
1.5145e-08,-0.014617800000000014
1.5147e-08,-0.009049300000000038
1.5149e-08,-0.003526799999999941
1.5151e-08,0.0019485000000000197
1.5153e-08,0.0073752999999999735
1.5155e-08,0.01275230000000005
1.5157e-08,0.018078599999999945
1.5159e-08,0.023352999999999957
1.5161e-08,0.02857480000000001
1.5163e-08,0.03374279999999996
1.5165e-08,0.03885660000000002
1.5167e-08,0.04391519999999993
1.5169e-08,0.048918099999999964
1.5171e-08,0.053864799999999935
1.5173e-08,0.05875450000000004
1.5175e-08,0.06358710000000001
1.5177e-08,0.06836200000000003
1.5179e-08,0.07307889999999995
1.5181e-08,0.07773739999999996
1.5183e-08,0.08233760000000001
1.5185e-08,0.08687899999999993
1.5187e-08,0.09136160000000004
1.5189e-08,0.09578540000000002
1.5191e-08,0.10015010000000002
1.5193e-08,0.104456
1.5195e-08,0.10870290000000005
1.5197e-08,0.11289110000000002
1.51985e-08,0.11599360000000003
1.52e-08,0.11907480000000004
1.52002e-08,0.11948510000000001
1.52006e-08,0.12030640000000004
1.52014e-08,0.12194990000000006
1.5203e-08,0.1252236
1.5205e-08,0.12925199999999992
1.5207e-08,0.1331616
1.5209e-08,0.13690880000000005
1.5211e-08,0.140459
1.5213e-08,0.1437853
1.5215e-08,0.14686730000000003
1.5217e-08,0.14968979999999998
1.5219e-08,0.152242
1.5221e-08,0.15451669999999995
1.5223e-08,0.15651009999999999
1.5225e-08,0.15822040000000004
1.5227e-08,0.15964840000000002
1.5229e-08,0.16079620000000006
1.5231e-08,0.16166749999999996
1.5233e-08,0.16226699999999994
1.5235e-08,0.16260039999999998
1.5237e-08,0.16267409999999993
1.5239e-08,0.16249499999999995
1.5241e-08,0.16207040000000006
1.5243e-08,0.161408
1.5245e-08,0.16051590000000004
1.5247e-08,0.15940189999999999
1.5249e-08,0.1580743
1.5251e-08,0.15654119999999994
1.5253e-08,0.15481080000000003
1.5255e-08,0.1528912
1.5257e-08,0.1507904
1.5259e-08,0.14851649999999994
1.5261e-08,0.14607720000000002
1.5263e-08,0.14348020000000006
1.5265e-08,0.14073310000000006
1.5267e-08,0.13784319999999994
1.5269e-08,0.13481790000000005
1.5271e-08,0.13166410000000006
1.5273e-08,0.12838880000000008
1.5275e-08,0.12499859999999996
1.5277e-08,0.12150020000000006
1.5279e-08,0.1178998
1.5281e-08,0.11420370000000002
1.5283e-08,0.11041780000000001
1.5285e-08,0.10654799999999998
1.5287e-08,0.10259989999999997
1.5289e-08,0.09857919999999998
1.5291e-08,0.09449090000000004
1.5293e-08,0.09034029999999993
1.5295e-08,0.0861324
1.5297e-08,0.08187199999999994
1.5299e-08,0.07756379999999996
1.5301e-08,0.0732121
1.5303e-08,0.06882149999999998
1.5305e-08,0.06439600000000001
1.5307e-08,0.059939900000000046
1.5309e-08,0.05545679999999997
1.5311e-08,0.05095060000000007
1.5313e-08,0.04642489999999999
1.5315e-08,0.04188320000000001
1.5317e-08,0.03732879999999994
1.5319e-08,0.032764899999999986
1.5321e-08,0.028194699999999906
1.5323e-08,0.02362109999999995
1.5325e-08,0.01904680000000003
1.5327e-08,0.014474699999999951
1.5329e-08,0.009907499999999958
1.5331e-08,0.005347299999999944
1.5333e-08,0.0007968000000000419
1.5335e-08,-0.0037418000000000173
1.5337e-08,-0.008266400000000007
1.5339e-08,-0.012774799999999975
1.5341e-08,-0.01726530000000004
1.5343e-08,-0.021735699999999913
1.5345e-08,-0.026184500000000055
1.5347e-08,-0.03060980000000002
1.5349e-08,-0.035010100000000044
1.5351e-08,-0.03938390000000003
1.5353e-08,-0.04372979999999993
1.5355e-08,-0.04804649999999999
1.5357e-08,-0.05233259999999995
1.5359e-08,-0.05658680000000005
1.5361e-08,-0.060808399999999985
1.5363e-08,-0.0649959
1.5365e-08,-0.06914849999999995
1.5367e-08,-0.07326540000000004
1.5369e-08,-0.07734569999999996
1.5371e-08,-0.08138840000000003
1.5373e-08,-0.08539300000000005
1.5375e-08,-0.08935880000000007
1.5377e-08,-0.09328510000000001
1.5379e-08,-0.09717140000000002
1.5381e-08,-0.10101709999999997
1.5383e-08,-0.10482179999999997
1.5385e-08,-0.10858499999999993
1.5387e-08,-0.11230660000000003
1.5389e-08,-0.11598590000000009
1.5391e-08,-0.11962290000000009
1.5393e-08,-0.12321709999999997
1.5395e-08,-0.1267684
1.5397e-08,-0.13027679999999997
1.53985e-08,-0.13287970000000005
1.54e-08,-0.13545819999999997
1.54002e-08,-0.13580000000000003
1.54006e-08,-0.1364826
1.54014e-08,-0.13784269999999998
1.5403e-08,-0.1405419
1.5405e-08,-0.14387699999999992
1.5407e-08,-0.14716859999999998
1.5409e-08,-0.15041680000000002
1.5411e-08,-0.15362170000000008
1.5413e-08,-0.1567832
1.5415e-08,-0.15990149999999992
1.5417e-08,-0.16297680000000003
1.5419e-08,-0.16600899999999996
1.5421e-08,-0.1689984
1.5423e-08,-0.1719451999999999
1.5425e-08,-0.1748495
1.5427e-08,-0.17771159999999997
1.5429e-08,-0.18053160000000001
1.5431e-08,-0.18330979999999997
1.5433e-08,-0.1860465
1.5435e-08,-0.18874190000000002
1.5437e-08,-0.19139630000000007
1.5439e-08,-0.19401009999999996
1.5441e-08,-0.19658350000000002
1.5443e-08,-0.19911670000000004
1.5445e-08,-0.20161019999999996
1.5447e-08,-0.20406429999999998
1.5449e-08,-0.20647919999999997
1.5451e-08,-0.20885549999999997
1.5453e-08,-0.21119330000000003
1.5455e-08,-0.21349319999999994
1.5457e-08,-0.21575540000000004
1.5459e-08,-0.21798030000000002
1.5461e-08,-0.22016829999999998
1.5463e-08,-0.22231979999999996
1.5465e-08,-0.2244351
1.5467e-08,-0.22651469999999996
1.5469e-08,-0.2285589
1.5471e-08,-0.2305682
1.5473e-08,-0.2325429
1.5475e-08,-0.2344834
1.5477e-08,-0.23639010000000005
1.5479e-08,-0.23826360000000002
1.5481e-08,-0.2401040000000001
1.5483e-08,-0.24191189999999996
1.5485e-08,-0.24368770000000006
1.5487e-08,-0.24543169999999992
1.5489e-08,-0.24714429999999998
1.5491e-08,-0.248826
1.5493e-08,-0.2504771
1.5495e-08,-0.25209819999999994
1.5497e-08,-0.2536895
1.5499e-08,-0.2552513999999999
1.5501e-08,-0.2567845000000001
1.5503e-08,-0.25828890000000004
1.5505e-08,-0.25976520000000003
1.5507e-08,-0.26121379999999994
1.5509e-08,-0.2626350999999999
1.5511e-08,-0.2640293
1.5513e-08,-0.26539690000000005
1.5515e-08,-0.2667383
1.5517e-08,-0.26805390000000007
1.5519e-08,-0.26934400000000003
1.5521e-08,-0.27060910000000005
1.5523e-08,-0.27184949999999997
1.5525e-08,-0.2730655999999999
1.5527e-08,-0.2742576
1.5529e-08,-0.27542599999999995
1.5531e-08,-0.27657129999999996
1.5533e-08,-0.27769370000000004
1.5535e-08,-0.2787934999999999
1.5537e-08,-0.27987109999999993
1.5539e-08,-0.28092680000000003
1.5541e-08,-0.2819612
1.5543e-08,-0.2829743
1.5545e-08,-0.28396659999999996
1.5547e-08,-0.28493840000000004
1.5549e-08,-0.2858902
1.5551e-08,-0.286822
1.5553e-08,-0.2877343000000001
1.5555e-08,-0.28862750000000004
1.5557e-08,-0.2895017
1.5559e-08,-0.29035749999999994
1.5561e-08,-0.29119490000000003
1.5563e-08,-0.29201450000000007
1.5565e-08,-0.29281630000000003
1.5567e-08,-0.2936008
1.5569e-08,-0.2943682999999999
1.5571e-08,-0.2951189000000001
1.5573e-08,-0.2958531
1.5575e-08,-0.2965711
1.5577e-08,-0.29727310000000007
1.5579e-08,-0.29795950000000004
1.5581e-08,-0.2986304999999999
1.5583e-08,-0.29928640000000006
1.5585e-08,-0.29992739999999996
1.5587e-08,-0.30055389999999993
1.5589e-08,-0.30116620000000005
1.5591e-08,-0.30176440000000004
1.5593e-08,-0.3023488
1.5595e-08,-0.30291940000000006
1.5597e-08,-0.3034764
1.55985e-08,-0.30388610000000005
1.56e-08,-0.3042882
1.56002e-08,-0.3043418
1.56006e-08,-0.30445089999999997
1.56014e-08,-0.3046788
1.5603e-08,-0.3051571999999999
1.5605e-08,-0.3057545999999999
1.5607e-08,-0.30630289999999993
1.5609e-08,-0.30675600000000003
1.5611e-08,-0.30707970000000007
1.5613e-08,-0.3072452
1.5615e-08,-0.3072292
1.5617e-08,-0.307017
1.5619e-08,-0.30659610000000004
1.5621e-08,-0.30595649999999996
1.5623e-08,-0.30509150000000007
1.5625e-08,-0.3040007000000001
1.5627e-08,-0.30267920000000004
1.5629e-08,-0.30113
1.5631e-08,-0.29935259999999997
1.5633e-08,-0.2973515
1.5635e-08,-0.29512950000000004
1.5637e-08,-0.29269120000000004
1.5639e-08,-0.2900421000000001
1.5641e-08,-0.2871876000000001
1.5643e-08,-0.28413389999999994
1.5645e-08,-0.2808874
1.5647e-08,-0.27745469999999994
1.5649e-08,-0.2738427
1.5651e-08,-0.27005840000000003
1.5653e-08,-0.26610880000000003
1.5655e-08,-0.26200080000000003
1.5657e-08,-0.25774189999999997
1.5659e-08,-0.25333890000000003
1.5661e-08,-0.2487988
1.5663e-08,-0.24412879999999992
1.5665e-08,-0.23933570000000004
1.5667e-08,-0.23442640000000003
1.5669e-08,-0.22940740000000004
1.5671e-08,-0.22428559999999997
1.5673e-08,-0.21906729999999996
1.5675e-08,-0.21375889999999997
1.5677e-08,-0.20836679999999996
1.5679e-08,-0.20289690000000005
1.5681e-08,-0.1973551
1.5683e-08,-0.19174760000000002
1.5685e-08,-0.18607950000000006
1.5687e-08,-0.18035679999999998
1.5689e-08,-0.17458459999999998
1.5691e-08,-0.16876829999999998
1.5693e-08,-0.16291280000000008
1.5695e-08,-0.1570229999999999
1.5697e-08,-0.1511038
1.5699e-08,-0.1451597
1.5701e-08,-0.13919530000000002
1.5703e-08,-0.13321479999999997
1.5705e-08,-0.1272223
1.5707e-08,-0.1212219
1.5709e-08,-0.11521749999999997
1.5711e-08,-0.1092128
1.5713e-08,-0.10321139999999995
1.5715e-08,-0.09721670000000004
1.5717e-08,-0.09123179999999997
1.5719e-08,-0.08526029999999996
1.5721e-08,-0.0793048999999999
1.5723e-08,-0.0733686
1.5725e-08,-0.06745419999999991
1.5727e-08,-0.061564300000000016
1.5729e-08,-0.05570140000000001
1.5731e-08,-0.049867899999999965
1.5733e-08,-0.0440661
1.5735e-08,-0.03829819999999995
1.5737e-08,-0.03256630000000005
1.5739e-08,-0.026872100000000065
1.5741e-08,-0.021217599999999948
1.5743e-08,-0.01560449999999991
1.5745e-08,-0.010034499999999946
1.5747e-08,-0.004508999999999985
1.5749e-08,0.0009705999999999326
1.5751e-08,0.006402799999999931
1.5753e-08,0.011786299999999916
1.5755e-08,0.01712019999999992
1.5757e-08,0.022403300000000015
1.5759e-08,0.027634700000000012
1.5761e-08,0.032813299999999934
1.5763e-08,0.03793840000000004
1.5765e-08,0.04300920000000008
1.5767e-08,0.048024899999999926
1.5769e-08,0.05298510000000001
1.5771e-08,0.05788899999999997
1.5773e-08,0.06273640000000003
1.5775e-08,0.06752649999999993
1.5777e-08,0.07225929999999992
1.5779e-08,0.07693420000000006
1.5781e-08,0.08155100000000004
1.5783e-08,0.08610950000000006
1.5785e-08,0.09060950000000001
1.5787e-08,0.095051
1.5789e-08,0.09943380000000002
1.5791e-08,0.10375789999999996
1.5793e-08,0.10802319999999999
1.5795e-08,0.11222999999999994
1.5797e-08,0.11637819999999999
1.57985e-08,0.11945090000000003
1.58e-08,0.12250249999999996
1.58002e-08,0.12290900000000005
1.58006e-08,0.12372240000000001
1.58014e-08,0.12535019999999997
1.5803e-08,0.1285927
1.5805e-08,0.13258230000000004
1.5807e-08,0.1364537
1.5809e-08,0.14016300000000004
1.5811e-08,0.14367580000000002
1.5813e-08,0.14696529999999997
1.5815e-08,0.150011
1.5817e-08,0.15279759999999998
1.5819e-08,0.15531469999999992
1.5821e-08,0.15755489999999994
1.5823e-08,0.1595141
1.5825e-08,0.16119110000000003
1.5827e-08,0.16258620000000001
1.5829e-08,0.1637016
1.5831e-08,0.16454120000000005
1.5833e-08,0.16510940000000007
1.5835e-08,0.165412
1.5837e-08,0.16545530000000008
1.5839e-08,0.16524640000000002
1.5841e-08,0.16479239999999995
1.5843e-08,0.16410100000000005
1.5845e-08,0.1631802
1.5847e-08,0.16203809999999996
1.5849e-08,0.16068250000000006
1.5851e-08,0.15912190000000004
1.5853e-08,0.15736419999999995
1.5855e-08,0.1554177
1.5857e-08,0.15329019999999993
1.5859e-08,0.1509899
1.5861e-08,0.14852450000000006
1.5863e-08,0.14590160000000008
1.5865e-08,0.1431287
1.5867e-08,0.1402135
1.5869e-08,0.13716289999999998
1.5871e-08,0.13398389999999993
1.5873e-08,0.13068380000000002
1.5875e-08,0.12726890000000002
1.5877e-08,0.12374600000000002
1.5879e-08,0.12012119999999993
1.5881e-08,0.11640079999999997
1.5883e-08,0.11259090000000005
1.5885e-08,0.10869720000000005
1.5887e-08,0.10472550000000003
1.5889e-08,0.10068100000000002
1.5891e-08,0.09656929999999997
1.5893e-08,0.09239540000000002
1.5895e-08,0.08816429999999997
1.5897e-08,0.08388090000000004
1.5899e-08,0.0795496
1.5901e-08,0.0751752
1.5903e-08,0.07076199999999999
1.5905e-08,0.0663140000000001
1.5907e-08,0.061835399999999985
1.5909e-08,0.05733010000000005
1.5911e-08,0.05280170000000006
1.5913e-08,0.048254200000000025
1.5915e-08,0.04369059999999991
1.5917e-08,0.03911450000000005
1.5919e-08,0.03452909999999998
1.5921e-08,0.02993760000000001
1.5923e-08,0.02534269999999994
1.5925e-08,0.020747300000000024
1.5927e-08,0.016154299999999955
1.5929e-08,0.011566100000000024
1.5931e-08,0.0069853999999999195
1.5933e-08,0.0024143999999999277
1.5935e-08,-0.002144600000000052
1.5937e-08,-0.006689300000000009
1.5939e-08,-0.011217699999999997
1.5941e-08,-0.015727900000000017
1.5943e-08,-0.020218100000000017
1.5945e-08,-0.02468629999999994
1.5947e-08,-0.029131000000000018
1.5949e-08,-0.03355040000000009
1.5951e-08,-0.03794330000000001
1.5953e-08,-0.04230800000000001
1.5955e-08,-0.046643300000000054
1.5957e-08,-0.05094779999999999
1.5959e-08,-0.0552203
1.5961e-08,-0.05945990000000001
1.5963e-08,-0.06366539999999998
1.5965e-08,-0.06783590000000006
1.5967e-08,-0.07197019999999998
1.5969e-08,-0.07606789999999997
1.5971e-08,-0.08012780000000008
1.5973e-08,-0.08414949999999999
1.5975e-08,-0.08813209999999994
1.5977e-08,-0.09207510000000008
1.5979e-08,-0.0959778
1.5981e-08,-0.09983970000000009
1.5983e-08,-0.10366059999999999
1.5985e-08,-0.10743970000000003
1.5987e-08,-0.11117699999999997
1.5989e-08,-0.11487190000000003
1.5991e-08,-0.11852419999999997
1.5993e-08,-0.12213359999999995
1.5995e-08,-0.12569999999999992
1.5997e-08,-0.12922319999999998
1.59985e-08,-0.13183699999999998
1.6e-08,-0.1344381
1.60002e-08,-0.1347853
1.60006e-08,-0.1354803
1.60014e-08,-0.13687300000000002
1.6003e-08,-0.1396522
1.6005e-08,-0.14307579999999998
1.6007e-08,-0.1463951
1.6009e-08,-0.14956629999999993
1.6011e-08,-0.15255459999999998
1.6013e-08,-0.1553329000000001
1.6015e-08,-0.15788049999999998
1.6017e-08,-0.16018180000000004
1.6019e-08,-0.16222569999999992
1.6021e-08,-0.16400500000000007
1.6023e-08,-0.16551509999999992
1.6025e-08,-0.16675430000000002
1.6027e-08,-0.16772280000000006
1.6029e-08,-0.16842259999999998
1.6031e-08,-0.16885699999999992
1.6033e-08,-0.16903040000000003
1.6035e-08,-0.16894829999999994
1.6037e-08,-0.16861670000000006
1.6039e-08,-0.16804220000000003
1.6041e-08,-0.1672321
1.6043e-08,-0.1661939
1.6045e-08,-0.16493500000000005
1.6047e-08,-0.16346349999999998
1.6049e-08,-0.16178720000000002
1.6051e-08,-0.159914
1.6053e-08,-0.1578522
1.6055e-08,-0.1556094
1.6057e-08,-0.15319359999999993
1.6059e-08,-0.15061269999999993
1.6061e-08,-0.1478741
1.6063e-08,-0.1449857
1.6065e-08,-0.14195460000000004
1.6067e-08,-0.13878829999999998
1.6069e-08,-0.1354938
1.6071e-08,-0.13207790000000008
1.6073e-08,-0.12854769999999993
1.6075e-08,-0.12490939999999995
1.6077e-08,-0.12116970000000005
1.6079e-08,-0.11733480000000007
1.6081e-08,-0.11341079999999992
1.6083e-08,-0.1094035000000001
1.6085e-08,-0.10531859999999993
1.6087e-08,-0.10116179999999997
1.6089e-08,-0.09693849999999993
1.6091e-08,-0.09265369999999995
1.6093e-08,-0.08831270000000002
1.6095e-08,-0.0839202
1.6097e-08,-0.07948110000000008
1.6099e-08,-0.0749997
1.6101e-08,-0.0704806
1.6103e-08,-0.06592810000000005
1.6105e-08,-0.06134609999999996
1.6107e-08,-0.05673880000000009
1.6109e-08,-0.05210970000000004
1.6111e-08,-0.04746280000000003
1.6113e-08,-0.04280129999999993
1.6115e-08,-0.038128700000000015
1.6117e-08,-0.033448400000000045
1.6119e-08,-0.028763500000000053
1.6121e-08,-0.0240767999999999
1.6123e-08,-0.0193913
1.6125e-08,-0.014709699999999937
1.6127e-08,-0.010034600000000005
1.6129e-08,-0.005368600000000057
1.6131e-08,-0.0007140999999999398
1.6133e-08,0.003926700000000061
1.6135e-08,0.008551599999999993
1.6137e-08,0.013158400000000015
1.6139e-08,0.017745299999999964
1.6141e-08,0.022310400000000064
1.6143e-08,0.026851700000000034
1.6145e-08,0.0313677
1.6147e-08,0.03585689999999997
1.6149e-08,0.040317599999999953
1.6151e-08,0.044748300000000074
1.6153e-08,0.04914799999999997
1.6155e-08,0.053515199999999985
1.6157e-08,0.057848699999999975
1.6159e-08,0.062147400000000075
1.6161e-08,0.06641030000000003
1.6163e-08,0.07063649999999999
1.6165e-08,0.07482500000000003
1.6167e-08,0.07897489999999996
1.6169e-08,0.08308560000000009
1.6171e-08,0.08715630000000008
1.6173e-08,0.09118630000000005
1.6175e-08,0.09517500000000001
1.6177e-08,0.09912200000000004
1.6179e-08,0.10302659999999997
1.6181e-08,0.10688850000000005
1.6183e-08,0.1107072
1.6185e-08,0.11448239999999998
1.6187e-08,0.11821380000000004
1.6189e-08,0.1219011000000001
1.6191e-08,0.1255442
1.6193e-08,0.12914269999999994
1.6195e-08,0.1326965
1.6197e-08,0.13620560000000004
1.61985e-08,0.13880799999999993
1.62e-08,0.14138510000000004
1.62002e-08,0.14172740000000006
1.62006e-08,0.142413
1.62014e-08,0.14378979999999997
1.6203e-08,0.14654919999999994
1.6205e-08,0.14996690000000001
1.6207e-08,0.15329769999999998
1.6209e-08,0.15649410000000008
1.6211e-08,0.15951840000000006
1.6213e-08,0.16234110000000002
1.6215e-08,0.16493939999999996
1.6217e-08,0.167296
1.6219e-08,0.16939859999999995
1.6221e-08,0.1712384
1.6223e-08,0.17281019999999991
1.6225e-08,0.17411120000000002
1.6227e-08,0.1751412
1.6229e-08,0.17590130000000004
1.6231e-08,0.1763945
1.6233e-08,0.17662500000000003
1.6235e-08,0.17659750000000007
1.6237e-08,0.17631830000000004
1.6239e-08,0.1757936
1.6241e-08,0.17503030000000008
1.6243e-08,0.17403579999999996
1.6245e-08,0.17281769999999996
1.6247e-08,0.17138380000000009
1.6249e-08,0.16974200000000006
1.6251e-08,0.1679001
1.6253e-08,0.16586610000000002
1.6255e-08,0.16364809999999996
1.6257e-08,0.1612538
1.6259e-08,0.15869120000000003
1.6261e-08,0.1559678
1.6263e-08,0.1530914
1.6265e-08,0.1500692
1.6267e-08,0.14690860000000006
1.6269e-08,0.14361689999999994
1.6271e-08,0.14020100000000002
1.6273e-08,0.1366676
1.6275e-08,0.13302349999999996
1.6277e-08,0.12927509999999998
1.6279e-08,0.1254288
1.6281e-08,0.12149090000000007
1.6283e-08,0.11746689999999993
1.6285e-08,0.11336310000000005
1.6287e-08,0.10918479999999997
1.6289e-08,0.10493750000000002
1.6291e-08,0.10062669999999996
1.6293e-08,0.09625729999999999
1.6295e-08,0.09183439999999998
1.6297e-08,0.08736260000000007
1.6299e-08,0.0828468
1.6301e-08,0.0782912
1.6303e-08,0.07370050000000006
1.6305e-08,0.06907839999999998
1.6307e-08,0.06442929999999991
1.6309e-08,0.0597569
1.6311e-08,0.05506500000000003
1.6313e-08,0.050357100000000043
1.6315e-08,0.04563680000000003
1.6317e-08,0.04090729999999998
1.6319e-08,0.036171799999999976
1.6321e-08,0.0314335
1.6323e-08,0.02669520000000003
1.6325e-08,0.021959599999999968
1.6327e-08,0.017229700000000014
1.6329e-08,0.012507799999999958
1.6331e-08,0.007796499999999984
1.6333e-08,0.003098000000000045
1.6335e-08,-0.0015851999999999533
1.6337e-08,-0.006251200000000012
1.6339e-08,-0.010897799999999958
1.6341e-08,-0.015523300000000018
1.6343e-08,-0.020125599999999966
1.6345e-08,-0.02470300000000003
1.6347e-08,-0.029254200000000008
1.6349e-08,-0.03377720000000006
1.6351e-08,-0.03827080000000005
1.6353e-08,-0.04273340000000003
1.6355e-08,-0.047163900000000036
1.6357e-08,-0.05156099999999997
1.6359e-08,-0.055923500000000015
1.6361e-08,-0.06025040000000004
1.6363e-08,-0.06454059999999995
1.6365e-08,-0.06879310000000005
1.6367e-08,-0.0730073
1.6369e-08,-0.07718210000000003
1.6371e-08,-0.08131700000000008
1.6373e-08,-0.08541109999999996
1.6375e-08,-0.08946389999999993
1.6377e-08,-0.09347480000000008
1.6379e-08,-0.09744319999999995
1.6381e-08,-0.10136870000000009
1.6383e-08,-0.10525079999999998
1.6385e-08,-0.10908929999999994
1.6387e-08,-0.11288359999999997
1.6389e-08,-0.11663369999999995
1.6391e-08,-0.12033910000000003
1.6393e-08,-0.1239998
1.6395e-08,-0.1276155
1.6397e-08,-0.13118609999999997
1.63985e-08,-0.1338343999999999
1.64e-08,-0.1364573
1.64002e-08,-0.13680480000000006
1.64006e-08,-0.13749900000000004
1.64014e-08,-0.13888200000000006
1.6403e-08,-0.14162620000000004
1.6405e-08,-0.14501580000000003
1.6407e-08,-0.1483601
1.6409e-08,-0.15165909999999994
1.6411e-08,-0.15491310000000003
1.6413e-08,-0.15812210000000004
1.6415e-08,-0.16128599999999993
1.6417e-08,-0.1644053000000001
1.6419e-08,-0.16747999999999996
1.6421e-08,-0.17051019999999995
1.6423e-08,-0.17349630000000005
1.6425e-08,-0.1764384
1.6427e-08,-0.17933660000000007
1.6429e-08,-0.1821916
1.6431e-08,-0.18500320000000003
1.6433e-08,-0.1877721
1.6435e-08,-0.19049819999999995
1.6437e-08,-0.19318199999999996
1.6439e-08,-0.19582390000000005
1.6441e-08,-0.19842419999999994
1.6443e-08,-0.20098310000000008
1.6445e-08,-0.2035011
1.6447e-08,-0.2059784
1.6449e-08,-0.20841559999999992
1.6451e-08,-0.21081289999999997
1.6453e-08,-0.2131708
1.6455e-08,-0.21548960000000006
1.6457e-08,-0.21776969999999995
1.6459e-08,-0.22001150000000003
1.6461e-08,-0.22221559999999996
1.6463e-08,-0.22438200000000008
1.6465e-08,-0.2265115000000001
1.6467e-08,-0.22860419999999992
1.6469e-08,-0.2306608
1.6471e-08,-0.23268160000000004
1.6473e-08,-0.23466699999999996
1.6475e-08,-0.23661730000000003
1.6477e-08,-0.2385332
1.6479e-08,-0.2404149
1.6481e-08,-0.242263
1.6483e-08,-0.24407770000000006
1.6485e-08,-0.24585959999999996
1.6487e-08,-0.24760899999999997
1.6489e-08,-0.24932660000000006
1.6491e-08,-0.2510124
1.6493e-08,-0.2526672
1.6495e-08,-0.25429120000000005
1.6497e-08,-0.2558847999999999
1.6499e-08,-0.2574486
1.6501e-08,-0.2589829
1.6503e-08,-0.26048800000000005
1.6505e-08,-0.26196449999999993
1.6507e-08,-0.2634128
1.6509e-08,-0.2648332
1.6511e-08,-0.2662261
1.6513e-08,-0.26759199999999994
1.6515e-08,-0.2689313
1.6517e-08,-0.27024420000000005
1.6519e-08,-0.27153130000000003
1.6521e-08,-0.2727929
1.6523e-08,-0.27402950000000004
1.6525e-08,-0.2752413
1.6527e-08,-0.2764287999999999
1.6529e-08,-0.27759219999999996
1.6531e-08,-0.2787322
1.6533e-08,-0.2798488
1.6535e-08,-0.2809427
1.6537e-08,-0.28201410000000005
1.6539e-08,-0.28306339999999997
1.6541e-08,-0.2840908
1.6543e-08,-0.2850967
1.6545e-08,-0.28608159999999994
1.6547e-08,-0.2870458
1.6549e-08,-0.28798959999999996
1.6551e-08,-0.2889132
1.6553e-08,-0.2898172
1.6555e-08,-0.2907018
1.6557e-08,-0.2915672
1.6559e-08,-0.29241380000000006
1.6561e-08,-0.293242
1.6563e-08,-0.2940520999999999
1.6565e-08,-0.2948444
1.6567e-08,-0.2956190999999999
1.6569e-08,-0.2963766
1.6571e-08,-0.2971171
1.6573e-08,-0.297841
1.6575e-08,-0.2985485
1.6577e-08,-0.29923999999999995
1.6579e-08,-0.2999157
1.6581e-08,-0.3005759
1.6583e-08,-0.3012207000000001
1.6585e-08,-0.30185059999999997
1.6587e-08,-0.3024663000000001
1.6589e-08,-0.3030667
1.6591e-08,-0.30365320000000007
1.6593e-08,-0.30422669999999996
1.6595e-08,-0.30478549999999993
1.6597e-08,-0.3053305999999999
1.65985e-08,-0.30573190000000006
1.66e-08,-0.30613619999999997
1.66002e-08,-0.30619280000000004
1.66006e-08,-0.3063055
1.66014e-08,-0.3065378000000001
1.6603e-08,-0.30701219999999996
1.6605e-08,-0.3075861999999999
1.6607e-08,-0.30809300000000006
1.6609e-08,-0.30849190000000004
1.6611e-08,-0.3087493
1.6613e-08,-0.3088409999999999
1.6615e-08,-0.3087455
1.6617e-08,-0.3084481000000001
1.6619e-08,-0.30793780000000004
1.6621e-08,-0.30720819999999993
1.6623e-08,-0.3062521
1.6625e-08,-0.3050682000000001
1.6627e-08,-0.3036550000000001
1.6629e-08,-0.30201369999999994
1.6631e-08,-0.30014600000000013
1.6633e-08,-0.298056
1.6635e-08,-0.29574659999999997
1.6637e-08,-0.29322309999999996
1.6639e-08,-0.2904907
1.6641e-08,-0.2875553999999999
1.6643e-08,-0.2844232
1.6645e-08,-0.2811007
1.6647e-08,-0.27759449999999997
1.6649e-08,-0.27391160000000003
1.6651e-08,-0.2700589
1.6653e-08,-0.2660435
1.6655e-08,-0.26187250000000006
1.6657e-08,-0.2575528
1.6659e-08,-0.2530916999999999
1.6661e-08,-0.2484961
1.6663e-08,-0.24377300000000002
1.6665e-08,-0.23892919999999995
1.6667e-08,-0.23397159999999995
1.6669e-08,-0.22890670000000002
1.6671e-08,-0.22374130000000003
1.6673e-08,-0.2184817
1.6675e-08,-0.21313420000000005
1.6677e-08,-0.20770489999999997
1.6679e-08,-0.2022001
1.6681e-08,-0.1966255
1.6683e-08,-0.19098689999999996
1.6685e-08,-0.1852899
1.6687e-08,-0.17954009999999998
1.6689e-08,-0.17374270000000003
1.6691e-08,-0.16790269999999996
1.6693e-08,-0.16202539999999999
1.6695e-08,-0.15611549999999996
1.6697e-08,-0.15017780000000003
1.6699e-08,-0.14421669999999998
1.6701e-08,-0.13823680000000005
1.6703e-08,-0.13224219999999998
1.6705e-08,-0.1262371
1.6707e-08,-0.12022549999999999
1.6709e-08,-0.11421110000000001
1.6711e-08,-0.1081976
1.6713e-08,-0.10218860000000007
1.6715e-08,-0.09618750000000009
1.6717e-08,-0.09019750000000004
1.6719e-08,-0.08422180000000001
1.6721e-08,-0.07826320000000009
1.6723e-08,-0.07232470000000002
1.6725e-08,-0.0664091
1.6727e-08,-0.060518799999999984
1.6729e-08,-0.0546565
1.6731e-08,-0.04882430000000004
1.6733e-08,-0.04302470000000003
1.6735e-08,-0.0372595
1.6737e-08,-0.03153119999999998
1.6739e-08,-0.025841199999999898
1.6741e-08,-0.020191699999999924
1.6743e-08,-0.014584000000000041
1.6745e-08,-0.009020099999999975
1.6747e-08,-0.0035010999999999237
1.6749e-08,0.001971200000000062
1.6751e-08,0.007395799999999952
1.6753e-08,0.012771399999999988
1.6755e-08,0.018096800000000024
1.6757e-08,0.023371099999999978
1.6759e-08,0.028593099999999927
1.6761e-08,0.033762099999999906
1.6763e-08,0.038877300000000004
1.6765e-08,0.043937799999999916
1.6767e-08,0.04894310000000002
1.6769e-08,0.05389259999999996
1.6771e-08,0.05878559999999999
1.6773e-08,0.06362159999999994
1.6775e-08,0.06840040000000003
1.6777e-08,0.07312160000000001
1.6779e-08,0.07778469999999993
1.6781e-08,0.08238960000000006
1.6783e-08,0.08693609999999996
1.6785e-08,0.09142410000000001
1.6787e-08,0.09585330000000003
1.6789e-08,0.10022379999999997
1.6791e-08,0.1045355
1.6793e-08,0.10878849999999995
1.6795e-08,0.11298280000000005
1.6797e-08,0.11711850000000001
1.67985e-08,0.1201818
1.68e-08,0.123224
1.68002e-08,0.1236292
1.68006e-08,0.12444010000000005
1.68014e-08,0.12606289999999998
1.6803e-08,0.12929539999999995
1.6805e-08,0.13327259999999996
1.6807e-08,0.1371313999999999
1.6809e-08,0.14082830000000002
1.6811e-08,0.14432880000000003
1.6813e-08,0.14760590000000007
1.6815e-08,0.15063949999999993
1.6817e-08,0.15341400000000005
1.6819e-08,0.15591899999999992
1.6821e-08,0.1581473
1.6823e-08,0.16009490000000004
1.6825e-08,0.16176010000000007
1.6827e-08,0.16314359999999994
1.6829e-08,0.16424760000000005
1.6831e-08,0.1650758
1.6833e-08,0.16563269999999997
1.6835e-08,0.16592419999999997
1.6837e-08,0.1659566
1.6839e-08,0.16573669999999996
1.6841e-08,0.16527199999999997
1.6843e-08,0.16456990000000005
1.6845e-08,0.16363850000000002
1.6847e-08,0.1624858
1.6849e-08,0.16112000000000004
1.6851e-08,0.15954899999999994
1.6853e-08,0.1577813
1.6855e-08,0.15582470000000004
1.6857e-08,0.15368739999999992
1.6859e-08,0.1513772
1.6861e-08,0.14890210000000004
1.6863e-08,0.1462696
1.6865e-08,0.1434873000000001
1.6867e-08,0.14056259999999998
1.6869e-08,0.13750269999999998
1.6871e-08,0.1343147
1.6873e-08,0.13100540000000005
1.6875e-08,0.12758159999999996
1.6877e-08,0.12404979999999999
1.6879e-08,0.12041630000000003
1.6881e-08,0.1166874
1.6883e-08,0.11286890000000005
1.6885e-08,0.10896679999999992
1.6887e-08,0.10498669999999999
1.6889e-08,0.10093410000000003
1.6891e-08,0.09681430000000002
1.6893e-08,0.09263239999999995
1.6895e-08,0.08839350000000001
1.6897e-08,0.08410229999999996
1.6899e-08,0.07976339999999993
1.6901e-08,0.07538149999999999
1.6903e-08,0.07096080000000005
1.6905e-08,0.0665055
1.6907e-08,0.06201980000000007
1.6909e-08,0.057507399999999986
1.6911e-08,0.052972099999999966
1.6913e-08,0.04841770000000001
1.6915e-08,0.04384739999999998
1.6917e-08,0.0392648000000001
1.6919e-08,0.034672999999999954
1.6921e-08,0.030074899999999904
1.6923e-08,0.025473699999999933
1.6925e-08,0.020872299999999955
1.6927e-08,0.016273199999999988
1.6929e-08,0.0116792
1.6931e-08,0.007092700000000063
1.6933e-08,0.0025160000000000737
1.6935e-08,-0.0020485000000000086
1.6937e-08,-0.006598699999999957
1.6939e-08,-0.01113249999999999
1.6941e-08,-0.015647899999999937
1.6943e-08,-0.020143200000000028
1.6945e-08,-0.024616399999999983
1.6947e-08,-0.029066000000000036
1.6949e-08,-0.033490300000000084
1.6951e-08,-0.03788780000000003
1.6953e-08,-0.042257099999999936
1.6955e-08,-0.04659689999999994
1.6957e-08,-0.0509058
1.6959e-08,-0.05518270000000003
1.6961e-08,-0.05942649999999994
1.6963e-08,-0.06363600000000003
1.6965e-08,-0.06781040000000005
1.6967e-08,-0.07194869999999998
1.6969e-08,-0.07605010000000001
1.6971e-08,-0.08011380000000001
1.6973e-08,-0.08413910000000002
1.6975e-08,-0.08812510000000007
1.6977e-08,-0.09207149999999997
1.6979e-08,-0.09597750000000005
1.6981e-08,-0.09984280000000001
1.6983e-08,-0.10366680000000006
1.6985e-08,-0.10744910000000008
1.6987e-08,-0.11118919999999999
1.6989e-08,-0.11488699999999996
1.6991e-08,-0.11854220000000004
1.6993e-08,-0.12215430000000005
1.6995e-08,-0.12572339999999993
1.6997e-08,-0.1292491
1.69985e-08,-0.13186489999999995
1.7e-08,-0.13445620000000003
1.70002e-08,-0.13479960000000002
1.70006e-08,-0.13548559999999998
1.70014e-08,-0.13685230000000004
1.7003e-08,-0.1395649
1.7005e-08,-0.1429163
1.7007e-08,-0.14622409999999997
1.7009e-08,-0.14948819999999996
1.7011e-08,-0.15270870000000003
1.7013e-08,-0.15588579999999996
1.7015e-08,-0.15901929999999997
1.7017e-08,-0.16210939999999996
1.7019e-08,-0.16515639999999998
1.7021e-08,-0.16816030000000004
1.7023e-08,-0.17112130000000003
1.7025e-08,-0.17403970000000002
1.7027e-08,-0.17691560000000006
1.7029e-08,-0.17974920000000005
1.7031e-08,-0.18254079999999995
1.7033e-08,-0.18529069999999992
1.7035e-08,-0.18799909999999997
1.7037e-08,-0.1906662
1.7039e-08,-0.19329259999999993
1.7041e-08,-0.1958782
1.7043e-08,-0.19842359999999992
1.7045e-08,-0.20092909999999997
1.7047e-08,-0.20339489999999993
1.7049e-08,-0.20582129999999998
1.7051e-08,-0.20820899999999998
1.7053e-08,-0.21055800000000002
1.7055e-08,-0.21286880000000008
1.7057e-08,-0.2151419
1.7059e-08,-0.2173773
1.7061e-08,-0.2195758
1.7063e-08,-0.22173759999999998
1.7065e-08,-0.22386299999999992
1.7067e-08,-0.2259525
1.7069e-08,-0.2280065
1.7071e-08,-0.23002540000000005
1.7073e-08,-0.23200949999999998
1.7075e-08,-0.23395940000000004
1.7077e-08,-0.23587519999999995
1.7079e-08,-0.2377576
1.7081e-08,-0.23960690000000007
1.7083e-08,-0.2414235
1.7085e-08,-0.24320769999999992
1.7087e-08,-0.24496010000000001
1.7089e-08,-0.24668100000000004
1.7091e-08,-0.2483708
1.7093e-08,-0.2500298999999999
1.7095e-08,-0.25165880000000007
1.7097e-08,-0.2532578
1.7099e-08,-0.2548273
1.7101e-08,-0.25636780000000003
1.7103e-08,-0.25787949999999993
1.7105e-08,-0.259363
1.7107e-08,-0.2608186
1.7109e-08,-0.2622468
1.7111e-08,-0.2636478
1.7113e-08,-0.2650220999999999
1.7115e-08,-0.2663702
1.7117e-08,-0.26769219999999994
1.7119e-08,-0.26898869999999997
1.7121e-08,-0.27025999999999994
1.7123e-08,-0.27150659999999993
1.7125e-08,-0.27272870000000005
1.7127e-08,-0.2739266
1.7129e-08,-0.27510099999999993
1.7131e-08,-0.27625200000000005
1.7133e-08,-0.2773798999999999
1.7135e-08,-0.27848529999999994
1.7137e-08,-0.2795683
1.7139e-08,-0.2806293999999999
1.7141e-08,-0.28166900000000006
1.7143e-08,-0.2826873
1.7145e-08,-0.28368460000000006
1.7147e-08,-0.2846615
1.7149e-08,-0.2856181
1.7151e-08,-0.2865548
1.7153e-08,-0.28747180000000006
1.7155e-08,-0.28836970000000006
1.7157e-08,-0.2892485
1.7159e-08,-0.2901087
1.7161e-08,-0.2909505
1.7163e-08,-0.2917744
1.7165e-08,-0.2925804999999999
1.7167e-08,-0.2933692
1.7169e-08,-0.2941408
1.7171e-08,-0.29489540000000003
1.7173e-08,-0.29563360000000005
1.7175e-08,-0.2963555
1.7177e-08,-0.2970613
1.7179e-08,-0.29775149999999995
1.7181e-08,-0.29842630000000003
1.7183e-08,-0.29908579999999996
1.7185e-08,-0.29973040000000006
1.7187e-08,-0.30036039999999997
1.7189e-08,-0.30097609999999997
1.7191e-08,-0.3015770000000001
1.7193e-08,-0.30216500000000013
1.7195e-08,-0.30273929999999993
1.7197e-08,-0.3032998
1.71985e-08,-0.3037107000000001
1.72e-08,-0.30411600000000005
1.72002e-08,-0.30416940000000015
1.72006e-08,-0.3042750999999999
1.72014e-08,-0.3044867
1.7203e-08,-0.3049029000000001
1.7205e-08,-0.3054121000000001
1.7207e-08,-0.3059092
1.7209e-08,-0.30639440000000007
1.7211e-08,-0.3068677999999999
1.7213e-08,-0.3073294000000001
1.7215e-08,-0.3077805
1.7217e-08,-0.308219
1.7219e-08,-0.3086479999999999
1.7221e-08,-0.30906579999999995
1.7223e-08,-0.30947239999999987
1.7225e-08,-0.30986880000000006
1.7227e-08,-0.31025629999999993
1.7229e-08,-0.31063280000000015
1.7231e-08,-0.3109995
1.7233e-08,-0.31135749999999995
1.7235e-08,-0.3117057999999999
1.7237e-08,-0.3120446000000001
1.7239e-08,-0.3123739
1.7241e-08,-0.31269479999999994
1.7243e-08,-0.3130075000000001
1.7245e-08,-0.3133119000000001
1.7247e-08,-0.31360730000000003
1.7249e-08,-0.3138946
1.7251e-08,-0.3141739
1.7253e-08,-0.3144454000000001
1.7255e-08,-0.31470999999999993
1.7257e-08,-0.31496599999999997
1.7259e-08,-0.3152153000000001
1.7261e-08,-0.315457
1.7263e-08,-0.31569120000000006
1.7265e-08,-0.31591899999999995
1.7267e-08,-0.3161404
1.7269e-08,-0.31635460000000004
1.7271e-08,-0.3165625000000001
1.7273e-08,-0.3167643000000001
1.7275e-08,-0.31695989999999996
1.7277e-08,-0.3171485999999999
1.7279e-08,-0.3173323
1.7281e-08,-0.3175091
1.7283e-08,-0.31768109999999994
1.7285e-08,-0.3178462000000001
1.7287e-08,-0.3180067
1.7289e-08,-0.3181625
1.7291e-08,-0.31831180000000003
1.7293e-08,-0.3184564
1.7295e-08,-0.3185965999999999
1.7297e-08,-0.3187313999999999
1.7299e-08,-0.31886080000000006
1.7301e-08,-0.3189867999999999
1.7303e-08,-0.31910760000000005
1.7305e-08,-0.31922309999999987
1.7307e-08,-0.3193354999999999
1.7309e-08,-0.3194427999999999
1.7311e-08,-0.31954590000000005
1.7313e-08,-0.3196450999999999
1.7315e-08,-0.31974020000000003
1.7317e-08,-0.31983149999999994
1.7319e-08,-0.31991879999999995
1.7321e-08,-0.32000229999999996
1.7323e-08,-0.32008190000000003
1.7325e-08,-0.32015879999999997
1.7327e-08,-0.32023199999999996
1.7329e-08,-0.3203015
1.7331e-08,-0.32036739999999997
1.7333e-08,-0.3204306
1.7335e-08,-0.3204903
1.7337e-08,-0.32054649999999985
1.7339e-08,-0.32060009999999994
1.7341e-08,-0.3206513999999999
1.7343e-08,-0.3206991
1.7345e-08,-0.32074460000000016
1.7347e-08,-0.3207865999999999
1.7349e-08,-0.32082640000000007
1.7351e-08,-0.32086380000000003
1.7353e-08,-0.32089809999999996
1.7355e-08,-0.3209301
1.7357e-08,-0.3209599000000001
1.7359e-08,-0.3209875000000001
1.7361e-08,-0.3210120999999999
1.7363e-08,-0.32103550000000003
1.7365e-08,-0.3210557999999999
1.7367e-08,-0.3210752
1.7369e-08,-0.3210915
1.7371e-08,-0.3211058000000001
1.7373e-08,-0.3211182
1.7375e-08,-0.3211296
1.7377e-08,-0.3211381000000001
1.7379e-08,-0.32114580000000004
1.7381e-08,-0.32115060000000006
1.7383e-08,-0.3211544999999999
1.7385e-08,-0.3211567000000001
1.7387e-08,-0.321157
1.7389e-08,-0.3211566
1.7391e-08,-0.3211535
1.7393e-08,-0.3211495999999999
1.7395e-08,-0.321144
1.7397e-08,-0.3211377999999999
1.73985e-08,-0.3211319
1.74e-08,-0.32112470000000015
1.74002e-08,-0.3211242000000001
1.74006e-08,-0.32112229999999997
1.74014e-08,-0.3211183999999999
1.7403e-08,-0.3211092000000001
1.7405e-08,-0.32109739999999987
1.7407e-08,-0.3210841000000001
1.7409e-08,-0.3210702
1.7411e-08,-0.3210546999999999
1.7413e-08,-0.3210386999999999
1.7415e-08,-0.3210212
1.7417e-08,-0.32100320000000004
1.7419e-08,-0.32098380000000004
1.7421e-08,-0.32096290000000005
1.7423e-08,-0.3209425
1.7425e-08,-0.32091970000000003
1.7427e-08,-0.32089750000000006
1.7429e-08,-0.32087389999999993
1.7431e-08,-0.3208488999999999
1.7433e-08,-0.32082350000000015
1.7435e-08,-0.3207978
1.7437e-08,-0.3207717
1.7439e-08,-0.3207443000000001
1.7441e-08,-0.32071549999999993
1.7443e-08,-0.3206875
1.7445e-08,-0.3206581999999999
1.7447e-08,-0.32062860000000004
1.7449e-08,-0.3205986999999999
1.7451e-08,-0.3205674999999999
1.7453e-08,-0.3205360999999999
1.7455e-08,-0.32050449999999986
1.7457e-08,-0.32047159999999997
1.7459e-08,-0.32043959999999994
1.7461e-08,-0.32040630000000003
1.7463e-08,-0.3203728000000001
1.7465e-08,-0.3203390999999999
1.7467e-08,-0.3203043000000001
1.7469e-08,-0.3202702999999999
1.7471e-08,-0.3202351000000001
1.7473e-08,-0.32019980000000003
1.7475e-08,-0.32016429999999996
1.7477e-08,-0.32012870000000004
1.7479e-08,-0.32009299999999996
1.7481e-08,-0.3200570999999999
1.7483e-08,-0.3200202
1.7485e-08,-0.31998309999999996
1.7487e-08,-0.3199470000000001
1.7489e-08,-0.3199097000000001
1.7491e-08,-0.31987240000000006
1.7493e-08,-0.3198350000000001
1.7495e-08,-0.31979749999999985
1.7497e-08,-0.31975999999999993
1.7499e-08,-0.31972239999999996
1.7501e-08,-0.3196847999999999
1.7503e-08,-0.31964610000000004
1.7505e-08,-0.3196084
1.7507e-08,-0.31957060000000004
1.7509e-08,-0.31953280000000006
1.7511e-08,-0.31949399999999994
1.7513e-08,-0.31945619999999997
1.7515e-08,-0.31941739999999996
1.7517e-08,-0.31937950000000004
1.7519e-08,-0.31934170000000006
1.7521e-08,-0.3193027999999999
1.7523e-08,-0.3192649999999999
1.7525e-08,-0.31922719999999993
1.7527e-08,-0.3191883
1.7529e-08,-0.31915060000000006
1.7531e-08,-0.3191128
1.7533e-08,-0.3190740000000001
1.7535e-08,-0.31903629999999994
1.7537e-08,-0.3189985999999999
1.7539e-08,-0.31896099999999994
1.7541e-08,-0.31892339999999997
1.7543e-08,-0.31888479999999997
1.7545e-08,-0.31884730000000006
1.7547e-08,-0.3188099
1.7549e-08,-0.31877240000000007
1.7551e-08,-0.31873609999999997
1.7553e-08,-0.31869879999999995
1.7555e-08,-0.3186616
1.7557e-08,-0.31862440000000003
1.7559e-08,-0.31858829999999994
1.7561e-08,-0.3185511999999999
1.7563e-08,-0.31851530000000006
1.7565e-08,-0.31847840000000005
1.7567e-08,-0.3184426
1.7569e-08,-0.3184068
1.7571e-08,-0.31837110000000013
1.7573e-08,-0.31833560000000005
1.7575e-08,-0.3183001
1.7577e-08,-0.3182646000000001
1.7579e-08,-0.31822930000000005
1.7581e-08,-0.3181940999999999
1.7583e-08,-0.31815990000000005
1.7585e-08,-0.3181248
1.7587e-08,-0.31809089999999995
1.7589e-08,-0.3180559999999999
1.7591e-08,-0.31802220000000003
1.7593e-08,-0.3179885
1.7595e-08,-0.31795489999999993
1.7597e-08,-0.3179214
1.75985e-08,-0.3178960999999999
1.76e-08,-0.3178835
1.76002e-08,-0.31788379999999994
1.76006e-08,-0.3178871000000001
1.76014e-08,-0.3179002999999999
1.7603e-08,-0.31794469999999986
1.7605e-08,-0.31799120000000003
1.7607e-08,-0.3179839000000001
1.7609e-08,-0.3178811
1.7611e-08,-0.3176491
1.7613e-08,-0.3172624999999999
1.7615e-08,-0.3166998000000001
1.7617e-08,-0.3159470000000001
1.7619e-08,-0.3149931
1.7621e-08,-0.3138284000000001
1.7623e-08,-0.3124484999999999
1.7625e-08,-0.310851
1.7627e-08,-0.30903329999999996
1.7629e-08,-0.30699730000000014
1.7631e-08,-0.3047445000000001
1.7633e-08,-0.3022768
1.7635e-08,-0.29959939999999996
1.7637e-08,-0.2967157
1.7639e-08,-0.2936316
1.7641e-08,-0.2903525
1.7643e-08,-0.2868843
1.7645e-08,-0.2832336
1.7647e-08,-0.2794067
1.7649e-08,-0.27541039999999994
1.7651e-08,-0.2712517
1.7653e-08,-0.2669374
1.7655e-08,-0.26247450000000005
1.7657e-08,-0.2578701000000001
1.7659e-08,-0.253131
1.7661e-08,-0.2482643
1.7663e-08,-0.2432767
1.7665e-08,-0.23817510000000008
1.7667e-08,-0.2329662
1.7669e-08,-0.2276566
1.7671e-08,-0.22225289999999998
1.7673e-08,-0.21676130000000005
1.7675e-08,-0.21118819999999994
1.7677e-08,-0.20553959999999993
1.7679e-08,-0.19982159999999993
1.7681e-08,-0.19404
1.7683e-08,-0.1882005
1.7685e-08,-0.18230860000000004
1.7687e-08,-0.17636969999999996
1.7689e-08,-0.17038909999999996
1.7691e-08,-0.16437200000000007
1.7693e-08,-0.15832309999999994
1.7695e-08,-0.15224740000000003
1.7697e-08,-0.14614930000000004
1.7699e-08,-0.14003359999999998
1.7701e-08,-0.13390449999999998
1.7703e-08,-0.12776600000000005
1.7705e-08,-0.12162240000000002
1.7707e-08,-0.11547750000000001
1.7709e-08,-0.10933490000000001
1.7711e-08,-0.10319849999999997
1.7713e-08,-0.09707150000000009
1.7715e-08,-0.09095719999999996
1.7717e-08,-0.08485889999999996
1.7719e-08,-0.0787795
1.7721e-08,-0.07272200000000006
1.7723e-08,-0.0666892
1.7725e-08,-0.06068360000000006
1.7727e-08,-0.05470790000000003
1.7729e-08,-0.048764199999999924
1.7731e-08,-0.042854999999999976
1.7733e-08,-0.03698250000000003
1.7735e-08,-0.031148500000000023
1.7737e-08,-0.025355099999999964
1.7739e-08,-0.019604000000000066
1.7741e-08,-0.013897000000000048
1.7743e-08,-0.00823560000000001
1.7745e-08,-0.002621399999999996
1.7747e-08,0.0029441999999999524
1.7749e-08,0.008459900000000076
1.7751e-08,0.013924599999999954
1.7753e-08,0.019337099999999996
1.7755e-08,0.02469639999999995
1.7757e-08,0.03000130000000001
1.7759e-08,0.03525119999999993
1.7761e-08,0.04044519999999996
1.7763e-08,0.04558249999999997
1.7765e-08,0.050662500000000055
1.7767e-08,0.05568479999999998
1.7769e-08,0.060648499999999994
1.7771e-08,0.0655534000000001
1.7773e-08,0.07039910000000005
1.7775e-08,0.0751851
1.7777e-08,0.07991130000000002
1.7779e-08,0.08457729999999997
1.7781e-08,0.08918319999999991
1.7783e-08,0.09372849999999999
1.7785e-08,0.0982134
1.7787e-08,0.1026376
1.7789e-08,0.10700129999999997
1.7791e-08,0.11130449999999992
1.7793e-08,0.11554739999999997
1.7795e-08,0.11972999999999989
1.7797e-08,0.12385229999999992
1.77985e-08,0.12690469999999998
1.78e-08,0.12992359999999992
1.78002e-08,0.13032390000000005
1.78006e-08,0.13112560000000006
1.78014e-08,0.1327328000000001
1.7803e-08,0.135946
1.7805e-08,0.13991810000000005
1.7807e-08,0.1437891
1.7809e-08,0.14751179999999997
1.7811e-08,0.15104910000000005
1.7813e-08,0.15437120000000004
1.7815e-08,0.1574561
1.7817e-08,0.1602867
1.7819e-08,0.16285070000000001
1.7821e-08,0.16514019999999996
1.7823e-08,0.16714980000000002
1.7825e-08,0.16887740000000007
1.7827e-08,0.17032290000000005
1.7829e-08,0.17148770000000002
1.7831e-08,0.1723751
1.7833e-08,0.17298960000000008
1.7835e-08,0.1733365
1.7837e-08,0.1734217
1.7839e-08,0.17325199999999996
1.7841e-08,0.17283460000000006
1.7843e-08,0.17217709999999997
1.7845e-08,0.17128720000000008
1.7847e-08,0.17017290000000007
1.7849e-08,0.16884220000000005
1.7851e-08,0.1673034
1.7853e-08,0.1655645
1.7855e-08,0.1636335
1.7857e-08,0.16151870000000002
1.7859e-08,0.15922779999999992
1.7861e-08,0.1567689
1.7863e-08,0.1541496
1.7865e-08,0.15137729999999994
1.7867e-08,0.14845980000000003
1.7869e-08,0.1454040000000001
1.7871e-08,0.14221719999999993
1.7873e-08,0.13890629999999993
1.7875e-08,0.13547810000000005
1.7877e-08,0.13193909999999998
1.7879e-08,0.12829579999999996
1.7881e-08,0.12455450000000001
1.7883e-08,0.12072119999999997
1.7885e-08,0.11680170000000001
1.7887e-08,0.11280190000000001
1.7889e-08,0.10872709999999997
1.7891e-08,0.10458299999999998
1.7893e-08,0.10037460000000009
1.7895e-08,0.09610709999999989
1.7897e-08,0.09178529999999996
1.7899e-08,0.08741389999999993
1.7901e-08,0.0829974
1.7903e-08,0.07854039999999995
1.7905e-08,0.07404719999999998
1.7907e-08,0.06952170000000002
1.7909e-08,0.06496800000000003
1.7911e-08,0.06038979999999994
1.7913e-08,0.05579089999999998
1.7915e-08,0.051174799999999965
1.7917e-08,0.046545100000000006
1.7919e-08,0.041904800000000075
1.7921e-08,0.03725719999999999
1.7923e-08,0.03260529999999995
1.7925e-08,0.02795189999999992
1.7927e-08,0.023299999999999987
1.7929e-08,0.01865210000000006
1.7931e-08,0.014010800000000101
1.7933e-08,0.009378500000000067
1.7935e-08,0.0047575999999999175
1.7937e-08,0.00015019999999998923
1.7939e-08,-0.00444140000000004
1.7941e-08,-0.00901530000000006
1.7943e-08,-0.013569500000000012
1.7945e-08,-0.018102300000000016
1.7947e-08,-0.022611900000000018
1.7949e-08,-0.027096800000000032
1.7951e-08,-0.03155510000000006
1.7953e-08,-0.035985500000000004
1.7955e-08,-0.040386800000000056
1.7957e-08,-0.044757500000000006
1.7959e-08,-0.04909629999999998
1.7961e-08,-0.053402199999999955
1.7963e-08,-0.05767410000000006
1.7965e-08,-0.06191099999999994
1.7967e-08,-0.0661117000000001
1.7969e-08,-0.0702756
1.7971e-08,-0.07440179999999996
1.7973e-08,-0.0784895000000001
1.7975e-08,-0.08253789999999994
1.7977e-08,-0.08654660000000003
1.7979e-08,-0.09051490000000006
1.7981e-08,-0.09444220000000003
1.7983e-08,-0.09832810000000003
1.7985e-08,-0.10217199999999993
1.7987e-08,-0.10597370000000006
1.7989e-08,-0.10973279999999996
1.7991e-08,-0.11344889999999996
1.7993e-08,-0.11712179999999994
1.7995e-08,-0.1207513
1.7997e-08,-0.12433720000000004
1.79985e-08,-0.12699780000000005
1.8e-08,-0.12963380000000002
1.80002e-08,-0.12998319999999997
1.80006e-08,-0.13068100000000005
1.80014e-08,-0.1320715
1.8003e-08,-0.13483120000000004
1.8005e-08,-0.13824139999999996
1.8007e-08,-0.1416075
1.8009e-08,-0.14492949999999993
1.8011e-08,-0.1482076
1.8013e-08,-0.1514416999999999
1.8015e-08,-0.15463189999999993
1.8017e-08,-0.15777819999999998
1.8019e-08,-0.1608809
1.8021e-08,-0.16394019999999998
1.8023e-08,-0.16695610000000005
1.8025e-08,-0.16992870000000004
1.8027e-08,-0.17285840000000008
1.8029e-08,-0.1757455
1.8031e-08,-0.17858999999999992
1.8033e-08,-0.18139229999999995
1.8035e-08,-0.18415250000000005
1.8037e-08,-0.18687109999999996
1.8039e-08,-0.18954839999999995
1.8041e-08,-0.19218439999999992
1.8043e-08,-0.1947797
1.8045e-08,-0.19733450000000008
1.8047e-08,-0.1998491
1.8049e-08,-0.2023241
1.8051e-08,-0.20475949999999998
1.8053e-08,-0.2071558
1.8055e-08,-0.20951340000000007
1.8057e-08,-0.21183269999999998
1.8059e-08,-0.21411400000000003
1.8061e-08,-0.2163577
1.8063e-08,-0.2185642
1.8065e-08,-0.22073379999999998
1.8067e-08,-0.22286700000000004
1.8069e-08,-0.22496420000000006
1.8071e-08,-0.22702579999999994
1.8073e-08,-0.22905220000000004
1.8075e-08,-0.23104370000000007
1.8077e-08,-0.23300069999999995
1.8079e-08,-0.23492380000000002
1.8081e-08,-0.23681319999999995
1.8083e-08,-0.23866949999999998
1.8085e-08,-0.2404929
1.8087e-08,-0.24228399999999994
1.8089e-08,-0.24404320000000002
1.8091e-08,-0.24577079999999996
1.8093e-08,-0.2474672
1.8095e-08,-0.24913279999999993
1.8097e-08,-0.2507682
1.8099e-08,-0.25237350000000003
1.8101e-08,-0.2539494
1.8103e-08,-0.2554961
1.8105e-08,-0.25701419999999997
1.8107e-08,-0.25850380000000006
1.8109e-08,-0.2599656
1.8111e-08,-0.26139980000000007
1.8113e-08,-0.26280690000000007
1.8115e-08,-0.26418720000000007
1.8117e-08,-0.26554120000000003
1.8119e-08,-0.26686909999999997
1.8121e-08,-0.2681715
1.8123e-08,-0.26944860000000004
1.8125e-08,-0.2707009
1.8127e-08,-0.2719287
1.8129e-08,-0.27313240000000005
1.8131e-08,-0.2743123999999999
1.8133e-08,-0.2754689
1.8135e-08,-0.27660260000000003
1.8137e-08,-0.2777134
1.8139e-08,-0.27880209999999994
1.8141e-08,-0.27986869999999997
1.8143e-08,-0.28091369999999993
1.8145e-08,-0.28193750000000006
1.8147e-08,-0.2829402
1.8149e-08,-0.2839224
1.8151e-08,-0.28488440000000004
1.8153e-08,-0.2858263
1.8155e-08,-0.2867487000000001
1.8157e-08,-0.2876518
1.8159e-08,-0.28853589999999996
1.8161e-08,-0.2894013
1.8163e-08,-0.2902484000000001
1.8165e-08,-0.29107740000000004
1.8167e-08,-0.2918887
1.8169e-08,-0.29268249999999996
1.8171e-08,-0.2934591
1.8173e-08,-0.29421889999999995
1.8175e-08,-0.29496219999999995
1.8177e-08,-0.29568910000000004
1.8179e-08,-0.29639990000000005
1.8181e-08,-0.29709510000000006
1.8183e-08,-0.2977748
1.8185e-08,-0.29843929999999996
1.8187e-08,-0.29908879999999993
1.8189e-08,-0.2997236999999999
1.8191e-08,-0.30034420000000006
1.8193e-08,-0.30095040000000006
1.8195e-08,-0.30154289999999995
1.8197e-08,-0.30212150000000015
1.81985e-08,-0.30254709999999996
1.82e-08,-0.3029767000000001
1.82002e-08,-0.3030359
1.82006e-08,-0.30315480000000006
1.82014e-08,-0.3034005999999999
1.8203e-08,-0.30389999999999995
1.8205e-08,-0.30450599999999994
1.8207e-08,-0.30504490000000006
1.8209e-08,-0.30547459999999993
1.8211e-08,-0.3057637999999999
1.8213e-08,-0.3058849
1.8215e-08,-0.3058187000000001
1.8217e-08,-0.30555030000000005
1.8219e-08,-0.30506770000000005
1.8221e-08,-0.3043656000000001
1.8223e-08,-0.30343659999999995
1.8225e-08,-0.30227859999999995
1.8227e-08,-0.300891
1.8229e-08,-0.29927500000000007
1.8231e-08,-0.29743260000000005
1.8233e-08,-0.29536640000000003
1.8235e-08,-0.2930809999999999
1.8237e-08,-0.2905808999999999
1.8239e-08,-0.2878716
1.8241e-08,-0.2849590000000001
1.8243e-08,-0.2818491999999999
1.8245e-08,-0.2785489
1.8247e-08,-0.27506469999999994
1.8249e-08,-0.2714034000000001
1.8251e-08,-0.2675723000000001
1.8253e-08,-0.2635782
1.8255e-08,-0.2594284
1.8257e-08,-0.25512999999999997
1.8259e-08,-0.2506899
1.8261e-08,-0.2461152000000001
1.8263e-08,-0.24141309999999994
1.8265e-08,-0.23659009999999991
1.8267e-08,-0.23165329999999995
1.8269e-08,-0.22660919999999996
1.8271e-08,-0.22146469999999996
1.8273e-08,-0.21622570000000008
1.8275e-08,-0.21089899999999995
1.8277e-08,-0.20549059999999997
1.8279e-08,-0.20000659999999992
1.8281e-08,-0.19445269999999992
1.8283e-08,-0.18883499999999998
1.8285e-08,-0.1831588999999999
1.8287e-08,-0.17742990000000003
1.8289e-08,-0.1716533
1.8291e-08,-0.16583420000000004
1.8293e-08,-0.15997780000000006
1.8295e-08,-0.15408869999999997
1.8297e-08,-0.1481718999999999
1.8299e-08,-0.14223169999999996
1.8301e-08,-0.13627270000000002
1.8303e-08,-0.13029899999999994
1.8305e-08,-0.12431479999999995
1.8307e-08,-0.11832399999999998
1.8309e-08,-0.11233040000000005
1.8311e-08,-0.10633780000000004
1.8313e-08,-0.10034949999999998
1.8315e-08,-0.09436909999999998
1.8317e-08,-0.08839970000000008
1.8319e-08,-0.08244459999999998
1.8321e-08,-0.07650659999999998
1.8323e-08,-0.0705886
1.8325e-08,-0.06469340000000001
1.8327e-08,-0.05882339999999997
1.8329e-08,-0.05298119999999995
1.8331e-08,-0.04716929999999997
1.8333e-08,-0.041389699999999974
1.8335e-08,-0.035644600000000026
1.8337e-08,-0.02993610000000002
1.8339e-08,-0.024265799999999893
1.8341e-08,-0.01863590000000004
1.8343e-08,-0.013047799999999943
1.8345e-08,-0.007503200000000043
1.8347e-08,-0.0020035999999999943
1.8349e-08,0.0034497999999999474
1.8351e-08,0.00885530000000001
1.8353e-08,0.01421209999999995
1.8355e-08,0.019518799999999947
1.8357e-08,0.024774500000000033
1.8359e-08,0.029978200000000066
1.8361e-08,0.035128999999999966
1.8363e-08,0.04022619999999999
1.8365e-08,0.0452688
1.8367e-08,0.05025630000000003
1.8369e-08,0.05518809999999996
1.8371e-08,0.06006370000000005
1.8373e-08,0.06488260000000001
1.8375e-08,0.0696443000000001
1.8377e-08,0.0743486000000001
1.8379e-08,0.07899489999999998
1.8381e-08,0.08358330000000003
1.8383e-08,0.08811350000000007
1.8385e-08,0.09258519999999992
1.8387e-08,0.09699840000000004
1.8389e-08,0.10135309999999997
1.8391e-08,0.1056492
1.8393e-08,0.10988659999999995
1.8395e-08,0.11406570000000005
1.8397e-08,0.11818630000000008
1.83985e-08,0.12123830000000002
1.84e-08,0.12425779999999997
1.84002e-08,0.12465759999999992
1.84006e-08,0.12545610000000007
1.84014e-08,0.12704610000000005
1.8403e-08,0.1301983
1.8405e-08,0.13408680000000006
1.8407e-08,0.13791779999999998
1.8409e-08,0.14169160000000003
1.8411e-08,0.1454086
1.8413e-08,0.14906890000000006
1.8415e-08,0.15267300000000006
1.8417e-08,0.15622119999999995
1.8419e-08,0.15971400000000002
1.8421e-08,0.16315160000000006
1.8423e-08,0.16653449999999992
1.8425e-08,0.1698632
1.8427e-08,0.17313809999999996
1.8429e-08,0.17635960000000006
1.8431e-08,0.17952820000000003
1.8433e-08,0.1826445000000001
1.8435e-08,0.1857088
1.8437e-08,0.18872179999999994
1.8439e-08,0.19168390000000002
1.8441e-08,0.1945956000000001
1.8443e-08,0.1974574
1.8445e-08,0.2002700999999999
1.8447e-08,0.2030339
1.8449e-08,0.20574950000000003
1.8451e-08,0.20841739999999997
1.8453e-08,0.2110381
1.8455e-08,0.21361239999999992
1.8457e-08,0.21614070000000007
1.8459e-08,0.21862340000000002
1.8461e-08,0.22106130000000002
1.8463e-08,0.2234549
1.8465e-08,0.22580469999999997
1.8467e-08,0.2281112999999999
1.8469e-08,0.23037529999999995
1.8471e-08,0.23259720000000006
1.8473e-08,0.23477769999999998
1.8475e-08,0.23691719999999994
1.8477e-08,0.23901629999999996
1.8479e-08,0.24107559999999995
1.8481e-08,0.24309559999999997
1.8483e-08,0.24507689999999993
1.8485e-08,0.24702000000000002
1.8487e-08,0.24892550000000002
1.8489e-08,0.2507939
1.8491e-08,0.2526258
1.8493e-08,0.2544217
1.8495e-08,0.2561822
1.8497e-08,0.25790769999999996
1.8499e-08,0.2595988
1.8501e-08,0.26125600000000004
1.8503e-08,0.26287989999999994
1.8505e-08,0.264471
1.8507e-08,0.2660296
1.8509e-08,0.2675564
1.8511e-08,0.26905199999999996
1.8513e-08,0.27051670000000005
1.8515e-08,0.27195100000000005
1.8517e-08,0.2733555
1.8519e-08,0.2747305
1.8521e-08,0.27607670000000006
1.8523e-08,0.2773945
1.8525e-08,0.27868419999999994
1.8527e-08,0.27994639999999993
1.8529e-08,0.2811815999999999
1.8531e-08,0.28239020000000004
1.8533e-08,0.28357260000000006
1.8535e-08,0.28472929999999996
1.8537e-08,0.2858608
1.8539e-08,0.28696730000000004
1.8541e-08,0.2880494
1.8543e-08,0.2891075000000001
1.8545e-08,0.290142
1.8547e-08,0.29115330000000006
1.8549e-08,0.2921418
1.8551e-08,0.2931077999999999
1.8553e-08,0.294052
1.8555e-08,0.29497439999999997
1.8557e-08,0.2958756
1.8559e-08,0.296756
1.8561e-08,0.2976158000000001
1.8563e-08,0.29845560000000004
1.8565e-08,0.2992756
1.8567e-08,0.30007609999999996
1.8569e-08,0.3008581
1.8571e-08,0.3016204000000001
1.8573e-08,0.30236450000000004
1.8575e-08,0.30309169999999996
1.8577e-08,0.30380019999999996
1.8579e-08,0.30449099999999996
1.8581e-08,0.30516540000000003
1.8583e-08,0.30582260000000006
1.8585e-08,0.30646450000000003
1.8587e-08,0.3070895
1.8589e-08,0.3076987
1.8591e-08,0.3082921999999999
1.8593e-08,0.3088702000000001
1.8595e-08,0.3094336999999999
1.8597e-08,0.30998309999999996
1.85985e-08,0.31038489999999996
1.86e-08,0.3107788
1.86002e-08,0.3108314
1.86006e-08,0.31093459999999995
1.86014e-08,0.31114010000000003
1.8603e-08,0.3115438999999999
1.8605e-08,0.3120376
1.8607e-08,0.3125167000000001
1.8609e-08,0.3129833999999999
1.8611e-08,0.3134377999999999
1.8613e-08,0.313879
1.8615e-08,0.31430809999999987
1.8617e-08,0.3147253000000001
1.8619e-08,0.3151307000000001
1.8621e-08,0.3155243
1.8623e-08,0.31590739999999995
1.8625e-08,0.3162790000000001
1.8627e-08,0.3166391999999999
1.8629e-08,0.3169891
1.8631e-08,0.31732890000000014
1.8633e-08,0.31765770000000004
1.8635e-08,0.3179775
1.8637e-08,0.3182864000000001
1.8639e-08,0.31858659999999994
1.8641e-08,0.3188772000000001
1.8643e-08,0.3191582999999999
1.8645e-08,0.3194307999999999
1.8647e-08,0.3196941000000001
1.8649e-08,0.3199490999999999
1.8651e-08,0.3201959000000001
1.8653e-08,0.3204336
1.8655e-08,0.3206633
1.8657e-08,0.32088609999999995
1.8659e-08,0.3211001
1.8661e-08,0.3213074
1.8663e-08,0.3215069999999999
1.8665e-08,0.32169899999999996
1.8667e-08,0.3218835000000001
1.8669e-08,0.32206159999999995
1.8671e-08,0.3222333999999999
1.8673e-08,0.3223979
1.8675e-08,0.32255620000000007
1.8677e-08,0.32270829999999995
1.8679e-08,0.32285450000000004
1.8681e-08,0.3229946
1.8683e-08,0.3231278000000001
1.8685e-08,0.3232562
1.8687e-08,0.3233787
1.8689e-08,0.3234956000000001
1.8691e-08,0.32360679999999986
1.8693e-08,0.32371340000000015
1.8695e-08,0.3238144999999999
1.8697e-08,0.32391120000000007
1.8699e-08,0.32400240000000013
1.8701e-08,0.3240892000000001
1.8703e-08,0.3241708
1.8705e-08,0.32424810000000015
1.8707e-08,0.3243212
1.8709e-08,0.32438920000000004
1.8711e-08,0.32445409999999997
1.8713e-08,0.32451399999999997
1.8715e-08,0.3245709
1.8717e-08,0.32462290000000005
1.8719e-08,0.32467099999999993
1.8721e-08,0.32471629999999996
1.8723e-08,0.3247578000000001
1.8725e-08,0.3247955
1.8727e-08,0.32482959999999994
1.8729e-08,0.32486099999999996
1.8731e-08,0.32488780000000006
1.8733e-08,0.3249130000000001
1.8735e-08,0.3249347
1.8737e-08,0.3249529
1.8739e-08,0.3249687
1.8741e-08,0.3249810999999999
1.8743e-08,0.3249911
1.8745e-08,0.3249978
1.8747e-08,0.32500319999999994
1.8749e-08,0.32500439999999997
1.8751e-08,0.3250042999999999
1.8753e-08,0.32500209999999996
1.8755e-08,0.3249967
1.8757e-08,0.32498919999999987
1.8759e-08,0.32497960000000015
1.8761e-08,0.3249679999999999
1.8763e-08,0.32495430000000003
1.8765e-08,0.3249386000000001
1.8767e-08,0.3249209999999999
1.8769e-08,0.32490150000000007
1.8771e-08,0.3248801000000001
1.8773e-08,0.32485679999999995
1.8775e-08,0.3248326
1.8777e-08,0.3248057000000001
1.8779e-08,0.32477789999999995
1.8781e-08,0.32474840000000005
1.8783e-08,0.3247171
1.8785e-08,0.32468410000000014
1.8787e-08,0.32465049999999995
1.8789e-08,0.32461510000000005
1.8791e-08,0.3245781000000001
1.8793e-08,0.3245405000000001
1.8795e-08,0.3245013
1.8797e-08,0.3244616
1.87985e-08,0.3244304
1.88e-08,0.32441049999999994
1.88002e-08,0.32441030000000004
1.88006e-08,0.32441069999999994
1.88014e-08,0.3244208999999999
1.8803e-08,0.32445599999999986
1.8805e-08,0.32449150000000004
1.8807e-08,0.3244726
1.8809e-08,0.3243566
1.8811e-08,0.3241109000000001
1.8813e-08,0.3237112999999999
1.8815e-08,0.3231353
1.8817e-08,0.3223691000000001
1.8819e-08,0.3214015000000001
1.8821e-08,0.32022420000000007
1.8823e-08,0.3188306999999999
1.8825e-08,0.31721959999999993
1.8827e-08,0.3153902999999999
1.8829e-08,0.3133407
1.8831e-08,0.3110744
1.8833e-08,0.3085941
1.8835e-08,0.3059033
1.8837e-08,0.3030061999999999
1.8839e-08,0.2999085
1.8841e-08,0.2966156999999999
1.8843e-08,0.2931334
1.8845e-08,0.28946800000000006
1.8847e-08,0.28562600000000005
1.8849e-08,0.28161420000000004
1.8851e-08,0.2774392
1.8853e-08,0.27310809999999996
1.8855e-08,0.26862779999999997
1.8857e-08,0.26400520000000005
1.8859e-08,0.25924730000000007
1.8861e-08,0.2543609
1.8863e-08,0.2493529
1.8865e-08,0.2442301
1.8867e-08,0.23899919999999997
1.8869e-08,0.23366679999999995
1.8871e-08,0.22823930000000003
1.8873e-08,0.2227232
1.8875e-08,0.21712470000000006
1.8877e-08,0.2114497999999999
1.8879e-08,0.20570480000000002
1.8881e-08,0.19989520000000005
1.8883e-08,0.19402680000000005
1.8885e-08,0.18810529999999992
1.8887e-08,0.18213599999999996
1.8889e-08,0.17612399999999995
1.8891e-08,0.17007480000000008
1.8893e-08,0.1639931
1.8895e-08,0.15788369999999996
1.8897e-08,0.1517514000000001
1.8899e-08,0.14560059999999997
1.8901e-08,0.13943569999999994
1.8903e-08,0.13326090000000002
1.8905e-08,0.12708030000000003
1.8907e-08,0.1208977
1.8909e-08,0.11471690000000001
1.8911e-08,0.10854160000000002
1.8913e-08,0.10237530000000006
1.8915e-08,0.09622109999999995
1.8917e-08,0.09008249999999995
1.8919e-08,0.08396239999999999
1.8921e-08,0.07786369999999998
1.8923e-08,0.0717894
1.8925e-08,0.06574179999999996
1.8927e-08,0.059723799999999994
1.8929e-08,0.05373760000000005
1.8931e-08,0.047785599999999984
1.8933e-08,0.04186999999999996
1.8935e-08,0.03599260000000004
1.8937e-08,0.030155700000000007
1.8939e-08,0.024360999999999966
1.8941e-08,0.018610100000000074
1.8943e-08,0.01290480000000005
1.8945e-08,0.0072464999999999336
1.8947e-08,0.0016368000000001048
1.8949e-08,-0.0039231999999999045
1.8951e-08,-0.009431999999999996
1.8953e-08,-0.014888800000000035
1.8955e-08,-0.020292199999999982
1.8957e-08,-0.025641400000000036
1.8959e-08,-0.030935500000000005
1.8961e-08,-0.03617349999999997
1.8963e-08,-0.04135489999999997
1.8965e-08,-0.04647879999999993
1.8967e-08,-0.05154480000000006
1.8969e-08,-0.05655219999999994
1.8971e-08,-0.061500600000000016
1.8973e-08,-0.0663897
1.8975e-08,-0.07121889999999997
1.8977e-08,-0.07598799999999994
1.8979e-08,-0.0806967999999999
1.8981e-08,-0.08534509999999995
1.8983e-08,-0.08993289999999998
1.8985e-08,-0.09445989999999993
1.8987e-08,-0.09892590000000001
1.8989e-08,-0.10333130000000001
1.8991e-08,-0.107676
1.8993e-08,-0.1119599
1.8995e-08,-0.11618309999999998
1.8997e-08,-0.12034610000000001
1.89985e-08,-0.12342870000000006
1.9e-08,-0.12647750000000002
1.90002e-08,-0.12688109999999997
1.90006e-08,-0.1276872
1.90014e-08,-0.12929219999999997
1.9003e-08,-0.13247370000000003
1.9005e-08,-0.136397
1.9007e-08,-0.14026100000000008
1.9009e-08,-0.14406620000000003
1.9011e-08,-0.14781279999999997
1.9013e-08,-0.15150129999999995
1.9015e-08,-0.1551319
1.9017e-08,-0.1587050000000001
1.9019e-08,-0.1622213
1.9021e-08,-0.16568099999999997
1.9023e-08,-0.16908469999999998
1.9025e-08,-0.17243259999999994
1.9027e-08,-0.17572560000000004
1.9029e-08,-0.1789638
1.9031e-08,-0.18214799999999998
1.9033e-08,-0.1852785
1.9035e-08,-0.18835599999999997
1.9037e-08,-0.1913809999999999
1.9039e-08,-0.19435400000000003
1.9041e-08,-0.19727550000000005
1.9043e-08,-0.2001463
1.9045e-08,-0.20296669999999994
1.9047e-08,-0.20573740000000007
1.9049e-08,-0.20845880000000006
1.9051e-08,-0.21113179999999998
1.9053e-08,-0.21375679999999997
1.9055e-08,-0.21633439999999993
1.9057e-08,-0.21886509999999992
1.9059e-08,-0.22134960000000004
1.9061e-08,-0.22378849999999995
1.9063e-08,-0.22618230000000006
1.9065e-08,-0.2285317
1.9067e-08,-0.23083710000000002
1.9069e-08,-0.23309920000000006
1.9071e-08,-0.2353187
1.9073e-08,-0.23749600000000004
1.9075e-08,-0.2396319
1.9077e-08,-0.2417266
1.9079e-08,-0.24378109999999997
1.9081e-08,-0.24579569999999995
1.9083e-08,-0.24777119999999997
1.9085e-08,-0.2497079000000001
1.9087e-08,-0.2516066
1.9089e-08,-0.25346769999999996
1.9091e-08,-0.2552919
1.9093e-08,-0.2570796000000001
1.9095e-08,-0.25883139999999993
1.9097e-08,-0.260548
1.9099e-08,-0.2622297
1.9101e-08,-0.2638773
1.9103e-08,-0.2654911
1.9105e-08,-0.26707179999999997
1.9107e-08,-0.26861960000000007
1.9109e-08,-0.2701355
1.9111e-08,-0.2716197
1.9113e-08,-0.27307269999999995
1.9115e-08,-0.2744953
1.9117e-08,-0.2758876
1.9119e-08,-0.27725029999999995
1.9121e-08,-0.27858380000000005
1.9123e-08,-0.27988880000000005
1.9125e-08,-0.28116549999999996
1.9127e-08,-0.2824145
1.9129e-08,-0.2836362
1.9131e-08,-0.2848313
1.9133e-08,-0.2859998
1.9135e-08,-0.2871426
1.9137e-08,-0.2882599
1.9139e-08,-0.28935220000000006
1.9141e-08,-0.29041990000000006
1.9143e-08,-0.2914635
1.9145e-08,-0.2924833
1.9147e-08,-0.29347979999999996
1.9149e-08,-0.2944534
1.9151e-08,-0.29540450000000007
1.9153e-08,-0.2963336
1.9155e-08,-0.2972408999999999
1.9157e-08,-0.2981269
1.9159e-08,-0.29899200000000004
1.9161e-08,-0.2998364
1.9163e-08,-0.3006607
1.9165e-08,-0.30146470000000003
1.9167e-08,-0.3022498
1.9169e-08,-0.3030164000000001
1.9171e-08,-0.3037627999999999
1.9173e-08,-0.304492
1.9175e-08,-0.3052022999999999
1.9177e-08,-0.30589579999999994
1.9179e-08,-0.3065717
1.9181e-08,-0.30723009999999995
1.9183e-08,-0.30787129999999996
1.9185e-08,-0.30849629999999995
1.9187e-08,-0.3091064
1.9189e-08,-0.30969959999999996
1.9191e-08,-0.3102771999999999
1.9193e-08,-0.3108402
1.9195e-08,-0.3113877999999999
1.9197e-08,-0.3119202
1.91985e-08,-0.31231109999999984
1.92e-08,-0.31269310000000006
1.92002e-08,-0.3127443000000001
1.92006e-08,-0.3128487
1.92014e-08,-0.3130659
1.9203e-08,-0.3135216999999999
1.9205e-08,-0.31408999999999987
1.9207e-08,-0.3146086
1.9209e-08,-0.31503349999999997
1.9211e-08,-0.31532649999999995
1.9213e-08,-0.31546209999999997
1.9215e-08,-0.3154169
1.9217e-08,-0.3151756000000001
1.9219e-08,-0.3147255000000001
1.9221e-08,-0.31405779999999994
1.9223e-08,-0.313165
1.9225e-08,-0.31204639999999995
1.9227e-08,-0.31069840000000004
1.9229e-08,-0.3091218
1.9231e-08,-0.30731829999999993
1.9233e-08,-0.30529059999999997
1.9235e-08,-0.3030431000000001
1.9237e-08,-0.30057919999999994
1.9239e-08,-0.29790380000000005
1.9241e-08,-0.2950233
1.9243e-08,-0.2919435
1.9245e-08,-0.2886708
1.9247e-08,-0.28521149999999995
1.9249e-08,-0.2815727
1.9251e-08,-0.2777611
1.9253e-08,-0.27378349999999996
1.9255e-08,-0.2696474000000001
1.9257e-08,-0.2653593999999999
1.9259e-08,-0.2609268
1.9261e-08,-0.25635660000000005
1.9263e-08,-0.2516556000000001
1.9265e-08,-0.24683069999999996
1.9267e-08,-0.24188880000000001
1.9269e-08,-0.23683659999999995
1.9271e-08,-0.23168060000000001
1.9273e-08,-0.2264273000000001
1.9275e-08,-0.22108300000000003
1.9277e-08,-0.21565409999999996
1.9279e-08,-0.21014659999999996
1.9281e-08,-0.20456629999999998
1.9283e-08,-0.19891930000000002
1.9285e-08,-0.19321109999999997
1.9287e-08,-0.18744720000000004
1.9289e-08,-0.1816331
1.9291e-08,-0.17577389999999993
1.9293e-08,-0.1698748
1.9295e-08,-0.16394070000000005
1.9297e-08,-0.15797629999999996
1.9299e-08,-0.15198639999999997
1.9301e-08,-0.14597530000000003
1.9303e-08,-0.13994740000000006
1.9305e-08,-0.13390689999999994
1.9307e-08,-0.12785789999999997
1.9309e-08,-0.12180420000000003
1.9311e-08,-0.11574950000000006
1.9313e-08,-0.10969770000000001
1.9315e-08,-0.10365190000000002
1.9317e-08,-0.09761569999999997
1.9319e-08,-0.09159220000000001
1.9321e-08,-0.0855844
1.9323e-08,-0.07959529999999992
1.9325e-08,-0.07362780000000002
1.9327e-08,-0.06768440000000009
1.9329e-08,-0.06176770000000009
1.9331e-08,-0.055880200000000047
1.9333e-08,-0.050024100000000016
1.9335e-08,-0.04420159999999995
1.9337e-08,-0.03841499999999998
1.9339e-08,-0.032665899999999914
1.9341e-08,-0.02695639999999999
1.9343e-08,-0.02128819999999998
1.9345e-08,-0.015663000000000094
1.9347e-08,-0.01008219999999993
1.9349e-08,-0.004547499999999927
1.9351e-08,0.0009400000000000519
1.9353e-08,0.006378699999999959
1.9355e-08,0.011767799999999995
1.9357e-08,0.017105999999999955
1.9359e-08,0.02239240000000009
1.9361e-08,0.027625800000000034
1.9363e-08,0.03280570000000005
1.9365e-08,0.03793100000000005
1.9367e-08,0.04300119999999996
1.9369e-08,0.04801560000000005
1.9371e-08,0.05297350000000001
1.9373e-08,0.05787449999999994
1.9375e-08,0.0627183
1.9377e-08,0.06750420000000001
1.9379e-08,0.07223210000000002
1.9381e-08,0.07690160000000001
1.9383e-08,0.08151249999999999
1.9385e-08,0.0860647
1.9387e-08,0.09055789999999997
1.9389e-08,0.09499210000000002
1.9391e-08,0.09936730000000005
1.9393e-08,0.10368339999999998
1.9395e-08,0.1079405000000001
1.9397e-08,0.11213870000000004
1.93985e-08,0.11524869999999998
1.94e-08,0.11832560000000003
1.94002e-08,0.1187338
1.94006e-08,0.11955119999999997
1.94014e-08,0.12118969999999996
1.9403e-08,0.12446610000000002
1.9405e-08,0.12851789999999996
1.9407e-08,0.13246900000000006
1.9409e-08,0.1362723
1.9411e-08,0.13988999999999996
1.9413e-08,0.14329269999999994
1.9415e-08,0.14645759999999997
1.9417e-08,0.1493679
1.9419e-08,0.15201130000000007
1.9421e-08,0.1543793
1.9423e-08,0.15646709999999997
1.9425e-08,0.15827210000000003
1.9427e-08,0.15979430000000006
1.9429e-08,0.16103519999999993
1.9431e-08,0.16199810000000003
1.9433e-08,0.16268739999999993
1.9435e-08,0.16310829999999998
1.9437e-08,0.16326719999999995
1.9439e-08,0.16317059999999994
1.9441e-08,0.16282600000000003
1.9443e-08,0.16224059999999996
1.9445e-08,0.16142259999999997
1.9447e-08,0.16037979999999996
1.9449e-08,0.15912040000000005
1.9451e-08,0.15765249999999997
1.9453e-08,0.15598429999999996
1.9455e-08,0.15412399999999993
1.9457e-08,0.1520798
1.9459e-08,0.14985939999999998
1.9461e-08,0.1474708
1.9463e-08,0.1449218
1.9465e-08,0.14222
1.9467e-08,0.13937270000000002
1.9469e-08,0.13638739999999994
1.9471e-08,0.13327120000000003
1.9473e-08,0.13003089999999995
1.9475e-08,0.1266735
1.9477e-08,0.12320530000000007
1.9479e-08,0.11963310000000005
1.9481e-08,0.11596280000000003
1.9483e-08,0.11220079999999999
1.9485e-08,0.10835270000000008
1.9487e-08,0.10442439999999997
1.9489e-08,0.10042149999999994
1.9491e-08,0.09634920000000002
1.9493e-08,0.09221279999999998
1.9495e-08,0.08801730000000008
1.9497e-08,0.0837677
1.9499e-08,0.0794686
1.9501e-08,0.07512459999999999
1.9503e-08,0.07074009999999997
1.9505e-08,0.06631929999999997
1.9507e-08,0.06186639999999999
1.9509e-08,0.057385200000000025
1.9511e-08,0.052879699999999974
1.9513e-08,0.04835350000000005
1.9515e-08,0.04381009999999996
1.9517e-08,0.039252900000000035
1.9519e-08,0.03468520000000008
1.9521e-08,0.03011000000000008
1.9523e-08,0.02553050000000001
1.9525e-08,0.020949399999999896
1.9527e-08,0.016369599999999984
1.9529e-08,0.01179360000000007
1.9531e-08,0.0072240999999999556
1.9533e-08,0.00266349999999993
1.9535e-08,-0.0018860000000000543
1.9537e-08,-0.0064222000000000445
1.9539e-08,-0.01094280000000003
1.9541e-08,-0.01544599999999996
1.9543e-08,-0.019929900000000056
1.9545e-08,-0.024392599999999987
1.9547e-08,-0.028832300000000033
1.9549e-08,-0.033247600000000044
1.9551e-08,-0.037636800000000026
1.9553e-08,-0.04199839999999999
1.9555e-08,-0.046331299999999964
1.9557e-08,-0.05063379999999995
1.9559e-08,-0.05490499999999998
1.9561e-08,-0.05914379999999997
1.9563e-08,-0.06334870000000004
1.9565e-08,-0.06751910000000005
1.9567e-08,-0.071654
1.9569e-08,-0.07575240000000005
1.9571e-08,-0.07981349999999998
1.9573e-08,-0.08383659999999993
1.9575e-08,-0.08782109999999999
1.9577e-08,-0.09176610000000007
1.9579e-08,-0.09567130000000001
1.9581e-08,-0.09953600000000007
1.9583e-08,-0.10335990000000006
1.9585e-08,-0.10714230000000002
1.9587e-08,-0.11088299999999995
1.9589e-08,-0.1145815
1.9591e-08,-0.1182377
1.9593e-08,-0.1218513
1.9595e-08,-0.12542189999999998
1.9597e-08,-0.1289494
1.95985e-08,-0.13156669999999993
1.96e-08,-0.1341713
1.96002e-08,-0.1345189
1.96006e-08,-0.13521480000000008
1.96014e-08,-0.13660930000000004
1.9603e-08,-0.13939250000000003
1.9605e-08,-0.14282090000000003
1.9607e-08,-0.14614530000000003
1.9609e-08,-0.1493215
1.9611e-08,-0.15231509999999993
1.9613e-08,-0.15509870000000003
1.9615e-08,-0.15765150000000006
1.9617e-08,-0.1599581
1.9619e-08,-0.16200750000000008
1.9621e-08,-0.16379219999999994
1.9623e-08,-0.1653078
1.9625e-08,-0.1665525
1.9627e-08,-0.16752650000000002
1.9629e-08,-0.16823180000000004
1.9631e-08,-0.16867169999999998
1.9633e-08,-0.16885070000000002
1.9635e-08,-0.16877409999999993
1.9637e-08,-0.16844800000000004
1.9639e-08,-0.1678792
1.9641e-08,-0.16707470000000002
1.9643e-08,-0.16604189999999996
1.9645e-08,-0.1647886999999999
1.9647e-08,-0.16332259999999998
1.9649e-08,-0.1616518
1.9651e-08,-0.15978420000000004
1.9653e-08,-0.15772770000000003
1.9655e-08,-0.15549029999999997
1.9657e-08,-0.15307990000000005
1.9659e-08,-0.15050430000000004
1.9661e-08,-0.1477712
1.9663e-08,-0.14488800000000002
1.9665e-08,-0.14186220000000005
1.9667e-08,-0.13870099999999996
1.9669e-08,-0.13541170000000002
1.9671e-08,-0.13200100000000003
1.9673e-08,-0.12847580000000003
1.9675e-08,-0.12484259999999991
1.9677e-08,-0.12110790000000005
1.9679e-08,-0.11727779999999999
1.9681e-08,-0.11335859999999998
1.9683e-08,-0.10935620000000001
1.9685e-08,-0.10527600000000004
1.9687e-08,-0.10112389999999993
1.9689e-08,-0.09690520000000002
1.9691e-08,-0.09262500000000007
1.9693e-08,-0.08828849999999999
1.9695e-08,-0.08390039999999999
1.9697e-08,-0.07946560000000003
1.9699e-08,-0.07498850000000001
1.9701e-08,-0.07047369999999997
1.9703e-08,-0.0659251999999999
1.9705e-08,-0.06134740000000005
1.9707e-08,-0.05674400000000002
1.9709e-08,-0.05211890000000008
1.9711e-08,-0.04747570000000001
1.9713e-08,-0.04281800000000002
1.9715e-08,-0.038149199999999994
1.9717e-08,-0.033472500000000016
1.9719e-08,-0.02879109999999996
1.9721e-08,-0.02410789999999996
1.9723e-08,-0.01942580000000005
1.9725e-08,-0.014747500000000024
1.9727e-08,-0.01007570000000002
1.9729e-08,-0.005412899999999943
1.9731e-08,-0.0007614999999999705
1.9733e-08,0.0038763000000000547
1.9735e-08,0.008498200000000011
1.9737e-08,0.013102199999999953
1.9739e-08,0.017686200000000096
1.9741e-08,0.022248500000000004
1.9743e-08,0.0267871999999999
1.9745e-08,0.03130069999999996
1.9747e-08,0.035787299999999966
1.9749e-08,0.040245500000000045
1.9751e-08,0.04467399999999999
1.9753e-08,0.04907130000000004
1.9755e-08,0.053436200000000045
1.9757e-08,0.05776760000000003
1.9759e-08,0.062064200000000014
1.9761e-08,0.06632510000000003
1.9763e-08,0.07054930000000004
1.9765e-08,0.07473590000000008
1.9767e-08,0.07888410000000001
1.9769e-08,0.08299290000000004
1.9771e-08,0.08706190000000003
1.9773e-08,0.09109029999999996
1.9775e-08,0.09507750000000004
1.9777e-08,0.09902290000000002
1.9779e-08,0.10292600000000007
1.9781e-08,0.10678639999999995
1.9783e-08,0.11060379999999992
1.9785e-08,0.11437780000000008
1.9787e-08,0.11810779999999999
1.9789e-08,0.12179390000000001
1.9791e-08,0.12543590000000004
1.9793e-08,0.12903330000000002
1.9795e-08,0.1325862
1.9797e-08,0.1360943
1.97985e-08,0.13869589999999998
1.98e-08,0.14127239999999996
1.98002e-08,0.1416138
1.98006e-08,0.14229570000000002
1.98014e-08,0.14365400000000006
1.9803e-08,0.14634930000000002
1.9805e-08,0.1496780000000001
1.9807e-08,0.15296199999999993
1.9809e-08,0.15620120000000004
1.9811e-08,0.15939579999999998
1.9813e-08,0.16254580000000007
1.9815e-08,0.1656514
1.9817e-08,0.16871269999999994
1.9819e-08,0.1717299
1.9821e-08,0.17470319999999995
1.9823e-08,0.17763289999999998
1.9825e-08,0.18051910000000004
1.9827e-08,0.18336210000000008
1.9829e-08,0.1861623
1.9831e-08,0.18891970000000002
1.9833e-08,0.19163470000000005
1.9835e-08,0.19430770000000008
1.9837e-08,0.19693889999999992
1.9839e-08,0.1995287
1.9841e-08,0.20207750000000002
1.9843e-08,0.20458549999999998
1.9845e-08,0.20705300000000004
1.9847e-08,0.20948060000000002
1.9849e-08,0.21186850000000002
1.9851e-08,0.21421709999999994
1.9853e-08,0.21652680000000002
1.9855e-08,0.21879800000000005
1.9857e-08,0.2210310000000001
1.9859e-08,0.2232263
1.9861e-08,0.22538429999999998
1.9863e-08,0.22750550000000003
1.9865e-08,0.22958999999999996
1.9867e-08,0.23163849999999997
1.9869e-08,0.2336513
1.9871e-08,0.23562870000000002
1.9873e-08,0.2375714
1.9875e-08,0.23947960000000001
1.9877e-08,0.24135380000000006
1.9879e-08,0.24319439999999992
1.9881e-08,0.24500179999999994
1.9883e-08,0.24677649999999995
1.9885e-08,0.24851880000000004
1.9887e-08,0.2502293
1.9889e-08,0.2519081999999999
1.9891e-08,0.253556
1.9893e-08,0.2551732
1.9895e-08,0.25676009999999994
1.9897e-08,0.2583172
1.9899e-08,0.25984490000000005
1.9901e-08,0.26134349999999995
1.9903e-08,0.2628136
1.9905e-08,0.2642553999999999
1.9907e-08,0.2656695
1.9909e-08,0.2670561
1.9911e-08,0.26841570000000003
1.9913e-08,0.26974890000000007
1.9915e-08,0.2710557
1.9917e-08,0.27233680000000005
1.9919e-08,0.2735922999999999
1.9921e-08,0.2748229
1.9923e-08,0.2760286999999999
1.9925e-08,0.2772103
1.9927e-08,0.2783681
1.9929e-08,0.27950220000000003
1.9931e-08,0.2806132
1.9933e-08,0.2817014
1.9935e-08,0.28276710000000005
1.9937e-08,0.2838106
1.9939e-08,0.28483249999999993
1.9941e-08,0.28583289999999995
1.9943e-08,0.2868123
1.9945e-08,0.287771
1.9947e-08,0.28870930000000006
1.9949e-08,0.28962750000000004
1.9951e-08,0.2905261
1.9953e-08,0.2914053
1.9955e-08,0.2922654
1.9957e-08,0.2931068
1.9959e-08,0.2939298
1.9961e-08,0.2947347
1.9963e-08,0.2955217
1.9965e-08,0.2962912
1.9967e-08,0.2970434999999999
1.9969e-08,0.297779
1.9971e-08,0.29849780000000004
1.9973e-08,0.2992002
1.9975e-08,0.29988669999999995
1.9977e-08,0.3005574
1.9979e-08,0.3012129
1.9981e-08,0.30185280000000003
1.9983e-08,0.3024771999999999
1.9985e-08,0.30308840000000004
1.9987e-08,0.30368439999999985
1.9989e-08,0.3042654
1.9991e-08,0.3048335
1.9993e-08,0.30538789999999993
1.9995e-08,0.3059286
1.9997e-08,0.3064568
1.99985e-08,0.30684349999999994
2e-08,0.3072237000000001
2.00002e-08,0.30727479999999996
2.00006e-08,0.30737799999999993
2.00014e-08,0.30759499999999995
2.0003e-08,0.30804979999999993
2.0005e-08,0.30861780000000005
2.0007e-08,0.3091377999999999
2.0009e-08,0.30956359999999994
2.0011e-08,0.30985909999999994
2.0013e-08,0.3099976
2.0015e-08,0.3099558
2.0017e-08,0.3097181000000001
2.0019e-08,0.30927079999999996
2.0021e-08,0.3086060999999999
2.0023e-08,0.30771729999999997
2.0025e-08,0.30660189999999987
2.0027e-08,0.3052581000000001
2.0029e-08,0.3036858
2.0031e-08,0.3018865999999999
2.0033e-08,0.2998632
2.0035e-08,0.2976192
2.0037e-08,0.2951598000000001
2.0039e-08,0.2924897000000001
2.0041e-08,0.2896147
2.0043e-08,0.2865407
2.0045e-08,0.28327420000000003
2.0047e-08,0.27982170000000006
2.0049e-08,0.2761901
2.0051e-08,0.2723862
2.0053e-08,0.2684173000000001
2.0055e-08,0.26429020000000003
2.0057e-08,0.2600119999999999
2.0059e-08,0.25558990000000004
2.0061e-08,0.25103090000000006
2.0063e-08,0.24634199999999995
2.0065e-08,0.24152989999999996
2.0067e-08,0.23660169999999991
2.0069e-08,0.23156390000000004
2.0071e-08,0.22642319999999994
2.0073e-08,0.22118589999999994
2.0075e-08,0.21585869999999996
2.0077e-08,0.21044759999999996
2.0079e-08,0.2049588
2.0081e-08,0.19939799999999996
2.0083e-08,0.19377140000000004
2.0085e-08,0.18808429999999998
2.0087e-08,0.18234249999999996
2.0089e-08,0.17655129999999997
2.0091e-08,0.17071579999999997
2.0093e-08,0.16484109999999996
2.0095e-08,0.15893219999999997
2.0097e-08,0.15299380000000007
2.0099e-08,0.1470306
2.0101e-08,0.14104689999999998
2.0103e-08,0.13504720000000003
2.0105e-08,0.12903560000000003
2.0107e-08,0.12301600000000001
2.0109e-08,0.1169924
2.0111e-08,0.11096849999999991
2.0113e-08,0.1049479000000001
2.0115e-08,0.09893390000000002
2.0117e-08,0.09293010000000002
2.0119e-08,0.08693950000000006
2.0121e-08,0.08096510000000001
2.0123e-08,0.07500980000000002
2.0125e-08,0.06907649999999999
2.0127e-08,0.0631676000000001
2.0129e-08,0.0572859
2.0131e-08,0.051433799999999974
2.0133e-08,0.045613399999999915
2.0135e-08,0.0398269
2.0137e-08,0.03407640000000001
2.0139e-08,0.028363899999999997
2.0141e-08,0.022691200000000022
2.0143e-08,0.017059900000000017
2.0145e-08,0.011471800000000032
2.0147e-08,0.005928400000000056
2.0149e-08,0.0004309999999999592
2.0151e-08,-0.005018899999999937
2.0153e-08,-0.010420100000000043
2.0155e-08,-0.01577139999999999
2.0157e-08,-0.021071799999999974
2.0159e-08,-0.02632040000000002
2.0161e-08,-0.03151599999999999
2.0163e-08,-0.036658099999999916
2.0165e-08,-0.04174549999999999
2.0167e-08,-0.04677789999999993
2.0169e-08,-0.051754599999999984
2.0171e-08,-0.05667489999999997
2.0173e-08,-0.061538299999999935
2.0175e-08,-0.06634450000000003
2.0177e-08,-0.07109309999999991
2.0179e-08,-0.07578370000000001
2.0181e-08,-0.08041600000000004
2.0183e-08,-0.08498990000000006
2.0185e-08,-0.0895051
2.0187e-08,-0.09396170000000004
2.0189e-08,-0.09835939999999999
2.0191e-08,-0.10269810000000001
2.0193e-08,-0.10697809999999996
2.0195e-08,-0.1111993
2.0197e-08,-0.11536170000000001
2.01985e-08,-0.11844499999999991
2.02e-08,-0.12149539999999992
2.02002e-08,-0.12190009999999996
2.02006e-08,-0.1227104
2.02014e-08,-0.12433479999999997
2.0203e-08,-0.1275832
2.0205e-08,-0.1316001
2.0207e-08,-0.1355168
2.0209e-08,-0.13928589999999996
2.0211e-08,-0.1428699
2.0213e-08,-0.1462392
2.0215e-08,-0.14937140000000004
2.0217e-08,-0.15224939999999998
2.0219e-08,-0.15486090000000008
2.0221e-08,-0.15719780000000005
2.0223e-08,-0.15925460000000002
2.0225e-08,-0.1610294
2.0227e-08,-0.16252179999999994
2.0229e-08,-0.16373339999999992
2.0231e-08,-0.16466740000000002
2.0233e-08,-0.16532840000000004
2.0235e-08,-0.16572140000000002
2.0237e-08,-0.16585269999999996
2.0239e-08,-0.16572910000000007
2.0241e-08,-0.16535770000000005
2.0243e-08,-0.1647461
2.0245e-08,-0.163902
2.0247e-08,-0.16283360000000002
2.0249e-08,-0.16154880000000005
2.0251e-08,-0.16005589999999992
2.0253e-08,-0.15836299999999992
2.0255e-08,-0.1564782
2.0257e-08,-0.15440959999999992
2.0259e-08,-0.1521652
2.0261e-08,-0.14975280000000002
2.0263e-08,-0.14718019999999998
2.0265e-08,-0.144455
2.0267e-08,-0.14158459999999995
2.0269e-08,-0.13857639999999993
2.0271e-08,-0.13543720000000004
2.0273e-08,-0.1321741999999999
2.0275e-08,-0.12879430000000003
2.0277e-08,-0.12530379999999997
2.0279e-08,-0.12170919999999996
2.0281e-08,-0.11801689999999998
2.0283e-08,-0.11423280000000002
2.0285e-08,-0.11036299999999999
2.0287e-08,-0.10641290000000003
2.0289e-08,-0.10238829999999999
2.0291e-08,-0.09829449999999995
2.0293e-08,-0.09413680000000002
2.0295e-08,-0.08992010000000006
2.0297e-08,-0.08564930000000004
2.0299e-08,-0.08132919999999999
2.0301e-08,-0.07696420000000004
2.0303e-08,-0.07255889999999998
2.0305e-08,-0.0681174
2.0307e-08,-0.06364389999999998
2.0309e-08,-0.05914230000000009
2.0311e-08,-0.05461650000000007
2.0313e-08,-0.050070100000000006
2.0315e-08,-0.045506500000000005
2.0317e-08,-0.04092930000000006
2.0319e-08,-0.03634170000000003
2.0321e-08,-0.031746799999999964
2.0323e-08,-0.027147699999999997
2.0325e-08,-0.022547100000000042
2.0327e-08,-0.017947900000000017
2.0329e-08,-0.013352799999999942
2.0331e-08,-0.0087642
2.0333e-08,-0.004184599999999983
2.0335e-08,0.00038360000000003946
2.0337e-08,0.0049384000000000094
2.0339e-08,0.009477600000000086
2.0341e-08,0.01399919999999999
2.0343e-08,0.018501299999999943
2.0345e-08,0.022982000000000058
2.0347e-08,0.027439700000000067
2.0349e-08,0.031872800000000034
2.0351e-08,0.03627960000000008
2.0353e-08,0.040658799999999995
2.0355e-08,0.04500890000000002
2.0357e-08,0.049328600000000056
2.0359e-08,0.05361689999999997
2.0361e-08,0.05787229999999999
2.0363e-08,0.06209399999999998
2.0365e-08,0.06628090000000009
2.0367e-08,0.0704321
2.0369e-08,0.07454669999999997
2.0371e-08,0.07862380000000002
2.0373e-08,0.08266280000000004
2.0375e-08,0.08666289999999999
2.0377e-08,0.09062360000000003
2.0379e-08,0.09454410000000002
2.0381e-08,0.09842399999999996
2.0383e-08,0.10226279999999999
2.0385e-08,0.1060601000000001
2.0387e-08,0.10981550000000007
2.0389e-08,0.11352859999999998
2.0391e-08,0.1171991
2.0393e-08,0.12082680000000001
2.0395e-08,0.12441150000000001
2.0397e-08,0.12795290000000004
2.03985e-08,0.1305805000000001
2.04e-08,0.13319520000000007
2.04002e-08,0.1335442
2.04006e-08,0.1342428
2.04014e-08,0.13564280000000006
2.0403e-08,0.13843649999999996
2.0405e-08,0.14187819999999995
2.0407e-08,0.1452156
2.0409e-08,0.14840470000000006
2.0411e-08,0.15141080000000007
2.0413e-08,0.15420670000000003
2.0415e-08,0.15677169999999996
2.0417e-08,0.15909020000000007
2.0419e-08,0.1611513
2.0421e-08,0.16294750000000002
2.0423e-08,0.16447440000000002
2.0425e-08,0.16573020000000005
2.0427e-08,0.1667151
2.0429e-08,0.167431
2.0431e-08,0.1678813
2.0433e-08,0.16807059999999996
2.0435e-08,0.1680041
2.0437e-08,0.1676879
2.0439e-08,0.16712879999999997
2.0441e-08,0.16633379999999998
2.0443e-08,0.16531049999999992
2.0445e-08,0.1640665
2.0447e-08,0.16260949999999996
2.0449e-08,0.16094770000000003
2.0451e-08,0.15908889999999998
2.0453e-08,0.1570412
2.0455e-08,0.15481240000000007
2.0457e-08,0.15241060000000006
2.0459e-08,0.14984339999999996
2.0461e-08,0.14711839999999998
2.0463e-08,0.14424350000000008
2.0465e-08,0.14122579999999996
2.0467e-08,0.13807269999999994
2.0469e-08,0.1347912
2.0471e-08,0.1313883
2.0473e-08,0.1278709
2.0475e-08,0.12424540000000006
2.0477e-08,0.12051829999999997
2.0479e-08,0.11669569999999996
2.0481e-08,0.112784
2.0483e-08,0.10878880000000002
2.0485e-08,0.10471609999999998
2.0487e-08,0.10057110000000002
2.0489e-08,0.09635959999999999
2.0491e-08,0.09208649999999996
2.0493e-08,0.08775700000000008
2.0495e-08,0.08337590000000006
2.0497e-08,0.07894790000000007
2.0499e-08,0.07447769999999998
2.0501e-08,0.06996970000000002
2.0503e-08,0.06542800000000004
2.0505e-08,0.060856800000000044
2.0507e-08,0.05625999999999998
2.0509e-08,0.05164140000000006
2.0511e-08,0.04700479999999996
2.0513e-08,0.04235349999999993
2.0515e-08,0.03769100000000003
2.0517e-08,0.033020700000000014
2.0519e-08,0.028345400000000076
2.0521e-08,0.023668399999999923
2.0523e-08,0.01899240000000002
2.0525e-08,0.014320200000000005
2.0527e-08,0.009654400000000063
2.0529e-08,0.004997499999999988
2.0531e-08,0.0003518999999999606
2.0533e-08,-0.0042800000000000615
2.0535e-08,-0.008896299999999968
2.0537e-08,-0.013494599999999912
2.0539e-08,-0.018073000000000006
2.0541e-08,-0.022629800000000033
2.0543e-08,-0.02716289999999999
2.0545e-08,-0.031670999999999894
2.0547e-08,-0.03615219999999997
2.0549e-08,-0.04060509999999995
2.0551e-08,-0.04502829999999991
2.0553e-08,-0.04942049999999998
2.0555e-08,-0.0537803
2.0557e-08,-0.05810660000000001
2.0559e-08,-0.06239830000000002
2.0561e-08,-0.0666542
2.0563e-08,-0.07087349999999992
2.0565e-08,-0.07505530000000005
2.0567e-08,-0.07919869999999996
2.0569e-08,-0.08330280000000001
2.0571e-08,-0.08736720000000009
2.0573e-08,-0.09139090000000005
2.0575e-08,-0.09537360000000006
2.0577e-08,-0.09931460000000003
2.0579e-08,-0.10321329999999995
2.0581e-08,-0.10706949999999993
2.0583e-08,-0.1108825
2.0585e-08,-0.11465219999999998
2.0587e-08,-0.11837819999999999
2.0589e-08,-0.12206020000000006
2.0591e-08,-0.12569810000000003
2.0593e-08,-0.1292915
2.0595e-08,-0.13284030000000002
2.0597e-08,-0.13634469999999999
2.05985e-08,-0.1389435
2.06e-08,-0.141517
2.06002e-08,-0.1418581000000001
2.06006e-08,-0.14253919999999998
2.06014e-08,-0.14389609999999997
2.0603e-08,-0.14658839999999995
2.0605e-08,-0.14991339999999997
2.0607e-08,-0.1531939
2.0609e-08,-0.1564295
2.0611e-08,-0.15962050000000005
2.0613e-08,-0.16276710000000005
2.0615e-08,-0.16586920000000005
2.0617e-08,-0.1689271
2.0619e-08,-0.17194109999999996
2.0621e-08,-0.17491120000000004
2.0623e-08,-0.17783760000000004
2.0625e-08,-0.18072069999999996
2.0627e-08,-0.18356059999999996
2.0629e-08,-0.18635770000000007
2.0631e-08,-0.18911200000000006
2.0633e-08,-0.19182410000000005
2.0635e-08,-0.19449420000000006
2.0637e-08,-0.19712249999999998
2.0639e-08,-0.19970940000000004
2.0641e-08,-0.20225539999999997
2.0643e-08,-0.20476060000000007
2.0645e-08,-0.20722550000000006
2.0647e-08,-0.20965029999999996
2.0649e-08,-0.21203569999999994
2.0651e-08,-0.21438160000000006
2.0653e-08,-0.21668880000000001
2.0655e-08,-0.21895750000000003
2.0657e-08,-0.22118800000000005
2.0659e-08,-0.2233809
2.0661e-08,-0.22553659999999998
2.0663e-08,-0.2276553
2.0665e-08,-0.22973749999999993
2.0667e-08,-0.23178369999999993
2.0669e-08,-0.23379420000000006
2.0671e-08,-0.23576949999999997
2.0673e-08,-0.23770999999999998
2.0675e-08,-0.23961600000000005
2.0677e-08,-0.24148820000000004
2.0679e-08,-0.2433267
2.0681e-08,-0.24513209999999996
2.0683e-08,-0.24690469999999998
2.0685e-08,-0.248645
2.0687e-08,-0.25035359999999995
2.0689e-08,-0.25203050000000005
2.0691e-08,-0.2536764
2.0693e-08,-0.25529180000000007
2.0695e-08,-0.2568769000000001
2.0697e-08,-0.2584322
2.0699e-08,-0.25995809999999997
2.0701e-08,-0.26145490000000005
2.0703e-08,-0.2629232
2.0705e-08,-0.2643635
2.0707e-08,-0.2657758
2.0709e-08,-0.2671608
2.0711e-08,-0.2685189
2.0713e-08,-0.2698503
2.0715e-08,-0.27115559999999994
2.0717e-08,-0.2724352
2.0719e-08,-0.2736892000000001
2.0721e-08,-0.27491829999999995
2.0723e-08,-0.27612270000000005
2.0725e-08,-0.2773029
2.0727e-08,-0.27845910000000007
2.0729e-08,-0.2795919
2.0731e-08,-0.2807014
2.0733e-08,-0.28178819999999993
2.0735e-08,-0.2828526
2.0737e-08,-0.28389489999999995
2.0739e-08,-0.28491539999999993
2.0741e-08,-0.2859146
2.0743e-08,-0.28689279999999995
2.0745e-08,-0.28785019999999994
2.0747e-08,-0.28878729999999997
2.0749e-08,-0.2897044000000001
2.0751e-08,-0.2906018
2.0753e-08,-0.29147979999999996
2.0755e-08,-0.2923388
2.0757e-08,-0.2931790000000001
2.0759e-08,-0.29400099999999996
2.0761e-08,-0.29480470000000003
2.0763e-08,-0.2955907
2.0765e-08,-0.2963591
2.0767e-08,-0.2971104
2.0769e-08,-0.2978448
2.0771e-08,-0.2985626
2.0773e-08,-0.2992640000000001
2.0775e-08,-0.2999495999999999
2.0777e-08,-0.3006192999999999
2.0779e-08,-0.30127309999999996
2.0781e-08,-0.30191250000000003
2.0783e-08,-0.3025365000000001
2.0785e-08,-0.30314620000000003
2.0787e-08,-0.30374080000000003
2.0789e-08,-0.30432230000000005
2.0791e-08,-0.3048890000000001
2.0793e-08,-0.3054429999999999
2.0795e-08,-0.30598229999999993
2.0797e-08,-0.3065091000000001
2.07985e-08,-0.3068964999999999
2.08e-08,-0.3072752999999999
2.08002e-08,-0.30732610000000005
2.08006e-08,-0.30742539999999996
2.08014e-08,-0.3076233999999999
2.0803e-08,-0.30801349999999994
2.0805e-08,-0.30849040000000005
2.0807e-08,-0.30895550000000005
2.0809e-08,-0.30940860000000014
2.0811e-08,-0.3098500999999999
2.0813e-08,-0.3102800000000001
2.0815e-08,-0.31069840000000004
2.0817e-08,-0.3111073999999999
2.0819e-08,-0.3115042000000001
2.0821e-08,-0.3118917
2.0823e-08,-0.3122682000000001
2.0825e-08,-0.3126355999999999
2.0827e-08,-0.31299219999999994
2.0829e-08,-0.31333900000000003
2.0831e-08,-0.31367709999999993
2.0833e-08,-0.3140056
2.0835e-08,-0.31432459999999984
2.0837e-08,-0.3146352000000001
2.0839e-08,-0.3149364
2.0841e-08,-0.3152294
2.0843e-08,-0.31551419999999997
2.0845e-08,-0.31578990000000007
2.0847e-08,-0.3160587
2.0849e-08,-0.31631850000000006
2.0851e-08,-0.3165715
2.0853e-08,-0.31681670000000006
2.0855e-08,-0.3170542999999999
2.0857e-08,-0.3172841999999999
2.0859e-08,-0.31750769999999995
2.0861e-08,-0.3177236000000001
2.0863e-08,-0.3179332
2.0865e-08,-0.3181355
2.0867e-08,-0.3183314999999999
2.0869e-08,-0.31852140000000007
2.0871e-08,-0.31870410000000005
2.0873e-08,-0.3188817999999999
2.0875e-08,-0.3190525999999999
2.0877e-08,-0.3192183999999999
2.0879e-08,-0.31937740000000003
2.0881e-08,-0.3195316
2.0883e-08,-0.3196801
2.0885e-08,-0.3198228999999999
2.0887e-08,-0.31996009999999997
2.0889e-08,-0.3200927
2.0891e-08,-0.32022090000000003
2.0893e-08,-0.3203437
2.0895e-08,-0.3204610000000001
2.0897e-08,-0.320574
2.0899e-08,-0.32068279999999993
2.0901e-08,-0.32078629999999986
2.0903e-08,-0.32088669999999997
2.0905e-08,-0.32098189999999993
2.0907e-08,-0.3210731
2.0909e-08,-0.3211601999999999
2.0911e-08,-0.32124240000000004
2.0913e-08,-0.32132169999999993
2.0915e-08,-0.32139700000000015
2.0917e-08,-0.32146850000000005
2.0919e-08,-0.3215372000000001
2.0921e-08,-0.32160120000000003
2.0923e-08,-0.32166249999999996
2.0925e-08,-0.32172010000000006
2.0927e-08,-0.321774
2.0929e-08,-0.32182540000000015
2.0931e-08,-0.32187319999999986
2.0933e-08,-0.32191860000000005
2.0935e-08,-0.32196040000000004
2.0937e-08,-0.32199880000000003
2.0939e-08,-0.32203479999999984
2.0941e-08,-0.3220685000000001
2.0943e-08,-0.32209980000000005
2.0945e-08,-0.3221278000000001
2.0947e-08,-0.32215360000000004
2.0949e-08,-0.3221761000000001
2.0951e-08,-0.3221975
2.0953e-08,-0.3222157
2.0955e-08,-0.3222317
2.0957e-08,-0.3222456
2.0959e-08,-0.32225650000000006
2.0961e-08,-0.32226639999999995
2.0963e-08,-0.32227420000000007
2.0965e-08,-0.3222790000000001
2.0967e-08,-0.32228289999999993
2.0969e-08,-0.32228480000000004
2.0971e-08,-0.3222849000000001
2.0973e-08,-0.3222829999999999
2.0975e-08,-0.32227930000000005
2.0977e-08,-0.32227380000000005
2.0979e-08,-0.3222665
2.0981e-08,-0.32225840000000006
2.0983e-08,-0.3222474999999999
2.0985e-08,-0.32223690000000016
2.0987e-08,-0.32222360000000005
2.0989e-08,-0.32220859999999996
2.0991e-08,-0.3221929
2.0993e-08,-0.32217660000000004
2.0995e-08,-0.32215759999999993
2.0997e-08,-0.3221381000000001
2.09985e-08,-0.3221225000000001
2.1e-08,-0.3221067000000001
2.10002e-08,-0.322105
2.10006e-08,-0.32210459999999996
2.10014e-08,-0.322114
2.1003e-08,-0.3221593999999999
2.1005e-08,-0.3222263999999999
2.1007e-08,-0.322256
2.1009e-08,-0.322203
2.1011e-08,-0.3220313
2.1013e-08,-0.32171210000000006
2.1015e-08,-0.3212241
2.1017e-08,-0.32055050000000007
2.1019e-08,-0.31967769999999995
2.1021e-08,-0.3185975999999999
2.1023e-08,-0.3173034000000001
2.1025e-08,-0.3157915
2.1027e-08,-0.31406
2.1029e-08,-0.3121085
2.1031e-08,-0.30993950000000003
2.1033e-08,-0.30755370000000004
2.1035e-08,-0.30495610000000006
2.1037e-08,-0.3021513000000001
2.1039e-08,-0.2991427
2.1041e-08,-0.29593650000000005
2.1043e-08,-0.2925384999999999
2.1045e-08,-0.28895479999999996
2.1047e-08,-0.28519210000000006
2.1049e-08,-0.2812568
2.1051e-08,-0.2771559
2.1053e-08,-0.2728961
2.1055e-08,-0.26848440000000007
2.1057e-08,-0.2639279
2.1059e-08,-0.25923340000000006
2.1061e-08,-0.2544079
2.1063e-08,-0.24945819999999996
2.1065e-08,-0.24439129999999998
2.1067e-08,-0.23921379999999992
2.1069e-08,-0.23393240000000004
2.1071e-08,-0.22855350000000008
2.1073e-08,-0.2230837
2.1075e-08,-0.21752919999999998
2.1077e-08,-0.21189619999999998
2.1079e-08,-0.20619069999999995
2.1081e-08,-0.2004188
2.1083e-08,-0.19458589999999998
2.1085e-08,-0.18869789999999997
2.1087e-08,-0.18276020000000004
2.1089e-08,-0.176778
2.1091e-08,-0.17075659999999993
2.1093e-08,-0.16470090000000004
2.1095e-08,-0.15861599999999998
2.1097e-08,-0.15250629999999998
2.1099e-08,-0.14637670000000003
2.1101e-08,-0.14023129999999995
2.1103e-08,-0.1340745000000001
2.1105e-08,-0.12791039999999998
2.1107e-08,-0.12174289999999999
2.1109e-08,-0.11557590000000006
2.1111e-08,-0.10941299999999998
2.1113e-08,-0.10325779999999996
2.1115e-08,-0.09711370000000008
2.1117e-08,-0.0909839
2.1119e-08,-0.08487129999999998
2.1121e-08,-0.0787793
2.1123e-08,-0.0727103
2.1125e-08,-0.06666739999999993
2.1127e-08,-0.06065290000000001
2.1129e-08,-0.05466930000000003
2.1131e-08,-0.048719100000000015
2.1133e-08,-0.04280420000000007
2.1135e-08,-0.03692709999999999
2.1137e-08,-0.031089500000000103
2.1139e-08,-0.02529339999999991
2.1141e-08,-0.019540400000000013
2.1143e-08,-0.01383230000000002
2.1145e-08,-0.008170699999999975
2.1147e-08,-0.002556899999999973
2.1149e-08,0.003007599999999999
2.1151e-08,0.008521600000000018
2.1153e-08,0.01398379999999999
2.1155e-08,0.019393400000000005
2.1157e-08,0.02474900000000002
2.1159e-08,0.03004999999999991
2.1161e-08,0.03529539999999998
2.1163e-08,0.040484500000000034
2.1165e-08,0.04561649999999995
2.1167e-08,0.050690800000000036
2.1169e-08,0.055706900000000004
2.1171e-08,0.06066439999999995
2.1173e-08,0.06556260000000003
2.1175e-08,0.07040119999999994
2.1177e-08,0.07518009999999997
2.1179e-08,0.0798989
2.1181e-08,0.08455729999999995
2.1183e-08,0.08915519999999999
2.1185e-08,0.09369250000000007
2.1187e-08,0.0981692999999999
2.1189e-08,0.10258519999999993
2.1191e-08,0.10694060000000005
2.1193e-08,0.11123539999999998
2.1195e-08,0.1154696999999999
2.1197e-08,0.11964359999999996
2.11985e-08,0.12273449999999997
2.12e-08,0.1258032
2.12002e-08,0.126212
2.12006e-08,0.12702970000000002
2.12014e-08,0.1286661
2.1203e-08,0.13192500000000007
2.1205e-08,0.13593389999999994
2.1207e-08,0.13982299999999992
2.1209e-08,0.14354880000000003
2.1211e-08,0.1470768
2.1213e-08,0.15038039999999997
2.1215e-08,0.1534392
2.1217e-08,0.15623809999999994
2.1219e-08,0.15876630000000003
2.1221e-08,0.16101700000000008
2.1223e-08,0.16298590000000002
2.1225e-08,0.1646717000000001
2.1227e-08,0.16607499999999997
2.1229e-08,0.16719780000000006
2.1231e-08,0.16804399999999997
2.1233e-08,0.1686183
2.1235e-08,0.16892640000000003
2.1237e-08,0.16897450000000003
2.1239e-08,0.16876959999999996
2.1241e-08,0.16831910000000005
2.1243e-08,0.16763050000000002
2.1245e-08,0.1667118999999999
2.1247e-08,0.16557129999999998
2.1249e-08,0.1642167
2.1251e-08,0.16265620000000003
2.1253e-08,0.1608982
2.1255e-08,0.1589507
2.1257e-08,0.1568216
2.1259e-08,0.1545188999999999
2.1261e-08,0.15205049999999998
2.1263e-08,0.14942410000000006
2.1265e-08,0.14664710000000003
2.1267e-08,0.1437269
2.1269e-08,0.1406708000000001
2.1271e-08,0.1374858
2.1273e-08,0.1341789
2.1275e-08,0.1307566
2.1277e-08,0.1272257000000001
2.1279e-08,0.12359229999999999
2.1281e-08,0.11986269999999999
2.1283e-08,0.11604300000000001
2.1285e-08,0.11213879999999998
2.1287e-08,0.10815609999999998
2.1289e-08,0.10410009999999992
2.1291e-08,0.09997630000000002
2.1293e-08,0.09578969999999998
2.1295e-08,0.0915454
2.1297e-08,0.08724810000000005
2.1299e-08,0.08290279999999994
2.1301e-08,0.07851359999999996
2.1303e-08,0.07408510000000001
2.1305e-08,0.06962140000000006
2.1307e-08,0.06512659999999992
2.1309e-08,0.06060470000000007
2.1311e-08,0.05605939999999998
2.1313e-08,0.051494199999999934
2.1315e-08,0.04691279999999998
2.1317e-08,0.04231850000000004
2.1319e-08,0.037714499999999984
2.1321e-08,0.033103899999999964
2.1323e-08,0.028489600000000004
2.1325e-08,0.023874599999999968
2.1327e-08,0.0192616000000001
2.1329e-08,0.014653199999999922
2.1331e-08,0.010051900000000002
2.1333e-08,0.005460099999999968
2.1335e-08,0.0008801000000000503
2.1337e-08,-0.003686000000000078
2.1339e-08,-0.008235899999999963
2.1341e-08,-0.012767900000000054
2.1343e-08,-0.017279999999999962
2.1345e-08,-0.021770399999999968
2.1347e-08,-0.026237399999999966
2.1349e-08,-0.030679300000000076
2.1351e-08,-0.035094700000000034
2.1353e-08,-0.039482099999999964
2.1355e-08,-0.043840300000000054
2.1357e-08,-0.04816779999999998
2.1359e-08,-0.05246339999999994
2.1361e-08,-0.0567261
2.1363e-08,-0.06095480000000009
2.1365e-08,-0.06514850000000005
2.1367e-08,-0.06930619999999998
2.1369e-08,-0.07342719999999991
2.1371e-08,-0.07751059999999999
2.1373e-08,-0.08155560000000006
2.1375e-08,-0.08556160000000002
2.1377e-08,-0.0895279
2.1379e-08,-0.09345409999999998
2.1381e-08,-0.09733950000000002
2.1383e-08,-0.10118369999999999
2.1385e-08,-0.10498609999999997
2.1387e-08,-0.10874659999999992
2.1389e-08,-0.11246480000000003
2.1391e-08,-0.11614029999999997
2.1393e-08,-0.11977289999999996
2.1395e-08,-0.12336230000000004
2.1397e-08,-0.12690840000000003
2.13985e-08,-0.12953949999999992
2.14e-08,-0.13214599999999999
2.14002e-08,-0.13249149999999998
2.14006e-08,-0.1331816
2.14014e-08,-0.13455640000000002
2.1403e-08,-0.13728530000000005
2.1405e-08,-0.14065700000000003
2.1407e-08,-0.14398509999999998
2.1409e-08,-0.1472696
2.1411e-08,-0.15051029999999999
2.1413e-08,-0.15370740000000005
2.1415e-08,-0.15686100000000003
2.1417e-08,-0.15997130000000004
2.1419e-08,-0.16303820000000002
2.1421e-08,-0.16606200000000004
2.1423e-08,-0.16904300000000005
2.1425e-08,-0.17198100000000005
2.1427e-08,-0.17487659999999994
2.1429e-08,-0.17772979999999994
2.1431e-08,-0.18054100000000006
2.1433e-08,-0.18331030000000004
2.1435e-08,-0.18603800000000004
2.1437e-08,-0.18872440000000001
2.1439e-08,-0.19136980000000003
2.1441e-08,-0.19397449999999994
2.1443e-08,-0.1965388
2.1445e-08,-0.199063
2.1447e-08,-0.20154760000000005
2.1449e-08,-0.20399270000000003
2.1451e-08,-0.2063988
2.1453e-08,-0.20876609999999995
2.1455e-08,-0.21109520000000004
2.1457e-08,-0.21338630000000003
2.1459e-08,-0.21563980000000005
2.1461e-08,-0.2178561
2.1463e-08,-0.2200356
2.1465e-08,-0.22217869999999995
2.1467e-08,-0.22428570000000003
2.1469e-08,-0.22635700000000003
2.1471e-08,-0.22839310000000002
2.1473e-08,-0.2303944
2.1475e-08,-0.2323611000000001
2.1477e-08,-0.2342938
2.1479e-08,-0.236193
2.1481e-08,-0.23805880000000001
2.1483e-08,-0.2398918
2.1485e-08,-0.24169230000000008
2.1487e-08,-0.24346089999999998
2.1489e-08,-0.24519780000000002
2.1491e-08,-0.24690350000000005
2.1493e-08,-0.24857839999999998
2.1495e-08,-0.2502229
2.1497e-08,-0.2518374
2.1499e-08,-0.2534223
2.1501e-08,-0.25497800000000004
2.1503e-08,-0.25650490000000004
2.1505e-08,-0.2580034
2.1507e-08,-0.2594738000000001
2.1509e-08,-0.26091659999999994
2.1511e-08,-0.2623323000000001
2.1513e-08,-0.26372110000000004
2.1515e-08,-0.26508339999999997
2.1517e-08,-0.26641970000000004
2.1519e-08,-0.26773020000000003
2.1521e-08,-0.26901549999999996
2.1523e-08,-0.27027579999999995
2.1525e-08,-0.2715115
2.1527e-08,-0.27272300000000005
2.1529e-08,-0.27391069999999995
2.1531e-08,-0.2750750999999999
2.1533e-08,-0.2762162
2.1535e-08,-0.27733450000000004
2.1537e-08,-0.2784306
2.1539e-08,-0.2795044
2.1541e-08,-0.28055660000000004
2.1543e-08,-0.2815875
2.1545e-08,-0.28259729999999994
2.1547e-08,-0.28358649999999996
2.1549e-08,-0.2845552
2.1551e-08,-0.28550390000000003
2.1553e-08,-0.2864329
2.1555e-08,-0.2873426
2.1557e-08,-0.2882331
2.1559e-08,-0.2891049
2.1561e-08,-0.2899583
2.1563e-08,-0.2907934999999999
2.1565e-08,-0.29161080000000006
2.1567e-08,-0.2924107
2.1569e-08,-0.29319320000000004
2.1571e-08,-0.2939588000000001
2.1573e-08,-0.29470779999999996
2.1575e-08,-0.29544039999999994
2.1577e-08,-0.29615689999999995
2.1579e-08,-0.2968575
2.1581e-08,-0.29754249999999993
2.1583e-08,-0.29821240000000004
2.1585e-08,-0.2988672
2.1587e-08,-0.2995072000000001
2.1589e-08,-0.30013270000000003
2.1591e-08,-0.30074409999999996
2.1593e-08,-0.30134090000000013
2.1595e-08,-0.301925
2.1597e-08,-0.30249530000000013
2.15985e-08,-0.3029138000000001
2.16e-08,-0.3033256000000001
2.16002e-08,-0.3033794000000001
2.16006e-08,-0.303488
2.16014e-08,-0.3037025
2.1603e-08,-0.30412629999999985
2.1605e-08,-0.3046451000000001
2.1607e-08,-0.30515080000000006
2.1609e-08,-0.30564540000000007
2.1611e-08,-0.30612720000000004
2.1613e-08,-0.30659820000000004
2.1615e-08,-0.30705760000000004
2.1617e-08,-0.3075053000000001
2.1619e-08,-0.3079417
2.1621e-08,-0.3083676000000001
2.1623e-08,-0.30878329999999987
2.1625e-08,-0.3091888999999999
2.1627e-08,-0.30958339999999995
2.1629e-08,-0.30996789999999996
2.1631e-08,-0.3103434999999999
2.1633e-08,-0.3107084000000001
2.1635e-08,-0.3110645999999999
2.1637e-08,-0.3114112
2.1639e-08,-0.3117483999999999
2.1641e-08,-0.3120771000000001
2.1643e-08,-0.31239740000000005
2.1645e-08,-0.31270850000000006
2.1647e-08,-0.3130114999999999
2.1649e-08,-0.3133064000000001
2.1651e-08,-0.31359229999999993
2.1653e-08,-0.31387129999999996
2.1655e-08,-0.31414240000000004
2.1657e-08,-0.31440579999999996
2.1659e-08,-0.3146614999999999
2.1661e-08,-0.31490949999999995
2.1663e-08,-0.31515110000000013
2.1665e-08,-0.3153861000000001
2.1667e-08,-0.31561379999999994
2.1669e-08,-0.31583419999999995
2.1671e-08,-0.31604829999999995
2.1673e-08,-0.3162561999999999
2.1675e-08,-0.316458
2.1677e-08,-0.31665370000000004
2.1679e-08,-0.31684239999999997
2.1681e-08,-0.3170261999999999
2.1683e-08,-0.31720309999999985
2.1685e-08,-0.3173753
2.1687e-08,-0.3175416000000001
2.1689e-08,-0.3177023
2.1691e-08,-0.3178584
2.1693e-08,-0.3180088999999999
2.1695e-08,-0.31815379999999993
2.1697e-08,-0.31829430000000014
2.1699e-08,-0.3184294000000001
2.1701e-08,-0.3185600999999999
2.1703e-08,-0.31868660000000004
2.1705e-08,-0.31880770000000014
2.1707e-08,-0.31892469999999995
2.1709e-08,-0.3190375000000001
2.1711e-08,-0.31914520000000013
2.1713e-08,-0.3192497999999999
2.1715e-08,-0.31934950000000006
2.1717e-08,-0.31944610000000007
2.1719e-08,-0.31953790000000004
2.1721e-08,-0.31962670000000004
2.1723e-08,-0.3197118000000001
2.1725e-08,-0.3197930000000001
2.1727e-08,-0.31987049999999995
2.1729e-08,-0.3199442
2.1731e-08,-0.32001539999999995
2.1733e-08,-0.3200828
2.1735e-08,-0.3201467000000001
2.1737e-08,-0.32020799999999994
2.1739e-08,-0.3202659
2.1741e-08,-0.3203212
2.1743e-08,-0.3203731000000001
2.1745e-08,-0.3204226
2.1747e-08,-0.32046870000000005
2.1749e-08,-0.32051240000000003
2.1751e-08,-0.32055390000000006
2.1753e-08,-0.32059210000000005
2.1755e-08,-0.32062809999999997
2.1757e-08,-0.3206618000000001
2.1759e-08,-0.32069340000000013
2.1761e-08,-0.3207228
2.1763e-08,-0.3207491
2.1765e-08,-0.32077329999999993
2.1767e-08,-0.32079539999999995
2.1769e-08,-0.3208154999999999
2.1771e-08,-0.3208346000000001
2.1773e-08,-0.32085070000000004
2.1775e-08,-0.3208648999999999
2.1777e-08,-0.32087710000000014
2.1779e-08,-0.3208874999999999
2.1781e-08,-0.3208959
2.1783e-08,-0.3209034999999999
2.1785e-08,-0.32090930000000006
2.1787e-08,-0.32091230000000004
2.1789e-08,-0.3209145
2.1791e-08,-0.32091590000000003
2.1793e-08,-0.32091459999999994
2.1795e-08,-0.32091250000000004
2.1797e-08,-0.3209088
2.17985e-08,-0.3209049999999999
2.18e-08,-0.3209126
2.18002e-08,-0.32091519999999996
2.18006e-08,-0.32092409999999993
2.18014e-08,-0.3209474000000001
2.1803e-08,-0.3210116999999999
2.1805e-08,-0.3210827999999999
2.1807e-08,-0.3210984
2.1809e-08,-0.3210168
2.1811e-08,-0.3208053999999999
2.1813e-08,-0.32043769999999994
2.1815e-08,-0.3198955
2.1817e-08,-0.3191607000000001
2.1819e-08,-0.3182243
2.1821e-08,-0.3170769
2.1823e-08,-0.3157139000000001
2.1825e-08,-0.3141320000000001
2.1827e-08,-0.3123305999999999
2.1829e-08,-0.3103096999999999
2.1831e-08,-0.30807059999999997
2.1833e-08,-0.3056175
2.1835e-08,-0.3029533
2.1837e-08,-0.30008270000000004
2.1839e-08,-0.2970104
2.1841e-08,-0.2937427
2.1843e-08,-0.2902855
2.1845e-08,-0.28664480000000003
2.1847e-08,-0.28282719999999995
2.1849e-08,-0.27883979999999997
2.1851e-08,-0.2746889
2.1853e-08,-0.2703818
2.1855e-08,-0.2659252
2.1857e-08,-0.26132640000000007
2.1859e-08,-0.25659200000000004
2.1861e-08,-0.2517292
2.1863e-08,-0.24674469999999993
2.1865e-08,-0.24164529999999995
2.1867e-08,-0.23643780000000003
2.1869e-08,-0.2311287999999999
2.1871e-08,-0.22572480000000006
2.1873e-08,-0.22023199999999998
2.1875e-08,-0.21465689999999993
2.1877e-08,-0.20900549999999996
2.1879e-08,-0.20328389999999996
2.1881e-08,-0.1974977
2.1883e-08,-0.19165279999999996
2.1885e-08,-0.18575470000000005
2.1887e-08,-0.17980889999999994
2.1889e-08,-0.1738206
2.1891e-08,-0.16779480000000002
2.1893e-08,-0.16173670000000007
2.1895e-08,-0.15565089999999993
2.1897e-08,-0.14954219999999996
2.1899e-08,-0.1434148999999999
2.1901e-08,-0.13727349999999994
2.1903e-08,-0.13112219999999997
2.1905e-08,-0.12496509999999994
2.1907e-08,-0.11880589999999991
2.1909e-08,-0.11264870000000005
2.1911e-08,-0.10649679999999995
2.1913e-08,-0.10035369999999999
2.1915e-08,-0.09422300000000006
2.1917e-08,-0.08810760000000006
2.1919e-08,-0.08201060000000004
2.1921e-08,-0.07593500000000009
2.1923e-08,-0.06988360000000005
2.1925e-08,-0.06385909999999995
2.1927e-08,-0.05786390000000008
2.1929e-08,-0.05190039999999996
2.1931e-08,-0.045971000000000095
2.1933e-08,-0.04007779999999994
2.1935e-08,-0.034222899999999945
2.1937e-08,-0.028408199999999995
2.1939e-08,-0.02263550000000003
2.1941e-08,-0.016906599999999994
2.1943e-08,-0.01122309999999993
2.1945e-08,-0.005586599999999997
2.1947e-08,1.8000000000517602e-06
2.1949e-08,0.0055402999999999425
2.1951e-08,0.011027999999999927
2.1953e-08,0.01646380000000003
2.1955e-08,0.021846299999999985
2.1957e-08,0.027174900000000002
2.1959e-08,0.03244839999999993
2.1961e-08,0.037666100000000036
2.1963e-08,0.04282740000000007
2.1965e-08,0.04793140000000007
2.1967e-08,0.052977700000000016
2.1969e-08,0.0579655
2.1971e-08,0.06289459999999991
2.1973e-08,0.06776439999999995
2.1975e-08,0.07257459999999993
2.1977e-08,0.07732510000000004
2.1979e-08,0.08201530000000001
2.1981e-08,0.08664530000000004
2.1983e-08,0.09121480000000004
2.1985e-08,0.09572389999999997
2.1987e-08,0.10017220000000004
2.1989e-08,0.10456009999999993
2.1991e-08,0.10888730000000002
2.1993e-08,0.11315410000000004
2.1995e-08,0.11736049999999998
2.1997e-08,0.12150669999999997
2.19985e-08,0.12457689999999999
2.2e-08,0.12761329999999993
2.20002e-08,0.1280154
2.20006e-08,0.1288182
2.20014e-08,0.1304168
2.2003e-08,0.13358539999999997
2.2005e-08,0.13749270000000002
2.2007e-08,0.14134099999999994
2.2009e-08,0.14513070000000006
2.2011e-08,0.1488621
2.2013e-08,0.1525354
2.2015e-08,0.1561511
2.2017e-08,0.15970969999999995
2.2019e-08,0.16321130000000006
2.2021e-08,0.1666567
2.2023e-08,0.17004620000000004
2.2025e-08,0.17338030000000004
2.2027e-08,0.1766593999999999
2.2029e-08,0.1798841
2.2031e-08,0.18305490000000002
2.2033e-08,0.18617240000000002
2.2035e-08,0.18923679999999998
2.2037e-08,0.192249
2.2039e-08,0.19520930000000003
2.2041e-08,0.19811849999999998
2.2043e-08,0.2009769
2.2045e-08,0.2037852
2.2047e-08,0.2065439
2.2049e-08,0.2092537
2.2051e-08,0.21191499999999996
2.2053e-08,0.21452860000000007
2.2055e-08,0.21709489999999998
2.2057e-08,0.21961450000000005
2.2059e-08,0.2220881
2.2061e-08,0.2245161
2.2063e-08,0.22689930000000003
2.2065e-08,0.2292381
2.2067e-08,0.23153330000000005
2.2069e-08,0.23378530000000008
2.2071e-08,0.2359947
2.2073e-08,0.2381622
2.2075e-08,0.24028819999999995
2.2077e-08,0.24237339999999996
2.2079e-08,0.24441849999999998
2.2081e-08,0.24642379999999997
2.2083e-08,0.24839010000000006
2.2085e-08,0.2503177999999999
2.2087e-08,0.2522076
2.2089e-08,0.25405979999999995
2.2091e-08,0.2558754000000001
2.2093e-08,0.25765459999999996
2.2095e-08,0.259398
2.2097e-08,0.26110640000000007
2.2099e-08,0.2627799999999999
2.2101e-08,0.2644194000000001
2.2103e-08,0.2660252999999999
2.2105e-08,0.2675982
2.2107e-08,0.26913849999999995
2.2109e-08,0.27064679999999997
2.2111e-08,0.27212349999999996
2.2113e-08,0.2735693
2.2115e-08,0.27498449999999997
2.2117e-08,0.2763698
2.2119e-08,0.27772550000000007
2.2121e-08,0.2790521
2.2123e-08,0.2803502
2.2125e-08,0.2816202
2.2127e-08,0.2828625
2.2129e-08,0.28407779999999994
2.2131e-08,0.2852663999999999
2.2133e-08,0.2864287000000001
2.2135e-08,0.2875653
2.2137e-08,0.28867639999999994
2.2139e-08,0.2897626
2.2141e-08,0.2908244
2.2143e-08,0.2918621
2.2145e-08,0.2928761
2.2147e-08,0.29386690000000004
2.2149e-08,0.29483499999999996
2.2151e-08,0.2957805
2.2153e-08,0.2967040999999999
2.2155e-08,0.2976061
2.2157e-08,0.29848680000000005
2.2159e-08,0.2993466
2.2161e-08,0.3001859
2.2163e-08,0.3010047000000001
2.2165e-08,0.3018050000000001
2.2167e-08,0.3025846000000001
2.2169e-08,0.3033457999999999
2.2171e-08,0.3040877999999999
2.2173e-08,0.30481269999999994
2.2175e-08,0.30551859999999986
2.2177e-08,0.30620689999999995
2.2179e-08,0.3068775
2.2181e-08,0.30753180000000013
2.2183e-08,0.30816869999999996
2.2185e-08,0.30879060000000014
2.2187e-08,0.3093956
2.2189e-08,0.3099846999999999
2.2191e-08,0.3105582
2.2193e-08,0.31111619999999995
2.2195e-08,0.3116599
2.2197e-08,0.3121893000000001
2.21985e-08,0.31257669999999993
2.22e-08,0.3129561999999999
2.22002e-08,0.3130073
2.22006e-08,0.31311029999999995
2.22014e-08,0.31332570000000015
2.2203e-08,0.3137789999999999
2.2205e-08,0.3143435
2.2207e-08,0.31485930000000006
2.2209e-08,0.31527930000000004
2.2211e-08,0.3155696000000001
2.2213e-08,0.3157014
2.2215e-08,0.3156536000000001
2.2217e-08,0.3154085
2.2219e-08,0.3149548000000001
2.2221e-08,0.31428349999999994
2.2223e-08,0.3133891
2.2225e-08,0.3122670000000001
2.2227e-08,0.3109155000000001
2.2229e-08,0.3093364999999999
2.2231e-08,0.30753049999999993
2.2233e-08,0.30550050000000006
2.2235e-08,0.3032496000000001
2.2237e-08,0.3007823999999999
2.2239e-08,0.2981051
2.2241e-08,0.29522210000000004
2.2243e-08,0.2921399
2.2245e-08,0.2888647999999999
2.2247e-08,0.2854031
2.2249e-08,0.2817619
2.2251e-08,0.277948
2.2253e-08,0.2739682
2.2255e-08,0.26982970000000006
2.2257e-08,0.2655396
2.2259e-08,0.2611047999999999
2.2261e-08,0.2565324
2.2263e-08,0.2518292000000001
2.2265e-08,0.2470023
2.2267e-08,0.2420582
2.2269e-08,0.23700389999999993
2.2271e-08,0.2318458
2.2273e-08,0.22659039999999997
2.2275e-08,0.22124410000000005
2.2277e-08,0.21581320000000004
2.2279e-08,0.21030360000000003
2.2281e-08,0.2047215
2.2283e-08,0.19907229999999998
2.2285e-08,0.19336209999999998
2.2287e-08,0.1875964
2.2289e-08,0.1817803
2.2291e-08,0.17591920000000005
2.2293e-08,0.1700182
2.2295e-08,0.1640821
2.2297e-08,0.15811589999999998
2.2299e-08,0.15212399999999993
2.2301e-08,0.146111
2.2303e-08,0.14008129999999996
2.2305e-08,0.13403890000000007
2.2307e-08,0.127988
2.2309e-08,0.12193259999999995
2.2311e-08,0.11587610000000004
2.2313e-08,0.10982249999999993
2.2315e-08,0.1037749
2.2317e-08,0.0977368999999999
2.2319e-08,0.09171170000000006
2.2321e-08,0.08570219999999995
2.2323e-08,0.07971139999999999
2.2325e-08,0.07374219999999998
2.2327e-08,0.067797
2.2329e-08,0.061878700000000064
2.2331e-08,0.055989500000000025
2.2333e-08,0.0501317
2.2335e-08,0.04430770000000006
2.2337e-08,0.038519300000000034
2.2339e-08,0.032768699999999984
2.2341e-08,0.027057699999999962
2.2343e-08,0.021387899999999904
2.2345e-08,0.01576120000000003
2.2347e-08,0.01017889999999999
2.2349e-08,0.0046427
2.2351e-08,-0.0008462000000000192
2.2353e-08,-0.006286600000000031
2.2355e-08,-0.011677100000000107
2.2357e-08,-0.017016699999999996
2.2359e-08,-0.022304400000000002
2.2361e-08,-0.027539299999999933
2.2363e-08,-0.03272050000000004
2.2365e-08,-0.03784720000000008
2.2367e-08,-0.042918699999999976
2.2369e-08,-0.047934400000000044
2.2371e-08,-0.05289370000000004
2.2373e-08,-0.05779610000000002
2.2375e-08,-0.06264100000000006
2.2377e-08,-0.0674283
2.2379e-08,-0.07215739999999993
2.2381e-08,-0.07682810000000007
2.2383e-08,-0.08144029999999991
2.2385e-08,-0.08599350000000006
2.2387e-08,-0.09048789999999995
2.2389e-08,-0.09492330000000004
2.2391e-08,-0.09929959999999993
2.2393e-08,-0.10361679999999995
2.2395e-08,-0.1078751
2.2397e-08,-0.11207430000000007
2.23985e-08,-0.11518510000000004
2.24e-08,-0.11826289999999995
2.24002e-08,-0.11867040000000006
2.24006e-08,-0.11948439999999994
2.24014e-08,-0.12110540000000003
2.2403e-08,-0.12431910000000002
2.2405e-08,-0.12828400000000006
2.2407e-08,-0.13219079999999994
2.2409e-08,-0.13603980000000004
2.2411e-08,-0.13983109999999999
2.2413e-08,-0.1435653
2.2415e-08,-0.14724249999999994
2.2417e-08,-0.15086329999999992
2.2419e-08,-0.1544278
2.2421e-08,-0.15793659999999998
2.2423e-08,-0.16139000000000003
2.2425e-08,-0.16478840000000006
2.2427e-08,-0.1681323
2.2429e-08,-0.17142210000000002
2.2431e-08,-0.1746584000000001
2.2433e-08,-0.17784160000000004
2.2435e-08,-0.18097209999999997
2.2437e-08,-0.1840505
2.2439e-08,-0.1870773
2.2441e-08,-0.19005299999999992
2.2443e-08,-0.1929782
2.2445e-08,-0.19585340000000007
2.2447e-08,-0.19867899999999994
2.2449e-08,-0.20145570000000002
2.2451e-08,-0.20418409999999998
2.2453e-08,-0.20686459999999995
2.2455e-08,-0.20949779999999996
2.2457e-08,-0.2120843
2.2459e-08,-0.21462460000000005
2.2461e-08,-0.21711940000000007
2.2463e-08,-0.21956910000000007
2.2465e-08,-0.22197440000000002
2.2467e-08,-0.22433579999999997
2.2469e-08,-0.22665389999999996
2.2471e-08,-0.22892920000000005
2.2473e-08,-0.23116230000000004
2.2475e-08,-0.2333539
2.2477e-08,-0.2355043
2.2479e-08,-0.23761430000000006
2.2481e-08,-0.23968429999999996
2.2483e-08,-0.241715
2.2485e-08,-0.24370690000000006
2.2487e-08,-0.2456604
2.2489e-08,-0.24757629999999997
2.2491e-08,-0.24945510000000004
2.2493e-08,-0.25129710000000005
2.2495e-08,-0.2531032
2.2497e-08,-0.2548737
2.2499e-08,-0.25660910000000003
2.2501e-08,-0.2583101000000001
2.2503e-08,-0.2599772
2.2505e-08,-0.2616107
2.2507e-08,-0.26321150000000004
2.2509e-08,-0.26477969999999995
2.2511e-08,-0.26631609999999994
2.2513e-08,-0.2678210999999999
2.2515e-08,-0.2692951
2.2517e-08,-0.27073879999999995
2.2519e-08,-0.2721525
2.2521e-08,-0.2735368
2.2523e-08,-0.2748921000000001
2.2525e-08,-0.27621889999999993
2.2527e-08,-0.2775177
2.2529e-08,-0.2787889
2.2531e-08,-0.2800330000000001
2.2533e-08,-0.28125049999999996
2.2535e-08,-0.2824417
2.2537e-08,-0.28360719999999995
2.2539e-08,-0.28474730000000004
2.2541e-08,-0.2858625
2.2543e-08,-0.28695309999999996
2.2545e-08,-0.28801980000000005
2.2547e-08,-0.28906279999999995
2.2549e-08,-0.2900825
2.2551e-08,-0.2910794
2.2553e-08,-0.2920539
2.2555e-08,-0.2930062
2.2557e-08,-0.29393689999999995
2.2559e-08,-0.29484639999999995
2.2561e-08,-0.2957350000000001
2.2563e-08,-0.2966029
2.2565e-08,-0.29745069999999996
2.2567e-08,-0.2982787
2.2569e-08,-0.29908729999999994
2.2571e-08,-0.29987680000000005
2.2573e-08,-0.30064749999999996
2.2575e-08,-0.30139970000000005
2.2577e-08,-0.3021337999999999
2.2579e-08,-0.30285020000000007
2.2581e-08,-0.3035500000000001
2.2583e-08,-0.3042311999999999
2.2585e-08,-0.30489620000000006
2.2587e-08,-0.30554499999999996
2.2589e-08,-0.30617780000000006
2.2591e-08,-0.3067947999999999
2.2593e-08,-0.30739610000000006
2.2595e-08,-0.3079818000000001
2.2597e-08,-0.3085531
2.25985e-08,-0.308971
2.26e-08,-0.3093935
2.26002e-08,-0.30945120000000004
2.26006e-08,-0.309569
2.26014e-08,-0.3098093999999999
2.2603e-08,-0.3103007
2.2605e-08,-0.31089390000000006
2.2607e-08,-0.3114201999999999
2.2609e-08,-0.3118358
2.2611e-08,-0.31211050000000007
2.2613e-08,-0.3122178
2.2615e-08,-0.3121375999999999
2.2617e-08,-0.3118549999999999
2.2619e-08,-0.31135920000000006
2.2621e-08,-0.31064269999999994
2.2623e-08,-0.30970049999999993
2.2625e-08,-0.30852920000000006
2.2627e-08,-0.3071284000000001
2.2629e-08,-0.3054992999999999
2.2631e-08,-0.3036434
2.2633e-08,-0.30156399999999994
2.2635e-08,-0.29926430000000004
2.2637e-08,-0.29675090000000004
2.2639e-08,-0.29402799999999996
2.2641e-08,-0.2911013
2.2643e-08,-0.28797720000000004
2.2645e-08,-0.2846622999999999
2.2647e-08,-0.2811631
2.2649e-08,-0.2774864
2.2651e-08,-0.2736394
2.2653e-08,-0.2696287999999999
2.2655e-08,-0.26546179999999997
2.2657e-08,-0.26114570000000004
2.2659e-08,-0.2566872
2.2661e-08,-0.2520935999999999
2.2663e-08,-0.2473715999999999
2.2665e-08,-0.24252820000000008
2.2667e-08,-0.2375701
2.2669e-08,-0.23250399999999993
2.2671e-08,-0.22733649999999994
2.2673e-08,-0.222074
2.2675e-08,-0.2167228
2.2677e-08,-0.21128920000000007
2.2679e-08,-0.2057789
2.2681e-08,-0.20019830000000005
2.2683e-08,-0.19455290000000003
2.2685e-08,-0.18884820000000002
2.2687e-08,-0.18308999999999997
2.2689e-08,-0.17728330000000003
2.2691e-08,-0.17143350000000002
2.2693e-08,-0.1655455
2.2695e-08,-0.1596242
2.2697e-08,-0.15367429999999993
2.2699e-08,-0.1477005
2.2701e-08,-0.14170710000000009
2.2703e-08,-0.1356984
2.2705e-08,-0.12967849999999992
2.2707e-08,-0.12365150000000003
2.2709e-08,-0.11762109999999992
2.2711e-08,-0.111591
2.2713e-08,-0.10556489999999996
2.2715e-08,-0.09954599999999991
2.2717e-08,-0.0935378
2.2719e-08,-0.08754340000000005
2.2721e-08,-0.08156560000000002
2.2723e-08,-0.07560750000000005
2.2725e-08,-0.06967180000000006
2.2727e-08,-0.06376099999999996
2.2729e-08,-0.057877599999999974
2.2731e-08,-0.052024199999999965
2.2733e-08,-0.046202899999999936
2.2735e-08,-0.0404158
2.2737e-08,-0.03466520000000006
2.2739e-08,-0.028952599999999995
2.2741e-08,-0.023280100000000026
2.2743e-08,-0.017649399999999926
2.2745e-08,-0.012062099999999965
2.2747e-08,-0.006519500000000011
2.2749e-08,-0.0010232999999999493
2.2751e-08,0.004425300000000076
2.2753e-08,0.009824999999999973
2.2755e-08,0.015174899999999991
2.2757e-08,0.02047360000000009
2.2759e-08,0.02572030000000003
2.2761e-08,0.030913999999999997
2.2763e-08,0.03605400000000003
2.2765e-08,0.04113940000000005
2.2767e-08,0.04616969999999998
2.2769e-08,0.05114399999999997
2.2771e-08,0.056062100000000004
2.2773e-08,0.060923300000000014
2.2775e-08,0.06572719999999999
2.2777e-08,0.07047329999999996
2.2779e-08,0.07516159999999994
2.2781e-08,0.07979160000000007
2.2783e-08,0.08436310000000002
2.2785e-08,0.08887610000000001
2.2787e-08,0.09333030000000009
2.2789e-08,0.09772569999999992
2.2791e-08,0.1020622000000001
2.2793e-08,0.10633999999999999
2.2795e-08,0.11055899999999996
2.2797e-08,0.11471929999999997
2.27985e-08,0.11780100000000004
2.28e-08,0.12084989999999995
2.28002e-08,0.12125369999999991
2.28006e-08,0.1220599
2.28014e-08,0.1236655000000001
2.2803e-08,0.12684889999999993
2.2805e-08,0.13077590000000006
2.2807e-08,0.13464530000000008
2.2809e-08,0.13845700000000005
2.2811e-08,0.1422116
2.2813e-08,0.14590930000000002
2.2815e-08,0.14955040000000008
2.2817e-08,0.15313539999999992
2.2819e-08,0.1566645000000001
2.2821e-08,0.16013829999999996
2.2823e-08,0.16355700000000006
2.2825e-08,0.16692110000000004
2.2827e-08,0.1702309999999999
2.2829e-08,0.1734873
2.2831e-08,0.17669049999999997
2.2833e-08,0.1798407999999999
2.2835e-08,0.18293899999999996
2.2837e-08,0.18598530000000002
2.2839e-08,0.1889805
2.2841e-08,0.191925
2.2843e-08,0.19481920000000008
2.2845e-08,0.1976639
2.2847e-08,0.2004595
2.2849e-08,0.20320649999999996
2.2851e-08,0.20590549999999996
2.2853e-08,0.20855709999999994
2.2855e-08,0.21116180000000007
2.2857e-08,0.21372009999999997
2.2859e-08,0.21623270000000006
2.2861e-08,0.21869990000000006
2.2863e-08,0.22112259999999995
2.2865e-08,0.22350119999999996
2.2867e-08,0.2258363
2.2869e-08,0.22812850000000007
2.2871e-08,0.23037830000000004
2.2873e-08,0.23258619999999997
2.2875e-08,0.234753
2.2877e-08,0.23687900000000006
2.2879e-08,0.23896479999999998
2.2881e-08,0.24101110000000003
2.2883e-08,0.24301839999999997
2.2885e-08,0.2449871
2.2887e-08,0.24691810000000003
2.2889e-08,0.24881160000000002
2.2891e-08,0.25066829999999996
2.2893e-08,0.2524887
2.2895e-08,0.25427330000000004
2.2897e-08,0.2560228
2.2899e-08,0.25773749999999995
2.2901e-08,0.2594181000000001
2.2903e-08,0.26106509999999994
2.2905e-08,0.26267890000000005
2.2907e-08,0.2642601
2.2909e-08,0.2658093
2.2911e-08,0.2673266999999999
2.2913e-08,0.2688132
2.2915e-08,0.270269
2.2917e-08,0.27169469999999996
2.2919e-08,0.27309079999999997
2.2921e-08,0.27445759999999997
2.2923e-08,0.2757959
2.2925e-08,0.27710579999999996
2.2927e-08,0.27838799999999997
2.2929e-08,0.2796428999999999
2.2931e-08,0.280871
2.2933e-08,0.28207269999999995
2.2935e-08,0.28324839999999996
2.2937e-08,0.28439860000000006
2.2939e-08,0.28552369999999994
2.2941e-08,0.2866242000000001
2.2943e-08,0.2877003
2.2945e-08,0.2887527000000001
2.2947e-08,0.2897816
2.2949e-08,0.29078760000000003
2.2951e-08,0.291771
2.2953e-08,0.29273210000000005
2.2955e-08,0.2936713000000001
2.2957e-08,0.2945892
2.2959e-08,0.29548589999999997
2.2961e-08,0.296362
2.2963e-08,0.29721770000000003
2.2965e-08,0.29805349999999997
2.2967e-08,0.2988697
2.2969e-08,0.29966669999999995
2.2971e-08,0.30044479999999996
2.2973e-08,0.3012041
2.2975e-08,0.30194579999999993
2.2977e-08,0.30266859999999995
2.2979e-08,0.3033747000000001
2.2981e-08,0.3040632000000001
2.2983e-08,0.3047354000000001
2.2985e-08,0.30539039999999995
2.2987e-08,0.3060292
2.2989e-08,0.3066511999999999
2.2991e-08,0.30725840000000004
2.2993e-08,0.30785000000000007
2.2995e-08,0.30842710000000007
2.2997e-08,0.3089889
2.29985e-08,0.3094005999999999
2.3e-08,0.3098042000000001
2.30002e-08,0.3098588
2.30006e-08,0.30996800000000013
2.30014e-08,0.3101969000000001
2.3003e-08,0.31067500000000003
2.3005e-08,0.3112714
2.3007e-08,0.31181800000000004
2.3009e-08,0.31226980000000004
2.3011e-08,0.31258960000000013
2.3013e-08,0.3127517000000001
2.3015e-08,0.312732
2.3017e-08,0.3125169
2.3019e-08,0.3120907999999999
2.3021e-08,0.3114468
2.3023e-08,0.31057840000000003
2.3025e-08,0.3094819999999999
2.3027e-08,0.308157
2.3029e-08,0.30660220000000005
2.3031e-08,0.30482109999999996
2.3033e-08,0.30281460000000004
2.3035e-08,0.3005871000000001
2.3037e-08,0.2981437
2.3039e-08,0.29548870000000005
2.3041e-08,0.2926282
2.3043e-08,0.28956799999999994
2.3045e-08,0.2863145
2.3047e-08,0.28287450000000003
2.3049e-08,0.27925449999999996
2.3051e-08,0.27546170000000003
2.3053e-08,0.27150300000000005
2.3055e-08,0.2673854
2.3057e-08,0.26311589999999996
2.3059e-08,0.2587018
2.3061e-08,0.25414990000000004
2.3063e-08,0.24946729999999995
2.3065e-08,0.24466069999999995
2.3067e-08,0.23973710000000004
2.3069e-08,0.23470309999999994
2.3071e-08,0.22956540000000003
2.3073e-08,0.2243305
2.3075e-08,0.2190046
2.3077e-08,0.2135941
2.3079e-08,0.20810490000000004
2.3081e-08,0.20254319999999992
2.3083e-08,0.19691459999999994
2.3085e-08,0.19122490000000003
2.3087e-08,0.18547960000000008
2.3089e-08,0.1796841
2.3091e-08,0.1738436
2.3093e-08,0.16796309999999992
2.3095e-08,0.16204770000000002
2.3097e-08,0.15610199999999996
2.3099e-08,0.1501308
2.3101e-08,0.14413850000000006
2.3103e-08,0.13812950000000002
2.3105e-08,0.1321078
2.3107e-08,0.1260776
2.3109e-08,0.1200426
2.3111e-08,0.11400679999999996
2.3113e-08,0.10797369999999995
2.3115e-08,0.1019468
2.3117e-08,0.09592939999999994
2.3119e-08,0.08992450000000007
2.3121e-08,0.0839354
2.3123e-08,0.07796499999999995
2.3125e-08,0.07201609999999992
2.3127e-08,0.06609120000000002
2.3129e-08,0.06019300000000005
2.3131e-08,0.05432389999999998
2.3133e-08,0.048486200000000035
2.3135e-08,0.04268189999999994
2.3137e-08,0.036913500000000043
2.3139e-08,0.031182500000000002
2.3141e-08,0.02549109999999999
2.3143e-08,0.019840799999999992
2.3145e-08,0.014233399999999952
2.3147e-08,0.008670399999999967
2.3149e-08,0.0031532999999999145
2.3151e-08,-0.0023166999999999494
2.3153e-08,-0.00773809999999997
2.3155e-08,-0.013110000000000066
2.3157e-08,-0.018431100000000034
2.3159e-08,-0.023700399999999955
2.3161e-08,-0.02891699999999997
2.3163e-08,-0.03408010000000006
2.3165e-08,-0.03918889999999997
2.3167e-08,-0.04424259999999991
2.3169e-08,-0.049240700000000026
2.3171e-08,-0.05418250000000002
2.3173e-08,-0.05906750000000005
2.3175e-08,-0.06389540000000005
2.3177e-08,-0.0686656
2.3179e-08,-0.07337800000000005
2.3181e-08,-0.07803209999999994
2.3183e-08,-0.08262769999999997
2.3185e-08,-0.08716480000000004
2.3187e-08,-0.09164309999999998
2.3189e-08,-0.09606249999999994
2.3191e-08,-0.10042309999999999
2.3193e-08,-0.10472479999999995
2.3195e-08,-0.1089677
2.3197e-08,-0.11315169999999997
2.31985e-08,-0.1162512
2.32e-08,-0.11932940000000003
2.32002e-08,-0.1197395
2.32006e-08,-0.12056
2.32014e-08,-0.12220180000000003
2.3203e-08,-0.12547240000000004
2.3205e-08,-0.12949700000000008
2.3207e-08,-0.1334029
2.3209e-08,-0.13714629999999994
2.3211e-08,-0.1406928999999999
2.3213e-08,-0.14401560000000002
2.3215e-08,-0.1470940999999999
2.3217e-08,-0.14991310000000002
2.3219e-08,-0.15246190000000004
2.3221e-08,-0.1547333999999999
2.3223e-08,-0.15672350000000002
2.3225e-08,-0.15843069999999992
2.3227e-08,-0.1598556
2.3229e-08,-0.16100039999999993
2.3231e-08,-0.16186860000000003
2.3233e-08,-0.16246519999999998
2.3235e-08,-0.16279580000000005
2.3237e-08,-0.16286659999999997
2.3239e-08,-0.16268470000000002
2.3241e-08,-0.1622574
2.3243e-08,-0.16159250000000003
2.3245e-08,-0.1606976
2.3247e-08,-0.15958119999999998
2.3249e-08,-0.15825099999999992
2.3251e-08,-0.15671539999999995
2.3253e-08,-0.15498250000000002
2.3255e-08,-0.15306049999999993
2.3257e-08,-0.15095740000000002
2.3259e-08,-0.14868120000000007
2.3261e-08,-0.14623949999999997
2.3263e-08,-0.1436402
2.3265e-08,-0.14089090000000004
2.3267e-08,-0.13799879999999998
2.3269e-08,-0.13497130000000002
2.3271e-08,-0.13181540000000003
2.3273e-08,-0.12853799999999993
2.3275e-08,-0.12514570000000003
2.3277e-08,-0.12164520000000001
2.3279e-08,-0.11804270000000006
2.3281e-08,-0.11434460000000002
2.3283e-08,-0.11055669999999995
2.3285e-08,-0.10668499999999992
2.3287e-08,-0.10273489999999996
2.3289e-08,-0.09871220000000003
2.3291e-08,-0.09462199999999998
2.3293e-08,-0.09046959999999993
2.3295e-08,-0.0862598
2.3297e-08,-0.0819976
2.3299e-08,-0.07768750000000002
2.3301e-08,-0.07333400000000001
2.3303e-08,-0.0689417
2.3305e-08,-0.06451440000000008
2.3307e-08,-0.06005650000000007
2.3309e-08,-0.0555717
2.3311e-08,-0.05106379999999999
2.3313e-08,-0.04653649999999998
2.3315e-08,-0.04199299999999995
2.3317e-08,-0.037437000000000054
2.3319e-08,-0.0328716
2.3321e-08,-0.028299799999999986
2.3323e-08,-0.023724599999999985
2.3325e-08,-0.019148799999999966
2.3327e-08,-0.014575100000000063
2.3329e-08,-0.010006199999999965
2.3331e-08,-0.005444600000000022
2.3333e-08,-0.0008926000000000212
2.3335e-08,0.0036474999999999147
2.3337e-08,0.008173499999999945
2.3339e-08,0.012683400000000011
2.3341e-08,0.017175300000000004
2.3343e-08,0.02164710000000003
2.3345e-08,0.02609719999999993
2.3347e-08,0.030523900000000048
2.3349e-08,0.0349256
2.3351e-08,0.039300799999999914
2.3353e-08,0.04364800000000002
2.3355e-08,0.047965900000000006
2.3357e-08,0.05225329999999995
2.3359e-08,0.05650889999999997
2.3361e-08,0.06073150000000005
2.3363e-08,0.06492029999999993
2.3365e-08,0.06907419999999997
2.3367e-08,0.07319219999999993
2.3369e-08,0.0772737
2.3371e-08,0.08131759999999999
2.3373e-08,0.08532340000000005
2.3375e-08,0.08929019999999999
2.3377e-08,0.09321760000000001
2.3379e-08,0.097105
2.3381e-08,0.10095179999999992
2.3383e-08,0.10475749999999995
2.3385e-08,0.10852190000000006
2.3387e-08,0.11224440000000002
2.3389e-08,0.11592469999999999
2.3391e-08,0.11956269999999991
2.3393e-08,0.12315790000000004
2.3395e-08,0.12671029999999994
2.3397e-08,0.13021950000000004
2.33985e-08,0.13282320000000003
2.34e-08,0.13541409999999998
2.34002e-08,0.1357598000000001
2.34006e-08,0.13645209999999997
2.34014e-08,0.1378395
2.3403e-08,0.14060800000000007
2.3405e-08,0.1440184
2.3407e-08,0.1473247000000001
2.3409e-08,0.15048309999999998
2.3411e-08,0.1534588
2.3413e-08,0.1562247
2.3415e-08,0.15876009999999996
2.3417e-08,0.16104950000000007
2.3419e-08,0.16308179999999994
2.3421e-08,0.16484949999999998
2.3423e-08,0.16634839999999995
2.3425e-08,0.16757650000000002
2.3427e-08,0.16853419999999997
2.3429e-08,0.16922340000000002
2.3431e-08,0.1696472
2.3433e-08,0.16981040000000003
2.3435e-08,0.16971820000000004
2.3437e-08,0.1693766
2.3439e-08,0.1687925
2.3441e-08,0.16797289999999998
2.3443e-08,0.1669252
2.3445e-08,0.1656571
2.3447e-08,0.1641764
2.3449e-08,0.16249119999999995
2.3451e-08,0.16060909999999995
2.3453e-08,0.15853849999999992
2.3455e-08,0.15628720000000007
2.3457e-08,0.1538628999999999
2.3459e-08,0.1512736
2.3461e-08,0.1485267
2.3463e-08,0.14563009999999998
2.3465e-08,0.14259089999999996
2.3467e-08,0.13941670000000006
2.3469e-08,0.13611419999999996
2.3471e-08,0.13269049999999993
2.3473e-08,0.1291525
2.3475e-08,0.12550670000000008
2.3477e-08,0.12175940000000007
2.3479e-08,0.11791689999999999
2.3481e-08,0.1139853999999999
2.3483e-08,0.10997080000000004
2.3485e-08,0.10587859999999993
2.3487e-08,0.10171459999999999
2.3489e-08,0.09748410000000007
2.3491e-08,0.09319219999999995
2.3493e-08,0.08884409999999998
2.3495e-08,0.08444470000000004
2.3497e-08,0.07999859999999992
2.3499e-08,0.07551049999999992
2.3501e-08,0.07098459999999995
2.3503e-08,0.06642530000000002
2.3505e-08,0.06183670000000008
2.3507e-08,0.05722270000000007
2.3509e-08,0.0525871
2.3511e-08,0.04793370000000008
2.3513e-08,0.04326579999999991
2.3515e-08,0.03858689999999998
2.3517e-08,0.03390040000000005
2.3519e-08,0.0292091000000001
2.3521e-08,0.024516300000000046
2.3523e-08,0.01982459999999997
2.3525e-08,0.015136999999999956
2.3527e-08,0.010455899999999962
2.3529e-08,0.005784000000000011
2.3531e-08,0.0011236999999999497
2.3533e-08,-0.0035228999999999955
2.3535e-08,-0.008153500000000036
2.3537e-08,-0.012766100000000002
2.3539e-08,-0.017358499999999943
2.3541e-08,-0.021929100000000035
2.3543e-08,-0.026475999999999944
2.3545e-08,-0.03099750000000001
2.3547e-08,-0.03549190000000002
2.3549e-08,-0.03995800000000005
2.3551e-08,-0.044394000000000045
2.3553e-08,-0.04879880000000003
2.3555e-08,-0.053171099999999916
2.3557e-08,-0.0575097
2.3559e-08,-0.061813499999999966
2.3561e-08,-0.06608130000000001
2.3563e-08,-0.07031239999999994
2.3565e-08,-0.07450570000000001
2.3567e-08,-0.07866030000000002
2.3569e-08,-0.0827756999999999
2.3571e-08,-0.0868509999999999
2.3573e-08,-0.09088560000000001
2.3575e-08,-0.09487889999999999
2.3577e-08,-0.09883019999999998
2.3579e-08,-0.10273929999999998
2.3581e-08,-0.10660549999999991
2.3583e-08,-0.11042850000000004
2.3585e-08,-0.11420790000000003
2.3587e-08,-0.11794349999999998
2.3589e-08,-0.12163489999999999
2.3591e-08,-0.125282
2.3593e-08,-0.12888450000000007
2.3595e-08,-0.1324423
2.3597e-08,-0.1359553
2.35985e-08,-0.13856049999999998
2.36e-08,-0.14114059999999995
2.36002e-08,-0.14148319999999992
2.36006e-08,-0.14216949999999995
2.36014e-08,-0.1435478
2.3603e-08,-0.14631019999999995
2.3605e-08,-0.14973159999999996
2.3607e-08,-0.15306600000000004
2.3609e-08,-0.15626590000000007
2.3611e-08,-0.15929369999999998
2.3613e-08,-0.16211979999999993
2.3615e-08,-0.1647213999999999
2.3617e-08,-0.1670813
2.3619e-08,-0.16918709999999992
2.3621e-08,-0.17103009999999996
2.3623e-08,-0.172605
2.3625e-08,-0.17390899999999998
2.3627e-08,-0.17494200000000004
2.3629e-08,-0.175705
2.3631e-08,-0.17620099999999994
2.3633e-08,-0.17643419999999999
2.3635e-08,-0.17640959999999994
2.3637e-08,-0.17613290000000004
2.3639e-08,-0.17561090000000001
2.3641e-08,-0.17485020000000007
2.3643e-08,-0.17385830000000002
2.3645e-08,-0.17264259999999998
2.3647e-08,-0.1712112
2.3649e-08,-0.16957179999999994
2.3651e-08,-0.1677322
2.3653e-08,-0.16570059999999998
2.3655e-08,-0.16348479999999999
2.3657e-08,-0.16109279999999992
2.3659e-08,-0.15853250000000008
2.3661e-08,-0.15581120000000004
2.3663e-08,-0.1529370000000001
2.3665e-08,-0.14991690000000002
2.3667e-08,-0.14675840000000007
2.3669e-08,-0.14346880000000006
2.3671e-08,-0.14005489999999998
2.3673e-08,-0.13652350000000002
2.3675e-08,-0.13288149999999999
2.3677e-08,-0.12913510000000006
2.3679e-08,-0.12529080000000004
2.3681e-08,-0.12135460000000009
2.3683e-08,-0.11733269999999996
2.3685e-08,-0.11323070000000002
2.3687e-08,-0.10905429999999994
2.3689e-08,-0.10480889999999998
2.3691e-08,-0.10049989999999998
2.3693e-08,-0.09613229999999995
2.3695e-08,-0.09171119999999999
2.3697e-08,-0.08724119999999991
2.3699e-08,-0.08272709999999994
2.3701e-08,-0.0781733
2.3703e-08,-0.07358409999999993
2.3705e-08,-0.06896390000000008
2.3707e-08,-0.06431640000000005
2.3709e-08,-0.059645599999999965
2.3711e-08,-0.05495539999999999
2.3713e-08,-0.050249100000000047
2.3715e-08,-0.04553040000000008
2.3717e-08,-0.040802500000000075
2.3719e-08,-0.036068600000000006
2.3721e-08,-0.03133180000000002
2.3723e-08,-0.026595000000000035
2.3725e-08,-0.02186099999999991
2.3727e-08,-0.017132499999999995
2.3729e-08,-0.012412100000000037
2.3731e-08,-0.007702300000000051
2.3733e-08,-0.0030052999999999885
2.3735e-08,0.0016764999999999697
2.3737e-08,0.006341200000000047
2.3739e-08,0.010986399999999952
2.3741e-08,0.015610400000000024
2.3743e-08,0.02021139999999999
2.3745e-08,0.024787699999999968
2.3747e-08,0.02933730000000001
2.3749e-08,0.03385919999999998
2.3751e-08,0.038351399999999924
2.3753e-08,0.042812799999999984
2.3755e-08,0.047242000000000006
2.3757e-08,0.051637900000000014
2.3759e-08,0.05599920000000003
2.3761e-08,0.060324799999999956
2.3763e-08,0.06461379999999994
2.3765e-08,0.06886530000000002
2.3767e-08,0.07307830000000004
2.3769e-08,0.0772520000000001
2.3771e-08,0.0813857
2.3773e-08,0.08547869999999991
2.3775e-08,0.08953049999999996
2.3777e-08,0.09354020000000007
2.3779e-08,0.09750749999999997
2.3781e-08,0.10143199999999997
2.3783e-08,0.10531310000000005
2.3785e-08,0.10915050000000004
2.3787e-08,0.11294400000000004
2.3789e-08,0.11669299999999994
2.3791e-08,0.12039749999999994
2.3793e-08,0.12405719999999998
2.3795e-08,0.127672
2.3797e-08,0.13124159999999996
2.37985e-08,0.1338893
2.38e-08,0.13651139999999995
2.38002e-08,0.13685970000000003
2.38006e-08,0.13755720000000005
2.38014e-08,0.13895789999999997
2.3803e-08,0.14176490000000008
2.3805e-08,0.14524159999999997
2.3807e-08,0.1486309
2.3809e-08,0.1518853
2.3811e-08,0.15496690000000002
2.3813e-08,0.1578463
2.3815e-08,0.1605004
2.3817e-08,0.1629121
2.3819e-08,0.16506880000000002
2.3821e-08,0.16696200000000005
2.3823e-08,0.16858649999999997
2.3825e-08,0.16993940000000007
2.3827e-08,0.17102030000000001
2.3829e-08,0.1718307
2.3831e-08,0.17237330000000006
2.3833e-08,0.1726525000000001
2.3835e-08,0.17267310000000002
2.3837e-08,0.1724411
2.3839e-08,0.1719630000000001
2.3841e-08,0.1712458
2.3843e-08,0.17029679999999991
2.3845e-08,0.16912360000000004
2.3847e-08,0.16773400000000005
2.3849e-08,0.1661359
2.3851e-08,0.16433730000000002
2.3853e-08,0.1623462
2.3855e-08,0.1601705
2.3857e-08,0.15781820000000002
2.3859e-08,0.15529710000000008
2.3861e-08,0.15261479999999994
2.3863e-08,0.149779
2.3865e-08,0.14679720000000007
2.3867e-08,0.1436767
2.3869e-08,0.14042470000000007
2.3871e-08,0.13704799999999995
2.3873e-08,0.1335537
2.3875e-08,0.12994830000000002
2.3877e-08,0.12623840000000008
2.3879e-08,0.12243019999999993
2.3881e-08,0.11852999999999991
2.3883e-08,0.11454370000000003
2.3885e-08,0.1104771
2.3887e-08,0.10633589999999993
2.3889e-08,0.10212540000000003
2.3891e-08,0.09785099999999991
2.3893e-08,0.09351779999999998
2.3895e-08,0.08913090000000001
2.3897e-08,0.08469480000000007
2.3899e-08,0.08021429999999996
2.3901e-08,0.07569399999999993
2.3903e-08,0.07113799999999992
2.3905e-08,0.06655060000000002
2.3907e-08,0.06193569999999993
2.3909e-08,0.0572975
2.3911e-08,0.0526394
2.3913e-08,0.047965000000000035
2.3915e-08,0.04327789999999998
2.3917e-08,0.0385814000000001
2.3919e-08,0.03387859999999998
2.3921e-08,0.029172599999999993
2.3923e-08,0.024466300000000052
2.3925e-08,0.019762599999999964
2.3927e-08,0.015064199999999972
2.3929e-08,0.010373500000000035
2.3931e-08,0.0056931000000000065
2.3933e-08,0.0010253000000000068
2.3935e-08,-0.003627599999999953
2.3937e-08,-0.008263699999999985
2.3939e-08,-0.01288060000000002
2.3941e-08,-0.017476599999999953
2.3943e-08,-0.022049899999999956
2.3945e-08,-0.026598699999999975
2.3947e-08,-0.03112130000000002
2.3949e-08,-0.03561619999999999
2.3951e-08,-0.040081900000000004
2.3953e-08,-0.044517099999999976
2.3955e-08,-0.048920399999999975
2.3957e-08,-0.053290599999999966
2.3959e-08,-0.057626500000000025
2.3961e-08,-0.06192710000000001
2.3963e-08,-0.06619140000000001
2.3965e-08,-0.07041839999999999
2.3967e-08,-0.07460730000000004
2.3969e-08,-0.07875719999999997
2.3971e-08,-0.08286740000000004
2.3973e-08,-0.08693709999999999
2.3975e-08,-0.09096590000000004
2.3977e-08,-0.09495310000000001
2.3979e-08,-0.09889809999999999
2.3981e-08,-0.10280049999999996
2.3983e-08,-0.10665989999999992
2.3985e-08,-0.11047580000000001
2.3987e-08,-0.11424809999999996
2.3989e-08,-0.11797629999999992
2.3991e-08,-0.1216602
2.3993e-08,-0.12529959999999996
2.3995e-08,-0.12889439999999996
2.3997e-08,-0.13244430000000007
2.39985e-08,-0.13507730000000007
2.4e-08,-0.13768499999999995
2.40002e-08,-0.13803139999999992
2.40006e-08,-0.13872510000000005
2.40014e-08,-0.14011819999999997
2.4003e-08,-0.14290999999999998
2.4005e-08,-0.14636820000000006
2.4007e-08,-0.14973930000000002
2.4009e-08,-0.15297570000000005
2.4011e-08,-0.15603960000000006
2.4013e-08,-0.15890159999999998
2.4015e-08,-0.16153869999999992
2.4017e-08,-0.16393369999999996
2.4019e-08,-0.16607419999999995
2.4021e-08,-0.16795139999999997
2.4023e-08,-0.16956020000000005
2.4025e-08,-0.17089759999999998
2.4027e-08,-0.17196350000000005
2.4029e-08,-0.172759
2.4031e-08,-0.17328730000000003
2.4033e-08,-0.1735523
2.4035e-08,-0.17355900000000002
2.4037e-08,-0.17331339999999995
2.4039e-08,-0.17282190000000008
2.4041e-08,-0.1720916
2.4043e-08,-0.17112969999999994
2.4045e-08,-0.1699438000000001
2.4047e-08,-0.16854179999999996
2.4049e-08,-0.16693140000000006
2.4051e-08,-0.16512080000000007
2.4053e-08,-0.16311779999999998
2.4055e-08,-0.16093049999999998
2.4057e-08,-0.15856669999999995
2.4059e-08,-0.15603429999999996
2.4061e-08,-0.15334079999999994
2.4063e-08,-0.15049410000000008
2.4065e-08,-0.14750149999999995
2.4067e-08,-0.14437030000000006
2.4069e-08,-0.14110770000000006
2.4071e-08,-0.13772079999999998
2.4073e-08,-0.13421610000000006
2.4075e-08,-0.13060070000000001
2.4077e-08,-0.12688080000000002
2.4079e-08,-0.12306290000000009
2.4081e-08,-0.1191529
2.4083e-08,-0.1151569
2.4085e-08,-0.11108089999999993
2.4087e-08,-0.10693030000000003
2.4089e-08,-0.10271059999999999
2.4091e-08,-0.09842709999999999
2.4093e-08,-0.09408489999999992
2.4095e-08,-0.08968889999999996
2.4097e-08,-0.08524410000000004
2.4099e-08,-0.08075500000000002
2.4101e-08,-0.07622600000000002
2.4103e-08,-0.07166159999999999
2.4105e-08,-0.06706579999999995
2.4107e-08,-0.06244269999999996
2.4109e-08,-0.057796200000000075
2.4111e-08,-0.05313000000000001
2.4113e-08,-0.04844769999999998
2.4115e-08,-0.04375269999999998
2.4117e-08,-0.03904839999999998
2.4119e-08,-0.03433799999999998
2.4121e-08,-0.029624400000000106
2.4123e-08,-0.024910699999999952
2.4125e-08,-0.020199599999999984
2.4127e-08,-0.015493800000000002
2.4129e-08,-0.010795999999999917
2.4131e-08,-0.006108500000000072
2.4133e-08,-0.0014338000000000406
2.4135e-08,0.0032261000000000095
2.4137e-08,0.007868800000000009
2.4139e-08,0.012492599999999965
2.4141e-08,0.01709509999999992
2.4143e-08,0.021675
2.4145e-08,0.026230100000000034
2.4147e-08,0.030759099999999928
2.4149e-08,0.03526030000000002
2.4151e-08,0.03973209999999994
2.4153e-08,0.04417329999999997
2.4155e-08,0.04858269999999998
2.4157e-08,0.052958700000000025
2.4159e-08,0.05730040000000003
2.4161e-08,0.06160679999999996
2.4163e-08,0.06587670000000001
2.4165e-08,0.07010919999999998
2.4167e-08,0.07430360000000003
2.4169e-08,0.07845880000000005
2.4171e-08,0.0825743000000001
2.4173e-08,0.08664920000000009
2.4175e-08,0.09068310000000002
2.4177e-08,0.0946752999999999
2.4179e-08,0.09862519999999997
2.4181e-08,0.10253259999999997
2.4183e-08,0.10639670000000001
2.4185e-08,0.11021740000000002
2.4187e-08,0.11399429999999999
2.4189e-08,0.11772700000000003
2.4191e-08,0.12141550000000001
2.4193e-08,0.12505929999999998
2.4195e-08,0.12865839999999995
2.4197e-08,0.1322126
2.41985e-08,0.1348488
2.42e-08,0.13747120000000002
2.42002e-08,0.1378212000000001
2.42006e-08,0.13852169999999997
2.42014e-08,0.13992519999999997
2.4203e-08,0.14272549999999995
2.4205e-08,0.14617400000000003
2.4207e-08,0.14951710000000007
2.4209e-08,0.15271080000000004
2.4211e-08,0.15572049999999993
2.4213e-08,0.15851910000000002
2.4215e-08,0.16108599999999995
2.4217e-08,0.16340560000000004
2.4219e-08,0.16546709999999998
2.4221e-08,0.1672631
2.4223e-08,0.16878919999999997
2.4225e-08,0.17004360000000007
2.4227e-08,0.17102660000000003
2.4229e-08,0.17174009999999995
2.4231e-08,0.17218749999999994
2.4233e-08,0.1723732
2.4235e-08,0.1723028000000001
2.4237e-08,0.17198209999999992
2.4239e-08,0.17141800000000007
2.4241e-08,0.1706175000000001
2.4243e-08,0.16958810000000002
2.4245e-08,0.16833759999999998
2.4247e-08,0.1668735
2.4249e-08,0.16520400000000002
2.4251e-08,0.1633371
2.4253e-08,0.1612806
2.4255e-08,0.15904260000000003
2.4257e-08,0.15663079999999996
2.4259e-08,0.1540532
2.4261e-08,0.1513173
2.4263e-08,0.14843070000000003
2.4265e-08,0.14540090000000006
2.4267e-08,0.142235
2.4269e-08,0.13894019999999996
2.4271e-08,0.13552350000000002
2.4273e-08,0.13199149999999993
2.4275e-08,0.128351
2.4277e-08,0.12460820000000006
2.4279e-08,0.12076960000000003
2.4281e-08,0.11684110000000003
2.4283e-08,0.1128287
2.4285e-08,0.108738
2.4287e-08,0.10457480000000008
2.4289e-08,0.10034429999999994
2.4291e-08,0.09605189999999997
2.4293e-08,0.09170250000000002
2.4295e-08,0.08730099999999996
2.4297e-08,0.08285229999999999
2.4299e-08,0.07836069999999995
2.4301e-08,0.07383090000000003
2.4303e-08,0.06926690000000002
2.4305e-08,0.06467310000000004
2.4307e-08,0.060053299999999976
2.4309e-08,0.055411199999999994
2.4311e-08,0.050750799999999985
2.4313e-08,0.04607529999999993
2.4315e-08,0.0413884000000001
2.4317e-08,0.03669319999999998
2.4319e-08,0.03199280000000004
2.4321e-08,0.027290200000000042
2.4323e-08,0.02258850000000001
2.4325e-08,0.017890300000000026
2.4327e-08,0.013198200000000049
2.4329e-08,0.008514799999999934
2.4331e-08,0.003842500000000082
2.4333e-08,-0.0008163999999999394
2.4335e-08,-0.005459699999999956
2.4337e-08,-0.010085299999999964
2.4339e-08,-0.014691299999999963
2.4341e-08,-0.01927560000000006
2.4343e-08,-0.023836599999999986
2.4345e-08,-0.028372500000000023
2.4347e-08,-0.032881700000000014
2.4349e-08,-0.037362600000000024
2.4351e-08,-0.041814100000000076
2.4353e-08,-0.04623430000000006
2.4355e-08,-0.050622399999999956
2.4357e-08,-0.05497699999999994
2.4359e-08,-0.0592969000000001
2.4361e-08,-0.0635812
2.4363e-08,-0.06782890000000008
2.4365e-08,-0.07203899999999996
2.4367e-08,-0.07621069999999996
2.4369e-08,-0.08034319999999995
2.4371e-08,-0.08443579999999995
2.4373e-08,-0.08848770000000006
2.4375e-08,-0.09249859999999999
2.4377e-08,-0.09646750000000004
2.4379e-08,-0.1003944
2.4381e-08,-0.1042784
2.4383e-08,-0.10811939999999998
2.4385e-08,-0.11191670000000009
2.4387e-08,-0.11567040000000006
2.4389e-08,-0.11937989999999998
2.4391e-08,-0.12304510000000002
2.4393e-08,-0.1266659
2.4395e-08,-0.1302418999999999
2.4397e-08,-0.13377309999999998
2.43985e-08,-0.13639210000000002
2.44e-08,-0.13898580000000005
2.44002e-08,-0.13932939999999994
2.44006e-08,-0.14001600000000003
2.44014e-08,-0.1413835
2.4403e-08,-0.14409709999999998
2.4405e-08,-0.14744859999999993
2.4407e-08,-0.15075509999999992
2.4409e-08,-0.1540169
2.4411e-08,-0.1572338000000001
2.4413e-08,-0.16040620000000005
2.4415e-08,-0.1635339
2.4417e-08,-0.16661729999999997
2.4419e-08,-0.16965639999999993
2.4421e-08,-0.17265150000000007
2.4423e-08,-0.17560279999999995
2.4425e-08,-0.17851059999999996
2.4427e-08,-0.1813749
2.4429e-08,-0.18419620000000003
2.4431e-08,-0.1869746
2.4433e-08,-0.18971060000000006
2.4435e-08,-0.19240440000000003
2.4437e-08,-0.1950562
2.4439e-08,-0.19766650000000008
2.4441e-08,-0.2002355
2.4443e-08,-0.2027637
2.4445e-08,-0.20525120000000008
2.4447e-08,-0.2076985
2.4449e-08,-0.21010610000000007
2.4451e-08,-0.2124741
2.4453e-08,-0.21480310000000002
2.4455e-08,-0.21709350000000005
2.4457e-08,-0.21934560000000003
2.4459e-08,-0.22155969999999992
2.4461e-08,-0.22373640000000006
2.4463e-08,-0.22587599999999997
2.4465e-08,-0.22797889999999998
2.4467e-08,-0.2300455
2.4469e-08,-0.2320762999999999
2.4471e-08,-0.23407160000000005
2.4473e-08,-0.2360319999999999
2.4475e-08,-0.23795769999999994
2.4477e-08,-0.23984919999999998
2.4479e-08,-0.241707
2.4481e-08,-0.24353140000000006
2.4483e-08,-0.24532299999999996
2.4485e-08,-0.24708200000000002
2.4487e-08,-0.2488089
2.4489e-08,-0.25050419999999995
2.4491e-08,-0.25216819999999995
2.4493e-08,-0.25380140000000007
2.4495e-08,-0.25540419999999997
2.4497e-08,-0.25697710000000007
2.4499e-08,-0.2585202
2.4501e-08,-0.26003429999999994
2.4503e-08,-0.2615196000000001
2.4505e-08,-0.2629766
2.4507e-08,-0.26440550000000007
2.4509e-08,-0.2658069999999999
2.4511e-08,-0.26718129999999995
2.4513e-08,-0.2685288
2.4515e-08,-0.26985000000000003
2.4517e-08,-0.27114530000000003
2.4519e-08,-0.2724149
2.4521e-08,-0.27365930000000005
2.4523e-08,-0.27487890000000004
2.4525e-08,-0.2760741
2.4527e-08,-0.27724530000000003
2.4529e-08,-0.27839269999999994
2.4531e-08,-0.2795168
2.4533e-08,-0.2806179999999999
2.4535e-08,-0.28169659999999996
2.4537e-08,-0.2827529000000001
2.4539e-08,-0.2837874
2.4541e-08,-0.2848003
2.4543e-08,-0.2857921
2.4545e-08,-0.286763
2.4547e-08,-0.28771329999999995
2.4549e-08,-0.2886436
2.4551e-08,-0.28955390000000003
2.4553e-08,-0.2904449
2.4555e-08,-0.2913165999999999
2.4557e-08,-0.2921693999999999
2.4559e-08,-0.29300360000000003
2.4561e-08,-0.2938197
2.4563e-08,-0.2946177
2.4565e-08,-0.29539820000000006
2.4567e-08,-0.2961614
2.4569e-08,-0.29690740000000004
2.4571e-08,-0.2976369000000001
2.4573e-08,-0.2983498
2.4575e-08,-0.29904659999999994
2.4577e-08,-0.29972750000000004
2.4579e-08,-0.3003928
2.4581e-08,-0.3010425
2.4583e-08,-0.30167789999999994
2.4585e-08,-0.3022979
2.4587e-08,-0.30290379999999995
2.4589e-08,-0.30349460000000006
2.4591e-08,-0.3040724
2.4593e-08,-0.3046353999999999
2.4595e-08,-0.3051856999999999
2.4597e-08,-0.3057225000000001
2.45985e-08,-0.30611659999999996
2.46e-08,-0.30650409999999995
2.46002e-08,-0.30655429999999995
2.46006e-08,-0.30665660000000006
2.46014e-08,-0.30685859999999987
2.4603e-08,-0.30725650000000004
2.4605e-08,-0.30774210000000013
2.4607e-08,-0.30821680000000007
2.4609e-08,-0.3086786
2.4611e-08,-0.30912969999999995
2.4613e-08,-0.30956910000000004
2.4615e-08,-0.30999690000000013
2.4617e-08,-0.31041339999999995
2.4619e-08,-0.3108204000000001
2.4621e-08,-0.3112163
2.4623e-08,-0.311601
2.4625e-08,-0.3119767
2.4627e-08,-0.3123414
2.4629e-08,-0.31269729999999996
2.4631e-08,-0.3130424999999999
2.4633e-08,-0.31337899999999996
2.4635e-08,-0.3137069
2.4637e-08,-0.3140244
2.4639e-08,-0.31433449999999996
2.4641e-08,-0.3146342
2.4643e-08,-0.31492679999999995
2.4645e-08,-0.31521029999999994
2.4647e-08,-0.3154867
2.4649e-08,-0.3157542
2.4651e-08,-0.31601370000000006
2.4653e-08,-0.3162655000000001
2.4655e-08,-0.3165106000000001
2.4657e-08,-0.31674800000000003
2.4659e-08,-0.3169778
2.4661e-08,-0.31720019999999993
2.4663e-08,-0.3174171
2.4665e-08,-0.3176257
2.4667e-08,-0.3178289999999999
2.4669e-08,-0.318025
2.4671e-08,-0.318214
2.4673e-08,-0.31839780000000006
2.4675e-08,-0.3185757
2.4677e-08,-0.3187466
2.4679e-08,-0.3189126
2.4681e-08,-0.31907280000000005
2.4683e-08,-0.31922720000000004
2.4685e-08,-0.3193760000000001
2.4687e-08,-0.3195189999999999
2.4689e-08,-0.3196576
2.4691e-08,-0.3197905
2.4693e-08,-0.3199191
2.4695e-08,-0.32004219999999994
2.4697e-08,-0.32016089999999997
2.4699e-08,-0.32027530000000004
2.4701e-08,-0.32038449999999996
2.4703e-08,-0.3204895
2.4705e-08,-0.32058929999999997
2.4707e-08,-0.32068600000000014
2.4709e-08,-0.32077770000000005
2.4711e-08,-0.3208664
2.4713e-08,-0.32095000000000007
2.4715e-08,-0.32103079999999995
2.4717e-08,-0.32110669999999997
2.4719e-08,-0.3211798
2.4721e-08,-0.32124910000000007
2.4723e-08,-0.32131469999999995
2.4725e-08,-0.3213765999999999
2.4727e-08,-0.32143580000000005
2.4729e-08,-0.3214914
2.4731e-08,-0.32154340000000015
2.4733e-08,-0.32159290000000007
2.4735e-08,-0.32163889999999995
2.4737e-08,-0.32168240000000015
2.4739e-08,-0.3217225
2.4741e-08,-0.32176020000000005
2.4743e-08,-0.32179560000000007
2.4745e-08,-0.3218276000000001
2.4747e-08,-0.32185739999999996
2.4749e-08,-0.3218839
2.4751e-08,-0.3219092
2.4753e-08,-0.32193130000000003
2.4755e-08,-0.3219512000000001
2.4757e-08,-0.32196900000000006
2.4759e-08,-0.3219836999999999
2.4761e-08,-0.3219974
2.4763e-08,-0.32200800000000007
2.4765e-08,-0.3220176
2.4767e-08,-0.3220242
2.4769e-08,-0.3220299
2.4771e-08,-0.3220325999999999
2.4773e-08,-0.3220345000000001
2.4775e-08,-0.3220345000000001
2.4777e-08,-0.3220325999999999
2.4779e-08,-0.32202890000000006
2.4781e-08,-0.32202340000000007
2.4783e-08,-0.3220161
2.4785e-08,-0.32200800000000007
2.4787e-08,-0.32199830000000007
2.4789e-08,-0.3219867999999999
2.4791e-08,-0.3219736000000001
2.4793e-08,-0.3219597999999999
2.4795e-08,-0.32194429999999996
2.4797e-08,-0.3219281999999999
2.47985e-08,-0.3219147000000001
2.48e-08,-0.32190089999999993
2.48002e-08,-0.32189900000000005
2.48006e-08,-0.3218951
2.48014e-08,-0.32188720000000015
2.4803e-08,-0.3218713000000001
2.4805e-08,-0.32184990000000013
2.4807e-08,-0.3218269
2.4809e-08,-0.32180350000000013
2.4811e-08,-0.3217795
2.4813e-08,-0.32175409999999993
2.4815e-08,-0.32172820000000013
2.4817e-08,-0.3217007999999999
2.4819e-08,-0.32167309999999993
2.4821e-08,-0.3216439000000001
2.4823e-08,-0.3216143
2.4825e-08,-0.3215833
2.4827e-08,-0.32155199999999995
2.4829e-08,-0.3215203
2.4831e-08,-0.32148730000000003
2.4833e-08,-0.3214549
2.4835e-08,-0.32142019999999993
2.4837e-08,-0.3213863
2.4839e-08,-0.32135099999999994
2.4841e-08,-0.3213155000000001
2.4843e-08,-0.32127870000000003
2.4845e-08,-0.32124260000000004
2.4847e-08,-0.3212053
2.4849e-08,-0.3211678
2.4851e-08,-0.3211290000000001
2.4853e-08,-0.3210911000000001
2.4855e-08,-0.321052
2.4857e-08,-0.3210126000000001
2.4859e-08,-0.3209730999999999
2.4861e-08,-0.32093340000000004
2.4863e-08,-0.3208926
2.4865e-08,-0.32085260000000004
2.4867e-08,-0.3208115
2.4869e-08,-0.32077029999999995
2.4871e-08,-0.3207288999999999
2.4873e-08,-0.32068740000000007
2.4875e-08,-0.3206458000000001
2.4877e-08,-0.32060310000000003
2.4879e-08,-0.32056130000000005
2.4881e-08,-0.32051949999999996
2.4883e-08,-0.32047650000000005
2.4885e-08,-0.32043350000000004
2.4887e-08,-0.32039150000000005
2.4889e-08,-0.32034830000000003
2.4891e-08,-0.32030520000000007
2.4893e-08,-0.32026200000000016
2.4895e-08,-0.32021869999999997
2.4897e-08,-0.32017640000000014
2.4899e-08,-0.3201331999999999
2.4901e-08,-0.3200898
2.4903e-08,-0.3200465
2.4905e-08,-0.32000320000000004
2.4907e-08,-0.3199598
2.4909e-08,-0.31991650000000005
2.4911e-08,-0.3198732000000001
2.4913e-08,-0.3198298999999999
2.4915e-08,-0.3197865999999999
2.4917e-08,-0.31974329999999995
2.4919e-08,-0.31970010000000004
2.4921e-08,-0.31965789999999994
2.4923e-08,-0.31961470000000003
2.4925e-08,-0.31957160000000007
2.4927e-08,-0.3195285000000001
2.4929e-08,-0.31948640000000006
2.4931e-08,-0.31944340000000004
2.4933e-08,-0.3194015
2.4935e-08,-0.31935860000000005
2.4937e-08,-0.31931679999999996
2.4939e-08,-0.319275
2.4941e-08,-0.3192322999999999
2.4943e-08,-0.31919069999999994
2.4945e-08,-0.3191491000000001
2.4947e-08,-0.3191077
2.4949e-08,-0.3190663
2.4951e-08,-0.31902489999999994
2.4953e-08,-0.31898369999999987
2.4955e-08,-0.31894349999999994
2.4957e-08,-0.3189025
2.4959e-08,-0.3188614999999999
2.4961e-08,-0.3188215999999999
2.4963e-08,-0.3187818000000001
2.4965e-08,-0.3187411
2.4967e-08,-0.31870149999999986
2.4969e-08,-0.318662
2.4971e-08,-0.31862270000000004
2.4973e-08,-0.3185844000000001
2.4975e-08,-0.3185452
2.4977e-08,-0.3185061
2.4979e-08,-0.31846810000000003
2.4981e-08,-0.31842919999999997
2.4983e-08,-0.31839149999999994
2.4985e-08,-0.3183537999999999
2.4987e-08,-0.3183163
2.4989e-08,-0.3182788999999999
2.4991e-08,-0.3182416
2.4993e-08,-0.31820539999999986
2.4995e-08,-0.31816829999999985
2.4997e-08,-0.3181324000000001
2.49985e-08,-0.3181050000000001
2.5e-08,-0.31807759999999996
2.50002e-08,-0.3180739
2.50006e-08,-0.31806730000000005
2.50014e-08,-0.31805230000000007
2.5003e-08,-0.31802419999999987
2.5005e-08,-0.3179887
2.5007e-08,-0.3179533
2.5009e-08,-0.3179191
2.5011e-08,-0.31788399999999994
2.5013e-08,-0.31784899999999994
2.5015e-08,-0.3178151
2.5017e-08,-0.3177814
2.5019e-08,-0.3177477000000001
2.5021e-08,-0.31771419999999995
2.5023e-08,-0.3176808
2.5025e-08,-0.31764760000000003
2.5027e-08,-0.31761550000000005
2.5029e-08,-0.3175835
2.5031e-08,-0.3175505999999999
2.5033e-08,-0.3175188000000001
2.5035e-08,-0.3174872000000001
2.5037e-08,-0.3174557000000001
2.5039e-08,-0.3174243000000001
2.5041e-08,-0.31739399999999995
2.5043e-08,-0.3173628999999999
2.5045e-08,-0.31733290000000003
2.5047e-08,-0.3173020000000001
2.5049e-08,-0.3172721999999999
2.5051e-08,-0.31724260000000004
2.5053e-08,-0.3172131
2.5055e-08,-0.3171847
2.5057e-08,-0.31715539999999987
2.5059e-08,-0.3171273
2.5061e-08,-0.31709830000000006
2.5063e-08,-0.31707039999999986
2.5065e-08,-0.31704259999999995
2.5067e-08,-0.31701499999999994
2.5069e-08,-0.31698740000000003
2.5071e-08,-0.31696
2.5073e-08,-0.31693270000000007
2.5075e-08,-0.31690660000000004
2.5077e-08,-0.3168805
2.5079e-08,-0.31685360000000007
2.5081e-08,-0.3168278
2.5083e-08,-0.3168021
2.5085e-08,-0.3167764999999999
2.5087e-08,-0.3167521000000001
2.5089e-08,-0.3167268
2.5091e-08,-0.31670149999999997
2.5093e-08,-0.3166774000000001
2.5095e-08,-0.3166534999999999
2.5097e-08,-0.3166285999999999
2.5099e-08,-0.3166048
2.5101e-08,-0.3165812000000001
2.5103e-08,-0.31655869999999986
2.5105e-08,-0.3165352
2.5107e-08,-0.31651190000000007
2.5109e-08,-0.3164897000000001
2.5111e-08,-0.3164676999999999
2.5113e-08,-0.3164447
2.5115e-08,-0.3164228
2.5117e-08,-0.3164011
2.5119e-08,-0.3163794000000001
2.5121e-08,-0.3163579000000001
2.5123e-08,-0.3163374
2.5125e-08,-0.3163161
2.5127e-08,-0.31629589999999996
2.5129e-08,-0.31627479999999997
2.5131e-08,-0.31625479999999995
2.5133e-08,-0.3162349000000001
2.5135e-08,-0.31621509999999997
2.5137e-08,-0.31619529999999996
2.5139e-08,-0.31617570000000006
2.5141e-08,-0.3161562
2.5143e-08,-0.31613780000000014
2.5145e-08,-0.3161185000000001
2.5147e-08,-0.3161003000000001
2.5149e-08,-0.31608120000000006
2.5151e-08,-0.3160631999999999
2.5153e-08,-0.3160453
2.5155e-08,-0.3160275
2.5157e-08,-0.3160097999999999
2.5159e-08,-0.3159921
2.5161e-08,-0.3159746
2.5163e-08,-0.3159581
2.5165e-08,-0.31594080000000013
2.5167e-08,-0.31592450000000005
2.5169e-08,-0.31590739999999995
2.5171e-08,-0.3158913
2.5173e-08,-0.31587529999999997
2.5175e-08,-0.3158593999999999
2.5177e-08,-0.3158435999999999
2.5179e-08,-0.3158277999999999
2.5181e-08,-0.3158121999999999
2.5183e-08,-0.31579659999999987
2.5185e-08,-0.31578110000000015
2.5187e-08,-0.31576670000000007
2.5189e-08,-0.3157514
2.5191e-08,-0.31573719999999994
2.5193e-08,-0.31572310000000003
2.5195e-08,-0.315708
2.5197e-08,-0.3156939999999999
2.51985e-08,-0.31568379999999996
2.52e-08,-0.31567370000000006
2.52002e-08,-0.31567199999999995
2.52006e-08,-0.3156696000000001
2.52014e-08,-0.3156639000000001
2.5203e-08,-0.3156524999999999
2.5205e-08,-0.31563890000000006
2.5207e-08,-0.31562630000000014
2.5209e-08,-0.3156128
2.5211e-08,-0.3155992999999999
2.5213e-08,-0.3155869
2.5215e-08,-0.3155736000000001
2.5217e-08,-0.3155613999999999
2.5219e-08,-0.3155492999999999
2.5221e-08,-0.31553719999999996
2.5223e-08,-0.3155241999999999
2.5225e-08,-0.3155122
2.5227e-08,-0.3155004
2.5229e-08,-0.3154886000000001
2.5231e-08,-0.3154767999999999
2.5233e-08,-0.31546620000000014
2.5235e-08,-0.3154545999999999
2.5237e-08,-0.3154431
2.5239e-08,-0.31543259999999995
2.5241e-08,-0.31542119999999996
2.5243e-08,-0.31541089999999994
2.5245e-08,-0.3153996
2.5247e-08,-0.31538939999999993
2.5249e-08,-0.31537919999999997
2.5251e-08,-0.3153682
2.5253e-08,-0.3153581
2.5255e-08,-0.31534819999999997
2.5257e-08,-0.31533830000000007
2.5259e-08,-0.31532840000000006
2.5261e-08,-0.3153186
2.5263e-08,-0.3153089
2.5265e-08,-0.3153001999999999
2.5267e-08,-0.3152906000000001
2.5269e-08,-0.3152811000000001
2.5271e-08,-0.3152725999999999
2.5273e-08,-0.3152630999999999
2.5275e-08,-0.3152547
2.5277e-08,-0.3152454
2.5279e-08,-0.31523710000000005
2.5281e-08,-0.3152279
2.5283e-08,-0.3152196999999999
2.5285e-08,-0.31521160000000004
2.5287e-08,-0.31520349999999997
2.5289e-08,-0.3151955000000001
2.5291e-08,-0.31518749999999995
2.5293e-08,-0.3151796
2.5295e-08,-0.31517169999999994
2.5297e-08,-0.31516390000000005
2.5299e-08,-0.31515609999999994
2.5301e-08,-0.3151484
2.5303e-08,-0.31514069999999994
2.5305e-08,-0.31513310000000005
2.5307e-08,-0.3151265
2.5309e-08,-0.31511889999999987
2.5311e-08,-0.31511239999999996
2.5313e-08,-0.3151050000000001
2.5315e-08,-0.31509850000000006
2.5317e-08,-0.3150911999999999
2.5319e-08,-0.31508479999999994
2.5321e-08,-0.31507760000000007
2.5323e-08,-0.31507130000000017
2.5325e-08,-0.3150650999999999
2.5327e-08,-0.3150579
2.5329e-08,-0.3150518
2.5331e-08,-0.3150457000000001
2.5333e-08,-0.31503970000000014
2.5335e-08,-0.31503369999999986
2.5337e-08,-0.3150276999999999
2.5339e-08,-0.3150217999999999
2.5341e-08,-0.3150159
2.5343e-08,-0.31501009999999996
2.5345e-08,-0.31500420000000007
2.5347e-08,-0.31499850000000007
2.5349e-08,-0.3149927
2.5351e-08,-0.31498800000000005
2.5353e-08,-0.31498230000000005
2.5355e-08,-0.3149767000000001
2.5357e-08,-0.3149721
2.5359e-08,-0.31496650000000004
2.5361e-08,-0.31496100000000005
2.5363e-08,-0.3149565
2.5365e-08,-0.314951
2.5367e-08,-0.31494659999999997
2.5369e-08,-0.31494120000000003
2.5371e-08,-0.3149367999999999
2.5373e-08,-0.3149314999999999
2.5375e-08,-0.31492719999999985
2.5377e-08,-0.3149229000000001
2.5379e-08,-0.31491760000000013
2.5381e-08,-0.3149134
2.5383e-08,-0.3149092
2.5385e-08,-0.31490509999999994
2.5387e-08,-0.31490090000000004
2.5389e-08,-0.31489580000000006
2.5391e-08,-0.3148917
2.5393e-08,-0.3148877
2.5395e-08,-0.3148836999999999
2.5397e-08,-0.3148797000000001
2.53985e-08,-0.31487719999999997
2.54e-08,-0.3148736999999999
2.54002e-08,-0.3148734999999999
2.54006e-08,-0.31487219999999994
2.54014e-08,-0.3148714
2.5403e-08,-0.3148677999999999
2.5405e-08,-0.31486400000000003
2.5407e-08,-0.3148601
2.5409e-08,-0.3148563
2.5411e-08,-0.3148523999999999
2.5413e-08,-0.31484959999999995
2.5415e-08,-0.3148458999999999
2.5417e-08,-0.3148421000000001
2.5419e-08,-0.3148384000000001
2.5421e-08,-0.31483569999999994
2.5423e-08,-0.3148320000000001
2.5425e-08,-0.3148284
2.5427e-08,-0.3148247999999999
2.5429e-08,-0.31482220000000005
2.5431e-08,-0.31481859999999995
2.5433e-08,-0.3148160000000001
2.5435e-08,-0.31481250000000005
2.5437e-08,-0.31480889999999995
2.5439e-08,-0.31480640000000004
2.5441e-08,-0.31480299999999994
2.5443e-08,-0.31480050000000004
2.5445e-08,-0.31479710000000005
2.5447e-08,-0.3147947000000001
2.5449e-08,-0.3147922999999999
2.5451e-08,-0.31478890000000015
2.5453e-08,-0.31478649999999997
2.5455e-08,-0.31478319999999993
2.5457e-08,-0.31478079999999997
2.5459e-08,-0.31477850000000007
2.5461e-08,-0.31477520000000003
2.5463e-08,-0.3147730000000001
2.5465e-08,-0.31477069999999996
2.5467e-08,-0.31476749999999987
2.5469e-08,-0.3147653
2.5471e-08,-0.3147631000000001
2.5473e-08,-0.3147608999999999
2.5475e-08,-0.31475870000000006
2.5477e-08,-0.3147555999999999
2.5479e-08,-0.31475340000000007
2.5481e-08,-0.31475129999999985
2.5483e-08,-0.31474919999999995
2.5485e-08,-0.31474710000000006
2.5487e-08,-0.31474499999999994
2.5489e-08,-0.314743
2.5491e-08,-0.3147409000000001
2.5493e-08,-0.31473889999999993
2.5495e-08,-0.3147369
2.5497e-08,-0.3147339
2.5499e-08,-0.31473190000000006
2.5501e-08,-0.3147298999999999
2.5503e-08,-0.314728
2.5505e-08,-0.314727
2.5507e-08,-0.3147251000000001
2.5509e-08,-0.3147232
2.5511e-08,-0.3147213
2.5513e-08,-0.3147194000000001
2.5515e-08,-0.3147175
2.5517e-08,-0.3147156000000001
2.5519e-08,-0.31471379999999993
2.5521e-08,-0.31471189999999993
2.5523e-08,-0.3147101000000001
2.5525e-08,-0.3147093000000001
2.5527e-08,-0.31470739999999997
2.5529e-08,-0.31470560000000003
2.5531e-08,-0.31470390000000004
2.5533e-08,-0.3147021
2.5535e-08,-0.31470129999999996
2.5537e-08,-0.3146996000000001
2.5539e-08,-0.3146977999999999
2.5541e-08,-0.3146960999999999
2.5543e-08,-0.31469539999999996
2.5545e-08,-0.3146937000000001
2.5547e-08,-0.31469199999999997
2.5549e-08,-0.3146903
2.5551e-08,-0.3146896
2.5553e-08,-0.31468790000000013
2.5555e-08,-0.3146863
2.5557e-08,-0.3146855999999999
2.5559e-08,-0.3146840000000001
2.5561e-08,-0.3146823000000001
2.5563e-08,-0.31468170000000006
2.5565e-08,-0.3146801
2.5567e-08,-0.3146785000000001
2.5569e-08,-0.31467790000000007
2.5571e-08,-0.3146762999999999
2.5573e-08,-0.3146756999999999
2.5575e-08,-0.31467409999999996
2.5577e-08,-0.3146726000000001
2.5579e-08,-0.31467200000000006
2.5581e-08,-0.31467049999999996
2.5583e-08,-0.31466989999999995
2.5585e-08,-0.31466840000000007
2.5587e-08,-0.3146679
2.5589e-08,-0.3146664000000001
2.5591e-08,-0.31466590000000005
2.5593e-08,-0.31466439999999996
2.5595e-08,-0.3146639
2.5597e-08,-0.3146624
2.55985e-08,-0.314662
2.56e-08,-0.3146723000000001
2.56002e-08,-0.31467619999999996
2.56006e-08,-0.3146855999999999
2.56014e-08,-0.31471209999999994
2.5603e-08,-0.31478209999999995
2.5605e-08,-0.31486040000000015
2.5607e-08,-0.31488479999999985
2.5609e-08,-0.31481150000000013
2.5611e-08,-0.3146098999999999
2.5613e-08,-0.3142524
2.5615e-08,-0.31371970000000005
2.5617e-08,-0.3129957
2.5619e-08,-0.31206919999999994
2.5621e-08,-0.31093170000000003
2.5623e-08,-0.30957879999999993
2.5625e-08,-0.3080069999999999
2.5627e-08,-0.3062157999999999
2.5629e-08,-0.3042049
2.5631e-08,-0.301976
2.5633e-08,-0.29953299999999994
2.5635e-08,-0.2968791999999999
2.5637e-08,-0.2940193
2.5639e-08,-0.2909583
2.5641e-08,-0.28770209999999996
2.5643e-08,-0.2842565
2.5645e-08,-0.280628
2.5647e-08,-0.27682340000000005
2.5649e-08,-0.2728492
2.5651e-08,-0.26871219999999996
2.5653e-08,-0.2644196
2.5655e-08,-0.2599783
2.5657e-08,-0.25539539999999994
2.5659e-08,-0.2506777
2.5661e-08,-0.2458323
2.5663e-08,-0.24086600000000002
2.5665e-08,-0.23578580000000005
2.5667e-08,-0.23059819999999998
2.5669e-08,-0.22530989999999995
2.5671e-08,-0.21992749999999994
2.5673e-08,-0.21445720000000001
2.5675e-08,-0.20890540000000002
2.5677e-08,-0.20327819999999996
2.5679e-08,-0.19758149999999997
2.5681e-08,-0.19182130000000008
2.5683e-08,-0.18600309999999998
2.5685e-08,-0.18013270000000003
2.5687e-08,-0.17421530000000007
2.5689e-08,-0.16825619999999997
2.5691e-08,-0.16226059999999998
2.5693e-08,-0.15623319999999996
2.5695e-08,-0.15017899999999995
2.5697e-08,-0.14410250000000002
2.5699e-08,-0.13800829999999997
2.5701e-08,-0.13190069999999998
2.5703e-08,-0.1257838
2.5705e-08,-0.11966179999999993
2.5707e-08,-0.11353829999999998
2.5709e-08,-0.1074172000000001
2.5711e-08,-0.10130220000000001
2.5713e-08,-0.09519650000000002
2.5715e-08,-0.08910370000000001
2.5717e-08,-0.08302659999999995
2.5719e-08,-0.0769685
2.5721e-08,-0.0709322
2.5723e-08,-0.06492039999999999
2.5725e-08,-0.05893579999999998
2.5727e-08,-0.052981000000000056
2.5729e-08,-0.0470583
2.5731e-08,-0.04116989999999998
2.5733e-08,-0.03531790000000001
2.5735e-08,-0.029504500000000045
2.5737e-08,-0.023731399999999958
2.5739e-08,-0.01800070000000009
2.5741e-08,-0.012313800000000041
2.5743e-08,-0.006672500000000081
2.5745e-08,-0.0010782000000000291
2.5747e-08,0.004467600000000016
2.5749e-08,0.009963800000000078
2.5751e-08,0.015409000000000006
2.5753e-08,0.020802100000000046
2.5755e-08,0.026142099999999946
2.5757e-08,0.03142809999999996
2.5759e-08,0.036659100000000056
2.5761e-08,0.04183440000000005
2.5763e-08,0.04695320000000003
2.5765e-08,0.052014899999999975
2.5767e-08,0.05701899999999993
2.5769e-08,0.06196480000000004
2.5771e-08,0.06685180000000002
2.5773e-08,0.07167980000000007
2.5775e-08,0.07644840000000008
2.5777e-08,0.08115729999999999
2.5779e-08,0.08580619999999994
2.5781e-08,0.090395
2.5783e-08,0.09492360000000011
2.5785e-08,0.09939189999999998
2.5787e-08,0.10379989999999994
2.5789e-08,0.10814750000000006
2.5791e-08,0.11243460000000005
2.5793e-08,0.11666169999999998
2.5795e-08,0.12082860000000006
2.5797e-08,0.12493560000000004
2.57985e-08,0.12797649999999994
2.58e-08,0.13098390000000004
2.58002e-08,0.13138209999999995
2.58006e-08,0.1321772
2.58014e-08,0.13376030000000005
2.5803e-08,0.13689819999999997
2.5805e-08,0.14076749999999993
2.5807e-08,0.14457799999999998
2.5809e-08,0.14833019999999997
2.5811e-08,0.15202440000000006
2.5813e-08,0.15566080000000004
2.5815e-08,0.1592399
2.5817e-08,0.16276219999999997
2.5819e-08,0.1662281
2.5821e-08,0.1696377
2.5823e-08,0.17299199999999992
2.5825e-08,0.17629110000000003
2.5827e-08,0.1795355999999999
2.5829e-08,0.18272600000000006
2.5831e-08,0.1858628
2.5833e-08,0.18894650000000002
2.5835e-08,0.19197770000000003
2.5837e-08,0.19495700000000005
2.5839e-08,0.19788459999999997
2.5841e-08,0.20076149999999993
2.5843e-08,0.20358790000000004
2.5845e-08,0.20636450000000006
2.5847e-08,0.2090919
2.5849e-08,0.21177080000000004
2.5851e-08,0.21440139999999996
2.5853e-08,0.21698459999999997
2.5855e-08,0.21952099999999997
2.5857e-08,0.2220109
2.5859e-08,0.22445499999999996
2.5861e-08,0.22685409999999995
2.5863e-08,0.22920850000000004
2.5865e-08,0.23151909999999998
2.5867e-08,0.2337861
2.5869e-08,0.2360103
2.5871e-08,0.23819230000000002
2.5873e-08,0.2403326
2.5875e-08,0.24243179999999998
2.5877e-08,0.24449050000000006
2.5879e-08,0.24650930000000004
2.5881e-08,0.2484887
2.5883e-08,0.25042929999999997
2.5885e-08,0.2523318
2.5887e-08,0.25419650000000005
2.5889e-08,0.25602400000000003
2.5891e-08,0.25781509999999996
2.5893e-08,0.2595702
2.5895e-08,0.2612898
2.5897e-08,0.2629745
2.5899e-08,0.26462470000000005
2.5901e-08,0.26624120000000007
2.5903e-08,0.2678243
2.5905e-08,0.2693746
2.5907e-08,0.2708927
2.5909e-08,0.2723791
2.5911e-08,0.273834
2.5913e-08,0.2752584
2.5915e-08,0.2766524
2.5917e-08,0.2780167
2.5919e-08,0.2793517
2.5921e-08,0.2806579
2.5923e-08,0.28193580000000007
2.5925e-08,0.2831859
2.5927e-08,0.28440849999999995
2.5929e-08,0.2856044
2.5931e-08,0.2867737
2.5933e-08,0.2879170000000001
2.5935e-08,0.2890347
2.5937e-08,0.2901273
2.5939e-08,0.29119530000000005
2.5941e-08,0.29223889999999997
2.5943e-08,0.2932587
2.5945e-08,0.2942551000000001
2.5947e-08,0.29522839999999995
2.5949e-08,0.29617930000000003
2.5951e-08,0.29710780000000003
2.5953e-08,0.29801450000000007
2.5955e-08,0.2988999
2.5957e-08,0.29976420000000004
2.5959e-08,0.3006078000000001
2.5961e-08,0.3014312
2.5963e-08,0.30223429999999996
2.5965e-08,0.30301869999999986
2.5967e-08,0.30378269999999996
2.5969e-08,0.3045292999999999
2.5971e-08,0.3052556999999999
2.5973e-08,0.3059650999999999
2.5975e-08,0.30665679999999995
2.5977e-08,0.3073307999999999
2.5979e-08,0.30798729999999985
2.5981e-08,0.3086274000000001
2.5983e-08,0.3092503999999999
2.5985e-08,0.30985740000000006
2.5987e-08,0.3104485
2.5989e-08,0.31102490000000005
2.5991e-08,0.3115848000000001
2.5993e-08,0.3121302
2.5995e-08,0.3126614000000001
2.5997e-08,0.3131774999999999
2.59985e-08,0.3135551999999999
2.6e-08,0.31392600000000004
2.60002e-08,0.3139740000000001
2.60006e-08,0.314071
2.60014e-08,0.31426409999999994
2.6003e-08,0.31464309999999995
2.6005e-08,0.3151041000000001
2.6007e-08,0.3155525
2.6009e-08,0.3159877
2.6011e-08,0.3164106000000001
2.6013e-08,0.3168215000000001
2.6015e-08,0.3172204999999999
2.6017e-08,0.3176076
2.6019e-08,0.3179829999999999
2.6021e-08,0.31834680000000004
2.6023e-08,0.31870010000000004
2.6025e-08,0.3190421
2.6027e-08,0.31937379999999993
2.6029e-08,0.31969439999999993
2.6031e-08,0.3200049999999999
2.6033e-08,0.3203066
2.6035e-08,0.32059740000000014
2.6037e-08,0.32087940000000015
2.6039e-08,0.3211508999999999
2.6041e-08,0.3214138000000001
2.6043e-08,0.3216682999999999
2.6045e-08,0.32191349999999996
2.6047e-08,0.32215040000000006
2.6049e-08,0.3223780999999999
2.6051e-08,0.3225989
2.6053e-08,0.32281060000000006
2.6055e-08,0.3230145000000001
2.6057e-08,0.32321160000000004
2.6059e-08,0.32339989999999996
2.6061e-08,0.3235816
2.6063e-08,0.32375580000000004
2.6065e-08,0.3239236
2.6067e-08,0.3240839
2.6069e-08,0.32423789999999997
2.6071e-08,0.3243857
2.6073e-08,0.32452629999999993
2.6075e-08,0.3246608999999999
2.6077e-08,0.3247893999999999
2.6079e-08,0.32491199999999987
2.6081e-08,0.3250285999999999
2.6083e-08,0.3251395
2.6085e-08,0.32524470000000005
2.6087e-08,0.32534510000000005
2.6089e-08,0.32543999999999995
2.6091e-08,0.3255293
2.6093e-08,0.3256141
2.6095e-08,0.3256935000000001
2.6097e-08,0.3257685
2.6099e-08,0.3258382000000001
2.6101e-08,0.32590359999999996
2.6103e-08,0.3259648999999999
2.6105e-08,0.3260219999999999
2.6107e-08,0.326074
2.6109e-08,0.326122
2.6111e-08,0.326167
2.6113e-08,0.3262071000000001
2.6115e-08,0.32624430000000004
2.6117e-08,0.3262766
2.6119e-08,0.3263062
2.6121e-08,0.32633199999999996
2.6123e-08,0.3263541999999999
2.6125e-08,0.3263737
2.6127e-08,0.3263885999999999
2.6129e-08,0.3264019
2.6131e-08,0.32641069999999994
2.6133e-08,0.32641810000000004
2.6135e-08,0.32642099999999996
2.6137e-08,0.32642250000000006
2.6139e-08,0.3264206999999999
2.6141e-08,0.32641549999999997
2.6143e-08,0.3264081000000001
2.6145e-08,0.32639850000000004
2.6147e-08,0.3263866000000001
2.6149e-08,0.3263726
2.6151e-08,0.3263554000000001
2.6153e-08,0.32633709999999994
2.6155e-08,0.32631579999999993
2.6157e-08,0.3262925
2.6159e-08,0.32626710000000003
2.6161e-08,0.3262398000000001
2.6163e-08,0.32621049999999996
2.6165e-08,0.32617929999999995
2.6167e-08,0.3261472999999999
2.6169e-08,0.3261124000000001
2.6171e-08,0.3260767
2.6173e-08,0.3260391
2.6175e-08,0.32599980000000006
2.6177e-08,0.3259588
2.6179e-08,0.32591610000000004
2.6181e-08,0.32587260000000007
2.6183e-08,0.32582749999999994
2.6185e-08,0.3257818000000001
2.6187e-08,0.32573450000000004
2.6189e-08,0.32568549999999996
2.6191e-08,0.3256359999999999
2.6193e-08,0.32558490000000007
2.6195e-08,0.3255323000000001
2.6197e-08,0.3254792000000001
2.61985e-08,0.3254393
2.62e-08,0.3253980999999999
2.62002e-08,0.3253923999999999
2.62006e-08,0.32538100000000003
2.62014e-08,0.3253591
2.6203e-08,0.3253139999999999
2.6205e-08,0.3252581
2.6207e-08,0.3251997
2.6209e-08,0.32514199999999993
2.6211e-08,0.32508289999999995
2.6213e-08,0.32502240000000016
2.6215e-08,0.3249625999999999
2.6217e-08,0.32490050000000015
2.6219e-08,0.32483909999999994
2.6221e-08,0.32477639999999997
2.6223e-08,0.32471339999999993
2.6225e-08,0.32465010000000005
2.6227e-08,0.32458660000000006
2.6229e-08,0.3245218999999999
2.6231e-08,0.324457
2.6233e-08,0.3243918
2.6235e-08,0.3243265000000001
2.6237e-08,0.32426
2.6239e-08,0.32419430000000005
2.6241e-08,0.3241274999999999
2.6243e-08,0.3240605000000001
2.6245e-08,0.3239934
2.6247e-08,0.32392620000000005
2.6249e-08,0.32385790000000014
2.6251e-08,0.3237905
2.6253e-08,0.32372199999999995
2.6255e-08,0.32365449999999996
2.6257e-08,0.3235857999999999
2.6259e-08,0.3235182
2.6261e-08,0.3234494
2.6263e-08,0.32338069999999997
2.6265e-08,0.3233119
2.6267e-08,0.3232440999999999
2.6269e-08,0.32317529999999994
2.6271e-08,0.32310649999999985
2.6273e-08,0.32303769999999987
2.6275e-08,0.3229688999999999
2.6277e-08,0.32290110000000005
2.6279e-08,0.3228324
2.6281e-08,0.3227637
2.6283e-08,0.32269599999999987
2.6285e-08,0.3226273999999999
2.6287e-08,0.3225599
2.6289e-08,0.3224914
2.6291e-08,0.3224239
2.6293e-08,0.3223566000000001
2.6295e-08,0.3222883000000001
2.6297e-08,0.32222110000000004
2.6299e-08,0.3221540999999999
2.6301e-08,0.32208710000000007
2.6303e-08,0.3220202
2.6305e-08,0.3219544
2.6307e-08,0.3218876999999999
2.6309e-08,0.3218221
2.6311e-08,0.3217557000000001
2.6313e-08,0.32169039999999993
2.6315e-08,0.32162519999999994
2.6317e-08,0.3215601
2.6319e-08,0.3214952000000001
2.6321e-08,0.32143140000000003
2.6323e-08,0.3213667000000001
2.6325e-08,0.3213032
2.6327e-08,0.3212389000000001
2.6329e-08,0.32117570000000006
2.6331e-08,0.3211136
2.6333e-08,0.3210506999999999
2.6335e-08,0.32098800000000016
2.6337e-08,0.32092639999999995
2.6339e-08,0.32086500000000007
2.6341e-08,0.32080280000000005
2.6343e-08,0.32074270000000005
2.6345e-08,0.3206818
2.6347e-08,0.3206211000000001
2.6349e-08,0.32056149999999994
2.6351e-08,0.32050219999999996
2.6353e-08,0.3204429999999999
2.6355e-08,0.32038389999999994
2.6357e-08,0.32032510000000003
2.6359e-08,0.3202674999999999
2.6361e-08,0.3202100000000001
2.6363e-08,0.32015270000000007
2.6365e-08,0.32009560000000004
2.6367e-08,0.3200386999999999
2.6369e-08,0.319983
2.6371e-08,0.31992750000000014
2.6373e-08,0.3198712
2.6375e-08,0.319817
2.6377e-08,0.31976209999999994
2.6379e-08,0.3197073
2.6381e-08,0.3196538
2.6383e-08,0.3196004
2.6385e-08,0.31954720000000003
2.6387e-08,0.3194952999999999
2.6389e-08,0.31944249999999996
2.6391e-08,0.31939090000000003
2.6393e-08,0.3193395
2.6395e-08,0.3192883000000001
2.6397e-08,0.3192374
2.63985e-08,0.3191997000000001
2.64e-08,0.31916220000000006
2.64002e-08,0.31915779999999994
2.64006e-08,0.31914789999999993
2.64014e-08,0.31912810000000014
2.6403e-08,0.31908859999999994
2.6405e-08,0.3190394000000001
2.6407e-08,0.3189904000000001
2.6409e-08,0.3189426000000001
2.6411e-08,0.3188939999999999
2.6413e-08,0.3188466000000001
2.6415e-08,0.31880030000000004
2.6417e-08,0.3187533
2.6419e-08,0.31870750000000014
2.6421e-08,0.3186609
2.6423e-08,0.3186154
2.6425e-08,0.31857119999999994
2.6427e-08,0.3185262000000001
2.6429e-08,0.3184822999999999
2.6431e-08,0.31843770000000005
2.6433e-08,0.31839420000000007
2.6435e-08,0.3183509000000001
2.6437e-08,0.31830880000000006
2.6439e-08,0.31826600000000005
2.6441e-08,0.3182243
2.6443e-08,0.31818270000000004
2.6445e-08,0.3181413999999999
2.6447e-08,0.31810130000000003
2.6449e-08,0.31806029999999996
2.6451e-08,0.3180206000000001
2.6453e-08,0.31798099999999996
2.6455e-08,0.31794160000000005
2.6457e-08,0.3179023999999999
2.6459e-08,0.31786439999999994
2.6461e-08,0.31782560000000004
2.6463e-08,0.3177879
2.6465e-08,0.3177504
2.6467e-08,0.3177141
2.6469e-08,0.317677
2.6471e-08,0.31764100000000006
2.6473e-08,0.31760429999999984
2.6475e-08,0.31756870000000004
2.6477e-08,0.3175333
2.6479e-08,0.3174990000000001
2.6481e-08,0.3174638999999999
2.6483e-08,0.31743
2.6485e-08,0.3173963000000001
2.6487e-08,0.3173626999999999
2.6489e-08,0.3173294
2.6491e-08,0.3172961000000001
2.6493e-08,0.31726410000000005
2.6495e-08,0.31723119999999994
2.6497e-08,0.31719940000000013
2.6499e-08,0.31716790000000006
2.6501e-08,0.31713749999999996
2.6503e-08,0.3171062
2.6505e-08,0.31707509999999994
2.6507e-08,0.3170452
2.6509e-08,0.31701539999999995
2.6511e-08,0.3169858000000001
2.6513e-08,0.31695629999999997
2.6515e-08,0.3169280000000001
2.6517e-08,0.3168989
2.6519e-08,0.31687089999999996
2.6521e-08,0.31684199999999985
2.6523e-08,0.3168142999999999
2.6525e-08,0.3167867
2.6527e-08,0.3167602999999999
2.6529e-08,0.31673299999999993
2.6531e-08,0.3167068999999999
2.6533e-08,0.3166799
2.6535e-08,0.31665409999999994
2.6537e-08,0.3166283999999999
2.6539e-08,0.3166028000000001
2.6541e-08,0.3165783999999999
2.6543e-08,0.3165530999999999
2.6545e-08,0.31652900000000006
2.6547e-08,0.316504
2.6549e-08,0.31648010000000004
2.6551e-08,0.31645639999999997
2.6553e-08,0.31643280000000007
2.6555e-08,0.3164092999999999
2.6557e-08,0.3163868999999999
2.6559e-08,0.3163637
2.6561e-08,0.3163416000000001
2.6563e-08,0.31631960000000003
2.6565e-08,0.31629679999999993
2.6567e-08,0.3162750999999999
2.6569e-08,0.3162544999999999
2.6571e-08,0.3162329999999999
2.6573e-08,0.3162115999999999
2.6575e-08,0.3161914000000001
2.6577e-08,0.3161703000000001
2.6579e-08,0.31615020000000005
2.6581e-08,0.31613040000000003
2.6583e-08,0.3161105999999999
2.6585e-08,0.31609090000000006
2.6587e-08,0.3160714
2.6589e-08,0.3160529000000001
2.6591e-08,0.3160336
2.6593e-08,0.31601540000000006
2.6595e-08,0.3159963
2.6597e-08,0.31597830000000005
2.65985e-08,0.31596460000000004
2.66e-08,0.31595099999999987
2.66002e-08,0.3159491
2.66006e-08,0.31594640000000007
2.66014e-08,0.3159388999999999
2.6603e-08,0.31592490000000006
2.6605e-08,0.3159073
2.6607e-08,0.3158909
2.6609e-08,0.31587350000000003
2.6611e-08,0.31585620000000014
2.6613e-08,0.3158400000000001
2.6615e-08,0.31582390000000005
2.6617e-08,0.3158080000000001
2.6619e-08,0.3157921
2.6621e-08,0.3157763
2.6623e-08,0.31576060000000006
2.6625e-08,0.31574500000000005
2.6627e-08,0.3157295
2.6629e-08,0.31571499999999997
2.6631e-08,0.3156996999999999
2.6633e-08,0.31568550000000006
2.6635e-08,0.31567030000000007
2.6637e-08,0.31565619999999994
2.6639e-08,0.31564230000000004
2.6641e-08,0.31562840000000003
2.6643e-08,0.31561459999999997
2.6645e-08,0.3156008
2.6647e-08,0.31558719999999996
2.6649e-08,0.3155736000000001
2.6651e-08,0.31556109999999993
2.6653e-08,0.3155477000000001
2.6655e-08,0.31553540000000013
2.6657e-08,0.3155222
2.6659e-08,0.31551000000000007
2.6661e-08,0.3154979000000001
2.6663e-08,0.3154859
2.6665e-08,0.31547400000000003
2.6667e-08,0.3154621000000001
2.6669e-08,0.3154503000000001
2.6671e-08,0.3154385999999999
2.6673e-08,0.3154269999999999
2.6675e-08,0.3154154
2.6677e-08,0.3154049
2.6679e-08,0.3153935
2.6681e-08,0.3153831
2.6683e-08,0.3153718000000001
2.6685e-08,0.3153616
2.6687e-08,0.31535139999999995
2.6689e-08,0.3153403
2.6691e-08,0.31533029999999995
2.6693e-08,0.3153203
2.6695e-08,0.3153103999999999
2.6697e-08,0.31530059999999993
2.6699e-08,0.3152908000000001
2.6701e-08,0.3152811000000001
2.6703e-08,0.31527249999999996
2.6705e-08,0.3152628999999999
2.6707e-08,0.31525330000000007
2.6709e-08,0.3152448
2.6711e-08,0.31523539999999994
2.6713e-08,0.3152271000000001
2.6715e-08,0.3152178
2.6717e-08,0.3152094999999999
2.6719e-08,0.3152013
2.6721e-08,0.3151921999999999
2.6723e-08,0.3151841000000001
2.6725e-08,0.315176
2.6727e-08,0.31516810000000006
2.6729e-08,0.31516009999999994
2.6731e-08,0.31515230000000005
2.6733e-08,0.3151444
2.6735e-08,0.31513670000000005
2.6737e-08,0.31512889999999993
2.6739e-08,0.31512229999999997
2.6741e-08,0.3151146
2.6743e-08,0.3151069999999999
2.6745e-08,0.3151005
2.6747e-08,0.31509300000000007
2.6749e-08,0.31508559999999997
2.6751e-08,0.3150792
2.6753e-08,0.31507280000000004
2.6755e-08,0.3150654999999999
2.6757e-08,0.31505929999999993
2.6759e-08,0.3150531
2.6761e-08,0.3150459000000001
2.6763e-08,0.31503970000000014
2.6765e-08,0.31503369999999986
2.6767e-08,0.31502759999999996
2.6769e-08,0.3150215999999999
2.6771e-08,0.31501559999999995
2.6773e-08,0.31500969999999995
2.6775e-08,0.31500380000000006
2.6777e-08,0.314998
2.6779e-08,0.3149921000000001
2.6781e-08,0.3149864000000001
2.6783e-08,0.31498059999999994
2.6785e-08,0.31497489999999995
2.6787e-08,0.31497030000000004
2.6789e-08,0.31496459999999993
2.6791e-08,0.31495909999999994
2.6793e-08,0.3149545
2.6795e-08,0.31494900000000015
2.6797e-08,0.31494450000000007
2.67985e-08,0.3149406
2.68e-08,0.3149367999999999
2.68002e-08,0.3149369999999999
2.68006e-08,0.3149392000000001
2.68014e-08,0.31495510000000004
2.6803e-08,0.31501580000000007
2.6805e-08,0.3151024000000001
2.6807e-08,0.3151522
2.6809e-08,0.3151191
2.6811e-08,0.3149676
2.6813e-08,0.31466910000000003
2.6815e-08,0.3142018999999999
2.6817e-08,0.3135483
2.6819e-08,0.3126954999999999
2.6821e-08,0.31163549999999995
2.6823e-08,0.3103614000000001
2.6825e-08,0.3088685000000001
2.6827e-08,0.3071568000000001
2.6829e-08,0.3052252000000001
2.6831e-08,0.30307490000000004
2.6833e-08,0.3007086000000001
2.6835e-08,0.2981298
2.6837e-08,0.29534340000000003
2.6839e-08,0.2923542
2.6841e-08,0.2891673
2.6843e-08,0.28578900000000007
2.6845e-08,0.2822253
2.6847e-08,0.2784829
2.6849e-08,0.2745685
2.6851e-08,0.2704888
2.6853e-08,0.26625090000000007
2.6855e-08,0.2618616
2.6857e-08,0.25732810000000006
2.6859e-08,0.2526571999999999
2.6861e-08,0.24785610000000002
2.6863e-08,0.24293160000000003
2.6865e-08,0.23789059999999995
2.6867e-08,0.2327397
2.6869e-08,0.22748579999999996
2.6871e-08,0.22213519999999998
2.6873e-08,0.2166945
2.6875e-08,0.21116990000000002
2.6877e-08,0.20556770000000002
2.6879e-08,0.1998938
2.6881e-08,0.1941543
2.6883e-08,0.18835469999999999
2.6885e-08,0.1825007999999999
2.6887e-08,0.17659789999999997
2.6889e-08,0.17065149999999996
2.6891e-08,0.16466650000000005
2.6893e-08,0.15864820000000002
2.6895e-08,0.15260110000000005
2.6897e-08,0.14653019999999994
2.6899e-08,0.1404398
2.6901e-08,0.13433450000000002
2.6903e-08,0.12821840000000007
2.6905e-08,0.12209550000000002
2.6907e-08,0.11597000000000002
2.6909e-08,0.10984539999999998
2.6911e-08,0.10372559999999997
2.6913e-08,0.09761400000000009
2.6915e-08,0.09151380000000009
2.6917e-08,0.08542839999999996
2.6919e-08,0.07936090000000007
2.6921e-08,0.07331399999999999
2.6923e-08,0.06729079999999998
2.6925e-08,0.061293800000000065
2.6927e-08,0.055325499999999916
2.6929e-08,0.04938850000000006
2.6931e-08,0.043485100000000054
2.6933e-08,0.03761740000000002
2.6935e-08,0.03178749999999997
2.6937e-08,0.0259973
2.6939e-08,0.02024870000000001
2.6941e-08,0.014543399999999984
2.6943e-08,0.008883099999999922
2.6945e-08,0.0032693000000000305
2.6947e-08,-0.0022965000000000346
2.6949e-08,-0.007813099999999906
2.6951e-08,-0.013279200000000047
2.6953e-08,-0.018693600000000088
2.6955e-08,-0.024055199999999943
2.6957e-08,-0.029363200000000034
2.6959e-08,-0.03461639999999999
2.6961e-08,-0.03981419999999991
2.6963e-08,-0.04495570000000004
2.6965e-08,-0.050040400000000096
2.6967e-08,-0.05506750000000005
2.6969e-08,-0.06003669999999994
2.6971e-08,-0.06494719999999998
2.6973e-08,-0.06979869999999999
2.6975e-08,-0.07459100000000007
2.6977e-08,-0.07932360000000005
2.6979e-08,-0.08399639999999997
2.6981e-08,-0.08860900000000005
2.6983e-08,-0.0931614999999999
2.6985e-08,-0.09765369999999995
2.6987e-08,-0.10208549999999994
2.6989e-08,-0.10645689999999997
2.6991e-08,-0.11076790000000003
2.6993e-08,-0.11501870000000003
2.6995e-08,-0.11920920000000002
2.6997e-08,-0.1233398
2.69985e-08,-0.12639840000000002
2.7e-08,-0.12943500000000008
2.70002e-08,-0.1298395
2.70006e-08,-0.13064870000000006
2.70014e-08,-0.1322681000000001
2.7003e-08,-0.13549310000000003
2.7005e-08,-0.13946009999999998
2.7007e-08,-0.14330769999999993
2.7009e-08,-0.14699249999999997
2.7011e-08,-0.15048020000000006
2.7013e-08,-0.153744
2.7015e-08,-0.1567636
2.7017e-08,-0.15952390000000005
2.7019e-08,-0.16201430000000006
2.7021e-08,-0.16422759999999992
2.7023e-08,-0.16615990000000003
2.7025e-08,-0.1678098
2.7027e-08,-0.1691777
2.7029e-08,-0.1702657999999999
2.7031e-08,-0.17107799999999995
2.7033e-08,-0.17161860000000007
2.7035e-08,-0.17189370000000004
2.7037e-08,-0.17190929999999993
2.7039e-08,-0.1716725
2.7041e-08,-0.17119050000000002
2.7043e-08,-0.17047099999999993
2.7045e-08,-0.1695217
2.7047e-08,-0.16835090000000008
2.7049e-08,-0.16696650000000002
2.7051e-08,-0.16537669999999993
2.7053e-08,-0.16358950000000005
2.7055e-08,-0.16161330000000007
2.7057e-08,-0.15945580000000004
2.7059e-08,-0.15712499999999996
2.7061e-08,-0.1546288
2.7063e-08,-0.15197470000000002
2.7065e-08,-0.14917039999999993
2.7067e-08,-0.1462232
2.7069e-08,-0.14314020000000005
2.7071e-08,-0.13992859999999996
2.7073e-08,-0.13659519999999992
2.7075e-08,-0.13314670000000006
2.7077e-08,-0.12958959999999997
2.7079e-08,-0.1259304
2.7081e-08,-0.12217520000000004
2.7083e-08,-0.11832989999999999
2.7085e-08,-0.11440039999999996
2.7087e-08,-0.11039240000000006
2.7089e-08,-0.1063115
2.7091e-08,-0.10216270000000005
2.7093e-08,-0.09795139999999991
2.7095e-08,-0.0936825
2.7097e-08,-0.08936089999999997
2.7099e-08,-0.08499120000000004
2.7101e-08,-0.08057779999999992
2.7103e-08,-0.07612540000000001
2.7105e-08,-0.07163779999999997
2.7107e-08,-0.06711929999999999
2.7109e-08,-0.06257389999999996
2.7111e-08,-0.05800510000000003
2.7113e-08,-0.053416699999999984
2.7115e-08,-0.04881219999999997
2.7117e-08,-0.04419490000000004
2.7119e-08,-0.039568099999999995
2.7121e-08,-0.03493489999999999
2.7123e-08,-0.030298099999999994
2.7125e-08,-0.02566080000000004
2.7127e-08,-0.021025699999999925
2.7129e-08,-0.016395200000000054
2.7131e-08,-0.01177220000000001
2.7133e-08,-0.007158699999999962
2.7135e-08,-0.0025572000000000372
2.7137e-08,0.002030199999999982
2.7139e-08,0.006601300000000032
2.7141e-08,0.01115429999999995
2.7143e-08,0.015687099999999954
2.7145e-08,0.020198099999999997
2.7147e-08,0.024685500000000027
2.7149e-08,0.0291477
2.7151e-08,0.03358309999999998
2.7153e-08,0.03799050000000004
2.7155e-08,0.042368300000000025
2.7157e-08,0.04671520000000007
2.7159e-08,0.05103029999999997
2.7161e-08,0.055312099999999975
2.7163e-08,0.05955969999999999
2.7165e-08,0.06377210000000011
2.7167e-08,0.06794840000000002
2.7169e-08,0.07208769999999998
2.7171e-08,0.07618920000000007
2.7173e-08,0.0802522
2.7175e-08,0.08427590000000007
2.7177e-08,0.08825989999999995
2.7179e-08,0.09220340000000005
2.7181e-08,0.09610599999999991
2.7183e-08,0.09996709999999998
2.7185e-08,0.10378640000000006
2.7187e-08,0.10756349999999992
2.7189e-08,0.11129800000000001
2.7191e-08,0.11498980000000003
2.7193e-08,0.11863829999999997
2.7195e-08,0.12224360000000001
2.7197e-08,0.12580539999999996
2.71985e-08,0.128448
2.72e-08,0.13106609999999996
2.72002e-08,0.13141309999999995
2.72006e-08,0.1321061
2.72014e-08,0.13348709999999997
2.7203e-08,0.13622800000000002
2.7205e-08,0.13961469999999998
2.7207e-08,0.1429574
2.7209e-08,0.1462563
2.7211e-08,0.14951139999999996
2.7213e-08,0.1527227
2.7215e-08,0.15589019999999998
2.7217e-08,0.1590142
2.7219e-08,0.16209479999999998
2.7221e-08,0.16513199999999995
2.7223e-08,0.1681262
2.7225e-08,0.1710773
2.7227e-08,0.17398579999999997
2.7229e-08,0.17685169999999995
2.7231e-08,0.17967529999999998
2.7233e-08,0.1824570000000001
2.7235e-08,0.1851969
2.7237e-08,0.18789540000000005
2.7239e-08,0.19055270000000002
2.7241e-08,0.1931691000000001
2.7243e-08,0.19574499999999995
2.7245e-08,0.19828060000000003
2.7247e-08,0.20077639999999997
2.7249e-08,0.20323250000000004
2.7251e-08,0.2056496
2.7253e-08,0.20802770000000004
2.7255e-08,0.21036739999999998
2.7257e-08,0.212669
2.7259e-08,0.21493280000000003
2.7261e-08,0.21715930000000006
2.7263e-08,0.21934889999999996
2.7265e-08,0.22150179999999997
2.7267e-08,0.22361849999999994
2.7269e-08,0.22569949999999994
2.7271e-08,0.22774510000000003
2.7273e-08,0.2297557
2.7275e-08,0.23173160000000004
2.7277e-08,0.23367340000000003
2.7279e-08,0.2355815
2.7281e-08,0.2374562
2.7283e-08,0.2392978
2.7285e-08,0.24110700000000007
2.7287e-08,0.242884
2.7289e-08,0.24462930000000005
2.7291e-08,0.24634319999999998
2.7293e-08,0.24802619999999997
2.7295e-08,0.24967859999999997
2.7297e-08,0.251301
2.7299e-08,0.25289360000000005
2.7301e-08,0.2544569
2.7303e-08,0.25599130000000003
2.7305e-08,0.2574972
2.7307e-08,0.25897500000000007
2.7309e-08,0.2604251000000001
2.7311e-08,0.2618478000000001
2.7313e-08,0.26324349999999996
2.7315e-08,0.26461270000000003
2.7317e-08,0.26595579999999996
2.7319e-08,0.267273
2.7321e-08,0.2685649
2.7323e-08,0.26983179999999996
2.7325e-08,0.2710739
2.7327e-08,0.2722918
2.7329e-08,0.27348569999999994
2.7331e-08,0.27465610000000007
2.7333e-08,0.2758031999999999
2.7335e-08,0.27692759999999994
2.7337e-08,0.2780294
2.7339e-08,0.27910920000000006
2.7341e-08,0.28016699999999994
2.7343e-08,0.28120349999999994
2.7345e-08,0.2822188
2.7347e-08,0.28321340000000006
2.7349e-08,0.2841876
2.7351e-08,0.28514169999999994
2.7353e-08,0.28607589999999994
2.7355e-08,0.28699070000000004
2.7357e-08,0.28788630000000004
2.7359e-08,0.28876310000000005
2.7361e-08,0.28962129999999997
2.7363e-08,0.2904614000000001
2.7365e-08,0.2912834999999999
2.7367e-08,0.29208809999999996
2.7369e-08,0.2928754
2.7371e-08,0.29364560000000006
2.7373e-08,0.2943990000000001
2.7375e-08,0.2951360999999999
2.7377e-08,0.29585700000000004
2.7379e-08,0.29656190000000004
2.7381e-08,0.29725120000000005
2.7383e-08,0.2979252
2.7385e-08,0.29858419999999997
2.7387e-08,0.2992283
2.7389e-08,0.29985779999999995
2.7391e-08,0.30047309999999994
2.7393e-08,0.30107470000000003
2.7395e-08,0.30166170000000014
2.7397e-08,0.3022359
2.73985e-08,0.3026578
2.74e-08,0.30307189999999995
2.74002e-08,0.3031259999999999
2.74006e-08,0.3032349000000001
2.74014e-08,0.3034511
2.7403e-08,0.3038784
2.7405e-08,0.3044000000000001
2.7407e-08,0.3049103999999999
2.7409e-08,0.3054078
2.7411e-08,0.30589330000000003
2.7413e-08,0.30636699999999994
2.7415e-08,0.30682999999999994
2.7417e-08,0.3072803999999999
2.7419e-08,0.3077213
2.7421e-08,0.3081499
2.7423e-08,0.30856909999999993
2.7425e-08,0.30897720000000006
2.7427e-08,0.30937519999999996
2.7429e-08,0.30976230000000016
2.7431e-08,0.3101404
2.7433e-08,0.31050869999999997
2.7435e-08,0.3108673999999999
2.7437e-08,0.3112174000000001
2.7439e-08,0.31155790000000005
2.7441e-08,0.31188899999999986
2.7443e-08,0.3122117000000001
2.7445e-08,0.31252519999999995
2.7447e-08,0.3128314000000001
2.7449e-08,0.31312859999999987
2.7451e-08,0.31341779999999986
2.7453e-08,0.31369899999999995
2.7455e-08,0.31397239999999993
2.7457e-08,0.314238
2.7459e-08,0.31449590000000005
2.7461e-08,0.3147472
2.7463e-08,0.3149909000000001
2.7465e-08,0.3152281
2.7467e-08,0.31545789999999996
2.7469e-08,0.3156814
2.7471e-08,0.3158975999999999
2.7473e-08,0.31610760000000004
2.7475e-08,0.3163114
2.7477e-08,0.3165081999999999
2.7479e-08,0.31669999999999987
2.7481e-08,0.3168858
2.7483e-08,0.31706480000000015
2.7485e-08,0.3172389
2.7487e-08,0.31740730000000006
2.7489e-08,0.31756989999999996
2.7491e-08,0.31772790000000006
2.7493e-08,0.31788039999999995
2.7495e-08,0.3180273000000001
2.7497e-08,0.3181696999999999
2.7499e-08,0.31830670000000005
2.7501e-08,0.3184393000000001
2.7503e-08,0.3185665999999999
2.7505e-08,0.3186895999999999
2.7507e-08,0.3188084000000001
2.7509e-08,0.3189231
2.7511e-08,0.3190325999999999
2.7513e-08,0.3191390999999999
2.7515e-08,0.3192404999999999
2.7517e-08,0.3193379999999999
2.7519e-08,0.3194324999999999
2.7521e-08,0.31952210000000003
2.7523e-08,0.3196089
2.7525e-08,0.3196908999999999
2.7527e-08,0.31977009999999995
2.7529e-08,0.31984559999999995
2.7531e-08,0.31991839999999994
2.7533e-08,0.3199866000000001
2.7535e-08,0.3200522
2.7537e-08,0.32011520000000004
2.7539e-08,0.32017470000000003
2.7541e-08,0.3202307
2.7543e-08,0.32028429999999997
2.7545e-08,0.32033540000000005
2.7547e-08,0.3203832000000001
2.7549e-08,0.32042760000000003
2.7551e-08,0.32047059999999994
2.7553e-08,0.32051039999999986
2.7555e-08,0.320547
2.7557e-08,0.3205823000000001
2.7559e-08,0.3206145
2.7561e-08,0.3206444999999999
2.7563e-08,0.3206722999999999
2.7565e-08,0.3206981
2.7567e-08,0.32072180000000006
2.7569e-08,0.32074350000000007
2.7571e-08,0.32076209999999994
2.7573e-08,0.3207796999999999
2.7575e-08,0.32079440000000004
2.7577e-08,0.3208082000000001
2.7579e-08,0.32082
2.7581e-08,0.32083000000000006
2.7583e-08,0.3208380999999999
2.7585e-08,0.32084429999999997
2.7587e-08,0.32084879999999993
2.7589e-08,0.32085240000000004
2.7591e-08,0.3208533
2.7593e-08,0.3208535
2.7595e-08,0.32085189999999986
2.7597e-08,0.32084959999999996
2.75985e-08,0.32084619999999997
2.76e-08,0.3208424000000001
2.76002e-08,0.32084210000000013
2.76006e-08,0.3208405999999999
2.76014e-08,0.3208384000000001
2.7603e-08,0.3208327000000001
2.7605e-08,0.3208247999999999
2.7607e-08,0.3208152999999999
2.7609e-08,0.3208052000000001
2.7611e-08,0.32079349999999995
2.7613e-08,0.3207803
2.7615e-08,0.3207666
2.7617e-08,0.3207523000000001
2.7619e-08,0.3207356
2.7621e-08,0.32071929999999993
2.7623e-08,0.32070160000000003
2.7625e-08,0.3206823999999999
2.7627e-08,0.3206627999999999
2.7629e-08,0.3206428
2.7631e-08,0.32062140000000006
2.7633e-08,0.3205996000000001
2.7635e-08,0.3205764
2.7637e-08,0.3205528000000001
2.7639e-08,0.3205288999999999
2.7641e-08,0.3205035999999999
2.7643e-08,0.3204781000000001
2.7645e-08,0.3204522000000001
2.7647e-08,0.32042500000000007
2.7649e-08,0.3203974999999999
2.7651e-08,0.3203697
2.7653e-08,0.32034070000000003
2.7655e-08,0.3203113999999999
2.7657e-08,0.3202819000000001
2.7659e-08,0.32025210000000004
2.7661e-08,0.32022210000000007
2.7663e-08,0.32019090000000006
2.7665e-08,0.32015950000000004
2.7667e-08,0.3201279
2.7669e-08,0.3200961
2.7671e-08,0.32006309999999993
2.7673e-08,0.3200299999999999
2.7675e-08,0.31999769999999994
2.7677e-08,0.3199643
2.7679e-08,0.3199307000000001
2.7681e-08,0.31989599999999996
2.7683e-08,0.31986210000000004
2.7685e-08,0.3198281999999999
2.7687e-08,0.31979310000000005
2.7689e-08,0.31975790000000004
2.7691e-08,0.3197226999999999
2.7693e-08,0.3196882999999999
2.7695e-08,0.3196528999999999
2.7697e-08,0.31961740000000005
2.7699e-08,0.3195808000000001
2.7701e-08,0.3195451
2.7703e-08,0.31950939999999994
2.7705e-08,0.3194736
2.7707e-08,0.3194368000000001
2.7709e-08,0.31940100000000005
2.7711e-08,0.31936509999999996
2.7713e-08,0.31932819999999995
2.7715e-08,0.3192923000000001
2.7717e-08,0.31925530000000013
2.7719e-08,0.3192193
2.7721e-08,0.3191824
2.7723e-08,0.31914639999999994
2.7725e-08,0.3191094
2.7727e-08,0.31907340000000006
2.7729e-08,0.3190363999999999
2.7731e-08,0.3190005
2.7733e-08,0.31896350000000007
2.7735e-08,0.3189276
2.7737e-08,0.3188916999999999
2.7739e-08,0.3188547999999999
2.7741e-08,0.3188189
2.7743e-08,0.31878210000000007
2.7745e-08,0.31874630000000004
2.7747e-08,0.31871059999999996
2.7749e-08,0.3186749000000001
2.7751e-08,0.31863929999999996
2.7753e-08,0.31860369999999993
2.7755e-08,0.3185671
2.7757e-08,0.31853160000000014
2.7759e-08,0.3184971999999999
2.7761e-08,0.31846180000000013
2.7763e-08,0.3184264
2.7765e-08,0.3183912
2.7767e-08,0.318357
2.7769e-08,0.31832189999999994
2.7771e-08,0.3182868000000001
2.7773e-08,0.3182527999999999
2.7775e-08,0.31821889999999997
2.7777e-08,0.31818409999999986
2.7779e-08,0.3181503
2.7781e-08,0.31811670000000003
2.7783e-08,0.31808310000000006
2.7785e-08,0.31804959999999993
2.7787e-08,0.3180161
2.7789e-08,0.3179828000000001
2.7791e-08,0.3179505
2.7793e-08,0.3179173999999999
2.7795e-08,0.3178843
2.7797e-08,0.3178523
2.77985e-08,0.3178284
2.78e-08,0.31780449999999993
2.78002e-08,0.31780090000000005
2.78006e-08,0.31779479999999993
2.78014e-08,0.31778150000000005
2.7803e-08,0.3177559
2.7805e-08,0.31772429999999996
2.7807e-08,0.3176928
2.7809e-08,0.3176624000000001
2.7811e-08,0.3176310000000001
2.7813e-08,0.3175998000000001
2.7815e-08,0.31756969999999995
2.7817e-08,0.3175385999999999
2.7819e-08,0.3175087000000001
2.7821e-08,0.3174789
2.7823e-08,0.3174492000000001
2.7825e-08,0.3174196
2.7827e-08,0.31738999999999995
2.7829e-08,0.3173606
2.7831e-08,0.31733129999999987
2.7833e-08,0.31730309999999995
2.7835e-08,0.31727400000000006
2.7837e-08,0.3172459999999999
2.7839e-08,0.31721809999999995
2.7841e-08,0.3171893000000001
2.7843e-08,0.31716159999999993
2.7845e-08,0.3171339999999999
2.7847e-08,0.3171074999999999
2.7849e-08,0.3170801999999999
2.7851e-08,0.31705289999999997
2.7853e-08,0.3170266999999999
2.7855e-08,0.3169997
2.7857e-08,0.3169736999999999
2.7859e-08,0.31694789999999995
2.7861e-08,0.31692220000000004
2.7863e-08,0.3168965
2.7865e-08,0.316871
2.7867e-08,0.31684559999999995
2.7869e-08,0.3168213000000001
2.7871e-08,0.31679599999999997
2.7873e-08,0.3167719000000001
2.7875e-08,0.31674690000000005
2.7877e-08,0.316723
2.7879e-08,0.31669920000000007
2.7881e-08,0.3166754999999999
2.7883e-08,0.3166519
2.7885e-08,0.31662849999999987
2.7887e-08,0.3166060999999999
2.7889e-08,0.31658280000000005
2.7891e-08,0.3165606000000001
2.7893e-08,0.3165374999999999
2.7895e-08,0.31651549999999995
2.7897e-08,0.3164937
2.7899e-08,0.3164718999999999
2.7901e-08,0.3164502
2.7903e-08,0.31642859999999995
2.7905e-08,0.3164072
2.7907e-08,0.31638679999999997
2.7909e-08,0.31636549999999997
2.7911e-08,0.31634529999999994
2.7913e-08,0.31632419999999994
2.7915e-08,0.3163043000000001
2.7917e-08,0.3162844
2.7919e-08,0.3162645999999999
2.7921e-08,0.31624490000000005
2.7923e-08,0.31622530000000004
2.7925e-08,0.3162058
2.7927e-08,0.31618730000000006
2.7929e-08,0.316168
2.7931e-08,0.31614980000000004
2.7933e-08,0.3161307
2.7935e-08,0.3161126000000001
2.7937e-08,0.31609469999999995
2.7939e-08,0.31607679999999994
2.7941e-08,0.3160590000000001
2.7943e-08,0.31604129999999986
2.7945e-08,0.3160237
2.7947e-08,0.3160062
2.7949e-08,0.3159898000000001
2.7951e-08,0.3159724999999999
2.7953e-08,0.3159561999999999
2.7955e-08,0.3159390999999999
2.7957e-08,0.31592299999999995
2.7959e-08,0.31590699999999994
2.7961e-08,0.3158911
2.7963e-08,0.31587529999999997
2.7965e-08,0.31585949999999996
2.7967e-08,0.31584389999999996
2.7969e-08,0.31582829999999995
2.7971e-08,0.31581380000000003
2.7973e-08,0.31579840000000003
2.7975e-08,0.3157831
2.7977e-08,0.31576879999999996
2.7979e-08,0.3157546000000001
2.7981e-08,0.31573950000000006
2.7983e-08,0.3157255
2.7985e-08,0.3157116000000001
2.7987e-08,0.31569769999999997
2.7989e-08,0.3156838999999999
2.7991e-08,0.3156702
2.7993e-08,0.3156565
2.7995e-08,0.31564400000000004
2.7997e-08,0.3156304999999999
2.79985e-08,0.31562060000000014
2.8e-08,0.31562250000000003
2.80002e-08,0.31562580000000007
2.80006e-08,0.3156321000000001
2.80014e-08,0.3156542
2.8003e-08,0.31571360000000004
2.8005e-08,0.315781
2.8007e-08,0.31579370000000007
2.8009e-08,0.31570979999999993
2.8011e-08,0.3154966
2.8013e-08,0.31512869999999993
2.8015e-08,0.31458560000000013
2.8017e-08,0.3138512000000001
2.8019e-08,0.3129136
2.8021e-08,0.311767
2.8023e-08,0.31040409999999996
2.8025e-08,0.3088234999999999
2.8027e-08,0.30702240000000003
2.8029e-08,0.30500189999999994
2.8031e-08,0.3027645000000001
2.8033e-08,0.3003129
2.8035e-08,0.2976508
2.8037e-08,0.2947824
2.8039e-08,0.29171309999999995
2.8041e-08,0.2884487
2.8043e-08,0.28499509999999995
2.8045e-08,0.2813588
2.8047e-08,0.2775463
2.8049e-08,0.2735643
2.8051e-08,0.2694198
2.8053e-08,0.2651196
2.8055e-08,0.2606708
2.8057e-08,0.2560804
2.8059e-08,0.2513554
2.8061e-08,0.24650269999999996
2.8063e-08,0.2415292
2.8065e-08,0.2364417000000001
2.8067e-08,0.23124690000000003
2.8069e-08,0.22595159999999992
2.8071e-08,0.22056200000000004
2.8073e-08,0.21508459999999996
2.8075e-08,0.20952579999999998
2.8077e-08,0.2038915
2.8079e-08,0.19818789999999997
2.8081e-08,0.1924207
2.8083e-08,0.18659570000000003
2.8085e-08,0.1807183
2.8087e-08,0.174794
2.8089e-08,0.16882799999999998
2.8091e-08,0.16282549999999996
2.8093e-08,0.15679140000000003
2.8095e-08,0.1507305
2.8097e-08,0.14464719999999998
2.8099e-08,0.1385463
2.8101e-08,0.132432
2.8103e-08,0.12630850000000005
2.8105e-08,0.12017979999999995
2.8107e-08,0.11404969999999992
2.8109e-08,0.10792219999999997
2.8111e-08,0.10180060000000002
2.8113e-08,0.0956884
2.8115e-08,0.08958910000000009
2.8117e-08,0.08350559999999996
2.8119e-08,0.07744119999999999
2.8121e-08,0.07139850000000003
2.8123e-08,0.06538050000000006
2.8125e-08,0.05938969999999999
2.8127e-08,0.053428699999999996
2.8129e-08,0.04749979999999998
2.8131e-08,0.04160530000000007
2.8133e-08,0.03574730000000004
2.8135e-08,0.029927900000000007
2.8137e-08,0.024148899999999918
2.8139e-08,0.01841219999999999
2.8141e-08,0.0127197
2.8143e-08,0.0070725999999999845
2.8145e-08,0.0014724999999999877
2.8147e-08,-0.004079100000000002
2.8149e-08,-0.009580799999999945
2.8151e-08,-0.015031500000000086
2.8153e-08,-0.020430100000000007
2.8155e-08,-0.02577560000000001
2.8157e-08,-0.031067000000000067
2.8159e-08,-0.03630330000000004
2.8161e-08,-0.04148379999999996
2.8163e-08,-0.046607900000000035
2.8165e-08,-0.05167469999999996
2.8167e-08,-0.05668380000000006
2.8169e-08,-0.061634500000000036
2.8171e-08,-0.06652669999999994
2.8173e-08,-0.07135949999999991
2.8175e-08,-0.076133
2.8177e-08,-0.08084659999999999
2.8179e-08,-0.08550020000000003
2.8181e-08,-0.09009369999999994
2.8183e-08,-0.09462700000000002
2.8185e-08,-0.09909979999999996
2.8187e-08,-0.1035121
2.8189e-08,-0.10786410000000002
2.8191e-08,-0.11215569999999997
2.8193e-08,-0.11638700000000002
2.8195e-08,-0.12055820000000006
2.8197e-08,-0.12466929999999998
2.81985e-08,-0.12771330000000003
2.82e-08,-0.13072380000000006
2.82002e-08,-0.13112239999999997
2.82006e-08,-0.13191830000000004
2.82014e-08,-0.13350309999999999
2.8203e-08,-0.1366442
2.8205e-08,-0.14051730000000007
2.8207e-08,-0.1443317999999999
2.8209e-08,-0.1480878
2.8211e-08,-0.15178570000000002
2.8213e-08,-0.15542579999999995
2.8215e-08,-0.1590087
2.8217e-08,-0.16253459999999997
2.8219e-08,-0.16600389999999998
2.8221e-08,-0.16941719999999993
2.8223e-08,-0.1727747999999999
2.8225e-08,-0.1760773
2.8227e-08,-0.17932520000000007
2.8229e-08,-0.18251889999999993
2.8231e-08,-0.18565900000000002
2.8233e-08,-0.18874590000000002
2.8235e-08,-0.19178019999999996
2.8237e-08,-0.19476249999999995
2.8239e-08,-0.19769330000000007
2.8241e-08,-0.20057310000000006
2.8243e-08,-0.20340250000000004
2.8245e-08,-0.20618199999999998
2.8247e-08,-0.20891229999999994
2.8249e-08,-0.2115938999999999
2.8251e-08,-0.21422739999999996
2.8253e-08,-0.2168133
2.8255e-08,-0.21935229999999994
2.8257e-08,-0.2218449
2.8259e-08,-0.22429169999999998
2.8261e-08,-0.22669320000000004
2.8263e-08,-0.22905030000000004
2.8265e-08,-0.2313632
2.8267e-08,-0.23363270000000003
2.8269e-08,-0.2358593
2.8271e-08,-0.23804369999999997
2.8273e-08,-0.24018629999999996
2.8275e-08,-0.2422879
2.8277e-08,-0.24434880000000003
2.8279e-08,-0.24636979999999997
2.8281e-08,-0.2483514
2.8283e-08,-0.2502942
2.8285e-08,-0.2521987
2.8287e-08,-0.25406550000000006
2.8289e-08,-0.25589509999999993
2.8291e-08,-0.25768820000000003
2.8293e-08,-0.25944520000000004
2.8295e-08,-0.2611667999999999
2.8297e-08,-0.26285329999999996
2.8299e-08,-0.26450549999999995
2.8301e-08,-0.26612389999999997
2.8303e-08,-0.26770879999999997
2.8305e-08,-0.269261
2.8307e-08,-0.27078079999999993
2.8309e-08,-0.2722688999999999
2.8311e-08,-0.2737255999999999
2.8313e-08,-0.2751515
2.8315e-08,-0.27654730000000005
2.8317e-08,-0.27791319999999997
2.8319e-08,-0.2792498000000001
2.8321e-08,-0.28055759999999996
2.8323e-08,-0.28183709999999995
2.8325e-08,-0.28308869999999997
2.8327e-08,-0.2843129
2.8329e-08,-0.28551020000000005
2.8331e-08,-0.2866808999999999
2.8333e-08,-0.2878256
2.8335e-08,-0.2889448
2.8337e-08,-0.29003879999999993
2.8339e-08,-0.2911081
2.8341e-08,-0.29215309999999994
2.8343e-08,-0.29317420000000005
2.8345e-08,-0.294172
2.8347e-08,-0.29514660000000004
2.8349e-08,-0.29609870000000005
2.8351e-08,-0.29702850000000003
2.8353e-08,-0.2979364
2.8355e-08,-0.29882299999999995
2.8357e-08,-0.29968839999999997
2.8359e-08,-0.30053319999999994
2.8361e-08,-0.3013578
2.8363e-08,-0.3021625
2.8365e-08,-0.30294750000000004
2.8367e-08,-0.30371289999999995
2.8369e-08,-0.3044600999999999
2.8371e-08,-0.305188
2.8373e-08,-0.305898
2.8375e-08,-0.30659120000000006
2.8377e-08,-0.3072655999999999
2.8379e-08,-0.3079236000000001
2.8381e-08,-0.3085643000000001
2.8383e-08,-0.30918880000000004
2.8385e-08,-0.3097972
2.8387e-08,-0.31038880000000013
2.8389e-08,-0.3109657
2.8391e-08,-0.311527
2.8393e-08,-0.3120729
2.8395e-08,-0.31260450000000006
2.8397e-08,-0.313122
2.83985e-08,-0.3135009999999999
2.84e-08,-0.31388270000000007
2.84002e-08,-0.31393570000000004
2.84006e-08,-0.3140423000000001
2.84014e-08,-0.31426219999999994
2.8403e-08,-0.3147116999999999
2.8405e-08,-0.3152541000000001
2.8407e-08,-0.31572880000000003
2.8409e-08,-0.31609620000000016
2.8411e-08,-0.31632189999999993
2.8413e-08,-0.31638069999999996
2.8415e-08,-0.31625330000000007
2.8417e-08,-0.3159250000000001
2.8419e-08,-0.31538489999999986
2.8421e-08,-0.3146247000000001
2.8423e-08,-0.3136391999999999
2.8425e-08,-0.31242609999999993
2.8427e-08,-0.31098400000000004
2.8429e-08,-0.3093149999999999
2.8431e-08,-0.3074198
2.8433e-08,-0.30530239999999986
2.8435e-08,-0.30296519999999993
2.8437e-08,-0.3004146999999999
2.8439e-08,-0.2976553999999999
2.8441e-08,-0.294693
2.8443e-08,-0.2915337
2.8445e-08,-0.288184
2.8447e-08,-0.2846504999999999
2.8449e-08,-0.2809399
2.8451e-08,-0.2770593
2.8453e-08,-0.2730155000000001
2.8455e-08,-0.2688157
2.8457e-08,-0.2644668
2.8459e-08,-0.2599758000000001
2.8461e-08,-0.2553498999999999
2.8463e-08,-0.25059580000000004
2.8465e-08,-0.24572040000000006
2.8467e-08,-0.24073050000000007
2.8469e-08,-0.23563279999999998
2.8471e-08,-0.23043369999999996
2.8473e-08,-0.22513970000000005
2.8475e-08,-0.21975709999999993
2.8477e-08,-0.21429209999999999
2.8479e-08,-0.20875070000000007
2.8481e-08,-0.2031389
2.8483e-08,-0.1974623000000001
2.8485e-08,-0.19172659999999997
2.8487e-08,-0.18593729999999997
2.8489e-08,-0.18009969999999997
2.8491e-08,-0.17421889999999995
2.8493e-08,-0.16830010000000006
2.8495e-08,-0.16234799999999994
2.8497e-08,-0.15636739999999993
2.8499e-08,-0.15036289999999997
2.8501e-08,-0.14433889999999994
2.8503e-08,-0.13829970000000003
2.8505e-08,-0.13224939999999996
2.8507e-08,-0.12619210000000003
2.8509e-08,-0.12013150000000006
2.8511e-08,-0.11407129999999999
2.8513e-08,-0.10801509999999992
2.8515e-08,-0.10196649999999996
2.8517e-08,-0.09592849999999997
2.8519e-08,-0.0899044
2.8521e-08,-0.08389710000000006
2.8523e-08,-0.07790969999999997
2.8525e-08,-0.07194480000000003
2.8527e-08,-0.06600490000000003
2.8529e-08,-0.06009280000000006
2.8531e-08,-0.054210699999999945
2.8533e-08,-0.04836099999999999
2.8535e-08,-0.04254559999999996
2.8537e-08,-0.03676679999999999
2.8539e-08,-0.0310263999999999
2.8541e-08,-0.025326199999999965
2.8543e-08,-0.01966800000000002
2.8545e-08,-0.014053300000000046
2.8547e-08,-0.008483899999999989
2.8549e-08,-0.0029607999999999857
2.8551e-08,0.0025144000000000277
2.8553e-08,0.007940399999999959
2.8555e-08,0.013316300000000059
2.8557e-08,0.018640800000000013
2.8559e-08,0.02391309999999991
2.8561e-08,0.02913219999999994
2.8563e-08,0.034297299999999975
2.8565e-08,0.03940750000000004
2.8567e-08,0.044462300000000066
2.8569e-08,0.049461100000000036
2.8571e-08,0.054403199999999985
2.8573e-08,0.059288099999999955
2.8575e-08,0.06411549999999999
2.8577e-08,0.06888500000000009
2.8579e-08,0.0735962
2.8581e-08,0.07824890000000007
2.8583e-08,0.08284289999999994
2.8585e-08,0.0873780999999999
2.8587e-08,0.0918542
2.8589e-08,0.0962712
2.8591e-08,0.10062919999999997
2.8593e-08,0.10492799999999991
2.8595e-08,0.10916789999999998
2.8597e-08,0.11334869999999997
2.85985e-08,0.11644569999999999
2.86e-08,0.1195096
2.86002e-08,0.1199154
2.86006e-08,0.12072569999999994
2.86014e-08,0.12233929999999993
2.8603e-08,0.12553840000000005
2.8605e-08,0.12948499999999996
2.8607e-08,0.13337359999999998
2.8609e-08,0.13720429999999995
2.8611e-08,0.14097769999999998
2.8613e-08,0.14469389999999993
2.8615e-08,0.14835319999999996
2.8617e-08,0.1519562000000001
2.8619e-08,0.15550299999999995
2.8621e-08,0.15899420000000009
2.8623e-08,0.16243010000000002
2.8625e-08,0.16581120000000005
2.8627e-08,0.16913789999999995
2.8629e-08,0.17241060000000008
2.8631e-08,0.1756301
2.8633e-08,0.17879650000000002
2.8635e-08,0.18191029999999997
2.8637e-08,0.18497229999999998
2.8639e-08,0.1879828
2.8641e-08,0.19094239999999996
2.8643e-08,0.1938516
2.8645e-08,0.19671100000000008
2.8647e-08,0.19952099999999995
2.8649e-08,0.20228219999999997
2.8651e-08,0.20499520000000004
2.8653e-08,0.20766060000000008
2.8655e-08,0.21027890000000005
2.8657e-08,0.2128506
2.8659e-08,0.21537629999999996
2.8661e-08,0.21785659999999996
2.8663e-08,0.22029219999999994
2.8665e-08,0.22268339999999998
2.8667e-08,0.22503090000000003
2.8669e-08,0.22733530000000002
2.8671e-08,0.2295971
2.8673e-08,0.2318169
2.8675e-08,0.23399530000000002
2.8677e-08,0.23613280000000003
2.8679e-08,0.23822999999999994
2.8681e-08,0.24028740000000004
2.8683e-08,0.24230569999999996
2.8685e-08,0.24428530000000004
2.8687e-08,0.24622680000000008
2.8689e-08,0.24813090000000004
2.8691e-08,0.2499979
2.8693e-08,0.25182840000000006
2.8695e-08,0.2536231
2.8697e-08,0.2553824
2.8699e-08,0.25710679999999997
2.8701e-08,0.25879700000000005
2.8703e-08,0.2604533
2.8705e-08,0.2620764
2.8707e-08,0.2636668
2.8709e-08,0.2652249
2.8711e-08,0.2667513
2.8713e-08,0.2682464
2.8715e-08,0.26971069999999997
2.8717e-08,0.27114479999999996
2.8719e-08,0.27254920000000005
2.8721e-08,0.2739243
2.8723e-08,0.2752705000000001
2.8725e-08,0.2765885
2.8727e-08,0.27787850000000003
2.8729e-08,0.27914110000000003
2.8731e-08,0.2803768
2.8733e-08,0.28158589999999994
2.8735e-08,0.2827689
2.8737e-08,0.2839263000000001
2.8739e-08,0.28505860000000005
2.8741e-08,0.2861659999999999
2.8743e-08,0.28724910000000003
2.8745e-08,0.28830829999999996
2.8747e-08,0.28934400000000005
2.8749e-08,0.2903565
2.8751e-08,0.2913462
2.8753e-08,0.29231379999999996
2.8755e-08,0.29325940000000006
2.8757e-08,0.2941834
2.8759e-08,0.2950863
2.8761e-08,0.29596829999999996
2.8763e-08,0.29683000000000004
2.8765e-08,0.29767160000000004
2.8767e-08,0.2984936
2.8769e-08,0.29929609999999995
2.8771e-08,0.30007969999999995
2.8773e-08,0.3008449999999999
2.8775e-08,0.3015913
2.8777e-08,0.3023197999999999
2.8779e-08,0.3030315000000001
2.8781e-08,0.3037245999999999
2.8783e-08,0.3044013
2.8785e-08,0.3050617000000001
2.8787e-08,0.30570509999999995
2.8789e-08,0.30633350000000004
2.8791e-08,0.30694509999999986
2.8793e-08,0.30754100000000006
2.8795e-08,0.3081224
2.8797e-08,0.30868949999999995
2.87985e-08,0.30910479999999996
2.88e-08,0.30951110000000004
2.88002e-08,0.3095655999999999
2.88006e-08,0.30967239999999996
2.88014e-08,0.3098843
2.8803e-08,0.31030179999999996
2.8805e-08,0.3108118000000001
2.8807e-08,0.3113081000000001
2.8809e-08,0.3117909
2.8811e-08,0.31226030000000005
2.8813e-08,0.3127183
2.8815e-08,0.3131632
2.8817e-08,0.31359499999999996
2.8819e-08,0.31401599999999996
2.8821e-08,0.3144251000000001
2.8823e-08,0.3148225
2.8825e-08,0.3152082999999999
2.8827e-08,0.3155826999999999
2.8829e-08,0.31594770000000005
2.8831e-08,0.31630040000000004
2.8833e-08,0.3166440999999999
2.8835e-08,0.3169767000000001
2.8837e-08,0.31730029999999987
2.8839e-08,0.31761320000000004
2.8841e-08,0.31791630000000004
2.8843e-08,0.3182108
2.8845e-08,0.31849569999999994
2.8847e-08,0.31877219999999995
2.8849e-08,0.3190394
2.8851e-08,0.31929830000000015
2.8853e-08,0.3195490000000001
2.8855e-08,0.3197907000000001
2.8857e-08,0.3200244000000001
2.8859e-08,0.32025119999999996
2.8861e-08,0.3204692
2.8863e-08,0.3206804000000001
2.8865e-08,0.32088400000000006
2.8867e-08,0.32108009999999987
2.8869e-08,0.3212686000000001
2.8871e-08,0.3214507000000001
2.8873e-08,0.32162650000000004
2.8875e-08,0.32179499999999994
2.8877e-08,0.32195830000000003
2.8879e-08,0.32211350000000005
2.8881e-08,0.3222636
2.8883e-08,0.3224078
2.8885e-08,0.322546
2.8887e-08,0.3226773999999999
2.8889e-08,0.32280410000000004
2.8891e-08,0.322925
2.8893e-08,0.32304120000000014
2.8895e-08,0.32315189999999994
2.8897e-08,0.323257
2.8899e-08,0.32335669999999994
2.8901e-08,0.32345290000000004
2.8903e-08,0.3235427999999999
2.8905e-08,0.32362940000000007
2.8907e-08,0.3237107
2.8909e-08,0.3237878999999999
2.8911e-08,0.3238599000000001
2.8913e-08,0.3239289000000001
2.8915e-08,0.3239938000000001
2.8917e-08,0.3240537
2.8919e-08,0.32410969999999995
2.8921e-08,0.3241628
2.8923e-08,0.3242120999999999
2.8925e-08,0.3242566000000001
2.8927e-08,0.32429829999999993
2.8929e-08,0.3243374
2.8931e-08,0.3243718
2.8933e-08,0.3244036
2.8935e-08,0.3244328000000001
2.8937e-08,0.32445749999999995
2.8939e-08,0.32448070000000007
2.8941e-08,0.3244994
2.8943e-08,0.32451679999999994
2.8945e-08,0.3245296999999999
2.8947e-08,0.3245414000000001
2.8949e-08,0.32454969999999994
2.8951e-08,0.32455579999999995
2.8953e-08,0.3245597
2.8955e-08,0.3245603
2.8957e-08,0.3245599
2.8959e-08,0.32455619999999996
2.8961e-08,0.3245506
2.8963e-08,0.32454280000000013
2.8965e-08,0.32453199999999993
2.8967e-08,0.3245201999999999
2.8969e-08,0.32450650000000014
2.8971e-08,0.3244908000000001
2.8973e-08,0.3244731999999999
2.8975e-08,0.32445370000000007
2.8977e-08,0.32443240000000007
2.8979e-08,0.32441029999999993
2.8981e-08,0.3243853000000001
2.8983e-08,0.3243596000000001
2.8985e-08,0.3243321000000001
2.8987e-08,0.32430289999999995
2.8989e-08,0.3242729999999999
2.8991e-08,0.3242404
2.8993e-08,0.32420819999999995
2.8995e-08,0.3241733000000001
2.8997e-08,0.3241379
2.89985e-08,0.3241104
2.9e-08,0.3240826000000001
2.90002e-08,0.32407870000000005
2.90006e-08,0.32407089999999994
2.90014e-08,0.3240553999999999
2.9003e-08,0.32402399999999987
2.9005e-08,0.3239843
2.9007e-08,0.32394309999999993
2.9009e-08,0.3239004
2.9011e-08,0.32385829999999993
2.9013e-08,0.3238137000000001
2.9015e-08,0.3237696000000001
2.9017e-08,0.3237232000000001
2.9019e-08,0.32367729999999995
2.9021e-08,0.3236300999999999
2.9023e-08,0.32358149999999997
2.9025e-08,0.3235336
2.9027e-08,0.32348430000000006
2.9029e-08,0.32343369999999994
2.9031e-08,0.3233838
2.9033e-08,0.3233326999999999
2.9035e-08,0.3232801999999999
2.9037e-08,0.32322850000000003
2.9039e-08,0.3231756
2.9041e-08,0.32312240000000003
2.9043e-08,0.32306900000000005
2.9045e-08,0.3230143999999999
2.9047e-08,0.32296059999999993
2.9049e-08,0.3229056
2.9051e-08,0.3228504000000001
2.9053e-08,0.3227950999999999
2.9055e-08,0.3227397000000001
2.9057e-08,0.3226831
2.9059e-08,0.32262730000000006
2.9061e-08,0.3225705
2.9063e-08,0.3225134999999999
2.9065e-08,0.32245650000000015
2.9067e-08,0.32239930000000006
2.9069e-08,0.32234209999999996
2.9071e-08,0.3222847999999999
2.9073e-08,0.3222275000000001
2.9075e-08,0.3221701
2.9077e-08,0.32211160000000005
2.9079e-08,0.3220541
2.9081e-08,0.32199659999999997
2.9083e-08,0.3219381
2.9085e-08,0.3218804999999999
2.9087e-08,0.3218230000000001
2.9089e-08,0.32176439999999984
2.9091e-08,0.3217069
2.9093e-08,0.3216483000000001
2.9095e-08,0.32159080000000007
2.9097e-08,0.3215333
2.9099e-08,0.3214758999999999
2.9101e-08,0.32141739999999996
2.9103e-08,0.32136010000000015
2.9105e-08,0.32130270000000005
2.9107e-08,0.3212454
2.9109e-08,0.3211881999999999
2.9111e-08,0.3211311000000001
2.9113e-08,0.3210740000000001
2.9115e-08,0.321017
2.9117e-08,0.32096100000000005
2.9119e-08,0.3209042
2.9121e-08,0.3208474
2.9123e-08,0.3207917
2.9125e-08,0.32073609999999986
2.9127e-08,0.32067960000000006
2.9129e-08,0.3206243
2.9131e-08,0.320569
2.9133e-08,0.32051380000000007
2.9135e-08,0.3204587
2.9137e-08,0.32040479999999993
2.9139e-08,0.32035
2.9141e-08,0.3202963000000001
2.9143e-08,0.32024169999999985
2.9145e-08,0.3201881999999999
2.9147e-08,0.3201348999999999
2.9149e-08,0.3200816999999999
2.9151e-08,0.3200285999999999
2.9153e-08,0.3199767
2.9155e-08,0.31992390000000004
2.9157e-08,0.31987219999999994
2.9159e-08,0.31982070000000007
2.9161e-08,0.3197694
2.9163e-08,0.3197180999999999
2.9165e-08,0.3196671000000001
2.9167e-08,0.31961609999999996
2.9169e-08,0.31956640000000003
2.9171e-08,0.3195166999999999
2.9173e-08,0.3194672999999999
2.9175e-08,0.31941790000000003
2.9177e-08,0.3193688000000001
2.9179e-08,0.31931979999999993
2.9181e-08,0.31927190000000005
2.9183e-08,0.31922319999999993
2.9185e-08,0.31917569999999995
2.9187e-08,0.31912830000000014
2.9189e-08,0.3190811000000001
2.9191e-08,0.3190351
2.9193e-08,0.31898819999999994
2.9195e-08,0.3189425
2.9197e-08,0.3188968999999999
2.91985e-08,0.3188620999999999
2.92e-08,0.31884009999999996
2.92002e-08,0.3188397999999999
2.92006e-08,0.31883989999999995
2.92014e-08,0.3188497000000001
2.9203e-08,0.31888339999999993
2.9205e-08,0.3189191
2.9207e-08,0.3189001
2.9209e-08,0.3187855999999999
2.9211e-08,0.318543
2.9213e-08,0.31814490000000006
2.9215e-08,0.3175717000000001
2.9217e-08,0.3168086000000001
2.9219e-08,0.3158443999999999
2.9221e-08,0.3146696
2.9223e-08,0.31328069999999997
2.9225e-08,0.3116734
2.9227e-08,0.30984579999999995
2.9229e-08,0.3078012
2.9231e-08,0.3055388
2.9233e-08,0.30306259999999996
2.9235e-08,0.3003768
2.9237e-08,0.29748449999999993
2.9239e-08,0.29439209999999993
2.9241e-08,0.2911047
2.9243e-08,0.28762849999999995
2.9245e-08,0.2839699
2.9247e-08,0.28013509999999997
2.9249e-08,0.27613109999999996
2.9251e-08,0.27196469999999995
2.9253e-08,0.26764280000000007
2.9255e-08,0.2631724000000001
2.9257e-08,0.2585605000000001
2.9259e-08,0.25381390000000004
2.9261e-08,0.24893980000000004
2.9263e-08,0.2439448999999999
2.9265e-08,0.2388361
2.9267e-08,0.23362000000000005
2.9269e-08,0.22830320000000004
2.9271e-08,0.22289230000000004
2.9273e-08,0.21739359999999996
2.9275e-08,0.21181339999999993
2.9277e-08,0.20615779999999995
2.9279e-08,0.20043270000000002
2.9281e-08,0.1946441
2.9283e-08,0.18879750000000006
2.9285e-08,0.18289870000000008
2.9287e-08,0.17695289999999997
2.9289e-08,0.17096540000000005
2.9291e-08,0.16494129999999996
2.9293e-08,0.15888559999999996
2.9295e-08,0.15280309999999997
2.9297e-08,0.14669830000000006
2.9299e-08,0.14057579999999992
2.9301e-08,0.1344398
2.9303e-08,0.1282947000000001
2.9305e-08,0.12214449999999999
2.9307e-08,0.11599289999999995
2.9309e-08,0.10984380000000005
2.9311e-08,0.10370069999999998
2.9313e-08,0.09756710000000002
2.9315e-08,0.09144629999999998
2.9317e-08,0.08534160000000002
2.9319e-08,0.07925579999999999
2.9321e-08,0.07319189999999998
2.9323e-08,0.06715280000000001
2.9325e-08,0.06114089999999994
2.9327e-08,0.0551588999999999
2.9329e-08,0.049209100000000006
2.9331e-08,0.04329369999999999
2.9333e-08,0.037415100000000034
2.9335e-08,0.03157509999999997
2.9337e-08,0.025775700000000068
2.9339e-08,0.020018699999999945
2.9341e-08,0.014305800000000035
2.9343e-08,0.008638600000000052
2.9345e-08,0.0030185999999999824
2.9347e-08,-0.0025526999999999633
2.9349e-08,-0.008074099999999973
2.9351e-08,-0.013544400000000012
2.9353e-08,-0.018962400000000046
2.9355e-08,-0.024327100000000046
2.9357e-08,-0.029637500000000094
2.9359e-08,-0.03489280000000006
2.9361e-08,-0.040092100000000075
2.9363e-08,-0.045234600000000014
2.9365e-08,-0.05031989999999997
2.9367e-08,-0.05534719999999993
2.9369e-08,-0.060316000000000036
2.9371e-08,-0.065226
2.9373e-08,-0.07007649999999999
2.9375e-08,-0.07486740000000003
2.9377e-08,-0.07959850000000002
2.9379e-08,-0.08426919999999993
2.9381e-08,-0.0888797
2.9383e-08,-0.09342970000000006
2.9385e-08,-0.09791909999999993
2.9387e-08,-0.10234790000000005
2.9389e-08,-0.10671610000000009
2.9391e-08,-0.11102369999999995
2.9393e-08,-0.11527089999999995
2.9395e-08,-0.1194577
2.9397e-08,-0.12358420000000003
2.93985e-08,-0.12663979999999997
2.94e-08,-0.1296733
2.94002e-08,-0.13007730000000006
2.94006e-08,-0.1308857
2.94014e-08,-0.13250340000000005
2.9403e-08,-0.13572490000000004
2.9405e-08,-0.13968740000000002
2.9407e-08,-0.14353039999999995
2.9409e-08,-0.14721059999999997
2.9411e-08,-0.15069350000000004
2.9413e-08,-0.15395249999999994
2.9415e-08,-0.15696719999999997
2.9417e-08,-0.1597225
2.9419e-08,-0.16220790000000007
2.9421e-08,-0.1644162
2.9423e-08,-0.16634349999999998
2.9425e-08,-0.16798809999999997
2.9427e-08,-0.16935089999999997
2.9429e-08,-0.17043399999999997
2.9431e-08,-0.17124080000000008
2.9433e-08,-0.17177640000000005
2.9435e-08,-0.17204620000000004
2.9437e-08,-0.17205669999999995
2.9439e-08,-0.17181449999999998
2.9441e-08,-0.17132729999999996
2.9443e-08,-0.17060259999999994
2.9445e-08,-0.16964810000000008
2.9447e-08,-0.1684721
2.9449e-08,-0.16708250000000002
2.9451e-08,-0.1654875
2.9453e-08,-0.1636953
2.9455e-08,-0.16171389999999997
2.9457e-08,-0.15955130000000006
2.9459e-08,-0.15721549999999995
2.9461e-08,-0.15471420000000002
2.9463e-08,-0.15205519999999995
2.9465e-08,-0.14924579999999998
2.9467e-08,-0.1462935999999999
2.9469e-08,-0.14320580000000005
2.9471e-08,-0.13998929999999998
2.9473e-08,-0.13665110000000003
2.9475e-08,-0.13319780000000003
2.9477e-08,-0.12963610000000003
2.9479e-08,-0.12597219999999998
2.9481e-08,-0.12221230000000005
2.9483e-08,-0.11836250000000004
2.9485e-08,-0.11442850000000004
2.9487e-08,-0.11041610000000002
2.9489e-08,-0.1063307
2.9491e-08,-0.10217760000000009
2.9493e-08,-0.097962
2.9495e-08,-0.09368889999999996
2.9497e-08,-0.08936310000000003
2.9499e-08,-0.08498929999999993
2.9501e-08,-0.08057199999999998
2.9503e-08,-0.07611560000000006
2.9505e-08,-0.07162419999999992
2.9507e-08,-0.06710189999999994
2.9509e-08,-0.06255270000000002
2.9511e-08,-0.057980299999999985
2.9513e-08,-0.053388300000000055
2.9515e-08,-0.0487803
2.9517e-08,-0.04415960000000008
2.9519e-08,-0.03952940000000005
2.9521e-08,-0.03489280000000006
2.9523e-08,-0.030252900000000027
2.9525e-08,-0.02561239999999998
2.9527e-08,-0.020974099999999996
2.9529e-08,-0.016340700000000097
2.9531e-08,-0.01171460000000002
2.9533e-08,-0.007098300000000002
2.9535e-08,-0.0024939999999999962
2.9537e-08,0.002096100000000045
2.9539e-08,0.006669900000000006
2.9541e-08,0.011225400000000052
2.9543e-08,0.01576080000000002
2.9545e-08,0.02027420000000002
2.9547e-08,0.024764000000000008
2.9549e-08,0.02922849999999999
2.9551e-08,0.03366619999999998
2.9553e-08,0.0380756000000001
2.9555e-08,0.04245560000000004
2.9557e-08,0.046804599999999974
2.9559e-08,0.05112159999999999
2.9561e-08,0.05540529999999999
2.9563e-08,0.05965470000000006
2.9565e-08,0.06386900000000006
2.9567e-08,0.06804699999999997
2.9569e-08,0.07218780000000002
2.9571e-08,0.076291
2.9573e-08,0.08035550000000002
2.9575e-08,0.08438069999999998
2.9577e-08,0.0883661
2.9579e-08,0.09231100000000003
2.9581e-08,0.09621479999999993
2.9583e-08,0.10007719999999998
2.9585e-08,0.10389770000000009
2.9587e-08,0.10767589999999994
2.9589e-08,0.11141160000000006
2.9591e-08,0.11510430000000005
2.9593e-08,0.11875389999999997
2.9595e-08,0.12236009999999997
2.9597e-08,0.1259228
2.95985e-08,0.12856610000000002
2.96e-08,0.13118469999999993
2.96002e-08,0.13153249999999994
2.96006e-08,0.13222940000000005
2.96014e-08,0.13362869999999993
2.9603e-08,0.13643360000000004
2.9605e-08,0.1399089
2.9607e-08,0.14329789999999998
2.9609e-08,0.14655299999999993
2.9611e-08,0.14963630000000006
2.9613e-08,0.15251789999999998
2.9615e-08,0.15517520000000007
2.9617e-08,0.15759060000000003
2.9619e-08,0.1597516
2.9621e-08,0.16164959999999995
2.9623e-08,0.16327920000000007
2.9625e-08,0.1646377
2.9627e-08,0.16572470000000006
2.9629e-08,0.1665415
2.9631e-08,0.167091
2.9633e-08,0.1673774
2.9635e-08,0.16740559999999993
2.9637e-08,0.1671817
2.9639e-08,0.16671210000000003
2.9641e-08,0.16600380000000003
2.9643e-08,0.16506410000000005
2.9645e-08,0.1639007
2.9647e-08,0.16252140000000004
2.9649e-08,0.16093409999999997
2.9651e-08,0.15914680000000003
2.9653e-08,0.15716739999999996
2.9655e-08,0.15500409999999998
2.9657e-08,0.15266480000000004
2.9659e-08,0.15015699999999998
2.9661e-08,0.14748879999999998
2.9663e-08,0.14466769999999995
2.9665e-08,0.14170110000000002
2.9667e-08,0.13859639999999995
2.9669e-08,0.13536079999999995
2.9671e-08,0.1320013
2.9673e-08,0.12852450000000004
2.9675e-08,0.12493749999999992
2.9677e-08,0.12124650000000003
2.9679e-08,0.11745779999999995
2.9681e-08,0.1135777
2.9683e-08,0.10961220000000005
2.9685e-08,0.10556690000000002
2.9687e-08,0.10144749999999991
2.9689e-08,0.09725950000000005
2.9691e-08,0.09300819999999999
2.9693e-08,0.08869870000000002
2.9695e-08,0.08433590000000002
2.9697e-08,0.07992449999999995
2.9699e-08,0.07546940000000002
2.9701e-08,0.0709748
2.9703e-08,0.06644510000000003
2.9705e-08,0.06188450000000001
2.9707e-08,0.057296899999999984
2.9709e-08,0.05268640000000002
2.9711e-08,0.04805630000000005
2.9713e-08,0.043410599999999966
2.9715e-08,0.03875249999999997
2.9717e-08,0.034085299999999985
2.9719e-08,0.029412299999999947
2.9721e-08,0.02473639999999999
2.9723e-08,0.020060700000000042
2.9725e-08,0.015387700000000004
2.9727e-08,0.010720400000000074
2.9729e-08,0.0060611000000000415
2.9731e-08,0.001412300000000033
2.9733e-08,-0.003223599999999993
2.9735e-08,-0.007844300000000026
2.9737e-08,-0.012448000000000015
2.9739e-08,-0.0170323
2.9741e-08,-0.021595599999999937
2.9743e-08,-0.026136000000000048
2.9745e-08,-0.03065170000000006
2.9747e-08,-0.035141099999999925
2.9749e-08,-0.03960269999999999
2.9751e-08,-0.044034999999999935
2.9753e-08,-0.0484367
2.9755e-08,-0.05280639999999992
2.9757e-08,-0.057142899999999996
2.9759e-08,-0.06144519999999998
2.9761e-08,-0.06571199999999999
2.9763e-08,-0.06994250000000002
2.9765e-08,-0.07413579999999997
2.9767e-08,-0.07829090000000005
2.9769e-08,-0.08240710000000007
2.9771e-08,-0.0864836
2.9773e-08,-0.09051969999999998
2.9775e-08,-0.09451480000000001
2.9777e-08,-0.09846840000000001
2.9779e-08,-0.10238000000000003
2.9781e-08,-0.10624900000000004
2.9783e-08,-0.11007499999999992
2.9785e-08,-0.11385780000000001
2.9787e-08,-0.1175969
2.9789e-08,-0.12129219999999996
2.9791e-08,-0.12494320000000003
2.9793e-08,-0.1285499
2.9795e-08,-0.13211210000000007
2.9797e-08,-0.13562969999999996
2.97985e-08,-0.13823850000000004
2.98e-08,-0.140822
2.98002e-08,-0.1411652000000001
2.98006e-08,-0.14185250000000005
2.98014e-08,-0.14323279999999994
2.9803e-08,-0.14599910000000005
2.9805e-08,-0.14942560000000005
2.9807e-08,-0.1527651
2.9809e-08,-0.15597040000000006
2.9811e-08,-0.15900369999999997
2.9813e-08,-0.1618351
2.9815e-08,-0.16444230000000004
2.9817e-08,-0.16680779999999995
2.9819e-08,-0.1689191
2.9821e-08,-0.17076779999999991
2.9823e-08,-0.1723483
2.9825e-08,-0.17365810000000004
2.9827e-08,-0.17469670000000004
2.9829e-08,-0.17546550000000005
2.9831e-08,-0.17596729999999994
2.9833e-08,-0.17620619999999998
2.9835e-08,-0.17618730000000005
2.9837e-08,-0.17591649999999992
2.9839e-08,-0.17540010000000006
2.9841e-08,-0.17464520000000006
2.9843e-08,-0.173659
2.9845e-08,-0.17244920000000008
2.9847e-08,-0.1710235
2.9849e-08,-0.1693897000000001
2.9851e-08,-0.16755579999999992
2.9853e-08,-0.1655299
2.9855e-08,-0.16331980000000001
2.9857e-08,-0.1609334
2.9859e-08,-0.15837860000000004
2.9861e-08,-0.15566290000000005
2.9863e-08,-0.1527942
2.9865e-08,-0.14977949999999995
2.9867e-08,-0.14662660000000005
2.9869e-08,-0.1433424000000001
2.9871e-08,-0.1399338
2.9873e-08,-0.13640779999999997
2.9875e-08,-0.13277090000000003
2.9877e-08,-0.12902979999999997
2.9879e-08,-0.1251907
2.9881e-08,-0.12125960000000002
2.9883e-08,-0.11724270000000003
2.9885e-08,-0.11314570000000002
2.9887e-08,-0.10897429999999997
2.9889e-08,-0.10473379999999999
2.9891e-08,-0.10042960000000001
2.9893e-08,-0.09606680000000001
2.9895e-08,-0.09165040000000002
2.9897e-08,-0.08718499999999996
2.9899e-08,-0.08267550000000001
2.9901e-08,-0.07812620000000003
2.9903e-08,-0.07354159999999998
2.9905e-08,-0.06892559999999992
2.9907e-08,-0.06428239999999996
2.9909e-08,-0.059615899999999944
2.9911e-08,-0.05492980000000003
2.9913e-08,-0.050227699999999986
2.9915e-08,-0.045512999999999915
2.9917e-08,-0.04078910000000002
2.9919e-08,-0.03605900000000006
2.9921e-08,-0.031326000000000076
2.9923e-08,-0.02659290000000003
2.9925e-08,-0.021862599999999954
2.9927e-08,-0.017137600000000086
2.9929e-08,-0.012420699999999951
2.9931e-08,-0.007714299999999952
2.9933e-08,-0.0030206999999999873
2.9935e-08,0.0016577999999999316
2.9937e-08,0.006319199999999969
2.9939e-08,0.010961300000000063
2.9941e-08,0.015582299999999938
2.9943e-08,0.02018030000000004
2.9945e-08,0.024753600000000042
2.9947e-08,0.029300500000000063
2.9949e-08,0.033819400000000055
2.9951e-08,0.038308999999999926
2.9953e-08,0.04276780000000002
2.9955e-08,0.04719450000000003
2.9957e-08,0.05158790000000002
2.9959e-08,0.055946700000000016
2.9961e-08,0.06027009999999999
2.9963e-08,0.06455670000000002
2.9965e-08,0.06880600000000003
2.9967e-08,0.07301690000000005
2.9969e-08,0.0771885
2.9971e-08,0.0813201
2.9973e-08,0.08541120000000002
2.9975e-08,0.08946109999999996
2.9977e-08,0.09346900000000002
2.9979e-08,0.09743449999999998
2.9981e-08,0.10135719999999993
2.9983e-08,0.10523670000000007
2.9985e-08,0.10907259999999996
2.9987e-08,0.11286439999999998
2.9989e-08,0.11661199999999994
2.9991e-08,0.12031499999999995
2.9993e-08,0.12397340000000001
2.9995e-08,0.1275868
2.9997e-08,0.13115519999999992
2.99985e-08,0.13380189999999992
3e-08,0.13642320000000008
3.00002e-08,0.13677050000000002
3.00006e-08,0.13746429999999998
3.00014e-08,0.13884649999999998
3.0003e-08,0.14158910000000002
3.0005e-08,0.1449766
3.0007e-08,0.14831910000000004
3.0009e-08,0.1516164000000001
3.0011e-08,0.15486860000000002
3.0013e-08,0.15807590000000005
3.0015e-08,0.1612382
3.0017e-08,0.1643559
3.0019e-08,0.16742900000000005
3.0021e-08,0.1704578
3.0023e-08,0.1734424000000001
3.0025e-08,0.17638310000000001
3.0027e-08,0.17928009999999994
3.0029e-08,0.1821335999999999
3.0031e-08,0.18494410000000006
3.0033e-08,0.18771159999999998
3.0035e-08,0.19043670000000001
3.0037e-08,0.19311939999999994
3.0039e-08,0.1957603
3.0041e-08,0.1983594999999999
3.0043e-08,0.20091740000000002
3.0045e-08,0.20343450000000007
3.0047e-08,0.20591099999999996
3.0049e-08,0.2083473
3.0051e-08,0.21074380000000004
3.0053e-08,0.21310099999999998
3.0055e-08,0.21541899999999992
3.0057e-08,0.21769839999999996
3.0059e-08,0.2199395999999999
3.0061e-08,0.22214289999999992
3.0063e-08,0.22430890000000003
3.0065e-08,0.22643769999999996
3.0067e-08,0.22853
3.0069e-08,0.23058610000000002
3.0071e-08,0.2326064
3.0073e-08,0.23459130000000006
3.0075e-08,0.23654129999999995
3.0077e-08,0.23845669999999997
3.0079e-08,0.2403381
3.0081e-08,0.2421858
3.0083e-08,0.24400029999999995
3.0085e-08,0.2457819
3.0087e-08,0.2475311
3.0089e-08,0.24924840000000004
3.0091e-08,0.250934
3.0093e-08,0.25258860000000005
3.0095e-08,0.2542124
3.0097e-08,0.25580590000000003
3.0099e-08,0.25736950000000003
3.0101e-08,0.25890369999999996
3.0103e-08,0.2604088
3.0105e-08,0.2618853
3.0107e-08,0.26333340000000005
3.0109e-08,0.26475380000000004
3.0111e-08,0.2661468
3.0113e-08,0.26751270000000005
3.0115e-08,0.26885190000000003
3.0117e-08,0.27016489999999993
3.0119e-08,0.2714521
3.0121e-08,0.2727138
3.0123e-08,0.2739503999999999
3.0125e-08,0.27516229999999997
3.0127e-08,0.27634990000000004
3.0129e-08,0.2775136
3.0131e-08,0.2786537
3.0133e-08,0.2797704999999999
3.0135e-08,0.2808646
3.0137e-08,0.2819361
3.0139e-08,0.2829855
3.0141e-08,0.28401319999999997
3.0143e-08,0.2850193
3.0145e-08,0.2860045
3.0147e-08,0.28696889999999997
3.0149e-08,0.2879129
3.0151e-08,0.28883690000000006
3.0153e-08,0.289741
3.0155e-08,0.2906259000000001
3.0157e-08,0.29149159999999996
3.0159e-08,0.29233849999999995
3.0161e-08,0.2931670999999999
3.0163e-08,0.29397740000000006
3.0165e-08,0.2947700999999999
3.0167e-08,0.2955451
3.0169e-08,0.2963028000000001
3.0171e-08,0.2970438000000001
3.0173e-08,0.29776800000000003
3.0175e-08,0.29847579999999996
3.0177e-08,0.2991676
3.0179e-08,0.29984369999999994
3.0181e-08,0.30050429999999995
3.0183e-08,0.3011493999999999
3.0185e-08,0.3017795
3.0187e-08,0.3023952999999999
3.0189e-08,0.30299700000000007
3.0191e-08,0.30358360000000006
3.0193e-08,0.3041574
3.0195e-08,0.30471629999999994
3.0197e-08,0.3052627000000001
3.01985e-08,0.3056631000000001
3.02e-08,0.30605689999999997
3.02002e-08,0.30610860000000006
3.02006e-08,0.30621280000000006
3.02014e-08,0.3064175
3.0203e-08,0.3068229000000001
3.0205e-08,0.3073178
3.0207e-08,0.30779959999999995
3.0209e-08,0.30827060000000006
3.0211e-08,0.3087296999999999
3.0213e-08,0.3091769999999999
3.0215e-08,0.3096128
3.0217e-08,0.310037
3.0219e-08,0.31045089999999986
3.0221e-08,0.3108544
3.0223e-08,0.3112466999999999
3.0225e-08,0.31162900000000004
3.0227e-08,0.3120012000000001
3.0229e-08,0.31236359999999996
3.0231e-08,0.3127171000000001
3.0233e-08,0.31305990000000006
3.0235e-08,0.3133940999999999
3.0237e-08,0.31371780000000005
3.0239e-08,0.31403400000000004
3.0241e-08,0.3143408999999999
3.0243e-08,0.31463949999999996
3.0245e-08,0.31492889999999985
3.0247e-08,0.31521029999999994
3.0249e-08,0.3154836
3.0251e-08,0.31574900000000006
3.0253e-08,0.3160074999999999
3.0255e-08,0.31625729999999996
3.0257e-08,0.3164994
3.0259e-08,0.31673479999999987
3.0261e-08,0.3169628
3.0263e-08,0.3171841999999999
3.0265e-08,0.3173982000000001
3.0267e-08,0.31760599999999994
3.0269e-08,0.31780739999999996
3.0271e-08,0.31800170000000005
3.0273e-08,0.3181898000000001
3.0275e-08,0.31837190000000004
3.0277e-08,0.3185481
3.0279e-08,0.3187171999999999
3.0281e-08,0.3188816
3.0283e-08,0.31904010000000005
3.0285e-08,0.31919390000000014
3.0287e-08,0.319341
3.0289e-08,0.3194834000000001
3.0291e-08,0.3196203999999999
3.0293e-08,0.31975279999999995
3.0295e-08,0.3198797000000001
3.0297e-08,0.3200023000000001
3.0299e-08,0.3201195000000001
3.0301e-08,0.32023250000000003
3.0303e-08,0.3203412
3.0305e-08,0.3204446999999999
3.0307e-08,0.3205441
3.0309e-08,0.3206403
3.0311e-08,0.3207316
3.0313e-08,0.3208188999999999
3.0315e-08,0.3209022
3.0317e-08,0.3209816000000001
3.0319e-08,0.3210571000000001
3.0321e-08,0.32112889999999994
3.0323e-08,0.3211978999999999
3.0325e-08,0.3212630999999999
3.0327e-08,0.3213247
3.0329e-08,0.32138270000000013
3.0331e-08,0.321438
3.0333e-08,0.32148980000000005
3.0335e-08,0.3215379999999999
3.0337e-08,0.3215838
3.0339e-08,0.32162709999999994
3.0341e-08,0.32166700000000015
3.0343e-08,0.32170450000000006
3.0345e-08,0.3217386
3.0347e-08,0.32177050000000007
3.0349e-08,0.3218000999999999
3.0351e-08,0.32182639999999996
3.0353e-08,0.3218506000000001
3.0355e-08,0.3218725000000001
3.0357e-08,0.32189239999999986
3.0359e-08,0.3219101000000001
3.0361e-08,0.32192469999999995
3.0363e-08,0.32193820000000006
3.0365e-08,0.32194880000000003
3.0367e-08,0.32195830000000003
3.0369e-08,0.32196480000000005
3.0371e-08,0.32196950000000013
3.0373e-08,0.3219730999999999
3.0375e-08,0.32197490000000006
3.0377e-08,0.3219738999999999
3.0379e-08,0.32197200000000004
3.0381e-08,0.3219681999999999
3.0383e-08,0.32196270000000005
3.0385e-08,0.32195640000000003
3.0387e-08,0.3219474
3.0389e-08,0.32193759999999993
3.0391e-08,0.3219261
3.0393e-08,0.32191400000000003
3.0395e-08,0.32190019999999997
3.0397e-08,0.3218846999999999
3.03985e-08,0.3218727
3.04e-08,0.32187100000000013
3.04002e-08,0.32187299999999996
3.04006e-08,0.3218788
3.04014e-08,0.3218989
3.0403e-08,0.3219537
3.0405e-08,0.32201330000000006
3.0407e-08,0.32201749999999996
3.0409e-08,0.32192549999999986
3.0411e-08,0.32170370000000004
3.0413e-08,0.3213267999999999
3.0415e-08,0.3207734
3.0417e-08,0.32002949999999997
3.0419e-08,0.3190831999999999
3.0421e-08,0.3179259
3.0423e-08,0.31655410000000006
3.0425e-08,0.3149635999999999
3.0427e-08,0.3131525999999999
3.0429e-08,0.31112320000000004
3.0431e-08,0.30887580000000003
3.0433e-08,0.3064142999999999
3.0435e-08,0.30374200000000007
3.0437e-08,0.30086219999999997
3.0439e-08,0.2977828
3.0441e-08,0.2945073
3.0443e-08,0.29104240000000003
3.0445e-08,0.2873941
3.0447e-08,0.28356919999999997
3.0449e-08,0.2795742
3.0451e-08,0.27541610000000005
3.0453e-08,0.2711017
3.0455e-08,0.26663800000000004
3.0457e-08,0.26203199999999993
3.0459e-08,0.2572905
3.0461e-08,0.2524206
3.0463e-08,0.24742910000000007
3.0465e-08,0.24232279999999995
3.0467e-08,0.23710830000000005
3.0469e-08,0.2317924
3.0471e-08,0.2263815
3.0473e-08,0.22088189999999996
3.0475e-08,0.2152999
3.0477e-08,0.20964159999999998
3.0479e-08,0.20391309999999996
3.0481e-08,0.19812010000000002
3.0483e-08,0.1922684
3.0485e-08,0.18636359999999996
3.0487e-08,0.180411
3.0489e-08,0.1744159999999999
3.0491e-08,0.16838350000000002
3.0493e-08,0.16231859999999998
3.0495e-08,0.15622619999999998
3.0497e-08,0.15011070000000004
3.0499e-08,0.14397680000000002
3.0501e-08,0.13782879999999997
3.0503e-08,0.13167090000000004
3.0505e-08,0.12550709999999998
3.0507e-08,0.11934149999999999
3.0509e-08,0.11317759999999999
3.0511e-08,0.10701919999999998
3.0513e-08,0.10086980000000001
3.0515e-08,0.09473240000000005
3.0517e-08,0.08861069999999993
3.0519e-08,0.08250729999999995
3.0521e-08,0.07642539999999998
3.0523e-08,0.07036759999999997
3.0525e-08,0.06433679999999997
3.0527e-08,0.05833529999999998
3.0529e-08,0.05236569999999996
3.0531e-08,0.04643010000000003
3.0533e-08,0.04053079999999998
3.0535e-08,0.034669800000000084
3.0537e-08,0.02884909999999996
3.0539e-08,0.023070500000000105
3.0541e-08,0.017335600000000007
3.0543e-08,0.011646299999999998
3.0545e-08,0.006003899999999951
3.0547e-08,0.0004098000000000157
3.0549e-08,-0.005134599999999989
3.0551e-08,-0.010627900000000023
3.0553e-08,-0.016069200000000006
3.0555e-08,-0.021457300000000012
3.0557e-08,-0.02679139999999991
3.0559e-08,-0.03207039999999994
3.0561e-08,-0.03729360000000004
3.0563e-08,-0.0424601
3.0565e-08,-0.047569399999999984
3.0567e-08,-0.05262089999999997
3.0569e-08,-0.057613899999999996
3.0571e-08,-0.0625481
3.0573e-08,-0.06742300000000001
3.0575e-08,-0.07223819999999992
3.0577e-08,-0.0769936
3.0579e-08,-0.08168869999999995
3.0581e-08,-0.0863235
3.0583e-08,-0.09089769999999997
3.0585e-08,-0.09541149999999998
3.0587e-08,-0.09986450000000002
3.0589e-08,-0.10425689999999999
3.0591e-08,-0.10858869999999998
3.0593e-08,-0.1128598999999999
3.0595e-08,-0.11707069999999997
3.0597e-08,-0.12122120000000003
3.05985e-08,-0.12429460000000003
3.06e-08,-0.1273343
3.06002e-08,-0.12773669999999993
3.06006e-08,-0.1285404000000001
3.06014e-08,-0.1301407
3.0603e-08,-0.13331249999999994
3.0605e-08,-0.13722410000000007
3.0607e-08,-0.14107649999999994
3.0609e-08,-0.1448701
3.0611e-08,-0.1486054
3.0613e-08,-0.15228259999999993
3.0615e-08,-0.1559022
3.0617e-08,-0.15946439999999995
3.0619e-08,-0.1629699
3.0621e-08,-0.16641890000000004
3.0623e-08,-0.16981210000000002
3.0625e-08,-0.17314970000000007
3.0627e-08,-0.17643239999999993
3.0629e-08,-0.1796605
3.0631e-08,-0.18283470000000002
3.0633e-08,-0.1859554
3.0635e-08,-0.18902319999999995
3.0637e-08,-0.1920387
3.0639e-08,-0.19500220000000001
3.0641e-08,-0.1979145
3.0643e-08,-0.20077600000000007
3.0645e-08,-0.20358739999999997
3.0647e-08,-0.2063492
3.0649e-08,-0.20906190000000002
3.0651e-08,-0.21172630000000003
3.0653e-08,-0.21434259999999994
3.0655e-08,-0.2169118
3.0657e-08,-0.21943420000000002
3.0659e-08,-0.2219104999999999
3.0661e-08,-0.22434130000000008
3.0663e-08,-0.22672720000000002
3.0665e-08,-0.22906870000000001
3.0667e-08,-0.23136639999999997
3.0669e-08,-0.23362090000000002
3.0671e-08,-0.23583280000000006
3.0673e-08,-0.23800279999999996
3.0675e-08,-0.24013130000000005
3.0677e-08,-0.24221890000000001
3.0679e-08,-0.2442662
3.0681e-08,-0.24627390000000005
3.0683e-08,-0.24824250000000003
3.0685e-08,-0.2501725
3.0687e-08,-0.25206439999999997
3.0689e-08,-0.253919
3.0691e-08,-0.2557366
3.0693e-08,-0.257518
3.0695e-08,-0.2592635000000001
3.0697e-08,-0.26097380000000003
3.0699e-08,-0.2626493999999999
3.0701e-08,-0.2642909
3.0703e-08,-0.2658988
3.0705e-08,-0.2674736000000001
3.0707e-08,-0.2690158
3.0709e-08,-0.2705259
3.0711e-08,-0.2720043999999999
3.0713e-08,-0.27345200000000003
3.0715e-08,-0.27486900000000003
3.0717e-08,-0.27625599999999995
3.0719e-08,-0.2776134
3.0721e-08,-0.2789418
3.0723e-08,-0.28024150000000003
3.0725e-08,-0.2815132
3.0727e-08,-0.28275720000000004
3.0729e-08,-0.2839741
3.0731e-08,-0.2851642000000001
3.0733e-08,-0.2863281
3.0735e-08,-0.287466
3.0737e-08,-0.2885788
3.0739e-08,-0.28966649999999994
3.0741e-08,-0.2907297
3.0743e-08,-0.29176880000000005
3.0745e-08,-0.29278419999999994
3.0747e-08,-0.2937765
3.0749e-08,-0.2947459
3.0751e-08,-0.2956928000000001
3.0753e-08,-0.2966177
3.0755e-08,-0.2975209
3.0757e-08,-0.2984028999999999
3.0759e-08,-0.299264
3.0761e-08,-0.30010459999999994
3.0763e-08,-0.300925
3.0765e-08,-0.3017259
3.0767e-08,-0.3025070999999999
3.0769e-08,-0.30326890000000006
3.0771e-08,-0.30401239999999996
3.0773e-08,-0.3047379
3.0775e-08,-0.3054454000000001
3.0777e-08,-0.3061342
3.0779e-08,-0.30680640000000003
3.0781e-08,-0.30746210000000007
3.0783e-08,-0.30810059999999995
3.0785e-08,-0.30872200000000005
3.0787e-08,-0.3093284999999999
3.0789e-08,-0.3099181000000001
3.0791e-08,-0.3104931000000001
3.0793e-08,-0.3110525999999999
3.0795e-08,-0.3115977000000001
3.0797e-08,-0.31212759999999995
3.07985e-08,-0.3125154000000001
3.08e-08,-0.3128963
3.08002e-08,-0.31294599999999995
3.08006e-08,-0.31304529999999997
3.08014e-08,-0.3132440999999999
3.0803e-08,-0.31363339999999995
3.0805e-08,-0.31410779999999994
3.0807e-08,-0.3145688000000001
3.0809e-08,-0.31501730000000006
3.0811e-08,-0.3154524999999999
3.0813e-08,-0.31587660000000006
3.0815e-08,-0.31628770000000006
3.0817e-08,-0.3166857999999999
3.0819e-08,-0.31707319999999994
3.0821e-08,-0.31744990000000006
3.0823e-08,-0.3178141
3.0825e-08,-0.3181677999999999
3.0827e-08,-0.3185112000000001
3.0829e-08,-0.3188434
3.0831e-08,-0.3191654999999999
3.0833e-08,-0.31947749999999997
3.0835e-08,-0.31977869999999997
3.0837e-08,-0.32007109999999994
3.0839e-08,-0.3203538
3.0841e-08,-0.3206279000000001
3.0843e-08,-0.3208926
3.0845e-08,-0.3211478
3.0847e-08,-0.3213946999999999
3.0849e-08,-0.32163240000000004
3.0851e-08,-0.321863
3.0853e-08,-0.32208460000000005
3.0855e-08,-0.3222982000000001
3.0857e-08,-0.322504
3.0859e-08,-0.32270199999999993
3.0861e-08,-0.32289329999999994
3.0863e-08,-0.32307700000000006
3.0865e-08,-0.32325320000000013
3.0867e-08,-0.32342289999999996
3.0869e-08,-0.3235853000000001
3.0871e-08,-0.3237413
3.0873e-08,-0.3238902
3.0875e-08,-0.3240339
3.0877e-08,-0.32417059999999986
3.0879e-08,-0.32430120000000007
3.0881e-08,-0.324426
3.0883e-08,-0.32454479999999986
3.0885e-08,-0.32465790000000005
3.0887e-08,-0.3247662
3.0889e-08,-0.3248688999999999
3.0891e-08,-0.32496599999999987
3.0893e-08,-0.3250574999999999
3.0895e-08,-0.3251446
3.0897e-08,-0.3252272999999999
3.0899e-08,-0.32530460000000005
3.0901e-08,-0.3253774999999999
3.0903e-08,-0.32544529999999994
3.0905e-08,-0.3255089
3.0907e-08,-0.32556830000000003
3.0909e-08,-0.32562369999999996
3.0911e-08,-0.32567500000000005
3.0913e-08,-0.3257213000000001
3.0915e-08,-0.3257648000000001
3.0917e-08,-0.32580429999999994
3.0919e-08,-0.3258401000000001
3.0921e-08,-0.32587200000000005
3.0923e-08,-0.3259002
3.0925e-08,-0.32592580000000004
3.0927e-08,-0.32594770000000006
3.0929e-08,-0.325966
3.0931e-08,-0.32598169999999993
3.0933e-08,-0.32599389999999995
3.0935e-08,-0.3260037
3.0937e-08,-0.3260099999999999
3.0939e-08,-0.326014
3.0941e-08,-0.32601460000000004
3.0943e-08,-0.32601290000000005
3.0945e-08,-0.32600890000000005
3.0947e-08,-0.3260027000000001
3.0949e-08,-0.3259932
3.0951e-08,-0.3259816000000001
3.0953e-08,-0.3259679
3.0955e-08,-0.32595110000000005
3.0957e-08,-0.3259331999999999
3.0959e-08,-0.3259133000000001
3.0961e-08,-0.3258903999999999
3.0963e-08,-0.32586650000000006
3.0965e-08,-0.32584060000000004
3.0967e-08,-0.32581189999999993
3.0969e-08,-0.32578229999999997
3.0971e-08,-0.3257508
3.0973e-08,-0.3257175000000001
3.0975e-08,-0.32568240000000004
3.0977e-08,-0.3256465999999999
3.0979e-08,-0.325608
3.0981e-08,-0.3255686000000001
3.0983e-08,-0.32552859999999995
3.0985e-08,-0.3254859
3.0987e-08,-0.3254426
3.0989e-08,-0.32539870000000004
3.0991e-08,-0.32535210000000003
3.0993e-08,-0.32530500000000007
3.0995e-08,-0.32525729999999997
3.0997e-08,-0.3252081000000001
3.09985e-08,-0.3251706000000001
3.1e-08,-0.32513179999999997
3.10002e-08,-0.3251273000000001
3.10006e-08,-0.3251162999999999
3.10014e-08,-0.3250961000000001
3.1003e-08,-0.3250545
3.1005e-08,-0.3250014
3.1007e-08,-0.32494679999999987
3.1009e-08,-0.32489179999999995
3.1011e-08,-0.3248364
3.1013e-08,-0.3247806999999999
3.1015e-08,-0.3247226
3.1017e-08,-0.32466509999999993
3.1019e-08,-0.3246062999999999
3.1021e-08,-0.3245471999999999
3.1023e-08,-0.3244878
3.1025e-08,-0.3244281
3.1027e-08,-0.3243672000000001
3.1029e-08,-0.324306
3.1031e-08,-0.32424359999999997
3.1033e-08,-0.3241819
3.1035e-08,-0.3241191
3.1037e-08,-0.324056
3.1039e-08,-0.32399279999999997
3.1041e-08,-0.3239284
3.1043e-08,-0.32386479999999995
3.1045e-08,-0.32380010000000004
3.1047e-08,-0.3237352000000001
3.1049e-08,-0.32367029999999997
3.1051e-08,-0.3236051999999999
3.1053e-08,-0.32354000000000005
3.1055e-08,-0.3234747000000001
3.1057e-08,-0.32340939999999985
3.1059e-08,-0.32334300000000005
3.1061e-08,-0.3232775000000001
3.1063e-08,-0.32321089999999997
3.1065e-08,-0.3231453000000001
3.1067e-08,-0.32307869999999994
3.1069e-08,-0.32301310000000005
3.1071e-08,-0.32294639999999986
3.1073e-08,-0.32287980000000005
3.1075e-08,-0.3228141000000001
3.1077e-08,-0.3227474
3.1079e-08,-0.3226818
3.1081e-08,-0.3226152
3.1083e-08,-0.3225486000000001
3.1085e-08,-0.32248299999999996
3.1087e-08,-0.3224175
3.1089e-08,-0.32235100000000005
3.1091e-08,-0.32228559999999995
3.1093e-08,-0.3222203
3.1095e-08,-0.32215399999999994
3.1097e-08,-0.3220886999999999
3.1099e-08,-0.32202359999999997
3.1101e-08,-0.3219586000000001
3.1103e-08,-0.3218936000000001
3.1105e-08,-0.3218297000000001
3.1107e-08,-0.3217648999999999
3.1109e-08,-0.3217002
3.1111e-08,-0.3216366999999999
3.1113e-08,-0.3215732000000001
3.1115e-08,-0.3215088999999999
3.1117e-08,-0.32144569999999995
3.1119e-08,-0.3213825000000001
3.1121e-08,-0.32131960000000004
3.1123e-08,-0.3212577
3.1125e-08,-0.3211949999999999
3.1127e-08,-0.3211334
3.1129e-08,-0.321071
3.1131e-08,-0.32100970000000006
3.1133e-08,-0.32094860000000003
3.1135e-08,-0.32088859999999997
3.1137e-08,-0.32082770000000016
3.1139e-08,-0.320767
3.1141e-08,-0.32070750000000003
3.1143e-08,-0.3206481000000001
3.1145e-08,-0.32058890000000007
3.1147e-08,-0.32052990000000015
3.1149e-08,-0.32047099999999995
3.1151e-08,-0.3204133
3.1153e-08,-0.3203557
3.1155e-08,-0.32029740000000007
3.1157e-08,-0.3202402
3.1159e-08,-0.3201841000000001
3.1161e-08,-0.3201273
3.1163e-08,-0.3200716000000001
3.1165e-08,-0.3200151
3.1167e-08,-0.3199597999999999
3.1169e-08,-0.31990469999999993
3.1171e-08,-0.31985069999999993
3.1173e-08,-0.3197960000000001
3.1175e-08,-0.3197424000000001
3.1177e-08,-0.3196890000000001
3.1179e-08,-0.3196358
3.1181e-08,-0.3195827000000001
3.1183e-08,-0.31953089999999995
3.1185e-08,-0.3194783
3.1187e-08,-0.3194267999999999
3.1189e-08,-0.31937550000000003
3.1191e-08,-0.3193254000000001
3.1193e-08,-0.3192745
3.1195e-08,-0.3192248000000001
3.1197e-08,-0.31917529999999994
3.11985e-08,-0.31913809999999987
3.12e-08,-0.3191008999999999
3.12002e-08,-0.3190969000000001
3.12006e-08,-0.3190907999999999
3.12014e-08,-0.3190891
3.1203e-08,-0.31911440000000013
3.1205e-08,-0.31915759999999993
3.1207e-08,-0.3191651000000001
3.1209e-08,-0.3190896999999999
3.1211e-08,-0.3188962999999999
3.1213e-08,-0.318558
3.1215e-08,-0.31805039999999996
3.1217e-08,-0.3173577000000001
3.1219e-08,-0.31646720000000006
3.1221e-08,-0.3153697000000001
3.1223e-08,-0.31405859999999997
3.1225e-08,-0.3125300999999999
3.1227e-08,-0.3107831000000001
3.1229e-08,-0.3088166000000001
3.1231e-08,-0.3066327
3.1233e-08,-0.30423330000000004
3.1235e-08,-0.30162240000000007
3.1237e-08,-0.2988041
3.1239e-08,-0.2957832
3.1241e-08,-0.2925652999999999
3.1243e-08,-0.2891562999999999
3.1245e-08,-0.28556229999999994
3.1247e-08,-0.28178990000000004
3.1249e-08,-0.27784580000000003
3.1251e-08,-0.27373669999999994
3.1253e-08,-0.26946950000000003
3.1255e-08,-0.26505119999999993
3.1257e-08,-0.2604886999999999
3.1259e-08,-0.25578920000000005
3.1261e-08,-0.25095940000000005
3.1263e-08,-0.2460063
3.1265e-08,-0.2409369
3.1267e-08,-0.2357576
3.1269e-08,-0.2304752
3.1271e-08,-0.22509639999999997
3.1273e-08,-0.21962740000000003
3.1275e-08,-0.2140746
3.1277e-08,-0.20844410000000002
3.1279e-08,-0.20274199999999998
3.1281e-08,-0.19697410000000004
3.1283e-08,-0.1911463
3.1285e-08,-0.18526409999999993
3.1287e-08,-0.17933299999999996
3.1289e-08,-0.17335820000000002
3.1291e-08,-0.16734499999999997
3.1293e-08,-0.16129839999999995
3.1295e-08,-0.15522309999999995
3.1297e-08,-0.14912389999999998
3.1299e-08,-0.14300540000000006
3.1301e-08,-0.13687189999999994
3.1303e-08,-0.1307277
3.1305e-08,-0.12457679999999993
3.1307e-08,-0.11842319999999995
3.1309e-08,-0.11227069999999995
3.1311e-08,-0.10612290000000002
3.1313e-08,-0.0999835
3.1315e-08,-0.09385560000000004
3.1317e-08,-0.08774249999999995
3.1319e-08,-0.08164739999999993
3.1321e-08,-0.075573
3.1323e-08,-0.06952239999999998
3.1325e-08,-0.06349820000000006
3.1327e-08,-0.05750290000000002
3.1329e-08,-0.05153889999999994
3.1331e-08,-0.045608699999999947
3.1333e-08,-0.03971429999999998
3.1335e-08,-0.033857899999999996
3.1337e-08,-0.028041399999999994
3.1339e-08,-0.022266600000000025
3.1341e-08,-0.016535399999999978
3.1343e-08,-0.010849200000000003
3.1345e-08,-0.005209800000000042
3.1347e-08,0.00038159999999998195
3.1349e-08,0.005923399999999912
3.1351e-08,0.011414400000000047
3.1353e-08,0.01685369999999997
3.1355e-08,0.022239999999999926
3.1357e-08,0.027572299999999994
3.1359e-08,0.03284969999999998
3.1361e-08,0.038071500000000036
3.1363e-08,0.043236799999999964
3.1365e-08,0.04834499999999997
3.1367e-08,0.05339540000000009
3.1369e-08,0.05838750000000004
3.1371e-08,0.06332090000000001
3.1373e-08,0.068195
3.1375e-08,0.07300960000000001
3.1377e-08,0.07776430000000001
3.1379e-08,0.0824589
3.1381e-08,0.08709330000000004
3.1383e-08,0.09166699999999994
3.1385e-08,0.0961803
3.1387e-08,0.10063290000000003
3.1389e-08,0.10502489999999998
3.1391e-08,0.10935640000000002
3.1393e-08,0.11362729999999999
3.1395e-08,0.11783779999999999
3.1397e-08,0.12198799999999999
3.13985e-08,0.12506110000000004
3.14e-08,0.12810049999999995
3.14002e-08,0.12850289999999998
3.14006e-08,0.12930660000000005
3.14014e-08,0.13090659999999998
3.1403e-08,0.13407820000000004
3.1405e-08,0.13798929999999998
3.1407e-08,0.14184130000000006
3.1409e-08,0.14563459999999995
3.1411e-08,0.14936930000000004
3.1413e-08,0.15304609999999996
3.1415e-08,0.15666519999999995
3.1417e-08,0.1602268
3.1419e-08,0.16373170000000004
3.1421e-08,0.16718009999999994
3.1423e-08,0.17057250000000002
3.1425e-08,0.1739094
3.1427e-08,0.17719129999999994
3.1429e-08,0.18041869999999993
3.1431e-08,0.18359199999999998
3.1433e-08,0.18671190000000004
3.1435e-08,0.18977869999999997
3.1437e-08,0.19279310000000005
3.1439e-08,0.19575560000000003
3.1441e-08,0.19866669999999997
3.1443e-08,0.20152710000000007
3.1445e-08,0.20433729999999994
3.1447e-08,0.2070978
3.1449e-08,0.20980920000000003
3.1451e-08,0.21247209999999994
3.1453e-08,0.21508709999999998
3.1455e-08,0.21765479999999993
3.1457e-08,0.22017560000000003
3.1459e-08,0.22265040000000003
3.1461e-08,0.2250795
3.1463e-08,0.2274636
3.1465e-08,0.2298034
3.1467e-08,0.2320993
3.1469e-08,0.2343519999999999
3.1471e-08,0.2365619
3.1473e-08,0.23873
3.1475e-08,0.24085640000000008
3.1477e-08,0.242942
3.1479e-08,0.24498719999999996
3.1481e-08,0.24699270000000006
3.1483e-08,0.2489591
3.1485e-08,0.25088679999999997
3.1487e-08,0.2527764
3.1489e-08,0.2546286
3.1491e-08,0.25644389999999995
3.1493e-08,0.2582228
3.1495e-08,0.2599657999999999
3.1497e-08,0.26167360000000006
3.1499e-08,0.2633466
3.1501e-08,0.2649855000000001
3.1503e-08,0.2665908
3.1505e-08,0.26816280000000003
3.1507e-08,0.2697022
3.1509e-08,0.27120959999999994
3.1511e-08,0.2726854000000001
3.1513e-08,0.27413
3.1515e-08,0.2755441999999999
3.1517e-08,0.2769282999999999
3.1519e-08,0.27828280000000005
3.1521e-08,0.2796080999999999
3.1523e-08,0.28090480000000007
3.1525e-08,0.2821733999999999
3.1527e-08,0.28341439999999996
3.1529e-08,0.2846282
3.1531e-08,0.2858151
3.1533e-08,0.2869758
3.1535e-08,0.2881106
3.1537e-08,0.2892201
3.1539e-08,0.2903045999999999
3.1541e-08,0.2913645
3.1543e-08,0.29240030000000006
3.1545e-08,0.29341249999999997
3.1547e-08,0.29440140000000004
3.1549e-08,0.29536740000000006
3.1551e-08,0.29631090000000004
3.1553e-08,0.29723240000000006
3.1555e-08,0.29813219999999996
3.1557e-08,0.2990108
3.1559e-08,0.29986840000000003
3.1561e-08,0.30070589999999997
3.1563e-08,0.3015228
3.1565e-08,0.30231980000000014
3.1567e-08,0.3030972999999999
3.1569e-08,0.30385629999999986
3.1571e-08,0.304596
3.1573e-08,0.30531759999999997
3.1575e-08,0.3060214
3.1577e-08,0.3067073
3.1579e-08,0.30737570000000003
3.1581e-08,0.30802759999999996
3.1583e-08,0.30866229999999995
3.1585e-08,0.30928089999999997
3.1587e-08,0.30988250000000006
3.1589e-08,0.31046930000000006
3.1591e-08,0.31104050000000005
3.1593e-08,0.31159610000000004
3.1595e-08,0.3121374000000001
3.1597e-08,0.3126644999999999
3.15985e-08,0.3130499000000001
3.16e-08,0.31342729999999985
3.16002e-08,0.31347730000000007
3.16006e-08,0.31357999999999997
3.16014e-08,0.31379479999999993
3.1603e-08,0.3142450000000001
3.1605e-08,0.3148070999999999
3.1607e-08,0.3153195000000001
3.1609e-08,0.3157381
3.1611e-08,0.31602490000000005
3.1613e-08,0.3161543
3.1615e-08,0.3161041
3.1617e-08,0.31585659999999993
3.1619e-08,0.31540049999999986
3.1621e-08,0.31472690000000003
3.1623e-08,0.3138291000000001
3.1625e-08,0.31270469999999995
3.1627e-08,0.3113519
3.1629e-08,0.30977069999999995
3.1631e-08,0.3079615000000001
3.1633e-08,0.30592930000000007
3.1635e-08,0.3036772
3.1637e-08,0.3012078
3.1639e-08,0.2985283999999999
3.1641e-08,0.2956434
3.1643e-08,0.29255929999999997
3.1645e-08,0.2892821
3.1647e-08,0.2858185
3.1649e-08,0.28217539999999997
3.1651e-08,0.27835940000000003
3.1653e-08,0.27437770000000006
3.1655e-08,0.2702372999999999
3.1657e-08,0.2659452
3.1659e-08,0.2615084
3.1661e-08,0.25693390000000005
3.1663e-08,0.2522287
3.1665e-08,0.24739960000000005
3.1667e-08,0.2424535000000001
3.1669e-08,0.23739700000000008
3.1671e-08,0.23223689999999997
3.1673e-08,0.22697919999999994
3.1675e-08,0.22163080000000002
3.1677e-08,0.2161976
3.1679e-08,0.21068569999999998
3.1681e-08,0.20510119999999998
3.1683e-08,0.1994498
3.1685e-08,0.1937373
3.1687e-08,0.18796900000000005
3.1689e-08,0.1821505
3.1691e-08,0.17628679999999997
3.1693e-08,0.17038330000000002
3.1695e-08,0.1644447
3.1697e-08,0.1584759
3.1699e-08,0.1524814
3.1701e-08,0.14646579999999998
3.1703e-08,0.14043340000000004
3.1705e-08,0.13438839999999996
3.1707e-08,0.12833480000000008
3.1709e-08,0.12227650000000001
3.1711e-08,0.11621729999999997
3.1713e-08,0.11016080000000006
3.1715e-08,0.10411060000000005
3.1717e-08,0.09806970000000004
3.1719e-08,0.09204159999999995
3.1721e-08,0.08602920000000003
3.1723e-08,0.08003559999999998
3.1725e-08,0.0740634
3.1727e-08,0.0681155
3.1729e-08,0.06219419999999998
3.1731e-08,0.05630199999999996
3.1733e-08,0.05044130000000002
3.1735e-08,0.044614400000000054
3.1737e-08,0.0388231
3.1739e-08,0.033069500000000085
3.1741e-08,0.027355499999999977
3.1743e-08,0.02168289999999995
3.1745e-08,0.016053100000000042
3.1747e-08,0.010467900000000085
3.1749e-08,0.004928700000000008
3.1751e-08,-0.0005631000000000386
3.1753e-08,-0.006006399999999967
3.1755e-08,-0.01139979999999996
3.1757e-08,-0.016742399999999935
3.1759e-08,-0.02203299999999997
3.1761e-08,-0.02727080000000004
3.1763e-08,-0.032454900000000064
3.1765e-08,-0.03758450000000002
3.1767e-08,-0.042658899999999944
3.1769e-08,-0.04767739999999998
3.1771e-08,-0.05263960000000001
3.1773e-08,-0.057544700000000004
3.1775e-08,-0.06239260000000002
3.1777e-08,-0.06718250000000003
3.1779e-08,-0.07191440000000004
3.1781e-08,-0.07658789999999993
3.1783e-08,-0.08120279999999991
3.1785e-08,-0.08575880000000002
3.1787e-08,-0.09025590000000006
3.1789e-08,-0.0946939
3.1791e-08,-0.09907299999999997
3.1793e-08,-0.10339279999999995
3.1795e-08,-0.10765369999999996
3.1797e-08,-0.11185560000000005
3.17985e-08,-0.11496829999999991
3.18e-08,-0.11805960000000004
3.18002e-08,-0.11847130000000006
3.18006e-08,-0.11929539999999994
3.18014e-08,-0.12094420000000006
3.1803e-08,-0.12422849999999996
3.1805e-08,-0.12827
3.1807e-08,-0.13219270000000005
3.1809e-08,-0.13595270000000004
3.1811e-08,-0.13951540000000007
3.1813e-08,-0.14285409999999998
3.1815e-08,-0.14594839999999998
3.1817e-08,-0.1487828000000001
3.1819e-08,-0.15134669999999995
3.1821e-08,-0.15363309999999997
3.1823e-08,-0.1556377
3.1825e-08,-0.15735929999999998
3.1827e-08,-0.15879810000000005
3.1829e-08,-0.1599566
3.1831e-08,-0.1608385
3.1833e-08,-0.1614483
3.1835e-08,-0.16179180000000004
3.1837e-08,-0.16187549999999995
3.1839e-08,-0.1617061999999999
3.1841e-08,-0.16129129999999992
3.1843e-08,-0.16063850000000002
3.1845e-08,-0.1597556
3.1847e-08,-0.158651
3.1849e-08,-0.15733240000000004
3.1851e-08,-0.1558083
3.1853e-08,-0.15408659999999996
3.1855e-08,-0.15217570000000002
3.1857e-08,-0.15008359999999998
3.1859e-08,-0.1478182
3.1861e-08,-0.14538720000000005
3.1863e-08,-0.14279849999999994
3.1865e-08,-0.14005959999999995
3.1867e-08,-0.13717789999999996
3.1869e-08,-0.13416050000000002
3.1871e-08,-0.13101469999999993
3.1873e-08,-0.12774720000000006
3.1875e-08,-0.1243649
3.1877e-08,-0.12087420000000004
3.1879e-08,-0.11728130000000003
3.1881e-08,-0.11359280000000005
3.1883e-08,-0.10981440000000009
3.1885e-08,-0.1059521000000001
3.1887e-08,-0.10201139999999997
3.1889e-08,-0.09799790000000008
3.1891e-08,-0.09391680000000002
3.1893e-08,-0.08977350000000006
3.1895e-08,-0.0855726
3.1897e-08,-0.0813193000000001
3.1899e-08,-0.07701800000000003
3.1901e-08,-0.0726734
3.1903e-08,-0.06828959999999995
3.1905e-08,-0.06387100000000001
3.1907e-08,-0.05942159999999996
3.1909e-08,-0.054945199999999916
3.1911e-08,-0.05044570000000004
3.1913e-08,-0.04592660000000004
3.1915e-08,-0.04139140000000008
3.1917e-08,-0.03684350000000003
3.1919e-08,-0.03228600000000004
3.1921e-08,-0.02772220000000003
3.1923e-08,-0.02315480000000003
3.1925e-08,-0.018586800000000014
3.1927e-08,-0.01402099999999995
3.1929e-08,-0.009459800000000018
3.1931e-08,-0.00490579999999996
3.1933e-08,-0.00036120000000006147
3.1935e-08,0.004171399999999936
3.1937e-08,0.008690099999999923
3.1939e-08,0.013192800000000005
3.1941e-08,0.017677300000000007
3.1943e-08,0.022142100000000053
3.1945e-08,0.026585199999999976
3.1947e-08,0.03100499999999995
3.1949e-08,0.035399700000000034
3.1951e-08,0.039768000000000026
3.1953e-08,0.044108499999999995
3.1955e-08,0.04841980000000001
3.1957e-08,0.052700599999999986
3.1959e-08,0.05694969999999999
3.1961e-08,0.061166000000000054
3.1963e-08,0.06534839999999997
3.1965e-08,0.069496
3.1967e-08,0.07360789999999995
3.1969e-08,0.07768319999999995
3.1971e-08,0.08172109999999999
3.1973e-08,0.08572089999999999
3.1975e-08,0.08968189999999998
3.1977e-08,0.09360350000000006
3.1979e-08,0.09748509999999999
3.1981e-08,0.10132620000000003
3.1983e-08,0.10512640000000006
3.1985e-08,0.10888520000000002
3.1987e-08,0.11260230000000004
3.1989e-08,0.11627730000000003
3.1991e-08,0.11991000000000007
3.1993e-08,0.1234999
3.1995e-08,0.12704720000000003
3.1997e-08,0.13055139999999998
3.19985e-08,0.13315129999999997
3.2e-08,0.13572669999999998
3.20002e-08,0.13606810000000003
3.20006e-08,0.1367499000000001
3.20014e-08,0.13810830000000007
3.2003e-08,0.14080439999999994
3.2005e-08,0.14413550000000008
3.2007e-08,0.14742339999999998
3.2009e-08,0.15066780000000002
3.2011e-08,0.15386889999999998
3.2013e-08,0.15702669999999996
3.2015e-08,0.16014149999999994
3.2017e-08,0.1632131
3.2019e-08,0.1662418
3.2021e-08,0.16922769999999998
3.2023e-08,0.17217099999999996
3.2025e-08,0.17507189999999995
3.2027e-08,0.1779307
3.2029e-08,0.1807474
3.2031e-08,0.18352239999999997
3.2033e-08,0.18625590000000003
3.2035e-08,0.1889482
3.2037e-08,0.19159939999999998
3.2039e-08,0.1942102
3.2041e-08,0.19678050000000002
3.2043e-08,0.1993108
3.2045e-08,0.20180140000000002
3.2047e-08,0.20425249999999995
3.2049e-08,0.20666469999999992
3.2051e-08,0.20903819999999995
3.2053e-08,0.21137319999999993
3.2055e-08,0.21367040000000004
3.2057e-08,0.2159299
3.2059e-08,0.21815209999999996
3.2061e-08,0.2203375999999999
3.2063e-08,0.22248649999999992
3.2065e-08,0.22459929999999995
3.2067e-08,0.2266764
3.2069e-08,0.22871819999999998
3.2071e-08,0.23072500000000007
3.2073e-08,0.23269740000000005
3.2075e-08,0.2346355
3.2077e-08,0.23654000000000008
3.2079e-08,0.2384111
3.2081e-08,0.24024940000000006
3.2083e-08,0.24205509999999997
3.2085e-08,0.2438287
3.2087e-08,0.24557050000000002
3.2089e-08,0.24728110000000003
3.2091e-08,0.24896070000000003
3.2093e-08,0.2506098
3.2095e-08,0.2522287999999999
3.2097e-08,0.2538182
3.2099e-08,0.2553782
3.2101e-08,0.2569093
3.2103e-08,0.2584119
3.2105e-08,0.2598863
3.2107e-08,0.2613331
3.2109e-08,0.2627526
3.2111e-08,0.26414499999999996
3.2113e-08,0.2655109
3.2115e-08,0.26685060000000005
3.2117e-08,0.26816439999999997
3.2119e-08,0.26945299999999994
3.2121e-08,0.27071639999999997
3.2123e-08,0.27195519999999995
3.2125e-08,0.2731696
3.2127e-08,0.2743601
3.2129e-08,0.2755271
3.2131e-08,0.2766708
3.2133e-08,0.2777916
3.2135e-08,0.2788899
3.2137e-08,0.2799661
3.2139e-08,0.2810205
3.2141e-08,0.28205330000000006
3.2143e-08,0.28306509999999996
3.2145e-08,0.284056
3.2147e-08,0.28502649999999996
3.2149e-08,0.2859769
3.2151e-08,0.28690740000000003
3.2153e-08,0.2878185000000001
3.2155e-08,0.28871040000000003
3.2157e-08,0.28958339999999994
3.2159e-08,0.290438
3.2161e-08,0.29127420000000004
3.2163e-08,0.2920925
3.2165e-08,0.29289319999999996
3.2167e-08,0.2936765
3.2169e-08,0.2944428
3.2171e-08,0.2951924
3.2173e-08,0.2959254
3.2175e-08,0.2966423
3.2177e-08,0.2973433000000001
3.2179e-08,0.2980286999999999
3.2181e-08,0.2986987
3.2183e-08,0.29935350000000005
3.2185e-08,0.2999936000000001
3.2187e-08,0.30061899999999997
3.2189e-08,0.30123
3.2191e-08,0.30182770000000003
3.2193e-08,0.3024106000000001
3.2195e-08,0.3029806999999999
3.2197e-08,0.30353620000000003
3.21985e-08,0.30394560000000004
3.22e-08,0.30434640000000013
3.22002e-08,0.3043996000000001
3.22006e-08,0.30450489999999997
3.22014e-08,0.3047146999999999
3.2203e-08,0.3051283
3.2205e-08,0.30563359999999995
3.2207e-08,0.3061269000000001
3.2209e-08,0.3066082000000001
3.2211e-08,0.3070776999999999
3.2213e-08,0.30753659999999994
3.2215e-08,0.3079828
3.2217e-08,0.3084185999999999
3.2219e-08,0.308844
3.2221e-08,0.30925809999999987
3.2223e-08,0.309662
3.2225e-08,0.31005479999999996
3.2227e-08,0.31043869999999996
3.2229e-08,0.3108126
3.2231e-08,0.3111767999999999
3.2233e-08,0.3115302999999999
3.2235e-08,0.3118761
3.2237e-08,0.31221140000000003
3.2239e-08,0.31253929999999996
3.2241e-08,0.31285680000000005
3.2243e-08,0.31316710000000003
3.2245e-08,0.3134682
3.2247e-08,0.3137612000000001
3.2249e-08,0.3140451000000001
3.2251e-08,0.3143222000000001
3.2253e-08,0.31459139999999997
3.2255e-08,0.31485280000000004
3.2257e-08,0.31510649999999985
3.2259e-08,0.3153536
3.2261e-08,0.31559310000000007
3.2263e-08,0.31582509999999997
3.2265e-08,0.31605079999999997
3.2267e-08,0.31626909999999997
3.2269e-08,0.31648110000000007
3.2271e-08,0.3166869
3.2273e-08,0.31688660000000013
3.2275e-08,0.31707929999999984
3.2277e-08,0.3172669
3.2279e-08,0.3174474999999999
3.2281e-08,0.31762329999999994
3.2283e-08,0.3177923
3.2285e-08,0.3179565000000001
3.2287e-08,0.3181151
3.2289e-08,0.318268
3.2291e-08,0.31841620000000015
3.2293e-08,0.3185589999999999
3.2295e-08,0.31869729999999996
3.2297e-08,0.31883019999999995
3.2299e-08,0.31895869999999993
3.2301e-08,0.31908190000000003
3.2303e-08,0.3192008999999999
3.2305e-08,0.31931560000000003
3.2307e-08,0.31942519999999996
3.2309e-08,0.3195315999999999
3.2311e-08,0.31963299999999994
3.2313e-08,0.31973039999999997
3.2315e-08,0.3198238000000001
3.2317e-08,0.3199143000000001
3.2319e-08,0.3199999000000001
3.2321e-08,0.3200817
3.2323e-08,0.32016060000000013
3.2325e-08,0.32023580000000007
3.2327e-08,0.32030729999999996
3.2329e-08,0.3203752000000001
3.2331e-08,0.32044040000000007
3.2333e-08,0.32050199999999995
3.2335e-08,0.32055999999999996
3.2337e-08,0.3206155999999999
3.2339e-08,0.32066859999999986
3.2341e-08,0.3207183
3.2343e-08,0.3207644999999999
3.2345e-08,0.32080829999999994
3.2347e-08,0.32084979999999996
3.2349e-08,0.32088799999999995
3.2351e-08,0.32092390000000004
3.2353e-08,0.32095759999999995
3.2355e-08,0.32098899999999997
3.2357e-08,0.32101729999999995
3.2359e-08,0.3210434999999999
3.2361e-08,0.32106750000000006
3.2363e-08,0.3210894000000001
3.2365e-08,0.32110929999999993
3.2367e-08,0.32112720000000006
3.2369e-08,0.32114300000000007
3.2371e-08,0.32115689999999997
3.2373e-08,0.3211687999999999
3.2375e-08,0.32117780000000007
3.2377e-08,0.32118579999999985
3.2379e-08,0.3211921000000001
3.2381e-08,0.3211974000000001
3.2383e-08,0.32120000000000004
3.2385e-08,0.3212016999999999
3.2387e-08,0.3212007
3.2389e-08,0.32119890000000006
3.2391e-08,0.3211953000000001
3.2393e-08,0.32119109999999995
3.2395e-08,0.3211851
3.2397e-08,0.3211775000000001
3.23985e-08,0.32117039999999997
3.24e-08,0.32116390000000006
3.24002e-08,0.3211638
3.24006e-08,0.32116449999999996
3.24014e-08,0.32117830000000014
3.2403e-08,0.32123330000000005
3.2405e-08,0.32131200000000004
3.2407e-08,0.3213532000000001
3.2409e-08,0.32131180000000004
3.2411e-08,0.32115059999999995
3.2413e-08,0.32084179999999995
3.2415e-08,0.32036510000000007
3.2417e-08,0.3197008
3.2419e-08,0.3188381000000001
3.2421e-08,0.31776799999999994
3.2423e-08,0.31648379999999987
3.2425e-08,0.3149806999999999
3.2427e-08,0.3132579
3.2429e-08,0.31131600000000004
3.2431e-08,0.3091555
3.2433e-08,0.3067791000000001
3.2435e-08,0.3041899
3.2437e-08,0.30139229999999995
3.2439e-08,0.29839229999999994
3.2441e-08,0.29519399999999996
3.2443e-08,0.2918038999999999
3.2445e-08,0.2882281000000001
3.2447e-08,0.2844730000000001
3.2449e-08,0.2805453
3.2451e-08,0.2764519
3.2453e-08,0.2721994999999999
3.2455e-08,0.2677952
3.2457e-08,0.2632458999999999
3.2459e-08,0.2585586999999999
3.2461e-08,0.25374030000000003
3.2463e-08,0.24879790000000002
3.2465e-08,0.243738
3.2467e-08,0.23856750000000004
3.2469e-08,0.23329310000000003
3.2471e-08,0.22792120000000005
3.2473e-08,0.2224583
3.2475e-08,0.21691079999999996
3.2477e-08,0.2112847
3.2479e-08,0.2055861
3.2481e-08,0.19982089999999997
3.2483e-08,0.19399490000000008
3.2485e-08,0.18811370000000005
3.2487e-08,0.18218269999999992
3.2489e-08,0.17620729999999996
3.2491e-08,0.17019260000000003
3.2493e-08,0.1641437
3.2495e-08,0.15806540000000002
3.2497e-08,0.15196239999999994
3.2499e-08,0.1458393
3.2501e-08,0.1397005
3.2503e-08,0.1335503
3.2505e-08,0.12739279999999997
3.2507e-08,0.1212318
3.2509e-08,0.11507129999999999
3.2511e-08,0.10891490000000004
3.2513e-08,0.10276610000000008
3.2515e-08,0.0966283
3.2517e-08,0.09050480000000005
3.2519e-08,0.08439859999999999
3.2521e-08,0.07831279999999996
3.2523e-08,0.07225000000000004
3.2525e-08,0.06621319999999997
3.2527e-08,0.060204899999999895
3.2529e-08,0.054227499999999984
3.2531e-08,0.04828319999999997
3.2533e-08,0.04237449999999998
3.2535e-08,0.03650320000000007
3.2537e-08,0.030671499999999963
3.2539e-08,0.024881199999999937
3.2541e-08,0.01913409999999993
3.2543e-08,0.013431700000000046
3.2545e-08,0.007775799999999999
3.2547e-08,0.0021676999999999946
3.2549e-08,-0.0033911999999999276
3.2551e-08,-0.008899700000000066
3.2553e-08,-0.014356499999999994
3.2555e-08,-0.019760600000000017
3.2557e-08,-0.025110899999999936
3.2559e-08,-0.03040660000000006
3.2561e-08,-0.03564679999999998
3.2563e-08,-0.0408307
3.2565e-08,-0.045957499999999984
3.2567e-08,-0.051026899999999986
3.2569e-08,-0.056037899999999974
3.2571e-08,-0.0609904
3.2573e-08,-0.06588369999999999
3.2575e-08,-0.07071759999999994
3.2577e-08,-0.07549159999999999
3.2579e-08,-0.0802056000000001
3.2581e-08,-0.08485939999999992
3.2583e-08,-0.0894528
3.2585e-08,-0.0939856
3.2587e-08,-0.09845780000000004
3.2589e-08,-0.10286949999999995
3.2591e-08,-0.1072204
3.2593e-08,-0.11151100000000003
3.2595e-08,-0.11574099999999998
3.2597e-08,-0.11991070000000004
3.25985e-08,-0.1229984999999999
3.26e-08,-0.12605260000000007
3.26002e-08,-0.1264577
3.26006e-08,-0.1272686999999999
3.26014e-08,-0.12889459999999997
3.2603e-08,-0.13214519999999996
3.2605e-08,-0.13616380000000006
3.2607e-08,-0.14008089999999995
3.2609e-08,-0.14384940000000002
3.2611e-08,-0.14743189999999995
3.2613e-08,-0.1507988
3.2615e-08,-0.1539279
3.2617e-08,-0.156802
3.2619e-08,-0.15940920000000003
3.2621e-08,-0.16174100000000002
3.2623e-08,-0.1637925
3.2625e-08,-0.16556139999999997
3.2627e-08,-0.1670473
3.2629e-08,-0.16825210000000002
3.2631e-08,-0.16917900000000008
3.2633e-08,-0.1698324
3.2635e-08,-0.17021739999999996
3.2637e-08,-0.17034040000000006
3.2639e-08,-0.17020800000000003
3.2641e-08,-0.16982730000000001
3.2643e-08,-0.16920610000000003
3.2645e-08,-0.1683521
3.2647e-08,-0.16727310000000006
3.2649e-08,-0.16597739999999994
3.2651e-08,-0.16447309999999993
3.2653e-08,-0.16276839999999992
3.2655e-08,-0.1608714
3.2657e-08,-0.15879010000000005
3.2659e-08,-0.15653240000000002
3.2661e-08,-0.15410639999999998
3.2663e-08,-0.15151950000000003
3.2665e-08,-0.1487795999999999
3.2667e-08,-0.14589400000000008
3.2669e-08,-0.1428699
3.2671e-08,-0.13971469999999997
3.2673e-08,-0.13643490000000003
3.2675e-08,-0.13303770000000004
3.2677e-08,-0.1295293999999999
3.2679e-08,-0.12591659999999993
3.2681e-08,-0.12220549999999997
3.2683e-08,-0.11840220000000001
3.2685e-08,-0.11451259999999996
3.2687e-08,-0.11054240000000004
3.2689e-08,-0.10649699999999995
3.2691e-08,-0.10238209999999992
3.2693e-08,-0.09820269999999998
3.2695e-08,-0.09396389999999999
3.2697e-08,-0.08967059999999993
3.2699e-08,-0.08532740000000005
3.2701e-08,-0.08093919999999999
3.2703e-08,-0.07650999999999997
3.2705e-08,-0.07204440000000001
3.2707e-08,-0.0675464
3.2709e-08,-0.06301990000000002
3.2711e-08,-0.058468899999999935
3.2713e-08,-0.05389679999999997
3.2715e-08,-0.049307300000000054
3.2717e-08,-0.04470380000000007
3.2719e-08,-0.040089800000000064
3.2721e-08,-0.035468000000000055
3.2723e-08,-0.03084180000000003
3.2725e-08,-0.02621399999999996
3.2727e-08,-0.02158720000000003
3.2729e-08,-0.016964300000000043
3.2731e-08,-0.012347699999999961
3.2733e-08,-0.007739999999999969
3.2735e-08,-0.00314329999999996
3.2737e-08,0.0014399000000000495
3.2739e-08,0.0060077999999998966
3.2741e-08,0.010558199999999962
3.2743e-08,0.015089199999999914
3.2745e-08,0.019598899999999975
3.2747e-08,0.024085800000000046
3.2749e-08,0.028548000000000018
3.2751e-08,0.03298409999999996
3.2753e-08,0.0373926
3.2755e-08,0.04177200000000003
3.2757e-08,0.046121100000000026
3.2759e-08,0.050438800000000006
3.2761e-08,0.05472369999999993
3.2763e-08,0.058974699999999936
3.2765e-08,0.06319109999999994
3.2767e-08,0.06737159999999998
3.2769e-08,0.07151549999999995
3.2771e-08,0.07562179999999996
3.2773e-08,0.07969009999999999
3.2775e-08,0.08371930000000005
3.2777e-08,0.08770899999999993
3.2779e-08,0.09165860000000003
3.2781e-08,0.09556740000000008
3.2783e-08,0.09943500000000005
3.2785e-08,0.10326099999999994
3.2787e-08,0.1070449
3.2789e-08,0.11078650000000001
3.2791e-08,0.11448530000000001
3.2793e-08,0.1181413
3.2795e-08,0.12175400000000003
3.2797e-08,0.12532330000000003
3.27985e-08,0.12797170000000002
3.28e-08,0.13059549999999998
3.28002e-08,0.1309441
3.28006e-08,0.1316423
3.28014e-08,0.13304440000000006
3.2803e-08,0.13585499999999995
3.2805e-08,0.13933760000000006
3.2807e-08,0.14273390000000008
3.2809e-08,0.14599629999999997
3.2811e-08,0.14908700000000008
3.2813e-08,0.1519762
3.2815e-08,0.15464090000000008
3.2817e-08,0.15706379999999998
3.2819e-08,0.15923240000000005
3.2821e-08,0.161138
3.2823e-08,0.16277510000000006
3.2825e-08,0.16414129999999993
3.2827e-08,0.16523580000000004
3.2829e-08,0.16606009999999993
3.2831e-08,0.16661720000000002
3.2833e-08,0.16691099999999992
3.2835e-08,0.16694679999999995
3.2837e-08,0.1667303
3.2839e-08,0.16626819999999998
3.2841e-08,0.16556720000000003
3.2843e-08,0.16463499999999998
3.2845e-08,0.16347899999999993
3.2847e-08,0.162107
3.2849e-08,0.16052699999999998
3.2851e-08,0.15874700000000008
3.2853e-08,0.15677489999999994
3.2855e-08,0.15461879999999995
3.2857e-08,0.1522865
3.2859e-08,0.14978590000000003
3.2861e-08,0.1471249
3.2863e-08,0.14431079999999996
3.2865e-08,0.14135130000000007
3.2867e-08,0.13825359999999998
3.2869e-08,0.1350249
3.2871e-08,0.13167220000000002
3.2873e-08,0.12820240000000005
3.2875e-08,0.12462210000000007
3.2877e-08,0.12093779999999998
3.2879e-08,0.11715589999999998
3.2881e-08,0.1132824
3.2883e-08,0.10932340000000007
3.2885e-08,0.10528470000000001
3.2887e-08,0.10117180000000003
3.2889e-08,0.09699029999999997
3.2891e-08,0.09274539999999998
3.2893e-08,0.08844209999999997
3.2895e-08,0.08408550000000004
3.2897e-08,0.07968039999999998
3.2899e-08,0.0752313
3.2901e-08,0.0707428
3.2903e-08,0.06621920000000003
3.2905e-08,0.06166450000000001
3.2907e-08,0.05708279999999999
3.2909e-08,0.052477899999999966
3.2911e-08,0.0478537
3.2913e-08,0.043213500000000016
3.2915e-08,0.038561100000000015
3.2917e-08,0.03389939999999991
3.2919e-08,0.02923169999999997
3.2921e-08,0.024561300000000008
3.2923e-08,0.01989070000000004
3.2925e-08,0.015222999999999987
3.2927e-08,0.010560800000000037
3.2929e-08,0.005906599999999984
3.2931e-08,0.0012628000000000084
3.2933e-08,-0.0033681999999999324
3.2935e-08,-0.007984199999999997
3.2937e-08,-0.012583099999999958
3.2939e-08,-0.017162799999999923
3.2941e-08,-0.02172149999999995
3.2943e-08,-0.02625730000000004
3.2945e-08,-0.030768599999999924
3.2947e-08,-0.03525369999999994
3.2949e-08,-0.03971099999999994
3.2951e-08,-0.04413909999999999
3.2953e-08,-0.04853660000000004
3.2955e-08,-0.05290230000000007
3.2957e-08,-0.05723489999999998
3.2959e-08,-0.061533199999999955
3.2961e-08,-0.06579620000000008
3.2963e-08,-0.0700231
3.2965e-08,-0.07421259999999996
3.2967e-08,-0.07836410000000005
3.2969e-08,-0.08247670000000007
3.2971e-08,-0.08654980000000001
3.2973e-08,-0.09058260000000007
3.2975e-08,-0.09457439999999995
3.2977e-08,-0.09852479999999997
3.2979e-08,-0.10243309999999994
3.2981e-08,-0.10629900000000003
3.2983e-08,-0.1101221
3.2985e-08,-0.11390180000000005
3.2987e-08,-0.11763810000000008
3.2989e-08,-0.12133050000000001
3.2991e-08,-0.12497879999999995
3.2993e-08,-0.1285828
3.2995e-08,-0.1321424
3.2997e-08,-0.13565729999999998
3.29985e-08,-0.13826419999999995
3.3e-08,-0.14084600000000003
3.30002e-08,-0.14118799999999998
3.30006e-08,-0.14187129999999992
3.30014e-08,-0.14323260000000004
3.3003e-08,-0.1459336
3.3005e-08,-0.14926949999999994
3.3007e-08,-0.15256079999999994
3.3009e-08,-0.15580740000000004
3.3011e-08,-0.15900930000000002
3.3013e-08,-0.1621667
3.3015e-08,-0.16527979999999998
3.3017e-08,-0.16834870000000002
3.3019e-08,-0.1713734
3.3021e-08,-0.17435429999999996
3.3023e-08,-0.1772916
3.3025e-08,-0.18018540000000005
3.3027e-08,-0.18303589999999992
3.3029e-08,-0.18584350000000005
3.3031e-08,-0.18860849999999996
3.3033e-08,-0.19133100000000003
3.3035e-08,-0.19401139999999995
3.3037e-08,-0.1966502
3.3039e-08,-0.19924730000000002
3.3041e-08,-0.20180340000000008
3.3043e-08,-0.20431860000000002
3.3045e-08,-0.20679349999999996
3.3047e-08,-0.20922829999999992
3.3049e-08,-0.21162329999999996
3.3051e-08,-0.21397900000000003
3.3053e-08,-0.21629569999999998
3.3055e-08,-0.21857380000000004
3.3057e-08,-0.22081380000000006
3.3059e-08,-0.22301590000000004
3.3061e-08,-0.2251806999999999
3.3063e-08,-0.22730840000000008
3.3065e-08,-0.22939959999999993
3.3067e-08,-0.23145460000000007
3.3069e-08,-0.23347380000000006
3.3071e-08,-0.2354577
3.3073e-08,-0.23740660000000002
3.3075e-08,-0.239321
3.3077e-08,-0.2412014
3.3079e-08,-0.2430481
3.3081e-08,-0.2448614
3.3083e-08,-0.24664189999999997
3.3085e-08,-0.24839
3.3087e-08,-0.25010619999999995
3.3089e-08,-0.2517906999999999
3.3091e-08,-0.253444
3.3093e-08,-0.2550665999999999
3.3095e-08,-0.2566590000000001
3.3097e-08,-0.2582213000000001
3.3099e-08,-0.2597541000000001
3.3101e-08,-0.26125789999999993
3.3103e-08,-0.26273289999999994
3.3105e-08,-0.2641797
3.3107e-08,-0.2655986
3.3109e-08,-0.26698999999999995
3.3111e-08,-0.26835430000000005
3.3113e-08,-0.2696919
3.3115e-08,-0.27100329999999995
3.3117e-08,-0.2722886
3.3119e-08,-0.27354860000000003
3.3121e-08,-0.27478329999999995
3.3123e-08,-0.2759935
3.3125e-08,-0.2771791
3.3127e-08,-0.27834079999999994
3.3129e-08,-0.2794788
3.3131e-08,-0.2805936
3.3133e-08,-0.2816854999999999
3.3135e-08,-0.28275490000000003
3.3137e-08,-0.28380210000000006
3.3139e-08,-0.28482739999999995
3.3141e-08,-0.28583120000000006
3.3143e-08,-0.286814
3.3145e-08,-0.2877759000000001
3.3147e-08,-0.28871750000000007
3.3149e-08,-0.28963890000000003
3.3151e-08,-0.2905405
3.3153e-08,-0.29142270000000003
3.3155e-08,-0.2922857
3.3157e-08,-0.29312990000000005
3.3159e-08,-0.2939556000000001
3.3161e-08,-0.2947632
3.3163e-08,-0.2955529
3.3165e-08,-0.29632499999999995
3.3167e-08,-0.29707990000000006
3.3169e-08,-0.2978178
3.3171e-08,-0.29853889999999994
3.3173e-08,-0.2992437
3.3175e-08,-0.2999324
3.3177e-08,-0.3006052
3.3179e-08,-0.30126279999999994
3.3181e-08,-0.30190459999999997
3.3183e-08,-0.3025321000000001
3.3185e-08,-0.3031442
3.3187e-08,-0.30374219999999996
3.3189e-08,-0.3043251
3.3191e-08,-0.3048951000000001
3.3193e-08,-0.3054513
3.3195e-08,-0.30599379999999987
3.3197e-08,-0.3065227999999999
3.31985e-08,-0.3069111
3.32e-08,-0.3072927999999999
3.32002e-08,-0.30734399999999995
3.32006e-08,-0.3074473999999999
3.32014e-08,-0.3076647
3.3203e-08,-0.3081201
3.3205e-08,-0.3086907000000001
3.3207e-08,-0.30921239999999994
3.3209e-08,-0.3096388
3.3211e-08,-0.3099360000000001
3.3213e-08,-0.31007510000000005
3.3215e-08,-0.31003480000000005
3.3217e-08,-0.3097975999999999
3.3219e-08,-0.3093519000000001
3.3221e-08,-0.30868870000000004
3.3223e-08,-0.30780150000000006
3.3225e-08,-0.3066865
3.3227e-08,-0.30534419999999995
3.3229e-08,-0.30377239999999994
3.3231e-08,-0.3019746
3.3233e-08,-0.2999518
3.3235e-08,-0.29770929999999995
3.3237e-08,-0.2952509
3.3239e-08,-0.2925818
3.3241e-08,-0.2897077
3.3243e-08,-0.2866346000000001
3.3245e-08,-0.283369
3.3247e-08,-0.2799174
3.3249e-08,-0.2762865
3.3251e-08,-0.2724835000000001
3.3253e-08,-0.2685152999999999
3.3255e-08,-0.2643888999999999
3.3257e-08,-0.26011149999999994
3.3259e-08,-0.25569010000000003
3.3261e-08,-0.25113170000000007
3.3263e-08,-0.2464434000000001
3.3265e-08,-0.24163199999999996
3.3267e-08,-0.23670420000000003
3.3269e-08,-0.2316669
3.3271e-08,-0.22652669999999997
3.3273e-08,-0.22129
3.3275e-08,-0.21596309999999996
3.3277e-08,-0.21055250000000003
3.3279e-08,-0.20506389999999997
3.3281e-08,-0.1995036
3.3283e-08,-0.19387719999999997
3.3285e-08,-0.18819049999999993
3.3287e-08,-0.18244890000000002
3.3289e-08,-0.1766578000000001
3.3291e-08,-0.17082240000000004
3.3293e-08,-0.16494790000000004
3.3295e-08,-0.1590391
3.3297e-08,-0.15310079999999993
3.3299e-08,-0.14713750000000003
3.3301e-08,-0.141154
3.3303e-08,-0.1351542
3.3305e-08,-0.12914250000000005
3.3307e-08,-0.12312290000000004
3.3309e-08,-0.11709910000000001
3.3311e-08,-0.1110751000000001
3.3313e-08,-0.10505429999999993
3.3315e-08,-0.09904020000000002
3.3317e-08,-0.09303620000000001
3.3319e-08,-0.08704529999999999
3.3321e-08,-0.08107070000000005
3.3323e-08,-0.07511509999999999
3.3325e-08,-0.06918139999999995
3.3327e-08,-0.06327229999999995
3.3329e-08,-0.057390300000000005
3.3331e-08,-0.05153779999999997
3.3333e-08,-0.04571700000000001
3.3335e-08,-0.03993000000000002
3.3337e-08,-0.034179199999999965
3.3339e-08,-0.028466199999999997
3.3341e-08,-0.022792999999999952
3.3343e-08,-0.017161300000000046
3.3345e-08,-0.011572699999999991
3.3347e-08,-0.006028800000000056
3.3349e-08,-0.0005309999999999482
3.3351e-08,0.004919500000000077
3.3353e-08,0.01032120000000003
3.3355e-08,0.015673199999999943
3.3357e-08,0.020974200000000054
3.3359e-08,0.02622329999999995
3.3361e-08,0.031419500000000045
3.3363e-08,0.03656210000000004
3.3365e-08,0.04165019999999997
3.3367e-08,0.046683200000000036
3.3369e-08,0.0516605
3.3371e-08,0.056581400000000004
3.3373e-08,0.06144549999999993
3.3375e-08,0.06625239999999999
3.3377e-08,0.07100150000000005
3.3379e-08,0.0756928
3.3381e-08,0.0803258
3.3383e-08,0.08490029999999993
3.3385e-08,0.08941620000000006
3.3387e-08,0.09387350000000005
3.3389e-08,0.09827180000000002
3.3391e-08,0.10261129999999996
3.3393e-08,0.10689190000000004
3.3395e-08,0.11111369999999998
3.3397e-08,0.11527690000000002
3.33985e-08,0.11836069999999999
3.34e-08,0.12141159999999995
3.34002e-08,0.12181560000000002
3.34006e-08,0.12262249999999997
3.34014e-08,0.12422919999999993
3.3403e-08,0.12741460000000004
3.3405e-08,0.13134429999999997
3.3407e-08,0.13521610000000006
3.3409e-08,0.1390304
3.3411e-08,0.1427874
3.3413e-08,0.1464875
3.3415e-08,0.15013090000000007
3.3417e-08,0.15371809999999997
3.3419e-08,0.15724919999999998
3.3421e-08,0.160725
3.3423e-08,0.16414570000000006
3.3425e-08,0.16751170000000004
3.3427e-08,0.17082339999999996
3.3429e-08,0.17408140000000005
3.3431e-08,0.17728619999999995
3.3433e-08,0.1804380000000001
3.3435e-08,0.18353759999999997
3.3437e-08,0.1865854
3.3439e-08,0.18958180000000002
3.3441e-08,0.19252740000000002
3.3443e-08,0.19542290000000007
3.3445e-08,0.19826860000000002
3.3447e-08,0.20106500000000005
3.3449e-08,0.20381289999999996
3.3451e-08,0.20651260000000005
3.3453e-08,0.20916479999999993
3.3455e-08,0.21177009999999996
3.3457e-08,0.21432890000000004
3.3459e-08,0.21684190000000003
3.3461e-08,0.21930950000000005
3.3463e-08,0.2217325
3.3465e-08,0.2241113
3.3467e-08,0.2264465
3.3469e-08,0.22873860000000001
3.3471e-08,0.2309882000000001
3.3473e-08,0.23319599999999996
3.3475e-08,0.23536249999999992
3.3477e-08,0.23748809999999998
3.3479e-08,0.23957360000000005
3.3481e-08,0.24161939999999993
3.3483e-08,0.24362610000000007
3.3485e-08,0.24559429999999993
3.3487e-08,0.24752450000000004
3.3489e-08,0.24941729999999995
3.3491e-08,0.2512730999999999
3.3493e-08,0.2530926
3.3495e-08,0.25487629999999994
3.3497e-08,0.25662470000000004
3.3499e-08,0.2583383
3.3501e-08,0.26001779999999997
3.3503e-08,0.26166349999999994
3.3505e-08,0.26327599999999995
3.3507e-08,0.26485590000000003
3.3509e-08,0.2664035
3.3511e-08,0.2679197
3.3513e-08,0.2694044
3.3515e-08,0.2708587
3.3517e-08,0.2722827
3.3519e-08,0.2736771
3.3521e-08,0.2750422
3.3523e-08,0.2763785999999999
3.3525e-08,0.27768669999999995
3.3527e-08,0.27896699999999996
3.3529e-08,0.2802199999999999
3.3531e-08,0.28144610000000003
3.3533e-08,0.2826457
3.3535e-08,0.2838193
3.3537e-08,0.2849674
3.3539e-08,0.2860903
3.3541e-08,0.28718849999999996
3.3543e-08,0.28826240000000003
3.3545e-08,0.2893125
3.3547e-08,0.29033910000000007
3.3549e-08,0.29134270000000007
3.3551e-08,0.29232369999999996
3.3553e-08,0.2932823000000001
3.3555e-08,0.29421909999999996
3.3557e-08,0.2951344
3.3559e-08,0.29602870000000003
3.3561e-08,0.29690210000000006
3.3563e-08,0.29775530000000006
3.3565e-08,0.2985884000000001
3.3567e-08,0.2994021
3.3569e-08,0.3001962
3.3571e-08,0.30097109999999994
3.3573e-08,0.3017284
3.3575e-08,0.3024665999999999
3.3577e-08,0.303187
3.3579e-08,0.30389069999999996
3.3581e-08,0.30457579999999995
3.3583e-08,0.30524550000000006
3.3585e-08,0.3058970000000001
3.3587e-08,0.30653339999999996
3.3589e-08,0.30715290000000006
3.3591e-08,0.3077576999999999
3.3593e-08,0.3083457999999999
3.3595e-08,0.30891940000000007
3.3597e-08,0.3094787000000001
3.35985e-08,0.30988819999999995
3.36e-08,0.3102897000000001
3.36002e-08,0.31034320000000004
3.36006e-08,0.3104521
3.36014e-08,0.3106793000000001
3.3603e-08,0.3111552000000001
3.3605e-08,0.3117490999999999
3.3607e-08,0.31229320000000005
3.3609e-08,0.31274140000000006
3.3611e-08,0.31305859999999985
3.3613e-08,0.31321730000000014
3.3615e-08,0.31319600000000003
3.3617e-08,0.31297740000000007
3.3619e-08,0.31254879999999996
3.3621e-08,0.31190240000000014
3.3623e-08,0.3110305
3.3625e-08,0.3099327999999999
3.3627e-08,0.30860430000000005
3.3629e-08,0.3070482000000001
3.3631e-08,0.3052637
3.3633e-08,0.30325500000000005
3.3635e-08,0.3010252
3.3637e-08,0.29857979999999995
3.3639e-08,0.2959227
3.3641e-08,0.29306
3.3643e-08,0.2899977
3.3645e-08,0.2867421
3.3647e-08,0.2833
3.3649e-08,0.279678
3.3651e-08,0.27588289999999993
3.3653e-08,0.27192209999999994
3.3655e-08,0.26780230000000005
3.3657e-08,0.26353079999999995
3.3659e-08,0.25911439999999997
3.3661e-08,0.2545603999999999
3.3663e-08,0.24987549999999992
3.3665e-08,0.24506679999999992
3.3667e-08,0.24014100000000005
3.3669e-08,0.2351048
3.3671e-08,0.22996470000000002
3.3673e-08,0.22472750000000008
3.3675e-08,0.21939929999999996
3.3677e-08,0.21398629999999996
3.3679e-08,0.20849479999999998
3.3681e-08,0.20293059999999996
3.3683e-08,0.19729949999999996
3.3685e-08,0.19160729999999992
3.3687e-08,0.18585949999999996
3.3689e-08,0.18006129999999998
3.3691e-08,0.17421830000000005
3.3693e-08,0.1683351999999999
3.3695e-08,0.16241709999999998
3.3697e-08,0.15646879999999996
3.3699e-08,0.15049480000000004
3.3701e-08,0.1444997
3.3703e-08,0.13848779999999994
3.3705e-08,0.1324634
3.3707e-08,0.1264303
3.3709e-08,0.12039259999999996
3.3711e-08,0.11435390000000001
3.3713e-08,0.10831789999999997
3.3715e-08,0.10228800000000005
3.3717e-08,0.09626760000000001
3.3719e-08,0.09025990000000006
3.3721e-08,0.0842678
3.3723e-08,0.07829439999999999
3.3725e-08,0.07234249999999998
3.3727e-08,0.06641470000000005
3.3729e-08,0.0605135
3.3731e-08,0.054641300000000004
3.3733e-08,0.04880060000000008
3.3735e-08,0.04299330000000001
3.3737e-08,0.03722179999999997
3.3739e-08,0.031487800000000066
3.3741e-08,0.025793400000000077
3.3743e-08,0.020140000000000047
3.3745e-08,0.014529699999999979
3.3747e-08,0.008963600000000072
3.3749e-08,0.0034433999999999854
3.3751e-08,-0.0020295000000000174
3.3753e-08,-0.007454000000000072
3.3755e-08,-0.012828900000000032
3.3757e-08,-0.018152999999999975
3.3759e-08,-0.023425299999999982
3.3761e-08,-0.028644800000000026
3.3763e-08,-0.03381089999999998
3.3765e-08,-0.03892260000000003
3.3767e-08,-0.043979300000000054
3.3769e-08,-0.04898019999999992
3.3771e-08,-0.053925
3.3773e-08,-0.058812899999999946
3.3775e-08,-0.06364360000000002
3.3777e-08,-0.06841679999999994
3.3779e-08,-0.07313190000000003
3.3781e-08,-0.07778879999999999
3.3783e-08,-0.08238730000000005
3.3785e-08,-0.08692710000000003
3.3787e-08,-0.0914083
3.3789e-08,-0.09583039999999998
3.3791e-08,-0.10019370000000005
3.3793e-08,-0.10449810000000004
3.3795e-08,-0.10874359999999994
3.3797e-08,-0.11293039999999999
3.37985e-08,-0.11603180000000002
3.38e-08,-0.11910030000000005
3.38002e-08,-0.11950660000000002
3.38006e-08,-0.12031820000000004
3.38014e-08,-0.12193419999999999
3.3803e-08,-0.12513839999999998
3.3805e-08,-0.12909130000000002
3.3807e-08,-0.1329863
3.3809e-08,-0.1368237
3.3811e-08,-0.1406035
3.3813e-08,-0.14432639999999997
3.3815e-08,-0.14799250000000008
3.3817e-08,-0.15160220000000002
3.3819e-08,-0.1551559
3.3821e-08,-0.1586538999999999
3.3823e-08,-0.1620967000000001
3.3825e-08,-0.16548470000000004
3.3827e-08,-0.16881829999999998
3.3829e-08,-0.17209809999999992
3.3831e-08,-0.1753243
3.3833e-08,-0.17849749999999998
3.3835e-08,-0.18161839999999996
3.3837e-08,-0.18468719999999994
3.3839e-08,-0.18770450000000005
3.3841e-08,-0.19067089999999998
3.3843e-08,-0.19358700000000006
3.3845e-08,-0.196453
3.3847e-08,-0.19926980000000005
3.3849e-08,-0.2020377
3.3851e-08,-0.20475739999999998
3.3853e-08,-0.20742930000000004
3.3855e-08,-0.2100540999999999
3.3857e-08,-0.21263240000000005
3.3859e-08,-0.21516449999999998
3.3861e-08,-0.21765120000000004
3.3863e-08,-0.22009310000000004
3.3865e-08,-0.22249049999999992
3.3867e-08,-0.2248443
3.3869e-08,-0.22715470000000004
3.3871e-08,-0.22942249999999997
3.3873e-08,-0.23164829999999992
3.3875e-08,-0.23383260000000006
3.3877e-08,-0.2359758999999999
3.3879e-08,-0.23807880000000003
3.3881e-08,-0.24014199999999997
3.3883e-08,-0.2421658
3.3885e-08,-0.244151
3.3887e-08,-0.24609789999999998
3.3889e-08,-0.24800730000000004
3.3891e-08,-0.24987959999999998
3.3893e-08,-0.2517153999999999
3.3895e-08,-0.25351520000000005
3.3897e-08,-0.2552795
3.3899e-08,-0.25700900000000004
3.3901e-08,-0.2587041
3.3903e-08,-0.26036519999999996
3.3905e-08,-0.26199300000000003
3.3907e-08,-0.26358800000000004
3.3909e-08,-0.26515069999999996
3.3911e-08,-0.2666815
3.3913e-08,-0.26818109999999995
3.3915e-08,-0.2696497000000001
3.3917e-08,-0.27108809999999994
3.3919e-08,-0.27249670000000004
3.3921e-08,-0.27387590000000006
3.3923e-08,-0.2752260999999999
3.3925e-08,-0.276548
3.3927e-08,-0.2778419000000001
3.3929e-08,-0.27910820000000003
3.3931e-08,-0.28034760000000003
3.3933e-08,-0.28156040000000004
3.3935e-08,-0.28274699999999997
3.3937e-08,-0.2839079
3.3939e-08,-0.28504359999999995
3.3941e-08,-0.28615440000000003
3.3943e-08,-0.2872406999999999
3.3945e-08,-0.2883030999999999
3.3947e-08,-0.28934190000000004
3.3949e-08,-0.2903576
3.3951e-08,-0.2913504
3.3953e-08,-0.29232080000000005
3.3955e-08,-0.2932692
3.3957e-08,-0.294196
3.3959e-08,-0.2951017
3.3961e-08,-0.2959862999999999
3.3963e-08,-0.2968507
3.3965e-08,-0.29769480000000004
3.3967e-08,-0.2985192
3.3969e-08,-0.29932420000000004
3.3971e-08,-0.30011010000000005
3.3973e-08,-0.3008775
3.3975e-08,-0.3016259
3.3977e-08,-0.3023574
3.3979e-08,-0.3030701000000001
3.3981e-08,-0.30376629999999993
3.3983e-08,-0.30444499999999997
3.3985e-08,-0.3051073999999999
3.3987e-08,-0.30575260000000004
3.3989e-08,-0.3063819
3.3991e-08,-0.30699540000000003
3.3993e-08,-0.30759420000000004
3.3995e-08,-0.30817739999999993
3.3997e-08,-0.3087453000000001
3.39985e-08,-0.3091611999999999
3.4e-08,-0.30957
3.40002e-08,-0.3096236
3.40006e-08,-0.30973059999999997
3.40014e-08,-0.3099438
3.4003e-08,-0.3103617999999999
3.4005e-08,-0.3108734999999999
3.4007e-08,-0.31137059999999994
3.4009e-08,-0.311855
3.4011e-08,-0.31232700000000013
3.4013e-08,-0.3127856000000001
3.4015e-08,-0.3132311
3.4017e-08,-0.3136645
3.4019e-08,-0.3140869999999999
3.4021e-08,-0.3144966
3.4023e-08,-0.3148945999999999
3.4025e-08,-0.3152819
3.4027e-08,-0.31565769999999993
3.4029e-08,-0.31602319999999995
3.4031e-08,-0.3163773999999999
3.4033e-08,-0.31672140000000004
3.4035e-08,-0.3170553999999999
3.4037e-08,-0.3173785
3.4039e-08,-0.31769270000000005
3.4041e-08,-0.31799710000000003
3.4043e-08,-0.318292
3.4045e-08,-0.31857820000000003
3.4047e-08,-0.3188550000000001
3.4049e-08,-0.3191225000000001
3.4051e-08,-0.3193817
3.4053e-08,-0.3196327
3.4055e-08,-0.31987560000000004
3.4057e-08,-0.32010949999999994
3.4059e-08,-0.3203365
3.4061e-08,-0.3205557
3.4063e-08,-0.32076609999999994
3.4065e-08,-0.32096990000000003
3.4067e-08,-0.32116710000000004
3.4069e-08,-0.3213568
3.4071e-08,-0.3215389999999999
3.4073e-08,-0.3217148999999999
3.4075e-08,-0.3218835000000001
3.4077e-08,-0.3220459
3.4079e-08,-0.3222021999999999
3.4081e-08,-0.3223524000000001
3.4083e-08,-0.3224967000000001
3.4085e-08,-0.3226350000000001
3.4087e-08,-0.3227664
3.4089e-08,-0.32289310000000004
3.4091e-08,-0.32301500000000005
3.4093e-08,-0.3231303
3.4095e-08,-0.32324090000000005
3.4097e-08,-0.3233461000000001
3.4099e-08,-0.32344669999999986
3.4101e-08,-0.32354189999999994
3.4103e-08,-0.32363279999999994
3.4105e-08,-0.32371839999999996
3.4107e-08,-0.3237996999999999
3.4109e-08,-0.3238768000000001
3.4111e-08,-0.3239487999999999
3.4113e-08,-0.3240175999999999
3.4115e-08,-0.3240815
3.4117e-08,-0.3241423000000001
3.4119e-08,-0.3241982
3.4121e-08,-0.32425020000000015
3.4123e-08,-0.3242994
3.4125e-08,-0.3243447999999999
3.4127e-08,-0.32438639999999996
3.4129e-08,-0.32442439999999995
3.4131e-08,-0.32445859999999993
3.4133e-08,-0.3244902999999999
3.4135e-08,-0.3245184000000001
3.4137e-08,-0.3245438999999999
3.4139e-08,-0.3245659999999999
3.4141e-08,-0.3245855999999999
3.4143e-08,-0.32460179999999994
3.4145e-08,-0.3246146
3.4147e-08,-0.32462610000000014
3.4149e-08,-0.3246342
3.4151e-08,-0.32464019999999993
3.4153e-08,-0.32464290000000007
3.4155e-08,-0.3246433000000001
3.4157e-08,-0.3246416999999999
3.4159e-08,-0.3246378999999999
3.4161e-08,-0.3246319999999999
3.4163e-08,-0.3246241000000001
3.4165e-08,-0.3246141
3.4167e-08,-0.32460109999999986
3.4169e-08,-0.3245871
3.4171e-08,-0.3245713
3.4173e-08,-0.3245525
3.4175e-08,-0.32453279999999995
3.4177e-08,-0.3245111999999999
3.4179e-08,-0.32448790000000005
3.4181e-08,-0.3244636999999999
3.4183e-08,-0.32443679999999997
3.4185e-08,-0.3244091
3.4187e-08,-0.3243796000000001
3.4189e-08,-0.32434850000000004
3.4191e-08,-0.3243167000000001
3.4193e-08,-0.3242831999999999
3.4195e-08,-0.3242482000000001
3.4197e-08,-0.32421239999999996
3.41985e-08,-0.3241837999999999
3.42e-08,-0.3241558
3.42002e-08,-0.32415230000000006
3.42006e-08,-0.32414830000000006
3.42014e-08,-0.32415039999999995
3.4203e-08,-0.32418329999999995
3.4205e-08,-0.32423409999999997
3.4207e-08,-0.3242475
3.4209e-08,-0.32417830000000003
3.4211e-08,-0.3239904000000001
3.4213e-08,-0.32365619999999995
3.4215e-08,-0.32315209999999994
3.4217e-08,-0.32246359999999996
3.4219e-08,-0.3215760000000001
3.4221e-08,-0.3204812
3.4223e-08,-0.31917249999999986
3.4225e-08,-0.3176472
3.4227e-08,-0.3159014
3.4229e-08,-0.3139368
3.4231e-08,-0.3117548000000001
3.4233e-08,-0.3093561
3.4235e-08,-0.3067468
3.4237e-08,-0.30392830000000004
3.4239e-08,-0.30090720000000004
3.4241e-08,-0.297689
3.4243e-08,-0.29427879999999995
3.4245e-08,-0.29068309999999997
3.4247e-08,-0.2869085
3.4249e-08,-0.2829613000000001
3.4251e-08,-0.27884850000000005
3.4253e-08,-0.2745769
3.4255e-08,-0.2701534
3.4257e-08,-0.26558499999999996
3.4259e-08,-0.2608787
3.4261e-08,-0.2560412999999999
3.4263e-08,-0.25107979999999996
3.4265e-08,-0.24600090000000008
3.4267e-08,-0.2408114
3.4269e-08,-0.23551789999999995
3.4271e-08,-0.23012699999999997
3.4273e-08,-0.22464490000000004
3.4275e-08,-0.2190782
3.4277e-08,-0.2134330000000001
3.4279e-08,-0.20771510000000004
3.4281e-08,-0.2019305
3.4283e-08,-0.19608519999999996
3.4285e-08,-0.19018449999999998
3.4287e-08,-0.18423409999999996
3.4289e-08,-0.17823920000000004
3.4291e-08,-0.17220499999999994
3.4293e-08,-0.16613650000000002
3.4295e-08,-0.16003859999999992
3.4297e-08,-0.1539159
3.4299e-08,-0.1477731
3.4301e-08,-0.14161460000000003
3.4303e-08,-0.13544460000000003
3.4305e-08,-0.12926729999999997
3.4307e-08,-0.12308660000000005
3.4309e-08,-0.11690630000000002
3.4311e-08,-0.1107302
3.4313e-08,-0.10456159999999992
3.4315e-08,-0.0984041
3.4317e-08,-0.09226090000000009
3.4319e-08,-0.08613499999999996
3.4321e-08,-0.08002949999999998
3.4323e-08,-0.07394730000000005
3.4325e-08,-0.06789089999999998
3.4327e-08,-0.06186310000000006
3.4329e-08,-0.05586619999999998
3.4331e-08,-0.04990270000000008
3.4333e-08,-0.043974600000000086
3.4335e-08,-0.0380841999999999
3.4337e-08,-0.03223339999999997
3.4339e-08,-0.02642410000000006
3.4341e-08,-0.020658100000000013
3.4343e-08,-0.014936999999999978
3.4345e-08,-0.009262400000000004
3.4347e-08,-0.003635600000000072
3.4349e-08,0.0019417000000000462
3.4351e-08,0.007468499999999989
3.4353e-08,0.012943499999999997
3.4355e-08,0.01836569999999993
3.4357e-08,0.023733899999999974
3.4359e-08,0.029047299999999998
3.4361e-08,0.034305200000000036
3.4363e-08,0.0395065
3.4365e-08,0.04465079999999999
3.4367e-08,0.04973720000000004
3.4369e-08,0.054765400000000075
3.4371e-08,0.05973469999999992
3.4373e-08,0.06464480000000006
3.4375e-08,0.06949519999999998
3.4377e-08,0.0742856999999999
3.4379e-08,0.07901599999999998
3.4381e-08,0.08368580000000003
3.4383e-08,0.08829500000000001
3.4385e-08,0.09284360000000003
3.4387e-08,0.09733139999999996
3.4389e-08,0.10175840000000003
3.4391e-08,0.10612460000000001
3.4393e-08,0.11043020000000003
3.4395e-08,0.11467510000000003
3.4397e-08,0.11885959999999995
3.43985e-08,0.12195840000000002
3.44e-08,0.1250232
3.44002e-08,0.12542980000000004
3.44006e-08,0.1262436
3.44014e-08,0.12787539999999997
3.4403e-08,0.1311373
3.4405e-08,0.13516989999999995
3.4407e-08,0.13910080000000002
3.4409e-08,0.14288290000000003
3.4411e-08,0.14647880000000002
3.4413e-08,0.14985890000000002
3.4415e-08,0.1530009
3.4417e-08,0.15588780000000002
3.4419e-08,0.15850730000000002
3.4421e-08,0.16085139999999998
3.4423e-08,0.16291489999999997
3.4425e-08,0.1646955000000001
3.4427e-08,0.16619300000000004
3.4429e-08,0.16740920000000004
3.4431e-08,0.16834720000000003
3.4433e-08,0.16901140000000003
3.4435e-08,0.16940709999999992
3.4437e-08,0.16954060000000004
3.4439e-08,0.16941840000000008
3.4441e-08,0.16904790000000003
3.4443e-08,0.16843660000000005
3.4445e-08,0.16759230000000003
3.4447e-08,0.1665230000000001
3.4449e-08,0.16523679999999996
3.4451e-08,0.1637419
3.4453e-08,0.16204640000000003
3.4455e-08,0.16015839999999992
3.4457e-08,0.1580861
3.4459e-08,0.1558372
3.4461e-08,0.1534198
3.4463e-08,0.15084160000000002
3.4465e-08,0.14811019999999997
3.4467e-08,0.14523300000000006
3.4469e-08,0.14221720000000004
3.4471e-08,0.13907009999999997
3.4473e-08,0.13579850000000004
3.4475e-08,0.13240929999999995
3.4477e-08,0.1289089
3.4479e-08,0.12530399999999997
3.4481e-08,0.1216007
3.4483e-08,0.1178051
3.4485e-08,0.11392309999999994
3.4487e-08,0.10996040000000007
3.4489e-08,0.10592259999999998
3.4491e-08,0.10181509999999994
3.4493e-08,0.09764300000000004
3.4495e-08,0.09341149999999998
3.4497e-08,0.08912540000000002
3.4499e-08,0.08478940000000001
3.4501e-08,0.08040820000000004
3.4503e-08,0.07598610000000006
3.4505e-08,0.07152749999999997
3.4507e-08,0.0670364
3.4509e-08,0.06251670000000009
3.4511e-08,0.057972400000000035
3.4513e-08,0.053406900000000035
3.4515e-08,0.04882410000000004
3.4517e-08,0.04422729999999997
3.4519e-08,0.039619700000000035
3.4521e-08,0.03500440000000005
3.4523e-08,0.030384599999999984
3.4525e-08,0.02576299999999998
3.4527e-08,0.021142499999999953
3.4529e-08,0.016525800000000035
3.4531e-08,0.01191540000000002
3.4533e-08,0.0073136999999999786
3.4535e-08,0.0027230999999999783
3.4537e-08,-0.0018542999999999754
3.4539e-08,-0.006416200000000094
3.4541e-08,-0.010960799999999993
3.4543e-08,-0.015486
3.4545e-08,-0.01999010000000001
3.4547e-08,-0.024471299999999974
3.4549e-08,-0.028927900000000006
3.4551e-08,-0.03335849999999996
3.4553e-08,-0.0377615
3.4555e-08,-0.04213560000000005
3.4557e-08,-0.04647940000000006
3.4559e-08,-0.050791800000000054
3.4561e-08,-0.05507139999999999
3.4563e-08,-0.059317399999999965
3.4565e-08,-0.06352860000000005
3.4567e-08,-0.0677042000000001
3.4569e-08,-0.07184310000000005
3.4571e-08,-0.07594469999999998
3.4573e-08,-0.08000810000000003
3.4575e-08,-0.08403250000000007
3.4577e-08,-0.08801750000000008
3.4579e-08,-0.0919624
3.4581e-08,-0.09586670000000008
3.4583e-08,-0.09972979999999998
3.4585e-08,-0.10355130000000001
3.4587e-08,-0.1073309
3.4589e-08,-0.1110681
3.4591e-08,-0.1147627
3.4593e-08,-0.11841429999999997
3.4595e-08,-0.12202299999999999
3.4597e-08,-0.1255881000000001
3.45985e-08,-0.12823359999999995
3.46e-08,-0.13085449999999998
3.46002e-08,-0.13120260000000006
3.46006e-08,-0.13189989999999996
3.46014e-08,-0.13330050000000004
3.4603e-08,-0.13610789999999995
3.4605e-08,-0.1395866
3.4607e-08,-0.14297919999999997
3.4609e-08,-0.14623790000000003
3.4611e-08,-0.14932489999999998
3.4613e-08,-0.15221050000000003
3.4615e-08,-0.1548716
3.4617e-08,-0.15729110000000002
3.4619e-08,-0.15945620000000005
3.4621e-08,-0.1613583999999999
3.4623e-08,-0.16299239999999993
3.4625e-08,-0.16435519999999992
3.4627e-08,-0.1654466
3.4629e-08,-0.16626780000000008
3.4631e-08,-0.16682189999999997
3.4633e-08,-0.1671129
3.4635e-08,-0.16714569999999995
3.4637e-08,-0.16692639999999992
3.4639e-08,-0.16646149999999993
3.4641e-08,-0.1657577
3.4643e-08,-0.16482280000000005
3.4645e-08,-0.16366409999999998
3.4647e-08,-0.16228949999999998
3.4649e-08,-0.16070689999999999
3.4651e-08,-0.15892439999999997
3.4653e-08,-0.15694989999999998
3.4655e-08,-0.15479130000000008
3.4657e-08,-0.15245660000000005
3.4659e-08,-0.14995369999999997
3.4661e-08,-0.14729029999999999
3.4663e-08,-0.14447389999999993
3.4665e-08,-0.14151210000000003
3.4667e-08,-0.13841210000000004
3.4669e-08,-0.1351812
3.4671e-08,-0.1318263999999999
3.4673e-08,-0.12835439999999998
3.4675e-08,-0.124772
3.4677e-08,-0.12108560000000002
3.4679e-08,-0.1173016
3.4681e-08,-0.11342599999999992
3.4683e-08,-0.10946499999999992
3.4685e-08,-0.10542430000000003
3.4687e-08,-0.1013094000000001
3.4689e-08,-0.09712589999999999
3.4691e-08,-0.09287900000000004
3.4693e-08,-0.08857389999999998
3.4695e-08,-0.0842155
3.4697e-08,-0.0798084
3.4699e-08,-0.07535759999999991
3.4701e-08,-0.07086709999999996
3.4703e-08,-0.06634170000000006
3.4705e-08,-0.06178510000000004
3.4707e-08,-0.05720170000000002
3.4709e-08,-0.052595100000000006
3.4711e-08,-0.04796909999999999
3.4713e-08,-0.04332720000000001
3.4715e-08,-0.038673100000000016
3.4717e-08,-0.03400979999999998
3.4719e-08,-0.02934049999999999
3.4721e-08,-0.024668299999999976
3.4723e-08,-0.01999620000000002
3.4725e-08,-0.015326899999999921
3.4727e-08,-0.010663000000000089
3.4729e-08,-0.00600719999999999
3.4731e-08,-0.001361900000000027
3.4733e-08,0.0032706000000000124
3.4735e-08,0.007888000000000006
3.4737e-08,0.012488400000000066
3.4739e-08,0.017069599999999907
3.4741e-08,0.021629800000000032
3.4743e-08,0.0261671
3.4745e-08,0.030679800000000035
3.4747e-08,0.035166199999999925
3.4749e-08,0.039624900000000074
3.4751e-08,0.04405440000000005
3.4753e-08,0.048453199999999974
3.4755e-08,0.052820199999999984
3.4757e-08,0.057154099999999985
3.4759e-08,0.061453700000000056
3.4761e-08,0.0657181
3.4763e-08,0.06994599999999995
3.4765e-08,0.07413690000000006
3.4767e-08,0.07828959999999996
3.4769e-08,0.08240349999999996
3.4771e-08,0.08647759999999993
3.4773e-08,0.09051149999999997
3.4775e-08,0.09450449999999999
3.4777e-08,0.09845599999999999
3.4779e-08,0.1023655
3.4781e-08,0.10623249999999995
3.4783e-08,0.11005660000000006
3.4785e-08,0.11383750000000004
3.4787e-08,0.11757479999999998
3.4789e-08,0.12126819999999994
3.4791e-08,0.12491760000000007
3.4793e-08,0.12852249999999998
3.4795e-08,0.13208299999999995
3.4797e-08,0.13559909999999997
3.47985e-08,0.13820670000000002
3.48e-08,0.1408006999999999
3.48002e-08,0.14114680000000002
3.48006e-08,0.14183979999999996
3.48014e-08,0.14322829999999998
3.4803e-08,0.14599859999999998
3.4805e-08,0.1494101
3.4807e-08,0.15271649999999992
3.4809e-08,0.1558738999999999
3.4811e-08,0.15884779999999998
3.4813e-08,0.16161119999999995
3.4815e-08,0.1641433
3.4817e-08,0.1664289
3.4819e-08,0.16845679999999996
3.4821e-08,0.17021969999999997
3.4823e-08,0.17171340000000002
3.4825e-08,0.17293579999999997
3.4827e-08,0.17388740000000003
3.4829e-08,0.17457
3.4831e-08,0.17498709999999995
3.4833e-08,0.1751429
3.4835e-08,0.17504300000000006
3.4837e-08,0.17469349999999995
3.4839e-08,0.17410079999999994
3.4841e-08,0.1732722
3.4843e-08,0.17221509999999995
3.4845e-08,0.1709369999999999
3.4847e-08,0.16944599999999999
3.4849e-08,0.16774980000000006
3.4851e-08,0.16585649999999996
3.4853e-08,0.16377379999999997
3.4855e-08,0.1615099000000001
3.4857e-08,0.1590726
3.4859e-08,0.1564696
3.4861e-08,0.15370859999999997
3.4863e-08,0.15079710000000002
3.4865e-08,0.14774260000000006
3.4867e-08,0.14455210000000007
3.4869e-08,0.14123299999999994
3.4871e-08,0.13779209999999997
3.4873e-08,0.13423609999999997
3.4875e-08,0.13057170000000007
3.4877e-08,0.12680520000000006
3.4879e-08,0.12294300000000002
3.4881e-08,0.11899119999999996
3.4883e-08,0.11495549999999999
3.4885e-08,0.11084169999999993
3.4887e-08,0.10665539999999996
3.4889e-08,0.10240209999999994
3.4891e-08,0.09808680000000003
3.4893e-08,0.09371469999999993
3.4895e-08,0.0892908
3.4897e-08,0.08481950000000005
3.4899e-08,0.08030570000000004
3.4901e-08,0.07575370000000003
3.4903e-08,0.07116769999999994
3.4905e-08,0.0665519
3.4907e-08,0.061910299999999974
3.4909e-08,0.057246699999999984
3.4911e-08,0.05256460000000007
3.4913e-08,0.04786770000000007
3.4915e-08,0.04315950000000002
3.4917e-08,0.03844309999999995
3.4919e-08,0.033721699999999966
3.4921e-08,0.028998300000000032
3.4923e-08,0.02427579999999996
3.4925e-08,0.019556899999999988
3.4927e-08,0.01484439999999998
3.4929e-08,0.010140599999999944
3.4931e-08,0.005448200000000014
3.4933e-08,0.0007692999999999728
3.4935e-08,-0.0038939000000000057
3.4937e-08,-0.008539299999999916
3.4939e-08,-0.01316470000000003
3.4941e-08,-0.017768499999999965
3.4943e-08,-0.02234859999999994
3.4945e-08,-0.026903600000000027
3.4947e-08,-0.03143170000000006
3.4949e-08,-0.035931500000000005
3.4951e-08,-0.04040140000000003
3.4953e-08,-0.0448402
3.4955e-08,-0.049246400000000023
3.4957e-08,-0.05361899999999997
3.4959e-08,-0.05795689999999998
3.4961e-08,-0.062258900000000006
3.4963e-08,-0.06652409999999997
3.4965e-08,-0.07075160000000003
3.4967e-08,-0.07494049999999997
3.4969e-08,-0.07909
3.4971e-08,-0.08319940000000003
3.4973e-08,-0.08726809999999996
3.4975e-08,-0.09129540000000003
3.4977e-08,-0.0952807
3.4979e-08,-0.09922360000000008
3.4981e-08,-0.10312359999999998
3.4983e-08,-0.10698020000000008
3.4985e-08,-0.11079319999999993
3.4987e-08,-0.11456220000000006
3.4989e-08,-0.11828700000000003
3.4991e-08,-0.1219673
3.4993e-08,-0.1256027999999999
3.4995e-08,-0.1291935999999999
3.4997e-08,-0.13273939999999995
3.49985e-08,-0.13536919999999997
3.5e-08,-0.13797349999999997
3.50002e-08,-0.13831930000000003
3.50006e-08,-0.13901219999999992
3.50014e-08,-0.14040339999999996
3.5003e-08,-0.14319160000000009
3.5005e-08,-0.14664500000000003
3.5007e-08,-0.1500112
3.5009e-08,-0.15324269999999995
3.5011e-08,-0.15630159999999993
3.5013e-08,-0.15915840000000003
3.5015e-08,-0.16179030000000005
3.5017e-08,-0.16418010000000005
3.5019e-08,-0.1663152
3.5021e-08,-0.16818709999999992
3.5023e-08,-0.16979050000000007
3.5025e-08,-0.17112250000000007
3.5027e-08,-0.17218309999999992
3.5029e-08,-0.17297319999999994
3.5031e-08,-0.17349590000000004
3.5033e-08,-0.1737554
3.5035e-08,-0.17375660000000004
3.5037e-08,-0.17350560000000004
3.5039e-08,-0.17300859999999996
3.5041e-08,-0.17227270000000006
3.5043e-08,-0.1713053
3.5045e-08,-0.17011389999999993
3.5047e-08,-0.16870639999999992
3.5049e-08,-0.16709059999999998
3.5051e-08,-0.16527459999999994
3.5053e-08,-0.16326609999999997
3.5055e-08,-0.16107349999999998
3.5057e-08,-0.15870430000000002
3.5059e-08,-0.15616649999999999
3.5061e-08,-0.15346769999999998
3.5063e-08,-0.1506156999999999
3.5065e-08,-0.14761780000000002
3.5067e-08,-0.14448139999999998
3.5069e-08,-0.14121360000000005
3.5071e-08,-0.13782149999999993
3.5073e-08,-0.1343118000000001
3.5075e-08,-0.1306914
3.5077e-08,-0.12696640000000003
3.5079e-08,-0.12314350000000007
3.5081e-08,-0.11922870000000008
3.5083e-08,-0.11522789999999994
3.5085e-08,-0.111147
3.5087e-08,-0.10699159999999996
3.5089e-08,-0.1027673
3.5091e-08,-0.09847910000000004
3.5093e-08,-0.0941324
3.5095e-08,-0.08973189999999998
3.5097e-08,-0.08528269999999993
3.5099e-08,-0.08078910000000006
3.5101e-08,-0.07625589999999993
3.5103e-08,-0.07168719999999995
3.5105e-08,-0.06708729999999996
3.5107e-08,-0.06245999999999996
3.5109e-08,-0.05780949999999996
3.5111e-08,-0.0531393
3.5113e-08,-0.04845310000000003
3.5115e-08,-0.04375440000000008
3.5117e-08,-0.03904629999999998
3.5119e-08,-0.03433210000000009
3.5121e-08,-0.029615000000000058
3.5123e-08,-0.024897700000000023
3.5125e-08,-0.020183199999999957
3.5127e-08,-0.015473999999999988
3.5129e-08,-0.010772899999999974
3.5131e-08,-0.006082200000000038
3.5133e-08,-0.0014041999999999666
3.5135e-08,0.003258800000000006
3.5137e-08,0.00790460000000004
3.5139e-08,0.012531099999999906
3.5141e-08,0.017136700000000005
3.5143e-08,0.021719300000000108
3.5145e-08,0.0262772
3.5147e-08,0.03080879999999997
3.5149e-08,0.03531260000000003
3.5151e-08,0.03978700000000002
3.5153e-08,0.04423070000000007
3.5155e-08,0.04864230000000003
3.5157e-08,0.05302079999999998
3.5159e-08,0.057364699999999935
3.5161e-08,0.06167329999999993
3.5163e-08,0.06594529999999998
3.5165e-08,0.07017989999999996
3.5167e-08,0.0743762
3.5169e-08,0.07853339999999998
3.5171e-08,0.08265069999999997
3.5173e-08,0.08672749999999996
3.5175e-08,0.09076319999999993
3.5177e-08,0.09475699999999998
3.5179e-08,0.09870860000000004
3.5181e-08,0.10261750000000003
3.5183e-08,0.1064832
3.5185e-08,0.11030530000000005
3.5187e-08,0.11408360000000006
3.5189e-08,0.11781769999999991
3.5191e-08,0.12150739999999993
3.5193e-08,0.1251525
3.5195e-08,0.1287528
3.5197e-08,0.1323082
3.51985e-08,0.13494510000000004
3.52e-08,0.13755680000000003
3.52002e-08,0.1379028
3.52006e-08,0.13859409999999994
3.52014e-08,0.13997110000000001
3.5203e-08,0.14270360000000004
3.5205e-08,0.14607860000000006
3.5207e-08,0.1494086
3.5209e-08,0.15269349999999993
3.5211e-08,0.1559334
3.5213e-08,0.15912839999999995
3.5215e-08,0.16227880000000006
3.5217e-08,0.16538450000000005
3.5219e-08,0.16844579999999998
3.5221e-08,0.17146289999999997
3.5223e-08,0.17443589999999998
3.5225e-08,0.17736509999999994
3.5227e-08,0.18025069999999999
3.5229e-08,0.1830931
3.5231e-08,0.18589239999999996
3.5233e-08,0.18864899999999996
3.5235e-08,0.1913631
3.5237e-08,0.19403499999999996
3.5239e-08,0.19666509999999993
3.5241e-08,0.19925380000000004
3.5243e-08,0.20180120000000001
3.5245e-08,0.20430800000000005
3.5247e-08,0.20677420000000002
3.5249e-08,0.20920039999999995
3.5251e-08,0.21158679999999996
3.5253e-08,0.21393399999999996
3.5255e-08,0.21624219999999994
3.5257e-08,0.21851189999999998
3.5259e-08,0.22074349999999998
3.5261e-08,0.2229373
3.5263e-08,0.2250938
3.5265e-08,0.2272134
3.5267e-08,0.22929650000000001
3.5269e-08,0.2313434000000001
3.5271e-08,0.23335470000000003
3.5273e-08,0.2353307
3.5275e-08,0.23727189999999998
3.5277e-08,0.23917869999999997
3.5279e-08,0.24105149999999997
3.5281e-08,0.24289059999999996
3.5283e-08,0.24469659999999993
3.5285e-08,0.24646990000000002
3.5287e-08,0.2482109
3.5289e-08,0.24992000000000003
3.5291e-08,0.2515976999999999
3.5293e-08,0.2532443
3.5295e-08,0.25486030000000004
3.5297e-08,0.2564459
3.5299e-08,0.2580019
3.5301e-08,0.2595284000000001
3.5303e-08,0.26102610000000004
3.5305e-08,0.2624951000000001
3.5307e-08,0.26393600000000006
3.5309e-08,0.2653491
3.5311e-08,0.26673480000000005
3.5313e-08,0.2680937
3.5315e-08,0.2694259
3.5317e-08,0.270732
3.5319e-08,0.2720123
3.5321e-08,0.2732673
3.5323e-08,0.2744972
3.5325e-08,0.2757024
3.5327e-08,0.2768834
3.5329e-08,0.27804070000000003
3.5331e-08,0.27917439999999993
3.5333e-08,0.28028489999999995
3.5335e-08,0.28137270000000003
3.5337e-08,0.2824381
3.5339e-08,0.2834814
3.5341e-08,0.28450300000000006
3.5343e-08,0.2855033
3.5345e-08,0.2864825
3.5347e-08,0.2874411
3.5349e-08,0.28837939999999995
3.5351e-08,0.28929759999999993
3.5353e-08,0.2901962
3.5355e-08,0.2910754
3.5357e-08,0.2919356999999999
3.5359e-08,0.29277719999999996
3.5361e-08,0.2936004
3.5363e-08,0.29440540000000004
3.5365e-08,0.29519280000000003
3.5367e-08,0.2959626000000001
3.5369e-08,0.2967153
3.5371e-08,0.29745109999999997
3.5373e-08,0.2981703
3.5375e-08,0.2988733
3.5377e-08,0.29956020000000005
3.5379e-08,0.3002315
3.5381e-08,0.3008875999999999
3.5383e-08,0.3015278
3.5385e-08,0.3021536
3.5387e-08,0.3027641
3.5389e-08,0.30336149999999995
3.5391e-08,0.30394390000000004
3.5393e-08,0.3045123999999999
3.5395e-08,0.3050672
3.5397e-08,0.30560940000000014
3.53985e-08,0.30600720000000003
3.54e-08,0.3063975
3.54002e-08,0.30644930000000004
3.54006e-08,0.3065559000000001
3.54014e-08,0.3067774999999999
3.5403e-08,0.30724260000000003
3.5405e-08,0.30782520000000013
3.5407e-08,0.3083575999999999
3.5409e-08,0.30879579999999995
3.5411e-08,0.3091045
3.5413e-08,0.30925420000000003
3.5415e-08,0.30922439999999995
3.5417e-08,0.3089974999999999
3.5419e-08,0.3085619999999999
3.5421e-08,0.30790890000000004
3.5423e-08,0.3070316999999999
3.5425e-08,0.30592660000000005
3.5427e-08,0.30459210000000014
3.5429e-08,0.30302989999999996
3.5431e-08,0.30124070000000003
3.5433e-08,0.29922729999999986
3.5435e-08,0.29699299999999995
3.5437e-08,0.294543
3.5439e-08,0.29188210000000003
3.5441e-08,0.28901599999999994
3.5443e-08,0.28595079999999995
3.5445e-08,0.2826929
3.5447e-08,0.2792489
3.5449e-08,0.2756257
3.5451e-08,0.27183009999999996
3.5453e-08,0.2678693
3.5455e-08,0.2637501
3.5457e-08,0.25948000000000004
3.5459e-08,0.25506570000000006
3.5461e-08,0.25051429999999997
3.5463e-08,0.24583309999999992
3.5465e-08,0.24102860000000004
3.5467e-08,0.23610769999999992
3.5469e-08,0.23107730000000004
3.5471e-08,0.22594389999999998
3.5473e-08,0.22071390000000002
3.5475e-08,0.21539379999999997
3.5477e-08,0.2099898
3.5479e-08,0.20450789999999996
3.5481e-08,0.19895410000000002
3.5483e-08,0.19333430000000007
3.5485e-08,0.1876542
3.5487e-08,0.18191899999999994
3.5489e-08,0.17613449999999997
3.5491e-08,0.17030560000000006
3.5493e-08,0.16443750000000001
3.5495e-08,0.1585350000000001
3.5497e-08,0.15260300000000004
3.5499e-08,0.14664620000000006
3.5501e-08,0.14066879999999993
3.5503e-08,0.13467529999999994
3.5505e-08,0.12866980000000006
3.5507e-08,0.12265630000000005
3.5509e-08,0.11663869999999998
3.5511e-08,0.1106206999999999
3.5513e-08,0.10460609999999992
3.5515e-08,0.09859799999999996
3.5517e-08,0.09259989999999996
3.5519e-08,0.08661490000000005
3.5521e-08,0.08064609999999994
3.5523e-08,0.07469649999999994
3.5525e-08,0.06876860000000007
3.5527e-08,0.06286530000000001
3.5529e-08,0.05698890000000001
3.5531e-08,0.05114209999999997
3.5533e-08,0.04532689999999995
3.5535e-08,0.03954550000000001
3.5537e-08,0.03380019999999995
3.5539e-08,0.02809269999999997
3.5541e-08,0.02242489999999997
3.5543e-08,0.01679850000000005
3.5545e-08,0.01121519999999998
3.5547e-08,0.005676600000000032
3.5549e-08,0.0001839000000000146
3.5551e-08,-0.005261399999999972
3.5553e-08,-0.010658100000000004
3.5555e-08,-0.01600489999999999
3.5557e-08,-0.021301000000000014
3.5559e-08,-0.026545099999999988
3.5561e-08,-0.031736500000000056
3.5563e-08,-0.036874300000000027
3.5565e-08,-0.04195759999999993
3.5567e-08,-0.04698599999999997
3.5569e-08,-0.051958599999999966
3.5571e-08,-0.05687500000000001
3.5573e-08,-0.061734500000000025
3.5575e-08,-0.06653690000000001
3.5577e-08,-0.07128179999999995
3.5579e-08,-0.07596859999999994
3.5581e-08,-0.08059729999999998
3.5583e-08,-0.08516760000000001
3.5585e-08,-0.08967940000000008
3.5587e-08,-0.09413249999999995
3.5589e-08,-0.09852669999999997
3.5591e-08,-0.10286220000000001
3.5593e-08,-0.10713899999999998
3.5595e-08,-0.11135690000000009
3.5597e-08,-0.11551620000000007
3.55985e-08,-0.11859720000000007
3.56e-08,-0.12164530000000007
3.56002e-08,-0.12204890000000002
3.56006e-08,-0.12285499999999994
3.56014e-08,-0.12446019999999991
3.5603e-08,-0.1276427
3.5605e-08,-0.13156869999999998
3.5607e-08,-0.13543709999999998
3.5609e-08,-0.13924780000000003
3.5611e-08,-0.14300140000000006
3.5613e-08,-0.14669810000000005
3.5615e-08,-0.15033809999999992
3.5617e-08,-0.15392190000000006
3.5619e-08,-0.15744989999999992
3.5621e-08,-0.16092240000000002
3.5623e-08,-0.16433989999999998
3.5625e-08,-0.16770279999999993
3.5627e-08,-0.1710115000000001
3.5629e-08,-0.1742665
3.5631e-08,-0.17746819999999996
3.5633e-08,-0.18061719999999992
3.5635e-08,-0.1837139000000001
3.5637e-08,-0.1867588
3.5639e-08,-0.18975239999999993
3.5641e-08,-0.19269540000000007
3.5643e-08,-0.19558809999999993
3.5645e-08,-0.19843109999999997
3.5647e-08,-0.201225
3.5649e-08,-0.2039702
3.5651e-08,-0.2066675
3.5653e-08,-0.20931719999999998
3.5655e-08,-0.21192
3.5657e-08,-0.2144764
3.5659e-08,-0.21698700000000004
3.5661e-08,-0.2194524
3.5663e-08,-0.221873
3.5665e-08,-0.2242495
3.5667e-08,-0.22658239999999996
3.5669e-08,-0.22887239999999998
3.5671e-08,-0.23111990000000004
3.5673e-08,-0.23332560000000002
3.5675e-08,-0.23548999999999998
3.5677e-08,-0.23761359999999998
3.5679e-08,-0.23969700000000005
3.5681e-08,-0.24174089999999993
3.5683e-08,-0.2437456
3.5685e-08,-0.2457119000000001
3.5687e-08,-0.2476402000000001
3.5689e-08,-0.2495311
3.5691e-08,-0.2513852
3.5693e-08,-0.25320280000000006
3.5695e-08,-0.2549848
3.5697e-08,-0.25673140000000005
3.5699e-08,-0.2584434
3.5701e-08,-0.2601211
3.5703e-08,-0.26176520000000003
3.5705e-08,-0.26337600000000005
3.5707e-08,-0.2649543000000001
3.5709e-08,-0.2665004000000001
3.5711e-08,-0.26801490000000006
3.5713e-08,-0.2694983000000001
3.5715e-08,-0.27095100000000005
3.5717e-08,-0.2723736
3.5719e-08,-0.2737664999999999
3.5721e-08,-0.27513009999999993
3.5723e-08,-0.27646519999999997
3.5725e-08,-0.27777189999999996
3.5727e-08,-0.27905079999999993
3.5729e-08,-0.2803025
3.5731e-08,-0.2815272
3.5733e-08,-0.2827256
3.5735e-08,-0.28389790000000004
3.5737e-08,-0.2850448
3.5739e-08,-0.28616640000000004
3.5741e-08,-0.2872635
3.5743e-08,-0.28833620000000004
3.5745e-08,-0.28938510000000006
3.5747e-08,-0.29041059999999996
3.5749e-08,-0.29141300000000003
3.5751e-08,-0.2923928
3.5753e-08,-0.2933504
3.5755e-08,-0.29428620000000005
3.5757e-08,-0.29520040000000003
3.5759e-08,-0.2960935
3.5761e-08,-0.2969661
3.5763e-08,-0.29781820000000003
3.5765e-08,-0.2986504
3.5767e-08,-0.2994629000000001
3.5769e-08,-0.3002562
3.5771e-08,-0.3010303
3.5773e-08,-0.3017862
3.5775e-08,-0.30252389999999996
3.5777e-08,-0.3032439
3.5779e-08,-0.3039460999999999
3.5781e-08,-0.3046308000000001
3.5783e-08,-0.30529910000000005
3.5785e-08,-0.3059501000000001
3.5787e-08,-0.3065852000000001
3.5789e-08,-0.30720420000000004
3.5791e-08,-0.30780760000000007
3.5793e-08,-0.30839530000000004
3.5795e-08,-0.3089685
3.5797e-08,-0.3095264000000001
3.57985e-08,-0.3099356999999999
3.58e-08,-0.3103368999999999
3.58002e-08,-0.31038999999999994
3.58006e-08,-0.31049499999999997
3.58014e-08,-0.3107033
3.5803e-08,-0.31111449999999996
3.5805e-08,-0.31161649999999996
3.5807e-08,-0.31210480000000007
3.5809e-08,-0.3125797000000001
3.5811e-08,-0.3130420999999999
3.5813e-08,-0.3134912999999999
3.5815e-08,-0.31392829999999994
3.5817e-08,-0.3143534
3.5819e-08,-0.31476649999999995
3.5821e-08,-0.3151678000000001
3.5823e-08,-0.31555750000000005
3.5825e-08,-0.31593670000000007
3.5827e-08,-0.31630440000000004
3.5829e-08,-0.31666079999999996
3.5831e-08,-0.3170069
3.5833e-08,-0.31734299999999993
3.5835e-08,-0.3176690999999999
3.5837e-08,-0.3179852000000001
3.5839e-08,-0.3182916
3.5841e-08,-0.31858830000000005
3.5843e-08,-0.3188753
3.5845e-08,-0.3191539000000001
3.5847e-08,-0.319423
3.5849e-08,-0.3196839
3.5851e-08,-0.31993550000000004
3.5853e-08,-0.32018
3.5855e-08,-0.3204154
3.5857e-08,-0.32064289999999984
3.5859e-08,-0.32086250000000005
3.5861e-08,-0.3210742999999999
3.5863e-08,-0.32127839999999985
3.5865e-08,-0.3214758999999999
3.5867e-08,-0.32166589999999995
3.5869e-08,-0.3218492999999999
3.5871e-08,-0.3220253999999999
3.5873e-08,-0.3221942
3.5875e-08,-0.3223577000000001
3.5877e-08,-0.3225141
3.5879e-08,-0.32266439999999996
3.5881e-08,-0.3228086
3.5883e-08,-0.3229459
3.5885e-08,-0.32307830000000004
3.5887e-08,-0.3232048999999999
3.5889e-08,-0.32332570000000005
3.5891e-08,-0.3234408999999999
3.5893e-08,-0.32355139999999993
3.5895e-08,-0.3236563
3.5897e-08,-0.32375680000000007
3.5899e-08,-0.32385069999999994
3.5901e-08,-0.3239413
3.5903e-08,-0.32402659999999994
3.5905e-08,-0.32410759999999994
3.5907e-08,-0.3241833999999999
3.5909e-08,-0.324256
3.5911e-08,-0.3243235000000001
3.5913e-08,-0.3243868999999999
3.5915e-08,-0.3244463000000001
3.5917e-08,-0.32450180000000006
3.5919e-08,-0.32455239999999996
3.5921e-08,-0.32460109999999986
3.5923e-08,-0.3246450000000001
3.5925e-08,-0.32468509999999995
3.5927e-08,-0.3247225
3.5929e-08,-0.32475619999999994
3.5931e-08,-0.32478629999999997
3.5933e-08,-0.3248128
3.5935e-08,-0.32483780000000007
3.5937e-08,-0.3248582
3.5939e-08,-0.32487620000000006
3.5941e-08,-0.3248907
3.5943e-08,-0.3249039
3.5945e-08,-0.32491269999999994
3.5947e-08,-0.3249202000000001
3.5949e-08,-0.32492450000000006
3.5951e-08,-0.32492540000000014
3.5953e-08,-0.32492520000000014
3.5955e-08,-0.3249219000000001
3.5957e-08,-0.32491729999999996
3.5959e-08,-0.3249097000000001
3.5961e-08,-0.3249000000000001
3.5963e-08,-0.3248873
3.5965e-08,-0.3248736000000001
3.5967e-08,-0.3248578000000001
3.5969e-08,-0.3248401999999999
3.5971e-08,-0.3248205999999999
3.5973e-08,-0.3247990999999999
3.5975e-08,-0.32477580000000006
3.5977e-08,-0.32475160000000014
3.5979e-08,-0.3247245999999999
3.5981e-08,-0.32469689999999995
3.5983e-08,-0.32466740000000005
3.5985e-08,-0.3246361000000001
3.5987e-08,-0.32460319999999987
3.5989e-08,-0.32456949999999996
3.5991e-08,-0.3245341999999999
3.5993e-08,-0.3244972999999999
3.5995e-08,-0.32445979999999996
3.5997e-08,-0.32442060000000006
3.59985e-08,-0.3243908999999999
3.6e-08,-0.32436090000000006
3.60002e-08,-0.3243558000000001
3.60006e-08,-0.32434779999999996
3.60014e-08,-0.3243315
3.6003e-08,-0.3242969000000001
3.6005e-08,-0.3242535999999999
3.6007e-08,-0.3242098
3.6009e-08,-0.3241645000000001
3.6011e-08,-0.3241178
3.6013e-08,-0.32407169999999996
3.6015e-08,-0.3240231
3.6017e-08,-0.3239751999999999
3.6019e-08,-0.32392490000000007
3.6021e-08,-0.3238751999999999
3.6023e-08,-0.32382410000000006
3.6025e-08,-0.3237727
3.6027e-08,-0.32372009999999996
3.6029e-08,-0.3236680999999999
3.6031e-08,-0.32361379999999995
3.6033e-08,-0.32356019999999996
3.6035e-08,-0.32350540000000005
3.6037e-08,-0.3234503999999999
3.6039e-08,-0.32339510000000005
3.6041e-08,-0.32333960000000006
3.6043e-08,-0.32328290000000004
3.6045e-08,-0.32322699999999993
3.6047e-08,-0.3231699000000001
3.6049e-08,-0.32311259999999997
3.6051e-08,-0.32305420000000007
3.6053e-08,-0.3229967
3.6055e-08,-0.32293800000000006
3.6057e-08,-0.32288019999999995
3.6059e-08,-0.32282120000000003
3.6061e-08,-0.3227622
3.6063e-08,-0.3227031
3.6065e-08,-0.3226439000000001
3.6067e-08,-0.3225846000000001
3.6069e-08,-0.32252519999999985
3.6071e-08,-0.3224648
3.6073e-08,-0.32240540000000006
3.6075e-08,-0.3223459000000001
3.6077e-08,-0.3222852999999999
3.6079e-08,-0.3222258
3.6081e-08,-0.32216520000000004
3.6083e-08,-0.3221056000000001
3.6085e-08,-0.32204599999999994
3.6087e-08,-0.3219854
3.6089e-08,-0.3219259
3.6091e-08,-0.3218652999999999
3.6093e-08,-0.3218057999999999
3.6095e-08,-0.32174629999999993
3.6097e-08,-0.3216858
3.6099e-08,-0.3216264000000001
3.6101e-08,-0.32156699999999994
3.6103e-08,-0.32150769999999995
3.6105e-08,-0.3214484999999999
3.6107e-08,-0.3213893
3.6109e-08,-0.3213302
3.6111e-08,-0.32127110000000003
3.6113e-08,-0.3212121
3.6115e-08,-0.3211533000000001
3.6117e-08,-0.3210955
3.6119e-08,-0.32103670000000006
3.6121e-08,-0.32097909999999996
3.6123e-08,-0.3209206
3.6125e-08,-0.3208632
3.6127e-08,-0.32080589999999987
3.6129e-08,-0.3207487000000001
3.6131e-08,-0.32069159999999997
3.6133e-08,-0.3206357000000001
3.6135e-08,-0.3205789
3.6137e-08,-0.32052210000000003
3.6139e-08,-0.3204665000000001
3.6141e-08,-0.32041109999999995
3.6143e-08,-0.32035579999999997
3.6145e-08,-0.32030060000000005
3.6147e-08,-0.32024549999999996
3.6149e-08,-0.3201906
3.6151e-08,-0.3201368
3.6153e-08,-0.3200832
3.6155e-08,-0.32002869999999994
3.6157e-08,-0.3199753999999999
3.6159e-08,-0.31992219999999993
3.6161e-08,-0.3198702
3.6163e-08,-0.3198173000000001
3.6165e-08,-0.3197656
3.6167e-08,-0.3197129999999999
3.6169e-08,-0.3196616000000001
3.6171e-08,-0.31961040000000007
3.6173e-08,-0.31956030000000013
3.6175e-08,-0.3195093
3.6177e-08,-0.31945960000000007
3.6179e-08,-0.31940899999999994
3.6181e-08,-0.3193595
3.6183e-08,-0.31931030000000005
3.6185e-08,-0.31926220000000005
3.6187e-08,-0.31921319999999986
3.6189e-08,-0.3191655000000001
3.6191e-08,-0.3191168999999999
3.6193e-08,-0.31906939999999995
3.6195e-08,-0.31902320000000006
3.6197e-08,-0.3189761
3.61985e-08,-0.31894089999999997
3.62e-08,-0.31890680000000005
3.62002e-08,-0.31890150000000006
3.62006e-08,-0.31889299999999987
3.62014e-08,-0.31887390000000004
3.6203e-08,-0.3188379
3.6205e-08,-0.31879250000000015
3.6207e-08,-0.3187472
3.6209e-08,-0.31870219999999994
3.6211e-08,-0.31865829999999995
3.6213e-08,-0.31861459999999997
3.6215e-08,-0.3185711
3.6217e-08,-0.3185277000000001
3.6219e-08,-0.31848450000000006
3.6221e-08,-0.31844150000000004
3.6223e-08,-0.31839970000000006
3.6225e-08,-0.31835800000000003
3.6227e-08,-0.3183165
3.6229e-08,-0.31827519999999987
3.6231e-08,-0.31823400000000013
3.6233e-08,-0.318194
3.6235e-08,-0.3181531999999999
3.6237e-08,-0.3181136
3.6239e-08,-0.3180741
3.6241e-08,-0.31803479999999995
3.6243e-08,-0.3179966999999999
3.6245e-08,-0.3179577
3.6247e-08,-0.31791990000000003
3.6249e-08,-0.31788230000000006
3.6251e-08,-0.31784480000000004
3.6253e-08,-0.3178076000000001
3.6255e-08,-0.31777140000000004
3.6257e-08,-0.31773450000000003
3.6259e-08,-0.3176986999999999
3.6261e-08,-0.3176631000000001
3.6263e-08,-0.3176276
3.6265e-08,-0.31759229999999994
3.6267e-08,-0.3175582
3.6269e-08,-0.3175231999999999
3.6271e-08,-0.31748940000000003
3.6273e-08,-0.3174557000000001
3.6275e-08,-0.3174221999999999
3.6277e-08,-0.3173889
3.6279e-08,-0.31735669999999994
3.6281e-08,-0.3173237
3.6283e-08,-0.3172918
3.6285e-08,-0.31726010000000004
3.6287e-08,-0.31722859999999997
3.6289e-08,-0.31719719999999996
3.6291e-08,-0.3171659
3.6293e-08,-0.3171358000000001
3.6295e-08,-0.31710589999999994
3.6297e-08,-0.31707509999999994
3.6299e-08,-0.31704540000000003
3.6301e-08,-0.31701689999999993
3.6303e-08,-0.31698760000000004
3.6305e-08,-0.3169584
3.6307e-08,-0.3169303
3.6309e-08,-0.31690240000000003
3.6311e-08,-0.31687359999999987
3.6313e-08,-0.3168470000000001
3.6315e-08,-0.3168194999999999
3.6317e-08,-0.31679219999999997
3.6319e-08,-0.31676499999999996
3.6321e-08,-0.31673889999999993
3.6323e-08,-0.3167129999999999
3.6325e-08,-0.31668720000000006
3.6327e-08,-0.31666150000000004
3.6329e-08,-0.31663600000000003
3.6331e-08,-0.31661059999999996
3.6333e-08,-0.3165863000000001
3.6335e-08,-0.3165612
3.6337e-08,-0.31653719999999996
3.6339e-08,-0.3165133
3.6341e-08,-0.31648960000000015
3.6343e-08,-0.316466
3.6345e-08,-0.31644250000000007
3.6347e-08,-0.31641909999999995
3.6349e-08,-0.3163969
3.6351e-08,-0.31637380000000004
3.6353e-08,-0.31635180000000007
3.6355e-08,-0.31632990000000016
3.6357e-08,-0.31630819999999993
3.6359e-08,-0.3162864999999999
3.6361e-08,-0.3162649999999999
3.6363e-08,-0.3162446000000001
3.6365e-08,-0.31622340000000015
3.6367e-08,-0.3162032
3.6369e-08,-0.3161822000000001
3.6371e-08,-0.31616219999999995
3.6373e-08,-0.31614239999999993
3.6375e-08,-0.3161227000000001
3.6377e-08,-0.31610309999999997
3.6379e-08,-0.31608460000000005
3.6381e-08,-0.31606520000000005
3.6383e-08,-0.31604690000000013
3.6385e-08,-0.3160278000000001
3.6387e-08,-0.31600969999999984
3.6389e-08,-0.3159917
3.6391e-08,-0.31597390000000003
3.6393e-08,-0.31595609999999985
3.6395e-08,-0.3159385
3.6397e-08,-0.31592090000000006
3.63985e-08,-0.31590759999999996
3.64e-08,-0.3159069
3.64002e-08,-0.3159090000000001
3.64006e-08,-0.3159149000000001
3.64014e-08,-0.31593530000000003
3.6403e-08,-0.31599200000000005
3.6405e-08,-0.31605550000000004
3.6407e-08,-0.3160643000000001
3.6409e-08,-0.31597639999999994
3.6411e-08,-0.31576039999999994
3.6413e-08,-0.31538869999999997
3.6415e-08,-0.31484069999999986
3.6417e-08,-0.3141026
3.6419e-08,-0.31316330000000003
3.6421e-08,-0.312013
3.6423e-08,-0.31064650000000005
3.6425e-08,-0.30906219999999995
3.6427e-08,-0.30725860000000016
3.6429e-08,-0.3052355
3.6431e-08,-0.30299449999999994
3.6433e-08,-0.3005405
3.6435e-08,-0.297875
3.6437e-08,-0.2950039
3.6439e-08,-0.2919319
3.6441e-08,-0.2886647
3.6443e-08,-0.2852085
3.6445e-08,-0.2815696000000001
3.6447e-08,-0.2777545
3.6449e-08,-0.2737699
3.6451e-08,-0.2696229
3.6453e-08,-0.2653202
3.6455e-08,-0.260869
3.6457e-08,-0.25627619999999995
3.6459e-08,-0.2515488
3.6461e-08,-0.24669370000000002
3.6463e-08,-0.24171779999999998
3.6465e-08,-0.23662799999999995
3.6467e-08,-0.23143079999999994
3.6469e-08,-0.22613309999999998
3.6471e-08,-0.22074130000000003
3.6473e-08,-0.2152617
3.6475e-08,-0.20970060000000001
3.6477e-08,-0.20406410000000008
3.6479e-08,-0.1983583
3.6481e-08,-0.19258890000000006
3.6483e-08,-0.18676159999999997
3.6485e-08,-0.18088210000000005
3.6487e-08,-0.17495569999999994
3.6489e-08,-0.16898760000000002
3.6491e-08,-0.162983
3.6493e-08,-0.15694660000000005
3.6495e-08,-0.1508836
3.6497e-08,-0.1447982000000001
3.6499e-08,-0.13869529999999997
3.6501e-08,-0.13257890000000006
3.6503e-08,-0.1264533
3.6505e-08,-0.12032260000000006
3.6507e-08,-0.11419049999999997
3.6509e-08,-0.10806099999999996
3.6511e-08,-0.10193739999999996
3.6513e-08,-0.09582330000000006
3.6515e-08,-0.08972200000000008
3.6517e-08,-0.08363659999999995
3.6519e-08,-0.07757020000000003
3.6521e-08,-0.07152570000000003
3.6523e-08,-0.06550579999999995
3.6525e-08,-0.059513100000000096
3.6527e-08,-0.05355019999999999
3.6529e-08,-0.04761950000000004
3.6531e-08,-0.04172310000000001
3.6533e-08,-0.03586339999999999
3.6535e-08,-0.03004220000000002
3.6537e-08,-0.024261499999999936
3.6539e-08,-0.018523200000000073
3.6541e-08,-0.012828799999999974
3.6543e-08,-0.007180000000000075
3.6545e-08,-0.0015783000000000325
3.6547e-08,0.003974900000000003
3.6549e-08,0.00947830000000005
3.6551e-08,0.014930699999999963
3.6553e-08,0.02033089999999993
3.6555e-08,0.02567799999999998
3.6557e-08,0.030970900000000023
3.6559e-08,0.03620879999999993
3.6561e-08,0.04139080000000006
3.6563e-08,0.046516300000000066
3.6565e-08,0.05158460000000009
3.6567e-08,0.05659510000000001
3.6569e-08,0.06154740000000003
3.6571e-08,0.06644089999999991
3.6573e-08,0.07127519999999998
3.6575e-08,0.07604999999999995
3.6577e-08,0.08076499999999998
3.6579e-08,0.08541999999999994
3.6581e-08,0.09001479999999995
3.6583e-08,0.09454929999999995
3.6585e-08,0.09902339999999998
3.6587e-08,0.10343710000000006
3.6589e-08,0.1077903
3.6591e-08,0.11208309999999999
3.6593e-08,0.11631569999999991
3.6595e-08,0.12048800000000004
3.6597e-08,0.1246003
3.65985e-08,0.1276451999999999
3.66e-08,0.13065649999999995
3.66002e-08,0.1310559
3.66006e-08,0.13185560000000007
3.66014e-08,0.1334588
3.6603e-08,0.13666429999999996
3.6605e-08,0.1406267
3.6607e-08,0.14448819999999996
3.6609e-08,0.1482017
3.6611e-08,0.1517295999999999
3.6613e-08,0.15504269999999998
3.6615e-08,0.15811869999999995
3.6617e-08,0.16094050000000004
3.6619e-08,0.16349599999999997
3.6621e-08,0.16577699999999995
3.6623e-08,0.1677784
3.6625e-08,0.16949789999999998
3.6627e-08,0.1709353
3.6629e-08,0.17209229999999998
3.6631e-08,0.17297209999999996
3.6633e-08,0.17357920000000004
3.6635e-08,0.1739185000000001
3.6637e-08,0.1739965
3.6639e-08,0.17381970000000002
3.6641e-08,0.17339530000000003
3.6643e-08,0.17273099999999997
3.6645e-08,0.1718343
3.6647e-08,0.17071329999999996
3.6649e-08,0.16937610000000003
3.6651e-08,0.16783079999999995
3.6653e-08,0.16608539999999994
3.6655e-08,0.16414820000000008
3.6657e-08,0.16202720000000004
3.6659e-08,0.15973019999999993
3.6661e-08,0.15726530000000005
3.6663e-08,0.15464
3.6665e-08,0.1518619
3.6667e-08,0.14893840000000003
3.6669e-08,0.14587689999999998
3.6671e-08,0.1426843
3.6673e-08,0.13936780000000004
3.6675e-08,0.13593390000000005
3.6677e-08,0.1323894
3.6679e-08,0.12874070000000004
3.6681e-08,0.12499389999999999
3.6683e-08,0.12115509999999996
3.6685e-08,0.11723030000000001
3.6687e-08,0.11322509999999997
3.6689e-08,0.10914520000000005
3.6691e-08,0.10499579999999997
3.6693e-08,0.1007823000000001
3.6695e-08,0.09650959999999997
3.6697e-08,0.09218269999999995
3.6699e-08,0.0878063
3.6701e-08,0.08338480000000004
3.6703e-08,0.07892289999999991
3.6705e-08,0.07442470000000001
3.6707e-08,0.06989429999999996
3.6709e-08,0.06533579999999994
3.6711e-08,0.06075279999999994
3.6713e-08,0.05614920000000001
3.6715e-08,0.05152849999999998
3.6717e-08,0.0468940000000001
3.6719e-08,0.04224910000000004
3.6721e-08,0.037596799999999986
3.6723e-08,0.03294039999999998
3.6725e-08,0.028282599999999936
3.6727e-08,0.02362620000000004
3.6729e-08,0.01897379999999993
3.6731e-08,0.014328200000000013
3.6733e-08,0.009691499999999964
3.6735e-08,0.005066300000000079
3.6737e-08,0.0004547000000000301
3.6739e-08,-0.004141100000000009
3.6741e-08,-0.008719200000000038
3.6743e-08,-0.013277499999999942
3.6745e-08,-0.017814400000000008
3.6747e-08,-0.022328100000000073
3.6749e-08,-0.026816900000000032
3.6751e-08,-0.03127919999999995
3.6753e-08,-0.03571360000000001
3.6755e-08,-0.04011869999999995
3.6757e-08,-0.04449320000000001
3.6759e-08,-0.04883590000000004
3.6761e-08,-0.05314549999999996
3.6763e-08,-0.057420999999999944
3.6765e-08,-0.061661500000000036
3.6767e-08,-0.06586590000000003
3.6769e-08,-0.07003339999999991
3.6771e-08,-0.07416310000000004
3.6773e-08,-0.07825419999999994
3.6775e-08,-0.08230609999999994
3.6777e-08,-0.08631820000000001
3.6779e-08,-0.09028979999999998
3.6781e-08,-0.09422050000000004
3.6783e-08,-0.09810960000000002
3.6785e-08,-0.1019566999999999
3.6787e-08,-0.10576160000000001
3.6789e-08,-0.10952390000000001
3.6791e-08,-0.1132430000000001
3.6793e-08,-0.11691910000000005
3.6795e-08,-0.12055159999999998
3.6797e-08,-0.12414040000000004
3.67985e-08,-0.1268032
3.68e-08,-0.12944140000000004
3.68002e-08,-0.12979189999999996
3.68006e-08,-0.1304938
3.68014e-08,-0.13190349999999995
3.6803e-08,-0.134729
3.6805e-08,-0.13822979999999996
3.6807e-08,-0.1416444
3.6809e-08,-0.14492460000000007
3.6811e-08,-0.14803270000000002
3.6813e-08,-0.1509391
3.6815e-08,-0.1536206
3.6817e-08,-0.15605999999999998
3.6819e-08,-0.15824479999999996
3.6821e-08,-0.16016620000000004
3.6823e-08,-0.1618189000000001
3.6825e-08,-0.16320029999999996
3.6827e-08,-0.1643097
3.6829e-08,-0.16514869999999993
3.6831e-08,-0.16572010000000004
3.6833e-08,-0.16602799999999995
3.6835e-08,-0.16607760000000005
3.6837e-08,-0.16587470000000004
3.6839e-08,-0.16542579999999996
3.6841e-08,-0.16473779999999993
3.6843e-08,-0.16381829999999997
3.6845e-08,-0.16267489999999996
3.6847e-08,-0.16131529999999994
3.6849e-08,-0.15974750000000004
3.6851e-08,-0.1579794
3.6853e-08,-0.15601909999999997
3.6855e-08,-0.15387449999999991
3.6857e-08,-0.15155359999999996
3.6859e-08,-0.14906429999999993
3.6861e-08,-0.1464143
3.6863e-08,-0.1436111
3.6865e-08,-0.14066230000000002
3.6867e-08,-0.1375752
3.6869e-08,-0.1343569
3.6871e-08,-0.13101449999999992
3.6873e-08,-0.12755479999999997
3.6875e-08,-0.1239846
3.6877e-08,-0.12031009999999998
3.6879e-08,-0.11653789999999997
3.6881e-08,-0.11267419999999995
3.6883e-08,-0.10872470000000001
3.6885e-08,-0.10469530000000005
3.6887e-08,-0.10059170000000006
3.6889e-08,-0.0964193000000001
3.6891e-08,-0.09218340000000003
3.6893e-08,-0.08788910000000005
3.6895e-08,-0.08354129999999993
3.6897e-08,-0.07914489999999996
3.6899e-08,-0.0747044
3.6901e-08,-0.07022439999999996
3.6903e-08,-0.06570910000000008
3.6905e-08,-0.061162599999999956
3.6907e-08,-0.05658910000000006
3.6909e-08,-0.05199240000000005
3.6911e-08,-0.047375999999999974
3.6913e-08,-0.04274370000000005
3.6915e-08,-0.038098999999999994
3.6917e-08,-0.033445100000000005
3.6919e-08,-0.02878500000000006
3.6921e-08,-0.02412190000000003
3.6923e-08,-0.01945869999999994
3.6925e-08,-0.014798300000000042
3.6927e-08,-0.010143200000000019
3.6929e-08,-0.005496000000000056
3.6931e-08,-0.0008591999999999489
3.6933e-08,0.003764900000000071
3.6935e-08,0.008374100000000051
3.6937e-08,0.012966299999999986
3.6939e-08,0.01753950000000004
3.6941e-08,0.022091700000000047
3.6943e-08,0.026621099999999953
3.6945e-08,0.031126099999999934
3.6947e-08,0.03560489999999994
3.6949e-08,0.04005609999999993
3.6951e-08,0.04447820000000002
3.6953e-08,0.04886979999999996
3.6955e-08,0.05322959999999999
3.6957e-08,0.05755640000000006
3.6959e-08,0.06184900000000004
3.6961e-08,0.06610650000000007
3.6963e-08,0.0703279
3.6965e-08,0.07451200000000002
3.6967e-08,0.07865820000000001
3.6969e-08,0.08276549999999994
3.6971e-08,0.0868333
3.6973e-08,0.09086099999999997
3.6975e-08,0.09484789999999998
3.6977e-08,0.09879329999999997
3.6979e-08,0.10269679999999992
3.6981e-08,0.10655800000000004
3.6983e-08,0.1103763000000001
3.6985e-08,0.11415150000000007
3.6987e-08,0.11788320000000008
3.6989e-08,0.12157110000000004
3.6991e-08,0.12521499999999997
3.6993e-08,0.12881469999999995
3.6995e-08,0.13237009999999994
3.6997e-08,0.13588089999999997
3.69985e-08,0.13848470000000002
3.7e-08,0.14106340000000006
3.70002e-08,0.14140510000000006
3.70006e-08,0.14208759999999998
3.70014e-08,0.1434472
3.7003e-08,0.14614510000000003
3.7005e-08,0.14947719999999998
3.7007e-08,0.15276459999999992
3.7009e-08,0.15600740000000002
3.7011e-08,0.1592057
3.7013e-08,0.1623595
3.7015e-08,0.16546910000000004
3.7017e-08,0.16853439999999997
3.7019e-08,0.17155569999999998
3.7021e-08,0.1745333
3.7023e-08,0.17746720000000005
3.7025e-08,0.18035769999999995
3.7027e-08,0.1832051
3.7029e-08,0.18600950000000005
3.7031e-08,0.18877139999999992
3.7033e-08,0.19149090000000002
3.7035e-08,0.19416840000000002
3.7037e-08,0.19680410000000004
3.7039e-08,0.1993984000000001
3.7041e-08,0.2019516
3.7043e-08,0.20446419999999998
3.7045e-08,0.20693630000000007
3.7047e-08,0.2093683999999999
3.7049e-08,0.21176079999999997
3.7051e-08,0.21411389999999997
3.7053e-08,0.2164281
3.7055e-08,0.2187038
3.7057e-08,0.2209413
3.7059e-08,0.22314099999999992
3.7061e-08,0.2253035
3.7063e-08,0.227429
3.7065e-08,0.2295178
3.7067e-08,0.23157059999999996
3.7069e-08,0.23358770000000006
3.7071e-08,0.23556940000000004
3.7073e-08,0.23751619999999996
3.7075e-08,0.2394286
3.7077e-08,0.24130699999999994
3.7079e-08,0.24315160000000002
3.7081e-08,0.24496300000000004
3.7083e-08,0.24674170000000006
3.7085e-08,0.24848789999999998
3.7087e-08,0.25020219999999993
3.7089e-08,0.25188489999999997
3.7091e-08,0.25353650000000005
3.7093e-08,0.2551574
3.7095e-08,0.25674790000000003
3.7097e-08,0.2583086
3.7099e-08,0.25983979999999995
3.7101e-08,0.2613419
3.7103e-08,0.2628153
3.7105e-08,0.26426060000000007
3.7107e-08,0.2656778999999999
3.7109e-08,0.2670679
3.7111e-08,0.2684307
3.7113e-08,0.26976690000000003
3.7115e-08,0.2710768
3.7117e-08,0.2723609
3.7119e-08,0.2736195
3.7121e-08,0.27485289999999996
3.7123e-08,0.2760616
3.7125e-08,0.2772460000000001
3.7127e-08,0.2784065
3.7129e-08,0.2795432
3.7131e-08,0.28065679999999993
3.7133e-08,0.28174750000000004
3.7135e-08,0.28281559999999994
3.7137e-08,0.2838617000000001
3.7139e-08,0.2848859
3.7141e-08,0.2858887
3.7143e-08,0.28687039999999997
3.7145e-08,0.28783119999999995
3.7147e-08,0.2887718
3.7149e-08,0.2896921
3.7151e-08,0.29059270000000004
3.7153e-08,0.29147389999999995
3.7155e-08,0.29233600000000004
3.7157e-08,0.2931792
3.7159e-08,0.29400399999999993
3.7161e-08,0.2948105999999999
3.7163e-08,0.2955995
3.7165e-08,0.29637059999999993
3.7167e-08,0.29712460000000007
3.7169e-08,0.29786159999999995
3.7171e-08,0.298582
3.7173e-08,0.29928600000000005
3.7175e-08,0.29997380000000007
3.7177e-08,0.3006455
3.7179e-08,0.30130250000000003
3.7181e-08,0.3019440000000001
3.7183e-08,0.30257010000000006
3.7185e-08,0.30318179999999995
3.7187e-08,0.3037784
3.7189e-08,0.3043619999999999
3.7191e-08,0.3049306999999999
3.7193e-08,0.3054865000000001
3.7195e-08,0.3060277
3.7197e-08,0.30655640000000006
3.71985e-08,0.3069443999999999
3.72e-08,0.3073248999999999
3.72002e-08,0.30737570000000003
3.72006e-08,0.3074753000000001
3.72014e-08,0.3076746
3.7203e-08,0.3080653
3.7205e-08,0.30854400000000004
3.7207e-08,0.30901080000000003
3.7209e-08,0.30946470000000004
3.7211e-08,0.3099079
3.7213e-08,0.3103395000000001
3.7215e-08,0.3107595999999999
3.7217e-08,0.31116920000000003
3.7219e-08,0.3115686000000001
3.7221e-08,0.31195669999999986
3.7223e-08,0.31233469999999997
3.7225e-08,0.31270180000000003
3.7227e-08,0.31305990000000006
3.7229e-08,0.3134082
3.7231e-08,0.3137467999999999
3.7233e-08,0.31407679999999993
3.7235e-08,0.3143962
3.7237e-08,0.3147081999999999
3.7239e-08,0.31500990000000006
3.7241e-08,0.3153043
3.7243e-08,0.31558949999999997
3.7245e-08,0.3158666
3.7247e-08,0.31613570000000013
3.7249e-08,0.3163967999999999
3.7251e-08,0.31665010000000005
3.7253e-08,0.3168957
3.7255e-08,0.31713349999999996
3.7257e-08,0.3173636999999999
3.7259e-08,0.31758739999999996
3.7261e-08,0.3178046
3.7263e-08,0.31801440000000003
3.7265e-08,0.3182169
3.7267e-08,0.3184142
3.7269e-08,0.3186032
3.7271e-08,0.3187871000000001
3.7273e-08,0.31896500000000005
3.7275e-08,0.31913590000000003
3.7277e-08,0.3193019
3.7279e-08,0.319462
3.7281e-08,0.3196163000000001
3.7283e-08,0.31976490000000013
3.7285e-08,0.31990779999999996
3.7287e-08,0.3200461
3.7289e-08,0.3201788
3.7291e-08,0.3203060000000001
3.7293e-08,0.32042880000000007
3.7295e-08,0.3205462000000001
3.7297e-08,0.3206603
3.7299e-08,0.3207681
3.7301e-08,0.32087260000000006
3.7303e-08,0.3209719999999999
3.7305e-08,0.3210672
3.7307e-08,0.32115839999999996
3.7309e-08,0.32124549999999996
3.7311e-08,0.32132859999999996
3.7313e-08,0.3214078
3.7315e-08,0.3214831
3.7317e-08,0.3215545999999999
3.7319e-08,0.3216223
3.7321e-08,0.32168620000000003
3.7323e-08,0.3217474
3.7325e-08,0.32180490000000006
3.7327e-08,0.32185870000000005
3.7329e-08,0.3219099999999999
3.7331e-08,0.32195779999999996
3.7333e-08,0.3220020000000001
3.7335e-08,0.32204369999999993
3.7337e-08,0.322083
3.7339e-08,0.3221188999999999
3.7341e-08,0.3221514
3.7343e-08,0.3221826
3.7345e-08,0.32221049999999996
3.7347e-08,0.3222351
3.7349e-08,0.3222584999999999
3.7351e-08,0.32227870000000003
3.7353e-08,0.3222966999999999
3.7355e-08,0.32231259999999995
3.7357e-08,0.3223254000000001
3.7359e-08,0.32233710000000004
3.7361e-08,0.32234680000000004
3.7363e-08,0.3223534
3.7365e-08,0.3223591
3.7367e-08,0.3223617999999999
3.7369e-08,0.32236350000000014
3.7371e-08,0.32236239999999994
3.7373e-08,0.32236030000000004
3.7375e-08,0.32235649999999993
3.7377e-08,0.3223507
3.7379e-08,0.32234320000000005
3.7381e-08,0.32233390000000006
3.7383e-08,0.32232380000000005
3.7385e-08,0.32231200000000004
3.7387e-08,0.32229850000000004
3.7389e-08,0.32228329999999994
3.7391e-08,0.3222674
3.7393e-08,0.3222499000000001
3.7395e-08,0.3222307
3.7397e-08,0.32221089999999997
3.73985e-08,0.3221951999999999
3.74e-08,0.3221791999999999
3.74002e-08,0.3221771
3.74006e-08,0.32217190000000007
3.74014e-08,0.3221633999999999
3.7403e-08,0.32214410000000004
3.7405e-08,0.3221191
3.7407e-08,0.3220936
3.7409e-08,0.3220675999999999
3.7411e-08,0.32204009999999994
3.7413e-08,0.3220111000000001
3.7415e-08,0.32198170000000004
3.7417e-08,0.3219517999999999
3.7419e-08,0.3219205999999999
3.7421e-08,0.32188890000000014
3.7423e-08,0.3218559
3.7425e-08,0.3218225
3.7427e-08,0.32178870000000004
3.7429e-08,0.3217536
3.7431e-08,0.32171819999999995
3.7433e-08,0.3216825000000001
3.7435e-08,0.3216454000000001
3.7437e-08,0.32160810000000006
3.7439e-08,0.3215705000000001
3.7441e-08,0.3215327000000001
3.7443e-08,0.32149359999999993
3.7445e-08,0.3214542
3.7447e-08,0.3214145999999999
3.7449e-08,0.3213738999999999
3.7451e-08,0.32133389999999995
3.7453e-08,0.3212927
3.7455e-08,0.32125130000000013
3.7457e-08,0.3212098000000001
3.7459e-08,0.32116710000000004
3.7461e-08,0.3211252
3.7463e-08,0.3210822000000001
3.7465e-08,0.32104010000000005
3.7467e-08,0.3209968000000001
3.7469e-08,0.32095340000000006
3.7471e-08,0.32090889999999994
3.7473e-08,0.3208653
3.7475e-08,0.32082160000000004
3.7477e-08,0.3207768999999999
3.7479e-08,0.32073299999999993
3.7481e-08,0.32068810000000014
3.7483e-08,0.3206440999999999
3.7485e-08,0.3205991
3.7487e-08,0.3205539999999999
3.7489e-08,0.32050880000000004
3.7491e-08,0.32046470000000005
3.7493e-08,0.32041949999999997
3.7495e-08,0.3203743000000001
3.7497e-08,0.320329
3.7499e-08,0.3202838000000001
3.7501e-08,0.3202385
3.7503e-08,0.32019320000000007
3.7505e-08,0.320148
3.7507e-08,0.3201037
3.7509e-08,0.3200584999999999
3.7511e-08,0.32001330000000006
3.7513e-08,0.3199681
3.7515e-08,0.3199229
3.7517e-08,0.3198778
3.7519e-08,0.3198337
3.7521e-08,0.3197886000000001
3.7523e-08,0.3197436
3.7525e-08,0.31969970000000003
3.7527e-08,0.3196547999999999
3.7529e-08,0.3196108999999999
3.7531e-08,0.3195671
3.7533e-08,0.3195224000000001
3.7535e-08,0.3194786999999999
3.7537e-08,0.3194351999999999
3.7539e-08,0.3193916
3.7541e-08,0.31934819999999997
3.7543e-08,0.31930480000000006
3.7545e-08,0.3192615000000001
3.7547e-08,0.31921830000000007
3.7549e-08,0.3191751999999999
3.7551e-08,0.3191332000000001
3.7553e-08,0.31909029999999994
3.7555e-08,0.3190484000000001
3.7557e-08,0.31900570000000006
3.7559e-08,0.318964
3.7561e-08,0.3189225
3.7563e-08,0.3188810999999999
3.7565e-08,0.31883969999999995
3.7567e-08,0.3187985000000001
3.7569e-08,0.31875829999999994
3.7571e-08,0.31871729999999987
3.7573e-08,0.3186774
3.7575e-08,0.31863659999999994
3.7577e-08,0.31859690000000007
3.7579e-08,0.3185573999999999
3.7581e-08,0.3185179
3.7583e-08,0.31847860000000006
3.7585e-08,0.31844040000000007
3.7587e-08,0.31840119999999994
3.7589e-08,0.3183623000000001
3.7591e-08,0.31832440000000006
3.7593e-08,0.31828670000000003
3.7595e-08,0.31824910000000006
3.7597e-08,0.31821160000000004
3.75985e-08,0.3181837999999999
3.76e-08,0.31815609999999994
3.76002e-08,0.3181525999999999
3.76006e-08,0.31814870000000006
3.76014e-08,0.31815229999999994
3.7603e-08,0.31818630000000014
3.7605e-08,0.31824129999999995
3.7607e-08,0.31825950000000014
3.7609e-08,0.3181957999999999
3.7611e-08,0.318014
3.7613e-08,0.3176861999999999
3.7615e-08,0.3171900000000001
3.7617e-08,0.3165076
3.7619e-08,0.3156272
3.7621e-08,0.3145399000000001
3.7623e-08,0.3132378
3.7625e-08,0.31171910000000014
3.7627e-08,0.30998100000000006
3.7629e-08,0.3080240999999999
3.7631e-08,0.3058487999999999
3.7633e-08,0.3034589000000001
3.7635e-08,0.3008563999999999
3.7637e-08,0.2980461
3.7639e-08,0.2950336
3.7641e-08,0.29182379999999997
3.7643e-08,0.2884228
3.7645e-08,0.2848368
3.7647e-08,0.2810722000000001
3.7649e-08,0.2771357
3.7651e-08,0.2730342
3.7653e-08,0.2687746
3.7655e-08,0.26436380000000004
3.7657e-08,0.2598087
3.7659e-08,0.25511649999999997
3.7661e-08,0.2502941000000001
3.7663e-08,0.24534830000000007
3.7665e-08,0.240286
3.7667e-08,0.2351139
3.7669e-08,0.22983870000000006
3.7671e-08,0.22446679999999997
3.7673e-08,0.21900489999999995
3.7675e-08,0.2134591
3.7677e-08,0.2078356
3.7679e-08,0.20214030000000005
3.7681e-08,0.19637939999999998
3.7683e-08,0.19055849999999996
3.7685e-08,0.18468320000000005
3.7687e-08,0.17875889999999994
3.7689e-08,0.17279099999999992
3.7691e-08,0.16678460000000006
3.7693e-08,0.16074470000000007
3.7695e-08,0.15467620000000004
3.7697e-08,0.14858369999999999
3.7699e-08,0.14247189999999998
3.7701e-08,0.1363451
3.7703e-08,0.13020739999999997
3.7705e-08,0.12406310000000009
3.7707e-08,0.11791610000000008
3.7709e-08,0.11177009999999998
3.7711e-08,0.10562890000000003
3.7713e-08,0.09949580000000002
3.7715e-08,0.09337430000000002
3.7717e-08,0.0872676
3.7719e-08,0.08117870000000005
3.7721e-08,0.07511069999999997
3.7723e-08,0.06906639999999997
3.7725e-08,0.0630484
3.7727e-08,0.05705919999999998
3.7729e-08,0.051101399999999964
3.7731e-08,0.04517720000000003
3.7733e-08,0.03928880000000001
3.7735e-08,0.03343830000000003
3.7737e-08,0.027627699999999922
3.7739e-08,0.021858799999999956
3.7741e-08,0.016133300000000017
3.7743e-08,0.010453000000000046
3.7745e-08,0.0048192000000000235
3.7747e-08,-0.0007665000000000033
3.7749e-08,-0.006302699999999994
3.7751e-08,-0.011788299999999974
3.7753e-08,-0.017222100000000018
3.7755e-08,-0.02260289999999998
3.7757e-08,-0.027929899999999952
3.7759e-08,-0.033202000000000065
3.7761e-08,-0.03841860000000008
3.7763e-08,-0.04357869999999997
3.7765e-08,-0.0486818
3.7767e-08,-0.05372710000000003
3.7769e-08,-0.0587143
3.7771e-08,-0.06364269999999994
3.7773e-08,-0.06851200000000002
3.7775e-08,-0.07332179999999999
3.7777e-08,-0.07807180000000002
3.7779e-08,-0.08276159999999999
3.7781e-08,-0.08739140000000001
3.7783e-08,-0.09196060000000006
3.7785e-08,-0.09646939999999993
3.7787e-08,-0.10091759999999994
3.7789e-08,-0.10530519999999999
3.7791e-08,-0.10963230000000002
3.7793e-08,-0.11389890000000003
3.7795e-08,-0.11810519999999991
3.7797e-08,-0.1222512
3.77985e-08,-0.12532129999999997
3.78e-08,-0.12835770000000002
3.78002e-08,-0.12875970000000003
3.78006e-08,-0.12956239999999997
3.78014e-08,-0.13116099999999997
3.7803e-08,-0.13432940000000004
3.7805e-08,-0.13823649999999998
3.7807e-08,-0.14208469999999995
3.7809e-08,-0.1458741
3.7811e-08,-0.1496052
3.7813e-08,-0.15327829999999998
3.7815e-08,-0.15689359999999997
3.7817e-08,-0.16045180000000003
3.7819e-08,-0.1639529999999999
3.7821e-08,-0.16739799999999994
3.7823e-08,-0.17078700000000002
3.7825e-08,-0.17412059999999996
3.7827e-08,-0.17739919999999998
3.7829e-08,-0.18062319999999998
3.7831e-08,-0.18379329999999994
3.7833e-08,-0.18690989999999996
3.7835e-08,-0.18997359999999996
3.7837e-08,-0.19298499999999996
3.7839e-08,-0.19594449999999997
3.7841e-08,-0.1988527
3.7843e-08,-0.2017101
3.7845e-08,-0.2045173
3.7847e-08,-0.207275
3.7849e-08,-0.20998360000000005
3.7851e-08,-0.21264379999999994
3.7853e-08,-0.21525610000000006
3.7855e-08,-0.21782100000000004
3.7857e-08,-0.22033939999999996
3.7859e-08,-0.22281149999999994
3.7861e-08,-0.22523800000000005
3.7863e-08,-0.22761969999999998
3.7865e-08,-0.22995690000000002
3.7867e-08,-0.23225039999999997
3.7869e-08,-0.2345007
3.7871e-08,-0.23670839999999993
3.7873e-08,-0.23887399999999992
3.7875e-08,-0.2409983
3.7877e-08,-0.2430816
3.7879e-08,-0.24512469999999997
3.7881e-08,-0.24712800000000001
3.7883e-08,-0.24909219999999999
3.7885e-08,-0.25101779999999996
3.7887e-08,-0.25290539999999995
3.7889e-08,-0.25475559999999997
3.7891e-08,-0.25656880000000004
3.7893e-08,-0.2583457
3.7895e-08,-0.2600869
3.7897e-08,-0.26179280000000005
3.7899e-08,-0.2634639999999999
3.7901e-08,-0.26510100000000003
3.7903e-08,-0.26670439999999995
3.7905e-08,-0.2682745999999999
3.7907e-08,-0.26981239999999995
3.7909e-08,-0.2713179
3.7911e-08,-0.2727921
3.7913e-08,-0.27423510000000006
3.7915e-08,-0.2756476
3.7917e-08,-0.27703009999999995
3.7919e-08,-0.2783829
3.7921e-08,-0.2797067000000001
3.7923e-08,-0.2810019
3.7925e-08,-0.282269
3.7927e-08,-0.28350850000000005
3.7929e-08,-0.28472070000000005
3.7931e-08,-0.28590629999999995
3.7933e-08,-0.28706560000000003
3.7935e-08,-0.2881990000000001
3.7937e-08,-0.289307
3.7939e-08,-0.29039020000000004
3.7941e-08,-0.29144879999999995
3.7943e-08,-0.2924833
3.7945e-08,-0.2934941
3.7947e-08,-0.2944818
3.7949e-08,-0.2954466
3.7951e-08,-0.2963888
3.7953e-08,-0.2973091000000001
3.7955e-08,-0.29820769999999996
3.7957e-08,-0.29908499999999993
3.7959e-08,-0.29994160000000003
3.7961e-08,-0.3007776000000001
3.7963e-08,-0.30159289999999994
3.7965e-08,-0.30238940000000014
3.7967e-08,-0.3031663
3.7969e-08,-0.30392379999999997
3.7971e-08,-0.30466300000000013
3.7973e-08,-0.30538310000000013
3.7975e-08,-0.30608639999999987
3.7977e-08,-0.3067708000000001
3.7979e-08,-0.30743870000000006
3.7981e-08,-0.30808920000000006
3.7983e-08,-0.3087234000000001
3.7985e-08,-0.3093404999999999
3.7987e-08,-0.30994160000000004
3.7989e-08,-0.3105270000000001
3.7991e-08,-0.31109770000000003
3.7993e-08,-0.3116529
3.7995e-08,-0.3121927
3.7997e-08,-0.31271839999999995
3.79985e-08,-0.3131035000000001
3.8e-08,-0.31347959999999997
3.80002e-08,-0.31353010000000003
3.80006e-08,-0.31362899999999994
3.80014e-08,-0.3138249000000001
3.8003e-08,-0.3142104
3.8005e-08,-0.3146806
3.8007e-08,-0.31513730000000006
3.8009e-08,-0.3155815999999999
3.8011e-08,-0.3160126
3.8013e-08,-0.3164315000000001
3.8015e-08,-0.3168383
3.8017e-08,-0.31723230000000013
3.8019e-08,-0.31761550000000016
3.8021e-08,-0.3179869999999999
3.8023e-08,-0.31834799999999996
3.8025e-08,-0.3186966
3.8027e-08,-0.3190358
3.8029e-08,-0.31936379999999986
3.8031e-08,-0.3196818
3.8033e-08,-0.3199886999999999
3.8035e-08,-0.32028679999999987
3.8037e-08,-0.3205751000000001
3.8039e-08,-0.3208537
3.8041e-08,-0.3211227
3.8043e-08,-0.3213832
3.8045e-08,-0.3216344
3.8047e-08,-0.3218772000000001
3.8049e-08,-0.32211089999999987
3.8051e-08,-0.3223364000000001
3.8053e-08,-0.3225539999999999
3.8055e-08,-0.3227635000000001
3.8057e-08,-0.32296630000000004
3.8059e-08,-0.32316029999999996
3.8061e-08,-0.32334660000000004
3.8063e-08,-0.32352630000000004
3.8065e-08,-0.3236985
3.8067e-08,-0.3238643
3.8069e-08,-0.3240227000000001
3.8071e-08,-0.3241748
3.8073e-08,-0.32432070000000013
3.8075e-08,-0.3244595000000001
3.8077e-08,-0.3245932
3.8079e-08,-0.3247199999999999
3.8081e-08,-0.32484080000000004
3.8083e-08,-0.32495580000000013
3.8085e-08,-0.32506500000000005
3.8087e-08,-0.3251695000000001
3.8089e-08,-0.32526829999999995
3.8091e-08,-0.32536149999999986
3.8093e-08,-0.3254501999999999
3.8095e-08,-0.32553350000000003
3.8097e-08,-0.3256123000000001
3.8099e-08,-0.3256857999999999
3.8101e-08,-0.3257549999999999
3.8103e-08,-0.32581899999999997
3.8105e-08,-0.32587980000000005
3.8107e-08,-0.32593550000000004
3.8109e-08,-0.3259871000000001
3.8111e-08,-0.3260346999999999
3.8113e-08,-0.32607830000000004
3.8115e-08,-0.326118
3.8117e-08,-0.3261539000000001
3.8119e-08,-0.32618590000000003
3.8121e-08,-0.3262151999999999
3.8123e-08,-0.32623970000000013
3.8125e-08,-0.32626160000000004
3.8127e-08,-0.32627989999999996
3.8129e-08,-0.32629549999999996
3.8131e-08,-0.3263077
3.8133e-08,-0.32631730000000003
3.8135e-08,-0.32632339999999993
3.8137e-08,-0.3263262000000001
3.8139e-08,-0.32632660000000013
3.8141e-08,-0.32632459999999996
3.8143e-08,-0.3263202999999999
3.8145e-08,-0.32631279999999996
3.8147e-08,-0.32630309999999996
3.8149e-08,-0.32629010000000014
3.8151e-08,-0.326276
3.8153e-08,-0.32625880000000007
3.8155e-08,-0.32624049999999993
3.8157e-08,-0.3262191
3.8159e-08,-0.3261957000000001
3.8161e-08,-0.32617039999999997
3.8163e-08,-0.32614300000000007
3.8165e-08,-0.3261138
3.8167e-08,-0.3260826
3.8169e-08,-0.32605059999999997
3.8171e-08,-0.32601570000000013
3.8173e-08,-0.32598000000000005
3.8175e-08,-0.32594259999999997
3.8177e-08,-0.32590340000000007
3.8179e-08,-0.3258624000000001
3.8181e-08,-0.32582069999999996
3.8183e-08,-0.3257774
3.8185e-08,-0.3257323999999999
3.8187e-08,-0.32568680000000005
3.8189e-08,-0.32563850000000005
3.8191e-08,-0.3255907000000001
3.8193e-08,-0.3255412999999999
3.8195e-08,-0.32549040000000007
3.8197e-08,-0.3254389
3.81985e-08,-0.3253984999999999
3.82e-08,-0.32537039999999995
3.82002e-08,-0.32536870000000007
3.82006e-08,-0.32536790000000004
3.82014e-08,-0.3253729000000001
3.8203e-08,-0.3253996000000001
3.8205e-08,-0.32542360000000004
3.8207e-08,-0.3253933000000001
3.8209e-08,-0.3252669
3.8211e-08,-0.3250119
3.8213e-08,-0.3246011
3.8215e-08,-0.3240149
3.8217e-08,-0.32323970000000013
3.8219e-08,-0.32226219999999994
3.8221e-08,-0.3210750000000001
3.8223e-08,-0.31967270000000003
3.8225e-08,-0.3180529999999999
3.8227e-08,-0.31621409999999994
3.8229e-08,-0.31415610000000005
3.8231e-08,-0.3118814
3.8233e-08,-0.30939300000000003
3.8235e-08,-0.3066939000000001
3.8237e-08,-0.3037886999999999
3.8239e-08,-0.3006829999999999
3.8241e-08,-0.29738279999999995
3.8243e-08,-0.29389280000000007
3.8245e-08,-0.2902199
3.8247e-08,-0.2863705
3.8249e-08,-0.28235129999999997
3.8251e-08,-0.27816910000000006
3.8253e-08,-0.27383080000000004
3.8255e-08,-0.26934329999999995
3.8257e-08,-0.2647136
3.8259e-08,-0.25994870000000003
3.8261e-08,-0.25505520000000004
3.8263e-08,-0.25004019999999993
3.8265e-08,-0.24491050000000003
3.8267e-08,-0.23967280000000002
3.8269e-08,-0.23433339999999991
3.8271e-08,-0.22889910000000002
3.8273e-08,-0.22337609999999997
3.8275e-08,-0.21777080000000004
3.8277e-08,-0.21208910000000003
3.8279e-08,-0.20633709999999994
3.8281e-08,-0.20052080000000005
3.8283e-08,-0.19464569999999992
3.8285e-08,-0.18871729999999998
3.8287e-08,-0.1827413
3.8289e-08,-0.17672259999999995
3.8291e-08,-0.17066669999999995
3.8293e-08,-0.16457829999999996
3.8295e-08,-0.15846229999999994
3.8297e-08,-0.1523232000000001
3.8299e-08,-0.1461658
3.8301e-08,-0.1399942999999999
3.8303e-08,-0.13381279999999995
3.8305e-08,-0.1276256
3.8307e-08,-0.1214364
3.8309e-08,-0.1152491
3.8311e-08,-0.10906730000000009
3.8313e-08,-0.10289439999999994
3.8315e-08,-0.09673379999999998
3.8317e-08,-0.09058880000000002
3.8319e-08,-0.08446219999999993
3.8321e-08,-0.07835720000000002
3.8323e-08,-0.07227650000000008
3.8325e-08,-0.06622269999999997
3.8327e-08,-0.06019830000000004
3.8329e-08,-0.054205999999999976
3.8331e-08,-0.04824779999999995
3.8333e-08,-0.042326000000000086
3.8335e-08,-0.03644259999999999
3.8337e-08,-0.03059960000000006
3.8339e-08,-0.024798899999999957
3.8341e-08,-0.01904209999999995
3.8343e-08,-0.013330799999999976
3.8345e-08,-0.007666700000000026
3.8347e-08,-0.0020512000000000308
3.8349e-08,0.003514500000000087
3.8351e-08,0.009029100000000012
3.8353e-08,0.01449149999999999
3.8355e-08,0.01990040000000004
3.8357e-08,0.025255200000000033
3.8359e-08,0.030554700000000046
3.8361e-08,0.0357982
3.8363e-08,0.04098489999999999
3.8365e-08,0.046114199999999994
3.8367e-08,0.051185399999999937
3.8369e-08,0.05619800000000008
3.8371e-08,0.061151600000000084
3.8373e-08,0.06604569999999998
3.8375e-08,0.0708799
3.8377e-08,0.075654
3.8379e-08,0.08036779999999999
3.8381e-08,0.08502100000000001
3.8383e-08,0.08961339999999995
3.8385e-08,0.09414509999999998
3.8387e-08,0.09861589999999998
3.8389e-08,0.1030259
3.8391e-08,0.107375
3.8393e-08,0.11166330000000002
3.8395e-08,0.11589119999999997
3.8397e-08,0.12005840000000001
3.83985e-08,0.12314420000000004
3.84e-08,0.12619630000000004
3.84002e-08,0.1266003
3.84006e-08,0.1274073
3.84014e-08,0.12901399999999996
3.8403e-08,0.13219879999999995
3.8405e-08,0.13612619999999997
3.8407e-08,0.13999430000000002
3.8409e-08,0.14380350000000008
3.8411e-08,0.14755410000000002
3.8413e-08,0.1512464
3.8415e-08,0.1548809
3.8417e-08,0.158458
3.8419e-08,0.16197800000000007
3.8421e-08,0.1654413
3.8423e-08,0.16884860000000002
3.8425e-08,0.17220019999999991
3.8427e-08,0.1754966
3.8429e-08,0.17873839999999996
3.8431e-08,0.18192590000000008
3.8433e-08,0.18505989999999994
3.8435e-08,0.18814070000000005
3.8437e-08,0.19116889999999997
3.8439e-08,0.19414510000000007
3.8441e-08,0.19707000000000008
3.8443e-08,0.1999438
3.8445e-08,0.20276729999999998
3.8447e-08,0.20554109999999992
3.8449e-08,0.2082655
3.8451e-08,0.2109415
3.8453e-08,0.2135693999999999
3.8455e-08,0.2161497
3.8457e-08,0.21868330000000002
3.8459e-08,0.2211706
3.8461e-08,0.22361229999999999
3.8463e-08,0.2260088
3.8465e-08,0.22836069999999997
3.8467e-08,0.2306687999999999
3.8469e-08,0.23293350000000002
3.8471e-08,0.23515549999999996
3.8473e-08,0.23733530000000003
3.8475e-08,0.2394735
3.8477e-08,0.24157070000000003
3.8479e-08,0.24362759999999994
3.8481e-08,0.2456446
3.8483e-08,0.24762230000000007
3.8485e-08,0.24956140000000004
3.8487e-08,0.25146219999999997
3.8489e-08,0.25332559999999993
3.8491e-08,0.2551519
3.8493e-08,0.25694170000000005
3.8495e-08,0.2586957
3.8497e-08,0.2604143000000001
3.8499e-08,0.2620981
3.8501e-08,0.2637476000000001
3.8503e-08,0.2653634
3.8505e-08,0.266946
3.8507e-08,0.2684959
3.8509e-08,0.27001359999999996
3.8511e-08,0.27149959999999995
3.8513e-08,0.2729545
3.8515e-08,0.2743787999999999
3.8517e-08,0.2757729000000001
3.8519e-08,0.27713730000000003
3.8521e-08,0.27847260000000007
3.8523e-08,0.2797792
3.8525e-08,0.2810576
3.8527e-08,0.2823081999999999
3.8529e-08,0.28353149999999994
3.8531e-08,0.2847282
3.8533e-08,0.28589830000000005
3.8535e-08,0.28704260000000004
3.8537e-08,0.2881614
3.8539e-08,0.28925520000000005
3.8541e-08,0.29032440000000004
3.8543e-08,0.2913694
3.8545e-08,0.29239059999999994
3.8547e-08,0.2933886
3.8549e-08,0.2943635
3.8551e-08,0.2953159999999999
3.8553e-08,0.2962463000000001
3.8555e-08,0.29715499999999995
3.8557e-08,0.2980423
3.8559e-08,0.2989086000000001
3.8561e-08,0.29975430000000003
3.8563e-08,0.3005799
3.8565e-08,0.3013852
3.8567e-08,0.30217190000000005
3.8569e-08,0.30293919999999996
3.8571e-08,0.3036870999999999
3.8573e-08,0.3044169
3.8575e-08,0.3051286999999999
3.8577e-08,0.30582280000000006
3.8579e-08,0.30649919999999997
3.8581e-08,0.30715919999999997
3.8583e-08,0.30780189999999996
3.8585e-08,0.30842840000000005
3.8587e-08,0.30903899999999995
3.8589e-08,0.30963269999999987
3.8591e-08,0.31021180000000004
3.8593e-08,0.3107753000000001
3.8595e-08,0.31132440000000006
3.8597e-08,0.31185830000000003
3.85985e-08,0.31224949999999996
3.86e-08,0.31263280000000004
3.86002e-08,0.3126827
3.86006e-08,0.31278340000000004
3.86014e-08,0.3129829999999999
3.8603e-08,0.31337480000000006
3.8605e-08,0.3138530999999999
3.8607e-08,0.3143188
3.8609e-08,0.3147701999999999
3.8611e-08,0.3152102
3.8613e-08,0.315636
3.8615e-08,0.31605079999999985
3.8617e-08,0.31645369999999995
3.8619e-08,0.31684469999999987
3.8621e-08,0.3172231
3.8623e-08,0.3175918999999999
3.8625e-08,0.3179482
3.8627e-08,0.31829419999999997
3.8629e-08,0.3186299
3.8631e-08,0.31895549999999995
3.8633e-08,0.3192701
3.8635e-08,0.31957479999999994
3.8637e-08,0.31987070000000006
3.8639e-08,0.3201558
3.8641e-08,0.32043240000000006
3.8643e-08,0.3206994000000001
3.8645e-08,0.32095799999999997
3.8647e-08,0.3212073
3.8649e-08,0.3214482999999999
3.8651e-08,0.32168129999999995
3.8653e-08,0.32190510000000006
3.8655e-08,0.32212200000000013
3.8657e-08,0.32233010000000006
3.8659e-08,0.32253129999999997
3.8661e-08,0.3227249000000001
3.8663e-08,0.32291079999999994
3.8665e-08,0.3230892000000001
3.8667e-08,0.32326109999999997
3.8669e-08,0.3234256000000001
3.8671e-08,0.3235838999999999
3.8673e-08,0.32373589999999997
3.8675e-08,0.32388169999999994
3.8677e-08,0.32402049999999993
3.8679e-08,0.3241531999999999
3.8681e-08,0.32428
3.8683e-08,0.3244019
3.8685e-08,0.32451699999999994
3.8687e-08,0.3246274
3.8689e-08,0.32473109999999994
3.8691e-08,0.32483020000000007
3.8693e-08,0.32492470000000007
3.8695e-08,0.32501369999999996
3.8697e-08,0.32509730000000003
3.8699e-08,0.3251765000000001
3.8701e-08,0.3252515
3.8703e-08,0.32532110000000003
3.8705e-08,0.32538659999999997
3.8707e-08,0.3254478999999999
3.8709e-08,0.3255051
3.8711e-08,0.32555829999999997
3.8713e-08,0.3256065
3.8715e-08,0.32565180000000005
3.8717e-08,0.3256931999999999
3.8719e-08,0.3257297
3.8721e-08,0.3257634999999999
3.8723e-08,0.32579350000000007
3.8725e-08,0.3258208
3.8727e-08,0.3258445000000001
3.8729e-08,0.3258645
3.8731e-08,0.325881
3.8733e-08,0.32589500000000005
3.8735e-08,0.3259065
3.8737e-08,0.32591349999999997
3.8739e-08,0.32591919999999996
3.8741e-08,0.3259215000000001
3.8743e-08,0.32592140000000014
3.8745e-08,0.3259181
3.8747e-08,0.3259126000000001
3.8749e-08,0.3259048
3.8751e-08,0.3258948999999999
3.8753e-08,0.3258827999999999
3.8755e-08,0.3258675999999999
3.8757e-08,0.32585030000000004
3.8759e-08,0.325831
3.8761e-08,0.3258106999999999
3.8763e-08,0.32578739999999995
3.8765e-08,0.32576209999999994
3.8767e-08,0.325735
3.8769e-08,0.3257069
3.8771e-08,0.32567599999999997
3.8773e-08,0.3256443
3.8775e-08,0.32561070000000003
3.8777e-08,0.32557539999999996
3.8779e-08,0.32553830000000006
3.8781e-08,0.32549950000000005
3.8783e-08,0.32545999999999997
3.8785e-08,0.3254187999999999
3.8787e-08,0.32537700000000014
3.8789e-08,0.32533349999999994
3.8791e-08,0.3252885
3.8793e-08,0.3252418
3.8795e-08,0.3251946
3.8797e-08,0.3251468999999999
3.87985e-08,0.32510969999999995
3.88e-08,0.3250723
3.88002e-08,0.3250681999999999
3.88006e-08,0.32506100000000004
3.88014e-08,0.3250588000000001
3.8803e-08,0.3250820000000001
3.8805e-08,0.32512110000000005
3.8807e-08,0.3251236999999999
3.8809e-08,0.3250428999999999
3.8811e-08,0.3248434000000001
3.8813e-08,0.3244986999999999
3.8815e-08,0.32398420000000006
3.8817e-08,0.32328540000000006
3.8819e-08,0.3223876
3.8821e-08,0.3212828000000001
3.8823e-08,0.31996520000000006
3.8825e-08,0.3184290000000001
3.8827e-08,0.3166744
3.8829e-08,0.3147011999999999
3.8831e-08,0.31250960000000005
3.8833e-08,0.31010250000000006
3.8835e-08,0.3074838
3.8837e-08,0.30465810000000015
3.8839e-08,0.3016287999999999
3.8841e-08,0.2984021
3.8843e-08,0.294984
3.8845e-08,0.29138049999999993
3.8847e-08,0.2875981999999999
3.8849e-08,0.2836434
3.8851e-08,0.2795229
3.8853e-08,0.2752439
3.8855e-08,0.27081310000000003
3.8857e-08,0.26623740000000007
3.8859e-08,0.2615238
3.8861e-08,0.2566792
3.8863e-08,0.25171049999999995
3.8865e-08,0.24662459999999997
3.8867e-08,0.2414280000000001
3.8869e-08,0.2361276
3.8871e-08,0.23072970000000004
3.8873e-08,0.22524069999999996
3.8875e-08,0.21966700000000006
3.8877e-08,0.2140149
3.8879e-08,0.20829019999999998
3.8881e-08,0.20249890000000004
3.8883e-08,0.1966468
3.8885e-08,0.1907394
3.8887e-08,0.18478229999999995
3.8889e-08,0.17878080000000007
3.8891e-08,0.1727398
3.8893e-08,0.16666479999999995
3.8895e-08,0.16056020000000004
3.8897e-08,0.15443110000000004
3.8899e-08,0.14828169999999996
3.8901e-08,0.14211669999999998
3.8903e-08,0.13594030000000001
3.8905e-08,0.12975649999999994
3.8907e-08,0.12356939999999994
3.8909e-08,0.11738280000000001
3.8911e-08,0.11120030000000003
3.8913e-08,0.1050255
3.8915e-08,0.0988618
3.8917e-08,0.09271229999999997
3.8919e-08,0.0865804
3.8921e-08,0.08046869999999995
3.8923e-08,0.07438040000000001
3.8925e-08,0.06831810000000005
3.8927e-08,0.06228420000000001
3.8929e-08,0.05628140000000004
3.8931e-08,0.05031199999999991
3.8933e-08,0.044378200000000034
3.8935e-08,0.038482000000000016
3.8937e-08,0.032625399999999916
3.8939e-08,0.02681049999999996
3.8941e-08,0.021038800000000024
3.8943e-08,0.01531210000000005
3.8945e-08,0.009631999999999974
3.8947e-08,0.003999899999999945
3.8949e-08,-0.0015827999999999953
3.8951e-08,-0.0071149999999999824
3.8953e-08,-0.012595299999999976
3.8955e-08,-0.0180226
3.8957e-08,-0.02339610000000003
3.8959e-08,-0.028714699999999982
3.8961e-08,-0.033977499999999994
3.8963e-08,-0.03918389999999994
3.8965e-08,-0.044332999999999956
3.8967e-08,-0.049424400000000035
3.8969e-08,-0.05445730000000004
3.8971e-08,-0.05943140000000002
3.8973e-08,-0.06434610000000007
3.8975e-08,-0.06920119999999996
3.8977e-08,-0.07399630000000001
3.8979e-08,-0.07873110000000005
3.8981e-08,-0.08340530000000002
3.8983e-08,-0.08801900000000007
3.8985e-08,-0.09257190000000004
3.8987e-08,-0.09706379999999992
3.8989e-08,-0.10149509999999995
3.8991e-08,-0.10586550000000006
3.8993e-08,-0.11017520000000003
3.8995e-08,-0.11442409999999992
3.8997e-08,-0.11861260000000007
3.89985e-08,-0.12171429999999994
3.9e-08,-0.1247821
3.90002e-08,-0.1251890000000001
3.90006e-08,-0.1260036
3.90014e-08,-0.1276368
3.9003e-08,-0.1309018999999999
3.9005e-08,-0.13493810000000006
3.9007e-08,-0.13887280000000002
3.9009e-08,-0.14265859999999997
3.9011e-08,-0.146258
3.9013e-08,-0.14964160000000004
3.9015e-08,-0.152787
3.9017e-08,-0.15567730000000002
3.9019e-08,-0.15830010000000005
3.9021e-08,-0.1606474
3.9023e-08,-0.16271400000000003
3.9025e-08,-0.16449770000000008
3.9027e-08,-0.16599819999999998
3.9029e-08,-0.16721740000000007
3.9031e-08,-0.16815829999999998
3.9033e-08,-0.1688252
3.9035e-08,-0.16922380000000004
3.9037e-08,-0.16935999999999996
3.9039e-08,-0.1692404999999999
3.9041e-08,-0.1688727000000001
3.9043e-08,-0.16826390000000002
3.9045e-08,-0.16742219999999997
3.9047e-08,-0.16635540000000004
3.9049e-08,-0.16507159999999999
3.9051e-08,-0.16357909999999998
3.9053e-08,-0.16188599999999997
3.9055e-08,-0.16000029999999998
3.9057e-08,-0.15793010000000007
3.9059e-08,-0.15568360000000003
3.9061e-08,-0.15326839999999997
3.9063e-08,-0.15069240000000006
3.9065e-08,-0.14796310000000001
3.9067e-08,-0.145088
3.9069e-08,-0.14207439999999993
3.9071e-08,-0.13892919999999997
3.9073e-08,-0.13565970000000005
3.9075e-08,-0.13227250000000002
3.9077e-08,-0.12877419999999995
3.9079e-08,-0.12517120000000004
3.9081e-08,-0.12146990000000002
3.9083e-08,-0.11767609999999995
3.9085e-08,-0.11379600000000001
3.9087e-08,-0.10983509999999996
3.9089e-08,-0.10579919999999998
3.9091e-08,-0.10169349999999999
3.9093e-08,-0.09752320000000003
3.9095e-08,-0.09329349999999992
3.9097e-08,-0.08900920000000001
3.9099e-08,-0.0846749
3.9101e-08,-0.08029540000000002
3.9103e-08,-0.07587499999999991
3.9105e-08,-0.07141799999999998
3.9107e-08,-0.0669286
3.9109e-08,-0.062410500000000035
3.9111e-08,-0.057867800000000025
3.9113e-08,-0.05330400000000002
3.9115e-08,-0.048722799999999955
3.9117e-08,-0.044127499999999986
3.9119e-08,-0.03952140000000004
3.9121e-08,-0.03490760000000004
3.9123e-08,-0.030289299999999963
3.9125e-08,-0.025669199999999948
3.9127e-08,-0.021050199999999908
3.9129e-08,-0.016434999999999977
3.9131e-08,-0.011826000000000003
3.9133e-08,-0.0072257000000000016
3.9135e-08,-0.002636399999999983
3.9137e-08,0.001939500000000094
3.9139e-08,0.006500100000000009
3.9141e-08,0.011043299999999978
3.9143e-08,0.015567200000000003
3.9145e-08,0.02006999999999992
3.9147e-08,0.024549900000000013
3.9149e-08,0.02900539999999996
3.9151e-08,0.03343459999999998
3.9153e-08,0.03783639999999999
3.9155e-08,0.042209299999999894
3.9157e-08,0.04655189999999998
3.9159e-08,0.05086310000000005
3.9161e-08,0.05514160000000001
3.9163e-08,0.05938639999999995
3.9165e-08,0.06359650000000006
3.9167e-08,0.06777089999999997
3.9169e-08,0.07190869999999994
3.9171e-08,0.0760092
3.9173e-08,0.08007160000000002
3.9175e-08,0.08409500000000003
3.9177e-08,0.08807900000000002
3.9179e-08,0.09202279999999996
3.9181e-08,0.09592610000000001
3.9183e-08,0.0997882
3.9185e-08,0.1036087
3.9187e-08,0.10738729999999996
3.9189e-08,0.11112359999999999
3.9191e-08,0.11481730000000001
3.9193e-08,0.11846800000000002
3.9195e-08,0.12207570000000001
3.9197e-08,0.12563999999999997
3.91985e-08,0.12828469999999992
3.92e-08,0.13090500000000005
3.92002e-08,0.1312523000000001
3.92006e-08,0.131946
3.92014e-08,0.13332809999999995
3.9203e-08,0.13607139999999995
3.9205e-08,0.1394613
3.9207e-08,0.14280740000000003
3.9209e-08,0.1461097
3.9211e-08,0.14936839999999996
3.9213e-08,0.15258329999999998
3.9215e-08,0.15575470000000002
3.9217e-08,0.15888249999999993
3.9219e-08,0.16196699999999997
3.9221e-08,0.16500820000000005
3.9223e-08,0.16800630000000005
3.9225e-08,0.1709617
3.9227e-08,0.17387419999999998
3.9229e-08,0.17674429999999997
3.9231e-08,0.17957230000000002
3.9233e-08,0.18235819999999991
3.9235e-08,0.18510229999999994
3.9237e-08,0.18780510000000006
3.9239e-08,0.19046660000000004
3.9241e-08,0.19308730000000007
3.9243e-08,0.1956675
3.9245e-08,0.19820739999999992
3.9247e-08,0.20070750000000004
3.9249e-08,0.20316790000000007
3.9251e-08,0.20558920000000003
3.9253e-08,0.20797160000000003
3.9255e-08,0.21031559999999994
3.9257e-08,0.2126213
3.9259e-08,0.21488930000000006
3.9261e-08,0.21711999999999998
3.9263e-08,0.2193136
3.9265e-08,0.22147060000000007
3.9267e-08,0.2235914
3.9269e-08,0.2256764
3.9271e-08,0.22772590000000004
3.9273e-08,0.22974040000000007
3.9275e-08,0.23172020000000004
3.9277e-08,0.23366589999999998
3.9279e-08,0.2355777
3.9281e-08,0.23745609999999995
3.9283e-08,0.23930150000000006
3.9285e-08,0.24111419999999995
3.9287e-08,0.24289479999999997
3.9289e-08,0.24464359999999996
3.9291e-08,0.24636099999999994
3.9293e-08,0.24804740000000003
3.9295e-08,0.2497031999999999
3.9297e-08,0.25132889999999997
3.9299e-08,0.2529247
3.9301e-08,0.25449120000000003
3.9303e-08,0.25602880000000006
3.9305e-08,0.25753780000000004
3.9307e-08,0.25901850000000004
3.9309e-08,0.2604716
3.9311e-08,0.26189719999999994
3.9313e-08,0.26329579999999997
3.9315e-08,0.2646678
3.9317e-08,0.26601359999999996
3.9319e-08,0.26733360000000006
3.9321e-08,0.268628
3.9323e-08,0.26989739999999995
3.9325e-08,0.271142
3.9327e-08,0.27236230000000006
3.9329e-08,0.2735586
3.9331e-08,0.27473140000000007
3.9333e-08,0.2758807999999999
3.9335e-08,0.27700729999999996
3.9337e-08,0.27811130000000006
3.9339e-08,0.27919320000000003
3.9341e-08,0.28025310000000003
3.9343e-08,0.2812915
3.9345e-08,0.2823089
3.9347e-08,0.28330540000000004
3.9349e-08,0.28428129999999996
3.9351e-08,0.2852371
3.9353e-08,0.28617310000000007
3.9355e-08,0.2870895
3.9357e-08,0.2879868
3.9359e-08,0.28886520000000004
3.9361e-08,0.289725
3.9363e-08,0.29056649999999995
3.9365e-08,0.2913899999999999
3.9367e-08,0.292196
3.9369e-08,0.29298460000000004
3.9371e-08,0.2937561000000001
3.9373e-08,0.2945108000000001
3.9375e-08,0.295249
3.9377e-08,0.295971
3.9379e-08,0.2966771
3.9381e-08,0.29736739999999995
3.9383e-08,0.29804239999999993
3.9385e-08,0.29870240000000003
3.9387e-08,0.29934740000000004
3.9389e-08,0.2999779
3.9391e-08,0.30059400000000003
3.9393e-08,0.3011959999999999
3.9395e-08,0.3017843000000001
3.9397e-08,0.3023589
3.93985e-08,0.3027810000000001
3.94e-08,0.30320710000000006
3.94002e-08,0.30326600000000004
3.94006e-08,0.3033846
3.94014e-08,0.3036286
3.9403e-08,0.3041253999999999
3.9405e-08,0.3047276000000001
3.9407e-08,0.3052624999999999
3.9409e-08,0.30568839999999997
3.9411e-08,0.3059736999999999
3.9413e-08,0.30609109999999995
3.9415e-08,0.30602109999999993
3.9417e-08,0.30574999999999997
3.9419e-08,0.30526470000000006
3.9421e-08,0.3045580000000001
3.9423e-08,0.30362639999999996
3.9425e-08,0.3024657999999999
3.9427e-08,0.30107570000000006
3.9429e-08,0.29945620000000006
3.9431e-08,0.29761080000000006
3.9433e-08,0.2955419
3.9435e-08,0.2932536
3.9437e-08,0.290751
3.9439e-08,0.28803900000000004
3.9441e-08,0.28512380000000004
3.9443e-08,0.28201149999999997
3.9445e-08,0.27870870000000003
3.9447e-08,0.2752220000000001
3.9449e-08,0.2715584
3.9451e-08,0.26772490000000004
3.9453e-08,0.2637286
3.9455e-08,0.2595765
3.9457e-08,0.2552757
3.9459e-08,0.2508334
3.9461e-08,0.2462565
3.9463e-08,0.2415522
3.9465e-08,0.23672720000000003
3.9467e-08,0.23178829999999995
3.9469e-08,0.22674209999999995
3.9471e-08,0.2215954
3.9473e-08,0.2163545
3.9475e-08,0.21102579999999993
3.9477e-08,0.20561529999999995
3.9479e-08,0.20012930000000007
3.9481e-08,0.1945736
3.9483e-08,0.1889539
3.9485e-08,0.18327590000000005
3.9487e-08,0.1775449
3.9489e-08,0.17176649999999993
3.9491e-08,0.16594570000000008
3.9493e-08,0.1600874
3.9495e-08,0.15419650000000007
3.9497e-08,0.14827789999999996
3.9499e-08,0.14233600000000002
3.9501e-08,0.13637520000000003
3.9503e-08,0.13039979999999995
3.9505e-08,0.12441380000000002
3.9507e-08,0.11842129999999995
3.9509e-08,0.11242619999999992
3.9511e-08,0.10643190000000002
3.9513e-08,0.10044200000000003
3.9515e-08,0.09445990000000004
3.9517e-08,0.08848909999999999
3.9519e-08,0.0825323
3.9521e-08,0.0765927999999999
3.9523e-08,0.07067330000000005
3.9525e-08,0.06477650000000001
3.9527e-08,0.058904999999999985
3.9529e-08,0.053061499999999984
3.9531e-08,0.04724799999999996
3.9533e-08,0.04146700000000003
3.9535e-08,0.035720500000000044
3.9537e-08,0.0300106
3.9539e-08,0.024339
3.9541e-08,0.018707699999999994
3.9543e-08,0.01311820000000008
3.9545e-08,0.007572400000000035
3.9547e-08,0.0020713999999999455
3.9549e-08,-0.0033830999999999722
3.9551e-08,-0.008790000000000076
3.9553e-08,-0.014148099999999997
3.9555e-08,-0.01945600000000003
3.9557e-08,-0.024712900000000038
3.9559e-08,-0.029917700000000047
3.9561e-08,-0.03506969999999998
3.9563e-08,-0.04016789999999992
3.9565e-08,-0.045211699999999966
3.9567e-08,-0.050200299999999975
3.9569e-08,-0.05513319999999999
3.9571e-08,-0.06000990000000006
3.9573e-08,-0.06482979999999994
3.9575e-08,-0.06959249999999995
3.9577e-08,-0.07429780000000008
3.9579e-08,-0.07894520000000005
3.9581e-08,-0.08353450000000007
3.9583e-08,-0.08806570000000002
3.9585e-08,-0.09253840000000002
3.9587e-08,-0.0969525
3.9589e-08,-0.1013080999999999
3.9591e-08,-0.10560499999999995
3.9593e-08,-0.10984340000000004
3.9595e-08,-0.11402329999999994
3.9597e-08,-0.11814459999999993
3.95985e-08,-0.12119740000000001
3.96e-08,-0.12421739999999992
3.96002e-08,-0.12461809999999995
3.96006e-08,-0.12542019999999998
3.96014e-08,-0.1270287
3.9603e-08,-0.13024499999999994
3.9605e-08,-0.13422219999999996
3.9607e-08,-0.13809969999999994
3.9609e-08,-0.14183
3.9611e-08,-0.14537559999999994
3.9613e-08,-0.14870709999999998
3.9615e-08,-0.15180210000000005
3.9617e-08,-0.15464330000000004
3.9619e-08,-0.1572186
3.9621e-08,-0.1595198
3.9623e-08,-0.16154160000000006
3.9625e-08,-0.1632819000000001
3.9627e-08,-0.1647402
3.9629e-08,-0.16591840000000002
3.9631e-08,-0.16681959999999996
3.9633e-08,-0.1674481
3.9635e-08,-0.16780930000000005
3.9637e-08,-0.16790919999999998
3.9639e-08,-0.16775470000000003
3.9641e-08,-0.16735279999999997
3.9643e-08,-0.1667111
3.9645e-08,-0.16583749999999997
3.9647e-08,-0.16473989999999994
3.9649e-08,-0.16342630000000002
3.9651e-08,-0.16190500000000008
3.9653e-08,-0.16018410000000005
3.9655e-08,-0.15827170000000002
3.9657e-08,-0.15617579999999998
3.9659e-08,-0.15390439999999994
3.9661e-08,-0.15146539999999997
3.9663e-08,-0.1488664999999999
3.9665e-08,-0.14611529999999995
3.9667e-08,-0.1432192000000001
3.9669e-08,-0.14018540000000002
3.9671e-08,-0.13702120000000007
3.9673e-08,-0.1337334
3.9675e-08,-0.13032880000000002
3.9677e-08,-0.12681399999999998
3.9679e-08,-0.12319540000000007
3.9681e-08,-0.11947930000000007
3.9683e-08,-0.11567169999999993
3.9685e-08,-0.11177859999999995
3.9687e-08,-0.1078055
3.9689e-08,-0.10375820000000002
3.9691e-08,-0.09964189999999995
3.9693e-08,-0.09546179999999993
3.9695e-08,-0.0912231
3.9697e-08,-0.08693050000000002
3.9699e-08,-0.08258889999999997
3.9701e-08,-0.07820260000000001
3.9703e-08,-0.07377620000000007
3.9705e-08,-0.06931399999999999
3.9707e-08,-0.06481989999999993
3.9709e-08,-0.060298000000000074
3.9711e-08,-0.05575209999999997
3.9713e-08,-0.05118579999999995
3.9715e-08,-0.04660249999999999
3.9717e-08,-0.04200599999999999
3.9719e-08,-0.037399199999999966
3.9721e-08,-0.032785399999999965
3.9723e-08,-0.028167500000000012
3.9725e-08,-0.023548499999999972
3.9727e-08,-0.018931199999999926
3.9729e-08,-0.0143181
3.9731e-08,-0.009711800000000048
3.9733e-08,-0.0051147000000000276
3.9735e-08,-0.0005292000000000074
3.9737e-08,0.004042699999999955
3.9739e-08,0.00859870000000007
3.9741e-08,0.013136799999999949
3.9743e-08,0.017655199999999982
3.9745e-08,0.022152100000000008
3.9747e-08,0.026625600000000027
3.9749e-08,0.0310743
3.9751e-08,0.03549649999999993
3.9753e-08,0.03989079999999989
3.9755e-08,0.044255899999999904
3.9757e-08,0.048590299999999975
3.9759e-08,0.05289300000000008
3.9761e-08,0.05716279999999996
3.9763e-08,0.06139859999999997
3.9765e-08,0.06559930000000003
3.9767e-08,0.0697641
3.9769e-08,0.07389199999999996
3.9771e-08,0.07798240000000001
3.9773e-08,0.08203440000000006
3.9775e-08,0.08604719999999999
3.9777e-08,0.09002029999999994
3.9779e-08,0.09395320000000007
3.9781e-08,0.09784519999999997
3.9783e-08,0.10169609999999996
3.9785e-08,0.10550499999999996
3.9787e-08,0.10927189999999998
3.9789e-08,0.11299640000000011
3.9791e-08,0.11667800000000006
3.9793e-08,0.1203166
3.9795e-08,0.12391200000000002
3.9797e-08,0.12746400000000002
3.97985e-08,0.13009930000000003
3.98e-08,0.13271009999999994
3.98002e-08,0.13305620000000007
3.98006e-08,0.1337473
3.98014e-08,0.13512440000000003
3.9803e-08,0.13785760000000002
3.9805e-08,0.14123470000000005
3.9807e-08,0.14456800000000003
3.9809e-08,0.14785750000000009
3.9811e-08,0.15110310000000005
3.9813e-08,0.15430500000000003
3.9815e-08,0.15746329999999997
3.9817e-08,0.160578
3.9819e-08,0.1636493
3.9821e-08,0.16667730000000003
3.9823e-08,0.16966230000000004
3.9825e-08,0.17260430000000004
3.9827e-08,0.1755036000000001
3.9829e-08,0.17836050000000003
3.9831e-08,0.18117509999999992
3.9833e-08,0.18394769999999994
3.9835e-08,0.18667859999999992
3.9837e-08,0.18936810000000004
3.9839e-08,0.1920164000000001
3.9841e-08,0.1946238
3.9843e-08,0.19719069999999994
3.9845e-08,0.1997175
3.9847e-08,0.20220439999999995
3.9849e-08,0.2046517
3.9851e-08,0.20705990000000007
3.9853e-08,0.20942909999999992
3.9855e-08,0.21176000000000006
3.9857e-08,0.21405279999999993
3.9859e-08,0.21630780000000005
3.9861e-08,0.21852550000000004
3.9863e-08,0.2207062999999999
3.9865e-08,0.22285049999999995
3.9867e-08,0.2249586
3.9869e-08,0.22703090000000004
3.9871e-08,0.22906769999999999
3.9873e-08,0.23106970000000004
3.9875e-08,0.2330369
3.9877e-08,0.23497020000000002
3.9879e-08,0.2368696
3.9881e-08,0.23873559999999994
3.9883e-08,0.24056870000000008
3.9885e-08,0.2423693
3.9887e-08,0.2441377
3.9889e-08,0.24587439999999994
3.9891e-08,0.24757980000000002
3.9893e-08,0.24925430000000004
3.9895e-08,0.2508983
3.9897e-08,0.2525121
3.9899e-08,0.25409630000000005
3.9901e-08,0.25565119999999997
3.9903e-08,0.25717710000000005
3.9905e-08,0.2586746999999999
3.9907e-08,0.26014399999999993
3.9909e-08,0.2615858
3.9911e-08,0.26300009999999996
3.9913e-08,0.26438760000000006
3.9915e-08,0.26574849999999994
3.9917e-08,0.26708319999999997
3.9919e-08,0.26839230000000003
3.9921e-08,0.26967589999999997
3.9923e-08,0.2709345000000001
3.9925e-08,0.27216850000000004
3.9927e-08,0.2733782
3.9929e-08,0.27456400000000003
3.9931e-08,0.2757261999999999
3.9933e-08,0.27686540000000004
3.9935e-08,0.27798159999999994
3.9937e-08,0.2790754000000001
3.9939e-08,0.28014720000000004
3.9941e-08,0.2811971000000001
3.9943e-08,0.28222559999999997
3.9945e-08,0.28323300000000007
3.9947e-08,0.2842197000000001
3.9949e-08,0.2851859
3.9951e-08,0.2861321
3.9953e-08,0.2870585
3.9955e-08,0.2879655
3.9957e-08,0.2888535
3.9959e-08,0.2897225
3.9961e-08,0.29057310000000003
3.9963e-08,0.29140540000000004
3.9965e-08,0.29222000000000004
3.9967e-08,0.2930169
3.9969e-08,0.2937966000000001
3.9971e-08,0.2945591999999999
3.9973e-08,0.29530520000000005
3.9975e-08,0.2960347
3.9977e-08,0.29674809999999996
3.9979e-08,0.2974456999999999
3.9981e-08,0.29812760000000005
3.9983e-08,0.2987941999999999
3.9985e-08,0.29944590000000004
3.9987e-08,0.30008270000000004
3.9989e-08,0.3007050000000001
3.9991e-08,0.3013130999999999
3.9993e-08,0.3019072999999999
3.9995e-08,0.3024877
3.9997e-08,0.30305439999999995
3.99985e-08,0.30347060000000003
4e-08,0.30387909999999996
4.00002e-08,0.30393420000000015
4.00006e-08,0.3040451999999999
4.00014e-08,0.3042768000000001
4.0003e-08,0.30476179999999997
4.0005e-08,0.3053686
4.0007e-08,0.3059251999999999
4.0009e-08,0.3063874000000001
4.0011e-08,0.30671919999999986
4.0013e-08,0.3068916999999999
4.0015e-08,0.3068847
4.0017e-08,0.3066802999999999
4.0019e-08,0.3062661
4.0021e-08,0.30563319999999994
4.0023e-08,0.30477679999999996
4.0025e-08,0.3036924
4.0027e-08,0.30237839999999994
4.0029e-08,0.30083550000000003
4.0031e-08,0.2990646
4.0033e-08,0.29706960000000004
4.0035e-08,0.29485380000000005
4.0037e-08,0.2924217
4.0039e-08,0.2897784
4.0041e-08,0.28692989999999996
4.0043e-08,0.2838819
4.0045e-08,0.28064100000000003
4.0047e-08,0.2772139
4.0049e-08,0.2736073
4.0051e-08,0.2698283
4.0053e-08,0.26588390000000006
4.0055e-08,0.2617811
4.0057e-08,0.25752719999999996
4.0059e-08,0.25312919999999994
4.0061e-08,0.24859399999999998
4.0063e-08,0.2439287
4.0065e-08,0.23914040000000003
4.0067e-08,0.23423569999999994
4.0069e-08,0.22922129999999996
4.0071e-08,0.22410399999999997
4.0073e-08,0.21889009999999998
4.0075e-08,0.2135860999999999
4.0077e-08,0.2081982
4.0079e-08,0.20273249999999998
4.0081e-08,0.19719489999999995
4.0083e-08,0.19159139999999997
4.0085e-08,0.18592739999999996
4.0087e-08,0.18020859999999994
4.0089e-08,0.1744403
4.0091e-08,0.1686278
4.0093e-08,0.16277599999999992
4.0095e-08,0.15688989999999992
4.0097e-08,0.1509743
4.0099e-08,0.14503389999999994
4.0101e-08,0.13907290000000005
4.0103e-08,0.1330958
4.0105e-08,0.12710679999999996
4.0107e-08,0.12110969999999999
4.0109e-08,0.1151086
4.0111e-08,0.10910699999999995
4.0113e-08,0.1031088
4.0115e-08,0.09711709999999996
4.0117e-08,0.09113530000000003
4.0119e-08,0.08516670000000004
4.0121e-08,0.07921420000000001
4.0123e-08,0.07328080000000003
4.0125e-08,0.06736920000000002
4.0127e-08,0.061481999999999926
4.0129e-08,0.055621799999999944
4.0131e-08,0.04979100000000003
4.0133e-08,0.04399170000000008
4.0135e-08,0.038226300000000046
4.0137e-08,0.03249679999999999
4.0139e-08,0.026804999999999968
4.0141e-08,0.02115290000000003
4.0143e-08,0.015542100000000003
4.0145e-08,0.009974299999999992
4.0147e-08,0.004451100000000041
4.0149e-08,-0.0010263000000000355
4.0151e-08,-0.006456300000000081
4.0153e-08,-0.011838000000000015
4.0155e-08,-0.01716990000000007
4.0157e-08,-0.022451
4.0159e-08,-0.02768029999999999
4.0161e-08,-0.03285709999999997
4.0163e-08,-0.037980399999999914
4.0165e-08,-0.04304929999999996
4.0167e-08,-0.04806329999999992
4.0169e-08,-0.05302180000000001
4.0171e-08,-0.05792419999999998
4.0173e-08,-0.06276990000000005
4.0175e-08,-0.06755840000000002
4.0177e-08,-0.07228970000000001
4.0179e-08,-0.076963
4.0181e-08,-0.08157840000000005
4.0183e-08,-0.08613550000000003
4.0185e-08,-0.0906342
4.0187e-08,-0.0950742
4.0189e-08,-0.09945569999999992
4.0191e-08,-0.10377860000000005
4.0193e-08,-0.10804269999999994
4.0195e-08,-0.11224829999999997
4.0197e-08,-0.11639529999999998
4.01985e-08,-0.1194672
4.02e-08,-0.12250629999999996
4.02002e-08,-0.12290870000000009
4.02006e-08,-0.12371239999999994
4.02014e-08,-0.12531289999999995
4.0203e-08,-0.128486
4.0205e-08,-0.13240029999999992
4.0207e-08,-0.13625700000000007
4.0209e-08,-0.14005640000000008
4.0211e-08,-0.14379870000000006
4.0213e-08,-0.1474841
4.0215e-08,-0.15111319999999995
4.0217e-08,-0.15468629999999994
4.0219e-08,-0.15820350000000005
4.0221e-08,-0.16166540000000007
4.0223e-08,-0.16507250000000007
4.0225e-08,-0.1684251
4.0227e-08,-0.17172350000000003
4.0229e-08,-0.17496849999999997
4.0231e-08,-0.17816029999999994
4.0233e-08,-0.18129950000000006
4.0235e-08,-0.1843865
4.0237e-08,-0.1874220000000001
4.0239e-08,-0.19040619999999997
4.0241e-08,-0.1933399
4.0243e-08,-0.19622339999999994
4.0245e-08,-0.1990575
4.0247e-08,-0.20184249999999992
4.0249e-08,-0.2045789
4.0251e-08,-0.20726750000000005
4.0253e-08,-0.20990869999999995
4.0255e-08,-0.21250310000000006
4.0257e-08,-0.2150512
4.0259e-08,-0.2175536
4.0261e-08,-0.2200109
4.0263e-08,-0.2224235
4.0265e-08,-0.2247922
4.0267e-08,-0.22711749999999997
4.0269e-08,-0.22939969999999998
4.0271e-08,-0.23163980000000006
4.0273e-08,-0.23383810000000005
4.0275e-08,-0.2359951
4.0277e-08,-0.23811159999999998
4.0279e-08,-0.2401879
4.0281e-08,-0.24222470000000007
4.0283e-08,-0.24422259999999996
4.0285e-08,-0.2461819999999999
4.0287e-08,-0.24810359999999998
4.0289e-08,-0.24998790000000004
4.0291e-08,-0.25183539999999993
4.0293e-08,-0.2536467
4.0295e-08,-0.2554223
4.0297e-08,-0.2571628
4.0299e-08,-0.25886849999999995
4.0301e-08,-0.26054009999999994
4.0303e-08,-0.2621781999999999
4.0305e-08,-0.2637832
4.0307e-08,-0.26535569999999997
4.0309e-08,-0.2668961000000001
4.0311e-08,-0.268405
4.0313e-08,-0.2698828
4.0315e-08,-0.27132999999999996
4.0317e-08,-0.2727472000000001
4.0319e-08,-0.27413469999999995
4.0321e-08,-0.2754932
4.0323e-08,-0.27682300000000004
4.0325e-08,-0.2781247
4.0327e-08,-0.27939860000000005
4.0329e-08,-0.2806453
4.0331e-08,-0.2818651999999999
4.0333e-08,-0.2830587
4.0335e-08,-0.28422630000000004
4.0337e-08,-0.2853685
4.0339e-08,-0.28648550000000006
4.0341e-08,-0.287578
4.0343e-08,-0.2886463
4.0345e-08,-0.2896908
4.0347e-08,-0.2907119
4.0349e-08,-0.29171009999999997
4.0351e-08,-0.29268570000000005
4.0353e-08,-0.293639
4.0355e-08,-0.2945707000000001
4.0357e-08,-0.2954808
4.0359e-08,-0.2963701000000001
4.0361e-08,-0.29723869999999997
4.0363e-08,-0.29808689999999993
4.0365e-08,-0.29891520000000005
4.0367e-08,-0.29972409999999994
4.0369e-08,-0.30051360000000005
4.0371e-08,-0.30128410000000005
4.0373e-08,-0.3020360999999999
4.0375e-08,-0.30277010000000004
4.0377e-08,-0.3034863
4.0379e-08,-0.30418579999999995
4.0381e-08,-0.3048668000000001
4.0383e-08,-0.3055314
4.0385e-08,-0.30617990000000006
4.0387e-08,-0.30681120000000006
4.0389e-08,-0.30742769999999986
4.0391e-08,-0.3080275
4.0393e-08,-0.3086125999999999
4.0395e-08,-0.30918239999999997
4.0397e-08,-0.30973779999999995
4.03985e-08,-0.31014379999999997
4.04e-08,-0.31054289999999996
4.04002e-08,-0.31059630000000005
4.04006e-08,-0.3107047999999999
4.04014e-08,-0.3109303000000001
4.0403e-08,-0.3114028
4.0405e-08,-0.31199389999999994
4.0407e-08,-0.31253320000000007
4.0409e-08,-0.3129785999999999
4.0411e-08,-0.3132922
4.0413e-08,-0.3134481
4.0415e-08,-0.3134232000000001
4.0417e-08,-0.31320099999999995
4.0419e-08,-0.3127698
4.0421e-08,-0.31211979999999995
4.0423e-08,-0.31124549999999995
4.0425e-08,-0.3101442
4.0427e-08,-0.3088133999999999
4.0429e-08,-0.3072537999999999
4.0431e-08,-0.30546799999999996
4.0433e-08,-0.3034559000000001
4.0435e-08,-0.30122380000000015
4.0437e-08,-0.29877619999999994
4.0439e-08,-0.2961163
4.0441e-08,-0.29325120000000005
4.0443e-08,-0.2901864999999999
4.0445e-08,-0.2869286
4.0447e-08,-0.2834840999999999
4.0449e-08,-0.2798598
4.0451e-08,-0.2760627
4.0453e-08,-0.2720996
4.0455e-08,-0.2679777
4.0457e-08,-0.26370400000000005
4.0459e-08,-0.25928549999999995
4.0461e-08,-0.25472929999999994
4.0463e-08,-0.2500424
4.0465e-08,-0.2452316
4.0467e-08,-0.2403037
4.0469e-08,-0.23526550000000002
4.0471e-08,-0.23012359999999998
4.0473e-08,-0.22488430000000004
4.0475e-08,-0.21955410000000009
4.0477e-08,-0.21413920000000009
4.0479e-08,-0.20864570000000005
4.0481e-08,-0.20307950000000008
4.0483e-08,-0.19744660000000003
4.0485e-08,-0.19175239999999993
4.0487e-08,-0.18600269999999997
4.0489e-08,-0.18020270000000005
4.0491e-08,-0.1743578
4.0493e-08,-0.16847279999999998
4.0495e-08,-0.1625529
4.0497e-08,-0.15660269999999998
4.0499e-08,-0.1506269
4.0501e-08,-0.14463009999999998
4.0503e-08,-0.13861639999999997
4.0505e-08,-0.1325902
4.0507e-08,-0.12655539999999998
4.0509e-08,-0.12051579999999995
4.0511e-08,-0.1144754
4.0513e-08,-0.10843770000000008
4.0515e-08,-0.10240609999999994
4.0517e-08,-0.09638400000000003
4.0519e-08,-0.09037459999999997
4.0521e-08,-0.08438089999999998
4.0523e-08,-0.07840590000000003
4.0525e-08,-0.07245230000000003
4.0527e-08,-0.06652279999999999
4.0529e-08,-0.06062000000000001
4.0531e-08,-0.05474619999999997
4.0533e-08,-0.0489039
4.0535e-08,-0.0430952
4.0537e-08,-0.037322100000000025
4.0539e-08,-0.03158660000000002
4.0541e-08,-0.025890599999999986
4.0543e-08,-0.020235699999999968
4.0545e-08,-0.014623900000000023
4.0547e-08,-0.009056399999999964
4.0549e-08,-0.003534799999999949
4.0551e-08,0.0019395999999999303
4.0553e-08,0.007365500000000025
4.0555e-08,0.012741799999999914
4.0557e-08,0.01806720000000006
4.0559e-08,0.023340899999999998
4.0561e-08,0.02856179999999997
4.0563e-08,0.033729099999999956
4.0565e-08,0.03884219999999994
4.0567e-08,0.0439001
4.0569e-08,0.04890240000000001
4.0571e-08,0.05384840000000002
4.0573e-08,0.058737599999999945
4.0575e-08,0.06356950000000006
4.0577e-08,0.06834390000000001
4.0579e-08,0.07306020000000002
4.0581e-08,0.0777182999999999
4.0583e-08,0.08231789999999994
4.0585e-08,0.08685889999999996
4.0587e-08,0.09134110000000006
4.0589e-08,0.09576439999999997
4.0591e-08,0.10012869999999996
4.0593e-08,0.10443420000000003
4.0595e-08,0.10868080000000002
4.0597e-08,0.11286850000000004
4.05985e-08,0.11597079999999993
4.06e-08,0.11904000000000003
4.06002e-08,0.11944729999999992
4.06006e-08,0.12026250000000005
4.06014e-08,0.12189709999999998
4.0603e-08,0.12516539999999998
4.0605e-08,0.12920730000000002
4.0607e-08,0.1331487
4.0609e-08,0.13694229999999996
4.0611e-08,0.14055050000000002
4.0613e-08,0.14394380000000007
4.0615e-08,0.14709969999999994
4.0617e-08,0.15000099999999994
4.0619e-08,0.15263549999999992
4.0621e-08,0.15499489999999994
4.0623e-08,0.15707419999999994
4.0625e-08,0.15887079999999998
4.0627e-08,0.1603848
4.0629e-08,0.16161769999999998
4.0631e-08,0.16257279999999996
4.0633e-08,0.16325440000000002
4.0635e-08,0.16366779999999992
4.0637e-08,0.16381920000000005
4.0639e-08,0.16371540000000007
4.0641e-08,0.16336339999999994
4.0643e-08,0.16277109999999995
4.0645e-08,0.16194609999999998
4.0647e-08,0.1608965
4.0649e-08,0.1596303
4.0651e-08,0.15815579999999996
4.0653e-08,0.1564812
4.0655e-08,0.15461440000000004
4.0657e-08,0.15256380000000003
4.0659e-08,0.15033719999999995
4.0661e-08,0.1479425000000001
4.0663e-08,0.14538740000000006
4.0665e-08,0.14267960000000002
4.0667e-08,0.13982640000000002
4.0669e-08,0.1368351
4.0671e-08,0.13371310000000003
4.0673e-08,0.1304672
4.0675e-08,0.127104
4.0677e-08,0.12363039999999992
4.0679e-08,0.1200525
4.0681e-08,0.11637680000000006
4.0683e-08,0.11260930000000002
4.0685e-08,0.10875590000000002
4.0687e-08,0.10482230000000003
4.0689e-08,0.10081399999999996
4.0691e-08,0.0967365
4.0693e-08,0.09259499999999998
4.0695e-08,0.0883944000000001
4.0697e-08,0.08413959999999998
4.0699e-08,0.07983549999999995
4.0701e-08,0.07548660000000007
4.0703e-08,0.07109710000000002
4.0705e-08,0.0666715
4.0707e-08,0.062213799999999986
4.0709e-08,0.057727900000000054
4.0711e-08,0.05321760000000009
4.0713e-08,0.04868670000000008
4.0715e-08,0.044138699999999975
4.0717e-08,0.03957679999999997
4.0719e-08,0.035004499999999994
4.0721e-08,0.030424899999999977
4.0723e-08,0.025840899999999944
4.0725e-08,0.021255399999999924
4.0727e-08,0.016671299999999944
4.0729e-08,0.012090999999999963
4.0731e-08,0.00751730000000006
4.0733e-08,0.0029525000000000245
4.0735e-08,-0.0016013000000000277
4.0737e-08,-0.006141500000000022
4.0739e-08,-0.010666300000000017
4.0741e-08,-0.015173499999999951
4.0743e-08,-0.01966140000000005
4.0745e-08,-0.02412800000000004
4.0747e-08,-0.02857170000000009
4.0749e-08,-0.03299070000000004
4.0751e-08,-0.03738380000000008
4.0753e-08,-0.04174920000000004
4.0755e-08,-0.04608570000000001
4.0757e-08,-0.05039199999999999
4.0759e-08,-0.054666800000000015
4.0761e-08,-0.05890899999999999
4.0763e-08,-0.0631176
4.0765e-08,-0.06729150000000006
4.0767e-08,-0.07142979999999999
4.0769e-08,-0.07553149999999997
4.0771e-08,-0.07959610000000006
4.0773e-08,-0.08362250000000004
4.0775e-08,-0.08761020000000008
4.0777e-08,-0.09155849999999999
4.0779e-08,-0.09546689999999991
4.0781e-08,-0.0993347
4.0783e-08,-0.10316160000000008
4.0785e-08,-0.10694709999999996
4.0787e-08,-0.11069080000000009
4.0789e-08,-0.11439240000000006
4.0791e-08,-0.11805149999999998
4.0793e-08,-0.12166790000000005
4.0795e-08,-0.12524139999999995
4.0797e-08,-0.12877169999999993
4.07985e-08,-0.13139109999999998
4.08e-08,-0.1339861
4.08002e-08,-0.13433000000000006
4.08006e-08,-0.13501699999999994
4.08014e-08,-0.13638570000000005
4.0803e-08,-0.13910239999999996
4.0805e-08,-0.14245910000000006
4.0807e-08,-0.14577229999999997
4.0809e-08,-0.149042
4.0811e-08,-0.15226810000000002
4.0813e-08,-0.15545089999999995
4.0815e-08,-0.15859030000000007
4.0817e-08,-0.1616864
4.0819e-08,-0.16473930000000003
4.0821e-08,-0.1677493
4.0823e-08,-0.17071650000000005
4.0825e-08,-0.17364099999999993
4.0827e-08,-0.17652310000000004
4.0829e-08,-0.1793631
4.0831e-08,-0.18216089999999996
4.0833e-08,-0.18491710000000006
4.0835e-08,-0.18763180000000002
4.0837e-08,-0.19030539999999996
4.0839e-08,-0.1929381
4.0841e-08,-0.19553009999999993
4.0843e-08,-0.19808190000000003
4.0845e-08,-0.20059369999999999
4.0847e-08,-0.20306580000000007
4.0849e-08,-0.2054988000000001
4.0851e-08,-0.20789270000000004
4.0853e-08,-0.210248
4.0855e-08,-0.21256509999999995
4.0857e-08,-0.21484439999999994
4.0859e-08,-0.21708609999999995
4.0861e-08,-0.21929070000000006
4.0863e-08,-0.22145860000000006
4.0865e-08,-0.2235900999999999
4.0867e-08,-0.2256857
4.0869e-08,-0.22774569999999994
4.0871e-08,-0.2297705000000001
4.0873e-08,-0.23176050000000004
4.0875e-08,-0.23371620000000004
4.0877e-08,-0.23563789999999996
4.0879e-08,-0.23752609999999996
4.0881e-08,-0.23938099999999995
4.0883e-08,-0.24120319999999995
4.0885e-08,-0.24299300000000001
4.0887e-08,-0.2447509
4.0889e-08,-0.24647720000000006
4.0891e-08,-0.24817239999999996
4.0893e-08,-0.24983679999999997
4.0895e-08,-0.25147089999999994
4.0897e-08,-0.2530751
4.0899e-08,-0.2546497
4.0901e-08,-0.2561953
4.0903e-08,-0.25771200000000005
4.0905e-08,-0.25920049999999994
4.0907e-08,-0.2606609
4.0909e-08,-0.26209380000000004
4.0911e-08,-0.26349960000000006
4.0913e-08,-0.26487859999999996
4.0915e-08,-0.2662312
4.0917e-08,-0.26755780000000007
4.0919e-08,-0.26885859999999995
4.0921e-08,-0.27013429999999994
4.0923e-08,-0.2713852
4.0925e-08,-0.2726115
4.0927e-08,-0.2738136
4.0929e-08,-0.274992
4.0931e-08,-0.2761471
4.0933e-08,-0.27727900000000005
4.0935e-08,-0.27838830000000003
4.0937e-08,-0.2794751
4.0939e-08,-0.28054
4.0941e-08,-0.2815833
4.0943e-08,-0.2826052
4.0945e-08,-0.2836061000000001
4.0947e-08,-0.28458649999999996
4.0949e-08,-0.28554650000000004
4.0951e-08,-0.2864865
4.0953e-08,-0.2874069
4.0955e-08,-0.288308
4.0957e-08,-0.28918999999999995
4.0959e-08,-0.29005330000000007
4.0961e-08,-0.29089829999999994
4.0963e-08,-0.291725
4.0965e-08,-0.2925342000000001
4.0967e-08,-0.2933257
4.0969e-08,-0.2941001
4.0971e-08,-0.29485759999999994
4.0973e-08,-0.2955985000000001
4.0975e-08,-0.29632289999999994
4.0977e-08,-0.29703139999999995
4.0979e-08,-0.29772409999999994
4.0981e-08,-0.2984013
4.0983e-08,-0.2990632
4.0985e-08,-0.2997103
4.0987e-08,-0.3003426
4.0989e-08,-0.3009603999999999
4.0991e-08,-0.30156439999999995
4.0993e-08,-0.30215349999999985
4.0995e-08,-0.30272979999999994
4.0997e-08,-0.3032923999999999
4.09985e-08,-0.30370600000000003
4.1e-08,-0.3041121
4.10002e-08,-0.3041659
4.10006e-08,-0.3042766000000001
4.10014e-08,-0.30450640000000007
4.1003e-08,-0.3049877999999999
4.1005e-08,-0.30559060000000005
4.1007e-08,-0.3061433
4.1009e-08,-0.3066017000000001
4.1011e-08,-0.3069297000000001
4.1013e-08,-0.3070993999999999
4.1015e-08,-0.30708860000000004
4.1017e-08,-0.3068805000000001
4.1019e-08,-0.30646360000000006
4.1021e-08,-0.305828
4.1023e-08,-0.30496809999999996
4.1025e-08,-0.3038801
4.1027e-08,-0.30256250000000007
4.1029e-08,-0.3010172000000001
4.1031e-08,-0.2992435
4.1033e-08,-0.29724590000000006
4.1035e-08,-0.2950273
4.1037e-08,-0.29259250000000003
4.1039e-08,-0.2899467
4.1041e-08,-0.28709550000000006
4.1043e-08,-0.284045
4.1045e-08,-0.2808016
4.1047e-08,-0.27737199999999995
4.1049e-08,-0.273763
4.1051e-08,-0.2699817
4.1053e-08,-0.26603489999999996
4.1055e-08,-0.26192989999999994
4.1057e-08,-0.25767360000000006
4.1059e-08,-0.2532734
4.1061e-08,-0.24873610000000002
4.1063e-08,-0.24406870000000003
4.1065e-08,-0.23927810000000005
4.1067e-08,-0.23437129999999995
4.1069e-08,-0.22935489999999992
4.1071e-08,-0.22423539999999997
4.1073e-08,-0.21901959999999998
4.1075e-08,-0.2137135
4.1077e-08,-0.2083237
4.1079e-08,-0.20285600000000004
4.1081e-08,-0.1973164999999999
4.1083e-08,-0.19171099999999996
4.1085e-08,-0.18604500000000002
4.1087e-08,-0.18032440000000005
4.1089e-08,-0.1745542
4.1091e-08,-0.1687398
4.1093e-08,-0.16288619999999998
4.1095e-08,-0.15699830000000004
4.1097e-08,-0.15108100000000002
4.1099e-08,-0.1451388
4.1101e-08,-0.13917599999999997
4.1103e-08,-0.13319720000000002
4.1105e-08,-0.1272065
4.1107e-08,-0.12120770000000003
4.1109e-08,-0.11520490000000005
4.1111e-08,-0.10920169999999996
4.1113e-08,-0.1032017999999999
4.1115e-08,-0.09720850000000003
4.1117e-08,-0.09122509999999995
4.1119e-08,-0.08525499999999997
4.1121e-08,-0.07930090000000001
4.1123e-08,-0.07336600000000004
4.1125e-08,-0.06745279999999998
4.1127e-08,-0.06156410000000001
4.1129e-08,-0.0557025000000001
4.1131e-08,-0.049870199999999976
4.1133e-08,-0.04406959999999993
4.1135e-08,-0.03830270000000002
4.1137e-08,-0.03257180000000004
4.1139e-08,-0.026878699999999922
4.1141e-08,-0.021225199999999944
4.1143e-08,-0.015613100000000046
4.1145e-08,-0.010044000000000053
4.1147e-08,-0.00451950000000001
4.1149e-08,0.0009592000000000489
4.1151e-08,0.006390600000000024
4.1153e-08,0.011773299999999987
4.1155e-08,0.017106499999999913
4.1157e-08,0.022388799999999986
4.1159e-08,0.02761939999999996
4.1161e-08,0.03279729999999992
4.1163e-08,0.03792170000000006
4.1165e-08,0.042991800000000024
4.1167e-08,0.04800700000000002
4.1169e-08,0.05296650000000003
4.1171e-08,0.05786990000000003
4.1173e-08,0.06271660000000001
4.1175e-08,0.06750630000000002
4.1177e-08,0.07223849999999998
4.1179e-08,0.07691289999999995
4.1181e-08,0.08152919999999997
4.1183e-08,0.08608720000000003
4.1185e-08,0.09058690000000003
4.1187e-08,0.09502790000000005
4.1189e-08,0.09941029999999995
4.1191e-08,0.10373410000000005
4.1193e-08,0.10799910000000001
4.1195e-08,0.1122055999999999
4.1197e-08,0.11635340000000005
4.11985e-08,0.11942590000000008
4.12e-08,0.12246559999999995
4.12002e-08,0.12286889999999995
4.12006e-08,0.12367629999999996
4.12014e-08,0.12529520000000005
4.1203e-08,0.12853230000000004
4.1205e-08,0.13253540000000008
4.1207e-08,0.13643860000000008
4.1209e-08,0.14019420000000005
4.1211e-08,0.14376500000000003
4.1213e-08,0.14712139999999996
4.1215e-08,0.1502409
4.1217e-08,0.15310639999999998
4.1219e-08,0.15570569999999995
4.1221e-08,0.15803049999999996
4.1223e-08,0.16007559999999998
4.1225e-08,0.16183880000000006
4.1227e-08,0.16331990000000007
4.1229e-08,0.1645204
4.1231e-08,0.16544360000000002
4.1233e-08,0.16609379999999996
4.1235e-08,0.16647650000000003
4.1237e-08,0.1665975999999999
4.1239e-08,0.16646380000000005
4.1241e-08,0.16608240000000007
4.1243e-08,0.16546110000000003
4.1245e-08,0.16460750000000002
4.1247e-08,0.16352960000000005
4.1249e-08,0.16223560000000004
4.1251e-08,0.16073359999999992
4.1253e-08,0.1590317
4.1255e-08,0.15713809999999995
4.1257e-08,0.1550608
4.1259e-08,0.15280779999999994
4.1261e-08,0.15038700000000005
4.1263e-08,0.147806
4.1265e-08,0.1450726
4.1267e-08,0.14219399999999993
4.1269e-08,0.1391776
4.1271e-08,0.1360306
4.1273e-08,0.13275979999999998
4.1275e-08,0.12937200000000004
4.1277e-08,0.12587380000000004
4.1279e-08,0.12227169999999998
4.1281e-08,0.11857189999999995
4.1283e-08,0.1147804
4.1285e-08,0.11090309999999992
4.1287e-08,0.10694579999999998
4.1289e-08,0.10291400000000006
4.1291e-08,0.0988131000000001
4.1293e-08,0.09464829999999991
4.1295e-08,0.09042460000000008
4.1297e-08,0.08614690000000003
4.1299e-08,0.08182
4.1301e-08,0.07744830000000003
4.1303e-08,0.0730362
4.1305e-08,0.06858810000000004
4.1307e-08,0.06410799999999994
4.1309e-08,0.059599999999999986
4.1311e-08,0.05506770000000005
4.1313e-08,0.05051479999999997
4.1315e-08,0.04594510000000007
4.1317e-08,0.0413616
4.1319e-08,0.03676780000000002
4.1321e-08,0.03216680000000005
4.1323e-08,0.027561700000000022
4.1325e-08,0.022955100000000006
4.1327e-08,0.018350100000000036
4.1329e-08,0.01374910000000007
4.1331e-08,0.009154700000000071
4.1333e-08,0.004569400000000057
4.1335e-08,-4.600000000021254e-06
4.1337e-08,-0.004565000000000041
4.1339e-08,-0.009109699999999998
4.1341e-08,-0.013636699999999946
4.1343e-08,-0.018144099999999996
4.1345e-08,-0.022630200000000045
4.1347e-08,-0.027093299999999987
4.1349e-08,-0.031531499999999935
4.1351e-08,-0.03594350000000002
4.1353e-08,-0.040327699999999966
4.1355e-08,-0.04468280000000002
4.1357e-08,-0.04900749999999998
4.1359e-08,-0.05330049999999997
4.1361e-08,-0.057560899999999915
4.1363e-08,-0.06178729999999999
4.1365e-08,-0.0659789999999999
4.1367e-08,-0.07013479999999994
4.1369e-08,-0.07425400000000004
4.1371e-08,-0.07833559999999995
4.1373e-08,-0.08237910000000004
4.1375e-08,-0.0863836
4.1377e-08,-0.09034850000000005
4.1379e-08,-0.0942733
4.1381e-08,-0.09815750000000001
4.1383e-08,-0.10200050000000005
4.1385e-08,-0.1058019
4.1387e-08,-0.10956130000000008
4.1389e-08,-0.1132784
4.1391e-08,-0.11695279999999997
4.1393e-08,-0.12058440000000004
4.1395e-08,-0.12417290000000003
4.1397e-08,-0.127718
4.13985e-08,-0.13034840000000003
4.14e-08,-0.13295440000000003
4.14002e-08,-0.13330050000000004
4.14006e-08,-0.13399380000000005
4.14014e-08,-0.13538640000000002
4.1403e-08,-0.1381779999999999
4.1405e-08,-0.14163690000000007
4.1407e-08,-0.14500959999999996
4.1409e-08,-0.14824879999999996
4.1411e-08,-0.15131640000000002
4.1413e-08,-0.15418280000000006
4.1415e-08,-0.156825
4.1417e-08,-0.15922579999999997
4.1419e-08,-0.16137250000000003
4.1421e-08,-0.16325649999999992
4.1423e-08,-0.16487249999999998
4.1425e-08,-0.16621770000000002
4.1427e-08,-0.16729159999999998
4.1429e-08,-0.16809569999999996
4.1431e-08,-0.16863280000000003
4.1433e-08,-0.16890689999999997
4.1435e-08,-0.1689233
4.1437e-08,-0.1686877
4.1439e-08,-0.1682066000000001
4.1441e-08,-0.1674871
4.1443e-08,-0.16653639999999992
4.1445e-08,-0.16536220000000001
4.1447e-08,-0.1639722
4.1449e-08,-0.16237439999999992
4.1451e-08,-0.1605766999999999
4.1453e-08,-0.15858709999999998
4.1455e-08,-0.1564137
4.1457e-08,-0.15406419999999998
4.1459e-08,-0.15154669999999992
4.1461e-08,-0.14886860000000002
4.1463e-08,-0.14603770000000005
4.1465e-08,-0.14306149999999995
4.1467e-08,-0.13994720000000005
4.1469e-08,-0.13670190000000004
4.1471e-08,-0.13333279999999992
4.1473e-08,-0.12984660000000003
4.1475e-08,-0.12625010000000003
4.1477e-08,-0.12254960000000004
4.1479e-08,-0.11875160000000007
4.1481e-08,-0.11486209999999997
4.1483e-08,-0.11088700000000007
4.1485e-08,-0.10683239999999994
4.1487e-08,-0.1027036
4.1489e-08,-0.09850630000000005
4.1491e-08,-0.09424559999999993
4.1493e-08,-0.08992670000000003
4.1495e-08,-0.08555449999999998
4.1497e-08,-0.08113380000000003
4.1499e-08,-0.07666930000000005
4.1501e-08,-0.07216529999999999
4.1503e-08,-0.06762619999999997
4.1505e-08,-0.0630562
4.1507e-08,-0.05845919999999993
4.1509e-08,-0.053839199999999976
4.1511e-08,-0.049199900000000074
4.1513e-08,-0.04454469999999999
4.1515e-08,-0.0398771
4.1517e-08,-0.035200600000000026
4.1519e-08,-0.030518099999999992
4.1521e-08,-0.025832900000000047
4.1523e-08,-0.02114769999999999
4.1525e-08,-0.016465400000000074
4.1527e-08,-0.011788600000000038
4.1529e-08,-0.007120000000000015
4.1531e-08,-0.0024617999999999585
4.1533e-08,0.0021833999999999465
4.1535e-08,0.006813500000000028
4.1537e-08,0.011426500000000006
4.1539e-08,0.01602019999999993
4.1541e-08,0.02059270000000002
4.1543e-08,0.02514229999999995
4.1545e-08,0.029667300000000063
4.1547e-08,0.03416589999999997
4.1549e-08,0.03863669999999997
4.1551e-08,0.04307810000000001
4.1553e-08,0.047488899999999945
4.1555e-08,0.05186769999999996
4.1557e-08,0.05621329999999991
4.1559e-08,0.06052449999999998
4.1561e-08,0.06480039999999998
4.1563e-08,0.06903989999999993
4.1565e-08,0.07324200000000003
4.1567e-08,0.07740599999999997
4.1569e-08,0.08153100000000002
4.1571e-08,0.08561619999999992
4.1573e-08,0.08966099999999999
4.1575e-08,0.09366479999999999
4.1577e-08,0.09762709999999997
4.1579e-08,0.1015471
4.1581e-08,0.10542470000000004
4.1583e-08,0.1092592
4.1585e-08,0.1130504
4.1587e-08,0.11679790000000001
4.1589e-08,0.12050149999999993
4.1591e-08,0.12416070000000001
4.1593e-08,0.12777570000000005
4.1595e-08,0.13134590000000002
4.1597e-08,0.13487159999999998
4.15985e-08,0.1374864
4.16e-08,0.14007590000000003
4.16002e-08,0.14041990000000004
4.16006e-08,0.14110879999999992
4.16014e-08,0.14249220000000007
4.1603e-08,0.14526480000000008
4.1605e-08,0.14869910000000008
4.1607e-08,0.15204650000000008
4.1609e-08,0.15525939999999994
4.1611e-08,0.15830009999999994
4.1613e-08,0.16113920000000004
4.1615e-08,0.16375360000000005
4.1617e-08,0.1661262
4.1619e-08,0.16824470000000002
4.1621e-08,0.17010020000000003
4.1623e-08,0.17168760000000005
4.1625e-08,0.1730041
4.1627e-08,0.17404930000000007
4.1629e-08,0.1748246
4.1631e-08,0.1753327
4.1633e-08,0.1755779999999999
4.1635e-08,0.17556510000000003
4.1637e-08,0.17530040000000002
4.1639e-08,0.17479
4.1641e-08,0.17404090000000005
4.1643e-08,0.1730606
4.1645e-08,0.17185649999999997
4.1647e-08,0.17043629999999999
4.1649e-08,0.16880819999999996
4.1651e-08,0.1669798
4.1653e-08,0.16495939999999998
4.1655e-08,0.16275470000000003
4.1657e-08,0.1603736
4.1659e-08,0.15782410000000002
4.1661e-08,0.15511370000000002
4.1663e-08,0.15225010000000005
4.1665e-08,0.1492407
4.1667e-08,0.14609289999999997
4.1669e-08,0.14281369999999993
4.1671e-08,0.1394103
4.1673e-08,0.13588940000000005
4.1675e-08,0.13225750000000003
4.1677e-08,0.1285214
4.1679e-08,0.1246872
4.1681e-08,0.12076109999999995
4.1683e-08,0.11674910000000005
4.1685e-08,0.11265709999999995
4.1687e-08,0.10849050000000005
4.1689e-08,0.10425490000000004
4.1691e-08,0.09995560000000003
4.1693e-08,0.09559759999999995
4.1695e-08,0.09118590000000004
4.1697e-08,0.08672540000000006
4.1699e-08,0.08222059999999998
4.1701e-08,0.07767610000000003
4.1703e-08,0.0730961
4.1705e-08,0.06848489999999996
4.1707e-08,0.06384639999999997
4.1709e-08,0.05918459999999992
4.1711e-08,0.054503100000000027
4.1713e-08,0.049805600000000005
4.1715e-08,0.045095500000000066
4.1717e-08,0.04037619999999997
4.1719e-08,0.035650700000000035
4.1721e-08,0.03092230000000007
4.1723e-08,0.026193699999999986
4.1725e-08,0.021467800000000037
4.1727e-08,0.016747399999999968
4.1729e-08,0.012034999999999907
4.1731e-08,0.007332900000000087
4.1733e-08,0.0026437000000000266
4.1735e-08,-0.002030500000000046
4.1737e-08,-0.006687499999999957
4.1739e-08,-0.011325299999999983
4.1741e-08,-0.01594200000000001
4.1743e-08,-0.020535799999999993
4.1745e-08,-0.025104799999999927
4.1747e-08,-0.029647599999999996
4.1749e-08,-0.034162399999999926
4.1751e-08,-0.0386477999999999
4.1753e-08,-0.043102399999999985
4.1755e-08,-0.04752509999999999
4.1757e-08,-0.05191440000000003
4.1759e-08,-0.05626919999999991
4.1761e-08,-0.06058859999999999
4.1763e-08,-0.06487140000000002
4.1765e-08,-0.06911670000000003
4.1767e-08,-0.07332369999999999
4.1769e-08,-0.0774916
4.1771e-08,-0.08161940000000001
4.1773e-08,-0.08570670000000002
4.1775e-08,-0.08975270000000002
4.1777e-08,-0.09375710000000004
4.1779e-08,-0.097719
4.1781e-08,-0.10163810000000006
4.1783e-08,-0.10551389999999994
4.1785e-08,-0.10934619999999995
4.1787e-08,-0.11313459999999997
4.1789e-08,-0.1168787
4.1791e-08,-0.12057830000000003
4.1793e-08,-0.12423319999999993
4.1795e-08,-0.1278433
4.1797e-08,-0.13140839999999998
4.17985e-08,-0.13405259999999997
4.18e-08,-0.1366714
4.18002e-08,-0.1370184000000001
4.18006e-08,-0.13771159999999993
4.18014e-08,-0.13909249999999995
4.1803e-08,-0.14183249999999992
4.1805e-08,-0.14521700000000004
4.1807e-08,-0.14855620000000003
4.1809e-08,-0.15185039999999994
4.1811e-08,-0.1550996
4.1813e-08,-0.15830370000000005
4.1815e-08,-0.16146309999999997
4.1817e-08,-0.16457770000000005
4.1819e-08,-0.16764800000000002
4.1821e-08,-0.17067390000000005
4.1823e-08,-0.17365560000000002
4.1825e-08,-0.17659349999999996
4.1827e-08,-0.17948769999999992
4.1829e-08,-0.18233849999999996
4.1831e-08,-0.18514620000000004
4.1833e-08,-0.1879111
4.1835e-08,-0.1906335
4.1837e-08,-0.19331359999999997
4.1839e-08,-0.1959518
4.1841e-08,-0.1985484999999999
4.1843e-08,-0.2011039
4.1845e-08,-0.20361850000000004
4.1847e-08,-0.2060925
4.1849e-08,-0.2085264
4.1851e-08,-0.21092050000000007
4.1853e-08,-0.21327529999999995
4.1855e-08,-0.2155910000000001
4.1857e-08,-0.2178681
4.1859e-08,-0.22010700000000005
4.1861e-08,-0.2223081
4.1863e-08,-0.2244718
4.1865e-08,-0.22659839999999998
4.1867e-08,-0.22868849999999996
4.1869e-08,-0.23074249999999996
4.1871e-08,-0.23276070000000004
4.1873e-08,-0.2347435
4.1875e-08,-0.23669150000000005
4.1877e-08,-0.2386049
4.1879e-08,-0.2404843000000001
4.1881e-08,-0.24233000000000005
4.1883e-08,-0.2441426000000001
4.1885e-08,-0.24592219999999998
4.1887e-08,-0.24766960000000005
4.1889e-08,-0.24938490000000002
4.1891e-08,-0.2510688000000001
4.1893e-08,-0.25272149999999993
4.1895e-08,-0.25434349999999994
4.1897e-08,-0.2559353
4.1899e-08,-0.25749710000000003
4.1901e-08,-0.25902959999999997
4.1903e-08,-0.260533
4.1905e-08,-0.2620077999999999
4.1907e-08,-0.2634544
4.1909e-08,-0.2648731
4.1911e-08,-0.26626439999999996
4.1913e-08,-0.2676288
4.1915e-08,-0.26896639999999994
4.1917e-08,-0.27027790000000007
4.1919e-08,-0.27156350000000007
4.1921e-08,-0.2728237
4.1923e-08,-0.2740589
4.1925e-08,-0.27526929999999994
4.1927e-08,-0.2764554
4.1929e-08,-0.27761769999999997
4.1931e-08,-0.27875629999999996
4.1933e-08,-0.2798718
4.1935e-08,-0.28096449999999995
4.1937e-08,-0.28203469999999997
4.1939e-08,-0.2830826999999999
4.1941e-08,-0.2841091
4.1943e-08,-0.285114
4.1945e-08,-0.2860979
4.1947e-08,-0.287061
4.1949e-08,-0.2880037
4.1951e-08,-0.2889264
4.1953e-08,-0.2898295000000001
4.1955e-08,-0.29071309999999995
4.1957e-08,-0.29157769999999994
4.1959e-08,-0.2924234
4.1961e-08,-0.2932507999999999
4.1963e-08,-0.29406
4.1965e-08,-0.2948514
4.1967e-08,-0.29562540000000004
4.1969e-08,-0.2963821
4.1971e-08,-0.29712189999999994
4.1973e-08,-0.2978451
4.1975e-08,-0.2985519000000001
4.1977e-08,-0.2992427000000001
4.1979e-08,-0.2999177999999999
4.1981e-08,-0.30057730000000005
4.1983e-08,-0.301222
4.1985e-08,-0.3018506999999999
4.1987e-08,-0.3024660000000001
4.1989e-08,-0.30306620000000006
4.1991e-08,-0.30365240000000016
4.1993e-08,-0.3042247000000001
4.1995e-08,-0.30478320000000003
4.1997e-08,-0.3053281
4.19985e-08,-0.3057282
4.2e-08,-0.3061206999999999
4.20002e-08,-0.3061737
4.20006e-08,-0.3062806
4.20014e-08,-0.30650389999999994
4.2003e-08,-0.3069714
4.2005e-08,-0.3075564999999999
4.2007e-08,-0.30809260000000005
4.2009e-08,-0.30853429999999993
4.2011e-08,-0.3088456999999999
4.2013e-08,-0.30899889999999997
4.2015e-08,-0.3089727
4.2017e-08,-0.3087483000000001
4.2019e-08,-0.3083162999999999
4.2021e-08,-0.30766460000000007
4.2023e-08,-0.3067898
4.2025e-08,-0.3056881
4.2027e-08,-0.30435689999999993
4.2029e-08,-0.30279710000000004
4.2031e-08,-0.3010102000000001
4.2033e-08,-0.2989988
4.2035e-08,-0.29676710000000006
4.2037e-08,-0.2943194
4.2039e-08,-0.2916607
4.2041e-08,-0.2887969
4.2043e-08,-0.28573400000000004
4.2045e-08,-0.28247829999999996
4.2047e-08,-0.2790365
4.2049e-08,-0.27541530000000003
4.2051e-08,-0.27162189999999997
4.2053e-08,-0.2676632
4.2055e-08,-0.2635461
4.2057e-08,-0.25927790000000006
4.2059e-08,-0.2548657
4.2061e-08,-0.2503164
4.2063e-08,-0.24563710000000005
4.2065e-08,-0.2408345999999999
4.2067e-08,-0.2359158
4.2069e-08,-0.23088730000000002
4.2071e-08,-0.22575579999999995
4.2073e-08,-0.2205279
4.2075e-08,-0.21520970000000006
4.2077e-08,-0.20980759999999998
4.2079e-08,-0.2043277
4.2081e-08,-0.19877579999999995
4.2083e-08,-0.1931579
4.2085e-08,-0.18747959999999997
4.2087e-08,-0.18174650000000003
4.2089e-08,-0.1759638
4.2091e-08,-0.17013679999999998
4.2093e-08,-0.16427060000000004
4.2095e-08,-0.15837009999999996
4.2097e-08,-0.15244000000000002
4.2099e-08,-0.14648499999999998
4.2101e-08,-0.14050950000000006
4.2103e-08,-0.1345177999999999
4.2105e-08,-0.12851420000000002
4.2107e-08,-0.1225025999999999
4.2109e-08,-0.1164868
4.2111e-08,-0.11047069999999992
4.2113e-08,-0.10445780000000005
4.2115e-08,-0.09845159999999997
4.2117e-08,-0.09245540000000008
4.2119e-08,-0.0864722
4.2121e-08,-0.08050519999999994
4.2123e-08,-0.07455729999999994
4.2125e-08,-0.0686312
4.2127e-08,-0.06272960000000005
4.2129e-08,-0.05685499999999999
4.2131e-08,-0.05101
4.2133e-08,-0.045196500000000084
4.2135e-08,-0.03941680000000003
4.2137e-08,-0.03367319999999996
4.2139e-08,-0.027967399999999976
4.2141e-08,-0.02230120000000002
4.2143e-08,-0.01667660000000004
4.2145e-08,-0.011094999999999966
4.2147e-08,-0.0055579000000000045
4.2149e-08,-6.689999999998086e-05
4.2151e-08,0.005376799999999959
4.2153e-08,0.010771899999999945
4.2155e-08,0.016117199999999943
4.2157e-08,0.021411700000000033
4.2159e-08,0.02665429999999991
4.2161e-08,0.03184419999999999
4.2163e-08,0.036980400000000024
4.2165e-08,0.0420623
4.2167e-08,0.047089099999999995
4.2169e-08,0.0520602
4.2171e-08,0.056975200000000004
4.2173e-08,0.06183329999999998
4.2175e-08,0.06663429999999992
4.2177e-08,0.07137759999999993
4.2179e-08,0.07606310000000005
4.2181e-08,0.0806905
4.2183e-08,0.08525950000000004
4.2185e-08,0.08976990000000007
4.2187e-08,0.09422169999999996
4.2189e-08,0.09861469999999994
4.2191e-08,0.10294879999999995
4.2193e-08,0.10722430000000005
4.2195e-08,0.11144100000000001
4.2197e-08,0.11559900000000001
4.21985e-08,0.11867910000000004
4.22e-08,0.12172630000000007
4.22002e-08,0.12213059999999998
4.22006e-08,0.12293989999999999
4.22014e-08,0.12456270000000003
4.2203e-08,0.12780769999999997
4.2205e-08,0.1318205
4.2207e-08,0.13573330000000006
4.2209e-08,0.13949840000000002
4.2211e-08,0.1430785
4.2213e-08,0.14644410000000008
4.2215e-08,0.1495725
4.2217e-08,0.15244690000000005
4.2219e-08,0.15505480000000005
4.2221e-08,0.15738819999999998
4.2223e-08,0.15944170000000002
4.2225e-08,0.1612131
4.2227e-08,0.16270209999999996
4.2229e-08,0.1639105999999999
4.2231e-08,0.16484149999999997
4.2233e-08,0.16549939999999996
4.2235e-08,0.1658894999999999
4.2237e-08,0.16601790000000005
4.2239e-08,0.16589129999999996
4.2241e-08,0.16551720000000003
4.2243e-08,0.16490269999999996
4.2245e-08,0.16405599999999998
4.2247e-08,0.1629849000000001
4.2249e-08,0.1616976
4.2251e-08,0.16020210000000001
4.2253e-08,0.1585067
4.2255e-08,0.15661940000000008
4.2257e-08,0.15454849999999998
4.2259e-08,0.15230169999999998
4.2261e-08,0.1498870000000001
4.2263e-08,0.1473122
4.2265e-08,0.1445847
4.2267e-08,0.14171199999999995
4.2269e-08,0.13870159999999998
4.2271e-08,0.13556029999999997
4.2273e-08,0.13229520000000006
4.2275e-08,0.12891320000000006
4.2277e-08,0.12542069999999994
4.2279e-08,0.1218241000000001
4.2281e-08,0.11812979999999995
4.2283e-08,0.1143438000000001
4.2285e-08,0.11047190000000007
4.2287e-08,0.10652000000000006
4.2289e-08,0.10249350000000002
4.2291e-08,0.09839790000000004
4.2293e-08,0.0942383
4.2295e-08,0.09001979999999998
4.2297e-08,0.08574729999999997
4.2299e-08,0.08142539999999998
4.2301e-08,0.07705879999999998
4.2303e-08,0.07265179999999993
4.2305e-08,0.06820859999999995
4.2307e-08,0.0637335
4.2309e-08,0.05923029999999996
4.2311e-08,0.0547029
4.2313e-08,0.0501549
4.2315e-08,0.045589800000000014
4.2317e-08,0.04101109999999997
4.2319e-08,0.036422000000000065
4.2321e-08,0.03182560000000001
4.2323e-08,0.027225000000000055
4.2325e-08,0.022623100000000007
4.2327e-08,0.01802249999999994
4.2329e-08,0.013425900000000102
4.2331e-08,0.008835999999999955
4.2333e-08,0.004255099999999956
4.2335e-08,-0.00031449999999999534
4.2337e-08,-0.004870599999999947
4.2339e-08,-0.009411100000000006
4.2341e-08,-0.013934000000000002
4.2343e-08,-0.018437200000000042
4.2345e-08,-0.02291920000000003
4.2347e-08,-0.02737820000000002
4.2349e-08,-0.031812300000000016
4.2351e-08,-0.03622029999999998
4.2353e-08,-0.040600700000000045
4.2355e-08,-0.044951899999999934
4.2357e-08,-0.04927270000000006
4.2359e-08,-0.05356189999999994
4.2361e-08,-0.057818499999999995
4.2363e-08,-0.06204130000000008
4.2365e-08,-0.06622919999999999
4.2367e-08,-0.07038129999999998
4.2369e-08,-0.07449700000000004
4.2371e-08,-0.07857510000000001
4.2373e-08,-0.08261509999999994
4.2375e-08,-0.08661599999999992
4.2377e-08,-0.09057769999999998
4.2379e-08,-0.09449909999999995
4.2381e-08,-0.09837989999999996
4.2383e-08,-0.10221960000000008
4.2385e-08,-0.10601779999999994
4.2387e-08,-0.10977400000000004
4.2389e-08,-0.11348789999999997
4.2391e-08,-0.11715929999999997
4.2393e-08,-0.1207878
4.2395e-08,-0.12437319999999996
4.2397e-08,-0.12791530000000007
4.23985e-08,-0.13054359999999998
4.24e-08,-0.1331471999999999
4.24002e-08,-0.1334923
4.24006e-08,-0.1341816
4.24014e-08,-0.13555499999999998
4.2403e-08,-0.1382808000000001
4.2405e-08,-0.14164869999999996
4.2407e-08,-0.1449729999999999
4.2409e-08,-0.14825370000000004
4.2411e-08,-0.15149080000000004
4.2413e-08,-0.1546843
4.2415e-08,-0.15783429999999998
4.2417e-08,-0.1609408000000001
4.2419e-08,-0.16400409999999999
4.2421e-08,-0.16702430000000001
4.2423e-08,-0.17000159999999997
4.2425e-08,-0.17293609999999993
4.2427e-08,-0.17582799999999998
4.2429e-08,-0.1786776
4.2431e-08,-0.18148510000000007
4.2433e-08,-0.1842507
4.2435e-08,-0.1869748
4.2437e-08,-0.18965759999999998
4.2439e-08,-0.19229929999999995
4.2441e-08,-0.19490030000000003
4.2443e-08,-0.19746089999999994
4.2445e-08,-0.19998139999999998
4.2447e-08,-0.20246220000000004
4.2449e-08,-0.20490350000000002
4.2451e-08,-0.20730590000000004
4.2453e-08,-0.20966949999999995
4.2455e-08,-0.21199469999999998
4.2457e-08,-0.21428190000000003
4.2459e-08,-0.21653160000000005
4.2461e-08,-0.2187441
4.2463e-08,-0.2209196
4.2465e-08,-0.22305870000000005
4.2467e-08,-0.22516190000000003
4.2469e-08,-0.22722920000000002
4.2471e-08,-0.2292613
4.2473e-08,-0.23125859999999998
4.2475e-08,-0.23322140000000002
4.2477e-08,-0.23515009999999992
4.2479e-08,-0.2370451
4.2481e-08,-0.23890679999999997
4.2483e-08,-0.2407357
4.2485e-08,-0.24253219999999998
4.2487e-08,-0.24429650000000003
4.2489e-08,-0.2460293
4.2491e-08,-0.24773089999999998
4.2493e-08,-0.24940150000000005
4.2495e-08,-0.2510418
4.2497e-08,-0.252652
4.2499e-08,-0.2542327000000001
4.2501e-08,-0.25578410000000007
4.2503e-08,-0.2573067
4.2505e-08,-0.25880080000000005
4.2507e-08,-0.26026689999999997
4.2509e-08,-0.26170550000000004
4.2511e-08,-0.2631167
4.2513e-08,-0.26450110000000004
4.2515e-08,-0.26585899999999996
4.2517e-08,-0.26719079999999995
4.2519e-08,-0.268497
4.2521e-08,-0.2697778999999999
4.2523e-08,-0.27103370000000004
4.2525e-08,-0.272265
4.2527e-08,-0.2734721
4.2529e-08,-0.27465530000000005
4.2531e-08,-0.2758151
4.2533e-08,-0.2769516999999999
4.2535e-08,-0.2780655999999999
4.2537e-08,-0.27915709999999994
4.2539e-08,-0.2802264
4.2541e-08,-0.28127409999999997
4.2543e-08,-0.2823004
4.2545e-08,-0.2833057
4.2547e-08,-0.2842903
4.2549e-08,-0.28525449999999997
4.2551e-08,-0.28619859999999997
4.2553e-08,-0.2871231999999999
4.2555e-08,-0.28802819999999996
4.2557e-08,-0.2889142
4.2559e-08,-0.2897815
4.2561e-08,-0.2906303
4.2563e-08,-0.2914609
4.2565e-08,-0.2922737000000001
4.2567e-08,-0.293069
4.2569e-08,-0.29384699999999997
4.2571e-08,-0.2946080000000001
4.2573e-08,-0.29535239999999996
4.2575e-08,-0.2960804
4.2577e-08,-0.2967923
4.2579e-08,-0.2974884000000001
4.2581e-08,-0.29816890000000007
4.2583e-08,-0.2988343
4.2585e-08,-0.29948449999999993
4.2587e-08,-0.30012000000000005
4.2589e-08,-0.3007407999999999
4.2591e-08,-0.3013483
4.2593e-08,-0.30194090000000007
4.2595e-08,-0.30251970000000006
4.2597e-08,-0.30308480000000004
4.25985e-08,-0.30350049999999995
4.26e-08,-0.3039086000000001
4.26002e-08,-0.3039623
4.26006e-08,-0.30407039999999996
4.26014e-08,-0.3042830000000001
4.2603e-08,-0.3047030999999999
4.2605e-08,-0.3052176000000001
4.2607e-08,-0.30571899999999996
4.2609e-08,-0.3062085
4.2611e-08,-0.3066870999999999
4.2613e-08,-0.30715290000000006
4.2615e-08,-0.30760699999999996
4.2617e-08,-0.30805059999999995
4.2619e-08,-0.30848370000000014
4.2621e-08,-0.30890549999999994
4.2623e-08,-0.3093159999999999
4.2625e-08,-0.3097173999999999
4.2627e-08,-0.31010779999999993
4.2629e-08,-0.31048809999999993
4.2631e-08,-0.31085870000000004
4.2633e-08,-0.3112193999999999
4.2635e-08,-0.3115715
4.2637e-08,-0.3119139999999999
4.2639e-08,-0.31224699999999994
4.2641e-08,-0.31257159999999995
4.2643e-08,-0.31288689999999997
4.2645e-08,-0.31319390000000014
4.2647e-08,-0.3134928000000001
4.2649e-08,-0.31378360000000005
4.2651e-08,-0.3140665
4.2653e-08,-0.31434039999999996
4.2655e-08,-0.31460749999999993
4.2657e-08,-0.31486690000000006
4.2659e-08,-0.3151185000000001
4.2661e-08,-0.3153636000000001
4.2663e-08,-0.31560010000000005
4.2665e-08,-0.3158312
4.2667e-08,-0.3160549
4.2669e-08,-0.3162712999999999
4.2671e-08,-0.3164815000000001
4.2673e-08,-0.3166854
4.2675e-08,-0.3168833000000001
4.2677e-08,-0.31707510000000005
4.2679e-08,-0.31725989999999993
4.2681e-08,-0.31743980000000005
4.2683e-08,-0.31761380000000006
4.2685e-08,-0.31778209999999996
4.2687e-08,-0.3179445999999999
4.2689e-08,-0.3181014000000001
4.2691e-08,-0.3182535999999999
4.2693e-08,-0.3184003000000001
4.2695e-08,-0.3185414
4.2697e-08,-0.31867809999999985
4.2699e-08,-0.31881039999999994
4.2701e-08,-0.3189373
4.2703e-08,-0.3190590000000001
4.2705e-08,-0.31917740000000006
4.2707e-08,-0.3192906
4.2709e-08,-0.3193995999999999
4.2711e-08,-0.3195046
4.2713e-08,-0.3196055
4.2715e-08,-0.31970239999999994
4.2717e-08,-0.31979440000000003
4.2719e-08,-0.31988340000000004
4.2721e-08,-0.31996860000000005
4.2723e-08,-0.32005000000000006
4.2725e-08,-0.3201274999999999
4.2727e-08,-0.3202023999999999
4.2729e-08,-0.32027249999999996
4.2731e-08,-0.32033999999999996
4.2733e-08,-0.32040479999999993
4.2735e-08,-0.32046509999999995
4.2737e-08,-0.32052389999999986
4.2739e-08,-0.32057809999999987
4.2741e-08,-0.3206299
4.2743e-08,-0.32067919999999994
4.2745e-08,-0.32072520000000004
4.2747e-08,-0.3207687
4.2749e-08,-0.32081000000000004
4.2751e-08,-0.3208479000000001
4.2753e-08,-0.32088359999999994
4.2755e-08,-0.3209160999999999
4.2757e-08,-0.3209473999999999
4.2759e-08,-0.3209755000000001
4.2761e-08,-0.3210013999999999
4.2763e-08,-0.32102530000000007
4.2765e-08,-0.3210460999999999
4.2767e-08,-0.32106579999999996
4.2769e-08,-0.3210835000000001
4.2771e-08,-0.3210982
4.2773e-08,-0.3211119000000001
4.2775e-08,-0.3211237
4.2777e-08,-0.3211336
4.2779e-08,-0.3211406
4.2781e-08,-0.3211467
4.2783e-08,-0.321152
4.2785e-08,-0.32115439999999984
4.2787e-08,-0.3211550999999999
4.2789e-08,-0.32115499999999986
4.2791e-08,-0.32115309999999997
4.2793e-08,-0.32114949999999987
4.2795e-08,-0.3211442
4.2797e-08,-0.3211383
4.27985e-08,-0.3211326
4.28e-08,-0.3211265
4.28002e-08,-0.32112609999999997
4.28006e-08,-0.3211242000000001
4.28014e-08,-0.3211204000000001
4.2803e-08,-0.32111140000000005
4.2805e-08,-0.32110079999999996
4.2807e-08,-0.3210877000000001
4.2809e-08,-0.32107399999999997
4.2811e-08,-0.3210588
4.2813e-08,-0.32104299999999997
4.2815e-08,-0.3210267
4.2817e-08,-0.3210078999999999
4.2819e-08,-0.32098970000000004
4.2821e-08,-0.3209698999999999
4.2823e-08,-0.3209487
4.2825e-08,-0.3209271
4.2827e-08,-0.3209040000000001
4.2829e-08,-0.32088059999999996
4.2831e-08,-0.3208567
4.2833e-08,-0.32083150000000005
4.2835e-08,-0.3208059
4.2837e-08,-0.32077999999999995
4.2839e-08,-0.3207527
4.2841e-08,-0.3207251
4.2843e-08,-0.3206972
4.2845e-08,-0.32066799999999995
4.2847e-08,-0.32063850000000005
4.2849e-08,-0.32060869999999997
4.2851e-08,-0.3205775999999999
4.2853e-08,-0.32054629999999995
4.2855e-08,-0.3205147999999999
4.2857e-08,-0.32048299999999996
4.2859e-08,-0.3204510999999999
4.2861e-08,-0.3204178999999999
4.2863e-08,-0.32038450000000007
4.2865e-08,-0.3203509000000001
4.2867e-08,-0.3203161
4.2869e-08,-0.3202822000000001
4.2871e-08,-0.32024700000000006
4.2873e-08,-0.3202128000000001
4.2875e-08,-0.32017740000000006
4.2877e-08,-0.3201417999999999
4.2879e-08,-0.3201052
4.2881e-08,-0.32006940000000006
4.2883e-08,-0.32003250000000005
4.2885e-08,-0.31999640000000007
4.2887e-08,-0.31995930000000006
4.2889e-08,-0.3199221
4.2891e-08,-0.3198858
4.2893e-08,-0.3198485
4.2895e-08,-0.31981099999999996
4.2897e-08,-0.31977350000000004
4.2899e-08,-0.31973589999999996
4.2901e-08,-0.3196973000000001
4.2903e-08,-0.3196597000000001
4.2905e-08,-0.31962199999999985
4.2907e-08,-0.3195841999999999
4.2909e-08,-0.31954550000000004
4.2911e-08,-0.31950769999999995
4.2913e-08,-0.3194699
4.2915e-08,-0.31943100000000013
4.2917e-08,-0.31939320000000015
4.2919e-08,-0.31935539999999984
4.2921e-08,-0.3193165
4.2923e-08,-0.3192787
4.2925e-08,-0.31923990000000013
4.2927e-08,-0.3192020000000001
4.2929e-08,-0.3191642000000001
4.2931e-08,-0.31912549999999995
4.2933e-08,-0.3190877
4.2935e-08,-0.31904999999999994
4.2937e-08,-0.3190123
4.2939e-08,-0.31897370000000014
4.2941e-08,-0.3189360000000001
4.2943e-08,-0.3188985000000001
4.2945e-08,-0.3188608999999999
4.2947e-08,-0.3188234999999999
4.2949e-08,-0.3187859999999999
4.2951e-08,-0.3187486999999999
4.2953e-08,-0.31871230000000006
4.2955e-08,-0.3186751000000001
4.2957e-08,-0.31863790000000003
4.2959e-08,-0.31860080000000013
4.2961e-08,-0.31856470000000003
4.2963e-08,-0.3185277000000001
4.2965e-08,-0.3184918
4.2967e-08,-0.3184560000000001
4.2969e-08,-0.3184191999999999
4.2971e-08,-0.31838350000000004
4.2973e-08,-0.3183479
4.2975e-08,-0.3183122999999999
4.2977e-08,-0.3182769000000001
4.2979e-08,-0.31824149999999995
4.2981e-08,-0.3182073000000001
4.2983e-08,-0.31817209999999996
4.2985e-08,-0.3181370000000001
4.2987e-08,-0.3181029999999999
4.2989e-08,-0.3180691
4.2991e-08,-0.31803419999999993
4.2993e-08,-0.3180005
4.2995e-08,-0.31796690000000005
4.2997e-08,-0.3179333999999999
4.29985e-08,-0.3179080000000001
4.3e-08,-0.31788379999999994
4.30002e-08,-0.31788150000000004
4.30006e-08,-0.317878
4.30014e-08,-0.3178833999999999
4.3003e-08,-0.31792090000000006
4.3005e-08,-0.3179797
4.3007e-08,-0.3180007
4.3009e-08,-0.3179408
4.3011e-08,-0.3177628
4.3013e-08,-0.31743769999999993
4.3015e-08,-0.3169453000000001
4.3017e-08,-0.31626660000000006
4.3019e-08,-0.31538889999999997
4.3021e-08,-0.3143041999999999
4.3023e-08,-0.3130067000000001
4.3025e-08,-0.3114905000000001
4.3027e-08,-0.30975589999999986
4.3029e-08,-0.30780149999999995
4.3031e-08,-0.3056287000000001
4.3033e-08,-0.3032412000000001
4.3035e-08,-0.3006411000000001
4.3037e-08,-0.2978343
4.3039e-08,-0.29482430000000004
4.3041e-08,-0.29161709999999996
4.3043e-08,-0.2882188
4.3045e-08,-0.2846352000000001
4.3047e-08,-0.2808731
4.3049e-08,-0.2769391
4.3051e-08,-0.2728400000000001
4.3053e-08,-0.26858269999999995
4.3055e-08,-0.2641742
4.3057e-08,-0.25962150000000006
4.3059e-08,-0.2549315999999999
4.3061e-08,-0.25011149999999993
4.3063e-08,-0.2451679
4.3065e-08,-0.24010770000000003
4.3067e-08,-0.23493790000000003
4.3069e-08,-0.2296648
4.3071e-08,-0.22429520000000003
4.3073e-08,-0.2188354
4.3075e-08,-0.21329169999999997
4.3077e-08,-0.20767029999999997
4.3079e-08,-0.20197730000000003
4.3081e-08,-0.19621849999999996
4.3083e-08,-0.1903996
4.3085e-08,-0.18452639999999998
4.3087e-08,-0.1786042
4.3089e-08,-0.17263830000000002
4.3091e-08,-0.1666339
4.3093e-08,-0.16059610000000002
4.3095e-08,-0.15452960000000004
4.3097e-08,-0.148439
4.3099e-08,-0.14232919999999993
4.3101e-08,-0.13620430000000006
4.3103e-08,-0.13006870000000004
4.3105e-08,-0.12392630000000004
4.3107e-08,-0.11778120000000003
4.3109e-08,-0.11163710000000004
4.3111e-08,-0.10549769999999992
4.3113e-08,-0.09936660000000008
4.3115e-08,-0.09324690000000002
4.3117e-08,-0.0871421
4.3119e-08,-0.08105510000000005
4.3121e-08,-0.07498890000000002
4.3123e-08,-0.06894639999999996
4.3125e-08,-0.06293009999999999
4.3127e-08,-0.05694270000000001
4.3129e-08,-0.05098659999999999
4.3131e-08,-0.04506409999999994
4.3133e-08,-0.039177499999999976
4.3135e-08,-0.03332869999999999
4.3137e-08,-0.027519700000000036
4.3139e-08,-0.021752499999999952
4.3141e-08,-0.016028700000000007
4.3143e-08,-0.010349900000000023
4.3145e-08,-0.004717799999999994
4.3147e-08,0.0008661999999999281
4.3149e-08,0.00640099999999999
4.3151e-08,0.011885000000000034
4.3153e-08,0.01731729999999998
4.3155e-08,0.022696599999999956
4.3157e-08,0.02802199999999999
4.3159e-08,0.03329280000000001
4.3161e-08,0.03850790000000004
4.3163e-08,0.04366649999999994
4.3165e-08,0.04876820000000004
4.3167e-08,0.05381220000000009
4.3169e-08,0.05879789999999996
4.3171e-08,0.06372490000000008
4.3173e-08,0.0685929999999999
4.3175e-08,0.0734013
4.3177e-08,0.07815000000000005
4.3179e-08,0.08283869999999993
4.3181e-08,0.08746710000000002
4.3183e-08,0.09203510000000004
4.3185e-08,0.09654260000000003
4.3187e-08,0.10098960000000001
4.3189e-08,0.10537599999999991
4.3191e-08,0.10970190000000002
4.3193e-08,0.11396739999999994
4.3195e-08,0.11817250000000001
4.3197e-08,0.12231750000000008
4.31985e-08,0.12538669999999996
4.32e-08,0.12842220000000004
4.32002e-08,0.12882490000000002
4.32006e-08,0.12963099999999994
4.32014e-08,0.1312472
4.3203e-08,0.1344782
4.3205e-08,0.1384723
4.3207e-08,0.14236539999999998
4.3209e-08,0.14610990000000001
4.3211e-08,0.1496687
4.3213e-08,0.1530123
4.3215e-08,0.15611829999999993
4.3217e-08,0.15896980000000005
4.3219e-08,0.16155449999999993
4.3221e-08,0.16386429999999996
4.3223e-08,0.16589410000000004
4.3225e-08,0.1676415
4.3227e-08,0.1691066
4.3229e-08,0.17029070000000002
4.3231e-08,0.17119720000000005
4.3233e-08,0.17183060000000006
4.3235e-08,0.17219590000000007
4.3237e-08,0.1722994
4.3239e-08,0.17214779999999996
4.3241e-08,0.17174830000000008
4.3243e-08,0.17110840000000005
4.3245e-08,0.1702359
4.3247e-08,0.16913880000000003
4.3249e-08,0.16782509999999995
4.3251e-08,0.16630310000000004
4.3253e-08,0.16458079999999997
4.3255e-08,0.16266629999999993
4.3257e-08,0.16056760000000003
4.3259e-08,0.1582928
4.3261e-08,0.15584980000000004
4.3263e-08,0.15324610000000005
4.3265e-08,0.15048950000000005
4.3267e-08,0.14758720000000003
4.3269e-08,0.14454659999999997
4.3271e-08,0.14137480000000002
4.3273e-08,0.13807879999999995
4.3275e-08,0.1346653
4.3277e-08,0.1311409
4.3279e-08,0.12751199999999996
4.3281e-08,0.12378489999999998
4.3283e-08,0.11996569999999995
4.3285e-08,0.11606020000000006
4.3287e-08,0.11207409999999995
4.3289e-08,0.10801300000000003
4.3291e-08,0.10388240000000004
4.3293e-08,0.09968739999999998
4.3295e-08,0.09543310000000005
4.3297e-08,0.09112430000000005
4.3299e-08,0.08676569999999995
4.3301e-08,0.08236199999999994
4.3303e-08,0.07791759999999992
4.3305e-08,0.07343679999999997
4.3307e-08,0.06892359999999997
4.3309e-08,0.06438200000000005
4.3311e-08,0.059815800000000086
4.3313e-08,0.05522879999999997
4.3315e-08,0.05062449999999996
4.3317e-08,0.0460062
4.3319e-08,0.0413772
4.3321e-08,0.03674080000000002
4.3323e-08,0.032099999999999906
4.3325e-08,0.02745770000000003
4.3327e-08,0.022816500000000017
4.3329e-08,0.018179100000000004
4.3331e-08,0.013548400000000016
4.3333e-08,0.008926400000000001
4.3335e-08,0.004315599999999975
4.3337e-08,-0.00028170000000005135
4.3339e-08,-0.004863400000000073
4.3341e-08,-0.009427699999999928
4.3343e-08,-0.013972399999999996
4.3345e-08,-0.018495800000000062
4.3347e-08,-0.022996099999999964
4.3349e-08,-0.027471799999999935
4.3351e-08,-0.031921100000000036
4.3353e-08,-0.03634280000000001
4.3355e-08,-0.04073539999999998
4.3357e-08,-0.04509760000000007
4.3359e-08,-0.049428099999999975
4.3361e-08,-0.05372569999999999
4.3363e-08,-0.05798950000000003
4.3365e-08,-0.06221829999999995
4.3367e-08,-0.06641129999999995
4.3369e-08,-0.07056759999999995
4.3371e-08,-0.07468620000000004
4.3373e-08,-0.07876649999999996
4.3375e-08,-0.08280770000000004
4.3377e-08,-0.08680929999999998
4.3379e-08,-0.09077049999999998
4.3381e-08,-0.09469099999999997
4.3383e-08,-0.0985701
4.3385e-08,-0.10240749999999998
4.3387e-08,-0.10620269999999998
4.3389e-08,-0.10995540000000004
4.3391e-08,-0.11366539999999992
4.3393e-08,-0.1173322
4.3395e-08,-0.12095560000000005
4.3397e-08,-0.12453559999999997
4.33985e-08,-0.12719199999999997
4.34e-08,-0.12982380000000004
4.34002e-08,-0.13017250000000002
4.34006e-08,-0.13086930000000008
4.34014e-08,-0.13225750000000003
4.3403e-08,-0.13501280000000004
4.3405e-08,-0.13841769999999998
4.3407e-08,-0.14177850000000003
4.3409e-08,-0.14509539999999999
4.3411e-08,-0.1483683
4.3413e-08,-0.1515974
4.3415e-08,-0.1547828
4.3417e-08,-0.15792430000000002
4.3419e-08,-0.1610224
4.3421e-08,-0.16407720000000003
4.3423e-08,-0.16708860000000003
4.3425e-08,-0.17005690000000007
4.3427e-08,-0.17298239999999998
4.3429e-08,-0.17586519999999994
4.3431e-08,-0.17870569999999997
4.3433e-08,-0.181504
4.3435e-08,-0.18426050000000005
4.3437e-08,-0.1869752
4.3439e-08,-0.1896487
4.3441e-08,-0.19228120000000004
4.3443e-08,-0.19487279999999996
4.3445e-08,-0.19742420000000005
4.3447e-08,-0.19993549999999993
4.3449e-08,-0.202407
4.3451e-08,-0.20483930000000006
4.3453e-08,-0.20723250000000004
4.3455e-08,-0.20958700000000008
4.3457e-08,-0.21190330000000002
4.3459e-08,-0.21418170000000003
4.3461e-08,-0.21642249999999996
4.3463e-08,-0.2186262
4.3465e-08,-0.22079309999999996
4.3467e-08,-0.22292369999999995
4.3469e-08,-0.2250183
4.3471e-08,-0.22707730000000004
4.3473e-08,-0.2291012
4.3475e-08,-0.23109029999999997
4.3477e-08,-0.23304499999999995
4.3479e-08,-0.2349658
4.3481e-08,-0.23685299999999998
4.3483e-08,-0.23870710000000006
4.3485e-08,-0.2405284000000001
4.3487e-08,-0.24231749999999996
4.3489e-08,-0.24407460000000003
4.3491e-08,-0.24580020000000002
4.3493e-08,-0.24749480000000001
4.3495e-08,-0.2491586
4.3497e-08,-0.2507919999999999
4.3499e-08,-0.2523957
4.3501e-08,-0.2539698
4.3503e-08,-0.25551500000000005
4.3505e-08,-0.25703129999999996
4.3507e-08,-0.2585195
4.3509e-08,-0.2599796000000001
4.3511e-08,-0.2614124
4.3513e-08,-0.262818
4.3515e-08,-0.26419690000000007
4.3517e-08,-0.2655495
4.3519e-08,-0.2668762
4.3521e-08,-0.2681772
4.3523e-08,-0.2694531
4.3525e-08,-0.27070419999999995
4.3527e-08,-0.27193080000000003
4.3529e-08,-0.2731333
4.3531e-08,-0.2743121999999999
4.3533e-08,-0.2754677
4.3535e-08,-0.27660019999999996
4.3537e-08,-0.27771
4.3539e-08,-0.27879770000000004
4.3541e-08,-0.27986330000000004
4.3543e-08,-0.28090740000000003
4.3545e-08,-0.28193029999999997
4.3547e-08,-0.28293219999999997
4.3549e-08,-0.2839136
4.3551e-08,-0.28487470000000004
4.3553e-08,-0.2858158999999999
4.3555e-08,-0.2867375000000001
4.3557e-08,-0.2876398
4.3559e-08,-0.2885232
4.3561e-08,-0.289388
4.3563e-08,-0.2902344
4.3565e-08,-0.29106279999999995
4.3567e-08,-0.2918733
4.3569e-08,-0.2926666
4.3571e-08,-0.29344269999999995
4.3573e-08,-0.2942019
4.3575e-08,-0.2949446
4.3577e-08,-0.295671
4.3579e-08,-0.2963814
4.3581e-08,-0.297076
4.3583e-08,-0.29775529999999995
4.3585e-08,-0.29841930000000005
4.3587e-08,-0.29906849999999996
4.3589e-08,-0.2997029
4.3591e-08,-0.30032310000000007
4.3593e-08,-0.30092869999999994
4.3595e-08,-0.30152099999999993
4.3597e-08,-0.30209949999999985
4.35985e-08,-0.302524
4.36e-08,-0.30294180000000004
4.36002e-08,-0.3029974
4.36006e-08,-0.30311160000000004
4.36014e-08,-0.30334740000000004
4.3603e-08,-0.3038419
4.3605e-08,-0.30445919999999993
4.3607e-08,-0.3050263999999999
4.3609e-08,-0.3054990999999999
4.3611e-08,-0.3058413
4.3613e-08,-0.30602509999999994
4.3615e-08,-0.3060282
4.3617e-08,-0.3058329999999999
4.3619e-08,-0.30542880000000006
4.3621e-08,-0.3048057999999999
4.3623e-08,-0.30395819999999996
4.3625e-08,-0.30288250000000005
4.3627e-08,-0.30157809999999996
4.3629e-08,-0.3000437
4.3631e-08,-0.29828140000000003
4.3633e-08,-0.2962947
4.3635e-08,-0.294087
4.3637e-08,-0.29166289999999995
4.3639e-08,-0.2890275
4.3641e-08,-0.28618659999999996
4.3643e-08,-0.2831462
4.3645e-08,-0.2799129
4.3647e-08,-0.27649309999999994
4.3649e-08,-0.2728939
4.3651e-08,-0.26912210000000003
4.3653e-08,-0.2651848
4.3655e-08,-0.26108909999999996
4.3657e-08,-0.2568422
4.3659e-08,-0.25245109999999993
4.3661e-08,-0.2479228
4.3663e-08,-0.2432645000000001
4.3665e-08,-0.23848289999999994
4.3667e-08,-0.23358489999999998
4.3669e-08,-0.22857729999999998
4.3671e-08,-0.22346660000000007
4.3673e-08,-0.21825950000000005
4.3675e-08,-0.2129622
4.3677e-08,-0.20758089999999996
4.3679e-08,-0.20212180000000002
4.3681e-08,-0.19659079999999995
4.3683e-08,-0.1909938
4.3685e-08,-0.18533639999999996
4.3687e-08,-0.17962409999999995
4.3689e-08,-0.17386230000000003
4.3691e-08,-0.1680562000000001
4.3693e-08,-0.16221090000000005
4.3695e-08,-0.15633129999999995
4.3697e-08,-0.15042219999999995
4.3699e-08,-0.1444881
4.3701e-08,-0.13853349999999998
4.3703e-08,-0.13256279999999998
4.3705e-08,-0.12658009999999997
4.3707e-08,-0.12058939999999996
4.3709e-08,-0.11459459999999999
4.3711e-08,-0.10859930000000007
4.3713e-08,-0.10260730000000007
4.3715e-08,-0.09662169999999992
4.3717e-08,-0.09064620000000001
4.3719e-08,-0.08468370000000003
4.3721e-08,-0.07873739999999996
4.3723e-08,-0.07281000000000004
4.3725e-08,-0.06690439999999998
4.3727e-08,-0.061023199999999944
4.3729e-08,-0.055169000000000024
4.3731e-08,-0.0493441
4.3733e-08,-0.0435508
4.3735e-08,-0.03779130000000008
4.3737e-08,-0.03206750000000003
4.3739e-08,-0.026381500000000058
4.3741e-08,-0.020735100000000006
4.3743e-08,-0.015129999999999977
4.3745e-08,-0.009567800000000015
4.3747e-08,-0.004050099999999945
4.3749e-08,0.0014218000000000286
4.3751e-08,0.006846399999999919
4.3753e-08,0.012222499999999914
4.3755e-08,0.017548999999999926
4.3757e-08,0.02282479999999998
4.3759e-08,0.02804899999999999
4.3761e-08,0.0332205000000001
4.3763e-08,0.03833870000000006
4.3765e-08,0.04340260000000007
4.3767e-08,0.04841150000000005
4.3769e-08,0.053364999999999996
4.3771e-08,0.05826229999999999
4.3773e-08,0.06310320000000003
4.3775e-08,0.06788700000000003
4.3777e-08,0.07261329999999999
4.3779e-08,0.07728200000000007
4.3781e-08,0.0818928000000001
4.3783e-08,0.0864452
4.3785e-08,0.09093930000000006
4.3787e-08,0.09537499999999999
4.3789e-08,0.09975199999999995
4.3791e-08,0.10407049999999995
4.3793e-08,0.10833040000000005
4.3795e-08,0.11253170000000001
4.3797e-08,0.11667439999999996
4.37985e-08,0.11974319999999994
4.38e-08,0.12277919999999998
4.38002e-08,0.12318119999999999
4.38006e-08,0.12398409999999993
4.38014e-08,0.12558290000000005
4.3803e-08,0.1287528
4.3805e-08,0.13266309999999992
4.3807e-08,0.13651590000000002
4.3809e-08,0.14031139999999998
4.3811e-08,0.14404989999999995
4.3813e-08,0.14773160000000007
4.3815e-08,0.15135699999999996
4.3817e-08,0.1549261999999999
4.3819e-08,0.15844000000000003
4.3821e-08,0.16189829999999994
4.3823e-08,0.16530180000000005
4.3825e-08,0.16865090000000005
4.3827e-08,0.17194599999999993
4.3829e-08,0.1751876
4.3831e-08,0.17837610000000004
4.3833e-08,0.181512
4.3835e-08,0.18459590000000003
4.3837e-08,0.18762809999999996
4.3839e-08,0.19060929999999998
4.3841e-08,0.19353979999999993
4.3843e-08,0.1964203
4.3845e-08,0.19925130000000002
4.3847e-08,0.20203340000000003
4.3849e-08,0.20476700000000003
4.3851e-08,0.20745270000000005
4.3853e-08,0.21009109999999998
4.3855e-08,0.2126827
4.3857e-08,0.21522809999999992
4.3859e-08,0.21772779999999992
4.3861e-08,0.2201824
4.3863e-08,0.22259249999999997
4.3865e-08,0.2249586
4.3867e-08,0.22728130000000002
4.3869e-08,0.22956110000000007
4.3871e-08,0.23179870000000002
4.3873e-08,0.2339945
4.3875e-08,0.23614920000000006
4.3877e-08,0.23826329999999996
4.3879e-08,0.24033739999999992
4.3881e-08,0.24237200000000003
4.3883e-08,0.24436750000000007
4.3885e-08,0.2463248
4.3887e-08,0.24824420000000003
4.3889e-08,0.25012639999999997
4.3891e-08,0.25197179999999997
4.3893e-08,0.25378100000000003
4.3895e-08,0.25555459999999997
4.3897e-08,0.257293
4.3899e-08,0.2589967000000001
4.3901e-08,0.2606665
4.3903e-08,0.2623027
4.3905e-08,0.2639058000000001
4.3907e-08,0.2654765
4.3909e-08,0.26701509999999995
4.3911e-08,0.2685221
4.3913e-08,0.2699981
4.3915e-08,0.2714436
4.3917e-08,0.27285899999999996
4.3919e-08,0.2742449
4.3921e-08,0.27560170000000006
4.3923e-08,0.27692990000000006
4.3925e-08,0.27822990000000003
4.3927e-08,0.2795023
4.3929e-08,0.28074750000000004
4.3931e-08,0.28196580000000004
4.3933e-08,0.2831577999999999
4.3935e-08,0.2843237999999999
4.3937e-08,0.28546459999999996
4.3939e-08,0.28658020000000006
4.3941e-08,0.28767129999999996
4.3943e-08,0.2887381
4.3945e-08,0.2897813
4.3947e-08,0.290801
4.3949e-08,0.2917978
4.3951e-08,0.2927721
4.3953e-08,0.2937242
4.3955e-08,0.2946546
4.3957e-08,0.2955635
4.3959e-08,0.29645140000000003
4.3961e-08,0.2973188
4.3963e-08,0.29816580000000004
4.3965e-08,0.29899300000000006
4.3967e-08,0.2998006
4.3969e-08,0.30058909999999994
4.3971e-08,0.3013589000000001
4.3973e-08,0.3021094
4.3975e-08,0.3028429
4.3977e-08,0.3035574999999999
4.3979e-08,0.3042555
4.3981e-08,0.30493590000000004
4.3983e-08,0.30559900000000007
4.3985e-08,0.30624699999999994
4.3987e-08,0.30687679999999995
4.3989e-08,0.30749189999999993
4.3991e-08,0.30809110000000006
4.3993e-08,0.30867579999999994
4.3995e-08,0.3092440000000001
4.3997e-08,0.3097979999999999
4.39985e-08,0.3102047000000001
4.4e-08,0.3106025
4.40002e-08,0.3106554
4.40006e-08,0.3107601000000001
4.40014e-08,0.3109666
4.4003e-08,0.3113753
4.4005e-08,0.31187339999999997
4.4007e-08,0.31235789999999997
4.4009e-08,0.3128289999999999
4.4011e-08,0.3132876
4.4013e-08,0.31373399999999996
4.4015e-08,0.3141672999999999
4.4017e-08,0.31458869999999994
4.4019e-08,0.31499810000000006
4.4021e-08,0.3153958
4.4023e-08,0.3157829000000001
4.4025e-08,0.31615839999999995
4.4027e-08,0.31652249999999993
4.4029e-08,0.3168763000000001
4.4031e-08,0.31721999999999995
4.4033e-08,0.3175524999999999
4.4035e-08,0.3178751000000001
4.4037e-08,0.31818880000000005
4.4039e-08,0.31849169999999993
4.4041e-08,0.31878590000000007
4.4043e-08,0.31906960000000006
4.4045e-08,0.31934569999999995
4.4047e-08,0.31961249999999986
4.4049e-08,0.3198700000000001
4.4051e-08,0.3201192999999999
4.4053e-08,0.3203604000000001
4.4055e-08,0.3205935999999999
4.4057e-08,0.32081879999999985
4.4059e-08,0.3210351
4.4061e-08,0.32124469999999994
4.4063e-08,0.32144759999999994
4.4065e-08,0.32164190000000004
4.4067e-08,0.32182960000000005
4.4069e-08,0.32200990000000007
4.4071e-08,0.3221838
4.4073e-08,0.3223515000000001
4.4075e-08,0.3225119000000001
4.4077e-08,0.3226662000000001
4.4079e-08,0.32281329999999997
4.4081e-08,0.32295550000000006
4.4083e-08,0.3230917
4.4085e-08,0.32322210000000007
4.4087e-08,0.32334570000000007
4.4089e-08,0.32346549999999996
4.4091e-08,0.32357859999999994
4.4093e-08,0.3236861
4.4095e-08,0.32378910000000005
4.4097e-08,0.32388759999999994
4.4099e-08,0.32398060000000006
4.4101e-08,0.3240683000000001
4.4103e-08,0.3241526
4.4105e-08,0.3242307
4.4107e-08,0.32430559999999997
4.4109e-08,0.3243752999999999
4.4111e-08,0.32444190000000006
4.4113e-08,0.32450349999999994
4.4115e-08,0.32456109999999994
4.4117e-08,0.32461470000000003
4.4119e-08,0.3246644999999999
4.4121e-08,0.32471040000000007
4.4123e-08,0.32475350000000003
4.4125e-08,0.32479179999999996
4.4127e-08,0.3248274000000001
4.4129e-08,0.32485940000000013
4.4131e-08,0.3248886999999999
4.4133e-08,0.3249135000000001
4.4135e-08,0.32493669999999997
4.4137e-08,0.3249553999999999
4.4139e-08,0.3249727
4.4141e-08,0.32498550000000004
4.4143e-08,0.324997
4.4145e-08,0.3250052000000001
4.4147e-08,0.3250099999999999
4.4149e-08,0.3250136
4.4151e-08,0.32501389999999997
4.4153e-08,0.3250121
4.4155e-08,0.32500799999999996
4.4157e-08,0.32500090000000015
4.4159e-08,0.3249927
4.4161e-08,0.3249814
4.4163e-08,0.3249679999999999
4.4165e-08,0.3249527
4.4167e-08,0.3249363999999999
4.4169e-08,0.32491720000000013
4.4171e-08,0.3248960000000001
4.4173e-08,0.3248740000000001
4.4175e-08,0.3248491000000001
4.4177e-08,0.3248234
4.4179e-08,0.3247959
4.4181e-08,0.3247666
4.4183e-08,0.32473660000000004
4.4185e-08,0.3247038
4.4187e-08,0.3246704
4.4189e-08,0.3246351999999999
4.4191e-08,0.3245994000000001
4.4193e-08,0.32456200000000013
4.4195e-08,0.324523
4.4197e-08,0.3244834000000001
4.41985e-08,0.3244523
4.42e-08,0.32442100000000007
4.42002e-08,0.32441830000000005
4.42006e-08,0.3244128999999999
4.42014e-08,0.32441430000000004
4.4203e-08,0.3244437
4.4205e-08,0.3244906999999999
4.4207e-08,0.32450029999999996
4.4209e-08,0.32442740000000003
4.4211e-08,0.3242368
4.4213e-08,0.32389880000000004
4.4215e-08,0.32339210000000007
4.4217e-08,0.32269990000000004
4.4219e-08,0.32180869999999995
4.4221e-08,0.3207112999999999
4.4223e-08,0.31940009999999985
4.4225e-08,0.31787030000000005
4.4227e-08,0.31612299999999993
4.4229e-08,0.31415499999999996
4.4231e-08,0.31196960000000007
4.4233e-08,0.30956949999999994
4.4235e-08,0.30695590000000006
4.4237e-08,0.3041361
4.4239e-08,0.3011127
4.4241e-08,0.2978913000000001
4.4243e-08,0.2944787
4.4245e-08,0.29088059999999993
4.4247e-08,0.28710350000000007
4.4249e-08,0.283154
4.4251e-08,0.2790389000000001
4.4253e-08,0.2747649999999999
4.4255e-08,0.27033930000000006
4.4257e-08,0.2657687000000001
4.4259e-08,0.2610601
4.4261e-08,0.2562206
4.4263e-08,0.25125679999999995
4.4265e-08,0.24617579999999994
4.4267e-08,0.24098409999999992
4.4269e-08,0.23568860000000003
4.4271e-08,0.2302955
4.4273e-08,0.2248114
4.4275e-08,0.21924260000000007
4.4277e-08,0.21359519999999999
4.4279e-08,0.20787529999999999
4.4281e-08,0.20208879999999996
4.4283e-08,0.1962414
4.4285e-08,0.19033869999999997
4.4287e-08,0.1843863
4.4289e-08,0.17838940000000003
4.4291e-08,0.17235319999999998
4.4293e-08,0.16628280000000006
4.4295e-08,0.16018280000000007
4.4297e-08,0.15405829999999998
4.4299e-08,0.14791359999999998
4.4301e-08,0.14175309999999997
4.4303e-08,0.13558119999999996
4.4305e-08,0.12940209999999996
4.4307e-08,0.12321939999999998
4.4309e-08,0.11703730000000001
4.4311e-08,0.1108593
4.4313e-08,0.10468889999999997
4.4315e-08,0.0985296
4.4317e-08,0.09238449999999998
4.4319e-08,0.08625689999999997
4.4321e-08,0.08014969999999999
4.4323e-08,0.07406570000000001
4.4325e-08,0.0680075
4.4327e-08,0.06197799999999998
4.4329e-08,0.05597940000000001
4.4331e-08,0.05001420000000001
4.4333e-08,0.04408450000000008
4.4335e-08,0.038192500000000074
4.4337e-08,0.032339999999999924
4.4339e-08,0.026528999999999914
4.4341e-08,0.02076140000000004
4.4343e-08,0.01503869999999996
4.4345e-08,0.00936249999999994
4.4347e-08,0.003734299999999968
4.4349e-08,-0.001844599999999974
4.4351e-08,-0.007372999999999963
4.4353e-08,-0.01284940000000001
4.4355e-08,-0.018272999999999984
4.4357e-08,-0.023642799999999964
4.4359e-08,-0.028957700000000086
4.4361e-08,-0.03421700000000005
4.4363e-08,-0.039419800000000005
4.4365e-08,-0.04456529999999992
4.4367e-08,-0.04965330000000001
4.4369e-08,-0.05468269999999997
4.4371e-08,-0.05965330000000002
4.4373e-08,-0.06456480000000009
4.4375e-08,-0.06941649999999999
4.4377e-08,-0.0742083
4.4379e-08,-0.0789398
4.4381e-08,-0.08361089999999993
4.4383e-08,-0.0882214
4.4385e-08,-0.0927711
4.4387e-08,-0.09726010000000007
4.4389e-08,-0.10168829999999995
4.4391e-08,-0.10605569999999997
4.4393e-08,-0.11036239999999997
4.4395e-08,-0.11460839999999994
4.4397e-08,-0.11879400000000007
4.43985e-08,-0.12189349999999999
4.44e-08,-0.12495920000000005
4.44002e-08,-0.1253651
4.44006e-08,-0.12617580000000006
4.44014e-08,-0.1277897
4.4403e-08,-0.13098909999999997
4.4405e-08,-0.13493460000000002
4.4407e-08,-0.13882099999999997
4.4409e-08,-0.14264809999999994
4.4411e-08,-0.14641670000000007
4.4413e-08,-0.150127
4.4415e-08,-0.15377909999999995
4.4417e-08,-0.15737389999999996
4.4419e-08,-0.16091140000000004
4.4421e-08,-0.16439230000000005
4.4423e-08,-0.16781689999999994
4.4425e-08,-0.17118560000000005
4.4427e-08,-0.17449919999999997
4.4429e-08,-0.17775790000000002
4.4431e-08,-0.18096219999999996
4.4433e-08,-0.18411279999999997
4.4435e-08,-0.18721010000000005
4.4437e-08,-0.1902547
4.4439e-08,-0.1932471
4.4441e-08,-0.19618790000000008
4.4443e-08,-0.19907760000000008
4.4445e-08,-0.2019168
4.4447e-08,-0.2047061
4.4449e-08,-0.20744600000000002
4.4451e-08,-0.21013700000000002
4.4453e-08,-0.2127798999999999
4.4455e-08,-0.2153752
4.4457e-08,-0.2179234
4.4459e-08,-0.22042510000000004
4.4461e-08,-0.22288109999999994
4.4463e-08,-0.22529160000000004
4.4465e-08,-0.22765760000000002
4.4467e-08,-0.22997939999999994
4.4469e-08,-0.2322576999999999
4.4471e-08,-0.2344930999999999
4.4473e-08,-0.2366860999999999
4.4475e-08,-0.23883739999999998
4.4477e-08,-0.2409475000000001
4.4479e-08,-0.24301700000000004
4.4481e-08,-0.24504649999999994
4.4483e-08,-0.2470365
4.4485e-08,-0.24898770000000003
4.4487e-08,-0.2509005999999999
4.4489e-08,-0.25277570000000005
4.4491e-08,-0.25461369999999994
4.4493e-08,-0.2564149
4.4495e-08,-0.2581800999999999
4.4497e-08,-0.2599098999999999
4.4499e-08,-0.26160459999999996
4.4501e-08,-0.2632649
4.4503e-08,-0.2648912
4.4505e-08,-0.26648419999999995
4.4507e-08,-0.26804440000000007
4.4509e-08,-0.2695721
4.4511e-08,-0.27106810000000003
4.4513e-08,-0.2725328
4.4515e-08,-0.2739667
4.4517e-08,-0.2753702
4.4519e-08,-0.276744
4.4521e-08,-0.2780884
4.4523e-08,-0.279404
4.4525e-08,-0.2806911999999999
4.4527e-08,-0.2819505
4.4529e-08,-0.28318240000000006
4.4531e-08,-0.28438739999999996
4.4533e-08,-0.2855658
4.4535e-08,-0.28671820000000003
4.4537e-08,-0.287845
4.4539e-08,-0.28894660000000005
4.4541e-08,-0.2900235
4.4543e-08,-0.291076
4.4545e-08,-0.2921047
4.4547e-08,-0.2931098000000001
4.4549e-08,-0.2940919000000001
4.4551e-08,-0.2950515
4.4553e-08,-0.2959887
4.4555e-08,-0.2969040999999999
4.4557e-08,-0.2977979999999999
4.4559e-08,-0.2986708
4.4561e-08,-0.29952290000000004
4.4563e-08,-0.30035480000000003
4.4565e-08,-0.3011670999999999
4.4567e-08,-0.3019588000000001
4.4569e-08,-0.30273189999999994
4.4571e-08,-0.3034857000000001
4.4573e-08,-0.30422139999999986
4.4575e-08,-0.30493900000000007
4.4577e-08,-0.30563870000000004
4.4579e-08,-0.30632080000000006
4.4581e-08,-0.30698539999999996
4.4583e-08,-0.3076337
4.4585e-08,-0.30826469999999995
4.4587e-08,-0.3088797
4.4589e-08,-0.3094789000000001
4.4591e-08,-0.31006329999999993
4.4593e-08,-0.31063110000000005
4.4595e-08,-0.3111845
4.4597e-08,-0.31172259999999996
4.45985e-08,-0.31211749999999994
4.46e-08,-0.3125044
4.46002e-08,-0.3125558999999999
4.46006e-08,-0.3126607
4.46014e-08,-0.3128799
4.4603e-08,-0.31333979999999995
4.4605e-08,-0.3139135999999999
4.4607e-08,-0.3144367000000001
4.4609e-08,-0.31486590000000014
4.4611e-08,-0.31516430000000006
4.4613e-08,-0.31530409999999987
4.4615e-08,-0.3152642000000001
4.4617e-08,-0.31502700000000006
4.4619e-08,-0.31458110000000006
4.4621e-08,-0.3139163999999999
4.4623e-08,-0.3130286
4.4625e-08,-0.31191400000000014
4.4627e-08,-0.31056990000000007
4.4629e-08,-0.3089972999999999
4.4631e-08,-0.30719760000000007
4.4633e-08,-0.3051736999999999
4.4635e-08,-0.30292889999999995
4.4637e-08,-0.30046879999999987
4.4639e-08,-0.29779710000000004
4.4641e-08,-0.29492000000000007
4.4643e-08,-0.29184350000000003
4.4645e-08,-0.288574
4.4647e-08,-0.285118
4.4649e-08,-0.28148229999999996
4.4651e-08,-0.27767359999999996
4.4653e-08,-0.2736991000000001
4.4655e-08,-0.2695658000000001
4.4657e-08,-0.26528090000000004
4.4659e-08,-0.26085099999999994
4.4661e-08,-0.2562835
4.4663e-08,-0.2515853
4.4665e-08,-0.24676319999999996
4.4667e-08,-0.24182380000000003
4.4669e-08,-0.23677419999999993
4.4671e-08,-0.2316207
4.4673e-08,-0.2263699
4.4675e-08,-0.221028
4.4677e-08,-0.2156015
4.4679e-08,-0.2100962999999999
4.4681e-08,-0.2045184
4.4683e-08,-0.19887349999999993
4.4685e-08,-0.19316749999999994
4.4687e-08,-0.18740579999999996
4.4689e-08,-0.18159380000000003
4.4691e-08,-0.17573669999999997
4.4693e-08,-0.16983959999999998
4.4695e-08,-0.16390749999999998
4.4697e-08,-0.157945
4.4699e-08,-0.15195689999999995
4.4701e-08,-0.14594759999999996
4.4703e-08,-0.13992169999999993
4.4705e-08,-0.13388290000000003
4.4707e-08,-0.12783559999999994
4.4709e-08,-0.12178359999999999
4.4711e-08,-0.11573060000000002
4.4713e-08,-0.10968029999999995
4.4715e-08,-0.10363619999999996
4.4717e-08,-0.09760150000000001
4.4719e-08,-0.09157949999999992
4.4721e-08,-0.08557310000000007
4.4723e-08,-0.07958549999999998
4.4725e-08,-0.07361930000000005
4.4727e-08,-0.06767719999999999
4.4729e-08,-0.061761900000000036
4.4731e-08,-0.05587549999999997
4.4733e-08,-0.05002070000000003
4.4735e-08,-0.04419950000000006
4.4737e-08,-0.0384139
4.4739e-08,-0.03266599999999997
4.4741e-08,-0.026957600000000026
4.4743e-08,-0.0212905000000001
4.4745e-08,-0.015666300000000022
4.4747e-08,-0.010086600000000057
4.4749e-08,-0.0045527999999999125
4.4751e-08,0.0009337000000000373
4.4753e-08,0.006371600000000033
4.4755e-08,0.011759899999999934
4.4757e-08,0.017097200000000035
4.4759e-08,0.022382699999999978
4.4761e-08,0.027615399999999957
4.4763e-08,0.0327944
4.4765e-08,0.037919000000000036
4.4767e-08,0.042988499999999985
4.4769e-08,0.048002200000000106
4.4771e-08,0.05295950000000005
4.4773e-08,0.057859899999999964
4.4775e-08,0.06270300000000006
4.4777e-08,0.06748829999999995
4.4779e-08,0.07221559999999994
4.4781e-08,0.07688470000000003
4.4783e-08,0.08149499999999998
4.4785e-08,0.08604670000000003
4.4787e-08,0.09053929999999999
4.4789e-08,0.09497310000000003
4.4791e-08,0.09934790000000004
4.4793e-08,0.10366359999999997
4.4795e-08,0.10792030000000008
4.4797e-08,0.1121181
4.47985e-08,0.11522779999999999
4.48e-08,0.11830450000000003
4.48002e-08,0.1187127
4.48006e-08,0.11952989999999997
4.48014e-08,0.12116839999999995
4.4803e-08,0.12444449999999996
4.4805e-08,0.1284959
4.4807e-08,0.1324468000000001
4.4809e-08,0.13624970000000003
4.4811e-08,0.13986720000000008
4.4813e-08,0.1432696000000001
4.4815e-08,0.14643430000000002
4.4817e-08,0.14934429999999999
4.4819e-08,0.15198749999999994
4.4821e-08,0.15435529999999997
4.4823e-08,0.15644290000000005
4.4825e-08,0.1582477
4.4827e-08,0.15976970000000001
4.4829e-08,0.1610104
4.4831e-08,0.16197309999999998
4.4833e-08,0.16266230000000004
4.4835e-08,0.16308299999999998
4.4837e-08,0.1632418
4.4839e-08,0.16314510000000004
4.4841e-08,0.16280019999999995
4.4843e-08,0.1622148
4.4845e-08,0.1613966
4.4847e-08,0.16035369999999993
4.4849e-08,0.15909419999999996
4.4851e-08,0.1576263
4.4853e-08,0.15595800000000004
4.4855e-08,0.15409759999999995
4.4857e-08,0.15205329999999995
4.4859e-08,0.1498328
4.4861e-08,0.14744410000000008
4.4863e-08,0.14489509999999994
4.4865e-08,0.14219320000000002
4.4867e-08,0.13934599999999997
4.4869e-08,0.13636060000000005
4.4871e-08,0.13324439999999993
4.4873e-08,0.13000410000000007
4.4875e-08,0.12664660000000005
4.4877e-08,0.12317849999999997
4.4879e-08,0.1196062
4.4881e-08,0.11593599999999993
4.4883e-08,0.11217389999999994
4.4885e-08,0.10832589999999997
4.4887e-08,0.10439770000000004
4.4889e-08,0.10039470000000006
4.4891e-08,0.09632249999999998
4.4893e-08,0.09218610000000005
4.4895e-08,0.08799070000000009
4.4897e-08,0.08374120000000007
4.4899e-08,0.07944219999999991
4.4901e-08,0.07509819999999989
4.4903e-08,0.07071379999999994
4.4905e-08,0.0662931
4.4907e-08,0.06184020000000001
4.4909e-08,0.057359200000000055
4.4911e-08,0.05285380000000006
4.4913e-08,0.048327700000000084
4.4915e-08,0.04378440000000006
4.4917e-08,0.03922720000000002
4.4919e-08,0.03465960000000001
4.4921e-08,0.030084599999999906
4.4923e-08,0.02550510000000006
4.4925e-08,0.02092420000000006
4.4927e-08,0.016344499999999984
4.4929e-08,0.011768699999999965
4.4931e-08,0.00719930000000002
4.4933e-08,0.002638799999999941
4.4935e-08,-0.0019105999999999845
4.4937e-08,-0.006446500000000022
4.4939e-08,-0.010966999999999949
4.4941e-08,-0.015470100000000042
4.4943e-08,-0.01995379999999991
4.4945e-08,-0.024416299999999946
4.4947e-08,-0.028855999999999993
4.4949e-08,-0.0332711
4.4951e-08,-0.037660099999999974
4.4953e-08,-0.04202170000000005
4.4955e-08,-0.04635420000000001
4.4957e-08,-0.0506567
4.4959e-08,-0.054927700000000024
4.4961e-08,-0.059166300000000005
4.4963e-08,-0.06337110000000001
4.4965e-08,-0.06754130000000003
4.4967e-08,-0.07167599999999996
4.4969e-08,-0.07577420000000001
4.4971e-08,-0.07983510000000005
4.4973e-08,-0.0838582
4.4975e-08,-0.08784230000000004
4.4977e-08,-0.0917872999999999
4.4979e-08,-0.09569230000000006
4.4981e-08,-0.0995568
4.4983e-08,-0.10338049999999999
4.4985e-08,-0.10716270000000006
4.4987e-08,-0.11090319999999998
4.4989e-08,-0.11460170000000003
4.4991e-08,-0.11825770000000002
4.4993e-08,-0.12187100000000006
4.4995e-08,-0.12544149999999998
4.4997e-08,-0.1289688
4.49985e-08,-0.13158589999999992
4.5e-08,-0.13417869999999998
4.50002e-08,-0.13452319999999995
4.50006e-08,-0.13521309999999997
4.50014e-08,-0.13659880000000002
4.5003e-08,-0.13937659999999996
4.5005e-08,-0.14281849999999996
4.5007e-08,-0.1461747000000001
4.5009e-08,-0.1493974
4.5011e-08,-0.15244900000000006
4.5013e-08,-0.15529939999999998
4.5015e-08,-0.15792610000000007
4.5017e-08,-0.16031149999999994
4.5019e-08,-0.16244329999999996
4.5021e-08,-0.16431259999999992
4.5023e-08,-0.16591409999999995
4.5025e-08,-0.16724509999999992
4.5027e-08,-0.1683051000000001
4.5029e-08,-0.1690956
4.5031e-08,-0.16961929999999992
4.5033e-08,-0.16988039999999993
4.5035e-08,-0.16988389999999998
4.5037e-08,-0.16963570000000006
4.5039e-08,-0.16914220000000002
4.5041e-08,-0.16841050000000002
4.5043e-08,-0.16744769999999998
4.5045e-08,-0.1662616
4.5047e-08,-0.16486009999999995
4.5049e-08,-0.16325079999999992
4.5051e-08,-0.16144179999999997
4.5053e-08,-0.15944119999999995
4.5055e-08,-0.15725679999999997
4.5057e-08,-0.1548965
4.5059e-08,-0.1523683
4.5061e-08,-0.14967970000000008
4.5063e-08,-0.14683839999999992
4.5065e-08,-0.14385190000000003
4.5067e-08,-0.1407275
4.5069e-08,-0.13747219999999993
4.5071e-08,-0.13409320000000002
4.5073e-08,-0.13059719999999997
4.5075e-08,-0.12699099999999997
4.5077e-08,-0.12328090000000003
4.5079e-08,-0.1194733
4.5081e-08,-0.11557439999999997
4.5083e-08,-0.11159010000000003
4.5085e-08,-0.10752620000000002
4.5087e-08,-0.1033883000000001
4.5089e-08,-0.09918189999999993
4.5091e-08,-0.09491229999999995
4.5093e-08,-0.09058450000000007
4.5095e-08,-0.08620349999999999
4.5097e-08,-0.08177419999999991
4.5099e-08,-0.07730099999999995
4.5101e-08,-0.07278850000000003
4.5103e-08,-0.068241
4.5105e-08,-0.06366260000000001
4.5107e-08,-0.05905740000000004
4.5109e-08,-0.05442910000000001
4.5111e-08,-0.04978169999999993
4.5113e-08,-0.0451184
4.5115e-08,-0.04044290000000006
4.5117e-08,-0.03575839999999997
4.5119e-08,-0.03106819999999999
4.5121e-08,-0.026375200000000043
4.5123e-08,-0.02168239999999999
4.5125e-08,-0.016992500000000077
4.5127e-08,-0.01230830000000005
4.5129e-08,-0.007632199999999978
4.5131e-08,-0.002966699999999989
4.5133e-08,0.0016857000000000122
4.5135e-08,0.006323100000000026
4.5137e-08,0.010943100000000094
4.5139e-08,0.015543799999999997
4.5141e-08,0.020123400000000013
4.5143e-08,0.024679899999999977
4.5145e-08,0.029211500000000057
4.5147e-08,0.03371679999999999
4.5149e-08,0.038194300000000014
4.5151e-08,0.04264219999999996
4.5153e-08,0.04705949999999992
4.5155e-08,0.05144470000000001
4.5157e-08,0.055796599999999974
4.5159e-08,0.06011410000000006
4.5161e-08,0.06439609999999996
4.5163e-08,0.06864170000000003
4.5165e-08,0.07284979999999996
4.5167e-08,0.07701970000000002
4.5169e-08,0.08115050000000001
4.5171e-08,0.08524149999999997
4.5173e-08,0.08929200000000004
4.5175e-08,0.09330139999999998
4.5177e-08,0.09726919999999994
4.5179e-08,0.10119469999999997
4.5181e-08,0.1050776
4.5183e-08,0.1089175
4.5185e-08,0.11271399999999998
4.5187e-08,0.11646660000000009
4.5189e-08,0.12017520000000004
4.5191e-08,0.12383960000000005
4.5193e-08,0.1274594
4.5195e-08,0.13103470000000006
4.5197e-08,0.1345651
4.51985e-08,0.1371835
4.52e-08,0.13977650000000008
4.52002e-08,0.14012020000000003
4.52006e-08,0.1408064
4.52014e-08,0.14217370000000007
4.5203e-08,0.14488650000000003
4.5205e-08,0.14823719999999996
4.5207e-08,0.1515430000000001
4.5209e-08,0.1548039
4.5211e-08,0.15802000000000005
4.5213e-08,0.16119139999999998
4.5215e-08,0.16431829999999992
4.5217e-08,0.16740070000000007
4.5219e-08,0.170439
4.5221e-08,0.1734331
4.5223e-08,0.17638340000000008
4.5225e-08,0.1792901
4.5227e-08,0.18215340000000002
4.5229e-08,0.1849735
4.5231e-08,0.18775090000000005
4.5233e-08,0.19048569999999998
4.5235e-08,0.19317820000000008
4.5237e-08,0.19582880000000003
4.5239e-08,0.19843769999999994
4.5241e-08,0.20100529999999994
4.5243e-08,0.20353200000000005
4.5245e-08,0.20601799999999992
4.5247e-08,0.20846389999999992
4.5249e-08,0.21086990000000005
4.5251e-08,0.21323629999999993
4.5253e-08,0.21556370000000002
4.5255e-08,0.2178523
4.5257e-08,0.22010260000000004
4.5259e-08,0.2223149000000001
4.5261e-08,0.22448970000000001
4.5263e-08,0.22662739999999992
4.5265e-08,0.22872840000000005
4.5267e-08,0.23079289999999997
4.5269e-08,0.23282170000000002
4.5271e-08,0.234815
4.5273e-08,0.23677310000000007
4.5275e-08,0.23869660000000004
4.5277e-08,0.24058590000000002
4.5279e-08,0.24244140000000003
4.5281e-08,0.24426350000000008
4.5283e-08,0.24605260000000007
4.5285e-08,0.24780919999999995
4.5287e-08,0.2495335999999999
4.5289e-08,0.2512263
4.5291e-08,0.25288789999999994
4.5293e-08,0.25451840000000003
4.5295e-08,0.2561186000000001
4.5297e-08,0.2576887
4.5299e-08,0.25922920000000005
4.5301e-08,0.2607404
4.5303e-08,0.26222290000000004
4.5305e-08,0.26367700000000005
4.5307e-08,0.265103
4.5309e-08,0.2665016
4.5311e-08,0.26787289999999997
4.5313e-08,0.2692175
4.5315e-08,0.2705356
4.5317e-08,0.27182779999999995
4.5319e-08,0.2730943
4.5321e-08,0.2743356
4.5323e-08,0.275552
4.5325e-08,0.27674409999999994
4.5327e-08,0.27791200000000005
4.5329e-08,0.2790562000000001
4.5331e-08,0.280177
4.5333e-08,0.28127480000000005
4.5335e-08,0.28235009999999994
4.5337e-08,0.2834031
4.5339e-08,0.2844341
4.5341e-08,0.28544369999999997
4.5343e-08,0.286432
4.5345e-08,0.28739939999999997
4.5347e-08,0.2883464
4.5349e-08,0.28927310000000006
4.5351e-08,0.29018
4.5353e-08,0.29106730000000003
4.5355e-08,0.29193539999999996
4.5357e-08,0.2927847
4.5359e-08,0.29361539999999997
4.5361e-08,0.2944278
4.5363e-08,0.2952222
4.5365e-08,0.29599909999999996
4.5367e-08,0.29675870000000004
4.5369e-08,0.2975012
4.5371e-08,0.2982268
4.5373e-08,0.2989360999999999
4.5375e-08,0.29962919999999993
4.5377e-08,0.3003064
4.5379e-08,0.30096789999999995
4.5381e-08,0.30161380000000004
4.5383e-08,0.30224529999999994
4.5385e-08,0.3028614999999999
4.5387e-08,0.3034635
4.5389e-08,0.30405139999999997
4.5391e-08,0.3046252999999999
4.5393e-08,0.3051854999999999
4.5395e-08,0.3057308999999999
4.5397e-08,0.3062648
4.53985e-08,0.3066553999999999
4.54e-08,0.3070510999999999
4.54002e-08,0.30710610000000005
4.54006e-08,0.30721659999999995
4.54014e-08,0.30744340000000003
4.5403e-08,0.307909
4.5405e-08,0.3084711
4.5407e-08,0.30896599999999996
4.5409e-08,0.30935310000000005
4.5411e-08,0.30959989999999993
4.5413e-08,0.3096798999999999
4.5415e-08,0.30957389999999996
4.5417e-08,0.3092661
4.5419e-08,0.3087454999999999
4.5421e-08,0.30800570000000005
4.5423e-08,0.30703959999999997
4.5425e-08,0.3058467
4.5427e-08,0.30442369999999996
4.5429e-08,0.3027736999999999
4.5431e-08,0.30089730000000003
4.5433e-08,0.29879789999999995
4.5435e-08,0.2964800999999999
4.5437e-08,0.29394809999999993
4.5439e-08,0.2912074
4.5441e-08,0.28826399999999996
4.5443e-08,0.28512380000000004
4.5445e-08,0.2817933
4.5447e-08,0.2782793
4.5449e-08,0.2745887
4.5451e-08,0.2707284999999999
4.5453e-08,0.2667056
4.5455e-08,0.2625271
4.5457e-08,0.2582002
4.5459e-08,0.25373180000000006
4.5461e-08,0.24912899999999993
4.5463e-08,0.24439880000000003
4.5465e-08,0.23954790000000004
4.5467e-08,0.23458329999999994
4.5469e-08,0.22951149999999998
4.5471e-08,0.22433900000000007
4.5473e-08,0.2190725
4.5475e-08,0.21371810000000002
4.5477e-08,0.20828220000000008
4.5479e-08,0.20277040000000002
4.5481e-08,0.19718919999999995
4.5483e-08,0.19154379999999993
4.5485e-08,0.1858402
4.5487e-08,0.18008369999999996
4.5489e-08,0.17427959999999998
4.5491e-08,0.1684331
4.5493e-08,0.16254919999999995
4.5495e-08,0.15663280000000002
4.5497e-08,0.15068859999999995
4.5499e-08,0.14472110000000005
4.5501e-08,0.1387347
4.5503e-08,0.1327338
4.5505e-08,0.1267224
4.5507e-08,0.12070440000000004
4.5509e-08,0.11468369999999994
4.5511e-08,0.10866399999999998
4.5513e-08,0.10264879999999998
4.5515e-08,0.0966416
4.5517e-08,0.0906454000000001
4.5519e-08,0.08466360000000006
4.5521e-08,0.07869899999999996
4.5523e-08,0.0727546
4.5525e-08,0.06683299999999992
4.5527e-08,0.06093680000000001
4.5529e-08,0.05506859999999991
4.5531e-08,0.04923069999999996
4.5533e-08,0.0434253
4.5535e-08,0.037654500000000035
4.5537e-08,0.03192039999999996
4.5539e-08,0.026224899999999995
4.5541e-08,0.02056989999999992
4.5543e-08,0.014956699999999934
4.5545e-08,0.009387400000000046
4.5547e-08,0.00386299999999995
4.5549e-08,-0.001614699999999969
4.5551e-08,-0.007044500000000009
4.5553e-08,-0.012425299999999972
4.5555e-08,-0.017755899999999936
4.5557e-08,-0.023035200000000033
4.5559e-08,-0.028262299999999962
4.5561e-08,-0.033436299999999974
4.5563e-08,-0.038556399999999935
4.5565e-08,-0.043621800000000044
4.5567e-08,-0.04863190000000006
4.5569e-08,-0.05358599999999991
4.5571e-08,-0.05848370000000003
4.5573e-08,-0.06332439999999995
4.5575e-08,-0.06810780000000005
4.5577e-08,-0.07283340000000005
4.5579e-08,-0.07750100000000004
4.5581e-08,-0.08211029999999997
4.5583e-08,-0.0866612
4.5585e-08,-0.09115340000000005
4.5587e-08,-0.09558679999999997
4.5589e-08,-0.09996150000000004
4.5591e-08,-0.1042772999999999
4.5593e-08,-0.10853429999999997
4.5595e-08,-0.11273260000000007
4.5597e-08,-0.11687219999999998
4.55985e-08,-0.11993850000000006
4.56e-08,-0.12297190000000002
4.56002e-08,-0.12337429999999994
4.56006e-08,-0.12418010000000002
4.56014e-08,-0.12579550000000006
4.5603e-08,-0.12902589999999992
4.5605e-08,-0.13302040000000004
4.5607e-08,-0.13691490000000006
4.5609e-08,-0.1406621
4.5611e-08,-0.1442241999999999
4.5613e-08,-0.14757200000000004
4.5615e-08,-0.15068290000000006
4.5617e-08,-0.1535398
4.5619e-08,-0.15613049999999995
4.5621e-08,-0.1584466
4.5623e-08,-0.1604833
4.5625e-08,-0.162238
4.5627e-08,-0.16371060000000004
4.5629e-08,-0.16490270000000007
4.5631e-08,-0.16581749999999995
4.5633e-08,-0.16645940000000004
4.5635e-08,-0.16683380000000003
4.5637e-08,-0.1669467
4.5639e-08,-0.16680479999999998
4.5641e-08,-0.1664154
4.5643e-08,-0.16578589999999993
4.5645e-08,-0.16492439999999997
4.5647e-08,-0.16383859999999995
4.5649e-08,-0.16253669999999998
4.5651e-08,-0.16102679999999991
4.5653e-08,-0.1593173
4.5655e-08,-0.157416
4.5657e-08,-0.15533110000000006
4.5659e-08,-0.1530705
4.5661e-08,-0.15064220000000006
4.5663e-08,-0.1480538
4.5665e-08,-0.14531309999999997
4.5667e-08,-0.14242719999999998
4.5669e-08,-0.13940370000000002
4.5671e-08,-0.13624950000000002
4.5673e-08,-0.13297159999999997
4.5675e-08,-0.12957680000000005
4.5677e-08,-0.12607190000000001
4.5679e-08,-0.12246279999999998
4.5681e-08,-0.11875630000000004
4.5683e-08,-0.11495809999999995
4.5685e-08,-0.11107429999999996
4.5687e-08,-0.1071105
4.5689e-08,-0.1030723
4.5691e-08,-0.09896510000000003
4.5693e-08,-0.09479399999999993
4.5695e-08,-0.09056409999999993
4.5697e-08,-0.08628040000000003
4.5699e-08,-0.0819474
4.5701e-08,-0.07756980000000002
4.5703e-08,-0.07315190000000005
4.5705e-08,-0.06869820000000004
4.5707e-08,-0.0642125
4.5709e-08,-0.05969879999999994
4.5711e-08,-0.055161100000000074
4.5713e-08,-0.050602900000000006
4.5715e-08,-0.04602780000000006
4.5717e-08,-0.04143920000000001
4.5719e-08,-0.03684030000000005
4.5721e-08,-0.032234399999999996
4.5723e-08,-0.027624199999999988
4.5725e-08,-0.02301299999999995
4.5727e-08,-0.018403100000000006
4.5729e-08,-0.013797500000000018
4.5731e-08,-0.009198600000000057
4.5733e-08,-0.004608900000000027
4.5735e-08,-3.0599999999991745e-05
4.5737e-08,0.004534099999999985
4.5739e-08,0.009082900000000005
4.5741e-08,0.013614000000000015
4.5743e-08,0.018125500000000017
4.5745e-08,0.022615400000000063
4.5747e-08,0.027082199999999945
4.5749e-08,0.031524100000000055
4.5751e-08,0.03593980000000008
4.5753e-08,0.04032760000000002
4.5755e-08,0.04468609999999995
4.5757e-08,0.04901420000000001
4.5759e-08,0.053310599999999986
4.5761e-08,0.05757409999999996
4.5763e-08,0.06180370000000002
4.5765e-08,0.06599829999999995
4.5767e-08,0.07015720000000003
4.5769e-08,0.07427919999999999
4.5771e-08,0.07836359999999998
4.5773e-08,0.08240979999999998
4.5775e-08,0.08641699999999997
4.5777e-08,0.09038449999999998
4.5779e-08,0.09431179999999995
4.5781e-08,0.09819840000000002
4.5783e-08,0.10204370000000007
4.5785e-08,0.10584739999999992
4.5787e-08,0.10960899999999996
4.5789e-08,0.11332829999999994
4.5791e-08,0.11700490000000008
4.5793e-08,0.12063840000000003
4.5795e-08,0.12422889999999998
4.5797e-08,0.12777590000000005
4.57985e-08,0.13040770000000002
4.58e-08,0.13301489999999994
4.58002e-08,0.13336130000000002
4.58006e-08,0.13405500000000004
4.58014e-08,0.13544820000000002
4.5803e-08,0.1382410999999999
4.5805e-08,0.1417016000000001
4.5807e-08,0.14507599999999998
4.5809e-08,0.14831669999999997
4.5811e-08,0.15138589999999996
4.5813e-08,0.15425370000000005
4.5815e-08,0.15689719999999996
4.5817e-08,0.1592994000000001
4.5819e-08,0.16144729999999996
4.5821e-08,0.16333259999999994
4.5823e-08,0.16494980000000004
4.5825e-08,0.16629630000000006
4.5827e-08,0.1673713
4.5829e-08,0.16817650000000006
4.5831e-08,0.1687147
4.5833e-08,0.16899000000000008
4.5835e-08,0.16900729999999997
4.5837e-08,0.1687727
4.5839e-08,0.16829260000000001
4.5841e-08,0.167574
4.5843e-08,0.1666242
4.5845e-08,0.1654508
4.5847e-08,0.16406159999999992
4.5849e-08,0.16246459999999996
4.5851e-08,0.16066770000000008
4.5853e-08,0.1586788
4.5855e-08,0.1565061000000001
4.5857e-08,0.15415729999999994
4.5859e-08,0.15164030000000006
4.5861e-08,0.1489629
4.5863e-08,0.14613260000000006
4.5865e-08,0.14315690000000003
4.5867e-08,0.14004309999999998
4.5869e-08,0.13679829999999993
4.5871e-08,0.13342960000000004
4.5873e-08,0.1299439
4.5875e-08,0.12634769999999995
4.5877e-08,0.12264760000000008
4.5879e-08,0.1188498
4.5881e-08,0.11496070000000003
4.5883e-08,0.11098589999999997
4.5885e-08,0.10693140000000001
4.5887e-08,0.10280290000000003
4.5889e-08,0.09860580000000008
4.5891e-08,0.09434520000000002
4.5893e-08,0.09002650000000001
4.5895e-08,0.08565430000000007
4.5897e-08,0.08123370000000008
4.5899e-08,0.07676919999999998
4.5901e-08,0.07226520000000003
4.5903e-08,0.06772610000000001
4.5905e-08,0.06315610000000005
4.5907e-08,0.058559099999999975
4.5909e-08,0.05393899999999996
4.5911e-08,0.04929939999999999
4.5913e-08,0.04464420000000002
4.5915e-08,0.03997649999999997
4.5917e-08,0.03529979999999999
4.5919e-08,0.030617099999999953
4.5921e-08,0.025931600000000055
4.5923e-08,0.02124629999999994
4.5925e-08,0.01656369999999996
4.5927e-08,0.01188659999999997
4.5929e-08,0.0072176999999999936
4.5931e-08,0.0025591999999999837
4.5933e-08,-0.0020862999999999854
4.5935e-08,-0.006716800000000078
4.5937e-08,-0.011330000000000062
4.5939e-08,-0.015924199999999944
4.5941e-08,-0.020497099999999935
4.5943e-08,-0.02504709999999999
4.5945e-08,-0.0295725
4.5947e-08,-0.03407150000000003
4.5949e-08,-0.03854279999999999
4.5951e-08,-0.04298469999999999
4.5953e-08,-0.047395900000000046
4.5955e-08,-0.05177520000000002
4.5957e-08,-0.05612130000000004
4.5959e-08,-0.06043299999999996
4.5961e-08,-0.06470940000000003
4.5963e-08,-0.06894940000000005
4.5965e-08,-0.073152
4.5967e-08,-0.07731660000000007
4.5969e-08,-0.08144210000000007
4.5971e-08,-0.08552789999999999
4.5973e-08,-0.08957329999999997
4.5975e-08,-0.09357759999999993
4.5977e-08,-0.09754050000000003
4.5979e-08,-0.10146110000000008
4.5981e-08,-0.10533919999999997
4.5983e-08,-0.10917430000000006
4.5985e-08,-0.11296609999999996
4.5987e-08,-0.11671419999999999
4.5989e-08,-0.12041829999999998
4.5991e-08,-0.12407829999999997
4.5993e-08,-0.12769380000000008
4.5995e-08,-0.1312647
4.5997e-08,-0.13479090000000005
4.59985e-08,-0.13740620000000003
4.6e-08,-0.13999620000000002
4.60002e-08,-0.1403394
4.60006e-08,-0.1410249
4.60014e-08,-0.14239049999999998
4.6003e-08,-0.1451002
4.6005e-08,-0.148447
4.6007e-08,-0.15174889999999996
4.6009e-08,-0.15500609999999992
4.6011e-08,-0.15821839999999998
4.6013e-08,-0.16138620000000004
4.6015e-08,-0.16450940000000003
4.6017e-08,-0.16758839999999997
4.6019e-08,-0.17062309999999992
4.6021e-08,-0.1736139
4.6023e-08,-0.17656080000000007
4.6025e-08,-0.17946419999999996
4.6027e-08,-0.1823243
4.6029e-08,-0.1851412
4.6031e-08,-0.18791539999999995
4.6033e-08,-0.1906471999999999
4.6035e-08,-0.19333670000000003
4.6037e-08,-0.1959843
4.6039e-08,-0.1985903
4.6041e-08,-0.20115510000000003
4.6043e-08,-0.20367899999999994
4.6045e-08,-0.2061622999999999
4.6047e-08,-0.20860540000000005
4.6049e-08,-0.2110088
4.6051e-08,-0.21337270000000008
4.6053e-08,-0.2156975
4.6055e-08,-0.21798359999999994
4.6057e-08,-0.22023139999999997
4.6059e-08,-0.2224414
4.6061e-08,-0.22461379999999997
4.6063e-08,-0.2267492000000001
4.6065e-08,-0.22884780000000005
4.6067e-08,-0.23091020000000007
4.6069e-08,-0.2329367
4.6071e-08,-0.23492780000000002
4.6073e-08,-0.23688379999999998
4.6075e-08,-0.2388053
4.6077e-08,-0.24069249999999998
4.6079e-08,-0.2425461
4.6081e-08,-0.24436609999999992
4.6083e-08,-0.2461532999999999
4.6085e-08,-0.24790800000000002
4.6087e-08,-0.24963060000000004
4.6089e-08,-0.25132160000000003
4.6091e-08,-0.2529812
4.6093e-08,-0.25461010000000006
4.6095e-08,-0.2562084
4.6097e-08,-0.2577769
4.6099e-08,-0.2593158
4.6101e-08,-0.2608254
4.6103e-08,-0.26230620000000004
4.6105e-08,-0.2637587
4.6107e-08,-0.2651833
4.6109e-08,-0.2665803000000001
4.6111e-08,-0.2679501999999999
4.6113e-08,-0.26929330000000007
4.6115e-08,-0.27061
4.6117e-08,-0.2719007
4.6119e-08,-0.27316589999999996
4.6121e-08,-0.2744059
4.6123e-08,-0.275621
4.6125e-08,-0.27681160000000005
4.6127e-08,-0.27797839999999996
4.6129e-08,-0.2791213
4.6131e-08,-0.2802408999999999
4.6133e-08,-0.2813375
4.6135e-08,-0.2824116
4.6137e-08,-0.2834635000000001
4.6139e-08,-0.2844934
4.6141e-08,-0.28550180000000003
4.6143e-08,-0.28648890000000005
4.6145e-08,-0.28745529999999997
4.6147e-08,-0.28840109999999997
4.6149e-08,-0.28932689999999994
4.6151e-08,-0.2902327
4.6153e-08,-0.29111909999999996
4.6155e-08,-0.2919862
4.6157e-08,-0.2928345
4.6159e-08,-0.29366420000000004
4.6161e-08,-0.29447579999999995
4.6163e-08,-0.29526930000000007
4.6165e-08,-0.29604529999999996
4.6167e-08,-0.2968039
4.6169e-08,-0.2975455
4.6171e-08,-0.29827039999999994
4.6173e-08,-0.2989788
4.6175e-08,-0.29967109999999997
4.6177e-08,-0.3003475
4.6179e-08,-0.30100879999999997
4.6181e-08,-0.30165339999999996
4.6183e-08,-0.30228450000000007
4.6185e-08,-0.3029003
4.6187e-08,-0.303501
4.6189e-08,-0.3040885
4.6191e-08,-0.3046611
4.6193e-08,-0.3052199000000001
4.6195e-08,-0.305766
4.6197e-08,-0.3062986000000001
4.61985e-08,-0.3066889999999999
4.62e-08,-0.3070727999999999
4.62002e-08,-0.30712280000000003
4.62006e-08,-0.3072237000000001
4.62014e-08,-0.3074238
4.6203e-08,-0.3078189
4.6205e-08,-0.30830040000000003
4.6207e-08,-0.30876990000000004
4.6209e-08,-0.3092285
4.6211e-08,-0.3096743999999999
4.6213e-08,-0.31010970000000004
4.6215e-08,-0.31053339999999996
4.6217e-08,-0.31094559999999993
4.6219e-08,-0.31134759999999995
4.6221e-08,-0.31173930000000005
4.6223e-08,-0.3121208999999999
4.6225e-08,-0.31249139999999986
4.6227e-08,-0.3128521000000001
4.6229e-08,-0.3132039000000001
4.6231e-08,-0.3135449000000001
4.6233e-08,-0.3138773
4.6235e-08,-0.31420019999999993
4.6237e-08,-0.3145146
4.6239e-08,-0.3148196
4.6241e-08,-0.3151164000000001
4.6243e-08,-0.31540389999999996
4.6245e-08,-0.3156844
4.6247e-08,-0.3159558
4.6249e-08,-0.31621920000000003
4.6251e-08,-0.31647480000000006
4.6253e-08,-0.3167236000000001
4.6255e-08,-0.3169635999999999
4.6257e-08,-0.3171971
4.6259e-08,-0.3174229999999999
4.6261e-08,-0.31764229999999993
4.6263e-08,-0.31785430000000003
4.6265e-08,-0.3180600000000001
4.6267e-08,-0.3182583000000001
4.6269e-08,-0.3184505000000001
4.6271e-08,-0.3186364999999999
4.6273e-08,-0.31881649999999995
4.6275e-08,-0.31898939999999987
4.6277e-08,-0.3191575
4.6279e-08,-0.3193195999999999
4.6281e-08,-0.31947590000000015
4.6283e-08,-0.31962650000000004
4.6285e-08,-0.31977140000000004
4.6287e-08,-0.3199117
4.6289e-08,-0.32004639999999995
4.6291e-08,-0.3201755999999999
4.6293e-08,-0.3203003000000001
4.6295e-08,-0.3204196
4.6297e-08,-0.3205345999999999
4.6299e-08,-0.3206453
4.6301e-08,-0.32075070000000006
4.6303e-08,-0.32085299999999994
4.6305e-08,-0.3209501
4.6307e-08,-0.3210421
4.6309e-08,-0.32113100000000006
4.6311e-08,-0.32121600000000006
4.6313e-08,-0.32129699999999994
4.6315e-08,-0.32137309999999997
4.6317e-08,-0.3214464
4.6319e-08,-0.3215158
4.6321e-08,-0.32158149999999996
4.6323e-08,-0.32164440000000005
4.6325e-08,-0.3217027000000001
4.6327e-08,-0.32175830000000005
4.6329e-08,-0.3218113
4.6331e-08,-0.32186079999999995
4.6333e-08,-0.3219067000000001
4.6335e-08,-0.3219491000000001
4.6337e-08,-0.32199009999999995
4.6339e-08,-0.3220267
4.6341e-08,-0.3220619000000001
4.6343e-08,-0.32209370000000004
4.6345e-08,-0.3221222
4.6347e-08,-0.3221495
4.6349e-08,-0.3221734999999999
4.6351e-08,-0.32219429999999993
4.6353e-08,-0.322214
4.6355e-08,-0.3222315
4.6357e-08,-0.3222458
4.6359e-08,-0.3222581
4.6361e-08,-0.3222684
4.6363e-08,-0.3222765999999999
4.6365e-08,-0.32228279999999987
4.6367e-08,-0.32228709999999994
4.6369e-08,-0.32228940000000006
4.6371e-08,-0.32229070000000004
4.6373e-08,-0.32228920000000005
4.6375e-08,-0.3222859
4.6377e-08,-0.3222817
4.6379e-08,-0.3222746000000001
4.6381e-08,-0.32226679999999996
4.6383e-08,-0.32225729999999997
4.6385e-08,-0.3222468999999999
4.6387e-08,-0.3222339000000001
4.6389e-08,-0.32222019999999996
4.6391e-08,-0.3222046999999999
4.6393e-08,-0.3221887
4.6395e-08,-0.32217090000000004
4.6397e-08,-0.3221516
4.63985e-08,-0.3221362
4.64e-08,-0.3221204999999999
4.64002e-08,-0.32211979999999996
4.64006e-08,-0.3221185
4.64014e-08,-0.3221280000000001
4.6403e-08,-0.32217359999999995
4.6405e-08,-0.3222417999999999
4.6407e-08,-0.32227150000000004
4.6409e-08,-0.32221869999999997
4.6411e-08,-0.3220472000000001
4.6413e-08,-0.32172919999999994
4.6415e-08,-0.32124129999999995
4.6417e-08,-0.3205679
4.6419e-08,-0.31969520000000007
4.6421e-08,-0.3186152000000001
4.6423e-08,-0.3173212000000001
4.6425e-08,-0.31580949999999997
4.6427e-08,-0.31407799999999997
4.6429e-08,-0.3121277
4.6431e-08,-0.3099588000000001
4.6433e-08,-0.30757309999999993
4.6435e-08,-0.3049767000000001
4.6437e-08,-0.3021708999999999
4.6439e-08,-0.2991625000000001
4.6441e-08,-0.2959567999999999
4.6443e-08,-0.292559
4.6445e-08,-0.2889756
4.6447e-08,-0.28521299999999994
4.6449e-08,-0.28127800000000003
4.6451e-08,-0.27717729999999996
4.6453e-08,-0.27291770000000004
4.6455e-08,-0.26850620000000003
4.6457e-08,-0.2639498
4.6459e-08,-0.25925549999999997
4.6461e-08,-0.2544301
4.6463e-08,-0.24948059999999994
4.6465e-08,-0.24441380000000001
4.6467e-08,-0.23923640000000002
4.6469e-08,-0.23395509999999997
4.6471e-08,-0.2285764
4.6473e-08,-0.2231067
4.6475e-08,-0.21755220000000008
4.6477e-08,-0.21191930000000003
4.6479e-08,-0.206214
4.6481e-08,-0.200442
4.6483e-08,-0.19460919999999993
4.6485e-08,-0.18872129999999998
4.6487e-08,-0.18278359999999994
4.6489e-08,-0.17680149999999994
4.6491e-08,-0.17078000000000004
4.6493e-08,-0.16472450000000005
4.6495e-08,-0.1586396
4.6497e-08,-0.1525299000000001
4.6499e-08,-0.14640019999999998
4.6501e-08,-0.1402548
4.6503e-08,-0.1340979
4.6505e-08,-0.12793389999999993
4.6507e-08,-0.12176639999999994
4.6509e-08,-0.11559929999999996
4.6511e-08,-0.10943639999999999
4.6513e-08,-0.10328119999999996
4.6515e-08,-0.09713700000000003
4.6517e-08,-0.09100700000000006
4.6519e-08,-0.08489449999999998
4.6521e-08,-0.07880229999999999
4.6523e-08,-0.0727333
4.6525e-08,-0.06669030000000009
4.6527e-08,-0.0606757
4.6529e-08,-0.05469210000000002
4.6531e-08,-0.0487417
4.6533e-08,-0.042826800000000054
4.6535e-08,-0.03694949999999997
4.6537e-08,-0.03111189999999997
4.6539e-08,-0.025315500000000046
4.6541e-08,-0.019562499999999927
4.6543e-08,-0.013854299999999986
4.6545e-08,-0.008192599999999994
4.6547e-08,-0.002578700000000045
4.6549e-08,0.002985899999999986
4.6551e-08,0.008499999999999952
4.6553e-08,0.013962499999999989
4.6555e-08,0.01937219999999995
4.6557e-08,0.024727999999999972
4.6559e-08,0.030029000000000083
4.6561e-08,0.035274599999999934
4.6563e-08,0.04046379999999994
4.6565e-08,0.04559589999999991
4.6567e-08,0.05067050000000006
4.6569e-08,0.055686800000000036
4.6571e-08,0.060644299999999984
4.6573e-08,0.0655426
4.6575e-08,0.07038149999999999
4.6577e-08,0.07516050000000007
4.6579e-08,0.07987939999999993
4.6581e-08,0.084538
4.6583e-08,0.08913610000000005
4.6585e-08,0.09367359999999991
4.6587e-08,0.09815039999999997
4.6589e-08,0.10256660000000006
4.6591e-08,0.10692210000000002
4.6593e-08,0.11121700000000001
4.6595e-08,0.11545150000000004
4.6597e-08,0.1196256
4.65985e-08,0.12271660000000006
4.66e-08,0.12578540000000005
4.66002e-08,0.12619420000000003
4.66006e-08,0.1270119999999999
4.66014e-08,0.1286484
4.6603e-08,0.1319074
4.6605e-08,0.1359165
4.6607e-08,0.13980570000000003
4.6609e-08,0.14353159999999998
4.6611e-08,0.14705990000000002
4.6613e-08,0.15036360000000004
4.6615e-08,0.15342250000000002
4.6617e-08,0.15622159999999996
4.6619e-08,0.15875000000000006
4.6621e-08,0.1610007
4.6623e-08,0.16296980000000005
4.6625e-08,0.16465580000000002
4.6627e-08,0.16605919999999996
4.6629e-08,0.16718220000000006
4.6631e-08,0.16802859999999997
4.6633e-08,0.16860300000000006
4.6635e-08,0.16891109999999998
4.6637e-08,0.16895939999999998
4.6639e-08,0.1687546000000001
4.6641e-08,0.16830420000000001
4.6643e-08,0.16761579999999998
4.6645e-08,0.1666974
4.6647e-08,0.16555679999999995
4.6649e-08,0.16420230000000002
4.6651e-08,0.1626421
4.6653e-08,0.16088419999999992
4.6655e-08,0.15893669999999993
4.6657e-08,0.15680779999999994
4.6659e-08,0.1545052
4.6661e-08,0.15203690000000003
4.6663e-08,0.14941059999999995
4.6665e-08,0.1466337000000001
4.6667e-08,0.14371369999999994
4.6669e-08,0.14065760000000005
4.6671e-08,0.13747280000000006
4.6673e-08,0.13416589999999995
4.6675e-08,0.13074379999999997
4.6677e-08,0.12721290000000007
4.6679e-08,0.12357969999999996
4.6681e-08,0.11985020000000002
4.6683e-08,0.11603059999999998
4.6685e-08,0.11212659999999997
4.6687e-08,0.10814400000000002
4.6689e-08,0.1040880999999999
4.6691e-08,0.0999643
4.6693e-08,0.09577789999999997
4.6695e-08,0.09153369999999994
4.6697e-08,0.08723669999999994
4.6699e-08,0.0828913
4.6701e-08,0.07850230000000002
4.6703e-08,0.07407390000000003
4.6705e-08,0.06961030000000001
4.6707e-08,0.0651157
4.6709e-08,0.06059380000000003
4.6711e-08,0.056048600000000004
4.6713e-08,0.051483600000000074
4.6715e-08,0.04690230000000006
4.6717e-08,0.04230810000000007
4.6719e-08,0.03770410000000002
4.6721e-08,0.033093700000000004
4.6723e-08,0.02847959999999994
4.6725e-08,0.02386469999999996
4.6727e-08,0.01925180000000004
4.6729e-08,0.014643500000000031
4.6731e-08,0.01004230000000006
4.6733e-08,0.005450600000000083
4.6735e-08,0.000870700000000002
4.6737e-08,-0.003695299999999957
4.6739e-08,-0.008245199999999953
4.6741e-08,-0.012777000000000038
4.6743e-08,-0.017289
4.6745e-08,-0.021779300000000057
4.6747e-08,-0.026246199999999997
4.6749e-08,-0.030687999999999938
4.6751e-08,-0.03510340000000001
4.6753e-08,-0.03949059999999993
4.6755e-08,-0.043848700000000074
4.6757e-08,-0.048176
4.6759e-08,-0.05247160000000006
4.6761e-08,-0.05673419999999996
4.6763e-08,-0.060962799999999984
4.6765e-08,-0.0651564
4.6767e-08,-0.06931409999999993
4.6769e-08,-0.07343489999999997
4.6771e-08,-0.07751819999999998
4.6773e-08,-0.0815631
4.6775e-08,-0.08556909999999995
4.6777e-08,-0.08953520000000004
4.6779e-08,-0.09346129999999997
4.6781e-08,-0.09734670000000001
4.6783e-08,-0.10119069999999997
4.6785e-08,-0.10499310000000006
4.6787e-08,-0.10875350000000006
4.6789e-08,-0.11247149999999995
4.6791e-08,-0.116147
4.6793e-08,-0.11977950000000004
4.6795e-08,-0.12336880000000006
4.6797e-08,-0.1269148
4.67985e-08,-0.1295459
4.68e-08,-0.1321523
4.68002e-08,-0.1324978
4.68006e-08,-0.13318779999999997
4.68014e-08,-0.13456279999999998
4.6803e-08,-0.1372915
4.6805e-08,-0.1406632000000001
4.6807e-08,-0.14399109999999993
4.6809e-08,-0.1472755
4.6811e-08,-0.1505162
4.6813e-08,-0.1537132
4.6815e-08,-0.15686679999999997
4.6817e-08,-0.15997699999999992
4.6819e-08,-0.16304379999999996
4.6821e-08,-0.16606759999999998
4.6823e-08,-0.1690484
4.6825e-08,-0.1719864000000001
4.6827e-08,-0.17488199999999998
4.6829e-08,-0.17773509999999992
4.6831e-08,-0.18054609999999993
4.6833e-08,-0.18331529999999996
4.6835e-08,-0.18604300000000007
4.6837e-08,-0.1887293000000001
4.6839e-08,-0.1913747
4.6841e-08,-0.19397930000000008
4.6843e-08,-0.19654349999999998
4.6845e-08,-0.19906780000000002
4.6847e-08,-0.20155219999999996
4.6849e-08,-0.20399730000000005
4.6851e-08,-0.2064032
4.6853e-08,-0.20877059999999992
4.6855e-08,-0.21109959999999994
4.6857e-08,-0.21339070000000004
4.6859e-08,-0.2156441
4.6861e-08,-0.2178603
4.6863e-08,-0.2200398
4.6865e-08,-0.2221828
4.6867e-08,-0.22428970000000004
4.6869e-08,-0.22636100000000003
4.6871e-08,-0.22839710000000002
4.6873e-08,-0.2303982
4.6875e-08,-0.23236500000000004
4.6877e-08,-0.2342976
4.6879e-08,-0.23619670000000004
4.6881e-08,-0.2380624
4.6883e-08,-0.2398954000000001
4.6885e-08,-0.24169589999999996
4.6887e-08,-0.24346449999999997
4.6889e-08,-0.24520129999999996
4.6891e-08,-0.246907
4.6893e-08,-0.24858179999999996
4.6895e-08,-0.2502263
4.6897e-08,-0.25184070000000003
4.6899e-08,-0.25342549999999997
4.6901e-08,-0.25498129999999997
4.6903e-08,-0.2565081
4.6905e-08,-0.2580065
4.6907e-08,-0.2594769
4.6909e-08,-0.2609197000000001
4.6911e-08,-0.26233530000000005
4.6913e-08,-0.2637241
4.6915e-08,-0.2650863
4.6917e-08,-0.2664225
4.6919e-08,-0.267733
4.6921e-08,-0.26901830000000004
4.6923e-08,-0.2702785
4.6925e-08,-0.2715143000000001
4.6927e-08,-0.2727257999999999
4.6929e-08,-0.27391350000000003
4.6931e-08,-0.2750777000000001
4.6933e-08,-0.2762188
4.6935e-08,-0.2773371
4.6937e-08,-0.27843300000000004
4.6939e-08,-0.2795069
4.6941e-08,-0.28055910000000006
4.6943e-08,-0.28158990000000006
4.6945e-08,-0.2825997
4.6947e-08,-0.2835887
4.6949e-08,-0.2845575
4.6951e-08,-0.28550619999999993
4.6953e-08,-0.28643510000000005
4.6955e-08,-0.28734479999999996
4.6957e-08,-0.28823529999999997
4.6959e-08,-0.289107
4.6961e-08,-0.28996029999999995
4.6963e-08,-0.29079560000000004
4.6965e-08,-0.29161290000000006
4.6967e-08,-0.29241269999999997
4.6969e-08,-0.2931952000000001
4.6971e-08,-0.2939607999999999
4.6973e-08,-0.2947097000000001
4.6975e-08,-0.29544230000000005
4.6977e-08,-0.2961587
4.6979e-08,-0.29685929999999994
4.6981e-08,-0.2975445
4.6983e-08,-0.2982142
4.6985e-08,-0.2988689
4.6987e-08,-0.299509
4.6989e-08,-0.3001344
4.6991e-08,-0.3007458999999999
4.6993e-08,-0.3013428
4.6995e-08,-0.30192679999999994
4.6997e-08,-0.3024962000000001
4.69985e-08,-0.30291559999999995
4.7e-08,-0.3033274
4.70002e-08,-0.3033812
4.70006e-08,-0.30348980000000014
4.70014e-08,-0.30370430000000015
4.7003e-08,-0.3041281
4.7005e-08,-0.30464690000000005
4.7007e-08,-0.30515249999999994
4.7009e-08,-0.3056472
4.7011e-08,-0.306129
4.7013e-08,-0.3066
4.7015e-08,-0.3070583
4.7017e-08,-0.3075061000000001
4.7019e-08,-0.30794339999999987
4.7021e-08,-0.30836929999999996
4.7023e-08,-0.3087850000000001
4.7025e-08,-0.3091894999999999
4.7027e-08,-0.3095850000000001
4.7029e-08,-0.3099694999999999
4.7031e-08,-0.31034419999999996
4.7033e-08,-0.3107101
4.7035e-08,-0.3110653
4.7037e-08,-0.31141189999999996
4.7039e-08,-0.31174999999999986
4.7041e-08,-0.31207870000000004
4.7043e-08,-0.31239800000000006
4.7045e-08,-0.3127091000000001
4.7047e-08,-0.3130120999999999
4.7049e-08,-0.3133070000000001
4.7051e-08,-0.3135937999999999
4.7053e-08,-0.31387280000000006
4.7055e-08,-0.3141429
4.7057e-08,-0.3144062999999999
4.7059e-08,-0.314662
4.7061e-08,-0.3149111
4.7063e-08,-0.3151526
4.7065e-08,-0.3153867
4.7067e-08,-0.3156142999999999
4.7069e-08,-0.31583570000000005
4.7071e-08,-0.31604980000000005
4.7073e-08,-0.3162577000000001
4.7075e-08,-0.3164583999999999
4.7077e-08,-0.3166542
4.7079e-08,-0.31684389999999996
4.7081e-08,-0.3170266999999999
4.7083e-08,-0.31720460000000006
4.7085e-08,-0.31737669999999996
4.7087e-08,-0.31754210000000005
4.7089e-08,-0.3177038
4.7091e-08,-0.3178588
4.7093e-08,-0.31800929999999994
4.7095e-08,-0.31815419999999994
4.7097e-08,-0.31829470000000004
4.7099e-08,-0.3184298000000001
4.7101e-08,-0.3185604999999999
4.7103e-08,-0.31868700000000005
4.7105e-08,-0.31880810000000015
4.7107e-08,-0.31892509999999996
4.7109e-08,-0.3190379000000001
4.7111e-08,-0.31914660000000006
4.7113e-08,-0.31925019999999993
4.7115e-08,-0.31935079999999993
4.7117e-08,-0.3194465000000001
4.7119e-08,-0.3195391999999999
4.7121e-08,-0.31962710000000005
4.7123e-08,-0.31971210000000005
4.7125e-08,-0.31979330000000006
4.7127e-08,-0.3198708
4.7129e-08,-0.3199446
4.7131e-08,-0.3200156999999999
4.7133e-08,-0.32008310000000006
4.7135e-08,-0.32014700000000007
4.7137e-08,-0.3202083
4.7139e-08,-0.32026620000000006
4.7141e-08,-0.3203214999999999
4.7143e-08,-0.32037340000000003
4.7145e-08,-0.32042289999999995
4.7147e-08,-0.32047000000000003
4.7149e-08,-0.3205137
4.7151e-08,-0.3205542000000001
4.7153e-08,-0.32059340000000003
4.7155e-08,-0.3206293000000001
4.7157e-08,-0.3206631
4.7159e-08,-0.32069360000000013
4.7161e-08,-0.320723
4.7163e-08,-0.3207493
4.7165e-08,-0.32077349999999993
4.7167e-08,-0.32079670000000005
4.7169e-08,-0.3208168000000001
4.7171e-08,-0.32083490000000003
4.7173e-08,-0.320851
4.7175e-08,-0.3208650999999999
4.7177e-08,-0.3208774000000001
4.7179e-08,-0.3208876999999999
4.7181e-08,-0.3208971999999999
4.7183e-08,-0.32090379999999985
4.7185e-08,-0.32090950000000007
4.7187e-08,-0.32091349999999996
4.7189e-08,-0.3209157
4.7191e-08,-0.32091610000000004
4.7193e-08,-0.32091479999999994
4.7195e-08,-0.32091270000000005
4.7197e-08,-0.320909
4.71985e-08,-0.3209051999999999
4.72e-08,-0.32090110000000005
4.72002e-08,-0.3209012000000001
4.72006e-08,-0.3209033
4.72014e-08,-0.32091879999999995
4.7203e-08,-0.32097620000000016
4.7205e-08,-0.3210586999999999
4.7207e-08,-0.3211037
4.7209e-08,-0.32106500000000004
4.7211e-08,-0.3209075
4.7213e-08,-0.3206025000000001
4.7215e-08,-0.32012839999999987
4.7217e-08,-0.3194676999999999
4.7219e-08,-0.31860860000000013
4.7221e-08,-0.3175411
4.7223e-08,-0.31625939999999997
4.7225e-08,-0.31475980000000003
4.7227e-08,-0.3130394000000001
4.7229e-08,-0.31109999999999993
4.7231e-08,-0.3089429
4.7233e-08,-0.3065688
4.7235e-08,-0.3039819
4.7237e-08,-0.3011876000000001
4.7239e-08,-0.29818959999999994
4.7241e-08,-0.29499390000000003
4.7243e-08,-0.29160620000000004
4.7245e-08,-0.28803270000000003
4.7247e-08,-0.2842800000000001
4.7249e-08,-0.28035469999999996
4.7251e-08,-0.27626359999999994
4.7253e-08,-0.2720135
4.7255e-08,-0.26761140000000005
4.7257e-08,-0.26306430000000003
4.7259e-08,-0.2583793
4.7261e-08,-0.25356310000000004
4.7263e-08,-0.24862269999999997
4.7265e-08,-0.24356500000000003
4.7267e-08,-0.23839660000000007
4.7269e-08,-0.23312429999999995
4.7271e-08,-0.22775449999999997
4.7273e-08,-0.22229379999999999
4.7275e-08,-0.21674820000000006
4.7277e-08,-0.21112419999999998
4.7279e-08,-0.20542749999999999
4.7281e-08,-0.19966439999999996
4.7283e-08,-0.19384040000000002
4.7285e-08,-0.18796119999999994
4.7287e-08,-0.18203219999999998
4.7289e-08,-0.1760587
4.7291e-08,-0.17004600000000003
4.7293e-08,-0.1639989999999999
4.7295e-08,-0.15792269999999997
4.7297e-08,-0.15182150000000005
4.7299e-08,-0.14570039999999995
4.7301e-08,-0.13956349999999995
4.7303e-08,-0.13341520000000007
4.7305e-08,-0.12725940000000002
4.7307e-08,-0.1211004
4.7309e-08,-0.11494170000000004
4.7311e-08,-0.10878710000000003
4.7313e-08,-0.10264010000000001
4.7315e-08,-0.09650410000000009
4.7317e-08,-0.09038239999999997
4.7319e-08,-0.0842778999999999
4.7321e-08,-0.07819380000000009
4.7323e-08,-0.072133
4.7325e-08,-0.06609790000000004
4.7327e-08,-0.06009120000000001
4.7329e-08,-0.05411549999999998
4.7331e-08,-0.04817289999999996
4.7333e-08,-0.04226580000000002
4.7335e-08,-0.03639619999999999
4.7337e-08,-0.03056610000000004
4.7339e-08,-0.02477740000000006
4.7341e-08,-0.019031800000000043
4.7343e-08,-0.013331099999999929
4.7345e-08,-0.007676699999999981
4.7347e-08,-0.0020700999999999636
4.7349e-08,0.003487300000000082
4.7351e-08,0.00899430000000001
4.7353e-08,0.014449600000000062
4.7355e-08,0.019852199999999987
4.7357e-08,0.025201099999999976
4.7359e-08,0.03049539999999995
4.7361e-08,0.0357341000000001
4.7363e-08,0.04091659999999997
4.7365e-08,0.046042100000000086
4.7367e-08,0.05110999999999999
4.7369e-08,0.05611980000000005
4.7371e-08,0.06107090000000004
4.7373e-08,0.06596290000000005
4.7375e-08,0.07079550000000001
4.7377e-08,0.07556830000000003
4.7379e-08,0.0802811
4.7381e-08,0.0849337
4.7383e-08,0.08952570000000004
4.7385e-08,0.09405739999999996
4.7387e-08,0.09852850000000002
4.7389e-08,0.10293890000000006
4.7391e-08,0.1072886999999999
4.7393e-08,0.11157810000000001
4.7395e-08,0.115807
4.7397e-08,0.11997570000000002
4.73985e-08,0.12306260000000002
4.74e-08,0.12611589999999995
4.74002e-08,0.12652010000000002
4.74006e-08,0.12732739999999998
4.74014e-08,0.12893490000000007
4.7403e-08,0.13212119999999994
4.7405e-08,0.13605069999999997
4.7407e-08,0.13992099999999996
4.7409e-08,0.1437326
4.7411e-08,0.1474856
4.7413e-08,0.1511806
4.7415e-08,0.15481769999999995
4.7417e-08,0.15839749999999997
4.7419e-08,0.16192030000000002
4.7421e-08,0.1653867
4.7423e-08,0.16879699999999997
4.7425e-08,0.17215160000000007
4.7427e-08,0.17545109999999997
4.7429e-08,0.17869610000000002
4.7431e-08,0.18188689999999996
4.7433e-08,0.18502410000000002
4.7435e-08,0.18810820000000006
4.7437e-08,0.19113979999999997
4.7439e-08,0.1941195
4.7441e-08,0.19704749999999993
4.7443e-08,0.1999247999999999
4.7445e-08,0.2027517000000001
4.7447e-08,0.20552890000000001
4.7449e-08,0.20825680000000002
4.7451e-08,0.21093610000000007
4.7453e-08,0.21356739999999996
4.7455e-08,0.2161512
4.7457e-08,0.2186882
4.7459e-08,0.22117870000000006
4.7461e-08,0.22362359999999992
4.7463e-08,0.22602350000000004
4.7465e-08,0.2283788
4.7467e-08,0.2306901
4.7469e-08,0.23295809999999995
4.7471e-08,0.23518329999999998
4.7473e-08,0.23736630000000003
4.7475e-08,0.2395077
4.7477e-08,0.24160799999999993
4.7479e-08,0.24366790000000005
4.7481e-08,0.24568790000000007
4.7483e-08,0.24766860000000002
4.7485e-08,0.24961060000000002
4.7487e-08,0.2515144
4.7489e-08,0.25338059999999996
4.7491e-08,0.25520980000000004
4.7493e-08,0.2570023
4.7495e-08,0.2587591
4.7497e-08,0.26048040000000006
4.7499e-08,0.26216680000000003
4.7501e-08,0.2638189000000001
4.7503e-08,0.26543720000000004
4.7505e-08,0.2670224
4.7507e-08,0.26857469999999994
4.7509e-08,0.2700948000000001
4.7511e-08,0.2715832
4.7513e-08,0.2730403
4.7515e-08,0.27446690000000007
4.7517e-08,0.2758631
4.7519e-08,0.2772297
4.7521e-08,0.27856709999999996
4.7523e-08,0.2798758
4.7525e-08,0.28115619999999997
4.7527e-08,0.28240870000000007
4.7529e-08,0.28363399999999994
4.7531e-08,0.2848324
4.7533e-08,0.28600440000000005
4.7535e-08,0.28715040000000003
4.7537e-08,0.28827099999999994
4.7539e-08,0.28936649999999997
4.7541e-08,0.2904373
4.7543e-08,0.29148379999999996
4.7545e-08,0.2925065
4.7547e-08,0.29350600000000004
4.7549e-08,0.29448240000000003
4.7551e-08,0.2954363
4.7553e-08,0.2963679
4.7555e-08,0.2972777999999999
4.7557e-08,0.2981663
4.7559e-08,0.29903389999999996
4.7561e-08,0.2998807
4.7563e-08,0.3007075
4.7565e-08,0.30151439999999996
4.7567e-08,0.30230160000000006
4.7569e-08,0.3030691999999999
4.7571e-08,0.30381860000000005
4.7573e-08,0.3045498
4.7575e-08,0.3052621
4.7577e-08,0.3059575000000001
4.7579e-08,0.30663439999999986
4.7581e-08,0.3072946999999999
4.7583e-08,0.3079387
4.7585e-08,0.3085655999999999
4.7587e-08,0.3091764
4.7589e-08,0.3097713999999999
4.7591e-08,0.3103507
4.7593e-08,0.3109145000000001
4.7595e-08,0.31146380000000007
4.7597e-08,0.31199889999999997
4.75985e-08,0.3123902999999999
4.76e-08,0.3127738
4.76002e-08,0.3128251000000001
4.76006e-08,0.31292849999999994
4.76014e-08,0.31314600000000004
4.7603e-08,0.31360330000000014
4.7605e-08,0.31417320000000004
4.7607e-08,0.3146934
4.7609e-08,0.31511880000000003
4.7611e-08,0.3154132999999999
4.7613e-08,0.31554939999999987
4.7615e-08,0.31550580000000006
4.7617e-08,0.3152659000000001
4.7619e-08,0.3148162000000001
4.7621e-08,0.314149
4.7623e-08,0.31325859999999994
4.7625e-08,0.31213940000000007
4.7627e-08,0.3107928000000001
4.7629e-08,0.30921770000000004
4.7631e-08,0.30741450000000003
4.7633e-08,0.3053882000000001
4.7635e-08,0.303141
4.7637e-08,0.30067750000000004
4.7639e-08,0.29800360000000004
4.7641e-08,0.29512400000000005
4.7643e-08,0.292045
4.7645e-08,0.28877300000000006
4.7647e-08,0.2853146
4.7649e-08,0.2816763
4.7651e-08,0.27786540000000004
4.7653e-08,0.27388860000000004
4.7655e-08,0.269753
4.7657e-08,0.2654657
4.7659e-08,0.26103370000000004
4.7661e-08,0.256464
4.7663e-08,0.25176350000000003
4.7665e-08,0.24693910000000008
4.7667e-08,0.24199769999999998
4.7669e-08,0.23694589999999993
4.7671e-08,0.2317903
4.7673e-08,0.2265374
4.7675e-08,0.22119350000000004
4.7677e-08,0.21576479999999998
4.7679e-08,0.2102575000000001
4.7681e-08,0.20467760000000002
4.7683e-08,0.1990307
4.7685e-08,0.19332269999999996
4.7687e-08,0.18755900000000003
4.7689e-08,0.1817449
4.7691e-08,0.17588579999999998
4.7693e-08,0.1699868
4.7695e-08,0.16405270000000005
4.7697e-08,0.15808829999999996
4.7699e-08,0.1520982999999999
4.7701e-08,0.14608719999999997
4.7703e-08,0.14005919999999994
4.7705e-08,0.1340186
4.7707e-08,0.1279694
4.7709e-08,0.12191549999999995
4.7711e-08,0.11586070000000004
4.7713e-08,0.10980860000000003
4.7715e-08,0.10376260000000004
4.7717e-08,0.09772610000000004
4.7719e-08,0.09170220000000007
4.7721e-08,0.08569419999999994
4.7723e-08,0.07970480000000002
4.7725e-08,0.07373680000000005
4.7727e-08,0.06779299999999999
4.7729e-08,0.061875899999999984
4.7731e-08,0.05598799999999993
4.7733e-08,0.05013140000000005
4.7735e-08,0.044308500000000084
4.7737e-08,0.03852129999999998
4.7739e-08,0.03277170000000007
4.7741e-08,0.027061799999999914
4.7743e-08,0.021393100000000054
4.7745e-08,0.01576729999999993
4.7747e-08,0.010186000000000028
4.7749e-08,0.004650700000000008
4.7751e-08,-0.0008372999999999298
4.7753e-08,-0.006276800000000082
4.7755e-08,-0.011666400000000077
4.7757e-08,-0.0170053
4.7759e-08,-0.022292300000000043
4.7761e-08,-0.02752639999999995
4.7763e-08,-0.03270689999999998
4.7765e-08,-0.03783289999999995
4.7767e-08,-0.04290369999999999
4.7769e-08,-0.04791869999999998
4.7771e-08,-0.052877400000000074
4.7773e-08,-0.05777920000000003
4.7775e-08,-0.06262349999999994
4.7777e-08,-0.06741019999999998
4.7779e-08,-0.0721387
4.7781e-08,-0.07680900000000002
4.7783e-08,-0.08142060000000007
4.7785e-08,-0.08597350000000004
4.7787e-08,-0.09046729999999992
4.7789e-08,-0.0949023
4.7791e-08,-0.09927819999999998
4.7793e-08,-0.1035950000000001
4.7795e-08,-0.10785299999999998
4.7797e-08,-0.11205180000000003
4.77985e-08,-0.1151624
4.78e-08,-0.1182398
4.78002e-08,-0.11864739999999996
4.78006e-08,-0.11946129999999999
4.78014e-08,-0.12108209999999997
4.7803e-08,-0.12429570000000001
4.7805e-08,-0.12826020000000005
4.7807e-08,-0.13216670000000008
4.7809e-08,-0.1360154
4.7811e-08,-0.13980650000000006
4.7813e-08,-0.14354050000000007
4.7815e-08,-0.14721760000000006
4.7817e-08,-0.15083809999999997
4.7819e-08,-0.1544025
4.7821e-08,-0.15791100000000002
4.7823e-08,-0.16136419999999996
4.7825e-08,-0.16476239999999998
4.7827e-08,-0.16810619999999998
4.7829e-08,-0.171396
4.7831e-08,-0.17463210000000007
4.7833e-08,-0.17781519999999995
4.7835e-08,-0.1809457
4.7837e-08,-0.18402399999999997
4.7839e-08,-0.18705070000000001
4.7841e-08,-0.19002629999999998
4.7843e-08,-0.19295149999999994
4.7845e-08,-0.19582659999999996
4.7847e-08,-0.1986521
4.7849e-08,-0.20142890000000002
4.7851e-08,-0.20415720000000004
4.7853e-08,-0.2068377
4.7855e-08,-0.20947080000000007
4.7857e-08,-0.2120573
4.7859e-08,-0.2145977
4.7861e-08,-0.21709250000000002
4.7863e-08,-0.21954230000000008
4.7865e-08,-0.22194760000000002
4.7867e-08,-0.22430899999999998
4.7869e-08,-0.22662700000000002
4.7871e-08,-0.22890240000000006
4.7873e-08,-0.2311356
4.7875e-08,-0.23332719999999996
4.7877e-08,-0.2354777
4.7879e-08,-0.23758780000000002
4.7881e-08,-0.23965789999999998
4.7883e-08,-0.24168860000000003
4.7885e-08,-0.24368049999999997
4.7887e-08,-0.24563420000000002
4.7889e-08,-0.24755020000000005
4.7891e-08,-0.2494289999999999
4.7893e-08,-0.25127120000000003
4.7895e-08,-0.25307730000000006
4.7897e-08,-0.2548479
4.7899e-08,-0.25658349999999996
4.7901e-08,-0.25828450000000003
4.7903e-08,-0.2599517
4.7905e-08,-0.2615854999999999
4.7907e-08,-0.2631863
4.7909e-08,-0.2647547
4.7911e-08,-0.2662911
4.7913e-08,-0.26779620000000004
4.7915e-08,-0.2692703999999999
4.7917e-08,-0.2707142
4.7919e-08,-0.27212800000000004
4.7921e-08,-0.2735124
4.7923e-08,-0.27486789999999994
4.7925e-08,-0.2761949
4.7927e-08,-0.27749369999999995
4.7929e-08,-0.2787651
4.7931e-08,-0.2800093
4.7933e-08,-0.28122690000000006
4.7935e-08,-0.2824183
4.7937e-08,-0.2835839
4.7939e-08,-0.2847242
4.7941e-08,-0.28583939999999997
4.7943e-08,-0.28693029999999997
4.7945e-08,-0.2879971
4.7947e-08,-0.28904019999999997
4.7949e-08,-0.29006010000000004
4.7951e-08,-0.2910572
4.7953e-08,-0.29203180000000006
4.7955e-08,-0.2929843000000001
4.7957e-08,-0.29391520000000004
4.7959e-08,-0.29482470000000005
4.7961e-08,-0.2957134
4.7963e-08,-0.2965816
4.7965e-08,-0.2974294999999999
4.7967e-08,-0.2982578
4.7969e-08,-0.2990665
4.7971e-08,-0.29985609999999996
4.7973e-08,-0.30062690000000003
4.7975e-08,-0.3013794999999999
4.7977e-08,-0.3021138000000001
4.7979e-08,-0.30283020000000005
4.7981e-08,-0.3035301
4.7983e-08,-0.3042113999999999
4.7985e-08,-0.3048774999999999
4.7987e-08,-0.3055264000000001
4.7989e-08,-0.3061583
4.7991e-08,-0.3067753000000001
4.7993e-08,-0.30737669999999995
4.7995e-08,-0.3079624000000001
4.7997e-08,-0.30853379999999997
4.79985e-08,-0.3089527999999999
4.8e-08,-0.30936279999999994
4.80002e-08,-0.30941790000000013
4.80006e-08,-0.30952899999999994
4.80014e-08,-0.30976159999999997
4.8003e-08,-0.31024620000000014
4.8005e-08,-0.3108518000000001
4.8007e-08,-0.3114066000000001
4.8009e-08,-0.31186649999999994
4.8011e-08,-0.31219530000000006
4.8013e-08,-0.31236450000000004
4.8015e-08,-0.3123536
4.8017e-08,-0.31214429999999993
4.8019e-08,-0.3117268999999999
4.8021e-08,-0.3110895
4.8023e-08,-0.3102286999999999
4.8025e-08,-0.3091387
4.8027e-08,-0.30781999999999987
4.8029e-08,-0.30627250000000006
4.8031e-08,-0.30449760000000015
4.8033e-08,-0.30249729999999997
4.8035e-08,-0.3002758
4.8037e-08,-0.29783859999999995
4.8039e-08,-0.29518959999999994
4.8041e-08,-0.2923348
4.8043e-08,-0.28928030000000005
4.8045e-08,-0.2860325
4.8047e-08,-0.28259789999999996
4.8049e-08,-0.27898329999999993
4.8051e-08,-0.27519570000000004
4.8053e-08,-0.2712422
4.8055e-08,-0.2671297
4.8057e-08,-0.26286529999999997
4.8059e-08,-0.2584559999999999
4.8061e-08,-0.25390899999999994
4.8063e-08,-0.24923110000000004
4.8065e-08,-0.24442940000000002
4.8067e-08,-0.2395103999999999
4.8069e-08,-0.23448100000000005
4.8071e-08,-0.2293478
4.8073e-08,-0.22411729999999996
4.8075e-08,-0.21879589999999993
4.8077e-08,-0.21338970000000002
4.8079e-08,-0.2079048
4.8081e-08,-0.20234720000000006
4.8083e-08,-0.19672279999999998
4.8085e-08,-0.19103720000000002
4.8087e-08,-0.18529590000000007
4.8089e-08,-0.1795044
4.8091e-08,-0.17366779999999993
4.8093e-08,-0.16779119999999992
4.8095e-08,-0.1618796
4.8097e-08,-0.15593770000000007
4.8099e-08,-0.14997020000000005
4.8101e-08,-0.14398149999999998
4.8103e-08,-0.137976
4.8105e-08,-0.13195790000000007
4.8107e-08,-0.12593110000000007
4.8109e-08,-0.1198996
4.8111e-08,-0.1138673
4.8113e-08,-0.10783739999999997
4.8115e-08,-0.10181379999999995
4.8117e-08,-0.09579950000000004
4.8119e-08,-0.08979780000000004
4.8121e-08,-0.08381179999999999
4.8123e-08,-0.0778445000000001
4.8125e-08,-0.07189849999999998
4.8127e-08,-0.06597660000000005
4.8129e-08,-0.060081300000000004
4.8131e-08,-0.05421500000000001
4.8133e-08,-0.048380199999999984
4.8135e-08,-0.04257869999999997
4.8137e-08,-0.036812899999999926
4.8139e-08,-0.031084600000000018
4.8141e-08,-0.02539569999999991
4.8143e-08,-0.019747999999999988
4.8145e-08,-0.014143099999999964
4.8147e-08,-0.008582599999999996
4.8149e-08,-0.003067799999999954
4.8151e-08,0.0023997000000000046
4.8153e-08,0.007818899999999962
4.8155e-08,0.013188500000000047
4.8157e-08,0.01850739999999995
4.8159e-08,0.02377450000000003
4.8161e-08,0.028989000000000043
4.8163e-08,0.034150000000000014
4.8165e-08,0.03925670000000003
4.8167e-08,0.04430849999999997
4.8169e-08,0.04930460000000003
4.8171e-08,0.05424450000000003
4.8173e-08,0.059127700000000005
4.8175e-08,0.0639537
4.8177e-08,0.06872220000000007
4.8179e-08,0.07343270000000002
4.8181e-08,0.07808510000000002
4.8183e-08,0.08267920000000006
4.8185e-08,0.08721460000000003
4.8187e-08,0.09169130000000003
4.8189e-08,0.0961092
4.8191e-08,0.10046820000000001
4.8193e-08,0.10476839999999998
4.8195e-08,0.10900980000000005
4.8197e-08,0.11319240000000008
4.81985e-08,0.11629090000000009
4.82e-08,0.11935639999999992
4.82002e-08,0.11976240000000005
4.82006e-08,0.12057309999999999
4.82014e-08,0.12218759999999995
4.8203e-08,0.12538859999999996
4.8205e-08,0.12933759999999994
4.8207e-08,0.13322880000000004
4.8209e-08,0.13706240000000003
4.8211e-08,0.14083869999999998
4.8213e-08,0.14455779999999996
4.8215e-08,0.14822039999999992
4.8217e-08,0.15182660000000003
4.8219e-08,0.15537670000000003
4.8221e-08,0.15887130000000005
4.8223e-08,0.16231079999999998
4.8225e-08,0.16569540000000005
4.8227e-08,0.1690258
4.8229e-08,0.17230219999999996
4.8231e-08,0.1755253
4.8233e-08,0.1786955
4.8235e-08,0.1818132
4.8237e-08,0.18487900000000002
4.8239e-08,0.18789330000000004
4.8241e-08,0.19085679999999994
4.8243e-08,0.1937698
4.8245e-08,0.1966331
4.8247e-08,0.19944700000000004
4.8249e-08,0.20221219999999995
4.8251e-08,0.20492909999999998
4.8253e-08,0.2075983
4.8255e-08,0.21022049999999992
4.8257e-08,0.2127962
4.8259e-08,0.2153258
4.8261e-08,0.2178099
4.8263e-08,0.22024919999999992
4.8265e-08,0.2226442999999999
4.8267e-08,0.22499559999999996
4.8269e-08,0.2273037
4.8271e-08,0.22956929999999998
4.8273e-08,0.23179270000000007
4.8275e-08,0.23397469999999998
4.8277e-08,0.23611589999999993
4.8279e-08,0.23821649999999994
4.8281e-08,0.24027750000000003
4.8283e-08,0.2422993
4.8285e-08,0.24428230000000006
4.8287e-08,0.24622730000000004
4.8289e-08,0.2481346000000001
4.8291e-08,0.2500049000000001
4.8293e-08,0.25183869999999997
4.8295e-08,0.2536366
4.8297e-08,0.2553991
4.8299e-08,0.25712669999999993
4.8301e-08,0.2588199
4.8303e-08,0.2604792
4.8305e-08,0.2621051999999999
4.8307e-08,0.26369849999999995
4.8309e-08,0.2652595
4.8311e-08,0.26678860000000004
4.8313e-08,0.2682865
4.8315e-08,0.26975360000000004
4.8317e-08,0.2711903
4.8319e-08,0.27259730000000004
4.8321e-08,0.2739749
4.8323e-08,0.2753236
4.8325e-08,0.27664389999999994
4.8327e-08,0.2779363
4.8329e-08,0.2792013000000001
4.8331e-08,0.2804392
4.8333e-08,0.2816506
4.8335e-08,0.28283579999999997
4.8337e-08,0.28399530000000006
4.8339e-08,0.28512970000000004
4.8341e-08,0.28623909999999997
4.8343e-08,0.2873241000000001
4.8345e-08,0.2883852
4.8347e-08,0.28942270000000003
4.8349e-08,0.2904371
4.8351e-08,0.2914287
4.8353e-08,0.2923979
4.8355e-08,0.2933450999999999
4.8357e-08,0.29427079999999994
4.8359e-08,0.29517530000000003
4.8361e-08,0.2960589
4.8363e-08,0.29692209999999997
4.8365e-08,0.2977651
4.8367e-08,0.2985884
4.8369e-08,0.29939230000000006
4.8371e-08,0.3001773
4.8373e-08,0.30094319999999997
4.8375e-08,0.3016910999999999
4.8377e-08,0.3024211
4.8379e-08,0.3031333999999999
4.8381e-08,0.3038280000000001
4.8383e-08,0.30450620000000006
4.8385e-08,0.30516719999999997
4.8387e-08,0.305812
4.8389e-08,0.30644079999999996
4.8391e-08,0.3070527999999999
4.8393e-08,0.3076501999999999
4.8395e-08,0.3082330000000001
4.8397e-08,0.30879940000000006
4.83985e-08,0.30921600000000005
4.84e-08,0.3096351999999999
4.84002e-08,0.3096926
4.84006e-08,0.30980910000000006
4.84014e-08,0.31004869999999995
4.8403e-08,0.31053659999999994
4.8405e-08,0.31112700000000004
4.8407e-08,0.31164959999999986
4.8409e-08,0.31206259999999986
4.8411e-08,0.3123335999999999
4.8413e-08,0.3124372999999999
4.8415e-08,0.31235440000000003
4.8417e-08,0.31206829999999985
4.8419e-08,0.31156990000000007
4.8421e-08,0.3108499
4.8423e-08,0.3099042000000001
4.8425e-08,0.30873050000000013
4.8427e-08,0.30732729999999997
4.8429e-08,0.30569479999999993
4.8431e-08,0.3038366
4.8433e-08,0.30175490000000005
4.8435e-08,0.2994528999999999
4.8437e-08,0.29693689999999995
4.8439e-08,0.2942114
4.8441e-08,0.2912825
4.8443e-08,0.2881561
4.8445e-08,0.2848389
4.8447e-08,0.28133739999999996
4.8449e-08,0.2776586
4.8451e-08,0.2738092000000001
4.8453e-08,0.2697965
4.8455e-08,0.2656275
4.8457e-08,0.2613092
4.8459e-08,0.25684869999999993
4.8461e-08,0.25225300000000006
4.8463e-08,0.24752889999999994
4.8465e-08,0.2426836
4.8467e-08,0.23772349999999998
4.8469e-08,0.23265550000000002
4.8471e-08,0.22748599999999997
4.8473e-08,0.22222160000000002
4.8475e-08,0.21686839999999996
4.8477e-08,0.21143289999999992
4.8479e-08,0.2059207999999999
4.8481e-08,0.20033829999999997
4.8483e-08,0.19469099999999995
4.8485e-08,0.1889845
4.8487e-08,0.18322440000000006
4.8489e-08,0.17741589999999996
4.8491e-08,0.1715643
4.8493e-08,0.16567450000000006
4.8495e-08,0.1597514
4.8497e-08,0.15379979999999993
4.8499e-08,0.14782420000000007
4.8501e-08,0.14182910000000004
4.8503e-08,0.13581869999999996
4.8505e-08,0.1297971
4.8507e-08,0.12376829999999994
4.8509e-08,0.11773620000000007
4.8511e-08,0.11170449999999998
4.8513e-08,0.10567669999999996
4.8515e-08,0.09965630000000003
4.8517e-08,0.09364650000000008
4.8519e-08,0.08765029999999996
4.8521e-08,0.08167100000000005
4.8523e-08,0.07571119999999998
4.8525e-08,0.069774
4.8527e-08,0.06386159999999996
4.8529e-08,0.05797669999999999
4.8531e-08,0.05212189999999994
4.8533e-08,0.04629899999999998
4.8535e-08,0.040510399999999946
4.8537e-08,0.03475819999999996
4.8539e-08,0.029044299999999912
4.8541e-08,0.023370400000000013
4.8543e-08,0.017738199999999926
4.8545e-08,0.012149399999999977
4.8547e-08,0.006605500000000042
4.8549e-08,0.0011079999999999979
4.8551e-08,-0.004341999999999957
4.8553e-08,-0.009743200000000063
4.8555e-08,-0.015094200000000058
4.8557e-08,-0.020394299999999976
4.8559e-08,-0.02564220000000006
4.8561e-08,-0.03083720000000001
4.8563e-08,-0.035978399999999966
4.8565e-08,-0.04106519999999991
4.8567e-08,-0.04609659999999993
4.8569e-08,-0.05107220000000001
4.8571e-08,-0.055991400000000024
4.8573e-08,-0.06085379999999996
4.8575e-08,-0.06565880000000002
4.8577e-08,-0.07040619999999997
4.8579e-08,-0.07509560000000004
4.8581e-08,-0.07972670000000004
4.8583e-08,-0.08429930000000008
4.8585e-08,-0.08881329999999998
4.8587e-08,-0.09326860000000003
4.8589e-08,-0.097665
4.8591e-08,-0.10200260000000005
4.8593e-08,-0.10628140000000008
4.8595e-08,-0.11050139999999997
4.8597e-08,-0.11466260000000006
4.85985e-08,-0.11774499999999999
4.86e-08,-0.12079459999999997
4.86002e-08,-0.12119930000000001
4.86006e-08,-0.12200920000000004
4.86014e-08,-0.12363329999999995
4.8603e-08,-0.12688080000000002
4.8605e-08,-0.13089669999999998
4.8607e-08,-0.1348125
4.8609e-08,-0.13858060000000005
4.8611e-08,-0.14216359999999995
4.8613e-08,-0.14553210000000005
4.8615e-08,-0.1486632
4.8617e-08,-0.1515402
4.8619e-08,-0.15415069999999997
4.8621e-08,-0.15648640000000003
4.8623e-08,-0.15854230000000002
4.8625e-08,-0.1603159999999999
4.8627e-08,-0.16180720000000004
4.8629e-08,-0.16301770000000004
4.8631e-08,-0.1639507
4.8633e-08,-0.1646105
4.8635e-08,-0.1650024
4.8637e-08,-0.1651326999999999
4.8639e-08,-0.1650079000000001
4.8641e-08,-0.1646354
4.8643e-08,-0.16402269999999997
4.8645e-08,-0.16317760000000003
4.8647e-08,-0.16210820000000004
4.8649e-08,-0.16082240000000003
4.8651e-08,-0.15932860000000004
4.8653e-08,-0.15763490000000002
4.8655e-08,-0.15574929999999998
4.8657e-08,-0.15368000000000004
4.8659e-08,-0.15143490000000004
4.8661e-08,-0.14902190000000004
4.8663e-08,-0.14644880000000005
4.8665e-08,-0.14372320000000005
4.8667e-08,-0.1408524
4.8669e-08,-0.13784379999999996
4.8671e-08,-0.1347045
4.8673e-08,-0.1314415
4.8675e-08,-0.12806150000000005
4.8677e-08,-0.12457109999999993
4.8679e-08,-0.1209768
4.8681e-08,-0.11728479999999997
4.8683e-08,-0.11350109999999991
4.8685e-08,-0.10963179999999995
4.8687e-08,-0.10568240000000007
4.8689e-08,-0.10165859999999993
4.8691e-08,-0.09756560000000003
4.8693e-08,-0.09340890000000002
4.8695e-08,-0.08919319999999997
4.8697e-08,-0.08492359999999999
4.8699e-08,-0.08060469999999997
4.8701e-08,-0.07624120000000001
4.8703e-08,-0.07183740000000005
4.8705e-08,-0.0673975
4.8707e-08,-0.06292580000000003
4.8709e-08,-0.05842599999999998
4.8711e-08,-0.053902000000000005
4.8713e-08,-0.0493576
4.8715e-08,-0.044796200000000064
4.8717e-08,-0.040221300000000015
4.8719e-08,-0.035635900000000054
4.8721e-08,-0.0310435
4.8723e-08,-0.02644689999999994
4.8725e-08,-0.02184889999999995
4.8727e-08,-0.017252299999999998
4.8729e-08,-0.012660000000000005
4.8731e-08,-0.008074200000000031
4.8733e-08,-0.0034975999999999896
4.8735e-08,0.0010676000000000574
4.8737e-08,0.005619299999999994
4.8739e-08,0.010155400000000037
4.8741e-08,0.01467380000000007
4.8743e-08,0.019172599999999984
4.8745e-08,0.0236499
4.8747e-08,0.028104099999999965
4.8749e-08,0.03253380000000006
4.8751e-08,0.036937
4.8753e-08,0.04131260000000003
4.8755e-08,0.045659000000000005
4.8757e-08,0.04997509999999994
4.8759e-08,0.054259500000000016
4.8761e-08,0.058511199999999985
4.8763e-08,0.06272900000000003
4.8765e-08,0.06691199999999997
4.8767e-08,0.07105929999999994
4.8769e-08,0.07516990000000001
4.8771e-08,0.07924299999999995
4.8773e-08,0.08327800000000007
4.8775e-08,0.08727399999999996
4.8777e-08,0.09123049999999999
4.8779e-08,0.09514699999999998
4.8781e-08,0.09902270000000002
4.8783e-08,0.10285739999999999
4.8785e-08,0.10665049999999998
4.8787e-08,0.11040170000000005
4.8789e-08,0.11411059999999995
4.8791e-08,0.11777689999999996
4.8793e-08,0.12140030000000002
4.8795e-08,0.12498070000000006
4.8797e-08,0.12851790000000007
4.87985e-08,0.1311422
4.88e-08,0.13374209999999997
4.88002e-08,0.13408739999999997
4.88006e-08,0.1347792
4.88014e-08,0.13616870000000003
4.8803e-08,0.13895390000000007
4.8805e-08,0.14240490000000006
4.8807e-08,0.14576999999999996
4.8809e-08,0.14900140000000006
4.8811e-08,0.15206150000000007
4.8813e-08,0.1549203
4.8815e-08,0.1575552
4.8817e-08,0.1599486
4.8819e-08,0.16208820000000002
4.8821e-08,0.16396520000000003
4.8823e-08,0.16557429999999995
4.8825e-08,0.16691260000000008
4.8827e-08,0.1679797999999999
4.8829e-08,0.16877730000000002
4.8831e-08,0.1693079999999999
4.8833e-08,0.16957580000000005
4.8835e-08,0.1695858
4.8837e-08,0.1693441
4.8839e-08,0.16885689999999998
4.8841e-08,0.16813129999999998
4.8843e-08,0.1671747
4.8845e-08,0.1659946
4.8847e-08,0.1645987
4.8849e-08,0.1629952
4.8851e-08,0.1611918
4.8853e-08,0.15919669999999997
4.8855e-08,0.15701759999999998
4.8857e-08,0.15466269999999993
4.8859e-08,0.15213960000000004
4.8861e-08,0.14945609999999998
4.8863e-08,0.14661989999999991
4.8865e-08,0.14363820000000005
4.8867e-08,0.1405185
4.8869e-08,0.13726800000000006
4.8871e-08,0.1338937
4.8873e-08,0.13040220000000002
4.8875e-08,0.12680049999999998
4.8877e-08,0.1230947
4.8879e-08,0.1192915
4.8881e-08,0.11539690000000002
4.8883e-08,0.11141670000000004
4.8885e-08,0.10735689999999998
4.8887e-08,0.10322310000000001
4.8889e-08,0.09902060000000001
4.8891e-08,0.09475480000000003
4.8893e-08,0.09043089999999998
4.8895e-08,0.08605370000000001
4.8897e-08,0.08162790000000009
4.8899e-08,0.07715830000000001
4.8901e-08,0.07264939999999998
4.8903e-08,0.0681054000000001
4.8905e-08,0.06353039999999999
4.8907e-08,0.05892839999999999
4.8909e-08,0.05430350000000006
4.8911e-08,0.049659200000000014
4.8913e-08,0.04499909999999996
4.8915e-08,0.040326799999999996
4.8917e-08,0.03564540000000005
4.8919e-08,0.03095809999999999
4.8921e-08,0.026268099999999905
4.8923e-08,0.021578100000000044
4.8925e-08,0.01689099999999999
4.8927e-08,0.012209599999999932
4.8929e-08,0.007536199999999993
4.8931e-08,0.0028733000000000786
4.8933e-08,-0.0017764999999999587
4.8935e-08,-0.006411300000000009
4.8937e-08,-0.01102879999999995
4.8939e-08,-0.015627100000000005
4.8941e-08,-0.020204200000000005
4.8943e-08,-0.024758399999999958
4.8945e-08,-0.029287799999999975
4.8947e-08,-0.03379080000000001
4.8949e-08,-0.03826609999999997
4.8951e-08,-0.042711900000000025
4.8953e-08,-0.04712700000000003
4.8955e-08,-0.05151019999999995
4.8957e-08,-0.05586000000000002
4.8959e-08,-0.060175599999999996
4.8961e-08,-0.06445559999999995
4.8963e-08,-0.06869930000000002
4.8965e-08,-0.07290560000000001
4.8967e-08,-0.07707370000000002
4.8969e-08,-0.08120270000000007
4.8971e-08,-0.08529200000000003
4.8973e-08,-0.08934089999999995
4.8975e-08,-0.0933486
4.8977e-08,-0.09731480000000003
4.8979e-08,-0.10123880000000007
4.8981e-08,-0.1051202
4.8983e-08,-0.10895860000000002
4.8985e-08,-0.11275360000000001
4.8987e-08,-0.11650479999999996
4.8989e-08,-0.12021199999999999
4.8991e-08,-0.12387499999999996
4.8993e-08,-0.12749359999999998
4.8995e-08,-0.1310675
4.8997e-08,-0.1345967
4.89985e-08,-0.1372141
4.9e-08,-0.13980629999999994
4.90002e-08,-0.14015060000000001
4.90006e-08,-0.14084019999999997
4.90014e-08,-0.14222500000000005
4.9003e-08,-0.14500040000000003
4.9005e-08,-0.14843799999999996
4.9007e-08,-0.15178880000000006
4.9009e-08,-0.15500499999999995
4.9011e-08,-0.158049
4.9013e-08,-0.1608912
4.9015e-08,-0.1635088
4.9017e-08,-0.1658845
4.9019e-08,-0.168006
4.9021e-08,-0.16986459999999992
4.9023e-08,-0.17145490000000008
4.9025e-08,-0.17277429999999994
4.9027e-08,-0.17382220000000004
4.9029e-08,-0.17460029999999993
4.9031e-08,-0.17511120000000002
4.9033e-08,-0.17535900000000004
4.9035e-08,-0.17534889999999992
4.9037e-08,-0.17508670000000004
4.9039e-08,-0.17457880000000003
4.9041e-08,-0.1738322000000001
4.9043e-08,-0.17285430000000002
4.9045e-08,-0.17165260000000004
4.9047e-08,-0.17023489999999997
4.9049e-08,-0.168609
4.9051e-08,-0.16678300000000001
4.9053e-08,-0.16476480000000004
4.9055e-08,-0.1625624
4.9057e-08,-0.16018359999999998
4.9059e-08,-0.1576362
4.9061e-08,-0.15492799999999995
4.9063e-08,-0.1520665
4.9065e-08,-0.1490593
4.9067e-08,-0.1459136000000001
4.9069e-08,-0.1426366
4.9071e-08,-0.13923509999999995
4.9073e-08,-0.1357161
4.9075e-08,-0.13208640000000005
4.9077e-08,-0.12835230000000009
4.9079e-08,-0.12452000000000008
4.9081e-08,-0.12059600000000004
4.9083e-08,-0.11658600000000008
4.9085e-08,-0.11249589999999998
4.9087e-08,-0.10833110000000001
4.9089e-08,-0.1040974
4.9091e-08,-0.0998
4.9093e-08,-0.09544390000000003
4.9095e-08,-0.0910341
4.9097e-08,-0.08657539999999997
4.9099e-08,-0.08207260000000005
4.9101e-08,-0.07752990000000004
4.9103e-08,-0.0729516
4.9105e-08,-0.06834229999999997
4.9107e-08,-0.06370550000000008
4.9109e-08,-0.05904549999999997
4.9111e-08,-0.05436580000000002
4.9113e-08,-0.04966999999999999
4.9115e-08,-0.04496169999999999
4.9117e-08,-0.04024400000000006
4.9119e-08,-0.03552030000000006
4.9121e-08,-0.030793400000000082
4.9123e-08,-0.02606659999999994
4.9125e-08,-0.021342399999999984
4.9127e-08,-0.01662359999999996
4.9129e-08,-0.011912799999999946
4.9131e-08,-0.007212400000000008
4.9133e-08,-0.0025247999999999937
4.9135e-08,0.002147800000000033
4.9137e-08,0.006803199999999898
4.9139e-08,0.011439499999999936
4.9141e-08,0.01605470000000009
4.9143e-08,0.020646900000000024
4.9145e-08,0.02521450000000003
4.9147e-08,0.029755599999999993
4.9149e-08,0.034268999999999994
4.9151e-08,0.038752999999999926
4.9153e-08,0.04320630000000003
4.9155e-08,0.047627399999999986
4.9157e-08,0.05201529999999999
4.9159e-08,0.0563688
4.9161e-08,0.06068669999999998
4.9163e-08,0.06496809999999997
4.9165e-08,0.0692121
4.9167e-08,0.07341779999999998
4.9169e-08,0.07758419999999999
4.9171e-08,0.08171080000000008
4.9173e-08,0.0857968
4.9175e-08,0.08984160000000008
4.9177e-08,0.09384459999999994
4.9179e-08,0.09780529999999998
4.9181e-08,0.10172309999999996
4.9183e-08,0.10559779999999996
4.9185e-08,0.10942879999999999
4.9187e-08,0.11321599999999998
4.9189e-08,0.11695889999999998
4.9191e-08,0.12065740000000003
4.9193e-08,0.12431130000000001
4.9195e-08,0.12792020000000004
4.9197e-08,0.13148419999999994
4.91985e-08,0.13412750000000007
4.92e-08,0.1367455999999999
4.92002e-08,0.13709319999999992
4.92006e-08,0.13778960000000007
4.92014e-08,0.13918819999999998
4.9203e-08,0.14199079999999997
4.9205e-08,0.14546230000000004
4.9207e-08,0.14884639999999993
4.9209e-08,0.1520956
4.9211e-08,0.15517230000000004
4.9213e-08,0.15804669999999998
4.9215e-08,0.16069599999999995
4.9217e-08,0.163103
4.9219e-08,0.16525520000000005
4.9221e-08,0.16714399999999996
4.9223e-08,0.16876400000000003
4.9225e-08,0.17011260000000006
4.9227e-08,0.1711893
4.9229e-08,0.17199549999999997
4.9231e-08,0.17253419999999997
4.9233e-08,0.17280930000000005
4.9235e-08,0.17282620000000004
4.9237e-08,0.17259040000000003
4.9239e-08,0.17210859999999994
4.9241e-08,0.17138779999999998
4.9243e-08,0.1704352
4.9245e-08,0.16925860000000004
4.9247e-08,0.16786559999999995
4.9249e-08,0.16626419999999997
4.9251e-08,0.1644622
4.9253e-08,0.16246800000000006
4.9255e-08,0.16028910000000007
4.9257e-08,0.1579338
4.9259e-08,0.15540949999999998
4.9261e-08,0.15272430000000004
4.9263e-08,0.14988559999999995
4.9265e-08,0.14690099999999995
4.9267e-08,0.1437777
4.9269e-08,0.1405229
4.9271e-08,0.13714360000000003
4.9273e-08,0.13364660000000006
4.9275e-08,0.1300386
4.9277e-08,0.1263261
4.9279e-08,0.1225155
4.9281e-08,0.11861290000000002
4.9283e-08,0.11462419999999995
4.9285e-08,0.11055519999999996
4.9287e-08,0.10641160000000005
4.9289e-08,0.10219889999999998
4.9291e-08,0.09792230000000002
4.9293e-08,0.09358690000000003
4.9295e-08,0.0891978
4.9297e-08,0.0847597
4.9299e-08,0.08027719999999994
4.9301e-08,0.0757547999999999
4.9303e-08,0.07119680000000006
4.9305e-08,0.06660749999999993
4.9307e-08,0.06199080000000001
4.9309e-08,0.05735060000000003
4.9311e-08,0.05269069999999998
4.9313e-08,0.04801460000000002
4.9315e-08,0.04332570000000002
4.9317e-08,0.03862739999999998
4.9319e-08,0.033922999999999925
4.9321e-08,0.029215400000000002
4.9323e-08,0.024507500000000015
4.9325e-08,0.019802199999999992
4.9327e-08,0.015102299999999902
4.9329e-08,0.010410099999999978
4.9331e-08,0.0057282999999999085
4.9333e-08,0.0010590999999999795
4.9335e-08,-0.0035952000000000206
4.9337e-08,-0.008232600000000034
4.9339e-08,-0.012850899999999998
4.9341e-08,-0.017448200000000025
4.9343e-08,-0.02202270000000006
4.9345e-08,-0.026572799999999952
4.9347e-08,-0.03109660000000003
4.9349e-08,-0.035592599999999974
4.9351e-08,-0.040059499999999915
4.9353e-08,-0.044495800000000085
4.9355e-08,-0.04890030000000001
4.9357e-08,-0.053271499999999916
4.9359e-08,-0.05760850000000006
4.9361e-08,-0.06191009999999997
4.9363e-08,-0.0661754
4.9365e-08,-0.0704034
4.9367e-08,-0.07459319999999992
4.9369e-08,-0.07874400000000004
4.9371e-08,-0.0828549999999999
4.9373e-08,-0.0869257000000001
4.9375e-08,-0.09095530000000007
4.9377e-08,-0.0949432
4.9379e-08,-0.09888910000000006
4.9381e-08,-0.1027922
4.9383e-08,-0.10665229999999992
4.9385e-08,-0.11046900000000004
4.9387e-08,-0.11424190000000001
4.9389e-08,-0.11797089999999999
4.9391e-08,-0.12165539999999997
4.9393e-08,-0.1252955
4.9395e-08,-0.12889089999999992
4.9397e-08,-0.1324415
4.93985e-08,-0.1350749
4.94e-08,-0.13768309999999995
4.94002e-08,-0.13802940000000008
4.94006e-08,-0.1387233
4.94014e-08,-0.14011659999999992
4.9403e-08,-0.1429089
4.9405e-08,-0.1463677
4.9407e-08,-0.14973919999999996
4.9409e-08,-0.15297609999999995
4.9411e-08,-0.15604049999999992
4.9413e-08,-0.15890300000000002
4.9415e-08,-0.16154059999999992
4.9417e-08,-0.16393599999999997
4.9419e-08,-0.16607689999999997
4.9421e-08,-0.16795459999999995
4.9423e-08,-0.16956360000000004
4.9425e-08,-0.1709016
4.9427e-08,-0.1719678
4.9429e-08,-0.17276380000000002
4.9431e-08,-0.1732924
4.9433e-08,-0.17355770000000004
4.9435e-08,-0.17356479999999996
4.9437e-08,-0.17331950000000007
4.9439e-08,-0.17282830000000005
4.9441e-08,-0.17209839999999998
4.9443e-08,-0.17113670000000003
4.9445e-08,-0.16995110000000002
4.9447e-08,-0.1685492999999999
4.9449e-08,-0.1669392999999999
4.9451e-08,-0.16512890000000002
4.9453e-08,-0.1631262
4.9455e-08,-0.16093919999999995
4.9457e-08,-0.15857559999999993
4.9459e-08,-0.1560433
4.9461e-08,-0.1533502
4.9463e-08,-0.15050370000000002
4.9465e-08,-0.14751120000000006
4.9467e-08,-0.14438030000000002
4.9469e-08,-0.1411178999999999
4.9471e-08,-0.13773100000000005
4.9473e-08,-0.13422669999999992
4.9475e-08,-0.13061129999999999
4.9477e-08,-0.1268916
4.9479e-08,-0.12307380000000001
4.9481e-08,-0.1191641
4.9483e-08,-0.1151683
4.9485e-08,-0.11109230000000003
4.9487e-08,-0.10694179999999998
4.9489e-08,-0.10272230000000004
4.9491e-08,-0.09843879999999994
4.9493e-08,-0.09409679999999998
4.9495e-08,-0.08970089999999997
4.9497e-08,-0.0852562
4.9499e-08,-0.08076710000000009
4.9501e-08,-0.07623820000000003
4.9503e-08,-0.07167389999999996
4.9505e-08,-0.06707810000000003
4.9507e-08,-0.062455099999999986
4.9509e-08,-0.0578086000000001
4.9511e-08,-0.05314249999999998
4.9513e-08,-0.048460200000000064
4.9515e-08,-0.043765400000000065
4.9517e-08,-0.03906109999999996
4.9519e-08,-0.03435070000000007
4.9521e-08,-0.029637099999999972
4.9523e-08,-0.02492340000000004
4.9525e-08,-0.020212300000000072
4.9527e-08,-0.015506699999999984
4.9529e-08,-0.010808800000000063
4.9531e-08,-0.006121299999999996
4.9533e-08,-0.0014465000000000172
4.9535e-08,0.0032133000000000855
4.9537e-08,0.007856000000000085
4.9539e-08,0.01247980000000004
4.9541e-08,0.017082399999999942
4.9543e-08,0.021662199999999965
4.9545e-08,0.026217500000000005
4.9547e-08,0.030746400000000063
4.9549e-08,0.035247599999999935
4.9551e-08,0.03971950000000002
4.9553e-08,0.04416070000000005
4.9555e-08,0.04857010000000006
4.9557e-08,0.05294619999999994
4.9559e-08,0.057288000000000006
4.9561e-08,0.06159429999999999
4.9563e-08,0.0658643000000001
4.9565e-08,0.07009690000000002
4.9567e-08,0.0742912
4.9569e-08,0.07844660000000003
4.9571e-08,0.08256209999999997
4.9573e-08,0.08663710000000002
4.9575e-08,0.09067099999999995
4.9577e-08,0.0946633
4.9579e-08,0.09861330000000001
4.9581e-08,0.10252070000000002
4.9583e-08,0.10638479999999995
4.9585e-08,0.1102055999999999
4.9587e-08,0.11398260000000004
4.9589e-08,0.11771540000000003
4.9591e-08,0.12140380000000006
4.9593e-08,0.12504780000000004
4.9595e-08,0.12864699999999996
4.9597e-08,0.13220129999999997
4.95985e-08,0.13483749999999994
4.96e-08,0.13745999999999992
4.96002e-08,0.13780990000000004
4.96006e-08,0.13851040000000003
4.96014e-08,0.13991399999999998
4.9603e-08,0.14271429999999996
4.9605e-08,0.14616299999999993
4.9607e-08,0.14950609999999998
4.9609e-08,0.15269979999999994
4.9611e-08,0.1557096
4.9613e-08,0.15850830000000005
4.9615e-08,0.16107519999999997
4.9617e-08,0.16339500000000007
4.9619e-08,0.16545659999999995
4.9621e-08,0.16725260000000008
4.9623e-08,0.16877870000000006
4.9625e-08,0.17003330000000005
4.9627e-08,0.1710163
4.9629e-08,0.1717299
4.9631e-08,0.17217740000000004
4.9633e-08,0.17236320000000005
4.9635e-08,0.17229280000000002
4.9637e-08,0.17197220000000002
4.9639e-08,0.17140809999999995
4.9641e-08,0.17060769999999992
4.9643e-08,0.16957840000000002
4.9645e-08,0.16832789999999997
4.9647e-08,0.16686389999999995
4.9649e-08,0.16519450000000002
4.9651e-08,0.16332760000000002
4.9653e-08,0.16127119999999995
4.9655e-08,0.15903319999999999
4.9657e-08,0.15662149999999997
4.9659e-08,0.15404400000000007
4.9661e-08,0.15130809999999995
4.9663e-08,0.14842159999999993
4.9665e-08,0.14539179999999996
4.9667e-08,0.14222600000000007
4.9669e-08,0.13893129999999998
4.9671e-08,0.13551460000000004
4.9673e-08,0.13198280000000007
4.9675e-08,0.12834220000000007
4.9677e-08,0.12459949999999997
4.9679e-08,0.12076100000000001
4.9681e-08,0.11683260000000006
4.9683e-08,0.11282020000000004
4.9685e-08,0.10872970000000004
4.9687e-08,0.10456660000000007
4.9689e-08,0.10033619999999999
4.9691e-08,0.09604380000000001
4.9693e-08,0.09169439999999995
4.9695e-08,0.08729299999999995
4.9697e-08,0.08284420000000003
4.9699e-08,0.0783528
4.9701e-08,0.07382300000000008
4.9703e-08,0.06925919999999997
4.9705e-08,0.06466539999999998
4.9707e-08,0.06004559999999992
4.9709e-08,0.055403700000000056
4.9711e-08,0.050743399999999994
4.9713e-08,0.046068
4.9715e-08,0.04138109999999995
4.9717e-08,0.03668589999999994
4.9719e-08,0.03198560000000006
4.9721e-08,0.027283100000000005
4.9723e-08,0.022581399999999974
4.9725e-08,0.017883199999999988
4.9727e-08,0.013191300000000017
4.9729e-08,0.008507900000000013
4.9731e-08,0.0038356999999999974
4.9733e-08,-0.0008230999999999655
4.9735e-08,-0.005466399999999982
4.9737e-08,-0.010091900000000043
4.9739e-08,-0.014697800000000094
4.9741e-08,-0.01928209999999997
4.9743e-08,-0.0238429
4.9745e-08,-0.028378800000000037
4.9747e-08,-0.03288789999999997
4.9749e-08,-0.03736880000000009
4.9751e-08,-0.04182010000000003
4.9753e-08,-0.04624039999999996
4.9755e-08,-0.05062829999999996
4.9757e-08,-0.054982899999999946
4.9759e-08,-0.05930269999999993
4.9761e-08,-0.06358699999999995
4.9763e-08,-0.06783459999999997
4.9765e-08,-0.0720445999999999
4.9767e-08,-0.07621630000000001
4.9769e-08,-0.08034859999999999
4.9771e-08,-0.0844412
4.9773e-08,-0.08849309999999999
4.9775e-08,-0.09250380000000002
4.9777e-08,-0.09647290000000008
4.9779e-08,-0.10039949999999997
4.9781e-08,-0.10428350000000008
4.9783e-08,-0.10812440000000001
4.9785e-08,-0.11192170000000001
4.9787e-08,-0.11567529999999993
4.9789e-08,-0.11938480000000007
4.9791e-08,-0.12304999999999999
4.9793e-08,-0.12667059999999997
4.9795e-08,-0.1302466
4.9797e-08,-0.13377779999999995
4.97985e-08,-0.13639670000000004
4.98e-08,-0.13899040000000007
4.98002e-08,-0.13933399999999996
4.98006e-08,-0.1400205
4.98014e-08,-0.14138800000000007
4.9803e-08,-0.1441015
4.9805e-08,-0.14745300000000006
4.9807e-08,-0.15075950000000005
4.9809e-08,-0.15402119999999997
4.9811e-08,-0.1572382
4.9813e-08,-0.16041040000000006
4.9815e-08,-0.16353810000000002
4.9817e-08,-0.16662129999999997
4.9819e-08,-0.16966040000000004
4.9821e-08,-0.17265549999999996
4.9823e-08,-0.17560680000000006
4.9825e-08,-0.17851439999999996
4.9827e-08,-0.1813787
4.9829e-08,-0.18420000000000003
4.9831e-08,-0.1869784
4.9833e-08,-0.18971440000000006
4.9835e-08,-0.19240810000000008
4.9837e-08,-0.1950598
4.9839e-08,-0.19767009999999996
4.9841e-08,-0.20023899999999994
4.9843e-08,-0.2027671000000001
4.9845e-08,-0.20525460000000006
4.9847e-08,-0.2077019
4.9849e-08,-0.2101094
4.9851e-08,-0.21247749999999999
4.9853e-08,-0.2148065
4.9855e-08,-0.21709669999999992
4.9857e-08,-0.21934869999999995
4.9859e-08,-0.22156279999999995
4.9861e-08,-0.22373940000000003
4.9863e-08,-0.22587899999999994
4.9865e-08,-0.22798189999999996
4.9867e-08,-0.2300485
4.9869e-08,-0.2320793000000001
4.9871e-08,-0.23407460000000002
4.9873e-08,-0.2360348
4.9875e-08,-0.23796050000000002
4.9877e-08,-0.23985200000000007
4.9879e-08,-0.24170980000000009
4.9881e-08,-0.24353419999999992
4.9883e-08,-0.24532560000000003
4.9885e-08,-0.2470846
4.9887e-08,-0.24881160000000002
4.9889e-08,-0.2505067999999999
4.9891e-08,-0.25217080000000003
4.9893e-08,-0.25380400000000003
4.9895e-08,-0.2554067
4.9897e-08,-0.2569795
4.9899e-08,-0.25852260000000005
4.9901e-08,-0.2600367
4.9903e-08,-0.2615219
4.9905e-08,-0.26297879999999996
4.9907e-08,-0.2644078999999999
4.9909e-08,-0.2658093
4.9911e-08,-0.2671834999999999
4.9913e-08,-0.2685310000000001
4.9915e-08,-0.2698522
4.9917e-08,-0.2711473
4.9919e-08,-0.272417
4.9921e-08,-0.2736615
4.9923e-08,-0.27488100000000004
4.9925e-08,-0.27607609999999994
4.9927e-08,-0.2772473
4.9929e-08,-0.2783947
4.9931e-08,-0.27951880000000007
4.9933e-08,-0.28062
4.9935e-08,-0.2816986
4.9937e-08,-0.2827548999999999
4.9939e-08,-0.2837893
4.9941e-08,-0.28480210000000006
4.9943e-08,-0.28579389999999993
4.9945e-08,-0.28676480000000004
4.9947e-08,-0.2877151
4.9949e-08,-0.28864539999999994
4.9951e-08,-0.28955569999999997
4.9953e-08,-0.29044650000000005
4.9955e-08,-0.29131819999999997
4.9957e-08,-0.29217099999999996
4.9959e-08,-0.2930052000000001
4.9961e-08,-0.2938212
4.9963e-08,-0.29461930000000003
4.9965e-08,-0.2953998
4.9967e-08,-0.2961629
4.9969e-08,-0.296909
4.9971e-08,-0.2976383
4.9973e-08,-0.2983513
4.9975e-08,-0.2990480000000001
4.9977e-08,-0.29972889999999996
4.9979e-08,-0.3003943
4.9981e-08,-0.3010442000000001
4.9983e-08,-0.30167960000000016
4.9985e-08,-0.3022995999999999
4.9987e-08,-0.3029044999999999
4.9989e-08,-0.3034962
4.9991e-08,-0.3040731
4.9993e-08,-0.3046371000000001
4.9995e-08,-0.3051874000000001
4.9997e-08,-0.30572409999999994
4.99985e-08,-0.3061182
5e-08,-0.30650469999999996
5.00002e-08,-0.3065559000000001
5.00006e-08,-0.3066572000000001
5.00014e-08,-0.3068591999999999
5.0003e-08,-0.30725710000000006
5.0005e-08,-0.30774369999999995
5.0007e-08,-0.3082174000000001
5.0009e-08,-0.30868019999999996
5.0011e-08,-0.30913029999999997
5.0013e-08,-0.3095696000000001
5.0015e-08,-0.30999750000000004
5.0017e-08,-0.31041490000000005
5.0019e-08,-0.310821
5.0021e-08,-0.31121680000000007
5.0023e-08,-0.3116025
5.0025e-08,-0.31197719999999995
5.0027e-08,-0.3123429000000001
5.0029e-08,-0.3126978
5.0031e-08,-0.3130440000000001
5.0033e-08,-0.3133804
5.0035e-08,-0.31370739999999997
5.0037e-08,-0.31402580000000013
5.0039e-08,-0.3143349
5.0041e-08,-0.3146357000000001
5.0043e-08,-0.3149273
5.0045e-08,-0.3152116999999999
5.0047e-08,-0.31548719999999997
5.0049e-08,-0.3157546
5.0051e-08,-0.31601420000000013
5.0053e-08,-0.31626699999999996
5.0055e-08,-0.3165110000000001
5.0057e-08,-0.31674840000000004
5.0059e-08,-0.31697830000000005
5.0061e-08,-0.3172016000000001
5.0063e-08,-0.3174174999999999
5.0065e-08,-0.31762709999999994
5.0067e-08,-0.31782939999999993
5.0069e-08,-0.3180254
5.0071e-08,-0.31821540000000015
5.0073e-08,-0.3183982000000001
5.0075e-08,-0.31857599999999997
5.0077e-08,-0.3187479
5.0079e-08,-0.318913
5.0081e-08,-0.3190731
5.0083e-08,-0.31922760000000006
5.0085e-08,-0.31937630000000006
5.0087e-08,-0.31952040000000004
5.0089e-08,-0.31965789999999994
5.0091e-08,-0.3197918999999999
5.0093e-08,-0.31991939999999996
5.0095e-08,-0.3200434999999999
5.0097e-08,-0.3201611999999999
5.0099e-08,-0.3202756
5.0101e-08,-0.3203847999999999
5.0103e-08,-0.32048980000000005
5.0105e-08,-0.32059060000000006
5.0107e-08,-0.3206863000000001
5.0109e-08,-0.32077900000000004
5.0111e-08,-0.3208665999999999
5.0113e-08,-0.32095129999999994
5.0115e-08,-0.3210311
5.0117e-08,-0.32110799999999995
5.0119e-08,-0.3211801000000001
5.0121e-08,-0.3212494
5.0123e-08,-0.321315
5.0125e-08,-0.3213767999999999
5.0127e-08,-0.3214361000000001
5.0129e-08,-0.32149170000000005
5.0131e-08,-0.3215437000000001
5.0133e-08,-0.3215932
5.0135e-08,-0.3216401000000001
5.0137e-08,-0.3216827000000001
5.0139e-08,-0.3217237999999999
5.0141e-08,-0.3217614999999999
5.0143e-08,-0.3217958000000001
5.0145e-08,-0.32182790000000006
5.0147e-08,-0.32185759999999997
5.0149e-08,-0.3218850999999999
5.0151e-08,-0.3219094
5.0153e-08,-0.32193150000000004
5.0155e-08,-0.3219514000000001
5.0157e-08,-0.32196920000000007
5.0159e-08,-0.3219838999999999
5.0161e-08,-0.3219976
5.0163e-08,-0.32200819999999997
5.0165e-08,-0.3220178
5.0167e-08,-0.3220244
5.0169e-08,-0.3220301
5.0171e-08,-0.3220327999999999
5.0173e-08,-0.3220347
5.0175e-08,-0.32203460000000006
5.0177e-08,-0.3220327999999999
5.0179e-08,-0.32202910000000007
5.0181e-08,-0.32202350000000013
5.0183e-08,-0.32201630000000003
5.0185e-08,-0.3220082000000001
5.0187e-08,-0.3219984
5.0189e-08,-0.3219869999999999
5.0191e-08,-0.3219747999999999
5.0193e-08,-0.32195989999999997
5.0195e-08,-0.32194449999999997
5.0197e-08,-0.32192829999999995
5.01985e-08,-0.3219149
5.02e-08,-0.321901
5.02002e-08,-0.3218991
5.02006e-08,-0.32189519999999994
5.02014e-08,-0.32188740000000005
5.0203e-08,-0.32187140000000014
5.0205e-08,-0.3218500000000001
5.0207e-08,-0.32182710000000003
5.0209e-08,-0.3218046
5.0211e-08,-0.32177959999999994
5.0213e-08,-0.3217541999999999
5.0215e-08,-0.3217283000000001
5.0217e-08,-0.3217009999999999
5.0219e-08,-0.3216732
5.0221e-08,-0.32164400000000004
5.0223e-08,-0.32161439999999997
5.0225e-08,-0.32158339999999996
5.0227e-08,-0.3215521
5.0229e-08,-0.32152039999999993
5.0231e-08,-0.3214883999999999
5.0233e-08,-0.32145499999999994
5.0235e-08,-0.3214202999999999
5.0237e-08,-0.32138639999999996
5.0239e-08,-0.3213510999999999
5.0241e-08,-0.32131560000000003
5.0243e-08,-0.3212798
5.0245e-08,-0.3212427
5.0247e-08,-0.3212054
5.0249e-08,-0.32116790000000006
5.0251e-08,-0.32113020000000003
5.0253e-08,-0.32109120000000013
5.0255e-08,-0.32105209999999995
5.0257e-08,-0.32101270000000004
5.0259e-08,-0.32097319999999996
5.0261e-08,-0.3209335
5.0263e-08,-0.32089270000000003
5.0265e-08,-0.3208527000000001
5.0267e-08,-0.3208116
5.0269e-08,-0.32077029999999995
5.0271e-08,-0.32072899999999993
5.0273e-08,-0.3206875000000001
5.0275e-08,-0.32064590000000004
5.0277e-08,-0.3206042
5.0279e-08,-0.3205614
5.0281e-08,-0.3205196
5.0283e-08,-0.3204766
5.0285e-08,-0.3204336000000001
5.0287e-08,-0.32039150000000005
5.0289e-08,-0.3203484000000001
5.0291e-08,-0.3203053
5.0293e-08,-0.32026200000000016
5.0295e-08,-0.32021980000000005
5.0297e-08,-0.3201765000000001
5.0299e-08,-0.3201331999999999
5.0301e-08,-0.3200898999999999
5.0303e-08,-0.32004659999999996
5.0305e-08,-0.32000320000000004
5.0307e-08,-0.3199599000000001
5.0309e-08,-0.3199166000000001
5.0311e-08,-0.31987330000000014
5.0313e-08,-0.3198298999999999
5.0315e-08,-0.3197867
5.0317e-08,-0.3197434
5.0319e-08,-0.31970109999999996
5.0321e-08,-0.31965789999999994
5.0323e-08,-0.3196148
5.0325e-08,-0.31957160000000007
5.0327e-08,-0.3195295
5.0329e-08,-0.3194865
5.0331e-08,-0.3194435000000001
5.0333e-08,-0.3194015
5.0335e-08,-0.31935860000000005
5.0337e-08,-0.31931679999999996
5.0339e-08,-0.3192750999999999
5.0341e-08,-0.31923239999999997
5.0343e-08,-0.31919069999999994
5.0345e-08,-0.31914920000000013
5.0347e-08,-0.3191077
5.0349e-08,-0.3190663
5.0351e-08,-0.3190249999999999
5.0353e-08,-0.31898369999999987
5.0355e-08,-0.3189436
5.0357e-08,-0.3189025
5.0359e-08,-0.31886159999999986
5.0361e-08,-0.3188217
5.0363e-08,-0.31878190000000006
5.0365e-08,-0.31874120000000006
5.0367e-08,-0.3187015999999999
5.0369e-08,-0.31866209999999995
5.0371e-08,-0.31862270000000004
5.0373e-08,-0.3185844000000001
5.0375e-08,-0.3185452
5.0377e-08,-0.3185061
5.0379e-08,-0.3184682000000001
5.0381e-08,-0.3184292999999999
5.0383e-08,-0.31839149999999994
5.0385e-08,-0.31835389999999997
5.0387e-08,-0.3183163
5.0389e-08,-0.3182788999999999
5.0391e-08,-0.3182416
5.0393e-08,-0.31820539999999986
5.0395e-08,-0.31816829999999985
5.0397e-08,-0.3181324000000001
5.03985e-08,-0.3181050000000001
5.04e-08,-0.3180776999999999
5.04002e-08,-0.3180739
5.04006e-08,-0.3180674000000001
5.04014e-08,-0.31805230000000007
5.0403e-08,-0.31802419999999987
5.0405e-08,-0.3179887
5.0407e-08,-0.31795339999999994
5.0409e-08,-0.3179191
5.0411e-08,-0.31788399999999994
5.0413e-08,-0.3178500000000001
5.0415e-08,-0.3178151
5.0417e-08,-0.3177814
5.0419e-08,-0.31774780000000014
5.0421e-08,-0.3177142999999999
5.0423e-08,-0.31768090000000004
5.0425e-08,-0.31764859999999995
5.0427e-08,-0.31761550000000005
5.0429e-08,-0.3175835
5.0431e-08,-0.3175505999999999
5.0433e-08,-0.3175188000000001
5.0435e-08,-0.3174872000000001
5.0437e-08,-0.3174557000000001
5.0439e-08,-0.3174243000000001
5.0441e-08,-0.3173940999999999
5.0443e-08,-0.3173628999999999
5.0445e-08,-0.31733290000000003
5.0447e-08,-0.3173020000000001
5.0449e-08,-0.31727229999999995
5.0451e-08,-0.31724260000000004
5.0453e-08,-0.3172131
5.0455e-08,-0.3171847
5.0457e-08,-0.3171554999999999
5.0459e-08,-0.3171273
5.0461e-08,-0.31709830000000006
5.0463e-08,-0.31707039999999986
5.0465e-08,-0.31704259999999995
5.0467e-08,-0.31701499999999994
5.0469e-08,-0.3169875
5.0471e-08,-0.3169601000000001
5.0473e-08,-0.31693380000000004
5.0475e-08,-0.31690660000000004
5.0477e-08,-0.31688060000000007
5.0479e-08,-0.31685360000000007
5.0481e-08,-0.3168278
5.0483e-08,-0.3168021
5.0485e-08,-0.31677659999999996
5.0487e-08,-0.3167521000000001
5.0489e-08,-0.3167268
5.0491e-08,-0.3167015999999999
5.0493e-08,-0.31667750000000006
5.0495e-08,-0.3166534999999999
5.0497e-08,-0.3166285999999999
5.0499e-08,-0.3166048
5.0501e-08,-0.3165812000000001
5.0503e-08,-0.31655869999999986
5.0505e-08,-0.31653529999999996
5.0507e-08,-0.31651190000000007
5.0509e-08,-0.31648980000000015
5.0511e-08,-0.3164676999999999
5.0513e-08,-0.3164447
5.0515e-08,-0.3164228
5.0517e-08,-0.3164011
5.0519e-08,-0.3163794000000001
5.0521e-08,-0.3163579000000001
5.0523e-08,-0.31633750000000005
5.0525e-08,-0.3163161
5.0527e-08,-0.31629589999999996
5.0529e-08,-0.31627479999999997
5.0531e-08,-0.31625479999999995
5.0533e-08,-0.3162349000000001
5.0535e-08,-0.31621509999999997
5.0537e-08,-0.3161953999999999
5.0539e-08,-0.3161758000000001
5.0541e-08,-0.31615630000000006
5.0543e-08,-0.3161379000000001
5.0545e-08,-0.3161185000000001
5.0547e-08,-0.3161003000000001
5.0549e-08,-0.31608120000000006
5.0551e-08,-0.3160631999999999
5.0553e-08,-0.3160453
5.0555e-08,-0.3160275
5.0557e-08,-0.3160097999999999
5.0559e-08,-0.3159921
5.0561e-08,-0.3159746
5.0563e-08,-0.3159581
5.0565e-08,-0.31594080000000013
5.0567e-08,-0.31592450000000005
5.0569e-08,-0.31590739999999995
5.0571e-08,-0.3158913
5.0573e-08,-0.31587529999999997
5.0575e-08,-0.3158593999999999
5.0577e-08,-0.3158435999999999
5.0579e-08,-0.3158277999999999
5.0581e-08,-0.3158121999999999
5.0583e-08,-0.31579659999999987
5.0585e-08,-0.31578110000000015
5.0587e-08,-0.3157668
5.0589e-08,-0.3157514
5.0591e-08,-0.31573719999999994
5.0593e-08,-0.31572310000000003
5.0595e-08,-0.315708
5.0597e-08,-0.3156939999999999
5.05985e-08,-0.31568379999999996
5.06e-08,-0.31567370000000006
5.06002e-08,-0.31567199999999995
5.06006e-08,-0.31566970000000005
5.06014e-08,-0.3156639000000001
5.0603e-08,-0.3156524999999999
5.0605e-08,-0.31563890000000006
5.0607e-08,-0.31562630000000014
5.0609e-08,-0.3156128
5.0611e-08,-0.3155992999999999
5.0613e-08,-0.3155869
5.0615e-08,-0.3155736000000001
5.0617e-08,-0.3155613999999999
5.0619e-08,-0.3155492999999999
5.0621e-08,-0.31553719999999996
5.0623e-08,-0.3155241999999999
5.0625e-08,-0.31551229999999997
5.0627e-08,-0.3155004
5.0629e-08,-0.3154886000000001
5.0631e-08,-0.31547689999999995
5.0633e-08,-0.31546620000000014
5.0635e-08,-0.3154545999999999
5.0637e-08,-0.3154431
5.0639e-08,-0.31543259999999995
5.0641e-08,-0.31542119999999996
5.0643e-08,-0.31541089999999994
5.0645e-08,-0.3153996
5.0647e-08,-0.31538939999999993
5.0649e-08,-0.31537919999999997
5.0651e-08,-0.3153682
5.0653e-08,-0.3153581
5.0655e-08,-0.31534819999999997
5.0657e-08,-0.31533830000000007
5.0659e-08,-0.31532840000000006
5.0661e-08,-0.3153186
5.0663e-08,-0.3153089
5.0665e-08,-0.3153001999999999
5.0667e-08,-0.3152906000000001
5.0669e-08,-0.3152811000000001
5.0671e-08,-0.3152725999999999
5.0673e-08,-0.3152630999999999
5.0675e-08,-0.3152547
5.0677e-08,-0.3152454
5.0679e-08,-0.31523710000000005
5.0681e-08,-0.3152279
5.0683e-08,-0.3152196999999999
5.0685e-08,-0.31521160000000004
5.0687e-08,-0.31520349999999997
5.0689e-08,-0.3151955000000001
5.0691e-08,-0.31518749999999995
5.0693e-08,-0.3151796
5.0695e-08,-0.31517169999999994
5.0697e-08,-0.31516390000000005
5.0699e-08,-0.31515609999999994
5.0701e-08,-0.3151484
5.0703e-08,-0.31514069999999994
5.0705e-08,-0.31513310000000005
5.0707e-08,-0.3151265
5.0709e-08,-0.31511889999999987
5.0711e-08,-0.31511239999999996
5.0713e-08,-0.3151050000000001
5.0715e-08,-0.31509850000000006
5.0717e-08,-0.3150911999999999
5.0719e-08,-0.31508479999999994
5.0721e-08,-0.31507760000000007
5.0723e-08,-0.31507130000000017
5.0725e-08,-0.3150650999999999
5.0727e-08,-0.3150579
5.0729e-08,-0.3150518
5.0731e-08,-0.3150457000000001
5.0733e-08,-0.31503970000000014
5.0735e-08,-0.31503369999999986
5.0737e-08,-0.3150276999999999
5.0739e-08,-0.3150217999999999
5.0741e-08,-0.3150159
5.0743e-08,-0.31501009999999996
5.0745e-08,-0.31500420000000007
5.0747e-08,-0.31499850000000007
5.0749e-08,-0.3149927
5.0751e-08,-0.31498800000000005
5.0753e-08,-0.31498230000000005
5.0755e-08,-0.3149767000000001
5.0757e-08,-0.3149721
5.0759e-08,-0.31496650000000004
5.0761e-08,-0.31496100000000005
5.0763e-08,-0.3149565
5.0765e-08,-0.314951
5.0767e-08,-0.31494659999999997
5.0769e-08,-0.31494120000000003
5.0771e-08,-0.3149367999999999
5.0773e-08,-0.3149314999999999
5.0775e-08,-0.31492719999999985
5.0777e-08,-0.3149229000000001
5.0779e-08,-0.31491760000000013
5.0781e-08,-0.3149134
5.0783e-08,-0.3149092
5.0785e-08,-0.31490509999999994
5.0787e-08,-0.31490090000000004
5.0789e-08,-0.31489580000000006
5.0791e-08,-0.3148917
5.0793e-08,-0.3148877
5.0795e-08,-0.3148836999999999
5.0797e-08,-0.3148797000000001
5.07985e-08,-0.31487719999999997
5.08e-08,-0.3148736999999999
