time_s,differential_output_v
0.0,-0.3807893
2e-14,-0.3807893
4e-14,-0.3807893
8e-14,-0.3807893
1.6e-13,-0.3807893
3.2e-13,-0.3807893
6.4e-13,-0.3807893
1.28e-12,-0.3807893
2.56e-12,-0.3807893
4.56e-12,-0.3807893
6.56e-12,-0.3807893
8.56e-12,-0.3807893
1.056e-11,-0.3807893
1.256e-11,-0.3807893
1.456e-11,-0.3807893
1.656e-11,-0.3807893
1.856e-11,-0.3807893
2.056e-11,-0.3807893
2.256e-11,-0.3807893
2.456e-11,-0.3807893
2.656e-11,-0.3807893
2.856e-11,-0.3807893
3.056e-11,-0.3807893
3.256e-11,-0.3807893
3.456e-11,-0.3807893
3.656e-11,-0.3807893
3.856e-11,-0.3807893
4.056e-11,-0.3807893
4.256e-11,-0.3807893
4.456e-11,-0.3807893
4.656e-11,-0.3807893
4.856e-11,-0.3807893
5.056e-11,-0.3807893
5.256e-11,-0.3807893
5.456e-11,-0.3807893
5.656e-11,-0.3807893
5.856e-11,-0.3807893
6.056e-11,-0.3807893
6.256e-11,-0.3807893
6.456e-11,-0.3807893
6.656e-11,-0.3807893
6.856e-11,-0.3807893
7.056e-11,-0.3807893
7.256e-11,-0.3807893
7.456e-11,-0.3807893
7.656e-11,-0.3807893
7.856e-11,-0.3807893
8.056e-11,-0.3807893
8.256e-11,-0.3807893
8.456e-11,-0.3807893
8.656e-11,-0.3807893
8.856e-11,-0.3807893
9.056e-11,-0.3807893
9.256e-11,-0.3807893
9.456e-11,-0.3807893
9.656e-11,-0.3807893
9.856e-11,-0.3807893
1.0056e-10,-0.3807893
1.0256e-10,-0.3807893
1.0456e-10,-0.3807893
1.0656e-10,-0.3807893
1.0856e-10,-0.3807893
1.1056e-10,-0.3807893
1.1256e-10,-0.3807893
1.1456e-10,-0.3807893
1.1656e-10,-0.3807893
1.1856e-10,-0.3807893
1.2056e-10,-0.3807893
1.2256e-10,-0.3807893
1.2456e-10,-0.3807893
1.2656e-10,-0.3807893
1.2856e-10,-0.3807893
1.3056e-10,-0.3807893
1.3256e-10,-0.3807893
1.3456e-10,-0.3807893
1.3656e-10,-0.3807893
1.3856e-10,-0.3807893
1.4056e-10,-0.3807893
1.4256e-10,-0.3807893
1.4456e-10,-0.3807893
1.4656e-10,-0.3807893
1.4856e-10,-0.3807893
1.5056e-10,-0.3807893
1.5256e-10,-0.3807893
1.5456e-10,-0.3807893
1.5656e-10,-0.3807893
1.5856e-10,-0.3807893
1.6056e-10,-0.3807893
1.6256e-10,-0.3807893
1.6456e-10,-0.3807893
1.6656e-10,-0.3807893
1.6856e-10,-0.3807893
1.7056e-10,-0.3807893
1.7256e-10,-0.3807893
1.7456e-10,-0.3807893
1.7656e-10,-0.3807893
1.7856e-10,-0.3807893
1.8056e-10,-0.3807893
1.8256e-10,-0.3807893
1.8456e-10,-0.3807893
1.8656e-10,-0.3807893
1.8856e-10,-0.3807893
1.9056e-10,-0.3807893
1.9256e-10,-0.3807893
1.9456e-10,-0.3807893
1.9656e-10,-0.3807893
1.9828e-10,-0.3807893
2e-10,-0.3807893
2.002e-10,-0.3807901
2.006e-10,-0.3807933
2.014e-10,-0.38081
2.03e-10,-0.3808739
2.05e-10,-0.38098180000000004
2.07e-10,-0.38108509999999995
2.09e-10,-0.3811491
2.11e-10,-0.3811447
2.13e-10,-0.381047
2.15e-10,-0.3808357
2.17e-10,-0.38049310000000003
2.19e-10,-0.3800049
2.21e-10,-0.3793594
2.23e-10,-0.3785469
2.25e-10,-0.3775596
2.27e-10,-0.37639159999999994
2.29e-10,-0.3750386
2.31e-10,-0.3734972999999999
2.33e-10,-0.37176580000000004
2.35e-10,-0.3698429999999999
2.37e-10,-0.3677290000000001
2.39e-10,-0.3654244
2.41e-10,-0.3629306
2.43e-10,-0.36024960000000006
2.45e-10,-0.35738380000000003
2.47e-10,-0.35433650000000005
2.49e-10,-0.35111079999999995
2.51e-10,-0.3477104
2.53e-10,-0.34413950000000004
2.55e-10,-0.3404022
2.57e-10,-0.336503
2.59e-10,-0.33244660000000004
2.61e-10,-0.3282376
2.63e-10,-0.3238810999999999
2.65e-10,-0.3193819
2.67e-10,-0.31474520000000006
2.69e-10,-0.30997589999999997
2.71e-10,-0.3050792
2.73e-10,-0.3000602
2.75e-10,-0.2949241
2.77e-10,-0.28967580000000004
2.79e-10,-0.28432040000000003
2.81e-10,-0.27886299999999997
2.83e-10,-0.27330850000000007
2.85e-10,-0.2676617
2.87e-10,-0.26192760000000004
2.89e-10,-0.256111
2.91e-10,-0.25021629999999995
2.93e-10,-0.24424829999999997
2.95e-10,-0.23821160000000008
2.97e-10,-0.2321105
2.99e-10,-0.2259492999999999
3.01e-10,-0.21973240000000005
3.03e-10,-0.21346369999999992
3.05e-10,-0.20714749999999993
3.07e-10,-0.2007875
3.09e-10,-0.1943878
3.11e-10,-0.187952
3.13e-10,-0.18148389999999992
3.15e-10,-0.17498689999999995
3.17e-10,-0.16846439999999996
3.19e-10,-0.16191999999999995
3.21e-10,-0.15535680000000007
3.23e-10,-0.14877790000000002
3.25e-10,-0.1421865000000001
3.27e-10,-0.13558559999999997
3.29e-10,-0.12897789999999998
3.31e-10,-0.12236639999999999
3.33e-10,-0.11575360000000001
3.35e-10,-0.10914219999999997
3.37e-10,-0.10253460000000003
3.39e-10,-0.0959335
3.41e-10,-0.089341
3.43e-10,-0.08275949999999999
3.45e-10,-0.07619110000000007
3.47e-10,-0.06963789999999992
3.49e-10,-0.06310199999999999
3.51e-10,-0.05658530000000006
3.53e-10,-0.050089599999999956
3.55e-10,-0.04361680000000001
3.57e-10,-0.037168700000000054
3.59e-10,-0.03074660000000007
3.61e-10,-0.024352600000000058
3.63e-10,-0.01798770000000005
3.65e-10,-0.011653799999999936
3.67e-10,-0.005352000000000023
3.69e-10,0.000916299999999981
3.71e-10,0.0071496999999999256
3.73e-10,0.013347200000000004
3.75e-10,0.01950750000000001
3.77e-10,0.025629500000000083
3.79e-10,0.031712299999999916
3.81e-10,0.03775470000000003
3.83e-10,0.04375600000000002
3.85e-10,0.04971510000000001
3.87e-10,0.0556312000000001
3.89e-10,0.06150370000000005
3.91e-10,0.06733160000000005
3.93e-10,0.07311440000000002
3.95e-10,0.07885120000000001
3.97e-10,0.08454149999999994
3.985e-10,0.08877849999999998
4e-10,0.09298870000000004
4.002e-10,0.09354779999999996
4.006e-10,0.09466509999999995
4.014e-10,0.09689369999999997
4.03e-10,0.10132790000000003
4.05e-10,0.106827
4.07e-10,0.11227699999999996
4.09e-10,0.11767759999999994
4.11e-10,0.12302849999999999
4.13e-10,0.12832940000000004
4.15e-10,0.13357979999999992
4.17e-10,0.13877970000000006
4.19e-10,0.14392860000000007
4.21e-10,0.1490264
4.23e-10,0.1540728
4.25e-10,0.1590678000000001
4.27e-10,0.16401140000000003
4.29e-10,0.16890320000000003
4.31e-10,0.1737432
4.33e-10,0.1785312
4.35e-10,0.18326750000000003
4.37e-10,0.18795189999999995
4.39e-10,0.1925844
4.41e-10,0.19716500000000003
4.43e-10,0.20169369999999998
4.45e-10,0.20617069999999993
4.47e-10,0.210596
4.49e-10,0.21496969999999993
4.51e-10,0.21929189999999998
4.53e-10,0.2235625
4.55e-10,0.2277821
4.57e-10,0.2319504
4.59e-10,0.2360679
4.61e-10,0.24013450000000003
4.63e-10,0.24415069999999994
4.65e-10,0.24811640000000001
4.67e-10,0.2520319999999999
4.69e-10,0.25589759999999995
4.71e-10,0.25971349999999993
4.73e-10,0.26348000000000005
4.75e-10,0.2671972
4.77e-10,0.27086560000000004
4.79e-10,0.27448510000000004
4.81e-10,0.2780564000000001
4.83e-10,0.2815795000000001
4.85e-10,0.2850547
4.87e-10,0.2884825
4.89e-10,0.291863
4.91e-10,0.2951967
4.93e-10,0.2984837
4.95e-10,0.30172430000000006
4.97e-10,0.30491920000000006
4.99e-10,0.3080683000000001
5.01e-10,0.3111722
5.03e-10,0.31423120000000004
5.05e-10,0.3172456
5.07e-10,0.32021579999999994
5.09e-10,0.32314199999999993
5.11e-10,0.32602469999999995
5.13e-10,0.32886419999999994
5.15e-10,0.331661
5.17e-10,0.3344152
5.19e-10,0.33712739999999997
5.21e-10,0.3397977999999999
5.23e-10,0.3424269000000001
5.25e-10,0.34501499999999996
5.27e-10,0.3475625
5.29e-10,0.35006970000000004
5.31e-10,0.3525370000000001
5.33e-10,0.3549648000000001
5.35e-10,0.3573535
5.37e-10,0.3597036
5.39e-10,0.36201510000000003
5.41e-10,0.3642887
5.43e-10,0.36652470000000004
5.45e-10,0.3687233
5.47e-10,0.3708852
5.49e-10,0.3730105
5.51e-10,0.3750996999999999
5.53e-10,0.3771531
5.55e-10,0.3791711
5.57e-10,0.381154
5.59e-10,0.38310239999999995
5.61e-10,0.3850165
5.63e-10,0.38689679999999993
5.65e-10,0.3887433
5.67e-10,0.3905567999999999
5.69e-10,0.3923375
5.71e-10,0.3940857
5.73e-10,0.3958018
5.75e-10,0.3974862
5.77e-10,0.3991392
5.79e-10,0.40076120000000004
5.81e-10,0.40235260000000006
5.83e-10,0.40391370000000004
5.85e-10,0.40544480000000005
5.87e-10,0.4069461999999999
5.89e-10,0.4084184999999999
5.91e-10,0.4098617
5.93e-10,0.41127649999999993
5.95e-10,0.412663
5.97e-10,0.4140216
5.985e-10,0.41502249999999996
6e-10,0.4160079
6.002e-10,0.41613810000000007
6.006e-10,0.41639780000000004
6.014e-10,0.41691389999999995
6.03e-10,0.4179332
6.05e-10,0.4191836
6.07e-10,0.4204078
6.09e-10,0.4216061
6.11e-10,0.42277869999999995
6.13e-10,0.42392620000000003
6.15e-10,0.4250486
6.17e-10,0.42614640000000004
6.19e-10,0.4272199
6.21e-10,0.4282693000000001
6.23e-10,0.4292952
6.25e-10,0.43029760000000006
6.27e-10,0.4312768
6.29e-10,0.43223329999999993
6.31e-10,0.4331672999999999
6.33e-10,0.4340792
6.35e-10,0.43496900000000005
6.37e-10,0.4358373
6.39e-10,0.4366842000000001
6.41e-10,0.43751019999999996
6.43e-10,0.43831529999999996
6.45e-10,0.43910000000000005
6.47e-10,0.43986440000000004
6.49e-10,0.4406089999999999
6.51e-10,0.44133390000000006
6.53e-10,0.44203939999999997
6.55e-10,0.44272580000000006
6.57e-10,0.4433933
6.59e-10,0.44404220000000005
6.61e-10,0.44467290000000004
6.63e-10,0.4452855
6.65e-10,0.44588020000000006
6.67e-10,0.4464574
6.69e-10,0.4470172
6.71e-10,0.44756000000000007
6.73e-10,0.44808609999999993
6.75e-10,0.4485954
6.77e-10,0.4490885
6.79e-10,0.44956549999999995
6.81e-10,0.45002660000000005
6.83e-10,0.45047209999999993
6.85e-10,0.45090220000000003
6.87e-10,0.4513170999999999
6.89e-10,0.4517171
6.91e-10,0.4521024
6.93e-10,0.45247309999999996
6.95e-10,0.45282960000000005
6.97e-10,0.45317209999999997
6.99e-10,0.4535007
7.01e-10,0.4538156
7.03e-10,0.4541172
7.05e-10,0.4544055
7.07e-10,0.4546808
7.09e-10,0.45494330000000005
7.11e-10,0.4551932000000001
7.13e-10,0.4554307000000001
7.15e-10,0.4556559
7.17e-10,0.45586930000000003
7.19e-10,0.4560706
7.21e-10,0.45626050000000007
7.23e-10,0.4564389
7.25e-10,0.45660599999999996
7.27e-10,0.45676190000000005
7.29e-10,0.4569071
7.31e-10,0.45704159999999994
7.33e-10,0.45716540000000006
7.35e-10,0.4572790000000001
7.37e-10,0.45738239999999997
7.39e-10,0.45747570000000004
7.41e-10,0.45755919999999994
7.43e-10,0.45763300000000007
7.45e-10,0.4576973
7.47e-10,0.4577523
7.49e-10,0.4577981
7.51e-10,0.4578348
7.53e-10,0.45786270000000007
7.55e-10,0.45788190000000006
7.57e-10,0.45789250000000004
7.59e-10,0.4578947
7.61e-10,0.4578886999999999
7.63e-10,0.4578746
7.65e-10,0.4578525
7.67e-10,0.45782259999999997
7.69e-10,0.45778510000000006
7.71e-10,0.4577401
7.73e-10,0.4576875
7.75e-10,0.4576277999999999
7.77e-10,0.457561
7.79e-10,0.4574872000000001
7.81e-10,0.4574066
7.83e-10,0.4573193
7.85e-10,0.4572254
7.87e-10,0.45712509999999995
7.89e-10,0.45701840000000005
7.91e-10,0.45690549999999996
7.93e-10,0.45678660000000004
7.95e-10,0.45666169999999995
7.97e-10,0.456531
7.985e-10,0.4564292
8e-10,0.4563243
8.002e-10,0.4563100000000001
8.006e-10,0.45628140000000006
8.014e-10,0.4562235
8.03e-10,0.45610510000000004
8.05e-10,0.45595220000000003
8.07e-10,0.4557941
8.09e-10,0.45563089999999995
8.11e-10,0.45546260000000005
8.13e-10,0.45528939999999996
8.15e-10,0.4551115
8.17e-10,0.4549288
8.19e-10,0.4547414999999999
8.21e-10,0.4545498
8.23e-10,0.4543536
8.25e-10,0.4541531000000001
8.27e-10,0.4539485
8.29e-10,0.4537398
8.31e-10,0.45352689999999996
8.33e-10,0.45331029999999994
8.35e-10,0.4530898
8.37e-10,0.4528656
8.39e-10,0.4526378
8.41e-10,0.45240649999999993
8.43e-10,0.45217170000000007
8.45e-10,0.45193359999999994
8.47e-10,0.4516922
8.49e-10,0.45144760000000006
8.51e-10,0.45119980000000004
8.53e-10,0.4509491
8.55e-10,0.45069539999999997
8.57e-10,0.4504389
8.59e-10,0.4501796
8.61e-10,0.4499175000000001
8.63e-10,0.4496529
8.65e-10,0.4493857
8.67e-10,0.4491161
8.69e-10,0.448844
8.71e-10,0.44856970000000007
8.73e-10,0.44829299999999994
8.75e-10,0.44801420000000003
8.77e-10,0.44773319999999994
8.79e-10,0.44745029999999997
8.81e-10,0.4471653
8.83e-10,0.44687849999999996
8.85e-10,0.4465897
8.87e-10,0.4462992
8.89e-10,0.4460071
8.91e-10,0.4457131999999999
8.93e-10,0.4454178
8.95e-10,0.4451208000000001
8.97e-10,0.4448223
8.99e-10,0.4445224000000001
9.01e-10,0.4442212
9.03e-10,0.4439187
9.05e-10,0.44361490000000003
9.07e-10,0.44331
9.09e-10,0.4430039
9.11e-10,0.44269669999999994
9.13e-10,0.4423886
9.15e-10,0.44207950000000007
9.17e-10,0.4417694000000001
9.19e-10,0.44145840000000003
9.21e-10,0.4411467
9.23e-10,0.4408341
9.25e-10,0.4405209
9.27e-10,0.44020689999999996
9.29e-10,0.43989239999999996
9.31e-10,0.4395772
9.33e-10,0.43926149999999997
9.35e-10,0.4389453
9.37e-10,0.43862860000000004
9.39e-10,0.4383116
9.41e-10,0.43799410000000005
9.43e-10,0.43767639999999997
9.45e-10,0.4373583
9.47e-10,0.43704
9.49e-10,0.4367215
9.51e-10,0.4364028
9.53e-10,0.4360839999999999
9.55e-10,0.4357651
9.57e-10,0.43544610000000006
9.59e-10,0.4351271
9.61e-10,0.43480810000000003
9.63e-10,0.4344891000000001
9.65e-10,0.4341703
9.67e-10,0.43385149999999995
9.69e-10,0.4335329
9.71e-10,0.43321450000000006
9.73e-10,0.4328963
9.75e-10,0.43257829999999997
9.77e-10,0.4322606
9.79e-10,0.4319431
9.81e-10,0.43162600000000007
9.83e-10,0.4313093
9.85e-10,0.4309929
9.87e-10,0.43067690000000003
9.89e-10,0.4303614
9.91e-10,0.4300463
9.93e-10,0.4297318
9.95e-10,0.4294177
9.97e-10,0.42910419999999994
9.985e-10,0.4288695
1e-09,0.428635
1.0002e-09,0.42860370000000003
1.0006e-09,0.42854119999999996
1.0014e-09,0.42841640000000003
1.003e-09,0.42816699999999996
1.005e-09,0.427856
1.007e-09,0.4275455
1.009e-09,0.4272357
1.011e-09,0.42692660000000004
1.013e-09,0.42661820000000006
1.015e-09,0.4263106
1.017e-09,0.4260037000000001
1.019e-09,0.42569749999999995
1.021e-09,0.4253922
1.023e-09,0.4250878
1.025e-09,0.4247841
1.027e-09,0.4244812
1.029e-09,0.4241792999999999
1.031e-09,0.4238782000000001
1.033e-09,0.423578
1.035e-09,0.42327880000000007
1.037e-09,0.4229805000000001
1.039e-09,0.42268320000000004
1.041e-09,0.4223867
1.043e-09,0.42209129999999995
1.045e-09,0.42179690000000003
1.047e-09,0.4215034000000001
1.049e-09,0.421211
1.051e-09,0.42091960000000006
1.053e-09,0.4206293
1.055e-09,0.42033999999999994
1.057e-09,0.4200518
1.059e-09,0.4197647
1.061e-09,0.4194787
1.063e-09,0.4191936999999999
1.065e-09,0.41890989999999995
1.067e-09,0.4186272
1.069e-09,0.4183456
1.071e-09,0.4180651999999999
1.073e-09,0.41778590000000004
1.075e-09,0.4175078
1.077e-09,0.41723089999999996
1.079e-09,0.4169551
1.081e-09,0.41668060000000007
1.083e-09,0.4164072
1.085e-09,0.41613500000000003
1.087e-09,0.41586409999999996
1.089e-09,0.41559440000000003
1.091e-09,0.4153259
1.093e-09,0.41505860000000006
1.095e-09,0.4147925
1.097e-09,0.41452770000000005
1.099e-09,0.41426419999999997
1.101e-09,0.4140018
1.103e-09,0.4137408
1.105e-09,0.41348110000000005
1.107e-09,0.4132226000000001
1.109e-09,0.41296540000000004
1.111e-09,0.4127094
1.113e-09,0.4124548
1.115e-09,0.4122015
1.117e-09,0.4119494
1.119e-09,0.4116985999999999
1.121e-09,0.4114491
1.123e-09,0.41120100000000004
1.125e-09,0.4109541
1.127e-09,0.41070850000000003
1.129e-09,0.4104643
1.131e-09,0.41022139999999996
1.133e-09,0.4099798
1.135e-09,0.4097394
1.137e-09,0.4095004
1.139e-09,0.40926280000000004
1.141e-09,0.40902649999999996
1.143e-09,0.4087915
1.145e-09,0.40855779999999997
1.147e-09,0.40832540000000006
1.149e-09,0.40809439999999997
1.151e-09,0.4078647000000001
1.153e-09,0.4076364
1.155e-09,0.4074092
1.157e-09,0.4071836
1.159e-09,0.4069592000000001
1.161e-09,0.40673610000000004
1.163e-09,0.40651439999999994
1.165e-09,0.40629399999999993
1.167e-09,0.4060749
1.169e-09,0.4058571000000001
1.171e-09,0.4056408
1.173e-09,0.40542560000000005
1.175e-09,0.4052118
1.177e-09,0.4049994
1.179e-09,0.4047883
1.181e-09,0.4045784
1.183e-09,0.40437
1.185e-09,0.4041627
1.187e-09,0.40395690000000006
1.189e-09,0.4037524
1.191e-09,0.4035491
1.193e-09,0.4033472
1.195e-09,0.4031466
1.197e-09,0.40294720000000006
1.1985e-09,0.4027986
1.2e-09,0.40265059999999997
1.2002e-09,0.40263100000000007
1.2006e-09,0.4025917
1.2014e-09,0.4025133000000001
1.203e-09,0.4023570999999999
1.205e-09,0.4021629
1.207e-09,0.4019701
1.209e-09,0.40177850000000004
1.211e-09,0.40158820000000006
1.213e-09,0.4013993
1.215e-09,0.4012116
1.217e-09,0.4010250999999999
1.219e-09,0.40084
1.221e-09,0.40065609999999996
1.223e-09,0.40047350000000004
1.225e-09,0.40029209999999993
1.227e-09,0.400112
1.229e-09,0.39993309999999993
1.231e-09,0.39975550000000004
1.233e-09,0.3995792
1.235e-09,0.39940410000000004
1.237e-09,0.3992302
1.239e-09,0.3990576
1.241e-09,0.3988862000000001
1.243e-09,0.3987161
1.245e-09,0.39854709999999993
1.247e-09,0.3983793
1.249e-09,0.39821280000000003
1.251e-09,0.3980475
1.253e-09,0.3978834
1.255e-09,0.39772050000000003
1.257e-09,0.3975588
1.259e-09,0.3973983000000001
1.261e-09,0.39723889999999995
1.263e-09,0.39708089999999996
1.265e-09,0.3969239
1.267e-09,0.39676809999999996
1.269e-09,0.3966134
1.271e-09,0.3964599000000001
1.273e-09,0.39630769999999993
1.275e-09,0.3961565
1.277e-09,0.39600650000000004
1.279e-09,0.3958575999999999
1.281e-09,0.39570989999999995
1.283e-09,0.39556329999999995
1.285e-09,0.39541780000000004
1.287e-09,0.39527350000000006
1.289e-09,0.39513030000000005
1.291e-09,0.3949882
1.293e-09,0.39484720000000006
1.295e-09,0.3947073
1.297e-09,0.3945685
1.299e-09,0.39443079999999997
1.301e-09,0.39429420000000004
1.303e-09,0.3941587
1.305e-09,0.39402419999999994
1.307e-09,0.3938908
1.309e-09,0.3937585
1.311e-09,0.39362719999999995
1.313e-09,0.393497
1.315e-09,0.3933679
1.317e-09,0.3932397000000001
1.319e-09,0.3931127000000001
1.321e-09,0.39298659999999996
1.323e-09,0.39286160000000003
1.325e-09,0.3927376
1.327e-09,0.3926147
1.329e-09,0.3924927
1.331e-09,0.3923717
1.333e-09,0.39225180000000004
1.335e-09,0.39213280000000006
1.337e-09,0.3920148
1.339e-09,0.39189779999999996
1.341e-09,0.39178179999999996
1.343e-09,0.3916668
1.345e-09,0.3915527
1.347e-09,0.3914396
1.349e-09,0.39132750000000005
1.351e-09,0.3912161999999999
1.353e-09,0.3911059
1.355e-09,0.3909965999999999
1.357e-09,0.3908882
1.359e-09,0.3907807
1.361e-09,0.39067419999999997
1.363e-09,0.39056859999999993
1.365e-09,0.3904639000000001
1.367e-09,0.3903601
1.369e-09,0.3902570999999999
1.371e-09,0.3901551
1.373e-09,0.390054
1.375e-09,0.3899538
1.377e-09,0.38985440000000005
1.379e-09,0.38975589999999993
1.381e-09,0.3896583
1.383e-09,0.3895615
1.385e-09,0.38946559999999997
1.387e-09,0.3893705999999999
1.389e-09,0.3892764000000001
1.391e-09,0.38918300000000006
1.393e-09,0.38909040000000006
1.395e-09,0.3889988
1.397e-09,0.3889078
1.3985e-09,0.3888403
1.4e-09,0.38877300000000004
1.4002e-09,0.3887648
1.4006e-09,0.3887503
1.4014e-09,0.3887315
1.403e-09,0.3887246
1.405e-09,0.38874490000000006
1.407e-09,0.3887615
1.409e-09,0.3887399
1.411e-09,0.3886509
1.413e-09,0.3884698
1.415e-09,0.38817599999999997
1.417e-09,0.38775229999999994
1.419e-09,0.387184
1.421e-09,0.38645949999999996
1.423e-09,0.38556920000000006
1.425e-09,0.38450529999999994
1.427e-09,0.3832618000000001
1.429e-09,0.38183429999999996
1.431e-09,0.38021970000000005
1.433e-09,0.37841579999999997
1.435e-09,0.37642180000000003
1.437e-09,0.37423720000000005
1.439e-09,0.37186300000000005
1.441e-09,0.3693006
1.443e-09,0.3665516999999999
1.445e-09,0.36361889999999997
1.447e-09,0.36050530000000003
1.449e-09,0.3572139
1.451e-09,0.3537487
1.453e-09,0.3501135000000001
1.455e-09,0.3463124999999999
1.457e-09,0.34235020000000005
1.459e-09,0.33823120000000007
1.461e-09,0.33396019999999993
1.463e-09,0.3295422
1.465e-09,0.3249820000000001
1.467e-09,0.32028480000000004
1.469e-09,0.31545540000000005
1.471e-09,0.31049899999999997
1.473e-09,0.30542080000000005
1.475e-09,0.3002258
1.477e-09,0.29491899999999993
1.479e-09,0.2895057
1.481e-09,0.2839906
1.483e-09,0.2783787000000001
1.485e-09,0.272675
1.487e-09,0.2668844
1.489e-09,0.2610114
1.491e-09,0.2550610000000001
1.493e-09,0.24903750000000002
1.495e-09,0.24294559999999998
1.497e-09,0.23678960000000004
1.499e-09,0.2305739
1.501e-09,0.22430280000000002
1.503e-09,0.21798040000000007
1.505e-09,0.21161070000000004
1.507e-09,0.20519769999999993
1.509e-09,0.19874519999999996
1.511e-09,0.19225710000000007
1.513e-09,0.18573689999999998
1.515e-09,0.17918810000000007
1.517e-09,0.1726143
1.519e-09,0.16601889999999997
1.521e-09,0.15940509999999997
1.523e-09,0.15277609999999997
1.525e-09,0.1461348
1.527e-09,0.1394843
1.529e-09,0.1328275
1.531e-09,0.12616720000000003
1.533e-09,0.119506
1.535e-09,0.11284660000000002
1.537e-09,0.1061915
1.539e-09,0.0995431
1.541e-09,0.09290370000000003
1.543e-09,0.08627580000000001
1.545e-09,0.07966130000000005
1.547e-09,0.07306239999999997
1.549e-09,0.06648120000000002
1.551e-09,0.05991959999999996
1.553e-09,0.05337949999999991
1.555e-09,0.046862599999999976
1.557e-09,0.040370600000000034
1.559e-09,0.033905399999999974
1.561e-09,0.02746840000000006
1.563e-09,0.021060999999999996
1.565e-09,0.014684999999999948
1.567e-09,0.008341500000000002
1.569e-09,0.0020318999999999754
1.571e-09,-0.004242500000000038
1.573e-09,-0.010480400000000056
1.575e-09,-0.01668080000000005
1.577e-09,-0.022842600000000046
1.579e-09,-0.028964699999999954
1.581e-09,-0.03504600000000002
1.583e-09,-0.04108579999999995
1.585e-09,-0.0470830000000001
1.587e-09,-0.05303690000000005
1.589e-09,-0.05894659999999996
1.591e-09,-0.06481150000000002
1.593e-09,-0.07063070000000005
1.595e-09,-0.07640370000000007
1.597e-09,-0.08212980000000003
1.5985e-09,-0.0863933
1.6e-09,-0.09064090000000002
1.6002e-09,-0.09120729999999999
1.6006e-09,-0.09234050000000005
1.6014e-09,-0.09460950000000001
1.603e-09,-0.0991455
1.605e-09,-0.10478430000000005
1.607e-09,-0.11035299999999992
1.609e-09,-0.1158172999999999
1.611e-09,-0.12114880000000006
1.613e-09,-0.12632319999999997
1.615e-09,-0.13132030000000006
1.617e-09,-0.13612350000000006
1.619e-09,-0.1407193
1.621e-09,-0.14509650000000007
1.623e-09,-0.1492468
1.625e-09,-0.15316319999999994
1.627e-09,-0.156841
1.629e-09,-0.16027689999999994
1.631e-09,-0.16346889999999992
1.633e-09,-0.16641610000000007
1.635e-09,-0.1691186
1.637e-09,-0.17157749999999994
1.639e-09,-0.17379449999999996
1.641e-09,-0.17577220000000005
1.643e-09,-0.17751320000000004
1.645e-09,-0.1790212
1.647e-09,-0.18030009999999996
1.649e-09,-0.18135370000000006
1.651e-09,-0.18218679999999998
1.653e-09,-0.18280390000000002
1.655e-09,-0.18320989999999993
1.657e-09,-0.18340979999999996
1.659e-09,-0.18340889999999999
1.661e-09,-0.18321220000000005
1.663e-09,-0.18282509999999996
1.665e-09,-0.18225290000000005
1.667e-09,-0.18150100000000002
1.669e-09,-0.18057460000000003
1.671e-09,-0.17947919999999995
1.673e-09,-0.17822019999999994
1.675e-09,-0.17680260000000003
1.677e-09,-0.1752319
1.679e-09,-0.17351309999999998
1.681e-09,-0.1716512
1.683e-09,-0.16965169999999996
1.685e-09,-0.1675192000000001
1.687e-09,-0.16525869999999998
1.689e-09,-0.16287490000000004
1.691e-09,-0.16037270000000003
1.693e-09,-0.15775670000000008
1.695e-09,-0.15503139999999993
1.697e-09,-0.15220129999999998
1.699e-09,-0.14927069999999998
1.701e-09,-0.14624400000000004
1.703e-09,-0.1431251
1.705e-09,-0.1399184
1.707e-09,-0.13662770000000002
1.709e-09,-0.13325699999999996
1.711e-09,-0.12980999999999998
1.713e-09,-0.12629049999999997
1.715e-09,-0.12270199999999998
1.717e-09,-0.11904809999999999
1.719e-09,-0.11533230000000005
1.721e-09,-0.11155789999999999
1.723e-09,-0.1077281
1.725e-09,-0.10384609999999994
1.727e-09,-0.09991500000000009
1.729e-09,-0.09593770000000001
1.731e-09,-0.09191729999999998
1.733e-09,-0.08785660000000006
1.735e-09,-0.0837582
1.737e-09,-0.07962479999999994
1.739e-09,-0.0754593
1.741e-09,-0.07126379999999999
1.743e-09,-0.06704109999999996
1.745e-09,-0.06279329999999994
1.747e-09,-0.058522900000000044
1.749e-09,-0.05423200000000006
1.751e-09,-0.04992289999999999
1.753e-09,-0.045597700000000074
1.755e-09,-0.04125820000000002
1.757e-09,-0.03690660000000001
1.759e-09,-0.03254479999999993
1.761e-09,-0.02817460000000005
1.763e-09,-0.02379779999999998
1.765e-09,-0.01941599999999999
1.767e-09,-0.015031000000000017
1.769e-09,-0.010644499999999946
1.771e-09,-0.00625779999999998
1.773e-09,-0.0018727000000000604
1.775e-09,0.0025096000000000007
1.777e-09,0.006887599999999994
1.779e-09,0.01125989999999999
1.781e-09,0.01562510000000006
1.783e-09,0.01998230000000001
1.785e-09,0.024330000000000074
1.787e-09,0.028666999999999998
1.789e-09,0.032992299999999974
1.791e-09,0.037304900000000085
1.793e-09,0.04160370000000002
1.795e-09,0.04588749999999997
1.797e-09,0.05015550000000002
1.7985e-09,0.05334569999999994
1.8e-09,0.056526100000000024
1.8002e-09,0.05694930000000009
1.8006e-09,0.057795299999999994
1.8014e-09,0.059485200000000016
1.803e-09,0.06285600000000002
1.805e-09,0.067052
1.807e-09,0.07122810000000002
1.809e-09,0.07538339999999999
1.811e-09,0.07951719999999995
1.813e-09,0.08362879999999995
1.815e-09,0.08771770000000001
1.817e-09,0.09178320000000006
1.819e-09,0.09582450000000009
1.821e-09,0.09984150000000003
1.823e-09,0.10383330000000002
1.825e-09,0.10779949999999994
1.827e-09,0.11173960000000005
1.829e-09,0.11565330000000007
1.831e-09,0.11953990000000003
1.833e-09,0.12339929999999999
1.835e-09,0.12723079999999998
1.837e-09,0.1310344
1.839e-09,0.13480939999999997
1.841e-09,0.1385558
1.843e-09,0.1422730000000001
1.845e-09,0.145961
1.847e-09,0.14961950000000002
1.849e-09,0.15324799999999994
1.851e-09,0.15684659999999995
1.853e-09,0.16041499999999997
1.855e-09,0.16395300000000002
1.857e-09,0.16746040000000006
1.859e-09,0.170937
1.861e-09,0.1743829
1.863e-09,0.1777976
1.865e-09,0.18118139999999994
1.867e-09,0.18453399999999998
1.869e-09,0.18785529999999995
1.871e-09,0.19114530000000007
1.873e-09,0.19440389999999996
1.875e-09,0.19763109999999995
1.877e-09,0.20082680000000008
1.879e-09,0.2039911000000001
1.881e-09,0.20712379999999997
1.883e-09,0.21022509999999994
1.885e-09,0.213295
1.887e-09,0.2163334
1.889e-09,0.2193404
1.891e-09,0.22231600000000007
1.893e-09,0.22526030000000008
1.895e-09,0.22817339999999997
1.897e-09,0.23105529999999996
1.899e-09,0.2339061
1.901e-09,0.2367258
1.903e-09,0.23951470000000008
1.905e-09,0.24227260000000006
1.907e-09,0.2449998000000001
1.909e-09,0.24769640000000004
1.911e-09,0.25036250000000004
1.913e-09,0.2529981
1.915e-09,0.2556035
1.917e-09,0.2581787
1.919e-09,0.26072400000000007
1.921e-09,0.26323929999999995
1.923e-09,0.265725
1.925e-09,0.26818110000000006
1.927e-09,0.27060779999999995
1.929e-09,0.2730053
1.931e-09,0.27537370000000005
1.933e-09,0.27771310000000005
1.935e-09,0.28002380000000004
1.937e-09,0.2823059
1.939e-09,0.2845596
1.941e-09,0.28678519999999996
1.943e-09,0.2889826000000001
1.945e-09,0.29115230000000003
1.947e-09,0.29329420000000006
1.949e-09,0.29540869999999997
1.951e-09,0.297496
1.953e-09,0.2995561
1.955e-09,0.30158929999999995
1.957e-09,0.30359590000000003
1.959e-09,0.3055759
1.961e-09,0.3075297
1.963e-09,0.3094574
1.965e-09,0.3113591
1.967e-09,0.3132353
1.969e-09,0.31508590000000003
1.971e-09,0.3169113
1.973e-09,0.3187116
1.975e-09,0.3204871
1.977e-09,0.3222379000000001
1.979e-09,0.3239643
1.981e-09,0.3256663999999999
1.983e-09,0.32734450000000004
1.985e-09,0.32899900000000004
1.987e-09,0.3306296999999999
1.989e-09,0.33223709999999995
1.991e-09,0.3338213
1.993e-09,0.3353826
1.995e-09,0.3369211999999999
1.997e-09,0.33843709999999994
1.9985e-09,0.3395595
2e-09,0.34066929999999995
2.0002e-09,0.34081629999999996
2.0006e-09,0.3411097999999999
2.0014e-09,0.34169400000000005
2.003e-09,0.3428519
2.005e-09,0.34427989999999997
2.007e-09,0.3456865
2.009e-09,0.3470717
2.011e-09,0.3484360000000001
2.013e-09,0.34977939999999996
2.015e-09,0.351102
2.017e-09,0.3524043
2.019e-09,0.35368639999999996
2.021e-09,0.3549485
2.023e-09,0.35619069999999997
2.025e-09,0.3574134
2.027e-09,0.3586167
2.029e-09,0.3598007
2.031e-09,0.3609658
2.033e-09,0.36211209999999994
2.035e-09,0.3632398
2.037e-09,0.36434900000000003
2.039e-09,0.36544010000000005
2.041e-09,0.3665132
2.043e-09,0.36756849999999996
2.045e-09,0.36860609999999994
2.047e-09,0.36962649999999997
2.049e-09,0.37062950000000006
2.051e-09,0.3716155000000001
2.053e-09,0.3725847
2.055e-09,0.3735372
2.057e-09,0.37447339999999996
2.059e-09,0.3753932000000001
2.061e-09,0.37629689999999993
2.063e-09,0.3771848000000001
2.065e-09,0.37805690000000003
2.067e-09,0.3789135
2.069e-09,0.37975479999999995
2.071e-09,0.3805809
2.073e-09,0.3813921
2.075e-09,0.3821884000000001
2.077e-09,0.38297000000000003
2.079e-09,0.3837372
2.081e-09,0.38449010000000006
2.083e-09,0.3852289
2.085e-09,0.3859538
2.087e-09,0.3866649
2.089e-09,0.38736229999999994
2.091e-09,0.38804650000000007
2.093e-09,0.3887172
2.095e-09,0.3893749000000001
2.097e-09,0.3900196
2.099e-09,0.3906516
2.101e-09,0.39127100000000004
2.103e-09,0.39187779999999994
2.105e-09,0.3924723
2.107e-09,0.3930547
2.109e-09,0.3936252
2.111e-09,0.3941838
2.113e-09,0.3947307
2.115e-09,0.395266
2.117e-09,0.39579
2.119e-09,0.3963027
2.121e-09,0.39680439999999995
2.123e-09,0.3972951
2.125e-09,0.397775
2.127e-09,0.3982443
2.129e-09,0.39870300000000003
2.131e-09,0.3991513
2.133e-09,0.3995894
2.135e-09,0.40001739999999997
2.137e-09,0.40043550000000006
2.139e-09,0.4008437
2.141e-09,0.4012422
2.143e-09,0.4016313
2.145e-09,0.40201070000000005
2.147e-09,0.40238110000000005
2.149e-09,0.4027421
2.151e-09,0.4030941
2.153e-09,0.4034373
2.155e-09,0.4037716
2.157e-09,0.40409720000000005
2.159e-09,0.4044143
2.161e-09,0.4047231
2.163e-09,0.4050233999999999
2.165e-09,0.4053156
2.167e-09,0.4055997
2.169e-09,0.4058758
2.171e-09,0.40614420000000007
2.173e-09,0.4064048
2.175e-09,0.40665780000000007
2.177e-09,0.40690329999999997
2.179e-09,0.4071414
2.181e-09,0.4073722999999999
2.183e-09,0.4075959
2.185e-09,0.4078125
2.187e-09,0.40802210000000005
2.189e-09,0.40822500000000006
2.191e-09,0.40842100000000003
2.193e-09,0.40861040000000004
2.195e-09,0.40879319999999997
2.197e-09,0.40896959999999993
2.1985e-09,0.40909779999999996
2.2e-09,0.4092224
2.2002e-09,0.40923869999999996
2.2006e-09,0.4092711
2.2014e-09,0.40933549999999996
2.203e-09,0.4094610999999999
2.205e-09,0.40961270000000005
2.207e-09,0.4097583
2.209e-09,0.4098980000000001
2.211e-09,0.4100321
2.213e-09,0.41016030000000003
2.215e-09,0.41028299999999995
2.217e-09,0.41040029999999994
2.219e-09,0.4105120000000001
2.221e-09,0.41061839999999994
2.223e-09,0.4107197
2.225e-09,0.4108157
2.227e-09,0.4109068
2.229e-09,0.41099280000000005
2.231e-09,0.41107379999999993
2.233e-09,0.4111501000000001
2.235e-09,0.41122159999999996
2.237e-09,0.41128850000000006
2.239e-09,0.41135069999999996
2.241e-09,0.41140849999999995
2.243e-09,0.4114618
2.245e-09,0.41151079999999995
2.247e-09,0.41155549999999996
2.249e-09,0.41159599999999996
2.251e-09,0.4116324
2.253e-09,0.41166460000000005
2.255e-09,0.411693
2.257e-09,0.41171730000000006
2.259e-09,0.4117379
2.261e-09,0.41175470000000003
2.263e-09,0.41176769999999996
2.265e-09,0.41177720000000007
2.267e-09,0.411783
2.269e-09,0.4117853
2.271e-09,0.4117841
2.273e-09,0.4117795999999999
2.275e-09,0.4117717999999999
2.277e-09,0.4117607
2.279e-09,0.41174639999999996
2.281e-09,0.411729
2.283e-09,0.41170850000000003
2.285e-09,0.4116850000000001
2.287e-09,0.4116586
2.289e-09,0.4116291000000001
2.291e-09,0.411597
2.293e-09,0.411562
2.295e-09,0.41152429999999995
2.297e-09,0.4114839
2.299e-09,0.41144080000000005
2.301e-09,0.41139520000000007
2.303e-09,0.41134709999999997
2.305e-09,0.41129650000000006
2.307e-09,0.4112435
2.309e-09,0.41118810000000006
2.311e-09,0.41113049999999995
2.313e-09,0.41107059999999995
2.315e-09,0.41100839999999994
2.317e-09,0.41094410000000003
2.319e-09,0.4108777
2.321e-09,0.4108092
2.323e-09,0.41073859999999995
2.325e-09,0.4106660999999999
2.327e-09,0.4105917
2.329e-09,0.4105153
2.331e-09,0.41043720000000006
2.333e-09,0.41035730000000004
2.335e-09,0.4102755
2.337e-09,0.410192
2.339e-09,0.4101068
2.341e-09,0.4100201
2.343e-09,0.40993159999999995
2.345e-09,0.4098417000000001
2.347e-09,0.40975019999999995
2.349e-09,0.4096573
2.351e-09,0.40956290000000006
2.353e-09,0.4094671
2.355e-09,0.40936990000000006
2.357e-09,0.40927139999999995
2.359e-09,0.4091716000000001
2.361e-09,0.40907059999999995
2.363e-09,0.4089682
2.365e-09,0.40886469999999997
2.367e-09,0.40876009999999996
2.369e-09,0.4086542999999999
2.371e-09,0.40854750000000006
2.373e-09,0.40843950000000007
2.375e-09,0.4083306
2.377e-09,0.40822059999999993
2.379e-09,0.4081096000000001
2.381e-09,0.4079978000000001
2.383e-09,0.40788500000000005
2.385e-09,0.40777130000000006
2.387e-09,0.40765680000000004
2.389e-09,0.4075415
2.391e-09,0.40742539999999994
2.393e-09,0.40730849999999996
2.395e-09,0.40719079999999996
2.397e-09,0.4070726
2.3985e-09,0.40698329999999994
2.4e-09,0.4068937
2.4002e-09,0.40688179999999996
2.4006e-09,0.40685779999999994
2.4014e-09,0.4068098
2.403e-09,0.40671350000000006
2.405e-09,0.40659259999999997
2.407e-09,0.4064711
2.409e-09,0.40634899999999996
2.411e-09,0.4062264
2.413e-09,0.40610329999999994
2.415e-09,0.40597970000000005
2.417e-09,0.4058556
2.419e-09,0.4057311
2.421e-09,0.40560609999999997
2.423e-09,0.40548090000000003
2.425e-09,0.4053551000000001
2.427e-09,0.40522899999999995
2.429e-09,0.4051026
2.431e-09,0.40497589999999994
2.433e-09,0.40484889999999996
2.435e-09,0.4047216
2.437e-09,0.404594
2.439e-09,0.4044662
2.441e-09,0.4043382
2.443e-09,0.40421000000000007
2.445e-09,0.40408160000000004
2.447e-09,0.403953
2.449e-09,0.4038242999999999
2.451e-09,0.40369540000000004
2.453e-09,0.40356649999999994
2.455e-09,0.4034375
2.457e-09,0.40330830000000006
2.459e-09,0.4031791
2.461e-09,0.4030498
2.463e-09,0.4029205
2.465e-09,0.4027912
2.467e-09,0.40266179999999996
2.469e-09,0.4025325999999999
2.471e-09,0.40240320000000007
2.473e-09,0.402274
2.475e-09,0.4021448000000001
2.477e-09,0.4020157
2.479e-09,0.4018866000000001
2.481e-09,0.40175760000000005
2.483e-09,0.40162870000000006
2.485e-09,0.40149999999999997
2.487e-09,0.4013713000000001
2.489e-09,0.4012427999999999
2.491e-09,0.40111450000000004
2.493e-09,0.4009863
2.495e-09,0.4008583
2.497e-09,0.4007305
2.499e-09,0.4006029
2.501e-09,0.4004755
2.503e-09,0.4003483000000001
2.505e-09,0.40022119999999994
2.507e-09,0.4000945
2.509e-09,0.399968
2.511e-09,0.3998417999999999
2.513e-09,0.39971580000000007
2.515e-09,0.39959010000000006
2.517e-09,0.39946459999999995
2.519e-09,0.39933950000000007
2.521e-09,0.39921470000000003
2.523e-09,0.3990901
2.525e-09,0.3989659
2.527e-09,0.39884200000000003
2.529e-09,0.39871840000000003
2.531e-09,0.39859520000000004
2.533e-09,0.3984723
2.535e-09,0.3983498
2.537e-09,0.3982275999999999
2.539e-09,0.3981059
2.541e-09,0.3979844
2.543e-09,0.39786330000000003
2.545e-09,0.39774259999999995
2.547e-09,0.39762240000000004
2.549e-09,0.3975025
2.551e-09,0.39738299999999993
2.553e-09,0.39726400000000006
2.555e-09,0.39714530000000003
2.557e-09,0.39702709999999997
2.559e-09,0.3969093
2.561e-09,0.3967919
2.563e-09,0.396675
2.565e-09,0.39655850000000004
2.567e-09,0.3964424000000001
2.569e-09,0.39632690000000004
2.571e-09,0.39621169999999994
2.573e-09,0.39609700000000003
2.575e-09,0.3959827
2.577e-09,0.3958689999999999
2.579e-09,0.39575570000000004
2.581e-09,0.3956428999999999
2.583e-09,0.39553059999999995
2.585e-09,0.3954187
2.587e-09,0.3953074
2.589e-09,0.3951964
2.591e-09,0.39508599999999994
2.593e-09,0.3949762
2.595e-09,0.3948668000000001
2.597e-09,0.3947579
2.5985e-09,0.3946765
2.6e-09,0.39460649999999997
2.6002e-09,0.3945995
2.6006e-09,0.394587
2.6014e-09,0.3945704
2.603e-09,0.3945592
2.605e-09,0.3945605
2.607e-09,0.3945446
2.609e-09,0.3944793
2.611e-09,0.39433720000000005
2.613e-09,0.3940952
2.615e-09,0.3937339999999999
2.617e-09,0.39323739999999996
2.619e-09,0.39259200000000005
2.621e-09,0.3917868
2.623e-09,0.3908130999999999
2.625e-09,0.38966370000000006
2.627e-09,0.38833320000000005
2.629e-09,0.38681750000000004
2.631e-09,0.3851140999999999
2.633e-09,0.38322119999999993
2.635e-09,0.38113810000000004
2.637e-09,0.378865
2.639e-09,0.3764027
2.641e-09,0.3737528
2.643e-09,0.3709175
2.645e-09,0.3678994000000001
2.647e-09,0.3647014999999999
2.649e-09,0.36132739999999997
2.651e-09,0.3577806
2.653e-09,0.3540654
2.655e-09,0.35018589999999994
2.657e-09,0.3461468
2.659e-09,0.3419525
2.661e-09,0.3376078
2.663e-09,0.3331178
2.665e-09,0.32848730000000004
2.667e-09,0.32372120000000004
2.669e-09,0.31882489999999997
2.671e-09,0.31380319999999995
2.673e-09,0.3086610999999999
2.675e-09,0.303404
2.677e-09,0.2980368
2.679e-09,0.2925645
2.681e-09,0.286992
2.683e-09,0.28132440000000003
2.685e-09,0.27556649999999994
2.687e-09,0.2697231
2.689e-09,0.26379890000000006
2.691e-09,0.25779850000000004
2.693e-09,0.2517266
2.695e-09,0.24558760000000002
2.697e-09,0.23938590000000004
2.699e-09,0.2331259
2.701e-09,0.2268116
2.703e-09,0.22044740000000007
2.705e-09,0.21403709999999998
2.707e-09,0.20758469999999996
2.709e-09,0.20109389999999994
2.711e-09,0.19456870000000004
2.713e-09,0.18801240000000008
2.715e-09,0.18142880000000006
2.717e-09,0.17482109999999995
2.719e-09,0.16819289999999998
2.721e-09,0.1615472
2.723e-09,0.1548872
2.725e-09,0.14821600000000001
2.727e-09,0.1415363999999999
2.729e-09,0.1348515
2.731e-09,0.12816379999999994
2.733e-09,0.12147610000000009
2.735e-09,0.11479109999999992
2.737e-09,0.10811100000000007
2.739e-09,0.10143839999999993
2.741e-09,0.09477569999999991
2.743e-09,0.08812509999999996
2.745e-09,0.08148860000000002
2.747e-09,0.07486840000000006
2.749e-09,0.06826650000000001
2.751e-09,0.061684799999999984
2.753e-09,0.055125199999999985
2.755e-09,0.048589400000000005
2.757e-09,0.04207919999999998
2.759e-09,0.03559620000000008
2.761e-09,0.029142
2.763e-09,0.022718000000000016
2.765e-09,0.0163257
2.767e-09,0.00996649999999999
2.769e-09,0.00364169999999997
2.771e-09,-0.002647500000000025
2.773e-09,-0.008899800000000013
2.775e-09,-0.015114199999999967
2.777e-09,-0.021289400000000014
2.779e-09,-0.02742469999999997
2.781e-09,-0.03351880000000007
2.783e-09,-0.039570899999999964
2.785e-09,-0.04558019999999996
2.787e-09,-0.051545799999999975
2.789e-09,-0.05746689999999999
2.791e-09,-0.06334280000000003
2.793e-09,-0.06917280000000003
2.795e-09,-0.07495629999999998
2.797e-09,-0.0806926
2.7985e-09,-0.08496359999999992
2.8e-09,-0.08920740000000005
2.8002e-09,-0.08977089999999999
2.8006e-09,-0.090897
2.8014e-09,-0.09314339999999999
2.803e-09,-0.09761279999999994
2.805e-09,-0.1031552
2.807e-09,-0.10864799999999997
2.809e-09,-0.11409079999999994
2.811e-09,-0.11948320000000001
2.813e-09,-0.12482499999999996
2.815e-09,-0.1301158
2.817e-09,-0.13535540000000001
2.819e-09,-0.1405436000000001
2.821e-09,-0.14567999999999992
2.823e-09,-0.15076470000000008
2.825e-09,-0.15579730000000003
2.827e-09,-0.16077789999999992
2.829e-09,-0.16570640000000003
2.831e-09,-0.17058240000000002
2.833e-09,-0.17540619999999996
2.835e-09,-0.18017759999999994
2.837e-09,-0.18489659999999997
2.839e-09,-0.18956340000000005
2.841e-09,-0.19417759999999995
2.843e-09,-0.19873969999999996
2.845e-09,-0.20324949999999997
2.847e-09,-0.2077072000000001
2.849e-09,-0.2121128
2.851e-09,-0.2164665
2.853e-09,-0.2207684000000001
2.855e-09,-0.22501860000000007
2.857e-09,-0.22921729999999996
2.859e-09,-0.23336459999999992
2.861e-09,-0.23746079999999992
2.863e-09,-0.24150610000000006
2.865e-09,-0.24550059999999996
2.867e-09,-0.24944460000000002
2.869e-09,-0.25333820000000007
2.871e-09,-0.2571818
2.873e-09,-0.2609756
2.875e-09,-0.2647199
2.877e-09,-0.26841479999999995
2.879e-09,-0.27206069999999993
2.881e-09,-0.2756579
2.883e-09,-0.2792066999999999
2.885e-09,-0.28270719999999994
2.887e-09,-0.2861599
2.889e-09,-0.2895650999999999
2.891e-09,-0.2929231
2.893e-09,-0.29623430000000006
2.895e-09,-0.29949880000000006
2.897e-09,-0.30271709999999996
2.899e-09,-0.3058894999999999
2.901e-09,-0.30901639999999997
2.903e-09,-0.312098
2.905e-09,-0.3151347
2.907e-09,-0.31812699999999994
2.909e-09,-0.32107509999999995
2.911e-09,-0.3239793999999999
2.913e-09,-0.3268403000000001
2.915e-09,-0.32965810000000006
2.917e-09,-0.3324332
2.919e-09,-0.3351659
2.921e-09,-0.3378567
2.923e-09,-0.3405058999999999
2.925e-09,-0.3431138
2.927e-09,-0.3456809999999999
2.929e-09,-0.3482075
2.931e-09,-0.35069420000000007
2.933e-09,-0.3531409000000001
2.935e-09,-0.35554829999999993
2.937e-09,-0.3579169000000001
2.939e-09,-0.3602468
2.941e-09,-0.3625385
2.943e-09,-0.3647924
2.945e-09,-0.36700869999999997
2.947e-09,-0.3691880999999999
2.949e-09,-0.3713307
2.951e-09,-0.373437
2.953e-09,-0.3755073000000001
2.955e-09,-0.3775421
2.957e-09,-0.3795417
2.959e-09,-0.3815063000000001
2.961e-09,-0.3834366
2.963e-09,-0.3853329
2.965e-09,-0.3871953
2.967e-09,-0.38902440000000005
2.969e-09,-0.39082059999999996
2.971e-09,-0.3925841
2.973e-09,-0.3943154
2.975e-09,-0.3960148
2.977e-09,-0.3976826
2.979e-09,-0.39931930000000004
2.981e-09,-0.40092530000000004
2.983e-09,-0.4025006
2.985e-09,-0.404046
2.987e-09,-0.4055615
2.989e-09,-0.4070477
2.991e-09,-0.40850470000000005
2.993e-09,-0.40993310000000005
2.995e-09,-0.41133300000000006
2.997e-09,-0.412705
2.9985e-09,-0.41371579999999997
3e-09,-0.4147221
3.0002e-09,-0.41485720000000004
3.0006e-09,-0.41512859999999996
3.0014e-09,-0.41567640000000006
3.003e-09,-0.41678119999999996
3.005e-09,-0.41815389999999997
3.007e-09,-0.41948450000000004
3.009e-09,-0.42074179999999994
3.011e-09,-0.4218997
3.013e-09,-0.42293610000000004
3.015e-09,-0.42383270000000006
3.017e-09,-0.424574
3.019e-09,-0.42514759999999996
3.021e-09,-0.4255432
3.023e-09,-0.4257523
3.025e-09,-0.4257683
3.027e-09,-0.4255863
3.029e-09,-0.42520250000000004
3.031e-09,-0.42461439999999995
3.033e-09,-0.4238204
3.035e-09,-0.4228199
3.037e-09,-0.4216131000000001
3.039e-09,-0.4202009
3.041e-09,-0.41858470000000003
3.043e-09,-0.41676669999999993
3.045e-09,-0.4147493
3.047e-09,-0.41253550000000005
3.049e-09,-0.41012859999999995
3.051e-09,-0.4075322
3.053e-09,-0.40475019999999995
3.055e-09,-0.40178670000000005
3.057e-09,-0.3986461
3.059e-09,-0.39533300000000005
3.061e-09,-0.3918518
3.063e-09,-0.38820730000000003
3.065e-09,-0.3844044
3.067e-09,-0.380448
3.069e-09,-0.37634310000000004
3.071e-09,-0.37209460000000005
3.073e-09,-0.3677076
3.075e-09,-0.3631871
3.077e-09,-0.35853809999999997
3.079e-09,-0.3537656
3.081e-09,-0.3488745
3.083e-09,-0.3438698
3.085e-09,-0.33875640000000007
3.087e-09,-0.33353900000000003
3.089e-09,-0.3282225999999999
3.091e-09,-0.32281170000000003
3.093e-09,-0.31731089999999995
3.095e-09,-0.3117249999999999
3.097e-09,-0.30605819999999995
3.099e-09,-0.30031509999999995
3.101e-09,-0.29450010000000004
3.103e-09,-0.2886172
3.105e-09,-0.2826706000000001
3.107e-09,-0.2766645000000001
3.109e-09,-0.2706027
3.111e-09,-0.2644894
3.113e-09,-0.25832789999999994
3.115e-09,-0.25212239999999997
3.117e-09,-0.24587599999999998
3.119e-09,-0.2395927
3.121e-09,-0.23327560000000003
3.123e-09,-0.2269281999999999
3.125e-09,-0.22055360000000002
3.127e-09,-0.2141552
3.129e-09,-0.20773580000000003
3.131e-09,-0.20129849999999994
3.133e-09,-0.19484610000000002
3.135e-09,-0.18838160000000004
3.137e-09,-0.1819075
3.139e-09,-0.1754266000000001
3.141e-09,-0.16894140000000002
3.143e-09,-0.16245429999999994
3.145e-09,-0.15596770000000004
3.147e-09,-0.1494839
3.149e-09,-0.14300539999999995
3.151e-09,-0.13653389999999999
3.153e-09,-0.1300718999999999
3.155e-09,-0.12362109999999993
3.157e-09,-0.11718380000000006
3.159e-09,-0.11076150000000007
3.161e-09,-0.10435620000000001
3.163e-09,-0.09796949999999993
3.165e-09,-0.09160330000000005
3.167e-09,-0.08525890000000003
3.169e-09,-0.07893810000000001
3.171e-09,-0.0726422000000001
3.173e-09,-0.06637280000000001
3.175e-09,-0.06013120000000005
3.177e-09,-0.05391849999999998
3.179e-09,-0.047736200000000006
3.181e-09,-0.04158549999999994
3.183e-09,-0.03546729999999998
3.185e-09,-0.02938289999999999
3.187e-09,-0.02333339999999995
3.189e-09,-0.01731959999999999
3.191e-09,-0.011342500000000033
3.193e-09,-0.005403000000000047
3.195e-09,0.0004978999999999401
3.197e-09,0.006359699999999968
3.1985e-09,0.010729800000000012
3.2e-09,0.015076899999999949
3.2002e-09,0.015654599999999963
3.2006e-09,0.01680910000000002
3.2014e-09,0.019113200000000052
3.203e-09,0.02370149999999993
3.205e-09,0.0293987
3.207e-09,0.035053299999999954
3.209e-09,0.0406647
3.211e-09,0.046232199999999946
3.213e-09,0.05175540000000001
3.215e-09,0.0572338
3.217e-09,0.06266690000000008
3.219e-09,0.06805459999999997
3.221e-09,0.07339610000000008
3.223e-09,0.07869130000000002
3.225e-09,0.08393989999999996
3.227e-09,0.08914169999999999
3.229e-09,0.0942961
3.231e-09,0.09940310000000008
3.233e-09,0.10446250000000001
3.235e-09,0.10947420000000008
3.237e-09,0.11443780000000003
3.239e-09,0.1193533
3.241e-09,0.12422060000000001
3.243e-09,0.12903960000000003
3.245e-09,0.1338102
3.247e-09,0.13853229999999994
3.249e-09,0.14320599999999994
3.251e-09,0.1478311
3.253e-09,0.15240779999999998
3.255e-09,0.15693610000000002
3.257e-09,0.1614158
3.259e-09,0.16584719999999997
3.261e-09,0.1702302
3.263e-09,0.17456500000000008
3.265e-09,0.17885169999999995
3.267e-09,0.1830904
3.269e-09,0.18728100000000003
3.271e-09,0.19142409999999999
3.273e-09,0.1955194
3.275e-09,0.19956719999999994
3.277e-09,0.20356770000000002
3.279e-09,0.20752110000000001
3.281e-09,0.21142760000000005
3.283e-09,0.21528730000000007
3.285e-09,0.21910049999999992
3.287e-09,0.22286740000000005
3.289e-09,0.2265881999999999
3.291e-09,0.23026310000000005
3.293e-09,0.23389230000000005
3.295e-09,0.23747629999999997
3.297e-09,0.24101509999999993
3.299e-09,0.24450910000000003
3.301e-09,0.2479583999999999
3.303e-09,0.2513635000000001
3.305e-09,0.25472439999999996
3.307e-09,0.25804169999999993
3.309e-09,0.26131550000000003
3.311e-09,0.2645461
3.313e-09,0.2677337999999999
3.315e-09,0.270879
3.317e-09,0.2739819
3.319e-09,0.2770427999999999
3.321e-09,0.28006200000000003
3.323e-09,0.28304000000000007
3.325e-09,0.2859769000000001
3.327e-09,0.2888731
3.329e-09,0.29172889999999996
3.331e-09,0.29454480000000005
3.333e-09,0.2973209
3.335e-09,0.3000575
3.337e-09,0.3027552
3.339e-09,0.3054141
3.341e-09,0.30803460000000005
3.343e-09,0.3106171
3.345e-09,0.3131619
3.347e-09,0.3156692
3.349e-09,0.3181396000000001
3.351e-09,0.32057310000000006
3.353e-09,0.3229704
3.355e-09,0.32533159999999994
3.357e-09,0.3276572000000001
3.359e-09,0.32994729999999994
3.361e-09,0.33220249999999996
3.363e-09,0.334423
3.365e-09,0.33660920000000005
3.367e-09,0.3387614
3.369e-09,0.3408799
3.371e-09,0.3429650999999999
3.373e-09,0.34501729999999997
3.375e-09,0.3470369
3.377e-09,0.34902410000000006
3.379e-09,0.3509793
3.381e-09,0.3529029
3.383e-09,0.35479530000000004
3.385e-09,0.35665649999999993
3.387e-09,0.35848730000000006
3.389e-09,0.36028760000000004
3.391e-09,0.36205790000000004
3.393e-09,0.3637985
3.395e-09,0.36550989999999994
3.397e-09,0.3671921
3.3985e-09,0.36843499999999996
3.4e-09,0.36966180000000004
3.4002e-09,0.3698241
3.4006e-09,0.3701479
3.4014e-09,0.37079229999999996
3.403e-09,0.37206779999999995
3.405e-09,0.3736372
3.407e-09,0.3751791000000001
3.409e-09,0.37669379999999997
3.411e-09,0.37818170000000007
3.413e-09,0.37964319999999996
3.415e-09,0.38107840000000004
3.417e-09,0.3824877
3.419e-09,0.38387150000000003
3.421e-09,0.3852298999999999
3.423e-09,0.3865634
3.425e-09,0.38787210000000005
3.427e-09,0.38915640000000007
3.429e-09,0.3904166
3.431e-09,0.39165300000000003
3.433e-09,0.39286580000000004
3.435e-09,0.39405540000000006
3.437e-09,0.3952220000000001
3.439e-09,0.39636589999999994
3.441e-09,0.39748739999999994
3.443e-09,0.3985868
3.445e-09,0.39966440000000003
3.447e-09,0.40072030000000003
3.449e-09,0.4017548999999999
3.451e-09,0.4027685
3.453e-09,0.4037613
3.455e-09,0.4047336
3.457e-09,0.4056856999999999
3.459e-09,0.4066177999999999
3.461e-09,0.4075301
3.463e-09,0.40842290000000003
3.465e-09,0.4092966
3.467e-09,0.41015119999999994
3.469e-09,0.41098710000000005
3.471e-09,0.4118044999999999
3.473e-09,0.4126036999999999
3.475e-09,0.413385
3.477e-09,0.41414839999999997
3.479e-09,0.41489430000000005
3.481e-09,0.4156230000000001
3.483e-09,0.4163346
3.485e-09,0.4170294
3.487e-09,0.41770760000000007
3.489e-09,0.4183694
3.491e-09,0.419015
3.493e-09,0.41964480000000004
3.495e-09,0.4202589
3.497e-09,0.42085739999999994
3.499e-09,0.4214407
3.501e-09,0.42200899999999997
3.503e-09,0.4225624
3.505e-09,0.42310120000000007
3.507e-09,0.4236255
3.509e-09,0.42413579999999995
3.511e-09,0.4246318
3.513e-09,0.4251142
3.515e-09,0.42558280000000004
3.517e-09,0.4260381
3.519e-09,0.4264800999999999
3.521e-09,0.4269092
3.523e-09,0.4273253
3.525e-09,0.42772889999999997
3.527e-09,0.42811980000000005
3.529e-09,0.42849859999999995
3.531e-09,0.4288653
3.533e-09,0.42921999999999993
3.535e-09,0.42956289999999997
3.537e-09,0.4298944
3.539e-09,0.4302144
3.541e-09,0.43052330000000005
3.543e-09,0.430821
3.545e-09,0.43110780000000004
3.547e-09,0.431384
3.549e-09,0.4316497
3.551e-09,0.43190490000000004
3.553e-09,0.4321499
3.555e-09,0.43238489999999996
3.557e-09,0.43260999999999994
3.559e-09,0.4328253000000001
3.561e-09,0.43303099999999994
3.563e-09,0.4332273000000001
3.565e-09,0.4334142999999999
3.567e-09,0.4335920999999999
3.569e-09,0.4337611
3.571e-09,0.43392110000000006
3.573e-09,0.4340723999999999
3.575e-09,0.4342152
3.577e-09,0.43434949999999994
3.579e-09,0.4344756000000001
3.581e-09,0.4345936
3.583e-09,0.4347035
3.585e-09,0.4348056
3.587e-09,0.4348999
3.589e-09,0.43498670000000006
3.591e-09,0.4350659
3.593e-09,0.43513789999999997
3.595e-09,0.4352026
3.597e-09,0.4352602000000001
3.5985e-09,0.4352988
3.6e-09,0.43533350000000004
3.6002e-09,0.4353378
3.6006e-09,0.43534629999999996
3.6014e-09,0.43536240000000004
3.603e-09,0.4353916
3.605e-09,0.435422
3.607e-09,0.435446
3.609e-09,0.43546360000000006
3.611e-09,0.4354749
3.613e-09,0.4354800999999999
3.615e-09,0.4354792999999999
3.617e-09,0.43547249999999993
3.619e-09,0.4354599
3.621e-09,0.43544170000000004
3.623e-09,0.4354178000000001
3.625e-09,0.4353884
3.627e-09,0.43535370000000007
3.629e-09,0.4353136000000001
3.631e-09,0.4352684
3.633e-09,0.43521809999999994
3.635e-09,0.43516279999999996
3.637e-09,0.4351026
3.639e-09,0.4350376
3.641e-09,0.4349679999999999
3.643e-09,0.43489369999999994
3.645e-09,0.4348149
3.647e-09,0.43473170000000005
3.649e-09,0.4346441
3.651e-09,0.43455239999999995
3.653e-09,0.4344565
3.655e-09,0.4343564999999999
3.657e-09,0.43425250000000004
3.659e-09,0.43414469999999994
3.661e-09,0.434033
3.663e-09,0.4339176
3.665e-09,0.4337985999999999
3.667e-09,0.43367600000000006
3.669e-09,0.43354990000000004
3.671e-09,0.43342040000000004
3.673e-09,0.43328749999999994
3.675e-09,0.43315139999999996
3.677e-09,0.4330121
3.679e-09,0.4328697
3.681e-09,0.43272430000000006
3.683e-09,0.4325759
3.685e-09,0.43242460000000005
3.687e-09,0.4322705
3.689e-09,0.43211370000000004
3.691e-09,0.43195419999999995
3.693e-09,0.4317919
3.695e-09,0.4316272
3.697e-09,0.43145999999999995
3.699e-09,0.4312904000000001
3.701e-09,0.43111849999999996
3.703e-09,0.43094410000000005
3.705e-09,0.43076760000000003
3.707e-09,0.43058890000000005
3.709e-09,0.430408
3.711e-09,0.4302251
3.713e-09,0.4300404
3.715e-09,0.4298535
3.717e-09,0.4296647
3.719e-09,0.4294741999999999
3.721e-09,0.4292819
3.723e-09,0.42908789999999997
3.725e-09,0.4288921
3.727e-09,0.42869480000000004
3.729e-09,0.42849589999999993
3.731e-09,0.4282954
3.733e-09,0.42809359999999996
3.735e-09,0.42789030000000006
3.737e-09,0.42768569999999995
3.739e-09,0.4274797
3.741e-09,0.4272724
3.743e-09,0.42706389999999994
3.745e-09,0.42685419999999996
3.747e-09,0.4266434
3.749e-09,0.4264315000000001
3.751e-09,0.4262186
3.753e-09,0.42600460000000007
3.755e-09,0.42578969999999994
3.757e-09,0.42557390000000006
3.759e-09,0.425357
3.761e-09,0.4251395
3.763e-09,0.42492109999999994
3.765e-09,0.424702
3.767e-09,0.42448220000000003
3.769e-09,0.4242616
3.771e-09,0.4240402999999999
3.773e-09,0.42381859999999993
3.775e-09,0.42359610000000003
3.777e-09,0.4233732
3.779e-09,0.4231497999999999
3.781e-09,0.4229258
3.783e-09,0.4227014
3.785e-09,0.4224766
3.787e-09,0.4222515
3.789e-09,0.422026
3.791e-09,0.4218001
3.793e-09,0.421574
3.795e-09,0.4213477
3.797e-09,0.42112099999999997
3.7985e-09,0.42095099999999996
3.8e-09,0.42079180000000005
3.8002e-09,0.4207729
3.8006e-09,0.4207365999999999
3.8014e-09,0.42067220000000005
3.803e-09,0.4205654000000001
3.805e-09,0.4204468
3.807e-09,0.42031130000000005
3.809e-09,0.4201268
3.811e-09,0.4198662000000001
3.813e-09,0.4195065
3.815e-09,0.41902890000000004
3.817e-09,0.41841719999999993
3.819e-09,0.4176580999999999
3.821e-09,0.4167408
3.823e-09,0.4156561999999999
3.825e-09,0.4143975
3.827e-09,0.4129590999999999
3.829e-09,0.41133699999999995
3.831e-09,0.4095284
3.833e-09,0.4075316
3.835e-09,0.4053455
3.837e-09,0.40297039999999995
3.839e-09,0.40040699999999996
3.841e-09,0.39765680000000003
3.843e-09,0.39472170000000006
3.845e-09,0.3916043
3.847e-09,0.38830739999999997
3.849e-09,0.38483429999999996
3.851e-09,0.3811888000000001
3.853e-09,0.3773748
3.855e-09,0.3733965
3.857e-09,0.3692582
3.859e-09,0.36496439999999997
3.861e-09,0.36052000000000006
3.863e-09,0.35592959999999996
3.865e-09,0.351198
3.867e-09,0.3463305
3.869e-09,0.3413317
3.871e-09,0.3362069999999999
3.873e-09,0.3309613
3.875e-09,0.32559950000000004
3.877e-09,0.32012680000000004
3.879e-09,0.3145481
3.881e-09,0.30886840000000004
3.883e-09,0.30309259999999993
3.885e-09,0.2972256000000001
3.887e-09,0.2912722
3.889e-09,0.2852370000000001
3.891e-09,0.27912479999999995
3.893e-09,0.27294000000000007
3.895e-09,0.2666874
3.897e-09,0.260371
3.899e-09,0.25399550000000004
3.901e-09,0.24756479999999992
3.903e-09,0.24108339999999995
3.905e-09,0.23455500000000007
3.907e-09,0.22798379999999996
3.909e-09,0.22137339999999994
3.911e-09,0.21472780000000002
3.913e-09,0.20805039999999997
3.915e-09,0.201345
3.917e-09,0.19461489999999992
3.919e-09,0.18786360000000002
3.921e-09,0.18109419999999998
3.923e-09,0.17430990000000002
3.925e-09,0.1675139
3.927e-09,0.16070909999999994
3.929e-09,0.1538984
3.931e-09,0.14708449999999995
3.933e-09,0.14027040000000002
3.935e-09,0.13345830000000003
3.937e-09,0.12665100000000007
3.939e-09,0.1198509000000001
3.941e-09,0.1130603
3.943e-09,0.10628159999999998
3.945e-09,0.09951680000000007
3.947e-09,0.09276819999999997
3.949e-09,0.0860377
3.951e-09,0.07932729999999999
3.953e-09,0.07263889999999995
3.955e-09,0.06597429999999993
3.957e-09,0.05933529999999998
3.959e-09,0.052723399999999976
3.961e-09,0.04614039999999997
3.963e-09,0.0395877
3.965e-09,0.033066700000000004
3.967e-09,0.02657900000000002
3.969e-09,0.020125800000000083
3.971e-09,0.013708500000000012
3.973e-09,0.0073281000000000596
3.975e-09,0.0009860000000000424
3.977e-09,-0.005316899999999958
3.979e-09,-0.011579299999999959
3.981e-09,-0.017800499999999997
3.983e-09,-0.023979399999999984
3.985e-09,-0.03011509999999995
3.987e-09,-0.036206699999999925
3.989e-09,-0.042253499999999944
3.991e-09,-0.048254699999999984
3.993e-09,-0.05420959999999997
3.995e-09,-0.060117500000000046
3.997e-09,-0.06597780000000009
3.9985e-09,-0.07034149999999995
4e-09,-0.0746777999999999
4.0002e-09,-0.07525440000000005
4.0006e-09,-0.07640839999999993
4.0014e-09,-0.07872069999999998
4.003e-09,-0.08335170000000003
4.005e-09,-0.08912260000000005
4.007e-09,-0.09483619999999993
4.009e-09,-0.1004562
4.011e-09,-0.10595180000000004
4.013e-09,-0.11129739999999999
4.015e-09,-0.11647130000000006
4.017e-09,-0.1214556
4.019e-09,-0.1262356
4.021e-09,-0.1307992
4.023e-09,-0.13513730000000002
4.025e-09,-0.13924230000000004
4.027e-09,-0.14310880000000004
4.029e-09,-0.146733
4.031e-09,-0.15011240000000003
4.033e-09,-0.1532458
4.035e-09,-0.15613299999999997
4.037e-09,-0.1587748
4.039e-09,-0.16117270000000006
4.041e-09,-0.1633289
4.043e-09,-0.16524630000000007
4.045e-09,-0.1669280999999999
4.047e-09,-0.16837809999999998
4.049e-09,-0.16960039999999998
4.051e-09,-0.1705993
4.053e-09,-0.17137960000000008
4.055e-09,-0.17194600000000004
4.057e-09,-0.17230369999999995
4.059e-09,-0.17245750000000004
4.061e-09,-0.17241309999999999
4.063e-09,-0.1721754000000001
4.065e-09,-0.1717499
4.067e-09,-0.17114189999999996
4.069e-09,-0.1703570000000001
4.071e-09,-0.1694004
4.073e-09,-0.16827749999999997
4.075e-09,-0.16699360000000008
4.077e-09,-0.16555399999999998
4.079e-09,-0.163964
4.081e-09,-0.1622287
4.083e-09,-0.16035300000000008
4.085e-09,-0.15834229999999994
4.087e-09,-0.15620119999999993
4.089e-09,-0.15393479999999993
4.091e-09,-0.15154769999999995
4.093e-09,-0.14904469999999992
4.095e-09,-0.14643039999999996
4.097e-09,-0.1437092000000001
4.099e-09,-0.14088559999999994
4.101e-09,-0.13796390000000003
4.103e-09,-0.13494830000000002
4.105e-09,-0.13184299999999993
4.107e-09,-0.12865190000000004
4.109e-09,-0.12537900000000002
4.111e-09,-0.12202809999999997
4.113e-09,-0.11860300000000001
4.115e-09,-0.11510739999999997
4.117e-09,-0.1115448
4.119e-09,-0.10791859999999998
4.121e-09,-0.1042324
4.123e-09,-0.1004893
4.125e-09,-0.09669250000000007
4.127e-09,-0.09284519999999996
4.129e-09,-0.08895050000000004
4.131e-09,-0.08501120000000006
4.133e-09,-0.0810301
4.135e-09,-0.07701030000000009
4.137e-09,-0.07295419999999997
4.139e-09,-0.06886460000000005
4.141e-09,-0.06474410000000008
4.143e-09,-0.06059490000000001
4.145e-09,-0.05641970000000007
4.147e-09,-0.05222059999999995
4.149e-09,-0.04800000000000004
4.151e-09,-0.04376009999999997
4.153e-09,-0.039503000000000066
4.155e-09,-0.03523070000000006
4.157e-09,-0.030945200000000006
4.159e-09,-0.026648600000000022
4.161e-09,-0.022342500000000043
4.163e-09,-0.018028900000000014
4.165e-09,-0.013709500000000041
4.167e-09,-0.009385900000000058
4.169e-09,-0.005059900000000006
4.171e-09,-0.0007329999999999837
4.173e-09,0.003593399999999969
4.175e-09,0.007917700000000027
4.177e-09,0.012238500000000041
4.179e-09,0.01655440000000008
4.181e-09,0.02086409999999994
4.183e-09,0.025166400000000033
4.185e-09,0.02945999999999993
4.187e-09,0.033743599999999985
4.189e-09,0.0380163
4.191e-09,0.04227700000000001
4.193e-09,0.04652449999999997
4.195e-09,0.050757799999999964
4.197e-09,0.05497590000000008
4.1985e-09,0.058129100000000045
4.2e-09,0.06128389999999995
4.2002e-09,0.06170600000000004
4.2006e-09,0.06255140000000003
4.2014e-09,0.06424830000000004
4.203e-09,0.06765470000000007
4.205e-09,0.07190839999999998
4.207e-09,0.07612090000000005
4.209e-09,0.08025739999999992
4.211e-09,0.08428839999999993
4.213e-09,0.08818899999999996
4.215e-09,0.09193810000000002
4.217e-09,0.09551830000000006
4.219e-09,0.09891559999999999
4.221e-09,0.10211809999999999
4.223e-09,0.10511670000000006
4.225e-09,0.10790429999999995
4.227e-09,0.11047560000000001
4.229e-09,0.11282669999999995
4.231e-09,0.11495539999999993
4.233e-09,0.11686040000000009
4.235e-09,0.11854169999999997
4.237e-09,0.11999990000000005
4.239e-09,0.12123669999999998
4.241e-09,0.12225419999999998
4.243e-09,0.12305520000000003
4.245e-09,0.1236429
4.247e-09,0.12402119999999994
4.249e-09,0.12419389999999997
4.251e-09,0.12416539999999998
4.253e-09,0.12394039999999995
4.255e-09,0.12352340000000006
4.257e-09,0.12291960000000002
4.259e-09,0.12213379999999996
4.261e-09,0.12117129999999998
4.263e-09,0.12003710000000001
4.265e-09,0.11873670000000003
4.267e-09,0.11727509999999997
4.269e-09,0.11565769999999997
4.271e-09,0.11388969999999998
4.273e-09,0.11197629999999992
4.275e-09,0.10992270000000004
4.277e-09,0.10773390000000005
4.279e-09,0.10541520000000004
4.281e-09,0.10297129999999999
4.283e-09,0.10040740000000004
4.285e-09,0.09772799999999993
4.287e-09,0.09493819999999997
4.289e-09,0.09204259999999997
4.291e-09,0.0890457
4.293e-09,0.08595189999999997
4.295e-09,0.0827658
4.297e-09,0.07949169999999994
4.299e-09,0.07613349999999997
4.301e-09,0.07269569999999992
4.303e-09,0.06918210000000002
4.305e-09,0.0655966
4.307e-09,0.06194300000000008
4.309e-09,0.05822520000000009
4.311e-09,0.05444660000000001
4.313e-09,0.050610900000000014
4.315e-09,0.046721400000000024
4.317e-09,0.04278140000000008
4.319e-09,0.03879440000000001
4.321e-09,0.03476330000000005
4.323e-09,0.03069120000000003
4.325e-09,0.02658119999999997
4.327e-09,0.022435899999999953
4.329e-09,0.018258500000000066
4.331e-09,0.014051499999999995
4.333e-09,0.009817599999999982
4.335e-09,0.005559199999999986
4.337e-09,0.0012788999999999717
4.339e-09,-0.003020899999999993
4.341e-09,-0.007337900000000008
4.343e-09,-0.01166990000000001
4.345e-09,-0.01601459999999999
4.347e-09,-0.02037
4.349e-09,-0.02473409999999998
4.351e-09,-0.02910489999999999
4.353e-09,-0.03348040000000008
4.355e-09,-0.03785890000000003
4.357e-09,-0.04223849999999996
4.359e-09,-0.046617699999999984
4.361e-09,-0.05099470000000006
4.363e-09,-0.05536799999999997
4.365e-09,-0.05973600000000001
4.367e-09,-0.06409720000000008
4.369e-09,-0.06845029999999996
4.371e-09,-0.07279389999999997
4.373e-09,-0.07712649999999999
4.375e-09,-0.08144720000000005
4.377e-09,-0.08575449999999996
4.379e-09,-0.0900474
4.381e-09,-0.09432459999999998
4.383e-09,-0.09858520000000004
4.385e-09,-0.10282810000000009
4.387e-09,-0.10705229999999999
4.389e-09,-0.11125700000000005
4.391e-09,-0.11544120000000002
4.393e-09,-0.1196039000000001
4.395e-09,-0.12374450000000004
4.397e-09,-0.12786209999999998
4.3985e-09,-0.13093480000000002
4.4e-09,-0.1339939
4.4002e-09,-0.1344014
4.4006e-09,-0.13521739999999993
4.4014e-09,-0.13685710000000006
4.403e-09,-0.1401542
4.405e-09,-0.1442793
4.407e-09,-0.14837100000000003
4.409e-09,-0.1523932
4.411e-09,-0.15631469999999992
4.413e-09,-0.16010970000000002
4.415e-09,-0.16375649999999997
4.417e-09,-0.16723679999999996
4.419e-09,-0.17053569999999996
4.421e-09,-0.1736409
4.423e-09,-0.1765428
4.425e-09,-0.17923350000000005
4.427e-09,-0.18170760000000008
4.429e-09,-0.18396049999999997
4.431e-09,-0.18598959999999998
4.433e-09,-0.18779349999999995
4.435e-09,-0.18937130000000002
4.437e-09,-0.1907238
4.439e-09,-0.19185200000000002
4.441e-09,-0.19275799999999998
4.443e-09,-0.19344419999999996
4.445e-09,-0.19391360000000002
4.447e-09,-0.1941697
4.449e-09,-0.1942163
4.451e-09,-0.19405760000000005
4.453e-09,-0.19369800000000004
4.455e-09,-0.19314200000000004
4.457e-09,-0.19239450000000002
4.459e-09,-0.19146029999999992
4.461e-09,-0.19034459999999997
4.463e-09,-0.1890524
4.465e-09,-0.1875888
4.467e-09,-0.18595909999999993
4.469e-09,-0.18416849999999996
4.471e-09,-0.18222230000000006
4.473e-09,-0.1801254
4.475e-09,-0.17788330000000008
4.477e-09,-0.17550089999999996
4.479e-09,-0.17298329999999995
4.481e-09,-0.17033569999999998
4.483e-09,-0.1675628
4.485e-09,-0.16466979999999998
4.487e-09,-0.1616611
4.489e-09,-0.15854179999999995
4.491e-09,-0.15531629999999996
4.493e-09,-0.1519893
4.495e-09,-0.14856519999999995
4.497e-09,-0.14504840000000008
4.499e-09,-0.1414432
4.501e-09,-0.13775369999999998
4.503e-09,-0.13398410000000005
4.505e-09,-0.13013830000000004
4.507e-09,-0.1262204
4.509e-09,-0.12223410000000001
4.511e-09,-0.11818300000000004
4.513e-09,-0.11407089999999998
4.515e-09,-0.10990129999999998
4.517e-09,-0.10567759999999993
4.519e-09,-0.10140309999999997
4.521e-09,-0.09708110000000003
4.523e-09,-0.09271489999999993
4.525e-09,-0.08830749999999998
4.527e-09,-0.08386179999999999
4.529e-09,-0.07938079999999992
4.531e-09,-0.07486729999999997
4.533e-09,-0.07032400000000005
4.535e-09,-0.06575369999999991
4.537e-09,-0.06115879999999996
4.539e-09,-0.05654199999999998
4.541e-09,-0.05190549999999994
4.543e-09,-0.04725190000000001
4.545e-09,-0.04258320000000004
4.547e-09,-0.03790189999999993
4.549e-09,-0.03320999999999996
4.551e-09,-0.028509400000000018
4.553e-09,-0.023802299999999943
4.555e-09,-0.019090599999999958
4.557e-09,-0.014376100000000003
4.559e-09,-0.009660699999999967
4.561e-09,-0.004946099999999953
4.563e-09,-0.0002339000000000091
4.565e-09,0.004474099999999925
4.567e-09,0.00917659999999998
4.569e-09,0.013871899999999937
4.571e-09,0.01855859999999998
4.573e-09,0.02323520000000001
4.575e-09,0.027900599999999942
4.577e-09,0.03255330000000001
4.579e-09,0.03719210000000006
4.581e-09,0.04181590000000002
4.583e-09,0.046423400000000004
4.585e-09,0.05101359999999999
4.587e-09,0.05558540000000001
4.589e-09,0.06013790000000008
4.591e-09,0.06466990000000006
4.593e-09,0.06918069999999998
4.595e-09,0.07366929999999994
4.597e-09,0.07813479999999995
4.5985e-09,0.0814684
4.6e-09,0.08478819999999998
4.6002e-09,0.08522960000000002
4.6006e-09,0.08611199999999997
4.6014e-09,0.0878738
4.603e-09,0.09138519999999994
4.605e-09,0.09575070000000008
4.607e-09,0.1000896
4.609e-09,0.10440119999999997
4.611e-09,0.10868480000000003
4.613e-09,0.11293980000000003
4.615e-09,0.11716579999999999
4.617e-09,0.12136200000000008
4.619e-09,0.1255282000000001
4.621e-09,0.129664
4.623e-09,0.13376869999999996
4.625e-09,0.13784200000000002
4.627e-09,0.1418836
4.629e-09,0.14589299999999994
4.631e-09,0.14986999999999995
4.633e-09,0.15381430000000007
4.635e-09,0.15772549999999996
4.637e-09,0.16160339999999995
4.639e-09,0.16544780000000003
4.641e-09,0.16925849999999998
4.643e-09,0.1730351
4.645e-09,0.17677749999999992
4.647e-09,0.18048570000000008
4.649e-09,0.18415950000000003
4.651e-09,0.18779860000000004
4.653e-09,0.19140289999999993
4.655e-09,0.19497259999999994
4.657e-09,0.1985072
4.659e-09,0.20200700000000005
4.661e-09,0.20547170000000003
4.663e-09,0.20890140000000001
4.665e-09,0.2122959000000001
4.667e-09,0.2156555
4.669e-09,0.2189798999999999
4.671e-09,0.22226919999999994
4.673e-09,0.2255235
4.675e-09,0.22874280000000002
4.677e-09,0.23192710000000005
4.679e-09,0.23507650000000002
4.681e-09,0.23819100000000004
4.683e-09,0.24127070000000006
4.685e-09,0.24431579999999997
4.687e-09,0.24732620000000005
4.689e-09,0.25030209999999997
4.691e-09,0.2532436
4.693e-09,0.25615090000000007
4.695e-09,0.2590239
4.697e-09,0.2618631
4.699e-09,0.26466829999999997
4.701e-09,0.26743970000000006
4.703e-09,0.2701776
4.705e-09,0.27288219999999996
4.707e-09,0.2755532999999999
4.709e-09,0.27819150000000004
4.711e-09,0.28079660000000006
4.713e-09,0.2833690000000001
4.715e-09,0.2859089
4.717e-09,0.2884164
4.719e-09,0.29089180000000003
4.721e-09,0.29333510000000007
4.723e-09,0.29574670000000003
4.725e-09,0.29812669999999997
4.727e-09,0.3004753
4.729e-09,0.3027927
4.731e-09,0.3050792000000001
4.733e-09,0.3073349000000001
4.735e-09,0.30956019999999995
4.737e-09,0.3117552
4.739e-09,0.31392
4.741e-09,0.31605510000000003
4.743e-09,0.3181604
4.745e-09,0.32023650000000004
4.747e-09,0.3222834
4.749e-09,0.3243013
4.751e-09,0.3262906
4.753e-09,0.3282512999999999
4.755e-09,0.3301839
4.757e-09,0.3320885
4.759e-09,0.3339654000000001
4.761e-09,0.3358147
4.763e-09,0.3376367
4.765e-09,0.33943179999999995
4.767e-09,0.3412001
4.769e-09,0.3429418000000001
4.771e-09,0.34465730000000006
4.773e-09,0.34634660000000006
4.775e-09,0.34801019999999994
4.777e-09,0.34964819999999996
4.779e-09,0.35126080000000004
4.781e-09,0.35284839999999995
4.783e-09,0.3544111
4.785e-09,0.3559493
4.787e-09,0.35746310000000003
4.789e-09,0.3589527
4.791e-09,0.3604185000000001
4.793e-09,0.3618606
4.795e-09,0.36327940000000003
4.797e-09,0.36467499999999997
4.7985e-09,0.3657066000000001
4.8e-09,0.3667254999999999
4.8002e-09,0.36686019999999997
4.8006e-09,0.3671293
4.8014e-09,0.3676648
4.803e-09,0.36872499999999997
4.805e-09,0.3700304
4.807e-09,0.3713137000000001
4.809e-09,0.3725754
4.811e-09,0.37381549999999997
4.813e-09,0.37503430000000004
4.815e-09,0.37623209999999996
4.817e-09,0.3774092
4.819e-09,0.37856559999999995
4.821e-09,0.3797016
4.823e-09,0.3808176
4.825e-09,0.3819136000000001
4.827e-09,0.38298999999999994
4.829e-09,0.38404689999999997
4.831e-09,0.3850846
4.833e-09,0.38610330000000004
4.835e-09,0.3871032000000001
4.837e-09,0.38808450000000005
4.839e-09,0.38904739999999993
4.841e-09,0.3899922
4.843e-09,0.39091909999999996
4.845e-09,0.3918283
4.847e-09,0.39272000000000007
4.849e-09,0.3935944
4.851e-09,0.39445169999999996
4.853e-09,0.39529210000000004
4.855e-09,0.39611589999999997
4.857e-09,0.39692320000000003
4.859e-09,0.39771409999999996
4.861e-09,0.39848909999999993
4.863e-09,0.39924819999999994
4.865e-09,0.3999916
4.867e-09,0.40071959999999995
4.869e-09,0.4014322
4.871e-09,0.4021298
4.873e-09,0.4028125
4.875e-09,0.4034804999999999
4.877e-09,0.404134
4.879e-09,0.4047731
4.881e-09,0.4053981
4.883e-09,0.40600920000000007
4.885e-09,0.4066063999999999
4.887e-09,0.4071901
4.889e-09,0.4077603000000001
4.891e-09,0.40831739999999994
4.893e-09,0.4088613000000001
4.895e-09,0.4093924
4.897e-09,0.40991069999999996
4.899e-09,0.4104166
4.901e-09,0.41091
4.903e-09,0.4113911
4.905e-09,0.41186029999999996
4.907e-09,0.4123177
4.909e-09,0.41276330000000006
4.911e-09,0.41319720000000004
4.913e-09,0.41361989999999993
4.915e-09,0.41403119999999993
4.917e-09,0.4144316
4.919e-09,0.414821
4.921e-09,0.41519969999999995
4.923e-09,0.4155677
4.925e-09,0.41592529999999994
4.927e-09,0.41627250000000005
4.929e-09,0.4166096
4.931e-09,0.4169366
4.933e-09,0.41725390000000007
4.935e-09,0.41756139999999997
4.937e-09,0.4178592
4.939e-09,0.41814779999999996
4.941e-09,0.41842689999999993
4.943e-09,0.4186968000000001
4.945e-09,0.41895780000000005
4.947e-09,0.41920979999999997
4.949e-09,0.4194530999999999
4.951e-09,0.4196877
4.953e-09,0.41991389999999995
4.955e-09,0.4201317
4.957e-09,0.42034119999999997
4.959e-09,0.4205426
4.961e-09,0.42073610000000006
4.963e-09,0.42092169999999995
4.965e-09,0.4210994
4.967e-09,0.42126969999999997
4.969e-09,0.4214323000000001
4.971e-09,0.4215877
4.973e-09,0.42173570000000005
4.975e-09,0.42187659999999993
4.977e-09,0.42201050000000007
4.979e-09,0.4221374
4.981e-09,0.4222575999999999
4.983e-09,0.42237100000000005
4.985e-09,0.4224777999999999
4.987e-09,0.42257829999999996
4.989e-09,0.42267220000000005
4.991e-09,0.4227599000000001
4.993e-09,0.4228413999999999
4.995e-09,0.422917
4.997e-09,0.42298649999999993
4.9985e-09,0.42303480000000004
5e-09,0.42307990000000006
5.0002e-09,0.4230864
5.0006e-09,0.4231009
5.0014e-09,0.4231397
5.003e-09,0.423245
5.005e-09,0.4234002
5.007e-09,0.4235466
5.009e-09,0.4236499
5.011e-09,0.4236818
5.013e-09,0.4236181000000001
5.015e-09,0.4234386
5.017e-09,0.4231262
5.019e-09,0.42266709999999996
5.021e-09,0.42204949999999997
5.023e-09,0.4212639
5.025e-09,0.4203028000000001
5.027e-09,0.41916030000000004
5.029e-09,0.4178318
5.031e-09,0.41631419999999997
5.033e-09,0.41460530000000007
5.035e-09,0.41270399999999996
5.037e-09,0.4106101999999999
5.039e-09,0.4083242
5.041e-09,0.4058473
5.043e-09,0.4031814
5.045e-09,0.4003287
5.047e-09,0.397292
5.049e-09,0.39407439999999994
5.051e-09,0.39067950000000007
5.053e-09,0.3871112
5.055e-09,0.3833734000000001
5.057e-09,0.3794706
5.059e-09,0.37540699999999994
5.061e-09,0.3711873
5.063e-09,0.3668165
5.065e-09,0.3622991
5.067e-09,0.3576403
5.069e-09,0.3528448999999999
5.071e-09,0.3479179
5.073e-09,0.3428645
5.075e-09,0.3376897
5.077e-09,0.3323984
5.079e-09,0.32699559999999994
5.081e-09,0.3214865
5.083e-09,0.31587580000000004
5.085e-09,0.31016850000000007
5.087e-09,0.30436950000000007
5.089e-09,0.29848339999999995
5.091e-09,0.2925150000000001
5.093e-09,0.2864689
5.095e-09,0.2803496
5.097e-09,0.27416169999999995
5.099e-09,0.2679095
5.101e-09,0.2615972000000001
5.103e-09,0.2552291
5.105e-09,0.2488093
5.107e-09,0.2423417
5.109e-09,0.23583030000000005
5.111e-09,0.22927909999999996
5.113e-09,0.22269150000000004
5.115e-09,0.21607129999999997
5.117e-09,0.209422
5.119e-09,0.20274710000000007
5.121e-09,0.1960499
5.123e-09,0.18933350000000004
5.125e-09,0.18260129999999997
5.127e-09,0.1758561999999999
5.129e-09,0.16910120000000006
5.131e-09,0.16233920000000002
5.133e-09,0.15557290000000001
5.135e-09,0.14880510000000002
5.137e-09,0.14203829999999995
5.139e-09,0.13527520000000004
5.141e-09,0.12851800000000002
5.143e-09,0.12176909999999996
5.145e-09,0.11503090000000005
5.147e-09,0.10830550000000005
5.149e-09,0.10159499999999999
5.151e-09,0.09490149999999997
5.153e-09,0.0882269
5.155e-09,0.081573
5.157e-09,0.07494180000000006
5.159e-09,0.06833480000000003
5.161e-09,0.06175389999999992
5.163e-09,0.05520059999999993
5.165e-09,0.048676400000000064
5.167e-09,0.042182800000000076
5.169e-09,0.03572120000000001
5.171e-09,0.029292899999999955
5.173e-09,0.022899299999999956
5.175e-09,0.016541600000000045
5.177e-09,0.010220899999999977
5.179e-09,0.003938300000000061
5.181e-09,-0.002305099999999949
5.183e-09,-0.008508300000000024
5.185e-09,-0.014670300000000025
5.187e-09,-0.02079030000000004
5.189e-09,-0.026867299999999927
5.191e-09,-0.03290059999999995
5.193e-09,-0.03888939999999996
5.195e-09,-0.04483300000000001
5.197e-09,-0.05073059999999996
5.1985e-09,-0.055123399999999934
5.2e-09,-0.05948980000000004
5.2002e-09,-0.060069700000000004
5.2006e-09,-0.061228599999999966
5.2014e-09,-0.0635407
5.203e-09,-0.06814189999999998
5.205e-09,-0.07384999999999997
5.207e-09,-0.07950939999999995
5.209e-09,-0.08511980000000008
5.211e-09,-0.0906806
5.213e-09,-0.09619140000000004
5.215e-09,-0.10165200000000008
5.217e-09,-0.10706199999999999
5.219e-09,-0.1124212
5.221e-09,-0.11772919999999998
5.223e-09,-0.12298589999999998
5.225e-09,-0.12819099999999994
5.227e-09,-0.13334449999999998
5.229e-09,-0.13844610000000002
5.231e-09,-0.1434955
5.233e-09,-0.14849309999999993
5.235e-09,-0.15343839999999997
5.237e-09,-0.15833160000000002
5.239e-09,-0.1631724
5.241e-09,-0.16796100000000003
5.243e-09,-0.17269730000000005
5.245e-09,-0.17738150000000008
5.247e-09,-0.1820134
5.249e-09,-0.18659330000000007
5.251e-09,-0.19112110000000004
5.253e-09,-0.19559700000000002
5.255e-09,-0.20002090000000006
5.257e-09,-0.2043933
5.259e-09,-0.2087140999999999
5.261e-09,-0.21298340000000004
5.263e-09,-0.2172016
5.265e-09,-0.22136860000000003
5.267e-09,-0.22548480000000004
5.269e-09,-0.22955040000000004
5.271e-09,-0.23356540000000003
5.273e-09,-0.23753029999999997
5.275e-09,-0.24144509999999997
5.277e-09,-0.24531020000000003
5.279e-09,-0.2491259
5.281e-09,-0.25289230000000007
5.283e-09,-0.2566098
5.285e-09,-0.2602785000000001
5.287e-09,-0.26389889999999994
5.289e-09,-0.2674711999999999
5.291e-09,-0.2709956
5.293e-09,-0.2744725
5.295e-09,-0.27790230000000005
5.297e-09,-0.28128529999999996
5.299e-09,-0.28462160000000003
5.301e-09,-0.2879117000000001
5.303e-09,-0.2911560999999999
5.305e-09,-0.2943548
5.307e-09,-0.29750829999999995
5.309e-09,-0.30061689999999996
5.311e-09,-0.303681
5.313e-09,-0.306701
5.315e-09,-0.3096772
5.317e-09,-0.3126099
5.319e-09,-0.31549949999999993
5.321e-09,-0.31834629999999997
5.323e-09,-0.32115079999999996
5.325e-09,-0.3239134
5.327e-09,-0.3266342
5.329e-09,-0.3293138
5.331e-09,-0.3319525
5.333e-09,-0.3345507
5.335e-09,-0.33710869999999993
5.337e-09,-0.33962689999999995
5.339e-09,-0.34210569999999996
5.341e-09,-0.34454550000000006
5.343e-09,-0.3469466
5.345e-09,-0.3493094
5.347e-09,-0.35163429999999996
5.349e-09,-0.35392159999999995
5.351e-09,-0.3561717999999999
5.353e-09,-0.3583853
5.355e-09,-0.36056220000000005
5.357e-09,-0.3627032
5.359e-09,-0.36480840000000003
5.361e-09,-0.3668783
5.363e-09,-0.36891339999999995
5.365e-09,-0.3709137
5.367e-09,-0.3728800000000001
5.369e-09,-0.3748123
5.371e-09,-0.37671129999999997
5.373e-09,-0.37857699999999994
5.375e-09,-0.38041020000000003
5.377e-09,-0.3822107
5.379e-09,-0.38397939999999997
5.381e-09,-0.3857163
5.383e-09,-0.3874219
5.385e-09,-0.3890967000000001
5.387e-09,-0.39074070000000005
5.389e-09,-0.39235450000000005
5.391e-09,-0.39393849999999997
5.393e-09,-0.3954928
5.395e-09,-0.3970178
5.397e-09,-0.3985141
5.3985e-09,-0.39961750000000007
5.4e-09,-0.400705
5.4002e-09,-0.4008486
5.4006e-09,-0.40113540000000003
5.4014e-09,-0.4017056
5.403e-09,-0.40283270000000004
5.405e-09,-0.40421680000000004
5.407e-09,-0.40557370000000004
5.409e-09,-0.40690360000000003
5.411e-09,-0.40820709999999993
5.413e-09,-0.40948439999999997
5.415e-09,-0.41073570000000004
5.417e-09,-0.41196160000000004
5.419e-09,-0.4131621
5.421e-09,-0.4143376000000001
5.423e-09,-0.41548850000000004
5.425e-09,-0.4166151
5.427e-09,-0.41771769999999997
5.429e-09,-0.41879659999999996
5.431e-09,-0.419852
5.433e-09,-0.42088439999999994
5.435e-09,-0.421894
5.437e-09,-0.42288099999999995
5.439e-09,-0.42384579999999994
5.441e-09,-0.4247887
5.443e-09,-0.4257097999999999
5.445e-09,-0.4266097000000001
5.447e-09,-0.4274884000000001
5.449e-09,-0.4283464
5.451e-09,-0.42918390000000006
5.453e-09,-0.4300011
5.455e-09,-0.4307984
5.457e-09,-0.43157599999999996
5.459e-09,-0.43233409999999994
5.461e-09,-0.43307300000000004
5.463e-09,-0.43379309999999993
5.465e-09,-0.43449440000000006
5.467e-09,-0.43517740000000005
5.469e-09,-0.4358423
5.471e-09,-0.43648929999999997
5.473e-09,-0.43711869999999997
5.475e-09,-0.43773070000000003
5.477e-09,-0.43832550000000003
5.479e-09,-0.43890340000000005
5.481e-09,-0.43946469999999993
5.483e-09,-0.4400096
5.485e-09,-0.4405384
5.487e-09,-0.44105110000000003
5.489e-09,-0.44154819999999995
5.491e-09,-0.44202969999999997
5.493e-09,-0.44249610000000006
5.495e-09,-0.4429474
5.497e-09,-0.44338390000000005
5.499e-09,-0.44380569999999997
5.501e-09,-0.4442132000000001
5.503e-09,-0.4446065
5.505e-09,-0.444986
5.507e-09,-0.4453517
5.509e-09,-0.44570370000000004
5.511e-09,-0.4460425
5.513e-09,-0.4463682
5.515e-09,-0.446681
5.517e-09,-0.4469810000000001
5.519e-09,-0.44726849999999996
5.521e-09,-0.4475437
5.523e-09,-0.44780680000000006
5.525e-09,-0.4480579
5.527e-09,-0.44829719999999995
5.529e-09,-0.44852499999999995
5.531e-09,-0.44874139999999996
5.533e-09,-0.4489466999999999
5.535e-09,-0.4491408
5.537e-09,-0.4493241
5.539e-09,-0.44949680000000003
5.541e-09,-0.4496589999999999
5.543e-09,-0.4498109
5.545e-09,-0.4499525
5.547e-09,-0.45008419999999993
5.549e-09,-0.45020609999999994
5.551e-09,-0.4503184
5.553e-09,-0.45042119999999997
5.555e-09,-0.4505146
5.557e-09,-0.45059879999999997
5.559e-09,-0.450674
5.561e-09,-0.4507405
5.563e-09,-0.45079820000000004
5.565e-09,-0.45084729999999995
5.567e-09,-0.45088799999999996
5.569e-09,-0.45092049999999995
5.571e-09,-0.4509449
5.573e-09,-0.45096120000000006
5.575e-09,-0.45096990000000003
5.577e-09,-0.45097070000000006
5.579e-09,-0.4509641
5.581e-09,-0.45094999999999996
5.583e-09,-0.45092869999999996
5.585e-09,-0.4509002
5.587e-09,-0.4508647
5.589e-09,-0.45082239999999996
5.591e-09,-0.45077329999999993
5.593e-09,-0.45071760000000005
5.595e-09,-0.45065539999999993
5.597e-09,-0.4505869
5.5985e-09,-0.4505314
5.6e-09,-0.4504724
5.6002e-09,-0.45046430000000004
5.6006e-09,-0.45044779999999995
5.6014e-09,-0.45041430000000005
5.603e-09,-0.4503442999999999
5.605e-09,-0.45025139999999997
5.607e-09,-0.4501529000000001
5.609e-09,-0.45004869999999997
5.611e-09,-0.449939
5.613e-09,-0.4498238
5.615e-09,-0.44970330000000003
5.617e-09,-0.4495776
5.619e-09,-0.4494467999999999
5.621e-09,-0.44931109999999996
5.623e-09,-0.44917050000000003
5.625e-09,-0.449025
5.627e-09,-0.44887489999999997
5.629e-09,-0.4487202
5.631e-09,-0.44856109999999993
5.633e-09,-0.4483975
5.635e-09,-0.4482298
5.637e-09,-0.44805779999999995
5.639e-09,-0.44788169999999994
5.641e-09,-0.44770160000000003
5.643e-09,-0.44751760000000007
5.645e-09,-0.4473298
5.647e-09,-0.4471383000000001
5.649e-09,-0.4469432
5.651e-09,-0.4467445000000001
5.653e-09,-0.44654230000000006
5.655e-09,-0.4463368
5.657e-09,-0.4461280000000001
5.659e-09,-0.445916
5.661e-09,-0.4457008
5.663e-09,-0.44548259999999995
5.665e-09,-0.44526140000000003
5.667e-09,-0.44503729999999997
5.669e-09,-0.4448105
5.671e-09,-0.44458089999999995
5.673e-09,-0.44434869999999993
5.675e-09,-0.44411369999999994
5.677e-09,-0.4438763
5.679e-09,-0.4436365000000001
5.681e-09,-0.44339439999999997
5.683e-09,-0.4431497999999999
5.685e-09,-0.4429031
5.687e-09,-0.4426542
5.689e-09,-0.4424032
5.691e-09,-0.44215019999999994
5.693e-09,-0.4418951
5.695e-09,-0.4416382
5.697e-09,-0.4413794
5.699e-09,-0.4411189
5.701e-09,-0.44085659999999993
5.703e-09,-0.44059270000000006
5.705e-09,-0.4403271999999999
5.707e-09,-0.44006
5.709e-09,-0.4397915
5.711e-09,-0.4395215
5.713e-09,-0.4392501
5.715e-09,-0.43897739999999996
5.717e-09,-0.43870339999999997
5.719e-09,-0.43842819999999993
5.721e-09,-0.43815190000000004
5.723e-09,-0.4378744
5.725e-09,-0.4375958999999999
5.727e-09,-0.4373163
5.729e-09,-0.43703590000000003
5.731e-09,-0.4367544
5.733e-09,-0.4364722
5.735e-09,-0.43618899999999994
5.737e-09,-0.43590509999999993
5.739e-09,-0.4356205999999999
5.741e-09,-0.4353353
5.743e-09,-0.43504929999999997
5.745e-09,-0.4347628
5.747e-09,-0.4344756999999999
5.749e-09,-0.43418809999999997
5.751e-09,-0.43389999999999995
5.753e-09,-0.43361150000000004
5.755e-09,-0.43332250000000005
5.757e-09,-0.43303329999999995
5.759e-09,-0.43274369999999995
5.761e-09,-0.4324538
5.763e-09,-0.43216370000000004
5.765e-09,-0.4318734000000001
5.767e-09,-0.43158279999999993
5.769e-09,-0.4312922
5.771e-09,-0.4310014
5.773e-09,-0.4307107
5.775e-09,-0.4304198
5.777e-09,-0.4301288999999999
5.779e-09,-0.4298381
5.781e-09,-0.4295473000000001
5.783e-09,-0.4292566
5.785e-09,-0.42896599999999996
5.787e-09,-0.42867560000000005
5.789e-09,-0.42838529999999997
5.791e-09,-0.42809529999999996
5.793e-09,-0.42780550000000006
5.795e-09,-0.42751590000000006
5.797e-09,-0.4272265999999999
5.7985e-09,-0.42700989999999994
5.8e-09,-0.42679330000000004
5.8002e-09,-0.42676519999999996
5.8006e-09,-0.4267107
5.8014e-09,-0.42661210000000005
5.803e-09,-0.4264454000000001
5.805e-09,-0.42626600000000003
5.807e-09,-0.4260834
5.809e-09,-0.42586330000000006
5.811e-09,-0.42557730000000005
5.813e-09,-0.4252009
5.815e-09,-0.42471369999999997
5.817e-09,-0.4240988
5.819e-09,-0.4233418
5.821e-09,-0.422431
5.823e-09,-0.4213568000000001
5.825e-09,-0.4201117
5.827e-09,-0.4186894
5.829e-09,-0.41708539999999994
5.831e-09,-0.4152965999999999
5.833e-09,-0.41332060000000004
5.835e-09,-0.4111564
5.837e-09,-0.4088035
5.839e-09,-0.40626260000000003
5.841e-09,-0.40353490000000003
5.843e-09,-0.4006219999999999
5.845e-09,-0.3975261
5.847e-09,-0.39425030000000005
5.849e-09,-0.3907975
5.851e-09,-0.38717119999999994
5.853e-09,-0.3833753
5.855e-09,-0.3794139000000001
5.857e-09,-0.3752911
5.859e-09,-0.3710116
5.861e-09,-0.36657989999999996
5.863e-09,-0.36200069999999995
5.865e-09,-0.357279
5.867e-09,-0.3524195
5.869e-09,-0.3474273
5.871e-09,-0.3423075
5.873e-09,-0.3370649
5.875e-09,-0.3317048
5.877e-09,-0.3262319
5.879e-09,-0.3206515
5.881e-09,-0.3149685
5.883e-09,-0.3091876
5.885e-09,-0.303314
5.887e-09,-0.2973523
5.889e-09,-0.29130729999999994
5.891e-09,-0.2851838
5.893e-09,-0.27898619999999996
5.895e-09,-0.27271920000000005
5.897e-09,-0.2663871000000001
5.899e-09,-0.2599943
5.901e-09,-0.2535452
5.903e-09,-0.24704369999999998
5.905e-09,-0.24049409999999993
5.907e-09,-0.2339004
5.909e-09,-0.22726630000000003
5.911e-09,-0.22059569999999995
5.913e-09,-0.21389229999999992
5.915e-09,-0.2071596
5.917e-09,-0.2004013
5.919e-09,-0.19362060000000003
5.921e-09,-0.18682100000000001
5.923e-09,-0.18000550000000004
5.925e-09,-0.17317729999999998
5.927e-09,-0.16633940000000003
5.929e-09,-0.1594947
5.931e-09,-0.15264619999999995
5.933e-09,-0.14579640000000005
5.935e-09,-0.13894819999999997
5.937e-09,-0.132104
5.939e-09,-0.12526630000000005
5.941e-09,-0.11843750000000008
5.943e-09,-0.1116199
5.945e-09,-0.10481569999999996
5.947e-09,-0.09802710000000003
5.949e-09,-0.09125630000000007
5.951e-09,-0.0845049
5.953e-09,-0.07777520000000004
5.955e-09,-0.07106880000000004
5.957e-09,-0.06438770000000005
5.959e-09,-0.0577333000000001
5.961e-09,-0.05110749999999997
5.963e-09,-0.04451170000000004
5.965e-09,-0.037947399999999964
5.967e-09,-0.031416
5.969e-09,-0.024918900000000077
5.971e-09,-0.018457400000000068
5.973e-09,-0.012032800000000066
5.975e-09,-0.005646200000000046
5.977e-09,0.0007011999999999574
5.979e-09,0.007008400000000026
5.981e-09,0.01327440000000002
5.983e-09,0.019498099999999963
5.985e-09,0.025678699999999943
5.987e-09,0.03181519999999993
5.989e-09,0.037907000000000024
5.991e-09,0.043953300000000084
5.993e-09,0.04995309999999997
5.995e-09,0.05590600000000001
5.997e-09,0.06181130000000001
5.9985e-09,0.06620859999999995
6e-09,0.07057849999999999
6.0002e-09,0.07115879999999997
6.0006e-09,0.07231850000000006
6.0014e-09,0.07463199999999992
6.003e-09,0.07923520000000006
6.005e-09,0.08494430000000008
6.007e-09,0.09060310000000005
6.009e-09,0.09621140000000006
6.011e-09,0.10176869999999993
6.013e-09,0.1072746
6.015e-09,0.11272879999999996
6.017e-09,0.11813089999999993
6.019e-09,0.12348100000000006
6.021e-09,0.12877850000000002
6.023e-09,0.1340235999999999
6.025e-09,0.1392158
6.027e-09,0.144355
6.029e-09,0.14944120000000005
6.031e-09,0.1544742
6.033e-09,0.15945409999999993
6.035e-09,0.16438070000000005
6.037e-09,0.16925400000000002
6.039e-09,0.17407399999999995
6.041e-09,0.17884080000000002
6.043e-09,0.18355430000000006
6.045e-09,0.1882146
6.047e-09,0.1928219
6.049e-09,0.197376
6.051e-09,0.20187730000000004
6.053e-09,0.2063258
6.055e-09,0.2107217
6.057e-09,0.21506499999999995
6.059e-09,0.219356
6.061e-09,0.22359490000000004
6.063e-09,0.22778180000000003
6.065e-09,0.23191680000000003
6.067e-09,0.2360004
6.069e-09,0.24003260000000004
6.071e-09,0.2440137
6.073e-09,0.24794400000000005
6.075e-09,0.2518235999999999
6.077e-09,0.255653
6.079e-09,0.2594322
6.081e-09,0.26316170000000005
6.083e-09,0.26684170000000007
6.085e-09,0.2704725
6.087e-09,0.2740543999999999
6.089e-09,0.27758780000000005
6.091e-09,0.28107289999999996
6.093e-09,0.2845101
6.095e-09,0.28789960000000003
6.097e-09,0.291242
6.099e-09,0.29453720000000005
6.101e-09,0.297786
6.103e-09,0.3009885
6.105e-09,0.30414509999999995
6.107e-09,0.3072562
6.109e-09,0.310322
6.111e-09,0.31334320000000004
6.113e-09,0.3163197
6.115e-09,0.3192522
6.117e-09,0.32214110000000007
6.119e-09,0.32498649999999996
6.121e-09,0.327789
6.123e-09,0.33054890000000003
6.125e-09,0.3332665
6.127e-09,0.3359424000000001
6.129e-09,0.33857669999999995
6.131e-09,0.34117010000000003
6.133e-09,0.3437226000000001
6.135e-09,0.3462349
6.137e-09,0.3487072
6.139e-09,0.35114
6.141e-09,0.3535336
6.143e-09,0.3558884
6.145e-09,0.3582048000000001
6.147e-09,0.3604832
6.149e-09,0.36272399999999994
6.151e-09,0.36492750000000007
6.153e-09,0.3670941
6.155e-09,0.3692242
6.157e-09,0.3713183
6.159e-09,0.37337659999999995
6.161e-09,0.3753995
6.163e-09,0.3773875
6.165e-09,0.3793409
6.167e-09,0.38125999999999993
6.169e-09,0.3831453
6.171e-09,0.3849971000000001
6.173e-09,0.3868157
6.175e-09,0.3886016
6.177e-09,0.39035509999999995
6.179e-09,0.39207669999999994
6.181e-09,0.39376659999999997
6.183e-09,0.39542520000000003
6.185e-09,0.3970528
6.187e-09,0.3986499
6.189e-09,0.40021680000000004
6.191e-09,0.4017537
6.193e-09,0.4032612
6.195e-09,0.40473950000000003
6.197e-09,0.40618909999999997
6.1985e-09,0.4072574
6.2e-09,0.4083099
6.2002e-09,0.40844959999999997
6.2006e-09,0.40873040000000005
6.2014e-09,0.40929859999999996
6.203e-09,0.41045240000000005
6.205e-09,0.41189889999999996
6.207e-09,0.4133154
6.209e-09,0.4146683
6.211e-09,0.41593009999999997
6.213e-09,0.4170769
6.215e-09,0.41808920000000005
6.217e-09,0.41895059999999995
6.219e-09,0.41964750000000006
6.221e-09,0.42016870000000006
6.223e-09,0.42050540000000003
6.225e-09,0.42065030000000003
6.227e-09,0.42059769999999996
6.229e-09,0.4203437
6.231e-09,0.41988520000000007
6.233e-09,0.41922020000000004
6.235e-09,0.41834819999999995
6.237e-09,0.41726869999999994
6.239e-09,0.4159826
6.241e-09,0.4144911
6.243e-09,0.41279620000000006
6.245e-09,0.4109003
6.247e-09,0.4088062
6.249e-09,0.406517
6.251e-09,0.40403639999999996
6.253e-09,0.40136820000000006
6.255e-09,0.3985164
6.257e-09,0.3954854
6.259e-09,0.39227960000000006
6.261e-09,0.3889035999999999
6.263e-09,0.3853622000000001
6.265e-09,0.38166010000000006
6.267e-09,0.3778024
6.269e-09,0.3737939
6.271e-09,0.3696397
6.273e-09,0.3653448
6.275e-09,0.36091419999999996
6.277e-09,0.3563529999999999
6.279e-09,0.35166620000000004
6.281e-09,0.3468586
6.283e-09,0.3419354
6.285e-09,0.33690129999999996
6.287e-09,0.3317614000000001
6.289e-09,0.32652020000000004
6.291e-09,0.32118270000000004
6.293e-09,0.3157535
6.295e-09,0.31023709999999993
6.297e-09,0.3046381
6.299e-09,0.2989609
6.301e-09,0.29320979999999996
6.303e-09,0.2873892
6.305e-09,0.2815031
6.307e-09,0.27555589999999996
6.309e-09,0.26955130000000005
6.311e-09,0.2634934
6.313e-09,0.25738590000000006
6.315e-09,0.25123260000000003
6.317e-09,0.2450370999999999
6.319e-09,0.238803
6.321e-09,0.2325338
6.323e-09,0.22623269999999995
6.325e-09,0.21990310000000002
6.327e-09,0.21354819999999997
6.329e-09,0.207171
6.331e-09,0.20077460000000003
6.333e-09,0.19436189999999998
6.335e-09,0.18793559999999998
6.337e-09,0.1814987
6.339e-09,0.17505369999999998
6.341e-09,0.16860319999999995
6.343e-09,0.16214970000000006
6.345e-09,0.15569560000000005
6.347e-09,0.14924329999999997
6.349e-09,0.14279509999999995
6.351e-09,0.1363529
6.353e-09,0.1299192
6.355e-09,0.12349579999999993
6.357e-09,0.1170846000000001
6.359e-09,0.1106878
6.361e-09,0.10430699999999993
6.363e-09,0.09794389999999997
6.365e-09,0.09160039999999992
6.367e-09,0.08527799999999996
6.369e-09,0.07897829999999995
6.371e-09,0.07270279999999996
6.373e-09,0.06645279999999998
6.375e-09,0.06022989999999995
6.377e-09,0.05403530000000001
6.379e-09,0.04787030000000003
6.381e-09,0.04173609999999994
6.383e-09,0.035633899999999996
6.385e-09,0.029564799999999947
6.387e-09,0.023529899999999992
6.389e-09,0.017530099999999993
6.391e-09,0.011566500000000035
6.393e-09,0.005639799999999973
6.395e-09,-0.00024900000000005473
6.397e-09,-0.006098900000000018
6.3985e-09,-0.010460599999999931
6.4e-09,-0.014810700000000065
6.4002e-09,-0.015391000000000044
6.4006e-09,-0.01655260000000003
6.4014e-09,-0.018878900000000032
6.403e-09,-0.023533000000000026
6.405e-09,-0.029325400000000057
6.407e-09,-0.03505399999999992
6.409e-09,-0.04068379999999994
6.411e-09,-0.04618559999999994
6.413e-09,-0.051534599999999986
6.415e-09,-0.05671000000000004
6.417e-09,-0.06169469999999999
6.419e-09,-0.0664749
6.421e-09,-0.07103900000000007
6.423e-09,-0.07537800000000006
6.425e-09,-0.07948539999999993
6.427e-09,-0.08335590000000004
6.429e-09,-0.08698620000000001
6.431e-09,-0.09037390000000001
6.433e-09,-0.09351849999999995
6.435e-09,-0.0964199
6.437e-09,-0.09907899999999992
6.439e-09,-0.10149790000000003
6.441e-09,-0.10367870000000001
6.443e-09,-0.10562479999999996
6.445e-09,-0.10733950000000003
6.447e-09,-0.1088266
6.449e-09,-0.11009060000000004
6.451e-09,-0.11113570000000006
6.453e-09,-0.11196700000000004
6.455e-09,-0.1125893
6.457e-09,-0.11300779999999999
6.459e-09,-0.11322740000000009
6.461e-09,-0.11325379999999996
6.463e-09,-0.11309219999999998
6.465e-09,-0.11274780000000006
6.467e-09,-0.1122265
6.469e-09,-0.1115332
6.471e-09,-0.11067350000000009
6.473e-09,-0.1096528
6.475e-09,-0.10847629999999997
6.477e-09,-0.10714939999999995
6.479e-09,-0.10567729999999997
6.481e-09,-0.10406500000000007
6.483e-09,-0.10231760000000001
6.485e-09,-0.10044010000000003
6.487e-09,-0.09843749999999996
6.489e-09,-0.09631449999999997
6.491e-09,-0.09407569999999998
6.493e-09,-0.09172599999999997
6.495e-09,-0.08926970000000001
6.497e-09,-0.0867114
6.499e-09,-0.08405530000000005
6.501e-09,-0.08130570000000004
6.503e-09,-0.0784667
6.505e-09,-0.07554240000000001
6.507e-09,-0.07253679999999996
6.509e-09,-0.0694536
6.511e-09,-0.0662967000000001
6.513e-09,-0.06306959999999995
6.515e-09,-0.05977599999999994
6.517e-09,-0.05641930000000006
6.519e-09,-0.053002900000000075
6.521e-09,-0.04952999999999996
6.523e-09,-0.046003999999999934
6.525e-09,-0.042427800000000016
6.527e-09,-0.03880459999999997
6.529e-09,-0.03513719999999998
6.531e-09,-0.03142849999999997
6.533e-09,-0.02768130000000002
6.535e-09,-0.02389819999999998
6.537e-09,-0.020081900000000097
6.539e-09,-0.016234900000000052
6.541e-09,-0.012359699999999973
6.543e-09,-0.008458599999999983
6.545e-09,-0.004534000000000038
6.547e-09,-0.0005880999999999803
6.549e-09,0.0033769999999999634
6.551e-09,0.007359100000000063
6.553e-09,0.011356199999999927
6.555e-09,0.01536650000000006
6.557e-09,0.019387700000000008
6.559e-09,0.02341839999999995
6.561e-09,0.027456499999999995
6.563e-09,0.03150050000000004
6.565e-09,0.03554849999999998
6.567e-09,0.039599199999999946
6.569e-09,0.04365079999999999
6.571e-09,0.047701899999999964
6.573e-09,0.05175110000000005
6.575e-09,0.05579690000000004
6.577e-09,0.05983799999999995
6.579e-09,0.06387319999999996
6.581e-09,0.06790099999999999
6.583e-09,0.07192049999999994
6.585e-09,0.07593039999999995
6.587e-09,0.07992969999999999
6.589e-09,0.08391720000000003
6.591e-09,0.08789179999999996
6.593e-09,0.09185279999999996
6.595e-09,0.09579899999999997
6.597e-09,0.09972970000000003
6.5985e-09,0.1026669
6.6e-09,0.10559450000000004
6.6002e-09,0.10598399999999997
6.6006e-09,0.10676260000000004
6.6014e-09,0.10831780000000002
6.603e-09,0.1114193
6.605e-09,0.11527920000000003
6.607e-09,0.1191194000000001
6.609e-09,0.12293929999999997
6.611e-09,0.12673840000000003
6.613e-09,0.1305156999999999
6.615e-09,0.13427100000000003
6.617e-09,0.1380034
6.619e-09,0.14171250000000002
6.621e-09,0.14539780000000002
6.623e-09,0.14905880000000005
6.625e-09,0.15269490000000008
6.627e-09,0.1563059
6.629e-09,0.1598912
6.631e-09,0.16345029999999994
6.633e-09,0.1669832
6.635e-09,0.1704892
6.637e-09,0.17396809999999996
6.639e-09,0.17741969999999996
6.641e-09,0.1808436
6.643e-09,0.1842395
6.645e-09,0.18760730000000003
6.647e-09,0.19094650000000002
6.649e-09,0.19425720000000002
6.651e-09,0.19753909999999997
6.653e-09,0.20079199999999997
6.655e-09,0.20401570000000002
6.657e-09,0.20721
6.659e-09,0.21037490000000003
6.661e-09,0.21351030000000004
6.663e-09,0.21661600000000003
6.665e-09,0.219692
6.667e-09,0.2227382
6.669e-09,0.22575449999999997
6.671e-09,0.22874079999999997
6.673e-09,0.23169720000000005
6.675e-09,0.2346237
6.677e-09,0.2375201
6.679e-09,0.24038649999999995
6.681e-09,0.24322290000000002
6.683e-09,0.2460293
6.685e-09,0.24880579999999997
6.687e-09,0.2515522
6.689e-09,0.2542689
6.691e-09,0.2569557
6.693e-09,0.2596128
6.695e-09,0.2622401
6.697e-09,0.2648378
6.699e-09,0.26740600000000003
6.701e-09,0.26994470000000004
6.703e-09,0.272454
6.705e-09,0.2749342
6.707e-09,0.27738510000000005
6.709e-09,0.2798071
6.711e-09,0.2821999999999999
6.713e-09,0.2845643
6.715e-09,0.2868999
6.717e-09,0.28920689999999993
6.719e-09,0.2914856
6.721e-09,0.293736
6.723e-09,0.29595840000000007
6.725e-09,0.2981528
6.727e-09,0.30031949999999996
6.729e-09,0.3024586
6.731e-09,0.30457009999999995
6.733e-09,0.3066544
6.735e-09,0.3087116999999999
6.737e-09,0.3107420000000001
6.739e-09,0.3127455
6.741e-09,0.3147224999999999
6.743e-09,0.316673
6.745e-09,0.31859729999999997
6.747e-09,0.32049570000000005
6.749e-09,0.3223682
6.751e-09,0.3242149
6.753e-09,0.3260364
6.755e-09,0.32783249999999997
6.757e-09,0.32960350000000005
6.759e-09,0.3313497000000001
6.761e-09,0.3330712
6.763e-09,0.33476819999999996
6.765e-09,0.336441
6.767e-09,0.3380896000000001
6.769e-09,0.33971450000000003
6.771e-09,0.34131560000000005
6.773e-09,0.34289329999999996
6.775e-09,0.3444476999999999
6.777e-09,0.34597919999999993
6.779e-09,0.34748769999999995
6.781e-09,0.34897349999999994
6.783e-09,0.350437
6.785e-09,0.3518783
6.787e-09,0.3532974
6.789e-09,0.3546948
6.791e-09,0.3560706
6.793e-09,0.3574250000000001
6.795e-09,0.35875809999999997
6.797e-09,0.36007029999999995
6.7985e-09,0.36104079999999994
6.8e-09,0.3619996000000001
6.8002e-09,0.36212640000000007
6.8006e-09,0.36237969999999997
6.8014e-09,0.3628840000000001
6.803e-09,0.3638827
6.805e-09,0.36511289999999996
6.807e-09,0.36632319999999996
6.809e-09,0.36751369999999994
6.811e-09,0.3686845999999999
6.813e-09,0.36983619999999995
6.815e-09,0.37096850000000003
6.817e-09,0.3720819999999999
6.819e-09,0.37317670000000003
6.821e-09,0.37425279999999994
6.823e-09,0.37531060000000005
6.825e-09,0.37635019999999997
6.827e-09,0.37737180000000003
6.829e-09,0.3783755999999999
6.831e-09,0.37936190000000003
6.833e-09,0.38033079999999997
6.835e-09,0.38128249999999997
6.837e-09,0.38221720000000003
6.839e-09,0.38313510000000006
6.841e-09,0.3840363
6.843e-09,0.38492119999999996
6.845e-09,0.3857899
6.847e-09,0.3866423
6.849e-09,0.3874791000000001
6.851e-09,0.3883000999999999
6.853e-09,0.3891055
6.855e-09,0.3898958
6.857e-09,0.39067090000000004
6.859e-09,0.391431
6.861e-09,0.3921762
6.863e-09,0.3929069999999999
6.865e-09,0.3936233
6.867e-09,0.3943253
6.869e-09,0.3950133
6.871e-09,0.3956874
6.873e-09,0.3963477999999999
6.875e-09,0.39699450000000003
6.877e-09,0.39762790000000003
6.879e-09,0.3982481
6.881e-09,0.3988553
6.883e-09,0.3994495
6.885e-09,0.4000309999999999
6.887e-09,0.40059980000000006
6.889e-09,0.4011563
6.891e-09,0.4017007
6.893e-09,0.40223280000000006
6.895e-09,0.402753
6.897e-09,0.40326149999999994
6.899e-09,0.4037582999999999
6.901e-09,0.4042437
6.903e-09,0.40471769999999996
6.905e-09,0.4051806
6.907e-09,0.4056324
6.909e-09,0.4060733999999999
6.911e-09,0.4065037
6.913e-09,0.4069233
6.915e-09,0.4073325
6.917e-09,0.4077315
6.919e-09,0.40812020000000004
6.921e-09,0.40849899999999995
6.923e-09,0.40886789999999995
6.925e-09,0.40922710000000007
6.927e-09,0.40957659999999996
6.929e-09,0.40991659999999996
6.931e-09,0.4102473
6.933e-09,0.41056880000000007
6.935e-09,0.4108813
6.937e-09,0.41118470000000007
6.939e-09,0.41147939999999994
6.941e-09,0.41176539999999995
6.943e-09,0.41204280000000004
6.945e-09,0.4123118
6.947e-09,0.4125725
6.949e-09,0.41282489999999994
6.951e-09,0.4130693
6.953e-09,0.41330579999999995
6.955e-09,0.4135343
6.957e-09,0.4137552
6.959e-09,0.41396849999999996
6.961e-09,0.41417419999999994
6.963e-09,0.4143726
6.965e-09,0.4145637999999999
6.967e-09,0.4147478
6.969e-09,0.4149246999999999
6.971e-09,0.4150946
6.973e-09,0.41525769999999995
6.975e-09,0.41541420000000007
6.977e-09,0.41556399999999993
6.979e-09,0.4157073
6.981e-09,0.41584410000000005
6.983e-09,0.4159748
6.985e-09,0.41609910000000006
6.987e-09,0.41621739999999996
6.989e-09,0.4163295
6.991e-09,0.41643589999999997
6.993e-09,0.41653640000000003
6.995e-09,0.41663110000000003
6.997e-09,0.4167202
6.9985e-09,0.4167834
7e-09,0.4168436000000001
7.0002e-09,0.41685209999999995
7.0006e-09,0.41687070000000004
7.0014e-09,0.4169176
7.003e-09,0.4170393
7.005e-09,0.41721529999999996
7.007e-09,0.4173825
7.009e-09,0.41750680000000007
7.011e-09,0.4175595000000001
7.013e-09,0.41751650000000007
7.015e-09,0.4173576
7.017e-09,0.4170657
7.019e-09,0.4166267
7.021e-09,0.41602890000000003
7.023e-09,0.41526280000000004
7.025e-09,0.4143211
7.027e-09,0.41319759999999994
7.029e-09,0.4118879
7.031e-09,0.41038870000000005
7.033e-09,0.40869810000000006
7.035e-09,0.40681480000000003
7.037e-09,0.40473880000000007
7.039e-09,0.40247069999999996
7.041e-09,0.4000113999999999
7.043e-09,0.3973629000000001
7.045e-09,0.3945276999999999
7.047e-09,0.3915084
7.049e-09,0.38830830000000005
7.051e-09,0.38493109999999997
7.053e-09,0.3813803
7.055e-09,0.3776602
7.057e-09,0.37377499999999997
7.059e-09,0.3697294
7.061e-09,0.36552799999999996
7.063e-09,0.3611753999999999
7.065e-09,0.35667670000000007
7.067e-09,0.3520367
7.069e-09,0.34726029999999997
7.071e-09,0.3423526
7.073e-09,0.33731880000000003
7.075e-09,0.33216390000000007
7.077e-09,0.3268928
7.079e-09,0.32151050000000003
7.081e-09,0.31602220000000003
7.083e-09,0.31043260000000006
7.085e-09,0.3047468
7.087e-09,0.2989695
7.089e-09,0.2931055
7.091e-09,0.28715960000000007
7.093e-09,0.28113620000000006
7.095e-09,0.27503999999999995
7.097e-09,0.26887550000000005
7.099e-09,0.2626470000000001
7.101e-09,0.25635869999999994
7.103e-09,0.250015
7.105e-09,0.24361979999999994
7.107e-09,0.23717719999999998
7.109e-09,0.23069099999999998
7.111e-09,0.2241653
7.113e-09,0.21760349999999995
7.115e-09,0.2110094
7.117e-09,0.20438639999999997
7.119e-09,0.19773810000000003
7.121e-09,0.1910676
7.123e-09,0.18437839999999994
7.125e-09,0.17767339999999998
7.127e-09,0.17095590000000005
7.129e-09,0.1642285
7.131e-09,0.15749440000000003
7.133e-09,0.1507562
7.135e-09,0.1440167
7.137e-09,0.1372783999999999
7.139e-09,0.1305438
7.141e-09,0.12381529999999996
7.143e-09,0.11709540000000007
7.145e-09,0.11038629999999994
7.147e-09,0.10369000000000006
7.149e-09,0.0970088
7.151e-09,0.09034470000000006
7.153e-09,0.0836996000000001
7.155e-09,0.07707529999999996
7.157e-09,0.07047369999999997
7.159e-09,0.06389649999999991
7.161e-09,0.05734550000000005
7.163e-09,0.050822000000000034
7.165e-09,0.04432769999999997
7.167e-09,0.03786410000000007
7.169e-09,0.031432499999999974
7.171e-09,0.025034300000000065
7.173e-09,0.018670799999999987
7.175e-09,0.012343100000000051
7.177e-09,0.006052399999999958
7.179e-09,-0.00020010000000003636
7.181e-09,-0.0064134000000000135
7.183e-09,-0.012586500000000056
7.185e-09,-0.018718500000000082
7.187e-09,-0.024808400000000064
7.189e-09,-0.030855500000000036
7.191e-09,-0.03685879999999997
7.193e-09,-0.04281769999999996
7.195e-09,-0.04873139999999998
7.197e-09,-0.05459930000000002
7.1985e-09,-0.058969700000000014
7.2e-09,-0.06331379999999998
7.2002e-09,-0.06389140000000004
7.2006e-09,-0.06504759999999998
7.2014e-09,-0.0673646
7.203e-09,-0.07200569999999995
7.205e-09,-0.07779060000000004
7.207e-09,-0.08351960000000003
7.209e-09,-0.08915620000000002
7.211e-09,-0.09466960000000002
7.213e-09,-0.10003399999999996
7.215e-09,-0.10522759999999998
7.217e-09,-0.11023240000000001
7.219e-09,-0.1150336999999999
7.221e-09,-0.11961940000000004
7.223e-09,-0.12397999999999998
7.225e-09,-0.1281082
7.227e-09,-0.13199840000000007
7.229e-09,-0.1356467
7.231e-09,-0.13905070000000008
7.233e-09,-0.14220929999999998
7.235e-09,-0.14512199999999997
7.237e-09,-0.1477896999999999
7.239e-09,-0.1502138999999999
7.241e-09,-0.152397
7.243e-09,-0.15434159999999997
7.245e-09,-0.1560511
7.247e-09,-0.15752920000000004
7.249e-09,-0.15877999999999992
7.251e-09,-0.1598079
7.253e-09,-0.16061769999999997
7.255e-09,-0.16121410000000003
7.257e-09,-0.16160209999999997
7.259e-09,-0.16178700000000001
7.261e-09,-0.16177380000000008
7.263e-09,-0.1615681
7.265e-09,-0.16117499999999996
7.267e-09,-0.16060000000000008
7.269e-09,-0.15984849999999995
7.271e-09,-0.15892589999999995
7.273e-09,-0.15783760000000002
7.275e-09,-0.15658879999999997
7.277e-09,-0.1551848
7.279e-09,-0.15363090000000001
7.281e-09,-0.15193220000000007
7.283e-09,-0.15009380000000005
7.285e-09,-0.14812079999999994
7.287e-09,-0.14601810000000004
7.289e-09,-0.14379039999999998
7.291e-09,-0.14144270000000003
7.293e-09,-0.13897959999999998
7.295e-09,-0.13640560000000002
7.297e-09,-0.13372529999999994
7.299e-09,-0.13094309999999998
7.301e-09,-0.12806319999999993
7.303e-09,-0.12509000000000003
7.305e-09,-0.12202740000000001
7.307e-09,-0.11887960000000009
7.309e-09,-0.11565049999999999
7.311e-09,-0.11234390000000005
7.313e-09,-0.10896340000000004
7.315e-09,-0.10551290000000002
7.317e-09,-0.10199570000000002
7.319e-09,-0.0984155000000001
7.321e-09,-0.09477550000000001
7.323e-09,-0.09107909999999997
7.325e-09,-0.0873294
7.327e-09,-0.08352950000000003
7.329e-09,-0.07968249999999999
7.331e-09,-0.0757913
7.333e-09,-0.07185870000000005
7.335e-09,-0.06788759999999994
7.337e-09,-0.06388059999999995
7.339e-09,-0.05984030000000007
7.341e-09,-0.055769200000000074
7.343e-09,-0.051669999999999994
7.345e-09,-0.0475449
7.347e-09,-0.043396199999999996
7.349e-09,-0.039226299999999936
7.351e-09,-0.03503719999999999
7.353e-09,-0.030831000000000053
7.355e-09,-0.026609899999999964
7.357e-09,-0.022375900000000004
7.359e-09,-0.018130700000000055
7.361e-09,-0.013876400000000011
7.363e-09,-0.009614599999999918
7.365e-09,-0.005347099999999938
7.367e-09,-0.0010757000000000128
7.369e-09,0.0031980999999999815
7.371e-09,0.007472699999999999
7.373e-09,0.011746699999999999
7.375e-09,0.016018399999999988
7.377e-09,0.02028669999999999
7.379e-09,0.02454999999999996
7.381e-09,0.028807000000000027
7.383e-09,0.03305659999999999
7.385e-09,0.03729749999999998
7.387e-09,0.04152839999999991
7.389e-09,0.045748299999999964
7.391e-09,0.049956200000000006
7.393e-09,0.0541509
7.395e-09,0.05833149999999998
7.397e-09,0.062497000000000025
7.3985e-09,0.0656104999999999
7.4e-09,0.06871490000000002
7.4002e-09,0.06912870000000004
7.4006e-09,0.06995770000000001
7.4014e-09,0.07162400000000002
7.403e-09,0.07497790000000004
7.405e-09,0.07918019999999992
7.407e-09,0.08335539999999997
7.409e-09,0.08746670000000001
7.411e-09,0.09148239999999996
7.413e-09,0.09537629999999997
7.415e-09,0.09912600000000005
7.417e-09,0.10271279999999994
7.419e-09,0.10612149999999998
7.421e-09,0.10933959999999998
7.423e-09,0.11235700000000004
7.425e-09,0.11516599999999999
7.427e-09,0.11776039999999999
7.429e-09,0.12013630000000008
7.431e-09,0.12229040000000002
7.433e-09,0.12422140000000004
7.435e-09,0.12592879999999995
7.437e-09,0.1274128
7.439e-09,0.12867499999999998
7.441e-09,0.1297172000000001
7.443e-09,0.1305419
7.445e-09,0.1311523
7.447e-09,0.131552
7.449e-09,0.1317448000000001
7.451e-09,0.13173479999999993
7.453e-09,0.13152679999999994
7.455e-09,0.13112519999999994
7.457e-09,0.1305349
7.459e-09,0.12976109999999996
7.461e-09,0.12880859999999994
7.463e-09,0.12768269999999993
7.465e-09,0.12638870000000002
7.467e-09,0.12493180000000004
7.469e-09,0.12331710000000007
7.471e-09,0.1215501
7.473e-09,0.11963579999999996
7.475e-09,0.1175794
7.477e-09,0.1153862
7.479e-09,0.11306119999999997
7.481e-09,0.11060930000000002
7.483e-09,0.10803560000000001
7.485e-09,0.10534500000000002
7.487e-09,0.10254210000000008
7.489e-09,0.09963179999999994
7.491e-09,0.0966186
7.493e-09,0.09350710000000007
7.495e-09,0.09030170000000004
7.497e-09,0.08700679999999994
7.499e-09,0.0836266
7.501e-09,0.08016520000000005
7.503e-09,0.07662670000000005
7.505e-09,0.07301500000000005
7.507e-09,0.069334
7.509e-09,0.06558739999999996
7.511e-09,0.06177900000000003
7.513e-09,0.05791230000000003
7.515e-09,0.05399069999999995
7.517e-09,0.05001750000000005
7.519e-09,0.04599619999999993
7.521e-09,0.04193000000000002
7.523e-09,0.03782170000000007
7.525e-09,0.0336746
7.527e-09,0.029491500000000004
7.529e-09,0.0252753
7.531e-09,0.02102870000000001
7.533e-09,0.016754399999999947
7.535e-09,0.012454999999999994
7.537e-09,0.008132899999999998
7.539e-09,0.0037907000000000357
7.541e-09,-0.0005694000000000532
7.543e-09,-0.004944999999999977
7.545e-09,-0.009334000000000064
7.547e-09,-0.01373420000000003
7.549e-09,-0.01814349999999998
7.551e-09,-0.022560000000000024
7.553e-09,-0.026981699999999997
7.555e-09,-0.031406900000000015
7.557e-09,-0.03583360000000002
7.559e-09,-0.04026019999999997
7.561e-09,-0.044684999999999975
7.563e-09,-0.04910630000000005
7.565e-09,-0.053522700000000034
7.567e-09,-0.0579326
7.569e-09,-0.06233449999999996
7.571e-09,-0.06672719999999999
7.573e-09,-0.07110919999999998
7.575e-09,-0.07547939999999997
7.577e-09,-0.07983629999999997
7.579e-09,-0.08417889999999995
7.581e-09,-0.08850610000000003
7.583e-09,-0.09281669999999997
7.585e-09,-0.09710980000000002
7.587e-09,-0.10138429999999998
7.589e-09,-0.1056391000000001
7.591e-09,-0.10987349999999996
7.593e-09,-0.11408649999999998
7.595e-09,-0.11827739999999998
7.597e-09,-0.12244540000000004
7.5985e-09,-0.1255558
7.6e-09,-0.1286524
7.6002e-09,-0.12906419999999996
7.6006e-09,-0.12988710000000003
7.6014e-09,-0.13152999999999992
7.603e-09,-0.13480350000000008
7.605e-09,-0.13887230000000006
7.607e-09,-0.14291449999999994
7.609e-09,-0.1469298
7.611e-09,-0.15091739999999998
7.613e-09,-0.15487689999999998
7.615e-09,-0.1588077
7.617e-09,-0.16270949999999995
7.619e-09,-0.16658169999999994
7.621e-09,-0.1704239999999999
7.623e-09,-0.1742359
7.625e-09,-0.17801710000000004
7.627e-09,-0.18176720000000002
7.629e-09,-0.18548589999999998
7.631e-09,-0.18917299999999992
7.633e-09,-0.19282809999999995
7.635e-09,-0.19645089999999998
7.637e-09,-0.20004120000000003
7.639e-09,-0.20359889999999992
7.641e-09,-0.20712379999999997
7.643e-09,-0.21061570000000007
7.645e-09,-0.2140744
7.647e-09,-0.21749960000000002
7.649e-09,-0.22089150000000002
7.651e-09,-0.22424979999999994
7.653e-09,-0.22757439999999995
7.655e-09,-0.2308654
7.657e-09,-0.2341225
7.659e-09,-0.23734580000000005
7.661e-09,-0.24053519999999995
7.663e-09,-0.24369070000000004
7.665e-09,-0.24681220000000004
7.667e-09,-0.2499
7.669e-09,-0.2529538
7.671e-09,-0.2559739
7.673e-09,-0.2589600999999999
7.675e-09,-0.2619125
7.677e-09,-0.2648311
7.679e-09,-0.26771620000000007
7.681e-09,-0.2705677999999999
7.683e-09,-0.27338589999999996
7.685e-09,-0.2761705
7.687e-09,-0.27892190000000006
7.689e-09,-0.2816402
7.691e-09,-0.28432539999999995
7.693e-09,-0.2869777
7.695e-09,-0.2895972
7.697e-09,-0.29218410000000006
7.699e-09,-0.29473839999999996
7.701e-09,-0.29726050000000004
7.703e-09,-0.2997503
7.705e-09,-0.3022081999999999
7.707e-09,-0.30463419999999997
7.709e-09,-0.30702850000000004
7.711e-09,-0.3093912000000001
7.713e-09,-0.3117227
7.715e-09,-0.3140231
7.717e-09,-0.31629260000000003
7.719e-09,-0.3185312
7.721e-09,-0.32073929999999995
7.723e-09,-0.32291710000000007
7.725e-09,-0.32506480000000004
7.727e-09,-0.32718250000000004
7.729e-09,-0.3292705
7.731e-09,-0.331329
7.733e-09,-0.33335820000000005
7.735e-09,-0.33535840000000006
7.737e-09,-0.3373296
7.739e-09,-0.33927229999999997
7.741e-09,-0.34118669999999995
7.743e-09,-0.3430727
7.745e-09,-0.3449310000000001
7.747e-09,-0.3467614
7.749e-09,-0.3485644
7.751e-09,-0.35034010000000004
7.753e-09,-0.3520888
7.755e-09,-0.3538108
7.757e-09,-0.35550610000000005
7.759e-09,-0.3571752
7.761e-09,-0.3588182000000001
7.763e-09,-0.36043539999999996
7.765e-09,-0.36202689999999993
7.767e-09,-0.36359319999999995
7.769e-09,-0.36513419999999996
7.771e-09,-0.36665040000000004
7.773e-09,-0.36814199999999997
7.775e-09,-0.36960919999999997
7.777e-09,-0.3710521
7.779e-09,-0.37247109999999994
7.781e-09,-0.3738665000000001
7.783e-09,-0.37523839999999997
7.785e-09,-0.376587
7.787e-09,-0.3779127
7.789e-09,-0.3792156000000001
7.791e-09,-0.38049600000000006
7.793e-09,-0.3817543
7.795e-09,-0.38299040000000006
7.797e-09,-0.3842046
7.7985e-09,-0.38510120000000003
7.8e-09,-0.3859857
7.8002e-09,-0.3861034
7.8006e-09,-0.38634
7.8014e-09,-0.38682110000000003
7.803e-09,-0.3878035000000001
7.805e-09,-0.38904130000000003
7.807e-09,-0.3902548
7.809e-09,-0.39141000000000004
7.811e-09,-0.39247849999999995
7.813e-09,-0.3934364
7.815e-09,-0.3942637000000001
7.817e-09,-0.39494340000000006
7.819e-09,-0.3954617
7.821e-09,-0.3958075
7.823e-09,-0.3959714
7.825e-09,-0.39594609999999997
7.827e-09,-0.3957259999999999
7.829e-09,-0.3953067
7.831e-09,-0.39468539999999996
7.833e-09,-0.39386029999999994
7.835e-09,-0.39283029999999997
7.837e-09,-0.39159560000000004
7.839e-09,-0.390157
7.841e-09,-0.38851579999999997
7.843e-09,-0.3866739
7.845e-09,-0.3846339
7.847e-09,-0.38239880000000004
7.849e-09,-0.3799718000000001
7.851e-09,-0.3773567
7.853e-09,-0.37455740000000004
7.855e-09,-0.37157799999999996
7.857e-09,-0.36842299999999994
7.859e-09,-0.36509689999999995
7.861e-09,-0.3616045
7.863e-09,-0.35795050000000006
7.865e-09,-0.35414
7.867e-09,-0.3501778
7.869e-09,-0.34606899999999996
7.871e-09,-0.3418186999999999
7.873e-09,-0.33743199999999995
7.875e-09,-0.3329139
7.877e-09,-0.32826960000000005
7.879e-09,-0.323504
7.881e-09,-0.3186222999999999
7.883e-09,-0.31362920000000005
7.885e-09,-0.3085298999999999
7.887e-09,-0.3033291
7.889e-09,-0.2980317
7.891e-09,-0.2926423
7.893e-09,-0.28716569999999997
7.895e-09,-0.2816063999999999
7.897e-09,-0.27596889999999996
7.899e-09,-0.2702576
7.901e-09,-0.2644769
7.903e-09,-0.2586311
7.905e-09,-0.2527241
7.907e-09,-0.24676010000000004
7.909e-09,-0.24074319999999994
7.911e-09,-0.23467700000000002
7.913e-09,-0.22856549999999998
7.915e-09,-0.22241219999999995
7.917e-09,-0.2162208
7.919e-09,-0.20999480000000004
7.921e-09,-0.20373750000000002
7.923e-09,-0.19745230000000003
7.925e-09,-0.19114240000000005
7.927e-09,-0.1848109
7.929e-09,-0.17846080000000009
7.931e-09,-0.17209509999999995
7.933e-09,-0.1657166
7.935e-09,-0.15932809999999997
7.937e-09,-0.15293240000000008
7.939e-09,-0.14653189999999994
7.941e-09,-0.1401291
7.943e-09,-0.13372649999999997
7.945e-09,-0.12732659999999996
7.947e-09,-0.12093140000000002
7.949e-09,-0.11454340000000007
7.951e-09,-0.10816439999999994
7.953e-09,-0.10179660000000001
7.955e-09,-0.09544180000000002
7.957e-09,-0.08910229999999997
7.959e-09,-0.0827795
7.961e-09,-0.07647530000000002
7.963e-09,-0.07019150000000007
7.965e-09,-0.06392949999999997
7.967e-09,-0.057691200000000054
7.969e-09,-0.05147769999999996
7.971e-09,-0.04529070000000002
7.973e-09,-0.039131499999999986
7.975e-09,-0.03300150000000002
7.977e-09,-0.026901699999999917
7.979e-09,-0.020833600000000008
7.981e-09,-0.014798300000000042
7.983e-09,-0.008796799999999938
7.985e-09,-0.0028301000000000576
7.987e-09,0.003100600000000009
7.989e-09,0.008994500000000016
7.991e-09,0.014850599999999936
7.993e-09,0.020668299999999973
7.995e-09,0.026446400000000092
7.997e-09,0.032184300000000055
7.9985e-09,0.036461100000000024
8e-09,0.04071440000000004
8.0002e-09,0.041279499999999913
8.0006e-09,0.04240889999999997
8.0014e-09,0.0446628
8.003e-09,0.04914989999999997
8.005e-09,0.054720299999999944
8.007e-09,0.060247300000000004
8.009e-09,0.06573029999999991
8.011e-09,0.07116880000000003
8.013e-09,0.07656249999999998
8.015e-09,0.08191079999999995
8.017e-09,0.08721329999999994
8.019e-09,0.09246969999999999
8.021e-09,0.09767970000000004
8.023e-09,0.10284290000000007
8.025e-09,0.10795910000000009
8.027e-09,0.11302780000000001
8.029e-09,0.1180490999999999
8.031e-09,0.12302269999999993
8.033e-09,0.12794830000000001
8.035e-09,0.13282589999999994
8.037e-09,0.13765519999999998
8.039e-09,0.1424362
8.041e-09,0.14716889999999994
8.043e-09,0.15185300000000002
8.045e-09,0.15648859999999998
8.047e-09,0.16107569999999993
8.049e-09,0.16561419999999993
8.051e-09,0.17010420000000004
8.053e-09,0.17454579999999997
8.055e-09,0.1789387
8.057e-09,0.18328329999999993
8.059e-09,0.1875794999999999
8.061e-09,0.19182729999999992
8.063e-09,0.1960271
8.065e-09,0.2001788
8.067e-09,0.20428269999999993
8.069e-09,0.20833860000000004
8.071e-09,0.21234699999999995
8.073e-09,0.21630799999999994
8.075e-09,0.22022160000000002
8.077e-09,0.2240881
8.079e-09,0.22790770000000005
8.081e-09,0.23168060000000001
8.083e-09,0.23540699999999992
8.085e-09,0.23908719999999994
8.087e-09,0.24272119999999997
8.089e-09,0.24630949999999996
8.091e-09,0.24985219999999997
8.093e-09,0.2533497
8.095e-09,0.25680210000000003
8.097e-09,0.2602097
8.099e-09,0.26357279999999994
8.101e-09,0.26689170000000006
8.103e-09,0.2701665999999999
8.105e-09,0.2733979999999999
8.107e-09,0.27658589999999994
8.109e-09,0.27973080000000006
8.111e-09,0.28283290000000005
8.113e-09,0.2858925
8.115e-09,0.28891010000000006
8.117e-09,0.2918858
8.119e-09,0.2948198999999999
8.121e-09,0.29771290000000006
8.123e-09,0.30056510000000003
8.125e-09,0.30337669999999994
8.127e-09,0.30614810000000003
8.129e-09,0.30887960000000003
8.131e-09,0.31157159999999995
8.133e-09,0.31422440000000007
8.135e-09,0.31683820000000007
8.137e-09,0.3194136000000001
8.139e-09,0.32195070000000003
8.141e-09,0.32445
8.143e-09,0.3269116999999999
8.145e-09,0.3293363
8.147e-09,0.33172389999999996
8.149e-09,0.33407510000000007
8.151e-09,0.3363902
8.153e-09,0.33866949999999996
8.155e-09,0.3409133
8.157e-09,0.3431219
8.159e-09,0.3452957000000001
8.161e-09,0.34743520000000006
8.163e-09,0.34954050000000003
8.165e-09,0.3516121
8.167e-09,0.3536501000000001
8.169e-09,0.35565519999999995
8.171e-09,0.3576275
8.173e-09,0.35956749999999993
8.175e-09,0.36147529999999994
8.177e-09,0.3633514
8.179e-09,0.3651961
8.181e-09,0.36700979999999994
8.183e-09,0.36879280000000003
8.185e-09,0.3705451999999999
8.187e-09,0.3722677999999999
8.189e-09,0.3739604999999999
8.191e-09,0.3756239
8.193e-09,0.37725809999999993
8.195e-09,0.3788637
8.197e-09,0.38044069999999997
8.1985e-09,0.38160499999999997
8.2e-09,0.3827536
8.2002e-09,0.3829062
8.2006e-09,0.3832125999999999
8.2014e-09,0.3838323
8.203e-09,0.38508889999999996
8.205e-09,0.38666389999999995
8.207e-09,0.3882086
8.209e-09,0.3896891
8.211e-09,0.39107729999999996
8.213e-09,0.3923493
8.215e-09,0.39348530000000004
8.217e-09,0.3944686999999999
8.219e-09,0.39528569999999996
8.221e-09,0.39592530000000004
8.223e-09,0.39637829999999996
8.225e-09,0.39663740000000003
8.227e-09,0.3966972000000001
8.229e-09,0.3965535
8.231e-09,0.3962034
8.233e-09,0.39564509999999997
8.235e-09,0.3948781
8.237e-09,0.393902
8.239e-09,0.39271790000000006
8.241e-09,0.3913272
8.243e-09,0.3897319
8.245e-09,0.38793450000000007
8.247e-09,0.38593809999999995
8.249e-09,0.3837457999999999
8.251e-09,0.38136159999999997
8.253e-09,0.3787893
8.255e-09,0.3760329
8.257e-09,0.3730972
8.259e-09,0.3699865
8.261e-09,0.3667056000000001
8.263e-09,0.36325929999999995
8.265e-09,0.3596526
8.267e-09,0.35589040000000005
8.269e-09,0.35197790000000007
8.271e-09,0.34792010000000007
8.273e-09,0.3437220000000001
8.275e-09,0.3393887
8.277e-09,0.3349255
8.279e-09,0.3303372
8.281e-09,0.32562880000000005
8.283e-09,0.3208056
8.285e-09,0.31587219999999994
8.287e-09,0.31083379999999994
8.289e-09,0.3056949
8.291e-09,0.3004603
8.293e-09,0.2951349999999999
8.295e-09,0.2897231
8.297e-09,0.2842296000000001
8.299e-09,0.2786586
8.301e-09,0.27301469999999994
8.303e-09,0.2673019
8.305e-09,0.2615244
8.307e-09,0.2556866
8.309e-09,0.24979220000000002
8.311e-09,0.24384519999999998
8.313e-09,0.23784929999999993
8.315e-09,0.23180839999999991
8.317e-09,0.22572599999999998
8.319e-09,0.21960559999999996
8.321e-09,0.21345059999999993
8.323e-09,0.20726449999999996
8.325e-09,0.20105050000000002
8.327e-09,0.19481160000000008
8.329e-09,0.18855109999999997
8.331e-09,0.18227189999999993
8.333e-09,0.17597669999999999
8.335e-09,0.16966860000000006
8.337e-09,0.16335010000000005
8.339e-09,0.15702400000000005
8.341e-09,0.15069259999999995
8.343e-09,0.14435869999999995
8.345e-09,0.1380245
8.347e-09,0.13169229999999998
8.349e-09,0.12536440000000004
8.351e-09,0.11904289999999995
8.353e-09,0.11273
8.355e-09,0.10642750000000001
8.357e-09,0.10013749999999999
8.359e-09,0.09386190000000005
8.361e-09,0.08760230000000002
8.363e-09,0.08136069999999995
8.365e-09,0.0751385
8.367e-09,0.06893749999999998
8.369e-09,0.06275910000000007
8.371e-09,0.05660490000000007
8.373e-09,0.05047619999999997
8.375e-09,0.044374400000000036
8.377e-09,0.038300800000000024
8.379e-09,0.03225670000000003
8.381e-09,0.026243400000000028
8.383e-09,0.02026170000000005
8.385e-09,0.014312899999999962
8.387e-09,0.008398100000000075
8.389e-09,0.002518200000000026
8.391e-09,-0.0033258999999999928
8.393e-09,-0.009133200000000063
8.395e-09,-0.014902899999999941
8.397e-09,-0.020634199999999936
8.3985e-09,-0.02490709999999996
8.4e-09,-0.029157499999999947
8.4002e-09,-0.02972229999999998
8.4006e-09,-0.030851199999999968
8.4014e-09,-0.033103899999999964
8.403e-09,-0.03759000000000001
8.405e-09,-0.0431604000000001
8.407e-09,-0.048688899999999924
8.409e-09,-0.05417520000000009
8.411e-09,-0.05961839999999996
8.413e-09,-0.06501820000000003
8.415e-09,-0.0703741
8.417e-09,-0.07568560000000002
8.419e-09,-0.08095249999999998
8.421e-09,-0.08617419999999998
8.423e-09,-0.09135040000000005
8.425e-09,-0.09648089999999998
8.427e-09,-0.10156530000000008
8.429e-09,-0.10660340000000001
8.431e-09,-0.111595
8.433e-09,-0.11653970000000002
8.435e-09,-0.12143749999999998
8.437e-09,-0.12628819999999996
8.439e-09,-0.13109179999999998
8.441e-09,-0.13584779999999996
8.443e-09,-0.14055649999999997
8.445e-09,-0.1452176999999999
8.447e-09,-0.14983119999999994
8.449e-09,-0.15439710000000006
8.451e-09,-0.15891539999999993
8.453e-09,-0.16338599999999992
8.455e-09,-0.16780910000000004
8.457e-09,-0.17218440000000002
8.459e-09,-0.1765124
8.461e-09,-0.18079270000000003
8.463e-09,-0.18502570000000007
8.465e-09,-0.18921140000000003
8.467e-09,-0.1933497999999999
8.469e-09,-0.19744110000000004
8.471e-09,-0.20148549999999998
8.473e-09,-0.20548319999999998
8.475e-09,-0.20943410000000007
8.477e-09,-0.2133385
8.479e-09,-0.21719659999999996
8.481e-09,-0.22100849999999994
8.483e-09,-0.22477460000000005
8.485e-09,-0.22849489999999995
8.487e-09,-0.23216959999999998
8.489e-09,-0.2357990000000001
8.491e-09,-0.23938340000000002
8.493e-09,-0.242923
8.495e-09,-0.24641780000000002
8.497e-09,-0.2498684
8.499e-09,-0.25327489999999997
8.501e-09,-0.25663749999999996
8.503e-09,-0.25995650000000003
8.505e-09,-0.2632323
8.507e-09,-0.2664651
8.509e-09,-0.26965510000000004
8.511e-09,-0.27280269999999995
8.513e-09,-0.27590819999999994
8.515e-09,-0.27897170000000004
8.517e-09,-0.28199380000000007
8.519e-09,-0.2849746000000001
8.521e-09,-0.2879144
8.523e-09,-0.29081369999999995
8.525e-09,-0.29367260000000006
8.527e-09,-0.2964915
8.529e-09,-0.2992707
8.531e-09,-0.3020106
8.533e-09,-0.3047114000000001
8.535e-09,-0.30737349999999997
8.537e-09,-0.30999730000000003
8.539e-09,-0.31258300000000006
8.541e-09,-0.3151309
8.543e-09,-0.3176415
8.545e-09,-0.32011500000000004
8.547e-09,-0.32255179999999994
8.549e-09,-0.32495209999999997
8.551e-09,-0.3273163
8.553e-09,-0.3296449
8.555e-09,-0.33193799999999996
8.557e-09,-0.3341961
8.559e-09,-0.3364195
8.561e-09,-0.3386083999999999
8.563e-09,-0.3407633000000001
8.565e-09,-0.3428844
8.567e-09,-0.34497220000000006
8.569e-09,-0.3470269
8.571e-09,-0.34904880000000005
8.573e-09,-0.3510384
8.575e-09,-0.35299590000000003
8.577e-09,-0.35492159999999995
8.579e-09,-0.356816
8.581e-09,-0.35867930000000003
8.583e-09,-0.36051179999999994
8.585e-09,-0.3623138
8.587e-09,-0.3640859000000001
8.589e-09,-0.36582800000000004
8.591e-09,-0.36754070000000005
8.593e-09,-0.3692244
8.595e-09,-0.3708791
8.597e-09,-0.37250550000000004
8.5985e-09,-0.3737066
8.6e-09,-0.37489209999999995
8.6002e-09,-0.37504879999999996
8.6006e-09,-0.3753617
8.6014e-09,-0.3759842
8.603e-09,-0.3772162
8.605e-09,-0.37873159999999995
8.607e-09,-0.38022009999999995
8.609e-09,-0.3816818999999999
8.611e-09,-0.3831175
8.613e-09,-0.38452699999999995
8.615e-09,-0.38591090000000006
8.617e-09,-0.3872692
8.619e-09,-0.3886025000000001
8.621e-09,-0.38991089999999995
8.623e-09,-0.39119479999999995
8.625e-09,-0.39245450000000004
8.627e-09,-0.3936902000000001
8.629e-09,-0.39490230000000004
8.631e-09,-0.3960910000000001
8.633e-09,-0.39725659999999996
8.635e-09,-0.3983995
8.637e-09,-0.39951970000000003
8.639e-09,-0.4006178
8.641e-09,-0.40169390000000005
8.643e-09,-0.4027482
8.645e-09,-0.40378120000000006
8.647e-09,-0.40479299999999996
8.649e-09,-0.4057839
8.651e-09,-0.4067541
8.653e-09,-0.4077041
8.655e-09,-0.40863380000000005
8.657e-09,-0.4095438
8.659e-09,-0.41043419999999997
8.661e-09,-0.4113051999999999
8.663e-09,-0.41215729999999995
8.665e-09,-0.4129904
8.667e-09,-0.4138048
8.669e-09,-0.414601
8.671e-09,-0.41537919999999995
8.673e-09,-0.41613939999999994
8.675e-09,-0.4168820999999999
8.677e-09,-0.4176073
8.679e-09,-0.4183154
8.681e-09,-0.41900649999999995
8.683e-09,-0.4196810000000001
8.685e-09,-0.420339
8.687e-09,-0.42098079999999993
8.689e-09,-0.42160659999999994
8.691e-09,-0.4222165
8.693e-09,-0.4228109
8.695e-09,-0.42339000000000004
8.697e-09,-0.4239539
8.699e-09,-0.42450279999999996
8.701e-09,-0.42503710000000006
8.703e-09,-0.42555679999999996
8.705e-09,-0.4260623
8.707e-09,-0.4265536
8.709e-09,-0.4270311
8.711e-09,-0.42749480000000006
8.713e-09,-0.4279451000000001
8.715e-09,-0.42838200000000004
8.717e-09,-0.4288058
8.719e-09,-0.4292167
8.721e-09,-0.4296149
8.723e-09,-0.4300005
8.725e-09,-0.43037380000000003
8.727e-09,-0.43073490000000003
8.729e-09,-0.431084
8.731e-09,-0.4314213
8.733e-09,-0.4317470000000001
8.735e-09,-0.43206120000000003
8.737e-09,-0.43236410000000003
8.739e-09,-0.4326559
8.741e-09,-0.4329368
8.743e-09,-0.4332068
8.745e-09,-0.43346629999999997
8.747e-09,-0.4337154
8.749e-09,-0.43395420000000007
8.751e-09,-0.4341828999999999
8.753e-09,-0.4344015
8.755e-09,-0.4346105
8.757e-09,-0.43480969999999997
8.759e-09,-0.4349995
8.761e-09,-0.43517989999999995
8.763e-09,-0.4353511
8.765e-09,-0.43551340000000005
8.767e-09,-0.43566669999999996
8.769e-09,-0.4358113
8.771e-09,-0.4359472
8.773e-09,-0.4360748
8.775e-09,-0.43619399999999997
8.777e-09,-0.43630500000000005
8.779e-09,-0.4364079999999999
8.781e-09,-0.4365030000000001
8.783e-09,-0.43659040000000005
8.785e-09,-0.43667
8.787e-09,-0.43674219999999997
8.789e-09,-0.43680700000000006
8.791e-09,-0.43686440000000004
8.793e-09,-0.43691480000000005
8.795e-09,-0.43695819999999996
8.797e-09,-0.43699469999999996
8.7985e-09,-0.43701769999999995
8.8e-09,-0.437048
8.8002e-09,-0.43705399999999994
8.8006e-09,-0.4370674
8.8014e-09,-0.4371018
8.803e-09,-0.43718959999999996
8.805e-09,-0.43730899999999995
8.807e-09,-0.43740599999999996
8.809e-09,-0.4374490000000001
8.811e-09,-0.43741129999999995
8.813e-09,-0.4372703
8.815e-09,-0.43700740000000005
8.817e-09,-0.4366065
8.819e-09,-0.4360548000000001
8.821e-09,-0.43534149999999994
8.823e-09,-0.4344578
8.825e-09,-0.4333969
8.827e-09,-0.4321533999999999
8.829e-09,-0.43072299999999997
8.831e-09,-0.42910310000000007
8.833e-09,-0.4272918
8.835e-09,-0.4252884
8.837e-09,-0.42309280000000005
8.839e-09,-0.42070569999999996
8.841e-09,-0.4181285
8.843e-09,-0.4153631
8.845e-09,-0.41241190000000005
8.847e-09,-0.4092775999999999
8.849e-09,-0.4059638
8.851e-09,-0.4024738
8.853e-09,-0.39881140000000004
8.855e-09,-0.39498089999999997
8.857e-09,-0.39098640000000007
8.859e-09,-0.3868325
8.861e-09,-0.3825236999999999
8.863e-09,-0.378065
8.865e-09,-0.37346080000000004
8.867e-09,-0.36871640000000006
8.869e-09,-0.3638365
8.871e-09,-0.3588262
8.873e-09,-0.35369059999999997
8.875e-09,-0.3484345
8.877e-09,-0.343063
8.879e-09,-0.3375811999999999
8.881e-09,-0.3319938
8.883e-09,-0.32630590000000004
8.885e-09,-0.3205224
8.887e-09,-0.3146479
8.889e-09,-0.30868739999999995
8.891e-09,-0.3026453
8.893e-09,-0.29652619999999996
8.895e-09,-0.29033489999999995
8.897e-09,-0.2840756
8.899e-09,-0.2777528
8.901e-09,-0.2713706
8.903e-09,-0.2649332999999999
8.905e-09,-0.2584449999999999
8.907e-09,-0.2519096999999999
8.909e-09,-0.24533110000000002
8.911e-09,-0.23871320000000007
8.913e-09,-0.23205959999999992
8.915e-09,-0.22537399999999996
8.917e-09,-0.21865990000000002
8.919e-09,-0.21192060000000001
8.921e-09,-0.20515949999999994
8.923e-09,-0.19838
8.925e-09,-0.191585
8.927e-09,-0.1847776
8.929e-09,-0.17796080000000003
8.931e-09,-0.17113749999999994
8.933e-09,-0.1643102999999999
8.935e-09,-0.15748210000000007
8.937e-09,-0.15065530000000005
8.939e-09,-0.14383250000000003
8.941e-09,-0.13701620000000003
8.943e-09,-0.13020869999999996
8.945e-09,-0.12341210000000002
8.947e-09,-0.11662869999999992
8.949e-09,-0.10986069999999992
8.951e-09,-0.10310999999999992
8.953e-09,-0.09637860000000009
8.955e-09,-0.08966830000000003
8.957e-09,-0.08298100000000008
8.959e-09,-0.07631840000000001
8.961e-09,-0.06968210000000008
8.963e-09,-0.06307370000000001
8.965e-09,-0.056494900000000015
8.967e-09,-0.049946899999999905
8.969e-09,-0.04343129999999995
8.971e-09,-0.03694950000000008
8.973e-09,-0.03050239999999993
8.975e-09,-0.024091699999999938
8.977e-09,-0.017718200000000017
8.979e-09,-0.011383200000000038
8.981e-09,-0.005087700000000028
8.983e-09,0.0011672000000000349
8.985e-09,0.007380799999999965
8.987e-09,0.013552000000000008
8.989e-09,0.019679899999999972
8.991e-09,0.025763800000000003
8.993e-09,0.03180289999999997
8.995e-09,0.03779650000000001
8.997e-09,0.04374389999999995
8.9985e-09,0.048173699999999986
9e-09,0.052576999999999985
9.0002e-09,0.0531625
9.0006e-09,0.05433450000000006
9.0014e-09,0.05668300000000004
9.003e-09,0.06138689999999991
9.005e-09,0.06724989999999997
9.007e-09,0.07305639999999991
9.009e-09,0.07877
9.011e-09,0.08436009999999994
9.013e-09,0.0898002
9.015e-09,0.09506910000000002
9.017e-09,0.10014840000000003
9.019e-09,0.10502329999999993
9.021e-09,0.10968200000000006
9.023e-09,0.11411470000000001
9.025e-09,0.11831419999999992
9.027e-09,0.12227489999999996
9.029e-09,0.1259929999999999
9.031e-09,0.12946600000000008
9.033e-09,0.1326925000000001
9.035e-09,0.13567260000000003
9.037e-09,0.13840700000000006
9.039e-09,0.1408971
9.041e-09,0.14314530000000003
9.043e-09,0.14515440000000002
9.045e-09,0.1469277
9.047e-09,0.1484690999999999
9.049e-09,0.1497826
9.051e-09,0.15087270000000008
9.053e-09,0.15174390000000004
9.055e-09,0.15240129999999996
9.057e-09,0.15284980000000004
9.059e-09,0.15309470000000003
9.061e-09,0.15314119999999998
9.063e-09,0.15299459999999998
9.065e-09,0.15266029999999997
9.067e-09,0.1521437
9.069e-09,0.15145030000000004
9.071e-09,0.15058539999999998
9.073e-09,0.1495544000000001
9.075e-09,0.14836270000000007
9.077e-09,0.14701540000000002
9.079e-09,0.14551800000000004
9.081e-09,0.14387549999999993
9.083e-09,0.14209300000000002
9.085e-09,0.1401756999999999
9.087e-09,0.13812840000000004
9.089e-09,0.1359560999999999
9.091e-09,0.1336634
9.093e-09,0.131255
9.095e-09,0.12873559999999995
9.097e-09,0.1261097
9.099e-09,0.12338170000000004
9.101e-09,0.120556
9.103e-09,0.11763650000000003
9.105e-09,0.1146277
9.107e-09,0.11153329999999995
9.109e-09,0.10835739999999994
9.111e-09,0.10510400000000009
9.113e-09,0.10177649999999994
9.115e-09,0.09837870000000004
9.117e-09,0.09491419999999995
9.119e-09,0.09138639999999998
9.121e-09,0.08779880000000007
9.123e-09,0.08415450000000002
9.125e-09,0.08045669999999994
9.127e-09,0.07670860000000002
9.129e-09,0.07291320000000001
9.131e-09,0.06907350000000001
9.133e-09,0.06519229999999998
9.135e-09,0.061272299999999946
9.137e-09,0.05731620000000004
9.139e-09,0.05332670000000006
9.141e-09,0.04930620000000008
9.143e-09,0.045257300000000056
9.145e-09,0.04118240000000006
9.147e-09,0.0370838
9.149e-09,0.03296370000000004
9.151e-09,0.028824300000000025
9.153e-09,0.024667600000000012
9.155e-09,0.02049590000000001
9.157e-09,0.01631080000000007
9.159e-09,0.012114699999999923
9.161e-09,0.007909000000000055
9.163e-09,0.003695800000000027
9.165e-09,-0.0005233999999999517
9.167e-09,-0.004746800000000051
9.169e-09,-0.008972699999999945
9.171e-09,-0.013199600000000089
9.173e-09,-0.01742620000000006
9.175e-09,-0.02165069999999991
9.177e-09,-0.02587190000000006
9.179e-09,-0.030088400000000015
9.181e-09,-0.03429890000000002
9.183e-09,-0.038502099999999984
9.185e-09,-0.04269679999999998
9.187e-09,-0.046881799999999973
9.189e-09,-0.05105609999999994
9.191e-09,-0.0552184
9.193e-09,-0.059367999999999976
9.195e-09,-0.0635036
9.197e-09,-0.06762430000000008
9.1985e-09,-0.0707046
9.2e-09,-0.07377559999999994
9.2002e-09,-0.0741849
9.2006e-09,-0.07500510000000005
9.2014e-09,-0.0766538
9.203e-09,-0.0799725
9.205e-09,-0.08413110000000001
9.207e-09,-0.08826290000000003
9.209e-09,-0.0923309
9.211e-09,-0.0963039
9.213e-09,-0.1001552
9.215e-09,-0.10386279999999992
9.217e-09,-0.1074079
9.219e-09,-0.11077530000000002
9.221e-09,-0.11395240000000006
9.223e-09,-0.11692930000000001
9.225e-09,-0.11969799999999997
9.227e-09,-0.1222529
9.229e-09,-0.12458920000000007
9.231e-09,-0.1267045
9.233e-09,-0.12859699999999996
9.235e-09,-0.13026610000000005
9.237e-09,-0.13171240000000006
9.239e-09,-0.13293719999999998
9.241e-09,-0.1339422
9.243e-09,-0.13473010000000007
9.245e-09,-0.13530410000000004
9.247e-09,-0.13566769999999995
9.249e-09,-0.13582460000000007
9.251e-09,-0.13577929999999994
9.253e-09,-0.135536
9.255e-09,-0.13509939999999998
9.257e-09,-0.1344746
9.259e-09,-0.13366630000000002
9.261e-09,-0.1326795999999999
9.263e-09,-0.13151990000000002
9.265e-09,-0.1301922000000001
9.267e-09,-0.12870179999999998
9.269e-09,-0.127054
9.271e-09,-0.12525390000000003
9.273e-09,-0.1233069
9.275e-09,-0.12121789999999999
9.277e-09,-0.11899230000000005
9.279e-09,-0.11663520000000005
9.281e-09,-0.11415129999999996
9.283e-09,-0.11154580000000003
9.285e-09,-0.10882360000000002
9.287e-09,-0.10598930000000006
9.289e-09,-0.10304770000000008
9.291e-09,-0.10000359999999997
9.293e-09,-0.09686110000000003
9.295e-09,-0.09362510000000002
9.297e-09,-0.09029960000000004
9.299e-09,-0.08688889999999994
9.301e-09,-0.08339740000000007
9.303e-09,-0.07982880000000003
9.305e-09,-0.07618740000000002
9.307e-09,-0.0724766
9.309e-09,-0.0687006
9.311e-09,-0.0648628
9.313e-09,-0.0609668000000001
9.315e-09,-0.05701620000000007
9.317e-09,-0.05301430000000007
9.319e-09,-0.04896430000000007
9.321e-09,-0.04486950000000001
9.323e-09,-0.04073289999999996
9.325e-09,-0.036557700000000026
9.327e-09,-0.0323466
9.329e-09,-0.028102599999999978
9.331e-09,-0.023828300000000024
9.333e-09,-0.019526500000000002
9.335e-09,-0.015199700000000038
9.337e-09,-0.010850600000000044
9.339e-09,-0.0064813999999999705
9.341e-09,-0.002094499999999999
9.343e-09,0.0023077000000000236
9.345e-09,0.006723099999999982
9.347e-09,0.011149599999999982
9.349e-09,0.015585100000000018
9.351e-09,0.02002740000000003
9.353e-09,0.024475000000000025
9.355e-09,0.028925700000000054
9.357e-09,0.03337780000000001
9.359e-09,0.03782960000000002
9.361e-09,0.04227940000000008
9.363e-09,0.046725600000000034
9.365e-09,0.05116659999999995
9.367e-09,0.05560100000000001
9.369e-09,0.060027300000000006
9.371e-09,0.0644441
9.373e-09,0.06885009999999991
9.375e-09,0.07324399999999998
9.377e-09,0.07762469999999999
9.379e-09,0.08199070000000008
9.381e-09,0.08634110000000006
9.383e-09,0.09067480000000006
9.385e-09,0.09499069999999998
9.387e-09,0.09928789999999998
9.389e-09,0.10356530000000008
9.391e-09,0.10782199999999997
9.393e-09,0.11205730000000003
9.395e-09,0.11627009999999993
9.397e-09,0.12045989999999995
9.3985e-09,0.12358639999999999
9.4e-09,0.12671030000000005
9.4002e-09,0.12712800000000002
9.4006e-09,0.12796419999999997
9.4014e-09,0.12964199999999992
9.403e-09,0.13300670000000003
9.405e-09,0.1372021
9.407e-09,0.14134999999999998
9.409e-09,0.14541630000000005
9.411e-09,0.14937160000000005
9.413e-09,0.15319190000000005
9.415e-09,0.15685649999999995
9.417e-09,0.16034839999999995
9.419e-09,0.16365380000000007
9.421e-09,0.16676120000000005
9.423e-09,0.16966190000000003
9.425e-09,0.17234859999999996
9.427e-09,0.17481639999999998
9.429e-09,0.1770615000000001
9.431e-09,0.17908159999999995
9.433e-09,0.18087560000000003
9.435e-09,0.18244329999999997
9.437e-09,0.18378530000000004
9.439e-09,0.1849035
9.441e-09,0.1857997
9.443e-09,0.18647670000000005
9.445e-09,0.18693779999999993
9.447e-09,0.18718650000000003
9.449e-09,0.18722690000000008
9.451e-09,0.18706310000000004
9.453e-09,0.18669960000000008
9.455e-09,0.1861412
9.457e-09,0.18539269999999997
9.459e-09,0.18445900000000004
9.461e-09,0.1833452000000001
9.463e-09,0.1820566
9.465e-09,0.18059809999999998
9.467e-09,0.17897509999999994
9.469e-09,0.17719280000000004
9.471e-09,0.17525639999999998
9.473e-09,0.1731710999999999
9.475e-09,0.17094199999999993
9.477e-09,0.1685742
9.479e-09,0.16607280000000002
9.481e-09,0.1634428
9.483e-09,0.16068910000000003
9.485e-09,0.15781660000000008
9.487e-09,0.15483009999999997
9.489e-09,0.1517343
9.491e-09,0.14853360000000004
9.493e-09,0.14523280000000005
9.495e-09,0.14183630000000003
9.497e-09,0.13834820000000003
9.499e-09,0.13477289999999997
9.501e-09,0.13111459999999997
9.503e-09,0.12737739999999997
9.505e-09,0.12356520000000004
9.507e-09,0.11968180000000006
9.509e-09,0.11573099999999992
9.511e-09,0.11171659999999994
9.513e-09,0.10764200000000002
9.515e-09,0.10351089999999996
9.517e-09,0.09932649999999998
9.519e-09,0.09509230000000002
9.521e-09,0.09081130000000004
9.523e-09,0.08648700000000009
9.525e-09,0.08212209999999998
9.527e-09,0.07771970000000006
9.529e-09,0.07328259999999998
9.531e-09,0.06881369999999998
9.533e-09,0.06431560000000003
9.535e-09,0.059791099999999986
9.537e-09,0.05524249999999997
9.539e-09,0.05067250000000001
9.541e-09,0.04608329999999994
9.543e-09,0.041477499999999945
9.545e-09,0.03685689999999997
9.547e-09,0.032224200000000036
9.549e-09,0.027581099999999914
9.551e-09,0.0229298
9.553e-09,0.01827219999999996
9.555e-09,0.013610400000000022
9.557e-09,0.00894600000000001
9.559e-09,0.004280900000000032
9.561e-09,-0.0003831000000000806
9.563e-09,-0.005044700000000013
9.565e-09,-0.009701799999999983
9.567e-09,-0.014353300000000013
9.569e-09,-0.0189975
9.571e-09,-0.023633000000000015
9.573e-09,-0.028258400000000017
9.575e-09,-0.032872400000000024
9.577e-09,-0.037473700000000054
9.579e-09,-0.04206109999999996
9.581e-09,-0.046633499999999994
9.583e-09,-0.051189599999999946
9.585e-09,-0.05572849999999996
9.587e-09,-0.060249
9.589e-09,-0.06475019999999998
9.591e-09,-0.06923120000000005
9.593e-09,-0.0736909
9.595e-09,-0.07812850000000005
9.597e-09,-0.08254320000000004
9.5985e-09,-0.08583869999999993
9.6e-09,-0.0891206
9.6002e-09,-0.08955780000000002
9.6006e-09,-0.09043329999999994
9.6014e-09,-0.09219169999999999
9.603e-09,-0.09572630000000004
9.605e-09,-0.10014810000000007
9.607e-09,-0.10453579999999996
9.609e-09,-0.10885279999999997
9.611e-09,-0.11306820000000006
9.613e-09,-0.11715540000000002
9.615e-09,-0.1210926
9.617e-09,-0.12486149999999996
9.619e-09,-0.12844670000000002
9.621e-09,-0.13183620000000007
9.623e-09,-0.13501989999999997
9.625e-09,-0.13799020000000006
9.627e-09,-0.1407413999999999
9.629e-09,-0.1432692000000001
9.631e-09,-0.1455708
9.633e-09,-0.14764469999999996
9.635e-09,-0.14949049999999997
9.637e-09,-0.15110879999999993
9.639e-09,-0.15250069999999993
9.641e-09,-0.15366829999999998
9.643e-09,-0.15461429999999998
9.645e-09,-0.15534170000000003
9.647e-09,-0.1558541
9.649e-09,-0.1561553
9.651e-09,-0.1562498
9.653e-09,-0.1561418
9.655e-09,-0.1558362000000001
9.657e-09,-0.15533780000000008
9.659e-09,-0.1546516
9.661e-09,-0.1537828
9.663e-09,-0.1527364
9.665e-09,-0.15151780000000004
9.667e-09,-0.15013220000000005
9.669e-09,-0.14858470000000001
9.671e-09,-0.14688089999999998
9.673e-09,-0.14502589999999993
9.675e-09,-0.1430247
9.677e-09,-0.14088290000000003
9.679e-09,-0.1386052000000001
9.681e-09,-0.1361968
9.683e-09,-0.13366270000000002
9.685e-09,-0.13100790000000007
9.687e-09,-0.12823700000000005
9.689e-09,-0.12535489999999994
9.691e-09,-0.12236629999999993
9.693e-09,-0.11927569999999998
9.695e-09,-0.11608739999999995
9.697e-09,-0.11280620000000008
9.699e-09,-0.10943610000000004
9.701e-09,-0.1059812
9.703e-09,-0.10244580000000003
9.705e-09,-0.09883379999999997
9.707e-09,-0.09514919999999993
9.709e-09,-0.09139580000000003
9.711e-09,-0.08757709999999996
9.713e-09,-0.08369700000000002
9.715e-09,-0.07975880000000002
9.717e-09,-0.07576609999999995
9.719e-09,-0.07172210000000001
9.721e-09,-0.06763020000000008
9.723e-09,-0.06349340000000003
9.725e-09,-0.05931469999999994
9.727e-09,-0.05509739999999996
9.729e-09,-0.050844
9.731e-09,-0.046557700000000035
9.733e-09,-0.042240900000000026
9.735e-09,-0.03789640000000005
9.737e-09,-0.03352670000000002
9.739e-09,-0.029134400000000005
9.741e-09,-0.024721699999999958
9.743e-09,-0.020291100000000006
9.745e-09,-0.015844799999999992
9.747e-09,-0.011385100000000037
9.749e-09,-0.006913999999999976
9.751e-09,-0.0024334999999999773
9.753e-09,0.0020544000000000118
9.755e-09,0.006547700000000045
9.757e-09,0.011044600000000071
9.759e-09,0.015543300000000038
9.761e-09,0.020042100000000063
9.763e-09,0.0245394000000001
9.765e-09,0.029033499999999934
9.767e-09,0.033522799999999964
9.769e-09,0.038005999999999984
9.771e-09,0.04248150000000006
9.773e-09,0.04694789999999993
9.775e-09,0.05140420000000001
9.777e-09,0.055848600000000026
9.779e-09,0.06028029999999995
9.781e-09,0.06469800000000003
9.783e-09,0.06910039999999995
9.785e-09,0.07348660000000007
9.787e-09,0.07785540000000002
9.789e-09,0.082206
9.791e-09,0.08653719999999998
9.793e-09,0.09084829999999999
9.795e-09,0.09513830000000001
9.797e-09,0.0994064
9.7985e-09,0.10259269999999998
9.8e-09,0.10576579999999991
9.8002e-09,0.1061877
9.8006e-09,0.10703119999999999
9.8014e-09,0.10871510000000006
9.803e-09,0.11207140000000004
9.805e-09,0.11624420000000002
9.807e-09,0.12039140000000004
9.809e-09,0.12451259999999997
9.811e-09,0.12860680000000002
9.813e-09,0.1326737
9.815e-09,0.13671279999999997
9.817e-09,0.14072340000000005
9.819e-09,0.14470509999999992
9.821e-09,0.14865759999999995
9.823e-09,0.15258020000000005
9.825e-09,0.1564726999999999
9.827e-09,0.1603348
9.829e-09,0.16416580000000003
9.831e-09,0.1679657
9.833e-09,0.1717341
9.835e-09,0.17547059999999992
9.837e-09,0.17917510000000003
9.839e-09,0.18284729999999993
9.841e-09,0.18648699999999996
9.843e-09,0.1900940000000001
9.845e-09,0.19366799999999995
9.847e-09,0.19720890000000002
9.849e-09,0.20071670000000008
9.851e-09,0.20419109999999996
9.853e-09,0.20763200000000004
9.855e-09,0.21103930000000004
9.857e-09,0.21441310000000002
9.859e-09,0.21775310000000003
9.861e-09,0.22105929999999996
9.863e-09,0.22433170000000002
9.865e-09,0.22757020000000006
9.867e-09,0.23077500000000006
9.869e-09,0.23394589999999993
9.871e-09,0.23708289999999999
9.873e-09,0.240186
9.875e-09,0.2432554
9.877e-09,0.24629099999999993
9.879e-09,0.249293
9.881e-09,0.25226119999999996
9.883e-09,0.25519590000000003
9.885e-09,0.25809709999999997
9.887e-09,0.26096489999999994
9.889e-09,0.2637994
9.891e-09,0.2666006999999999
9.893e-09,0.26936879999999996
9.895e-09,0.272104
9.897e-09,0.27480650000000006
9.899e-09,0.2774761
9.901e-09,0.28011320000000006
9.903e-09,0.2827179000000001
9.905e-09,0.2852903
9.907e-09,0.28783060000000005
9.909e-09,0.290339
9.911e-09,0.2928155
9.913e-09,0.2952604999999999
9.915e-09,0.297674
9.917e-09,0.3000562
9.919e-09,0.3024074
9.921e-09,0.30472769999999993
9.923e-09,0.3070174
9.925e-09,0.3092766
9.927e-09,0.31150540000000004
9.929e-09,0.31370409999999993
9.931e-09,0.31587299999999996
9.933e-09,0.3180123
9.935e-09,0.32012209999999997
9.937e-09,0.32220269999999995
9.939e-09,0.32425420000000005
9.941e-09,0.3262769
9.943e-09,0.3282710000000001
9.945e-09,0.3302368
9.947e-09,0.3321744
9.949e-09,0.33408419999999994
9.951e-09,0.3359662
9.953e-09,0.33782080000000003
9.955e-09,0.33964819999999996
9.957e-09,0.34144849999999993
9.959e-09,0.3432221
9.961e-09,0.3449692
9.963e-09,0.34669000000000005
9.965e-09,0.3483847
9.967e-09,0.35005359999999996
9.969e-09,0.35169680000000003
9.971e-09,0.3533147
9.973e-09,0.35490750000000004
9.975e-09,0.3564754
9.977e-09,0.35801859999999996
9.979e-09,0.35953750000000007
9.981e-09,0.36103209999999997
9.983e-09,0.36250289999999996
9.985e-09,0.3639498
9.987e-09,0.3653733
9.989e-09,0.3667737000000001
9.991e-09,0.36815090000000006
9.993e-09,0.3695054
9.995e-09,0.37083730000000004
9.997e-09,0.3721469999999999
9.9985e-09,0.37311459999999996
1e-08,0.37407
1.00002e-08,0.37419710000000006
1.00006e-08,0.3744526
1.00014e-08,0.3749713
1.0003e-08,0.3760287
1.0005e-08,0.37735969999999996
1.0007e-08,0.37866559999999994
1.0009e-08,0.3799123
1.0011e-08,0.3810713
1.0013e-08,0.3821186
1.0015e-08,0.38303410000000004
1.0017e-08,0.3838009
1.0019e-08,0.384405
1.0021e-08,0.38483520000000004
1.0023e-08,0.38508219999999993
1.0025e-08,0.3851388
1.0027e-08,0.3849990999999999
1.0029e-08,0.3846592
1.0031e-08,0.384116
1.0033e-08,0.38336760000000003
1.0035e-08,0.3824135999999999
1.0037e-08,0.38125359999999997
1.0039e-08,0.3798885999999999
1.0041e-08,0.3783202000000001
1.0043e-08,0.37655020000000006
1.0045e-08,0.3745813
1.0047e-08,0.3724166
1.0049e-08,0.37005920000000003
1.0051e-08,0.3675130999999999
1.0053e-08,0.36478220000000006
1.0055e-08,0.3618707
1.0057e-08,0.3587831
1.0059e-08,0.35552399999999995
1.0061e-08,0.35209809999999997
1.0063e-08,0.34851049999999995
1.0065e-08,0.34476589999999996
1.0067e-08,0.3408694
1.0069e-08,0.33682600000000007
1.0071e-08,0.33264099999999996
1.0073e-08,0.3283193
1.0075e-08,0.32386610000000005
1.0077e-08,0.31928650000000003
1.0079e-08,0.3145856
1.0081e-08,0.30976840000000005
1.0083e-08,0.30483990000000005
1.0085e-08,0.29980489999999993
1.0087e-08,0.29466839999999994
1.0089e-08,0.2894352
1.0091e-08,0.28411010000000003
1.0093e-08,0.27869770000000005
1.0095e-08,0.2732025
1.0097e-08,0.26762909999999995
1.0099e-08,0.2619819
1.0101e-08,0.25626530000000003
1.0103e-08,0.2504834
1.0105e-08,0.24464039999999998
1.0107e-08,0.23874019999999996
1.0109e-08,0.23278710000000002
1.0111e-08,0.22678469999999995
1.0113e-08,0.2207369
1.0115e-08,0.21464729999999999
1.0117e-08,0.20851950000000008
1.0119e-08,0.20235689999999995
1.0121e-08,0.19616310000000003
1.0123e-08,0.18994120000000003
1.0125e-08,0.1836945000000001
1.0127e-08,0.17742610000000003
1.0129e-08,0.1711391
1.0131e-08,0.16483610000000004
1.0133e-08,0.1585204
1.0135e-08,0.1521945
1.0137e-08,0.14586110000000008
1.0139e-08,0.1395229
1.0141e-08,0.13318229999999998
1.0143e-08,0.1268416
1.0145e-08,0.12050329999999998
1.0147e-08,0.11416969999999993
1.0149e-08,0.10784290000000007
1.0151e-08,0.10152499999999998
1.0153e-08,0.09521809999999997
1.0155e-08,0.088924
1.0157e-08,0.08264490000000002
1.0159e-08,0.07638220000000007
1.0161e-08,0.07013800000000003
1.0163e-08,0.06391380000000002
1.0165e-08,0.05771130000000002
1.0167e-08,0.05153209999999997
1.0169e-08,0.04537750000000007
1.0171e-08,0.03924899999999998
1.0173e-08,0.033148100000000014
1.0175e-08,0.02707599999999999
1.0177e-08,0.021034100000000056
1.0179e-08,0.015023299999999962
1.0181e-08,0.00904500000000008
1.0183e-08,0.0031001999999999974
1.0185e-08,-0.002809999999999979
1.0187e-08,-0.008684600000000042
1.0189e-08,-0.014522799999999947
1.0191e-08,-0.020323599999999997
1.0193e-08,-0.026086000000000054
1.0195e-08,-0.031809500000000046
1.0197e-08,-0.037493
1.01985e-08,-0.04172919999999991
1.02e-08,-0.045942200000000044
1.02002e-08,-0.04650200000000004
1.02006e-08,-0.0476205999999999
1.02014e-08,-0.049852999999999925
1.0203e-08,-0.0542975
1.0205e-08,-0.059814900000000004
1.0207e-08,-0.06528920000000005
1.0209e-08,-0.07072
1.0211e-08,-0.07610669999999997
1.0213e-08,-0.08144879999999999
1.0215e-08,-0.08674599999999999
1.0217e-08,-0.09199770000000007
1.0219e-08,-0.09720379999999995
1.0221e-08,-0.10236369999999995
1.0223e-08,-0.1074773
1.0225e-08,-0.11254410000000004
1.0227e-08,-0.117564
1.0229e-08,-0.1225368
1.0231e-08,-0.12746220000000008
1.0233e-08,-0.13234009999999996
1.0235e-08,-0.13717029999999997
1.0237e-08,-0.14195269999999993
1.0239e-08,-0.14668709999999996
1.0241e-08,-0.15137350000000005
1.0243e-08,-0.15601180000000003
1.0245e-08,-0.16060200000000002
1.0247e-08,-0.16514399999999996
1.0249e-08,-0.1696379
1.0251e-08,-0.17408349999999995
1.0253e-08,-0.178481
1.0255e-08,-0.1828305
1.0257e-08,-0.18713180000000007
1.0259e-08,-0.19138520000000003
1.0261e-08,-0.19559079999999995
1.0263e-08,-0.19974840000000005
1.0265e-08,-0.20385849999999994
1.0267e-08,-0.20792100000000002
1.0269e-08,-0.21193609999999996
1.0271e-08,-0.21590390000000004
1.0273e-08,-0.21982469999999998
1.0275e-08,-0.22369839999999996
1.0277e-08,-0.22752550000000005
1.0279e-08,-0.2313059999999999
1.0281e-08,-0.23504019999999992
1.0283e-08,-0.2387283
1.0285e-08,-0.24237050000000004
1.0287e-08,-0.2459669
1.0289e-08,-0.24951789999999996
1.0291e-08,-0.25302369999999996
1.0293e-08,-0.25648460000000006
1.0295e-08,-0.25990079999999993
1.0297e-08,-0.2632725
1.0299e-08,-0.2666001
1.0301e-08,-0.2698838
1.0303e-08,-0.2731239
1.0305e-08,-0.2763207
1.0307e-08,-0.27947449999999996
1.0309e-08,-0.28258549999999993
1.0311e-08,-0.28565419999999997
1.0313e-08,-0.2886807
1.0315e-08,-0.29166539999999996
1.0317e-08,-0.2946086
1.0319e-08,-0.2975107
1.0321e-08,-0.3003719
1.0323e-08,-0.3031923999999999
1.0325e-08,-0.3059729
1.0327e-08,-0.3087133999999999
1.0329e-08,-0.31141430000000003
1.0331e-08,-0.31407609999999997
1.0333e-08,-0.31669879999999995
1.0335e-08,-0.31928310000000004
1.0337e-08,-0.3218291000000001
1.0339e-08,-0.3243372
1.0341e-08,-0.32680770000000003
1.0343e-08,-0.329241
1.0345e-08,-0.33163750000000003
1.0347e-08,-0.33399730000000005
1.0349e-08,-0.3363208999999999
1.0351e-08,-0.3386087
1.0353e-08,-0.3408610000000001
1.0355e-08,-0.34307810000000005
1.0357e-08,-0.3452603000000001
1.0359e-08,-0.34740800000000005
1.0361e-08,-0.3495216
1.0363e-08,-0.3516013
1.0365e-08,-0.3536475
1.0367e-08,-0.3556606000000001
1.0369e-08,-0.3576408000000001
1.0371e-08,-0.35958860000000004
1.0373e-08,-0.3615043
1.0375e-08,-0.3633881
1.0377e-08,-0.36524049999999997
1.0379e-08,-0.36706170000000005
1.0381e-08,-0.3688520999999999
1.0383e-08,-0.3706121
1.0385e-08,-0.3723419
1.0387e-08,-0.3740418999999999
1.0389e-08,-0.3757123
1.0391e-08,-0.3773537
1.0393e-08,-0.37896620000000003
1.0395e-08,-0.38055020000000006
1.0397e-08,-0.3821059
1.03985e-08,-0.3832544
1.04e-08,-0.38438739999999993
1.04002e-08,-0.38453709999999997
1.04006e-08,-0.3848361
1.04014e-08,-0.3854308000000001
1.0403e-08,-0.3866069999999999
1.0405e-08,-0.38805310000000004
1.0407e-08,-0.38947279999999995
1.0409e-08,-0.3908659
1.0411e-08,-0.3922331
1.0413e-08,-0.3935746
1.0415e-08,-0.39489069999999993
1.0417e-08,-0.39618180000000003
1.0419e-08,-0.39744789999999997
1.0421e-08,-0.3986896999999999
1.0423e-08,-0.3999071999999999
1.0425e-08,-0.40110080000000004
1.0427e-08,-0.40227080000000004
1.0429e-08,-0.4034175000000001
1.0431e-08,-0.4045411
1.0433e-08,-0.40564199999999995
1.0435e-08,-0.4067204
1.0437e-08,-0.40777660000000004
1.0439e-08,-0.4088109
1.0441e-08,-0.4098235
1.0443e-08,-0.4108147999999999
1.0445e-08,-0.41178500000000007
1.0447e-08,-0.41273440000000006
1.0449e-08,-0.4136632
1.0451e-08,-0.41457179999999993
1.0453e-08,-0.4154603
1.0455e-08,-0.4163291
1.0457e-08,-0.4171783
1.0459e-08,-0.4180083
1.0461e-08,-0.4188193
1.0463e-08,-0.4196116
1.0465e-08,-0.4203854
1.0467e-08,-0.4211408
1.0469e-08,-0.42187829999999993
1.0471e-08,-0.4225981
1.0473e-08,-0.4233002
1.0475e-08,-0.42398520000000006
1.0477e-08,-0.4246531
1.0479e-08,-0.42530409999999996
1.0481e-08,-0.4259387
1.0483e-08,-0.4265567
1.0485e-08,-0.42715880000000006
1.0487e-08,-0.4277449
1.0489e-08,-0.42831529999999995
1.0491e-08,-0.42887030000000004
1.0493e-08,-0.42941000000000007
1.0495e-08,-0.4299347
1.0497e-08,-0.43044459999999996
1.0499e-08,-0.43093990000000004
1.0501e-08,-0.43142080000000005
1.0503e-08,-0.43188760000000004
1.0505e-08,-0.43234020000000006
1.0507e-08,-0.4327793
1.0509e-08,-0.43320460000000005
1.0511e-08,-0.4336167000000001
1.0513e-08,-0.43401559999999995
1.0515e-08,-0.43440140000000005
1.0517e-08,-0.4347743999999999
1.0519e-08,-0.43513500000000005
1.0521e-08,-0.4354831
1.0523e-08,-0.4358189
1.0525e-08,-0.4361427
1.0527e-08,-0.4364546
1.0529e-08,-0.43675489999999995
1.0531e-08,-0.43704370000000003
1.0533e-08,-0.43732119999999997
1.0535e-08,-0.4375875
1.0537e-08,-0.4378428000000001
1.0539e-08,-0.4380874
1.0541e-08,-0.43832139999999997
1.0543e-08,-0.43854479999999996
1.0545e-08,-0.438758
1.0547e-08,-0.4389611
1.0549e-08,-0.4391541
1.0551e-08,-0.4393374
1.0553e-08,-0.439511
1.0555e-08,-0.4396751
1.0557e-08,-0.4398299
1.0559e-08,-0.43997549999999996
1.0561e-08,-0.4401121
1.0563e-08,-0.4402397
1.0565e-08,-0.4403587
1.0567e-08,-0.440469
1.0569e-08,-0.4405709
1.0571e-08,-0.4406645
1.0573e-08,-0.44074990000000003
1.0575e-08,-0.44082730000000003
1.0577e-08,-0.4408968
1.0579e-08,-0.44095850000000003
1.0581e-08,-0.44101270000000004
1.0583e-08,-0.44105929999999993
1.0585e-08,-0.4410986
1.0587e-08,-0.4411307
1.0589e-08,-0.4411556
1.0591e-08,-0.4411737
1.0593e-08,-0.44118479999999993
1.0595e-08,-0.4411893
1.0597e-08,-0.44118709999999994
1.05985e-08,-0.44118120000000005
1.06e-08,-0.44117170000000006
1.06002e-08,-0.44117020000000007
1.06006e-08,-0.44116690000000003
1.06014e-08,-0.44115970000000004
1.0603e-08,-0.4411421
1.0605e-08,-0.44111480000000003
1.0607e-08,-0.4410814999999999
1.0609e-08,-0.44104220000000005
1.0611e-08,-0.44099710000000003
1.0613e-08,-0.4409463
1.0615e-08,-0.44089010000000006
1.0617e-08,-0.44082829999999995
1.0619e-08,-0.4407612000000001
1.0621e-08,-0.44068889999999994
1.0623e-08,-0.44061130000000004
1.0625e-08,-0.44052880000000005
1.0627e-08,-0.44044130000000004
1.0629e-08,-0.440349
1.0631e-08,-0.44025190000000003
1.0633e-08,-0.44015019999999994
1.0635e-08,-0.440044
1.0637e-08,-0.4399331999999999
1.0639e-08,-0.4398181
1.0641e-08,-0.43969880000000006
1.0643e-08,-0.4395753
1.0645e-08,-0.4394477
1.0647e-08,-0.4393161000000001
1.0649e-08,-0.4391805999999999
1.0651e-08,-0.4390412
1.0653e-08,-0.4388982
1.0655e-08,-0.4387514
1.0657e-08,-0.43860109999999997
1.0659e-08,-0.4384473000000001
1.0661e-08,-0.4382901
1.0663e-08,-0.43812949999999995
1.0665e-08,-0.43796580000000007
1.0667e-08,-0.43779880000000004
1.0669e-08,-0.4376287
1.0671e-08,-0.43745559999999994
1.0673e-08,-0.4372796
1.0675e-08,-0.4371007
1.0677e-08,-0.4369189
1.0679e-08,-0.43673439999999997
1.0681e-08,-0.43654729999999997
1.0683e-08,-0.4363576
1.0685e-08,-0.4361653
1.0687e-08,-0.43597069999999993
1.0689e-08,-0.4357736
1.0691e-08,-0.4355742
1.0693e-08,-0.43537249999999994
1.0695e-08,-0.4351686
1.0697e-08,-0.4349624999999999
1.0699e-08,-0.4347544
1.0701e-08,-0.43454439999999994
1.0703e-08,-0.4343323
1.0705e-08,-0.4341183999999999
1.0707e-08,-0.4339026
1.0709e-08,-0.43368489999999993
1.0711e-08,-0.4334656
1.0713e-08,-0.4332446999999999
1.0715e-08,-0.43302209999999997
1.0717e-08,-0.4327979999999999
1.0719e-08,-0.4325723
1.0721e-08,-0.4323452
1.0723e-08,-0.4321166999999999
1.0725e-08,-0.43188689999999996
1.0727e-08,-0.43165580000000003
1.0729e-08,-0.43142330000000007
1.0731e-08,-0.4311897
1.0733e-08,-0.43095490000000003
1.0735e-08,-0.4307191
1.0737e-08,-0.4304821
1.0739e-08,-0.43024419999999997
1.0741e-08,-0.43000510000000003
1.0743e-08,-0.42976539999999996
1.0745e-08,-0.42952460000000003
1.0747e-08,-0.42928299999999997
1.0749e-08,-0.4290406
1.0751e-08,-0.4287974
1.0753e-08,-0.42855350000000003
1.0755e-08,-0.42830900000000005
1.0757e-08,-0.42806369999999994
1.0759e-08,-0.4278179000000001
1.0761e-08,-0.4275715000000001
1.0763e-08,-0.4273247
1.0765e-08,-0.4270773
1.0767e-08,-0.4268295
1.0769e-08,-0.4265812
1.0771e-08,-0.4263325
1.0773e-08,-0.42608350000000006
1.0775e-08,-0.4258343
1.0777e-08,-0.42558470000000004
1.0779e-08,-0.4253347999999999
1.0781e-08,-0.4250847
1.0783e-08,-0.42483440000000006
1.0785e-08,-0.42458399999999996
1.0787e-08,-0.42433350000000003
1.0789e-08,-0.42408290000000004
1.0791e-08,-0.4238322
1.0793e-08,-0.42358150000000006
1.0795e-08,-0.4233306
1.0797e-08,-0.42307990000000006
1.07985e-08,-0.4228919000000001
1.08e-08,-0.4227039
1.08002e-08,-0.4226788
1.08006e-08,-0.4226287000000001
1.08014e-08,-0.4225285
1.0803e-08,-0.4223281
1.0805e-08,-0.4220777
1.0807e-08,-0.4218275
1.0809e-08,-0.4215774
1.0811e-08,-0.4213275000000001
1.0813e-08,-0.4210779
1.0815e-08,-0.42082829999999993
1.0817e-08,-0.42057920000000004
1.0819e-08,-0.4203304
1.0821e-08,-0.42008179999999995
1.0823e-08,-0.4198335999999999
1.0825e-08,-0.41958570000000006
1.0827e-08,-0.41933809999999994
1.0829e-08,-0.41909109999999994
1.0831e-08,-0.41884430000000006
1.0833e-08,-0.4185981
1.0835e-08,-0.4183522999999999
1.0837e-08,-0.418107
1.0839e-08,-0.4178621
1.0841e-08,-0.4176177
1.0843e-08,-0.41737389999999996
1.0845e-08,-0.41713069999999997
1.0847e-08,-0.4168879000000001
1.0849e-08,-0.41664580000000007
1.0851e-08,-0.4164042
1.0853e-08,-0.41616319999999996
1.0855e-08,-0.4159227999999999
1.0857e-08,-0.41568320000000003
1.0859e-08,-0.41544420000000004
1.0861e-08,-0.41520580000000007
1.0863e-08,-0.414968
1.0865e-08,-0.41473099999999996
1.0867e-08,-0.4144947
1.0869e-08,-0.41425900000000004
1.0871e-08,-0.41402420000000006
1.0873e-08,-0.41379009999999994
1.0875e-08,-0.4135567
1.0877e-08,-0.413324
1.0879e-08,-0.4130922
1.0881e-08,-0.4128611
1.0883e-08,-0.4126308999999999
1.0885e-08,-0.4124015
1.0887e-08,-0.41217290000000006
1.0889e-08,-0.41194509999999995
1.0891e-08,-0.4117181
1.0893e-08,-0.4114919
1.0895e-08,-0.4112667000000001
1.0897e-08,-0.4110423999999999
1.0899e-08,-0.41081880000000004
1.0901e-08,-0.4105962000000001
1.0903e-08,-0.4103745000000001
1.0905e-08,-0.4101535999999999
1.0907e-08,-0.40993369999999996
1.0909e-08,-0.40971459999999993
1.0911e-08,-0.40949649999999993
1.0913e-08,-0.4092793
1.0915e-08,-0.4090631
1.0917e-08,-0.4088478
1.0919e-08,-0.40863340000000004
1.0921e-08,-0.40842009999999995
1.0923e-08,-0.4082075999999999
1.0925e-08,-0.4079961
1.0927e-08,-0.4077856000000001
1.0929e-08,-0.40757600000000005
1.0931e-08,-0.40736740000000005
1.0933e-08,-0.4071599
1.0935e-08,-0.4069533000000001
1.0937e-08,-0.40674769999999993
1.0939e-08,-0.40654309999999994
1.0941e-08,-0.4063395000000001
1.0943e-08,-0.4061369
1.0945e-08,-0.4059353
1.0947e-08,-0.4057347
1.0949e-08,-0.4055352000000001
1.0951e-08,-0.40533660000000005
1.0953e-08,-0.4051391
1.0955e-08,-0.4049425
1.0957e-08,-0.4047470999999999
1.0959e-08,-0.40455259999999993
1.0961e-08,-0.40435920000000003
1.0963e-08,-0.40416680000000005
1.0965e-08,-0.4039754
1.0967e-08,-0.4037851
1.0969e-08,-0.4035958999999999
1.0971e-08,-0.4034076
1.0973e-08,-0.4032203999999999
1.0975e-08,-0.40303430000000007
1.0977e-08,-0.40284910000000007
1.0979e-08,-0.4026651
1.0981e-08,-0.402482
1.0983e-08,-0.40230009999999994
1.0985e-08,-0.40211909999999995
1.0987e-08,-0.40193919999999994
1.0989e-08,-0.4017604
1.0991e-08,-0.40158250000000006
1.0993e-08,-0.4014057999999999
1.0995e-08,-0.40123
1.0997e-08,-0.40105539999999995
1.09985e-08,-0.4009250999999999
1.1e-08,-0.4008064
1.10002e-08,-0.4007929
1.10006e-08,-0.4007676
1.10014e-08,-0.40072510000000006
1.1003e-08,-0.4006628
1.1005e-08,-0.40060039999999997
1.1007e-08,-0.40052179999999993
1.1009e-08,-0.40039440000000004
1.1011e-08,-0.4001908999999999
1.1013e-08,-0.3998883000000001
1.1015e-08,-0.39946729999999997
1.1017e-08,-0.39891180000000004
1.1019e-08,-0.3982084
1.1021e-08,-0.3973460000000001
1.1023e-08,-0.39631590000000005
1.1025e-08,-0.39511090000000004
1.1027e-08,-0.39372570000000007
1.1029e-08,-0.39215600000000006
1.1031e-08,-0.3903995
1.1033e-08,-0.38845399999999997
1.1035e-08,-0.3863190999999999
1.1037e-08,-0.38399490000000003
1.1039e-08,-0.38148209999999994
1.1041e-08,-0.37878239999999996
1.1043e-08,-0.37589779999999995
1.1045e-08,-0.3728309000000001
1.1047e-08,-0.3695849
1.1049e-08,-0.366163
1.1051e-08,-0.36256900000000003
1.1053e-08,-0.35880690000000004
1.1055e-08,-0.35488110000000006
1.1057e-08,-0.3507958
1.1059e-08,-0.3465558999999999
1.1061e-08,-0.3421658999999999
1.1063e-08,-0.3376308
1.1065e-08,-0.3329556
1.1067e-08,-0.3281452
1.1069e-08,-0.3232047
1.1071e-08,-0.31813920000000007
1.1073e-08,-0.31295360000000005
1.1075e-08,-0.3076531
1.1077e-08,-0.30224280000000003
1.1079e-08,-0.2967276
1.1081e-08,-0.29111259999999994
1.1083e-08,-0.28540260000000006
1.1085e-08,-0.2796023999999999
1.1087e-08,-0.27371710000000005
1.1089e-08,-0.2677511
1.1091e-08,-0.2617092
1.1093e-08,-0.2555959
1.1095e-08,-0.24941590000000002
1.1097e-08,-0.24317330000000004
1.1099e-08,-0.23687250000000004
1.1101e-08,-0.2305178
1.1103e-08,-0.22411329999999996
1.1105e-08,-0.21766300000000005
1.1107e-08,-0.21117069999999993
1.1109e-08,-0.20464040000000006
1.1111e-08,-0.19807569999999997
1.1113e-08,-0.1914802
1.1115e-08,-0.1848577
1.1117e-08,-0.17821129999999996
1.1119e-08,-0.1715445
1.1121e-08,-0.16486060000000002
1.1123e-08,-0.15816259999999993
1.1125e-08,-0.15145350000000002
1.1127e-08,-0.14473649999999993
1.1129e-08,-0.1380142000000001
1.1131e-08,-0.13128950000000006
1.1133e-08,-0.12456499999999993
1.1135e-08,-0.11784340000000004
1.1137e-08,-0.11112699999999998
1.1139e-08,-0.10441839999999991
1.1141e-08,-0.09771989999999997
1.1143e-08,-0.0910337
1.1145e-08,-0.08436189999999999
1.1147e-08,-0.0777066999999999
1.1149e-08,-0.07107009999999991
1.1151e-08,-0.06445390000000006
1.1153e-08,-0.05786009999999997
1.1155e-08,-0.05129039999999996
1.1157e-08,-0.04474660000000008
1.1159e-08,-0.03823019999999999
1.1161e-08,-0.03174280000000007
1.1163e-08,-0.025286099999999978
1.1165e-08,-0.01886119999999991
1.1167e-08,-0.012469800000000086
1.1169e-08,-0.006113000000000035
1.1171e-08,0.0002078999999999276
1.1173e-08,0.006491600000000042
1.1175e-08,0.012737100000000057
1.1177e-08,0.018943299999999996
1.1179e-08,0.025108999999999937
1.1181e-08,0.031233500000000025
1.1183e-08,0.037315600000000004
1.1185e-08,0.04335459999999991
1.1187e-08,0.04934970000000005
1.1189e-08,0.055300000000000016
1.1191e-08,0.0612047
1.1193e-08,0.06706329999999994
1.1195e-08,0.07287509999999997
1.1197e-08,0.07863949999999997
1.11985e-08,0.08293119999999998
1.12e-08,0.08719580000000005
1.12002e-08,0.08776269999999997
1.12006e-08,0.08889750000000007
1.12014e-08,0.09117169999999997
1.1203e-08,0.09572629999999993
1.1205e-08,0.10140210000000005
1.1207e-08,0.10702090000000009
1.1209e-08,0.1125465
1.1211e-08,0.11794840000000006
1.1213e-08,0.1232008
1.1215e-08,0.1282822
1.1217e-08,0.13317469999999998
1.1219e-08,0.13786370000000003
1.1221e-08,0.1423373
1.1223e-08,0.14658609999999994
1.1225e-08,0.15060269999999998
1.1227e-08,0.15438169999999996
1.1229e-08,0.15791929999999998
1.1231e-08,0.16121300000000005
1.1233e-08,0.1642614
1.1235e-08,0.1670646
1.1237e-08,0.16962310000000003
1.1239e-08,0.17193860000000005
1.1241e-08,0.17401319999999998
1.1243e-08,0.1758497
1.1245e-08,0.17745140000000004
1.1247e-08,0.17882189999999998
1.1249e-08,0.1799655
1.1251e-08,0.18088630000000006
1.1253e-08,0.18158910000000006
1.1255e-08,0.18207859999999998
1.1257e-08,0.1823598999999999
1.1259e-08,0.182438
1.1261e-08,0.18231810000000004
1.1263e-08,0.1820056
1.1265e-08,0.18150580000000005
1.1267e-08,0.1808240000000001
1.1269e-08,0.17996560000000006
1.1271e-08,0.17893590000000004
1.1273e-08,0.17774040000000002
1.1275e-08,0.1763842
1.1277e-08,0.1748727
1.1279e-08,0.173211
1.1281e-08,0.1714044
1.1283e-08,0.1694578000000001
1.1285e-08,0.1673764000000001
1.1287e-08,0.16516510000000006
1.1289e-08,0.1628286
1.1291e-08,0.16037180000000006
1.1293e-08,0.15779940000000003
1.1295e-08,0.15511580000000003
1.1297e-08,0.1523257
1.1299e-08,0.14943340000000005
1.1301e-08,0.14644330000000005
1.1303e-08,0.14335949999999997
1.1305e-08,0.14018629999999999
1.1307e-08,0.13692759999999993
1.1309e-08,0.13358730000000008
1.1311e-08,0.13016929999999993
1.1313e-08,0.12667739999999994
1.1315e-08,0.12311499999999997
1.1317e-08,0.11948599999999998
1.1319e-08,0.11579379999999995
1.1321e-08,0.11204170000000002
1.1323e-08,0.10823289999999997
1.1325e-08,0.10437079999999999
1.1327e-08,0.10045839999999995
1.1329e-08,0.0964988
1.1331e-08,0.09249489999999994
1.1333e-08,0.08844960000000002
1.1335e-08,0.08436569999999999
1.1337e-08,0.08024580000000003
1.1339e-08,0.07609279999999996
1.1341e-08,0.07190890000000005
1.1343e-08,0.0676968
1.1345e-08,0.0634589000000001
1.1347e-08,0.059197500000000014
1.1349e-08,0.05491480000000004
1.1351e-08,0.050613099999999966
1.1353e-08,0.04629440000000007
1.1355e-08,0.04196089999999997
1.1357e-08,0.037614499999999995
1.1359e-08,0.03325719999999999
1.1361e-08,0.028890900000000053
1.1363e-08,0.024517200000000017
1.1365e-08,0.020138199999999995
1.1367e-08,0.01575519999999997
1.1369e-08,0.011370199999999997
1.1371e-08,0.00698450000000006
1.1373e-08,0.0025996999999999826
1.1375e-08,-0.001782700000000026
1.1377e-08,-0.006161199999999978
1.1379e-08,-0.01053459999999995
1.1381e-08,-0.014901400000000065
1.1383e-08,-0.019260400000000066
1.1385e-08,-0.02361040000000003
1.1387e-08,-0.027950200000000036
1.1389e-08,-0.032278600000000046
1.1391e-08,-0.03659460000000003
1.1393e-08,-0.04089710000000002
1.1395e-08,-0.04518509999999998
1.1397e-08,-0.04945759999999999
1.13985e-08,-0.05265130000000007
1.14e-08,-0.05584639999999996
1.14002e-08,-0.05627380000000004
1.14006e-08,-0.057130000000000014
1.14014e-08,-0.058848299999999965
1.1403e-08,-0.0622973
1.1405e-08,-0.06660379999999999
1.1407e-08,-0.07086890000000001
1.1409e-08,-0.07505739999999994
1.1411e-08,-0.07914009999999994
1.1413e-08,-0.08309190000000011
1.1415e-08,-0.08689159999999996
1.1417e-08,-0.09052209999999994
1.1419e-08,-0.09396899999999997
1.1421e-08,-0.09722070000000005
1.1423e-08,-0.10026809999999997
1.1425e-08,-0.10310389999999992
1.1427e-08,-0.1057227999999999
1.1429e-08,-0.10812109999999997
1.1431e-08,-0.11029659999999997
1.1433e-08,-0.11224790000000007
1.1435e-08,-0.11397489999999999
1.1437e-08,-0.11547829999999992
1.1439e-08,-0.11675999999999997
1.1441e-08,-0.11782179999999998
1.1443e-08,-0.11866679999999996
1.1445e-08,-0.11929809999999996
1.1447e-08,-0.11971940000000003
1.1449e-08,-0.11993489999999996
1.1451e-08,-0.11994879999999997
1.1453e-08,-0.11976569999999997
1.1455e-08,-0.11939040000000001
1.1457e-08,-0.11882770000000009
1.1459e-08,-0.11808279999999993
1.1461e-08,-0.11716090000000001
1.1463e-08,-0.11606699999999992
1.1465e-08,-0.11480639999999998
1.1467e-08,-0.11338439999999994
1.1469e-08,-0.11180630000000003
1.1471e-08,-0.11007729999999993
1.1473e-08,-0.10820249999999998
1.1475e-08,-0.10618719999999993
1.1477e-08,-0.10403660000000003
1.1479e-08,-0.10175560000000006
1.1481e-08,-0.09934929999999997
1.1483e-08,-0.09682260000000009
1.1485e-08,-0.09418019999999994
1.1487e-08,-0.09142709999999998
1.1489e-08,-0.08856790000000003
1.1491e-08,-0.0856072
1.1493e-08,-0.0825494
1.1495e-08,-0.07939890000000005
1.1497e-08,-0.07616010000000006
1.1499e-08,-0.07283720000000005
1.1501e-08,-0.06943430000000006
1.1503e-08,-0.06595519999999999
1.1505e-08,-0.06240420000000002
1.1507e-08,-0.05878479999999997
1.1509e-08,-0.05510090000000001
1.1511e-08,-0.05135590000000001
1.1513e-08,-0.047553600000000085
1.1515e-08,-0.04369719999999999
1.1517e-08,-0.039790300000000056
1.1519e-08,-0.035835800000000084
1.1521e-08,-0.03183710000000006
1.1523e-08,-0.027797200000000077
1.1525e-08,-0.023719099999999993
1.1527e-08,-0.0196056
1.1529e-08,-0.015459699999999965
1.1531e-08,-0.011283900000000013
1.1533e-08,-0.007080900000000057
1.1535e-08,-0.0028532
1.1537e-08,0.00139659999999997
1.1539e-08,0.005666100000000007
1.1541e-08,0.009953099999999937
1.1543e-08,0.014255300000000082
1.1545e-08,0.018570500000000045
1.1547e-08,0.022896599999999934
1.1549e-08,0.02723170000000008
1.1551e-08,0.03157359999999998
1.1553e-08,0.03592049999999991
1.1555e-08,0.04027069999999999
1.1557e-08,0.044622300000000004
1.1559e-08,0.04897370000000001
1.1561e-08,0.05332300000000001
1.1563e-08,0.05766900000000008
1.1565e-08,0.062009800000000004
1.1567e-08,0.06634419999999996
1.1569e-08,0.07067060000000003
1.1571e-08,0.07498769999999999
1.1573e-08,0.07929419999999998
1.1575e-08,0.08358889999999997
1.1577e-08,0.08787050000000007
1.1579e-08,0.0921379
1.1581e-08,0.09638980000000008
1.1583e-08,0.10062539999999998
1.1585e-08,0.10484349999999998
1.1587e-08,0.1090432
1.1589e-08,0.11322359999999998
1.1591e-08,0.11738359999999992
1.1593e-08,0.12152249999999998
1.1595e-08,0.12563939999999996
1.1597e-08,0.1297336
1.15985e-08,0.1327889
1.16e-08,0.13583069999999997
1.16002e-08,0.13623510000000005
1.16006e-08,0.13704340000000004
1.16014e-08,0.1386571000000001
1.1603e-08,0.1418724
1.1605e-08,0.14586849999999996
1.1607e-08,0.14983840000000004
1.1609e-08,0.15378170000000002
1.1611e-08,0.15769770000000005
1.1613e-08,0.1615858
1.1615e-08,0.16544569999999992
1.1617e-08,0.16927690000000006
1.1619e-08,0.17307890000000004
1.1621e-08,0.17685129999999993
1.1623e-08,0.18059360000000002
1.1625e-08,0.18430570000000002
1.1627e-08,0.18798720000000002
1.1629e-08,0.19163750000000002
1.1631e-08,0.19525669999999995
1.1633e-08,0.19884429999999997
1.1635e-08,0.20240009999999997
1.1637e-08,0.2059238
1.1639e-08,0.20941539999999992
1.1641e-08,0.21287449999999997
1.1643e-08,0.21630100000000008
1.1645e-08,0.21969479999999997
1.1647e-08,0.22305569999999997
1.1649e-08,0.22638349999999996
1.1651e-08,0.2296783
1.1653e-08,0.23293989999999998
1.1655e-08,0.23616819999999994
1.1657e-08,0.23936330000000006
1.1659e-08,0.24252490000000004
1.1661e-08,0.24565309999999996
1.1663e-08,0.24874790000000002
1.1665e-08,0.2518093
1.1667e-08,0.25483730000000004
1.1669e-08,0.2578319
1.1671e-08,0.2607931
1.1673e-08,0.263721
1.1675e-08,0.26661560000000006
1.1677e-08,0.2694770000000001
1.1679e-08,0.2723052
1.1681e-08,0.27510049999999997
1.1683e-08,0.27786259999999996
1.1685e-08,0.2805919
1.1687e-08,0.2832884
1.1689e-08,0.2859522000000001
1.1691e-08,0.2885835000000001
1.1693e-08,0.29118239999999995
1.1695e-08,0.29374880000000003
1.1697e-08,0.29628319999999997
1.1699e-08,0.2987856
1.1701e-08,0.3012561
1.1703e-08,0.30369499999999994
1.1705e-08,0.3061022
1.1707e-08,0.3084781
1.1709e-08,0.3108227
1.1711e-08,0.3131364000000001
1.1713e-08,0.3154191999999999
1.1715e-08,0.31767140000000005
1.1717e-08,0.319893
1.1719e-08,0.32208439999999994
1.1721e-08,0.32424580000000003
1.1723e-08,0.3263771999999999
1.1725e-08,0.32847899999999997
1.1727e-08,0.33055120000000004
1.1729e-08,0.3325942999999999
1.1731e-08,0.33460829999999997
1.1733e-08,0.33659340000000004
1.1735e-08,0.33855
1.1737e-08,0.3404781
1.1739e-08,0.34237800000000007
1.1741e-08,0.3442501
1.1743e-08,0.34609429999999997
1.1745e-08,0.34791099999999997
1.1747e-08,0.3497005000000001
1.1749e-08,0.3514629
1.1751e-08,0.35319849999999997
1.1753e-08,0.35490750000000004
1.1755e-08,0.35659019999999997
1.1757e-08,0.35824670000000003
1.1759e-08,0.35987729999999996
1.1761e-08,0.36148230000000003
1.1763e-08,0.36306189999999994
1.1765e-08,0.36461620000000006
1.1767e-08,0.36614559999999996
1.1769e-08,0.3676503
1.1771e-08,0.36913050000000003
1.1773e-08,0.3705864
1.1775e-08,0.3720183
1.1777e-08,0.3734265
1.1779e-08,0.374811
1.1781e-08,0.3761723
1.1783e-08,0.37751049999999997
1.1785e-08,0.37882590000000005
1.1787e-08,0.3801186
1.1789e-08,0.381389
1.1791e-08,0.3826372
1.1793e-08,0.3838635
1.1795e-08,0.38506830000000003
1.1797e-08,0.3862513999999999
1.17985e-08,0.3871249
1.18e-08,0.38798659999999996
1.18002e-08,0.38810050000000007
1.18006e-08,0.38832769999999994
1.18014e-08,0.38878
1.1803e-08,0.38967450000000003
1.1805e-08,0.3907743
1.1807e-08,0.3918536
1.1809e-08,0.39291299999999996
1.1811e-08,0.3939524
1.1813e-08,0.3949722
1.1815e-08,0.39597269999999996
1.1817e-08,0.39695389999999997
1.1819e-08,0.39791619999999994
1.1821e-08,0.39885970000000004
1.1823e-08,0.3997847
1.1825e-08,0.4006913999999999
1.1827e-08,0.4015799
1.1829e-08,0.4024506
1.1831e-08,0.4033036
1.1833e-08,0.4041391000000001
1.1835e-08,0.4049574
1.1837e-08,0.4057587
1.1839e-08,0.40654309999999994
1.1841e-08,0.4073108
1.1843e-08,0.40806219999999993
1.1845e-08,0.40879730000000003
1.1847e-08,0.4095164
1.1849e-08,0.41021969999999996
1.1851e-08,0.4109073
1.1853e-08,0.4115795
1.1855e-08,0.4122364999999999
1.1857e-08,0.41287850000000004
1.1859e-08,0.4135055999999999
1.1861e-08,0.41411810000000004
1.1863e-08,0.41471610000000003
1.1865e-08,0.4152998
1.1867e-08,0.4158694999999999
1.1869e-08,0.41642520000000005
1.1871e-08,0.4169672
1.1873e-08,0.4174957
1.1875e-08,0.4180108
1.1877e-08,0.4185128
1.1879e-08,0.41900170000000003
1.1881e-08,0.4194778
1.1883e-08,0.4199412
1.1885e-08,0.42039229999999994
1.1887e-08,0.4208309
1.1889e-08,0.42125750000000006
1.1891e-08,0.42167200000000005
1.1893e-08,0.42207490000000003
1.1895e-08,0.422466
1.1897e-08,0.4228457
1.1899e-08,0.423214
1.1901e-08,0.4235713
1.1903e-08,0.42391750000000006
1.1905e-08,0.42425290000000004
1.1907e-08,0.4245776
1.1909e-08,0.42489179999999993
1.1911e-08,0.4251956
1.1913e-08,0.4254892
1.1915e-08,0.42577279999999995
1.1917e-08,0.42604639999999994
1.1919e-08,0.4263102000000001
1.1921e-08,0.4265645
1.1923e-08,0.4268092
1.1925e-08,0.4270446
1.1927e-08,0.42727080000000006
1.1929e-08,0.427488
1.1931e-08,0.42769630000000003
1.1933e-08,0.4278957
1.1935e-08,0.42808650000000004
1.1937e-08,0.4282688
1.1939e-08,0.42844269999999995
1.1941e-08,0.42860830000000005
1.1943e-08,0.4287658
1.1945e-08,0.42891540000000006
1.1947e-08,0.429057
1.1949e-08,0.429191
1.1951e-08,0.4293172999999999
1.1953e-08,0.4294361000000001
1.1955e-08,0.42954760000000003
1.1957e-08,0.42965180000000003
1.1959e-08,0.42974899999999994
1.1961e-08,0.42983899999999997
1.1963e-08,0.42992220000000003
1.1965e-08,0.4299986
1.1967e-08,0.4300684
1.1969e-08,0.4301315
1.1971e-08,0.4301882
1.1973e-08,0.4302386
1.1975e-08,0.4302829
1.1977e-08,0.43032079999999995
1.1979e-08,0.4303528999999999
1.1981e-08,0.43037900000000007
1.1983e-08,0.4303994
1.1985e-08,0.4304140000000001
1.1987e-08,0.43042309999999995
1.1989e-08,0.4304266
1.1991e-08,0.43042479999999994
1.1993e-08,0.43041759999999996
1.1995e-08,0.43040520000000004
1.1997e-08,0.43038769999999993
1.19985e-08,0.4303713
1.2e-08,0.4303521
1.20002e-08,0.43034929999999993
1.20006e-08,0.4303437
1.20014e-08,0.4303317
1.2003e-08,0.4303055
1.2005e-08,0.4302686
1.2007e-08,0.43022689999999997
1.2009e-08,0.43018080000000003
1.2011e-08,0.43013010000000007
1.2013e-08,0.430075
1.2015e-08,0.4300157
1.2017e-08,0.42995210000000006
1.2019e-08,0.42988439999999994
1.2021e-08,0.42981270000000005
1.2023e-08,0.4297369999999999
1.2025e-08,0.4296573
1.2027e-08,0.429574
1.2029e-08,0.42948680000000006
1.2031e-08,0.429396
1.2033e-08,0.42930159999999995
1.2035e-08,0.42920369999999997
1.2037e-08,0.4291024
1.2039e-08,0.4289976999999999
1.2041e-08,0.42888970000000004
1.2043e-08,0.4287786
1.2045e-08,0.42866420000000005
1.2047e-08,0.42854690000000006
1.2049e-08,0.42842649999999993
1.2051e-08,0.4283032
1.2053e-08,0.42817700000000003
1.2055e-08,0.428048
1.2057e-08,0.4279162999999999
1.2059e-08,0.42778190000000005
1.2061e-08,0.42764500000000005
1.2063e-08,0.42750540000000004
1.2065e-08,0.42736340000000006
1.2067e-08,0.42721889999999996
1.2069e-08,0.4270719999999999
1.2071e-08,0.4269229
1.2073e-08,0.42677149999999997
1.2075e-08,0.4266179
1.2077e-08,0.42646229999999996
1.2079e-08,0.4263045
1.2081e-08,0.4261446
1.2083e-08,0.42598290000000005
1.2085e-08,0.42581919999999995
1.2087e-08,0.4256537
1.2089e-08,0.42548640000000004
1.2091e-08,0.4253173
1.2093e-08,0.4251465
1.2095e-08,0.4249739
1.2097e-08,0.4247999
1.2099e-08,0.4246242
1.2101e-08,0.424447
1.2103e-08,0.4242684
1.2105e-08,0.4240883999999999
1.2107e-08,0.4239069
1.2109e-08,0.4237242000000001
1.2111e-08,0.42354020000000003
1.2113e-08,0.4233549999999999
1.2115e-08,0.4231684
1.2117e-08,0.42298079999999993
1.2119e-08,0.4227921
1.2121e-08,0.42260220000000004
1.2123e-08,0.42241150000000005
1.2125e-08,0.42221960000000003
1.2127e-08,0.4220267999999999
1.2129e-08,0.42183309999999996
1.2131e-08,0.4216386
1.2133e-08,0.42144310000000007
1.2135e-08,0.4212469
1.2137e-08,0.42104980000000003
1.2139e-08,0.42085209999999995
1.2141e-08,0.4206537
1.2143e-08,0.4204546
1.2145e-08,0.42025500000000005
1.2147e-08,0.42005459999999994
1.2149e-08,0.41985380000000005
1.2151e-08,0.4196523000000001
1.2153e-08,0.4194504
1.2155e-08,0.4192481
1.2157e-08,0.41904530000000006
1.2159e-08,0.4188421
1.2161e-08,0.4186385
1.2163e-08,0.4184346
1.2165e-08,0.4182304
1.2167e-08,0.4180258
1.2169e-08,0.417821
1.2171e-08,0.41761589999999993
1.2173e-08,0.4174107
1.2175e-08,0.41720519999999994
1.2177e-08,0.4169997
1.2179e-08,0.416794
1.2181e-08,0.4165882000000001
1.2183e-08,0.4163823
1.2185e-08,0.41617629999999994
1.2187e-08,0.4159703
1.2189e-08,0.41576420000000003
1.2191e-08,0.4155582
1.2193e-08,0.4153523
1.2195e-08,0.4151464
1.2197e-08,0.4149406
1.21985e-08,0.41478629999999994
1.22e-08,0.414632
1.22002e-08,0.4146122
1.22006e-08,0.4145742
1.22014e-08,0.4145088
1.2203e-08,0.41440829999999995
1.2205e-08,0.41431130000000005
1.2207e-08,0.4142106
1.2209e-08,0.4140718
1.2211e-08,0.41386619999999996
1.2213e-08,0.41356950000000003
1.2215e-08,0.413161
1.2217e-08,0.4126236999999999
1.2219e-08,0.41194319999999995
1.2221e-08,0.41110800000000003
1.2223e-08,0.41010820000000003
1.2225e-08,0.40893630000000003
1.2227e-08,0.40758630000000007
1.2229e-08,0.40605350000000007
1.2231e-08,0.40433489999999994
1.2233e-08,0.4024282
1.2235e-08,0.4003323
1.2237e-08,0.3980471
1.2239e-08,0.39557300000000006
1.2241e-08,0.3929112
1.2243e-08,0.39006360000000007
1.2245e-08,0.38703280000000007
1.2247e-08,0.3838212
1.2249e-08,0.3804322
1.2251e-08,0.37686949999999997
1.2253e-08,0.3731367
1.2255e-08,0.3692381
1.2257e-08,0.365178
1.2259e-08,0.36096079999999997
1.2261e-08,0.3565914
1.2263e-08,0.35207430000000006
1.2265e-08,0.3474146
1.2267e-08,0.3426171
1.2269e-08,0.3376869
1.2271e-08,0.3326290999999999
1.2273e-08,0.3274486
1.2275e-08,0.3221505
1.2277e-08,0.3167397999999999
1.2279e-08,0.3112216
1.2281e-08,0.30560089999999995
1.2283e-08,0.2998826
1.2285e-08,0.2940714
1.2287e-08,0.2881724
1.2289e-08,0.28219019999999995
1.2291e-08,0.2761294999999999
1.2293e-08,0.269995
1.2295e-08,0.263791
1.2297e-08,0.2575223
1.2299e-08,0.2511928
1.2301e-08,0.24480709999999994
1.2303e-08,0.23836940000000006
1.2305e-08,0.23188339999999996
1.2307e-08,0.22535340000000004
1.2309e-08,0.2187831
1.2311e-08,0.21217640000000004
1.2313e-08,0.20553699999999997
1.2315e-08,0.19886839999999995
1.2317e-08,0.19217399999999996
1.2319e-08,0.1854574000000001
1.2321e-08,0.17872179999999993
1.2323e-08,0.17197039999999997
1.2325e-08,0.16520629999999992
1.2327e-08,0.15843230000000008
1.2329e-08,0.15165170000000006
1.2331e-08,0.14486710000000003
1.2333e-08,0.13808129999999996
1.2335e-08,0.1312968
1.2337e-08,0.12451640000000008
1.2339e-08,0.11774229999999997
1.2341e-08,0.11097699999999999
1.2343e-08,0.10422290000000001
1.2345e-08,0.09748199999999996
1.2347e-08,0.09075659999999997
1.2349e-08,0.08404880000000003
1.2351e-08,0.07736029999999994
1.2353e-08,0.07069329999999996
1.2355e-08,0.06404939999999992
1.2357e-08,0.0574306
1.2359e-08,0.0508383
1.2361e-08,0.044274399999999936
1.2363e-08,0.0377402
1.2365e-08,0.031237300000000023
1.2367e-08,0.02476709999999993
1.2369e-08,0.018331100000000045
1.2371e-08,0.011930200000000002
1.2373e-08,0.005566100000000018
1.2375e-08,-0.000760299999999936
1.2377e-08,-0.0070477999999999374
1.2379e-08,-0.013295400000000068
1.2381e-08,-0.01950199999999991
1.2383e-08,-0.02566669999999993
1.2385e-08,-0.031788600000000056
1.2387e-08,-0.03786670000000003
1.2389e-08,-0.04390040000000006
1.2391e-08,-0.049888799999999955
1.2393e-08,-0.05583119999999997
1.2395e-08,-0.06172700000000009
1.2397e-08,-0.06757540000000006
1.23985e-08,-0.0719303
1.24e-08,-0.0762581
1.24002e-08,-0.07683280000000003
1.24006e-08,-0.07798129999999992
1.24014e-08,-0.08027240000000002
1.2403e-08,-0.08483090000000004
1.2405e-08,-0.09048460000000003
1.2407e-08,-0.09608839999999996
1.2409e-08,-0.10164200000000001
1.2411e-08,-0.1071449000000001
1.2413e-08,-0.11259679999999994
1.2415e-08,-0.11799740000000003
1.2417e-08,-0.12334630000000002
1.2419e-08,-0.1286434999999999
1.2421e-08,-0.1338885999999999
1.2423e-08,-0.13908149999999997
1.2425e-08,-0.14422199999999996
1.2427e-08,-0.14930980000000005
1.2429e-08,-0.15434499999999995
1.2431e-08,-0.1593274
1.2433e-08,-0.16425710000000004
1.2435e-08,-0.1691338
1.2437e-08,-0.1739577
1.2439e-08,-0.17872869999999996
1.2441e-08,-0.18344669999999996
1.2443e-08,-0.1881119
1.2445e-08,-0.19272440000000002
1.2447e-08,-0.19728409999999996
1.2449e-08,-0.20179119999999995
1.2451e-08,-0.20624569999999998
1.2453e-08,-0.21064780000000005
1.2455e-08,-0.21499769999999996
1.2457e-08,-0.21929539999999992
1.2459e-08,-0.22354130000000005
1.2461e-08,-0.22773529999999997
1.2463e-08,-0.23187769999999996
1.2465e-08,-0.23596879999999998
1.2467e-08,-0.24000860000000002
1.2469e-08,-0.24399749999999998
1.2471e-08,-0.24793569999999998
1.2473e-08,-0.25182340000000003
1.2475e-08,-0.25566089999999997
1.2477e-08,-0.25944849999999997
1.2479e-08,-0.26318639999999993
1.2481e-08,-0.26687479999999997
1.2483e-08,-0.27051420000000004
1.2485e-08,-0.2741047
1.2487e-08,-0.27764659999999997
1.2489e-08,-0.28114039999999996
1.2491e-08,-0.2845864
1.2493e-08,-0.2879847
1.2495e-08,-0.29133580000000003
1.2497e-08,-0.29464
1.2499e-08,-0.29789750000000004
1.2501e-08,-0.3011089
1.2503e-08,-0.3042743
1.2505e-08,-0.3073942999999999
1.2507e-08,-0.310469
1.2509e-08,-0.31349879999999997
1.2511e-08,-0.31648430000000005
1.2513e-08,-0.3194256
1.2515e-08,-0.3223231000000001
1.2517e-08,-0.3251773
1.2519e-08,-0.3279885
1.2521e-08,-0.33075699999999997
1.2523e-08,-0.3334832999999999
1.2525e-08,-0.33616769999999996
1.2527e-08,-0.3388105
1.2529e-08,-0.3414123
1.2531e-08,-0.3439732
1.2533e-08,-0.34649379999999996
1.2535e-08,-0.3489744
1.2537e-08,-0.3514153
1.2539e-08,-0.3538171
1.2541e-08,-0.3561799
1.2543e-08,-0.3585043
1.2545e-08,-0.36079059999999996
1.2547e-08,-0.3630392
1.2549e-08,-0.3652504
1.2551e-08,-0.36742469999999994
1.2553e-08,-0.36956239999999996
1.2555e-08,-0.37166390000000005
1.2557e-08,-0.3737296
1.2559e-08,-0.3757598
1.2561e-08,-0.37775500000000006
1.2563e-08,-0.37971540000000004
1.2565e-08,-0.3816415999999999
1.2567e-08,-0.38353380000000004
1.2569e-08,-0.38539239999999997
1.2571e-08,-0.3872179
1.2573e-08,-0.3890104
1.2575e-08,-0.3907705
1.2577e-08,-0.3924985
1.2579e-08,-0.3941947
1.2581e-08,-0.3958596
1.2583e-08,-0.3974934
1.2585e-08,-0.39909649999999997
1.2587e-08,-0.40066939999999995
1.2589e-08,-0.4022122
1.2591e-08,-0.4037254
1.2593e-08,-0.40520940000000005
1.2595e-08,-0.40666440000000004
1.2597e-08,-0.4080908999999999
1.25985e-08,-0.40914209999999995
1.26e-08,-0.4101777
1.26002e-08,-0.4103145
1.26006e-08,-0.41058740000000005
1.26014e-08,-0.41113
1.2603e-08,-0.4122021
1.2605e-08,-0.41351760000000004
1.2607e-08,-0.41480629999999996
1.2609e-08,-0.4160684
1.2611e-08,-0.4173043000000001
1.2613e-08,-0.4185142999999999
1.2615e-08,-0.4196987000000001
1.2617e-08,-0.4208579
1.2619e-08,-0.4219921
1.2621e-08,-0.4231017
1.2623e-08,-0.424187
1.2625e-08,-0.4252482000000001
1.2627e-08,-0.42628579999999994
1.2629e-08,-0.42730010000000007
1.2631e-08,-0.4282912
1.2633e-08,-0.4292596000000001
1.2635e-08,-0.43020539999999996
1.2637e-08,-0.43112909999999993
1.2639e-08,-0.4320309
1.2641e-08,-0.43291100000000005
1.2643e-08,-0.43376990000000004
1.2645e-08,-0.43460770000000004
1.2647e-08,-0.43542479999999995
1.2649e-08,-0.43622149999999993
1.2651e-08,-0.436998
1.2653e-08,-0.43775450000000005
1.2655e-08,-0.43849130000000003
1.2657e-08,-0.4392089
1.2659e-08,-0.4399073
1.2661e-08,-0.4405869
1.2663e-08,-0.4412479
1.2665e-08,-0.4418906
1.2667e-08,-0.4425152
1.2669e-08,-0.443122
1.2671e-08,-0.4437114
1.2673e-08,-0.44428329999999994
1.2675e-08,-0.4448383
1.2677e-08,-0.4453764
1.2679e-08,-0.445898
1.2681e-08,-0.44640329999999995
1.2683e-08,-0.44689239999999997
1.2685e-08,-0.44736580000000004
1.2687e-08,-0.4478234
1.2689e-08,-0.4482657
1.2691e-08,-0.44869289999999995
1.2693e-08,-0.4491052
1.2695e-08,-0.4495026
1.2697e-08,-0.44988570000000005
1.2699e-08,-0.45025440000000005
1.2701e-08,-0.4506091
1.2703e-08,-0.4509498999999999
1.2705e-08,-0.45127720000000004
1.2707e-08,-0.4515910000000001
1.2709e-08,-0.45189159999999995
1.2711e-08,-0.4521792
1.2713e-08,-0.4524539999999999
1.2715e-08,-0.4527162
1.2717e-08,-0.45296590000000003
1.2719e-08,-0.4532035
1.2721e-08,-0.45342910000000003
1.2723e-08,-0.4536428
1.2725e-08,-0.45384500000000005
1.2727e-08,-0.4540356
1.2729e-08,-0.45421500000000004
1.2731e-08,-0.4543834
1.2733e-08,-0.45454079999999997
1.2735e-08,-0.45468759999999997
1.2737e-08,-0.45482370000000005
1.2739e-08,-0.4549495
1.2741e-08,-0.45506519999999995
1.2743e-08,-0.45517070000000004
1.2745e-08,-0.4552665
1.2747e-08,-0.4553526
1.2749e-08,-0.45542910000000003
1.2751e-08,-0.45549629999999997
1.2753e-08,-0.4555544
1.2755e-08,-0.4556034
1.2757e-08,-0.4556435
1.2759e-08,-0.4556749
1.2761e-08,-0.4556977
1.2763e-08,-0.45571209999999995
1.2765e-08,-0.4557183
1.2767e-08,-0.45571629999999996
1.2769e-08,-0.45570640000000007
1.2771e-08,-0.4556886
1.2773e-08,-0.45566320000000005
1.2775e-08,-0.4556302
1.2777e-08,-0.4555899
1.2779e-08,-0.45554229999999996
1.2781e-08,-0.45548749999999993
1.2783e-08,-0.4554258
1.2785e-08,-0.45535709999999996
1.2787e-08,-0.45528180000000007
1.2789e-08,-0.4551999
1.2791e-08,-0.4551115
1.2793e-08,-0.4550168
1.2795e-08,-0.45491589999999993
1.2797e-08,-0.4548088
1.27985e-08,-0.45472460000000003
1.28e-08,-0.45464819999999995
1.28002e-08,-0.4546399000000001
1.28006e-08,-0.45462499999999995
1.28014e-08,-0.4546027
1.2803e-08,-0.45457780000000003
1.2805e-08,-0.4545572
1.2807e-08,-0.45451549999999996
1.2809e-08,-0.45442119999999997
1.2811e-08,-0.4542478
1.2813e-08,-0.4539731
1.2815e-08,-0.45357800000000004
1.2817e-08,-0.45304730000000004
1.2819e-08,-0.45236769999999993
1.2821e-08,-0.45152839999999994
1.2823e-08,-0.45052099999999995
1.2825e-08,-0.4493381999999999
1.2827e-08,-0.44797470000000006
1.2829e-08,-0.4464264
1.2831e-08,-0.4446903
1.2833e-08,-0.44276479999999996
1.2835e-08,-0.44064859999999995
1.2837e-08,-0.4383418
1.2839e-08,-0.4358451
1.2841e-08,-0.43315950000000003
1.2843e-08,-0.430287
1.2845e-08,-0.4272298
1.2847e-08,-0.4239908
1.2849e-08,-0.42057310000000003
1.2851e-08,-0.41698
1.2853e-08,-0.4132154
1.2855e-08,-0.40928320000000007
1.2857e-08,-0.4051878
1.2859e-08,-0.40093349999999994
1.2861e-08,-0.3965248
1.2863e-08,-0.39196639999999994
1.2865e-08,-0.38726309999999997
1.2867e-08,-0.38241970000000003
1.2869e-08,-0.3774413
1.2871e-08,-0.3723326
1.2873e-08,-0.3670987
1.2875e-08,-0.3617444999999999
1.2877e-08,-0.35627510000000007
1.2879e-08,-0.35069530000000004
1.2881e-08,-0.34501020000000004
1.2883e-08,-0.33922450000000004
1.2885e-08,-0.33334319999999995
1.2887e-08,-0.32737099999999997
1.2889e-08,-0.3213127
1.2891e-08,-0.31517300000000004
1.2893e-08,-0.3089563000000001
1.2895e-08,-0.3026673
1.2897e-08,-0.2963104
1.2899e-08,-0.2898898999999999
1.2901e-08,-0.28341019999999995
1.2903e-08,-0.27687529999999994
1.2905e-08,-0.2702894
1.2907e-08,-0.26365650000000007
1.2909e-08,-0.25698049999999995
1.2911e-08,-0.2502652000000001
1.2913e-08,-0.24351429999999996
1.2915e-08,-0.23673159999999993
1.2917e-08,-0.22992029999999997
1.2919e-08,-0.2230841
1.2921e-08,-0.21622619999999992
1.2923e-08,-0.20935000000000004
1.2925e-08,-0.20245849999999999
1.2927e-08,-0.19555480000000003
1.2929e-08,-0.18864189999999992
1.2931e-08,-0.1817226999999999
1.2933e-08,-0.17479979999999995
1.2935e-08,-0.16787609999999997
1.2937e-08,-0.16095419999999994
1.2939e-08,-0.15403659999999997
1.2941e-08,-0.14712559999999997
1.2943e-08,-0.14022370000000006
1.2945e-08,-0.13333319999999993
1.2947e-08,-0.12645609999999996
1.2949e-08,-0.1195948
1.2951e-08,-0.11275120000000005
1.2953e-08,-0.10592709999999994
1.2955e-08,-0.09912460000000001
1.2957e-08,-0.09234549999999997
1.2959e-08,-0.08559139999999998
1.2961e-08,-0.07886420000000005
1.2963e-08,-0.07216529999999999
1.2965e-08,-0.06549630000000006
1.2967e-08,-0.05885870000000004
1.2969e-08,-0.05225380000000002
1.2971e-08,-0.04568329999999998
1.2973e-08,-0.03914799999999996
1.2975e-08,-0.0326495
1.2977e-08,-0.026188699999999954
1.2979e-08,-0.01976699999999998
1.2981e-08,-0.013385300000000044
1.2983e-08,-0.007044699999999904
1.2985e-08,-0.000745899999999966
1.2987e-08,0.0055098999999999565
1.2989e-08,0.011721899999999952
1.2991e-08,0.017889299999999997
1.2993e-08,0.024011400000000016
1.2995e-08,0.030087399999999986
1.2997e-08,0.0361167
1.29985e-08,0.040607599999999966
1.3e-08,0.04507159999999999
1.30002e-08,0.0456645
1.30006e-08,0.04684929999999998
1.30014e-08,0.04921320000000007
1.3003e-08,0.05391750000000006
1.3005e-08,0.05975380000000008
1.3007e-08,0.06554040000000005
1.3009e-08,0.07127720000000004
1.3011e-08,0.07696349999999996
1.3013e-08,0.08259899999999998
1.3015e-08,0.08818340000000002
1.3017e-08,0.09371639999999992
1.3019e-08,0.0991976
1.3021e-08,0.10462669999999996
1.3023e-08,0.1100038000000001
1.3025e-08,0.11532830000000005
1.3027e-08,0.1206003
1.3029e-08,0.12581960000000003
1.3031e-08,0.1309859
1.3033e-08,0.13609930000000003
1.3035e-08,0.1411597
1.3037e-08,0.1461671
1.3039e-08,0.15112119999999996
1.3041e-08,0.15602230000000006
1.3043e-08,0.16087030000000002
1.3045e-08,0.16566519999999996
1.3047e-08,0.17040710000000003
1.3049e-08,0.17509590000000008
1.3051e-08,0.17973190000000006
1.3053e-08,0.18431510000000006
1.3055e-08,0.18884560000000006
1.3057e-08,0.19332359999999993
1.3059e-08,0.1977491
1.3061e-08,0.20212239999999992
1.3063e-08,0.2064437
1.3065e-08,0.21071300000000004
1.3067e-08,0.21493059999999997
1.3069e-08,0.21909670000000003
1.3071e-08,0.22321160000000007
1.3073e-08,0.22727549999999996
1.3075e-08,0.23128840000000006
1.3077e-08,0.235251
1.3079e-08,0.23916309999999996
1.3081e-08,0.24302520000000005
1.3083e-08,0.24683750000000004
1.3085e-08,0.2506005
1.3087e-08,0.25431420000000005
1.3089e-08,0.25797900000000007
1.3091e-08,0.2615952
1.3093e-08,0.26516320000000004
1.3095e-08,0.2686832
1.3097e-08,0.2721555
1.3099e-08,0.2755805
1.3101e-08,0.27895860000000006
1.3103e-08,0.28228999999999993
1.3105e-08,0.285575
1.3107e-08,0.2888142
1.3109e-08,0.2920077000000001
1.3111e-08,0.295156
1.3113e-08,0.2982595
1.3115e-08,0.30131829999999993
1.3117e-08,0.30433299999999996
1.3119e-08,0.3073038
1.3121e-08,0.31023120000000004
1.3123e-08,0.3131155
1.3125e-08,0.31595720000000005
1.3127e-08,0.3187565
1.3129e-08,0.3215137
1.3131e-08,0.32422949999999995
1.3133e-08,0.326904
1.3135e-08,0.32953770000000004
1.3137e-08,0.3321309
1.3139e-08,0.334684
1.3141e-08,0.3371974
1.3143e-08,0.3396716000000001
1.3145e-08,0.3421067000000001
1.3147e-08,0.34450329999999996
1.3149e-08,0.34686170000000005
1.3151e-08,0.34918229999999995
1.3153e-08,0.35146539999999993
1.3155e-08,0.35371149999999996
1.3157e-08,0.3559211
1.3159e-08,0.3580941999999999
1.3161e-08,0.36023130000000003
1.3163e-08,0.362333
1.3165e-08,0.3643995
1.3167e-08,0.3664311
1.3169e-08,0.3684284
1.3171e-08,0.3703915000000001
1.3173e-08,0.372321
1.3175e-08,0.37421709999999997
1.3177e-08,0.37608030000000003
1.3179e-08,0.37791090000000005
1.3181e-08,0.37970919999999997
1.3183e-08,0.3814756
1.3185e-08,0.38321060000000007
1.3187e-08,0.38491430000000004
1.3189e-08,0.3865873000000001
1.3191e-08,0.38822979999999996
1.3193e-08,0.3898422
1.3195e-08,0.3914248
1.3197e-08,0.39297799999999994
1.31985e-08,0.39412389999999997
1.32e-08,0.3952534999999999
1.32002e-08,0.3954027
1.32006e-08,0.3957007
1.32014e-08,0.39629310000000006
1.3203e-08,0.3974645
1.3205e-08,0.39890349999999997
1.3207e-08,0.40031479999999997
1.3209e-08,0.40169869999999996
1.3211e-08,0.40305559999999996
1.3213e-08,0.40438569999999996
1.3215e-08,0.40568950000000004
1.3217e-08,0.4069672000000001
1.3219e-08,0.40821909999999995
1.3221e-08,0.4094456999999999
1.3223e-08,0.41064709999999993
1.3225e-08,0.4118238000000001
1.3227e-08,0.41297590000000006
1.3229e-08,0.41410389999999997
1.3231e-08,0.415208
1.3233e-08,0.41628849999999995
1.3235e-08,0.4173458
1.3237e-08,0.41838010000000003
1.3239e-08,0.41939170000000003
1.3241e-08,0.42038109999999995
1.3243e-08,0.42134819999999995
1.3245e-08,0.42229360000000005
1.3247e-08,0.4232175
1.3249e-08,0.42412020000000006
1.3251e-08,0.425002
1.3253e-08,0.42586309999999994
1.3255e-08,0.42670379999999997
1.3257e-08,0.4275244
1.3259e-08,0.42832519999999996
1.3261e-08,0.4291064
1.3263e-08,0.4298683
1.3265e-08,0.4306111
1.3267e-08,0.43133520000000003
1.3269e-08,0.43204070000000006
1.3271e-08,0.432728
1.3273e-08,0.4333973
1.3275e-08,0.43404890000000007
1.3277e-08,0.4346829
1.3279e-08,0.4352996
1.3281e-08,0.43589939999999994
1.3283e-08,0.43648240000000005
1.3285e-08,0.4370488
1.3287e-08,0.4375989
1.3289e-08,0.438133
1.3291e-08,0.4386512
1.3293e-08,0.43915380000000004
1.3295e-08,0.4396411
1.3297e-08,0.4401132
1.3299e-08,0.44057029999999997
1.3301e-08,0.44101270000000004
1.3303e-08,0.4414407
1.3305e-08,0.4418544
1.3307e-08,0.4422539999999999
1.3309e-08,0.4426398
1.3311e-08,0.4430119
1.3313e-08,0.44337060000000006
1.3315e-08,0.44371610000000006
1.3317e-08,0.44404849999999996
1.3319e-08,0.4443682
1.3321e-08,0.4446751
1.3323e-08,0.4449696000000001
1.3325e-08,0.44525190000000003
1.3327e-08,0.44552210000000003
1.3329e-08,0.4457805
1.3331e-08,0.4460271
1.3333e-08,0.44626239999999995
1.3335e-08,0.44648619999999994
1.3337e-08,0.44669899999999996
1.3339e-08,0.4469008
1.3341e-08,0.4470919
1.3343e-08,0.44727229999999996
1.3345e-08,0.44744229999999996
1.3347e-08,0.4476021
1.3349e-08,0.4477517999999999
1.3351e-08,0.4478915
1.3353e-08,0.4480214
1.3355e-08,0.4481419
1.3357e-08,0.44825289999999995
1.3359e-08,0.44835459999999994
1.3361e-08,0.44844720000000005
1.3363e-08,0.4485308
1.3365e-08,0.44860559999999994
1.3367e-08,0.44867179999999995
1.3369e-08,0.44872940000000006
1.3371e-08,0.44877880000000003
1.3373e-08,0.44881989999999994
1.3375e-08,0.4488529
1.3377e-08,0.44887809999999995
1.3379e-08,0.44889540000000006
1.3381e-08,0.44890509999999995
1.3383e-08,0.44890740000000007
1.3385e-08,0.44890220000000003
1.3387e-08,0.4488898
1.3389e-08,0.44887029999999994
1.3391e-08,0.4488438
1.3393e-08,0.44881059999999995
1.3395e-08,0.4487706
1.3397e-08,0.448724
1.33985e-08,0.4486848
1.34e-08,0.448642
1.34002e-08,0.4486367
1.34006e-08,0.4486277999999999
1.34014e-08,0.44861949999999995
1.3403e-08,0.44863050000000004
1.3405e-08,0.4486679
1.3407e-08,0.4486962
1.3409e-08,0.44868220000000003
1.3411e-08,0.4485975
1.3413e-08,0.4484182
1.3415e-08,0.4481244999999999
1.3417e-08,0.44769939999999997
1.3419e-08,0.44712910000000006
1.3421e-08,0.4464020000000001
1.3423e-08,0.4455087
1.3425e-08,0.44444170000000005
1.3427e-08,0.44319489999999995
1.3429e-08,0.4417637
1.3431e-08,0.440145
1.3433e-08,0.4383364999999999
1.3435e-08,0.436337
1.3437e-08,0.43414620000000004
1.3439e-08,0.43176420000000004
1.3441e-08,0.42919240000000003
1.3443e-08,0.4264323000000001
1.3445e-08,0.4234861
1.3447e-08,0.42035639999999996
1.3449e-08,0.4170463
1.3451e-08,0.41355909999999996
1.3453e-08,0.4098986
1.3455e-08,0.40606869999999995
1.3457e-08,0.4020735
1.3459e-08,0.3979174
1.3461e-08,0.393605
1.3463e-08,0.3891409
1.3465e-08,0.3845297999999999
1.3467e-08,0.3797767000000001
1.3469e-08,0.3748863
1.3471e-08,0.36986379999999996
1.3473e-08,0.3647138999999999
1.3475e-08,0.3594419
1.3477e-08,0.3540525
1.3479e-08,0.34855080000000005
1.3481e-08,0.3429417
1.3483e-08,0.3372303
1.3485e-08,0.33142119999999997
1.3487e-08,0.3255194
1.3489e-08,0.3195295
1.3491e-08,0.3134564000000001
1.3493e-08,0.3073047
1.3495e-08,0.3010788
1.3497e-08,0.2947831000000001
1.3499e-08,0.2884223
1.3501e-08,0.28200040000000004
1.3503e-08,0.27552180000000004
1.3505e-08,0.2689906000000001
1.3507e-08,0.26241080000000006
1.3509e-08,0.2557863
1.3511e-08,0.24912089999999998
1.3513e-08,0.24241860000000004
1.3515e-08,0.23568279999999997
1.3517e-08,0.22891709999999998
1.3519e-08,0.22212509999999996
1.3521e-08,0.21531009999999995
1.3523e-08,0.20847530000000003
1.3525e-08,0.20162400000000003
1.3527e-08,0.1947591999999999
1.3529e-08,0.18788400000000005
1.3531e-08,0.18100120000000008
1.3533e-08,0.17411369999999993
1.3535e-08,0.16722400000000004
1.3537e-08,0.16033509999999995
1.3539e-08,0.15344940000000007
1.3541e-08,0.14656920000000007
1.3543e-08,0.13969719999999997
1.3545e-08,0.1328353
1.3547e-08,0.12598620000000005
1.3549e-08,0.11915160000000002
1.3551e-08,0.11233380000000004
1.3553e-08,0.10553469999999998
1.3555e-08,0.09875630000000002
1.3557e-08,0.09200029999999992
1.3559e-08,0.08526870000000009
1.3561e-08,0.07856300000000005
1.3563e-08,0.07188469999999991
1.3565e-08,0.06523570000000001
1.3567e-08,0.05861729999999998
1.3569e-08,0.05203099999999994
1.3571e-08,0.045478099999999966
1.3573e-08,0.03895990000000005
1.3575e-08,0.0324778
1.3577e-08,0.026032800000000078
1.3579e-08,0.01962609999999998
1.3581e-08,0.013258900000000073
1.3583e-08,0.006932099999999997
1.3585e-08,0.0006467
1.3587e-08,-0.0055962999999999985
1.3589e-08,-0.011796199999999923
1.3591e-08,-0.01795190000000002
1.3593e-08,-0.02406280000000005
1.3595e-08,-0.030128299999999997
1.3597e-08,-0.03614740000000005
1.35985e-08,-0.040630900000000025
1.36e-08,-0.04509890000000005
1.36002e-08,-0.04569469999999998
1.36006e-08,-0.046886800000000006
1.36014e-08,-0.049273299999999964
1.3603e-08,-0.054044800000000004
1.3605e-08,-0.05997780000000008
1.3607e-08,-0.06584020000000002
1.3609e-08,-0.07159789999999999
1.3611e-08,-0.07722169999999995
1.3613e-08,-0.08268700000000007
1.3615e-08,-0.08797370000000004
1.3617e-08,-0.0930647
1.3619e-08,-0.09794639999999999
1.3621e-08,-0.10260740000000002
1.3623e-08,-0.1070392
1.3625e-08,-0.11123509999999992
1.3627e-08,-0.11519000000000001
1.3629e-08,-0.11890089999999998
1.3631e-08,-0.12236540000000007
1.3633e-08,-0.125583
1.3635e-08,-0.1285537
1.3637e-08,-0.13127869999999997
1.3639e-08,-0.13375959999999998
1.3641e-08,-0.13599910000000004
1.3643e-08,-0.13800020000000002
1.3645e-08,-0.1397663
1.3647e-08,-0.14130149999999997
1.3649e-08,-0.14260989999999996
1.3651e-08,-0.1436961
1.3653e-08,-0.14456480000000005
1.3655e-08,-0.1452211000000001
1.3657e-08,-0.14566990000000002
1.3659e-08,-0.14591659999999995
1.3661e-08,-0.14596640000000005
1.3663e-08,-0.14582459999999997
1.3665e-08,-0.1454968000000001
1.3667e-08,-0.1449882
1.3669e-08,-0.1443044
1.3671e-08,-0.14345059999999998
1.3673e-08,-0.14243229999999996
1.3675e-08,-0.14125490000000007
1.3677e-08,-0.13992349999999998
1.3679e-08,-0.13844349999999994
1.3681e-08,-0.13681980000000005
1.3683e-08,-0.13505769999999995
1.3685e-08,-0.13316209999999995
1.3687e-08,-0.13113790000000003
1.3689e-08,-0.12899019999999994
1.3691e-08,-0.12672329999999998
1.3693e-08,-0.12434219999999996
1.3695e-08,-0.1218513
1.3697e-08,-0.11925510000000006
1.3699e-08,-0.1165581
1.3701e-08,-0.11376439999999999
1.3703e-08,-0.11087809999999998
1.3705e-08,-0.10790359999999999
1.3707e-08,-0.10484470000000001
1.3709e-08,-0.10170520000000005
1.3711e-08,-0.09848919999999994
1.3713e-08,-0.09519999999999995
1.3715e-08,-0.09184150000000002
1.3717e-08,-0.08841709999999992
1.3719e-08,-0.08493030000000001
1.3721e-08,-0.08138430000000008
1.3723e-08,-0.07778260000000004
1.3725e-08,-0.07412799999999997
1.3727e-08,-0.07042389999999998
1.3729e-08,-0.06667310000000004
1.3731e-08,-0.06287849999999995
1.3733e-08,-0.059043099999999904
1.3735e-08,-0.055169399999999924
1.3737e-08,-0.05126019999999998
1.3739e-08,-0.04731810000000003
1.3741e-08,-0.043345600000000095
1.3743e-08,-0.03934499999999996
1.3745e-08,-0.035318800000000095
1.3747e-08,-0.031269299999999944
1.3749e-08,-0.02719859999999996
1.3751e-08,-0.023108999999999935
1.3753e-08,-0.019002500000000033
1.3755e-08,-0.01488109999999998
1.3757e-08,-0.010746799999999945
1.3759e-08,-0.006601300000000032
1.3761e-08,-0.0024467999999999712
1.3763e-08,0.0017152000000000278
1.3765e-08,0.005882999999999972
1.3767e-08,0.01005480000000003
1.3769e-08,0.014229199999999942
1.3771e-08,0.01840430000000004
1.3773e-08,0.022579000000000016
1.3775e-08,0.026751700000000045
1.3777e-08,0.03092090000000003
1.3779e-08,0.03508549999999999
1.3781e-08,0.039243999999999946
1.3783e-08,0.04339519999999997
1.3785e-08,0.04753809999999992
1.3787e-08,0.051671299999999976
1.3789e-08,0.055793800000000005
1.3791e-08,0.059904499999999916
1.3793e-08,0.06400229999999996
1.3795e-08,0.06808639999999999
1.3797e-08,0.07215570000000004
1.37985e-08,0.07519749999999992
1.38e-08,0.07823020000000003
1.38002e-08,0.07863359999999997
1.38006e-08,0.07944050000000002
1.38014e-08,0.08105180000000001
1.3803e-08,0.08426630000000002
1.3805e-08,0.08826789999999995
1.3807e-08,0.09225050000000001
1.3809e-08,0.09621369999999996
1.3811e-08,0.10015629999999998
1.3813e-08,0.104078
1.3815e-08,0.10797789999999996
1.3817e-08,0.1118555
1.3819e-08,0.11571039999999999
1.3821e-08,0.11954180000000003
1.3823e-08,0.1233493
1.3825e-08,0.12713229999999998
1.3827e-08,0.13089050000000002
1.3829e-08,0.1346233
1.3831e-08,0.13833040000000008
1.3833e-08,0.1420112
1.3835e-08,0.1456655
1.3837e-08,0.1492928
1.3839e-08,0.15289300000000006
1.3841e-08,0.15646559999999998
1.3843e-08,0.1600104
1.3845e-08,0.16352699999999998
1.3847e-08,0.16701520000000003
1.3849e-08,0.17047489999999998
1.3851e-08,0.17390570000000005
1.3853e-08,0.17730749999999995
1.3855e-08,0.18068019999999996
1.3857e-08,0.18402340000000006
1.3859e-08,0.18733710000000003
1.3861e-08,0.1906211
1.3863e-08,0.19387540000000003
1.3865e-08,0.19709980000000005
1.3867e-08,0.20029410000000003
1.3869e-08,0.2034585
1.3871e-08,0.20659260000000002
1.3873e-08,0.2096966
1.3875e-08,0.21277039999999992
1.3877e-08,0.21581399999999995
1.3879e-08,0.2188272
1.3881e-08,0.2218101
1.3883e-08,0.22476280000000004
1.3885e-08,0.22768520000000003
1.3887e-08,0.23057729999999999
1.3889e-08,0.2334391
1.3891e-08,0.23627090000000006
1.3893e-08,0.23907239999999996
1.3895e-08,0.2418439
1.3897e-08,0.2445853
1.3899e-08,0.2472968000000001
1.3901e-08,0.2499783
1.3903e-08,0.25263009999999997
1.3905e-08,0.25525220000000004
1.3907e-08,0.2578446000000001
1.3909e-08,0.2604075
1.3911e-08,0.2629412
1.3913e-08,0.2654455
1.3915e-08,0.26792059999999995
1.3917e-08,0.27036670000000007
1.3919e-08,0.272784
1.3921e-08,0.27517230000000004
1.3923e-08,0.27753229999999995
1.3925e-08,0.2798636
1.3927e-08,0.2821667
1.3929e-08,0.2844414999999999
1.3931e-08,0.28668840000000007
1.3933e-08,0.2889073999999999
1.3935e-08,0.29109870000000004
1.3937e-08,0.2932625
1.3939e-08,0.2953991
1.3941e-08,0.2975084
1.3943e-08,0.29959060000000004
1.3945e-08,0.3016460999999999
1.3947e-08,0.30367500000000003
1.3949e-08,0.3056774
1.3951e-08,0.3076535
1.3953e-08,0.30960350000000003
1.3955e-08,0.31152769999999996
1.3957e-08,0.3134262
1.3959e-08,0.31529909999999994
1.3961e-08,0.3171469
1.3963e-08,0.3189693
1.3965e-08,0.320767
1.3967e-08,0.32253979999999993
1.3969e-08,0.3242882
1.3971e-08,0.32601230000000003
1.3973e-08,0.32771230000000007
1.3975e-08,0.32938829999999997
1.3977e-08,0.3310406
1.3979e-08,0.33266950000000006
1.3981e-08,0.33427489999999993
1.3983e-08,0.3358574
1.3985e-08,0.3374169
1.3987e-08,0.3389537
1.3989e-08,0.340468
1.3991e-08,0.3419601
1.3993e-08,0.34343
1.3995e-08,0.3448781000000001
1.3997e-08,0.3463046000000001
1.39985e-08,0.34736029999999996
1.4e-08,0.3484151
1.40002e-08,0.34855709999999995
1.40006e-08,0.348842
1.40014e-08,0.3494176
1.4003e-08,0.3505809
1.4005e-08,0.35203059999999997
1.4007e-08,0.3534419999999999
1.4009e-08,0.35478279999999995
1.4011e-08,0.3560259
1.4013e-08,0.35714840000000003
1.4015e-08,0.35813130000000004
1.4017e-08,0.3589588
1.4019e-08,0.3596178
1.4021e-08,0.36009769999999997
1.4023e-08,0.36038990000000004
1.4025e-08,0.3604877999999999
1.4027e-08,0.36038630000000005
1.4029e-08,0.36008170000000006
1.4031e-08,0.3595716
1.4033e-08,0.35885469999999997
1.4035e-08,0.3579306
1.4037e-08,0.3567998
1.4039e-08,0.35546350000000004
1.4041e-08,0.35392330000000005
1.4043e-08,0.35218170000000004
1.4045e-08,0.3502415000000001
1.4047e-08,0.34810620000000003
1.4049e-08,0.34577920000000006
1.4051e-08,0.3432645
1.4053e-08,0.34056620000000004
1.4055e-08,0.33768909999999996
1.4057e-08,0.3346374
1.4059e-08,0.33141600000000004
1.4061e-08,0.3280299
1.4063e-08,0.324484
1.4065e-08,0.3207833
1.4067e-08,0.316933
1.4069e-08,0.31293819999999994
1.4071e-08,0.3088041
1.4073e-08,0.30453589999999997
1.4075e-08,0.30013880000000004
1.4077e-08,0.2956177
1.4079e-08,0.29097779999999995
1.4081e-08,0.2862241
1.4083e-08,0.28136170000000005
1.4085e-08,0.2763955
1.4087e-08,0.2713303
1.4089e-08,0.26617100000000005
1.4091e-08,0.2609222
1.4093e-08,0.25558859999999994
1.4095e-08,0.25017469999999997
1.4097e-08,0.24468520000000005
1.4099e-08,0.239124
1.4101e-08,0.23349589999999998
1.4103e-08,0.22780479999999992
1.4105e-08,0.22205469999999994
1.4107e-08,0.2162499
1.4109e-08,0.21039410000000003
1.4111e-08,0.20449129999999993
1.4113e-08,0.19854490000000002
1.4115e-08,0.19255880000000003
1.4117e-08,0.18653640000000005
1.4119e-08,0.18048109999999995
1.4121e-08,0.1743962
1.4123e-08,0.16828520000000002
1.4125e-08,0.16215099999999993
1.4127e-08,0.1559967
1.4129e-08,0.1498252
1.4131e-08,0.14363950000000003
1.4133e-08,0.13744230000000002
1.4135e-08,0.13123629999999997
1.4137e-08,0.12502420000000003
1.4139e-08,0.11880849999999998
1.4141e-08,0.11259160000000001
1.4143e-08,0.10637569999999996
1.4145e-08,0.10016340000000001
1.4147e-08,0.09395660000000006
1.4149e-08,0.08775770000000005
1.4151e-08,0.08156859999999999
1.4153e-08,0.07539129999999994
1.4155e-08,0.06922779999999995
1.4157e-08,0.06307980000000002
1.4159e-08,0.056949099999999975
1.4161e-08,0.050837300000000085
1.4163e-08,0.04474619999999996
1.4165e-08,0.03867739999999997
1.4167e-08,0.0326322
1.4169e-08,0.026612300000000033
1.4171e-08,0.020618799999999937
1.4173e-08,0.014653200000000033
1.4175e-08,0.008716799999999969
1.4177e-08,0.002810700000000055
1.4179e-08,-0.0030640000000000667
1.4181e-08,-0.008905800000000075
1.4183e-08,-0.01471420000000001
1.4185e-08,-0.020487799999999945
1.4187e-08,-0.026225799999999966
1.4189e-08,-0.03192729999999999
1.4191e-08,-0.037591299999999994
1.4193e-08,-0.043217199999999956
1.4195e-08,-0.04880399999999996
1.4197e-08,-0.0543511000000001
1.41985e-08,-0.05848489999999995
1.42e-08,-0.06259570000000003
1.42002e-08,-0.06314259999999994
1.42006e-08,-0.06423730000000005
1.42014e-08,-0.06643200000000005
1.4203e-08,-0.07083130000000004
1.4205e-08,-0.07631929999999998
1.4207e-08,-0.08175690000000002
1.4209e-08,-0.08710770000000001
1.4211e-08,-0.09234089999999995
1.4213e-08,-0.09743029999999997
1.4215e-08,-0.10235430000000001
1.4217e-08,-0.10709429999999998
1.4219e-08,-0.11163580000000006
1.4221e-08,-0.11596660000000003
1.4223e-08,-0.12007690000000004
1.4225e-08,-0.12395939999999994
1.4227e-08,-0.1276085
1.4229e-08,-0.13102020000000003
1.4231e-08,-0.13419179999999997
1.4233e-08,-0.13712219999999997
1.4235e-08,-0.1398109999999999
1.4237e-08,-0.14225900000000002
1.4239e-08,-0.14446769999999998
1.4241e-08,-0.14643910000000004
1.4243e-08,-0.14817599999999997
1.4245e-08,-0.14968190000000003
1.4247e-08,-0.1509602
1.4249e-08,-0.15201510000000007
1.4251e-08,-0.15285110000000002
1.4253e-08,-0.15347270000000002
1.4255e-08,-0.15388460000000004
1.4257e-08,-0.15409190000000006
1.4259e-08,-0.1540998
1.4261e-08,-0.1539134000000001
1.4263e-08,-0.1535379
1.4265e-08,-0.15297890000000003
1.4267e-08,-0.15224159999999998
1.4269e-08,-0.15133130000000006
1.4271e-08,-0.1502536
1.4273e-08,-0.14901350000000002
1.4275e-08,-0.1476166
1.4277e-08,-0.14606790000000003
1.4279e-08,-0.14437290000000003
1.4281e-08,-0.1425364
1.4283e-08,-0.14056369999999996
1.4285e-08,-0.13845970000000007
1.4287e-08,-0.13622939999999994
1.4289e-08,-0.1338775000000001
1.4291e-08,-0.1314088
1.4293e-08,-0.1288279
1.4295e-08,-0.12613960000000002
1.4297e-08,-0.12334800000000001
1.4299e-08,-0.12045780000000006
1.4301e-08,-0.1174731
1.4303e-08,-0.11439809999999995
1.4305e-08,-0.11123699999999992
1.4307e-08,-0.10799360000000002
1.4309e-08,-0.10467190000000004
1.4311e-08,-0.10127580000000003
1.4313e-08,-0.09780880000000003
1.4315e-08,-0.09427470000000004
1.4317e-08,-0.09067690000000006
1.4319e-08,-0.0870187
1.4321e-08,-0.08330380000000004
1.4323e-08,-0.07953510000000008
1.4325e-08,-0.075716
1.4327e-08,-0.07184950000000001
1.4329e-08,-0.06793850000000001
1.4331e-08,-0.06398590000000004
1.4333e-08,-0.05999470000000007
1.4335e-08,-0.05596749999999995
1.4337e-08,-0.05190689999999998
1.4339e-08,-0.04781559999999996
1.4341e-08,-0.04369599999999996
1.4343e-08,-0.03955069999999994
1.4345e-08,-0.03538179999999991
1.4347e-08,-0.03119190000000005
1.4349e-08,-0.02698299999999998
1.4351e-08,-0.022757200000000033
1.4353e-08,-0.018516700000000053
1.4355e-08,-0.014263600000000043
1.4357e-08,-0.00999950000000005
1.4359e-08,-0.005726499999999968
1.4361e-08,-0.0014464999999999062
1.4363e-08,0.00283880000000003
1.4365e-08,0.007127699999999959
1.4367e-08,0.011418700000000004
1.4369e-08,0.01571010000000006
1.4371e-08,0.02000029999999997
1.4373e-08,0.024287899999999918
1.4375e-08,0.028571399999999914
1.4377e-08,0.032849600000000034
1.4379e-08,0.03712100000000007
1.4381e-08,0.04138439999999999
1.4383e-08,0.045638599999999974
1.4385e-08,0.049882299999999935
1.4387e-08,0.054114499999999954
1.4389e-08,0.058334
1.4391e-08,0.06253989999999998
1.4393e-08,0.06673090000000004
1.4395e-08,0.07090640000000004
1.4397e-08,0.07506519999999994
1.43985e-08,0.07817289999999999
1.44e-08,0.08127040000000008
1.44002e-08,0.08168249999999999
1.44006e-08,0.08250629999999992
1.44014e-08,0.08415169999999994
1.4403e-08,0.08743319999999999
1.4405e-08,0.09151699999999996
1.4407e-08,0.09558
1.4409e-08,0.09962170000000004
1.4411e-08,0.10364119999999999
1.4413e-08,0.10763810000000007
1.4415e-08,0.11161150000000009
1.4417e-08,0.11556089999999997
1.4419e-08,0.11948590000000003
1.4421e-08,0.12338570000000004
1.4423e-08,0.1272601000000001
1.4425e-08,0.1311083999999999
1.4427e-08,0.13493010000000005
1.4429e-08,0.13872490000000004
1.4431e-08,0.14249230000000002
1.4433e-08,0.14623209999999998
1.4435e-08,0.14994379999999996
1.4437e-08,0.15362699999999996
1.4439e-08,0.15728169999999997
1.4441e-08,0.16090719999999992
1.4443e-08,0.16450339999999997
1.4445e-08,0.1680701
1.4447e-08,0.17160699999999995
1.4449e-08,0.175114
1.4451e-08,0.1785907
1.4453e-08,0.182037
1.4455e-08,0.18545290000000003
1.4457e-08,0.18883799999999995
1.4459e-08,0.19219229999999998
1.4461e-08,0.1955156
1.4463e-08,0.19880799999999998
1.4465e-08,0.20206920000000006
1.4467e-08,0.20529920000000002
1.4469e-08,0.2084979
1.4471e-08,0.2116652
1.4473e-08,0.21480129999999997
1.4475e-08,0.21790600000000004
1.4477e-08,0.22097920000000004
1.4479e-08,0.22402100000000003
1.4481e-08,0.22703149999999994
1.4483e-08,0.23001059999999995
1.4485e-08,0.23295829999999995
1.4487e-08,0.2358747
1.4489e-08,0.23875979999999997
1.4491e-08,0.2416138000000001
1.4493e-08,0.24443649999999995
1.4495e-08,0.2472282
1.4497e-08,0.24998890000000007
1.4499e-08,0.25271869999999996
1.4501e-08,0.2554177000000001
1.4503e-08,0.25808600000000004
1.4505e-08,0.2607235
1.4507e-08,0.26333059999999997
1.4509e-08,0.2659074
1.4511e-08,0.2684538999999999
1.4513e-08,0.2709703
1.4515e-08,0.27345660000000005
1.4517e-08,0.27591319999999997
1.4519e-08,0.2783401
1.4521e-08,0.28073729999999997
1.4523e-08,0.28310519999999995
1.4525e-08,0.2854439000000001
1.4527e-08,0.28775339999999994
1.4529e-08,0.29003409999999996
1.4531e-08,0.2922861000000001
1.4533e-08,0.2945093999999999
1.4535e-08,0.2967044999999999
1.4537e-08,0.29887129999999995
1.4539e-08,0.30101010000000006
1.4541e-08,0.3031210000000001
1.4543e-08,0.30520440000000004
1.4545e-08,0.3072602
1.4547e-08,0.3092887999999999
1.4549e-08,0.3112903
1.4551e-08,0.313265
1.4553e-08,0.3152131
1.4555e-08,0.31713460000000004
1.4557e-08,0.31903000000000004
1.4559e-08,0.3208991
1.4561e-08,0.3227426000000001
1.4563e-08,0.32456039999999997
1.4565e-08,0.3263526
1.4567e-08,0.3281197
1.4569e-08,0.3298618
1.4571e-08,0.3315791
1.4573e-08,0.33327169999999995
1.4575e-08,0.33494
1.4577e-08,0.3365842
1.4579e-08,0.3382043
1.4581e-08,0.33980069999999996
1.4583e-08,0.34137359999999994
1.4585e-08,0.34292310000000004
1.4587e-08,0.3444496
1.4589e-08,0.34595320000000007
1.4591e-08,0.3474342
1.4593e-08,0.34889250000000005
1.4595e-08,0.3503288
1.4597e-08,0.35174300000000003
1.45985e-08,0.3527892
1.46e-08,0.3538344
1.46002e-08,0.35397499999999993
1.46006e-08,0.35425739999999994
1.46014e-08,0.35482769999999997
1.4603e-08,0.3559803
1.4605e-08,0.3574165
1.4607e-08,0.35881419999999997
1.4609e-08,0.3601411
1.4611e-08,0.3613702
1.4613e-08,0.362479
1.4615e-08,0.36344809999999994
1.4617e-08,0.3642619
1.4619e-08,0.36490730000000005
1.4621e-08,0.3653737
1.4623e-08,0.36565270000000005
1.4625e-08,0.3657374
1.4627e-08,0.3656229
1.4629e-08,0.36530549999999995
1.4631e-08,0.36478279999999996
1.4633e-08,0.36405339999999997
1.4635e-08,0.3631167999999999
1.4637e-08,0.3619736
1.4639e-08,0.3606249
1.4641e-08,0.35907259999999996
1.4643e-08,0.35731880000000005
1.4645e-08,0.35536639999999997
1.4647e-08,0.3532187
1.4649e-08,0.35087939999999995
1.4651e-08,0.34835229999999995
1.4653e-08,0.3456416
1.4655e-08,0.3427517
1.4657e-08,0.3396873
1.4659e-08,0.336453
1.4661e-08,0.3330536999999999
1.4663e-08,0.3294944999999999
1.4665e-08,0.3257803
1.4667e-08,0.32191630000000004
1.4669e-08,0.3179075
1.4671e-08,0.31375909999999996
1.4673e-08,0.30947650000000004
1.4675e-08,0.3050644
1.4677e-08,0.30052829999999997
1.4679e-08,0.29587299999999994
1.4681e-08,0.29110369999999997
1.4683e-08,0.2862253
1.4685e-08,0.28124289999999996
1.4687e-08,0.2761612
1.4689e-08,0.2709849
1.4691e-08,0.26571900000000004
1.4693e-08,0.2603679000000001
1.4695e-08,0.25493639999999995
1.4697e-08,0.2494286
1.4699e-08,0.2438492
1.4701e-08,0.23820229999999998
1.4703e-08,0.23249219999999993
1.4705e-08,0.22672289999999995
1.4707e-08,0.22089859999999994
1.4709e-08,0.21502299999999996
1.4711e-08,0.20909999999999995
1.4713e-08,0.20313329999999996
1.4715e-08,0.1971265000000001
1.4717e-08,0.19108329999999996
1.4719e-08,0.18500689999999997
1.4721e-08,0.17890070000000002
1.4723e-08,0.17276809999999998
1.4725e-08,0.16661199999999998
1.4727e-08,0.1604356
1.4729e-08,0.15424189999999993
1.4731e-08,0.14803370000000005
1.4733e-08,0.14181390000000005
1.4735e-08,0.13558499999999996
1.4737e-08,0.12934990000000002
1.4739e-08,0.12311079999999996
1.4741e-08,0.1168705000000001
1.4743e-08,0.11063120000000004
1.4745e-08,0.10439500000000002
1.4747e-08,0.09816449999999999
1.4749e-08,0.09194150000000001
1.4751e-08,0.08572830000000009
1.4753e-08,0.07952680000000001
1.4755e-08,0.07333869999999998
1.4757e-08,0.06716620000000006
1.4759e-08,0.06101089999999998
1.4761e-08,0.0548744000000001
1.4763e-08,0.048758599999999985
1.4765e-08,0.04266480000000006
1.4767e-08,0.03659480000000004
1.4769e-08,0.03054979999999996
1.4771e-08,0.024531199999999975
1.4773e-08,0.01854049999999996
1.4775e-08,0.012578800000000001
1.4777e-08,0.006647499999999917
1.4779e-08,0.0007477000000000178
1.4781e-08,-0.005119600000000002
1.4783e-08,-0.010953199999999996
1.4785e-08,-0.016752199999999995
1.4787e-08,-0.02251550000000002
1.4789e-08,-0.0282424
1.4791e-08,-0.033931799999999956
1.4793e-08,-0.03958310000000009
1.4795e-08,-0.04519530000000005
1.4797e-08,-0.05076779999999992
1.47985e-08,-0.054920599999999986
1.48e-08,-0.05905040000000006
1.48002e-08,-0.059599100000000016
1.48006e-08,-0.06069559999999996
1.48014e-08,-0.06288369999999999
1.4803e-08,-0.06723970000000001
1.4805e-08,-0.0726465999999999
1.4807e-08,-0.07801060000000004
1.4809e-08,-0.08333139999999994
1.4811e-08,-0.08860820000000003
1.4813e-08,-0.0938409
1.4815e-08,-0.09902880000000003
1.4817e-08,-0.10417169999999998
1.4819e-08,-0.10926920000000007
1.4821e-08,-0.114321
1.4823e-08,-0.11932680000000007
1.4825e-08,-0.12428609999999995
1.4827e-08,-0.1291991
1.4829e-08,-0.13406529999999994
1.4831e-08,-0.13888460000000002
1.4833e-08,-0.14365680000000003
1.4835e-08,-0.14838169999999995
1.4837e-08,-0.1530593
1.4839e-08,-0.15768950000000004
1.4841e-08,-0.16227210000000003
1.4843e-08,-0.16680719999999993
1.4845e-08,-0.17129459999999996
1.4847e-08,-0.17573450000000002
1.4849e-08,-0.18012670000000008
1.4851e-08,-0.1844713
1.4853e-08,-0.1887683
1.4855e-08,-0.19301789999999996
1.4857e-08,-0.19721979999999995
1.4859e-08,-0.20137440000000006
1.4861e-08,-0.20548180000000005
1.4863e-08,-0.2095419999999999
1.4865e-08,-0.21355500000000005
1.4867e-08,-0.21752119999999997
1.4869e-08,-0.22144049999999993
1.4871e-08,-0.22531329999999994
1.4873e-08,-0.22913949999999994
1.4875e-08,-0.23291949999999995
1.4877e-08,-0.2366534
1.4879e-08,-0.24034129999999998
1.4881e-08,-0.24398360000000008
1.4883e-08,-0.24758040000000003
1.4885e-08,-0.2511318
1.4887e-08,-0.25463839999999993
1.4889e-08,-0.25810010000000005
1.4891e-08,-0.2615171999999999
1.4893e-08,-0.26488999999999996
1.4895e-08,-0.2682188
1.4897e-08,-0.2715039
1.4899e-08,-0.2747455
1.4901e-08,-0.2779438999999999
1.4903e-08,-0.2810992
1.4905e-08,-0.284212
1.4907e-08,-0.2872825
1.4909e-08,-0.2903108
1.4911e-08,-0.29329740000000004
1.4913e-08,-0.29624249999999996
1.4915e-08,-0.2991465
1.4917e-08,-0.30200970000000005
1.4919e-08,-0.30483230000000006
1.4921e-08,-0.3076147
1.4923e-08,-0.31035729999999995
1.4925e-08,-0.31306030000000007
1.4927e-08,-0.31572410000000006
1.4929e-08,-0.31834889999999993
1.4931e-08,-0.32093510000000003
1.4933e-08,-0.32348299999999997
1.4935e-08,-0.32599310000000004
1.4937e-08,-0.3284656
1.4939e-08,-0.3309008
1.4941e-08,-0.33329909999999996
1.4943e-08,-0.33566070000000003
1.4945e-08,-0.3379862
1.4947e-08,-0.3402757999999999
1.4949e-08,-0.34252969999999994
1.4951e-08,-0.34474839999999995
1.4953e-08,-0.3469322
1.4955e-08,-0.3490814000000001
1.4957e-08,-0.35119639999999996
1.4959e-08,-0.3532776000000001
1.4961e-08,-0.35532509999999995
1.4963e-08,-0.3573394000000001
1.4965e-08,-0.3593208
1.4967e-08,-0.3612698
1.4969e-08,-0.3631864
1.4971e-08,-0.36507119999999993
1.4973e-08,-0.3669245
1.4975e-08,-0.3687465
1.4977e-08,-0.3705376
1.4979e-08,-0.3722982
1.4981e-08,-0.3740285
1.4983e-08,-0.375729
1.4985e-08,-0.37739979999999995
1.4987e-08,-0.37904150000000003
1.4989e-08,-0.38065420000000005
1.4991e-08,-0.3822382000000001
1.4993e-08,-0.3837941
1.4995e-08,-0.3853219
1.4997e-08,-0.386822
1.49985e-08,-0.3879292
1.5e-08,-0.3890211
1.50002e-08,-0.3891662
1.50006e-08,-0.38945740000000006
1.50014e-08,-0.3900471
1.5003e-08,-0.3912441
1.5005e-08,-0.3927453999999999
1.5007e-08,-0.3942171
1.5009e-08,-0.3956257000000001
1.5011e-08,-0.39694280000000004
1.5013e-08,-0.39814479999999997
1.5015e-08,-0.3992118
1.5017e-08,-0.40012729999999996
1.5019e-08,-0.40087739999999994
1.5021e-08,-0.4014512
1.5023e-08,-0.40183940000000007
1.5025e-08,-0.4020348
1.5027e-08,-0.4020319
1.5029e-08,-0.4018265
1.5031e-08,-0.4014156000000001
1.5033e-08,-0.40079770000000003
1.5035e-08,-0.39997169999999993
1.5037e-08,-0.39893769999999995
1.5039e-08,-0.3976965
1.5041e-08,-0.39624950000000003
1.5043e-08,-0.39459869999999997
1.5045e-08,-0.39274640000000005
1.5047e-08,-0.3906959
1.5049e-08,-0.3884503
1.5051e-08,-0.38601320000000006
1.5053e-08,-0.38338859999999997
1.5055e-08,-0.38058080000000005
1.5057e-08,-0.377594
1.5059e-08,-0.3744328
1.5061e-08,-0.37110200000000004
1.5063e-08,-0.3676062
1.5065e-08,-0.3639504
1.5067e-08,-0.36013969999999995
1.5069e-08,-0.356179
1.5071e-08,-0.3520734
1.5073e-08,-0.3478278
1.5075e-08,-0.34344759999999996
1.5077e-08,-0.3389377
1.5079e-08,-0.3343031000000001
1.5081e-08,-0.3295488999999999
1.5083e-08,-0.32467999999999997
1.5085e-08,-0.31970129999999997
1.5087e-08,-0.3146179
1.5089e-08,-0.3094344
1.5091e-08,-0.30415559999999997
1.5093e-08,-0.2987862
1.5095e-08,-0.29333069999999994
1.5097e-08,-0.28779370000000004
1.5099e-08,-0.2821796000000001
1.5101e-08,-0.27649270000000004
1.5103e-08,-0.2707373999999999
1.5105e-08,-0.2649178
1.5107e-08,-0.259038
1.5109e-08,-0.2531019
1.5111e-08,-0.24711359999999993
1.5113e-08,-0.24107670000000003
1.5115e-08,-0.23499500000000006
1.5117e-08,-0.22887199999999996
1.5119e-08,-0.2227114
1.5121e-08,-0.2165167
1.5123e-08,-0.21029090000000006
1.5125e-08,-0.20403760000000004
1.5127e-08,-0.19775980000000004
1.5129e-08,-0.19146050000000003
1.5131e-08,-0.18514280000000005
1.5133e-08,-0.1788096
1.5135e-08,-0.17246360000000005
1.5137e-08,-0.16610780000000003
1.5139e-08,-0.1597444
1.5141e-08,-0.15337620000000007
1.5143e-08,-0.14700579999999996
1.5145e-08,-0.14063530000000002
1.5147e-08,-0.13426720000000003
1.5149e-08,-0.12790369999999995
1.5151e-08,-0.12154690000000001
1.5153e-08,-0.11519899999999994
1.5155e-08,-0.10886180000000001
1.5157e-08,-0.1025374
1.5159e-08,-0.09622770000000003
1.5161e-08,-0.08993450000000003
1.5163e-08,-0.08365940000000005
1.5165e-08,-0.07740410000000009
1.5167e-08,-0.07117030000000002
1.5169e-08,-0.06495949999999995
1.5171e-08,-0.05877310000000002
1.5173e-08,-0.05261260000000001
1.5175e-08,-0.04647939999999995
1.5177e-08,-0.04037459999999993
1.5179e-08,-0.034299599999999986
1.5181e-08,-0.028255699999999995
1.5183e-08,-0.022243699999999977
1.5185e-08,-0.016265100000000032
1.5187e-08,-0.010320700000000071
1.5189e-08,-0.004411399999999954
1.5191e-08,0.0014615999999999518
1.5193e-08,0.007297599999999904
1.5195e-08,0.013095599999999985
1.5197e-08,0.018854999999999955
1.51985e-08,0.023148600000000075
1.52e-08,0.027430799999999977
1.52002e-08,0.02800210000000003
1.52006e-08,0.029145399999999988
1.52014e-08,0.03143549999999995
1.5203e-08,0.03601730000000003
1.5205e-08,0.04171939999999996
1.5207e-08,0.04735769999999995
1.5209e-08,0.05289770000000005
1.5211e-08,0.058309900000000026
1.5213e-08,0.06356980000000001
1.5215e-08,0.06865650000000001
1.5217e-08,0.07355319999999999
1.5219e-08,0.07824569999999997
1.5221e-08,0.08272279999999999
1.5223e-08,0.08697560000000004
1.5225e-08,0.0909972
1.5227e-08,0.0947827
1.5229e-08,0.0983284000000001
1.5231e-08,0.1016324999999999
1.5233e-08,0.10469380000000006
1.5235e-08,0.10751270000000002
1.5237e-08,0.11009000000000002
1.5239e-08,0.11242760000000007
1.5241e-08,0.11452780000000007
1.5243e-08,0.11639379999999999
1.5245e-08,0.11802889999999999
1.5247e-08,0.11943709999999996
1.5249e-08,0.12062249999999997
1.5251e-08,0.12158969999999991
1.5253e-08,0.12234350000000005
1.5255e-08,0.12288869999999996
1.5257e-08,0.12323059999999997
1.5259e-08,0.12337410000000004
1.5261e-08,0.12332469999999995
1.5263e-08,0.12308779999999997
1.5265e-08,0.12266849999999996
1.5267e-08,0.12207239999999997
1.5269e-08,0.12130490000000005
1.5271e-08,0.12037140000000002
1.5273e-08,0.11927709999999991
1.5275e-08,0.1180274
1.5277e-08,0.11662760000000005
1.5279e-08,0.11508269999999998
1.5281e-08,0.1133982
1.5283e-08,0.11157879999999998
1.5285e-08,0.1096296
1.5287e-08,0.10755540000000008
1.5289e-08,0.10536119999999993
1.5291e-08,0.10305149999999996
1.5293e-08,0.10063099999999991
1.5295e-08,0.09810439999999998
1.5297e-08,0.09547590000000006
1.5299e-08,0.09275
1.5301e-08,0.08993070000000003
1.5303e-08,0.08702239999999994
1.5305e-08,0.08402889999999996
1.5307e-08,0.08095439999999998
1.5309e-08,0.07780259999999994
1.5311e-08,0.07457729999999996
1.5313e-08,0.07128210000000001
1.5315e-08,0.0679206
1.5317e-08,0.06449640000000001
1.5319e-08,0.06101270000000003
1.5321e-08,0.05747279999999999
1.5323e-08,0.05388000000000004
1.5325e-08,0.05023730000000004
1.5327e-08,0.046547900000000086
1.5329e-08,0.04281449999999998
1.5331e-08,0.03904010000000002
1.5333e-08,0.03522749999999997
1.5335e-08,0.0313793
1.5337e-08,0.027498200000000028
1.5339e-08,0.02358669999999996
1.5341e-08,0.019647200000000087
1.5343e-08,0.01568219999999998
1.5345e-08,0.011693899999999924
1.5347e-08,0.007684499999999983
1.5349e-08,0.0036565000000000625
1.5351e-08,-0.0003884999999999028
1.5353e-08,-0.0044480000000000075
1.5355e-08,-0.008520300000000036
1.5357e-08,-0.012603399999999931
1.5359e-08,-0.016695499999999974
1.5361e-08,-0.02079490000000006
1.5363e-08,-0.02489960000000002
1.5365e-08,-0.02900819999999993
1.5367e-08,-0.03311900000000001
1.5369e-08,-0.037230499999999944
1.5371e-08,-0.04134110000000002
1.5373e-08,-0.04544950000000003
1.5375e-08,-0.04955399999999999
1.5377e-08,-0.053653699999999915
1.5379e-08,-0.057746899999999934
1.5381e-08,-0.061832599999999904
1.5383e-08,-0.06590950000000007
1.5385e-08,-0.06997660000000006
1.5387e-08,-0.07403249999999995
1.5389e-08,-0.07807629999999999
1.5391e-08,-0.08210709999999999
1.5393e-08,-0.08612370000000003
1.5395e-08,-0.09012529999999996
1.5397e-08,-0.09411080000000005
1.53985e-08,-0.09708899999999998
1.54e-08,-0.10005740000000007
1.54002e-08,-0.10045230000000005
1.54006e-08,-0.10124169999999999
1.54014e-08,-0.10281849999999992
1.5403e-08,-0.10596309999999998
1.5405e-08,-0.10987639999999999
1.5407e-08,-0.11376969999999997
1.5409e-08,-0.11764240000000004
1.5411e-08,-0.12149379999999999
1.5413e-08,-0.12532329999999992
1.5415e-08,-0.12913020000000008
1.5417e-08,-0.13291379999999997
1.5419e-08,-0.13667390000000001
1.5421e-08,-0.14040960000000002
1.5423e-08,-0.14412079999999994
1.5425e-08,-0.14780670000000007
1.5427e-08,-0.15146700000000002
1.5429e-08,-0.15510139999999994
1.5431e-08,-0.1587092
1.5433e-08,-0.16229040000000006
1.5435e-08,-0.1658444
1.5437e-08,-0.16937080000000004
1.5439e-08,-0.17286959999999996
1.5441e-08,-0.17634019999999995
1.5443e-08,-0.17978269999999996
1.5445e-08,-0.18319649999999998
1.5447e-08,-0.18658150000000007
1.5449e-08,-0.18993749999999998
1.5451e-08,-0.19326430000000006
1.5453e-08,-0.19656190000000007
1.5455e-08,-0.19982979999999995
1.5457e-08,-0.20306809999999997
1.5459e-08,-0.20627650000000008
1.5461e-08,-0.20945500000000006
1.5463e-08,-0.21260350000000006
1.5465e-08,-0.21572190000000002
1.5467e-08,-0.21881020000000007
1.5469e-08,-0.22186830000000002
1.5471e-08,-0.22489589999999993
1.5473e-08,-0.22789340000000002
1.5475e-08,-0.2308604999999999
1.5477e-08,-0.23379719999999993
1.5479e-08,-0.23670360000000001
1.5481e-08,-0.2395796
1.5483e-08,-0.2424251999999999
1.5485e-08,-0.24524059999999992
1.5487e-08,-0.24802579999999996
1.5489e-08,-0.2507806
1.5491e-08,-0.25350529999999993
1.5493e-08,-0.2562
1.5495e-08,-0.25886450000000005
1.5497e-08,-0.2614991
1.5499e-08,-0.2641038
1.5501e-08,-0.26667870000000005
1.5503e-08,-0.2692239999999999
1.5505e-08,-0.27173970000000003
1.5507e-08,-0.27422579999999996
1.5509e-08,-0.27668269999999995
1.5511e-08,-0.2791102000000001
1.5513e-08,-0.2815088
1.5515e-08,-0.2838782999999999
1.5517e-08,-0.286219
1.5519e-08,-0.288531
1.5521e-08,-0.2908145
1.5523e-08,-0.29306959999999993
1.5525e-08,-0.2952964
1.5527e-08,-0.2974951
1.5529e-08,-0.299666
1.5531e-08,-0.3018090000000001
1.5533e-08,-0.3039246
1.5535e-08,-0.3060127
1.5537e-08,-0.3080735
1.5539e-08,-0.3101073
1.5541e-08,-0.31211430000000007
1.5543e-08,-0.3140946
1.5545e-08,-0.3160484
1.5547e-08,-0.3179759000000001
1.5549e-08,-0.3198772
1.5551e-08,-0.32175260000000006
1.5553e-08,-0.3236022999999999
1.5555e-08,-0.3254264
1.5557e-08,-0.3272252
1.5559e-08,-0.3289987999999999
1.5561e-08,-0.33074760000000003
1.5563e-08,-0.3324716
1.5565e-08,-0.33417110000000005
1.5567e-08,-0.3358460999999999
1.5569e-08,-0.3374971
1.5571e-08,-0.33912409999999993
1.5573e-08,-0.3407274
1.5575e-08,-0.3423073000000001
1.5577e-08,-0.34386379999999994
1.5579e-08,-0.34539720000000007
1.5581e-08,-0.34690770000000004
1.5583e-08,-0.3483955000000001
1.5585e-08,-0.3498608999999999
1.5587e-08,-0.3513039
1.5589e-08,-0.3527249
1.5591e-08,-0.35412409999999994
1.5593e-08,-0.3555016
1.5595e-08,-0.35685769999999994
1.5597e-08,-0.3581924999999999
1.55985e-08,-0.3591799
1.56e-08,-0.3601554
1.56002e-08,-0.36028519999999997
1.56006e-08,-0.3605463
1.56014e-08,-0.3610760999999999
1.5603e-08,-0.3621561000000001
1.5605e-08,-0.3635162999999999
1.5607e-08,-0.3648519
1.5609e-08,-0.3661287999999999
1.5611e-08,-0.36731839999999993
1.5613e-08,-0.36839620000000006
1.5615e-08,-0.36934219999999995
1.5617e-08,-0.3701392
1.5619e-08,-0.3707735
1.5621e-08,-0.37123340000000005
1.5623e-08,-0.37150989999999995
1.5625e-08,-0.3715954
1.5627e-08,-0.3714845
1.5629e-08,-0.37117279999999997
1.5631e-08,-0.3706575
1.5633e-08,-0.3699369
1.5635e-08,-0.36901019999999995
1.5637e-08,-0.3678774
1.5639e-08,-0.3665394999999999
1.5641e-08,-0.36499800000000004
1.5643e-08,-0.36325490000000005
1.5645e-08,-0.36131309999999994
1.5647e-08,-0.3591753
1.5649e-08,-0.35684530000000003
1.5651e-08,-0.3543267
1.5653e-08,-0.3516235
1.5655e-08,-0.3487401
1.5657e-08,-0.3456811000000001
1.5659e-08,-0.34245100000000006
1.5661e-08,-0.33905469999999993
1.5663e-08,-0.3354971
1.5665e-08,-0.33178320000000006
1.5667e-08,-0.3279181
1.5669e-08,-0.32390680000000005
1.5671e-08,-0.31975450000000005
1.5673e-08,-0.31546640000000004
1.5675e-08,-0.31104750000000003
1.5677e-08,-0.3065030000000001
1.5679e-08,-0.30183799999999994
1.5681e-08,-0.2970574
1.5683e-08,-0.29216639999999994
1.5685e-08,-0.2871699
1.5687e-08,-0.2820728
1.5689e-08,-0.2768798
1.5691e-08,-0.27159560000000005
1.5693e-08,-0.2662251
1.5695e-08,-0.2607727000000001
1.5697e-08,-0.2552428
1.5699e-08,-0.24964009999999992
1.5701e-08,-0.24396870000000004
1.5703e-08,-0.23823300000000003
1.5705e-08,-0.232437
1.5707e-08,-0.22658469999999997
1.5709e-08,-0.22068010000000005
1.5711e-08,-0.2147272
1.5713e-08,-0.2087295
1.5715e-08,-0.20269080000000006
1.5717e-08,-0.19661459999999997
1.5719e-08,-0.19050450000000008
1.5721e-08,-0.18436380000000008
1.5723e-08,-0.17819569999999996
1.5725e-08,-0.17200340000000003
1.5727e-08,-0.1657902
1.5729e-08,-0.15955870000000005
1.5731e-08,-0.15331229999999996
1.5733e-08,-0.14705349999999995
1.5735e-08,-0.1407851000000001
1.5737e-08,-0.1345098
1.5739e-08,-0.1282301
1.5741e-08,-0.12194850000000002
1.5743e-08,-0.11566750000000003
1.5745e-08,-0.10938930000000002
1.5747e-08,-0.10311619999999999
1.5749e-08,-0.09685029999999994
1.5751e-08,-0.09059380000000006
1.5753e-08,-0.08434849999999994
1.5755e-08,-0.07811660000000009
1.5757e-08,-0.07189970000000001
1.5759e-08,-0.06569990000000003
1.5761e-08,-0.05951879999999998
1.5763e-08,-0.053357999999999906
1.5765e-08,-0.04721910000000007
1.5767e-08,-0.04110360000000002
1.5769e-08,-0.03501319999999997
1.5771e-08,-0.028949000000000003
1.5773e-08,-0.02291259999999995
1.5775e-08,-0.016905300000000012
1.5777e-08,-0.010928099999999996
1.5779e-08,-0.0049824000000000535
1.5781e-08,0.0009308000000000094
1.5783e-08,0.006810299999999936
1.5785e-08,0.012655199999999978
1.5787e-08,0.018464400000000047
1.5789e-08,0.02423710000000001
1.5791e-08,0.029972299999999952
1.5793e-08,0.035669199999999956
1.5795e-08,0.041327
1.5797e-08,0.046945000000000014
1.57985e-08,0.05113190000000001
1.58e-08,0.05530670000000004
1.58002e-08,0.05586369999999996
1.58006e-08,0.056978399999999985
1.58014e-08,0.05921080000000001
1.5803e-08,0.06367699999999998
1.5805e-08,0.06923409999999997
1.5807e-08,0.07472670000000003
1.5809e-08,0.08012069999999993
1.5811e-08,0.08538659999999998
1.5813e-08,0.09050029999999998
1.5815e-08,0.095441
1.5817e-08,0.10019180000000005
1.5819e-08,0.10473889999999997
1.5821e-08,0.10907100000000003
1.5823e-08,0.11317949999999999
1.5825e-08,0.11705739999999998
1.5827e-08,0.12069970000000008
1.5829e-08,0.12410310000000002
1.5831e-08,0.12726530000000003
1.5833e-08,0.1301856
1.5835e-08,0.13286399999999998
1.5837e-08,0.13530150000000007
1.5839e-08,0.13750000000000007
1.5841e-08,0.13946170000000002
1.5843e-08,0.14118969999999997
1.5845e-08,0.14268729999999996
1.5847e-08,0.1439585
1.5849e-08,0.1450073999999999
1.5851e-08,0.14583849999999998
1.5853e-08,0.14645660000000005
1.5855e-08,0.14686639999999995
1.5857e-08,0.14707309999999996
1.5859e-08,0.1470819
1.5861e-08,0.14689790000000003
1.5863e-08,0.14652640000000006
1.5865e-08,0.14597289999999996
1.5867e-08,0.14524270000000006
1.5869e-08,0.14434120000000006
1.5871e-08,0.1432736
1.5873e-08,0.14204549999999994
1.5875e-08,0.1406619
1.5877e-08,0.13912829999999998
1.5879e-08,0.1374497
1.5881e-08,0.1356313
1.5883e-08,0.13367810000000002
1.5885e-08,0.13159510000000008
1.5887e-08,0.12938709999999998
1.5889e-08,0.12705889999999997
1.5891e-08,0.12461529999999998
1.5893e-08,0.12206090000000003
1.5895e-08,0.11940030000000001
1.5897e-08,0.11663770000000007
1.5899e-08,0.11377760000000003
1.5901e-08,0.11082420000000004
1.5903e-08,0.10778180000000004
1.5905e-08,0.10465410000000008
1.5907e-08,0.10144529999999996
1.5909e-08,0.09815940000000001
1.5911e-08,0.0947998000000001
1.5913e-08,0.09137039999999996
1.5915e-08,0.08787479999999992
1.5917e-08,0.08431630000000001
1.5919e-08,0.08069839999999995
1.5921e-08,0.07702439999999999
1.5923e-08,0.07329750000000002
1.5925e-08,0.0695209
1.5927e-08,0.06569749999999996
1.5929e-08,0.06183039999999995
1.5931e-08,0.05792229999999998
1.5933e-08,0.053976000000000024
1.5935e-08,0.049994399999999994
1.5937e-08,0.04598009999999997
1.5939e-08,0.041935399999999956
1.5941e-08,0.03786299999999998
1.5943e-08,0.03376520000000005
1.5945e-08,0.029644299999999957
1.5947e-08,0.02550269999999999
1.5949e-08,0.021342500000000042
1.5951e-08,0.01716570000000006
1.5953e-08,0.012974599999999947
1.5955e-08,0.008770999999999973
1.5957e-08,0.0045568000000000275
1.5959e-08,0.0003340000000000565
1.5961e-08,-0.0038956999999999464
1.5963e-08,-0.008130599999999988
1.5965e-08,-0.012368900000000016
1.5967e-08,-0.016609100000000043
1.5969e-08,-0.020849599999999913
1.5971e-08,-0.025088699999999964
1.5973e-08,-0.0293253
1.5975e-08,-0.03355779999999997
1.5977e-08,-0.03778479999999995
1.5979e-08,-0.04200500000000007
1.5981e-08,-0.04621730000000002
1.5983e-08,-0.050420300000000084
1.5985e-08,-0.05461299999999991
1.5987e-08,-0.05879400000000001
1.5989e-08,-0.06296259999999998
1.5991e-08,-0.0671174
1.5993e-08,-0.07125769999999998
1.5995e-08,-0.07538250000000002
1.5997e-08,-0.07949059999999997
1.59985e-08,-0.08256039999999998
1.6e-08,-0.08563110000000007
1.60002e-08,-0.0860419
1.60006e-08,-0.08686479999999996
1.60014e-08,-0.08851640000000005
1.6003e-08,-0.09183179999999991
1.6005e-08,-0.09597069999999996
1.6007e-08,-0.10006769999999998
1.6009e-08,-0.10408790000000001
1.6011e-08,-0.10800219999999994
1.6013e-08,-0.11178549999999998
1.6015e-08,-0.11541710000000005
1.6017e-08,-0.11887989999999993
1.6019e-08,-0.12215949999999998
1.6021e-08,-0.12524439999999992
1.6023e-08,-0.12812559999999995
1.6025e-08,-0.1307957999999999
1.6027e-08,-0.13324990000000003
1.6029e-08,-0.1354841000000001
1.6031e-08,-0.13749600000000006
1.6033e-08,-0.13928450000000003
1.6035e-08,-0.1408494
1.6037e-08,-0.14219139999999997
1.6039e-08,-0.1433122
1.6041e-08,-0.14421380000000006
1.6043e-08,-0.14489890000000005
1.6045e-08,-0.14537100000000003
1.6047e-08,-0.14563350000000008
1.6049e-08,-0.1456906
1.6051e-08,-0.14554659999999997
1.6053e-08,-0.14520580000000005
1.6055e-08,-0.14467320000000006
1.6057e-08,-0.14395350000000007
1.6059e-08,-0.1430519
1.6061e-08,-0.14197340000000003
1.6063e-08,-0.1407231
1.6065e-08,-0.1393063
1.6067e-08,-0.13772830000000003
1.6069e-08,-0.13599419999999995
1.6071e-08,-0.13410940000000005
1.6073e-08,-0.1320789
1.6075e-08,-0.1299079999999999
1.6077e-08,-0.1276018
1.6079e-08,-0.12516519999999998
1.6081e-08,-0.12260340000000003
1.6083e-08,-0.11992140000000007
1.6085e-08,-0.11712369999999994
1.6087e-08,-0.11421529999999991
1.6089e-08,-0.1112008000000001
1.6091e-08,-0.10808490000000004
1.6093e-08,-0.10487190000000002
1.6095e-08,-0.1015663
1.6097e-08,-0.0981725
1.6099e-08,-0.09469470000000002
1.6101e-08,-0.09113680000000002
1.6103e-08,-0.08750309999999994
1.6105e-08,-0.08379730000000007
1.6107e-08,-0.08002350000000003
1.6109e-08,-0.0761851
1.6111e-08,-0.07228590000000001
1.6113e-08,-0.06832939999999998
1.6115e-08,-0.06431919999999991
1.6117e-08,-0.060258400000000045
1.6119e-08,-0.05615049999999999
1.6121e-08,-0.05199850000000006
1.6123e-08,-0.047805600000000004
1.6125e-08,-0.043574699999999966
1.6127e-08,-0.03930860000000003
1.6129e-08,-0.03501029999999994
1.6131e-08,-0.030682600000000004
1.6133e-08,-0.02632790000000007
1.6135e-08,-0.021948999999999996
1.6137e-08,-0.017548300000000072
1.6139e-08,-0.013128099999999976
1.6141e-08,-0.008691000000000004
1.6143e-08,-0.004238899999999934
1.6145e-08,0.00022560000000004798
1.6147e-08,0.0047008000000000605
1.6149e-08,0.009184300000000034
1.6151e-08,0.013674300000000028
1.6153e-08,0.018168799999999985
1.6155e-08,0.022666100000000022
1.6157e-08,0.02716419999999997
1.6159e-08,0.031661599999999956
1.6161e-08,0.03615639999999998
1.6163e-08,0.04064730000000005
1.6165e-08,0.04513259999999997
1.6167e-08,0.049610799999999955
1.6169e-08,0.05408039999999992
1.6171e-08,0.05854020000000004
1.6173e-08,0.06298870000000001
1.6175e-08,0.0674247
1.6177e-08,0.07184709999999994
1.6179e-08,0.07625460000000006
1.6181e-08,0.080646
1.6183e-08,0.08502030000000005
1.6185e-08,0.08937660000000003
1.6187e-08,0.09371370000000001
1.6189e-08,0.09803080000000008
1.6191e-08,0.10232669999999999
1.6193e-08,0.10660099999999995
1.6195e-08,0.11085250000000002
1.6197e-08,0.11508049999999992
1.61985e-08,0.11823570000000005
1.62e-08,0.1213768999999999
1.62002e-08,0.12179529999999994
1.62006e-08,0.1226332
1.62014e-08,0.12431650000000005
1.6203e-08,0.12770059999999994
1.6205e-08,0.131934
1.6207e-08,0.13613339999999996
1.6209e-08,0.1402622
1.6211e-08,0.14428980000000002
1.6213e-08,0.14818989999999999
1.6215e-08,0.1519408
1.6217e-08,0.15552429999999995
1.6219e-08,0.1589252
1.6221e-08,0.16213140000000004
1.6223e-08,0.16513330000000004
1.6225e-08,0.16792300000000004
1.6227e-08,0.17049479999999995
1.6229e-08,0.17284449999999996
1.6231e-08,0.1749693
1.6233e-08,0.17686780000000002
1.6235e-08,0.17853929999999996
1.6237e-08,0.1799845
1.6239e-08,0.1812045
1.6241e-08,0.1822013
1.6243e-08,0.1829773
1.6245e-08,0.18353580000000003
1.6247e-08,0.18388019999999994
1.6249e-08,0.18401429999999996
1.6251e-08,0.1839423
1.6253e-08,0.1836685
1.6255e-08,0.18319779999999997
1.6257e-08,0.18253489999999994
1.6259e-08,0.18168469999999992
1.6261e-08,0.1806523000000001
1.6263e-08,0.17944269999999996
1.6265e-08,0.17806140000000004
1.6267e-08,0.17651329999999998
1.6269e-08,0.17480379999999995
1.6271e-08,0.17293799999999993
1.6273e-08,0.17092130000000005
1.6275e-08,0.16875870000000004
1.6277e-08,0.16645549999999998
1.6279e-08,0.16401659999999996
1.6281e-08,0.16144729999999996
1.6283e-08,0.1587522
1.6285e-08,0.15593649999999992
1.6287e-08,0.1530049
1.6289e-08,0.14996220000000005
1.6291e-08,0.14681290000000002
1.6293e-08,0.14356170000000001
1.6295e-08,0.14021290000000008
1.6297e-08,0.13677110000000003
1.6299e-08,0.13324059999999993
1.6301e-08,0.12962550000000006
1.6303e-08,0.12592969999999992
1.6305e-08,0.12215759999999998
1.6307e-08,0.1183128
1.6309e-08,0.11439929999999998
1.6311e-08,0.11042070000000004
1.6313e-08,0.1063807
1.6315e-08,0.10228269999999995
1.6317e-08,0.0981303
1.6319e-08,0.09392690000000004
1.6321e-08,0.08967560000000008
1.6323e-08,0.08537969999999995
1.6325e-08,0.08104200000000006
1.6327e-08,0.0766658
1.6329e-08,0.07225399999999993
1.6331e-08,0.06780909999999996
1.6333e-08,0.06333430000000007
1.6335e-08,0.05883189999999994
1.6337e-08,0.054304600000000036
1.6339e-08,0.049754999999999994
1.6341e-08,0.045185299999999984
1.6343e-08,0.04059810000000008
1.6345e-08,0.03599549999999996
1.6347e-08,0.03137970000000001
1.6349e-08,0.026753000000000027
1.6351e-08,0.022117300000000006
1.6353e-08,0.017474600000000007
1.6355e-08,0.012826900000000085
1.6357e-08,0.00817610000000002
1.6359e-08,0.0035239000000000242
1.6361e-08,-0.0011279999999999069
1.6363e-08,-0.005777800000000055
1.6365e-08,-0.010423900000000041
1.6367e-08,-0.01506479999999999
1.6369e-08,-0.019699000000000022
1.6371e-08,-0.02432500000000004
1.6373e-08,-0.028941500000000064
1.6375e-08,-0.033546999999999993
1.6377e-08,-0.038140300000000016
1.6379e-08,-0.04272010000000004
1.6381e-08,-0.047285299999999975
1.6383e-08,-0.05183470000000001
1.6385e-08,-0.05636720000000006
1.6387e-08,-0.060881799999999986
1.6389e-08,-0.06537730000000008
1.6391e-08,-0.06985300000000005
1.6393e-08,-0.07430779999999992
1.6395e-08,-0.0787409
1.6397e-08,-0.08315130000000004
1.63985e-08,-0.08644379999999996
1.64e-08,-0.08972279999999999
1.64002e-08,-0.09015879999999998
1.64006e-08,-0.09103040000000007
1.64014e-08,-0.09277060000000004
1.6403e-08,-0.09623899999999996
1.6405e-08,-0.10055119999999995
1.6407e-08,-0.10483730000000002
1.6409e-08,-0.10909630000000003
1.6411e-08,-0.11332769999999992
1.6413e-08,-0.1175311
1.6415e-08,-0.12170590000000003
1.6417e-08,-0.12585139999999995
1.6419e-08,-0.12996739999999996
1.6421e-08,-0.13405319999999998
1.6423e-08,-0.13810840000000002
1.6425e-08,-0.1421327
1.6427e-08,-0.14612569999999991
1.6429e-08,-0.15008690000000002
1.6431e-08,-0.15401620000000005
1.6433e-08,-0.15791310000000003
1.6435e-08,-0.16177740000000007
1.6437e-08,-0.16560889999999995
1.6439e-08,-0.1694072000000001
1.6441e-08,-0.17317210000000005
1.6443e-08,-0.17690359999999994
1.6445e-08,-0.18060130000000008
1.6447e-08,-0.184265
1.6449e-08,-0.18789470000000008
1.6451e-08,-0.19149019999999994
1.6453e-08,-0.19505150000000004
1.6455e-08,-0.19857829999999999
1.6457e-08,-0.2020706000000001
1.6459e-08,-0.20552839999999994
1.6461e-08,-0.20895150000000007
1.6463e-08,-0.21233999999999997
1.6465e-08,-0.2156939
1.6467e-08,-0.219013
1.6469e-08,-0.22229749999999993
1.6471e-08,-0.22554719999999995
1.6473e-08,-0.22876229999999997
1.6475e-08,-0.23194269999999995
1.6477e-08,-0.23508870000000004
1.6479e-08,-0.23820000000000008
1.6481e-08,-0.24127679999999996
1.6483e-08,-0.24431919999999996
1.6485e-08,-0.24732730000000003
1.6487e-08,-0.25030129999999995
1.6489e-08,-0.2532409
1.6491e-08,-0.25614669999999995
1.6493e-08,-0.25901849999999993
1.6495e-08,-0.26185649999999994
1.6497e-08,-0.2646609000000001
1.6499e-08,-0.26743170000000005
1.6501e-08,-0.27016909999999994
1.6503e-08,-0.2728733
1.6505e-08,-0.27554449999999997
1.6507e-08,-0.2781827
1.6509e-08,-0.28078820000000004
1.6511e-08,-0.28336110000000003
1.6513e-08,-0.2859014999999999
1.6515e-08,-0.28840980000000005
1.6517e-08,-0.290886
1.6519e-08,-0.2933304
1.6521e-08,-0.29574310000000004
1.6523e-08,-0.2981243
1.6525e-08,-0.30047429999999997
1.6527e-08,-0.30279330000000004
1.6529e-08,-0.3050813
1.6531e-08,-0.3073388
1.6533e-08,-0.30956590000000006
1.6535e-08,-0.3117626
1.6537e-08,-0.3139295000000001
1.6539e-08,-0.3160664999999999
1.6541e-08,-0.31817399999999996
1.6543e-08,-0.32025230000000005
1.6545e-08,-0.32230139999999996
1.6547e-08,-0.3243216
1.6549e-08,-0.32631319999999997
1.6551e-08,-0.3282764
1.6553e-08,-0.3302115
1.6555e-08,-0.3321185
1.6557e-08,-0.33399790000000007
1.6559e-08,-0.33584990000000003
1.6561e-08,-0.3376745
1.6563e-08,-0.3394722
1.6565e-08,-0.34124319999999997
1.6567e-08,-0.34298760000000006
1.6569e-08,-0.34470579999999995
1.6571e-08,-0.346398
1.6573e-08,-0.34806419999999993
1.6575e-08,-0.34970500000000004
1.6577e-08,-0.35132050000000004
1.6579e-08,-0.35291079999999997
1.6581e-08,-0.3544764
1.6583e-08,-0.35601739999999993
1.6585e-08,-0.357534
1.6587e-08,-0.3590265
1.6589e-08,-0.36049510000000007
1.6591e-08,-0.36194000000000004
1.6593e-08,-0.36336159999999995
1.6595e-08,-0.3647599
1.6597e-08,-0.36613549999999995
1.65985e-08,-0.3671521000000001
1.66e-08,-0.3681671999999999
1.66002e-08,-0.36830379999999996
1.66006e-08,-0.3685781
1.66014e-08,-0.3691319999999999
1.6603e-08,-0.37025169999999996
1.6605e-08,-0.3716461
1.6607e-08,-0.37300160000000004
1.6609e-08,-0.3742862
1.6611e-08,-0.37547300000000006
1.6613e-08,-0.3765394000000001
1.6615e-08,-0.3774664999999999
1.6617e-08,-0.3782386
1.6619e-08,-0.37884280000000004
1.6621e-08,-0.3792685
1.6623e-08,-0.3795071000000001
1.6625e-08,-0.37955209999999995
1.6627e-08,-0.3793983999999999
1.6629e-08,-0.37904229999999994
1.6631e-08,-0.3784812000000001
1.6633e-08,-0.377714
1.6635e-08,-0.3767400000000001
1.6637e-08,-0.3755596
1.6639e-08,-0.37417390000000006
1.6641e-08,-0.37258480000000005
1.6643e-08,-0.37079439999999997
1.6645e-08,-0.36880539999999995
1.6647e-08,-0.36662130000000004
1.6649e-08,-0.36424520000000005
1.6651e-08,-0.36168140000000004
1.6653e-08,-0.3589336999999999
1.6655e-08,-0.3560067
1.6657e-08,-0.3529046
1.6659e-08,-0.34963239999999995
1.6661e-08,-0.3461947999999999
1.6663e-08,-0.34259680000000003
1.6665e-08,-0.33884329999999996
1.6667e-08,-0.33493950000000006
1.6669e-08,-0.3308902
1.6671e-08,-0.3267008
1.6673e-08,-0.32237650000000007
1.6675e-08,-0.31792220000000004
1.6677e-08,-0.3133429999999999
1.6679e-08,-0.30864400000000003
1.6681e-08,-0.3038303
1.6683e-08,-0.29890680000000003
1.6685e-08,-0.29387849999999993
1.6687e-08,-0.2887501
1.6689e-08,-0.2835265
1.6691e-08,-0.2782125000000001
1.6693e-08,-0.27281260000000007
1.6695e-08,-0.26733130000000005
1.6697e-08,-0.2617733
1.6699e-08,-0.2561428
1.6701e-08,-0.25044409999999995
1.6703e-08,-0.2446815
1.6705e-08,-0.23885899999999993
1.6707e-08,-0.23298069999999993
1.6709e-08,-0.2270504000000001
1.6711e-08,-0.2210721
1.6713e-08,-0.21504940000000006
1.6715e-08,-0.20898610000000006
1.6717e-08,-0.2028856
1.6719e-08,-0.19675129999999996
1.6721e-08,-0.1905867
1.6723e-08,-0.18439510000000003
1.6725e-08,-0.1781794
1.6727e-08,-0.1719429
1.6729e-08,-0.16568859999999996
1.6731e-08,-0.1594194
1.6733e-08,-0.15313790000000005
1.6735e-08,-0.14684700000000006
1.6737e-08,-0.1405493
1.6739e-08,-0.13424740000000002
1.6741e-08,-0.1279437000000001
1.6743e-08,-0.12164059999999999
1.6745e-08,-0.11534050000000007
1.6747e-08,-0.10904550000000002
1.6749e-08,-0.10275780000000001
1.6751e-08,-0.09647949999999994
1.6753e-08,-0.09021260000000009
1.6755e-08,-0.083959
1.6757e-08,-0.07772059999999992
1.6759e-08,-0.07149919999999998
1.6761e-08,-0.06529650000000009
1.6763e-08,-0.05911409999999995
1.6765e-08,-0.05295380000000005
1.6767e-08,-0.04681690000000005
1.6769e-08,-0.040704900000000044
1.6771e-08,-0.03461920000000007
1.6773e-08,-0.02856130000000001
1.6775e-08,-0.022532400000000008
1.6777e-08,-0.016533600000000037
1.6779e-08,-0.010566300000000028
1.6781e-08,-0.0046314999999999
1.6783e-08,0.0012694999999999235
1.6785e-08,0.007136099999999979
1.6787e-08,0.01296710000000001
1.6789e-08,0.018761399999999928
1.6791e-08,0.02451839999999994
1.6793e-08,0.03023699999999996
1.6795e-08,0.035916700000000024
1.6797e-08,0.041556499999999996
1.67985e-08,0.04575980000000002
1.68e-08,0.049951100000000026
1.68002e-08,0.05051030000000001
1.68006e-08,0.05162929999999999
1.68014e-08,0.05387050000000004
1.6803e-08,0.05835430000000008
1.6805e-08,0.06393319999999991
1.6807e-08,0.0694479
1.6809e-08,0.07486369999999998
1.6811e-08,0.08015159999999999
1.6813e-08,0.0852868
1.6815e-08,0.09024910000000008
1.6817e-08,0.09502139999999992
1.6819e-08,0.0995897
1.6821e-08,0.10394289999999995
1.6823e-08,0.1080721
1.6825e-08,0.11197069999999998
1.6827e-08,0.11563349999999994
1.6829e-08,0.11905710000000003
1.6831e-08,0.12223950000000006
1.6833e-08,0.12517959999999995
1.6835e-08,0.12787769999999998
1.6837e-08,0.13033479999999997
1.6839e-08,0.13255269999999997
1.6841e-08,0.13453360000000003
1.6843e-08,0.13628060000000009
1.6845e-08,0.1377973
1.6847e-08,0.1390872999999999
1.6849e-08,0.14015499999999992
1.6851e-08,0.14100479999999993
1.6853e-08,0.14164140000000003
1.6855e-08,0.14206990000000008
1.6857e-08,0.1422951
1.6859e-08,0.14232219999999995
1.6861e-08,0.14215670000000002
1.6863e-08,0.14180369999999998
1.6865e-08,0.14126859999999997
1.6867e-08,0.14055680000000004
1.6869e-08,0.1396737
1.6871e-08,0.13862470000000005
1.6873e-08,0.13741499999999995
1.6875e-08,0.13605010000000006
1.6877e-08,0.13453499999999996
1.6879e-08,0.13287510000000002
1.6881e-08,0.1310753
1.6883e-08,0.1291409
1.6885e-08,0.1270766000000001
1.6887e-08,0.12488749999999993
1.6889e-08,0.12257829999999992
1.6891e-08,0.12015379999999998
1.6893e-08,0.11761849999999996
1.6895e-08,0.11497709999999994
1.6897e-08,0.11223380000000005
1.6899e-08,0.10939310000000002
1.6901e-08,0.10645919999999998
1.6903e-08,0.10343629999999993
1.6905e-08,0.10032839999999998
1.6907e-08,0.09713939999999999
1.6909e-08,0.09387319999999999
1.6911e-08,0.09053359999999999
1.6913e-08,0.08712419999999998
1.6915e-08,0.08364860000000007
1.6917e-08,0.08011030000000008
1.6919e-08,0.07651279999999994
1.6921e-08,0.07285909999999995
1.6923e-08,0.06915270000000007
1.6925e-08,0.06539659999999992
1.6927e-08,0.06159380000000003
1.6929e-08,0.057747400000000004
1.6931e-08,0.053860099999999966
1.6933e-08,0.0499347
1.6935e-08,0.04597399999999996
1.6937e-08,0.04198069999999998
1.6939e-08,0.03795700000000002
1.6941e-08,0.03390570000000004
1.6943e-08,0.0298292
1.6945e-08,0.025729500000000072
1.6947e-08,0.021609199999999995
1.6949e-08,0.01747030000000005
1.6951e-08,0.013314999999999966
1.6953e-08,0.009145299999999912
1.6955e-08,0.0049632000000000565
1.6957e-08,0.000770700000000013
1.6959e-08,-0.0034306000000000614
1.6961e-08,-0.007638699999999998
1.6963e-08,-0.011851900000000026
1.6965e-08,-0.01606859999999999
1.6967e-08,-0.020287000000000055
1.6969e-08,-0.024505700000000075
1.6971e-08,-0.02872319999999995
1.6973e-08,-0.03293800000000002
1.6975e-08,-0.037148599999999976
1.6977e-08,-0.041353799999999996
1.6979e-08,-0.04555219999999993
1.6981e-08,-0.04974270000000003
1.6983e-08,-0.053923799999999966
1.6985e-08,-0.058094599999999996
1.6987e-08,-0.06225389999999997
1.6989e-08,-0.06640060000000003
1.6991e-08,-0.07053359999999997
1.6993e-08,-0.07465220000000006
1.6995e-08,-0.07875500000000002
1.6997e-08,-0.08284140000000006
1.69985e-08,-0.0858949
1.7e-08,-0.08893830000000003
1.70002e-08,-0.08934320000000007
1.70006e-08,-0.09015269999999997
1.70014e-08,-0.0917692
1.7003e-08,-0.0949932
1.7005e-08,-0.09900529999999996
1.7007e-08,-0.1029968
1.7009e-08,-0.1069673000000001
1.7011e-08,-0.11091580000000001
1.7013e-08,-0.1148418
1.7015e-08,-0.11874470000000004
1.7017e-08,-0.12262380000000006
1.7019e-08,-0.1264788
1.7021e-08,-0.130309
1.7023e-08,-0.13411380000000006
1.7025e-08,-0.13789300000000004
1.7027e-08,-0.14164600000000005
1.7029e-08,-0.1453723
1.7031e-08,-0.14907159999999997
1.7033e-08,-0.15274369999999993
1.7035e-08,-0.15638790000000002
1.7037e-08,-0.16000409999999998
1.7039e-08,-0.16359200000000007
1.7041e-08,-0.1671511
1.7043e-08,-0.17068149999999993
1.7045e-08,-0.17418260000000008
1.7047e-08,-0.17765430000000004
1.7049e-08,-0.18109639999999994
1.7051e-08,-0.18450879999999992
1.7053e-08,-0.18789120000000004
1.7055e-08,-0.19124340000000006
1.7057e-08,-0.1945654
1.7059e-08,-0.19785700000000006
1.7061e-08,-0.20111809999999997
1.7063e-08,-0.20434849999999993
1.7065e-08,-0.20754819999999996
1.7067e-08,-0.2107171
1.7069e-08,-0.21385529999999997
1.7071e-08,-0.21696249999999995
1.7073e-08,-0.22003879999999998
1.7075e-08,-0.22308419999999995
1.7077e-08,-0.22609860000000004
1.7079e-08,-0.229082
1.7081e-08,-0.23203459999999998
1.7083e-08,-0.2349561
1.7085e-08,-0.2378467999999999
1.7087e-08,-0.2407066
1.7089e-08,-0.24353559999999996
1.7091e-08,-0.24633380000000005
1.7093e-08,-0.24910140000000003
1.7095e-08,-0.25183829999999996
1.7097e-08,-0.2545446
1.7099e-08,-0.2572206
1.7101e-08,-0.25986599999999993
1.7103e-08,-0.2624814
1.7105e-08,-0.2650665
1.7107e-08,-0.26762149999999996
1.7109e-08,-0.2701466
1.7111e-08,-0.27264199999999994
1.7113e-08,-0.2751076
1.7115e-08,-0.2775438
1.7117e-08,-0.27995039999999993
1.7119e-08,-0.28232789999999996
1.7121e-08,-0.28467620000000005
1.7123e-08,-0.2869956
1.7125e-08,-0.2892863
1.7127e-08,-0.2915483
1.7129e-08,-0.2937818
1.7131e-08,-0.29598710000000006
1.7133e-08,-0.29816410000000004
1.7135e-08,-0.3003133
1.7137e-08,-0.30243469999999995
1.7139e-08,-0.3045285999999999
1.7141e-08,-0.3065951
1.7143e-08,-0.30863419999999997
1.7145e-08,-0.3106464
1.7147e-08,-0.3126318
1.7149e-08,-0.3145905
1.7151e-08,-0.31652270000000005
1.7153e-08,-0.3184287
1.7155e-08,-0.32030880000000006
1.7157e-08,-0.32216290000000003
1.7159e-08,-0.32399140000000004
1.7161e-08,-0.32579440000000004
1.7163e-08,-0.3275722
1.7165e-08,-0.3293250000000001
1.7167e-08,-0.3310529
1.7169e-08,-0.3327563
1.7171e-08,-0.33443520000000004
1.7173e-08,-0.33609
1.7175e-08,-0.3377207
1.7177e-08,-0.3393277
1.7179e-08,-0.3409110999999999
1.7181e-08,-0.34247110000000003
1.7183e-08,-0.344008
1.7185e-08,-0.34552190000000005
1.7187e-08,-0.34701309999999996
1.7189e-08,-0.34848180000000006
1.7191e-08,-0.3499281999999999
1.7193e-08,-0.3513525999999999
1.7195e-08,-0.35275500000000004
1.7197e-08,-0.3541358
1.71985e-08,-0.3551573
1.72e-08,-0.35616669999999995
1.72002e-08,-0.35630039999999996
1.72006e-08,-0.3565671
1.72014e-08,-0.3570981000000001
1.7203e-08,-0.35814999999999997
1.7205e-08,-0.35944620000000005
1.7207e-08,-0.3607218000000001
1.7209e-08,-0.361977
1.7211e-08,-0.36321190000000003
1.7213e-08,-0.3644269
1.7215e-08,-0.36562209999999995
1.7217e-08,-0.36679779999999995
1.7219e-08,-0.36795389999999994
1.7221e-08,-0.36909099999999995
1.7223e-08,-0.37020909999999996
1.7225e-08,-0.3713084
1.7227e-08,-0.37238910000000003
1.7229e-08,-0.37345150000000005
1.7231e-08,-0.3744957
1.7233e-08,-0.3755219999999999
1.7235e-08,-0.3765305
1.7237e-08,-0.37752149999999995
1.7239e-08,-0.378495
1.7241e-08,-0.3794514
1.7243e-08,-0.38039080000000003
1.7245e-08,-0.3813134
1.7247e-08,-0.38221929999999993
1.7249e-08,-0.38310900000000003
1.7251e-08,-0.38398240000000006
1.7253e-08,-0.3848397
1.7255e-08,-0.3856811
1.7257e-08,-0.38650699999999993
1.7259e-08,-0.3873173
1.7261e-08,-0.3881124
1.7263e-08,-0.3888923999999999
1.7265e-08,-0.38965740000000004
1.7267e-08,-0.3904077
1.7269e-08,-0.39114340000000003
1.7271e-08,-0.39186469999999995
1.7273e-08,-0.3925719
1.7275e-08,-0.39326490000000003
1.7277e-08,-0.3939441
1.7279e-08,-0.3946096
1.7281e-08,-0.39526149999999993
1.7283e-08,-0.3959001
1.7285e-08,-0.3965255000000001
1.7287e-08,-0.39713790000000004
1.7289e-08,-0.39773729999999996
1.7291e-08,-0.39832409999999996
1.7293e-08,-0.39889850000000004
1.7295e-08,-0.3994603
1.7297e-08,-0.4000100000000001
1.7299e-08,-0.4005476
1.7301e-08,-0.4010733000000001
1.7303e-08,-0.4015873
1.7305e-08,-0.4020897
1.7307e-08,-0.40258059999999996
1.7309e-08,-0.4030602
1.7311e-08,-0.40352869999999996
1.7313e-08,-0.4039863
1.7315e-08,-0.40443300000000004
1.7317e-08,-0.40486900000000003
1.7319e-08,-0.40529439999999994
1.7321e-08,-0.4057094
1.7323e-08,-0.4061140999999999
1.7325e-08,-0.40650890000000006
1.7327e-08,-0.40689340000000007
1.7329e-08,-0.4072683
1.7331e-08,-0.40763340000000003
1.7333e-08,-0.4079889
1.7335e-08,-0.408335
1.7337e-08,-0.4086715999999999
1.7339e-08,-0.40899930000000007
1.7341e-08,-0.40931779999999995
1.7343e-08,-0.4096274000000001
1.7345e-08,-0.40992819999999996
1.7347e-08,-0.4102203
1.7349e-08,-0.410504
1.7351e-08,-0.4107792
1.7353e-08,-0.4110459999999999
1.7355e-08,-0.4113048
1.7357e-08,-0.4115554
1.7359e-08,-0.4117982
1.7361e-08,-0.41203310000000004
1.7363e-08,-0.41226039999999997
1.7365e-08,-0.41247999999999996
1.7367e-08,-0.41269219999999995
1.7369e-08,-0.4128969
1.7371e-08,-0.41309450000000003
1.7373e-08,-0.41328489999999996
1.7375e-08,-0.4134683
1.7377e-08,-0.41364480000000003
1.7379e-08,-0.4138145
1.7381e-08,-0.41397740000000005
1.7383e-08,-0.4141338
1.7385e-08,-0.4142836
1.7387e-08,-0.41442709999999994
1.7389e-08,-0.41456419999999994
1.7391e-08,-0.41469519999999993
1.7393e-08,-0.41481999999999997
1.7395e-08,-0.4149389
1.7397e-08,-0.41505179999999997
1.73985e-08,-0.4151327
1.74e-08,-0.4152104
1.74002e-08,-0.4152205
1.74006e-08,-0.41524060000000007
1.74014e-08,-0.41528
1.7403e-08,-0.41535619999999995
1.7405e-08,-0.4154464
1.7407e-08,-0.41553129999999994
1.7409e-08,-0.41561080000000006
1.7411e-08,-0.41568499999999997
1.7413e-08,-0.4157541
1.7415e-08,-0.41581809999999997
1.7417e-08,-0.41587699999999994
1.7419e-08,-0.41593120000000006
1.7421e-08,-0.4159803999999999
1.7423e-08,-0.4160248999999999
1.7425e-08,-0.41606470000000007
1.7427e-08,-0.4161
1.7429e-08,-0.4161308
1.7431e-08,-0.41615709999999995
1.7433e-08,-0.4161791
1.7435e-08,-0.41619680000000003
1.7437e-08,-0.4162104
1.7439e-08,-0.41621969999999997
1.7441e-08,-0.4162251
1.7443e-08,-0.4162266
1.7445e-08,-0.41622400000000004
1.7447e-08,-0.41621779999999997
1.7449e-08,-0.41620770000000007
1.7451e-08,-0.41619400000000006
1.7453e-08,-0.4161766
1.7455e-08,-0.41615579999999996
1.7457e-08,-0.41613139999999993
1.7459e-08,-0.4161036
1.7461e-08,-0.41607249999999996
1.7463e-08,-0.4160382
1.7465e-08,-0.41600060000000005
1.7467e-08,-0.4159598
1.7469e-08,-0.41591599999999995
1.7471e-08,-0.4158691
1.7473e-08,-0.4158193
1.7475e-08,-0.41576650000000004
1.7477e-08,-0.4157109
1.7479e-08,-0.4156525
1.7481e-08,-0.41559139999999994
1.7483e-08,-0.41552770000000006
1.7485e-08,-0.4154612
1.7487e-08,-0.41539230000000005
1.7489e-08,-0.4153209
1.7491e-08,-0.4152469
1.7493e-08,-0.41517059999999995
1.7495e-08,-0.415092
1.7497e-08,-0.415011
1.7499e-08,-0.41492779999999996
1.7501e-08,-0.41484239999999994
1.7503e-08,-0.4147548999999999
1.7505e-08,-0.4146652999999999
1.7507e-08,-0.4145736
1.7509e-08,-0.4144799
1.7511e-08,-0.41438430000000004
1.7513e-08,-0.41428680000000007
1.7515e-08,-0.4141874
1.7517e-08,-0.41408620000000007
1.7519e-08,-0.41398329999999994
1.7521e-08,-0.4138786
1.7523e-08,-0.4137723
1.7525e-08,-0.4136643
1.7527e-08,-0.41355469999999994
1.7529e-08,-0.4134436
1.7531e-08,-0.41333090000000006
1.7533e-08,-0.41321679999999994
1.7535e-08,-0.4131013
1.7537e-08,-0.41298429999999997
1.7539e-08,-0.41286599999999996
1.7541e-08,-0.41274639999999996
1.7543e-08,-0.4126255
1.7545e-08,-0.4125033
1.7547e-08,-0.41237999999999997
1.7549e-08,-0.41225540000000005
1.7551e-08,-0.41212990000000005
1.7553e-08,-0.41200310000000007
1.7555e-08,-0.41187530000000006
1.7557e-08,-0.41174640000000007
1.7559e-08,-0.41161670000000006
1.7561e-08,-0.4114858
1.7563e-08,-0.41135409999999994
1.7565e-08,-0.41122139999999996
1.7567e-08,-0.41108790000000006
1.7569e-08,-0.41095360000000003
1.7571e-08,-0.4108185000000001
1.7573e-08,-0.4106826
1.7575e-08,-0.4105459
1.7577e-08,-0.4104084
1.7579e-08,-0.41027040000000004
1.7581e-08,-0.4101317
1.7583e-08,-0.4099923
1.7585e-08,-0.40985230000000006
1.7587e-08,-0.4097117
1.7589e-08,-0.40957049999999995
1.7591e-08,-0.4094289
1.7593e-08,-0.40928680000000006
1.7595e-08,-0.4091441
1.7597e-08,-0.40900099999999995
1.75985e-08,-0.40889339999999996
1.76e-08,-0.40879659999999995
1.76002e-08,-0.408786
1.76006e-08,-0.40876619999999997
1.76014e-08,-0.40873499999999996
1.7603e-08,-0.40869430000000007
1.7605e-08,-0.4086581
1.7607e-08,-0.40860430000000003
1.7609e-08,-0.4085008000000001
1.7611e-08,-0.40832040000000003
1.7613e-08,-0.40804019999999996
1.7615e-08,-0.4076409
1.7617e-08,-0.4071064999999999
1.7619e-08,-0.4064236
1.7621e-08,-0.4055814000000001
1.7623e-08,-0.40457090000000007
1.7625e-08,-0.40338529999999995
1.7627e-08,-0.40201890000000007
1.7629e-08,-0.4004677000000001
1.7631e-08,-0.398729
1.7633e-08,-0.39680119999999997
1.7635e-08,-0.3946834
1.7637e-08,-0.39237560000000005
1.7639e-08,-0.3898790000000001
1.7641e-08,-0.3871947
1.7643e-08,-0.38432489999999997
1.7645e-08,-0.38127219999999995
1.7647e-08,-0.37803960000000003
1.7649e-08,-0.3746305000000001
1.7651e-08,-0.37104839999999994
1.7653e-08,-0.36729750000000005
1.7655e-08,-0.363382
1.7657e-08,-0.35930629999999997
1.7659e-08,-0.35507489999999997
1.7661e-08,-0.35069269999999997
1.7663e-08,-0.3461643999999999
1.7665e-08,-0.34149490000000005
1.7667e-08,-0.3366893000000001
1.7669e-08,-0.33175260000000006
1.7671e-08,-0.3266899
1.7673e-08,-0.3215061
1.7675e-08,-0.3162064
1.7677e-08,-0.31079579999999996
1.7679e-08,-0.3052792999999999
1.7681e-08,-0.2996618
1.7683e-08,-0.2939484
1.7685e-08,-0.2881437
1.7687e-08,-0.2822528000000001
1.7689e-08,-0.27628030000000003
1.7691e-08,-0.2702308
1.7693e-08,-0.2641089
1.7695e-08,-0.25791909999999996
1.7697e-08,-0.25166579999999994
1.7699e-08,-0.2453533
1.7701e-08,-0.23898589999999997
1.7703e-08,-0.23256769999999993
1.7705e-08,-0.22610260000000004
1.7707e-08,-0.21959479999999998
1.7709e-08,-0.21304790000000007
1.7711e-08,-0.20646569999999997
1.7713e-08,-0.19985200000000003
1.7715e-08,-0.1932102
1.7717e-08,-0.18654360000000003
1.7719e-08,-0.1798558
1.7721e-08,-0.17315010000000008
1.7723e-08,-0.16642940000000006
1.7725e-08,-0.15969699999999998
1.7727e-08,-0.15295560000000008
1.7729e-08,-0.14620840000000002
1.7731e-08,-0.1394578999999999
1.7733e-08,-0.13270700000000002
1.7735e-08,-0.12595809999999996
1.7737e-08,-0.11921400000000004
1.7739e-08,-0.11247689999999999
1.7741e-08,-0.10574919999999999
1.7743e-08,-0.09903320000000004
1.7745e-08,-0.0923311
1.7747e-08,-0.08564490000000002
1.7749e-08,-0.07897670000000001
1.7751e-08,-0.07232850000000002
1.7753e-08,-0.06570209999999999
1.7755e-08,-0.05909920000000002
1.7757e-08,-0.05252179999999995
1.7759e-08,-0.04597119999999999
1.7761e-08,-0.03944930000000002
1.7763e-08,-0.03295749999999997
1.7765e-08,-0.026497299999999946
1.7767e-08,-0.020070000000000032
1.7769e-08,-0.013676899999999992
1.7771e-08,-0.007319399999999976
1.7773e-08,-0.000998700000000019
1.7775e-08,0.005284100000000014
1.7777e-08,0.011527799999999977
1.7779e-08,0.01773159999999996
1.7781e-08,0.023894300000000035
1.7783e-08,0.030014899999999956
1.7785e-08,0.03609269999999998
1.7787e-08,0.04212679999999991
1.7789e-08,0.04811639999999995
1.7791e-08,0.054060600000000014
1.7793e-08,0.05995890000000004
1.7795e-08,0.06581060000000005
1.7797e-08,0.07161499999999998
1.77985e-08,0.07593700000000003
1.78e-08,0.08023170000000002
1.78002e-08,0.08080280000000006
1.78006e-08,0.08194570000000001
1.78014e-08,0.08423599999999998
1.7803e-08,0.08882310000000004
1.7805e-08,0.09453960000000006
1.7807e-08,0.10019900000000004
1.7809e-08,0.10576530000000006
1.7811e-08,0.11120780000000008
1.7813e-08,0.11650070000000001
1.7815e-08,0.12162250000000008
1.7817e-08,0.12655519999999998
1.7819e-08,0.13128400000000007
1.7821e-08,0.1357973
1.7823e-08,0.14008540000000003
1.7825e-08,0.14414120000000008
1.7827e-08,0.14795899999999995
1.7829e-08,0.15153499999999998
1.7831e-08,0.15486680000000008
1.7833e-08,0.1579531999999999
1.7835e-08,0.160794
1.7837e-08,0.16338980000000003
1.7839e-08,0.1657423
1.7841e-08,0.16785359999999994
1.7843e-08,0.16972659999999995
1.7845e-08,0.17136459999999998
1.7847e-08,0.1727712
1.7849e-08,0.1739505
1.7851e-08,0.17490700000000003
1.7853e-08,0.17564519999999995
1.7855e-08,0.17617000000000005
1.7857e-08,0.1764863000000001
1.7859e-08,0.17659940000000007
1.7861e-08,0.17651439999999996
1.7863e-08,0.17623650000000002
1.7865e-08,0.17577129999999996
1.7867e-08,0.17512400000000006
1.7869e-08,0.17430009999999996
1.7871e-08,0.1733047000000001
1.7873e-08,0.17214339999999995
1.7875e-08,0.17082149999999996
1.7877e-08,0.16934400000000005
1.7879e-08,0.1677164
1.7881e-08,0.16594390000000003
1.7883e-08,0.16403140000000005
1.7885e-08,0.16198390000000007
1.7887e-08,0.15980649999999996
1.7889e-08,0.15750399999999998
1.7891e-08,0.15508100000000002
1.7893e-08,0.15254239999999997
1.7895e-08,0.14989280000000005
1.7897e-08,0.1471365
1.7899e-08,0.14427809999999996
1.7901e-08,0.14132179999999994
1.7903e-08,0.1382719
1.7905e-08,0.13513240000000004
1.7907e-08,0.13190729999999995
1.7909e-08,0.12860079999999996
1.7911e-08,0.12521649999999995
1.7913e-08,0.12175829999999999
1.7915e-08,0.1182297
1.7917e-08,0.11463439999999991
1.7919e-08,0.11097579999999996
1.7921e-08,0.1072573
1.7923e-08,0.10348209999999991
1.7925e-08,0.09965360000000001
1.7927e-08,0.09577469999999999
1.7929e-08,0.09184860000000006
1.7931e-08,0.08787809999999996
1.7933e-08,0.0838662
1.7935e-08,0.07981570000000004
1.7937e-08,0.07572919999999994
1.7939e-08,0.07160929999999999
1.7941e-08,0.06745880000000004
1.7943e-08,0.06327980000000011
1.7945e-08,0.05907499999999999
1.7947e-08,0.05484659999999997
1.7949e-08,0.050596899999999945
1.7951e-08,0.046328000000000036
1.7953e-08,0.04204220000000003
1.7955e-08,0.03774149999999998
1.7957e-08,0.03342780000000001
1.7959e-08,0.029103199999999996
1.7961e-08,0.024769299999999994
1.7963e-08,0.02042810000000006
1.7965e-08,0.016081299999999965
1.7967e-08,0.011730600000000035
1.7969e-08,0.0073777000000000426
1.7971e-08,0.0030240000000000267
1.7973e-08,-0.0013288999999999662
1.7975e-08,-0.005679299999999943
1.7977e-08,-0.010026099999999927
1.7979e-08,-0.014367800000000042
1.7981e-08,-0.01870320000000003
1.7983e-08,-0.023030800000000018
1.7985e-08,-0.027349600000000085
1.7987e-08,-0.03165819999999997
1.7989e-08,-0.035955700000000035
1.7991e-08,-0.040240800000000077
1.7993e-08,-0.044512500000000066
1.7995e-08,-0.04876990000000003
1.7997e-08,-0.0530119
1.79985e-08,-0.05618279999999998
1.8e-08,-0.05934419999999996
1.80002e-08,-0.05976490000000001
1.80006e-08,-0.06060589999999999
1.80014e-08,-0.06228580000000006
1.8003e-08,-0.0656367000000001
1.8005e-08,-0.06980839999999999
1.8007e-08,-0.07396049999999998
1.8009e-08,-0.07809220000000006
1.8011e-08,-0.08220280000000002
1.8013e-08,-0.08629160000000002
1.8015e-08,-0.09035800000000005
1.8017e-08,-0.09440119999999996
1.8019e-08,-0.09842090000000003
1.8021e-08,-0.10241620000000007
1.8023e-08,-0.10638670000000006
1.8025e-08,-0.11033210000000004
1.8027e-08,-0.1142515999999999
1.8029e-08,-0.1181449
1.8031e-08,-0.1220116
1.8033e-08,-0.12585120000000005
1.8035e-08,-0.12966330000000004
1.8037e-08,-0.1334476
1.8039e-08,-0.13720370000000004
1.8041e-08,-0.14093129999999998
1.8043e-08,-0.14463009999999998
1.8045e-08,-0.14829989999999993
1.8047e-08,-0.15194030000000003
1.8049e-08,-0.1555512
1.8051e-08,-0.1591321
1.8053e-08,-0.16268320000000003
1.8055e-08,-0.16620409999999997
1.8057e-08,-0.16969449999999997
1.8059e-08,-0.17315439999999993
1.8061e-08,-0.1765836999999999
1.8063e-08,-0.17998219999999998
1.8065e-08,-0.1833497999999999
1.8067e-08,-0.18668640000000003
1.8069e-08,-0.18999179999999993
1.8071e-08,-0.1932661
1.8073e-08,-0.1965093
1.8075e-08,-0.1997211000000001
1.8077e-08,-0.20290169999999996
1.8079e-08,-0.20605099999999998
1.8081e-08,-0.2091689
1.8083e-08,-0.21225550000000004
1.8085e-08,-0.21531080000000002
1.8087e-08,-0.21833480000000005
1.8089e-08,-0.2213275
1.8091e-08,-0.22428910000000002
1.8093e-08,-0.2272193
1.8095e-08,-0.2301185
1.8097e-08,-0.23298660000000004
1.8099e-08,-0.23582379999999992
1.8101e-08,-0.23863009999999996
1.8103e-08,-0.24140549999999994
1.8105e-08,-0.24415010000000004
1.8107e-08,-0.24686419999999998
1.8109e-08,-0.24954770000000004
1.8111e-08,-0.25220089999999995
1.8113e-08,-0.2548237000000001
1.8115e-08,-0.2574164
1.8117e-08,-0.25997900000000007
1.8119e-08,-0.26251179999999996
1.8121e-08,-0.26501470000000005
1.8123e-08,-0.2674881
1.8125e-08,-0.26993199999999995
1.8127e-08,-0.2723466
1.8129e-08,-0.2747318999999999
1.8131e-08,-0.2770884
1.8133e-08,-0.279416
1.8135e-08,-0.28171500000000005
1.8137e-08,-0.28398540000000005
1.8139e-08,-0.2862275000000001
1.8141e-08,-0.2884415
1.8143e-08,-0.2906276
1.8145e-08,-0.29278590000000004
1.8147e-08,-0.2949166000000001
1.8149e-08,-0.2970199
1.8151e-08,-0.29909600000000003
1.8153e-08,-0.30114510000000005
1.8155e-08,-0.3031674000000001
1.8157e-08,-0.3051631
1.8159e-08,-0.3071323
1.8161e-08,-0.3090754
1.8163e-08,-0.3109923
1.8165e-08,-0.3128835
1.8167e-08,-0.3147491
1.8169e-08,-0.31658929999999996
1.8171e-08,-0.3184042
1.8173e-08,-0.32019429999999993
1.8175e-08,-0.3219594
1.8177e-08,-0.32370009999999994
1.8179e-08,-0.3254163
1.8181e-08,-0.3271084000000001
1.8183e-08,-0.3287764999999999
1.8185e-08,-0.3304209
1.8187e-08,-0.33204180000000005
1.8189e-08,-0.33363929999999997
1.8191e-08,-0.3352138
1.8193e-08,-0.3367654000000001
1.8195e-08,-0.33829430000000005
1.8197e-08,-0.33980069999999996
1.81985e-08,-0.34091589999999994
1.82e-08,-0.3420297
1.82002e-08,-0.3421793999999999
1.82006e-08,-0.34247990000000006
1.82014e-08,-0.3430869000000001
1.8203e-08,-0.34431199999999995
1.8205e-08,-0.34583849999999994
1.8207e-08,-0.3473255999999999
1.8209e-08,-0.3487412
1.8211e-08,-0.35005829999999993
1.8213e-08,-0.35125360000000005
1.8215e-08,-0.3523084000000001
1.8217e-08,-0.3532067
1.8219e-08,-0.35393549999999996
1.8221e-08,-0.35448409999999997
1.8223e-08,-0.35484400000000005
1.8225e-08,-0.35500850000000006
1.8227e-08,-0.35497259999999997
1.8229e-08,-0.35473279999999996
1.8231e-08,-0.3542864
1.8233e-08,-0.35363219999999995
1.8235e-08,-0.3527701
1.8237e-08,-0.35170029999999997
1.8239e-08,-0.35042399999999996
1.8241e-08,-0.34894329999999996
1.8243e-08,-0.3472603999999999
1.8245e-08,-0.3453781
1.8247e-08,-0.3432999
1.8249e-08,-0.3410293999999999
1.8251e-08,-0.33857060000000005
1.8253e-08,-0.33592770000000005
1.8255e-08,-0.33310509999999993
1.8257e-08,-0.33010740000000005
1.8259e-08,-0.32693950000000005
1.8261e-08,-0.32360640000000007
1.8263e-08,-0.320113
1.8265e-08,-0.3164642999999999
1.8267e-08,-0.3126656
1.8269e-08,-0.3087219
1.8271e-08,-0.3046384
1.8273e-08,-0.30042040000000003
1.8275e-08,-0.29607289999999997
1.8277e-08,-0.2916012
1.8279e-08,-0.28701030000000005
1.8281e-08,-0.2823051
1.8283e-08,-0.2774909
1.8285e-08,-0.2725725
1.8287e-08,-0.2675548000000001
1.8289e-08,-0.2624425
1.8291e-08,-0.2572403999999999
1.8293e-08,-0.2519532
1.8295e-08,-0.2465853
1.8297e-08,-0.24114119999999994
1.8299e-08,-0.23562550000000004
1.8301e-08,-0.23004220000000009
1.8303e-08,-0.22439560000000003
1.8305e-08,-0.2186899
1.8307e-08,-0.21292900000000003
1.8309e-08,-0.20711670000000004
1.8311e-08,-0.20125700000000002
1.8313e-08,-0.19535349999999996
1.8315e-08,-0.18940990000000002
1.8317e-08,-0.18342969999999992
1.8319e-08,-0.1774161999999999
1.8321e-08,-0.17137289999999994
1.8323e-08,-0.16530299999999998
1.8325e-08,-0.1592095
1.8327e-08,-0.15309569999999995
1.8329e-08,-0.1469644
1.8331e-08,-0.1408184
1.8333e-08,-0.13466060000000002
1.8335e-08,-0.12849359999999999
1.8337e-08,-0.12232019999999999
1.8339e-08,-0.11614289999999994
1.8341e-08,-0.10996380000000006
1.8343e-08,-0.10378569999999998
1.8345e-08,-0.09761059999999999
1.8347e-08,-0.09144079999999999
1.8349e-08,-0.08527859999999998
1.8351e-08,-0.07912560000000002
1.8353e-08,-0.0729843
1.8355e-08,-0.06685620000000003
1.8357e-08,-0.0607434
1.8359e-08,-0.05464749999999996
1.8361e-08,-0.048570300000000066
1.8363e-08,-0.042513299999999976
1.8365e-08,-0.036478200000000016
1.8367e-08,-0.030466499999999952
1.8369e-08,-0.024479599999999935
1.8371e-08,-0.018518900000000005
1.8373e-08,-0.012585599999999975
1.8375e-08,-0.006681200000000054
1.8377e-08,-0.0008067999999999964
1.8379e-08,0.005036400000000052
1.8381e-08,0.010847399999999952
1.8383e-08,0.016625099999999948
1.8385e-08,0.022368400000000066
1.8387e-08,0.0280764
1.8389e-08,0.03374829999999995
1.8391e-08,0.039382999999999946
1.8393e-08,0.04497990000000007
1.8395e-08,0.05053810000000003
1.8397e-08,0.056056900000000076
1.83985e-08,0.06016980000000005
1.84e-08,0.06425980000000009
1.84002e-08,0.0648031
1.84006e-08,0.06588910000000003
1.84014e-08,0.068056
1.8403e-08,0.07237000000000005
1.8405e-08,0.07772460000000003
1.8407e-08,0.08303679999999991
1.8409e-08,0.088306
1.8411e-08,0.0935317
1.8413e-08,0.09871350000000001
1.8415e-08,0.10385100000000003
1.8417e-08,0.10894379999999992
1.8419e-08,0.11399160000000008
1.8421e-08,0.11899399999999993
1.8423e-08,0.12395080000000003
1.8425e-08,0.1288615999999999
1.8427e-08,0.13372630000000008
1.8429e-08,0.13854469999999997
1.8431e-08,0.14331649999999996
1.8433e-08,0.14804150000000005
1.8435e-08,0.15271980000000007
1.8437e-08,0.1573509999999999
1.8439e-08,0.16193519999999995
1.8441e-08,0.16647230000000002
1.8443e-08,0.1709621
1.8445e-08,0.17540480000000003
1.8447e-08,0.17980010000000002
1.8449e-08,0.18414819999999998
1.8451e-08,0.18844909999999993
1.8453e-08,0.19270279999999995
1.8455e-08,0.1969092
1.8457e-08,0.20106860000000004
1.8459e-08,0.20518099999999995
1.8461e-08,0.2092465
1.8463e-08,0.21326509999999999
1.8465e-08,0.21723709999999996
1.8467e-08,0.22116239999999998
1.8469e-08,0.2250413
1.8471e-08,0.22887410000000008
1.8473e-08,0.23266069999999994
1.8475e-08,0.23640130000000004
1.8477e-08,0.24009619999999998
1.8479e-08,0.24374550000000006
1.8481e-08,0.24734960000000006
1.8483e-08,0.2509083999999999
1.8485e-08,0.2544223
1.8487e-08,0.2578916
1.8489e-08,0.26131649999999995
1.8491e-08,0.26469719999999997
1.8493e-08,0.26803390000000005
1.8495e-08,0.27132690000000004
1.8497e-08,0.2745765
1.8499e-08,0.277783
1.8501e-08,0.2809465
1.8503e-08,0.28406750000000003
1.8505e-08,0.2871462
1.8507e-08,0.2901827
1.8509e-08,0.2931777
1.8511e-08,0.2961311
1.8513e-08,0.2990435
1.8515e-08,0.30191499999999993
1.8517e-08,0.3047460000000001
1.8519e-08,0.30753680000000005
1.8521e-08,0.31028769999999994
1.8523e-08,0.312999
1.8525e-08,0.31567119999999993
1.8527e-08,0.3183043
1.8529e-08,0.3208989
1.8531e-08,0.3234551
1.8533e-08,0.32597339999999997
1.8535e-08,0.32845409999999997
1.8537e-08,0.33089750000000007
1.8539e-08,0.33330399999999993
1.8541e-08,0.3356738
1.8543e-08,0.33800720000000006
1.8545e-08,0.34030479999999996
1.8547e-08,0.3425667
1.8549e-08,0.34479329999999997
1.8551e-08,0.346985
1.8553e-08,0.34914199999999995
1.8555e-08,0.3512647
1.8557e-08,0.35335360000000005
1.8559e-08,0.3554087
1.8561e-08,0.35743060000000004
1.8563e-08,0.3594195
1.8565e-08,0.36137589999999997
1.8567e-08,0.3632999
1.8569e-08,0.3651919
1.8571e-08,0.36705240000000006
1.8573e-08,0.3688815
1.8575e-08,0.37067970000000006
1.8577e-08,0.3724472999999999
1.8579e-08,0.37418450000000003
1.8581e-08,0.37589170000000005
1.8583e-08,0.37756939999999994
1.8585e-08,0.37921760000000004
1.8587e-08,0.3808368999999999
1.8589e-08,0.3824274
1.8591e-08,0.3839897
1.8593e-08,0.3855238000000001
1.8595e-08,0.3870302
1.8597e-08,0.3885092
1.85985e-08,0.38960059999999996
1.86e-08,0.3906769
1.86002e-08,0.3908191
1.86006e-08,0.3911030000000001
1.86014e-08,0.3916678
1.8603e-08,0.39278440000000003
1.8605e-08,0.3941568999999999
1.8607e-08,0.3955033
1.8609e-08,0.39682439999999997
1.8611e-08,0.39812000000000003
1.8613e-08,0.3993907
1.8615e-08,0.40063670000000007
1.8617e-08,0.4018583
1.8619e-08,0.4030558999999999
1.8621e-08,0.4042297
1.8623e-08,0.4053799
1.8625e-08,0.40650700000000006
1.8627e-08,0.40761100000000006
1.8629e-08,0.4086925
1.8631e-08,0.4097516
1.8633e-08,0.4107887
1.8635e-08,0.41180380000000005
1.8637e-08,0.41279750000000004
1.8639e-08,0.4137700000000001
1.8641e-08,0.41472130000000007
1.8643e-08,0.415652
1.8645e-08,0.41656229999999994
1.8647e-08,0.4174523
1.8649e-08,0.4183224000000001
1.8651e-08,0.41917289999999996
1.8653e-08,0.4200039
1.8655e-08,0.42081579999999996
1.8657e-08,0.42160869999999995
1.8659e-08,0.42238299999999995
1.8661e-08,0.4231389
1.8663e-08,0.42387660000000005
1.8665e-08,0.4245964
1.8667e-08,0.42529859999999997
1.8669e-08,0.42598330000000006
1.8671e-08,0.42665070000000005
1.8673e-08,0.4273013
1.8675e-08,0.4279351
1.8677e-08,0.42855240000000006
1.8679e-08,0.4291535000000001
1.8681e-08,0.4297385
1.8683e-08,0.43030769999999996
1.8685e-08,0.4308613
1.8687e-08,0.43139950000000005
1.8689e-08,0.4319225
1.8691e-08,0.43243049999999994
1.8693e-08,0.43292390000000003
1.8695e-08,0.4334028
1.8697e-08,0.43386729999999996
1.8699e-08,0.4343176000000001
1.8701e-08,0.4347542
1.8703e-08,0.43517700000000004
1.8705e-08,0.4355863
1.8707e-08,0.43598230000000004
1.8709e-08,0.43636529999999996
1.8711e-08,0.43673530000000005
1.8713e-08,0.43709260000000005
1.8715e-08,0.43743730000000003
1.8717e-08,0.4377698
1.8719e-08,0.4380900000000001
1.8721e-08,0.43839839999999997
1.8723e-08,0.43869500000000006
1.8725e-08,0.4389799
1.8727e-08,0.4392534
1.8729e-08,0.43951570000000006
1.8731e-08,0.43976689999999996
1.8733e-08,0.44000719999999993
1.8735e-08,0.4402368
1.8737e-08,0.44045580000000006
1.8739e-08,0.44066440000000007
1.8741e-08,0.4408628
1.8743e-08,0.4410512000000001
1.8745e-08,0.44122950000000005
1.8747e-08,0.4413983
1.8749e-08,0.4415574
1.8751e-08,0.4417071
1.8753e-08,0.44184750000000006
1.8755e-08,0.4419788
1.8757e-08,0.4421011
1.8759e-08,0.44221470000000007
1.8761e-08,0.4423193999999999
1.8763e-08,0.4424158
1.8765e-08,0.4425038
1.8767e-08,0.4425835
1.8769e-08,0.442655
1.8771e-08,0.4427187
1.8773e-08,0.44277450000000007
1.8775e-08,0.44282259999999996
1.8777e-08,0.4428631999999999
1.8779e-08,0.44289639999999997
1.8781e-08,0.4429223
1.8783e-08,0.44294100000000003
1.8785e-08,0.4429527
1.8787e-08,0.4429575
1.8789e-08,0.44295549999999995
1.8791e-08,0.4429468
1.8793e-08,0.4429316
1.8795e-08,0.4429101
1.8797e-08,0.4428822
1.87985e-08,0.4428571
1.88e-08,0.4428398
1.88002e-08,0.44283950000000005
1.88006e-08,0.4428403000000001
1.88014e-08,0.4428495
1.8803e-08,0.4428871999999999
1.8805e-08,0.4429447000000001
1.8807e-08,0.44298039999999994
1.8809e-08,0.44296289999999994
1.8811e-08,0.44286539999999996
1.8813e-08,0.44266550000000005
1.8815e-08,0.4423446
1.8817e-08,0.4418866
1.8819e-08,0.4412787
1.8821e-08,0.44050999999999996
1.8823e-08,0.4395719
1.8825e-08,0.4384574
1.8827e-08,0.437161
1.8829e-08,0.43567880000000003
1.8831e-08,0.43400780000000005
1.8833e-08,0.4321461999999999
1.8835e-08,0.43009319999999995
1.8837e-08,0.4278486
1.8839e-08,0.42541320000000005
1.8841e-08,0.4227885
1.8843e-08,0.419976
1.8845e-08,0.41697839999999997
1.8847e-08,0.41379829999999995
1.8849e-08,0.41043910000000006
1.8851e-08,0.4069041
1.8853e-08,0.40319739999999993
1.8855e-08,0.39932270000000003
1.8857e-08,0.3952846
1.8859e-08,0.3910874999999999
1.8861e-08,0.38673579999999996
1.8863e-08,0.3822343
1.8865e-08,0.3775879999999999
1.8867e-08,0.37280160000000007
1.8869e-08,0.36788
1.8871e-08,0.36282840000000005
1.8873e-08,0.3576514999999999
1.8875e-08,0.35235459999999996
1.8877e-08,0.3469424
1.8879e-08,0.34142019999999995
1.8881e-08,0.3357926
1.8883e-08,0.3300647
1.8885e-08,0.3242414
1.8887e-08,0.3183273
1.8889e-08,0.3123273000000001
1.8891e-08,0.30624609999999997
1.8893e-08,0.3000881000000001
1.8895e-08,0.29385799999999995
1.8897e-08,0.28756020000000004
1.8899e-08,0.2811990000000001
1.8901e-08,0.2747786
1.8903e-08,0.26830339999999997
1.8905e-08,0.26177720000000004
1.8907e-08,0.2552042
1.8909e-08,0.2485883000000001
1.8911e-08,0.24193330000000002
1.8913e-08,0.23524259999999997
1.8915e-08,0.2285203
1.8917e-08,0.2217696
1.8919e-08,0.21499400000000002
1.8921e-08,0.20819690000000002
1.8923e-08,0.20138139999999993
1.8925e-08,0.19455080000000002
1.8927e-08,0.18770799999999999
1.8929e-08,0.18085589999999996
1.8931e-08,0.17399759999999997
1.8933e-08,0.1671357
1.8935e-08,0.160273
1.8937e-08,0.1534120000000001
1.8939e-08,0.1465552
1.8941e-08,0.13970510000000003
1.8943e-08,0.1328640000000001
1.8945e-08,0.12603419999999999
1.8947e-08,0.11921780000000004
1.8949e-08,0.11241699999999999
1.8951e-08,0.1056338
1.8953e-08,0.09887010000000007
1.8955e-08,0.09212789999999993
1.8957e-08,0.0854087
1.8959e-08,0.07871470000000003
1.8961e-08,0.07204710000000003
1.8963e-08,0.06540780000000002
1.8965e-08,0.05879830000000008
1.8967e-08,0.0522199000000001
1.8969e-08,0.04567409999999994
1.8971e-08,0.03916239999999993
1.8973e-08,0.03268569999999993
1.8975e-08,0.02624570000000004
1.8977e-08,0.019843100000000002
1.8979e-08,0.013479300000000083
1.8981e-08,0.007155299999999976
1.8983e-08,0.0008721000000000423
1.8985e-08,-0.005369500000000027
1.8987e-08,-0.011568299999999976
1.8989e-08,-0.01772370000000001
1.8991e-08,-0.023834699999999986
1.8993e-08,-0.02990079999999995
1.8995e-08,-0.03592099999999998
1.8997e-08,-0.04189480000000001
1.89985e-08,-0.04634420000000006
1.9e-08,-0.05076689999999995
1.90002e-08,-0.05135440000000002
1.90006e-08,-0.052528200000000025
1.90014e-08,-0.05487019999999998
1.9003e-08,-0.059531
1.9005e-08,-0.06531290000000001
1.9007e-08,-0.07104560000000004
1.9009e-08,-0.07672869999999998
1.9011e-08,-0.08236179999999993
1.9013e-08,-0.08794429999999998
1.9015e-08,-0.09347609999999995
1.9017e-08,-0.0989566999999999
1.9019e-08,-0.10438599999999998
1.9021e-08,-0.10976359999999996
1.9023e-08,-0.11508929999999995
1.9025e-08,-0.12036290000000005
1.9027e-08,-0.12558440000000004
1.9029e-08,-0.13075340000000002
1.9031e-08,-0.1358699
1.9033e-08,-0.1409338
1.9035e-08,-0.145945
1.9037e-08,-0.15090360000000003
1.9039e-08,-0.1558094
1.9041e-08,-0.16066230000000004
1.9043e-08,-0.16546269999999996
1.9045e-08,-0.1702102000000001
1.9047e-08,-0.17490509999999992
1.9049e-08,-0.17954730000000008
1.9051e-08,-0.18413710000000005
1.9053e-08,-0.18867429999999996
1.9055e-08,-0.19315939999999998
1.9057e-08,-0.19759210000000005
1.9059e-08,-0.20197300000000007
1.9061e-08,-0.2063018000000001
1.9063e-08,-0.21057899999999996
1.9065e-08,-0.2148046
1.9067e-08,-0.2189789000000001
1.9069e-08,-0.22310209999999997
1.9071e-08,-0.2271744
1.9073e-08,-0.23119600000000007
1.9075e-08,-0.23516710000000007
1.9077e-08,-0.23908799999999997
1.9079e-08,-0.24295899999999993
1.9081e-08,-0.24678030000000006
1.9083e-08,-0.25055230000000006
1.9085e-08,-0.2542751000000001
1.9087e-08,-0.257949
1.9089e-08,-0.2615744
1.9091e-08,-0.2651517
1.9093e-08,-0.2686809
1.9095e-08,-0.2721625
1.9097e-08,-0.2755968999999999
1.9099e-08,-0.27898429999999996
1.9101e-08,-0.28232500000000005
1.9103e-08,-0.2856196000000001
1.9105e-08,-0.288868
1.9107e-08,-0.2920709
1.9109e-08,-0.2952284999999999
1.9111e-08,-0.2983412
1.9113e-08,-0.3014093
1.9115e-08,-0.3044333
1.9117e-08,-0.3074133
1.9119e-08,-0.31034990000000007
1.9121e-08,-0.3132433
1.9123e-08,-0.316094
1.9125e-08,-0.3189023999999999
1.9127e-08,-0.32166870000000003
1.9129e-08,-0.3243933
1.9131e-08,-0.32707659999999994
1.9133e-08,-0.3297192
1.9135e-08,-0.33232110000000004
1.9137e-08,-0.3348829
1.9139e-08,-0.3374049
1.9141e-08,-0.33988739999999995
1.9143e-08,-0.34233100000000005
1.9145e-08,-0.3447361
1.9147e-08,-0.3471027
1.9149e-08,-0.3494315
1.9151e-08,-0.3517228
1.9153e-08,-0.35397690000000004
1.9155e-08,-0.35619429999999996
1.9157e-08,-0.3583752
1.9159e-08,-0.36052019999999996
1.9161e-08,-0.36262950000000005
1.9163e-08,-0.36470350000000007
1.9165e-08,-0.3667425999999999
1.9167e-08,-0.3687473
1.9169e-08,-0.37071770000000004
1.9171e-08,-0.37265440000000005
1.9173e-08,-0.37455759999999994
1.9175e-08,-0.3764278
1.9177e-08,-0.37826519999999997
1.9179e-08,-0.38007029999999997
1.9181e-08,-0.3818435
1.9183e-08,-0.3835849
1.9185e-08,-0.38529519999999995
1.9187e-08,-0.3869745
1.9189e-08,-0.3886233
1.9191e-08,-0.3902418999999999
1.9193e-08,-0.39183060000000003
1.9195e-08,-0.3933897999999999
1.9197e-08,-0.3949199
1.91985e-08,-0.39604839999999997
1.92e-08,-0.39716090000000004
1.92002e-08,-0.3973086
1.92006e-08,-0.3976052
1.92014e-08,-0.39820539999999993
1.9203e-08,-0.3994227
1.9205e-08,-0.40094810000000003
1.9207e-08,-0.402443
1.9209e-08,-0.40387360000000005
1.9211e-08,-0.405212
1.9213e-08,-0.4064344999999999
1.9215e-08,-0.4075215
1.9217e-08,-0.40845640000000005
1.9219e-08,-0.4092257
1.9221e-08,-0.4098181000000001
1.9223e-08,-0.41022480000000006
1.9225e-08,-0.4104384000000001
1.9227e-08,-0.4104534000000001
1.9229e-08,-0.4102656
1.9231e-08,-0.4098723000000001
1.9233e-08,-0.4092715
1.9235e-08,-0.40846229999999994
1.9237e-08,-0.40744499999999995
1.9239e-08,-0.40621989999999997
1.9241e-08,-0.4047887
1.9243e-08,-0.4031534
1.9245e-08,-0.4013162
1.9247e-08,-0.3992800000000001
1.9249e-08,-0.3970482999999999
1.9251e-08,-0.3946246
1.9253e-08,-0.3920129
1.9255e-08,-0.38921700000000004
1.9257e-08,-0.3862414999999999
1.9259e-08,-0.38309099999999996
1.9261e-08,-0.37976999999999994
1.9263e-08,-0.3762831
1.9265e-08,-0.37263559999999996
1.9267e-08,-0.36883220000000005
1.9269e-08,-0.3648779
1.9271e-08,-0.3607779
1.9273e-08,-0.35653690000000005
1.9275e-08,-0.35216040000000004
1.9277e-08,-0.3476532
1.9279e-08,-0.3430202
1.9281e-08,-0.3382666999999999
1.9283e-08,-0.3333975
1.9285e-08,-0.3284176
1.9287e-08,-0.32333180000000006
1.9289e-08,-0.318145
1.9291e-08,-0.31286179999999997
1.9293e-08,-0.30748699999999995
1.9295e-08,-0.30202510000000005
1.9297e-08,-0.29648070000000004
1.9299e-08,-0.29085819999999996
1.9301e-08,-0.2851619999999999
1.9303e-08,-0.27939630000000004
1.9305e-08,-0.2735653
1.9307e-08,-0.2676731
1.9309e-08,-0.2617237
1.9311e-08,-0.25572110000000003
1.9313e-08,-0.24966900000000003
1.9315e-08,-0.24357110000000004
1.9317e-08,-0.23743120000000006
1.9319e-08,-0.23125260000000003
1.9321e-08,-0.22503889999999993
1.9323e-08,-0.21879359999999992
1.9325e-08,-0.21251969999999998
1.9327e-08,-0.20622039999999997
1.9329e-08,-0.19989899999999994
1.9331e-08,-0.19355829999999996
1.9333e-08,-0.18720139999999996
1.9335e-08,-0.18083079999999996
1.9337e-08,-0.17444950000000004
1.9339e-08,-0.1680602000000001
1.9341e-08,-0.1616653
1.9343e-08,-0.15526739999999994
1.9345e-08,-0.14886880000000002
1.9347e-08,-0.14247200000000004
1.9349e-08,-0.13607899999999995
1.9351e-08,-0.12969229999999998
1.9353e-08,-0.12331359999999991
1.9355e-08,-0.11694540000000009
1.9357e-08,-0.11058920000000005
1.9359e-08,-0.10424719999999998
1.9361e-08,-0.09792100000000004
1.9363e-08,-0.09161259999999993
1.9365e-08,-0.08532339999999994
1.9367e-08,-0.07905530000000005
1.9369e-08,-0.07280969999999998
1.9371e-08,-0.06658800000000009
1.9373e-08,-0.060391799999999995
1.9375e-08,-0.05422249999999995
1.9377e-08,-0.048081200000000046
1.9379e-08,-0.04196949999999999
1.9381e-08,-0.03588820000000004
1.9383e-08,-0.029838799999999943
1.9385e-08,-0.023822200000000016
1.9387e-08,-0.017839500000000008
1.9389e-08,-0.011891800000000008
1.9391e-08,-0.005979900000000038
1.9393e-08,-0.00010480000000001599
1.9395e-08,0.005732499999999918
1.9397e-08,0.011531500000000028
1.93985e-08,0.015854999999999952
1.94e-08,0.02015610000000001
1.94002e-08,0.020728300000000033
1.94006e-08,0.02187399999999995
1.94014e-08,0.024170600000000042
1.9403e-08,0.028774000000000077
1.9405e-08,0.034517699999999985
1.9407e-08,0.04021170000000007
1.9409e-08,0.0458191
1.9411e-08,0.051308700000000096
1.9413e-08,0.05665419999999999
1.9415e-08,0.061833499999999986
1.9417e-08,0.0668282
1.9419e-08,0.0716234
1.9421e-08,0.07620670000000007
1.9423e-08,0.08056829999999993
1.9425e-08,0.08470079999999991
1.9427e-08,0.08859840000000008
1.9429e-08,0.0922573000000001
1.9431e-08,0.09567460000000005
1.9433e-08,0.09884920000000008
1.9435e-08,0.10178089999999995
1.9437e-08,0.10447020000000007
1.9439e-08,0.10691889999999993
1.9441e-08,0.10912899999999992
1.9443e-08,0.11110340000000007
1.9445e-08,0.11284539999999998
1.9447e-08,0.11435879999999998
1.9449e-08,0.11564779999999997
1.9451e-08,0.11671659999999995
1.9453e-08,0.11756999999999995
1.9455e-08,0.11821289999999995
1.9457e-08,0.11865040000000004
1.9459e-08,0.11888759999999998
1.9461e-08,0.11892970000000003
1.9463e-08,0.1187821
1.9465e-08,0.11845030000000001
1.9467e-08,0.11793950000000009
1.9469e-08,0.11725529999999995
1.9471e-08,0.11640300000000003
1.9473e-08,0.11538779999999993
1.9475e-08,0.11421540000000008
1.9477e-08,0.11289079999999996
1.9479e-08,0.1114193
1.9481e-08,0.10980610000000002
1.9483e-08,0.10805609999999999
1.9485e-08,0.10617469999999996
1.9487e-08,0.10416650000000005
1.9489e-08,0.10203630000000008
1.9491e-08,0.09978909999999996
1.9493e-08,0.0974294
1.9495e-08,0.09496179999999999
1.9497e-08,0.09239070000000005
1.9499e-08,0.08972060000000004
1.9501e-08,0.08695579999999992
1.9503e-08,0.08410039999999996
1.9505e-08,0.08115830000000002
1.9507e-08,0.07813380000000003
1.9509e-08,0.0750305
1.9511e-08,0.07185249999999999
1.9513e-08,0.06860329999999992
1.9515e-08,0.06528650000000003
1.9517e-08,0.061905600000000005
1.9519e-08,0.05846410000000002
1.9521e-08,0.054965299999999995
1.9523e-08,0.051412400000000025
1.9525e-08,0.04780839999999997
1.9527e-08,0.04415669999999994
1.9529e-08,0.04045999999999994
1.9531e-08,0.03672120000000001
1.9533e-08,0.03294319999999995
1.9535e-08,0.029128700000000007
1.9537e-08,0.025280300000000033
1.9539e-08,0.021400599999999992
1.9541e-08,0.017491999999999952
1.9543e-08,0.0135571000000001
1.9545e-08,0.009598099999999943
1.9547e-08,0.005617199999999989
1.9549e-08,0.0016167000000000264
1.9551e-08,-0.0024013000000000506
1.9553e-08,-0.006434700000000015
1.9555e-08,-0.01048159999999998
1.9557e-08,-0.014539899999999939
1.9559e-08,-0.01860790000000001
1.9561e-08,-0.02268389999999998
1.9563e-08,-0.02676590000000001
1.9565e-08,-0.030852199999999996
1.9567e-08,-0.03494150000000007
1.9569e-08,-0.03903190000000001
1.9571e-08,-0.0431222
1.9573e-08,-0.047210500000000044
1.9575e-08,-0.0512958
1.9577e-08,-0.0553766
1.9579e-08,-0.05945149999999999
1.9581e-08,-0.06351930000000006
1.9583e-08,-0.06757869999999999
1.9585e-08,-0.07162880000000005
1.9587e-08,-0.07566819999999996
1.9589e-08,-0.07969590000000004
1.9591e-08,-0.08371090000000003
1.9593e-08,-0.08771220000000002
1.9595e-08,-0.09169889999999992
1.9597e-08,-0.09566989999999997
1.95985e-08,-0.09863729999999993
1.96e-08,-0.10160619999999998
1.96002e-08,-0.10200359999999997
1.96006e-08,-0.10279939999999999
1.96014e-08,-0.10439699999999996
1.9603e-08,-0.10760480000000006
1.9605e-08,-0.11161019999999999
1.9607e-08,-0.11557459999999997
1.9609e-08,-0.11946349999999994
1.9611e-08,-0.12324749999999995
1.9613e-08,-0.1269019
1.9615e-08,-0.13040600000000002
1.9617e-08,-0.13374229999999998
1.9619e-08,-0.13689699999999994
1.9621e-08,-0.1398583
1.9623e-08,-0.1426172
1.9625e-08,-0.14516669999999998
1.9627e-08,-0.1475014
1.9629e-08,-0.1496174
1.9631e-08,-0.15151249999999994
1.9633e-08,-0.15318549999999997
1.9635e-08,-0.15463610000000005
1.9637e-08,-0.15586509999999998
1.9639e-08,-0.15687399999999996
1.9641e-08,-0.1576649
1.9643e-08,-0.1582405
1.9645e-08,-0.15860399999999997
1.9647e-08,-0.15875899999999998
1.9649e-08,-0.1587096
1.9651e-08,-0.1584599000000001
1.9653e-08,-0.15801449999999995
1.9655e-08,-0.15737800000000002
1.9657e-08,-0.1565554
1.9659e-08,-0.1555516
1.9661e-08,-0.1543717
1.9663e-08,-0.15302080000000007
1.9665e-08,-0.15150400000000008
1.9667e-08,-0.14982680000000004
1.9669e-08,-0.14799410000000002
1.9671e-08,-0.14601130000000007
1.9673e-08,-0.14388349999999994
1.9675e-08,-0.14161580000000007
1.9677e-08,-0.13921340000000004
1.9679e-08,-0.1366813
1.9681e-08,-0.1340245
1.9683e-08,-0.13124780000000003
1.9685e-08,-0.12835620000000003
1.9687e-08,-0.12535430000000003
1.9689e-08,-0.12224679999999999
1.9691e-08,-0.11903839999999999
1.9693e-08,-0.1157334000000001
1.9695e-08,-0.1123364
1.9697e-08,-0.10885139999999993
1.9699e-08,-0.10528300000000002
1.9701e-08,-0.10163509999999998
1.9703e-08,-0.09791149999999993
1.9705e-08,-0.0941166
1.9707e-08,-0.09025379999999994
1.9709e-08,-0.08632720000000005
1.9711e-08,-0.08234010000000003
1.9713e-08,-0.07829610000000009
1.9715e-08,-0.07419890000000007
1.9717e-08,-0.07005150000000004
1.9719e-08,-0.06585750000000001
1.9721e-08,-0.0616198
1.9723e-08,-0.05734159999999999
1.9725e-08,-0.05302580000000001
1.9727e-08,-0.04867549999999998
1.9729e-08,-0.04429329999999998
1.9731e-08,-0.039882000000000084
1.9733e-08,-0.035444299999999984
1.9735e-08,-0.030982799999999977
1.9737e-08,-0.026499999999999968
1.9739e-08,-0.02199820000000008
1.9741e-08,-0.017479799999999934
1.9743e-08,-0.012947000000000042
1.9745e-08,-0.008402100000000079
1.9747e-08,-0.0038471999999999396
1.9749e-08,0.0007156000000000384
1.9751e-08,0.005284500000000025
1.9753e-08,0.009857499999999964
1.9755e-08,0.014432700000000076
1.9757e-08,0.01900830000000009
1.9759e-08,0.023582800000000015
1.9761e-08,0.02815409999999996
1.9763e-08,0.03272110000000006
1.9765e-08,0.03728189999999998
1.9767e-08,0.04183519999999996
1.9769e-08,0.04637939999999996
1.9771e-08,0.05091329999999994
1.9773e-08,0.05543550000000008
1.9775e-08,0.05994469999999996
1.9777e-08,0.06443969999999999
1.9779e-08,0.06891930000000002
1.9781e-08,0.07338239999999996
1.9783e-08,0.07782789999999995
1.9785e-08,0.08225490000000002
1.9787e-08,0.08666209999999996
1.9789e-08,0.09104880000000004
1.9791e-08,0.095414
1.9793e-08,0.09975690000000004
1.9795e-08,0.10407659999999996
1.9797e-08,0.10837240000000004
1.97985e-08,0.11157799999999995
1.98e-08,0.11476939999999991
1.98002e-08,0.11519370000000007
1.98006e-08,0.11604169999999991
1.98014e-08,0.11773480000000003
1.9803e-08,0.1211082
1.9805e-08,0.12530070000000004
1.9807e-08,0.12946599999999997
1.9809e-08,0.13360320000000003
1.9811e-08,0.13771200000000006
1.9813e-08,0.14179160000000002
1.9815e-08,0.14584160000000002
1.9817e-08,0.1498617
1.9819e-08,0.15385119999999997
1.9821e-08,0.15780989999999995
1.9823e-08,0.16173719999999991
1.9825e-08,0.16563290000000008
1.9827e-08,0.16949669999999994
1.9829e-08,0.17332809999999998
1.9831e-08,0.17712700000000003
1.9833e-08,0.18089310000000003
1.9835e-08,0.18462599999999996
1.9837e-08,0.18832549999999992
1.9839e-08,0.19199160000000004
1.9841e-08,0.19562389999999996
1.9843e-08,0.19922229999999996
1.9845e-08,0.20278660000000004
1.9847e-08,0.20631679999999997
1.9849e-08,0.20981269999999996
1.9851e-08,0.21327410000000002
1.9853e-08,0.21670109999999998
1.9855e-08,0.2200934
1.9857e-08,0.22345119999999996
1.9859e-08,0.2267743000000001
1.9861e-08,0.23006269999999995
1.9863e-08,0.23331639999999998
1.9865e-08,0.23653540000000006
1.9867e-08,0.23971980000000004
1.9869e-08,0.24286929999999995
1.9871e-08,0.24598429999999993
1.9873e-08,0.24906470000000003
1.9875e-08,0.2521105
1.9877e-08,0.25512179999999995
1.9879e-08,0.25809879999999996
1.9881e-08,0.2610414
1.9883e-08,0.2639497999999999
1.9885e-08,0.26682399999999995
1.9887e-08,0.26966429999999997
1.9889e-08,0.27247049999999995
1.9891e-08,0.27524309999999996
1.9893e-08,0.2779818999999999
1.9895e-08,0.2806873
1.9897e-08,0.2833593
1.9899e-08,0.285998
1.9901e-08,0.2886038000000001
1.9903e-08,0.29117669999999996
1.9905e-08,0.29371670000000005
1.9907e-08,0.29622420000000005
1.9909e-08,0.29869940000000006
1.9911e-08,0.30114240000000003
1.9913e-08,0.3035533
1.9915e-08,0.30593250000000005
1.9917e-08,0.30828
1.9919e-08,0.31059610000000004
1.9921e-08,0.3128811
1.9923e-08,0.3151349
1.9925e-08,0.31735800000000003
1.9927e-08,0.3195506
1.9929e-08,0.32171269999999996
1.9931e-08,0.3238447
1.9933e-08,0.3259468
1.9935e-08,0.32801919999999996
1.9937e-08,0.3300622000000001
1.9939e-08,0.3320757999999999
1.9941e-08,0.3340605
1.9943e-08,0.3360164
1.9945e-08,0.33794369999999996
1.9947e-08,0.3398426
1.9949e-08,0.34171359999999995
1.9951e-08,0.3435566
1.9953e-08,0.34537209999999996
1.9955e-08,0.34716020000000003
1.9957e-08,0.3489211
1.9959e-08,0.35065519999999994
1.9961e-08,0.35236259999999997
1.9963e-08,0.35404369999999996
1.9965e-08,0.3556986000000001
1.9967e-08,0.3573275
1.9969e-08,0.3589308
1.9971e-08,0.36050860000000007
1.9973e-08,0.36206130000000003
1.9975e-08,0.3635889
1.9977e-08,0.3650918999999999
1.9979e-08,0.3665704000000001
1.9981e-08,0.3680245999999999
1.9983e-08,0.36945490000000003
1.9985e-08,0.3708616
1.9987e-08,0.3722445999999999
1.9989e-08,0.3736045
1.9991e-08,0.3749412
1.9993e-08,0.3762552
1.9995e-08,0.3775467
1.9997e-08,0.3788159
1.99985e-08,0.3797532
2e-08,0.3806783
2.00002e-08,0.38080140000000007
2.00006e-08,0.3810486999999999
2.00014e-08,0.3815512999999999
2.0003e-08,0.3825763
2.0005e-08,0.3838671
2.0007e-08,0.38513280000000005
2.0009e-08,0.38633969999999995
2.0011e-08,0.3874592
2.0013e-08,0.3884674
2.0015e-08,0.38934420000000003
2.0017e-08,0.39007269999999994
2.0019e-08,0.3906392000000001
2.0021e-08,0.3910321
2.0023e-08,0.39124249999999994
2.0025e-08,0.391263
2.0027e-08,0.3910878
2.0029e-08,0.39071279999999997
2.0031e-08,0.390135
2.0033e-08,0.38935280000000005
2.0035e-08,0.3883651
2.0037e-08,0.38717199999999996
2.0039e-08,0.3857743
2.0041e-08,0.38417349999999995
2.0043e-08,0.3823715
2.0045e-08,0.38037090000000007
2.0047e-08,0.3781745999999999
2.0049e-08,0.3757861
2.0051e-08,0.37320890000000007
2.0053e-08,0.3704472
2.0055e-08,0.36750499999999997
2.0057e-08,0.3643867999999999
2.0059e-08,0.3610971999999999
2.0061e-08,0.35764090000000004
2.0063e-08,0.35402290000000003
2.0065e-08,0.35024789999999995
2.0067e-08,0.346321
2.0069e-08,0.3422474
2.0071e-08,0.33803189999999994
2.0073e-08,0.33367990000000003
2.0075e-08,0.3291963
2.0077e-08,0.3245861
2.0079e-08,0.3198546
2.0081e-08,0.3150065999999999
2.0083e-08,0.3100473
2.0085e-08,0.30498159999999996
2.0087e-08,0.2998141
2.0089e-08,0.2945498999999999
2.0091e-08,0.28919360000000005
2.0093e-08,0.28374979999999994
2.0095e-08,0.27822329999999995
2.0097e-08,0.27261840000000004
2.0099e-08,0.2669395
2.0101e-08,0.26119119999999996
2.0103e-08,0.2553774999999999
2.0105e-08,0.24950249999999996
2.0107e-08,0.24357039999999996
2.0109e-08,0.23758520000000005
2.0111e-08,0.23155059999999994
2.0113e-08,0.22547039999999996
2.0115e-08,0.21934849999999995
2.0117e-08,0.2131883
2.0119e-08,0.2069932000000001
2.0121e-08,0.20076680000000002
2.0123e-08,0.19451229999999997
2.0125e-08,0.18823289999999993
2.0127e-08,0.18193170000000003
2.0129e-08,0.17561189999999993
2.0131e-08,0.16927629999999994
2.0133e-08,0.1629276999999999
2.0135e-08,0.1565689
2.0137e-08,0.15020270000000002
2.0139e-08,0.1438315
2.0141e-08,0.13745799999999997
2.0143e-08,0.13108450000000005
2.0145e-08,0.12471340000000009
2.0147e-08,0.11834679999999997
2.0149e-08,0.11198730000000001
2.0151e-08,0.10563659999999997
2.0153e-08,0.09929679999999996
2.0155e-08,0.0929702
2.0157e-08,0.08665829999999997
2.0159e-08,0.08036309999999991
2.0161e-08,0.0740862000000001
2.0163e-08,0.06782949999999999
2.0165e-08,0.061594600000000055
2.0167e-08,0.05538300000000007
2.0169e-08,0.04919619999999991
2.0171e-08,0.04303559999999995
2.0173e-08,0.03690260000000001
2.0175e-08,0.03079849999999995
2.0177e-08,0.024724599999999985
2.0179e-08,0.018681999999999976
2.0181e-08,0.012672000000000017
2.0183e-08,0.006695700000000082
2.0185e-08,0.0007540000000000324
2.0187e-08,-0.005152000000000045
2.0189e-08,-0.0110212999999999
2.0191e-08,-0.016853100000000065
2.0193e-08,-0.02264659999999996
2.0195e-08,-0.02840089999999995
2.0197e-08,-0.034115100000000065
2.01985e-08,-0.03837410000000008
2.02e-08,-0.04261000000000004
2.02002e-08,-0.04317350000000009
2.02006e-08,-0.044301499999999994
2.02014e-08,-0.046562800000000015
2.0203e-08,-0.05109510000000006
2.0205e-08,-0.056748699999999985
2.0207e-08,-0.06235159999999995
2.0209e-08,-0.06786700000000001
2.0211e-08,-0.07326379999999999
2.0213e-08,-0.07851600000000003
2.0215e-08,-0.08360160000000005
2.0217e-08,-0.08850219999999998
2.0219e-08,-0.09320300000000004
2.0221e-08,-0.09769189999999994
2.0223e-08,-0.10195909999999997
2.0225e-08,-0.10599710000000007
2.0227e-08,-0.10980030000000007
2.0229e-08,-0.11336480000000004
2.0231e-08,-0.11668800000000001
2.0233e-08,-0.1197684
2.0235e-08,-0.1226062
2.0237e-08,-0.12520169999999997
2.0239e-08,-0.1275565999999999
2.0241e-08,-0.12967309999999999
2.0243e-08,-0.1315539
2.0245e-08,-0.1332023
2.0247e-08,-0.13462220000000003
2.0249e-08,-0.13581759999999998
2.0251e-08,-0.13679279999999994
2.0253e-08,-0.13755269999999997
2.0255e-08,-0.13810200000000006
2.0257e-08,-0.1384457
2.0259e-08,-0.13858890000000001
2.0261e-08,-0.13853709999999997
2.0263e-08,-0.1382953
2.0265e-08,-0.13786900000000002
2.0267e-08,-0.13726359999999993
2.0269e-08,-0.13648459999999996
2.0271e-08,-0.13553709999999997
2.0273e-08,-0.1344267
2.0275e-08,-0.13315860000000002
2.0277e-08,-0.13173809999999997
2.0279e-08,-0.13017040000000002
2.0281e-08,-0.12846080000000004
2.0283e-08,-0.12661409999999995
2.0285e-08,-0.12463539999999995
2.0287e-08,-0.12252980000000002
2.0289e-08,-0.12030200000000002
2.0291e-08,-0.11795680000000008
2.0293e-08,-0.11549869999999995
2.0295e-08,-0.11293249999999999
2.0297e-08,-0.11026250000000004
2.0299e-08,-0.10749310000000001
2.0301e-08,-0.10462879999999997
2.0303e-08,-0.10167349999999997
2.0305e-08,-0.09863129999999998
2.0307e-08,-0.09550649999999994
2.0309e-08,-0.09230260000000001
2.0311e-08,-0.08902359999999998
2.0313e-08,-0.0856732
2.0315e-08,-0.08225509999999991
2.0317e-08,-0.07877269999999992
2.0319e-08,-0.0752294
2.0321e-08,-0.07162849999999998
2.0323e-08,-0.06797340000000007
2.0325e-08,-0.06426719999999997
2.0327e-08,-0.06051289999999998
2.0329e-08,-0.05671350000000008
2.0331e-08,-0.05287189999999997
2.0333e-08,-0.04899100000000001
2.0335e-08,-0.045073599999999936
2.0337e-08,-0.04112209999999994
2.0339e-08,-0.03713919999999993
2.0341e-08,-0.03312740000000003
2.0343e-08,-0.029089200000000037
2.0345e-08,-0.025026800000000016
2.0347e-08,-0.02094269999999998
2.0349e-08,-0.01683889999999999
2.0351e-08,-0.012717599999999996
2.0353e-08,-0.008580900000000002
2.0355e-08,-0.004430799999999957
2.0357e-08,-0.00026919999999996946
2.0359e-08,0.0039019000000000137
2.0361e-08,0.008080799999999999
2.0363e-08,0.012265699999999935
2.0365e-08,0.016455100000000056
2.0367e-08,0.02064699999999997
2.0369e-08,0.024839999999999973
2.0371e-08,0.029032500000000017
2.0373e-08,0.033223299999999956
2.0375e-08,0.03741060000000007
2.0377e-08,0.0415932
2.0379e-08,0.04576980000000008
2.0381e-08,0.04993900000000007
2.0383e-08,0.05409989999999998
2.0385e-08,0.058250899999999994
2.0387e-08,0.06239110000000003
2.0389e-08,0.06651929999999995
2.0391e-08,0.07063450000000004
2.0393e-08,0.07473570000000007
2.0395e-08,0.07882200000000006
2.0397e-08,0.08289239999999998
2.03985e-08,0.08593419999999996
2.04e-08,0.08897719999999998
2.04002e-08,0.08938429999999997
2.04006e-08,0.0901999
2.04014e-08,0.09183699999999995
2.0403e-08,0.09512360000000009
2.0405e-08,0.09922679999999995
2.0407e-08,0.10328879999999996
2.0409e-08,0.1072746
2.0411e-08,0.11115490000000006
2.0413e-08,0.11490500000000003
2.0415e-08,0.1185039
2.0417e-08,0.12193450000000006
2.0419e-08,0.12518249999999997
2.0421e-08,0.12823629999999997
2.0423e-08,0.1310871
2.0425e-08,0.1337273
2.0427e-08,0.1361521000000001
2.0429e-08,0.1383572999999999
2.0431e-08,0.14034080000000004
2.0433e-08,0.14210129999999999
2.0435e-08,0.14363880000000007
2.0437e-08,0.14495389999999997
2.0439e-08,0.14604810000000001
2.0441e-08,0.14692360000000004
2.0443e-08,0.1475829999999999
2.0445e-08,0.14802990000000005
2.0447e-08,0.1482675
2.0449e-08,0.14830010000000005
2.0451e-08,0.14813189999999998
2.0453e-08,0.1477674
2.0455e-08,0.14721130000000004
2.0457e-08,0.1464685
2.0459e-08,0.14554409999999995
2.0461e-08,0.14444309999999994
2.0463e-08,0.14317060000000004
2.0465e-08,0.14173190000000002
2.0467e-08,0.1401323
2.0469e-08,0.13837679999999997
2.0471e-08,0.1364708
2.0473e-08,0.13441940000000008
2.0475e-08,0.13222790000000006
2.0477e-08,0.12990120000000005
2.0479e-08,0.12744449999999996
2.0481e-08,0.1248627
2.0483e-08,0.12216080000000007
2.0485e-08,0.1193436
2.0487e-08,0.11641579999999996
2.0489e-08,0.11338210000000004
2.0491e-08,0.1102472000000001
2.0493e-08,0.10701539999999998
2.0495e-08,0.1036912000000001
2.0497e-08,0.10027890000000006
2.0499e-08,0.0967827
2.0501e-08,0.09320669999999998
2.0503e-08,0.08955499999999994
2.0505e-08,0.0858314
2.0507e-08,0.0820398
2.0509e-08,0.07818389999999997
2.0511e-08,0.07426739999999998
2.0513e-08,0.0702936999999999
2.0515e-08,0.06626639999999995
2.0517e-08,0.06218860000000004
2.0519e-08,0.0580638
2.0521e-08,0.05389519999999992
2.0523e-08,0.049685699999999944
2.0525e-08,0.04543829999999993
2.0527e-08,0.04115600000000008
2.0529e-08,0.03684149999999997
2.0531e-08,0.03249780000000002
2.0533e-08,0.02812720000000002
2.0535e-08,0.023732399999999987
2.0537e-08,0.019316100000000058
2.0539e-08,0.014880400000000016
2.0541e-08,0.010427699999999929
2.0543e-08,0.005960500000000035
2.0545e-08,0.0014807000000000015
2.0547e-08,-0.0030094999999999983
2.0549e-08,-0.007507999999999959
2.0551e-08,-0.012012899999999993
2.0553e-08,-0.01652219999999993
2.0555e-08,-0.021033999999999997
2.0557e-08,-0.025546700000000033
2.0559e-08,-0.030058499999999988
2.0561e-08,-0.03456770000000009
2.0563e-08,-0.03907280000000002
2.0565e-08,-0.0435721
2.0567e-08,-0.04806429999999995
2.0569e-08,-0.05254780000000003
2.0571e-08,-0.0570214
2.0573e-08,-0.06148360000000008
2.0575e-08,-0.06593320000000003
2.0577e-08,-0.07036900000000001
2.0579e-08,-0.07478980000000002
2.0581e-08,-0.07919459999999989
2.0583e-08,-0.08358209999999999
2.0585e-08,-0.0879513999999999
2.0587e-08,-0.09230149999999993
2.0589e-08,-0.09663129999999998
2.0591e-08,-0.10094019999999992
2.0593e-08,-0.10522699999999996
2.0595e-08,-0.10949110000000006
2.0597e-08,-0.11373169999999999
2.05985e-08,-0.11689609999999995
2.06e-08,-0.1200466
2.06002e-08,-0.12046539999999994
2.06006e-08,-0.12130269999999999
2.06014e-08,-0.12297400000000003
2.0603e-08,-0.12630419999999998
2.0605e-08,-0.13044319999999998
2.0607e-08,-0.13455519999999999
2.0609e-08,-0.13863970000000003
2.0611e-08,-0.14269600000000005
2.0613e-08,-0.14672360000000007
2.0615e-08,-0.15072209999999997
2.0617e-08,-0.15469100000000002
2.0619e-08,-0.15862969999999998
2.0621e-08,-0.1625379
2.0623e-08,-0.1664154
2.0625e-08,-0.1702616
2.0627e-08,-0.17407609999999996
2.0629e-08,-0.17785890000000004
2.0631e-08,-0.18160939999999992
2.0633e-08,-0.1853275000000001
2.0635e-08,-0.1890128000000001
2.0637e-08,-0.19266519999999998
2.0639e-08,-0.19628449999999997
2.0641e-08,-0.19987050000000006
2.0643e-08,-0.20342289999999996
2.0645e-08,-0.2069417
2.0647e-08,-0.21042669999999997
2.0649e-08,-0.2138778
2.0651e-08,-0.2172948
2.0653e-08,-0.22067780000000004
2.0655e-08,-0.22402650000000002
2.0657e-08,-0.22734120000000002
2.0659e-08,-0.23062130000000003
2.0661e-08,-0.2338673
2.0663e-08,-0.23707899999999993
2.0665e-08,-0.24025620000000003
2.0667e-08,-0.24339920000000004
2.0669e-08,-0.2465079
2.0671e-08,-0.24958230000000003
2.0673e-08,-0.25262260000000003
2.0675e-08,-0.25562850000000004
2.0677e-08,-0.25860039999999995
2.0679e-08,-0.2615383
2.0681e-08,-0.26444219999999996
2.0683e-08,-0.26731210000000005
2.0685e-08,-0.27014840000000007
2.0687e-08,-0.27295100000000005
2.0689e-08,-0.27571999999999997
2.0691e-08,-0.2784556
2.0693e-08,-0.28115789999999996
2.0695e-08,-0.2838271
2.0697e-08,-0.2864631000000001
2.0699e-08,-0.28906640000000006
2.0701e-08,-0.2916369
2.0703e-08,-0.2941749
2.0705e-08,-0.2966805
2.0707e-08,-0.2991538
2.0709e-08,-0.30159520000000006
2.0711e-08,-0.30400460000000007
2.0713e-08,-0.30638239999999994
2.0715e-08,-0.30872869999999997
2.0717e-08,-0.31104370000000003
2.0719e-08,-0.31332760000000004
2.0721e-08,-0.3155806
2.0723e-08,-0.31780300000000006
2.0725e-08,-0.3199948
2.0727e-08,-0.3221564
2.0729e-08,-0.32428789999999996
2.0731e-08,-0.32638959999999995
2.0733e-08,-0.32846169999999997
2.0735e-08,-0.3305043999999999
2.0737e-08,-0.33251790000000003
2.0739e-08,-0.3345024
2.0741e-08,-0.3364583000000001
2.0743e-08,-0.33838559999999995
2.0745e-08,-0.3402847
2.0747e-08,-0.3421557999999999
2.0749e-08,-0.3439989
2.0751e-08,-0.34581470000000003
2.0753e-08,-0.34760309999999994
2.0755e-08,-0.3493644
2.0757e-08,-0.35109880000000004
2.0759e-08,-0.3528065
2.0761e-08,-0.354488
2.0763e-08,-0.35614330000000005
2.0765e-08,-0.35777270000000005
2.0767e-08,-0.35937639999999993
2.0769e-08,-0.3609548
2.0771e-08,-0.3625079
2.0773e-08,-0.36403620000000003
2.0775e-08,-0.3655397
2.0777e-08,-0.36701870000000003
2.0779e-08,-0.36847359999999996
2.0781e-08,-0.36990449999999997
2.0783e-08,-0.3713117
2.0785e-08,-0.37269529999999995
2.0787e-08,-0.37405579999999994
2.0789e-08,-0.37539310000000004
2.0791e-08,-0.3767077
2.0793e-08,-0.3779998
2.0795e-08,-0.37926950000000004
2.0797e-08,-0.3805172
2.07985e-08,-0.3814386999999999
2.08e-08,-0.38234789999999996
2.08002e-08,-0.3824681
2.08006e-08,-0.3827081
2.08014e-08,-0.38318549999999996
2.0803e-08,-0.38413010000000003
2.0805e-08,-0.3852919
2.0807e-08,-0.38643269999999996
2.0809e-08,-0.3875529
2.0811e-08,-0.3886526
2.0813e-08,-0.3897322000000001
2.0815e-08,-0.39079169999999996
2.0817e-08,-0.39183139999999994
2.0819e-08,-0.39285159999999997
2.0821e-08,-0.39385250000000005
2.0823e-08,-0.39483440000000003
2.0825e-08,-0.39579719999999996
2.0827e-08,-0.3967416
2.0829e-08,-0.3976674
2.0831e-08,-0.398575
2.0833e-08,-0.3994647
2.0835e-08,-0.4003365000000001
2.0837e-08,-0.4011909
2.0839e-08,-0.4020277
2.0841e-08,-0.4028475
2.0843e-08,-0.4036502999999999
2.0845e-08,-0.4044365
2.0847e-08,-0.40520599999999996
2.0849e-08,-0.4059592000000001
2.0851e-08,-0.40669639999999996
2.0853e-08,-0.4074175
2.0855e-08,-0.408123
2.0857e-08,-0.4088130000000001
2.0859e-08,-0.40948760000000006
2.0861e-08,-0.41014720000000005
2.0863e-08,-0.4107917000000001
2.0865e-08,-0.41142159999999994
2.0867e-08,-0.41203690000000004
2.0869e-08,-0.41263780000000005
2.0871e-08,-0.41322459999999994
2.0873e-08,-0.41379730000000003
2.0875e-08,-0.4143563
2.0877e-08,-0.4149016000000001
2.0879e-08,-0.4154335
2.0881e-08,-0.4159522
2.0883e-08,-0.41645769999999993
2.0885e-08,-0.4169503
2.0887e-08,-0.4174302
2.0889e-08,-0.4178976000000001
2.0891e-08,-0.4183526000000001
2.0893e-08,-0.41879540000000004
2.0895e-08,-0.41922609999999993
2.0897e-08,-0.4196449
2.0899e-08,-0.420052
2.0901e-08,-0.4204475999999999
2.0903e-08,-0.4208318999999999
2.0905e-08,-0.4212049
2.0907e-08,-0.4215668
2.0909e-08,-0.4219178
2.0911e-08,-0.4222581000000001
2.0913e-08,-0.4225877
2.0915e-08,-0.42290700000000003
2.0917e-08,-0.4232159
2.0919e-08,-0.4235147
2.0921e-08,-0.4238035
2.0923e-08,-0.42408250000000003
2.0925e-08,-0.4243517
2.0927e-08,-0.4246114999999999
2.0929e-08,-0.4248617
2.0931e-08,-0.4251027999999999
2.0933e-08,-0.4253348
2.0935e-08,-0.42555770000000004
2.0937e-08,-0.42577180000000003
2.0939e-08,-0.42597719999999994
2.0941e-08,-0.42617399999999994
2.0943e-08,-0.42636229999999997
2.0945e-08,-0.42654230000000004
2.0947e-08,-0.4267141
2.0949e-08,-0.4268778999999999
2.0951e-08,-0.4270338
2.0953e-08,-0.42718180000000006
2.0955e-08,-0.4273222
2.0957e-08,-0.42745500000000003
2.0959e-08,-0.42758039999999997
2.0961e-08,-0.4276983999999999
2.0963e-08,-0.42780929999999995
2.0965e-08,-0.42791310000000005
2.0967e-08,-0.42800990000000005
2.0969e-08,-0.4280999
2.0971e-08,-0.4281832000000001
2.0973e-08,-0.42825979999999997
2.0975e-08,-0.42832990000000004
2.0977e-08,-0.42839359999999993
2.0979e-08,-0.4284511
2.0981e-08,-0.4285023
2.0983e-08,-0.42854749999999997
2.0985e-08,-0.4285867
2.0987e-08,-0.42862
2.0989e-08,-0.4286477000000001
2.0991e-08,-0.4286696
2.0993e-08,-0.42868590000000006
2.0995e-08,-0.4286968
2.0997e-08,-0.42870240000000004
2.09985e-08,-0.4287031
2.1e-08,-0.4287008
2.10002e-08,-0.428701
2.10006e-08,-0.42870300000000006
2.10014e-08,-0.4287168
2.1003e-08,-0.42877220000000005
2.1005e-08,-0.4288659
2.1007e-08,-0.42895130000000004
2.1009e-08,-0.4289944
2.1011e-08,-0.42896690000000004
2.1013e-08,-0.4288445000000001
2.1015e-08,-0.42860719999999997
2.1017e-08,-0.428238
2.1019e-08,-0.42772279999999996
2.1021e-08,-0.42704999999999993
2.1023e-08,-0.42621010000000004
2.1025e-08,-0.42519549999999995
2.1027e-08,-0.42400039999999994
2.1029e-08,-0.42262
2.1031e-08,-0.4210513
2.1033e-08,-0.4192922
2.1035e-08,-0.4173414000000001
2.1037e-08,-0.4151986
2.1039e-08,-0.4128645000000001
2.1041e-08,-0.4103401
2.1043e-08,-0.40762719999999997
2.1045e-08,-0.40472810000000004
2.1047e-08,-0.40164560000000005
2.1049e-08,-0.3983827
2.1051e-08,-0.3949431
2.1053e-08,-0.3913303
2.1055e-08,-0.38754869999999997
2.1057e-08,-0.3836022
2.1059e-08,-0.37949559999999993
2.1061e-08,-0.37523320000000004
2.1063e-08,-0.37081980000000003
2.1065e-08,-0.3662605
2.1067e-08,-0.36155990000000005
2.1069e-08,-0.356723
2.1071e-08,-0.3517549
2.1073e-08,-0.3466606000000001
2.1075e-08,-0.34144510000000006
2.1077e-08,-0.3361134
2.1079e-08,-0.3306705999999999
2.1081e-08,-0.3251216
2.1083e-08,-0.3194713
2.1085e-08,-0.3137246
2.1087e-08,-0.3078864
2.1089e-08,-0.3019613000000001
2.1091e-08,-0.29595419999999995
2.1093e-08,-0.28986960000000006
2.1095e-08,-0.28371199999999996
2.1097e-08,-0.27748610000000007
2.1099e-08,-0.271196
2.1101e-08,-0.264846
2.1103e-08,-0.25844049999999996
2.1105e-08,-0.2519834999999999
2.1107e-08,-0.245479
2.1109e-08,-0.23893089999999995
2.1111e-08,-0.23234300000000008
2.1113e-08,-0.22571910000000006
2.1115e-08,-0.21906289999999995
2.1117e-08,-0.21237780000000006
2.1119e-08,-0.20566720000000005
2.1121e-08,-0.19893459999999996
2.1123e-08,-0.19218310000000005
2.1125e-08,-0.18541589999999997
2.1127e-08,-0.17863610000000008
2.1129e-08,-0.17184660000000007
2.1131e-08,-0.16505040000000004
2.1133e-08,-0.1582502
2.1135e-08,-0.1514487
2.1137e-08,-0.14464850000000007
2.1139e-08,-0.13785199999999997
2.1141e-08,-0.13106189999999995
2.1143e-08,-0.12428039999999996
2.1145e-08,-0.1175098
2.1147e-08,-0.11075219999999997
2.1149e-08,-0.10400980000000004
2.1151e-08,-0.09728460000000005
2.1153e-08,-0.09057860000000006
2.1155e-08,-0.08389360000000001
2.1157e-08,-0.07723150000000001
2.1159e-08,-0.07059389999999999
2.1161e-08,-0.06398269999999995
2.1163e-08,-0.05739930000000004
2.1165e-08,-0.05084539999999993
2.1167e-08,-0.044322299999999926
2.1169e-08,-0.03783140000000007
2.1171e-08,-0.03137420000000002
2.1173e-08,-0.024951900000000027
2.1175e-08,-0.01856570000000002
2.1177e-08,-0.012216800000000028
2.1179e-08,-0.005906399999999978
2.1181e-08,0.0003646999999999956
2.1183e-08,0.006595200000000023
2.1185e-08,0.012784200000000023
2.1187e-08,0.01893100000000003
2.1189e-08,0.02503449999999996
2.1191e-08,0.031094100000000013
2.1193e-08,0.0371089
2.1195e-08,0.04307810000000001
2.1197e-08,0.049001300000000025
2.11985e-08,0.053412900000000096
2.12e-08,0.05780909999999995
2.12002e-08,0.05839519999999998
2.12006e-08,0.05956810000000001
2.12014e-08,0.06191649999999993
2.1203e-08,0.06661150000000005
2.1205e-08,0.07244919999999999
2.1207e-08,0.07821679999999998
2.1209e-08,0.08387990000000001
2.1211e-08,0.08940959999999998
2.1213e-08,0.09478149999999996
2.1215e-08,0.09997520000000004
2.1217e-08,0.10497409999999996
2.1219e-08,0.10976420000000009
2.1221e-08,0.1143345
2.1223e-08,0.11867640000000002
2.1225e-08,0.12278299999999998
2.1227e-08,0.12664980000000003
2.1229e-08,0.13027299999999997
2.1231e-08,0.1336508999999999
2.1233e-08,0.13678239999999997
2.1235e-08,0.13966789999999996
2.1237e-08,0.1423084
2.1239e-08,0.1447058000000001
2.1241e-08,0.1468623
2.1243e-08,0.14878120000000006
2.1245e-08,0.15046570000000004
2.1247e-08,0.1519199
2.1249e-08,0.1531481
2.1251e-08,0.15415450000000008
2.1253e-08,0.15494419999999998
2.1255e-08,0.15552180000000004
2.1257e-08,0.15589260000000005
2.1259e-08,0.15606169999999997
2.1261e-08,0.15603449999999996
2.1263e-08,0.15581620000000007
2.1265e-08,0.15541229999999995
2.1267e-08,0.15482799999999997
2.1269e-08,0.15406890000000006
2.1271e-08,0.1531403
2.1273e-08,0.1520475
2.1275e-08,0.15079589999999998
2.1277e-08,0.14939080000000005
2.1279e-08,0.1478372
2.1281e-08,0.14614059999999995
2.1283e-08,0.1443057000000001
2.1285e-08,0.1423376999999999
2.1287e-08,0.14024140000000007
2.1289e-08,0.13802170000000002
2.1291e-08,0.1356834
2.1293e-08,0.133231
2.1295e-08,0.13066909999999998
2.1297e-08,0.1280023
2.1299e-08,0.12523489999999993
2.1301e-08,0.12237100000000001
2.1303e-08,0.11941500000000005
2.1305e-08,0.1163708
2.1307e-08,0.11324260000000008
2.1309e-08,0.11003419999999997
2.1311e-08,0.10674919999999999
2.1313e-08,0.10339159999999992
2.1315e-08,0.09996490000000002
2.1317e-08,0.09647249999999996
2.1319e-08,0.09291800000000006
2.1321e-08,0.08930460000000007
2.1323e-08,0.08563569999999998
2.1325e-08,0.0819143
2.1327e-08,0.07814359999999998
2.1329e-08,0.07432649999999996
2.1331e-08,0.07046590000000008
2.1333e-08,0.06656470000000003
2.1335e-08,0.06262560000000006
2.1337e-08,0.05865129999999996
2.1339e-08,0.05464430000000009
2.1341e-08,0.050607100000000016
2.1343e-08,0.046542300000000036
2.1345e-08,0.04245220000000005
2.1347e-08,0.03833900000000001
2.1349e-08,0.03420500000000004
2.1351e-08,0.030052300000000032
2.1353e-08,0.02588299999999999
2.1355e-08,0.02169919999999992
2.1357e-08,0.01750279999999993
2.1359e-08,0.013295599999999963
2.1361e-08,0.009079599999999965
2.1363e-08,0.004856399999999983
2.1365e-08,0.0006279000000000146
2.1367e-08,-0.003604399999999952
2.1369e-08,-0.007838799999999924
2.1371e-08,-0.012073800000000023
2.1373e-08,-0.016307900000000042
2.1375e-08,-0.02053970000000005
2.1377e-08,-0.02476770000000006
2.1379e-08,-0.028990700000000036
2.1381e-08,-0.03320719999999999
2.1383e-08,-0.03741620000000001
2.1385e-08,-0.0416164
2.1387e-08,-0.04580660000000003
2.1389e-08,-0.04998569999999991
2.1391e-08,-0.05415269999999994
2.1393e-08,-0.05830650000000004
2.1395e-08,-0.06244609999999995
2.1397e-08,-0.06657069999999998
2.13985e-08,-0.06965359999999998
2.14e-08,-0.07272719999999999
2.14002e-08,-0.07313619999999998
2.14006e-08,-0.07395380000000007
2.14014e-08,-0.07558699999999996
2.1403e-08,-0.07884460000000004
2.1405e-08,-0.08289989999999992
2.1407e-08,-0.0869359999999999
2.1409e-08,-0.09095209999999998
2.1411e-08,-0.09494730000000007
2.1413e-08,-0.09892120000000004
2.1415e-08,-0.10287310000000005
2.1417e-08,-0.10680230000000002
2.1419e-08,-0.11070819999999992
2.1421e-08,-0.11459030000000003
2.1423e-08,-0.1184482
2.1425e-08,-0.12228130000000004
2.1427e-08,-0.12608909999999995
2.1429e-08,-0.1298710999999999
2.1431e-08,-0.1336271
2.1433e-08,-0.13735639999999993
2.1435e-08,-0.14105880000000004
2.1437e-08,-0.14473389999999997
2.1439e-08,-0.14838150000000006
2.1441e-08,-0.1520011
2.1443e-08,-0.15559239999999996
2.1445e-08,-0.1591553
2.1447e-08,-0.1626896
2.1449e-08,-0.16619469999999992
2.1451e-08,-0.16967070000000006
2.1453e-08,-0.17311729999999992
2.1455e-08,-0.17653430000000003
2.1457e-08,-0.17992160000000001
2.1459e-08,-0.18327900000000008
2.1461e-08,-0.18660640000000006
2.1463e-08,-0.18990359999999995
2.1465e-08,-0.19317059999999997
2.1467e-08,-0.1964072
2.1469e-08,-0.1996133
2.1471e-08,-0.20278910000000006
2.1473e-08,-0.20593419999999996
2.1475e-08,-0.20904889999999998
2.1477e-08,-0.2121328
2.1479e-08,-0.21518610000000005
2.1481e-08,-0.21820879999999998
2.1483e-08,-0.22120089999999992
2.1485e-08,-0.22416230000000004
2.1487e-08,-0.22709310000000005
2.1489e-08,-0.22999329999999996
2.1491e-08,-0.23286300000000004
2.1493e-08,-0.23570219999999997
2.1495e-08,-0.23851090000000008
2.1497e-08,-0.2412894
2.1499e-08,-0.24403740000000007
2.1501e-08,-0.2467553
2.1503e-08,-0.24944309999999992
2.1505e-08,-0.2521008
2.1507e-08,-0.25472859999999997
2.1509e-08,-0.25732639999999996
2.1511e-08,-0.2598946999999999
2.1513e-08,-0.2624333
2.1515e-08,-0.26494249999999997
2.1517e-08,-0.2674223
2.1519e-08,-0.2698729999999999
2.1521e-08,-0.27229440000000005
2.1523e-08,-0.27468709999999996
2.1525e-08,-0.27705079999999993
2.1527e-08,-0.279386
2.1529e-08,-0.2816927
2.1531e-08,-0.28397110000000003
2.1533e-08,-0.2862212999999999
2.1535e-08,-0.2884435000000001
2.1537e-08,-0.29063800000000006
2.1539e-08,-0.2928048
2.1541e-08,-0.294944
2.1543e-08,-0.29705609999999993
2.1545e-08,-0.299141
2.1547e-08,-0.301199
2.1549e-08,-0.30323030000000006
2.1551e-08,-0.30523500000000003
2.1553e-08,-0.3072133
2.1555e-08,-0.3091655
2.1557e-08,-0.31109169999999997
2.1559e-08,-0.3129921
2.1561e-08,-0.31486689999999995
2.1563e-08,-0.3167164
2.1565e-08,-0.31854060000000006
2.1567e-08,-0.3203399
2.1569e-08,-0.3221144
2.1571e-08,-0.3238643
2.1573e-08,-0.3255899
2.1575e-08,-0.3272912
2.1577e-08,-0.32896860000000006
2.1579e-08,-0.3306222
2.1581e-08,-0.3322524
2.1583e-08,-0.333859
2.1585e-08,-0.33544260000000004
2.1587e-08,-0.33700319999999995
2.1589e-08,-0.3385412000000001
2.1591e-08,-0.34005660000000004
2.1593e-08,-0.3415496
2.1595e-08,-0.3430206
2.1597e-08,-0.3444697000000001
2.15985e-08,-0.3455422
2.16e-08,-0.3466026
2.16002e-08,-0.346743
2.16006e-08,-0.34702330000000003
2.16014e-08,-0.34758139999999993
2.1603e-08,-0.3486872999999999
2.1605e-08,-0.35005089999999994
2.1607e-08,-0.3513935
2.1609e-08,-0.35271549999999996
2.1611e-08,-0.3540171
2.1613e-08,-0.3552984
2.1615e-08,-0.3565596
2.1617e-08,-0.3578009
2.1619e-08,-0.35902270000000003
2.1621e-08,-0.3602251000000001
2.1623e-08,-0.3614081
2.1625e-08,-0.3625722
2.1627e-08,-0.3637173
2.1629e-08,-0.36484380000000005
2.1631e-08,-0.36595199999999994
2.1633e-08,-0.3670418000000001
2.1635e-08,-0.36811360000000004
2.1637e-08,-0.3691675
2.1639e-08,-0.3702038000000001
2.1641e-08,-0.3712227
2.1643e-08,-0.3722242
2.1645e-08,-0.37320869999999995
2.1647e-08,-0.3741763
2.1649e-08,-0.37512709999999994
2.1651e-08,-0.37606150000000005
2.1653e-08,-0.3769796000000001
2.1655e-08,-0.3778815
2.1657e-08,-0.37876730000000003
2.1659e-08,-0.37963749999999996
2.1661e-08,-0.3804921
2.1663e-08,-0.38133129999999993
2.1665e-08,-0.38215520000000003
2.1667e-08,-0.38296399999999997
2.1669e-08,-0.38375799999999993
2.1671e-08,-0.38453740000000003
2.1673e-08,-0.38530219999999993
2.1675e-08,-0.38605259999999997
2.1677e-08,-0.38678879999999993
2.1679e-08,-0.3875111
2.1681e-08,-0.3882194
2.1683e-08,-0.3889142
2.1685e-08,-0.38959540000000004
2.1687e-08,-0.39026340000000004
2.1689e-08,-0.39091809999999994
2.1691e-08,-0.3915598
2.1693e-08,-0.39218869999999995
2.1695e-08,-0.3928048999999999
2.1697e-08,-0.3934086
2.1699e-08,-0.39399989999999996
2.1701e-08,-0.394579
2.1703e-08,-0.39514610000000006
2.1705e-08,-0.3957012
2.1707e-08,-0.39624460000000006
2.1709e-08,-0.39677640000000003
2.1711e-08,-0.3972967999999999
2.1713e-08,-0.3978058
2.1715e-08,-0.3983038
2.1717e-08,-0.3987908
2.1719e-08,-0.3992667
2.1721e-08,-0.39973210000000003
2.1723e-08,-0.4001869
2.1725e-08,-0.4006312999999999
2.1727e-08,-0.40106529999999996
2.1729e-08,-0.4014892
2.1731e-08,-0.40190309999999996
2.1733e-08,-0.40230710000000003
2.1735e-08,-0.40270130000000004
2.1737e-08,-0.40308599999999994
2.1739e-08,-0.40346119999999996
2.1741e-08,-0.40382699999999994
2.1743e-08,-0.40418370000000003
2.1745e-08,-0.4045312000000001
2.1747e-08,-0.40486979999999995
2.1749e-08,-0.4051994
2.1751e-08,-0.40552050000000006
2.1753e-08,-0.40583290000000005
2.1755e-08,-0.4061368000000001
2.1757e-08,-0.4064325
2.1759e-08,-0.40671979999999996
2.1761e-08,-0.40699909999999995
2.1763e-08,-0.4072703999999999
2.1765e-08,-0.40753379999999995
2.1767e-08,-0.40778939999999997
2.1769e-08,-0.40803729999999994
2.1771e-08,-0.4082778
2.1773e-08,-0.40851080000000006
2.1775e-08,-0.40873649999999995
2.1777e-08,-0.4089551
2.1779e-08,-0.4091665
2.1781e-08,-0.40937080000000003
2.1783e-08,-0.4095683
2.1785e-08,-0.40975910000000004
2.1787e-08,-0.40994320000000006
2.1789e-08,-0.4101207
2.1791e-08,-0.41029170000000004
2.1793e-08,-0.4104563
2.1795e-08,-0.4106147
2.1797e-08,-0.41076689999999993
2.17985e-08,-0.41087700000000005
2.18e-08,-0.4109948
2.18002e-08,-0.4110125
2.18006e-08,-0.4110494
2.18014e-08,-0.4111306
2.1803e-08,-0.4113124
2.1805e-08,-0.4115495
2.1807e-08,-0.41176389999999996
2.1809e-08,-0.41192380000000006
2.1811e-08,-0.41200210000000004
2.1813e-08,-0.4119761999999999
2.1815e-08,-0.4118269
2.1817e-08,-0.4115382999999999
2.1819e-08,-0.41109720000000005
2.1821e-08,-0.410493
2.1823e-08,-0.40971669999999993
2.1825e-08,-0.4087615
2.1827e-08,-0.40762200000000004
2.1829e-08,-0.40629420000000005
2.1831e-08,-0.4047754
2.1833e-08,-0.4030638999999999
2.1835e-08,-0.40115899999999993
2.1837e-08,-0.39906070000000005
2.1839e-08,-0.39677000000000007
2.1841e-08,-0.39428830000000004
2.1843e-08,-0.39161769999999996
2.1845e-08,-0.3887607999999999
2.1847e-08,-0.38572039999999996
2.1849e-08,-0.38249999999999995
2.1851e-08,-0.3791034
2.1853e-08,-0.37553439999999993
2.1855e-08,-0.3717973
2.1857e-08,-0.36789630000000006
2.1859e-08,-0.3638363
2.1861e-08,-0.3596218
2.1863e-08,-0.35525760000000006
2.1865e-08,-0.35074890000000003
2.1867e-08,-0.3461004000000001
2.1869e-08,-0.34131710000000004
2.1871e-08,-0.33640419999999993
2.1873e-08,-0.3313668000000001
2.1875e-08,-0.3262098
2.1877e-08,-0.32093819999999995
2.1879e-08,-0.31555730000000004
2.1881e-08,-0.31007170000000006
2.1883e-08,-0.3044867
2.1885e-08,-0.2988069
2.1887e-08,-0.2930372
2.1889e-08,-0.28718239999999995
2.1891e-08,-0.28124709999999997
2.1893e-08,-0.2752359
2.1895e-08,-0.26915330000000004
2.1897e-08,-0.26300389999999996
2.1899e-08,-0.25679170000000007
2.1901e-08,-0.25052129999999995
2.1903e-08,-0.24419669999999993
2.1905e-08,-0.23782189999999992
2.1907e-08,-0.23140110000000003
2.1909e-08,-0.22493790000000002
2.1911e-08,-0.21843619999999997
2.1913e-08,-0.21189959999999997
2.1915e-08,-0.2053317
2.1917e-08,-0.19873620000000003
2.1919e-08,-0.19211630000000002
2.1921e-08,-0.18547519999999995
2.1923e-08,-0.1788164
2.1925e-08,-0.17214260000000003
2.1927e-08,-0.16545719999999997
2.1929e-08,-0.15876289999999993
2.1931e-08,-0.15206259999999994
2.1933e-08,-0.14535890000000007
2.1935e-08,-0.13865470000000002
2.1937e-08,-0.13195230000000002
2.1939e-08,-0.12525430000000004
2.1941e-08,-0.11856319999999998
2.1943e-08,-0.11188110000000007
2.1945e-08,-0.10521040000000004
2.1947e-08,-0.09855309999999995
2.1949e-08,-0.09191139999999998
2.1951e-08,-0.08528720000000001
2.1953e-08,-0.07868249999999999
2.1955e-08,-0.07209900000000002
2.1957e-08,-0.06553849999999994
2.1959e-08,-0.05900289999999997
2.1961e-08,-0.052493699999999976
2.1963e-08,-0.04601239999999995
2.1965e-08,-0.0395605
2.1967e-08,-0.033139699999999994
2.1969e-08,-0.02675100000000008
2.1971e-08,-0.020395900000000022
2.1973e-08,-0.014075699999999913
2.1975e-08,-0.007791400000000004
2.1977e-08,-0.0015444000000000013
2.1979e-08,0.004664299999999955
2.1981e-08,0.010833800000000005
2.1983e-08,0.01696299999999995
2.1985e-08,0.023050900000000096
2.1987e-08,0.029096800000000034
2.1989e-08,0.035099800000000014
2.1991e-08,0.041059100000000015
2.1993e-08,0.04697390000000001
2.1995e-08,0.05284350000000004
2.1997e-08,0.058667399999999925
2.19985e-08,0.06300490000000003
2.2e-08,0.06731589999999998
2.20002e-08,0.06788850000000002
2.20006e-08,0.06903270000000006
2.20014e-08,0.07131539999999992
2.2003e-08,0.07585780000000009
2.2005e-08,0.08149259999999992
2.2007e-08,0.08707889999999996
2.2009e-08,0.09261640000000004
2.2011e-08,0.09810450000000004
2.2013e-08,0.1035429
2.2015e-08,0.1089312
2.2017e-08,0.11426920000000007
2.2019e-08,0.11955670000000007
2.2021e-08,0.12479319999999994
2.2023e-08,0.1299789
2.2025e-08,0.13511309999999999
2.2027e-08,0.14019610000000005
2.2029e-08,0.1452274
2.2031e-08,0.15020719999999999
2.2033e-08,0.15513509999999997
2.2035e-08,0.16001129999999997
2.2037e-08,0.16483570000000003
2.2039e-08,0.16960810000000004
2.2041e-08,0.1743287
2.2043e-08,0.17899740000000008
2.2045e-08,0.1836143
2.2047e-08,0.18817950000000006
2.2049e-08,0.1926928
2.2051e-08,0.19715460000000007
2.2053e-08,0.201565
2.2055e-08,0.20592389999999994
2.2057e-08,0.21023139999999996
2.2059e-08,0.21448789999999995
2.2061e-08,0.21869339999999993
2.2063e-08,0.2228481
2.2065e-08,0.2269523
2.2067e-08,0.23100600000000004
2.2069e-08,0.23500949999999998
2.2071e-08,0.23896300000000004
2.2073e-08,0.24286679999999994
2.2075e-08,0.24672090000000002
2.2077e-08,0.25052589999999997
2.2079e-08,0.2542818
2.2081e-08,0.257989
2.2083e-08,0.2616476
2.2085e-08,0.26525810000000005
2.2087e-08,0.2688207
2.2089e-08,0.2723356
2.2091e-08,0.2758032
2.2093e-08,0.2792238
2.2095e-08,0.2825976
2.2097e-08,0.28592509999999993
2.2099e-08,0.28920650000000003
2.2101e-08,0.2924422
2.2103e-08,0.2956324
2.2105e-08,0.2987776
2.2107e-08,0.30187810000000004
2.2109e-08,0.3049341
2.2111e-08,0.30794619999999995
2.2113e-08,0.3109145000000001
2.2115e-08,0.3138394
2.2117e-08,0.3167215
2.2119e-08,0.3195608000000001
2.2121e-08,0.3223579
2.2123e-08,0.32511310000000004
2.2125e-08,0.3278268
2.2127e-08,0.3304994
2.2129e-08,0.33313100000000007
2.2131e-08,0.3357222999999999
2.2133e-08,0.33827340000000006
2.2135e-08,0.34078489999999995
2.2137e-08,0.34325700000000003
2.2139e-08,0.3456903
2.2141e-08,0.3480848999999999
2.2143e-08,0.35044129999999996
2.2145e-08,0.35275980000000007
2.2147e-08,0.3550409000000001
2.2149e-08,0.35728479999999996
2.2151e-08,0.3594921
2.2153e-08,0.3616629
2.2155e-08,0.36379780000000006
2.2157e-08,0.3658969999999999
2.2159e-08,0.367961
2.2161e-08,0.36999020000000005
2.2163e-08,0.37198470000000006
2.2165e-08,0.37394510000000003
2.2167e-08,0.3758718
2.2169e-08,0.377765
2.2171e-08,0.3796252
2.2173e-08,0.3814525999999999
2.2175e-08,0.38324769999999997
2.2177e-08,0.3850108
2.2179e-08,0.3867423
2.2181e-08,0.3884424999999999
2.2183e-08,0.39011189999999996
2.2185e-08,0.39175059999999995
2.2187e-08,0.3933591000000001
2.2189e-08,0.39493769999999995
2.2191e-08,0.39648669999999997
2.2193e-08,0.3980066
2.2195e-08,0.39949770000000007
2.2197e-08,0.4009602
2.21985e-08,0.4020385999999999
2.22e-08,0.4031013
2.22002e-08,0.4032424
2.22006e-08,0.4035257
2.22014e-08,0.4040996
2.2203e-08,0.4052644999999999
2.2205e-08,0.40672510000000006
2.2207e-08,0.4081559
2.2209e-08,0.40952330000000003
2.2211e-08,0.4107991999999999
2.2213e-08,0.4119602
2.2215e-08,0.41298670000000004
2.2217e-08,0.4138619
2.2219e-08,0.4145725
2.2221e-08,0.4151072
2.2223e-08,0.4154571
2.2225e-08,0.41561479999999995
2.2227e-08,0.4155749000000001
2.2229e-08,0.4153333
2.2231e-08,0.4148868
2.2233e-08,0.4142338
2.2235e-08,0.41337330000000005
2.2237e-08,0.4123053000000001
2.2239e-08,0.41103049999999997
2.2241e-08,0.4095502000000001
2.2243e-08,0.40786639999999996
2.2245e-08,0.40598139999999994
2.2247e-08,0.4038982
2.2249e-08,0.40161990000000003
2.2251e-08,0.39915030000000007
2.2253e-08,0.3964930000000001
2.2255e-08,0.39365229999999996
2.2257e-08,0.39063229999999993
2.2259e-08,0.38743779999999994
2.2261e-08,0.38407310000000006
2.2263e-08,0.3805431
2.2265e-08,0.3768528
2.2267e-08,0.3730068999999999
2.2269e-08,0.3690104999999999
2.2271e-08,0.3648686
2.2273e-08,0.36058619999999997
2.2275e-08,0.35616840000000005
2.2277e-08,0.35162019999999994
2.2279e-08,0.34694669999999994
2.2281e-08,0.34215280000000003
2.2283e-08,0.33724339999999997
2.2285e-08,0.33222360000000006
2.2287e-08,0.32709810000000006
2.2289e-08,0.3218719
2.2291e-08,0.31654950000000004
2.2293e-08,0.3111357
2.2295e-08,0.305635
2.2297e-08,0.30005210000000004
2.2299e-08,0.2943913
2.2301e-08,0.2886569
2.2303e-08,0.2828532
2.2305e-08,0.27698449999999997
2.2307e-08,0.2710549
2.2309e-08,0.2650682
2.2311e-08,0.2590285
2.2313e-08,0.2529395
2.2315e-08,0.2468049
2.2317e-08,0.24062850000000002
2.2319e-08,0.23441370000000006
2.2321e-08,0.22816400000000003
2.2323e-08,0.22188279999999994
2.2325e-08,0.21557340000000003
2.2327e-08,0.2092387
2.2329e-08,0.2028821999999999
2.2331e-08,0.19650650000000003
2.2333e-08,0.19011489999999998
2.2335e-08,0.18370989999999998
2.2337e-08,0.17729450000000002
2.2339e-08,0.17087109999999994
2.2341e-08,0.16444250000000005
2.2343e-08,0.15801110000000007
2.2345e-08,0.15157920000000003
2.2347e-08,0.14514930000000004
2.2349e-08,0.1387235
2.2351e-08,0.13230419999999998
2.2353e-08,0.12589320000000004
2.2355e-08,0.11949290000000001
2.2357e-08,0.11310500000000001
2.2359e-08,0.10673139999999992
2.2361e-08,0.10037399999999996
2.2363e-08,0.09403439999999996
2.2365e-08,0.08771450000000003
2.2367e-08,0.08141569999999998
2.2369e-08,0.07513979999999998
2.2371e-08,0.06888810000000001
2.2373e-08,0.0626622
2.2375e-08,0.056463299999999994
2.2377e-08,0.050292799999999915
2.2379e-08,0.04415199999999997
2.2381e-08,0.03804209999999997
2.2383e-08,0.03196410000000005
2.2385e-08,0.02591929999999998
2.2387e-08,0.0199087
2.2389e-08,0.013933300000000037
2.2391e-08,0.007993999999999946
2.2393e-08,0.0020917000000000296
2.2395e-08,-0.003772599999999904
2.2397e-08,-0.009598100000000054
2.23985e-08,-0.013941500000000051
2.24e-08,-0.018262200000000006
2.24002e-08,-0.018836400000000086
2.24006e-08,-0.019984000000000002
2.24014e-08,-0.022274100000000074
2.2403e-08,-0.02683469999999999
2.2405e-08,-0.03249789999999997
2.2407e-08,-0.03811909999999996
2.2409e-08,-0.04369729999999994
2.2411e-08,-0.04923220000000006
2.2413e-08,-0.05472339999999998
2.2415e-08,-0.060170100000000004
2.2417e-08,-0.06557210000000002
2.2419e-08,-0.07092890000000007
2.2421e-08,-0.07624009999999992
2.2423e-08,-0.08150550000000001
2.2425e-08,-0.08672460000000004
2.2427e-08,-0.09189720000000001
2.2429e-08,-0.09702290000000002
2.2431e-08,-0.10210180000000002
2.2433e-08,-0.10713319999999993
2.2435e-08,-0.11211729999999998
2.2437e-08,-0.11705379999999999
2.2439e-08,-0.12194249999999995
2.2441e-08,-0.1267834
2.2443e-08,-0.13157629999999998
2.2445e-08,-0.13632110000000008
2.2447e-08,-0.14101779999999997
2.2449e-08,-0.14566639999999997
2.2451e-08,-0.15026680000000003
2.2453e-08,-0.1548191
2.2455e-08,-0.1593232
2.2457e-08,-0.1637792
2.2459e-08,-0.16818699999999998
2.2461e-08,-0.17254690000000006
2.2463e-08,-0.17685870000000004
2.2465e-08,-0.18112279999999992
2.2467e-08,-0.1853391000000001
2.2469e-08,-0.1895078
2.2471e-08,-0.1936289
2.2473e-08,-0.19770259999999995
2.2475e-08,-0.2017293
2.2477e-08,-0.20570880000000002
2.2479e-08,-0.20964139999999998
2.2481e-08,-0.21352729999999998
2.2483e-08,-0.21736679999999997
2.2485e-08,-0.22115989999999996
2.2487e-08,-0.22490710000000003
2.2489e-08,-0.2286083
2.2491e-08,-0.23226389999999997
2.2493e-08,-0.23587409999999998
2.2495e-08,-0.23943910000000002
2.2497e-08,-0.2429593000000001
2.2499e-08,-0.24643480000000006
2.2501e-08,-0.24986589999999997
2.2503e-08,-0.2532529
2.2505e-08,-0.25659600000000005
2.2507e-08,-0.2598956
2.2509e-08,-0.26315199999999994
2.2511e-08,-0.2663653
2.2513e-08,-0.26953610000000006
2.2515e-08,-0.27266429999999997
2.2517e-08,-0.2757505
2.2519e-08,-0.2787949999999999
2.2521e-08,-0.28179790000000005
2.2523e-08,-0.28475970000000006
2.2525e-08,-0.2876807
2.2527e-08,-0.2905610999999999
2.2529e-08,-0.2934013000000001
2.2531e-08,-0.29620159999999995
2.2533e-08,-0.2989625
2.2535e-08,-0.30168399999999995
2.2537e-08,-0.3043667
2.2539e-08,-0.3070107999999999
2.2541e-08,-0.3096166
2.2543e-08,-0.3121845999999999
2.2545e-08,-0.3147149
2.2547e-08,-0.3172081
2.2549e-08,-0.3196643
2.2551e-08,-0.32208400000000004
2.2553e-08,-0.3244676000000001
2.2555e-08,-0.3268150000000001
2.2557e-08,-0.3291271
2.2559e-08,-0.3314039
2.2561e-08,-0.3336458
2.2563e-08,-0.3358532000000001
2.2565e-08,-0.33802639999999995
2.2567e-08,-0.3401657
2.2569e-08,-0.3422714
2.2571e-08,-0.3443440000000001
2.2573e-08,-0.3463838
2.2575e-08,-0.348391
2.2577e-08,-0.3503659
2.2579e-08,-0.35230910000000004
2.2581e-08,-0.35422070000000005
2.2583e-08,-0.35610110000000006
2.2585e-08,-0.3579506
2.2587e-08,-0.3597696
2.2589e-08,-0.36155839999999995
2.2591e-08,-0.3633172
2.2593e-08,-0.3650466
2.2595e-08,-0.3667467
2.2597e-08,-0.3684178
2.25985e-08,-0.36965229999999993
2.26e-08,-0.37088199999999993
2.26002e-08,-0.37104690000000007
2.26006e-08,-0.3713776
2.26014e-08,-0.3720441
2.2603e-08,-0.37338569999999993
2.2605e-08,-0.37505299999999997
2.2607e-08,-0.376676
2.2609e-08,-0.37822290000000003
2.2611e-08,-0.37966730000000004
2.2613e-08,-0.3809867
2.2615e-08,-0.3821622
2.2617e-08,-0.3831787
2.2619e-08,-0.38402289999999994
2.2621e-08,-0.38468480000000005
2.2623e-08,-0.38515580000000005
2.2625e-08,-0.38542940000000003
2.2627e-08,-0.3855006000000001
2.2629e-08,-0.3853658000000001
2.2631e-08,-0.3850226
2.2633e-08,-0.3844697
2.2635e-08,-0.38370650000000006
2.2637e-08,-0.3827336
2.2639e-08,-0.381552
2.2641e-08,-0.38016359999999993
2.2643e-08,-0.3785704
2.2645e-08,-0.3767754
2.2647e-08,-0.37478160000000005
2.2649e-08,-0.37259280000000006
2.2651e-08,-0.37021250000000006
2.2653e-08,-0.36764509999999995
2.2655e-08,-0.3648948999999999
2.2657e-08,-0.3619662
2.2659e-08,-0.3588639
2.2661e-08,-0.35559280000000004
2.2663e-08,-0.3521577
2.2665e-08,-0.34856370000000003
2.2667e-08,-0.3448158
2.2669e-08,-0.34091910000000003
2.2671e-08,-0.3368787000000001
2.2673e-08,-0.33269970000000004
2.2675e-08,-0.3283872
2.2677e-08,-0.3239465
2.2679e-08,-0.3193825
2.2681e-08,-0.31470010000000004
2.2683e-08,-0.3099044999999999
2.2685e-08,-0.30500040000000006
2.2687e-08,-0.29999299999999995
2.2689e-08,-0.29488689999999995
2.2691e-08,-0.28968669999999996
2.2693e-08,-0.2843974
2.2695e-08,-0.2790232
2.2697e-08,-0.27356880000000006
2.2699e-08,-0.2680386
2.2701e-08,-0.2624369
2.2703e-08,-0.2567678
2.2705e-08,-0.2510355999999999
2.2707e-08,-0.24524439999999992
2.2709e-08,-0.239398
2.2711e-08,-0.23350020000000005
2.2713e-08,-0.22755499999999995
2.2715e-08,-0.22156589999999998
2.2717e-08,-0.21553650000000002
2.2719e-08,-0.2094703
2.2721e-08,-0.20337080000000007
2.2723e-08,-0.19724110000000006
2.2725e-08,-0.1910845
2.2727e-08,-0.18490419999999996
2.2729e-08,-0.17870299999999995
2.2731e-08,-0.17248410000000003
2.2733e-08,-0.16625020000000001
2.2735e-08,-0.16000409999999998
2.2737e-08,-0.1537485999999999
2.2739e-08,-0.147486
2.2741e-08,-0.14121899999999998
2.2743e-08,-0.13495020000000002
2.2745e-08,-0.12868159999999995
2.2747e-08,-0.12241570000000002
2.2749e-08,-0.11615470000000006
2.2751e-08,-0.10990060000000001
2.2753e-08,-0.10365550000000001
2.2755e-08,-0.09742130000000004
2.2757e-08,-0.0912001
2.2759e-08,-0.0849936
2.2761e-08,-0.07880359999999997
2.2763e-08,-0.07263180000000002
2.2765e-08,-0.06647979999999998
2.2767e-08,-0.060349100000000044
2.2769e-08,-0.054241399999999995
2.2771e-08,-0.04815809999999998
2.2773e-08,-0.042100499999999985
2.2775e-08,-0.03606989999999999
2.2777e-08,-0.030067799999999978
2.2779e-08,-0.024095100000000036
2.2781e-08,-0.01815320000000009
2.2783e-08,-0.01224320000000001
2.2785e-08,-0.006366100000000041
2.2787e-08,-0.0005228999999999928
2.2789e-08,0.005285299999999937
2.2791e-08,0.011057800000000007
2.2793e-08,0.016793599999999964
2.2795e-08,0.022491700000000003
2.2797e-08,0.028151599999999943
2.27985e-08,0.03237100000000004
2.28e-08,0.03656809999999999
2.28002e-08,0.03712579999999999
2.28006e-08,0.03824040000000006
2.28014e-08,0.04046479999999997
2.2803e-08,0.04489399999999999
2.2805e-08,0.05039349999999998
2.2807e-08,0.055851399999999995
2.2809e-08,0.06126710000000002
2.2811e-08,0.06664000000000003
2.2813e-08,0.07196979999999997
2.2815e-08,0.07725590000000004
2.2817e-08,0.08249790000000001
2.2819e-08,0.08769549999999993
2.2821e-08,0.09284809999999999
2.2823e-08,0.09795559999999992
2.2825e-08,0.10301760000000004
2.2827e-08,0.10803390000000002
2.2829e-08,0.1130042
2.2831e-08,0.11792820000000004
2.2833e-08,0.12280590000000002
2.2835e-08,0.12763690000000005
2.2837e-08,0.13242120000000002
2.2839e-08,0.1371585999999999
2.2841e-08,0.141849
2.2843e-08,0.14649230000000002
2.2845e-08,0.15108860000000002
2.2847e-08,0.15563760000000004
2.2849e-08,0.1601393000000001
2.2851e-08,0.1645938
2.2853e-08,0.16900119999999996
2.2855e-08,0.17336129999999994
2.2857e-08,0.17767409999999995
2.2859e-08,0.18194
2.2861e-08,0.18615879999999996
2.2863e-08,0.19033049999999996
2.2865e-08,0.19445539999999994
2.2867e-08,0.19853359999999998
2.2869e-08,0.202565
2.2871e-08,0.20655
2.2873e-08,0.21048860000000003
2.2875e-08,0.21438100000000004
2.2877e-08,0.21822739999999996
2.2879e-08,0.22202790000000006
2.2881e-08,0.2257827
2.2883e-08,0.22949199999999992
2.2885e-08,0.23315609999999998
2.2887e-08,0.23677510000000002
2.2889e-08,0.24034919999999993
2.2891e-08,0.2438786999999999
2.2893e-08,0.24736380000000002
2.2895e-08,0.25080480000000005
2.2897e-08,0.2542019000000001
2.2899e-08,0.2575554
2.2901e-08,0.26086560000000003
2.2903e-08,0.2641325
2.2905e-08,0.2673567
2.2907e-08,0.2705382999999999
2.2909e-08,0.2736776999999999
2.2911e-08,0.27677510000000005
2.2913e-08,0.27983080000000005
2.2915e-08,0.28284509999999996
2.2917e-08,0.2858183999999999
2.2919e-08,0.2887508
2.2921e-08,0.29164270000000003
2.2923e-08,0.29449460000000005
2.2925e-08,0.29730650000000003
2.2927e-08,0.3000788
2.2929e-08,0.30281199999999997
2.2931e-08,0.30550620000000006
2.2933e-08,0.30816179999999993
2.2935e-08,0.3107793
2.2937e-08,0.3133587000000001
2.2939e-08,0.31590039999999997
2.2941e-08,0.31840500000000005
2.2943e-08,0.3208725
2.2945e-08,0.32330349999999997
2.2947e-08,0.3256981
2.2949e-08,0.32805680000000004
2.2951e-08,0.3303797999999999
2.2953e-08,0.3326675
2.2955e-08,0.3349202
2.2957e-08,0.33713819999999994
2.2959e-08,0.33932209999999996
2.2961e-08,0.3414718
2.2963e-08,0.34358789999999995
2.2965e-08,0.34567079999999994
2.2967e-08,0.3477205
2.2969e-08,0.34973769999999993
2.2971e-08,0.35172249999999994
2.2973e-08,0.3536754
2.2975e-08,0.3555965000000001
2.2977e-08,0.35748630000000003
2.2979e-08,0.3593451000000001
2.2981e-08,0.3611731
2.2983e-08,0.3629707999999999
2.2985e-08,0.36473849999999997
2.2987e-08,0.3664765
2.2989e-08,0.368185
2.2991e-08,0.36986450000000004
2.2993e-08,0.3715151
2.2995e-08,0.37313740000000006
2.2997e-08,0.3747315
2.29985e-08,0.3759087
2.3e-08,0.3770705
2.30002e-08,0.3772247999999999
2.30006e-08,0.37753460000000005
2.30014e-08,0.3781614
2.3003e-08,0.3794324
2.3005e-08,0.3810254999999999
2.3007e-08,0.3825883
2.3009e-08,0.38408700000000007
2.3011e-08,0.3854934
2.3013e-08,0.3867834
2.3015e-08,0.3879374
2.3017e-08,0.38893849999999996
2.3019e-08,0.38977300000000004
2.3021e-08,0.39042979999999994
2.3023e-08,0.39089969999999996
2.3025e-08,0.3911755
2.3027e-08,0.3912515
2.3029e-08,0.391124
2.3031e-08,0.39078959999999996
2.3033e-08,0.3902469999999999
2.3035e-08,0.3894953
2.3037e-08,0.3885343
2.3039e-08,0.38736519999999997
2.3041e-08,0.3859893
2.3043e-08,0.38440870000000005
2.3045e-08,0.38262589999999996
2.3047e-08,0.3806438999999999
2.3049e-08,0.3784662000000001
2.3051e-08,0.3760964
2.3053e-08,0.37353859999999994
2.3055e-08,0.37079680000000004
2.3057e-08,0.36787559999999997
2.3059e-08,0.3647796000000001
2.3061e-08,0.3615136
2.3063e-08,0.35808229999999996
2.3065e-08,0.3544908
2.3067e-08,0.3507439
2.3069e-08,0.34684690000000007
2.3071e-08,0.3428048
2.3073e-08,0.3386226
2.3075e-08,0.3343056
2.3077e-08,0.3298588
2.3079e-08,0.32528709999999994
2.3081e-08,0.3205958
2.3083e-08,0.3157898
2.3085e-08,0.310874
2.3087e-08,0.3058533
2.3089e-08,0.3007323999999999
2.3091e-08,0.2955164
2.3093e-08,0.29020959999999996
2.3095e-08,0.2848168
2.3097e-08,0.27934250000000005
2.3099e-08,0.27379110000000006
2.3101e-08,0.26816699999999993
2.3103e-08,0.26247429999999994
2.3105e-08,0.2567174
2.3107e-08,0.2509002
2.3109e-08,0.24502669999999993
2.3111e-08,0.239101
2.3113e-08,0.23312670000000002
2.3115e-08,0.22710750000000002
2.3117e-08,0.22104710000000005
2.3119e-08,0.21494899999999995
2.3121e-08,0.20881660000000002
2.3123e-08,0.2026532000000001
2.3125e-08,0.19646209999999997
2.3127e-08,0.19024660000000004
2.3129e-08,0.18400950000000005
2.3131e-08,0.17775380000000007
2.3133e-08,0.17148260000000004
2.3135e-08,0.16519849999999991
2.3137e-08,0.15890420000000005
2.3139e-08,0.15260249999999997
2.3141e-08,0.14629570000000003
2.3143e-08,0.1399864999999999
2.3145e-08,0.13367720000000005
2.3147e-08,0.12737010000000004
2.3149e-08,0.12106740000000005
2.3151e-08,0.11477120000000007
2.3153e-08,0.10848369999999996
2.3155e-08,0.10220689999999999
2.3157e-08,0.09594250000000004
2.3159e-08,0.08969260000000001
2.3161e-08,0.08345900000000006
2.3163e-08,0.07724330000000001
2.3165e-08,0.07104710000000003
2.3167e-08,0.06487219999999994
2.3169e-08,0.058719999999999994
2.3171e-08,0.05259199999999997
2.3173e-08,0.04648969999999997
2.3175e-08,0.04041420000000007
2.3177e-08,0.034367099999999984
2.3179e-08,0.02834940000000008
2.3181e-08,0.022362500000000063
2.3183e-08,0.016407300000000014
2.3185e-08,0.010485000000000078
2.3187e-08,0.0045968000000000675
2.3189e-08,-0.0012566000000000521
2.3191e-08,-0.0070741999999999194
2.3193e-08,-0.01285499999999995
2.3195e-08,-0.01859809999999995
2.3197e-08,-0.024302999999999964
2.31985e-08,-0.02855590000000008
2.32e-08,-0.03279759999999998
2.32002e-08,-0.03336359999999994
2.32006e-08,-0.03449609999999992
2.32014e-08,-0.036764699999999984
2.3203e-08,-0.041303599999999996
2.3205e-08,-0.04695260000000001
2.3207e-08,-0.05253819999999998
2.3209e-08,-0.058025799999999905
2.3211e-08,-0.0633861
2.3213e-08,-0.0685945
2.3215e-08,-0.07363030000000004
2.3217e-08,-0.07847650000000006
2.3219e-08,-0.08311899999999994
2.3221e-08,-0.08754669999999998
2.3223e-08,-0.09175050000000007
2.3225e-08,-0.09572369999999997
2.3227e-08,-0.09946129999999997
2.3229e-08,-0.10295959999999993
2.3231e-08,-0.1062168
2.3233e-08,-0.10923179999999999
2.3235e-08,-0.11200480000000002
2.3237e-08,-0.11453669999999994
2.3239e-08,-0.11682930000000002
2.3241e-08,-0.11888510000000008
2.3243e-08,-0.12070700000000001
2.3245e-08,-0.12229859999999992
2.3247e-08,-0.12366369999999993
2.3249e-08,-0.12480649999999993
2.3251e-08,-0.12573139999999994
2.3253e-08,-0.12644330000000004
2.3255e-08,-0.1269471000000001
2.3257e-08,-0.12724780000000002
2.3259e-08,-0.12735069999999993
2.3261e-08,-0.12726099999999996
2.3263e-08,-0.12698399999999999
2.3265e-08,-0.12652510000000006
2.3267e-08,-0.1258897
2.3269e-08,-0.12508320000000006
2.3271e-08,-0.12411099999999997
2.3273e-08,-0.12297840000000004
2.3275e-08,-0.12169069999999993
2.3277e-08,-0.1202531
2.3279e-08,-0.11867089999999991
2.3281e-08,-0.11694910000000003
2.3283e-08,-0.11509290000000005
2.3285e-08,-0.1131070999999999
2.3287e-08,-0.1109968
2.3289e-08,-0.10876660000000005
2.3291e-08,-0.1064212
2.3293e-08,-0.10396529999999993
2.3295e-08,-0.10140340000000003
2.3297e-08,-0.09873999999999994
2.3299e-08,-0.09597939999999994
2.3301e-08,-0.09312580000000004
2.3303e-08,-0.09018330000000008
2.3305e-08,-0.08715600000000001
2.3307e-08,-0.08404790000000006
2.3309e-08,-0.08086270000000007
2.3311e-08,-0.07760430000000007
2.3313e-08,-0.07427630000000007
2.3315e-08,-0.07088210000000006
2.3317e-08,-0.06742549999999992
2.3319e-08,-0.06390960000000001
2.3321e-08,-0.060337900000000055
2.3323e-08,-0.05671349999999997
2.3325e-08,-0.05303940000000007
2.3327e-08,-0.04931870000000005
2.3329e-08,-0.045554399999999995
2.3331e-08,-0.04174940000000005
2.3333e-08,-0.03790640000000001
2.3335e-08,-0.03402799999999995
2.3337e-08,-0.03011699999999995
2.3339e-08,-0.026175699999999913
2.3341e-08,-0.02220679999999997
2.3343e-08,-0.018212499999999965
2.3345e-08,-0.014195199999999963
2.3347e-08,-0.010157199999999977
2.3349e-08,-0.006100500000000064
2.3351e-08,-0.0020274000000000125
2.3353e-08,0.002060300000000015
2.3355e-08,0.006160399999999955
2.3357e-08,0.010271099999999977
2.3359e-08,0.014390600000000031
2.3361e-08,0.018517000000000006
2.3363e-08,0.022648699999999966
2.3365e-08,0.02678389999999997
2.3367e-08,0.030921100000000035
2.3369e-08,0.03505880000000006
2.3371e-08,0.03919539999999999
2.3373e-08,0.04332939999999996
2.3375e-08,0.04745949999999999
2.3377e-08,0.051584299999999916
2.3379e-08,0.055702699999999994
2.3381e-08,0.0598131999999999
2.3383e-08,0.06391469999999999
2.3385e-08,0.06800610000000007
2.3387e-08,0.07208609999999993
2.3389e-08,0.0761539
2.3391e-08,0.08020839999999996
2.3393e-08,0.0842484
2.3395e-08,0.08827319999999994
2.3397e-08,0.09228179999999997
2.33985e-08,0.0952771
2.34e-08,0.0982734999999999
2.34002e-08,0.09867440000000005
2.34006e-08,0.0994775
2.34014e-08,0.1010896
2.3403e-08,0.10432609999999998
2.3405e-08,0.10836670000000004
2.3407e-08,0.11236600000000008
2.3409e-08,0.11628900000000009
2.3411e-08,0.12010679999999996
2.3413e-08,0.12379419999999997
2.3415e-08,0.12733070000000002
2.3417e-08,0.130699
2.3419e-08,0.13388500000000003
2.3421e-08,0.13687699999999992
2.3423e-08,0.13966630000000002
2.3425e-08,0.14224539999999997
2.3427e-08,0.14460910000000005
2.3429e-08,0.1467539
2.3431e-08,0.1486771
2.3433e-08,0.15037770000000006
2.3435e-08,0.15185550000000003
2.3437e-08,0.1531112
2.3439e-08,0.15414629999999996
2.3441e-08,0.1549628999999999
2.3443e-08,0.15556400000000004
2.3445e-08,0.15595250000000005
2.3447e-08,0.1561321
2.3449e-08,0.15610689999999994
2.3451e-08,0.1558811
2.3453e-08,0.15545920000000002
2.3455e-08,0.1548459000000001
2.3457e-08,0.15404609999999996
2.3459e-08,0.1530648
2.3461e-08,0.15190720000000002
2.3463e-08,0.1505782
2.3465e-08,0.14908310000000002
2.3467e-08,0.14742719999999998
2.3469e-08,0.14561570000000001
2.3471e-08,0.14365379999999994
2.3473e-08,0.14154660000000008
2.3475e-08,0.13929939999999996
2.3477e-08,0.13691719999999996
2.3479e-08,0.134405
2.3481e-08,0.131768
2.3483e-08,0.12901079999999998
2.3485e-08,0.1261386000000001
2.3487e-08,0.12315589999999998
2.3489e-08,0.12006729999999999
2.3491e-08,0.11687770000000008
2.3493e-08,0.11359129999999995
2.3495e-08,0.11021270000000005
2.3497e-08,0.10674610000000007
2.3499e-08,0.1031957
2.3501e-08,0.09956569999999998
2.3503e-08,0.0958601
2.3505e-08,0.09208269999999996
2.3507e-08,0.08823749999999997
2.3509e-08,0.08432819999999996
2.3511e-08,0.0803583
2.3513e-08,0.07633140000000005
2.3515e-08,0.07225110000000001
2.3517e-08,0.06812050000000003
2.3519e-08,0.06394310000000003
2.3521e-08,0.059721899999999994
2.3523e-08,0.05546010000000001
2.3525e-08,0.05116070000000006
2.3527e-08,0.046826400000000046
2.3529e-08,0.042460400000000065
2.3531e-08,0.038065000000000015
2.3533e-08,0.03364299999999998
2.3535e-08,0.029197200000000034
2.3537e-08,0.02472999999999992
2.3539e-08,0.02024349999999997
2.3541e-08,0.015740500000000046
2.3543e-08,0.011222900000000036
2.3545e-08,0.006693100000000007
2.3547e-08,0.0021532000000000773
2.3549e-08,-0.0023948000000000302
2.3551e-08,-0.006948999999999983
2.3553e-08,-0.011507299999999998
2.3555e-08,-0.016067900000000024
2.3557e-08,-0.020629099999999956
2.3559e-08,-0.025189200000000023
2.3561e-08,-0.02974650000000001
2.3563e-08,-0.034299199999999974
2.3565e-08,-0.038845999999999936
2.3567e-08,-0.04338540000000002
2.3569e-08,-0.047915800000000064
2.3571e-08,-0.05243600000000004
2.3573e-08,-0.056944499999999953
2.3575e-08,-0.0614403
2.3577e-08,-0.06592179999999992
2.3579e-08,-0.07038820000000001
2.3581e-08,-0.07483800000000007
2.3583e-08,-0.07927050000000002
2.3585e-08,-0.08368439999999999
2.3587e-08,-0.08807869999999995
2.3589e-08,-0.0924526
2.3591e-08,-0.09680520000000004
2.3593e-08,-0.1011354000000001
2.3595e-08,-0.10544260000000005
2.3597e-08,-0.10972589999999993
2.35985e-08,-0.11292219999999997
2.36e-08,-0.1161044
2.36002e-08,-0.11652829999999992
2.36006e-08,-0.11737710000000001
2.36014e-08,-0.11908210000000008
2.3603e-08,-0.12250939999999999
2.3605e-08,-0.12679640000000003
2.3607e-08,-0.13104890000000002
2.3609e-08,-0.13523039999999997
2.3611e-08,-0.1393101
2.3613e-08,-0.14326189999999994
2.3615e-08,-0.14706390000000003
2.3617e-08,-0.15069789999999994
2.3619e-08,-0.15414870000000003
2.3621e-08,-0.1574044
2.3623e-08,-0.16045500000000001
2.3625e-08,-0.16329289999999996
2.3627e-08,-0.1659123
2.3629e-08,-0.16830899999999993
2.3631e-08,-0.17048039999999998
2.3633e-08,-0.1724247
2.3635e-08,-0.1741416
2.3637e-08,-0.17563150000000005
2.3639e-08,-0.1768959
2.3641e-08,-0.1779364
2.3643e-08,-0.17875590000000008
2.3645e-08,-0.1793572
2.3647e-08,-0.17974389999999996
2.3649e-08,-0.17991990000000002
2.3651e-08,-0.17988939999999998
2.3653e-08,-0.1796569
2.3655e-08,-0.17922689999999997
2.3657e-08,-0.17860430000000005
2.3659e-08,-0.17779389999999995
2.3661e-08,-0.17680099999999999
2.3663e-08,-0.1756308000000001
2.3665e-08,-0.1742882
2.3667e-08,-0.17277869999999995
2.3669e-08,-0.17110740000000002
2.3671e-08,-0.16927950000000003
2.3673e-08,-0.16730029999999996
2.3675e-08,-0.16517499999999996
2.3677e-08,-0.16290870000000002
2.3679e-08,-0.16050660000000005
2.3681e-08,-0.1579735000000001
2.3683e-08,-0.15531470000000003
2.3685e-08,-0.15253479999999997
2.3687e-08,-0.1496387
2.3689e-08,-0.14663130000000002
2.3691e-08,-0.143517
2.3693e-08,-0.1403006
2.3695e-08,-0.13698639999999995
2.3697e-08,-0.133579
2.3699e-08,-0.13008239999999993
2.3701e-08,-0.12650100000000009
2.3703e-08,-0.12283889999999997
2.3705e-08,-0.1191000000000001
2.3707e-08,-0.11528830000000001
2.3709e-08,-0.11140749999999999
2.3711e-08,-0.10746149999999999
2.3713e-08,-0.10345389999999999
2.3715e-08,-0.09938800000000003
2.3717e-08,-0.09526760000000001
2.3719e-08,-0.0910957
2.3721e-08,-0.08687579999999995
2.3723e-08,-0.08261099999999999
2.3725e-08,-0.0783043
2.3727e-08,-0.07395870000000004
2.3729e-08,-0.06957740000000001
2.3731e-08,-0.06516279999999997
2.3733e-08,-0.0607179000000001
2.3735e-08,-0.056245300000000054
2.3737e-08,-0.051747600000000005
2.3739e-08,-0.047227200000000025
2.3741e-08,-0.04268660000000002
2.3743e-08,-0.038128199999999945
2.3745e-08,-0.03355419999999998
2.3747e-08,-0.028966900000000018
2.3749e-08,-0.02436830000000001
2.3751e-08,-0.01976040000000001
2.3753e-08,-0.015145500000000034
2.3755e-08,-0.010525200000000012
2.3757e-08,-0.005901599999999951
2.3759e-08,-0.0012764000000000664
2.3761e-08,0.0033486999999999822
2.3763e-08,0.007971999999999979
2.3765e-08,0.01259179999999993
2.3767e-08,0.01720659999999996
2.3769e-08,0.02181500000000003
2.3771e-08,0.02641540000000009
2.3773e-08,0.03100639999999999
2.3775e-08,0.03558669999999997
2.3777e-08,0.0401551
2.3779e-08,0.044710099999999975
2.3781e-08,0.049250899999999986
2.3783e-08,0.053775999999999935
2.3785e-08,0.05828450000000007
2.3787e-08,0.06277520000000003
2.3789e-08,0.06724719999999995
2.3791e-08,0.07169949999999992
2.3793e-08,0.07613110000000001
2.3795e-08,0.08054119999999998
2.3797e-08,0.08492900000000003
2.37985e-08,0.08820460000000008
2.38e-08,0.09146680000000007
2.38002e-08,0.09190140000000002
2.38006e-08,0.09277170000000001
2.38014e-08,0.09451989999999999
2.3803e-08,0.0980340999999999
2.3805e-08,0.10243089999999999
2.3807e-08,0.10679399999999994
2.3809e-08,0.11108700000000005
2.3811e-08,0.11527880000000001
2.3813e-08,0.11934299999999998
2.3815e-08,0.12325759999999997
2.3817e-08,0.12700429999999996
2.3819e-08,0.13056789999999996
2.3821e-08,0.13393620000000006
2.3823e-08,0.13709919999999998
2.3825e-08,0.1400494
2.3827e-08,0.14278069999999998
2.3829e-08,0.145289
2.3831e-08,0.14757160000000002
2.3833e-08,0.1496269
2.3835e-08,0.1514546
2.3837e-08,0.15305500000000005
2.3839e-08,0.15442940000000005
2.3841e-08,0.15557999999999994
2.3843e-08,0.15650920000000001
2.3845e-08,0.15722009999999997
2.3847e-08,0.1577164000000001
2.3849e-08,0.15800179999999997
2.3851e-08,0.15808080000000002
2.3853e-08,0.15795760000000003
2.3855e-08,0.15763699999999992
2.3857e-08,0.15712380000000004
2.3859e-08,0.1564232000000001
2.3861e-08,0.15554009999999996
2.3863e-08,0.1544797
2.3865e-08,0.15324729999999998
2.3867e-08,0.15184809999999993
2.3869e-08,0.15028740000000007
2.3871e-08,0.14857030000000004
2.3873e-08,0.1467022
2.3875e-08,0.1446883
2.3877e-08,0.14253369999999999
2.3879e-08,0.14024350000000008
2.3881e-08,0.13782280000000002
2.3883e-08,0.13527659999999997
2.3885e-08,0.13260969999999994
2.3887e-08,0.12982689999999997
2.3889e-08,0.12693310000000002
2.3891e-08,0.12393290000000001
2.3893e-08,0.12083070000000007
2.3895e-08,0.11763109999999999
2.3897e-08,0.11433850000000001
2.3899e-08,0.11095719999999998
2.3901e-08,0.10749129999999996
2.3903e-08,0.10394499999999995
2.3905e-08,0.10032220000000003
2.3907e-08,0.0966267999999999
2.3909e-08,0.09286260000000002
2.3911e-08,0.08903339999999993
2.3913e-08,0.08514290000000002
2.3915e-08,0.08119429999999994
2.3917e-08,0.07719120000000002
2.3919e-08,0.0731369999999999
2.3921e-08,0.06903490000000001
2.3923e-08,0.06488800000000006
2.3925e-08,0.06069939999999996
2.3927e-08,0.056472100000000025
2.3929e-08,0.0522089
2.3931e-08,0.04791279999999998
2.3933e-08,0.04358629999999997
2.3935e-08,0.0392321000000001
2.3937e-08,0.03485280000000002
2.3939e-08,0.030450899999999947
2.3941e-08,0.02602890000000002
2.3943e-08,0.021588900000000022
2.3945e-08,0.01713319999999996
2.3947e-08,0.012664200000000014
2.3949e-08,0.00818389999999991
2.3951e-08,0.003694199999999981
2.3953e-08,-0.0008027999999999924
2.3955e-08,-0.0053051000000000625
2.3957e-08,-0.009811000000000014
2.3959e-08,-0.014318700000000018
2.3961e-08,-0.01882640000000002
2.3963e-08,-0.02333250000000009
2.3965e-08,-0.027835300000000007
2.3967e-08,-0.032333500000000015
2.3969e-08,-0.03682530000000006
2.3971e-08,-0.04130940000000005
2.3973e-08,-0.045784500000000006
2.3975e-08,-0.050249199999999994
2.3977e-08,-0.054702200000000034
2.3979e-08,-0.05914229999999998
2.3981e-08,-0.06356830000000002
2.3983e-08,-0.06797910000000007
2.3985e-08,-0.07237360000000004
2.3987e-08,-0.0767506
2.3989e-08,-0.08110930000000005
2.3991e-08,-0.08544879999999999
2.3993e-08,-0.08976799999999996
2.3995e-08,-0.09406610000000004
2.3997e-08,-0.09834220000000005
2.39985e-08,-0.10153449999999997
2.4e-08,-0.10471350000000001
2.40002e-08,-0.10513700000000004
2.40006e-08,-0.1059852
2.40014e-08,-0.10768919999999993
2.4003e-08,-0.11111529999999992
2.4005e-08,-0.11540229999999996
2.4007e-08,-0.1196564
2.4009e-08,-0.12384089999999992
2.4011e-08,-0.1279249
2.4013e-08,-0.1318823
2.4015e-08,-0.13569090000000006
2.4017e-08,-0.13933250000000008
2.4019e-08,-0.14279190000000008
2.4021e-08,-0.14605709999999994
2.4023e-08,-0.14911790000000003
2.4025e-08,-0.15196680000000007
2.4027e-08,-0.15459790000000007
2.4029e-08,-0.15700709999999996
2.4031e-08,-0.1591916
2.4033e-08,-0.16114969999999995
2.4035e-08,-0.1628811
2.4037e-08,-0.16438620000000004
2.4039e-08,-0.16566630000000004
2.4041e-08,-0.16672319999999996
2.4043e-08,-0.1675597000000001
2.4045e-08,-0.16817870000000001
2.4047e-08,-0.16858379999999995
2.4049e-08,-0.1687789999999999
2.4051e-08,-0.16876829999999998
2.4053e-08,-0.16855619999999993
2.4055e-08,-0.1681473
2.4057e-08,-0.16754650000000004
2.4059e-08,-0.1667590000000001
2.4061e-08,-0.1657894000000001
2.4063e-08,-0.1646432
2.4065e-08,-0.1633254999999999
2.4067e-08,-0.16184149999999997
2.4069e-08,-0.16019660000000002
2.4071e-08,-0.15839590000000003
2.4073e-08,-0.1564445
2.4075e-08,-0.15434789999999998
2.4077e-08,-0.15211089999999994
2.4079e-08,-0.1497389
2.4081e-08,-0.1472367
2.4083e-08,-0.14460949999999995
2.4085e-08,-0.14186199999999993
2.4087e-08,-0.13899899999999998
2.4089e-08,-0.13602539999999996
2.4091e-08,-0.13294569999999994
2.4093e-08,-0.1297646
2.4095e-08,-0.12648629999999994
2.4097e-08,-0.12311550000000004
2.4099e-08,-0.11965629999999994
2.4101e-08,-0.11611289999999996
2.4103e-08,-0.11248939999999996
2.4105e-08,-0.1087899
2.4107e-08,-0.10501820000000006
2.4109e-08,-0.10117790000000004
2.4111e-08,-0.09727319999999995
2.4113e-08,-0.09330729999999998
2.4115e-08,-0.08928380000000002
2.4117e-08,-0.08520629999999996
2.4119e-08,-0.08107790000000004
2.4121e-08,-0.07690200000000003
2.4123e-08,-0.07268180000000002
2.4125e-08,-0.06842019999999993
2.4127e-08,-0.06412019999999996
2.4129e-08,-0.05978479999999997
2.4131e-08,-0.055416699999999985
2.4133e-08,-0.05101880000000003
2.4135e-08,-0.04659360000000001
2.4137e-08,-0.04214360000000006
2.4139e-08,-0.03767149999999997
2.4141e-08,-0.033179599999999976
2.4143e-08,-0.02867009999999992
2.4145e-08,-0.024145399999999984
2.4147e-08,-0.019607700000000006
2.4149e-08,-0.015059099999999992
2.4151e-08,-0.0105016
2.4153e-08,-0.005937200000000087
2.4155e-08,-0.0013678999999999775
2.4157e-08,0.0032046999999999493
2.4159e-08,0.0077785000000000215
2.4161e-08,0.012351900000000082
2.4163e-08,0.016923300000000085
2.4165e-08,0.021491099999999985
2.4167e-08,0.02605349999999995
2.4169e-08,0.030609499999999956
2.4171e-08,0.0351572
2.4173e-08,0.03969540000000005
2.4175e-08,0.04422280000000001
2.4177e-08,0.048738100000000006
2.4179e-08,0.05324010000000001
2.4181e-08,0.057727399999999984
2.4183e-08,0.06219909999999995
2.4185e-08,0.06665409999999994
2.4187e-08,0.07109129999999997
2.4189e-08,0.07550970000000001
2.4191e-08,0.07990819999999998
2.4193e-08,0.08428620000000009
2.4195e-08,0.08864250000000007
2.4197e-08,0.0929764999999999
2.41985e-08,0.09621170000000001
2.42e-08,0.0994448
2.42002e-08,0.099877
2.42006e-08,0.10074240000000001
2.42014e-08,0.10247850000000003
2.4203e-08,0.10596030000000001
2.4205e-08,0.11030229999999996
2.4207e-08,0.11459699999999995
2.4209e-08,0.11881010000000003
2.4211e-08,0.12291219999999992
2.4213e-08,0.12687879999999996
2.4215e-08,0.13068919999999995
2.4217e-08,0.13432640000000007
2.4219e-08,0.13777620000000002
2.4221e-08,0.14102740000000002
2.4223e-08,0.1440707
2.4225e-08,0.14689949999999996
2.4227e-08,0.14950819999999998
2.4229e-08,0.15189339999999996
2.4231e-08,0.15405270000000004
2.4233e-08,0.15598489999999998
2.4235e-08,0.15769
2.4237e-08,0.1591688
2.4239e-08,0.16042279999999998
2.4241e-08,0.16145409999999993
2.4243e-08,0.16226569999999996
2.4245e-08,0.1628605999999999
2.4247e-08,0.16324270000000007
2.4249e-08,0.16341569999999994
2.4251e-08,0.16338430000000004
2.4253e-08,0.1631528
2.4255e-08,0.16272600000000004
2.4257e-08,0.1621087
2.4259e-08,0.1613061
2.4261e-08,0.16032310000000005
2.4263e-08,0.15916509999999995
2.4265e-08,0.15783710000000006
2.4267e-08,0.15634460000000006
2.4269e-08,0.15469259999999996
2.4271e-08,0.1528864000000001
2.4273e-08,0.15093140000000005
2.4275e-08,0.14883250000000003
2.4277e-08,0.1465951000000001
2.4279e-08,0.14422409999999997
2.4281e-08,0.14172450000000003
2.4283e-08,0.13910140000000004
2.4285e-08,0.13635940000000002
2.4287e-08,0.13350359999999994
2.4289e-08,0.1305384999999999
2.4291e-08,0.1274687000000001
2.4293e-08,0.12429889999999999
2.4295e-08,0.12103339999999996
2.4297e-08,0.11767649999999996
2.4299e-08,0.11423250000000007
2.4301e-08,0.11070560000000007
2.4303e-08,0.10709979999999997
2.4305e-08,0.10341909999999999
2.4307e-08,0.09966739999999996
2.4309e-08,0.0958483
2.4311e-08,0.09196559999999998
2.4313e-08,0.08802279999999996
2.4315e-08,0.08402359999999998
2.4317e-08,0.07997100000000001
2.4319e-08,0.07586870000000001
2.4321e-08,0.07171970000000005
2.4323e-08,0.06752710000000006
2.4325e-08,0.06329399999999996
2.4327e-08,0.05902339999999995
2.4329e-08,0.054718000000000044
2.4331e-08,0.050380699999999945
2.4333e-08,0.046014200000000005
2.4335e-08,0.04162100000000002
2.4337e-08,0.0372037999999999
2.4339e-08,0.032765000000000044
2.4341e-08,0.028306800000000076
2.4343e-08,0.02383179999999996
2.4345e-08,0.01934199999999997
2.4347e-08,0.014839599999999953
2.4349e-08,0.01032679999999997
2.4351e-08,0.005805500000000019
2.4353e-08,0.0012777999999999956
2.4355e-08,-0.0032546000000001074
2.4357e-08,-0.0077897000000000105
2.4359e-08,-0.012325999999999948
2.4361e-08,-0.016861400000000026
2.4363e-08,-0.02139460000000004
2.4365e-08,-0.02592379999999994
2.4367e-08,-0.03044760000000002
2.4369e-08,-0.03496460000000001
2.4371e-08,-0.039473199999999986
2.4373e-08,-0.04397210000000007
2.4375e-08,-0.04846000000000006
2.4377e-08,-0.05293579999999998
2.4379e-08,-0.0573979
2.4381e-08,-0.061845599999999945
2.4383e-08,-0.06627739999999993
2.4385e-08,-0.07069229999999993
2.4387e-08,-0.07508950000000003
2.4389e-08,-0.07946780000000009
2.4391e-08,-0.08382630000000002
2.4393e-08,-0.08816420000000003
2.4395e-08,-0.09248040000000002
2.4397e-08,-0.09677430000000009
2.43985e-08,-0.09997959999999995
2.44e-08,-0.10317140000000002
2.44002e-08,-0.10359580000000002
2.44006e-08,-0.10444419999999999
2.44014e-08,-0.10613810000000001
2.4403e-08,-0.1095138
2.4405e-08,-0.1137106
2.4407e-08,-0.11788140000000003
2.4409e-08,-0.12202559999999996
2.4411e-08,-0.12614270000000005
2.4413e-08,-0.13023200000000001
2.4415e-08,-0.13429310000000005
2.4417e-08,-0.13832540000000004
2.4419e-08,-0.14232840000000002
2.4421e-08,-0.14630180000000004
2.4423e-08,-0.15024510000000002
2.4425e-08,-0.15415789999999996
2.4427e-08,-0.1580398999999999
2.4429e-08,-0.1618906000000001
2.4431e-08,-0.16570980000000002
2.4433e-08,-0.16949720000000001
2.4435e-08,-0.17325269999999993
2.4437e-08,-0.17697570000000007
2.4439e-08,-0.180666
2.4441e-08,-0.18432369999999998
2.4443e-08,-0.18794840000000002
2.4445e-08,-0.19153980000000004
2.4447e-08,-0.195098
2.4449e-08,-0.1986228
2.4451e-08,-0.20211389999999996
2.4453e-08,-0.20557139999999996
2.4455e-08,-0.20899500000000004
2.4457e-08,-0.2123849
2.4459e-08,-0.2157407
2.4461e-08,-0.2190626
2.4463e-08,-0.2223505
2.4465e-08,-0.22560440000000004
2.4467e-08,-0.22882420000000003
2.4469e-08,-0.23201000000000005
2.4471e-08,-0.23516170000000003
2.4473e-08,-0.23827940000000003
2.4475e-08,-0.24136310000000005
2.4477e-08,-0.24441290000000004
2.4479e-08,-0.24742889999999995
2.4481e-08,-0.2504111
2.4483e-08,-0.25335950000000007
2.4485e-08,-0.2562742
2.4487e-08,-0.25915540000000004
2.4489e-08,-0.2620032000000001
2.4491e-08,-0.26481770000000004
2.4493e-08,-0.2675987999999999
2.4495e-08,-0.27034690000000006
2.4497e-08,-0.2730621
2.4499e-08,-0.2757444
2.4501e-08,-0.27839389999999997
2.4503e-08,-0.281011
2.4505e-08,-0.28359560000000006
2.4507e-08,-0.28614800000000007
2.4509e-08,-0.2886683
2.4511e-08,-0.29115669999999994
2.4513e-08,-0.2936134
2.4515e-08,-0.29603859999999993
2.4517e-08,-0.29843240000000004
2.4519e-08,-0.3007951
2.4521e-08,-0.3031267000000001
2.4523e-08,-0.3054275999999999
2.4525e-08,-0.307698
2.4527e-08,-0.3099379
2.4529e-08,-0.31214759999999997
2.4531e-08,-0.31432740000000003
2.4533e-08,-0.3164774
2.4535e-08,-0.31859779999999993
2.4537e-08,-0.32068890000000005
2.4539e-08,-0.322751
2.4541e-08,-0.3247842000000001
2.4543e-08,-0.3267886
2.4545e-08,-0.32876459999999996
2.4547e-08,-0.3307125000000001
2.4549e-08,-0.3326323
2.4551e-08,-0.33452439999999994
2.4553e-08,-0.3363889
2.4555e-08,-0.3382261000000001
2.4557e-08,-0.34003629999999996
2.4559e-08,-0.34181970000000006
2.4561e-08,-0.3435764
2.4563e-08,-0.34530669999999997
2.4565e-08,-0.34701099999999996
2.4567e-08,-0.3486893000000001
2.4569e-08,-0.35034200000000004
2.4571e-08,-0.35196930000000004
2.4573e-08,-0.35357130000000003
2.4575e-08,-0.35514840000000003
2.4577e-08,-0.35670080000000004
2.4579e-08,-0.35822870000000007
2.4581e-08,-0.3597323
2.4583e-08,-0.36121210000000004
2.4585e-08,-0.36266790000000004
2.4587e-08,-0.3641002000000001
2.4589e-08,-0.3655094
2.4591e-08,-0.3668952999999999
2.4593e-08,-0.36825850000000004
2.4595e-08,-0.36959910000000007
2.4597e-08,-0.37091719999999995
2.45985e-08,-0.3718914
2.46e-08,-0.372853
2.46002e-08,-0.37298030000000004
2.46006e-08,-0.37323419999999996
2.46014e-08,-0.3737395
2.4603e-08,-0.37473979999999996
2.4605e-08,-0.3759709
2.4607e-08,-0.37718070000000004
2.4609e-08,-0.3783695
2.4611e-08,-0.3795375999999999
2.4613e-08,-0.38068520000000006
2.4615e-08,-0.3818125
2.4617e-08,-0.3829197
2.4619e-08,-0.384007
2.4621e-08,-0.3850747
2.4623e-08,-0.386123
2.4625e-08,-0.3871521
2.4627e-08,-0.38816229999999996
2.4629e-08,-0.38915370000000005
2.4631e-08,-0.39012650000000004
2.4633e-08,-0.39108089999999995
2.4635e-08,-0.3920173
2.4637e-08,-0.3929359
2.4639e-08,-0.3938366
2.4641e-08,-0.39471999999999996
2.4643e-08,-0.395586
2.4645e-08,-0.3964350000000001
2.4647e-08,-0.39726720000000004
2.4649e-08,-0.39808260000000006
2.4651e-08,-0.3988817
2.4653e-08,-0.39966440000000003
2.4655e-08,-0.40043110000000004
2.4657e-08,-0.40118200000000004
2.4659e-08,-0.4019172
2.4661e-08,-0.4026369999999999
2.4663e-08,-0.4033415
2.4665e-08,-0.4040309000000001
2.4667e-08,-0.4047054
2.4669e-08,-0.40536530000000004
2.4671e-08,-0.40601050000000005
2.4673e-08,-0.4066415
2.4675e-08,-0.4072583999999999
2.4677e-08,-0.4078613
2.4679e-08,-0.4084504
2.4681e-08,-0.409026
2.4683e-08,-0.4095881
2.4685e-08,-0.4101370000000001
2.4687e-08,-0.41067280000000006
2.4689e-08,-0.4111958
2.4691e-08,-0.411706
2.4693e-08,-0.41220370000000006
2.4695e-08,-0.41268910000000003
2.4697e-08,-0.41316220000000003
2.4699e-08,-0.41362319999999997
2.4701e-08,-0.4140724
2.4703e-08,-0.41450979999999993
2.4705e-08,-0.41493579999999997
2.4707e-08,-0.4153504
2.4709e-08,-0.4157537
2.4711e-08,-0.41614589999999996
2.4713e-08,-0.4165272
2.4715e-08,-0.4168978
2.4717e-08,-0.41725769999999995
2.4719e-08,-0.41760720000000007
2.4721e-08,-0.4179463
2.4723e-08,-0.41827539999999996
2.4725e-08,-0.4185943000000001
2.4727e-08,-0.4189035
2.4729e-08,-0.4192028000000001
2.4731e-08,-0.4194926
2.4733e-08,-0.41977300000000006
2.4735e-08,-0.42004410000000003
2.4737e-08,-0.42030600000000007
2.4739e-08,-0.42055889999999996
2.4741e-08,-0.4208027999999999
2.4743e-08,-0.42103809999999997
2.4745e-08,-0.4212646
2.4747e-08,-0.4214827
2.4749e-08,-0.4216924000000001
2.4751e-08,-0.42189390000000004
2.4753e-08,-0.42208730000000005
2.4755e-08,-0.42227270000000006
2.4757e-08,-0.42245030000000006
2.4759e-08,-0.42262
2.4761e-08,-0.4227822
2.4763e-08,-0.4229368
2.4765e-08,-0.4230841999999999
2.4767e-08,-0.42322420000000005
2.4769e-08,-0.42335710000000004
2.4771e-08,-0.42348300000000005
2.4773e-08,-0.4236019999999999
2.4775e-08,-0.4237141
2.4777e-08,-0.4238195
2.4779e-08,-0.42391840000000003
2.4781e-08,-0.4240109000000001
2.4783e-08,-0.42409680000000005
2.4785e-08,-0.4241766
2.4787e-08,-0.4242503000000001
2.4789e-08,-0.4243179
2.4791e-08,-0.4243795
2.4793e-08,-0.4244352
2.4795e-08,-0.42448529999999995
2.4797e-08,-0.4245296999999999
2.47985e-08,-0.42455940000000003
2.48e-08,-0.42458589999999996
2.48002e-08,-0.4245892
2.48006e-08,-0.4245957
2.48014e-08,-0.4246078999999999
2.4803e-08,-0.42462999999999995
2.4805e-08,-0.4246527
2.4807e-08,-0.42467029999999995
2.4809e-08,-0.4246829000000001
2.4811e-08,-0.4246904
2.4813e-08,-0.42469309999999993
2.4815e-08,-0.4246909000000001
2.4817e-08,-0.4246841
2.4819e-08,-0.4246725
2.4821e-08,-0.4246565
2.4823e-08,-0.424636
2.4825e-08,-0.4246111
2.4827e-08,-0.424582
2.4829e-08,-0.42454859999999994
2.4831e-08,-0.4245110000000001
2.4833e-08,-0.4244694
2.4835e-08,-0.42442389999999997
2.4837e-08,-0.4243745
2.4839e-08,-0.42432120000000006
2.4841e-08,-0.4242642000000001
2.4843e-08,-0.42420349999999996
2.4845e-08,-0.42413919999999994
2.4847e-08,-0.42407150000000005
2.4849e-08,-0.4240003
2.4851e-08,-0.4239256
2.4853e-08,-0.42384769999999994
2.4855e-08,-0.42376649999999993
2.4857e-08,-0.4236822
2.4859e-08,-0.4235947
2.4861e-08,-0.4235042
2.4863e-08,-0.4234108
2.4865e-08,-0.4233144
2.4867e-08,-0.4232152
2.4869e-08,-0.42311319999999997
2.4871e-08,-0.4230085
2.4873e-08,-0.42290110000000003
2.4875e-08,-0.42279120000000003
2.4877e-08,-0.4226786
2.4879e-08,-0.42256359999999993
2.4881e-08,-0.42244630000000005
2.4883e-08,-0.42232650000000005
2.4885e-08,-0.4222043999999999
2.4887e-08,-0.42208009999999996
2.4889e-08,-0.42195359999999993
2.4891e-08,-0.42182489999999995
2.4893e-08,-0.42169410000000007
2.4895e-08,-0.4215614000000001
2.4897e-08,-0.4214266
2.4899e-08,-0.4212899
2.4901e-08,-0.4211513
2.4903e-08,-0.4210109000000001
2.4905e-08,-0.4208687
2.4907e-08,-0.4207248
2.4909e-08,-0.42057919999999993
2.4911e-08,-0.42043189999999997
2.4913e-08,-0.4202830000000001
2.4915e-08,-0.42013259999999997
2.4917e-08,-0.41998079999999993
2.4919e-08,-0.4198274000000001
2.4921e-08,-0.41967259999999995
2.4923e-08,-0.41951650000000007
2.4925e-08,-0.4193589
2.4927e-08,-0.4192002
2.4929e-08,-0.4190402
2.4931e-08,-0.418879
2.4933e-08,-0.4187166
2.4935e-08,-0.41855299999999995
2.4937e-08,-0.4183884
2.4939e-08,-0.4182228
2.4941e-08,-0.4180562000000001
2.4943e-08,-0.4178885
2.4945e-08,-0.41772
2.4947e-08,-0.41755050000000005
2.4949e-08,-0.41738010000000003
2.4951e-08,-0.4172089
2.4953e-08,-0.417037
2.4955e-08,-0.4168642
2.4957e-08,-0.4166906
2.4959e-08,-0.41651649999999996
2.4961e-08,-0.4163416
2.4963e-08,-0.4161661000000001
2.4965e-08,-0.41598999999999997
2.4967e-08,-0.41581330000000005
2.4969e-08,-0.41563610000000006
2.4971e-08,-0.4154584
2.4973e-08,-0.4152802
2.4975e-08,-0.4151015
2.4977e-08,-0.4149224
2.4979e-08,-0.4147429
2.4981e-08,-0.414563
2.4983e-08,-0.41438279999999994
2.4985e-08,-0.41420219999999996
2.4987e-08,-0.4140214
2.4989e-08,-0.4138402
2.4991e-08,-0.4136588
2.4993e-08,-0.41347729999999994
2.4995e-08,-0.41329550000000004
2.4997e-08,-0.41311359999999997
2.49985e-08,-0.4129769
2.5e-08,-0.41284029999999994
2.50002e-08,-0.412822
2.50006e-08,-0.41278570000000003
2.50014e-08,-0.41271269999999993
2.5003e-08,-0.4125668
2.5005e-08,-0.4123844
2.5007e-08,-0.4122019
2.5009e-08,-0.4120193999999999
2.5011e-08,-0.4118368
2.5013e-08,-0.41165430000000003
2.5015e-08,-0.4114717
2.5017e-08,-0.4112892
2.5019e-08,-0.4111068
2.5021e-08,-0.41092439999999997
2.5023e-08,-0.4107421
2.5025e-08,-0.4105601
2.5027e-08,-0.410378
2.5029e-08,-0.4101962
2.5031e-08,-0.4100144
2.5033e-08,-0.40983290000000006
2.5035e-08,-0.4096516
2.5037e-08,-0.40947050000000007
2.5039e-08,-0.4092897
2.5041e-08,-0.40910900000000006
2.5043e-08,-0.4089288
2.5045e-08,-0.4087486
2.5047e-08,-0.4085689
2.5049e-08,-0.4083894
2.5051e-08,-0.4082103
2.5053e-08,-0.40803140000000004
2.5055e-08,-0.4078529999999999
2.5057e-08,-0.40767490000000006
2.5059e-08,-0.4074972
2.5061e-08,-0.4073198
2.5063e-08,-0.4071429
2.5065e-08,-0.40696640000000006
2.5067e-08,-0.40679030000000005
2.5069e-08,-0.40661459999999994
2.5071e-08,-0.4064394
2.5073e-08,-0.40626470000000003
2.5075e-08,-0.40609039999999996
2.5077e-08,-0.4059165
2.5079e-08,-0.40574319999999997
2.5081e-08,-0.4055704
2.5083e-08,-0.4053979999999999
2.5085e-08,-0.40522629999999993
2.5087e-08,-0.40505500000000005
2.5089e-08,-0.4048842
2.5091e-08,-0.40471409999999997
2.5093e-08,-0.4045445000000001
2.5095e-08,-0.40437539999999994
2.5097e-08,-0.40420690000000004
2.5099e-08,-0.4040389
2.5101e-08,-0.4038716
2.5103e-08,-0.4037048
2.5105e-08,-0.40353870000000003
2.5107e-08,-0.4033732000000001
2.5109e-08,-0.4032082
2.5111e-08,-0.4030439
2.5113e-08,-0.4028802
2.5115e-08,-0.4027172
2.5117e-08,-0.40255489999999994
2.5119e-08,-0.40239310000000006
2.5121e-08,-0.40223200000000003
2.5123e-08,-0.4020715
2.5125e-08,-0.40191179999999993
2.5127e-08,-0.4017526
2.5129e-08,-0.4015942
2.5131e-08,-0.4014365
2.5133e-08,-0.40127939999999995
2.5135e-08,-0.401123
2.5137e-08,-0.4009673
2.5139e-08,-0.4008123
2.5141e-08,-0.40065799999999996
2.5143e-08,-0.4005044000000001
2.5145e-08,-0.4003515999999999
2.5147e-08,-0.40019930000000004
2.5149e-08,-0.40004800000000007
2.5151e-08,-0.3998971
2.5153e-08,-0.39974719999999997
2.5155e-08,-0.39959790000000006
2.5157e-08,-0.3994493
2.5159e-08,-0.3993015
2.5161e-08,-0.3991544
2.5163e-08,-0.39900800000000003
2.5165e-08,-0.39886239999999995
2.5167e-08,-0.3987174
2.5169e-08,-0.39857339999999997
2.5171e-08,-0.3984299
2.5173e-08,-0.3982873
2.5175e-08,-0.3981454
2.5177e-08,-0.39800420000000003
2.5179e-08,-0.39786389999999994
2.5181e-08,-0.39772419999999997
2.5183e-08,-0.39758530000000003
2.5185e-08,-0.3974472
2.5187e-08,-0.39730980000000005
2.5189e-08,-0.39717309999999995
2.5191e-08,-0.39703730000000004
2.5193e-08,-0.3969022
2.5195e-08,-0.3967678
2.5197e-08,-0.3966343
2.51985e-08,-0.39653460000000007
2.52e-08,-0.39643530000000005
2.52002e-08,-0.3964221
2.52006e-08,-0.3963957
2.52014e-08,-0.396343
2.5203e-08,-0.3962380999999999
2.5205e-08,-0.3961076
2.5207e-08,-0.39597780000000005
2.5209e-08,-0.39584870000000005
2.5211e-08,-0.39572050000000003
2.5213e-08,-0.395593
2.5215e-08,-0.39546629999999994
2.5217e-08,-0.39534040000000004
2.5219e-08,-0.39521509999999993
2.5221e-08,-0.39509079999999996
2.5223e-08,-0.3949671
2.5225e-08,-0.3948442
2.5227e-08,-0.394722
2.5229e-08,-0.3946005
2.5231e-08,-0.3944799
2.5233e-08,-0.39435999999999993
2.5235e-08,-0.3942409
2.5237e-08,-0.3941226
2.5239e-08,-0.3940049
2.5241e-08,-0.3938881000000001
2.5243e-08,-0.39377190000000006
2.5245e-08,-0.3936565999999999
2.5247e-08,-0.39354199999999995
2.5249e-08,-0.39342809999999995
2.5251e-08,-0.39331499999999997
2.5253e-08,-0.39320259999999996
2.5255e-08,-0.39309099999999997
2.5257e-08,-0.39298
2.5259e-08,-0.3928699
2.5261e-08,-0.39276050000000007
2.5263e-08,-0.3926518
2.5265e-08,-0.39254390000000006
2.5267e-08,-0.3924367000000001
2.5269e-08,-0.39233019999999996
2.5271e-08,-0.3922245
2.5273e-08,-0.3921194
2.5275e-08,-0.39201509999999995
2.5277e-08,-0.3919116
2.5279e-08,-0.3918087
2.5281e-08,-0.3917066
2.5283e-08,-0.39160509999999993
2.5285e-08,-0.39150450000000003
2.5287e-08,-0.3914044
2.5289e-08,-0.3913051999999999
2.5291e-08,-0.39120660000000007
2.5293e-08,-0.39110880000000003
2.5295e-08,-0.3910116
2.5297e-08,-0.39091510000000007
2.5299e-08,-0.39081940000000004
2.5301e-08,-0.39072419999999997
2.5303e-08,-0.3906298
2.5305e-08,-0.3905362
2.5307e-08,-0.3904432
2.5309e-08,-0.39035090000000006
2.5311e-08,-0.3902593
2.5313e-08,-0.3901683
2.5315e-08,-0.3900779999999999
2.5317e-08,-0.38998850000000007
2.5319e-08,-0.38989950000000007
2.5321e-08,-0.3898112
2.5323e-08,-0.3897236999999999
2.5325e-08,-0.3896366
2.5327e-08,-0.38955039999999996
2.5329e-08,-0.38946480000000006
2.5331e-08,-0.38937979999999994
2.5333e-08,-0.3892955
2.5335e-08,-0.38921190000000006
2.5337e-08,-0.38912879999999994
2.5339e-08,-0.38904649999999996
2.5341e-08,-0.3889648
2.5343e-08,-0.3888836
2.5345e-08,-0.38880310000000007
2.5347e-08,-0.38872340000000005
2.5349e-08,-0.38864409999999994
2.5351e-08,-0.3885654999999999
2.5353e-08,-0.38848760000000004
2.5355e-08,-0.38841020000000004
2.5357e-08,-0.3883335
2.5359e-08,-0.3882573
2.5361e-08,-0.38818189999999997
2.5363e-08,-0.388107
2.5365e-08,-0.3880327
2.5367e-08,-0.38795899999999994
2.5369e-08,-0.3878859
2.5371e-08,-0.3878134
2.5373e-08,-0.38774149999999996
2.5375e-08,-0.3876701
2.5377e-08,-0.3875993999999999
2.5379e-08,-0.3875293000000001
2.5381e-08,-0.38745969999999996
2.5383e-08,-0.3873907
2.5385e-08,-0.38732219999999995
2.5387e-08,-0.3872544
2.5389e-08,-0.38718699999999995
2.5391e-08,-0.38712040000000003
2.5393e-08,-0.3870542
2.5395e-08,-0.38698849999999996
2.5397e-08,-0.3869235
2.53985e-08,-0.3868750000000001
2.54e-08,-0.3868269
2.54002e-08,-0.3868205
2.54006e-08,-0.3868077
2.54014e-08,-0.38678219999999996
2.5403e-08,-0.38673160000000006
2.5405e-08,-0.38666860000000003
2.5407e-08,-0.38660629999999996
2.5409e-08,-0.3865444
2.5411e-08,-0.3864831999999999
2.5413e-08,-0.38642240000000005
2.5415e-08,-0.38636210000000004
2.5417e-08,-0.38630240000000005
2.5419e-08,-0.3862432
2.5421e-08,-0.38618450000000004
2.5423e-08,-0.3861264
2.5425e-08,-0.38606870000000004
2.5427e-08,-0.38601150000000006
2.5429e-08,-0.38595480000000004
2.5431e-08,-0.38589870000000004
2.5433e-08,-0.38584299999999994
2.5435e-08,-0.3857878
2.5437e-08,-0.38573309999999994
2.5439e-08,-0.38567890000000005
2.5441e-08,-0.3856252
2.5443e-08,-0.385572
2.5445e-08,-0.3855191
2.5447e-08,-0.3854668
2.5449e-08,-0.3854151
2.5451e-08,-0.3853637
2.5453e-08,-0.3853128
2.5455e-08,-0.3852624
2.5457e-08,-0.3852124
2.5459e-08,-0.3851629
2.5461e-08,-0.38511380000000006
2.5463e-08,-0.38506510000000005
2.5465e-08,-0.38501700000000005
2.5467e-08,-0.38496929999999996
2.5469e-08,-0.384922
2.5471e-08,-0.3848751
2.5473e-08,-0.3848287
2.5475e-08,-0.38478270000000003
2.5477e-08,-0.38473710000000005
2.5479e-08,-0.3846919
2.5481e-08,-0.3846472000000001
2.5483e-08,-0.38460300000000003
2.5485e-08,-0.38455910000000004
2.5487e-08,-0.38451559999999996
2.5489e-08,-0.38447259999999994
2.5491e-08,-0.3844299
2.5493e-08,-0.38438759999999994
2.5495e-08,-0.38434579999999996
2.5497e-08,-0.3843042000000001
2.5499e-08,-0.3842631999999999
2.5501e-08,-0.3842225
2.5503e-08,-0.38418220000000003
2.5505e-08,-0.3841424
2.5507e-08,-0.3841028000000001
2.5509e-08,-0.3840637
2.5511e-08,-0.3840249
2.5513e-08,-0.38398660000000007
2.5515e-08,-0.3839486000000001
2.5517e-08,-0.38391089999999994
2.5519e-08,-0.3838737
2.5521e-08,-0.38383670000000003
2.5523e-08,-0.3838001999999999
2.5525e-08,-0.383764
2.5527e-08,-0.3837281
2.5529e-08,-0.38369259999999994
2.5531e-08,-0.3836575
2.5533e-08,-0.3836227
2.5535e-08,-0.38358819999999993
2.5537e-08,-0.38355420000000007
2.5539e-08,-0.3835204
2.5541e-08,-0.383487
2.5543e-08,-0.38345380000000007
2.5545e-08,-0.38342109999999996
2.5547e-08,-0.3833886999999999
2.5549e-08,-0.3833565
2.5551e-08,-0.3833247000000001
2.5553e-08,-0.38329329999999995
2.5555e-08,-0.38326209999999994
2.5557e-08,-0.38323129999999994
2.5559e-08,-0.3832008
2.5561e-08,-0.38317060000000003
2.5563e-08,-0.38314060000000005
2.5565e-08,-0.383111
2.5567e-08,-0.38308180000000003
2.5569e-08,-0.38305279999999997
2.5571e-08,-0.3830241000000001
2.5573e-08,-0.38299569999999994
2.5575e-08,-0.3829674999999999
2.5577e-08,-0.3829397
2.5579e-08,-0.38291220000000004
2.5581e-08,-0.3828849000000001
2.5583e-08,-0.38285800000000003
2.5585e-08,-0.3828313
2.5587e-08,-0.3828049
2.5589e-08,-0.3827788
2.5591e-08,-0.38275290000000006
2.5593e-08,-0.3827273
2.5595e-08,-0.38270209999999993
2.5597e-08,-0.3826771
2.55985e-08,-0.3826585
2.56e-08,-0.38265099999999996
2.56002e-08,-0.38265230000000006
2.56006e-08,-0.38265649999999996
2.56014e-08,-0.38267320000000005
2.5603e-08,-0.3827284999999999
2.5605e-08,-0.38281240000000005
2.5607e-08,-0.3828787
2.5609e-08,-0.38289470000000003
2.5611e-08,-0.3828334
2.5613e-08,-0.3826712
2.5615e-08,-0.3823888999999999
2.5617e-08,-0.3819701999999999
2.5619e-08,-0.38140169999999995
2.5621e-08,-0.38067249999999997
2.5623e-08,-0.3797737
2.5625e-08,-0.37869810000000004
2.5627e-08,-0.3774404
2.5629e-08,-0.3759966
2.5631e-08,-0.37436420000000004
2.5633e-08,-0.3725414
2.5635e-08,-0.3705275
2.5637e-08,-0.3683229
2.5639e-08,-0.3659285
2.5641e-08,-0.36334580000000005
2.5643e-08,-0.3605771
2.5645e-08,-0.35762499999999997
2.5647e-08,-0.3544927
2.5649e-08,-0.3511835
2.5651e-08,-0.34770160000000006
2.5653e-08,-0.3440508
2.5655e-08,-0.34023539999999997
2.5657e-08,-0.33626
2.5659e-08,-0.3321294
2.5661e-08,-0.3278483
2.5663e-08,-0.3234216
2.5665e-08,-0.3188544
2.5667e-08,-0.31415150000000003
2.5669e-08,-0.30931830000000005
2.5671e-08,-0.3043597
2.5673e-08,-0.2992808
2.5675e-08,-0.2940868
2.5677e-08,-0.28878269999999995
2.5679e-08,-0.2833736
2.5681e-08,-0.27786430000000006
2.5683e-08,-0.27226000000000006
2.5685e-08,-0.2665653
2.5687e-08,-0.2607853
2.5689e-08,-0.2549245
2.5691e-08,-0.24898770000000003
2.5693e-08,-0.2429793
2.5695e-08,-0.236904
2.5697e-08,-0.23076600000000003
2.5699e-08,-0.22456960000000004
2.5701e-08,-0.21831920000000005
2.5703e-08,-0.21201880000000006
2.5705e-08,-0.20567229999999992
2.5707e-08,-0.19928370000000006
2.5709e-08,-0.19285699999999995
2.5711e-08,-0.18639550000000005
2.5713e-08,-0.1799033
2.5715e-08,-0.17338350000000002
2.5717e-08,-0.1668398000000001
2.5719e-08,-0.16027539999999996
2.5721e-08,-0.15369350000000004
2.5723e-08,-0.14709720000000004
2.5725e-08,-0.14048969999999994
2.5727e-08,-0.13387380000000004
2.5729e-08,-0.12725229999999998
2.5731e-08,-0.12062820000000007
2.5733e-08,-0.11400379999999999
2.5735e-08,-0.10738190000000003
2.5737e-08,-0.100765
2.5739e-08,-0.0941554
2.5741e-08,-0.08755559999999996
2.5743e-08,-0.08096749999999997
2.5745e-08,-0.0743935
2.5747e-08,-0.06783569999999994
2.5749e-08,-0.06129600000000002
2.5751e-08,-0.05477619999999994
2.5753e-08,-0.048278400000000055
2.5755e-08,-0.04180410000000001
2.5757e-08,-0.03535519999999992
2.5759e-08,-0.02893330000000005
2.5761e-08,-0.022539900000000057
2.5763e-08,-0.016176500000000038
2.5765e-08,-0.009844599999999981
2.5767e-08,-0.003545400000000032
2.5769e-08,0.002719600000000044
2.5771e-08,0.008949299999999938
2.5773e-08,0.015142300000000053
2.5775e-08,0.021297700000000086
2.5777e-08,0.027414300000000003
2.5779e-08,0.033491200000000054
2.5781e-08,0.039527199999999985
2.5783e-08,0.0455217
2.5785e-08,0.05147360000000001
2.5787e-08,0.05738209999999999
2.5789e-08,0.06324649999999998
2.5791e-08,0.06906590000000001
2.5793e-08,0.07483980000000001
2.5795e-08,0.0805674999999999
2.5797e-08,0.0862484
2.57985e-08,0.09047800000000006
2.58e-08,0.09468080000000001
2.58002e-08,0.09523880000000007
2.58006e-08,0.0963541
2.58014e-08,0.09857870000000002
2.5803e-08,0.10300449999999994
2.5805e-08,0.10849299999999995
2.5807e-08,0.11393209999999998
2.5809e-08,0.11932159999999992
2.5811e-08,0.12466120000000003
2.5813e-08,0.12995049999999997
2.5815e-08,0.13518909999999995
2.5817e-08,0.14037690000000003
2.5819e-08,0.14551360000000002
2.5821e-08,0.15059909999999999
2.5823e-08,0.15563309999999997
2.5825e-08,0.16061550000000002
2.5827e-08,0.16554629999999992
2.5829e-08,0.1704251000000001
2.5831e-08,0.17525210000000002
2.5833e-08,0.1800271
2.5835e-08,0.18475010000000003
2.5837e-08,0.18942119999999996
2.5839e-08,0.19404030000000005
2.5841e-08,0.19860749999999994
2.5843e-08,0.2031227
2.5845e-08,0.20758600000000005
2.5847e-08,0.21199769999999996
2.5849e-08,0.21635760000000004
2.5851e-08,0.22066599999999992
2.5853e-08,0.22492299999999998
2.5855e-08,0.22912860000000002
2.5857e-08,0.23328320000000002
2.5859e-08,0.2373868
2.5861e-08,0.24143969999999992
2.5863e-08,0.2454419
2.5865e-08,0.2493938
2.5867e-08,0.2532955
2.5869e-08,0.25714729999999997
2.5871e-08,0.2609494
2.5873e-08,0.26470209999999994
2.5875e-08,0.2684056
2.5877e-08,0.2720601
2.5879e-08,0.27566599999999997
2.5881e-08,0.2792235999999999
2.5883e-08,0.282733
2.5885e-08,0.2861947
2.5887e-08,0.2896088000000001
2.5889e-08,0.29297590000000007
2.5891e-08,0.29629609999999995
2.5893e-08,0.29956969999999994
2.5895e-08,0.3027970000000001
2.5897e-08,0.3059786
2.5899e-08,0.30911450000000007
2.5901e-08,0.3122052999999999
2.5903e-08,0.31525119999999995
2.5905e-08,0.3182526
2.5907e-08,0.3212098
2.5909e-08,0.32412320000000006
2.5911e-08,0.32699310000000004
2.5913e-08,0.32981989999999994
2.5915e-08,0.332604
2.5917e-08,0.3353457000000001
2.5919e-08,0.33804540000000005
2.5921e-08,0.3407034
2.5923e-08,0.3433203
2.5925e-08,0.34589610000000004
2.5927e-08,0.34843139999999995
2.5929e-08,0.3509266
2.5931e-08,0.353382
2.5933e-08,0.35579799999999995
2.5935e-08,0.35817489999999996
2.5937e-08,0.3605132
2.5939e-08,0.36281319999999995
2.5941e-08,0.3650753
2.5943e-08,0.3672999
2.5945e-08,0.3694872
2.5947e-08,0.37163789999999997
2.5949e-08,0.37375210000000003
2.5951e-08,0.37583030000000006
2.5953e-08,0.37787269999999995
2.5955e-08,0.37987990000000005
2.5957e-08,0.3818522
2.5959e-08,0.38378999999999996
2.5961e-08,0.3856935
2.5963e-08,0.38756329999999994
2.5965e-08,0.3893995
2.5967e-08,0.3912027
2.5969e-08,0.3929732
2.5971e-08,0.39471139999999993
2.5973e-08,0.39641760000000004
2.5975e-08,0.39809210000000006
2.5977e-08,0.3997355
2.5979e-08,0.40134780000000003
2.5981e-08,0.4029296
2.5983e-08,0.4044812
2.5985e-08,0.40600289999999994
2.5987e-08,0.4074951
2.5989e-08,0.40895820000000005
2.5991e-08,0.41039230000000004
2.5993e-08,0.41179810000000006
2.5995e-08,0.4131758
2.5997e-08,0.41452559999999994
2.59985e-08,0.41551989999999994
2.6e-08,0.4164989
2.60002e-08,0.41662810000000006
2.60006e-08,0.41688610000000004
2.60014e-08,0.4173989
2.6003e-08,0.4184114000000001
2.6005e-08,0.41965340000000007
2.6007e-08,0.42086919999999994
2.6009e-08,0.42205919999999997
2.6011e-08,0.42322380000000004
2.6013e-08,0.4243631
2.6015e-08,0.4254776
2.6017e-08,0.42656759999999994
2.6019e-08,0.4276333
2.6021e-08,0.42867500000000003
2.6023e-08,0.42969330000000006
2.6025e-08,0.4306881
2.6027e-08,0.43165999999999993
2.6029e-08,0.43260909999999997
2.6031e-08,0.4335359000000001
2.6033e-08,0.43444059999999995
2.6035e-08,0.43532329999999997
2.6037e-08,0.43618460000000003
2.6039e-08,0.43702470000000004
2.6041e-08,0.43784369999999995
2.6043e-08,0.4386422
2.6045e-08,0.43942020000000004
2.6047e-08,0.4401780999999999
2.6049e-08,0.4409160999999999
2.6051e-08,0.44163450000000004
2.6053e-08,0.44233369999999994
2.6055e-08,0.44301389999999996
2.6057e-08,0.44367519999999994
2.6059e-08,0.44431809999999994
2.6061e-08,0.4449427
2.6063e-08,0.4455492
2.6065e-08,0.4461381
2.6067e-08,0.4467095
2.6069e-08,0.4472636
2.6071e-08,0.4478008
2.6073e-08,0.4483212
2.6075e-08,0.4488251999999999
2.6077e-08,0.4493127
2.6079e-08,0.4497844
2.6081e-08,0.45024030000000004
2.6083e-08,0.45068050000000004
2.6085e-08,0.45110549999999994
2.6087e-08,0.45151529999999995
2.6089e-08,0.4519103
2.6091e-08,0.4522906
2.6093e-08,0.4526565
2.6095e-08,0.45300819999999997
2.6097e-08,0.45334589999999997
2.6099e-08,0.4536698
2.6101e-08,0.45398020000000006
2.6103e-08,0.4542771
2.6105e-08,0.454561
2.6107e-08,0.45483189999999996
2.6109e-08,0.45509
2.6111e-08,0.45533560000000006
2.6113e-08,0.4555688
2.6115e-08,0.45579000000000003
2.6117e-08,0.4559991
2.6119e-08,0.4561965
2.6121e-08,0.45638239999999997
2.6123e-08,0.4565568
2.6125e-08,0.45672
2.6127e-08,0.45687219999999995
2.6129e-08,0.4570136
2.6131e-08,0.45714429999999995
2.6133e-08,0.4572646
2.6135e-08,0.4573745
2.6137e-08,0.4574743
2.6139e-08,0.4575642
2.6141e-08,0.4576443
2.6143e-08,0.4577146999999999
2.6145e-08,0.45777559999999995
2.6147e-08,0.45782730000000005
2.6149e-08,0.4578698
2.6151e-08,0.4579034999999999
2.6153e-08,0.4579282
2.6155e-08,0.45794429999999997
2.6157e-08,0.4579518
2.6159e-08,0.45795109999999994
2.6161e-08,0.45794219999999997
2.6163e-08,0.4579251
2.6165e-08,0.4579002
2.6167e-08,0.4578675
2.6169e-08,0.4578272
2.6171e-08,0.45777940000000006
2.6173e-08,0.4577243
2.6175e-08,0.457662
2.6177e-08,0.4575925999999999
2.6179e-08,0.4575163000000001
2.6181e-08,0.4574332
2.6183e-08,0.45734339999999996
2.6185e-08,0.4572471
2.6187e-08,0.4571444
2.6189e-08,0.4570354000000001
2.6191e-08,0.4569202
2.6193e-08,0.4567991
2.6195e-08,0.45667199999999997
2.6197e-08,0.4565391
2.61985e-08,0.4564357
2.62e-08,0.4563292
2.62002e-08,0.45631469999999996
2.62006e-08,0.45628559999999996
2.62014e-08,0.4562269
2.6203e-08,0.4561069000000001
2.6205e-08,0.45595189999999997
2.6207e-08,0.4557918999999999
2.6209e-08,0.45562670000000005
2.6211e-08,0.4554566
2.6213e-08,0.45528160000000006
2.6215e-08,0.45510170000000005
2.6217e-08,0.4549172
2.6219e-08,0.45472809999999997
2.6221e-08,0.4545346
2.6223e-08,0.4543366999999999
2.6225e-08,0.45413460000000005
2.6227e-08,0.4539284
2.6229e-08,0.4537179
2.6231e-08,0.45350369999999995
2.6233e-08,0.45328539999999995
2.6235e-08,0.4530634
2.6237e-08,0.45283780000000007
2.6239e-08,0.4526085000000001
2.6241e-08,0.45237570000000005
2.6243e-08,0.4521395
2.6245e-08,0.4519001
2.6247e-08,0.45165730000000004
2.6249e-08,0.45141130000000007
2.6251e-08,0.4511624000000001
2.6253e-08,0.4509103
2.6255e-08,0.4506555
2.6257e-08,0.4503977
2.6259e-08,0.4501371999999999
2.6261e-08,0.44987410000000005
2.6263e-08,0.44960829999999996
2.6265e-08,0.44933999999999996
2.6267e-08,0.44906919999999995
2.6269e-08,0.4487962
2.6271e-08,0.4485207
2.6273e-08,0.4482431
2.6275e-08,0.44796330000000006
2.6277e-08,0.4476814
2.6279e-08,0.4473975
2.6281e-08,0.4471117
2.6283e-08,0.44682390000000005
2.6285e-08,0.44653429999999994
2.6287e-08,0.44624300000000006
2.6289e-08,0.4459499
2.6291e-08,0.4456553000000001
2.6293e-08,0.44535899999999995
2.6295e-08,0.44506140000000005
2.6297e-08,0.4447622
2.6299e-08,0.4444616
2.6301e-08,0.44415969999999994
2.6303e-08,0.44385640000000004
2.6305e-08,0.44355200000000006
2.6307e-08,0.44324639999999993
2.6309e-08,0.4429398
2.6311e-08,0.442632
2.6313e-08,0.4423232
2.6315e-08,0.44201349999999995
2.6317e-08,0.44170279999999995
2.6319e-08,0.4413914
2.6321e-08,0.44107910000000006
2.6323e-08,0.440766
2.6325e-08,0.4404523
2.6327e-08,0.44013789999999997
2.6329e-08,0.43982280000000007
2.6331e-08,0.4395072
2.6333e-08,0.43919110000000006
2.6335e-08,0.43887450000000006
2.6337e-08,0.43855750000000004
2.6339e-08,0.4382400000000001
2.6341e-08,0.43792219999999993
2.6343e-08,0.4376042
2.6345e-08,0.43728579999999995
2.6347e-08,0.43696710000000005
2.6349e-08,0.4366483
2.6351e-08,0.4363294
2.6353e-08,0.4360102
2.6355e-08,0.4356911
2.6357e-08,0.4353718
2.6359e-08,0.4350526
2.6361e-08,0.43473340000000005
2.6363e-08,0.4344142
2.6365e-08,0.43409509999999996
2.6367e-08,0.43377619999999995
2.6369e-08,0.4334574
2.6371e-08,0.43313880000000005
2.6373e-08,0.4328204
2.6375e-08,0.4325023
2.6377e-08,0.4321844
2.6379e-08,0.43186689999999994
2.6381e-08,0.4315496
2.6383e-08,0.4312328000000001
2.6385e-08,0.43091630000000003
2.6387e-08,0.4306002
2.6389e-08,0.43028469999999996
2.6391e-08,0.42996960000000006
2.6393e-08,0.42965489999999995
2.6395e-08,0.4293409
2.6397e-08,0.4290273
2.63985e-08,0.4287924999999999
2.64e-08,0.428558
2.64002e-08,0.4285268
2.64006e-08,0.4284642999999999
2.64014e-08,0.4283395
2.6403e-08,0.4280900999999999
2.6405e-08,0.427779
2.6407e-08,0.42746850000000003
2.6409e-08,0.4271587
2.6411e-08,0.42684960000000005
2.6413e-08,0.4265413
2.6415e-08,0.42623369999999994
2.6417e-08,0.42592679999999994
2.6419e-08,0.4256208
2.6421e-08,0.4253156
2.6423e-08,0.4250111
2.6425e-08,0.4247075
2.6427e-08,0.4244048
2.6429e-08,0.42410289999999995
2.6431e-08,0.423802
2.6433e-08,0.4235019
2.6435e-08,0.42320270000000004
2.6437e-08,0.42290459999999996
2.6439e-08,0.4226073
2.6441e-08,0.42231109999999994
2.6443e-08,0.4220157
2.6445e-08,0.42172149999999997
2.6447e-08,0.42142809999999997
2.6449e-08,0.4211359
2.6451e-08,0.42084469999999996
2.6453e-08,0.42055449999999994
2.6455e-08,0.4202653999999999
2.6457e-08,0.41997740000000006
2.6459e-08,0.4196904
2.6461e-08,0.41940449999999996
2.6463e-08,0.41911980000000004
2.6465e-08,0.41883609999999993
2.6467e-08,0.41855370000000003
2.6469e-08,0.41827229999999993
2.6471e-08,0.4179921
2.6473e-08,0.41771309999999995
2.6475e-08,0.41743510000000006
2.6477e-08,0.41715839999999993
2.6479e-08,0.41688290000000006
2.6481e-08,0.41660849999999994
2.6483e-08,0.4163353999999999
2.6485e-08,0.41606350000000003
2.6487e-08,0.4157927
2.6489e-08,0.41552330000000004
2.6491e-08,0.41525500000000004
2.6493e-08,0.4149879000000001
2.6495e-08,0.41472220000000004
2.6497e-08,0.4144576
2.6499e-08,0.41419439999999996
2.6501e-08,0.41393230000000003
2.6503e-08,0.4136715999999999
2.6505e-08,0.41341210000000006
2.6507e-08,0.4131538
2.6509e-08,0.4128969
2.6511e-08,0.41264120000000004
2.6513e-08,0.4123869
2.6515e-08,0.41213369999999994
2.6517e-08,0.4118819
2.6519e-08,0.41163150000000004
2.6521e-08,0.4113823
2.6523e-08,0.4111343999999999
2.6525e-08,0.4108879
2.6527e-08,0.4106426000000001
2.6529e-08,0.41039859999999995
2.6531e-08,0.4101559
2.6533e-08,0.40991469999999997
2.6535e-08,0.40967470000000006
2.6537e-08,0.40943589999999996
2.6539e-08,0.40919859999999997
2.6541e-08,0.40896260000000006
2.6543e-08,0.40872790000000003
2.6545e-08,0.4084945000000001
2.6547e-08,0.4082625
2.6549e-08,0.4080317
2.6551e-08,0.40780229999999995
2.6553e-08,0.4075742
2.6555e-08,0.4073475000000001
2.6557e-08,0.40712210000000004
2.6559e-08,0.4068980000000001
2.6561e-08,0.4066753000000001
2.6563e-08,0.40645390000000003
2.6565e-08,0.4062338000000001
2.6567e-08,0.406015
2.6569e-08,0.4057974999999999
2.6571e-08,0.4055814
2.6573e-08,0.4053666
2.6575e-08,0.4051532
2.6577e-08,0.40494110000000005
2.6579e-08,0.40473020000000004
2.6581e-08,0.4045208
2.6583e-08,0.4043125999999999
2.6585e-08,0.4041057
2.6587e-08,0.40390020000000004
2.6589e-08,0.4036959
2.6591e-08,0.403493
2.6593e-08,0.4032915
2.6595e-08,0.4030910999999999
2.6597e-08,0.4028921
2.65985e-08,0.40274370000000004
2.66e-08,0.4025961
2.66002e-08,0.40257640000000006
2.66006e-08,0.40253720000000004
2.66014e-08,0.40245890000000006
2.6603e-08,0.4023029
2.6605e-08,0.4021091
2.6607e-08,0.40191660000000007
2.6609e-08,0.40172529999999995
2.6611e-08,0.4015354
2.6613e-08,0.4013467999999999
2.6615e-08,0.4011593
2.6617e-08,0.40097320000000003
2.6619e-08,0.40078839999999993
2.6621e-08,0.4006048
2.6623e-08,0.4004225
2.6625e-08,0.40024150000000003
2.6627e-08,0.4000617000000001
2.6629e-08,0.3998832
2.6631e-08,0.39970589999999995
2.6633e-08,0.3995299
2.6635e-08,0.39935509999999996
2.6637e-08,0.3991815000000001
2.6639e-08,0.39900920000000006
2.6641e-08,0.3988381999999999
2.6643e-08,0.3986683
2.6645e-08,0.39849959999999995
2.6647e-08,0.3983322
2.6649e-08,0.398166
2.6651e-08,0.39800099999999994
2.6653e-08,0.3978372
2.6655e-08,0.3976746
2.6657e-08,0.3975132
2.6659e-08,0.39735299999999996
2.6661e-08,0.39719400000000005
2.6663e-08,0.3970361
2.6665e-08,0.39687949999999994
2.6667e-08,0.3967240000000001
2.6669e-08,0.3965697
2.6671e-08,0.39641649999999995
2.6673e-08,0.3962645
2.6675e-08,0.3961137
2.6677e-08,0.3959640000000001
2.6679e-08,0.39581540000000004
2.6681e-08,0.39566789999999996
2.6683e-08,0.3955217
2.6685e-08,0.3953765
2.6687e-08,0.3952325
2.6689e-08,0.39508959999999993
2.6691e-08,0.3949477
2.6693e-08,0.394807
2.6695e-08,0.3946674
2.6697e-08,0.39452890000000007
2.6699e-08,0.39439159999999995
2.6701e-08,0.39425520000000003
2.6703e-08,0.3941199000000001
2.6705e-08,0.39398580000000005
2.6707e-08,0.39385269999999994
2.6709e-08,0.3937206
2.6711e-08,0.3935896000000001
2.6713e-08,0.3934598
2.6715e-08,0.3933308
2.6717e-08,0.39320299999999997
2.6719e-08,0.3930762
2.6721e-08,0.39295040000000003
2.6723e-08,0.39282569999999994
2.6725e-08,0.392702
2.6727e-08,0.39257929999999996
2.6729e-08,0.39245759999999996
2.6731e-08,0.3923369
2.6733e-08,0.3922173
2.6735e-08,0.3920985
2.6737e-08,0.3919808
2.6739e-08,0.39186409999999994
2.6741e-08,0.3917484
2.6743e-08,0.39163349999999997
2.6745e-08,0.3915198
2.6747e-08,0.3914069
2.6749e-08,0.39129500000000006
2.6751e-08,0.39118410000000003
2.6753e-08,0.3910739999999999
2.6755e-08,0.3909649999999999
2.6757e-08,0.39085690000000006
2.6759e-08,0.3907495999999999
2.6761e-08,0.3906433
2.6763e-08,0.3905379
2.6765e-08,0.3904335
2.6767e-08,0.3903299
2.6769e-08,0.3902272
2.6771e-08,0.3901254999999999
2.6773e-08,0.39002459999999994
2.6775e-08,0.3899247
2.6777e-08,0.38982550000000005
2.6779e-08,0.3897273
2.6781e-08,0.3896299
2.6783e-08,0.38953329999999997
2.6785e-08,0.3894377
2.6787e-08,0.3893428
2.6789e-08,0.3892489
2.6791e-08,0.3891557
2.6793e-08,0.38906340000000006
2.6795e-08,0.3889718999999999
2.6797e-08,0.3888813
2.67985e-08,0.3888138
2.68e-08,0.38874680000000006
2.68002e-08,0.3887387
2.68006e-08,0.3887241
2.68014e-08,0.3887052999999999
2.6803e-08,0.38869870000000006
2.6805e-08,0.38871920000000004
2.6807e-08,0.38873610000000003
2.6809e-08,0.38871469999999997
2.6811e-08,0.38862589999999997
2.6813e-08,0.38844499999999993
2.6815e-08,0.38815140000000004
2.6817e-08,0.38772779999999996
2.6819e-08,0.38715980000000005
2.6821e-08,0.3864356
2.6823e-08,0.38554540000000004
2.6825e-08,0.3844816
2.6827e-08,0.38323850000000004
2.6829e-08,0.3818112
2.6831e-08,0.38019670000000005
2.6833e-08,0.378393
2.6835e-08,0.3763991
2.6837e-08,0.37421479999999996
2.6839e-08,0.3718408000000001
2.6841e-08,0.36927849999999995
2.6843e-08,0.36652970000000007
2.6845e-08,0.36359719999999995
2.6847e-08,0.3604836
2.6849e-08,0.3571925
2.6851e-08,0.3537274
2.6853e-08,0.35009239999999997
2.6855e-08,0.34629160000000003
2.6857e-08,0.3423294
2.6859e-08,0.3382105999999999
2.6861e-08,0.3339398
2.6863e-08,0.32952190000000003
2.6865e-08,0.3249620000000001
2.6867e-08,0.32026489999999996
2.6869e-08,0.31543560000000004
2.6871e-08,0.31047939999999996
2.6873e-08,0.30540139999999993
2.6875e-08,0.30020650000000004
2.6877e-08,0.2948999
2.6879e-08,0.2894867000000001
2.6881e-08,0.28397169999999994
2.6883e-08,0.2783601
2.6885e-08,0.27265649999999997
2.6887e-08,0.26686600000000005
2.6889e-08,0.2609933
2.6891e-08,0.25504289999999996
2.6893e-08,0.2490196
2.6895e-08,0.24292789999999997
2.6897e-08,0.23677199999999998
2.6899e-08,0.23055650000000005
2.6901e-08,0.22428559999999997
2.6903e-08,0.21796320000000002
2.6905e-08,0.2115937
2.6907e-08,0.2051809
2.6909e-08,0.19872860000000003
2.6911e-08,0.19224049999999993
2.6913e-08,0.18572049999999996
2.6915e-08,0.179172
2.6917e-08,0.17259829999999998
2.6919e-08,0.16600309999999996
2.6921e-08,0.1593893999999999
2.6923e-08,0.15276049999999997
2.6925e-08,0.1461194
2.6927e-08,0.1394691
2.6929e-08,0.13281239999999994
2.6931e-08,0.12615219999999994
2.6933e-08,0.11949110000000007
2.6935e-08,0.11283189999999998
2.6937e-08,0.10617690000000002
2.6939e-08,0.09952870000000003
2.6941e-08,0.09288949999999996
2.6943e-08,0.08626159999999994
2.6945e-08,0.07964730000000009
2.6947e-08,0.07304859999999991
2.6949e-08,0.06646750000000001
2.6951e-08,0.059906000000000015
2.6953e-08,0.05336610000000008
2.6955e-08,0.046849300000000094
2.6957e-08,0.040357599999999993
2.6959e-08,0.033892400000000045
2.6961e-08,0.02745540000000002
2.6963e-08,0.021048399999999967
2.6965e-08,0.01467240000000003
2.6967e-08,0.00832900000000003
2.6969e-08,0.0020195999999998993
2.6971e-08,-0.004254599999999997
2.6973e-08,-0.010492500000000016
2.6975e-08,-0.016692799999999952
2.6977e-08,-0.022854400000000052
2.6979e-08,-0.028976300000000066
2.6981e-08,-0.035057499999999964
2.6983e-08,-0.0410971
2.6985e-08,-0.04709430000000003
2.6987e-08,-0.053047999999999984
2.6989e-08,-0.0589577
2.6991e-08,-0.06482239999999995
2.6993e-08,-0.07064150000000002
2.6995e-08,-0.0764144
2.6997e-08,-0.0821404
2.69985e-08,-0.08640380000000003
2.7e-08,-0.09065140000000005
2.70002e-08,-0.09121760000000001
2.70006e-08,-0.09235090000000001
2.70014e-08,-0.09461980000000003
2.7003e-08,-0.09915570000000007
2.7005e-08,-0.10479439999999995
2.7007e-08,-0.11036289999999993
2.7009e-08,-0.11582720000000002
2.7011e-08,-0.1211586
2.7013e-08,-0.12633289999999997
2.7015e-08,-0.1313299
2.7017e-08,-0.13613299999999995
2.7019e-08,-0.14072859999999998
2.7021e-08,-0.14510580000000006
2.7023e-08,-0.1492559
2.7025e-08,-0.15317210000000003
2.7027e-08,-0.1568499
2.7029e-08,-0.16028569999999998
2.7031e-08,-0.1634776
2.7033e-08,-0.16642460000000003
2.7035e-08,-0.16912709999999997
2.7037e-08,-0.17158589999999996
2.7039e-08,-0.17380289999999998
2.7041e-08,-0.1757803
2.7043e-08,-0.1775213
2.7045e-08,-0.17902929999999995
2.7047e-08,-0.18030800000000002
2.7049e-08,-0.1813616
2.7051e-08,-0.18219449999999993
2.7053e-08,-0.18281160000000007
2.7055e-08,-0.18321749999999992
2.7057e-08,-0.1834173
2.7059e-08,-0.18341629999999998
2.7061e-08,-0.18321949999999998
2.7063e-08,-0.1828324
2.7065e-08,-0.18226010000000004
2.7067e-08,-0.18150809999999995
2.7069e-08,-0.18058169999999996
2.7071e-08,-0.17948619999999993
2.7073e-08,-0.1782269999999999
2.7075e-08,-0.1768094
2.7077e-08,-0.17523850000000007
2.7079e-08,-0.1735196
2.7081e-08,-0.17165790000000003
2.7083e-08,-0.16965819999999998
2.7085e-08,-0.1675255
2.7087e-08,-0.165265
2.7089e-08,-0.16288120000000006
2.7091e-08,-0.16037899999999994
2.7093e-08,-0.15776279999999998
2.7095e-08,-0.1550374
2.7097e-08,-0.1522072
2.7099e-08,-0.1492766000000001
2.7101e-08,-0.14624969999999993
2.7103e-08,-0.14313090000000006
2.7105e-08,-0.1399241
2.7107e-08,-0.13663329999999996
2.7109e-08,-0.13326249999999995
2.7111e-08,-0.12981540000000003
2.7113e-08,-0.12629590000000002
2.7115e-08,-0.12270740000000002
2.7117e-08,-0.11905349999999992
2.7119e-08,-0.11533749999999998
2.7121e-08,-0.11156310000000003
2.7123e-08,-0.10773319999999997
2.7125e-08,-0.10385109999999997
2.7127e-08,-0.09991989999999995
2.7129e-08,-0.09594269999999994
2.7131e-08,-0.09192220000000006
2.7133e-08,-0.08786139999999998
2.7135e-08,-0.08376289999999997
2.7137e-08,-0.07962950000000002
2.7139e-08,-0.07546379999999997
2.7141e-08,-0.07126840000000001
2.7143e-08,-0.06704549999999998
2.7145e-08,-0.06279770000000007
2.7147e-08,-0.05852729999999995
2.7149e-08,-0.054236300000000015
2.7151e-08,-0.04992719999999995
2.7153e-08,-0.045601900000000084
2.7155e-08,-0.04126240000000003
2.7157e-08,-0.03691080000000002
2.7159e-08,-0.03254889999999999
2.7161e-08,-0.028178600000000054
2.7163e-08,-0.023801799999999984
2.7165e-08,-0.019419900000000045
2.7167e-08,-0.015034900000000073
2.7169e-08,-0.010648299999999944
2.7171e-08,-0.006261599999999978
2.7173e-08,-0.0018764000000000003
2.7175e-08,0.002505900000000061
2.7177e-08,0.006884000000000001
2.7179e-08,0.011256299999999997
2.7181e-08,0.015621700000000072
2.7183e-08,0.01997890000000002
2.7185e-08,0.024326600000000087
2.7187e-08,0.02866360000000001
2.7189e-08,0.03298909999999999
2.7191e-08,0.037301600000000046
2.7193e-08,0.04160039999999998
2.7195e-08,0.04588429999999999
2.7197e-08,0.05015249999999993
2.71985e-08,0.05334260000000002
2.72e-08,0.05652310000000005
2.72002e-08,0.05694619999999995
2.72006e-08,0.05779230000000002
2.72014e-08,0.05948220000000004
2.7203e-08,0.06285299999999994
2.7205e-08,0.06704909999999997
2.7207e-08,0.07122519999999999
2.7209e-08,0.07538049999999996
2.7211e-08,0.07951439999999999
2.7213e-08,0.08362599999999998
2.7215e-08,0.08771489999999993
2.7217e-08,0.09178039999999998
2.7219e-08,0.0958218999999999
2.7221e-08,0.0998388
2.7223e-08,0.10383070000000005
2.7225e-08,0.10779689999999997
2.7227e-08,0.11173709999999992
2.7229e-08,0.11565080000000005
2.7231e-08,0.11953750000000007
2.7233e-08,0.12339679999999997
2.7235e-08,0.12722849999999997
2.7237e-08,0.13103199999999993
2.7239e-08,0.13480709999999996
2.7241e-08,0.13855340000000005
2.7243e-08,0.14227079999999992
2.7245e-08,0.14595879999999994
2.7247e-08,0.14961729999999995
2.7249e-08,0.15324589999999993
2.7251e-08,0.15684450000000005
2.7253e-08,0.16041289999999997
2.7255e-08,0.16395100000000007
2.7257e-08,0.1674584
2.7259e-08,0.17093499999999995
2.7261e-08,0.17438090000000006
2.7263e-08,0.17779580000000006
2.7265e-08,0.1811796
2.7267e-08,0.1845321000000001
2.7269e-08,0.1878535
2.7271e-08,0.1911434999999999
2.7273e-08,0.19440210000000002
2.7275e-08,0.1976293
2.7277e-08,0.20082509999999998
2.7279e-08,0.20398929999999993
2.7281e-08,0.20712220000000003
2.7283e-08,0.2102235
2.7285e-08,0.21329339999999997
2.7287e-08,0.21633179999999996
2.7289e-08,0.2193389
2.7291e-08,0.22231459999999992
2.7293e-08,0.22525889999999993
2.7295e-08,0.22817200000000004
2.7297e-08,0.23105390000000003
2.7299e-08,0.23390469999999997
2.7301e-08,0.23672440000000006
2.7303e-08,0.23951329999999993
2.7305e-08,0.24227120000000002
2.7307e-08,0.24499839999999995
2.7309e-08,0.247695
2.7311e-08,0.2503611
2.7313e-08,0.2529967999999999
2.7315e-08,0.25560229999999995
2.7317e-08,0.25817750000000006
2.7319e-08,0.26072280000000003
2.7321e-08,0.2632382
2.7323e-08,0.26572379999999995
2.7325e-08,0.2681799
2.7327e-08,0.2706067
2.7329e-08,0.27300420000000003
2.7331e-08,0.2753725
2.7333e-08,0.27771199999999996
2.7335e-08,0.28002270000000007
2.7337e-08,0.28230489999999997
2.7339e-08,0.2845586
2.7341e-08,0.28678420000000004
2.7343e-08,0.2889817
2.7345e-08,0.2911513
2.7347e-08,0.29329340000000004
2.7349e-08,0.29540789999999995
2.7351e-08,0.29749500000000006
2.7353e-08,0.2995552
2.7355e-08,0.3015884999999999
2.7357e-08,0.30359499999999995
2.7359e-08,0.3055751
2.7361e-08,0.3075289
2.7363e-08,0.30945659999999997
2.7365e-08,0.31135840000000004
2.7367e-08,0.31323449999999997
2.7369e-08,0.31508519999999995
2.7371e-08,0.31691060000000004
2.7373e-08,0.3187108999999999
2.7375e-08,0.32048640000000006
2.7377e-08,0.3222372
2.7379e-08,0.32396350000000007
2.7381e-08,0.3256658
2.7383e-08,0.3273438999999999
2.7385e-08,0.32899829999999997
2.7387e-08,0.3306291
2.7389e-08,0.33223650000000005
2.7391e-08,0.33382069999999997
2.7393e-08,0.33538200000000007
2.7395e-08,0.3369206
2.7397e-08,0.3384366
2.73985e-08,0.3395589
2.74e-08,0.3406688
2.74002e-08,0.3408158
2.74006e-08,0.3411092
2.74014e-08,0.3416933999999999
2.7403e-08,0.3428515
2.7405e-08,0.34427949999999996
2.7407e-08,0.3456859000000001
2.7409e-08,0.34707129999999997
2.7411e-08,0.3484355
2.7413e-08,0.34977880000000006
2.7415e-08,0.3511016
2.7417e-08,0.3524039
2.7419e-08,0.35368600000000006
2.7421e-08,0.3549481
2.7423e-08,0.35619029999999996
2.7425e-08,0.357413
2.7427e-08,0.3586163
2.7429e-08,0.35980029999999996
2.7431e-08,0.3609654
2.7433e-08,0.36211170000000004
2.7435e-08,0.3632394
2.7437e-08,0.3643486
2.7439e-08,0.3654398
2.7441e-08,0.36651279999999997
2.7443e-08,0.36756809999999995
2.7445e-08,0.36860590000000004
2.7447e-08,0.36962609999999996
2.7449e-08,0.3706292
2.7451e-08,0.37161520000000003
2.7453e-08,0.3725843999999999
2.7455e-08,0.373537
2.7457e-08,0.3744731
2.7459e-08,0.375393
2.7461e-08,0.37629670000000004
2.7463e-08,0.3771846
2.7465e-08,0.3780566999999999
2.7467e-08,0.3789133
2.7469e-08,0.37975460000000005
2.7471e-08,0.3805807
2.7473e-08,0.3813919
2.7475e-08,0.3821882
2.7477e-08,0.3829698
2.7479e-08,0.383737
2.7481e-08,0.38448989999999994
2.7483e-08,0.3852287
2.7485e-08,0.3859535999999999
2.7487e-08,0.3866647999999999
2.7489e-08,0.38736229999999994
2.7491e-08,0.38804629999999996
2.7493e-08,0.3887170999999999
2.7495e-08,0.38937469999999996
2.7497e-08,0.39001949999999996
2.7499e-08,0.39065150000000004
2.7501e-08,0.3912707999999999
2.7503e-08,0.39187760000000005
2.7505e-08,0.3924723
2.7507e-08,0.3930547
2.7509e-08,0.39362510000000006
2.7511e-08,0.39418359999999997
2.7513e-08,0.39473060000000004
2.7515e-08,0.395266
2.7517e-08,0.39578990000000003
2.7519e-08,0.3963027
2.7521e-08,0.3968043
2.7523e-08,0.39729499999999995
2.7525e-08,0.39777490000000004
2.7527e-08,0.39824420000000005
2.7529e-08,0.39870300000000003
2.7531e-08,0.3991513
2.7533e-08,0.3995894
2.7535e-08,0.40001739999999997
2.7537e-08,0.40043550000000006
2.7539e-08,0.4008437
2.7541e-08,0.4012422
2.7543e-08,0.40163119999999997
2.7545e-08,0.40201070000000005
2.7547e-08,0.402381
2.7549e-08,0.40274199999999993
2.7551e-08,0.4030941
2.7553e-08,0.4034373
2.7555e-08,0.4037716
2.7557e-08,0.40409720000000005
2.7559e-08,0.4044143
2.7561e-08,0.4047231
2.7563e-08,0.4050233999999999
2.7565e-08,0.4053156
2.7567e-08,0.4055997
2.7569e-08,0.40587589999999996
2.7571e-08,0.40614420000000007
2.7573e-08,0.4064048
2.7575e-08,0.40665780000000007
2.7577e-08,0.40690329999999997
2.7579e-08,0.40714150000000005
2.7581e-08,0.4073722999999999
2.7583e-08,0.40759599999999996
2.7585e-08,0.40781259999999997
2.7587e-08,0.40802229999999995
2.7589e-08,0.40822500000000006
2.7591e-08,0.40842100000000003
2.7593e-08,0.4086105
2.7595e-08,0.4087932999999999
2.7597e-08,0.4089697
2.75985e-08,0.40909779999999996
2.76e-08,0.4092224
2.76002e-08,0.40923869999999996
2.76006e-08,0.4092713
2.76014e-08,0.40933549999999996
2.7603e-08,0.4094610999999999
2.7605e-08,0.40961270000000005
2.7607e-08,0.4097584000000001
2.7609e-08,0.4098982
2.7611e-08,0.4100321
2.7613e-08,0.4101604
2.7615e-08,0.4102831
2.7617e-08,0.41040029999999994
2.7619e-08,0.41051210000000005
2.7621e-08,0.41061860000000006
2.7623e-08,0.4107197
2.7625e-08,0.41081579999999995
2.7627e-08,0.4109068
2.7629e-08,0.41099280000000005
2.7631e-08,0.4110739
2.7633e-08,0.4111501000000001
2.7635e-08,0.4112217
2.7637e-08,0.41128850000000006
2.7639e-08,0.4113508
2.7641e-08,0.4114085999999999
2.7643e-08,0.411462
2.7645e-08,0.4115108999999999
2.7647e-08,0.4115556
2.7649e-08,0.4115961
2.7651e-08,0.4116324
2.7653e-08,0.41166479999999994
2.7655e-08,0.41169310000000003
2.7657e-08,0.41171749999999996
2.7659e-08,0.41173800000000005
2.7661e-08,0.41175470000000003
2.7663e-08,0.4117678
2.7665e-08,0.41177720000000007
2.7667e-08,0.411783
2.7669e-08,0.41178539999999997
2.7671e-08,0.4117843
2.7673e-08,0.41177980000000003
2.7675e-08,0.41177189999999997
2.7677e-08,0.4117609
2.7679e-08,0.41174659999999996
2.7681e-08,0.41172909999999996
2.7683e-08,0.4117086
2.7685e-08,0.4116851
2.7687e-08,0.4116586
2.7689e-08,0.4116293
2.7691e-08,0.41159710000000005
2.7693e-08,0.41156209999999993
2.7695e-08,0.41152429999999995
2.7697e-08,0.4114839
2.7699e-08,0.4114409
2.7701e-08,0.4113953
2.7703e-08,0.4113472
2.7705e-08,0.4112966
2.7707e-08,0.4112437000000001
2.7709e-08,0.41118829999999995
2.7711e-08,0.4111305999999999
2.7713e-08,0.4110707
2.7715e-08,0.4110085
2.7717e-08,0.4109442
2.7719e-08,0.41087780000000007
2.7721e-08,0.41080929999999993
2.7723e-08,0.41073879999999996
2.7725e-08,0.41066630000000004
2.7727e-08,0.4105919
2.7729e-08,0.41051550000000003
2.7731e-08,0.4104373
2.7733e-08,0.41035730000000004
2.7735e-08,0.4102756000000001
2.7737e-08,0.41019210000000006
2.7739e-08,0.410107
2.7741e-08,0.4100201
2.7743e-08,0.40993180000000007
2.7745e-08,0.4098419
2.7747e-08,0.40975040000000007
2.7749e-08,0.40965739999999995
2.7751e-08,0.409563
2.7753e-08,0.40946720000000003
2.7755e-08,0.40937009999999996
2.7757e-08,0.4092714999999999
2.7759e-08,0.4091717
2.7761e-08,0.40907059999999995
2.7763e-08,0.4089684
2.7765e-08,0.4088649
2.7767e-08,0.4087601999999999
2.7769e-08,0.40865450000000003
2.7771e-08,0.40854750000000006
2.7773e-08,0.4084396
2.7775e-08,0.4083306
2.7777e-08,0.4082207
2.7779e-08,0.40810979999999997
2.7781e-08,0.4079979
2.7783e-08,0.4078851
2.7785e-08,0.40777149999999995
2.7787e-08,0.40765699999999994
2.7789e-08,0.40754159999999995
2.7791e-08,0.4074255
2.7793e-08,0.40730869999999997
2.7795e-08,0.40719099999999997
2.7797e-08,0.4070726
2.77985e-08,0.40698350000000005
2.78e-08,0.40689390000000003
2.78002e-08,0.4068819
2.78006e-08,0.40685800000000005
2.78014e-08,0.40680990000000006
2.7803e-08,0.4067136
2.7805e-08,0.40659270000000003
2.7807e-08,0.4064711999999999
2.7809e-08,0.4063491
2.7811e-08,0.40622650000000005
2.7813e-08,0.4061034
2.7815e-08,0.4059798
2.7817e-08,0.4058558
2.7819e-08,0.40573120000000007
2.7821e-08,0.4056063000000001
2.7823e-08,0.40548090000000003
2.7825e-08,0.4053552
2.7827e-08,0.4052291
2.7829e-08,0.4051028
2.7831e-08,0.404976
2.7833e-08,0.404849
2.7835e-08,0.4047217000000001
2.7837e-08,0.40459409999999996
2.7839e-08,0.40446629999999995
2.7841e-08,0.4043384
2.7843e-08,0.4042101
2.7845e-08,0.4040817
2.7847e-08,0.40395309999999995
2.7849e-08,0.4038244
2.7851e-08,0.40369559999999993
2.7853e-08,0.4035666
2.7855e-08,0.4034375
2.7857e-08,0.4033084
2.7859e-08,0.40317920000000007
2.7861e-08,0.40305
2.7863e-08,0.4029207
2.7865e-08,0.40279129999999996
2.7867e-08,0.40266199999999996
2.7869e-08,0.4025325999999999
2.7871e-08,0.40240339999999997
2.7873e-08,0.4022742
2.7875e-08,0.4021449
2.7877e-08,0.40201580000000003
2.7879e-08,0.40188670000000004
2.7881e-08,0.40175779999999994
2.7883e-08,0.40162889999999996
2.7885e-08,0.4015001
2.7887e-08,0.4013715
2.7889e-08,0.401243
2.7891e-08,0.4011146
2.7893e-08,0.4009865
2.7895e-08,0.4008585
2.7897e-08,0.4007307
2.7899e-08,0.4006029
2.7901e-08,0.4004755
2.7903e-08,0.4003483000000001
2.7905e-08,0.40022140000000006
2.7907e-08,0.4000946000000001
2.7909e-08,0.39996810000000005
2.7911e-08,0.3998417999999999
2.7913e-08,0.3997159
2.7915e-08,0.3995902
2.7917e-08,0.39946480000000006
2.7919e-08,0.3993396
2.7921e-08,0.39921470000000003
2.7923e-08,0.39909020000000006
2.7925e-08,0.39896599999999993
2.7927e-08,0.3988421
2.7929e-08,0.3987185
2.7931e-08,0.3985953
2.7933e-08,0.39847239999999995
2.7935e-08,0.39834990000000003
2.7937e-08,0.39822769999999996
2.7939e-08,0.3981059
2.7941e-08,0.3979844
2.7943e-08,0.3978634999999999
2.7945e-08,0.39774280000000006
2.7947e-08,0.3976225
2.7949e-08,0.39750259999999993
2.7951e-08,0.39738320000000005
2.7953e-08,0.39726400000000006
2.7955e-08,0.3971454
2.7957e-08,0.3970272
2.7959e-08,0.39690939999999997
2.7961e-08,0.3967919999999999
2.7963e-08,0.39667510000000006
2.7965e-08,0.3965586
2.7967e-08,0.39644250000000003
2.7969e-08,0.39632690000000004
2.7971e-08,0.3962118
2.7973e-08,0.3960971000000001
2.7975e-08,0.3959829
2.7977e-08,0.3958691
2.7979e-08,0.3957558
2.7981e-08,0.39564299999999997
2.7983e-08,0.39553059999999995
2.7985e-08,0.39541879999999996
2.7987e-08,0.3953074
2.7989e-08,0.3951966
2.7991e-08,0.39508620000000005
2.7993e-08,0.3949762
2.7995e-08,0.3948669
2.7997e-08,0.39475800000000005
2.79985e-08,0.39467660000000004
2.8e-08,0.39460660000000003
2.80002e-08,0.39459959999999994
2.80006e-08,0.39458709999999997
2.80014e-08,0.3945704
2.8003e-08,0.39455929999999995
2.8005e-08,0.39456060000000004
2.8007e-08,0.39454469999999997
2.8009e-08,0.3944793999999999
2.8011e-08,0.3943373
2.8013e-08,0.3940952
2.8015e-08,0.3937339999999999
2.8017e-08,0.39323739999999996
2.8019e-08,0.3925921
2.8021e-08,0.391787
2.8023e-08,0.39081319999999997
2.8025e-08,0.38966370000000006
2.8027e-08,0.38833320000000005
2.8029e-08,0.38681769999999993
2.8031e-08,0.38511419999999996
2.8033e-08,0.3832213
2.8035e-08,0.3811382000000001
2.8037e-08,0.378865
2.8039e-08,0.3764027
2.8041e-08,0.37375290000000005
2.8043e-08,0.3709175
2.8045e-08,0.3678994000000001
2.8047e-08,0.36470159999999996
2.8049e-08,0.36132739999999997
2.8051e-08,0.35778070000000006
2.8053e-08,0.3540654
2.8055e-08,0.350186
2.8057e-08,0.3461468
2.8059e-08,0.3419525
2.8061e-08,0.3376079999999999
2.8063e-08,0.3331178
2.8065e-08,0.32848730000000004
2.8067e-08,0.32372140000000005
2.8069e-08,0.31882489999999997
2.8071e-08,0.31380319999999995
2.8073e-08,0.3086613
2.8075e-08,0.30340409999999995
2.8077e-08,0.29803690000000005
2.8079e-08,0.2925645
2.8081e-08,0.28699209999999997
2.8083e-08,0.2813245
2.8085e-08,0.27556649999999994
2.8087e-08,0.2697231
2.8089e-08,0.26379890000000006
2.8091e-08,0.2577986
2.8093e-08,0.2517266
2.8095e-08,0.24558760000000002
2.8097e-08,0.239386
2.8099e-08,0.2331259
2.8101e-08,0.2268118
2.8103e-08,0.22044750000000002
2.8105e-08,0.21403709999999998
2.8107e-08,0.20758469999999996
2.8109e-08,0.20109389999999994
2.8111e-08,0.19456870000000004
2.8113e-08,0.18801250000000003
2.8115e-08,0.1814289
2.8117e-08,0.17482130000000007
2.8119e-08,0.16819289999999998
2.8121e-08,0.1615472
2.8123e-08,0.1548872
2.8125e-08,0.14821600000000001
2.8127e-08,0.14153649999999995
2.8129e-08,0.1348515
2.8131e-08,0.12816379999999994
2.8133e-08,0.12147620000000003
2.8135e-08,0.11479109999999992
2.8137e-08,0.10811110000000002
2.8139e-08,0.10143849999999999
2.8141e-08,0.09477569999999991
2.8143e-08,0.08812509999999996
2.8145e-08,0.08148860000000002
2.8147e-08,0.07486840000000006
2.8149e-08,0.06826650000000001
2.8151e-08,0.06168489999999993
2.8153e-08,0.055125199999999985
2.8155e-08,0.048589400000000005
2.8157e-08,0.04207929999999993
2.8159e-08,0.03559620000000008
2.8161e-08,0.029142
2.8163e-08,0.022718000000000016
2.8165e-08,0.0163257
2.8167e-08,0.00996649999999999
2.8169e-08,0.0036418000000000283
2.8171e-08,-0.0026473999999999664
2.8173e-08,-0.008899800000000013
2.8175e-08,-0.01511410000000002
2.8177e-08,-0.021289400000000014
2.8179e-08,-0.027424499999999963
2.8181e-08,-0.03351870000000001
2.8183e-08,-0.03957080000000002
2.8185e-08,-0.04558019999999996
2.8187e-08,-0.051545799999999975
2.8189e-08,-0.05746689999999999
2.8191e-08,-0.06334280000000003
2.8193e-08,-0.06917280000000003
2.8195e-08,-0.07495620000000003
2.8197e-08,-0.0806926
2.81985e-08,-0.08496349999999997
2.82e-08,-0.08920729999999999
2.82002e-08,-0.08977089999999999
2.82006e-08,-0.090897
2.82014e-08,-0.09314339999999999
2.8203e-08,-0.09761279999999994
2.8205e-08,-0.10315510000000006
2.8207e-08,-0.10864799999999997
2.8209e-08,-0.11409069999999999
2.8211e-08,-0.11948320000000001
2.8213e-08,-0.12482499999999996
2.8215e-08,-0.1301158
2.8217e-08,-0.13535540000000001
2.8219e-08,-0.14054350000000004
2.8221e-08,-0.14567999999999992
2.8223e-08,-0.15076460000000003
2.8225e-08,-0.15579730000000003
2.8227e-08,-0.16077789999999992
2.8229e-08,-0.16570630000000008
2.8231e-08,-0.17058240000000002
2.8233e-08,-0.17540619999999996
2.8235e-08,-0.18017759999999994
2.8237e-08,-0.18489659999999997
2.8239e-08,-0.1895633
2.8241e-08,-0.19417759999999995
2.8243e-08,-0.19873969999999996
2.8245e-08,-0.20324949999999997
2.8247e-08,-0.2077072000000001
2.8249e-08,-0.2121128
2.8251e-08,-0.2164665
2.8253e-08,-0.2207684000000001
2.8255e-08,-0.22501860000000007
2.8257e-08,-0.22921729999999996
2.8259e-08,-0.23336459999999992
2.8261e-08,-0.23746079999999992
2.8263e-08,-0.2415060000000001
2.8265e-08,-0.24550059999999996
2.8267e-08,-0.24944460000000002
2.8269e-08,-0.25333820000000007
2.8271e-08,-0.2571818
2.8273e-08,-0.2609756
2.8275e-08,-0.26471979999999995
2.8277e-08,-0.26841479999999995
2.8279e-08,-0.27206069999999993
2.8281e-08,-0.2756579
2.8283e-08,-0.27920659999999997
2.8285e-08,-0.28270719999999994
2.8287e-08,-0.2861599
2.8289e-08,-0.2895650999999999
2.8291e-08,-0.2929231
2.8293e-08,-0.29623430000000006
2.8295e-08,-0.29949880000000006
2.8297e-08,-0.30271709999999996
2.8299e-08,-0.3058894999999999
2.8301e-08,-0.3090163
2.8303e-08,-0.312098
2.8305e-08,-0.3151347
2.8307e-08,-0.31812699999999994
2.8309e-08,-0.32107509999999995
2.8311e-08,-0.3239793999999999
2.8313e-08,-0.3268402
2.8315e-08,-0.32965810000000006
2.8317e-08,-0.3324332
2.8319e-08,-0.3351659
2.8321e-08,-0.3378567
2.8323e-08,-0.3405058999999999
2.8325e-08,-0.3431138
2.8327e-08,-0.34568089999999996
2.8329e-08,-0.3482075
2.8331e-08,-0.35069399999999995
2.8333e-08,-0.3531409000000001
2.8335e-08,-0.35554829999999993
2.8337e-08,-0.3579169000000001
2.8339e-08,-0.3602468
2.8341e-08,-0.3625385
2.8343e-08,-0.36479229999999996
2.8345e-08,-0.36700869999999997
2.8347e-08,-0.3691880999999999
2.8349e-08,-0.3713307
2.8351e-08,-0.373437
2.8353e-08,-0.3755073000000001
2.8355e-08,-0.3775421
2.8357e-08,-0.3795415999999999
2.8359e-08,-0.3815063000000001
2.8361e-08,-0.3834366
2.8363e-08,-0.3853327999999999
2.8365e-08,-0.3871953
2.8367e-08,-0.38902440000000005
2.8369e-08,-0.39082059999999996
2.8371e-08,-0.3925841
2.8373e-08,-0.3943154
2.8375e-08,-0.3960148
2.8377e-08,-0.3976826
2.8379e-08,-0.39931930000000004
2.8381e-08,-0.40092530000000004
2.8383e-08,-0.4025006
2.8385e-08,-0.404046
2.8387e-08,-0.4055615
2.8389e-08,-0.4070475
2.8391e-08,-0.4085046
2.8393e-08,-0.409933
2.8395e-08,-0.41133300000000006
2.8397e-08,-0.412705
2.83985e-08,-0.41371579999999997
2.84e-08,-0.4147221
2.84002e-08,-0.41485720000000004
2.84006e-08,-0.41512859999999996
2.84014e-08,-0.41567640000000006
2.8403e-08,-0.41678119999999996
2.8405e-08,-0.41815389999999997
2.8407e-08,-0.41948450000000004
2.8409e-08,-0.42074179999999994
2.8411e-08,-0.4218997
2.8413e-08,-0.42293610000000004
2.8415e-08,-0.42383270000000006
2.8417e-08,-0.424574
2.8419e-08,-0.42514759999999996
2.8421e-08,-0.42554309999999995
2.8423e-08,-0.4257522
2.8425e-08,-0.4257683
2.8427e-08,-0.4255863
2.8429e-08,-0.42520250000000004
2.8431e-08,-0.42461439999999995
2.8433e-08,-0.4238204
2.8435e-08,-0.4228199
2.8437e-08,-0.4216131000000001
2.8439e-08,-0.4202009
2.8441e-08,-0.41858470000000003
2.8443e-08,-0.41676669999999993
2.8445e-08,-0.4147493
2.8447e-08,-0.41253550000000005
2.8449e-08,-0.41012859999999995
2.8451e-08,-0.4075322
2.8453e-08,-0.40475019999999995
2.8455e-08,-0.40178670000000005
2.8457e-08,-0.3986461
2.8459e-08,-0.39533300000000005
2.8461e-08,-0.3918518
2.8463e-08,-0.38820730000000003
2.8465e-08,-0.3844044
2.8467e-08,-0.380448
2.8469e-08,-0.37634310000000004
2.8471e-08,-0.37209460000000005
2.8473e-08,-0.3677076
2.8475e-08,-0.3631871
2.8477e-08,-0.35853809999999997
2.8479e-08,-0.3537656
2.8481e-08,-0.3488745
2.8483e-08,-0.3438698
2.8485e-08,-0.33875640000000007
2.8487e-08,-0.33353900000000003
2.8489e-08,-0.3282225999999999
2.8491e-08,-0.32281170000000003
2.8493e-08,-0.31731089999999995
2.8495e-08,-0.3117249999999999
2.8497e-08,-0.30605819999999995
2.8499e-08,-0.30031509999999995
2.8501e-08,-0.29450010000000004
2.8503e-08,-0.2886172
2.8505e-08,-0.2826706000000001
2.8507e-08,-0.2766645000000001
2.8509e-08,-0.2706027
2.8511e-08,-0.2644894
2.8513e-08,-0.25832789999999994
2.8515e-08,-0.25212239999999997
2.8517e-08,-0.24587599999999998
2.8519e-08,-0.2395927
2.8521e-08,-0.23327560000000003
2.8523e-08,-0.2269281999999999
2.8525e-08,-0.22055360000000002
2.8527e-08,-0.2141552
2.8529e-08,-0.20773580000000003
2.8531e-08,-0.20129849999999994
2.8533e-08,-0.19484610000000002
2.8535e-08,-0.18838160000000004
2.8537e-08,-0.1819075
2.8539e-08,-0.1754266000000001
2.8541e-08,-0.16894140000000002
2.8543e-08,-0.16245429999999994
2.8545e-08,-0.15596770000000004
2.8547e-08,-0.1494839
2.8549e-08,-0.14300539999999995
2.8551e-08,-0.13653389999999999
2.8553e-08,-0.1300718999999999
2.8555e-08,-0.12362109999999993
2.8557e-08,-0.11718380000000006
2.8559e-08,-0.11076150000000007
2.8561e-08,-0.10435620000000001
2.8563e-08,-0.09796949999999993
2.8565e-08,-0.09160330000000005
2.8567e-08,-0.08525890000000003
2.8569e-08,-0.07893810000000001
2.8571e-08,-0.0726422000000001
2.8573e-08,-0.06637280000000001
2.8575e-08,-0.06013120000000005
2.8577e-08,-0.05391849999999998
2.8579e-08,-0.047736200000000006
2.8581e-08,-0.04158549999999994
2.8583e-08,-0.03546729999999998
2.8585e-08,-0.02938289999999999
2.8587e-08,-0.0233333
2.8589e-08,-0.01731959999999999
2.8591e-08,-0.011342500000000033
2.8593e-08,-0.005403000000000047
2.8595e-08,0.0004978999999999401
2.8597e-08,0.006359699999999968
2.85985e-08,0.010729800000000012
2.86e-08,0.015076899999999949
2.86002e-08,0.015654599999999963
2.86006e-08,0.01680910000000002
2.86014e-08,0.019113200000000052
2.8603e-08,0.02370149999999993
2.8605e-08,0.0293987
2.8607e-08,0.035053299999999954
2.8609e-08,0.0406647
2.8611e-08,0.046232199999999946
2.8613e-08,0.05175540000000001
2.8615e-08,0.0572338
2.8617e-08,0.06266690000000008
2.8619e-08,0.06805459999999997
2.8621e-08,0.07339610000000008
2.8623e-08,0.07869130000000002
2.8625e-08,0.08393989999999996
2.8627e-08,0.08914169999999999
2.8629e-08,0.0942961
2.8631e-08,0.09940310000000008
2.8633e-08,0.10446250000000001
2.8635e-08,0.10947420000000008
2.8637e-08,0.11443780000000003
2.8639e-08,0.1193533
2.8641e-08,0.12422060000000001
2.8643e-08,0.12903960000000003
2.8645e-08,0.1338102
2.8647e-08,0.13853229999999994
2.8649e-08,0.14320599999999994
2.8651e-08,0.1478311
2.8653e-08,0.15240779999999998
2.8655e-08,0.15693610000000002
2.8657e-08,0.1614158
2.8659e-08,0.16584719999999997
2.8661e-08,0.1702302
2.8663e-08,0.17456500000000008
2.8665e-08,0.17885169999999995
2.8667e-08,0.1830904
2.8669e-08,0.18728100000000003
2.8671e-08,0.19142409999999999
2.8673e-08,0.1955194
2.8675e-08,0.19956719999999994
2.8677e-08,0.20356770000000002
2.8679e-08,0.20752110000000001
2.8681e-08,0.21142760000000005
2.8683e-08,0.21528730000000007
2.8685e-08,0.21910049999999992
2.8687e-08,0.22286740000000005
2.8689e-08,0.2265881999999999
2.8691e-08,0.23026310000000005
2.8693e-08,0.23389230000000005
2.8695e-08,0.23747629999999997
2.8697e-08,0.24101519999999999
2.8699e-08,0.24450910000000003
2.8701e-08,0.2479583999999999
2.8703e-08,0.2513635000000001
2.8705e-08,0.25472439999999996
2.8707e-08,0.25804169999999993
2.8709e-08,0.26131550000000003
2.8711e-08,0.2645461
2.8713e-08,0.2677337999999999
2.8715e-08,0.270879
2.8717e-08,0.2739819
2.8719e-08,0.2770427999999999
2.8721e-08,0.28006200000000003
2.8723e-08,0.28304000000000007
2.8725e-08,0.2859769000000001
2.8727e-08,0.2888731
2.8729e-08,0.29172889999999996
2.8731e-08,0.29454480000000005
2.8733e-08,0.2973209
2.8735e-08,0.3000575
2.8737e-08,0.3027552
2.8739e-08,0.3054141
2.8741e-08,0.30803460000000005
2.8743e-08,0.3106171
2.8745e-08,0.3131619
2.8747e-08,0.3156692
2.8749e-08,0.3181396000000001
2.8751e-08,0.32057310000000006
2.8753e-08,0.3229704
2.8755e-08,0.32533159999999994
2.8757e-08,0.3276572000000001
2.8759e-08,0.32994729999999994
2.8761e-08,0.33220249999999996
2.8763e-08,0.334423
2.8765e-08,0.33660920000000005
2.8767e-08,0.3387614
2.8769e-08,0.3408799
2.8771e-08,0.3429650999999999
2.8773e-08,0.34501729999999997
2.8775e-08,0.3470369
2.8777e-08,0.34902410000000006
2.8779e-08,0.3509793
2.8781e-08,0.3529029
2.8783e-08,0.35479530000000004
2.8785e-08,0.35665649999999993
2.8787e-08,0.35848730000000006
2.8789e-08,0.36028760000000004
2.8791e-08,0.36205790000000004
2.8793e-08,0.3637985
2.8795e-08,0.36550989999999994
2.8797e-08,0.3671921
2.87985e-08,0.36843499999999996
2.88e-08,0.36966180000000004
2.88002e-08,0.3698241
2.88006e-08,0.3701479
2.88014e-08,0.37079229999999996
2.8803e-08,0.37206779999999995
2.8805e-08,0.3736372
2.8807e-08,0.3751791000000001
2.8809e-08,0.37669379999999997
2.8811e-08,0.37818170000000007
2.8813e-08,0.37964319999999996
2.8815e-08,0.38107840000000004
2.8817e-08,0.3824877
2.8819e-08,0.38387150000000003
2.8821e-08,0.3852298999999999
2.8823e-08,0.3865634
2.8825e-08,0.38787210000000005
2.8827e-08,0.38915640000000007
2.8829e-08,0.3904166
2.8831e-08,0.39165300000000003
2.8833e-08,0.39286580000000004
2.8835e-08,0.39405540000000006
2.8837e-08,0.3952220000000001
2.8839e-08,0.39636589999999994
2.8841e-08,0.39748739999999994
2.8843e-08,0.3985868
2.8845e-08,0.39966440000000003
2.8847e-08,0.40072030000000003
2.8849e-08,0.4017548999999999
2.8851e-08,0.4027685
2.8853e-08,0.4037613
2.8855e-08,0.4047336
2.8857e-08,0.4056856999999999
2.8859e-08,0.4066177999999999
2.8861e-08,0.4075301
2.8863e-08,0.40842290000000003
2.8865e-08,0.4092966
2.8867e-08,0.41015119999999994
2.8869e-08,0.41098710000000005
2.8871e-08,0.4118044999999999
2.8873e-08,0.4126036999999999
2.8875e-08,0.413385
2.8877e-08,0.41414839999999997
2.8879e-08,0.41489430000000005
2.8881e-08,0.4156230000000001
2.8883e-08,0.4163346
2.8885e-08,0.4170294
2.8887e-08,0.41770760000000007
2.8889e-08,0.4183694
2.8891e-08,0.419015
2.8893e-08,0.41964480000000004
2.8895e-08,0.4202589
2.8897e-08,0.42085739999999994
2.8899e-08,0.4214407
2.8901e-08,0.42200899999999997
2.8903e-08,0.4225624
2.8905e-08,0.42310120000000007
2.8907e-08,0.4236255
2.8909e-08,0.42413579999999995
2.8911e-08,0.4246318
2.8913e-08,0.4251142
2.8915e-08,0.42558280000000004
2.8917e-08,0.4260381
2.8919e-08,0.4264800999999999
2.8921e-08,0.4269092
2.8923e-08,0.4273253
2.8925e-08,0.42772889999999997
2.8927e-08,0.42811980000000005
2.8929e-08,0.42849859999999995
2.8931e-08,0.42886520000000006
2.8933e-08,0.42921999999999993
2.8935e-08,0.42956289999999997
2.8937e-08,0.4298944
2.8939e-08,0.4302144
2.8941e-08,0.43052330000000005
2.8943e-08,0.430821
2.8945e-08,0.43110780000000004
2.8947e-08,0.431384
2.8949e-08,0.4316497
2.8951e-08,0.43190490000000004
2.8953e-08,0.4321499
2.8955e-08,0.43238489999999996
2.8957e-08,0.43260999999999994
2.8959e-08,0.4328253000000001
2.8961e-08,0.43303099999999994
2.8963e-08,0.4332273000000001
2.8965e-08,0.4334142999999999
2.8967e-08,0.4335920999999999
2.8969e-08,0.4337611
2.8971e-08,0.43392110000000006
2.8973e-08,0.4340723999999999
2.8975e-08,0.4342152
2.8977e-08,0.43434949999999994
2.8979e-08,0.4344756000000001
2.8981e-08,0.4345936
2.8983e-08,0.4347035
2.8985e-08,0.4348056
2.8987e-08,0.4348999
2.8989e-08,0.43498670000000006
2.8991e-08,0.4350659
2.8993e-08,0.43513789999999997
2.8995e-08,0.4352026
2.8997e-08,0.4352602000000001
2.89985e-08,0.4352988
2.9e-08,0.43533350000000004
2.90002e-08,0.4353378
2.90006e-08,0.43534629999999996
2.90014e-08,0.43536240000000004
2.9003e-08,0.4353916
2.9005e-08,0.435422
2.9007e-08,0.435446
2.9009e-08,0.43546360000000006
2.9011e-08,0.4354749
2.9013e-08,0.4354800999999999
2.9015e-08,0.4354792999999999
2.9017e-08,0.43547249999999993
2.9019e-08,0.4354599
2.9021e-08,0.43544170000000004
2.9023e-08,0.4354178000000001
2.9025e-08,0.4353884
2.9027e-08,0.43535370000000007
2.9029e-08,0.4353136000000001
2.9031e-08,0.4352684
2.9033e-08,0.43521809999999994
2.9035e-08,0.43516279999999996
2.9037e-08,0.4351026
2.9039e-08,0.4350376
2.9041e-08,0.4349679999999999
2.9043e-08,0.43489369999999994
2.9045e-08,0.4348149
2.9047e-08,0.43473170000000005
2.9049e-08,0.4346441
2.9051e-08,0.43455239999999995
2.9053e-08,0.4344565
2.9055e-08,0.4343564999999999
2.9057e-08,0.43425250000000004
2.9059e-08,0.43414469999999994
2.9061e-08,0.434033
2.9063e-08,0.4339176
2.9065e-08,0.4337985999999999
2.9067e-08,0.43367600000000006
2.9069e-08,0.43354990000000004
2.9071e-08,0.43342040000000004
2.9073e-08,0.43328749999999994
2.9075e-08,0.43315139999999996
2.9077e-08,0.4330121
2.9079e-08,0.4328697
2.9081e-08,0.43272430000000006
2.9083e-08,0.4325759
2.9085e-08,0.43242460000000005
2.9087e-08,0.4322705
2.9089e-08,0.43211370000000004
2.9091e-08,0.43195419999999995
2.9093e-08,0.4317919
2.9095e-08,0.4316272
2.9097e-08,0.43145999999999995
2.9099e-08,0.4312904000000001
2.9101e-08,0.43111849999999996
2.9103e-08,0.43094410000000005
2.9105e-08,0.43076760000000003
2.9107e-08,0.43058890000000005
2.9109e-08,0.430408
2.9111e-08,0.4302251
2.9113e-08,0.4300404
2.9115e-08,0.4298535
2.9117e-08,0.4296647
2.9119e-08,0.4294741999999999
2.9121e-08,0.4292819
2.9123e-08,0.42908789999999997
2.9125e-08,0.4288921
2.9127e-08,0.42869480000000004
2.9129e-08,0.42849589999999993
2.9131e-08,0.4282954
2.9133e-08,0.42809359999999996
2.9135e-08,0.42789030000000006
2.9137e-08,0.42768569999999995
2.9139e-08,0.4274797
2.9141e-08,0.4272724
2.9143e-08,0.42706389999999994
2.9145e-08,0.42685419999999996
2.9147e-08,0.4266434
2.9149e-08,0.4264315000000001
2.9151e-08,0.4262186
2.9153e-08,0.42600460000000007
2.9155e-08,0.42578969999999994
2.9157e-08,0.42557390000000006
2.9159e-08,0.425357
2.9161e-08,0.4251395
2.9163e-08,0.42492109999999994
2.9165e-08,0.424702
2.9167e-08,0.42448220000000003
2.9169e-08,0.4242616
2.9171e-08,0.4240402999999999
2.9173e-08,0.42381859999999993
2.9175e-08,0.42359610000000003
2.9177e-08,0.4233732
2.9179e-08,0.4231497999999999
2.9181e-08,0.4229258
2.9183e-08,0.4227014
2.9185e-08,0.4224766
2.9187e-08,0.4222515
2.9189e-08,0.422026
2.9191e-08,0.4218001
2.9193e-08,0.421574
2.9195e-08,0.4213477
2.9197e-08,0.42112099999999997
2.91985e-08,0.42095099999999996
2.92e-08,0.42079180000000005
2.92002e-08,0.4207729
2.92006e-08,0.4207365999999999
2.92014e-08,0.42067220000000005
2.9203e-08,0.4205654000000001
2.9205e-08,0.4204468
2.9207e-08,0.42031130000000005
2.9209e-08,0.4201268
2.9211e-08,0.4198662000000001
2.9213e-08,0.4195065
2.9215e-08,0.41902890000000004
2.9217e-08,0.41841719999999993
2.9219e-08,0.4176580999999999
2.9221e-08,0.4167408
2.9223e-08,0.4156561999999999
2.9225e-08,0.4143975
2.9227e-08,0.4129590999999999
2.9229e-08,0.41133699999999995
2.9231e-08,0.4095284
2.9233e-08,0.4075316
2.9235e-08,0.4053455
2.9237e-08,0.40297039999999995
2.9239e-08,0.40040699999999996
2.9241e-08,0.39765680000000003
2.9243e-08,0.39472170000000006
2.9245e-08,0.3916043
2.9247e-08,0.38830739999999997
2.9249e-08,0.38483429999999996
2.9251e-08,0.3811888000000001
2.9253e-08,0.3773748
2.9255e-08,0.3733965
2.9257e-08,0.3692582
2.9259e-08,0.36496439999999997
2.9261e-08,0.36052000000000006
2.9263e-08,0.35592959999999996
2.9265e-08,0.351198
2.9267e-08,0.3463305
2.9269e-08,0.3413317
2.9271e-08,0.3362069999999999
2.9273e-08,0.3309613
2.9275e-08,0.32559950000000004
2.9277e-08,0.32012680000000004
2.9279e-08,0.3145481
2.9281e-08,0.30886840000000004
2.9283e-08,0.30309259999999993
2.9285e-08,0.2972256000000001
2.9287e-08,0.2912722
2.9289e-08,0.2852370000000001
2.9291e-08,0.27912479999999995
2.9293e-08,0.27294000000000007
2.9295e-08,0.2666874
2.9297e-08,0.260371
2.9299e-08,0.25399550000000004
2.9301e-08,0.24756479999999992
2.9303e-08,0.24108339999999995
2.9305e-08,0.23455500000000007
2.9307e-08,0.22798379999999996
2.9309e-08,0.22137339999999994
2.9311e-08,0.21472780000000002
2.9313e-08,0.20805039999999997
2.9315e-08,0.201345
2.9317e-08,0.19461489999999992
2.9319e-08,0.18786360000000002
2.9321e-08,0.18109419999999998
2.9323e-08,0.17430990000000002
2.9325e-08,0.1675139
2.9327e-08,0.16070909999999994
2.9329e-08,0.1538984
2.9331e-08,0.14708449999999995
2.9333e-08,0.14027040000000002
2.9335e-08,0.13345830000000003
2.9337e-08,0.12665100000000007
2.9339e-08,0.1198509000000001
2.9341e-08,0.1130603
2.9343e-08,0.10628159999999998
2.9345e-08,0.09951680000000007
2.9347e-08,0.09276819999999997
2.9349e-08,0.0860377
2.9351e-08,0.07932729999999999
2.9353e-08,0.07263889999999995
2.9355e-08,0.06597429999999993
2.9357e-08,0.05933529999999998
2.9359e-08,0.052723399999999976
2.9361e-08,0.04614039999999997
2.9363e-08,0.0395877
2.9365e-08,0.033066700000000004
2.9367e-08,0.02657900000000002
2.9369e-08,0.020125800000000083
2.9371e-08,0.013708500000000012
2.9373e-08,0.0073281000000000596
2.9375e-08,0.0009860000000000424
2.9377e-08,-0.005316899999999958
2.9379e-08,-0.011579299999999959
2.9381e-08,-0.017800499999999997
2.9383e-08,-0.023979399999999984
2.9385e-08,-0.03011509999999995
2.9387e-08,-0.036206699999999925
2.9389e-08,-0.042253499999999944
2.9391e-08,-0.048254699999999984
2.9393e-08,-0.05420959999999997
2.9395e-08,-0.060117500000000046
2.9397e-08,-0.06597780000000009
2.93985e-08,-0.07034149999999995
2.94e-08,-0.07468889999999995
2.94002e-08,-0.07526860000000002
2.94006e-08,-0.0764283
2.94014e-08,-0.07875019999999999
2.9403e-08,-0.08339169999999996
2.9405e-08,-0.08916170000000001
2.9407e-08,-0.09486039999999996
2.9409e-08,-0.10045400000000004
2.9411e-08,-0.1059135
2.9413e-08,-0.11121460000000005
2.9415e-08,-0.11633720000000003
2.9417e-08,-0.12126469999999989
2.9419e-08,-0.12598310000000001
2.9421e-08,-0.13048179999999998
2.9423e-08,-0.13475190000000004
2.9425e-08,-0.13878669999999993
2.9427e-08,-0.14258169999999992
2.9429e-08,-0.14613320000000007
2.9431e-08,-0.1494394
2.9433e-08,-0.1524995
2.9435e-08,-0.1553135
2.9437e-08,-0.15788259999999998
2.9439e-08,-0.16020859999999992
2.9441e-08,-0.16229380000000004
2.9443e-08,-0.1641414
2.9445e-08,-0.16575470000000003
2.9447e-08,-0.1671378
2.9449e-08,-0.1682946999999999
2.9451e-08,-0.16922990000000004
2.9453e-08,-0.1699482
2.9455e-08,-0.17045449999999995
2.9457e-08,-0.17075379999999996
2.9459e-08,-0.17085119999999998
2.9461e-08,-0.1707521999999999
2.9463e-08,-0.170462
2.9465e-08,-0.16998590000000002
2.9467e-08,-0.16932930000000002
2.9469e-08,-0.16849769999999997
2.9471e-08,-0.1674964000000001
2.9473e-08,-0.1663308
2.9475e-08,-0.16500599999999999
2.9477e-08,-0.1635274
2.9479e-08,-0.16190020000000005
2.9481e-08,-0.16012959999999998
2.9483e-08,-0.15822060000000004
2.9485e-08,-0.1561781
2.9487e-08,-0.15400709999999995
2.9489e-08,-0.15171249999999992
2.9491e-08,-0.1492989
2.9493e-08,-0.14677099999999998
2.9495e-08,-0.14413350000000003
2.9497e-08,-0.14139060000000003
2.9499e-08,-0.13854690000000003
2.9501e-08,-0.13560650000000007
2.9503e-08,-0.13257370000000002
2.9505e-08,-0.12945260000000003
2.9507e-08,-0.1262472
2.9509e-08,-0.12296130000000005
2.9511e-08,-0.11959870000000006
2.9513e-08,-0.11616319999999991
2.9515e-08,-0.1126585
2.9517e-08,-0.10908780000000007
2.9519e-08,-0.10545499999999997
2.9521e-08,-0.10176299999999994
2.9523e-08,-0.09801530000000003
2.9525e-08,-0.0942151
2.9527e-08,-0.09036539999999993
2.9529e-08,-0.08646920000000002
2.9531e-08,-0.08252930000000003
2.9533e-08,-0.07854879999999997
2.9535e-08,-0.07453029999999994
2.9537e-08,-0.0704766
2.9539e-08,-0.06639000000000006
2.9541e-08,-0.062273299999999976
2.9543e-08,-0.05812890000000004
2.9545e-08,-0.05395909999999993
2.9547e-08,-0.04976619999999998
2.9549e-08,-0.045552499999999996
2.9551e-08,-0.04132020000000003
2.9553e-08,-0.03707129999999992
2.9555e-08,-0.0328079
2.9557e-08,-0.028531900000000054
2.9559e-08,-0.024245199999999967
2.9561e-08,-0.019949800000000018
2.9563e-08,-0.01564729999999992
2.9565e-08,-0.011339499999999947
2.9567e-08,-0.007028099999999982
2.9569e-08,-0.002714699999999959
2.9571e-08,0.0015992999999999702
2.9573e-08,0.005912200000000034
2.9575e-08,0.01022259999999997
2.9577e-08,0.014529100000000073
2.9579e-08,0.018830400000000025
2.9581e-08,0.02312510000000001
2.9583e-08,0.02741209999999994
2.9585e-08,0.031689999999999996
2.9587e-08,0.03595769999999998
2.9589e-08,0.04021419999999998
2.9591e-08,0.04445830000000006
2.9593e-08,0.04868900000000009
2.9595e-08,0.052905300000000044
2.9597e-08,0.05710629999999994
2.95985e-08,0.06024639999999992
2.96e-08,0.06337689999999996
2.96002e-08,0.06379429999999997
2.96006e-08,0.06463029999999992
2.96014e-08,0.0663106
2.9603e-08,0.06969230000000004
2.9605e-08,0.07392920000000003
2.9607e-08,0.07813860000000006
2.9609e-08,0.08228380000000002
2.9611e-08,0.08633329999999995
2.9613e-08,0.09026040000000002
2.9615e-08,0.0940430000000001
2.9617e-08,0.09766249999999999
2.9619e-08,0.10110350000000001
2.9621e-08,0.10435349999999999
2.9623e-08,0.10740250000000007
2.9625e-08,0.11024259999999997
2.9627e-08,0.11286790000000002
2.9629e-08,0.11527410000000005
2.9631e-08,0.11745830000000002
2.9633e-08,0.1194191
2.9635e-08,0.12115600000000004
2.9637e-08,0.12266920000000003
2.9639e-08,0.12396010000000002
2.9641e-08,0.1250308
2.9643e-08,0.1258838
2.9645e-08,0.12652220000000003
2.9647e-08,0.12694970000000005
2.9649e-08,0.12716989999999995
2.9651e-08,0.1271873
2.9653e-08,0.12700630000000002
2.9655e-08,0.1266315
2.9657e-08,0.12606800000000007
2.9659e-08,0.12532070000000006
2.9661e-08,0.12439460000000002
2.9663e-08,0.12329489999999999
2.9665e-08,0.122027
2.9667e-08,0.12059599999999993
2.9669e-08,0.11900719999999998
2.9671e-08,0.11726590000000003
2.9673e-08,0.11537719999999996
2.9675e-08,0.11334639999999996
2.9677e-08,0.11117860000000002
2.9679e-08,0.1088789
2.9681e-08,0.10645230000000006
2.9683e-08,0.10390390000000005
2.9685e-08,0.1012383
2.9687e-08,0.0984605999999999
2.9689e-08,0.09557530000000003
2.9691e-08,0.09258710000000003
2.9693e-08,0.08950060000000004
2.9695e-08,0.08631999999999995
2.9697e-08,0.08304990000000001
2.9699e-08,0.07969439999999994
2.9701e-08,0.0762577000000001
2.9703e-08,0.07274380000000003
2.9705e-08,0.06915680000000002
2.9707e-08,0.06550040000000001
2.9709e-08,0.06177829999999995
2.9711e-08,0.05799449999999995
2.9713e-08,0.054152200000000095
2.9715e-08,0.05025499999999994
2.9717e-08,0.046306199999999964
2.9719e-08,0.042309299999999994
2.9721e-08,0.038267300000000004
2.9723e-08,0.03418330000000003
2.9725e-08,0.030060499999999934
2.9727e-08,0.02590159999999997
2.9729e-08,0.021709500000000048
2.9731e-08,0.01748700000000003
2.9733e-08,0.01323669999999999
2.9735e-08,0.00896129999999995
2.9737e-08,0.0046631999999999785
2.9739e-08,0.00034479999999992295
2.9741e-08,-0.003991399999999978
2.9743e-08,-0.008343199999999995
2.9745e-08,-0.012708399999999953
2.9747e-08,-0.01708490000000007
2.9749e-08,-0.021470600000000006
2.9751e-08,-0.025863599999999987
2.9753e-08,-0.030261899999999953
2.9755e-08,-0.03466349999999996
2.9757e-08,-0.03906680000000007
2.9759e-08,-0.043470099999999956
2.9761e-08,-0.047871600000000014
2.9763e-08,-0.052269699999999975
2.9765e-08,-0.05666290000000007
2.9767e-08,-0.06104980000000004
2.9769e-08,-0.06542879999999995
2.9771e-08,-0.06979859999999993
2.9773e-08,-0.07415780000000005
2.9775e-08,-0.0785051
2.9777e-08,-0.08283949999999995
2.9779e-08,-0.0871596
2.9781e-08,-0.09146430000000005
2.9783e-08,-0.09575239999999996
2.9785e-08,-0.10002320000000009
2.9787e-08,-0.10427529999999996
2.9789e-08,-0.1085081
2.9791e-08,-0.1127203
2.9793e-08,-0.11691149999999995
2.9795e-08,-0.12108050000000004
2.9797e-08,-0.12522650000000002
2.97985e-08,-0.1283206
2.98e-08,-0.1314012
2.98002e-08,-0.13181149999999997
2.98006e-08,-0.13263329999999995
2.98014e-08,-0.13428439999999997
2.9803e-08,-0.1376043
2.9805e-08,-0.14175819999999995
2.9807e-08,-0.14587859999999997
2.9809e-08,-0.14992929999999993
2.9811e-08,-0.1538794
2.9813e-08,-0.15770289999999998
2.9815e-08,-0.16137809999999997
2.9817e-08,-0.1648866
2.9819e-08,-0.16821359999999996
2.9821e-08,-0.17134689999999997
2.9823e-08,-0.17427669999999995
2.9825e-08,-0.17699520000000002
2.9827e-08,-0.17949669999999995
2.9829e-08,-0.18177710000000002
2.9831e-08,-0.18383349999999998
2.9833e-08,-0.18566440000000006
2.9835e-08,-0.1872691999999999
2.9837e-08,-0.1886485
2.9839e-08,-0.1898032999999999
2.9841e-08,-0.19073569999999995
2.9843e-08,-0.19144830000000002
2.9845e-08,-0.19194370000000005
2.9847e-08,-0.19222589999999995
2.9849e-08,-0.19229830000000003
2.9851e-08,-0.1921653000000001
2.9853e-08,-0.19183109999999992
2.9855e-08,-0.1913005000000001
2.9857e-08,-0.19057820000000003
2.9859e-08,-0.18966910000000003
2.9861e-08,-0.18857829999999998
2.9863e-08,-0.1873108
2.9865e-08,-0.18587189999999998
2.9867e-08,-0.1842667
2.9869e-08,-0.1825004
2.9871e-08,-0.18057830000000008
2.9873e-08,-0.17850559999999993
2.9875e-08,-0.17628719999999998
2.9877e-08,-0.1739286
2.9879e-08,-0.17143469999999994
2.9881e-08,-0.16881050000000009
2.9883e-08,-0.16606090000000007
2.9885e-08,-0.16319100000000009
2.9887e-08,-0.1602053
2.9889e-08,-0.15710880000000005
2.9891e-08,-0.153906
2.9893e-08,-0.15060149999999994
2.9895e-08,-0.14719969999999993
2.9897e-08,-0.14370519999999998
2.9899e-08,-0.1401218999999999
2.9901e-08,-0.13645430000000003
2.9903e-08,-0.13270649999999995
2.9905e-08,-0.1288823
2.9907e-08,-0.12498580000000004
2.9909e-08,-0.12102060000000003
2.9911e-08,-0.11699059999999994
2.9913e-08,-0.11289939999999998
2.9915e-08,-0.10875040000000002
2.9917e-08,-0.10454730000000001
2.9919e-08,-0.10029319999999997
2.9921e-08,-0.09599140000000006
2.9923e-08,-0.09164530000000004
2.9925e-08,-0.08725760000000005
2.9927e-08,-0.08283150000000006
2.9929e-08,-0.0783701
2.9931e-08,-0.07387579999999994
2.9933e-08,-0.06935159999999996
2.9935e-08,-0.06480030000000003
2.9937e-08,-0.06022420000000006
2.9939e-08,-0.05562579999999995
2.9941e-08,-0.051007799999999937
2.9943e-08,-0.04637230000000003
2.9945e-08,-0.04172169999999997
2.9947e-08,-0.03705809999999998
2.9949e-08,-0.03238379999999996
2.9951e-08,-0.027700700000000023
2.9953e-08,-0.023010900000000056
2.9955e-08,-0.018316200000000005
2.9957e-08,-0.013618699999999984
2.9959e-08,-0.008920000000000039
2.9961e-08,-0.004221799999999942
2.9963e-08,0.00047399999999997444
2.9965e-08,0.0051659000000000566
2.9967e-08,0.009852399999999983
2.9969e-08,0.014531899999999931
2.9971e-08,0.019203099999999917
2.9973e-08,0.023864400000000008
2.9975e-08,0.028514499999999998
2.9977e-08,0.033152200000000076
2.9979e-08,0.03777620000000004
2.9981e-08,0.04238530000000007
2.9983e-08,0.04697829999999992
2.9985e-08,0.05155429999999994
2.9987e-08,0.05611200000000005
2.9989e-08,0.06065049999999994
2.9991e-08,0.06516879999999992
2.9993e-08,0.069666
2.9995e-08,0.07414120000000002
2.9997e-08,0.07859349999999998
2.99985e-08,0.08191729999999997
3e-08,0.08522740000000006
3.00002e-08,0.08566760000000007
3.00006e-08,0.0865475
3.00014e-08,0.0883041
3.0003e-08,0.09180540000000004
3.0005e-08,0.09615850000000004
3.0007e-08,0.1004851000000001
3.0009e-08,0.1047844
3.0011e-08,0.10905609999999999
3.0013e-08,0.11329920000000004
3.0015e-08,0.11751350000000005
3.0017e-08,0.1216984000000001
3.0019e-08,0.1258534
3.0021e-08,0.1299779000000001
3.0023e-08,0.13407159999999996
3.0025e-08,0.13813410000000004
3.0027e-08,0.14216509999999993
3.0029e-08,0.14616399999999996
3.0031e-08,0.1501306
3.0033e-08,0.15406469999999994
3.0035e-08,0.1579659
3.0037e-08,0.16183399999999992
3.0039e-08,0.1656687
3.0041e-08,0.16946970000000006
3.0043e-08,0.17323690000000003
3.0045e-08,0.17697020000000008
3.0047e-08,0.18066930000000003
3.0049e-08,0.184334
3.0051e-08,0.18796420000000003
3.0053e-08,0.1915599
3.0055e-08,0.19512109999999994
3.0057e-08,0.19864729999999997
3.0059e-08,0.20213879999999995
3.0061e-08,0.20559539999999998
3.0063e-08,0.20901709999999996
3.0065e-08,0.21240380000000003
3.0067e-08,0.21575560000000005
3.0069e-08,0.2190725
3.0071e-08,0.2223543
3.0073e-08,0.2256013
3.0075e-08,0.22881339999999994
3.0077e-08,0.23199060000000005
3.0079e-08,0.23513300000000004
3.0081e-08,0.23824070000000008
3.0083e-08,0.24131369999999996
3.0085e-08,0.24435220000000002
3.0087e-08,0.24735620000000003
3.0089e-08,0.2503257
3.0091e-08,0.25326099999999996
3.0093e-08,0.2561622
3.0095e-08,0.2590293
3.0097e-08,0.26186239999999994
3.0099e-08,0.2646618999999999
3.0101e-08,0.26742769999999993
3.0103e-08,0.2701601
3.0105e-08,0.27285899999999996
3.0107e-08,0.27552489999999996
3.0109e-08,0.2781578
3.0111e-08,0.28075779999999995
3.0113e-08,0.2833253
3.0115e-08,0.2858602
3.0117e-08,0.28836280000000003
3.0119e-08,0.2908334
3.0121e-08,0.29327210000000004
3.0123e-08,0.2956791
3.0125e-08,0.29805459999999995
3.0127e-08,0.3003989
3.0129e-08,0.30271210000000004
3.0131e-08,0.3049944
3.0133e-08,0.307246
3.0135e-08,0.3094673
3.0137e-08,0.31165829999999994
3.0139e-08,0.3138194000000001
3.0141e-08,0.31595059999999997
3.0143e-08,0.3180523999999999
3.0145e-08,0.3201248000000001
3.0147e-08,0.32216809999999996
3.0149e-08,0.32418270000000005
3.0151e-08,0.3261685
3.0153e-08,0.3281261
3.0155e-08,0.3300554
3.0157e-08,0.3319569
3.0159e-08,0.33383070000000004
3.0161e-08,0.335677
3.0163e-08,0.33749629999999997
3.0165e-08,0.3392885
3.0167e-08,0.34105399999999997
3.0169e-08,0.342793
3.0171e-08,0.3445058
3.0173e-08,0.3461926000000001
3.0175e-08,0.34785370000000004
3.0177e-08,0.3494893
3.0179e-08,0.3510994999999999
3.0181e-08,0.3526848
3.0183e-08,0.35424540000000004
3.0185e-08,0.3557812
3.0187e-08,0.3572929
3.0189e-08,0.35878049999999995
3.0191e-08,0.3602443000000001
3.0193e-08,0.36168449999999996
3.0195e-08,0.3631013999999999
3.0197e-08,0.36449510000000007
3.01985e-08,0.3655254
3.02e-08,0.3665429
3.02002e-08,0.3666775000000001
3.02006e-08,0.36694630000000006
3.02014e-08,0.3674811
3.0203e-08,0.36854
3.0205e-08,0.3698437
3.0207e-08,0.37112539999999994
3.0209e-08,0.3723856000000001
3.0211e-08,0.3736243
3.0213e-08,0.37484170000000006
3.0215e-08,0.37603810000000004
3.0217e-08,0.37721380000000004
3.0219e-08,0.3783689
3.0221e-08,0.37950380000000006
3.0223e-08,0.3806185000000001
3.0225e-08,0.3817134
3.0227e-08,0.3827885999999999
3.0229e-08,0.3838444999999999
3.0231e-08,0.3848811
3.0233e-08,0.3858988
3.0235e-08,0.38689779999999996
3.0237e-08,0.38787819999999995
3.0239e-08,0.3888403
3.0241e-08,0.38978440000000003
3.0243e-08,0.3907104
3.0245e-08,0.3916189
3.0247e-08,0.3925097999999999
3.0249e-08,0.39338359999999994
3.0251e-08,0.39424019999999993
3.0253e-08,0.39508010000000005
3.0255e-08,0.3959032
3.0257e-08,0.39671
3.0259e-08,0.39750050000000003
3.0261e-08,0.39827500000000005
3.0263e-08,0.39903370000000005
3.0265e-08,0.3997767
3.0267e-08,0.40050430000000004
3.0269e-08,0.40121660000000003
3.0271e-08,0.4019138
3.0273e-08,0.4025963
3.0275e-08,0.40326399999999996
3.0277e-08,0.40391730000000003
3.0279e-08,0.4045561999999999
3.0281e-08,0.40518109999999996
3.0283e-08,0.40579200000000004
3.0285e-08,0.40638910000000006
3.0287e-08,0.4069726
3.0289e-08,0.40754290000000004
3.0291e-08,0.40809989999999996
3.0293e-08,0.4086438
3.0295e-08,0.40917480000000006
3.0297e-08,0.4096932
3.0299e-08,0.41019910000000004
3.0301e-08,0.4106926000000001
3.0303e-08,0.4111739
3.0305e-08,0.41164309999999993
3.0307e-08,0.41210060000000004
3.0309e-08,0.41254630000000003
3.0311e-08,0.41298060000000003
3.0313e-08,0.4134034000000001
3.0315e-08,0.4138151000000001
3.0317e-08,0.4142156
3.0319e-08,0.41460529999999995
3.0321e-08,0.4149842
3.0323e-08,0.41535259999999996
3.0325e-08,0.4157105
3.0327e-08,0.41605800000000004
3.0329e-08,0.41639550000000003
3.0331e-08,0.4167229
3.0333e-08,0.41704050000000004
3.0335e-08,0.4173483
3.0337e-08,0.4176466
3.0339e-08,0.4179356000000001
3.0341e-08,0.41821510000000006
3.0343e-08,0.4184856
3.0345e-08,0.418747
3.0347e-08,0.41899949999999997
3.0349e-08,0.4192433
3.0351e-08,0.4194785
3.0353e-08,0.41970509999999994
3.0355e-08,0.41992339999999995
3.0357e-08,0.42013350000000005
3.0359e-08,0.4203355
3.0361e-08,0.4205295
3.0363e-08,0.42071559999999997
3.0365e-08,0.42089410000000005
3.0367e-08,0.4210649000000001
3.0369e-08,0.42122820000000005
3.0371e-08,0.4213842000000001
3.0373e-08,0.42153280000000004
3.0375e-08,0.4216744
3.0377e-08,0.421809
3.0379e-08,0.42193650000000005
3.0381e-08,0.4220573000000001
3.0383e-08,0.42217150000000003
3.0385e-08,0.4222791
3.0387e-08,0.4223800999999999
3.0389e-08,0.42247480000000004
3.0391e-08,0.4225633
3.0393e-08,0.42264559999999995
3.0395e-08,0.4227217
3.0397e-08,0.4227921
3.03985e-08,0.4228409000000001
3.04e-08,0.4228976
3.04002e-08,0.42290720000000004
3.04006e-08,0.4229278000000001
3.04014e-08,0.4229765
3.0403e-08,0.42309339999999995
3.0405e-08,0.4232498
3.0407e-08,0.4233842
3.0409e-08,0.4234647
3.0411e-08,0.4234644000000001
3.0413e-08,0.4233606999999999
3.0415e-08,0.4231347
3.0417e-08,0.42277050000000005
3.0419e-08,0.42225500000000005
3.0421e-08,0.42157729999999993
3.0423e-08,0.4207288
3.0425e-08,0.4197023
3.0427e-08,0.4184926
3.0429e-08,0.41709569999999996
3.0431e-08,0.41550890000000007
3.0433e-08,0.41373019999999994
3.0435e-08,0.411759
3.0437e-08,0.4095953
3.0439e-08,0.4072399
3.0441e-08,0.40469429999999995
3.0443e-08,0.40196030000000005
3.0445e-08,0.3990407
3.0447e-08,0.39593810000000007
3.0449e-08,0.392656
3.0451e-08,0.38919799999999993
3.0453e-08,0.385568
3.0455e-08,0.3817701
3.0457e-08,0.3778087
3.0459e-08,0.37368840000000003
3.0461e-08,0.36941370000000007
3.0463e-08,0.3649896
3.0465e-08,0.36042090000000004
3.0467e-08,0.3557125
3.0469e-08,0.35086950000000006
3.0471e-08,0.34589670000000006
3.0473e-08,0.3407994
3.0475e-08,0.33558239999999995
3.0477e-08,0.33025080000000007
3.0479e-08,0.32480980000000004
3.0481e-08,0.31926410000000005
3.0483e-08,0.3136188
3.0485e-08,0.3078786
3.0487e-08,0.3020484
3.0489e-08,0.29613290000000003
3.0491e-08,0.2901368999999999
3.0493e-08,0.2840648
3.0495e-08,0.2779212
3.0497e-08,0.2717106
3.0499e-08,0.2654373
3.0501e-08,0.2591055
3.0503e-08,0.2527193999999999
3.0505e-08,0.24628309999999998
3.0507e-08,0.23980059999999992
3.0509e-08,0.23327560000000003
3.0511e-08,0.22671209999999997
3.0513e-08,0.22011360000000002
3.0515e-08,0.21348390000000006
3.0517e-08,0.20682630000000002
3.0519e-08,0.20014430000000005
3.0521e-08,0.19344130000000004
3.0523e-08,0.18672029999999995
3.0525e-08,0.17998459999999994
3.0527e-08,0.17323710000000003
3.0529e-08,0.16648069999999993
3.0531e-08,0.15971840000000004
3.0533e-08,0.1529528
3.0535e-08,0.14618659999999994
3.0537e-08,0.1394225
3.0539e-08,0.13266270000000002
3.0541e-08,0.12590990000000002
3.0543e-08,0.11916629999999995
3.0545e-08,0.11243409999999998
3.0547e-08,0.10571550000000007
3.0549e-08,0.09901249999999995
3.0551e-08,0.0923273
3.0553e-08,0.0856616
3.0555e-08,0.07901740000000002
3.0557e-08,0.07239640000000003
3.0559e-08,0.06580039999999998
3.0561e-08,0.059230900000000086
3.0563e-08,0.05268969999999995
3.0565e-08,0.04617800000000005
3.0567e-08,0.03969750000000005
3.0569e-08,0.03324950000000004
3.0571e-08,0.026835399999999954
3.0573e-08,0.020456200000000035
3.0575e-08,0.014113400000000054
3.0577e-08,0.007807999999999926
3.0579e-08,0.0015412000000000203
3.0581e-08,-0.004686099999999915
3.0583e-08,-0.010872900000000074
3.0585e-08,-0.017018099999999925
3.0587e-08,-0.023121000000000058
3.0589e-08,-0.02918070000000006
3.0591e-08,-0.03519640000000002
3.0593e-08,-0.04116719999999996
3.0595e-08,-0.04709260000000004
3.0597e-08,-0.05297200000000002
3.05985e-08,-0.057350799999999924
3.06e-08,-0.06170299999999995
3.06002e-08,-0.06228100000000003
3.06006e-08,-0.06343620000000005
3.06014e-08,-0.06574079999999993
3.0603e-08,-0.07032680000000002
3.0605e-08,-0.07601580000000008
3.0607e-08,-0.0816559
3.0609e-08,-0.08724670000000001
3.0611e-08,-0.09278799999999998
3.0613e-08,-0.09827909999999995
3.0615e-08,-0.10371989999999998
3.0617e-08,-0.10911009999999999
3.0619e-08,-0.11444929999999998
3.0621e-08,-0.11973719999999999
3.0623e-08,-0.12497369999999997
3.0625e-08,-0.13015880000000002
3.0627e-08,-0.13529199999999997
3.0629e-08,-0.14037330000000003
3.0631e-08,-0.1454025
3.0633e-08,-0.1503797
3.0635e-08,-0.15530469999999996
3.0637e-08,-0.16017749999999997
3.0639e-08,-0.16499810000000004
3.0641e-08,-0.16976639999999998
3.0643e-08,-0.17448249999999998
3.0645e-08,-0.17914640000000004
3.0647e-08,-0.18375810000000004
3.0649e-08,-0.18831779999999998
3.0651e-08,-0.19282540000000004
3.0653e-08,-0.19728120000000005
3.0655e-08,-0.20168529999999996
3.0657e-08,-0.20603760000000004
3.0659e-08,-0.21033849999999998
3.0661e-08,-0.214588
3.0663e-08,-0.21878640000000005
3.0665e-08,-0.2229337
3.0667e-08,-0.22703039999999997
3.0669e-08,-0.23107640000000007
3.0671e-08,-0.2350721
3.0673e-08,-0.2390177
3.0675e-08,-0.2429133
3.0677e-08,-0.24675940000000007
3.0679e-08,-0.250556
3.0681e-08,-0.2543035
3.0683e-08,-0.2580021
3.0685e-08,-0.26165230000000006
3.0687e-08,-0.26525410000000005
3.0689e-08,-0.2688079
3.0691e-08,-0.2723141
3.0693e-08,-0.2757729
3.0695e-08,-0.2791846
3.0697e-08,-0.28254959999999996
3.0699e-08,-0.2858682
3.0701e-08,-0.2891406999999999
3.0703e-08,-0.29236739999999994
3.0705e-08,-0.29554879999999994
3.0707e-08,-0.29868510000000004
3.0709e-08,-0.30177659999999995
3.0711e-08,-0.3048238
3.0713e-08,-0.3078269
3.0715e-08,-0.3107863999999999
3.0717e-08,-0.3137025
3.0719e-08,-0.3165757
3.0721e-08,-0.31940630000000003
3.0723e-08,-0.3221946
3.0725e-08,-0.32494120000000004
3.0727e-08,-0.3276462
3.0729e-08,-0.33031009999999994
3.0731e-08,-0.33293319999999993
3.0733e-08,-0.3355161
3.0735e-08,-0.3380588
3.0737e-08,-0.3405619
3.0739e-08,-0.3430257
3.0741e-08,-0.3454507
3.0743e-08,-0.34783720000000007
3.0745e-08,-0.3501854
3.0747e-08,-0.35249600000000003
3.0749e-08,-0.35476910000000006
3.0751e-08,-0.3570052
3.0753e-08,-0.3592046
3.0755e-08,-0.3613678
3.0757e-08,-0.36349509999999996
3.0759e-08,-0.36558690000000005
3.0761e-08,-0.36764340000000006
3.0763e-08,-0.36966509999999997
3.0765e-08,-0.37165249999999994
3.0767e-08,-0.37360570000000004
3.0769e-08,-0.3755254
3.0771e-08,-0.37741159999999996
3.0773e-08,-0.3792649
3.0775e-08,-0.3810856
3.0777e-08,-0.3828739
3.0779e-08,-0.3846305
3.0781e-08,-0.3863555000000001
3.0783e-08,-0.38804930000000004
3.0785e-08,-0.3897123
3.0787e-08,-0.39134480000000005
3.0789e-08,-0.39294719999999994
3.0791e-08,-0.3945198
3.0793e-08,-0.39606299999999994
3.0795e-08,-0.3975771
3.0797e-08,-0.3990625
3.07985e-08,-0.4001578
3.08e-08,-0.40123720000000007
3.08002e-08,-0.4013799
3.08006e-08,-0.4016645
3.08014e-08,-0.4022304
3.0803e-08,-0.4033491
3.0805e-08,-0.40472280000000005
3.0807e-08,-0.4060694
3.0809e-08,-0.4073894
3.0811e-08,-0.40868289999999996
3.0813e-08,-0.40995019999999993
3.0815e-08,-0.4111918
3.0817e-08,-0.412408
3.0819e-08,-0.41359900000000005
3.0821e-08,-0.41476519999999995
3.0823e-08,-0.4159068
3.0825e-08,-0.4170243
3.0827e-08,-0.4181178
3.0829e-08,-0.4191878
3.0831e-08,-0.42023449999999996
3.0833e-08,-0.42125809999999997
3.0835e-08,-0.4222591
3.0837e-08,-0.42323770000000005
3.0839e-08,-0.42419419999999997
3.0841e-08,-0.4251288000000001
3.0843e-08,-0.4260419
3.0845e-08,-0.42693369999999997
3.0847e-08,-0.4278046999999999
3.0849e-08,-0.4286548
3.0851e-08,-0.4294846
3.0853e-08,-0.43029419999999996
3.0855e-08,-0.431084
3.0857e-08,-0.4318541
3.0859e-08,-0.432605
3.0861e-08,-0.43333679999999997
3.0863e-08,-0.4340497
3.0865e-08,-0.43474409999999997
3.0867e-08,-0.43542020000000003
3.0869e-08,-0.43607830000000003
3.0871e-08,-0.4367187
3.0873e-08,-0.4373414
3.0875e-08,-0.43794690000000003
3.0877e-08,-0.4385354
3.0879e-08,-0.439107
3.0881e-08,-0.43966209999999994
3.0883e-08,-0.4402009
3.0885e-08,-0.4407236
3.0887e-08,-0.4412304
3.0889e-08,-0.4417215
3.0891e-08,-0.4421972999999999
3.0893e-08,-0.442658
3.0895e-08,-0.4431037
3.0897e-08,-0.4435346
3.0899e-08,-0.443951
3.0901e-08,-0.4443532
3.0903e-08,-0.44474120000000006
3.0905e-08,-0.44511539999999994
3.0907e-08,-0.44547590000000004
3.0909e-08,-0.44582299999999997
3.0911e-08,-0.44615689999999997
3.0913e-08,-0.4464777
3.0915e-08,-0.44678570000000006
3.0917e-08,-0.4470809
3.0919e-08,-0.4473638000000001
3.0921e-08,-0.4476344
3.0923e-08,-0.4478928999999999
3.0925e-08,-0.4481396000000001
3.0927e-08,-0.44837459999999996
3.0929e-08,-0.4485981
3.0931e-08,-0.44881019999999994
3.0933e-08,-0.44901140000000006
3.0935e-08,-0.44920150000000003
3.0937e-08,-0.44938069999999997
3.0939e-08,-0.4495494
3.0941e-08,-0.44970769999999993
3.0943e-08,-0.44985580000000003
3.0945e-08,-0.44999369999999994
3.0947e-08,-0.45012170000000007
3.0949e-08,-0.45024
3.0951e-08,-0.45034869999999994
3.0953e-08,-0.4504479
3.0955e-08,-0.45053790000000005
3.0957e-08,-0.45061870000000004
3.0959e-08,-0.4506907
3.0961e-08,-0.4507538
3.0963e-08,-0.4508082
3.0965e-08,-0.45085429999999993
3.0967e-08,-0.45089179999999995
3.0969e-08,-0.45092129999999997
3.0971e-08,-0.45094259999999997
3.0973e-08,-0.45095609999999997
3.0975e-08,-0.45096179999999997
3.0977e-08,-0.4509599000000001
3.0979e-08,-0.4509504999999999
3.0981e-08,-0.45093359999999993
3.0983e-08,-0.4509097000000001
3.0985e-08,-0.4508786
3.0987e-08,-0.45084060000000004
3.0989e-08,-0.4507957
3.0991e-08,-0.45074419999999993
3.0993e-08,-0.4506861
3.0995e-08,-0.4506215
3.0997e-08,-0.4505505999999999
3.09985e-08,-0.45049340000000004
3.1e-08,-0.4504327
3.10002e-08,-0.45042439999999995
3.10006e-08,-0.45040750000000007
3.10014e-08,-0.450373
3.1003e-08,-0.45030119999999996
3.1005e-08,-0.45020629999999995
3.1007e-08,-0.45010569999999994
3.1009e-08,-0.44999939999999994
3.1011e-08,-0.44988759999999994
3.1013e-08,-0.4497704
3.1015e-08,-0.44964800000000005
3.1017e-08,-0.44952040000000004
3.1019e-08,-0.4493878
3.1021e-08,-0.4492503
3.1023e-08,-0.4491079
3.1025e-08,-0.4489607
3.1027e-08,-0.4488088
3.1029e-08,-0.44865260000000007
3.1031e-08,-0.44849170000000005
3.1033e-08,-0.44832669999999997
3.1035e-08,-0.4481573000000001
3.1037e-08,-0.44798380000000004
3.1039e-08,-0.4478063
3.1041e-08,-0.4476247
3.1043e-08,-0.44743940000000004
3.1045e-08,-0.44725019999999993
3.1047e-08,-0.4470573
3.1049e-08,-0.4468609
3.1051e-08,-0.4466609
3.1053e-08,-0.44645750000000006
3.1055e-08,-0.44625080000000006
3.1057e-08,-0.4460408
3.1059e-08,-0.4458276
3.1061e-08,-0.44561129999999993
3.1063e-08,-0.445392
3.1065e-08,-0.4451699
3.1067e-08,-0.44494480000000003
3.1069e-08,-0.44471689999999997
3.1071e-08,-0.4444863
3.1073e-08,-0.444253
3.1075e-08,-0.44401729999999995
3.1077e-08,-0.44377900000000003
3.1079e-08,-0.44353830000000005
3.1081e-08,-0.44329529999999995
3.1083e-08,-0.44304999999999994
3.1085e-08,-0.4428025
3.1087e-08,-0.44255279999999997
3.1089e-08,-0.4423011
3.1091e-08,-0.44204730000000003
3.1093e-08,-0.4417917
3.1095e-08,-0.441534
3.1097e-08,-0.4412746000000001
3.1099e-08,-0.44101350000000006
3.1101e-08,-0.4407506
3.1103e-08,-0.4404861
3.1105e-08,-0.4402201
3.1107e-08,-0.43995229999999996
3.1109e-08,-0.4396833
3.1111e-08,-0.43941280000000005
3.1113e-08,-0.439141
3.1115e-08,-0.43886780000000003
3.1117e-08,-0.4385934
3.1119e-08,-0.4383178999999999
3.1121e-08,-0.43804110000000007
3.1123e-08,-0.43776329999999997
3.1125e-08,-0.4374844
3.1127e-08,-0.4372045
3.1129e-08,-0.4369236999999999
3.1131e-08,-0.436642
3.1133e-08,-0.43635940000000006
3.1135e-08,-0.43607609999999997
3.1137e-08,-0.43579199999999996
3.1139e-08,-0.4355070999999999
3.1141e-08,-0.4352216
3.1143e-08,-0.43493550000000003
3.1145e-08,-0.43464879999999995
3.1147e-08,-0.4343616
3.1149e-08,-0.4340737
3.1151e-08,-0.4337856
3.1153e-08,-0.4334969000000001
3.1155e-08,-0.4332079000000001
3.1157e-08,-0.4329185000000001
3.1159e-08,-0.4326289
3.1161e-08,-0.43233900000000003
3.1163e-08,-0.4320488
3.1165e-08,-0.43175850000000005
3.1167e-08,-0.4314679
3.1169e-08,-0.4311773
3.1171e-08,-0.43088649999999995
3.1173e-08,-0.4305957
3.1175e-08,-0.4303049
3.1177e-08,-0.43001410000000007
3.1179e-08,-0.42972330000000003
3.1181e-08,-0.4294325
3.1183e-08,-0.42914189999999997
3.1185e-08,-0.4288514
3.1187e-08,-0.42856110000000003
3.1189e-08,-0.4282709
3.1191e-08,-0.4279811
3.1193e-08,-0.4276913000000001
3.1195e-08,-0.42740199999999995
3.1197e-08,-0.42711279999999996
3.11985e-08,-0.42689620000000006
3.12e-08,-0.42667980000000005
3.12002e-08,-0.42665169999999997
3.12006e-08,-0.4265971999999999
3.12014e-08,-0.42649860000000006
3.1203e-08,-0.4263321
3.1205e-08,-0.42615289999999995
3.1207e-08,-0.42597050000000003
3.1209e-08,-0.4257506
3.1211e-08,-0.4254648
3.1213e-08,-0.42508860000000004
3.1215e-08,-0.4246016
3.1217e-08,-0.42398689999999994
3.1219e-08,-0.42323
3.1221e-08,-0.42231949999999996
3.1223e-08,-0.42124549999999994
3.1225e-08,-0.4200005
3.1227e-08,-0.41857849999999996
3.1229e-08,-0.4169746999999999
3.1231e-08,-0.41518599999999994
3.1233e-08,-0.41321019999999997
3.1235e-08,-0.41104620000000003
3.1237e-08,-0.40869349999999993
3.1239e-08,-0.40615290000000004
3.1241e-08,-0.4034253
3.1243e-08,-0.40051250000000005
3.1245e-08,-0.39741689999999996
3.1247e-08,-0.3941411
3.1249e-08,-0.3906885
3.1251e-08,-0.3870625
3.1253e-08,-0.3832668
3.1255e-08,-0.37930549999999996
3.1257e-08,-0.3751831
3.1259e-08,-0.37090369999999995
3.1261e-08,-0.3664721999999999
3.1263e-08,-0.3618933
3.1265e-08,-0.3571717
3.1267e-08,-0.35231250000000003
3.1269e-08,-0.34732050000000003
3.1271e-08,-0.342201
3.1273e-08,-0.3369586
3.1275e-08,-0.3315987
3.1277e-08,-0.3261263000000001
3.1279e-08,-0.32054609999999994
3.1281e-08,-0.31486329999999996
3.1283e-08,-0.3090828
3.1285e-08,-0.3032095
3.1287e-08,-0.2972481
3.1289e-08,-0.2912034
3.1291e-08,-0.28508030000000006
3.1293e-08,-0.278883
3.1295e-08,-0.2726164
3.1297e-08,-0.2662846
3.1299e-08,-0.2598922
3.1301e-08,-0.2534434
3.1303e-08,-0.2469424
3.1305e-08,-0.24039320000000008
3.1307e-08,-0.2337998
3.1309e-08,-0.22716610000000004
3.1311e-08,-0.22049600000000003
3.1313e-08,-0.21379289999999995
3.1315e-08,-0.20706079999999993
3.1317e-08,-0.20030289999999995
3.1319e-08,-0.19352270000000005
3.1321e-08,-0.18672330000000004
3.1323e-08,-0.17990830000000002
3.1325e-08,-0.17308060000000003
3.1327e-08,-0.16624320000000004
3.1329e-08,-0.15939899999999996
3.1331e-08,-0.15255090000000004
3.1333e-08,-0.1457016
3.1335e-08,-0.13885380000000003
3.1337e-08,-0.13201019999999997
3.1339e-08,-0.12517290000000003
3.1341e-08,-0.11834460000000002
3.1343e-08,-0.11152760000000006
3.1345e-08,-0.10472389999999998
3.1347e-08,-0.09793589999999996
3.1349e-08,-0.09116539999999995
3.1351e-08,-0.08441469999999995
3.1353e-08,-0.07768549999999996
3.1355e-08,-0.07097969999999998
3.1357e-08,-0.064299
3.1359e-08,-0.057645100000000005
3.1361e-08,-0.05101990000000001
3.1363e-08,-0.04442449999999998
3.1365e-08,-0.03786070000000008
3.1367e-08,-0.03132989999999991
3.1369e-08,-0.024833400000000005
3.1371e-08,-0.018372499999999903
3.1373e-08,-0.011948300000000023
3.1375e-08,-0.005562399999999967
3.1377e-08,0.0007846000000000242
3.1379e-08,0.007091199999999964
3.1381e-08,0.013356499999999993
3.1383e-08,0.019579799999999925
3.1385e-08,0.0257598
3.1387e-08,0.03189580000000003
3.1389e-08,0.03798709999999994
3.1391e-08,0.044032699999999925
3.1393e-08,0.050032100000000024
3.1395e-08,0.055984400000000045
3.1397e-08,0.06188910000000003
3.13985e-08,0.06628599999999996
3.14e-08,0.07065549999999998
3.14002e-08,0.07123579999999996
3.14006e-08,0.0723954
3.14014e-08,0.07470860000000001
3.1403e-08,0.07931130000000008
3.1405e-08,0.08501990000000004
3.1407e-08,0.09067820000000004
3.1409e-08,0.09628590000000004
3.1411e-08,0.1018426
3.1413e-08,0.107348
3.1415e-08,0.11280159999999995
3.1417e-08,0.11820330000000001
3.1419e-08,0.12355280000000002
3.1421e-08,0.12884989999999996
3.1423e-08,0.13409420000000005
3.1425e-08,0.13928589999999996
3.1427e-08,0.14442460000000001
3.1429e-08,0.14951029999999998
3.1431e-08,0.15454279999999998
3.1433e-08,0.1595221
3.1435e-08,0.16444820000000004
3.1437e-08,0.1693209
3.1439e-08,0.17414039999999997
3.1441e-08,0.17890669999999997
3.1443e-08,0.1836196
3.1445e-08,0.18827949999999993
3.1447e-08,0.1928862
3.1449e-08,0.1974399
3.1451e-08,0.20194069999999997
3.1453e-08,0.20638869999999998
3.1455e-08,0.21078399999999997
3.1457e-08,0.2151268999999999
3.1459e-08,0.21941739999999998
3.1461e-08,0.2236557
3.1463e-08,0.227842
3.1465e-08,0.23197659999999998
3.1467e-08,0.23605969999999998
3.1469e-08,0.24009140000000007
3.1471e-08,0.24407199999999996
3.1473e-08,0.24800179999999994
3.1475e-08,0.25188089999999996
3.1477e-08,0.2557098
3.1479e-08,0.25948859999999996
3.1481e-08,0.26321760000000005
3.1483e-08,0.2668971
3.1485e-08,0.27052750000000003
3.1487e-08,0.27410899999999994
3.1489e-08,0.27764180000000005
3.1491e-08,0.2811264
3.1493e-08,0.2845632
3.1495e-08,0.2879522
3.1497e-08,0.2912941
3.1499e-08,0.294589
3.1501e-08,0.29783729999999997
3.1503e-08,0.30103939999999996
3.1505e-08,0.30419549999999995
3.1507e-08,0.3073062
3.1509e-08,0.31037159999999997
3.1511e-08,0.3133922
3.1513e-08,0.31636830000000005
3.1515e-08,0.3193005
3.1517e-08,0.3221889
3.1519e-08,0.32503380000000004
3.1521e-08,0.327836
3.1523e-08,0.3305954
3.1525e-08,0.3333127
3.1527e-08,0.3359881
3.1529e-08,0.33862210000000004
3.1531e-08,0.3412149000000001
3.1533e-08,0.3437671
3.1535e-08,0.346279
3.1537e-08,0.3487509000000001
3.1539e-08,0.3511831999999999
3.1541e-08,0.35357650000000007
3.1543e-08,0.35593090000000005
3.1545e-08,0.35824690000000003
3.1547e-08,0.36052490000000004
3.1549e-08,0.36276529999999996
3.1551e-08,0.36496850000000003
3.1553e-08,0.3671346999999999
3.1555e-08,0.3692645
3.1557e-08,0.3713582000000001
3.1559e-08,0.37341610000000003
3.1561e-08,0.3754387
3.1563e-08,0.3774263000000001
3.1565e-08,0.3793793
3.1567e-08,0.381298
3.1569e-08,0.3831829
3.1571e-08,0.3850344
3.1573e-08,0.38685269999999994
3.1575e-08,0.3886383
3.1577e-08,0.3903915
3.1579e-08,0.3921127
3.1581e-08,0.3938022
3.1583e-08,0.3954605
3.1585e-08,0.3970878
3.1587e-08,0.3986845
3.1589e-08,0.40025109999999997
3.1591e-08,0.40178780000000003
3.1593e-08,0.4032949
3.1595e-08,0.4047729
3.1597e-08,0.40622210000000003
3.15985e-08,0.4072903
3.16e-08,0.40834249999999994
3.16002e-08,0.4084822
3.16006e-08,0.4087628
3.16014e-08,0.409331
3.1603e-08,0.4104846
3.1605e-08,0.41193079999999993
3.1607e-08,0.4133469000000001
3.1609e-08,0.4146997
3.1611e-08,0.4159611
3.1613e-08,0.41710749999999996
3.1615e-08,0.41811960000000004
3.1617e-08,0.41898060000000004
3.1619e-08,0.41967730000000003
3.1621e-08,0.4201983
3.1623e-08,0.42053469999999993
3.1625e-08,0.42067920000000003
3.1627e-08,0.4206265
3.1629e-08,0.4203722999999999
3.1631e-08,0.41991349999999994
3.1633e-08,0.4192483
3.1635e-08,0.4183759
3.1637e-08,0.41729610000000006
3.1639e-08,0.4160098
3.1641e-08,0.4145181
3.1643e-08,0.41282300000000005
3.1645e-08,0.4109269
3.1647e-08,0.40883249999999993
3.1649e-08,0.40654309999999994
3.1651e-08,0.40406239999999993
3.1653e-08,0.40139400000000003
3.1655e-08,0.39854199999999995
3.1657e-08,0.3955107
3.1659e-08,0.39230470000000006
3.1661e-08,0.3889285
3.1663e-08,0.3853869
3.1665e-08,0.38168459999999993
3.1667e-08,0.37782669999999996
3.1669e-08,0.3738180000000001
3.1671e-08,0.3696636
3.1673e-08,0.3653685
3.1675e-08,0.3609376999999999
3.1677e-08,0.3563763
3.1679e-08,0.35168920000000004
3.1681e-08,0.34688150000000006
3.1683e-08,0.341958
3.1685e-08,0.3369238
3.1687e-08,0.3317837
3.1689e-08,0.3265424
3.1691e-08,0.3212047
3.1693e-08,0.31577520000000003
3.1695e-08,0.3102587
3.1697e-08,0.3046594
3.1699e-08,0.29898199999999997
3.1701e-08,0.2932308
3.1703e-08,0.2874099
3.1705e-08,0.28152369999999993
3.1707e-08,0.2755763
3.1709e-08,0.2695716
3.1711e-08,0.2635134
3.1713e-08,0.25740569999999996
3.1715e-08,0.25125220000000004
3.1717e-08,0.2450565
3.1719e-08,0.23882230000000004
3.1721e-08,0.23255290000000006
3.1723e-08,0.2262516
3.1725e-08,0.2199219
3.1727e-08,0.2135667
3.1729e-08,0.20718939999999997
3.1731e-08,0.2007928
3.1733e-08,0.19437990000000005
3.1735e-08,0.1879535
3.1737e-08,0.18151640000000002
3.1739e-08,0.17507119999999998
3.1741e-08,0.16862049999999995
3.1743e-08,0.16216680000000006
3.1745e-08,0.15571259999999998
3.1747e-08,0.1492601
3.1749e-08,0.14281159999999993
3.1751e-08,0.13636939999999997
3.1753e-08,0.12993540000000003
3.1755e-08,0.12351179999999995
3.1757e-08,0.1171006
3.1759e-08,0.11070360000000001
3.1761e-08,0.10432259999999993
3.1763e-08,0.09795930000000008
3.1765e-08,0.09161560000000002
3.1767e-08,0.0852930999999999
3.1769e-08,0.07899319999999999
3.1771e-08,0.07271740000000004
3.1773e-08,0.06646740000000007
3.1775e-08,0.06024429999999992
3.1777e-08,0.05404960000000003
3.1779e-08,0.047884499999999997
3.1781e-08,0.0417500999999999
3.1783e-08,0.03564780000000001
3.1785e-08,0.02957860000000001
3.1787e-08,0.023543400000000103
3.1789e-08,0.017543399999999987
3.1791e-08,0.01157969999999997
3.1793e-08,0.005652899999999961
3.1795e-08,-0.00023600000000001398
3.1797e-08,-0.006086200000000042
3.17985e-08,-0.010448000000000013
3.18e-08,-0.014798199999999984
3.18002e-08,-0.015378500000000073
3.18006e-08,-0.016540099999999947
3.18014e-08,-0.01886639999999995
3.1803e-08,-0.02352070000000006
3.1805e-08,-0.029313299999999987
3.1807e-08,-0.03504189999999996
3.1809e-08,-0.04067199999999993
3.1811e-08,-0.04617379999999993
3.1813e-08,-0.05152289999999993
3.1815e-08,-0.056698499999999985
3.1817e-08,-0.061683400000000055
3.1819e-08,-0.06646359999999996
3.1821e-08,-0.07102790000000003
3.1823e-08,-0.07536709999999991
3.1825e-08,-0.07947460000000006
3.1827e-08,-0.08334520000000001
3.1829e-08,-0.08697559999999993
3.1831e-08,-0.09036359999999999
3.1833e-08,-0.09350820000000004
3.1835e-08,-0.09640959999999998
3.1837e-08,-0.09906890000000002
3.1839e-08,-0.10148789999999996
3.1841e-08,-0.10366900000000001
3.1843e-08,-0.10561509999999996
3.1845e-08,-0.10732989999999998
3.1847e-08,-0.1088171
3.1849e-08,-0.11008119999999999
3.1851e-08,-0.11112660000000008
3.1853e-08,-0.11195790000000005
3.1855e-08,-0.11258030000000008
3.1857e-08,-0.11299879999999995
3.1859e-08,-0.1132187
3.1861e-08,-0.11324509999999999
3.1863e-08,-0.1130835
3.1865e-08,-0.11273929999999999
3.1867e-08,-0.11221799999999993
3.1869e-08,-0.11152489999999993
3.1871e-08,-0.11066520000000002
3.1873e-08,-0.10964469999999993
3.1875e-08,-0.10846830000000007
3.1877e-08,-0.1071415
3.1879e-08,-0.10566940000000002
3.1881e-08,-0.10405729999999991
3.1883e-08,-0.10231000000000001
3.1885e-08,-0.10043259999999998
3.1887e-08,-0.09843000000000002
3.1889e-08,-0.09630710000000009
3.1891e-08,-0.0940685
3.1893e-08,-0.09171879999999999
3.1895e-08,-0.08926259999999997
3.1897e-08,-0.08670440000000001
3.1899e-08,-0.08404840000000002
3.1901e-08,-0.0812988
3.1903e-08,-0.07845999999999997
3.1905e-08,-0.07553580000000004
3.1907e-08,-0.07253029999999994
3.1909e-08,-0.06944719999999993
3.1911e-08,-0.06629019999999997
3.1913e-08,-0.06306319999999999
3.1915e-08,-0.059769699999999926
3.1917e-08,-0.056413099999999994
3.1919e-08,-0.05299670000000001
3.1921e-08,-0.04952400000000001
3.1923e-08,-0.04599810000000004
3.1925e-08,-0.04242190000000001
3.1927e-08,-0.03879879999999991
3.1929e-08,-0.03513149999999998
3.1931e-08,-0.03142290000000003
3.1933e-08,-0.027675800000000028
3.1935e-08,-0.023892799999999936
3.1937e-08,-0.020076500000000053
3.1939e-08,-0.016229599999999955
3.1941e-08,-0.012354500000000046
3.1943e-08,-0.008453400000000055
3.1945e-08,-0.004528900000000058
3.1947e-08,-0.0005830999999999475
3.1949e-08,0.003381999999999996
3.1951e-08,0.007364000000000037
3.1953e-08,0.011361100000000013
3.1955e-08,0.01537120000000003
3.1957e-08,0.019392500000000035
3.1959e-08,0.02342299999999997
3.1961e-08,0.027461100000000016
3.1963e-08,0.03150489999999995
3.1965e-08,0.035553100000000004
3.1967e-08,0.03960359999999996
3.1969e-08,0.043655200000000005
3.1971e-08,0.04770619999999992
3.1973e-08,0.05175530000000006
3.1975e-08,0.05580110000000005
3.1977e-08,0.05984210000000001
3.1979e-08,0.06387720000000008
3.1981e-08,0.067905
3.1983e-08,0.07192450000000006
3.1985e-08,0.07593430000000001
3.1987e-08,0.07993349999999999
3.1989e-08,0.08392089999999996
3.1991e-08,0.08789559999999996
3.1993e-08,0.09185640000000006
3.1995e-08,0.09580259999999996
3.1997e-08,0.09973310000000002
3.19985e-08,0.10267039999999994
3.2e-08,0.10559790000000002
3.20002e-08,0.10598739999999995
3.20006e-08,0.10676609999999997
3.20014e-08,0.1083212
3.2003e-08,0.11142269999999999
3.2005e-08,0.11528240000000001
3.2007e-08,0.11912259999999997
3.2009e-08,0.12294249999999995
3.2011e-08,0.12674150000000006
3.2013e-08,0.1305189
3.2015e-08,0.134274
3.2017e-08,0.13800639999999997
3.2019e-08,0.1417155
3.2021e-08,0.14540070000000005
3.2023e-08,0.14906160000000002
3.2025e-08,0.15269769999999994
3.2027e-08,0.15630869999999997
3.2029e-08,0.15989390000000003
3.2031e-08,0.16345310000000002
3.2033e-08,0.16698580000000007
3.2035e-08,0.17049179999999997
3.2037e-08,0.17397069999999992
3.2039e-08,0.17742230000000003
3.2041e-08,0.1808461
3.2043e-08,0.18424200000000002
3.2045e-08,0.1876097
3.2047e-08,0.19094889999999998
3.2049e-08,0.19425959999999998
3.2051e-08,0.19754139999999998
3.2053e-08,0.20079419999999992
3.2055e-08,0.20401789999999997
3.2057e-08,0.20721219999999996
3.2059e-08,0.21037709999999998
3.2061e-08,0.21351240000000005
3.2063e-08,0.21661819999999998
3.2065e-08,0.2196941
3.2067e-08,0.22274020000000005
3.2069e-08,0.22575650000000003
3.2071e-08,0.22874280000000002
3.2073e-08,0.2316992
3.2075e-08,0.23462549999999993
3.2077e-08,0.237522
3.2079e-08,0.24038840000000006
3.2081e-08,0.2432246
3.2083e-08,0.246031
3.2085e-08,0.2488074
3.2087e-08,0.25155399999999994
3.2089e-08,0.2542706
3.2091e-08,0.25695730000000006
3.2093e-08,0.2596144
3.2095e-08,0.2622417
3.2097e-08,0.26483940000000006
3.2099e-08,0.2674075
3.2101e-08,0.26994609999999997
3.2103e-08,0.2724555000000001
3.2105e-08,0.27493559999999995
3.2107e-08,0.2773865
3.2109e-08,0.27980840000000007
3.2111e-08,0.28220140000000005
3.2113e-08,0.2845655
3.2115e-08,0.2869011
3.2117e-08,0.2892082
3.2119e-08,0.29148679999999993
3.2121e-08,0.29373720000000003
3.2123e-08,0.2959596
3.2125e-08,0.29815400000000003
3.2127e-08,0.30032059999999994
3.2129e-08,0.3024597
3.2131e-08,0.3045713
3.2133e-08,0.30665560000000003
3.2135e-08,0.30871270000000006
3.2137e-08,0.310743
3.2139e-08,0.3127464999999999
3.2141e-08,0.31472350000000004
3.2143e-08,0.316674
3.2145e-08,0.3185983
3.2147e-08,0.3204966
3.2149e-08,0.3223689999999999
3.2151e-08,0.3242159
3.2153e-08,0.3260372
3.2155e-08,0.3278333
3.2157e-08,0.3296044
3.2159e-08,0.3313505000000001
3.2161e-08,0.3330719
3.2163e-08,0.334769
3.2165e-08,0.3364418
3.2167e-08,0.3380903999999999
3.2169e-08,0.3397152
3.2171e-08,0.3413164000000001
3.2173e-08,0.3428941
3.2175e-08,0.34444849999999994
3.2177e-08,0.34597980000000006
3.2179e-08,0.3474883999999999
3.2181e-08,0.34897429999999996
3.2183e-08,0.3504376
3.2185e-08,0.3518789
3.2187e-08,0.353298
3.2189e-08,0.3546954
3.2191e-08,0.3560711
3.2193e-08,0.3574253999999999
3.2195e-08,0.35875860000000004
3.2197e-08,0.36007069999999997
3.21985e-08,0.36104119999999995
3.22e-08,0.3620000000000001
3.22002e-08,0.362127
3.22006e-08,0.3623803000000001
3.22014e-08,0.3628844
3.2203e-08,0.3638830999999999
3.2205e-08,0.36511340000000003
3.2207e-08,0.36632359999999997
3.2209e-08,0.36751409999999995
3.2211e-08,0.36868499999999993
3.2213e-08,0.36983659999999996
3.2215e-08,0.37096890000000005
3.2217e-08,0.3720823999999999
3.2219e-08,0.37317710000000004
3.2221e-08,0.3742531
3.2223e-08,0.3753109
3.2225e-08,0.3763504
3.2227e-08,0.37737200000000004
3.2229e-08,0.3783759
3.2231e-08,0.37936210000000004
3.2233e-08,0.3803310000000001
3.2235e-08,0.3812827
3.2237e-08,0.3822175
3.2239e-08,0.38313529999999996
3.2241e-08,0.38403660000000006
3.2243e-08,0.38492139999999997
3.2245e-08,0.3857901
3.2247e-08,0.38664260000000006
3.2249e-08,0.38747929999999997
3.2251e-08,0.38830030000000004
3.2253e-08,0.3891057
3.2255e-08,0.389896
3.2257e-08,0.39067110000000005
3.2259e-08,0.3914312
3.2261e-08,0.3921764
3.2263e-08,0.3929072
3.2265e-08,0.3936235
3.2267e-08,0.3943255
3.2269e-08,0.3950134999999999
3.2271e-08,0.39568760000000003
3.2273e-08,0.3963479
3.2275e-08,0.39699470000000003
3.2277e-08,0.39762810000000004
3.2279e-08,0.3982483
3.2281e-08,0.3988553
3.2283e-08,0.3994495
3.2285e-08,0.4000309999999999
3.2287e-08,0.40059999999999996
3.2289e-08,0.4011564999999999
3.2291e-08,0.4017007
3.2293e-08,0.40223280000000006
3.2295e-08,0.402753
3.2297e-08,0.40326149999999994
3.2299e-08,0.4037582999999999
3.2301e-08,0.4042437
3.2303e-08,0.40471769999999996
3.2305e-08,0.4051806
3.2307e-08,0.40563250000000006
3.2309e-08,0.4060733999999999
3.2311e-08,0.4065037
3.2313e-08,0.4069233
3.2315e-08,0.4073325
3.2317e-08,0.4077315
3.2319e-08,0.40812020000000004
3.2321e-08,0.40849899999999995
3.2323e-08,0.40886789999999995
3.2325e-08,0.40922689999999995
3.2327e-08,0.4095765
3.2329e-08,0.40991659999999996
3.2331e-08,0.4102473
3.2333e-08,0.41056880000000007
3.2335e-08,0.41088120000000006
3.2337e-08,0.41118470000000007
3.2339e-08,0.41147939999999994
3.2341e-08,0.41176539999999995
3.2343e-08,0.41204280000000004
3.2345e-08,0.4123118
3.2347e-08,0.41257239999999995
3.2349e-08,0.41282489999999994
3.2351e-08,0.4130693
3.2353e-08,0.4133057
3.2355e-08,0.4135343
3.2357e-08,0.41375510000000004
3.2359e-08,0.4139683999999999
3.2361e-08,0.41417419999999994
3.2363e-08,0.4143724999999999
3.2365e-08,0.41456360000000003
3.2367e-08,0.4147476
3.2369e-08,0.41492450000000003
3.2371e-08,0.41509450000000003
3.2373e-08,0.41525769999999995
3.2375e-08,0.4154141
3.2377e-08,0.4155639
3.2379e-08,0.4157071
3.2381e-08,0.415844
3.2383e-08,0.41597459999999997
3.2385e-08,0.41609889999999994
3.2387e-08,0.41621720000000006
3.2389e-08,0.41632940000000007
3.2391e-08,0.41643569999999996
3.2393e-08,0.4165361999999999
3.2395e-08,0.416631
3.2397e-08,0.41672010000000004
3.23985e-08,0.41678329999999997
3.24e-08,0.41684350000000003
3.24002e-08,0.41685190000000005
3.24006e-08,0.4168706
3.24014e-08,0.4169174
3.2403e-08,0.4170391
3.2405e-08,0.4172152
3.2407e-08,0.4173823
3.2409e-08,0.41750659999999995
3.2411e-08,0.4175594
3.2413e-08,0.4175164
3.2415e-08,0.41735749999999994
3.2417e-08,0.4170655000000001
3.2419e-08,0.4166265
3.2421e-08,0.41602870000000003
3.2423e-08,0.41526280000000004
3.2425e-08,0.4143209
3.2427e-08,0.41319740000000005
3.2429e-08,0.4118877000000001
3.2431e-08,0.41038849999999993
3.2433e-08,0.40869789999999995
3.2435e-08,0.4068147
3.2437e-08,0.4047387
3.2439e-08,0.40247050000000006
3.2441e-08,0.4000112
3.2443e-08,0.39736269999999996
3.2445e-08,0.39452750000000003
3.2447e-08,0.3915082
3.2449e-08,0.3883082
3.2451e-08,0.38493089999999996
3.2453e-08,0.3813801
3.2455e-08,0.3776600000000001
3.2457e-08,0.37377479999999996
3.2459e-08,0.3697292
3.2461e-08,0.36552779999999996
3.2463e-08,0.3611753
3.2465e-08,0.35667649999999995
3.2467e-08,0.3520365000000001
3.2469e-08,0.34726009999999996
3.2471e-08,0.3423524
3.2473e-08,0.3373185999999999
3.2475e-08,0.33216369999999995
3.2477e-08,0.3268926
3.2479e-08,0.3215103
3.2481e-08,0.3160219999999999
3.2483e-08,0.3104325
3.2485e-08,0.3047466
3.2487e-08,0.2989693
3.2489e-08,0.2931053
3.2491e-08,0.28715939999999995
3.2493e-08,0.28113599999999994
3.2495e-08,0.27503980000000006
3.2497e-08,0.26887530000000004
3.2499e-08,0.26264679999999996
3.2501e-08,0.2563586
3.2503e-08,0.2500148
3.2505e-08,0.24361960000000005
3.2507e-08,0.23717700000000008
3.2509e-08,0.23069080000000008
3.2511e-08,0.2241651
3.2513e-08,0.21760330000000006
3.2515e-08,0.2110092
3.2517e-08,0.20438619999999996
3.2519e-08,0.1977378999999999
3.2521e-08,0.1910674
3.2523e-08,0.18437820000000005
3.2525e-08,0.17767319999999998
3.2527e-08,0.17095569999999993
3.2529e-08,0.1642283
3.2531e-08,0.15749420000000003
3.2533e-08,0.150756
3.2535e-08,0.1440165
3.2537e-08,0.13727820000000002
3.2539e-08,0.13054359999999998
3.2541e-08,0.12381510000000007
3.2543e-08,0.11709519999999995
3.2545e-08,0.11038610000000004
3.2547e-08,0.10368979999999994
3.2549e-08,0.0970086
3.2551e-08,0.09034450000000005
3.2553e-08,0.08369939999999998
3.2555e-08,0.07707509999999995
3.2557e-08,0.07047359999999991
3.2559e-08,0.06389630000000002
3.2561e-08,0.05734529999999993
3.2563e-08,0.05082180000000003
3.2565e-08,0.044327500000000075
3.2567e-08,0.03786389999999995
3.2569e-08,0.03143230000000008
3.2571e-08,0.025034099999999948
3.2573e-08,0.01867059999999998
3.2575e-08,0.012342899999999934
3.2577e-08,0.006052199999999952
3.2579e-08,-0.0002003000000000421
3.2581e-08,-0.006413600000000019
3.2583e-08,-0.01258669999999995
3.2585e-08,-0.018718699999999977
3.2587e-08,-0.02480859999999996
3.2589e-08,-0.03085569999999993
3.2591e-08,-0.03685890000000003
3.2593e-08,-0.04281780000000002
3.2595e-08,-0.048731599999999986
3.2597e-08,-0.054599400000000076
3.25985e-08,-0.05896990000000002
3.26e-08,-0.06331399999999998
3.26002e-08,-0.06389159999999994
3.26006e-08,-0.06504779999999999
3.26014e-08,-0.0673648
3.2603e-08,-0.07200590000000007
3.2605e-08,-0.07779079999999994
3.2607e-08,-0.08351969999999997
3.2609e-08,-0.08915629999999997
3.2611e-08,-0.09466979999999992
3.2613e-08,-0.1000340999999999
3.2615e-08,-0.10522770000000004
3.2617e-08,-0.11023260000000001
3.2619e-08,-0.11503390000000002
3.2621e-08,-0.11961960000000005
3.2623e-08,-0.12398010000000004
3.2625e-08,-0.1281084
3.2627e-08,-0.13199850000000002
3.2629e-08,-0.13564690000000001
3.2631e-08,-0.13905089999999998
3.2633e-08,-0.14220939999999993
3.2635e-08,-0.14512219999999998
3.2637e-08,-0.14778990000000003
3.2639e-08,-0.15021410000000002
3.2641e-08,-0.15239709999999995
3.2643e-08,-0.15434179999999997
3.2645e-08,-0.15605119999999995
3.2647e-08,-0.1575293000000001
3.2649e-08,-0.15878009999999998
3.2651e-08,-0.1598080999999999
3.2653e-08,-0.16061789999999998
3.2655e-08,-0.16121430000000003
3.2657e-08,-0.16160229999999998
3.2659e-08,-0.16178709999999996
3.2661e-08,-0.16177399999999997
3.2663e-08,-0.16156820000000005
3.2665e-08,-0.16117510000000002
3.2667e-08,-0.16060019999999997
3.2669e-08,-0.15984870000000007
3.2671e-08,-0.15892610000000007
3.2673e-08,-0.15783780000000003
3.2675e-08,-0.15658899999999998
3.2677e-08,-0.15518500000000002
3.2679e-08,-0.15363110000000002
3.2681e-08,-0.15193239999999997
3.2683e-08,-0.15009399999999995
3.2685e-08,-0.14812100000000006
3.2687e-08,-0.1460182
3.2689e-08,-0.1437906
3.2691e-08,-0.1414428000000001
3.2693e-08,-0.13897970000000004
3.2695e-08,-0.13640570000000007
3.2697e-08,-0.13372550000000005
3.2699e-08,-0.13094320000000004
3.2701e-08,-0.12806340000000005
3.2703e-08,-0.12509009999999998
3.2705e-08,-0.12202760000000001
3.2707e-08,-0.11887979999999998
3.2709e-08,-0.11565060000000005
3.2711e-08,-0.11234390000000005
3.2713e-08,-0.1089635000000001
3.2715e-08,-0.10551290000000002
3.2717e-08,-0.10199579999999997
3.2719e-08,-0.09841560000000005
3.2721e-08,-0.09477570000000002
3.2723e-08,-0.09107919999999992
3.2725e-08,-0.08732950000000006
3.2727e-08,-0.08352969999999993
3.2729e-08,-0.07968259999999994
3.2731e-08,-0.07579140000000006
3.2733e-08,-0.07185889999999995
3.2735e-08,-0.0678877
3.2737e-08,-0.06388070000000001
3.2739e-08,-0.059840400000000016
3.2741e-08,-0.05576939999999997
3.2743e-08,-0.05167009999999994
3.2745e-08,-0.04754500000000006
3.2747e-08,-0.04339629999999994
3.2749e-08,-0.039226299999999936
3.2751e-08,-0.03503719999999999
3.2753e-08,-0.0308311
3.2755e-08,-0.02661009999999997
3.2757e-08,-0.022375900000000004
3.2759e-08,-0.018130800000000002
3.2761e-08,-0.01387650000000007
3.2763e-08,-0.009614699999999976
3.2765e-08,-0.005347300000000055
3.2767e-08,-0.0010759000000000185
3.2769e-08,0.003197999999999923
3.2771e-08,0.007472600000000051
3.2773e-08,0.01174659999999994
3.2775e-08,0.016018399999999988
3.2777e-08,0.020286499999999985
3.2779e-08,0.024549900000000013
3.2781e-08,0.028807000000000027
3.2783e-08,0.03305649999999993
3.2785e-08,0.03729729999999998
3.2787e-08,0.04152829999999996
3.2789e-08,0.045748299999999964
3.2791e-08,0.04995610000000006
3.2793e-08,0.05415079999999994
3.2795e-08,0.05833140000000003
3.2797e-08,0.06249680000000002
3.27985e-08,0.0656104999999999
3.28e-08,0.0687146999999999
3.28002e-08,0.06912849999999993
3.28006e-08,0.06995759999999995
3.28014e-08,0.07162389999999996
3.2803e-08,0.07497779999999998
3.2805e-08,0.07918019999999992
3.2807e-08,0.08335539999999997
3.2809e-08,0.0874665
3.2811e-08,0.09148239999999996
3.2813e-08,0.09537629999999997
3.2815e-08,0.09912589999999999
3.2817e-08,0.10271279999999994
3.2819e-08,0.10612149999999998
3.2821e-08,0.10933959999999998
3.2823e-08,0.11235700000000004
3.2825e-08,0.11516590000000004
3.2827e-08,0.11776039999999999
3.2829e-08,0.12013609999999997
3.2831e-08,0.12229029999999996
3.2833e-08,0.12422129999999998
3.2835e-08,0.12592860000000006
3.2837e-08,0.1274128
3.2839e-08,0.12867490000000004
3.2841e-08,0.12971699999999997
3.2843e-08,0.13054179999999993
3.2845e-08,0.1311523
3.2847e-08,0.13155190000000005
3.2849e-08,0.1317446
3.2851e-08,0.13173479999999993
3.2853e-08,0.13152660000000005
3.2855e-08,0.1311251
3.2857e-08,0.1305349
3.2859e-08,0.12976090000000007
3.2861e-08,0.1288085
3.2863e-08,0.12768259999999998
3.2865e-08,0.12638870000000002
3.2867e-08,0.12493169999999998
3.2869e-08,0.12331700000000001
3.2871e-08,0.12154989999999999
3.2873e-08,0.11963560000000006
3.2875e-08,0.11757930000000005
3.2877e-08,0.11538610000000005
3.2879e-08,0.11306099999999997
3.2881e-08,0.11060930000000002
3.2883e-08,0.10803549999999995
3.2885e-08,0.10534489999999996
3.2887e-08,0.10254210000000008
3.2889e-08,0.09963179999999994
3.2891e-08,0.0966186
3.2893e-08,0.09350710000000007
3.2895e-08,0.09030170000000004
3.2897e-08,0.08700679999999994
3.2899e-08,0.08362649999999994
3.2901e-08,0.08016520000000005
3.2903e-08,0.0766266000000001
3.2905e-08,0.0730149
3.2907e-08,0.06933390000000006
3.2909e-08,0.06558739999999996
3.2911e-08,0.06177900000000003
3.2913e-08,0.05791219999999997
3.2915e-08,0.05399050000000005
3.2917e-08,0.05001750000000005
3.2919e-08,0.04599619999999993
3.2921e-08,0.04192980000000002
3.2923e-08,0.03782170000000007
3.2925e-08,0.0336746
3.2927e-08,0.029491400000000056
3.2929e-08,0.025275199999999942
3.2931e-08,0.021028599999999953
3.2933e-08,0.0167543
3.2935e-08,0.012454900000000046
3.2937e-08,0.008132800000000051
3.2939e-08,0.0037907000000000357
3.2941e-08,-0.0005694000000000532
3.2943e-08,-0.004944999999999977
3.2945e-08,-0.009334000000000064
3.2947e-08,-0.01373420000000003
3.2949e-08,-0.018143600000000037
3.2951e-08,-0.022560000000000024
3.2953e-08,-0.026981900000000003
3.2955e-08,-0.031406900000000015
3.2957e-08,-0.03583370000000008
3.2959e-08,-0.040260299999999916
3.2961e-08,-0.044684999999999975
3.2963e-08,-0.04910630000000005
3.2965e-08,-0.053522700000000034
3.2967e-08,-0.0579326
3.2969e-08,-0.06233449999999996
3.2971e-08,-0.06672719999999999
3.2973e-08,-0.07110930000000004
3.2975e-08,-0.07547939999999997
3.2977e-08,-0.07983629999999997
3.2979e-08,-0.08417899999999989
3.2981e-08,-0.08850620000000009
3.2983e-08,-0.09281689999999998
3.2985e-08,-0.09710989999999997
3.2987e-08,-0.10138429999999998
3.2989e-08,-0.1056391000000001
3.2991e-08,-0.10987360000000002
3.2993e-08,-0.1140867000000001
3.2995e-08,-0.11827750000000004
3.2997e-08,-0.12244540000000004
3.29985e-08,-0.1255558
3.3e-08,-0.12865249999999995
3.30002e-08,-0.12906419999999996
3.30006e-08,-0.12988710000000003
3.30014e-08,-0.13153009999999998
3.3003e-08,-0.13480369999999997
3.3005e-08,-0.13887230000000006
3.3007e-08,-0.14291449999999994
3.3009e-08,-0.1469298
3.3011e-08,-0.15091739999999998
3.3013e-08,-0.15487689999999998
3.3015e-08,-0.1588077
3.3017e-08,-0.16270949999999995
3.3019e-08,-0.16658169999999994
3.3021e-08,-0.1704239999999999
3.3023e-08,-0.1742359
3.3025e-08,-0.1780172
3.3027e-08,-0.18176720000000002
3.3029e-08,-0.18548600000000004
3.3031e-08,-0.18917299999999992
3.3033e-08,-0.19282809999999995
3.3035e-08,-0.19645089999999998
3.3037e-08,-0.2000413000000001
3.3039e-08,-0.20359910000000003
3.3041e-08,-0.20712389999999992
3.3043e-08,-0.21061570000000007
3.3045e-08,-0.2140744
3.3047e-08,-0.21749960000000002
3.3049e-08,-0.22089159999999997
3.3051e-08,-0.22424979999999994
3.3053e-08,-0.22757439999999995
3.3055e-08,-0.2308654
3.3057e-08,-0.2341225
3.3059e-08,-0.23734580000000005
3.3061e-08,-0.24053519999999995
3.3063e-08,-0.24369070000000004
3.3065e-08,-0.24681239999999993
3.3067e-08,-0.2499
3.3069e-08,-0.25295389999999995
3.3071e-08,-0.2559739
3.3073e-08,-0.2589600999999999
3.3075e-08,-0.2619125
3.3077e-08,-0.26483120000000004
3.3079e-08,-0.26771620000000007
3.3081e-08,-0.2705677999999999
3.3083e-08,-0.27338589999999996
3.3085e-08,-0.27617059999999993
3.3087e-08,-0.278922
3.3089e-08,-0.2816402
3.3091e-08,-0.28432539999999995
3.3093e-08,-0.2869777
3.3095e-08,-0.2895972
3.3097e-08,-0.29218410000000006
3.3099e-08,-0.29473839999999996
3.3101e-08,-0.29726050000000004
3.3103e-08,-0.2997503
3.3105e-08,-0.3022081999999999
3.3107e-08,-0.30463419999999997
3.3109e-08,-0.30702850000000004
3.3111e-08,-0.30939130000000004
3.3113e-08,-0.3117227
3.3115e-08,-0.3140231
3.3117e-08,-0.31629260000000003
3.3119e-08,-0.3185312
3.3121e-08,-0.32073929999999995
3.3123e-08,-0.32291710000000007
3.3125e-08,-0.32506480000000004
3.3127e-08,-0.32718250000000004
3.3129e-08,-0.32927059999999997
3.3131e-08,-0.331329
3.3133e-08,-0.33335820000000005
3.3135e-08,-0.33535840000000006
3.3137e-08,-0.33732970000000007
3.3139e-08,-0.3392723999999999
3.3141e-08,-0.34118669999999995
3.3143e-08,-0.3430727
3.3145e-08,-0.3449310000000001
3.3147e-08,-0.3467614
3.3149e-08,-0.3485644
3.3151e-08,-0.35034010000000004
3.3153e-08,-0.3520888
3.3155e-08,-0.3538108
3.3157e-08,-0.3555062
3.3159e-08,-0.3571752
3.3161e-08,-0.3588182000000001
3.3163e-08,-0.36043539999999996
3.3165e-08,-0.36202689999999993
3.3167e-08,-0.36359319999999995
3.3169e-08,-0.36513419999999996
3.3171e-08,-0.36665040000000004
3.3173e-08,-0.36814199999999997
3.3175e-08,-0.36960919999999997
3.3177e-08,-0.3710521
3.3179e-08,-0.37247109999999994
3.3181e-08,-0.3738665000000001
3.3183e-08,-0.37523839999999997
3.3185e-08,-0.376587
3.3187e-08,-0.3779127
3.3189e-08,-0.3792156000000001
3.3191e-08,-0.38049600000000006
3.3193e-08,-0.3817543
3.3195e-08,-0.38299040000000006
3.3197e-08,-0.38420469999999995
3.31985e-08,-0.38510120000000003
3.32e-08,-0.3859857
3.32002e-08,-0.3861034
3.32006e-08,-0.38634
3.32014e-08,-0.38682110000000003
3.3203e-08,-0.3878035000000001
3.3205e-08,-0.38904130000000003
3.3207e-08,-0.3902548
3.3209e-08,-0.39141000000000004
3.3211e-08,-0.39247849999999995
3.3213e-08,-0.39343649999999997
3.3215e-08,-0.3942637000000001
3.3217e-08,-0.39494340000000006
3.3219e-08,-0.3954618000000001
3.3221e-08,-0.3958075
3.3223e-08,-0.3959714
3.3225e-08,-0.39594609999999997
3.3227e-08,-0.3957259999999999
3.3229e-08,-0.3953067
3.3231e-08,-0.3946855
3.3233e-08,-0.39386029999999994
3.3235e-08,-0.3928304
3.3237e-08,-0.3915957
3.3239e-08,-0.390157
3.3241e-08,-0.38851579999999997
3.3243e-08,-0.3866739
3.3245e-08,-0.3846339
3.3247e-08,-0.38239880000000004
3.3249e-08,-0.3799718000000001
3.3251e-08,-0.3773567
3.3253e-08,-0.37455740000000004
3.3255e-08,-0.37157799999999996
3.3257e-08,-0.36842299999999994
3.3259e-08,-0.36509689999999995
3.3261e-08,-0.3616045
3.3263e-08,-0.35795050000000006
3.3265e-08,-0.35414
3.3267e-08,-0.3501778
3.3269e-08,-0.34606899999999996
3.3271e-08,-0.3418186999999999
3.3273e-08,-0.33743199999999995
3.3275e-08,-0.3329139
3.3277e-08,-0.32826960000000005
3.3279e-08,-0.323504
3.3281e-08,-0.3186222999999999
3.3283e-08,-0.31362920000000005
3.3285e-08,-0.3085298999999999
3.3287e-08,-0.3033291
3.3289e-08,-0.2980317
3.3291e-08,-0.2926423
3.3293e-08,-0.28716569999999997
3.3295e-08,-0.2816063999999999
3.3297e-08,-0.27596889999999996
3.3299e-08,-0.2702576
3.3301e-08,-0.2644769
3.3303e-08,-0.2586311
3.3305e-08,-0.2527241
3.3307e-08,-0.24676010000000004
3.3309e-08,-0.24074319999999994
3.3311e-08,-0.23467700000000002
3.3313e-08,-0.22856549999999998
3.3315e-08,-0.22241219999999995
3.3317e-08,-0.2162208
3.3319e-08,-0.20999480000000004
3.3321e-08,-0.20373750000000002
3.3323e-08,-0.19745230000000003
3.3325e-08,-0.19114240000000005
3.3327e-08,-0.1848109
3.3329e-08,-0.17846080000000009
3.3331e-08,-0.17209509999999995
3.3333e-08,-0.1657166
3.3335e-08,-0.15932809999999997
3.3337e-08,-0.15293240000000008
3.3339e-08,-0.14653189999999994
3.3341e-08,-0.1401291
3.3343e-08,-0.13372649999999997
3.3345e-08,-0.12732659999999996
3.3347e-08,-0.12093140000000002
3.3349e-08,-0.11454340000000007
3.3351e-08,-0.10816439999999994
3.3353e-08,-0.10179660000000001
3.3355e-08,-0.09544180000000002
3.3357e-08,-0.08910229999999997
3.3359e-08,-0.0827795
3.3361e-08,-0.07647530000000002
3.3363e-08,-0.07019150000000007
3.3365e-08,-0.06392960000000003
3.3367e-08,-0.057691200000000054
3.3369e-08,-0.05147769999999996
3.3371e-08,-0.04529070000000002
3.3373e-08,-0.039131499999999986
3.3375e-08,-0.03300150000000002
3.3377e-08,-0.026901699999999917
3.3379e-08,-0.020833699999999955
3.3381e-08,-0.014798300000000042
3.3383e-08,-0.008796799999999938
3.3385e-08,-0.0028301000000000576
3.3387e-08,0.003100600000000009
3.3389e-08,0.008994500000000016
3.3391e-08,0.014850599999999936
3.3393e-08,0.020668299999999973
3.3395e-08,0.026446400000000092
3.3397e-08,0.032184300000000055
3.33985e-08,0.036461100000000024
3.34e-08,0.04071440000000004
3.34002e-08,0.041279499999999913
3.34006e-08,0.04240889999999997
3.34014e-08,0.0446628
3.3403e-08,0.04914989999999997
3.3405e-08,0.054720299999999944
3.3407e-08,0.060247300000000004
3.3409e-08,0.06573029999999991
3.3411e-08,0.07116880000000003
3.3413e-08,0.07656249999999998
3.3415e-08,0.08191079999999995
3.3417e-08,0.08721329999999994
3.3419e-08,0.09246969999999999
3.3421e-08,0.09767970000000004
3.3423e-08,0.10284290000000007
3.3425e-08,0.10795910000000009
3.3427e-08,0.11302780000000001
3.3429e-08,0.1180490999999999
3.3431e-08,0.12302269999999993
3.3433e-08,0.12794830000000001
3.3435e-08,0.13282589999999994
3.3437e-08,0.13765519999999998
3.3439e-08,0.1424362
3.3441e-08,0.14716889999999994
3.3443e-08,0.15185300000000002
3.3445e-08,0.15648859999999998
3.3447e-08,0.16107569999999993
3.3449e-08,0.16561419999999993
3.3451e-08,0.17010420000000004
3.3453e-08,0.17454570000000003
3.3455e-08,0.1789387
3.3457e-08,0.18328329999999993
3.3459e-08,0.1875794999999999
3.3461e-08,0.19182729999999992
3.3463e-08,0.1960271
3.3465e-08,0.2001788
3.3467e-08,0.20428269999999993
3.3469e-08,0.20833860000000004
3.3471e-08,0.21234699999999995
3.3473e-08,0.21630799999999994
3.3475e-08,0.22022160000000002
3.3477e-08,0.2240881
3.3479e-08,0.22790770000000005
3.3481e-08,0.23168060000000001
3.3483e-08,0.23540699999999992
3.3485e-08,0.23908719999999994
3.3487e-08,0.24272119999999997
3.3489e-08,0.24630949999999996
3.3491e-08,0.24985219999999997
3.3493e-08,0.2533497
3.3495e-08,0.25680210000000003
3.3497e-08,0.2602097
3.3499e-08,0.26357279999999994
3.3501e-08,0.26689170000000006
3.3503e-08,0.2701665999999999
3.3505e-08,0.2733979999999999
3.3507e-08,0.27658589999999994
3.3509e-08,0.27973080000000006
3.3511e-08,0.28283290000000005
3.3513e-08,0.2858925
3.3515e-08,0.28891010000000006
3.3517e-08,0.2918858
3.3519e-08,0.2948198999999999
3.3521e-08,0.29771290000000006
3.3523e-08,0.30056510000000003
3.3525e-08,0.30337669999999994
3.3527e-08,0.30614810000000003
3.3529e-08,0.30887960000000003
3.3531e-08,0.31157159999999995
3.3533e-08,0.31422440000000007
3.3535e-08,0.31683820000000007
3.3537e-08,0.3194136000000001
3.3539e-08,0.32195070000000003
3.3541e-08,0.32445
3.3543e-08,0.3269116999999999
3.3545e-08,0.3293363
3.3547e-08,0.33172389999999996
3.3549e-08,0.33407510000000007
3.3551e-08,0.3363902
3.3553e-08,0.33866949999999996
3.3555e-08,0.3409133
3.3557e-08,0.3431219
3.3559e-08,0.3452957000000001
3.3561e-08,0.34743520000000006
3.3563e-08,0.34954050000000003
3.3565e-08,0.3516121
3.3567e-08,0.3536501000000001
3.3569e-08,0.35565519999999995
3.3571e-08,0.3576275
3.3573e-08,0.35956749999999993
3.3575e-08,0.36147529999999994
3.3577e-08,0.3633514
3.3579e-08,0.3651961
3.3581e-08,0.36700979999999994
3.3583e-08,0.36879280000000003
3.3585e-08,0.3705451999999999
3.3587e-08,0.3722677999999999
3.3589e-08,0.3739604999999999
3.3591e-08,0.3756239
3.3593e-08,0.37725809999999993
3.3595e-08,0.3788637
3.3597e-08,0.38044069999999997
3.35985e-08,0.38160499999999997
3.36e-08,0.3827536
3.36002e-08,0.3829062
3.36006e-08,0.3832125999999999
3.36014e-08,0.3838323
3.3603e-08,0.38508889999999996
3.3605e-08,0.38666389999999995
3.3607e-08,0.3882086
3.3609e-08,0.3896891
3.3611e-08,0.39107729999999996
3.3613e-08,0.3923493
3.3615e-08,0.39348530000000004
3.3617e-08,0.3944686999999999
3.3619e-08,0.39528569999999996
3.3621e-08,0.39592530000000004
3.3623e-08,0.39637829999999996
3.3625e-08,0.39663740000000003
3.3627e-08,0.3966972000000001
3.3629e-08,0.3965535
3.3631e-08,0.3962034
3.3633e-08,0.39564509999999997
3.3635e-08,0.3948781
3.3637e-08,0.393902
3.3639e-08,0.39271790000000006
3.3641e-08,0.3913272
3.3643e-08,0.3897319
3.3645e-08,0.38793450000000007
3.3647e-08,0.38593809999999995
3.3649e-08,0.3837457999999999
3.3651e-08,0.38136159999999997
3.3653e-08,0.3787893
3.3655e-08,0.3760329
3.3657e-08,0.3730972
3.3659e-08,0.3699865
3.3661e-08,0.3667056000000001
3.3663e-08,0.36325929999999995
3.3665e-08,0.3596526
3.3667e-08,0.35589040000000005
3.3669e-08,0.35197790000000007
3.3671e-08,0.34792010000000007
3.3673e-08,0.3437220000000001
3.3675e-08,0.3393887
3.3677e-08,0.3349255
3.3679e-08,0.3303372
3.3681e-08,0.32562880000000005
3.3683e-08,0.3208056
3.3685e-08,0.31587219999999994
3.3687e-08,0.31083379999999994
3.3689e-08,0.3056949
3.3691e-08,0.3004603
3.3693e-08,0.2951349999999999
3.3695e-08,0.2897231
3.3697e-08,0.2842296000000001
3.3699e-08,0.2786586
3.3701e-08,0.27301469999999994
3.3703e-08,0.2673019
3.3705e-08,0.2615244
3.3707e-08,0.2556866
3.3709e-08,0.24979220000000002
3.3711e-08,0.24384519999999998
3.3713e-08,0.23784929999999993
3.3715e-08,0.23180839999999991
3.3717e-08,0.22572599999999998
3.3719e-08,0.21960559999999996
3.3721e-08,0.21345059999999993
3.3723e-08,0.20726449999999996
3.3725e-08,0.20105050000000002
3.3727e-08,0.19481160000000008
3.3729e-08,0.18855109999999997
3.3731e-08,0.18227189999999993
3.3733e-08,0.17597669999999999
3.3735e-08,0.16966860000000006
3.3737e-08,0.16335010000000005
3.3739e-08,0.15702400000000005
3.3741e-08,0.15069259999999995
3.3743e-08,0.14435869999999995
3.3745e-08,0.1380245
3.3747e-08,0.13169229999999998
3.3749e-08,0.12536440000000004
3.3751e-08,0.11904289999999995
3.3753e-08,0.11273
3.3755e-08,0.10642750000000001
3.3757e-08,0.10013749999999999
3.3759e-08,0.09386190000000005
3.3761e-08,0.08760230000000002
3.3763e-08,0.08136069999999995
3.3765e-08,0.0751385
3.3767e-08,0.06893749999999998
3.3769e-08,0.06275910000000007
3.3771e-08,0.05660490000000007
3.3773e-08,0.05047619999999997
3.3775e-08,0.044374400000000036
3.3777e-08,0.038300800000000024
3.3779e-08,0.03225670000000003
3.3781e-08,0.026243400000000028
3.3783e-08,0.02026170000000005
3.3785e-08,0.014312899999999962
3.3787e-08,0.008398100000000075
3.3789e-08,0.002518200000000026
3.3791e-08,-0.0033258999999999928
3.3793e-08,-0.009133200000000063
3.3795e-08,-0.014902899999999941
3.3797e-08,-0.020634199999999936
3.37985e-08,-0.02490709999999996
3.38e-08,-0.029157499999999947
3.38002e-08,-0.02972229999999998
3.38006e-08,-0.030851199999999968
3.38014e-08,-0.033103899999999964
3.3803e-08,-0.03759000000000001
3.3805e-08,-0.0431604000000001
3.3807e-08,-0.048688899999999924
3.3809e-08,-0.05417520000000009
3.3811e-08,-0.05961839999999996
3.3813e-08,-0.06501820000000003
3.3815e-08,-0.0703741
3.3817e-08,-0.07568560000000002
3.3819e-08,-0.08095249999999998
3.3821e-08,-0.08617419999999998
3.3823e-08,-0.09135040000000005
3.3825e-08,-0.09648089999999998
3.3827e-08,-0.10156530000000008
3.3829e-08,-0.10660340000000001
3.3831e-08,-0.111595
3.3833e-08,-0.11653970000000002
3.3835e-08,-0.12143749999999998
3.3837e-08,-0.12628819999999996
3.3839e-08,-0.13109179999999998
3.3841e-08,-0.13584779999999996
3.3843e-08,-0.14055649999999997
3.3845e-08,-0.1452176999999999
3.3847e-08,-0.14983119999999994
3.3849e-08,-0.15439710000000006
3.3851e-08,-0.15891539999999993
3.3853e-08,-0.16338599999999992
3.3855e-08,-0.16780910000000004
3.3857e-08,-0.17218440000000002
3.3859e-08,-0.1765124
3.3861e-08,-0.18079270000000003
3.3863e-08,-0.18502570000000007
3.3865e-08,-0.18921140000000003
3.3867e-08,-0.1933497999999999
3.3869e-08,-0.19744110000000004
3.3871e-08,-0.20148549999999998
3.3873e-08,-0.20548319999999998
3.3875e-08,-0.20943410000000007
3.3877e-08,-0.2133385
3.3879e-08,-0.21719659999999996
3.3881e-08,-0.22100849999999994
3.3883e-08,-0.2247745
3.3885e-08,-0.22849489999999995
3.3887e-08,-0.23216959999999998
3.3889e-08,-0.2357990000000001
3.3891e-08,-0.23938340000000002
3.3893e-08,-0.242923
3.3895e-08,-0.24641780000000002
3.3897e-08,-0.2498684
3.3899e-08,-0.25327489999999997
3.3901e-08,-0.25663749999999996
3.3903e-08,-0.25995650000000003
3.3905e-08,-0.2632323
3.3907e-08,-0.2664651
3.3909e-08,-0.26965510000000004
3.3911e-08,-0.27280269999999995
3.3913e-08,-0.27590819999999994
3.3915e-08,-0.27897170000000004
3.3917e-08,-0.28199380000000007
3.3919e-08,-0.2849746000000001
3.3921e-08,-0.2879144
3.3923e-08,-0.29081369999999995
3.3925e-08,-0.29367260000000006
3.3927e-08,-0.2964915
3.3929e-08,-0.2992707
3.3931e-08,-0.3020106
3.3933e-08,-0.3047114000000001
3.3935e-08,-0.30737349999999997
3.3937e-08,-0.30999730000000003
3.3939e-08,-0.31258300000000006
3.3941e-08,-0.3151309
3.3943e-08,-0.3176415
3.3945e-08,-0.32011500000000004
3.3947e-08,-0.32255179999999994
3.3949e-08,-0.32495209999999997
3.3951e-08,-0.3273163
3.3953e-08,-0.3296449
3.3955e-08,-0.33193799999999996
3.3957e-08,-0.3341961
3.3959e-08,-0.3364195
3.3961e-08,-0.3386083999999999
3.3963e-08,-0.3407633000000001
3.3965e-08,-0.3428844
3.3967e-08,-0.34497220000000006
3.3969e-08,-0.3470269
3.3971e-08,-0.34904880000000005
3.3973e-08,-0.3510384
3.3975e-08,-0.35299590000000003
3.3977e-08,-0.35492159999999995
3.3979e-08,-0.356816
3.3981e-08,-0.35867930000000003
3.3983e-08,-0.36051179999999994
3.3985e-08,-0.3623138
3.3987e-08,-0.3640859000000001
3.3989e-08,-0.36582800000000004
3.3991e-08,-0.36754070000000005
3.3993e-08,-0.3692244
3.3995e-08,-0.3708791
3.3997e-08,-0.37250550000000004
3.39985e-08,-0.3737066
3.4e-08,-0.37489209999999995
3.40002e-08,-0.37504879999999996
3.40006e-08,-0.3753617
3.40014e-08,-0.3759842
3.4003e-08,-0.3772162
3.4005e-08,-0.37873159999999995
3.4007e-08,-0.38022009999999995
3.4009e-08,-0.3816818999999999
3.4011e-08,-0.3831175
3.4013e-08,-0.38452699999999995
3.4015e-08,-0.38591090000000006
3.4017e-08,-0.3872692
3.4019e-08,-0.3886025000000001
3.4021e-08,-0.38991089999999995
3.4023e-08,-0.39119479999999995
3.4025e-08,-0.39245450000000004
3.4027e-08,-0.3936902000000001
3.4029e-08,-0.39490230000000004
3.4031e-08,-0.3960910000000001
3.4033e-08,-0.39725659999999996
3.4035e-08,-0.3983995
3.4037e-08,-0.39951970000000003
3.4039e-08,-0.4006178
3.4041e-08,-0.40169390000000005
3.4043e-08,-0.4027482
3.4045e-08,-0.40378120000000006
3.4047e-08,-0.40479299999999996
3.4049e-08,-0.4057839
3.4051e-08,-0.4067541
3.4053e-08,-0.4077041
3.4055e-08,-0.40863380000000005
3.4057e-08,-0.4095438
3.4059e-08,-0.41043419999999997
3.4061e-08,-0.4113051999999999
3.4063e-08,-0.41215729999999995
3.4065e-08,-0.4129904
3.4067e-08,-0.4138048
3.4069e-08,-0.414601
3.4071e-08,-0.41537919999999995
3.4073e-08,-0.41613939999999994
3.4075e-08,-0.4168820999999999
3.4077e-08,-0.4176073
3.4079e-08,-0.4183154
3.4081e-08,-0.41900649999999995
3.4083e-08,-0.4196810000000001
3.4085e-08,-0.420339
3.4087e-08,-0.42098079999999993
3.4089e-08,-0.42160659999999994
3.4091e-08,-0.4222165
3.4093e-08,-0.4228109
3.4095e-08,-0.42339000000000004
3.4097e-08,-0.4239539
3.4099e-08,-0.42450279999999996
3.4101e-08,-0.42503710000000006
3.4103e-08,-0.42555679999999996
3.4105e-08,-0.4260623
3.4107e-08,-0.4265536
3.4109e-08,-0.4270311
3.4111e-08,-0.42749480000000006
3.4113e-08,-0.4279451000000001
3.4115e-08,-0.42838200000000004
3.4117e-08,-0.4288058
3.4119e-08,-0.4292167
3.4121e-08,-0.4296149
3.4123e-08,-0.4300005
3.4125e-08,-0.43037380000000003
3.4127e-08,-0.43073490000000003
3.4129e-08,-0.431084
3.4131e-08,-0.4314213
3.4133e-08,-0.4317470000000001
3.4135e-08,-0.43206120000000003
3.4137e-08,-0.43236410000000003
3.4139e-08,-0.4326559
3.4141e-08,-0.4329368
3.4143e-08,-0.4332068
3.4145e-08,-0.43346629999999997
3.4147e-08,-0.4337154
3.4149e-08,-0.43395420000000007
3.4151e-08,-0.4341828999999999
3.4153e-08,-0.4344015
3.4155e-08,-0.4346105
3.4157e-08,-0.43480969999999997
3.4159e-08,-0.4349995
3.4161e-08,-0.43517989999999995
3.4163e-08,-0.4353511
3.4165e-08,-0.43551340000000005
3.4167e-08,-0.43566669999999996
3.4169e-08,-0.4358113
3.4171e-08,-0.4359472
3.4173e-08,-0.4360748
3.4175e-08,-0.43619399999999997
3.4177e-08,-0.43630500000000005
3.4179e-08,-0.4364079999999999
3.4181e-08,-0.4365030000000001
3.4183e-08,-0.43659040000000005
3.4185e-08,-0.43667
3.4187e-08,-0.43674219999999997
3.4189e-08,-0.43680700000000006
3.4191e-08,-0.43686440000000004
3.4193e-08,-0.43691480000000005
3.4195e-08,-0.43695819999999996
3.4197e-08,-0.43699469999999996
3.41985e-08,-0.43701769999999995
3.42e-08,-0.43703690000000006
3.42002e-08,-0.43703990000000004
3.42006e-08,-0.4370474000000001
3.42014e-08,-0.43707209999999996
3.4203e-08,-0.43714889999999995
3.4205e-08,-0.43726789999999993
3.4207e-08,-0.4373775
3.4209e-08,-0.43744379999999994
3.4211e-08,-0.4374385999999999
3.4213e-08,-0.437338
3.4215e-08,-0.4371218
3.4217e-08,-0.4367730999999999
3.4219e-08,-0.4362781
3.4221e-08,-0.4356251
3.4223e-08,-0.43480470000000004
3.4225e-08,-0.43380930000000006
3.4227e-08,-0.4326331
3.4229e-08,-0.4312713
3.4231e-08,-0.429721
3.4233e-08,-0.4279798
3.4235e-08,-0.42604660000000005
3.4237e-08,-0.42392110000000005
3.4239e-08,-0.4216038000000001
3.4241e-08,-0.41909569999999996
3.4243e-08,-0.41639860000000006
3.4245e-08,-0.4135148999999999
3.4247e-08,-0.41044689999999995
3.4249e-08,-0.4071981
3.4251e-08,-0.4037718
3.4253e-08,-0.4001717
3.4255e-08,-0.3964018
3.4257e-08,-0.3924664
3.4259e-08,-0.3883698
3.4261e-08,-0.38411680000000004
3.4263e-08,-0.37971180000000004
3.4265e-08,-0.37515979999999993
3.4267e-08,-0.37046560000000006
3.4269e-08,-0.36563409999999996
3.4271e-08,-0.3606705
3.4273e-08,-0.3555796
3.4275e-08,-0.3503664000000001
3.4277e-08,-0.345036
3.4279e-08,-0.33959340000000005
3.4281e-08,-0.3340434
3.4283e-08,-0.32839109999999994
3.4285e-08,-0.3226414000000001
3.4287e-08,-0.3167991
3.4289e-08,-0.31086880000000006
3.4291e-08,-0.30485530000000005
3.4293e-08,-0.2987631999999999
3.4295e-08,-0.2925972
3.4297e-08,-0.2863616000000001
3.4299e-08,-0.2800608
3.4301e-08,-0.27369920000000003
3.4303e-08,-0.26728089999999993
3.4305e-08,-0.26081010000000004
3.4307e-08,-0.2542907
3.4309e-08,-0.24772680000000002
3.4311e-08,-0.24112220000000006
3.4313e-08,-0.23448049999999998
3.4315e-08,-0.2278055
3.4317e-08,-0.2211008
3.4319e-08,-0.21436960000000005
3.4321e-08,-0.2076154
3.4323e-08,-0.2008415
3.4325e-08,-0.19405110000000003
3.4327e-08,-0.18724719999999995
3.4329e-08,-0.1804329
3.4331e-08,-0.1736108999999999
3.4333e-08,-0.16678420000000005
3.4335e-08,-0.1599552999999999
3.4337e-08,-0.153127
3.4339e-08,-0.14630180000000004
3.4341e-08,-0.1394822
3.4343e-08,-0.13267059999999997
3.4345e-08,-0.125869
3.4347e-08,-0.11907999999999996
3.4349e-08,-0.11230550000000006
3.4351e-08,-0.10554760000000007
3.4353e-08,-0.09880820000000001
3.4355e-08,-0.09208939999999999
3.4357e-08,-0.0853929
3.4359e-08,-0.07872049999999997
3.4361e-08,-0.07207370000000002
3.4363e-08,-0.06545440000000002
3.4365e-08,-0.05886400000000003
3.4367e-08,-0.05230390000000007
3.4369e-08,-0.04577579999999992
3.4371e-08,-0.03928089999999995
3.4373e-08,-0.03282040000000008
3.4375e-08,-0.026395700000000022
3.4377e-08,-0.02000790000000008
3.4379e-08,-0.013658199999999954
3.4381e-08,-0.00734760000000001
3.4383e-08,-0.0010772000000000004
3.4385e-08,0.005152099999999993
3.4387e-08,0.011339299999999941
3.4389e-08,0.017483599999999933
3.4391e-08,0.023584200000000055
3.4393e-08,0.029640200000000005
3.4395e-08,0.03565099999999999
3.4397e-08,0.04161579999999998
3.43985e-08,0.046058799999999955
3.44e-08,0.050475500000000006
3.44002e-08,0.051062799999999964
3.44006e-08,0.05223829999999996
3.44014e-08,0.05459400000000003
3.4403e-08,0.059312299999999984
3.4405e-08,0.0651934999999999
3.4407e-08,0.07101840000000004
3.4409e-08,0.0767504
3.4411e-08,0.08235900000000007
3.4413e-08,0.08781779999999995
3.4415e-08,0.0931054
3.4417e-08,0.09820340000000005
3.4419e-08,0.10309710000000005
3.4421e-08,0.10777439999999994
3.4423e-08,0.11222600000000005
3.4425e-08,0.11644429999999995
3.4427e-08,0.12042370000000002
3.4429e-08,0.1241604999999999
3.4431e-08,0.1276522
3.4433e-08,0.13089740000000005
3.4435e-08,0.1338961999999999
3.4437e-08,0.13664900000000002
3.4439e-08,0.1391578
3.4441e-08,0.14142449999999995
3.4443e-08,0.1434519999999999
3.4445e-08,0.1452437000000001
3.4447e-08,0.14680340000000003
3.4449e-08,0.14813520000000002
3.4451e-08,0.14924349999999997
3.4453e-08,0.15013299999999996
3.4455e-08,0.1508085
3.4457e-08,0.1512751
3.4459e-08,0.1515381
3.4461e-08,0.15160240000000003
3.4463e-08,0.1514738
3.4465e-08,0.1511574
3.4467e-08,0.15065859999999998
3.4469e-08,0.14998290000000003
3.4471e-08,0.14913569999999998
3.4473e-08,0.14812229999999993
3.4475e-08,0.14694810000000003
3.4477e-08,0.1456183000000001
3.4479e-08,0.14413830000000005
3.4481e-08,0.14251309999999995
3.4483e-08,0.14074799999999998
3.4485e-08,0.13884779999999997
3.4487e-08,0.13681769999999993
3.4489e-08,0.13466239999999996
3.4491e-08,0.13238660000000002
3.4493e-08,0.1299952000000001
3.4495e-08,0.12749259999999996
3.4497e-08,0.12488339999999998
3.4499e-08,0.1221721
3.4501e-08,0.11936279999999999
3.4503e-08,0.11645989999999995
3.4505e-08,0.1134674
3.4507e-08,0.11038939999999997
3.4509e-08,0.1072297000000001
3.4511e-08,0.10399229999999993
3.4513e-08,0.10068089999999996
3.4515e-08,0.09729900000000002
3.4517e-08,0.09385030000000005
3.4519e-08,0.09033820000000004
3.4521e-08,0.08676620000000002
3.4523e-08,0.08313730000000008
3.4525e-08,0.07945500000000005
3.4527e-08,0.07572219999999996
3.4529e-08,0.0719419
3.4531e-08,0.06811729999999994
3.4533e-08,0.0642509
3.4535e-08,0.060345800000000005
3.4537e-08,0.05640449999999997
3.4539e-08,0.05242950000000002
3.4541e-08,0.04842360000000001
3.4543e-08,0.04438909999999996
3.4545e-08,0.04032840000000004
3.4547e-08,0.036244000000000054
3.4549e-08,0.03213790000000005
3.4551e-08,0.02801229999999999
3.4553e-08,0.023869499999999988
3.4555e-08,0.019711399999999935
3.4557e-08,0.015539900000000051
3.4559e-08,0.011357100000000009
3.4561e-08,0.007164800000000082
3.4563e-08,0.002964599999999984
3.4565e-08,-0.0012414000000000591
3.4567e-08,-0.005452000000000012
3.4569e-08,-0.009665099999999982
3.4571e-08,-0.013879399999999986
3.4573e-08,-0.01809329999999998
3.4575e-08,-0.022305499999999978
3.4577e-08,-0.02651429999999999
3.4579e-08,-0.030718699999999988
3.4581e-08,-0.03491719999999998
3.4583e-08,-0.0391085000000001
3.4585e-08,-0.04329139999999998
3.4587e-08,-0.047464799999999974
3.4589e-08,-0.051627599999999996
3.4591e-08,-0.055778500000000064
3.4593e-08,-0.05991679999999999
3.4595e-08,-0.06404130000000008
3.4597e-08,-0.06815099999999996
3.45985e-08,-0.0712231000000001
3.46e-08,-0.07428590000000002
3.46002e-08,-0.07469420000000004
3.46006e-08,-0.07551240000000004
3.46014e-08,-0.07715669999999997
3.4603e-08,-0.08046690000000001
3.4605e-08,-0.0846150000000001
3.4607e-08,-0.08873639999999994
3.4609e-08,-0.09279409999999999
3.4611e-08,-0.09675690000000003
3.4613e-08,-0.10059840000000009
3.4615e-08,-0.1042961
3.4617e-08,-0.10783140000000002
3.4619e-08,-0.11118919999999999
3.4621e-08,-0.11435680000000004
3.4623e-08,-0.1173244
3.4625e-08,-0.12008390000000002
3.4627e-08,-0.12262949999999995
3.4629e-08,-0.12495699999999998
3.4631e-08,-0.1270633
3.4633e-08,-0.12894700000000003
3.4635e-08,-0.13060760000000005
3.4637e-08,-0.13204530000000003
3.4639e-08,-0.13326159999999998
3.4641e-08,-0.1342584
3.4643e-08,-0.13503829999999994
3.4645e-08,-0.13560420000000006
3.4647e-08,-0.13595979999999996
3.4649e-08,-0.13610879999999992
3.4651e-08,-0.1360557
3.4653e-08,-0.1358047
3.4655e-08,-0.13536059999999994
3.4657e-08,-0.1347282999999999
3.4659e-08,-0.1339127
3.4661e-08,-0.13291889999999995
3.4663e-08,-0.13175189999999992
3.4665e-08,-0.13041730000000007
3.4667e-08,-0.12892000000000003
3.4669e-08,-0.12726519999999997
3.4671e-08,-0.12545839999999997
3.4673e-08,-0.12350470000000002
3.4675e-08,-0.1214092
3.4677e-08,-0.11917710000000004
3.4679e-08,-0.11681350000000001
3.4681e-08,-0.11432339999999996
3.4683e-08,-0.11171170000000008
3.4685e-08,-0.1089833
3.4687e-08,-0.10614299999999999
3.4689e-08,-0.10319559999999994
3.4691e-08,-0.10014550000000011
3.4693e-08,-0.09699730000000006
3.4695e-08,-0.09375549999999999
3.4697e-08,-0.09042450000000002
3.4699e-08,-0.0870084000000001
3.4701e-08,-0.08351120000000001
3.4703e-08,-0.07993739999999994
3.4705e-08,-0.07629059999999999
3.4707e-08,-0.07257469999999999
3.4709e-08,-0.06879360000000001
3.4711e-08,-0.06495080000000009
3.4713e-08,-0.0610499000000001
3.4715e-08,-0.05709439999999999
3.4717e-08,-0.05308760000000001
3.4719e-08,-0.04903299999999999
3.4721e-08,-0.04493360000000002
3.4723e-08,-0.04079239999999995
3.4725e-08,-0.036612700000000054
3.4727e-08,-0.032397200000000015
3.4729e-08,-0.028148799999999974
3.4731e-08,-0.02387030000000001
3.4733e-08,-0.019564399999999926
3.4735e-08,-0.015233400000000064
3.4737e-08,-0.010880200000000007
3.4739e-08,-0.006507099999999988
3.4741e-08,-0.0021164000000000183
3.4743e-08,0.002289700000000061
3.4745e-08,0.006708900000000018
3.4747e-08,0.011139100000000068
3.4749e-08,0.01557810000000004
3.4751e-08,0.020024199999999936
3.4753e-08,0.024475099999999972
3.4755e-08,0.0289292000000001
3.4757e-08,0.03338479999999999
3.4759e-08,0.03783990000000004
3.4761e-08,0.04229289999999997
3.4763e-08,0.046742199999999956
3.4765e-08,0.051186399999999965
3.4767e-08,0.0556238
3.4769e-08,0.06005300000000002
3.4771e-08,0.0644728
3.4773e-08,0.06888169999999993
3.4775e-08,0.07327840000000008
3.4777e-08,0.0776618
3.4779e-08,0.0820305
3.4781e-08,0.08638350000000006
3.4783e-08,0.09071980000000002
3.4785e-08,0.09503830000000002
3.4787e-08,0.09933789999999998
3.4789e-08,0.10361759999999998
3.4791e-08,0.1078768
3.4793e-08,0.1121143
3.4795e-08,0.11632949999999997
3.4797e-08,0.12052130000000005
3.47985e-08,0.12364959999999992
3.48e-08,0.12677499999999997
3.48002e-08,0.12719289999999994
3.48006e-08,0.12802959999999997
3.48014e-08,0.12970820000000005
3.4803e-08,0.13307460000000004
3.4805e-08,0.1372719
3.4807e-08,0.14142180000000004
3.4809e-08,0.14548989999999995
3.4811e-08,0.1494472
3.4813e-08,0.15326930000000005
3.4815e-08,0.15693559999999995
3.4817e-08,0.16042940000000006
3.4819e-08,0.16373649999999995
3.4821e-08,0.16684559999999993
3.4823e-08,0.16974790000000006
3.4825e-08,0.1724363
3.4827e-08,0.1749056
3.4829e-08,0.17715219999999998
3.4831e-08,0.17917380000000005
3.4833e-08,0.18096919999999994
3.4835e-08,0.1825384
3.4837e-08,0.183882
3.4839e-08,0.18500150000000004
3.4841e-08,0.18589909999999998
3.4843e-08,0.1865774
3.4845e-08,0.18703979999999998
3.4847e-08,0.18728979999999995
3.4849e-08,0.18733139999999993
3.4851e-08,0.18716880000000002
3.4853e-08,0.1868065
3.4855e-08,0.18624929999999995
3.4857e-08,0.18550180000000005
3.4859e-08,0.1845692
3.4861e-08,0.18345650000000002
3.4863e-08,0.18216880000000002
3.4865e-08,0.18071139999999997
3.4867e-08,0.17908939999999995
3.4869e-08,0.17730800000000002
3.4871e-08,0.1753726
3.4873e-08,0.17328809999999994
3.4875e-08,0.17105979999999998
3.4877e-08,0.16869290000000003
3.4879e-08,0.16619240000000002
3.4881e-08,0.16356310000000007
3.4883e-08,0.16081029999999996
3.4885e-08,0.1579385000000001
3.4887e-08,0.15495270000000005
3.4889e-08,0.15185749999999998
3.4891e-08,0.14865740000000005
3.4893e-08,0.14535730000000002
3.4895e-08,0.1419612
3.4897e-08,0.13847379999999998
3.4899e-08,0.134899
3.4901e-08,0.13124139999999995
3.4903e-08,0.12750450000000002
3.4905e-08,0.12369280000000005
3.4907e-08,0.11980979999999997
3.4909e-08,0.11585940000000006
3.4911e-08,0.11184539999999998
3.4913e-08,0.10777119999999996
3.4915e-08,0.10364039999999997
3.4917e-08,0.0994564
3.4919e-08,0.09522239999999993
3.4921e-08,0.09094190000000002
3.4923e-08,0.08661769999999991
3.4925e-08,0.08225300000000002
3.4927e-08,0.0778508
3.4929e-08,0.07341390000000003
3.4931e-08,0.06894520000000004
3.4933e-08,0.06444729999999999
3.4935e-08,0.05992279999999994
3.4937e-08,0.055374399999999935
3.4939e-08,0.05080450000000003
3.4941e-08,0.04621540000000002
3.4943e-08,0.041609600000000024
3.4945e-08,0.0369891
3.4947e-08,0.03235640000000006
3.4949e-08,0.02771329999999994
3.4951e-08,0.02306189999999997
3.4953e-08,0.018404399999999987
3.4955e-08,0.01374249999999999
3.4957e-08,0.00907799999999992
3.4959e-08,0.0044127999999999945
3.4961e-08,-0.0002514000000000127
3.4963e-08,-0.004912999999999945
3.4965e-08,-0.009570300000000032
3.4967e-08,-0.01422190000000001
3.4969e-08,-0.018866199999999944
3.4971e-08,-0.023501899999999964
3.4973e-08,-0.028127499999999972
3.4975e-08,-0.032741699999999985
3.4977e-08,-0.03734320000000002
3.4979e-08,-0.04193089999999999
3.4981e-08,-0.04650350000000003
3.4983e-08,-0.051059999999999994
3.4985e-08,-0.05559910000000001
3.4987e-08,-0.060119900000000004
3.4989e-08,-0.06462139999999994
3.4991e-08,-0.06910260000000001
3.4993e-08,-0.07356269999999998
3.4995e-08,-0.07800059999999998
3.4997e-08,-0.08241560000000003
3.49985e-08,-0.08571150000000005
3.5e-08,-0.0889936
3.50002e-08,-0.08943069999999997
3.50006e-08,-0.09030640000000001
3.50014e-08,-0.0920649
3.5003e-08,-0.09559989999999996
3.5005e-08,-0.10002199999999994
3.5007e-08,-0.10441
3.5009e-08,-0.10872739999999992
3.5011e-08,-0.11294320000000002
3.5013e-08,-0.11703090000000005
3.5015e-08,-0.12096850000000003
3.5017e-08,-0.12473770000000006
3.5019e-08,-0.12832339999999998
3.5021e-08,-0.13171319999999997
3.5023e-08,-0.13489740000000006
3.5025e-08,-0.13786809999999994
3.5027e-08,-0.14061970000000001
3.5029e-08,-0.1431479
3.5031e-08,-0.14544990000000002
3.5033e-08,-0.14752429999999994
3.5035e-08,-0.14937049999999996
3.5037e-08,-0.1509891
3.5039e-08,-0.15238149999999995
3.5041e-08,-0.15354959999999995
3.5043e-08,-0.1544958999999999
3.5045e-08,-0.1552237999999999
3.5047e-08,-0.1557366
3.5049e-08,-0.15603830000000007
3.5051e-08,-0.15613310000000002
3.5053e-08,-0.1560256
3.5055e-08,-0.15572050000000004
3.5057e-08,-0.15522250000000004
3.5059e-08,-0.15453669999999997
3.5061e-08,-0.15366840000000004
3.5063e-08,-0.15262240000000005
3.5065e-08,-0.1514042
3.5067e-08,-0.15001910000000007
3.5069e-08,-0.1484721
3.5071e-08,-0.14676870000000009
3.5073e-08,-0.14491409999999993
3.5075e-08,-0.14291350000000003
3.5077e-08,-0.140772
3.5079e-08,-0.13849489999999998
3.5081e-08,-0.13608700000000007
3.5083e-08,-0.13355340000000004
3.5085e-08,-0.130899
3.5087e-08,-0.12812860000000004
3.5089e-08,-0.125247
3.5091e-08,-0.12225889999999995
3.5093e-08,-0.11916880000000007
3.5095e-08,-0.11598109999999995
3.5097e-08,-0.11270020000000003
3.5099e-08,-0.10933060000000006
3.5101e-08,-0.10587630000000003
3.5103e-08,-0.10234140000000003
3.5105e-08,-0.09872999999999998
3.5107e-08,-0.09504590000000002
3.5109e-08,-0.09129299999999996
3.5111e-08,-0.08747479999999996
3.5113e-08,-0.08359529999999993
3.5115e-08,-0.0796576
3.5117e-08,-0.0756654
3.5119e-08,-0.07162199999999996
3.5121e-08,-0.0675306
3.5123e-08,-0.06339430000000001
3.5125e-08,-0.05921619999999994
3.5127e-08,-0.05499950000000009
3.5129e-08,-0.05074670000000003
3.5131e-08,-0.04646090000000003
3.5133e-08,-0.042144599999999977
3.5135e-08,-0.03780070000000002
3.5137e-08,-0.033431600000000006
3.5139e-08,-0.02903980000000006
3.5141e-08,-0.02462770000000003
3.5143e-08,-0.020197699999999985
3.5145e-08,-0.015751999999999988
3.5147e-08,-0.011292799999999992
3.5149e-08,-0.006822300000000059
3.5151e-08,-0.0023423000000000194
3.5153e-08,0.0021449999999999525
3.5155e-08,0.006637699999999969
3.5157e-08,0.011134000000000088
3.5159e-08,0.015632099999999927
3.5161e-08,0.020130399999999993
3.5163e-08,0.024626999999999954
3.5165e-08,0.029120600000000052
3.5167e-08,0.03360940000000001
3.5169e-08,0.03809190000000007
3.5171e-08,0.04256689999999996
3.5173e-08,0.047032799999999986
3.5175e-08,0.05148829999999993
3.5177e-08,0.05593219999999999
3.5179e-08,0.060363399999999956
3.5181e-08,0.06478039999999996
3.5183e-08,0.06918219999999997
3.5185e-08,0.07356780000000007
3.5187e-08,0.07793620000000001
3.5189e-08,0.08228610000000003
3.5191e-08,0.08661680000000005
3.5193e-08,0.09092730000000004
3.5195e-08,0.09521679999999999
3.5197e-08,0.09948429999999997
3.51985e-08,0.10267009999999999
3.52e-08,0.10584280000000001
3.52002e-08,0.10626480000000005
3.52006e-08,0.10710810000000004
3.52014e-08,0.1087918
3.5203e-08,0.11214749999999996
3.5205e-08,0.11631979999999997
3.5207e-08,0.12046650000000003
3.5209e-08,0.124587
3.5211e-08,0.12868080000000004
3.5213e-08,0.1327471
3.5215e-08,0.13678560000000006
3.5217e-08,0.14079570000000008
3.5219e-08,0.1447769
3.5221e-08,0.14872870000000005
3.5223e-08,0.15265079999999998
3.5225e-08,0.15654279999999998
3.5227e-08,0.1604042
3.5229e-08,0.16423470000000007
3.5231e-08,0.16803409999999996
3.5233e-08,0.17180190000000006
3.5235e-08,0.17553790000000002
3.5237e-08,0.17924189999999995
3.5239e-08,0.1829136
3.5241e-08,0.18655270000000002
3.5243e-08,0.19015910000000003
3.5245e-08,0.1937327000000001
3.5247e-08,0.19727300000000003
3.5249e-08,0.20078030000000002
3.5251e-08,0.20425419999999994
3.5253e-08,0.20769460000000006
3.5255e-08,0.2111014
3.5257e-08,0.21447459999999996
3.5259e-08,0.2178141
3.5261e-08,0.22111990000000004
3.5263e-08,0.22439180000000003
3.5265e-08,0.2276298
3.5267e-08,0.23083399999999998
3.5269e-08,0.2340044
3.5271e-08,0.2371409
3.5273e-08,0.2402436
3.5275e-08,0.24331250000000004
3.5277e-08,0.2463476
3.5279e-08,0.2493491000000001
3.5281e-08,0.2523168
3.5283e-08,0.25525110000000006
3.5285e-08,0.25815179999999993
3.5287e-08,0.26101909999999995
3.5289e-08,0.2638532
3.5291e-08,0.26665400000000006
3.5293e-08,0.2694217
3.5295e-08,0.2721564000000001
3.5297e-08,0.2748583
3.5299e-08,0.2775276
3.5301e-08,0.2801642999999999
3.5303e-08,0.2827685
3.5305e-08,0.28534039999999994
3.5307e-08,0.2878803000000001
3.5309e-08,0.2903882
3.5311e-08,0.29286429999999997
3.5313e-08,0.2953089
3.5315e-08,0.2977219
3.5317e-08,0.30010380000000003
3.5319e-08,0.30245449999999996
3.5321e-08,0.3047744
3.5323e-08,0.3070636
3.5325e-08,0.3093224
3.5327e-08,0.3115508
3.5329e-08,0.3137491
3.5331e-08,0.3159175999999999
3.5333e-08,0.31805649999999996
3.5335e-08,0.3201659
3.5337e-08,0.3222461
3.5339e-08,0.32429719999999995
3.5341e-08,0.3263195
3.5343e-08,0.32831330000000003
3.5345e-08,0.3302786
3.5347e-08,0.3322158999999999
3.5349e-08,0.3341252
3.5351e-08,0.33600680000000005
3.5353e-08,0.3378611
3.5355e-08,0.33968810000000005
3.5357e-08,0.34148809999999996
3.5359e-08,0.3432613
3.5361e-08,0.345008
3.5363e-08,0.34672839999999994
3.5365e-08,0.3484227
3.5367e-08,0.3500913
3.5369e-08,0.3517342
3.5371e-08,0.35335169999999994
3.5373e-08,0.35494420000000004
3.5375e-08,0.35651179999999993
3.5377e-08,0.35805469999999995
3.5379e-08,0.35957320000000004
3.5381e-08,0.3610675
3.5383e-08,0.3625379000000001
3.5385e-08,0.36398450000000004
3.5387e-08,0.3654077
3.5389e-08,0.3668076
3.5391e-08,0.3681846
3.5393e-08,0.3695387
3.5395e-08,0.37087039999999993
3.5397e-08,0.37217959999999994
3.53985e-08,0.37314709999999995
3.54e-08,0.3741023
3.54002e-08,0.3742293
3.54006e-08,0.37448479999999995
3.54014e-08,0.37500329999999993
3.5403e-08,0.37606039999999996
3.5405e-08,0.37739120000000004
3.5407e-08,0.3786967
3.5409e-08,0.37994320000000004
3.5411e-08,0.3811019
3.5413e-08,0.3821488999999999
3.5415e-08,0.3830641
3.5417e-08,0.3838306
3.5419e-08,0.38443439999999995
3.5421e-08,0.38486430000000005
3.5423e-08,0.38511109999999993
3.5425e-08,0.3851673
3.5427e-08,0.38502749999999997
3.5429e-08,0.3846872
3.5431e-08,0.3841437999999999
3.5433e-08,0.38339519999999994
3.5435e-08,0.3824407999999999
3.5437e-08,0.3812806000000001
3.5439e-08,0.3799154
3.5441e-08,0.37834670000000004
3.5443e-08,0.37657660000000004
3.5445e-08,0.3746075
3.5447e-08,0.37244240000000006
3.5449e-08,0.37008489999999994
3.5451e-08,0.3675385
3.5453e-08,0.3648074
3.5455e-08,0.36189569999999993
3.5457e-08,0.35880790000000007
3.5459e-08,0.3555486
3.5461e-08,0.3521225
3.5463e-08,0.3485346
3.5465e-08,0.3447897
3.5467e-08,0.340893
3.5469e-08,0.3368494999999999
3.5471e-08,0.3326642999999999
3.5473e-08,0.3283423999999999
3.5475e-08,0.32388910000000004
3.5477e-08,0.31930920000000007
3.5479e-08,0.31460809999999995
3.5481e-08,0.3097907000000001
3.5483e-08,0.3048619
3.5485e-08,0.2998267
3.5487e-08,0.29469010000000007
3.5489e-08,0.28945680000000007
3.5491e-08,0.28413140000000003
3.5493e-08,0.27871879999999993
3.5495e-08,0.2732234
3.5497e-08,0.26764980000000005
3.5499e-08,0.26200239999999997
3.5501e-08,0.2562856
3.5503e-08,0.2505035
3.5505e-08,0.24466029999999994
3.5507e-08,0.23876010000000003
3.5509e-08,0.23280659999999997
3.5511e-08,0.22680409999999995
3.5513e-08,0.2207561
3.5515e-08,0.21466629999999998
3.5517e-08,0.20853830000000007
3.5519e-08,0.2023756
3.5521e-08,0.1961815
3.5523e-08,0.18995950000000006
3.5525e-08,0.1837126
3.5527e-08,0.17744400000000005
3.5529e-08,0.17115669999999994
3.5531e-08,0.1648537
3.5533e-08,0.15853779999999995
3.5535e-08,0.15221170000000006
3.5537e-08,0.1458781
3.5539e-08,0.13953970000000004
3.5541e-08,0.1331989
3.5543e-08,0.12685809999999997
3.5545e-08,0.12051960000000006
3.5547e-08,0.1141858
3.5549e-08,0.10785880000000003
3.5551e-08,0.10154079999999999
3.5553e-08,0.09523369999999998
3.5555e-08,0.0889394
3.5557e-08,0.08266010000000001
3.5559e-08,0.0763973
3.5561e-08,0.07015289999999996
3.5563e-08,0.06392849999999994
3.5565e-08,0.0577259
3.5567e-08,0.05154649999999994
3.5569e-08,0.045391699999999924
3.5571e-08,0.03926319999999994
3.5573e-08,0.03316209999999997
3.5575e-08,0.027089800000000053
3.5577e-08,0.021047599999999944
3.5579e-08,0.015036700000000014
3.5581e-08,0.009058299999999964
3.5583e-08,0.003113399999999933
3.5585e-08,-0.002797099999999997
3.5587e-08,-0.008671799999999896
3.5589e-08,-0.014510200000000029
3.5591e-08,-0.020311099999999915
3.5593e-08,-0.026073699999999977
3.5595e-08,-0.03179719999999997
3.5597e-08,-0.03748090000000004
3.55985e-08,-0.04171709999999995
3.56e-08,-0.04593020000000003
3.56002e-08,-0.04649010000000009
3.56006e-08,-0.04760880000000001
3.56014e-08,-0.04984120000000003
3.5603e-08,-0.05428579999999994
3.5605e-08,-0.059803300000000004
3.5607e-08,-0.0652779
3.5609e-08,-0.07070870000000007
3.5611e-08,-0.07609559999999993
3.5613e-08,-0.08143789999999995
3.5615e-08,-0.08673520000000001
3.5617e-08,-0.09198700000000004
3.5619e-08,-0.09719329999999993
3.5621e-08,-0.10235319999999992
3.5623e-08,-0.10746700000000009
3.5625e-08,-0.11253400000000002
3.5627e-08,-0.11755400000000005
3.5629e-08,-0.1225269
3.5631e-08,-0.12745249999999997
3.5633e-08,-0.13233039999999996
3.5635e-08,-0.13716079999999997
3.5637e-08,-0.14194319999999994
3.5639e-08,-0.14667779999999997
3.5641e-08,-0.1513643
3.5643e-08,-0.1560028
3.5645e-08,-0.16059299999999999
3.5647e-08,-0.16513519999999993
3.5649e-08,-0.16962909999999998
3.5651e-08,-0.17407490000000003
3.5653e-08,-0.17847250000000003
3.5655e-08,-0.1828221
3.5657e-08,-0.1871235
3.5659e-08,-0.19137700000000002
3.5661e-08,-0.19558260000000005
3.5663e-08,-0.1997405
3.5665e-08,-0.20385070000000005
3.5667e-08,-0.20791320000000002
3.5669e-08,-0.21192840000000002
3.5671e-08,-0.21589630000000004
3.5673e-08,-0.21981719999999993
3.5675e-08,-0.22369110000000003
3.5677e-08,-0.22751829999999995
3.5679e-08,-0.23129889999999997
3.5681e-08,-0.2350331
3.5683e-08,-0.23872130000000003
3.5685e-08,-0.24236349999999995
3.5687e-08,-0.24596010000000001
3.5689e-08,-0.24951120000000004
3.5691e-08,-0.2530171
3.5693e-08,-0.25647809999999993
3.5695e-08,-0.2598943
3.5697e-08,-0.2632662
3.5699e-08,-0.2665938
3.5701e-08,-0.26987760000000005
3.5703e-08,-0.27311779999999997
3.5705e-08,-0.2763147
3.5707e-08,-0.27946860000000007
3.5709e-08,-0.2825797
3.5711e-08,-0.28564849999999997
3.5713e-08,-0.28867509999999996
3.5715e-08,-0.29165989999999997
3.5717e-08,-0.2946031
3.5719e-08,-0.2975053
3.5721e-08,-0.3003663999999999
3.5723e-08,-0.3031872
3.5725e-08,-0.30596769999999995
3.5727e-08,-0.30870829999999994
3.5729e-08,-0.3114093
3.5731e-08,-0.314071
3.5733e-08,-0.3166939000000001
3.5735e-08,-0.31927819999999996
3.5737e-08,-0.3218242
3.5739e-08,-0.32433239999999997
3.5741e-08,-0.32680300000000007
3.5743e-08,-0.3292364
3.5745e-08,-0.3316329
3.5747e-08,-0.3339928
3.5749e-08,-0.3363166000000001
3.5751e-08,-0.33860429999999997
3.5753e-08,-0.3408567
3.5755e-08,-0.3430738
3.5757e-08,-0.34525610000000007
3.5759e-08,-0.3474039
3.5761e-08,-0.34951750000000004
3.5763e-08,-0.3515973
3.5765e-08,-0.3536435
3.5767e-08,-0.35565670000000005
3.5769e-08,-0.3576370000000001
3.5771e-08,-0.3595849
3.5773e-08,-0.3615005
3.5775e-08,-0.36338439999999994
3.5777e-08,-0.3652369000000001
3.5779e-08,-0.3670582
3.5781e-08,-0.36884859999999997
3.5783e-08,-0.3706087
3.5785e-08,-0.3723385
3.5787e-08,-0.37403849999999994
3.5789e-08,-0.3757090999999999
3.5791e-08,-0.3773504999999999
3.5793e-08,-0.3789631
3.5795e-08,-0.3805471
3.5797e-08,-0.3821028999999999
3.57985e-08,-0.3832513999999999
3.58e-08,-0.3843845
3.58002e-08,-0.38453419999999994
3.58006e-08,-0.38483309999999993
3.58014e-08,-0.3854278
3.5803e-08,-0.38660420000000006
3.5805e-08,-0.38805029999999996
3.5807e-08,-0.38946990000000004
3.5809e-08,-0.3908631
3.5811e-08,-0.3922304000000001
3.5813e-08,-0.3935719
3.5815e-08,-0.39488809999999996
3.5817e-08,-0.3961791
3.5819e-08,-0.39744540000000006
3.5821e-08,-0.39868709999999996
3.5823e-08,-0.3999047
3.5825e-08,-0.40109839999999997
3.5827e-08,-0.40226839999999997
3.5829e-08,-0.4034151
3.5831e-08,-0.4045388
3.5833e-08,-0.40563969999999994
3.5835e-08,-0.4067181000000001
3.5837e-08,-0.4077744
3.5839e-08,-0.4088087
3.5841e-08,-0.4098214
3.5843e-08,-0.4108128
3.5845e-08,-0.411783
3.5847e-08,-0.4127324
3.5849e-08,-0.41366120000000006
3.5851e-08,-0.4145698
3.5853e-08,-0.4154584
3.5855e-08,-0.4163272
3.5857e-08,-0.4171764
3.5859e-08,-0.41800649999999995
3.5861e-08,-0.41881749999999995
3.5863e-08,-0.41960980000000003
3.5865e-08,-0.4203836000000001
3.5867e-08,-0.4211391
3.5869e-08,-0.42187660000000005
3.5871e-08,-0.4225964
3.5873e-08,-0.42329859999999997
3.5875e-08,-0.4239836
3.5877e-08,-0.42465150000000007
3.5879e-08,-0.42530270000000003
3.5881e-08,-0.42593709999999996
3.5883e-08,-0.42655529999999997
3.5885e-08,-0.42715729999999996
3.5887e-08,-0.42774349999999994
3.5889e-08,-0.4283139
3.5891e-08,-0.4288689
3.5893e-08,-0.42940860000000003
3.5895e-08,-0.4299334
3.5897e-08,-0.4304433
3.5899e-08,-0.43093859999999995
3.5901e-08,-0.4314196
3.5903e-08,-0.43188629999999995
3.5905e-08,-0.43233900000000003
3.5907e-08,-0.43277810000000005
3.5909e-08,-0.4332034
3.5911e-08,-0.43361550000000004
3.5913e-08,-0.4340143999999999
3.5915e-08,-0.4344003000000001
3.5917e-08,-0.4347734
3.5919e-08,-0.4351339000000001
3.5921e-08,-0.4354819
3.5923e-08,-0.43581780000000003
3.5925e-08,-0.43614169999999997
3.5927e-08,-0.4364536
3.5929e-08,-0.436754
3.5931e-08,-0.43704280000000006
3.5933e-08,-0.43732020000000005
3.5935e-08,-0.43758660000000005
3.5937e-08,-0.43784200000000006
3.5939e-08,-0.4380866
3.5941e-08,-0.43832059999999995
3.5943e-08,-0.43854400000000004
3.5945e-08,-0.43875720000000007
3.5947e-08,-0.43896029999999997
3.5949e-08,-0.4391534
3.5951e-08,-0.4393367
3.5953e-08,-0.4395103
3.5955e-08,-0.4396745000000001
3.5957e-08,-0.43982920000000003
3.5959e-08,-0.4399748
3.5961e-08,-0.44011139999999993
3.5963e-08,-0.4402391
3.5965e-08,-0.4403581
3.5967e-08,-0.4404684
3.5969e-08,-0.44057029999999997
3.5971e-08,-0.4406639
3.5973e-08,-0.4407493
3.5975e-08,-0.4408267
3.5977e-08,-0.44089620000000007
3.5979e-08,-0.44095799999999996
3.5981e-08,-0.4410120999999999
3.5983e-08,-0.4410588000000001
3.5985e-08,-0.44109810000000005
3.5987e-08,-0.44113020000000003
3.5989e-08,-0.44115519999999997
3.5991e-08,-0.44117320000000004
3.5993e-08,-0.4411843999999999
3.5995e-08,-0.4411889
3.5997e-08,-0.44118669999999993
3.59985e-08,-0.44118080000000004
3.6e-08,-0.44117130000000004
3.60002e-08,-0.44116980000000006
3.60006e-08,-0.4411665
3.60014e-08,-0.44115930000000003
3.6003e-08,-0.4411417999999999
3.6005e-08,-0.4411144
3.6007e-08,-0.4410811
3.6009e-08,-0.44104180000000004
3.6011e-08,-0.44099679999999997
3.6013e-08,-0.4409461
3.6015e-08,-0.44088970000000005
3.6017e-08,-0.440828
3.6019e-08,-0.4407609
3.6021e-08,-0.4406884999999999
3.6023e-08,-0.44061110000000003
3.6025e-08,-0.4405285
3.6027e-08,-0.44044099999999997
3.6029e-08,-0.4403488
3.6031e-08,-0.4402517
3.6033e-08,-0.4401499
3.6035e-08,-0.4400438
3.6037e-08,-0.439933
3.6039e-08,-0.4398179
3.6041e-08,-0.43969859999999994
3.6043e-08,-0.43957520000000005
3.6045e-08,-0.4394475
3.6047e-08,-0.4393159
3.6049e-08,-0.4391804
3.6051e-08,-0.439041
3.6053e-08,-0.438898
3.6055e-08,-0.43875130000000007
3.6057e-08,-0.438601
3.6059e-08,-0.43844720000000004
3.6061e-08,-0.43828999999999996
3.6063e-08,-0.4381294
3.6065e-08,-0.43796559999999995
3.6067e-08,-0.43779860000000004
3.6069e-08,-0.43762860000000003
3.6071e-08,-0.4374555
3.6073e-08,-0.43727949999999993
3.6075e-08,-0.4371005
3.6077e-08,-0.43691880000000005
3.6079e-08,-0.43673439999999997
3.6081e-08,-0.43654729999999997
3.6083e-08,-0.43635750000000006
3.6085e-08,-0.4361653
3.6087e-08,-0.43597069999999993
3.6089e-08,-0.4357734999999999
3.6091e-08,-0.4355742
3.6093e-08,-0.43537249999999994
3.6095e-08,-0.4351686
3.6097e-08,-0.4349624999999999
3.6099e-08,-0.4347544
3.6101e-08,-0.43454439999999994
3.6103e-08,-0.4343323
3.6105e-08,-0.4341183999999999
3.6107e-08,-0.4339026
3.6109e-08,-0.43368489999999993
3.6111e-08,-0.43346570000000006
3.6113e-08,-0.4332446999999999
3.6115e-08,-0.4330221999999999
3.6117e-08,-0.4327979999999999
3.6119e-08,-0.43257239999999997
3.6121e-08,-0.4323452
3.6123e-08,-0.43211679999999997
3.6125e-08,-0.43188689999999996
3.6127e-08,-0.43165580000000003
3.6129e-08,-0.4314234
3.6131e-08,-0.4311897
3.6133e-08,-0.4309550000000001
3.6135e-08,-0.4307191
3.6137e-08,-0.4304821
3.6139e-08,-0.43024419999999997
3.6141e-08,-0.4300052999999999
3.6143e-08,-0.42976539999999996
3.6145e-08,-0.42952460000000003
3.6147e-08,-0.42928299999999997
3.6149e-08,-0.4290406
3.6151e-08,-0.42879750000000005
3.6153e-08,-0.4285536999999999
3.6155e-08,-0.42830900000000005
3.6157e-08,-0.42806390000000005
3.6159e-08,-0.4278181
3.6161e-08,-0.4275717
3.6163e-08,-0.42732480000000006
3.6165e-08,-0.42707739999999994
3.6167e-08,-0.42682960000000003
3.6169e-08,-0.42658130000000005
3.6171e-08,-0.4263327
3.6173e-08,-0.42608369999999995
3.6175e-08,-0.4258343
3.6177e-08,-0.4255848000000001
3.6179e-08,-0.425335
3.6181e-08,-0.4250849
3.6183e-08,-0.42483459999999995
3.6185e-08,-0.42458419999999997
3.6187e-08,-0.4243336
3.6189e-08,-0.424083
3.6191e-08,-0.42383229999999994
3.6193e-08,-0.42358150000000006
3.6195e-08,-0.4233307999999999
3.6197e-08,-0.42308009999999996
3.61985e-08,-0.4228921
3.62e-08,-0.4227041
3.62002e-08,-0.4226789999999999
3.62006e-08,-0.4226289
3.62014e-08,-0.4225287
3.6203e-08,-0.4223283
3.6205e-08,-0.42207779999999995
3.6207e-08,-0.4218276000000001
3.6209e-08,-0.4215776
3.6211e-08,-0.42132769999999997
3.6213e-08,-0.4210779
3.6215e-08,-0.42082850000000005
3.6217e-08,-0.42057939999999994
3.6219e-08,-0.4203306
3.6221e-08,-0.4200819
3.6223e-08,-0.41983380000000003
3.6225e-08,-0.41958589999999996
3.6227e-08,-0.41933830000000005
3.6229e-08,-0.41909130000000006
3.6231e-08,-0.41884449999999995
3.6233e-08,-0.41859820000000003
3.6235e-08,-0.4183525
3.6237e-08,-0.4181072
3.6239e-08,-0.4178623
3.6241e-08,-0.4176179000000001
3.6243e-08,-0.4173741000000001
3.6245e-08,-0.41713089999999997
3.6247e-08,-0.4168881
3.6249e-08,-0.41664599999999996
3.6251e-08,-0.41640429999999995
3.6253e-08,-0.41616339999999996
3.6255e-08,-0.41592300000000004
3.6257e-08,-0.4156833999999999
3.6259e-08,-0.4154443000000001
3.6261e-08,-0.4152059
3.6263e-08,-0.4149682
3.6265e-08,-0.4147312000000001
3.6267e-08,-0.4144949
3.6269e-08,-0.41425920000000005
3.6271e-08,-0.41402439999999996
3.6273e-08,-0.4137902
3.6275e-08,-0.4135569
3.6277e-08,-0.41332420000000003
3.6279e-08,-0.4130924
3.6281e-08,-0.4128613
3.6283e-08,-0.41263110000000003
3.6285e-08,-0.4124017
3.6287e-08,-0.41217309999999996
3.6289e-08,-0.4119452
3.6291e-08,-0.4117183000000001
3.6293e-08,-0.4114921
3.6295e-08,-0.4112669
3.6297e-08,-0.41104260000000004
3.6299e-08,-0.41081900000000005
3.6301e-08,-0.4105964
3.6303e-08,-0.4103747
3.6305e-08,-0.4101538
3.6307e-08,-0.4099338
3.6309e-08,-0.40971480000000005
3.6311e-08,-0.40949670000000005
3.6313e-08,-0.4092795
3.6315e-08,-0.4090633
3.6317e-08,-0.408848
3.6319e-08,-0.40863359999999993
3.6321e-08,-0.4084202
3.6323e-08,-0.4082078
3.6325e-08,-0.4079963000000001
3.6327e-08,-0.4077858
3.6329e-08,-0.40757619999999994
3.6331e-08,-0.40736759999999994
3.6333e-08,-0.4071601
3.6335e-08,-0.40695349999999997
3.6337e-08,-0.40674790000000005
3.6339e-08,-0.40654330000000005
3.6341e-08,-0.4063396
3.6343e-08,-0.40613710000000003
3.6345e-08,-0.4059355
3.6347e-08,-0.4057349
3.6349e-08,-0.4055354
3.6351e-08,-0.40533680000000005
3.6353e-08,-0.4051393
3.6355e-08,-0.4049427
3.6357e-08,-0.4047472
3.6359e-08,-0.40455280000000005
3.6361e-08,-0.4043593999999999
3.6363e-08,-0.40416699999999994
3.6365e-08,-0.4039756
3.6367e-08,-0.4037853
3.6369e-08,-0.4035961
3.6371e-08,-0.4034078
3.6373e-08,-0.40322060000000004
3.6375e-08,-0.40303449999999996
3.6377e-08,-0.40284929999999997
3.6379e-08,-0.40266519999999995
3.6381e-08,-0.4024822
3.6383e-08,-0.4023002
3.6385e-08,-0.4021192
3.6387e-08,-0.4019393
3.6389e-08,-0.40176049999999996
3.6391e-08,-0.40158269999999996
3.6393e-08,-0.4014059
3.6395e-08,-0.4012302
3.6397e-08,-0.40105559999999996
3.63985e-08,-0.4009252
3.64e-08,-0.4008066
3.64002e-08,-0.4007931
3.64006e-08,-0.4007676
3.64014e-08,-0.40072529999999995
3.6403e-08,-0.40066290000000004
3.6405e-08,-0.4006006
3.6407e-08,-0.40052200000000004
3.6409e-08,-0.4003945
3.6411e-08,-0.40019099999999996
3.6413e-08,-0.39988840000000003
3.6415e-08,-0.3994675000000001
3.6417e-08,-0.39891199999999993
3.6419e-08,-0.39820849999999997
3.6421e-08,-0.3973462
3.6423e-08,-0.39631609999999995
3.6425e-08,-0.395111
3.6427e-08,-0.39372570000000007
3.6429e-08,-0.39215619999999995
3.6431e-08,-0.3903995
3.6433e-08,-0.3884540999999999
3.6435e-08,-0.38631930000000003
3.6437e-08,-0.383995
3.6439e-08,-0.38148230000000005
3.6441e-08,-0.3787825
3.6443e-08,-0.37589800000000007
3.6445e-08,-0.37283109999999997
3.6447e-08,-0.3695851
3.6449e-08,-0.36616309999999996
3.6451e-08,-0.36256920000000004
3.6453e-08,-0.35880709999999993
3.6455e-08,-0.3548812
3.6457e-08,-0.35079589999999994
3.6459e-08,-0.346556
3.6461e-08,-0.34216599999999997
3.6463e-08,-0.337631
3.6465e-08,-0.3329557999999999
3.6467e-08,-0.32814540000000003
3.6469e-08,-0.32320479999999996
3.6471e-08,-0.31813920000000007
3.6473e-08,-0.31295379999999995
3.6475e-08,-0.3076533
3.6477e-08,-0.3022429000000001
3.6479e-08,-0.2967276999999999
3.6481e-08,-0.2911127
3.6483e-08,-0.2854027
3.6485e-08,-0.27960260000000003
3.6487e-08,-0.27371710000000005
3.6489e-08,-0.2677512000000001
3.6491e-08,-0.26170930000000003
3.6493e-08,-0.2555961
3.6495e-08,-0.24941600000000008
3.6497e-08,-0.2431734000000001
3.6499e-08,-0.23687269999999994
3.6501e-08,-0.230518
3.6503e-08,-0.22411349999999997
3.6505e-08,-0.2176631
3.6507e-08,-0.2111708
3.6509e-08,-0.2046405
3.6511e-08,-0.1980757999999999
3.6513e-08,-0.1914804
3.6515e-08,-0.18485779999999996
3.6517e-08,-0.17821149999999997
3.6519e-08,-0.1715447
3.6521e-08,-0.16486070000000008
3.6523e-08,-0.1581627
3.6525e-08,-0.15145370000000002
3.6527e-08,-0.1447366
3.6529e-08,-0.13801430000000003
3.6531e-08,-0.1312896
3.6533e-08,-0.12456499999999993
3.6535e-08,-0.11784340000000004
3.6537e-08,-0.11112709999999992
3.6539e-08,-0.10441849999999997
3.6541e-08,-0.09771989999999997
3.6543e-08,-0.0910337
3.6545e-08,-0.08436199999999994
3.6547e-08,-0.07770679999999996
3.6549e-08,-0.07107019999999997
3.6551e-08,-0.06445409999999996
3.6553e-08,-0.05786030000000009
3.6555e-08,-0.05129050000000002
3.6557e-08,-0.04474670000000003
3.6559e-08,-0.03823029999999994
3.6561e-08,-0.031742999999999966
3.6563e-08,-0.025286099999999978
3.6565e-08,-0.018861400000000028
3.6567e-08,-0.012469900000000034
3.6569e-08,-0.006113000000000035
3.6571e-08,0.00020779999999998022
3.6573e-08,0.006491600000000042
3.6575e-08,0.012736999999999998
3.6577e-08,0.018943199999999938
3.6579e-08,0.025108999999999937
3.6581e-08,0.031233400000000078
3.6583e-08,0.03731550000000006
3.6585e-08,0.04335449999999996
3.6587e-08,0.049349499999999935
3.6589e-08,0.05529980000000001
3.6591e-08,0.06120459999999994
3.6593e-08,0.06706319999999999
3.6595e-08,0.07287500000000002
3.6597e-08,0.07863930000000008
3.65985e-08,0.08293110000000004
3.66e-08,0.08719560000000004
3.66002e-08,0.08776259999999991
3.66006e-08,0.08889750000000007
3.66014e-08,0.09117160000000002
3.6603e-08,0.09572629999999993
3.6605e-08,0.10140199999999999
3.6607e-08,0.10702080000000003
3.6609e-08,0.11254639999999994
3.6611e-08,0.1179483
3.6613e-08,0.12320070000000005
3.6615e-08,0.12828209999999995
3.6617e-08,0.13317460000000003
3.6619e-08,0.13786360000000009
3.6621e-08,0.14233720000000005
3.6623e-08,0.146586
3.6625e-08,0.15060269999999998
3.6627e-08,0.15438169999999996
3.6629e-08,0.15791919999999993
3.6631e-08,0.16121279999999993
3.6633e-08,0.1642614
3.6635e-08,0.16706450000000006
3.6637e-08,0.16962310000000003
3.6639e-08,0.17193860000000005
3.6641e-08,0.17401319999999998
3.6643e-08,0.1758497
3.6645e-08,0.17745129999999998
3.6647e-08,0.17882189999999998
3.6649e-08,0.17996539999999994
3.6651e-08,0.18088630000000006
3.6653e-08,0.181589
3.6655e-08,0.18207850000000003
3.6657e-08,0.18235979999999996
3.6659e-08,0.182438
3.6661e-08,0.18231810000000004
3.6663e-08,0.1820056
3.6665e-08,0.18150580000000005
3.6667e-08,0.18082390000000004
3.6669e-08,0.1799655
3.6671e-08,0.17893590000000004
3.6673e-08,0.17774020000000001
3.6675e-08,0.17638399999999999
3.6677e-08,0.17487260000000004
3.6679e-08,0.17321090000000006
3.6681e-08,0.17140429999999995
3.6683e-08,0.1694578000000001
3.6685e-08,0.1673764000000001
3.6687e-08,0.165165
3.6689e-08,0.16282849999999993
3.6691e-08,0.1603717
3.6693e-08,0.15779920000000003
3.6695e-08,0.15511570000000008
3.6697e-08,0.15232559999999995
3.6699e-08,0.14943340000000005
3.6701e-08,0.14644330000000005
3.6703e-08,0.14335949999999997
3.6705e-08,0.14018629999999999
3.6707e-08,0.13692749999999998
3.6709e-08,0.13358730000000008
3.6711e-08,0.13016919999999998
3.6713e-08,0.12667720000000005
3.6715e-08,0.12311499999999997
3.6717e-08,0.11948599999999998
3.6719e-08,0.11579379999999995
3.6721e-08,0.11204159999999996
3.6723e-08,0.10823289999999997
3.6725e-08,0.10437079999999999
3.6727e-08,0.10045839999999995
3.6729e-08,0.0964988
3.6731e-08,0.09249489999999994
3.6733e-08,0.08844960000000002
3.6735e-08,0.08436559999999993
3.6737e-08,0.08024580000000003
3.6739e-08,0.07609260000000007
3.6741e-08,0.07190890000000005
3.6743e-08,0.0676968
3.6745e-08,0.06345880000000004
3.6747e-08,0.05919740000000007
3.6749e-08,0.05491469999999998
3.6751e-08,0.05061299999999991
3.6753e-08,0.04629440000000007
3.6755e-08,0.04196089999999997
3.6757e-08,0.037614499999999995
3.6759e-08,0.03325719999999999
3.6761e-08,0.028890800000000105
3.6763e-08,0.024517200000000017
3.6765e-08,0.020138099999999937
3.6767e-08,0.01575519999999997
3.6769e-08,0.011370099999999939
3.6771e-08,0.006984400000000002
3.6773e-08,0.002599600000000035
3.6775e-08,-0.001782700000000026
3.6777e-08,-0.006161300000000036
3.6779e-08,-0.01053459999999995
3.6781e-08,-0.014901400000000065
3.6783e-08,-0.019260400000000066
3.6785e-08,-0.02361040000000003
3.6787e-08,-0.027950200000000036
3.6789e-08,-0.032278600000000046
3.6791e-08,-0.03659460000000003
3.6793e-08,-0.04089710000000002
3.6795e-08,-0.045185200000000036
3.6797e-08,-0.04945759999999999
3.67985e-08,-0.052651400000000015
3.68e-08,-0.05583539999999998
3.68002e-08,-0.05625979999999997
3.68006e-08,-0.05711009999999994
3.68014e-08,-0.05881890000000001
3.6803e-08,-0.06225739999999991
3.6805e-08,-0.06656519999999999
3.6807e-08,-0.0708453
3.6809e-08,-0.07506080000000004
3.6811e-08,-0.07918019999999992
3.6813e-08,-0.0831771
3.6815e-08,-0.08702900000000002
3.6817e-08,-0.09071720000000005
3.6819e-08,-0.09422660000000005
3.6821e-08,-0.09754450000000003
3.6823e-08,-0.1006608
3.6825e-08,-0.1035678000000001
3.6827e-08,-0.1062594
3.6829e-08,-0.10873160000000004
3.6831e-08,-0.11098130000000006
3.6833e-08,-0.11300690000000002
3.6835e-08,-0.11480809999999997
3.6837e-08,-0.11638529999999991
3.6839e-08,-0.1177397
3.6841e-08,-0.11887329999999996
3.6843e-08,-0.11978880000000003
3.6845e-08,-0.12048930000000002
3.6847e-08,-0.12097820000000004
3.6849e-08,-0.12125960000000002
3.6851e-08,-0.12133769999999999
3.6853e-08,-0.12121700000000002
3.6855e-08,-0.12090219999999996
3.6857e-08,-0.120398
3.6859e-08,-0.11970980000000009
3.6861e-08,-0.11884249999999996
3.6863e-08,-0.11780109999999999
3.6865e-08,-0.11659110000000006
3.6867e-08,-0.11521769999999998
3.6869e-08,-0.1136860999999999
3.6871e-08,-0.11200149999999998
3.6873e-08,-0.11016930000000003
3.6875e-08,-0.10819460000000003
3.6877e-08,-0.10608260000000003
3.6879e-08,-0.10383830000000005
3.6881e-08,-0.10146689999999992
3.6883e-08,-0.09897310000000004
3.6885e-08,-0.09636199999999995
3.6887e-08,-0.0936382
3.6889e-08,-0.09080670000000002
3.6891e-08,-0.08787179999999994
3.6893e-08,-0.08483819999999997
3.6895e-08,-0.08171039999999996
3.6897e-08,-0.07849260000000002
3.6899e-08,-0.07518910000000001
3.6901e-08,-0.07180409999999993
3.6903e-08,-0.06834149999999994
3.6905e-08,-0.06480540000000001
3.6907e-08,-0.06119960000000002
3.6909e-08,-0.057527899999999965
3.6911e-08,-0.05379400000000001
3.6913e-08,-0.05000119999999997
3.6915e-08,-0.046153300000000064
3.6917e-08,-0.042253500000000055
3.6919e-08,-0.03830509999999998
3.6921e-08,-0.034311199999999986
3.6923e-08,-0.030275199999999947
3.6925e-08,-0.026199799999999995
3.6927e-08,-0.022087999999999997
3.6929e-08,-0.017942699999999978
3.6931e-08,-0.013766599999999962
3.6933e-08,-0.009562399999999971
3.6935e-08,-0.005332600000000021
3.6937e-08,-0.0010799000000000225
3.6939e-08,0.0031935000000000713
3.6941e-08,0.007485000000000075
3.6943e-08,0.011792600000000042
3.6945e-08,0.016114000000000073
3.6947e-08,0.020446900000000046
3.6949e-08,0.02478950000000002
3.6951e-08,0.0291397000000001
3.6953e-08,0.03349550000000001
3.6955e-08,0.03785500000000008
3.6957e-08,0.042216699999999996
3.6959e-08,0.046578700000000084
3.6961e-08,0.05093919999999996
3.6963e-08,0.055296800000000035
3.6965e-08,0.059649799999999975
3.6967e-08,0.06399670000000002
3.6969e-08,0.06833620000000007
3.6971e-08,0.07266689999999998
3.6973e-08,0.07698729999999998
3.6975e-08,0.08129629999999999
3.6977e-08,0.08559260000000002
3.6979e-08,0.08987509999999999
3.6981e-08,0.09414240000000007
3.6983e-08,0.09839359999999997
3.6985e-08,0.10262780000000005
3.6987e-08,0.10684369999999999
3.6989e-08,0.11104060000000004
3.6991e-08,0.11521749999999997
3.6993e-08,0.11937350000000002
3.6995e-08,0.12350760000000005
3.6997e-08,0.12761940000000005
3.69985e-08,0.13068780000000002
3.7e-08,0.13374299999999995
3.70002e-08,0.13414910000000002
3.70006e-08,0.13496109999999994
3.70014e-08,0.13658190000000003
3.7003e-08,0.13981160000000004
3.7005e-08,0.14382589999999995
3.7007e-08,0.14781409999999995
3.7009e-08,0.15177589999999996
3.7011e-08,0.15571040000000003
3.7013e-08,0.15961730000000007
3.7015e-08,0.16349590000000003
3.7017e-08,0.167346
3.7019e-08,0.1711669
3.7021e-08,0.1749583
3.7023e-08,0.1787198000000001
3.7025e-08,0.18245100000000003
3.7027e-08,0.18615159999999997
3.7029e-08,0.18982120000000002
3.7031e-08,0.19345959999999995
3.7033e-08,0.19706639999999997
3.7035e-08,0.20064140000000008
3.7037e-08,0.2041845
3.7039e-08,0.20769530000000003
3.7041e-08,0.21117360000000007
3.7043e-08,0.2146193999999999
3.7045e-08,0.21803229999999996
3.7047e-08,0.22141239999999995
3.7049e-08,0.22475939999999994
3.7051e-08,0.22807329999999992
3.7053e-08,0.2313539
3.7055e-08,0.2346013
3.7057e-08,0.2378152
3.7059e-08,0.24099569999999992
3.7061e-08,0.2441428000000001
3.7063e-08,0.24725640000000004
3.7065e-08,0.25033649999999996
3.7067e-08,0.25338309999999997
3.7069e-08,0.25639619999999996
3.7071e-08,0.25937580000000005
3.7073e-08,0.26232199999999994
3.7075e-08,0.26523490000000005
3.7077e-08,0.2681144
3.7079e-08,0.2709608
3.7081e-08,0.27377379999999996
3.7083e-08,0.2765539
3.7085e-08,0.2793009000000001
3.7087e-08,0.28201509999999996
3.7089e-08,0.2846965
3.7091e-08,0.2873451
3.7093e-08,0.2899613
3.7095e-08,0.29254500000000005
3.7097e-08,0.2950963999999999
3.7099e-08,0.29761570000000004
3.7101e-08,0.30010310000000007
3.7103e-08,0.30255850000000006
3.7105e-08,0.3049824
3.7107e-08,0.3073747
3.7109e-08,0.30973570000000006
3.7111e-08,0.31206560000000005
3.7113e-08,0.3143644
3.7115e-08,0.31663240000000004
3.7117e-08,0.31886989999999993
3.7119e-08,0.32107699999999995
3.7121e-08,0.32325380000000004
3.7123e-08,0.3254007
3.7125e-08,0.3275177
3.7127e-08,0.3296051
3.7129e-08,0.3316631
3.7131e-08,0.333692
3.7133e-08,0.3356918000000001
3.7135e-08,0.3376629
3.7137e-08,0.3396055
3.7139e-08,0.34151979999999993
3.7141e-08,0.34340589999999993
3.7143e-08,0.3452642
3.7145e-08,0.3470947
3.7147e-08,0.34889800000000004
3.7149e-08,0.35067399999999993
3.7151e-08,0.3524231
3.7153e-08,0.3541455
3.7155e-08,0.3558413
3.7157e-08,0.35751089999999996
3.7159e-08,0.3591544
3.7161e-08,0.3607722
3.7163e-08,0.3623643999999999
3.7165e-08,0.36393130000000007
3.7167e-08,0.3654731
3.7169e-08,0.3669899999999999
3.7171e-08,0.36848230000000004
3.7173e-08,0.3699502
3.7175e-08,0.371394
3.7177e-08,0.3728138
3.7179e-08,0.37421000000000004
3.7181e-08,0.3755828
3.7183e-08,0.3769323
3.7185e-08,0.3782588
3.7187e-08,0.3795626999999999
3.7189e-08,0.38084400000000007
3.7191e-08,0.3821030000000001
3.7193e-08,0.38334
3.7195e-08,0.3845552
3.7197e-08,0.3857488
3.71985e-08,0.3866301
3.72e-08,0.38749939999999994
3.72002e-08,0.38761429999999997
3.72006e-08,0.3878436999999999
3.72014e-08,0.38829990000000003
3.7203e-08,0.3892025
3.7205e-08,0.3903122
3.7207e-08,0.3914014
3.7209e-08,0.3924704
3.7211e-08,0.3935195
3.7213e-08,0.3945487
3.7215e-08,0.3955584999999999
3.7217e-08,0.3965489
3.7219e-08,0.39752030000000005
3.7221e-08,0.39847280000000007
3.7223e-08,0.39940660000000006
3.7225e-08,0.40032199999999996
3.7227e-08,0.40121930000000006
3.7229e-08,0.4020985
3.7231e-08,0.40295990000000004
3.7233e-08,0.4038037
3.7235e-08,0.40463020000000005
3.7237e-08,0.40543949999999995
3.7239e-08,0.40623200000000004
3.7241e-08,0.4070076
3.7243e-08,0.40776670000000004
3.7245e-08,0.40850960000000003
3.7247e-08,0.40923620000000005
3.7249e-08,0.4099469
3.7251e-08,0.41064199999999995
3.7253e-08,0.41132139999999995
3.7255e-08,0.4119854999999999
3.7257e-08,0.4126346000000001
3.7259e-08,0.41326870000000004
3.7261e-08,0.4138879
3.7263e-08,0.41449270000000005
3.7265e-08,0.4150832
3.7267e-08,0.41565929999999995
3.7269e-08,0.4162214999999999
3.7271e-08,0.4167698999999999
3.7273e-08,0.4173047000000001
3.7275e-08,0.4178261
3.7277e-08,0.41833409999999993
3.7279e-08,0.418829
3.7281e-08,0.41931109999999994
3.7283e-08,0.41978039999999994
3.7285e-08,0.4202372
3.7287e-08,0.4206816
3.7289e-08,0.4211136
3.7291e-08,0.4215337
3.7293e-08,0.42194200000000004
3.7295e-08,0.4223383999999999
3.7297e-08,0.42272339999999997
3.7299e-08,0.4230969
3.7301e-08,0.4234591999999999
3.7303e-08,0.4238103999999999
3.7305e-08,0.42415079999999994
3.7307e-08,0.42448030000000003
3.7309e-08,0.4247993000000001
3.7311e-08,0.4251077999999999
3.7313e-08,0.42540600000000006
3.7315e-08,0.4256942
3.7317e-08,0.42597229999999997
3.7319e-08,0.42624059999999997
3.7321e-08,0.4264991
3.7323e-08,0.42674809999999996
3.7325e-08,0.4269877999999999
3.7327e-08,0.42721809999999993
3.7329e-08,0.4274393000000001
3.7331e-08,0.4276514
3.7333e-08,0.42785490000000004
3.7335e-08,0.4280495000000001
3.7337e-08,0.42823559999999994
3.7339e-08,0.4284133
3.7341e-08,0.4285825000000001
3.7343e-08,0.42874370000000006
3.7345e-08,0.42889679999999997
3.7347e-08,0.4290419
3.7349e-08,0.42917930000000004
3.7351e-08,0.4293089
3.7353e-08,0.42943110000000007
3.7355e-08,0.42954570000000003
3.7357e-08,0.42965320000000007
3.7359e-08,0.42975339999999995
3.7361e-08,0.4298465
3.7363e-08,0.42993270000000006
3.7365e-08,0.43001200000000006
3.7367e-08,0.4300847
3.7369e-08,0.4301507
3.7371e-08,0.4302102
3.7373e-08,0.4302634000000001
3.7375e-08,0.4303102
3.7377e-08,0.4303509
3.7379e-08,0.4303855999999999
3.7381e-08,0.43041419999999997
3.7383e-08,0.43043700000000007
3.7385e-08,0.430454
3.7387e-08,0.43046549999999995
3.7389e-08,0.43047139999999995
3.7391e-08,0.43047179999999996
3.7393e-08,0.4304669
3.7395e-08,0.4304567
3.7397e-08,0.4304414
3.73985e-08,0.4304266
3.74e-08,0.4304089
3.74002e-08,0.43040639999999997
3.74006e-08,0.4304011
3.74014e-08,0.4303899
3.7403e-08,0.4303654
3.7405e-08,0.43033029999999994
3.7407e-08,0.43029059999999997
3.7409e-08,0.4302463000000001
3.7411e-08,0.43019759999999996
3.7413e-08,0.4301442999999999
3.7415e-08,0.4300868
3.7417e-08,0.43002490000000004
3.7419e-08,0.4299588
3.7421e-08,0.4298887
3.7423e-08,0.42981460000000005
3.7425e-08,0.4297366
3.7427e-08,0.42965469999999994
3.7429e-08,0.429569
3.7431e-08,0.4294797
3.7433e-08,0.42938680000000007
3.7435e-08,0.4292903
3.7437e-08,0.4291903
3.7439e-08,0.429087
3.7441e-08,0.4289803
3.7443e-08,0.42887030000000004
3.7445e-08,0.4287573
3.7447e-08,0.4286411
3.7449e-08,0.42852180000000006
3.7451e-08,0.42839970000000005
3.7453e-08,0.42827460000000006
3.7455e-08,0.42814659999999993
3.7457e-08,0.42801600000000006
3.7459e-08,0.4278826
3.7461e-08,0.4277466000000001
3.7463e-08,0.427608
3.7465e-08,0.4274669
3.7467e-08,0.4273232
3.7469e-08,0.4271773
3.7471e-08,0.427029
3.7473e-08,0.4268784
3.7475e-08,0.42672560000000004
3.7477e-08,0.42657069999999997
3.7479e-08,0.42641359999999995
3.7481e-08,0.42625460000000004
3.7483e-08,0.4260935
3.7485e-08,0.42593040000000004
3.7487e-08,0.4257655
3.7489e-08,0.42559879999999994
3.7491e-08,0.42543029999999993
3.7493e-08,0.4252600000000001
3.7495e-08,0.42508809999999997
3.7497e-08,0.4249145000000001
3.7499e-08,0.42473929999999993
3.7501e-08,0.42456270000000007
3.7503e-08,0.42438449999999994
3.7505e-08,0.4242049
3.7507e-08,0.42402379999999995
3.7509e-08,0.4238415
3.7511e-08,0.4236578999999999
3.7513e-08,0.42347289999999993
3.7515e-08,0.42328679999999996
3.7517e-08,0.42309949999999996
3.7519e-08,0.4229111
3.7521e-08,0.4227215
3.7523e-08,0.42253090000000004
3.7525e-08,0.4223393
3.7527e-08,0.42214679999999993
3.7529e-08,0.4219533
3.7531e-08,0.42175889999999994
3.7533e-08,0.42156360000000004
3.7535e-08,0.42136760000000006
3.7537e-08,0.4211707
3.7539e-08,0.42097300000000004
3.7541e-08,0.42077470000000006
3.7543e-08,0.42057580000000006
3.7545e-08,0.4203762
3.7547e-08,0.4201758
3.7549e-08,0.419975
3.7551e-08,0.4197737
3.7553e-08,0.41957179999999994
3.7555e-08,0.41936949999999995
3.7557e-08,0.41916660000000006
3.7559e-08,0.41896349999999993
3.7561e-08,0.41875989999999996
3.7563e-08,0.4185559
3.7565e-08,0.4183515
3.7567e-08,0.4181469
3.7569e-08,0.4179419999999999
3.7571e-08,0.41773689999999997
3.7573e-08,0.4175316
3.7575e-08,0.417326
3.7577e-08,0.4171203
3.7579e-08,0.4169144
3.7581e-08,0.4167084
3.7583e-08,0.41650240000000005
3.7585e-08,0.41629630000000006
3.7587e-08,0.4160901
3.7589e-08,0.4158839000000001
3.7591e-08,0.41567770000000004
3.7593e-08,0.4154715
3.7595e-08,0.4152654
3.7597e-08,0.4150593
3.75985e-08,0.4149048999999999
3.76e-08,0.4147504000000001
3.76002e-08,0.41473059999999995
3.76006e-08,0.4146927
3.76014e-08,0.41462699999999997
3.7603e-08,0.4145263
3.7605e-08,0.4144291
3.7607e-08,0.41432820000000004
3.7609e-08,0.4141891
3.7611e-08,0.41398330000000005
3.7613e-08,0.4136862
3.7615e-08,0.41327749999999996
3.7617e-08,0.41273990000000005
3.7619e-08,0.4120593
3.7621e-08,0.4112236
3.7623e-08,0.4102235999999999
3.7625e-08,0.4090515
3.7627e-08,0.4077012
3.7629e-08,0.4061682
3.7631e-08,0.4044493
3.7633e-08,0.4025424000000001
3.7635e-08,0.4004462000000001
3.7637e-08,0.3981606999999999
3.7639e-08,0.3956864
3.7641e-08,0.39302440000000005
3.7643e-08,0.39017670000000004
3.7645e-08,0.38714550000000003
3.7647e-08,0.3839336000000001
3.7649e-08,0.38054449999999995
3.7651e-08,0.37698149999999997
3.7653e-08,0.37324840000000004
3.7655e-08,0.3693495
3.7657e-08,0.3652892
3.7659e-08,0.36107179999999994
3.7661e-08,0.35670199999999996
3.7663e-08,0.3521847
3.7665e-08,0.3475247
3.7667e-08,0.34272690000000006
3.7669e-08,0.33779650000000006
3.7671e-08,0.33273830000000004
3.7673e-08,0.3275574
3.7675e-08,0.32225899999999996
3.7677e-08,0.316848
3.7679e-08,0.3113294999999999
3.7681e-08,0.3057084
3.7683e-08,0.2999897
3.7685e-08,0.2941783
3.7687e-08,0.28827880000000006
3.7689e-08,0.28229630000000006
3.7691e-08,0.27623529999999996
3.7693e-08,0.27010029999999996
3.7695e-08,0.263896
3.7697e-08,0.25762680000000004
3.7699e-08,0.251297
3.7701e-08,0.24491089999999993
3.7703e-08,0.23847260000000003
3.7705e-08,0.23198620000000003
3.7707e-08,0.22545579999999998
3.7709e-08,0.21888510000000005
3.7711e-08,0.2122778999999999
3.7713e-08,0.205638
3.7715e-08,0.19896900000000006
3.7717e-08,0.19227420000000006
3.7719e-08,0.18555710000000003
3.7721e-08,0.178821
3.7723e-08,0.17206900000000003
3.7725e-08,0.16530440000000002
3.7727e-08,0.1585301
3.7729e-08,0.15174889999999996
3.7731e-08,0.1449638000000001
3.7733e-08,0.13817749999999995
3.7735e-08,0.13139250000000002
3.7737e-08,0.12461149999999999
3.7739e-08,0.11783699999999997
3.7741e-08,0.11107110000000009
3.7743e-08,0.10431650000000003
3.7745e-08,0.09757500000000008
3.7747e-08,0.09084910000000002
3.7749e-08,0.08414069999999996
3.7751e-08,0.07745159999999995
3.7753e-08,0.07078410000000002
3.7755e-08,0.06413970000000002
3.7757e-08,0.05752020000000002
3.7759e-08,0.050927500000000014
3.7761e-08,0.04436289999999998
3.7763e-08,0.03782820000000009
3.7765e-08,0.03132479999999993
3.7767e-08,0.024854000000000043
3.7769e-08,0.01841729999999997
3.7771e-08,0.012016000000000027
3.7773e-08,0.005651300000000026
3.7775e-08,-0.0006757000000000568
3.7777e-08,-0.006963700000000017
3.7779e-08,-0.013211899999999943
3.7781e-08,-0.019418999999999964
3.7783e-08,-0.025584299999999893
3.7785e-08,-0.031706800000000035
3.7787e-08,-0.03778550000000003
3.7789e-08,-0.043819799999999964
3.7791e-08,-0.049808799999999986
3.7793e-08,-0.05575170000000007
3.7795e-08,-0.061648000000000036
3.7797e-08,-0.06749700000000003
3.77985e-08,-0.07185239999999993
3.78e-08,-0.07618060000000004
3.78002e-08,-0.07675539999999992
3.78006e-08,-0.07790399999999997
3.78014e-08,-0.08019530000000008
3.7803e-08,-0.08475429999999995
3.7805e-08,-0.09040859999999995
3.7807e-08,-0.09601289999999996
3.7809e-08,-0.10156710000000002
3.7811e-08,-0.10707049999999996
3.7813e-08,-0.11252299999999993
3.7815e-08,-0.11792409999999998
3.7817e-08,-0.12327370000000004
3.7819e-08,-0.1285714
3.7821e-08,-0.13381700000000007
3.7823e-08,-0.13901050000000004
3.7825e-08,-0.1441515
3.7827e-08,-0.1492399000000001
3.7829e-08,-0.15427570000000002
3.7831e-08,-0.15925869999999998
3.7833e-08,-0.16418880000000002
3.7835e-08,-0.1690661
3.7837e-08,-0.1738906
3.7839e-08,-0.178662
3.7841e-08,-0.1833806
3.7843e-08,-0.18804639999999995
3.7845e-08,-0.19265929999999998
3.7847e-08,-0.19721960000000005
3.7849e-08,-0.2017272
3.7851e-08,-0.20618219999999998
3.7853e-08,-0.21058489999999996
3.7855e-08,-0.21493530000000005
3.7857e-08,-0.21923359999999992
3.7859e-08,-0.22347990000000006
3.7861e-08,-0.2276745
3.7863e-08,-0.23181739999999995
3.7865e-08,-0.2359089000000001
3.7867e-08,-0.23994919999999997
3.7869e-08,-0.24393869999999995
3.7871e-08,-0.24787740000000003
3.7873e-08,-0.2517655999999999
3.7875e-08,-0.25560360000000004
3.7877e-08,-0.25939159999999994
3.7879e-08,-0.26313
3.7881e-08,-0.2668189999999999
3.7883e-08,-0.2704588
3.7885e-08,-0.2740498
3.7887e-08,-0.27759220000000007
3.7889e-08,-0.2810865
3.7891e-08,-0.2845329
3.7893e-08,-0.2879317
3.7895e-08,-0.2912833
3.7897e-08,-0.2945879
3.7899e-08,-0.2978459
3.7901e-08,-0.30105780000000004
3.7903e-08,-0.30422360000000004
3.7905e-08,-0.30734400000000006
3.7907e-08,-0.3104192
3.7909e-08,-0.31344950000000005
3.7911e-08,-0.3164353
3.7913e-08,-0.3193771000000001
3.7915e-08,-0.3222750999999999
3.7917e-08,-0.3251298
3.7919e-08,-0.3279413
3.7921e-08,-0.33071020000000007
3.7923e-08,-0.333437
3.7925e-08,-0.3361217999999999
3.7927e-08,-0.338765
3.7929e-08,-0.34136710000000003
3.7931e-08,-0.34392849999999997
3.7933e-08,-0.3464495000000001
3.7935e-08,-0.3489304000000001
3.7937e-08,-0.35137189999999996
3.7939e-08,-0.3537739
3.7941e-08,-0.3561373
3.7943e-08,-0.35846199999999995
3.7945e-08,-0.36074870000000003
3.7947e-08,-0.36299760000000003
3.7949e-08,-0.36520929999999996
3.7951e-08,-0.3673839
3.7953e-08,-0.369522
3.7955e-08,-0.3716239
3.7957e-08,-0.37368999999999997
3.7959e-08,-0.37572059999999996
3.7961e-08,-0.3777161
3.7963e-08,-0.3796769
3.7965e-08,-0.3816035
3.7967e-08,-0.3834961
3.7969e-08,-0.385355
3.7971e-08,-0.38718069999999993
3.7973e-08,-0.3889737
3.7975e-08,-0.3907341
3.7977e-08,-0.3924624000000001
3.7979e-08,-0.39415900000000004
3.7981e-08,-0.39582420000000007
3.7983e-08,-0.39745829999999993
3.7985e-08,-0.3990617999999999
3.7987e-08,-0.40063499999999996
3.7989e-08,-0.4021781
3.7991e-08,-0.40369160000000004
3.7993e-08,-0.405176
3.7995e-08,-0.40663130000000003
3.7997e-08,-0.4080581
3.79985e-08,-0.40910959999999996
3.8e-08,-0.4101454
3.80002e-08,-0.41028220000000004
3.80006e-08,-0.4105552
3.80014e-08,-0.4110979
3.8003e-08,-0.41217019999999993
3.8005e-08,-0.41348609999999997
3.8007e-08,-0.41477510000000006
3.8009e-08,-0.41603749999999995
3.8011e-08,-0.4172737000000001
3.8013e-08,-0.41848399999999997
3.8015e-08,-0.4196687
3.8017e-08,-0.42082810000000004
3.8019e-08,-0.4219627
3.8021e-08,-0.42307249999999996
3.8023e-08,-0.4241581000000001
3.8025e-08,-0.4252195999999999
3.8027e-08,-0.42625750000000007
3.8029e-08,-0.42727210000000004
3.8031e-08,-0.42826340000000007
3.8033e-08,-0.42923200000000006
3.8035e-08,-0.43017819999999996
3.8037e-08,-0.43110210000000004
3.8039e-08,-0.43200420000000006
3.8041e-08,-0.43288460000000006
3.8043e-08,-0.4337437999999999
3.8045e-08,-0.4345818
3.8047e-08,-0.4353992
3.8049e-08,-0.4361961000000001
3.8051e-08,-0.43697280000000005
3.8053e-08,-0.43772959999999994
3.8055e-08,-0.4384667
3.8057e-08,-0.4391845
3.8059e-08,-0.43988309999999997
3.8061e-08,-0.4405629999999999
3.8063e-08,-0.4412243
3.8065e-08,-0.44186710000000007
3.8067e-08,-0.442492
3.8069e-08,-0.44309909999999997
3.8071e-08,-0.4436886
3.8073e-08,-0.4442608
3.8075e-08,-0.444816
3.8077e-08,-0.44535439999999993
3.8079e-08,-0.44587619999999994
3.8081e-08,-0.44638160000000005
3.8083e-08,-0.446871
3.8085e-08,-0.4473446
3.8087e-08,-0.4478025
3.8089e-08,-0.448245
3.8091e-08,-0.44867239999999997
3.8093e-08,-0.44908479999999995
3.8095e-08,-0.4494824999999999
3.8097e-08,-0.4498658
3.8099e-08,-0.4502347
3.8101e-08,-0.4505895999999999
3.8103e-08,-0.4509307
3.8105e-08,-0.4512581
3.8107e-08,-0.45157210000000003
3.8109e-08,-0.4518729
3.8111e-08,-0.45216069999999997
3.8113e-08,-0.4524357
3.8115e-08,-0.45269800000000004
3.8117e-08,-0.452948
3.8119e-08,-0.4531858000000001
3.8121e-08,-0.4534116
3.8123e-08,-0.4536255
3.8125e-08,-0.45382770000000006
3.8127e-08,-0.45401860000000005
3.8129e-08,-0.45419809999999994
3.8131e-08,-0.4543667
3.8133e-08,-0.4545243
3.8135e-08,-0.45467120000000005
3.8137e-08,-0.4548076
3.8139e-08,-0.4549335
3.8141e-08,-0.4550493000000001
3.8143e-08,-0.45515510000000003
3.8145e-08,-0.4552510999999999
3.8147e-08,-0.45533730000000006
3.8149e-08,-0.455414
3.8151e-08,-0.4554813999999999
3.8153e-08,-0.4555395
3.8155e-08,-0.45558869999999996
3.8157e-08,-0.45562899999999995
3.8159e-08,-0.45566059999999997
3.8161e-08,-0.4556835
3.8163e-08,-0.4556981
3.8165e-08,-0.4557044
3.8167e-08,-0.45570260000000007
3.8169e-08,-0.4556928
3.8171e-08,-0.4556751
3.8173e-08,-0.45564990000000005
3.8175e-08,-0.45561699999999994
3.8177e-08,-0.45557690000000006
3.8179e-08,-0.4555294
3.8181e-08,-0.45547479999999996
3.8183e-08,-0.45541319999999996
3.8185e-08,-0.45534470000000005
3.8187e-08,-0.4552695
3.8189e-08,-0.4551877
3.8191e-08,-0.4550995
3.8193e-08,-0.45500490000000005
3.8195e-08,-0.4549040999999999
3.8197e-08,-0.4547971999999999
3.81985e-08,-0.4547131
3.82e-08,-0.4546367
3.82002e-08,-0.4546285
3.82006e-08,-0.4546137
3.82014e-08,-0.45459150000000004
3.8203e-08,-0.45456660000000004
3.8205e-08,-0.45454609999999995
3.8207e-08,-0.4545045
3.8209e-08,-0.4544104
3.8211e-08,-0.454237
3.8213e-08,-0.4539624000000001
3.8215e-08,-0.45356760000000007
3.8217e-08,-0.45303689999999996
3.8219e-08,-0.4523573000000001
3.8221e-08,-0.4515182
3.8223e-08,-0.45051090000000005
3.8225e-08,-0.44932820000000007
3.8227e-08,-0.4479649
3.8229e-08,-0.4464167
3.8231e-08,-0.4446808
3.8233e-08,-0.4427552
3.8235e-08,-0.4406392
3.8237e-08,-0.4383325
3.8239e-08,-0.43583589999999994
3.8241e-08,-0.43315039999999994
3.8243e-08,-0.43027799999999994
3.8245e-08,-0.4272209
3.8247e-08,-0.4239819
3.8249e-08,-0.4205643
3.8251e-08,-0.41697129999999993
3.8253e-08,-0.4132068
3.8255e-08,-0.40927480000000005
3.8257e-08,-0.4051794000000001
3.8259e-08,-0.40092510000000003
3.8261e-08,-0.39651650000000005
3.8263e-08,-0.39195820000000003
3.8265e-08,-0.38725509999999996
3.8267e-08,-0.38241179999999997
3.8269e-08,-0.3774333999999999
3.8271e-08,-0.3723248
3.8273e-08,-0.36709100000000006
3.8275e-08,-0.36173679999999997
3.8277e-08,-0.3562676
3.8279e-08,-0.35068789999999994
3.8281e-08,-0.34500279999999994
3.8283e-08,-0.3392172
3.8285e-08,-0.33333599999999997
3.8287e-08,-0.32736389999999993
3.8289e-08,-0.3213057
3.8291e-08,-0.3151659
3.8293e-08,-0.30894940000000004
3.8295e-08,-0.3026605
3.8297e-08,-0.2963036
3.8299e-08,-0.2898832
3.8301e-08,-0.2834036000000001
3.8303e-08,-0.27686869999999997
3.8305e-08,-0.2702829
3.8307e-08,-0.2636501
3.8309e-08,-0.25697420000000004
3.8311e-08,-0.250259
3.8313e-08,-0.2435083
3.8315e-08,-0.23672549999999992
3.8317e-08,-0.22991430000000002
3.8319e-08,-0.2230782
3.8321e-08,-0.2162204000000001
3.8323e-08,-0.20934429999999993
3.8325e-08,-0.2024528
3.8327e-08,-0.19554909999999992
3.8329e-08,-0.18863629999999998
3.8331e-08,-0.18171709999999996
3.8333e-08,-0.17479440000000002
3.8335e-08,-0.16787069999999993
3.8337e-08,-0.16094890000000006
3.8339e-08,-0.15403119999999992
3.8341e-08,-0.14712040000000004
3.8343e-08,-0.14021859999999997
3.8345e-08,-0.13332809999999995
3.8347e-08,-0.12645119999999999
3.8349e-08,-0.11958989999999992
3.8351e-08,-0.11274629999999997
3.8353e-08,-0.10592230000000002
3.8355e-08,-0.09911989999999993
3.8357e-08,-0.0923408
3.8359e-08,-0.08558690000000002
3.8361e-08,-0.07885960000000003
3.8363e-08,-0.07216080000000002
3.8365e-08,-0.06549189999999994
3.8367e-08,-0.058854300000000026
3.8369e-08,-0.05224960000000001
3.8371e-08,-0.045679000000000025
3.8373e-08,-0.03914390000000001
3.8375e-08,-0.03264529999999999
3.8377e-08,-0.02618470000000006
3.8379e-08,-0.019763100000000033
3.8381e-08,-0.013381399999999988
3.8383e-08,-0.007040700000000011
3.8385e-08,-0.0007420999999999678
3.8387e-08,0.005513600000000007
3.8389e-08,0.011725600000000003
3.8391e-08,0.017892999999999937
3.8393e-08,0.024015099999999956
3.8395e-08,0.03009099999999998
3.8397e-08,0.036120299999999994
3.83985e-08,0.040611000000000064
3.84e-08,0.045074999999999976
3.84002e-08,0.045667899999999984
3.84006e-08,0.04685269999999997
3.84014e-08,0.049216499999999996
3.8403e-08,0.05392090000000005
3.8405e-08,0.05975710000000001
3.8407e-08,0.06554369999999998
3.8409e-08,0.07128040000000002
3.8411e-08,0.07696670000000005
3.8413e-08,0.08260219999999996
3.8415e-08,0.0881864
3.8417e-08,0.09371929999999995
3.8419e-08,0.09920050000000002
3.8421e-08,0.10462969999999994
3.8423e-08,0.11000659999999995
3.8425e-08,0.11533119999999997
3.8427e-08,0.12060310000000007
3.8429e-08,0.1258222
3.8431e-08,0.1309886
3.8433e-08,0.13610200000000006
3.8435e-08,0.14116229999999996
3.8437e-08,0.1461695999999999
3.8439e-08,0.15112379999999992
3.8441e-08,0.15602490000000002
3.8443e-08,0.16087269999999998
3.8445e-08,0.16566760000000003
3.8447e-08,0.17040939999999993
3.8449e-08,0.17509829999999993
3.8451e-08,0.17973420000000007
3.8453e-08,0.18431740000000008
3.8455e-08,0.1888478
3.8457e-08,0.19332569999999993
3.8459e-08,0.19775129999999996
3.8461e-08,0.20212449999999993
3.8463e-08,0.20644569999999995
3.8465e-08,0.21071499999999999
3.8467e-08,0.21493260000000003
3.8469e-08,0.21909869999999998
3.8471e-08,0.2232136
3.8473e-08,0.22727730000000002
3.8475e-08,0.2312903999999999
3.8477e-08,0.23525279999999993
3.8479e-08,0.2391649
3.8481e-08,0.243027
3.8483e-08,0.24683929999999998
3.8485e-08,0.2506022
3.8487e-08,0.2543158
3.8489e-08,0.2579806
3.8491e-08,0.2615968000000001
3.8493e-08,0.2651648
3.8495e-08,0.2686847
3.8497e-08,0.272157
3.8499e-08,0.275582
3.8501e-08,0.27896
3.8503e-08,0.2822914000000001
3.8505e-08,0.2855765
3.8507e-08,0.28881559999999995
3.8509e-08,0.2920091
3.8511e-08,0.2951574
3.8513e-08,0.2982608
3.8515e-08,0.3013196
3.8517e-08,0.30433429999999995
3.8519e-08,0.3073051
3.8521e-08,0.3102324000000001
3.8523e-08,0.3131167
3.8525e-08,0.3159584
3.8527e-08,0.31875770000000003
3.8529e-08,0.32151489999999994
3.8531e-08,0.32423060000000004
3.8533e-08,0.32690510000000006
3.8535e-08,0.3295388
3.8537e-08,0.332132
3.8539e-08,0.33468510000000007
3.8541e-08,0.3371984
3.8543e-08,0.33967250000000004
3.8545e-08,0.3421077
3.8547e-08,0.3445041999999999
3.8549e-08,0.3468626
3.8551e-08,0.3491832
3.8553e-08,0.35146640000000007
3.8555e-08,0.3537125
3.8557e-08,0.3559219
3.8559e-08,0.35809499999999994
3.8561e-08,0.36023210000000006
3.8563e-08,0.36233379999999993
3.8565e-08,0.3644003
3.8567e-08,0.36643190000000003
3.8569e-08,0.36842909999999995
3.8571e-08,0.37039219999999995
3.8573e-08,0.3723217
3.8575e-08,0.37421779999999993
3.8577e-08,0.376081
3.8579e-08,0.37791149999999996
3.8581e-08,0.3797098
3.8583e-08,0.3814763
3.8585e-08,0.3832112
3.8587e-08,0.38491489999999995
3.8589e-08,0.3865879
3.8591e-08,0.3882304000000001
3.8593e-08,0.38984280000000004
3.8595e-08,0.39142540000000003
3.8597e-08,0.39297860000000007
3.85985e-08,0.3941243
3.86e-08,0.395254
3.86002e-08,0.3954033
3.86006e-08,0.3957012000000001
3.86014e-08,0.3962936
3.8603e-08,0.3974648999999999
3.8605e-08,0.3989039
3.8607e-08,0.40031530000000004
3.8609e-08,0.40169920000000003
3.8611e-08,0.40305599999999997
3.8613e-08,0.40438609999999997
3.8615e-08,0.40569
3.8617e-08,0.4069676000000001
3.8619e-08,0.40821949999999996
3.8621e-08,0.4094460999999999
3.8623e-08,0.41064749999999994
3.8625e-08,0.4118241
3.8627e-08,0.4129763000000001
3.8629e-08,0.4141041999999999
3.8631e-08,0.4152083
3.8633e-08,0.41628889999999996
3.8635e-08,0.41734610000000005
3.8637e-08,0.41838050000000004
3.8639e-08,0.41939210000000005
3.8641e-08,0.42038130000000007
3.8643e-08,0.4213485
3.8645e-08,0.42229400000000006
3.8647e-08,0.42321790000000004
3.8649e-08,0.4241205
3.8651e-08,0.42500229999999994
3.8653e-08,0.4258634
3.8655e-08,0.42670399999999997
3.8657e-08,0.42752460000000003
3.8659e-08,0.4283254000000001
3.8661e-08,0.4291066
3.8663e-08,0.4298685
3.8665e-08,0.4306112999999999
3.8667e-08,0.4313353000000001
3.8669e-08,0.43204089999999995
3.8671e-08,0.4327282
3.8673e-08,0.4333975
3.8675e-08,0.434049
3.8677e-08,0.43468300000000004
3.8679e-08,0.4352998
3.8681e-08,0.4358995
3.8683e-08,0.43648240000000005
3.8685e-08,0.43704889999999996
3.8687e-08,0.43759899999999996
3.8689e-08,0.438133
3.8691e-08,0.43865129999999997
3.8693e-08,0.4391539
3.8695e-08,0.4396411
3.8697e-08,0.4401132
3.8699e-08,0.4405703999999999
3.8701e-08,0.44101290000000004
3.8703e-08,0.4414408000000001
3.8705e-08,0.44185450000000004
3.8707e-08,0.4422541
3.8709e-08,0.4426399
3.8711e-08,0.4430119
3.8713e-08,0.44337060000000006
3.8715e-08,0.44371610000000006
3.8717e-08,0.44404849999999996
3.8719e-08,0.4443682
3.8721e-08,0.4446751
3.8723e-08,0.4449696000000001
3.8725e-08,0.44525190000000003
3.8727e-08,0.44552210000000003
3.8729e-08,0.4457805
3.8731e-08,0.4460271
3.8733e-08,0.44626239999999995
3.8735e-08,0.44648619999999994
3.8737e-08,0.44669899999999996
3.8739e-08,0.4469008
3.8741e-08,0.44709180000000004
3.8743e-08,0.4472722
3.8745e-08,0.4474422
3.8747e-08,0.44760199999999994
3.8749e-08,0.4477516
3.8751e-08,0.44789139999999994
3.8753e-08,0.4480214
3.8755e-08,0.44814180000000003
3.8757e-08,0.4482528
3.8759e-08,0.4483545
3.8761e-08,0.4484471
3.8763e-08,0.44853070000000006
3.8765e-08,0.44860559999999994
3.8767e-08,0.4486716999999999
3.8769e-08,0.44872940000000006
3.8771e-08,0.4487787
3.8773e-08,0.4488198
3.8775e-08,0.4488529
3.8777e-08,0.44887790000000005
3.8779e-08,0.4488953
3.8781e-08,0.448905
3.8783e-08,0.44890719999999995
3.8785e-08,0.448902
3.8787e-08,0.44888970000000006
3.8789e-08,0.4488702
3.8791e-08,0.44884370000000007
3.8793e-08,0.44881040000000005
3.8795e-08,0.4487704
3.8797e-08,0.44872390000000006
3.87985e-08,0.4486846
3.88e-08,0.44864190000000004
3.88002e-08,0.4486367
3.88006e-08,0.44862769999999996
3.88014e-08,0.44861949999999995
3.8803e-08,0.4486304
3.8805e-08,0.4486677
3.8807e-08,0.4486962
3.8809e-08,0.4486821
3.8811e-08,0.44859740000000004
3.8813e-08,0.44841809999999993
3.8815e-08,0.4481244
3.8817e-08,0.4476993
3.8819e-08,0.44712889999999994
3.8821e-08,0.4464019
3.8823e-08,0.44550860000000003
3.8825e-08,0.44444150000000004
3.8827e-08,0.44319470000000005
3.8829e-08,0.4417635999999999
3.8831e-08,0.44014489999999995
3.8833e-08,0.43833639999999996
3.8835e-08,0.4363369
3.8837e-08,0.43414600000000003
3.8839e-08,0.4317641
3.8841e-08,0.42919229999999997
3.8843e-08,0.4264321
3.8845e-08,0.42348589999999997
3.8847e-08,0.42035619999999996
3.8849e-08,0.4170461999999999
3.8851e-08,0.41355890000000006
3.8853e-08,0.4098984
3.8855e-08,0.40606850000000005
3.8857e-08,0.4020733000000001
3.8859e-08,0.39791719999999997
3.8861e-08,0.3936048999999999
3.8863e-08,0.3891407
3.8865e-08,0.3845296
3.8867e-08,0.37977649999999996
3.8869e-08,0.3748861
3.8871e-08,0.36986359999999996
3.8873e-08,0.3647138
3.8875e-08,0.3594417
3.8877e-08,0.3540523
3.8879e-08,0.34855059999999993
3.8881e-08,0.34294160000000007
3.8883e-08,0.3372301
3.8885e-08,0.3314210000000001
3.8887e-08,0.3255192
3.8889e-08,0.3195295
3.8891e-08,0.31345619999999996
3.8893e-08,0.3073045
3.8895e-08,0.3010786000000001
3.8897e-08,0.294783
3.8899e-08,0.2884220999999999
3.8901e-08,0.28200020000000003
3.8903e-08,0.27552160000000003
3.8905e-08,0.26899039999999996
3.8907e-08,0.26241059999999994
3.8909e-08,0.2557861
3.8911e-08,0.24912080000000003
3.8913e-08,0.24241840000000003
3.8915e-08,0.23568260000000008
3.8917e-08,0.2289169000000001
3.8919e-08,0.22212490000000007
3.8921e-08,0.21530990000000005
3.8923e-08,0.20847510000000002
3.8925e-08,0.20162380000000002
3.8927e-08,0.19475900000000002
3.8929e-08,0.18788379999999993
3.8931e-08,0.18100099999999997
3.8933e-08,0.17411350000000003
3.8935e-08,0.1672239000000001
3.8937e-08,0.16033490000000006
3.8939e-08,0.15344919999999995
3.8941e-08,0.1465691
3.8943e-08,0.13969700000000007
3.8945e-08,0.13283519999999993
3.8947e-08,0.12598599999999993
3.8949e-08,0.11915140000000002
3.8951e-08,0.11233359999999992
3.8953e-08,0.10553449999999998
3.8955e-08,0.0987560999999999
3.8957e-08,0.09200010000000003
3.8959e-08,0.08526849999999997
3.8961e-08,0.07856280000000004
3.8963e-08,0.07188450000000002
3.8965e-08,0.0652355
3.8967e-08,0.05861710000000009
3.8969e-08,0.052030800000000044
3.8971e-08,0.04547789999999996
3.8973e-08,0.0389598000000001
3.8975e-08,0.032477599999999995
3.8977e-08,0.02603259999999996
3.8979e-08,0.019625900000000085
3.8981e-08,0.013258699999999957
3.8983e-08,0.006931999999999938
3.8985e-08,0.0006464999999999943
3.8987e-08,-0.005596500000000004
3.8989e-08,-0.01179640000000004
3.8991e-08,-0.017952100000000026
3.8993e-08,-0.024062999999999946
3.8995e-08,-0.030128500000000003
3.8997e-08,-0.036147599999999946
3.89985e-08,-0.04063109999999992
3.9e-08,-0.04508800000000002
3.90002e-08,-0.04568070000000002
3.90006e-08,-0.04686699999999999
3.90014e-08,-0.049244000000000065
3.9003e-08,-0.05400490000000002
3.9005e-08,-0.059938999999999965
3.9007e-08,-0.06581649999999994
3.9009e-08,-0.07160069999999996
3.9011e-08,-0.07726099999999991
3.9013e-08,-0.08277109999999999
3.9015e-08,-0.0881094
3.9017e-08,-0.09325779999999995
3.9019e-08,-0.09820119999999999
3.9021e-08,-0.10292780000000001
3.9023e-08,-0.10742809999999992
3.9025e-08,-0.11169440000000008
3.9027e-08,-0.11572150000000003
3.9029e-08,-0.11950539999999998
3.9031e-08,-0.12304360000000003
3.9033e-08,-0.12633490000000003
3.9035e-08,-0.12937909999999997
3.9037e-08,-0.132177
3.9039e-08,-0.13473020000000002
3.9041e-08,-0.13704090000000002
3.9043e-08,-0.1391119999999999
3.9045e-08,-0.14094680000000004
3.9047e-08,-0.14254909999999998
3.9049e-08,-0.14392309999999997
3.9051e-08,-0.1450732
3.9053e-08,-0.14600389999999996
3.9055e-08,-0.14672050000000003
3.9057e-08,-0.14722770000000007
3.9059e-08,-0.14753070000000001
3.9061e-08,-0.14763500000000007
3.9063e-08,-0.14754580000000006
3.9065e-08,-0.1472684999999999
3.9067e-08,-0.1468085
3.9069e-08,-0.14617119999999995
3.9071e-08,-0.145362
3.9073e-08,-0.14438650000000008
3.9075e-08,-0.14324969999999992
3.9077e-08,-0.1419572
3.9079e-08,-0.14051400000000003
3.9081e-08,-0.13892550000000004
3.9083e-08,-0.13719669999999995
3.9085e-08,-0.13533270000000008
3.9087e-08,-0.13333830000000002
3.9089e-08,-0.13121840000000007
3.9091e-08,-0.12897780000000003
3.9093e-08,-0.1266214
3.9095e-08,-0.12415359999999998
3.9097e-08,-0.12157890000000005
3.9099e-08,-0.11890180000000006
3.9101e-08,-0.11612650000000002
3.9103e-08,-0.1132573
3.9105e-08,-0.1102981999999999
3.9107e-08,-0.10725339999999994
3.9109e-08,-0.10412680000000007
3.9111e-08,-0.10092210000000001
3.9113e-08,-0.09764320000000004
3.9115e-08,-0.09429359999999998
3.9117e-08,-0.09087699999999999
3.9119e-08,-0.0873967
3.9121e-08,-0.0838563
3.9123e-08,-0.08025880000000007
3.9125e-08,-0.07660750000000005
3.9127e-08,-0.07290560000000001
3.9129e-08,-0.06915610000000005
3.9131e-08,-0.06536189999999997
3.9133e-08,-0.061525799999999964
3.9135e-08,-0.05765050000000005
3.9137e-08,-0.053738900000000034
3.9139e-08,-0.04979359999999999
3.9141e-08,-0.045817
3.9143e-08,-0.04181159999999995
3.9145e-08,-0.03777980000000003
3.9147e-08,-0.03372390000000003
3.9149e-08,-0.029646199999999956
3.9151e-08,-0.025548800000000038
3.9153e-08,-0.021433900000000006
3.9155e-08,-0.017303500000000027
3.9157e-08,-0.013159599999999938
3.9159e-08,-0.009004000000000012
3.9161e-08,-0.004838800000000032
3.9163e-08,-0.0006654999999999855
3.9165e-08,0.0035141000000000755
3.9167e-08,0.00769809999999993
3.9169e-08,0.011885099999999982
3.9171e-08,0.016073400000000015
3.9173e-08,0.02026159999999999
3.9175e-08,0.02444820000000003
3.9177e-08,0.028631900000000043
3.9179e-08,0.03281120000000004
3.9181e-08,0.03698480000000004
3.9183e-08,0.04115150000000001
3.9185e-08,0.045309900000000014
3.9187e-08,0.04945909999999998
3.9189e-08,0.053597899999999976
3.9191e-08,0.057725099999999974
3.9193e-08,0.06183989999999995
3.9195e-08,0.06594100000000003
3.9197e-08,0.07002759999999997
3.91985e-08,0.07308239999999999
3.92e-08,0.07612830000000004
3.92002e-08,0.07653360000000009
3.92006e-08,0.07734390000000002
3.92014e-08,0.07896239999999999
3.9203e-08,0.08219109999999996
3.9205e-08,0.08621080000000003
3.9207e-08,0.09021159999999995
3.9209e-08,0.09419299999999997
3.9211e-08,0.09815410000000002
3.9213e-08,0.10209429999999997
3.9215e-08,0.10601300000000002
3.9217e-08,0.10990939999999993
3.9219e-08,0.11378310000000003
3.9221e-08,0.11763349999999995
3.9223e-08,0.12146000000000001
3.9225e-08,0.12526210000000004
3.9227e-08,0.12903940000000003
3.9229e-08,0.1327914
3.9231e-08,0.13651749999999996
3.9233e-08,0.1402177
3.9235e-08,0.1438912
3.9237e-08,0.1475379
3.9239e-08,0.15115730000000005
3.9241e-08,0.15474909999999997
3.9243e-08,0.15831309999999998
3.9245e-08,0.16184900000000002
3.9247e-08,0.16535650000000002
3.9249e-08,0.16883530000000002
3.9251e-08,0.17228529999999997
3.9253e-08,0.17570629999999998
3.9255e-08,0.17909790000000003
3.9257e-08,0.18246010000000001
3.9259e-08,0.18579279999999998
3.9261e-08,0.18909579999999993
3.9263e-08,0.19236889999999995
3.9265e-08,0.19561209999999996
3.9267e-08,0.19882509999999998
3.9269e-08,0.2020080999999999
3.9271e-08,0.20516089999999998
3.9273e-08,0.20828329999999995
3.9275e-08,0.21137550000000005
3.9277e-08,0.21443730000000005
3.9279e-08,0.21746869999999996
3.9281e-08,0.2204697
3.9283e-08,0.22344039999999998
3.9285e-08,0.2263807
3.9287e-08,0.2292906
3.9289e-08,0.23217010000000005
3.9291e-08,0.2350194
3.9293e-08,0.2378384
3.9295e-08,0.2406271000000001
3.9297e-08,0.24338579999999999
3.9299e-08,0.2461143
3.9301e-08,0.2488129
3.9303e-08,0.25148159999999997
3.9305e-08,0.2541203000000001
3.9307e-08,0.2567294
3.9309e-08,0.25930889999999995
3.9311e-08,0.26185879999999995
3.9313e-08,0.2643793
3.9315e-08,0.26687059999999996
3.9317e-08,0.2693327
3.9319e-08,0.2717657
3.9321e-08,0.2741699000000001
3.9323e-08,0.27654520000000005
3.9325e-08,0.27889200000000003
3.9327e-08,0.28121039999999997
3.9329e-08,0.28350050000000004
3.9331e-08,0.2857623
3.9333e-08,0.2879963
3.9335e-08,0.2902023
3.9337e-08,0.2923808
3.9339e-08,0.29453169999999995
3.9341e-08,0.29665530000000007
3.9343e-08,0.29875190000000007
3.9345e-08,0.30082149999999996
3.9347e-08,0.3028641999999999
3.9349e-08,0.30488039999999994
3.9351e-08,0.3068702
3.9353e-08,0.30883380000000005
3.9355e-08,0.3107713
3.9357e-08,0.31268300000000004
3.9359e-08,0.31456910000000005
3.9361e-08,0.31642970000000004
3.9363e-08,0.318265
3.9365e-08,0.32007530000000006
3.9367e-08,0.32186080000000006
3.9369e-08,0.32362159999999995
3.9371e-08,0.32535800000000004
3.9373e-08,0.32706999999999997
3.9375e-08,0.32875810000000005
3.9377e-08,0.33042230000000006
3.9379e-08,0.33206290000000005
3.9381e-08,0.33368
3.9383e-08,0.3352739
3.9385e-08,0.33684480000000006
3.9387e-08,0.33839279999999994
3.9389e-08,0.33991820000000006
3.9391e-08,0.3414212000000001
3.9393e-08,0.34290199999999993
3.9395e-08,0.3443608
3.9397e-08,0.3457979
3.93985e-08,0.3468614
3.94e-08,0.34792410000000007
3.94002e-08,0.348067
3.94006e-08,0.34835399999999994
3.94014e-08,0.34893379999999996
3.9403e-08,0.35010509999999995
3.9405e-08,0.35156490000000007
3.9407e-08,0.3529863000000001
3.9409e-08,0.35433689999999995
3.9411e-08,0.35558960000000006
3.9413e-08,0.35672170000000003
3.9415e-08,0.357714
3.9417e-08,0.35855079999999995
3.9419e-08,0.3592189
3.9421e-08,0.35970789999999997
3.9423e-08,0.36000889999999997
3.9425e-08,0.3601156
3.9427e-08,0.3600228
3.9429e-08,0.3597266
3.9431e-08,0.359225
3.9433e-08,0.35851640000000007
3.9435e-08,0.3576005000000001
3.9437e-08,0.35647780000000007
3.9439e-08,0.3551493
3.9441e-08,0.3536169
3.9443e-08,0.35188320000000006
3.9445e-08,0.34995069999999995
3.9447e-08,0.34782290000000005
3.9449e-08,0.34550329999999996
3.9451e-08,0.3429959
3.9453e-08,0.3403050000000001
3.9455e-08,0.3374349
3.9457e-08,0.3343904
3.9459e-08,0.331176
3.9461e-08,0.3277968
3.9463e-08,0.32425760000000003
3.9465e-08,0.3205637
3.9467e-08,0.31672009999999995
3.9469e-08,0.312732
3.9471e-08,0.30860430000000005
3.9473e-08,0.3043425999999999
3.9475e-08,0.2999516
3.9477e-08,0.29543680000000005
3.9479e-08,0.2908031
3.9481e-08,0.2860554999999999
3.9483e-08,0.28119910000000004
3.9485e-08,0.2762388
3.9487e-08,0.27117939999999996
3.9489e-08,0.2660258999999999
3.9491e-08,0.26078289999999993
3.9493e-08,0.2554548
3.9495e-08,0.25004649999999995
3.9497e-08,0.24456240000000007
3.9499e-08,0.23900670000000002
3.9501e-08,0.23338379999999992
3.9503e-08,0.2276979
3.9505e-08,0.22195300000000007
3.9507e-08,0.2161533
3.9509e-08,0.21030250000000006
3.9511e-08,0.2044045
3.9513e-08,0.1984631
3.9515e-08,0.1924817000000001
3.9517e-08,0.18646400000000007
3.9519e-08,0.1804135
3.9521e-08,0.17433320000000008
3.9523e-08,0.1682266
3.9525e-08,0.16209679999999993
3.9527e-08,0.15594680000000005
3.9529e-08,0.14977970000000007
3.9531e-08,0.1435982
3.9533e-08,0.1374052
3.9535e-08,0.13120330000000002
3.9537e-08,0.12499519999999997
3.9539e-08,0.11878330000000004
3.9541e-08,0.11257019999999995
3.9543e-08,0.1063582999999999
3.9545e-08,0.1001496999999999
3.9547e-08,0.09394669999999994
3.9549e-08,0.08775129999999998
3.9551e-08,0.08156580000000002
3.9553e-08,0.07539189999999996
3.9555e-08,0.06923180000000007
3.9557e-08,0.06308710000000006
3.9559e-08,0.0569596
3.9561e-08,0.05085110000000004
3.9563e-08,0.0447632
3.9565e-08,0.03869739999999999
3.9567e-08,0.032655300000000054
3.9569e-08,0.026638300000000004
3.9571e-08,0.020647699999999936
3.9573e-08,0.014685000000000059
3.9575e-08,0.008751399999999965
3.9577e-08,0.0028479999999999617
3.9579e-08,-0.0030238999999999683
3.9581e-08,-0.008863300000000018
3.9583e-08,-0.014669000000000043
3.9585e-08,-0.020440100000000072
3.9587e-08,-0.026175700000000024
3.9589e-08,-0.03187469999999992
3.9591e-08,-0.037536400000000025
3.9593e-08,-0.04316000000000009
3.9595e-08,-0.04874449999999997
3.9597e-08,-0.05428940000000004
3.95985e-08,-0.058421600000000073
3.96e-08,-0.0625308
3.96002e-08,-0.06307750000000001
3.96006e-08,-0.0641718
3.96014e-08,-0.06636569999999997
3.9603e-08,-0.07076340000000003
3.9605e-08,-0.07624930000000008
3.9607e-08,-0.08168509999999995
3.9609e-08,-0.08703400000000006
3.9611e-08,-0.0922653
3.9613e-08,-0.09735299999999991
3.9615e-08,-0.10227510000000006
3.9617e-08,-0.10701340000000004
3.9619e-08,-0.11155320000000002
3.9621e-08,-0.11588219999999994
3.9623e-08,-0.11999099999999996
3.9625e-08,-0.12387190000000003
3.9627e-08,-0.12751939999999995
3.9629e-08,-0.13092949999999992
3.9631e-08,-0.13409970000000004
3.9633e-08,-0.1370287
3.9635e-08,-0.1397161
3.9637e-08,-0.14216260000000003
3.9639e-08,-0.14436990000000005
3.9641e-08,-0.14634000000000003
3.9643e-08,-0.14807560000000008
3.9645e-08,-0.14958020000000005
3.9647e-08,-0.15085739999999992
3.9649e-08,-0.15191109999999997
3.9651e-08,-0.15274580000000004
3.9653e-08,-0.1533662
3.9655e-08,-0.15377700000000005
3.9657e-08,-0.15398330000000005
3.9659e-08,-0.15399010000000002
3.9661e-08,-0.1538026
3.9663e-08,-0.15342620000000007
3.9665e-08,-0.15286620000000006
3.9667e-08,-0.15212789999999998
3.9669e-08,-0.15121679999999993
3.9671e-08,-0.150138
3.9673e-08,-0.14889720000000006
3.9675e-08,-0.1474993
3.9677e-08,-0.1459499999999999
3.9679e-08,-0.144254
3.9681e-08,-0.1424168
3.9683e-08,-0.1404434
3.9685e-08,-0.13833870000000004
3.9687e-08,-0.1361076
3.9689e-08,-0.13375500000000007
3.9691e-08,-0.13128570000000006
3.9693e-08,-0.1287043
3.9695e-08,-0.12601530000000005
3.9697e-08,-0.12322330000000004
3.9699e-08,-0.12033250000000006
3.9701e-08,-0.11734730000000004
3.9703e-08,-0.11427189999999998
3.9705e-08,-0.1111103
3.9707e-08,-0.10786640000000003
3.9709e-08,-0.10454439999999998
3.9711e-08,-0.10114780000000001
3.9713e-08,-0.0976804
3.9715e-08,-0.09414599999999995
3.9717e-08,-0.09054790000000001
3.9719e-08,-0.08688949999999995
3.9721e-08,-0.08317419999999998
3.9723e-08,-0.07940539999999996
3.9725e-08,-0.07558600000000004
3.9727e-08,-0.07171929999999993
3.9729e-08,-0.06780810000000004
3.9731e-08,-0.06385530000000006
3.9733e-08,-0.05986389999999997
3.9735e-08,-0.055836600000000014
3.9737e-08,-0.051775899999999986
3.9739e-08,-0.04768450000000002
3.9741e-08,-0.04356490000000002
3.9743e-08,-0.03941950000000005
3.9745e-08,-0.03525069999999997
3.9747e-08,-0.031060599999999994
3.9749e-08,-0.026851700000000034
3.9751e-08,-0.022626000000000035
3.9753e-08,-0.018385600000000002
3.9755e-08,-0.014132299999999987
3.9757e-08,-0.0098684
3.9759e-08,-0.005595599999999923
3.9761e-08,-0.0013157000000000307
3.9763e-08,0.0029694999999999583
3.9765e-08,0.007258399999999998
3.9767e-08,0.011549200000000037
3.9769e-08,0.015840400000000088
3.9771e-08,0.020130400000000104
3.9773e-08,0.024417799999999934
3.9775e-08,0.028701199999999982
3.9777e-08,0.03297910000000004
3.9779e-08,0.03725040000000002
3.9781e-08,0.04151360000000004
3.9783e-08,0.0457673999999999
3.9785e-08,0.05001089999999997
3.9787e-08,0.05424289999999998
3.9789e-08,0.05846219999999991
3.9791e-08,0.06266760000000005
3.9793e-08,0.06685839999999998
3.9795e-08,0.07103350000000008
3.9797e-08,0.07519199999999993
3.97985e-08,0.07829949999999997
3.98e-08,0.08139669999999999
3.98002e-08,0.08180880000000001
3.98006e-08,0.0826325
3.98014e-08,0.08427779999999996
3.9803e-08,0.08755899999999994
3.9805e-08,0.09164240000000001
3.9807e-08,0.09570509999999999
3.9809e-08,0.09974640000000001
3.9811e-08,0.10376549999999995
3.9813e-08,0.10776200000000002
3.9815e-08,0.11173500000000003
3.9817e-08,0.11568409999999996
3.9819e-08,0.1196084999999999
3.9821e-08,0.12350799999999995
3.9823e-08,0.12738189999999994
3.9825e-08,0.1312297
3.9827e-08,0.13505099999999992
3.9829e-08,0.1388454
3.9831e-08,0.14261230000000003
3.9833e-08,0.14635169999999997
3.9835e-08,0.15006280000000005
3.9837e-08,0.15374560000000004
3.9839e-08,0.15739970000000003
3.9841e-08,0.16102480000000008
3.9843e-08,0.16462050000000006
3.9845e-08,0.16818670000000002
3.9847e-08,0.17172310000000002
3.9849e-08,0.17522950000000004
3.9851e-08,0.17870580000000003
3.9853e-08,0.18215160000000008
3.9855e-08,0.18556680000000003
3.9857e-08,0.18895150000000005
3.9859e-08,0.19230519999999995
3.9861e-08,0.19562809999999997
3.9863e-08,0.19891990000000004
3.9865e-08,0.20218049999999999
3.9867e-08,0.20540999999999998
3.9869e-08,0.20860809999999996
3.9871e-08,0.21177500000000005
3.9873e-08,0.2149105
3.9875e-08,0.21801459999999995
3.9877e-08,0.2210873
3.9879e-08,0.2241286
3.9881e-08,0.22713839999999996
3.9883e-08,0.23011689999999996
3.9885e-08,0.2330641
3.9887e-08,0.23597999999999997
3.9889e-08,0.23886450000000004
3.9891e-08,0.24171790000000004
3.9893e-08,0.24454010000000004
3.9895e-08,0.24733120000000008
3.9897e-08,0.25009139999999996
3.9899e-08,0.2528205
3.9901e-08,0.2555189
3.9903e-08,0.25818660000000004
3.9905e-08,0.26082360000000004
3.9907e-08,0.26343020000000006
3.9909e-08,0.2660064
3.9911e-08,0.26855229999999997
3.9913e-08,0.27106810000000003
3.9915e-08,0.2735538999999999
3.9917e-08,0.27600979999999997
3.9919e-08,0.27843609999999996
3.9921e-08,0.2808328
3.9923e-08,0.28320009999999995
3.9925e-08,0.2855383
3.9927e-08,0.28784719999999997
3.9929e-08,0.2901273
3.9931e-08,0.2923787
3.9933e-08,0.29460149999999996
3.9935e-08,0.2967959
3.9937e-08,0.29896220000000007
3.9939e-08,0.30110039999999993
3.9941e-08,0.3032108
3.9943e-08,0.3052935
3.9945e-08,0.3073488
3.9947e-08,0.30937689999999995
3.9949e-08,0.3113777999999999
3.9951e-08,0.3133519
3.9953e-08,0.3152994
3.9955e-08,0.31722040000000007
3.9957e-08,0.3191151
3.9959e-08,0.32098380000000004
3.9961e-08,0.32282659999999996
3.9963e-08,0.3246439
3.9965e-08,0.32643559999999994
3.9967e-08,0.32820209999999994
3.9969e-08,0.3299436
3.9971e-08,0.3316603
3.9973e-08,0.3333524000000001
3.9975e-08,0.33502009999999993
3.9977e-08,0.3366637
3.9979e-08,0.33828330000000006
3.9981e-08,0.33987920000000005
3.9983e-08,0.3414515
3.9985e-08,0.3430006
3.9987e-08,0.34452650000000007
3.9989e-08,0.34602959999999994
3.9991e-08,0.34750990000000004
3.9993e-08,0.34896779999999994
3.9995e-08,0.3504035
3.9997e-08,0.3518171
3.99985e-08,0.35286300000000004
4e-08,0.35389669999999995
4.00002e-08,0.3540342000000001
4.00006e-08,0.35431060000000003
4.00014e-08,0.3548713
4.0003e-08,0.3560124
4.0005e-08,0.35744810000000005
4.0007e-08,0.3588584
4.0009e-08,0.3602092
4.0011e-08,0.36147149999999995
4.0013e-08,0.3626212
4.0015e-08,0.363638
4.0017e-08,0.3645049
4.0019e-08,0.3652078000000001
4.0021e-08,0.3657355
4.0023e-08,0.36607860000000003
4.0025e-08,0.36622979999999994
4.0027e-08,0.3661835
4.0029e-08,0.3659356
4.0031e-08,0.36548309999999995
4.0033e-08,0.36482419999999993
4.0035e-08,0.3639584
4.0037e-08,0.3628857
4.0039e-08,0.361607
4.0041e-08,0.3601238
4.0043e-08,0.3584385
4.0045e-08,0.3565533999999999
4.0047e-08,0.35447189999999995
4.0049e-08,0.35219730000000005
4.0051e-08,0.3497336
4.0053e-08,0.34708459999999997
4.0055e-08,0.344255
4.0057e-08,0.341249
4.0059e-08,0.3380714
4.0061e-08,0.33472710000000006
4.0063e-08,0.331221
4.0065e-08,0.32755809999999996
4.0067e-08,0.32374349999999996
4.0069e-08,0.31978229999999996
4.0071e-08,0.3156797
4.0073e-08,0.3114407
4.0075e-08,0.30707059999999997
4.0077e-08,0.3025746
4.0079e-08,0.2979575
4.0081e-08,0.2932247
4.0083e-08,0.28838089999999994
4.0085e-08,0.2834312
4.0087e-08,0.27838050000000003
4.0089e-08,0.2732337
4.0091e-08,0.2679954
4.0093e-08,0.26267019999999996
4.0095e-08,0.25726289999999996
4.0097e-08,0.2517779
4.0099e-08,0.24621959999999998
4.0101e-08,0.24059229999999998
4.0103e-08,0.23490029999999995
4.0105e-08,0.2291476
4.0107e-08,0.22333839999999994
4.0109e-08,0.2174765999999999
4.0111e-08,0.21156600000000003
4.0113e-08,0.2056102999999999
4.0115e-08,0.19961339999999994
4.0117e-08,0.19357860000000005
4.0119e-08,0.1875095
4.0121e-08,0.1814095
4.0123e-08,0.17528179999999993
4.0125e-08,0.1691296
4.0127e-08,0.162956
4.0129e-08,0.15676390000000007
4.0131e-08,0.1505565000000001
4.0133e-08,0.14433629999999997
4.0135e-08,0.13810630000000002
4.0137e-08,0.13186900000000001
4.0139e-08,0.12562689999999999
4.0141e-08,0.1193826
4.0143e-08,0.11313860000000009
4.0145e-08,0.10689700000000002
4.0147e-08,0.10066009999999992
4.0149e-08,0.09443020000000002
4.0151e-08,0.08820919999999999
4.0153e-08,0.08199920000000005
4.0155e-08,0.07580220000000004
4.0157e-08,0.0696199999999999
4.0159e-08,0.06345439999999991
4.0161e-08,0.057307
4.0163e-08,0.0511798
4.0165e-08,0.04507400000000006
4.0167e-08,0.03899140000000001
4.0169e-08,0.0329334
4.0171e-08,0.026901500000000023
4.0173e-08,0.020896899999999996
4.0175e-08,0.014920900000000015
4.0177e-08,0.008974900000000008
4.0179e-08,0.0030599000000000043
4.0181e-08,-0.002822800000000014
4.0183e-08,-0.008672200000000019
4.0185e-08,-0.01448729999999998
4.0187e-08,-0.02026719999999993
4.0189e-08,-0.0260108
4.0191e-08,-0.0317172
4.0193e-08,-0.03738560000000002
4.0195e-08,-0.04301529999999998
4.0197e-08,-0.04860549999999997
4.01985e-08,-0.052771800000000035
4.02e-08,-0.056915200000000055
4.02002e-08,-0.05746569999999995
4.02006e-08,-0.05856590000000006
4.02014e-08,-0.06076120000000007
4.0203e-08,-0.06513190000000002
4.0205e-08,-0.07055730000000004
4.0207e-08,-0.07594000000000001
4.0209e-08,-0.08127950000000006
4.0211e-08,-0.08657539999999997
4.0213e-08,-0.09182710000000005
4.0215e-08,-0.09703430000000002
4.0217e-08,-0.10219639999999997
4.0219e-08,-0.1073132
4.0221e-08,-0.11238429999999999
4.0223e-08,-0.1174096
4.0225e-08,-0.12238859999999996
4.0227e-08,-0.12732109999999996
4.0229e-08,-0.13220700000000007
4.0231e-08,-0.137046
4.0233e-08,-0.1418378
4.0235e-08,-0.14658249999999995
4.0237e-08,-0.15127979999999996
4.0239e-08,-0.15592969999999995
4.0241e-08,-0.16053210000000007
4.0243e-08,-0.16508679999999998
4.0245e-08,-0.16959389999999996
4.0247e-08,-0.17405350000000008
4.0249e-08,-0.1784652
4.0251e-08,-0.18282940000000003
4.0253e-08,-0.18714600000000003
4.0255e-08,-0.19141489999999994
4.0257e-08,-0.19563639999999993
4.0259e-08,-0.19981040000000005
4.0261e-08,-0.20393699999999992
4.0263e-08,-0.20801619999999998
4.0265e-08,-0.21204849999999997
4.0267e-08,-0.2160337
4.0269e-08,-0.21997200000000006
4.0271e-08,-0.22386359999999994
4.0273e-08,-0.22770869999999999
4.0275e-08,-0.23150729999999997
4.0277e-08,-0.2352597999999999
4.0279e-08,-0.23896620000000002
4.0281e-08,-0.2426269000000001
4.0283e-08,-0.24624199999999996
4.0285e-08,-0.24981169999999997
4.0287e-08,-0.2533362
4.0289e-08,-0.25681580000000004
4.0291e-08,-0.2602508
4.0293e-08,-0.2636413999999999
4.0295e-08,-0.26698769999999994
4.0297e-08,-0.27029020000000004
4.0299e-08,-0.27354919999999994
4.0301e-08,-0.2767647999999999
4.0303e-08,-0.2799372
4.0305e-08,-0.28306700000000007
4.0307e-08,-0.28615409999999997
4.0309e-08,-0.2891992
4.0311e-08,-0.2922024
4.0313e-08,-0.29516390000000003
4.0315e-08,-0.29808409999999996
4.0317e-08,-0.3009634
4.0319e-08,-0.30380209999999996
4.0321e-08,-0.30660030000000005
4.0323e-08,-0.3093587
4.0325e-08,-0.31207719999999994
4.0327e-08,-0.31475640000000005
4.0329e-08,-0.31739649999999997
4.0331e-08,-0.31999789999999995
4.0333e-08,-0.32256090000000004
4.0335e-08,-0.3250858
4.0337e-08,-0.327573
4.0339e-08,-0.3300229
4.0341e-08,-0.3324355
4.0343e-08,-0.33481150000000004
4.0345e-08,-0.3371512
4.0347e-08,-0.3394547
4.0349e-08,-0.34172250000000004
4.0351e-08,-0.34395489999999995
4.0353e-08,-0.34615229999999997
4.0355e-08,-0.3483151
4.0357e-08,-0.35044339999999996
4.0359e-08,-0.35253770000000006
4.0361e-08,-0.3545982
4.0363e-08,-0.35662550000000004
4.0365e-08,-0.3586197
4.0367e-08,-0.3605811
4.0369e-08,-0.36251029999999995
4.0371e-08,-0.36440740000000005
4.0373e-08,-0.3662729
4.0375e-08,-0.3681069
4.0377e-08,-0.3699100999999999
4.0379e-08,-0.3716824000000001
4.0381e-08,-0.3734244
4.0383e-08,-0.37513640000000004
4.0385e-08,-0.3768186
4.0387e-08,-0.37847149999999996
4.0389e-08,-0.3800954000000001
4.0391e-08,-0.3816904
4.0393e-08,-0.38325699999999996
4.0395e-08,-0.3847957000000001
4.0397e-08,-0.38630639999999994
4.03985e-08,-0.3874214
4.04e-08,-0.38852110000000006
4.04002e-08,-0.3886672
4.04006e-08,-0.38896050000000004
4.04014e-08,-0.38955439999999997
4.0403e-08,-0.39075950000000004
4.0405e-08,-0.39227080000000003
4.0407e-08,-0.3937526
4.0409e-08,-0.39517099999999994
4.0411e-08,-0.3964978
4.0413e-08,-0.3977094
4.0415e-08,-0.3987858000000001
4.0417e-08,-0.3997105000000001
4.0419e-08,-0.4004698
4.0421e-08,-0.4010526000000001
4.0423e-08,-0.4014497
4.0425e-08,-0.40165379999999995
4.0427e-08,-0.4016596
4.0429e-08,-0.40146269999999995
4.0431e-08,-0.4010602999999999
4.0433e-08,-0.4004506
4.0435e-08,-0.39963270000000006
4.0437e-08,-0.39860679999999993
4.0439e-08,-0.39737350000000005
4.0441e-08,-0.3959344
4.0443e-08,-0.39429119999999995
4.0445e-08,-0.39244670000000004
4.0447e-08,-0.3904036000000001
4.0449e-08,-0.3881654
4.0451e-08,-0.3857357
4.0453e-08,-0.38311850000000003
4.0455e-08,-0.3803177
4.0457e-08,-0.37733800000000006
4.0459e-08,-0.37418380000000007
4.0461e-08,-0.37085979999999996
4.0463e-08,-0.3673708
4.0465e-08,-0.36372190000000004
4.0467e-08,-0.35991779999999995
4.0469e-08,-0.35596359999999994
4.0471e-08,-0.3518644000000001
4.0473e-08,-0.3476254
4.0475e-08,-0.34325150000000004
4.0477e-08,-0.3387477000000001
4.0479e-08,-0.3341193
4.0481e-08,-0.3293712
4.0483e-08,-0.3245083000000001
4.0485e-08,-0.3195357
4.0487e-08,-0.31445809999999996
4.0489e-08,-0.30928030000000006
4.0491e-08,-0.3040073000000001
4.0493e-08,-0.29864349999999995
4.0495e-08,-0.2931935
4.0497e-08,-0.28766210000000003
4.0499e-08,-0.2820534
4.0501e-08,-0.2763719
4.0503e-08,-0.27062189999999997
4.0505e-08,-0.2648074
4.0507e-08,-0.2589328000000001
4.0509e-08,-0.25300179999999994
4.0511e-08,-0.24701840000000008
4.0513e-08,-0.24098640000000005
4.0515e-08,-0.2349095
4.0517e-08,-0.22879139999999998
4.0519e-08,-0.2226355
4.0521e-08,-0.21644529999999995
4.0523e-08,-0.21022419999999997
4.0525e-08,-0.20397540000000003
4.0527e-08,-0.19770189999999999
4.0529e-08,-0.19140709999999994
4.0531e-08,-0.18509370000000003
4.0533e-08,-0.1787647
4.0535e-08,-0.17242290000000005
4.0537e-08,-0.16607099999999997
4.0539e-08,-0.1597117
4.0541e-08,-0.15334749999999997
4.0543e-08,-0.14698089999999997
4.0545e-08,-0.14061420000000002
4.0547e-08,-0.13424990000000003
4.0549e-08,-0.12788999999999995
4.0551e-08,-0.1215368
4.0553e-08,-0.11519239999999997
4.0555e-08,-0.10885889999999998
4.0557e-08,-0.10253790000000007
4.0559e-08,-0.09623159999999997
4.0561e-08,-0.08994159999999995
4.0563e-08,-0.08366969999999996
4.0565e-08,-0.07741770000000003
4.0567e-08,-0.07118689999999994
4.0569e-08,-0.06497920000000001
4.0571e-08,-0.058795800000000065
4.0573e-08,-0.05263819999999997
4.0575e-08,-0.04650779999999999
4.0577e-08,-0.040405899999999995
4.0579e-08,-0.03433370000000002
4.0581e-08,-0.028292399999999995
4.0583e-08,-0.02228320000000006
4.0585e-08,-0.01630710000000002
4.0587e-08,-0.010365199999999963
4.0589e-08,-0.0044583999999999735
4.0591e-08,0.0014121000000000272
4.0593e-08,0.00724580000000008
4.0595e-08,0.01304150000000004
4.0597e-08,0.01879850000000005
4.05985e-08,0.023090500000000014
4.06e-08,0.02735999999999994
4.06002e-08,0.027928000000000064
4.06006e-08,0.029065200000000013
4.06014e-08,0.03134479999999995
4.0603e-08,0.035914299999999955
4.0605e-08,0.041615599999999975
4.0607e-08,0.047267100000000006
4.0609e-08,0.052831800000000095
4.0611e-08,0.05827890000000002
4.0613e-08,0.06358180000000002
4.0615e-08,0.06871870000000002
4.0617e-08,0.07367109999999999
4.0619e-08,0.0784241
4.0621e-08,0.08296539999999997
4.0623e-08,0.08728539999999996
4.0625e-08,0.09137630000000008
4.0627e-08,0.0952326
4.0629e-08,0.0988502
4.0631e-08,0.1022267
4.0633e-08,0.10536069999999997
4.0635e-08,0.10825200000000001
4.0637e-08,0.11090119999999992
4.0639e-08,0.11330990000000007
4.0641e-08,0.11548020000000003
4.0643e-08,0.11741500000000005
4.0645e-08,0.11911780000000005
4.0647e-08,0.12059200000000003
4.0649e-08,0.12184190000000006
4.0651e-08,0.12287190000000003
4.0653e-08,0.12368670000000004
4.0655e-08,0.12429119999999994
4.0657e-08,0.12469029999999992
4.0659e-08,0.12488920000000003
4.0661e-08,0.12489319999999993
4.0663e-08,0.12470769999999998
4.0665e-08,0.12433800000000006
4.0667e-08,0.12378940000000005
4.0669e-08,0.12306740000000005
4.0671e-08,0.12217750000000005
4.0673e-08,0.12112489999999998
4.0675e-08,0.119915
4.0677e-08,0.11855309999999997
4.0679e-08,0.11704429999999999
4.0681e-08,0.11539369999999993
4.0683e-08,0.11360669999999995
4.0685e-08,0.11168809999999996
4.0687e-08,0.10964279999999993
4.0689e-08,0.1074756
4.0691e-08,0.10519139999999993
4.0693e-08,0.10279490000000002
4.0695e-08,0.1002904
4.0697e-08,0.0976825
4.0699e-08,0.0949757
4.0701e-08,0.0921742000000001
4.0703e-08,0.08928199999999997
4.0705e-08,0.08630339999999992
4.0707e-08,0.08324229999999999
4.0709e-08,0.08010260000000002
4.0711e-08,0.07688810000000001
4.0713e-08,0.07360260000000007
4.0715e-08,0.07024940000000002
4.0717e-08,0.06683229999999996
4.0719e-08,0.06335460000000004
4.0721e-08,0.05981969999999992
4.0723e-08,0.05623069999999997
4.0725e-08,0.05259079999999994
4.0727e-08,0.04890310000000009
4.0729e-08,0.04517059999999995
4.0731e-08,0.04139599999999999
4.0733e-08,0.03758229999999996
4.0735e-08,0.03373219999999999
4.0737e-08,0.02984830000000005
4.0739e-08,0.0259332000000001
4.0741e-08,0.021989400000000048
4.0743e-08,0.018019200000000013
4.0745e-08,0.014025100000000013
4.0747e-08,0.010009299999999999
4.0749e-08,0.005973800000000029
4.0751e-08,0.001921100000000009
4.0753e-08,-0.0021470999999999574
4.0755e-08,-0.00622849999999997
4.0757e-08,-0.010321299999999978
4.0759e-08,-0.014423699999999928
4.0761e-08,-0.018533800000000045
4.0763e-08,-0.022649999999999948
4.0765e-08,-0.026770299999999914
4.0767e-08,-0.03089339999999996
4.0769e-08,-0.035017499999999924
4.0771e-08,-0.039141299999999934
4.0773e-08,-0.0432631
4.0775e-08,-0.04738169999999997
4.0777e-08,-0.051495499999999916
4.0779e-08,-0.05560350000000003
4.0781e-08,-0.059704200000000096
4.0783e-08,-0.06379639999999998
4.0785e-08,-0.06787900000000002
4.0787e-08,-0.07195079999999998
4.0789e-08,-0.07601079999999993
4.0791e-08,-0.08005779999999996
4.0793e-08,-0.08409100000000003
4.0795e-08,-0.0881094
4.0797e-08,-0.09211199999999997
4.07985e-08,-0.0951031
4.08e-08,-0.09808439999999996
4.08002e-08,-0.09848109999999999
4.08006e-08,-0.09927410000000003
4.08014e-08,-0.10085790000000006
4.0803e-08,-0.10401650000000007
4.0805e-08,-0.10794749999999997
4.0807e-08,-0.11185870000000009
4.0809e-08,-0.11574949999999995
4.0811e-08,-0.11961899999999992
4.0813e-08,-0.12346660000000009
4.0815e-08,-0.12729180000000007
4.0817e-08,-0.1310939000000001
4.0819e-08,-0.1348724
4.0821e-08,-0.13862680000000005
4.0823e-08,-0.1423565
4.0825e-08,-0.14606110000000005
4.0827e-08,-0.14974010000000004
4.0829e-08,-0.1533932
4.0831e-08,-0.1570199
4.0833e-08,-0.16061979999999998
4.0835e-08,-0.16419260000000002
4.0837e-08,-0.1677379
4.0839e-08,-0.1712555
4.0841e-08,-0.17474489999999998
4.0843e-08,-0.17820609999999992
4.0845e-08,-0.18163859999999998
4.0847e-08,-0.1850423
4.0849e-08,-0.1884171
4.0851e-08,-0.1917626
4.0853e-08,-0.1950786
4.0855e-08,-0.198365
4.0857e-08,-0.20162179999999996
4.0859e-08,-0.2048487
4.0861e-08,-0.20804560000000005
4.0863e-08,-0.21121239999999997
4.0865e-08,-0.21434909999999996
4.0867e-08,-0.21745550000000002
4.0869e-08,-0.2205315
4.0871e-08,-0.22357720000000003
4.0873e-08,-0.22659259999999992
4.0875e-08,-0.22957739999999993
4.0877e-08,-0.2325319
4.0879e-08,-0.23545590000000005
4.0881e-08,-0.2383493000000001
4.0883e-08,-0.2412124
4.0885e-08,-0.24404510000000001
4.0887e-08,-0.24684739999999994
4.0889e-08,-0.2496193
4.0891e-08,-0.25236100000000006
4.0893e-08,-0.25507250000000004
4.0895e-08,-0.2577537000000001
4.0897e-08,-0.260405
4.0899e-08,-0.2630262
4.0901e-08,-0.26561749999999995
4.0903e-08,-0.26817899999999995
4.0905e-08,-0.27071080000000003
4.0907e-08,-0.2732129
4.0909e-08,-0.2756856000000001
4.0911e-08,-0.27812900000000007
4.0913e-08,-0.2805432
4.0915e-08,-0.2829281
4.0917e-08,-0.2852842
4.0919e-08,-0.2876113
4.0921e-08,-0.28990989999999994
4.0923e-08,-0.29218
4.0925e-08,-0.29442160000000006
4.0927e-08,-0.296635
4.0929e-08,-0.2988204
4.0931e-08,-0.3009778999999999
4.0933e-08,-0.3031077
4.0935e-08,-0.30521
4.0937e-08,-0.3072848
4.0939e-08,-0.3093325
4.0941e-08,-0.3113532
4.0943e-08,-0.3133471
4.0945e-08,-0.31531429999999994
4.0947e-08,-0.31725499999999995
4.0949e-08,-0.31916959999999994
4.0951e-08,-0.32105800000000007
4.0953e-08,-0.3229206
4.0955e-08,-0.32475750000000003
4.0957e-08,-0.326569
4.0959e-08,-0.3283551
4.0961e-08,-0.3301161
4.0963e-08,-0.33185240000000005
4.0965e-08,-0.3335639
4.0967e-08,-0.3352509
4.0969e-08,-0.33691379999999993
4.0971e-08,-0.3385524
4.0973e-08,-0.34016730000000006
4.0975e-08,-0.3417586
4.0977e-08,-0.3433263999999999
4.0979e-08,-0.3448709
4.0981e-08,-0.34639240000000004
4.0983e-08,-0.34789119999999996
4.0985e-08,-0.34936730000000005
4.0987e-08,-0.35082099999999994
4.0989e-08,-0.3522526
4.0991e-08,-0.3536621000000001
4.0993e-08,-0.35504979999999997
4.0995e-08,-0.3564161
4.0997e-08,-0.357761
4.09985e-08,-0.3587556999999999
4.1e-08,-0.3597386
4.10002e-08,-0.35986949999999995
4.10006e-08,-0.3601324
4.10014e-08,-0.3606661
4.1003e-08,-0.36175389999999996
4.1005e-08,-0.36312350000000004
4.1007e-08,-0.36446860000000003
4.1009e-08,-0.3657547
4.1011e-08,-0.3669534000000001
4.1013e-08,-0.36804020000000004
4.1015e-08,-0.3689951
4.1017e-08,-0.3698009
4.1019e-08,-0.3704438000000001
4.1021e-08,-0.3709123000000001
4.1023e-08,-0.37119709999999995
4.1025e-08,-0.3712909000000001
4.1027e-08,-0.3711881
4.1029e-08,-0.37088449999999995
4.1031e-08,-0.3703771
4.1033e-08,-0.3696644
4.1035e-08,-0.3687454
4.1037e-08,-0.36762019999999995
4.1039e-08,-0.3662898
4.1041e-08,-0.3647557
4.1043e-08,-0.36302
4.1045e-08,-0.36108530000000005
4.1047e-08,-0.35895469999999996
4.1049e-08,-0.35663160000000005
4.1051e-08,-0.35412
4.1053e-08,-0.35142360000000006
4.1055e-08,-0.34854699999999994
4.1057e-08,-0.34549470000000004
4.1059e-08,-0.3422712
4.1061e-08,-0.3388814
4.1063e-08,-0.3353302
4.1065e-08,-0.3316226
4.1067e-08,-0.3277637
4.1069e-08,-0.3237586
4.1071e-08,-0.3196124
4.1073e-08,-0.3153302
4.1075e-08,-0.31091730000000006
4.1077e-08,-0.3063787
4.1079e-08,-0.3017194999999999
4.1081e-08,-0.2969446
4.1083e-08,-0.29205919999999996
4.1085e-08,-0.2870682
4.1087e-08,-0.28197649999999996
4.1089e-08,-0.27678879999999995
4.1091e-08,-0.27151000000000003
4.1093e-08,-0.2661447
4.1095e-08,-0.2606975
4.1097e-08,-0.25517270000000003
4.1099e-08,-0.249575
4.1101e-08,-0.24390849999999997
4.1103e-08,-0.2381776
4.1105e-08,-0.2323864
4.1107e-08,-0.22653880000000004
4.1109e-08,-0.22063889999999997
4.1111e-08,-0.21469040000000006
4.1113e-08,-0.20869720000000003
4.1115e-08,-0.20266289999999998
4.1117e-08,-0.19659120000000008
4.1119e-08,-0.19048529999999997
4.1121e-08,-0.18434869999999992
4.1123e-08,-0.17818480000000003
4.1125e-08,-0.17199660000000005
4.1127e-08,-0.16578720000000002
4.1129e-08,-0.15955979999999992
4.1131e-08,-0.15331709999999998
4.1133e-08,-0.14706210000000008
4.1135e-08,-0.14079740000000007
4.1137e-08,-0.13452570000000008
4.1139e-08,-0.12824950000000002
4.1141e-08,-0.12197150000000001
4.1143e-08,-0.1156938999999999
4.1145e-08,-0.10941900000000004
4.1147e-08,-0.1031493
4.1149e-08,-0.09688649999999999
4.1151e-08,-0.09063319999999997
4.1153e-08,-0.084391
4.1155e-08,-0.07816220000000007
4.1157e-08,-0.07194840000000002
4.1159e-08,-0.06575150000000007
4.1161e-08,-0.059573100000000045
4.1163e-08,-0.05341509999999994
4.1165e-08,-0.04727890000000001
4.1167e-08,-0.04116620000000004
4.1169e-08,-0.035078400000000065
4.1171e-08,-0.029016800000000065
4.1173e-08,-0.022982999999999976
4.1175e-08,-0.01697800000000005
4.1177e-08,-0.01100319999999999
4.1179e-08,-0.005059799999999948
4.1181e-08,0.0008510999999999935
4.1183e-08,0.006728400000000079
4.1185e-08,0.012571200000000005
4.1187e-08,0.01837820000000001
4.1189e-08,0.02414880000000008
4.1191e-08,0.029881999999999964
4.1193e-08,0.03557699999999997
4.1195e-08,0.041232899999999906
4.1197e-08,0.04684900000000003
4.11985e-08,0.05103449999999998
4.12e-08,0.05519699999999994
4.12002e-08,0.05575079999999999
4.12006e-08,0.0568592
4.12014e-08,0.05908150000000001
4.1203e-08,0.06353570000000008
4.1205e-08,0.06909219999999994
4.1207e-08,0.07459819999999995
4.1209e-08,0.08001709999999995
4.1211e-08,0.08531809999999995
4.1213e-08,0.09047500000000008
4.1215e-08,0.09546589999999999
4.1217e-08,0.10027249999999999
4.1219e-08,0.10488019999999998
4.1221e-08,0.1092765
4.1223e-08,0.113452
4.1225e-08,0.11739920000000004
4.1227e-08,0.12111230000000006
4.1229e-08,0.12458759999999991
4.1231e-08,0.12782230000000006
4.1233e-08,0.1308151999999999
4.1235e-08,0.13356610000000002
4.1237e-08,0.13607559999999996
4.1239e-08,0.13834519999999995
4.1241e-08,0.14037709999999992
4.1243e-08,0.14217409999999997
4.1245e-08,0.14373950000000002
4.1247e-08,0.145077
4.1249e-08,0.14619059999999995
4.1251e-08,0.14708469999999996
4.1253e-08,0.147764
4.1255e-08,0.1482333
4.1257e-08,0.14849750000000006
4.1259e-08,0.14856179999999997
4.1261e-08,0.1484316
4.1263e-08,0.14811200000000002
4.1265e-08,0.14760830000000003
4.1267e-08,0.146926
4.1269e-08,0.14607039999999993
4.1271e-08,0.14504680000000003
4.1273e-08,0.14386069999999995
4.1275e-08,0.14251740000000002
4.1277e-08,0.14102189999999992
4.1279e-08,0.13937980000000005
4.1281e-08,0.1375959
4.1283e-08,0.13567550000000006
4.1285e-08,0.13362340000000006
4.1287e-08,0.13144470000000008
4.1289e-08,0.1291441000000001
4.1291e-08,0.12672650000000008
4.1293e-08,0.12419630000000004
4.1295e-08,0.12155820000000006
4.1297e-08,0.11881679999999994
4.1299e-08,0.11597629999999992
4.1301e-08,0.11304099999999995
4.1303e-08,0.11001510000000003
4.1305e-08,0.10690280000000008
4.1307e-08,0.10370800000000002
4.1309e-08,0.10043440000000003
4.1311e-08,0.09708609999999995
4.1313e-08,0.09366680000000005
4.1315e-08,0.09017989999999998
4.1317e-08,0.08662899999999996
4.1319e-08,0.08301750000000008
4.1321e-08,0.0793488
4.1323e-08,0.07562619999999998
4.1325e-08,0.07185279999999994
4.1327e-08,0.06803150000000002
4.1329e-08,0.06416549999999999
4.1331e-08,0.06025769999999997
4.1333e-08,0.056310799999999994
4.1335e-08,0.05232759999999992
4.1337e-08,0.0483108000000001
4.1339e-08,0.04426300000000005
4.1341e-08,0.04018660000000007
4.1343e-08,0.03608389999999995
4.1345e-08,0.03195749999999997
4.1347e-08,0.027809699999999937
4.1349e-08,0.02364260000000007
4.1351e-08,0.01945819999999998
4.1353e-08,0.015258800000000017
4.1355e-08,0.011046400000000012
4.1357e-08,0.006822800000000018
4.1359e-08,0.0025901000000000396
4.1361e-08,-0.001650200000000046
4.1363e-08,-0.005896100000000071
4.1365e-08,-0.010145900000000041
4.1367e-08,-0.01439809999999997
4.1369e-08,-0.018650900000000026
4.1371e-08,-0.022903099999999954
4.1373e-08,-0.027152900000000035
4.1375e-08,-0.03139890000000001
4.1377e-08,-0.035640000000000005
4.1379e-08,-0.03987470000000004
4.1381e-08,-0.04410159999999996
4.1383e-08,-0.048319699999999965
4.1385e-08,-0.05252760000000001
4.1387e-08,-0.05672440000000001
4.1389e-08,-0.060908799999999985
4.1391e-08,-0.06507989999999997
4.1393e-08,-0.06923659999999998
4.1395e-08,-0.0733779
4.1397e-08,-0.07750299999999999
4.13985e-08,-0.08058540000000003
4.14e-08,-0.08365800000000001
4.14002e-08,-0.08406750000000007
4.14006e-08,-0.08488799999999996
4.14014e-08,-0.08653699999999998
4.1403e-08,-0.08985579999999993
4.1405e-08,-0.09401339999999991
4.1407e-08,-0.09814279999999997
4.1409e-08,-0.10220759999999995
4.1411e-08,-0.1061763
4.1413e-08,-0.11002239999999996
4.1415e-08,-0.1137239000000001
4.1417e-08,-0.11726210000000004
4.1419e-08,-0.12062189999999995
4.1421e-08,-0.12379069999999992
4.1423e-08,-0.12675859999999994
4.1425e-08,-0.12951789999999996
4.1427e-08,-0.13206249999999997
4.1429e-08,-0.13438820000000007
4.1431e-08,-0.13649219999999995
4.1433e-08,-0.13837279999999996
4.1435e-08,-0.14002970000000003
4.1437e-08,-0.14146309999999995
4.1439e-08,-0.14267430000000003
4.1441e-08,-0.14366540000000005
4.1443e-08,-0.14443890000000004
4.1445e-08,-0.1449979
4.1447e-08,-0.1453456999999999
4.1449e-08,-0.14548650000000007
4.1451e-08,-0.14542430000000006
4.1453e-08,-0.14516359999999995
4.1455e-08,-0.14470919999999998
4.1457e-08,-0.14406569999999996
4.1459e-08,-0.14323819999999998
4.1461e-08,-0.14223180000000002
4.1463e-08,-0.1410517
4.1465e-08,-0.13970289999999996
4.1467e-08,-0.1381909
4.1469e-08,-0.1365208
4.1471e-08,-0.13469779999999998
4.1473e-08,-0.13272720000000005
4.1475e-08,-0.1306142
4.1477e-08,-0.12836369999999997
4.1479e-08,-0.12598110000000007
4.1481e-08,-0.1234712
4.1483e-08,-0.12083919999999992
4.1485e-08,-0.1180895999999999
4.1487e-08,-0.11522739999999998
4.1489e-08,-0.11225739999999995
4.1491e-08,-0.1091840999999999
4.1493e-08,-0.10601209999999994
4.1495e-08,-0.10274569999999994
4.1497e-08,-0.09938940000000007
4.1499e-08,-0.09594729999999996
4.1501e-08,-0.0924237
4.1503e-08,-0.08882260000000008
4.1505e-08,-0.085148
4.1507e-08,-0.08140379999999992
4.1509e-08,-0.07759359999999993
4.1511e-08,-0.07372120000000004
4.1513e-08,-0.06979009999999997
4.1515e-08,-0.06580389999999992
4.1517e-08,-0.06176590000000004
4.1519e-08,-0.05767929999999999
4.1521e-08,-0.05354749999999997
4.1523e-08,-0.04937350000000007
4.1525e-08,-0.04516030000000004
4.1527e-08,-0.04091100000000003
4.1529e-08,-0.0366282
4.1531e-08,-0.032314900000000035
4.1533e-08,-0.027973599999999932
4.1535e-08,-0.023607099999999992
4.1537e-08,-0.019217700000000004
4.1539e-08,-0.014808000000000043
4.1541e-08,-0.010380200000000062
4.1543e-08,-0.005936900000000023
4.1545e-08,-0.0014798999999999785
4.1547e-08,0.0029881999999999964
4.1549e-08,0.0074657000000000195
4.1551e-08,0.011950400000000028
4.1553e-08,0.01644049999999997
4.1555e-08,0.020934000000000008
4.1557e-08,0.02542920000000004
4.1559e-08,0.029924200000000067
4.1561e-08,0.03441749999999999
4.1563e-08,0.03890729999999998
4.1565e-08,0.04339219999999999
4.1567e-08,0.04787069999999993
4.1569e-08,0.05234110000000003
4.1571e-08,0.05680230000000008
4.1573e-08,0.06125270000000005
4.1575e-08,0.06569130000000001
4.1577e-08,0.07011659999999997
4.1579e-08,0.07452749999999997
4.1581e-08,0.07892290000000002
4.1583e-08,0.08330159999999998
4.1585e-08,0.08766260000000003
4.1587e-08,0.092005
4.1589e-08,0.09632760000000007
4.1591e-08,0.10062959999999999
4.1593e-08,0.10491020000000006
4.1595e-08,0.1091685
4.1597e-08,0.1134035000000001
4.15985e-08,0.11656429999999995
4.16e-08,0.11971120000000002
4.16002e-08,0.12013030000000002
4.16006e-08,0.1209697999999999
4.16014e-08,0.12265619999999999
4.1603e-08,0.12604680000000001
4.1605e-08,0.13028850000000003
4.1607e-08,0.13449640000000007
4.1609e-08,0.1386339000000001
4.1611e-08,0.14267050000000003
4.1613e-08,0.14657980000000004
4.1615e-08,0.15033999999999992
4.1617e-08,0.15393290000000004
4.1619e-08,0.15734350000000008
4.1621e-08,0.16055960000000002
4.1623e-08,0.16357130000000009
4.1625e-08,0.1663709
4.1627e-08,0.1689527999999999
4.1629e-08,0.17131260000000004
4.1631e-08,0.17344769999999998
4.1633e-08,0.17535659999999997
4.1635e-08,0.1770385
4.1637e-08,0.1784941
4.1639e-08,0.1797246
4.1641e-08,0.180732
4.1643e-08,0.18151869999999992
4.1645e-08,0.18208790000000008
4.1647e-08,0.1824429999999999
4.1649e-08,0.18258790000000003
4.1651e-08,0.1825268
4.1653e-08,0.18226399999999998
4.1655e-08,0.18180430000000003
4.1657e-08,0.1811524
4.1659e-08,0.18031319999999995
4.1661e-08,0.179292
4.1663e-08,0.1780936999999999
4.1665e-08,0.17672349999999992
4.1667e-08,0.17518659999999997
4.1669e-08,0.1734884
4.1671e-08,0.17163399999999995
4.1673e-08,0.16962860000000002
4.1675e-08,0.16747749999999995
4.1677e-08,0.16518560000000004
4.1679e-08,0.16275819999999996
4.1681e-08,0.16020020000000001
4.1683e-08,0.15751669999999995
4.1685e-08,0.15471250000000003
4.1687e-08,0.1517925
4.1689e-08,0.14876120000000004
4.1691e-08,0.14562350000000002
4.1693e-08,0.14238380000000006
4.1695e-08,0.13904669999999997
4.1697e-08,0.13561650000000003
4.1699e-08,0.13209749999999998
4.1701e-08,0.12849389999999994
4.1703e-08,0.12480969999999991
4.1705e-08,0.12104919999999997
4.1707e-08,0.11721599999999999
4.1709e-08,0.11331400000000003
4.1711e-08,0.10934690000000002
4.1713e-08,0.10531829999999998
4.1715e-08,0.10123189999999993
4.1717e-08,0.09709100000000004
4.1719e-08,0.09289899999999995
4.1721e-08,0.08865909999999999
4.1723e-08,0.08437450000000002
4.1725e-08,0.08004829999999996
4.1727e-08,0.07568339999999996
4.1729e-08,0.07128279999999998
4.1731e-08,0.06684919999999994
4.1733e-08,0.06238560000000004
4.1735e-08,0.05789440000000001
4.1737e-08,0.05337819999999993
4.1739e-08,0.04883959999999998
4.1741e-08,0.044280999999999904
4.1743e-08,0.039704699999999926
4.1745e-08,0.03511300000000006
4.1747e-08,0.030508199999999985
4.1749e-08,0.025892200000000032
4.1751e-08,0.02126729999999999
4.1753e-08,0.016635399999999967
4.1755e-08,0.011998299999999906
4.1757e-08,0.007357999999999976
4.1759e-08,0.002716300000000005
4.1761e-08,-0.001925100000000013
4.1763e-08,-0.006564500000000084
4.1765e-08,-0.011200300000000052
4.1767e-08,-0.01583100000000004
4.1769e-08,-0.020454900000000054
4.1771e-08,-0.02507080000000006
4.1773e-08,-0.02967719999999996
4.1775e-08,-0.034272700000000045
4.1777e-08,-0.03885609999999995
4.1779e-08,-0.04342610000000002
4.1781e-08,-0.04798159999999996
4.1783e-08,-0.05252129999999999
4.1785e-08,-0.05704419999999999
4.1787e-08,-0.06154920000000008
4.1789e-08,-0.06603539999999997
4.1791e-08,-0.07050160000000005
4.1793e-08,-0.07494710000000004
4.1795e-08,-0.07937090000000002
4.1797e-08,-0.08377219999999996
4.17985e-08,-0.08705789999999991
4.18e-08,-0.09033010000000008
4.18002e-08,-0.09076530000000005
4.18006e-08,-0.09163510000000008
4.18014e-08,-0.09337170000000006
4.1803e-08,-0.0968329
4.1805e-08,-0.10113629999999996
4.1807e-08,-0.10541360000000011
4.1809e-08,-0.10966389999999993
4.1811e-08,-0.11388690000000001
4.1813e-08,-0.11808180000000001
4.1815e-08,-0.12224809999999997
4.1817e-08,-0.12638530000000003
4.1819e-08,-0.13049299999999997
4.1821e-08,-0.13457050000000004
4.1823e-08,-0.13861769999999995
4.1825e-08,-0.14263400000000004
4.1827e-08,-0.14661899999999994
4.1829e-08,-0.15057240000000005
4.1831e-08,-0.15449400000000002
4.1833e-08,-0.15838319999999995
4.1835e-08,-0.1622399
4.1837e-08,-0.1660638000000001
4.1839e-08,-0.16985460000000008
4.1841e-08,-0.1736122
4.1843e-08,-0.1773363
4.1845e-08,-0.18102669999999998
4.1847e-08,-0.18468339999999994
4.1849e-08,-0.18830599999999997
4.1851e-08,-0.19189460000000003
4.1853e-08,-0.19544890000000004
4.1855e-08,-0.1989689
4.1857e-08,-0.20245440000000003
4.1859e-08,-0.20590560000000002
4.1861e-08,-0.20932210000000007
4.1863e-08,-0.2127042
4.1865e-08,-0.2160516
4.1867e-08,-0.21936429999999996
4.1869e-08,-0.22264249999999997
4.1871e-08,-0.22588600000000003
4.1873e-08,-0.22909500000000005
4.1875e-08,-0.23226940000000007
4.1877e-08,-0.2354092000000001
4.1879e-08,-0.23851460000000002
4.1881e-08,-0.24158560000000007
4.1883e-08,-0.24462229999999996
4.1885e-08,-0.24762469999999992
4.1887e-08,-0.2505929
4.1889e-08,-0.2535271
4.1891e-08,-0.2564273
4.1893e-08,-0.25929369999999996
4.1895e-08,-0.26212630000000003
4.1897e-08,-0.2649254
4.1899e-08,-0.267691
4.1901e-08,-0.27042330000000003
4.1903e-08,-0.27312250000000005
4.1905e-08,-0.2757885
4.1907e-08,-0.2784219
4.1909e-08,-0.2810224
4.1911e-08,-0.28359049999999997
4.1913e-08,-0.2861262
4.1915e-08,-0.2886297
4.1917e-08,-0.2911012999999999
4.1919e-08,-0.2935411
4.1921e-08,-0.2959493000000001
4.1923e-08,-0.29832610000000004
4.1925e-08,-0.3006717
4.1927e-08,-0.3029862000000001
4.1929e-08,-0.3052701
4.1931e-08,-0.3075234
4.1933e-08,-0.30974619999999997
4.1935e-08,-0.3119389
4.1937e-08,-0.31410170000000004
4.1939e-08,-0.31623480000000004
4.1941e-08,-0.3183384
4.1943e-08,-0.3204127
4.1945e-08,-0.322458
4.1947e-08,-0.32447439999999994
4.1949e-08,-0.3264623
4.1951e-08,-0.3284218
4.1953e-08,-0.3303534
4.1955e-08,-0.33225689999999997
4.1957e-08,-0.3341328
4.1959e-08,-0.3359812000000001
4.1961e-08,-0.3378025
4.1963e-08,-0.3395969000000001
4.1965e-08,-0.34136450000000007
4.1967e-08,-0.34310570000000007
4.1969e-08,-0.34482060000000003
4.1971e-08,-0.3465094999999999
4.1973e-08,-0.3481729
4.1975e-08,-0.3498105
4.1977e-08,-0.3514229
4.1979e-08,-0.35301039999999995
4.1981e-08,-0.35457289999999997
4.1983e-08,-0.35611100000000007
4.1985e-08,-0.35762479999999996
4.1987e-08,-0.3591145
4.1989e-08,-0.3605804
4.1991e-08,-0.3620226999999999
4.1993e-08,-0.3634415
4.1995e-08,-0.36483730000000003
4.1997e-08,-0.3662101
4.19985e-08,-0.36722489999999997
4.2e-08,-0.3682270999999999
4.20002e-08,-0.3683603
4.20006e-08,-0.3686283
4.20014e-08,-0.3691717
4.2003e-08,-0.37027830000000006
4.2005e-08,-0.37167019999999995
4.2007e-08,-0.3730363
4.2009e-08,-0.37434270000000003
4.2011e-08,-0.37556049999999996
4.2013e-08,-0.37666580000000005
4.2015e-08,-0.3776385
4.2017e-08,-0.3784615
4.2019e-08,-0.3791213
4.2021e-08,-0.379606
4.2023e-08,-0.37990689999999994
4.2025e-08,-0.3800162
4.2027e-08,-0.3799287
4.2029e-08,-0.37964
4.2031e-08,-0.3791473000000001
4.2033e-08,-0.3784487000000001
4.2035e-08,-0.3775436
4.2037e-08,-0.376432
4.2039e-08,-0.3751146000000001
4.2041e-08,-0.37359300000000006
4.2043e-08,-0.37186949999999996
4.2045e-08,-0.36994629999999995
4.2047e-08,-0.36782669999999995
4.2049e-08,-0.36551409999999995
4.2051e-08,-0.36301210000000006
4.2053e-08,-0.36032489999999995
4.2055e-08,-0.3574566
4.2057e-08,-0.35441180000000005
4.2059e-08,-0.3511951
4.2061e-08,-0.3478114000000001
4.2063e-08,-0.3442653
4.2065e-08,-0.34056200000000003
4.2067e-08,-0.3367064999999999
4.2069e-08,-0.33270389999999994
4.2071e-08,-0.3285593
4.2073e-08,-0.32427779999999995
4.2075e-08,-0.3198645
4.2077e-08,-0.31532459999999995
4.2079e-08,-0.310663
4.2081e-08,-0.3058849
4.2083e-08,-0.30099529999999997
4.2085e-08,-0.295999
4.2087e-08,-0.2909010000000001
4.2089e-08,-0.28570609999999996
4.2091e-08,-0.2804190000000001
4.2093e-08,-0.27504439999999997
4.2095e-08,-0.26958689999999996
4.2097e-08,-0.2640509
4.2099e-08,-0.25844100000000003
4.2101e-08,-0.2527614
4.2103e-08,-0.24701629999999997
4.2105e-08,-0.24120989999999998
4.2107e-08,-0.2353463
4.2109e-08,-0.2294294
4.2111e-08,-0.22346320000000008
4.2113e-08,-0.2174511
4.2115e-08,-0.21139720000000006
4.2117e-08,-0.2053049
4.2119e-08,-0.1991775
4.2121e-08,-0.19301880000000005
4.2123e-08,-0.18683169999999993
4.2125e-08,-0.18061969999999994
4.2127e-08,-0.17438569999999998
4.2129e-08,-0.16813279999999997
4.2131e-08,-0.161864
4.2133e-08,-0.155582
4.2135e-08,-0.14928960000000002
4.2137e-08,-0.14298959999999994
4.2139e-08,-0.1366845
4.2141e-08,-0.1303767
4.2143e-08,-0.12406879999999998
4.2145e-08,-0.11776299999999995
4.2147e-08,-0.11146149999999999
4.2149e-08,-0.1051667999999999
4.2151e-08,-0.09888059999999999
4.2153e-08,-0.09260519999999994
4.2155e-08,-0.08634240000000004
4.2157e-08,-0.08009429999999995
4.2159e-08,-0.07386249999999994
4.2161e-08,-0.06764879999999995
4.2163e-08,-0.061455099999999985
4.2165e-08,-0.05528259999999996
4.2167e-08,-0.04913319999999999
4.2169e-08,-0.04300819999999994
4.2171e-08,-0.036909199999999975
4.2173e-08,-0.030837299999999956
4.2175e-08,-0.02479410000000004
4.2177e-08,-0.018780699999999984
4.2179e-08,-0.01279829999999993
4.2181e-08,-0.006848099999999913
4.2183e-08,-0.0009312000000000209
4.2185e-08,0.00495140000000005
4.2187e-08,0.010798599999999992
4.2189e-08,0.016609600000000002
4.2191e-08,0.0223835
4.2193e-08,0.028119399999999906
4.2195e-08,0.03381639999999997
4.2197e-08,0.03947389999999995
4.21985e-08,0.04369059999999991
4.22e-08,0.04788419999999993
4.22002e-08,0.04844219999999999
4.22006e-08,0.04955899999999991
4.22014e-08,0.05179789999999995
4.2203e-08,0.05628579999999994
4.2205e-08,0.061884199999999945
4.2207e-08,0.06743240000000006
4.2209e-08,0.0728934
4.2211e-08,0.07823650000000004
4.2213e-08,0.08343539999999994
4.2215e-08,0.08846809999999994
4.2217e-08,0.09331650000000002
4.2219e-08,0.09796570000000004
4.2221e-08,0.10240349999999998
4.2223e-08,0.10662020000000005
4.2225e-08,0.11060829999999999
4.2227e-08,0.11436210000000002
4.2229e-08,0.11787769999999997
4.2231e-08,0.1211527
4.2233e-08,0.12418550000000006
4.2235e-08,0.12697599999999998
4.2237e-08,0.12952490000000005
4.2239e-08,0.13183370000000005
4.2241e-08,0.13390460000000004
4.2243e-08,0.13574039999999998
4.2245e-08,0.13734429999999997
4.2247e-08,0.1387200999999999
4.2249e-08,0.13987190000000005
4.2251e-08,0.14080399999999993
4.2253e-08,0.14152109999999996
4.2255e-08,0.14202800000000004
4.2257e-08,0.14232980000000006
4.2259e-08,0.1424316
4.2261e-08,0.14233859999999998
4.2263e-08,0.14205620000000008
4.2265e-08,0.14158959999999998
4.2267e-08,0.1409442999999999
4.2269e-08,0.14012570000000002
4.2271e-08,0.139139
4.2273e-08,0.1379897
4.2275e-08,0.136683
4.2277e-08,0.13522440000000002
4.2279e-08,0.13361880000000004
4.2281e-08,0.13187149999999992
4.2283e-08,0.12998759999999998
4.2285e-08,0.12797210000000003
4.2287e-08,0.12582990000000005
4.2289e-08,0.1235657
4.2291e-08,0.12118440000000008
4.2293e-08,0.11869069999999993
4.2295e-08,0.116089
4.2297e-08,0.11338389999999998
4.2299e-08,0.1105796
4.2301e-08,0.10768060000000002
4.2303e-08,0.10469099999999998
4.2305e-08,0.10161490000000006
4.2307e-08,0.09845629999999994
4.2309e-08,0.0952189
4.2311e-08,0.0919066999999999
4.2313e-08,0.08852350000000009
4.2315e-08,0.08507260000000005
4.2317e-08,0.08155770000000007
4.2319e-08,0.0779822
4.2321e-08,0.07434960000000002
4.2323e-08,0.07066280000000003
4.2325e-08,0.06692520000000002
4.2327e-08,0.06313979999999997
4.2329e-08,0.059309500000000015
4.2331e-08,0.05543739999999997
4.2333e-08,0.051526199999999966
4.2335e-08,0.047578600000000026
4.2337e-08,0.04359730000000006
4.2339e-08,0.039584900000000034
4.2341e-08,0.03554370000000007
4.2343e-08,0.03147640000000007
4.2345e-08,0.0273852
4.2347e-08,0.02327250000000003
4.2349e-08,0.019140400000000057
4.2351e-08,0.014991099999999924
4.2353e-08,0.010826499999999961
4.2355e-08,0.006648899999999958
4.2357e-08,0.0024598999999999593
4.2359e-08,-0.0017383000000000814
4.2361e-08,-0.005943999999999949
4.2363e-08,-0.010155599999999931
4.2365e-08,-0.01437109999999997
4.2367e-08,-0.01858930000000003
4.2369e-08,-0.022808099999999998
4.2371e-08,-0.027026299999999948
4.2373e-08,-0.031242300000000056
4.2375e-08,-0.03545480000000001
4.2377e-08,-0.03966239999999999
4.2379e-08,-0.0438636
4.2381e-08,-0.04805729999999997
4.2383e-08,-0.052242300000000075
4.2385e-08,-0.056417300000000004
4.2387e-08,-0.0605812
4.2389e-08,-0.06473289999999998
4.2391e-08,-0.06887150000000009
4.2393e-08,-0.0729957
4.2395e-08,-0.07710479999999997
4.2397e-08,-0.08119770000000004
4.23985e-08,-0.08425630000000006
4.24e-08,-0.08730499999999997
4.24002e-08,-0.08771059999999997
4.24006e-08,-0.08852139999999997
4.24014e-08,-0.09014100000000003
4.2403e-08,-0.09337090000000003
4.2405e-08,-0.0973908
4.2407e-08,-0.10139049999999994
4.2409e-08,-0.1053691000000001
4.2411e-08,-0.10932629999999999
4.2413e-08,-0.1132611
4.2415e-08,-0.11717299999999997
4.2417e-08,-0.12106139999999999
4.2419e-08,-0.12492579999999998
4.2421e-08,-0.12876569999999998
4.2423e-08,-0.13258040000000004
4.2425e-08,-0.1363696000000001
4.2427e-08,-0.14013279999999995
4.2429e-08,-0.14386949999999998
4.2431e-08,-0.14757949999999997
4.2433e-08,-0.15126209999999995
4.2435e-08,-0.15491719999999998
4.2437e-08,-0.15854429999999997
4.2439e-08,-0.16214320000000004
4.2441e-08,-0.16571360000000002
4.2443e-08,-0.1692551
4.2445e-08,-0.17276769999999997
4.2447e-08,-0.17625079999999993
4.2449e-08,-0.17970449999999993
4.2451e-08,-0.18312839999999997
4.2453e-08,-0.18652239999999998
4.2455e-08,-0.18988649999999996
4.2457e-08,-0.19322020000000006
4.2459e-08,-0.19652360000000002
4.2461e-08,-0.19979650000000004
4.2463e-08,-0.2030388999999999
4.2465e-08,-0.20625059999999995
4.2467e-08,-0.2094315
4.2469e-08,-0.21258159999999993
4.2471e-08,-0.21570089999999997
4.2473e-08,-0.21878929999999996
4.2475e-08,-0.22184670000000006
4.2477e-08,-0.2248732
4.2479e-08,-0.22786869999999992
4.2481e-08,-0.23083330000000002
4.2483e-08,-0.2337669
4.2485e-08,-0.2366697000000001
4.2487e-08,-0.23954149999999996
4.2489e-08,-0.24238249999999995
4.2491e-08,-0.2451928
4.2493e-08,-0.2479722000000001
4.2495e-08,-0.25072110000000003
4.2497e-08,-0.2534394000000001
4.2499e-08,-0.2561272
4.2501e-08,-0.25878460000000003
4.2503e-08,-0.26141159999999997
4.2505e-08,-0.2640085000000001
4.2507e-08,-0.26657530000000007
4.2509e-08,-0.2691121000000001
4.2511e-08,-0.2716191
4.2513e-08,-0.2740964
4.2515e-08,-0.2765439999999999
4.2517e-08,-0.2789623
4.2519e-08,-0.2813512
4.2521e-08,-0.28371080000000004
4.2523e-08,-0.2860416
4.2525e-08,-0.2883435
4.2527e-08,-0.29061669999999995
4.2529e-08,-0.29286139999999994
4.2531e-08,-0.29507780000000006
4.2533e-08,-0.2972658
4.2535e-08,-0.29942599999999997
4.2537e-08,-0.30155829999999995
4.2539e-08,-0.3036628
4.2541e-08,-0.30574009999999996
4.2543e-08,-0.30779
4.2545e-08,-0.30981270000000005
4.2547e-08,-0.3118086
4.2549e-08,-0.31377770000000005
4.2551e-08,-0.3157204
4.2553e-08,-0.31763680000000005
4.2555e-08,-0.319527
4.2557e-08,-0.32139130000000005
4.2559e-08,-0.3232298
4.2561e-08,-0.3250429
4.2563e-08,-0.32683070000000003
4.2565e-08,-0.32859320000000003
4.2567e-08,-0.33033100000000004
4.2569e-08,-0.33204409999999995
4.2571e-08,-0.3337325
4.2573e-08,-0.3353969
4.2575e-08,-0.3370371000000001
4.2577e-08,-0.33865330000000005
4.2579e-08,-0.3402461
4.2581e-08,-0.34181529999999993
4.2583e-08,-0.3433613
4.2585e-08,-0.34488430000000003
4.2587e-08,-0.3463845
4.2589e-08,-0.34786210000000006
4.2591e-08,-0.34931730000000005
4.2593e-08,-0.3507504
4.2595e-08,-0.3521615
4.2597e-08,-0.35355079999999994
4.25985e-08,-0.35457859999999997
4.26e-08,-0.3555944999999999
4.26002e-08,-0.35572879999999996
4.26006e-08,-0.3559973999999999
4.26014e-08,-0.3565317
4.2603e-08,-0.3575903
4.2605e-08,-0.3588947
4.2607e-08,-0.36017850000000007
4.2609e-08,-0.3614417
4.2611e-08,-0.36268469999999997
4.2613e-08,-0.3639076
4.2615e-08,-0.36511060000000006
4.2617e-08,-0.366294
4.2619e-08,-0.36745800000000006
4.2621e-08,-0.3686025999999999
4.2623e-08,-0.36972820000000006
4.2625e-08,-0.37083489999999997
4.2627e-08,-0.37192310000000006
4.2629e-08,-0.3729928
4.2631e-08,-0.37404420000000005
4.2633e-08,-0.37507769999999996
4.2635e-08,-0.3760932
4.2637e-08,-0.37709120000000007
4.2639e-08,-0.3780717
4.2641e-08,-0.37903490000000006
4.2643e-08,-0.37998110000000007
4.2645e-08,-0.3809104
4.2647e-08,-0.38182309999999997
4.2649e-08,-0.3827191
4.2651e-08,-0.3835989999999999
4.2653e-08,-0.3844628
4.2655e-08,-0.38531059999999995
4.2657e-08,-0.38614270000000006
4.2659e-08,-0.3869593
4.2661e-08,-0.38776049999999995
4.2663e-08,-0.3885465
4.2665e-08,-0.3893175
4.2667e-08,-0.3900737000000001
4.2669e-08,-0.3908153
4.2671e-08,-0.3915423
4.2673e-08,-0.3922552
4.2675e-08,-0.3929539000000001
4.2677e-08,-0.3936387
4.2679e-08,-0.3943097000000001
4.2681e-08,-0.3949670999999999
4.2683e-08,-0.39561100000000005
4.2685e-08,-0.3962416999999999
4.2687e-08,-0.3968594
4.2689e-08,-0.3974641
4.2691e-08,-0.39805599999999997
4.2693e-08,-0.3986354
4.2695e-08,-0.3992023
4.2697e-08,-0.39975689999999997
4.2699e-08,-0.40029939999999997
4.2701e-08,-0.4008299000000001
4.2703e-08,-0.4013487
4.2705e-08,-0.40185570000000004
4.2707e-08,-0.4023512
4.2709e-08,-0.4028354999999999
4.2711e-08,-0.4033086
4.2713e-08,-0.4037706000000001
4.2715e-08,-0.40422159999999996
4.2717e-08,-0.40466199999999997
4.2719e-08,-0.40509170000000005
4.2721e-08,-0.4055109
4.2723e-08,-0.40591999999999995
4.2725e-08,-0.40631870000000003
4.2727e-08,-0.40670739999999994
4.2729e-08,-0.40708620000000006
4.2731e-08,-0.4074554
4.2733e-08,-0.4078147000000001
4.2735e-08,-0.4081646
4.2737e-08,-0.4085052
4.2739e-08,-0.4088366
4.2741e-08,-0.4091589
4.2743e-08,-0.4094721
4.2745e-08,-0.4097765
4.2747e-08,-0.41007229999999995
4.2749e-08,-0.41035940000000004
4.2751e-08,-0.41063799999999995
4.2753e-08,-0.41090839999999995
4.2755e-08,-0.4111705
4.2757e-08,-0.41142449999999997
4.2759e-08,-0.41167049999999994
4.2761e-08,-0.4119087
4.2763e-08,-0.4121391
4.2765e-08,-0.41236190000000006
4.2767e-08,-0.41257710000000003
4.2769e-08,-0.41278500000000007
4.2771e-08,-0.4129855
4.2773e-08,-0.4131789
4.2775e-08,-0.41336530000000005
4.2777e-08,-0.41354460000000004
4.2779e-08,-0.41371709999999995
4.2781e-08,-0.4138828
4.2783e-08,-0.4140419000000001
4.2785e-08,-0.4141945
4.2787e-08,-0.4143407
4.2789e-08,-0.4144804999999999
4.2791e-08,-0.4146141000000001
4.2793e-08,-0.41474140000000004
4.2795e-08,-0.4148628000000001
4.2797e-08,-0.4149783
4.27985e-08,-0.415061
4.28e-08,-0.4151404999999999
4.28002e-08,-0.41515080000000004
4.28006e-08,-0.4151713
4.28014e-08,-0.4152118
4.2803e-08,-0.41528980000000004
4.2805e-08,-0.41538240000000004
4.2807e-08,-0.4154696
4.2809e-08,-0.41555130000000007
4.2811e-08,-0.4156278
4.2813e-08,-0.4156991
4.2815e-08,-0.41576519999999995
4.2817e-08,-0.4158263
4.2819e-08,-0.4158824
4.2821e-08,-0.4159338
4.2823e-08,-0.4159803000000001
4.2825e-08,-0.41602210000000006
4.2827e-08,-0.4160594000000001
4.2829e-08,-0.416092
4.2831e-08,-0.4161203
4.2833e-08,-0.4161441
4.2835e-08,-0.4161637
4.2837e-08,-0.41617899999999997
4.2839e-08,-0.4161903
4.2841e-08,-0.4161975
4.2843e-08,-0.4162005
4.2845e-08,-0.4161998
4.2847e-08,-0.41619510000000004
4.2849e-08,-0.4161867
4.2851e-08,-0.41617460000000006
4.2853e-08,-0.41615879999999994
4.2855e-08,-0.4161395
4.2857e-08,-0.41611659999999995
4.2859e-08,-0.41609039999999997
4.2861e-08,-0.4160608
4.2863e-08,-0.41602779999999995
4.2865e-08,-0.4159915999999999
4.2867e-08,-0.4159522
4.2869e-08,-0.4159098
4.2871e-08,-0.4158643000000001
4.2873e-08,-0.4158156999999999
4.2875e-08,-0.4157643000000001
4.2877e-08,-0.41571
4.2879e-08,-0.4156529
4.2881e-08,-0.415593
4.2883e-08,-0.4155304000000001
4.2885e-08,-0.4154652
4.2887e-08,-0.4153974
4.2889e-08,-0.41532710000000006
4.2891e-08,-0.4152542
4.2893e-08,-0.41517899999999996
4.2895e-08,-0.4151015
4.2897e-08,-0.41502149999999993
4.2899e-08,-0.41493939999999996
4.2901e-08,-0.414855
4.2903e-08,-0.41476840000000004
4.2905e-08,-0.41467979999999993
4.2907e-08,-0.41458910000000004
4.2909e-08,-0.4144964
4.2911e-08,-0.4144017
4.2913e-08,-0.4143049999999999
4.2915e-08,-0.41420650000000003
4.2917e-08,-0.41410630000000004
4.2919e-08,-0.4140041
4.2921e-08,-0.41390020000000005
4.2923e-08,-0.4137948
4.2925e-08,-0.4136875
4.2927e-08,-0.4135787000000001
4.2929e-08,-0.4134683
4.2931e-08,-0.41335640000000007
4.2933e-08,-0.413243
4.2935e-08,-0.41312819999999995
4.2937e-08,-0.4130119000000001
4.2939e-08,-0.4128942
4.2941e-08,-0.4127752
4.2943e-08,-0.412655
4.2945e-08,-0.41253360000000006
4.2947e-08,-0.41241079999999997
4.2949e-08,-0.4122869
4.2951e-08,-0.4121618
4.2953e-08,-0.41203559999999995
4.2955e-08,-0.41190839999999995
4.2957e-08,-0.4117801
4.2959e-08,-0.41165070000000004
4.2961e-08,-0.41152049999999996
4.2963e-08,-0.4113892
4.2965e-08,-0.411257
4.2967e-08,-0.41112399999999993
4.2969e-08,-0.41099019999999997
4.2971e-08,-0.41085550000000004
4.2973e-08,-0.4107200000000001
4.2975e-08,-0.41058380000000005
4.2977e-08,-0.41044670000000005
4.2979e-08,-0.4103091
4.2981e-08,-0.4101707
4.2983e-08,-0.4100317
4.2985e-08,-0.4098921
4.2987e-08,-0.4097518
4.2989e-08,-0.40961099999999995
4.2991e-08,-0.4094698
4.2993e-08,-0.40932789999999997
4.2995e-08,-0.4091855999999999
4.2997e-08,-0.4090427
4.29985e-08,-0.40893540000000006
4.3e-08,-0.4088276999999999
4.30002e-08,-0.40881410000000007
4.30006e-08,-0.40878859999999995
4.30014e-08,-0.4087478
4.3003e-08,-0.4086963
4.3005e-08,-0.4086601999999999
4.3007e-08,-0.40861970000000003
4.3009e-08,-0.4085405
4.3011e-08,-0.40839369999999997
4.3013e-08,-0.4081549
4.3015e-08,-0.4078037
4.3017e-08,-0.4073228000000001
4.3019e-08,-0.40669789999999995
4.3021e-08,-0.4059174000000001
4.3023e-08,-0.4049716
4.3025e-08,-0.4038528
4.3027e-08,-0.4025552
4.3029e-08,-0.4010739
4.3031e-08,-0.39940620000000004
4.3033e-08,-0.3975495
4.3035e-08,-0.39550300000000005
4.3037e-08,-0.3932666
4.3039e-08,-0.39084050000000004
4.3041e-08,-0.3882262999999999
4.3043e-08,-0.38542579999999993
4.3045e-08,-0.38244120000000004
4.3047e-08,-0.3792755
4.3049e-08,-0.37593200000000004
4.3051e-08,-0.3724141000000001
4.3053e-08,-0.36872590000000005
4.3055e-08,-0.3648713
4.3057e-08,-0.3608549
4.3059e-08,-0.3566811
4.3061e-08,-0.3523546000000001
4.3063e-08,-0.3478802
4.3065e-08,-0.34326290000000004
4.3067e-08,-0.33850749999999996
4.3069e-08,-0.33361910000000006
4.3071e-08,-0.3286028000000001
4.3073e-08,-0.3234635
4.3075e-08,-0.31820649999999995
4.3077e-08,-0.31283649999999996
4.3079e-08,-0.3073589
4.3081e-08,-0.30177849999999995
4.3083e-08,-0.29610020000000004
4.3085e-08,-0.29032899999999995
4.3087e-08,-0.2844696
4.3089e-08,-0.2785269
4.3091e-08,-0.27250549999999996
4.3093e-08,-0.26641000000000004
4.3095e-08,-0.2602449
4.3097e-08,-0.2540146999999999
4.3099e-08,-0.24772379999999994
4.3101e-08,-0.2413763
4.3103e-08,-0.23497639999999997
4.3105e-08,-0.22852830000000002
4.3107e-08,-0.22203589999999995
4.3109e-08,-0.215503
4.3111e-08,-0.2089335
4.3113e-08,-0.20233100000000004
4.3115e-08,-0.19569910000000001
4.3117e-08,-0.18904140000000003
4.3119e-08,-0.182361
4.3121e-08,-0.17566150000000003
4.3123e-08,-0.16894589999999998
4.3125e-08,-0.16221739999999996
4.3127e-08,-0.15547889999999998
4.3129e-08,-0.14873340000000002
4.3131e-08,-0.1419838
4.3133e-08,-0.13523260000000004
4.3135e-08,-0.1284826
4.3137e-08,-0.12173629999999991
4.3139e-08,-0.1149962000000001
4.3141e-08,-0.10826459999999993
4.3143e-08,-0.10154399999999997
4.3145e-08,-0.09483629999999998
4.3147e-08,-0.0881438000000001
4.3149e-08,-0.0814686
4.3151e-08,-0.0748125999999999
4.3153e-08,-0.06817780000000007
4.3155e-08,-0.061565800000000004
4.3157e-08,-0.05497859999999999
4.3159e-08,-0.04841770000000001
4.3161e-08,-0.0418849
4.3163e-08,-0.03538160000000001
4.3165e-08,-0.028909300000000027
4.3167e-08,-0.022469400000000084
4.3169e-08,-0.01606340000000006
4.3171e-08,-0.009692400000000045
4.3173e-08,-0.0033577999999999664
4.3175e-08,0.0029394000000000364
4.3177e-08,0.009197899999999981
4.3179e-08,0.015416800000000008
4.3181e-08,0.021594899999999972
4.3183e-08,0.02773150000000002
4.3185e-08,0.033825500000000064
4.3187e-08,0.03987600000000002
4.3189e-08,0.04588239999999999
4.3191e-08,0.05184370000000005
4.3193e-08,0.0577591999999999
4.3195e-08,0.06362849999999998
4.3197e-08,0.06945069999999998
4.31985e-08,0.07378609999999997
4.32e-08,0.07809449999999996
4.32002e-08,0.07866740000000005
4.32006e-08,0.0798139
4.32014e-08,0.0821115
4.3203e-08,0.08671340000000005
4.3205e-08,0.09244829999999993
4.3207e-08,0.0981265
4.3209e-08,0.10371150000000007
4.3211e-08,0.10917290000000002
4.3213e-08,0.1144847
4.3215e-08,0.11962539999999999
4.3217e-08,0.12457700000000005
4.3219e-08,0.12932500000000002
4.3221e-08,0.1338572
4.3223e-08,0.13816430000000002
4.3225e-08,0.142239
4.3227e-08,0.1460758000000001
4.3229e-08,0.14967070000000005
4.3231e-08,0.15302139999999997
4.3233e-08,0.1561266
4.3235e-08,0.15898619999999997
4.3237e-08,0.16160070000000004
4.3239e-08,0.16397189999999995
4.3241e-08,0.16610179999999997
4.3243e-08,0.1679933
4.3245e-08,0.16964980000000007
4.3247e-08,0.17107479999999997
4.3249e-08,0.1722726
4.3251e-08,0.17324740000000005
4.3253e-08,0.17400379999999993
4.3255e-08,0.17454689999999995
4.3257e-08,0.17488140000000008
4.3259e-08,0.17501250000000002
4.3261e-08,0.17494560000000003
4.3263e-08,0.17468570000000005
4.3265e-08,0.17423840000000002
4.3267e-08,0.173609
4.3269e-08,0.1728027000000001
4.3271e-08,0.17182509999999995
4.3273e-08,0.17068149999999993
4.3275e-08,0.16937709999999995
4.3277e-08,0.16791730000000005
4.3279e-08,0.1663072
4.3281e-08,0.16455200000000003
4.3283e-08,0.1626569
4.3285e-08,0.1606267
4.3287e-08,0.1584664
4.3289e-08,0.15618100000000001
4.3291e-08,0.15377509999999994
4.3293e-08,0.15125349999999993
4.3295e-08,0.1486208
4.3297e-08,0.1458813
4.3299e-08,0.14303960000000004
4.3301e-08,0.14009990000000005
4.3303e-08,0.13706649999999998
4.3305e-08,0.1339435000000001
4.3307e-08,0.1307349
4.3309e-08,0.12744460000000002
4.3311e-08,0.12407659999999998
4.3313e-08,0.12063450000000009
4.3315e-08,0.1171219
4.3317e-08,0.11354249999999999
4.3319e-08,0.10989970000000004
4.3321e-08,0.10619689999999993
4.3323e-08,0.10243729999999995
4.3325e-08,0.0986243
4.3327e-08,0.09476079999999998
4.3329e-08,0.09084999999999999
4.3331e-08,0.08689469999999999
4.3333e-08,0.08289800000000003
4.3335e-08,0.0788624
4.3337e-08,0.07479069999999999
4.3339e-08,0.07068560000000002
4.3341e-08,0.06654959999999999
4.3343e-08,0.06238530000000009
4.3345e-08,0.05819479999999999
4.3347e-08,0.05398069999999999
4.3349e-08,0.049745199999999934
4.3351e-08,0.04549040000000004
4.3353e-08,0.041218599999999994
4.3355e-08,0.036931600000000064
4.3357e-08,0.03263159999999998
4.3359e-08,0.02832049999999997
4.3361e-08,0.02400009999999997
4.3363e-08,0.019672299999999976
4.3365e-08,0.01533859999999998
4.3367e-08,0.011001000000000039
4.3369e-08,0.006661000000000028
4.3371e-08,0.002320099999999936
4.3373e-08,-0.0020200000000000218
4.3375e-08,-0.006357999999999975
4.3377e-08,-0.010692299999999988
4.3379e-08,-0.015021700000000027
4.3381e-08,-0.01934479999999994
4.3383e-08,-0.023660400000000026
4.3385e-08,-0.02796719999999997
4.3387e-08,-0.03226400000000007
4.3389e-08,-0.036549799999999966
4.3391e-08,-0.04082330000000001
4.3393e-08,-0.04508369999999995
4.3395e-08,-0.04932970000000003
4.3397e-08,-0.05356060000000007
4.33985e-08,-0.056723100000000026
4.34e-08,-0.059876199999999935
4.34002e-08,-0.06029590000000007
4.34006e-08,-0.061134699999999986
4.34014e-08,-0.06281020000000004
4.3403e-08,-0.0661526
4.3405e-08,-0.07031359999999998
4.3407e-08,-0.0744551
4.3409e-08,-0.07857639999999999
4.3411e-08,-0.08267670000000005
4.3413e-08,-0.08675520000000003
4.3415e-08,-0.09081149999999993
4.3417e-08,-0.09484480000000006
4.3419e-08,-0.09885460000000001
4.3421e-08,-0.1028403
4.3423e-08,-0.10680140000000005
4.3425e-08,-0.11073720000000009
4.3427e-08,-0.11464739999999995
4.3429e-08,-0.11853150000000001
4.3431e-08,-0.12238899999999997
4.3433e-08,-0.1262196
4.3435e-08,-0.13002289999999994
4.3437e-08,-0.13379839999999998
4.3439e-08,-0.1375459
4.3441e-08,-0.14126499999999997
4.3443e-08,-0.14495539999999996
4.3445e-08,-0.14861689999999994
4.3447e-08,-0.15224910000000003
4.3449e-08,-0.15585190000000004
4.3451e-08,-0.15942489999999998
4.3453e-08,-0.16296809999999995
4.3455e-08,-0.1664812
4.3457e-08,-0.169964
4.3459e-08,-0.17341649999999997
4.3461e-08,-0.1768383
4.3463e-08,-0.18022950000000004
4.3465e-08,-0.18358989999999997
4.3467e-08,-0.1869193
4.3469e-08,-0.1902178
4.3471e-08,-0.1934851999999999
4.3473e-08,-0.19672159999999994
4.3475e-08,-0.1999267
4.3477e-08,-0.20310070000000002
4.3479e-08,-0.20624339999999997
4.3481e-08,-0.20935499999999996
4.3483e-08,-0.2124353
4.3485e-08,-0.21548440000000002
4.3487e-08,-0.21850219999999998
4.3489e-08,-0.2214889
4.3491e-08,-0.2244446
4.3493e-08,-0.22736900000000004
4.3495e-08,-0.23026250000000004
4.3497e-08,-0.23312489999999997
4.3499e-08,-0.2359565
4.3501e-08,-0.23875730000000006
4.3503e-08,-0.24152740000000006
4.3505e-08,-0.24426669999999995
4.3507e-08,-0.24697559999999996
4.3509e-08,-0.24965399999999993
4.3511e-08,-0.252302
4.3513e-08,-0.2549199
4.3515e-08,-0.2575077
4.3517e-08,-0.26006550000000006
4.3519e-08,-0.26259350000000004
4.3521e-08,-0.26509189999999994
4.3523e-08,-0.2675607
4.3525e-08,-0.27
4.3527e-08,-0.27241020000000005
4.3529e-08,-0.2747912
4.3531e-08,-0.2771435
4.3533e-08,-0.27946689999999996
4.3535e-08,-0.2817617
4.3537e-08,-0.2840281
4.3539e-08,-0.2862663000000001
4.3541e-08,-0.28847639999999997
4.3543e-08,-0.2906586000000001
4.3545e-08,-0.29281310000000005
4.3547e-08,-0.2949400999999999
4.3549e-08,-0.29703979999999996
4.3551e-08,-0.2991123
4.3553e-08,-0.30115800000000004
4.3555e-08,-0.3031768
4.3557e-08,-0.3051691000000001
4.3559e-08,-0.30713499999999994
4.3561e-08,-0.3090748
4.3563e-08,-0.31098860000000006
4.3565e-08,-0.3128767
4.3567e-08,-0.3147392000000001
4.3569e-08,-0.3165764
4.3571e-08,-0.3183884
4.3573e-08,-0.32017549999999995
4.3575e-08,-0.3219379
4.3577e-08,-0.3236757
4.3579e-08,-0.32538919999999993
4.3581e-08,-0.32707869999999994
4.3583e-08,-0.32874420000000004
4.3585e-08,-0.33038599999999996
4.3587e-08,-0.3320044
4.3589e-08,-0.33359950000000005
4.3591e-08,-0.3351716
4.3593e-08,-0.33672079999999993
4.3595e-08,-0.3382474
4.3597e-08,-0.3397515
4.35985e-08,-0.34086510000000003
4.36e-08,-0.3419662
4.36002e-08,-0.34211269999999994
4.36006e-08,-0.34240689999999996
4.36014e-08,-0.3430033
4.3603e-08,-0.3442159
4.3605e-08,-0.3457403
4.3607e-08,-0.34723880000000007
4.3609e-08,-0.34867690000000007
4.3611e-08,-0.3500259
4.3613e-08,-0.3512611
4.3615e-08,-0.3523624000000001
4.3617e-08,-0.35331270000000004
4.3619e-08,-0.3540981000000001
4.3621e-08,-0.35470689999999994
4.3623e-08,-0.35512999999999995
4.3625e-08,-0.35536
4.3627e-08,-0.3553913000000001
4.3629e-08,-0.3552198
4.3631e-08,-0.35484269999999996
4.3633e-08,-0.3542584000000001
4.3635e-08,-0.35346600000000006
4.3637e-08,-0.3524657
4.3639e-08,-0.3512584999999999
4.3641e-08,-0.34984609999999994
4.3643e-08,-0.3482307
4.3645e-08,-0.34641489999999997
4.3647e-08,-0.3444018
4.3649e-08,-0.3421951999999999
4.3651e-08,-0.33979880000000007
4.3653e-08,-0.33721670000000004
4.3655e-08,-0.3344533999999999
4.3657e-08,-0.33151339999999996
4.3659e-08,-0.32840140000000007
4.3661e-08,-0.3251223999999999
4.3663e-08,-0.3216812
4.3665e-08,-0.31808309999999995
4.3667e-08,-0.3143330000000001
4.3669e-08,-0.31043600000000005
4.3671e-08,-0.30639740000000004
4.3673e-08,-0.30222250000000006
4.3675e-08,-0.29791619999999996
4.3677e-08,-0.29348379999999996
4.3679e-08,-0.28893040000000003
4.3681e-08,-0.2842612
4.3683e-08,-0.27948090000000003
4.3685e-08,-0.27459469999999997
4.3687e-08,-0.26960740000000005
4.3689e-08,-0.2645238999999999
4.3691e-08,-0.25934880000000005
4.3693e-08,-0.2540871
4.3695e-08,-0.24874299999999994
4.3697e-08,-0.24332120000000002
4.3699e-08,-0.23782609999999993
4.3701e-08,-0.23226210000000003
4.3703e-08,-0.22663330000000004
4.3705e-08,-0.22094380000000002
4.3707e-08,-0.21519770000000005
4.3709e-08,-0.20939890000000005
4.3711e-08,-0.2035513
4.3713e-08,-0.19765870000000008
4.3715e-08,-0.19172469999999997
4.3717e-08,-0.18575279999999994
4.3719e-08,-0.17974650000000003
4.3721e-08,-0.1737091999999999
4.3723e-08,-0.16764409999999996
4.3725e-08,-0.16155450000000005
4.3727e-08,-0.1554434
4.3729e-08,-0.1493137
4.3731e-08,-0.14316850000000003
4.3733e-08,-0.1370104000000001
4.3735e-08,-0.13084240000000003
4.3737e-08,-0.12466690000000002
4.3739e-08,-0.11848650000000005
4.3741e-08,-0.11230380000000006
4.3743e-08,-0.10612109999999997
4.3745e-08,-0.0999407
4.3747e-08,-0.09376490000000004
4.3749e-08,-0.0875958
4.3751e-08,-0.0814355
4.3753e-08,-0.07528590000000002
4.3755e-08,-0.06914910000000007
4.3757e-08,-0.06302679999999994
4.3759e-08,-0.05692090000000005
4.3761e-08,-0.05083320000000002
4.3763e-08,-0.0447651
4.3765e-08,-0.03871839999999993
4.3767e-08,-0.03269460000000002
4.3769e-08,-0.02669520000000003
4.3771e-08,-0.0207214
4.3773e-08,-0.014774900000000035
4.3775e-08,-0.008856599999999992
4.3777e-08,-0.0029679000000000233
4.3779e-08,0.002890000000000059
4.3781e-08,0.008715899999999999
4.3783e-08,0.014508799999999988
4.3785e-08,0.0202677
4.3787e-08,0.025991499999999945
4.3789e-08,0.03167959999999992
4.3791e-08,0.0373308
4.3793e-08,0.04294419999999999
4.3795e-08,0.04851939999999999
4.3797e-08,0.054055399999999976
4.37985e-08,0.058181099999999986
4.38e-08,0.06228420000000001
4.38002e-08,0.06282929999999998
4.38006e-08,0.06391880000000005
4.38014e-08,0.06609279999999995
4.3803e-08,0.07042090000000001
4.3805e-08,0.07579330000000006
4.3807e-08,0.08112350000000002
4.3809e-08,0.08641080000000001
4.3811e-08,0.09165489999999998
4.3813e-08,0.09685510000000008
4.3815e-08,0.10201100000000007
4.3817e-08,0.10712240000000006
4.3819e-08,0.11218869999999992
4.3821e-08,0.11720989999999998
4.3823e-08,0.1221854
4.3825e-08,0.12711509999999993
4.3827e-08,0.13199860000000008
4.3829e-08,0.1368359
4.3831e-08,0.14162660000000005
4.3833e-08,0.14637069999999996
4.3835e-08,0.15106779999999997
4.3837e-08,0.1557179999999999
4.3839e-08,0.16032120000000005
4.3841e-08,0.1648771
4.3843e-08,0.16938589999999998
4.3845e-08,0.17384739999999999
4.3847e-08,0.17826169999999997
4.3849e-08,0.18262849999999997
4.3851e-08,0.1869482
4.3853e-08,0.19122060000000007
4.3855e-08,0.1954458
4.3857e-08,0.19962380000000002
4.3859e-08,0.20375469999999996
4.3861e-08,0.20783870000000004
4.3863e-08,0.2118757
4.3865e-08,0.215866
4.3867e-08,0.21980960000000005
4.3869e-08,0.22370669999999993
4.3871e-08,0.22755749999999997
4.3873e-08,0.23136199999999996
4.3875e-08,0.23512050000000007
4.3877e-08,0.23883320000000008
4.3879e-08,0.24250020000000005
4.3881e-08,0.24612180000000006
4.3883e-08,0.24969819999999998
4.3885e-08,0.2532295
4.3887e-08,0.25671600000000006
4.3889e-08,0.260158
4.3891e-08,0.26355569999999995
4.3893e-08,0.2669093
4.3895e-08,0.27021909999999993
4.3897e-08,0.2734854
4.3899e-08,0.2767083
4.3901e-08,0.2798883000000001
4.3903e-08,0.28302550000000004
4.3905e-08,0.2861203
4.3907e-08,0.289173
4.3909e-08,0.29218369999999994
4.3911e-08,0.295153
4.3913e-08,0.2980809
4.3915e-08,0.300968
4.3917e-08,0.3038143
4.3919e-08,0.30662030000000007
4.3921e-08,0.30938619999999994
4.3923e-08,0.31211259999999996
4.3925e-08,0.3147995
4.3927e-08,0.3174473000000001
4.3929e-08,0.3200564
4.3931e-08,0.322627
4.3933e-08,0.32515949999999993
4.3935e-08,0.32765429999999995
4.3937e-08,0.3301117
4.3939e-08,0.33253199999999994
4.3941e-08,0.33491550000000003
4.3943e-08,0.3372624999999999
4.3945e-08,0.3395734
4.3947e-08,0.3418487
4.3949e-08,0.34408840000000007
4.3951e-08,0.3462930000000001
4.3953e-08,0.3484629
4.3955e-08,0.3505982999999999
4.3957e-08,0.3526998
4.3959e-08,0.3547673
4.3961e-08,0.3568015
4.3963e-08,0.3588026999999999
4.3965e-08,0.36077100000000006
4.3967e-08,0.36270689999999994
4.3969e-08,0.36461069999999995
4.3971e-08,0.36648270000000005
4.3973e-08,0.3683234000000001
4.3975e-08,0.3701329000000001
4.3977e-08,0.37191169999999996
4.3979e-08,0.37366009999999994
4.3981e-08,0.3753782
4.3983e-08,0.3770667
4.3985e-08,0.37872569999999994
4.3987e-08,0.38035549999999996
4.3989e-08,0.38195650000000003
4.3991e-08,0.383529
4.3993e-08,0.3850734
4.3995e-08,0.3865898000000001
4.3997e-08,0.3880787
4.39985e-08,0.38917750000000007
4.4e-08,0.3902611
4.40002e-08,0.39040430000000004
4.40006e-08,0.39069010000000004
4.40014e-08,0.39125869999999996
4.4003e-08,0.3923831000000001
4.4005e-08,0.3937649000000001
4.4007e-08,0.39512079999999994
4.4009e-08,0.3964508
4.4011e-08,0.39775570000000005
4.4013e-08,0.3990353
4.4015e-08,0.4002901
4.4017e-08,0.40152049999999995
4.4019e-08,0.4027267
4.4021e-08,0.4039089
4.4023e-08,0.40506759999999997
4.4025e-08,0.40620290000000003
4.4027e-08,0.4073152
4.4029e-08,0.40840469999999995
4.4031e-08,0.4094717
4.4033e-08,0.41051650000000006
4.4035e-08,0.41153950000000006
4.4037e-08,0.4125407
4.4039e-08,0.4135207000000001
4.4041e-08,0.4144795
4.4043e-08,0.41541760000000005
4.4045e-08,0.4163349999999999
4.4047e-08,0.4172321
4.4049e-08,0.41810919999999996
4.4051e-08,0.4189665
4.4053e-08,0.41980439999999997
4.4055e-08,0.4206229
4.4057e-08,0.4214224
4.4059e-08,0.42220330000000006
4.4061e-08,0.42296559999999994
4.4063e-08,0.4237096
4.4065e-08,0.4244356
4.4067e-08,0.42514380000000007
4.4069e-08,0.42583459999999995
4.4071e-08,0.426508
4.4073e-08,0.42716450000000006
4.4075e-08,0.4278040000000001
4.4077e-08,0.428427
4.4079e-08,0.4290336
4.4081e-08,0.42962409999999995
4.4083e-08,0.43019870000000004
4.4085e-08,0.4307576000000001
4.4087e-08,0.43130100000000005
4.4089e-08,0.4318293000000001
4.4091e-08,0.4323424
4.4093e-08,0.43284069999999997
4.4095e-08,0.4333245
4.4097e-08,0.4337938
4.4099e-08,0.434249
4.4101e-08,0.4346901999999999
4.4103e-08,0.4351176
4.4105e-08,0.43553150000000007
4.4107e-08,0.43593190000000004
4.4109e-08,0.43631929999999997
4.4111e-08,0.4366936
4.4113e-08,0.43705510000000003
4.4115e-08,0.4374041000000001
4.4117e-08,0.43774060000000004
4.4119e-08,0.4380649000000001
4.4121e-08,0.4383772
4.4123e-08,0.4386776
4.4125e-08,0.43896630000000003
4.4127e-08,0.4392437
4.4129e-08,0.43950959999999994
4.4131e-08,0.43976440000000006
4.4133e-08,0.4400083
4.4135e-08,0.44024129999999995
4.4137e-08,0.44046379999999996
4.4139e-08,0.44067579999999995
4.4141e-08,0.4408774999999999
4.4143e-08,0.4410691000000001
4.4145e-08,0.44125059999999994
4.4147e-08,0.44142250000000005
4.4149e-08,0.4415846
4.4151e-08,0.4417373
4.4153e-08,0.4418807
4.4155e-08,0.4420149
4.4157e-08,0.44214
4.4159e-08,0.4422564
4.4161e-08,0.44236390000000003
4.4163e-08,0.4424629
4.4165e-08,0.44255349999999993
4.4167e-08,0.44263569999999997
4.4169e-08,0.4427099
4.4171e-08,0.4427759
4.4173e-08,0.44283419999999996
4.4175e-08,0.4428847
4.4177e-08,0.4429276
4.4179e-08,0.442963
4.4181e-08,0.4429911000000001
4.4183e-08,0.4430119
4.4185e-08,0.4430258
4.4187e-08,0.4430326
4.4189e-08,0.4430326
4.4191e-08,0.4430259999999999
4.4193e-08,0.4430128
4.4195e-08,0.4429930999999999
4.4197e-08,0.44296710000000006
4.41985e-08,0.4429434
4.42e-08,0.4429164
4.42002e-08,0.4429132
4.42006e-08,0.44290850000000004
4.42014e-08,0.44290870000000004
4.4203e-08,0.44293670000000007
4.4205e-08,0.4429953000000001
4.4207e-08,0.44304520000000003
4.4209e-08,0.4430526
4.4211e-08,0.4429892000000001
4.4213e-08,0.4428310999999999
4.4215e-08,0.44255830000000007
4.4217e-08,0.4421539
4.4219e-08,0.44160390000000005
4.4221e-08,0.44089690000000004
4.4223e-08,0.44002340000000006
4.4225e-08,0.43897569999999997
4.4227e-08,0.43774789999999997
4.4229e-08,0.43633559999999993
4.4231e-08,0.4347352
4.4233e-08,0.432945
4.4235e-08,0.4309634
4.4237e-08,0.4287902
4.4239e-08,0.4264257
4.4241e-08,0.42387130000000006
4.4243e-08,0.4211285
4.4245e-08,0.4181994
4.4247e-08,0.4150868000000001
4.4249e-08,0.4117936
4.4251e-08,0.4083236
4.4253e-08,0.4046801
4.4255e-08,0.40086730000000004
4.4257e-08,0.39688919999999994
4.4259e-08,0.3927505
4.4261e-08,0.38845550000000006
4.4263e-08,0.38400900000000004
4.4265e-08,0.3794157
4.4267e-08,0.37468060000000003
4.4269e-08,0.36980840000000004
4.4271e-08,0.36480429999999997
4.4273e-08,0.35967309999999997
4.4275e-08,0.3544199
4.4277e-08,0.34904959999999996
4.4279e-08,0.34356739999999997
4.4281e-08,0.33797810000000006
4.4283e-08,0.3322866
4.4285e-08,0.32649780000000006
4.4287e-08,0.3206165000000001
4.4289e-08,0.3146475000000001
4.4291e-08,0.3085955
4.4293e-08,0.30246509999999993
4.4295e-08,0.29626090000000005
4.4297e-08,0.28998729999999995
4.4299e-08,0.28364860000000003
4.4301e-08,0.2772492999999999
4.4303e-08,0.2707936000000001
4.4305e-08,0.2642854
4.4307e-08,0.25772890000000004
4.4309e-08,0.25112809999999997
4.4311e-08,0.2444866
4.4313e-08,0.23780829999999997
4.4315e-08,0.2310968
4.4317e-08,0.2243558
4.4319e-08,0.21758860000000002
4.4321e-08,0.21079859999999995
4.4323e-08,0.20398899999999998
4.4325e-08,0.19716310000000004
4.4327e-08,0.19032400000000005
4.4329e-08,0.18347449999999998
4.4331e-08,0.1766177
4.4333e-08,0.16975620000000002
4.4335e-08,0.16289299999999995
4.4337e-08,0.15603050000000007
4.4339e-08,0.1491713
4.4341e-08,0.1423179
4.4343e-08,0.1354727
4.4345e-08,0.12863789999999997
4.4347e-08,0.12181569999999997
4.4349e-08,0.11500830000000006
4.4351e-08,0.10821769999999997
4.4353e-08,0.10144600000000004
4.4355e-08,0.09469499999999997
4.4357e-08,0.0879666
4.4359e-08,0.08126239999999996
4.4361e-08,0.07458429999999994
4.4363e-08,0.06793379999999993
4.4365e-08,0.061312400000000045
4.4367e-08,0.05472180000000004
4.4369e-08,0.04816319999999996
4.4371e-08,0.041638000000000064
4.4373e-08,0.035147700000000004
4.4375e-08,0.028693300000000033
4.4377e-08,0.02227610000000002
4.4379e-08,0.015897199999999945
4.4381e-08,0.009557700000000002
4.4383e-08,0.0032586000000000004
4.4385e-08,-0.002999000000000085
4.4387e-08,-0.009214300000000009
4.4389e-08,-0.015386599999999917
4.4391e-08,-0.021514699999999998
4.4393e-08,-0.02759809999999996
4.4395e-08,-0.033636
4.4397e-08,-0.039627599999999985
4.43985e-08,-0.04409060000000009
4.44e-08,-0.0485270000000001
4.44002e-08,-0.049116200000000054
4.44006e-08,-0.0502939
4.44014e-08,-0.0526432
4.4403e-08,-0.057318699999999945
4.4405e-08,-0.06311940000000005
4.4407e-08,-0.06887110000000007
4.4409e-08,-0.07457309999999995
4.4411e-08,-0.08022530000000005
4.4413e-08,-0.08582719999999999
4.4415e-08,-0.09137839999999997
4.4417e-08,-0.09687850000000009
4.4419e-08,-0.10232750000000002
4.4421e-08,-0.10772480000000006
4.4423e-08,-0.11307029999999996
4.4425e-08,-0.11836380000000002
4.4427e-08,-0.12360510000000002
4.4429e-08,-0.12879420000000008
4.4431e-08,-0.13393069999999996
4.4433e-08,-0.1390146000000001
4.4435e-08,-0.144046
4.4437e-08,-0.14902460000000006
4.4439e-08,-0.1539505
4.4441e-08,-0.15882359999999995
4.4443e-08,-0.16364389999999995
4.4445e-08,-0.16841149999999994
4.4447e-08,-0.1731264
4.4449e-08,-0.17778870000000002
4.4451e-08,-0.18239840000000007
4.4453e-08,-0.1869556
4.4455e-08,-0.19146039999999998
4.4457e-08,-0.195913
4.4459e-08,-0.20031359999999998
4.4461e-08,-0.20466220000000002
4.4463e-08,-0.208959
4.4465e-08,-0.21320419999999995
4.4467e-08,-0.2173980000000001
4.4469e-08,-0.22154050000000003
4.4471e-08,-0.22563219999999995
4.4473e-08,-0.22967300000000002
4.4475e-08,-0.2336632999999999
4.4477e-08,-0.23760310000000007
4.4479e-08,-0.2414930999999999
4.4481e-08,-0.24533320000000003
4.4483e-08,-0.24912389999999995
4.4485e-08,-0.25286529999999996
4.4487e-08,-0.25655780000000006
4.4489e-08,-0.26020160000000003
4.4491e-08,-0.26379700000000006
4.4493e-08,-0.2673445
4.4495e-08,-0.2708442
4.4497e-08,-0.2742964
4.4499e-08,-0.27770170000000005
4.4501e-08,-0.28106
4.4503e-08,-0.28437200000000007
4.4505e-08,-0.2876379
4.4507e-08,-0.2908581
4.4509e-08,-0.2940328000000001
4.4511e-08,-0.2971625
4.4513e-08,-0.3002475
4.4515e-08,-0.30328809999999995
4.4517e-08,-0.3062848
4.4519e-08,-0.3092378
4.4521e-08,-0.3121476000000001
4.4523e-08,-0.3150145
4.4525e-08,-0.3178388
4.4527e-08,-0.32062100000000004
4.4529e-08,-0.3233614
4.4531e-08,-0.32606040000000003
4.4533e-08,-0.3287183
4.4535e-08,-0.3313355
4.4537e-08,-0.33391249999999995
4.4539e-08,-0.3364497000000001
4.4541e-08,-0.3389472
4.4543e-08,-0.3414054000000001
4.4545e-08,-0.3438251
4.4547e-08,-0.3462061999999999
4.4549e-08,-0.34854930000000006
4.4551e-08,-0.3508548
4.4553e-08,-0.3531229
4.4555e-08,-0.35535419999999995
4.4557e-08,-0.35754890000000006
4.4559e-08,-0.3597074
4.4561e-08,-0.36183029999999994
4.4563e-08,-0.36391759999999995
4.4565e-08,-0.36596989999999996
4.4567e-08,-0.3679876000000001
4.4569e-08,-0.36997100000000005
4.4571e-08,-0.3719203
4.4573e-08,-0.37383619999999995
4.4575e-08,-0.37571889999999997
4.4577e-08,-0.37756860000000003
4.4579e-08,-0.379386
4.4581e-08,-0.38117119999999993
4.4583e-08,-0.3829247
4.4585e-08,-0.3846467
4.4587e-08,-0.3863377
4.4589e-08,-0.3879980999999999
4.4591e-08,-0.38962810000000003
4.4593e-08,-0.3912281000000001
4.4595e-08,-0.39279830000000004
4.4597e-08,-0.3943394
4.45985e-08,-0.39547620000000006
4.46e-08,-0.3965966999999999
4.46002e-08,-0.39674560000000003
4.46006e-08,-0.3970443
4.46014e-08,-0.3976488
4.4603e-08,-0.3988744999999999
4.4605e-08,-0.4004105
4.4607e-08,-0.4019157
4.4609e-08,-0.40335659999999995
4.4611e-08,-0.40470510000000004
4.4613e-08,-0.4059376
4.4615e-08,-0.4070344
4.4617e-08,-0.40797890000000003
4.4619e-08,-0.40875779999999995
4.4621e-08,-0.40935959999999993
4.4623e-08,-0.4097754
4.4625e-08,-0.40999810000000003
4.4627e-08,-0.41002209999999994
4.4629e-08,-0.4098433
4.4631e-08,-0.4094586
4.4633e-08,-0.40886639999999996
4.4635e-08,-0.40806580000000003
4.4637e-08,-0.40705670000000005
4.4639e-08,-0.4058400000000001
4.4641e-08,-0.40441689999999997
4.4643e-08,-0.40278959999999997
4.4645e-08,-0.40096029999999994
4.4647e-08,-0.39893199999999995
4.4649e-08,-0.39670800000000006
4.4651e-08,-0.394292
4.4653e-08,-0.3916876
4.4655e-08,-0.38889930000000006
4.4657e-08,-0.38593120000000003
4.4659e-08,-0.38278789999999996
4.4661e-08,-0.3794740000000001
4.4663e-08,-0.37599439999999995
4.4665e-08,-0.37235379999999996
4.4667e-08,-0.3685573999999999
4.4669e-08,-0.36460990000000004
4.4671e-08,-0.3605165
4.4673e-08,-0.35628230000000005
4.4675e-08,-0.3519124
4.4677e-08,-0.3474117
4.4679e-08,-0.3427852
4.4681e-08,-0.3380381
4.4683e-08,-0.3331752
4.4685e-08,-0.32820150000000003
4.4687e-08,-0.32312189999999996
4.4689e-08,-0.3179411999999999
4.4691e-08,-0.31266400000000005
4.4693e-08,-0.30729509999999993
4.4695e-08,-0.3018391
4.4697e-08,-0.2963005000000001
4.4699e-08,-0.2906837
4.4701e-08,-0.28499320000000006
4.4703e-08,-0.2792331
4.4705e-08,-0.2734076
4.4707e-08,-0.26752089999999995
4.4709e-08,-0.26157679999999994
4.4711e-08,-0.25557950000000007
4.4713e-08,-0.2495326
4.4715e-08,-0.24343990000000004
4.4717e-08,-0.237305
4.4719e-08,-0.23113150000000005
4.4721e-08,-0.22492270000000003
4.4723e-08,-0.2186823
4.4725e-08,-0.21241319999999997
4.4727e-08,-0.2061187
4.4729e-08,-0.19980189999999998
4.4731e-08,-0.19346590000000008
4.4733e-08,-0.18711339999999999
4.4735e-08,-0.1807474
4.4737e-08,-0.17437049999999998
4.4739e-08,-0.1679855
4.4741e-08,-0.16159489999999999
4.4743e-08,-0.15520120000000004
4.4745e-08,-0.14880670000000007
4.4747e-08,-0.14241399999999993
4.4749e-08,-0.13602500000000006
4.4751e-08,-0.12964209999999998
4.4753e-08,-0.12326740000000003
4.4755e-08,-0.11690290000000003
4.4757e-08,-0.1105505
4.4759e-08,-0.10421219999999998
4.4761e-08,-0.09788969999999997
4.4763e-08,-0.09158480000000002
4.4765e-08,-0.08529909999999996
4.4767e-08,-0.07903440000000006
4.4769e-08,-0.07279210000000003
4.4771e-08,-0.06657380000000002
4.4773e-08,-0.06038089999999996
4.4775e-08,-0.05421469999999995
4.4777e-08,-0.048076600000000025
4.4779e-08,-0.04196789999999995
4.4781e-08,-0.035889700000000024
4.4783e-08,-0.02984319999999996
4.4785e-08,-0.023829499999999948
4.4787e-08,-0.01784969999999997
4.4789e-08,-0.01190469999999999
4.4791e-08,-0.00599559999999999
4.4793e-08,-0.00012319999999998998
4.4795e-08,0.0057114999999999805
4.4797e-08,0.011507900000000015
4.47985e-08,0.015829500000000052
4.48e-08,0.0201287
4.48002e-08,0.020700799999999964
4.48006e-08,0.021845899999999974
4.48014e-08,0.024141500000000038
4.4803e-08,0.028742900000000016
4.4805e-08,0.03448440000000008
4.4807e-08,0.04017599999999999
4.4809e-08,0.04578110000000002
4.4811e-08,0.05126850000000005
4.4813e-08,0.05661179999999999
4.4815e-08,0.06178899999999998
4.4817e-08,0.06678170000000005
4.4819e-08,0.07157479999999994
4.4821e-08,0.076156
4.4823e-08,0.08051580000000003
4.4825e-08,0.08464629999999995
4.4827e-08,0.08854200000000001
4.4829e-08,0.09219900000000003
4.4831e-08,0.09561449999999994
4.4833e-08,0.09878739999999997
4.4835e-08,0.1017172999999999
4.4837e-08,0.10440490000000002
4.4839e-08,0.1068519
4.4841e-08,0.1090605
4.4843e-08,0.11103319999999994
4.4845e-08,0.11277369999999998
4.4847e-08,0.11428559999999999
4.4849e-08,0.11557300000000004
4.4851e-08,0.11664039999999998
4.4853e-08,0.11749240000000005
4.4855e-08,0.11813380000000007
4.4857e-08,0.11857000000000006
4.4859e-08,0.11880580000000007
4.4861e-08,0.11884660000000002
4.4863e-08,0.11869780000000008
4.4865e-08,0.11836469999999999
4.4867e-08,0.11785279999999998
4.4869e-08,0.11716729999999997
4.4871e-08,0.11631389999999997
4.4873e-08,0.1152976
4.4875e-08,0.114124
4.4877e-08,0.11279839999999997
4.4879e-08,0.11132590000000009
4.4881e-08,0.10971170000000008
4.4883e-08,0.10796080000000008
4.4885e-08,0.10607829999999996
4.4887e-08,0.10406920000000008
4.4889e-08,0.10193819999999998
4.4891e-08,0.0996901
4.4893e-08,0.09732960000000002
4.4895e-08,0.09486119999999998
4.4897e-08,0.09228930000000002
4.4899e-08,0.08961850000000005
4.4901e-08,0.08685299999999996
4.4903e-08,0.08399670000000004
4.4905e-08,0.08105410000000002
4.4907e-08,0.07802889999999996
4.4909e-08,0.07492509999999997
4.4911e-08,0.07174639999999999
4.4913e-08,0.06849660000000002
4.4915e-08,0.06517930000000005
4.4917e-08,0.06179790000000007
4.4919e-08,0.058355900000000016
4.4921e-08,0.054856499999999975
4.4923e-08,0.051303100000000046
4.4925e-08,0.04769880000000004
4.4927e-08,0.04404660000000005
4.4929e-08,0.04034950000000004
4.4931e-08,0.03661040000000004
4.4933e-08,0.03283199999999997
4.4935e-08,0.029017200000000076
4.4937e-08,0.025168500000000038
4.4939e-08,0.021288499999999932
4.4941e-08,0.017379800000000056
4.4943e-08,0.01344449999999997
4.4945e-08,0.00948530000000003
4.4947e-08,0.005504199999999959
4.4949e-08,0.001503499999999991
4.4951e-08,-0.002514699999999981
4.4953e-08,-0.006548300000000062
4.4955e-08,-0.010595199999999916
4.4957e-08,-0.014653699999999992
4.4959e-08,-0.01872180000000001
4.4961e-08,-0.02279779999999998
4.4963e-08,-0.02687980000000001
4.4965e-08,-0.030966300000000002
4.4967e-08,-0.035055599999999965
4.4969e-08,-0.03914609999999996
4.4971e-08,-0.04323619999999995
4.4973e-08,-0.0473247
4.4975e-08,-0.05140990000000001
4.4977e-08,-0.05549060000000006
4.4979e-08,-0.05956539999999999
4.4981e-08,-0.06363320000000006
4.4983e-08,-0.06769259999999999
4.4985e-08,-0.07174259999999999
4.4987e-08,-0.07578189999999996
4.4989e-08,-0.07980949999999998
4.4991e-08,-0.08382439999999991
4.4993e-08,-0.08782559999999995
4.4995e-08,-0.09181190000000006
4.4997e-08,-0.09578280000000006
4.49985e-08,-0.09875009999999995
4.5e-08,-0.10170789999999996
4.50002e-08,-0.10210209999999997
4.50006e-08,-0.10289209999999993
4.50014e-08,-0.10448009999999996
4.5003e-08,-0.10767730000000009
4.5005e-08,-0.11168339999999999
4.5007e-08,-0.11566259999999995
4.5009e-08,-0.11957779999999996
4.5011e-08,-0.12339800000000001
4.5013e-08,-0.12709689999999996
4.5015e-08,-0.13065230000000005
4.5017e-08,-0.1340458
4.5019e-08,-0.13726209999999994
4.5021e-08,-0.1402888
4.5023e-08,-0.14311600000000002
4.5025e-08,-0.14573579999999997
4.5027e-08,-0.1481424
4.5029e-08,-0.1503314
4.5031e-08,-0.15230009999999994
4.5033e-08,-0.15404669999999998
4.5035e-08,-0.1555708
4.5037e-08,-0.15687280000000003
4.5039e-08,-0.15795389999999998
4.5041e-08,-0.15881599999999996
4.5043e-08,-0.15946159999999998
4.5045e-08,-0.15989379999999997
4.5047e-08,-0.16011600000000004
4.5049e-08,-0.1601321
4.5051e-08,-0.15994620000000004
4.5053e-08,-0.15956289999999995
4.5055e-08,-0.15898659999999998
4.5057e-08,-0.15822230000000004
4.5059e-08,-0.15727479999999994
4.5061e-08,-0.1561492
4.5063e-08,-0.1548507
4.5065e-08,-0.15338430000000003
4.5067e-08,-0.15175539999999998
4.5069e-08,-0.14996920000000002
4.5071e-08,-0.14803069999999996
4.5073e-08,-0.1459454
4.5075e-08,-0.14371809999999996
4.5077e-08,-0.14135419999999999
4.5079e-08,-0.1388587
4.5081e-08,-0.13623660000000004
4.5083e-08,-0.13349289999999991
4.5085e-08,-0.13063239999999998
4.5087e-08,-0.12765970000000004
4.5089e-08,-0.12457980000000002
4.5091e-08,-0.12139710000000004
4.5093e-08,-0.11811629999999995
4.5095e-08,-0.11474169999999995
4.5097e-08,-0.11127770000000003
4.5099e-08,-0.1077285
4.5101e-08,-0.10409839999999992
4.5103e-08,-0.10039130000000007
4.5105e-08,-0.09661120000000001
4.5107e-08,-0.09276200000000001
4.5109e-08,-0.08884740000000002
4.5111e-08,-0.08487109999999998
4.5113e-08,-0.08083669999999998
4.5115e-08,-0.07674770000000009
4.5117e-08,-0.07260729999999993
4.5119e-08,-0.06841910000000007
4.5121e-08,-0.06418610000000002
4.5123e-08,-0.05991140000000006
4.5125e-08,-0.05559820000000004
4.5127e-08,-0.05124930000000005
4.5129e-08,-0.04686760000000001
4.5131e-08,-0.042455800000000044
4.5133e-08,-0.038016700000000014
4.5135e-08,-0.03355280000000005
4.5137e-08,-0.0290667
4.5139e-08,-0.02456080000000005
4.5141e-08,-0.02003759999999999
4.5143e-08,-0.015499199999999935
4.5145e-08,-0.010947800000000063
4.5147e-08,-0.00638570000000005
4.5149e-08,-0.001815000000000011
4.5151e-08,0.0027623999999999427
4.5153e-08,0.007344499999999976
4.5155e-08,0.011929600000000096
4.5157e-08,0.01651569999999991
4.5159e-08,0.021100899999999978
4.5161e-08,0.02568400000000004
4.5163e-08,0.03026289999999998
4.5165e-08,0.03483630000000004
4.5167e-08,0.03940250000000001
4.5169e-08,0.043960200000000005
4.5171e-08,0.048507999999999996
4.5173e-08,0.0530446
4.5175e-08,0.05756850000000002
4.5177e-08,0.062078599999999984
4.5179e-08,0.06657380000000002
4.5181e-08,0.07105270000000008
4.5183e-08,0.07551439999999998
4.5185e-08,0.07995779999999997
4.5187e-08,0.08438179999999995
4.5189e-08,0.08878540000000001
4.5191e-08,0.09316799999999992
4.5193e-08,0.09752830000000001
4.5195e-08,0.10186590000000006
4.5197e-08,0.10617949999999998
4.51985e-08,0.10939869999999996
4.52e-08,0.11260380000000003
4.52002e-08,0.11303000000000007
4.52006e-08,0.11388169999999997
4.52014e-08,0.11558210000000002
4.5203e-08,0.11897039999999992
4.5205e-08,0.1231816
4.5207e-08,0.12736570000000003
4.5209e-08,0.13152189999999997
4.5211e-08,0.1356497000000001
4.5213e-08,0.13974850000000005
4.5215e-08,0.1438178000000001
4.5217e-08,0.14785720000000002
4.5219e-08,0.15186619999999995
4.5221e-08,0.15584430000000005
4.5223e-08,0.15979129999999997
4.5225e-08,0.16370669999999998
4.5227e-08,0.16759009999999996
4.5229e-08,0.17144130000000002
4.5231e-08,0.17525999999999997
4.5233e-08,0.17904569999999997
4.5235e-08,0.18279850000000009
4.5237e-08,0.18651779999999996
4.5239e-08,0.19020369999999998
4.5241e-08,0.19385569999999996
4.5243e-08,0.19747389999999998
4.5245e-08,0.20105799999999996
4.5247e-08,0.20460790000000006
4.5249e-08,0.2081233
4.5251e-08,0.21160440000000003
4.5253e-08,0.21505089999999993
4.5255e-08,0.21846279999999996
4.5257e-08,0.22184009999999998
4.5259e-08,0.22518250000000006
4.5261e-08,0.22849030000000004
4.5263e-08,0.2317633
4.5265e-08,0.23500149999999997
4.5267e-08,0.23820490000000005
4.5269e-08,0.24137359999999997
4.5271e-08,0.24450740000000004
4.5273e-08,0.2476066
4.5275e-08,0.2506712000000001
4.5277e-08,0.2537013
4.5279e-08,0.2566967
4.5281e-08,0.25965780000000005
4.5283e-08,0.2625845
4.5285e-08,0.26547699999999996
4.5287e-08,0.2683354
4.5289e-08,0.27115960000000006
4.5291e-08,0.2739501000000001
4.5293e-08,0.2767067999999999
4.5295e-08,0.27942979999999995
4.5297e-08,0.2821193000000001
4.5299e-08,0.28477549999999996
4.5301e-08,0.2873985
4.5303e-08,0.2899885
4.5305e-08,0.2925456999999999
4.5307e-08,0.2950701
4.5309e-08,0.297562
4.5311e-08,0.3000216
4.5313e-08,0.3024491
4.5315e-08,0.3048446
4.5317e-08,0.30720840000000005
4.5319e-08,0.30954059999999994
4.5321e-08,0.3118415
4.5323e-08,0.31411120000000003
4.5325e-08,0.3163501000000001
4.5327e-08,0.31855809999999996
4.5329e-08,0.32073570000000007
4.5331e-08,0.3228829999999999
4.5333e-08,0.32500019999999996
4.5335e-08,0.3270875999999999
4.5337e-08,0.3291455
4.5339e-08,0.3311738000000001
4.5341e-08,0.3331731
4.5343e-08,0.3351434
4.5345e-08,0.33708499999999997
4.5347e-08,0.33899809999999997
4.5349e-08,0.34088299999999994
4.5351e-08,0.34273999999999993
4.5353e-08,0.3445692
4.5355e-08,0.34637090000000004
4.5357e-08,0.3481453
4.5359e-08,0.34989270000000006
4.5361e-08,0.3516133
4.5363e-08,0.3533073000000001
4.5365e-08,0.3549751
4.5367e-08,0.35661680000000007
4.5369e-08,0.35823269999999996
4.5371e-08,0.35982310000000006
4.5373e-08,0.36138800000000004
4.5375e-08,0.36292789999999997
4.5377e-08,0.36444299999999996
4.5379e-08,0.3659335
4.5381e-08,0.36739959999999994
4.5383e-08,0.36884150000000004
4.5385e-08,0.3702597000000001
4.5387e-08,0.3716541
4.5389e-08,0.37302519999999995
4.5391e-08,0.3743731
4.5393e-08,0.3756982
4.5395e-08,0.3770005999999999
4.5397e-08,0.3782805
4.53985e-08,0.3792259
4.54e-08,0.38017
4.54002e-08,0.380297
4.54006e-08,0.3805524
4.54014e-08,0.38106870000000004
4.5403e-08,0.3821131
4.5405e-08,0.3834141999999999
4.5407e-08,0.3846773
4.5409e-08,0.3858703
4.5411e-08,0.3869665
4.5413e-08,0.38794340000000005
4.5415e-08,0.3887823
4.5417e-08,0.3894674
4.5419e-08,0.38998579999999994
4.5421e-08,0.390327
4.5423e-08,0.39048249999999995
4.5425e-08,0.3904456999999999
4.5427e-08,0.3902114
4.5429e-08,0.38977589999999995
4.5431e-08,0.38913679999999995
4.5433e-08,0.38829250000000004
4.5435e-08,0.3872426
4.5437e-08,0.3859872999999999
4.5439e-08,0.3845278000000001
4.5441e-08,0.3828657
4.5443e-08,0.38100309999999993
4.5445e-08,0.3789428
4.5447e-08,0.376688
4.5449e-08,0.3742421
4.5451e-08,0.3716089
4.5453e-08,0.36879249999999997
4.5455e-08,0.3657971
4.5457e-08,0.3626273
4.5459e-08,0.35928779999999993
4.5461e-08,0.3557831
4.5463e-08,0.35211840000000005
4.5465e-08,0.3482986
4.5467e-08,0.34432850000000004
4.5469e-08,0.34021349999999995
4.5471e-08,0.3359584
4.5473e-08,0.33156850000000004
4.5475e-08,0.32704869999999997
4.5477e-08,0.3224043
4.5479e-08,0.31764020000000004
4.5481e-08,0.3127615
4.5483e-08,0.3077729
4.5485e-08,0.3026797
4.5487e-08,0.29748660000000005
4.5489e-08,0.29219819999999996
4.5491e-08,0.28681940000000006
4.5493e-08,0.2813548
4.5495e-08,0.2758089
4.5497e-08,0.27018620000000004
4.5499e-08,0.2644911
4.5501e-08,0.2587279
4.5503e-08,0.2529007000000001
4.5505e-08,0.24701379999999995
4.5507e-08,0.24107109999999998
4.5509e-08,0.23507650000000002
4.5511e-08,0.2290339
4.5513e-08,0.2229469999999999
4.5515e-08,0.2168196
4.5517e-08,0.21065500000000004
4.5519e-08,0.2044568
4.5521e-08,0.19822819999999997
4.5523e-08,0.1919727
4.5525e-08,0.1856934
4.5527e-08,0.17939339999999993
4.5529e-08,0.17307549999999994
4.5531e-08,0.16674299999999997
4.5533e-08,0.1603983
4.5535e-08,0.15404430000000002
4.5537e-08,0.14768380000000003
4.5539e-08,0.14131919999999998
4.5541e-08,0.134953
4.5543e-08,0.12858760000000002
4.5545e-08,0.12222519999999992
4.5547e-08,0.11586829999999992
4.5549e-08,0.10951880000000003
4.5551e-08,0.10317899999999991
4.5553e-08,0.09685080000000001
4.5555e-08,0.09053610000000001
4.5557e-08,0.08423689999999995
4.5559e-08,0.07795490000000005
4.5561e-08,0.07169179999999997
4.5563e-08,0.0654494000000001
4.5565e-08,0.05922919999999998
4.5567e-08,0.053032700000000044
4.5569e-08,0.0468615
4.5571e-08,0.040716900000000056
4.5573e-08,0.03460030000000003
4.5575e-08,0.02851300000000001
4.5577e-08,0.022456200000000037
4.5579e-08,0.01643109999999992
4.5581e-08,0.010438900000000029
4.5583e-08,0.004480599999999946
4.5585e-08,-0.001442700000000019
4.5587e-08,-0.007330000000000059
4.5589e-08,-0.01318050000000004
4.5591e-08,-0.018993399999999938
4.5593e-08,-0.024767499999999942
4.5595e-08,-0.030502199999999924
4.5597e-08,-0.03619679999999992
4.55985e-08,-0.04044100000000006
4.56e-08,-0.04466190000000003
4.56002e-08,-0.045223400000000025
4.56006e-08,-0.04634739999999993
4.56014e-08,-0.04860069999999994
4.5603e-08,-0.053116799999999964
4.5605e-08,-0.058750200000000086
4.5607e-08,-0.06433270000000002
4.5609e-08,-0.06982770000000005
4.5611e-08,-0.07520399999999994
4.5613e-08,-0.0804357
4.5615e-08,-0.08550069999999999
4.5617e-08,-0.09038079999999993
4.5619e-08,-0.09506110000000001
4.5621e-08,-0.09952939999999999
4.5623e-08,-0.10377619999999999
4.5625e-08,-0.10779359999999993
4.5627e-08,-0.11157649999999997
4.5629e-08,-0.11512060000000002
4.5631e-08,-0.11842340000000007
4.5633e-08,-0.12148369999999997
4.5635e-08,-0.1243012
4.5637e-08,-0.1268766
4.5639e-08,-0.12921139999999998
4.5641e-08,-0.1313080000000001
4.5643e-08,-0.13316889999999992
4.5645e-08,-0.13479750000000001
4.5647e-08,-0.13619760000000003
4.5649e-08,-0.13737330000000003
4.5651e-08,-0.13832909999999998
4.5653e-08,-0.13906930000000006
4.5655e-08,-0.13959919999999992
4.5657e-08,-0.13992349999999998
4.5659e-08,-0.14004760000000005
4.5661e-08,-0.13997650000000006
4.5663e-08,-0.13971560000000005
4.5665e-08,-0.13927040000000002
4.5667e-08,-0.13864600000000005
4.5669e-08,-0.13784810000000003
4.5671e-08,-0.1368819
4.5673e-08,-0.13575290000000007
4.5675e-08,-0.13446619999999998
4.5677e-08,-0.1330272
4.5679e-08,-0.13144119999999992
4.5681e-08,-0.12971320000000008
4.5683e-08,-0.12784830000000003
4.5685e-08,-0.1258517
4.5687e-08,-0.12372810000000001
4.5689e-08,-0.12148230000000004
4.5691e-08,-0.11911930000000004
4.5693e-08,-0.11664359999999996
4.5695e-08,-0.11405989999999999
4.5697e-08,-0.11137240000000004
4.5699e-08,-0.10858570000000001
4.5701e-08,-0.10570409999999997
4.5703e-08,-0.10273169999999998
4.5705e-08,-0.09967269999999995
4.5707e-08,-0.09653080000000003
4.5709e-08,-0.0933101999999999
4.5711e-08,-0.09001459999999994
4.5713e-08,-0.08664780000000005
4.5715e-08,-0.08321319999999999
4.5717e-08,-0.07971449999999991
4.5719e-08,-0.07615509999999992
4.5721e-08,-0.07253830000000006
4.5723e-08,-0.06886729999999996
4.5725e-08,-0.06514529999999996
4.5727e-08,-0.06137540000000008
4.5729e-08,-0.057560500000000014
4.5731e-08,-0.053703600000000073
4.5733e-08,-0.049807500000000005
4.5735e-08,-0.04587490000000005
4.5737e-08,-0.04190839999999996
4.5739e-08,-0.03791080000000002
4.5741e-08,-0.033884399999999926
4.5743e-08,-0.029831599999999958
4.5745e-08,-0.025754799999999967
4.5747e-08,-0.02165640000000002
4.5749e-08,-0.017538500000000012
4.5751e-08,-0.013403199999999948
4.5753e-08,-0.009252599999999944
4.5755e-08,-0.005088899999999952
4.5757e-08,-0.0009137000000000173
4.5759e-08,0.0032708999999999655
4.5761e-08,0.007463099999999945
4.5763e-08,0.01166110000000009
4.5765e-08,0.015863399999999972
4.5767e-08,0.020068100000000033
4.5769e-08,0.02427389999999996
4.5771e-08,0.028479000000000032
4.5773e-08,0.03268210000000005
4.5775e-08,0.03688170000000002
4.5777e-08,0.04107640000000001
4.5779e-08,0.045265
4.5781e-08,0.04944629999999994
4.5783e-08,0.05361870000000002
4.5785e-08,0.057781300000000035
4.5787e-08,0.06193290000000007
4.5789e-08,0.06607249999999998
4.5791e-08,0.07019890000000006
4.5793e-08,0.07431109999999996
4.5795e-08,0.07840829999999999
4.5797e-08,0.08248929999999999
4.57985e-08,0.08553910000000009
4.58e-08,0.08857900000000007
4.58002e-08,0.08898419999999996
4.58006e-08,0.08979599999999999
4.58014e-08,0.0914277
4.5803e-08,0.09471200000000002
4.5805e-08,0.0988266000000001
4.5807e-08,0.10291359999999994
4.5809e-08,0.10693589999999997
4.5811e-08,0.11086259999999992
4.5813e-08,0.11466709999999991
4.5815e-08,0.11832739999999997
4.5817e-08,0.12182480000000007
4.5819e-08,0.12514409999999998
4.5821e-08,0.12827279999999996
4.5823e-08,0.13120109999999996
4.5825e-08,0.13392119999999996
4.5827e-08,0.13642700000000008
4.5829e-08,0.13871430000000007
4.5831e-08,0.14078029999999997
4.5833e-08,0.1426233
4.5835e-08,0.1442428
4.5837e-08,0.14563939999999997
4.5839e-08,0.1468142
4.5841e-08,0.14776919999999993
4.5843e-08,0.14850680000000005
4.5845e-08,0.14903029999999995
4.5847e-08,0.14934310000000006
4.5849e-08,0.14944900000000005
4.5851e-08,0.1493523
4.5853e-08,0.14905729999999995
4.5855e-08,0.1485689
4.5857e-08,0.14789180000000002
4.5859e-08,0.14703089999999996
4.5861e-08,0.14599129999999994
4.5863e-08,0.14477819999999997
4.5865e-08,0.1433968
4.5867e-08,0.1418524000000001
4.5869e-08,0.14015
4.5871e-08,0.13829499999999995
4.5873e-08,0.13629259999999999
4.5875e-08,0.1341479
4.5877e-08,0.13186600000000004
4.5879e-08,0.1294521999999999
4.5881e-08,0.12691129999999995
4.5883e-08,0.12424829999999998
4.5885e-08,0.12146800000000002
4.5887e-08,0.1185754
4.5889e-08,0.11557509999999993
4.5891e-08,0.1124716
4.5893e-08,0.10926960000000008
4.5895e-08,0.1059734
4.5897e-08,0.10258749999999994
4.5899e-08,0.09911589999999992
4.5901e-08,0.09556310000000001
4.5903e-08,0.09193289999999998
4.5905e-08,0.08822929999999995
4.5907e-08,0.08445619999999998
4.5909e-08,0.08061739999999995
4.5911e-08,0.07671649999999997
4.5913e-08,0.07275710000000002
4.5915e-08,0.06874279999999999
4.5917e-08,0.06467669999999992
4.5919e-08,0.06056229999999996
4.5921e-08,0.056402900000000034
4.5923e-08,0.052201300000000006
4.5925e-08,0.047960799999999915
4.5927e-08,0.04368430000000001
4.5929e-08,0.039374599999999926
4.5931e-08,0.035034300000000074
4.5933e-08,0.030666399999999983
4.5935e-08,0.026273300000000055
4.5937e-08,0.02185759999999992
4.5939e-08,0.017421599999999926
4.5941e-08,0.01296800000000009
4.5943e-08,0.00849869999999997
4.5945e-08,0.004016099999999967
4.5947e-08,-0.0004777000000000253
4.5949e-08,-0.004980500000000054
4.5951e-08,-0.009490399999999899
4.5953e-08,-0.014005500000000004
4.5955e-08,-0.018523899999999927
4.5957e-08,-0.023043599999999942
4.5959e-08,-0.02756320000000001
4.5961e-08,-0.03208080000000002
4.5963e-08,-0.03659480000000004
4.5965e-08,-0.041103699999999965
4.5967e-08,-0.04560589999999998
4.5969e-08,-0.05010009999999998
4.5971e-08,-0.05458459999999998
4.5973e-08,-0.059058500000000014
4.5975e-08,-0.06352000000000002
4.5977e-08,-0.06796829999999998
4.5979e-08,-0.07240199999999997
4.5981e-08,-0.07682
4.5983e-08,-0.08122110000000005
4.5985e-08,-0.08560440000000002
4.5987e-08,-0.08996879999999996
4.5989e-08,-0.09431339999999999
4.5991e-08,-0.09863710000000003
4.5993e-08,-0.10293929999999996
4.5995e-08,-0.1072189
4.5997e-08,-0.1114752
4.59985e-08,-0.11465169999999991
4.6e-08,-0.11781430000000004
4.60002e-08,-0.11823479999999997
4.60006e-08,-0.11907520000000005
4.60014e-08,-0.1207532
4.6003e-08,-0.1240966
4.6005e-08,-0.12825229999999999
4.6007e-08,-0.1323812000000001
4.6009e-08,-0.13648280000000002
4.6011e-08,-0.14055629999999997
4.6013e-08,-0.1446014
4.6015e-08,-0.1486174
4.6017e-08,-0.15260390000000001
4.6019e-08,-0.1565605
4.6021e-08,-0.16048669999999998
4.6023e-08,-0.16438209999999998
4.6025e-08,-0.16824640000000002
4.6027e-08,-0.1720792
4.6029e-08,-0.17588020000000004
4.6031e-08,-0.1796491
4.6033e-08,-0.18338549999999998
4.6035e-08,-0.18708940000000007
4.6037e-08,-0.1907603
4.6039e-08,-0.19439810000000002
4.6041e-08,-0.19800260000000003
4.6043e-08,-0.2015735999999999
4.6045e-08,-0.20511100000000004
4.6047e-08,-0.20861450000000004
4.6049e-08,-0.2120841
4.6051e-08,-0.21551980000000004
4.6053e-08,-0.21892129999999999
4.6055e-08,-0.22228859999999995
4.6057e-08,-0.22562159999999998
4.6059e-08,-0.22892040000000002
4.6061e-08,-0.23218479999999997
4.6063e-08,-0.23541489999999998
4.6065e-08,-0.2386106
4.6067e-08,-0.24177179999999998
4.6069e-08,-0.24489879999999997
4.6071e-08,-0.24799130000000003
4.6073e-08,-0.25104970000000004
4.6075e-08,-0.2540738
4.6077e-08,-0.2570637
4.6079e-08,-0.2600194
4.6081e-08,-0.26294110000000004
4.6083e-08,-0.2658288999999999
4.6085e-08,-0.26868289999999995
4.6087e-08,-0.2715031
4.6089e-08,-0.2742895999999999
4.6091e-08,-0.2770426
4.6093e-08,-0.2797623
4.6095e-08,-0.28244860000000005
4.6097e-08,-0.2851019
4.6099e-08,-0.2877221
4.6101e-08,-0.2903095
4.6103e-08,-0.2928644
4.6105e-08,-0.29538660000000005
4.6107e-08,-0.29787660000000005
4.6109e-08,-0.3003344
4.6111e-08,-0.30276020000000003
4.6113e-08,-0.3051543
4.6115e-08,-0.3075167
4.6117e-08,-0.3098478
4.6119e-08,-0.31214759999999997
4.6121e-08,-0.31441640000000004
4.6123e-08,-0.3166544
4.6125e-08,-0.3188618999999999
4.6127e-08,-0.3210389
4.6129e-08,-0.3231857
4.6131e-08,-0.3253026
4.6133e-08,-0.3273897
4.6135e-08,-0.3294473
4.6137e-08,-0.3314756
4.6139e-08,-0.3334749
4.6141e-08,-0.33544530000000006
4.6143e-08,-0.33738710000000005
4.6145e-08,-0.33930039999999995
4.6147e-08,-0.34118570000000004
4.6149e-08,-0.343043
4.6151e-08,-0.3448726
4.6153e-08,-0.3466749
4.6155e-08,-0.34844980000000003
4.6157e-08,-0.3501978
4.6159e-08,-0.351919
4.6161e-08,-0.3536138000000001
4.6163e-08,-0.3552822
4.6165e-08,-0.3569247
4.6167e-08,-0.35854129999999995
4.6169e-08,-0.3601325000000001
4.6171e-08,-0.3616982999999999
4.6173e-08,-0.36323910000000004
4.6175e-08,-0.36475499999999994
4.6177e-08,-0.36624639999999997
4.6179e-08,-0.3677134999999999
4.6181e-08,-0.3691563
4.6183e-08,-0.3705754
4.6185e-08,-0.37197079999999993
4.6187e-08,-0.373343
4.6189e-08,-0.3746919000000001
4.6191e-08,-0.3760179
4.6193e-08,-0.37732129999999997
4.6195e-08,-0.3786022
4.6197e-08,-0.379861
4.61985e-08,-0.3807906
4.62e-08,-0.38170799999999994
4.62002e-08,-0.3818292999999999
4.62006e-08,-0.38207140000000006
4.62014e-08,-0.38255320000000004
4.6203e-08,-0.38350629999999997
4.6205e-08,-0.3846786
4.6207e-08,-0.38583
4.6209e-08,-0.38696050000000004
4.6211e-08,-0.38807040000000004
4.6213e-08,-0.3891601
4.6215e-08,-0.39022959999999995
4.6217e-08,-0.39127919999999994
4.6219e-08,-0.3923092
4.6221e-08,-0.3933198
4.6223e-08,-0.3943111
4.6225e-08,-0.39528360000000007
4.6227e-08,-0.3962371
4.6229e-08,-0.3971722000000001
4.6231e-08,-0.398089
4.6233e-08,-0.3989876
4.6235e-08,-0.3998684
4.6237e-08,-0.4007315
4.6239e-08,-0.40157699999999996
4.6241e-08,-0.4024054
4.6243e-08,-0.4032167
4.6245e-08,-0.4040112
4.6247e-08,-0.4047889
4.6249e-08,-0.4055504000000001
4.6251e-08,-0.4062956
4.6253e-08,-0.4070248000000001
4.6255e-08,-0.4077381
4.6257e-08,-0.4084358
4.6259e-08,-0.40911810000000004
4.6261e-08,-0.40978519999999996
4.6263e-08,-0.4104373
4.6265e-08,-0.4110745
4.6267e-08,-0.41169710000000004
4.6269e-08,-0.4123051999999999
4.6271e-08,-0.412899
4.6273e-08,-0.4134787
4.6275e-08,-0.4140446
4.6277e-08,-0.4145968000000001
4.6279e-08,-0.41513540000000004
4.6281e-08,-0.4156607
4.6283e-08,-0.4161728
4.6285e-08,-0.4166719
4.6287e-08,-0.41715820000000003
4.6289e-08,-0.41763189999999994
4.6291e-08,-0.4180931
4.6293e-08,-0.41854199999999997
4.6295e-08,-0.4189788
4.6297e-08,-0.4194036
4.6299e-08,-0.4198166
4.6301e-08,-0.420218
4.6303e-08,-0.420608
4.6305e-08,-0.4209866
4.6307e-08,-0.42135409999999995
4.6309e-08,-0.42171060000000005
4.6311e-08,-0.42205629999999994
4.6313e-08,-0.42239119999999997
4.6315e-08,-0.4227158
4.6317e-08,-0.42302989999999996
4.6319e-08,-0.4233338
4.6321e-08,-0.4236276
4.6323e-08,-0.42391160000000006
4.6325e-08,-0.42418579999999995
4.6327e-08,-0.42445029999999995
4.6329e-08,-0.42470530000000006
4.6331e-08,-0.4249511
4.6333e-08,-0.42518770000000006
4.6335e-08,-0.42541510000000005
4.6337e-08,-0.4256337
4.6339e-08,-0.4258434
4.6341e-08,-0.4260446
4.6343e-08,-0.4262372
4.6345e-08,-0.4264215
4.6347e-08,-0.42659749999999996
4.6349e-08,-0.4267653
4.6351e-08,-0.4269252
4.6353e-08,-0.42707720000000005
4.6355e-08,-0.4272214999999999
4.6357e-08,-0.4273581000000001
4.6359e-08,-0.4274872999999999
4.6361e-08,-0.427609
4.6363e-08,-0.42772369999999993
4.6365e-08,-0.42783099999999996
4.6367e-08,-0.42793139999999996
4.6369e-08,-0.42802489999999993
4.6371e-08,-0.4281115000000001
4.6373e-08,-0.4281916
4.6375e-08,-0.428265
4.6377e-08,-0.42833200000000005
4.6379e-08,-0.42839269999999996
4.6381e-08,-0.4284471000000001
4.6383e-08,-0.42849550000000003
4.6385e-08,-0.4285376999999999
4.6387e-08,-0.428574
4.6389e-08,-0.42860470000000006
4.6391e-08,-0.42862940000000005
4.6393e-08,-0.4286487
4.6395e-08,-0.4286624
4.6397e-08,-0.42867069999999996
4.63985e-08,-0.4286734
4.64e-08,-0.4286732
4.64002e-08,-0.4286736
4.64006e-08,-0.42867620000000006
4.64014e-08,-0.4286911
4.6403e-08,-0.4287487000000001
4.6405e-08,-0.4288449
4.6407e-08,-0.4289328
4.6409e-08,-0.42897849999999993
4.6411e-08,-0.42895339999999993
4.6413e-08,-0.4288335
4.6415e-08,-0.42859860000000005
4.6417e-08,-0.42823159999999993
4.6419e-08,-0.4277187
4.6421e-08,-0.4270482
4.6423e-08,-0.4262106
4.6425e-08,-0.42519819999999997
4.6427e-08,-0.42400519999999997
4.6429e-08,-0.4226270000000001
4.6431e-08,-0.4210604
4.6433e-08,-0.41930330000000005
4.6435e-08,-0.4173546
4.6437e-08,-0.41521379999999997
4.6439e-08,-0.4128817
4.6441e-08,-0.41035920000000004
4.6443e-08,-0.4076482
4.6445e-08,-0.4047510000000001
4.6447e-08,-0.4016702999999999
4.6449e-08,-0.39840929999999997
4.6451e-08,-0.3949714
4.6453e-08,-0.3913605
4.6455e-08,-0.3875805
4.6457e-08,-0.38363590000000003
4.6459e-08,-0.3795309
4.6461e-08,-0.37527010000000005
4.6463e-08,-0.37085840000000003
4.6465e-08,-0.36630050000000003
4.6467e-08,-0.3616015
4.6469e-08,-0.35676620000000003
4.6471e-08,-0.35179969999999994
4.6473e-08,-0.3467068
4.6475e-08,-0.34149280000000004
4.6477e-08,-0.3361624999999999
4.6479e-08,-0.33072100000000004
4.6481e-08,-0.32517339999999995
4.6483e-08,-0.31952439999999993
4.6485e-08,-0.3137789999999999
4.6487e-08,-0.30794200000000005
4.6489e-08,-0.3020183000000001
4.6491e-08,-0.29601239999999995
4.6493e-08,-0.28992890000000004
4.6495e-08,-0.28377260000000004
4.6497e-08,-0.27754770000000006
4.6499e-08,-0.2712586
4.6501e-08,-0.2649098
4.6503e-08,-0.25850530000000005
4.6505e-08,-0.2520492999999999
4.6507e-08,-0.24554580000000004
4.6509e-08,-0.2389987
4.6511e-08,-0.2324117
4.6513e-08,-0.22578869999999995
4.6515e-08,-0.21913329999999998
4.6517e-08,-0.21244910000000006
4.6519e-08,-0.20573930000000007
4.6521e-08,-0.1990075
4.6523e-08,-0.1922568
4.6525e-08,-0.18549040000000006
4.6527e-08,-0.17871130000000002
4.6529e-08,-0.17192260000000004
4.6531e-08,-0.16512700000000002
4.6533e-08,-0.15832749999999995
4.6535e-08,-0.15152660000000007
4.6537e-08,-0.14472700000000005
4.6539e-08,-0.13793119999999992
4.6541e-08,-0.13114159999999997
4.6543e-08,-0.12436049999999998
4.6545e-08,-0.1175904000000001
4.6547e-08,-0.11083330000000002
4.6549e-08,-0.10409139999999995
4.6551e-08,-0.09736670000000003
4.6553e-08,-0.09066109999999994
4.6555e-08,-0.08397650000000001
4.6557e-08,-0.07731480000000002
4.6559e-08,-0.07067770000000007
4.6561e-08,-0.06406679999999998
4.6563e-08,-0.057483700000000026
4.6565e-08,-0.05093009999999998
4.6567e-08,-0.04440730000000004
4.6569e-08,-0.03791660000000008
4.6571e-08,-0.03145969999999998
4.6573e-08,-0.02503770000000005
4.6575e-08,-0.018651699999999938
4.6577e-08,-0.012303000000000064
4.6579e-08,-0.005992699999999962
4.6581e-08,0.00027800000000000047
4.6583e-08,0.00650839999999997
4.6585e-08,0.01269739999999997
4.6587e-08,0.018843999999999972
4.6589e-08,0.024947400000000064
4.6591e-08,0.03100690000000006
4.6593e-08,0.0370216000000001
4.6595e-08,0.04299070000000005
4.6597e-08,0.04891380000000001
4.65985e-08,0.05332540000000008
4.66e-08,0.05772149999999998
4.66002e-08,0.05830769999999996
4.66006e-08,0.059480599999999995
4.66014e-08,0.06182900000000002
4.6603e-08,0.06652389999999997
4.6605e-08,0.07236160000000003
4.6607e-08,0.07812920000000001
4.6609e-08,0.08379229999999993
4.6611e-08,0.08932200000000001
4.6613e-08,0.09469399999999994
4.6615e-08,0.09988779999999997
4.6617e-08,0.1048867
4.6619e-08,0.10967680000000002
4.6621e-08,0.1142472
4.6623e-08,0.11858919999999995
4.6625e-08,0.12269590000000008
4.6627e-08,0.12656260000000008
4.6629e-08,0.13018600000000002
4.6631e-08,0.13356390000000007
4.6633e-08,0.13669560000000003
4.6635e-08,0.13958119999999996
4.6637e-08,0.14222180000000006
4.6639e-08,0.14461920000000006
4.6641e-08,0.14677589999999996
4.6643e-08,0.14869480000000002
4.6645e-08,0.1503795
4.6647e-08,0.15183389999999997
4.6649e-08,0.15306209999999998
4.6651e-08,0.15406870000000006
4.6653e-08,0.1548585
4.6655e-08,0.15543620000000002
4.6657e-08,0.15580720000000003
4.6659e-08,0.15597650000000007
4.6661e-08,0.15594940000000002
4.6663e-08,0.15573119999999996
4.6665e-08,0.1553274
4.6667e-08,0.15474339999999998
4.6669e-08,0.15398440000000002
4.6671e-08,0.15305590000000002
4.6673e-08,0.15196339999999997
4.6675e-08,0.15071200000000007
4.6677e-08,0.14930699999999997
4.6679e-08,0.1477537
4.6681e-08,0.1460572
4.6683e-08,0.14422250000000003
4.6685e-08,0.14225469999999996
4.6687e-08,0.14015869999999997
4.6689e-08,0.13793920000000004
4.6691e-08,0.13560099999999997
4.6693e-08,0.13314899999999996
4.6695e-08,0.13058740000000002
4.6697e-08,0.1279207
4.6699e-08,0.12515350000000003
4.6701e-08,0.12229000000000001
4.6703e-08,0.11933420000000006
4.6705e-08,0.11629030000000007
4.6707e-08,0.1131624
4.6709e-08,0.1099542
4.6711e-08,0.10666949999999997
4.6713e-08,0.10331220000000008
4.6715e-08,0.09988570000000008
4.6717e-08,0.09639370000000003
4.6719e-08,0.09283940000000002
4.6721e-08,0.08922640000000004
4.6723e-08,0.08555780000000002
4.6725e-08,0.08183669999999998
4.6727e-08,0.07806630000000003
4.6729e-08,0.07424949999999997
4.6731e-08,0.07038919999999993
4.6733e-08,0.06648830000000006
4.6735e-08,0.0625496000000001
4.6737e-08,0.05857559999999995
4.6739e-08,0.05456890000000003
4.6741e-08,0.05053220000000003
4.6743e-08,0.0464677
4.6745e-08,0.04237790000000008
4.6747e-08,0.03826499999999999
4.6749e-08,0.034131400000000034
4.6751e-08,0.029979100000000036
4.6753e-08,0.025810200000000005
4.6755e-08,0.02162659999999994
4.6757e-08,0.017430599999999963
4.6759e-08,0.013223800000000008
4.6761e-08,0.009008100000000074
4.6763e-08,0.00478539999999994
4.6765e-08,0.0005571999999999244
4.6767e-08,-0.003674799999999978
4.6769e-08,-0.00790869999999999
4.6771e-08,-0.012143400000000026
4.6773e-08,-0.016377100000000033
4.6775e-08,-0.02060839999999997
4.6777e-08,-0.024836199999999975
4.6779e-08,-0.029058699999999993
4.6781e-08,-0.033274899999999996
4.6783e-08,-0.0374835
4.6785e-08,-0.04168329999999998
4.6787e-08,-0.0458731
4.6789e-08,-0.05005179999999998
4.6791e-08,-0.0542184
4.6793e-08,-0.05837190000000003
4.6795e-08,-0.06251110000000004
4.6797e-08,-0.0666352
4.67985e-08,-0.06971779999999994
4.68e-08,-0.0727911
4.68002e-08,-0.07320009999999999
4.68006e-08,-0.0740175999999999
4.68014e-08,-0.07565060000000001
4.6803e-08,-0.07890800000000009
4.6805e-08,-0.08296300000000001
4.6807e-08,-0.08699859999999993
4.6809e-08,-0.09101420000000005
4.6811e-08,-0.09500909999999996
4.6813e-08,-0.09898259999999992
4.6815e-08,-0.10293399999999997
4.6817e-08,-0.10686280000000004
4.6819e-08,-0.11076839999999999
4.6821e-08,-0.11465020000000004
4.6823e-08,-0.11850760000000005
4.6825e-08,-0.12234029999999996
4.6827e-08,-0.12614759999999992
4.6829e-08,-0.12992939999999997
4.6831e-08,-0.1336849
4.6833e-08,-0.13741389999999998
4.6835e-08,-0.1411158
4.6837e-08,-0.1447906
4.6839e-08,-0.1484377
4.6841e-08,-0.15205689999999994
4.6843e-08,-0.155648
4.6845e-08,-0.15921050000000003
4.6847e-08,-0.1627442
4.6849e-08,-0.16624899999999998
4.6851e-08,-0.1697246
4.6853e-08,-0.17317079999999996
4.6855e-08,-0.1765875
4.6857e-08,-0.17997439999999998
4.6859e-08,-0.18333140000000003
4.6861e-08,-0.1866584
4.6863e-08,-0.1899552
4.6865e-08,-0.1932218
4.6867e-08,-0.19645809999999997
4.6869e-08,-0.1996639
4.6871e-08,-0.2028392
4.6873e-08,-0.2059839
4.6875e-08,-0.2090982
4.6877e-08,-0.21218179999999998
4.6879e-08,-0.2152347
4.6881e-08,-0.21825709999999998
4.6883e-08,-0.22124869999999996
4.6885e-08,-0.22420980000000001
4.6887e-08,-0.22714020000000001
4.6889e-08,-0.2300399999999999
4.6891e-08,-0.23290929999999999
4.6893e-08,-0.23574819999999996
4.6895e-08,-0.2385566
4.6897e-08,-0.2413347
4.6899e-08,-0.24408240000000003
4.6901e-08,-0.2467999999999999
4.6903e-08,-0.24948729999999997
4.6905e-08,-0.2521447
4.6907e-08,-0.25477209999999995
4.6909e-08,-0.25736970000000003
4.6911e-08,-0.2599376
4.6913e-08,-0.2624759
4.6915e-08,-0.26498469999999996
4.6917e-08,-0.26746420000000004
4.6919e-08,-0.26991450000000006
4.6921e-08,-0.2723356
4.6923e-08,-0.27472779999999997
4.6925e-08,-0.27709130000000004
4.6927e-08,-0.27942620000000007
4.6929e-08,-0.28173249999999994
4.6931e-08,-0.2840106
4.6933e-08,-0.2862604999999999
4.6935e-08,-0.2884824
4.6937e-08,-0.2906765
4.6939e-08,-0.29284299999999996
4.6941e-08,-0.29498199999999997
4.6943e-08,-0.2970937
4.6945e-08,-0.2991783
4.6947e-08,-0.30123600000000006
4.6949e-08,-0.30326700000000006
4.6951e-08,-0.3052713
4.6953e-08,-0.30724930000000006
4.6955e-08,-0.30920120000000006
4.6957e-08,-0.3111271
4.6959e-08,-0.3130273
4.6961e-08,-0.3149017999999999
4.6963e-08,-0.31675089999999995
4.6965e-08,-0.3185749
4.6967e-08,-0.3203739
4.6969e-08,-0.322148
4.6971e-08,-0.3238976
4.6973e-08,-0.325623
4.6975e-08,-0.32732399999999995
4.6977e-08,-0.32900110000000005
4.6979e-08,-0.33065449999999996
4.6981e-08,-0.3322843
4.6983e-08,-0.3338907
4.6985e-08,-0.3354739
4.6987e-08,-0.3370343
4.6989e-08,-0.33857190000000004
4.6991e-08,-0.3400871
4.6993e-08,-0.34157990000000005
4.6995e-08,-0.3430506
4.6997e-08,-0.3444994
4.69985e-08,-0.3455716999999999
4.7e-08,-0.34663200000000005
4.70002e-08,-0.34677230000000003
4.70006e-08,-0.3470525
4.70014e-08,-0.34761049999999993
4.7003e-08,-0.34871620000000003
4.7005e-08,-0.3500795
4.7007e-08,-0.35142189999999995
4.7009e-08,-0.3527437000000001
4.7011e-08,-0.35404500000000005
4.7013e-08,-0.35532600000000003
4.7015e-08,-0.356587
4.7017e-08,-0.35782820000000004
4.7019e-08,-0.35904959999999997
4.7021e-08,-0.3602516
4.7023e-08,-0.3614345
4.7025e-08,-0.36259830000000004
4.7027e-08,-0.36374319999999993
4.7029e-08,-0.36486950000000007
4.7031e-08,-0.36597750000000007
4.7033e-08,-0.3670671
4.7035e-08,-0.3681386000000001
4.7037e-08,-0.3691924000000001
4.7039e-08,-0.3702283999999999
4.7041e-08,-0.371247
4.7043e-08,-0.3722483
4.7045e-08,-0.3732326
4.7047e-08,-0.37419990000000003
4.7049e-08,-0.3751506
4.7051e-08,-0.3760848
4.7053e-08,-0.3770025
4.7055e-08,-0.3779042
4.7057e-08,-0.37878999999999996
4.7059e-08,-0.37965990000000005
4.7061e-08,-0.3805142
4.7063e-08,-0.38135320000000006
4.7065e-08,-0.38217689999999993
4.7067e-08,-0.3829855
4.7069e-08,-0.38377930000000005
4.7071e-08,-0.3845584999999999
4.7073e-08,-0.3853230999999999
4.7075e-08,-0.38607329999999995
4.7077e-08,-0.3868093
4.7079e-08,-0.38753139999999997
4.7081e-08,-0.38823950000000007
4.7083e-08,-0.38893409999999995
4.7085e-08,-0.3896151
4.7087e-08,-0.3902829
4.7089e-08,-0.39093749999999994
4.7091e-08,-0.391579
4.7093e-08,-0.39220770000000005
4.7095e-08,-0.3928237
4.7097e-08,-0.3934272
4.7099e-08,-0.39401830000000004
4.7101e-08,-0.3945972
4.7103e-08,-0.3951641
4.7105e-08,-0.3957191
4.7107e-08,-0.3962624
4.7109e-08,-0.39679390000000003
4.7111e-08,-0.3973141
4.7113e-08,-0.3978229999999999
4.7115e-08,-0.39832080000000003
4.7117e-08,-0.3988075
4.7119e-08,-0.39928340000000007
4.7121e-08,-0.3997486
4.7123e-08,-0.40020330000000004
4.7125e-08,-0.4006474
4.7127e-08,-0.40108140000000003
4.7129e-08,-0.40150509999999995
4.7131e-08,-0.4019188
4.7133e-08,-0.4023226000000001
4.7135e-08,-0.4027168
4.7137e-08,-0.4031013
4.7139e-08,-0.4034763
4.7141e-08,-0.4038419
4.7143e-08,-0.40419839999999996
4.7145e-08,-0.40454579999999996
4.7147e-08,-0.4048842
4.7149e-08,-0.40521379999999996
4.7151e-08,-0.4055347
4.7153e-08,-0.4058469
4.7155e-08,-0.4061507
4.7157e-08,-0.4064462
4.7159e-08,-0.40673329999999996
4.7161e-08,-0.4070125
4.7163e-08,-0.4072836000000001
4.7165e-08,-0.40754690000000005
4.7167e-08,-0.4078024
4.7169e-08,-0.4080503
4.7171e-08,-0.40829059999999995
4.7173e-08,-0.40852349999999993
4.7175e-08,-0.4087489999999999
4.7177e-08,-0.4089674
4.7179e-08,-0.4091787
4.7181e-08,-0.40938300000000005
4.7183e-08,-0.40958039999999996
4.7185e-08,-0.409771
4.7187e-08,-0.4099549
4.7189e-08,-0.4101323
4.7191e-08,-0.4103032000000001
4.7193e-08,-0.4104677
4.7195e-08,-0.4106259
4.7197e-08,-0.41077790000000003
4.71985e-08,-0.41088800000000003
4.72e-08,-0.41099469999999994
4.72002e-08,-0.4110093
4.72006e-08,-0.4110403
4.72014e-08,-0.4111119
4.7203e-08,-0.41128259999999994
4.7205e-08,-0.4115192
4.7207e-08,-0.41174640000000007
4.7209e-08,-0.41193009999999997
4.7211e-08,-0.41204149999999995
4.7213e-08,-0.4120564000000001
4.7215e-08,-0.41195439999999994
4.7217e-08,-0.4117187000000001
4.7219e-08,-0.41133509999999995
4.7221e-08,-0.41079179999999993
4.7223e-08,-0.41007950000000004
4.7225e-08,-0.4091905
4.7227e-08,-0.40811910000000007
4.7229e-08,-0.4068606
4.7231e-08,-0.40541189999999994
4.7233e-08,-0.403771
4.7235e-08,-0.4019368
4.7237e-08,-0.3999091
4.7239e-08,-0.39768859999999995
4.7241e-08,-0.39527639999999997
4.7243e-08,-0.39267450000000004
4.7245e-08,-0.38988520000000004
4.7247e-08,-0.38691129999999996
4.7249e-08,-0.3837562
4.7251e-08,-0.3804233
4.7253e-08,-0.3769165
4.7255e-08,-0.37324
4.7257e-08,-0.3693982
4.7259e-08,-0.36539540000000004
4.7261e-08,-0.36123649999999996
4.7263e-08,-0.3569261
4.7265e-08,-0.3524691
4.7267e-08,-0.3478707
4.7269e-08,-0.3431356
4.7271e-08,-0.3382691
4.7273e-08,-0.333276
4.7275e-08,-0.32816159999999994
4.7277e-08,-0.32293079999999996
4.7279e-08,-0.31758870000000006
4.7281e-08,-0.3121402000000001
4.7283e-08,-0.3065901999999999
4.7285e-08,-0.30094390000000004
4.7287e-08,-0.2952059
4.7289e-08,-0.28938090000000005
4.7291e-08,-0.2834738
4.7293e-08,-0.2774892000000001
4.7295e-08,-0.27143150000000005
4.7297e-08,-0.2653051999999999
4.7299e-08,-0.2591148
4.7301e-08,-0.2528644
4.7303e-08,-0.2465583
4.7305e-08,-0.2402006
4.7307e-08,-0.2337954
4.7309e-08,-0.2273463
4.7311e-08,-0.22085749999999993
4.7313e-08,-0.21433239999999998
4.7315e-08,-0.20777479999999993
4.7317e-08,-0.20118819999999993
4.7319e-08,-0.19457590000000002
4.7321e-08,-0.1879413000000001
4.7323e-08,-0.1812878
4.7325e-08,-0.17461819999999995
4.7327e-08,-0.16793599999999997
4.7329e-08,-0.16124360000000004
4.7331e-08,-0.15454440000000003
4.7333e-08,-0.14784070000000005
4.7335e-08,-0.14113550000000008
4.7337e-08,-0.13443130000000003
4.7339e-08,-0.12773069999999997
4.7341e-08,-0.12103579999999992
4.7343e-08,-0.11434940000000005
4.7345e-08,-0.10767329999999997
4.7347e-08,-0.10101009999999999
4.7349e-08,-0.0943615000000001
4.7351e-08,-0.08772989999999992
4.7353e-08,-0.081117
4.7355e-08,-0.07452459999999994
4.7357e-08,-0.06795470000000003
4.7359e-08,-0.06140900000000005
4.7361e-08,-0.05488909999999991
4.7363e-08,-0.0483965999999999
4.7365e-08,-0.041933
4.7367e-08,-0.03549979999999997
4.7369e-08,-0.02909839999999997
4.7371e-08,-0.022730099999999975
4.7373e-08,-0.016396199999999972
4.7375e-08,-0.010097799999999935
4.7377e-08,-0.003836399999999962
4.7379e-08,0.002387299999999981
4.7381e-08,0.008572099999999971
4.7383e-08,0.014716900000000033
4.7385e-08,0.020820699999999914
4.7387e-08,0.026882899999999932
4.7389e-08,0.0329024
4.7391e-08,0.03887850000000004
4.7393e-08,0.04481029999999997
4.7395e-08,0.050697300000000056
4.7397e-08,0.05653870000000005
4.73985e-08,0.06088939999999998
4.74e-08,0.06521390000000005
4.74002e-08,0.06578830000000002
4.74006e-08,0.066936
4.74014e-08,0.0692259999999999
4.7403e-08,0.07378289999999998
4.7405e-08,0.07943599999999995
4.7407e-08,0.08504090000000009
4.7409e-08,0.09059689999999998
4.7411e-08,0.09610370000000001
4.7413e-08,0.10156089999999995
4.7415e-08,0.10696830000000002
4.7417e-08,0.11232530000000007
4.7419e-08,0.11763199999999996
4.7421e-08,0.12288769999999993
4.7423e-08,0.1280926
4.7425e-08,0.1332462000000001
4.7427e-08,0.13834859999999993
4.7429e-08,0.14339940000000007
4.7431e-08,0.14839860000000005
4.7433e-08,0.15334599999999998
4.7435e-08,0.15824169999999993
4.7437e-08,0.1630855
4.7439e-08,0.1678775
4.7441e-08,0.17261759999999993
4.7443e-08,0.17730579999999996
4.7445e-08,0.1819421000000001
4.7447e-08,0.18652669999999993
4.7449e-08,0.19105950000000005
4.7451e-08,0.1955407
4.7453e-08,0.1999702000000001
4.7455e-08,0.20434839999999999
4.7457e-08,0.20867520000000006
4.7459e-08,0.2129508
4.7461e-08,0.21717529999999996
4.7463e-08,0.22134910000000008
4.7465e-08,0.22547209999999995
4.7467e-08,0.2295446
4.7469e-08,0.23356690000000002
4.7471e-08,0.2375391
4.7473e-08,0.24146140000000005
4.7475e-08,0.24533399999999994
4.7477e-08,0.24915729999999991
4.7479e-08,0.2529315
4.7481e-08,0.2566568
4.7483e-08,0.2603335
4.7485e-08,0.2639619000000001
4.7487e-08,0.2675423
4.7489e-08,0.2710749
4.7491e-08,0.2745601
4.7493e-08,0.2779980999999999
4.7495e-08,0.28138929999999995
4.7497e-08,0.2847341000000001
4.7499e-08,0.28803259999999997
4.7501e-08,0.2912852
4.7503e-08,0.2944924
4.7505e-08,0.2976542
4.7507e-08,0.3007712
4.7509e-08,0.3038438
4.7511e-08,0.3068721
4.7513e-08,0.3098565999999999
4.7515e-08,0.3127976
4.7517e-08,0.3156955
4.7519e-08,0.31855069999999996
4.7521e-08,0.3213635
4.7523e-08,0.32413420000000004
4.7525e-08,0.3268632
4.7527e-08,0.3295509999999999
4.7529e-08,0.33219770000000004
4.7531e-08,0.33480389999999993
4.7533e-08,0.3373699
4.7535e-08,0.339896
4.7537e-08,0.34238270000000004
4.7539e-08,0.34483030000000003
4.7541e-08,0.3472391
4.7543e-08,0.3496095
4.7545e-08,0.351942
4.7547e-08,0.35423689999999997
4.7549e-08,0.35649450000000005
4.7551e-08,0.35871530000000007
4.7553e-08,0.36089949999999993
4.7555e-08,0.3630476
4.7557e-08,0.36515999999999993
4.7559e-08,0.3672369
4.7561e-08,0.36927889999999997
4.7563e-08,0.3712862
4.7565e-08,0.3732592
4.7567e-08,0.3751983
4.7569e-08,0.3771038000000001
4.7571e-08,0.378976
4.7573e-08,0.3808155
4.7575e-08,0.3826225000000001
4.7577e-08,0.38439729999999994
4.7579e-08,0.3861405
4.7581e-08,0.387852
4.7583e-08,0.3895328
4.7585e-08,0.3911827
4.7587e-08,0.3928022
4.7589e-08,0.39439180000000007
4.7591e-08,0.3959517
4.7593e-08,0.3974822
4.7595e-08,0.3989838
4.7597e-08,0.40045679999999995
4.75985e-08,0.40154290000000004
4.76e-08,0.40261329999999995
4.76002e-08,0.4027554000000001
4.76006e-08,0.4030408
4.76014e-08,0.4036187
4.7603e-08,0.40479160000000003
4.7605e-08,0.40626210000000007
4.7607e-08,0.4077027000000001
4.7609e-08,0.40907970000000005
4.7611e-08,0.4103652
4.7613e-08,0.4115356
4.7615e-08,0.4125713000000001
4.7617e-08,0.4134557
4.7619e-08,0.4141753
4.7621e-08,0.41471879999999994
4.7623e-08,0.4150775
4.7625e-08,0.4152439
4.7627e-08,0.41521240000000004
4.7629e-08,0.41497910000000005
4.7631e-08,0.41454099999999994
4.7633e-08,0.4138961
4.7635e-08,0.41304360000000007
4.7637e-08,0.41198349999999995
4.7639e-08,0.41071650000000004
4.7641e-08,0.4092439
4.7643e-08,0.40756760000000003
4.7645e-08,0.4056902
4.7647e-08,0.40361439999999993
4.7649e-08,0.4013434
4.7651e-08,0.39888100000000004
4.7653e-08,0.39623089999999994
4.7655e-08,0.39339709999999994
4.7657e-08,0.3903841
4.7659e-08,0.3871964
4.7661e-08,0.3838385000000001
4.7663e-08,0.38031519999999996
4.7665e-08,0.3766315
4.7667e-08,0.3727922
4.7669e-08,0.36880219999999997
4.7671e-08,0.36466659999999995
4.7673e-08,0.36039049999999995
4.7675e-08,0.35597900000000005
4.7677e-08,0.35143689999999994
4.7679e-08,0.34676949999999995
4.7681e-08,0.3419816
4.7683e-08,0.3370782
4.7685e-08,0.33206420000000003
4.7687e-08,0.32694449999999997
4.7689e-08,0.3217238
4.7691e-08,0.31640710000000005
4.7693e-08,0.3109988
4.7695e-08,0.30550370000000004
4.7697e-08,0.29992620000000003
4.7699e-08,0.2942707
4.7701e-08,0.2885414999999999
4.7703e-08,0.2827431
4.7705e-08,0.2768796
4.7707e-08,0.2709549
4.7709e-08,0.26497329999999997
4.7711e-08,0.2589384
4.7713e-08,0.2528543
4.7715e-08,0.24672440000000007
4.7717e-08,0.24055270000000006
4.7719e-08,0.23434260000000007
4.7721e-08,0.22809750000000006
4.7723e-08,0.22182079999999993
4.7725e-08,0.21551569999999998
4.7727e-08,0.20918539999999997
4.7729e-08,0.2028331
4.7731e-08,0.19646180000000002
4.7733e-08,0.19007430000000003
4.7735e-08,0.1836734
4.7737e-08,0.17726189999999997
4.7739e-08,0.17084259999999996
4.7741e-08,0.16441780000000006
4.7743e-08,0.15799010000000002
4.7745e-08,0.15156210000000003
4.7747e-08,0.1451359000000001
4.7749e-08,0.13871370000000005
4.7751e-08,0.13229789999999997
4.7753e-08,0.12589060000000007
4.7755e-08,0.11949359999999998
4.7757e-08,0.11310900000000002
4.7759e-08,0.10673870000000008
4.7761e-08,0.10038449999999999
4.7763e-08,0.09404820000000003
4.7765e-08,0.08773140000000001
4.7767e-08,0.08143580000000006
4.7769e-08,0.07516289999999992
4.7771e-08,0.06891409999999998
4.7773e-08,0.06269100000000005
4.7775e-08,0.05649499999999996
4.7777e-08,0.050327299999999964
4.7779e-08,0.04418920000000004
4.7781e-08,0.0380819
4.7783e-08,0.032006599999999996
4.7785e-08,0.02596430000000005
4.7787e-08,0.019956100000000032
4.7789e-08,0.013983099999999915
4.7791e-08,0.00804629999999995
4.7793e-08,0.0021463000000000454
4.7795e-08,-0.0037156999999999885
4.7797e-08,-0.009538999999999964
4.77985e-08,-0.013880699999999968
4.78e-08,-0.018199900000000047
4.78002e-08,-0.01877390000000001
4.78006e-08,-0.01992090000000002
4.78014e-08,-0.02221020000000007
4.7803e-08,-0.02676920000000005
4.7805e-08,-0.03243049999999992
4.7807e-08,-0.03804960000000002
4.7809e-08,-0.043625899999999995
4.7811e-08,-0.049158900000000005
4.7813e-08,-0.05464809999999998
4.7815e-08,-0.06009310000000001
4.7817e-08,-0.06549339999999992
4.7819e-08,-0.07084850000000009
4.7821e-08,-0.0761581
4.7823e-08,-0.08142179999999999
4.7825e-08,-0.08663930000000009
4.7827e-08,-0.0918102999999999
4.7829e-08,-0.09693459999999998
4.7831e-08,-0.10201199999999999
4.7833e-08,-0.10704200000000008
4.7835e-08,-0.11202469999999998
4.7837e-08,-0.1169599
4.7839e-08,-0.1218473000000001
4.7841e-08,-0.12668689999999994
4.7843e-08,-0.13147850000000005
4.7845e-08,-0.13622220000000007
4.7847e-08,-0.14091779999999998
4.7849e-08,-0.1455652999999999
4.7851e-08,-0.1501646000000001
4.7853e-08,-0.15471580000000007
4.7855e-08,-0.15921889999999994
4.7857e-08,-0.16367390000000004
4.7859e-08,-0.16808079999999992
4.7861e-08,-0.17243980000000003
4.7863e-08,-0.17675079999999999
4.7865e-08,-0.181014
4.7867e-08,-0.1852294
4.7869e-08,-0.1893973
4.7871e-08,-0.19351759999999996
4.7873e-08,-0.1975907
4.7875e-08,-0.20161659999999992
4.7877e-08,-0.20559539999999998
4.7879e-08,-0.20952739999999992
4.7881e-08,-0.2134127
4.7883e-08,-0.2172516
4.7885e-08,-0.22104420000000002
4.7887e-08,-0.2247907
4.7889e-08,-0.2284914
4.7891e-08,-0.23214659999999998
4.7893e-08,-0.23575630000000003
4.7895e-08,-0.2393208
4.7897e-08,-0.24284060000000007
4.7899e-08,-0.24631570000000003
4.7901e-08,-0.24974640000000004
4.7903e-08,-0.2531331
4.7905e-08,-0.2564759
4.7907e-08,-0.2597752
4.7909e-08,-0.2630312
4.7911e-08,-0.2662443
4.7913e-08,-0.2694147
4.7915e-08,-0.2725428000000001
4.7917e-08,-0.2756288
4.7919e-08,-0.27867300000000006
4.7921e-08,-0.28167580000000003
4.7923e-08,-0.28463740000000004
4.7925e-08,-0.2875582
4.7927e-08,-0.29043850000000004
4.7929e-08,-0.29327860000000006
4.7931e-08,-0.2960788
4.7933e-08,-0.2988396
4.7935e-08,-0.3015612
4.7937e-08,-0.3042437
4.7939e-08,-0.30688780000000004
4.7941e-08,-0.3094937
4.7943e-08,-0.31206159999999994
4.7945e-08,-0.314592
4.7947e-08,-0.31708519999999996
4.7949e-08,-0.31954150000000003
4.7951e-08,-0.32196120000000006
4.7953e-08,-0.32434470000000004
4.7955e-08,-0.3266924
4.7957e-08,-0.32900450000000003
4.7959e-08,-0.33128140000000006
4.7961e-08,-0.3335234
4.7963e-08,-0.335731
4.7965e-08,-0.3379042
4.7967e-08,-0.34004370000000006
4.7969e-08,-0.3421497
4.7971e-08,-0.34422240000000004
4.7973e-08,-0.3462624000000001
4.7975e-08,-0.3482697
4.7977e-08,-0.35024489999999997
4.7979e-08,-0.3521883
4.7981e-08,-0.3541000999999999
4.7983e-08,-0.3559806999999999
4.7985e-08,-0.35783050000000005
4.7987e-08,-0.35964969999999996
4.7989e-08,-0.3614387
4.7991e-08,-0.36319789999999996
4.7993e-08,-0.36492750000000007
4.7995e-08,-0.3666279
4.7997e-08,-0.36829920000000005
4.79985e-08,-0.3695341
4.8e-08,-0.3707528000000001
4.80002e-08,-0.3709148
4.80006e-08,-0.37123969999999995
4.80014e-08,-0.37189669999999997
4.8003e-08,-0.3732276
4.8005e-08,-0.37489490000000003
4.8007e-08,-0.3765311
4.8009e-08,-0.3781023
4.8011e-08,-0.3795801000000001
4.8013e-08,-0.38094059999999996
4.8015e-08,-0.38216399999999995
4.8017e-08,-0.3832335
4.8019e-08,-0.38413549999999996
4.8021e-08,-0.3848585
4.8023e-08,-0.3853936
4.8025e-08,-0.38573370000000007
4.8027e-08,-0.3858729999999999
4.8029e-08,-0.38580749999999997
4.8031e-08,-0.38553439999999994
4.8033e-08,-0.3850521
4.8035e-08,-0.3843596
4.8037e-08,-0.3834573
4.8039e-08,-0.38234579999999996
4.8041e-08,-0.38102669999999994
4.8043e-08,-0.3795022
4.8045e-08,-0.3777747
4.8047e-08,-0.3758473
4.8049e-08,-0.37372359999999993
4.8051e-08,-0.37140700000000004
4.8053e-08,-0.36890179999999995
4.8055e-08,-0.3662122
4.8057e-08,-0.3633425
4.8059e-08,-0.36029749999999994
4.8061e-08,-0.357082
4.8063e-08,-0.35370060000000003
4.8065e-08,-0.3501586000000001
4.8067e-08,-0.3464607999999999
4.8069e-08,-0.3426125
4.8071e-08,-0.33861870000000005
4.8073e-08,-0.3344844
4.8075e-08,-0.33021469999999997
4.8077e-08,-0.3258149
4.8079e-08,-0.3212901
4.8081e-08,-0.31664519999999996
4.8083e-08,-0.3118851
4.8085e-08,-0.30701500000000004
4.8087e-08,-0.3020397
4.8089e-08,-0.296964
4.8091e-08,-0.2917925
4.8093e-08,-0.28653020000000007
4.8095e-08,-0.2811815
4.8097e-08,-0.27575099999999997
4.8099e-08,-0.27024309999999996
4.8101e-08,-0.26466200000000006
4.8103e-08,-0.2590123
4.8105e-08,-0.25329789999999996
4.8107e-08,-0.2475231
4.8109e-08,-0.2416916
4.8111e-08,-0.23580749999999995
4.8113e-08,-0.22987460000000004
4.8115e-08,-0.22389649999999994
4.8117e-08,-0.21787679999999998
4.8119e-08,-0.21181930000000004
4.8121e-08,-0.205727
4.8123e-08,-0.19960350000000004
4.8125e-08,-0.19345210000000002
4.8127e-08,-0.18727569999999993
4.8129e-08,-0.18107760000000006
4.8131e-08,-0.17486059999999992
4.8133e-08,-0.16862770000000005
4.8135e-08,-0.16238160000000001
4.8137e-08,-0.1561250999999999
4.8139e-08,-0.14986080000000002
4.8141e-08,-0.14359120000000003
4.8143e-08,-0.13731880000000007
4.8145e-08,-0.13104589999999994
4.8147e-08,-0.12477499999999997
4.8149e-08,-0.1185081
4.8151e-08,-0.1122474
4.8153e-08,-0.10599519999999996
4.8155e-08,-0.09975319999999999
4.8157e-08,-0.09352349999999998
4.8159e-08,-0.08730780000000005
4.8161e-08,-0.0811080999999999
4.8163e-08,-0.07492600000000005
4.8165e-08,-0.06876309999999997
4.8167e-08,-0.06262120000000004
4.8169e-08,-0.05650169999999999
4.8171e-08,-0.05040599999999995
4.8173e-08,-0.04433569999999998
4.8175e-08,-0.038291900000000045
4.8177e-08,-0.03227609999999992
4.8179e-08,-0.026289500000000077
4.8181e-08,-0.0203333
4.8183e-08,-0.014408500000000046
4.8185e-08,-0.00851640000000009
4.8187e-08,-0.0026577999999999324
4.8189e-08,0.003166200000000008
4.8191e-08,0.008954499999999976
4.8193e-08,0.014706600000000014
4.8195e-08,0.020421199999999917
4.8197e-08,0.02609780000000006
4.81985e-08,0.03032989999999991
4.82e-08,0.03453969999999995
4.82002e-08,0.03509909999999994
4.82006e-08,0.0362171
4.82014e-08,0.03844840000000005
4.8203e-08,0.04289149999999997
4.8205e-08,0.048408600000000024
4.8207e-08,0.05388419999999994
4.8209e-08,0.05931770000000003
4.8211e-08,0.06470870000000006
4.8213e-08,0.07005650000000008
4.8215e-08,0.0753608
4.8217e-08,0.08062119999999995
4.8219e-08,0.08583699999999994
4.8221e-08,0.09100830000000004
4.8223e-08,0.0961343
4.8225e-08,0.1012151
4.8227e-08,0.1062500999999999
4.8229e-08,0.11123910000000004
4.8231e-08,0.1161819999999999
4.8233e-08,0.12107839999999992
4.8235e-08,0.1259283
4.8237e-08,0.13073140000000005
4.8239e-08,0.1354877
4.8241e-08,0.14019710000000007
4.8243e-08,0.14485919999999997
4.8245e-08,0.14947430000000006
4.8247e-08,0.15404220000000002
4.8249e-08,0.1585628
4.8251e-08,0.16303610000000002
4.8253e-08,0.16746209999999995
4.8255e-08,0.17184090000000007
4.8257e-08,0.1761724
4.8259e-08,0.18045689999999992
4.8261e-08,0.18469409999999997
4.8263e-08,0.1888843
4.8265e-08,0.19302759999999997
4.8267e-08,0.19712410000000002
4.8269e-08,0.20117379999999996
4.8271e-08,0.20517700000000005
4.8273e-08,0.20913359999999992
4.8275e-08,0.21304410000000007
4.8277e-08,0.21690830000000005
4.8279e-08,0.2207266
4.8281e-08,0.22449910000000006
4.8283e-08,0.2282261
4.8285e-08,0.2319076
4.8287e-08,0.23554389999999992
4.8289e-08,0.2391354
4.8291e-08,0.24268199999999995
4.8293e-08,0.24618419999999996
4.8295e-08,0.24964209999999998
4.8297e-08,0.2530561
4.8299e-08,0.25642620000000005
4.8301e-08,0.25975289999999995
4.8303e-08,0.26303639999999995
4.8305e-08,0.26627690000000004
4.8307e-08,0.2694748
4.8309e-08,0.27263020000000004
4.8311e-08,0.2757436000000001
4.8313e-08,0.2788151
4.8315e-08,0.28184509999999996
4.8317e-08,0.2848339
4.8319e-08,0.28778170000000003
4.8321e-08,0.29068890000000003
4.8323e-08,0.29355600000000004
4.8325e-08,0.2963829
4.8327e-08,0.2991701
4.8329e-08,0.301918
4.8331e-08,0.3046268
4.8333e-08,0.30729700000000004
4.8335e-08,0.30992869999999995
4.8337e-08,0.31252230000000003
4.8339e-08,0.3150782
4.8341e-08,0.31759669999999995
4.8343e-08,0.32007810000000003
4.8345e-08,0.3225226
4.8347e-08,0.3249308000000001
4.8349e-08,0.32730270000000006
4.8351e-08,0.329639
4.8353e-08,0.3319398
4.8355e-08,0.33420550000000004
4.8357e-08,0.3364364000000001
4.8359e-08,0.3386329
4.8361e-08,0.34079519999999996
4.8363e-08,0.3429238
4.8365e-08,0.3450188999999999
4.8367e-08,0.34708079999999997
4.8369e-08,0.34911000000000003
4.8371e-08,0.3511067
4.8373e-08,0.3530711999999999
4.8375e-08,0.355004
4.8377e-08,0.3569053000000001
4.8379e-08,0.3587754000000001
4.8381e-08,0.3606148
4.8383e-08,0.3624234999999999
4.8385e-08,0.3642021000000001
4.8387e-08,0.365951
4.8389e-08,0.3676701
4.8391e-08,0.3693602
4.8393e-08,0.3710213
4.8395e-08,0.3726539
4.8397e-08,0.3742582
4.83985e-08,0.3754430000000001
4.84e-08,0.3766233
4.84002e-08,0.3767817
4.84006e-08,0.3770994
4.84014e-08,0.3777397
4.8403e-08,0.3790295
4.8405e-08,0.38063250000000004
4.8407e-08,0.38219210000000003
4.8409e-08,0.3836765
4.8411e-08,0.3850591
4.8413e-08,0.38631760000000004
4.8415e-08,0.38743320000000003
4.8417e-08,0.38839060000000003
4.8419e-08,0.3891768
4.8421e-08,0.38978139999999994
4.8423e-08,0.3901962
4.8425e-08,0.39041440000000005
4.8427e-08,0.3904312
4.8429e-08,0.3902428
4.8431e-08,0.3898469
4.8433e-08,0.389242
4.8435e-08,0.38842769999999993
4.8437e-08,0.38740450000000004
4.8439e-08,0.38617330000000005
4.8441e-08,0.38473579999999996
4.8443e-08,0.3830943
4.8445e-08,0.38125169999999997
4.8447e-08,0.3792109
4.8449e-08,0.3769756000000001
4.8451e-08,0.37454940000000003
4.8453e-08,0.3719365
4.8455e-08,0.3691413
4.8457e-08,0.36616820000000005
4.8459e-08,0.3630219
4.8461e-08,0.3597072
4.8463e-08,0.356229
4.8465e-08,0.3525922
4.8467e-08,0.34880180000000005
4.8469e-08,0.34486300000000003
4.8471e-08,0.34078089999999994
4.8473e-08,0.3365604
4.8475e-08,0.33220689999999997
4.8477e-08,0.3277253
4.8479e-08,0.32312070000000004
4.8481e-08,0.3183981
4.8483e-08,0.31356249999999997
4.8485e-08,0.30861879999999997
4.8487e-08,0.3035719
4.8489e-08,0.2984266
4.8491e-08,0.29318750000000005
4.8493e-08,0.2878594
4.8495e-08,0.2824468
4.8497e-08,0.27695420000000004
4.8499e-08,0.271386
4.8501e-08,0.2657465
4.8503e-08,0.26003999999999994
4.8505e-08,0.2542706
4.8507e-08,0.24844219999999995
4.8509e-08,0.24255900000000008
4.8511e-08,0.23662470000000002
4.8513e-08,0.2306431
4.8515e-08,0.22461789999999993
4.8517e-08,0.21855270000000004
4.8519e-08,0.2124509
4.8521e-08,0.2063159
4.8523e-08,0.20015110000000003
4.8525e-08,0.1939596
4.8527e-08,0.18774459999999993
4.8529e-08,0.18150900000000003
4.8531e-08,0.17525590000000002
4.8533e-08,0.16898810000000009
4.8535e-08,0.16270839999999998
4.8537e-08,0.1564194
4.8539e-08,0.15012360000000002
4.8541e-08,0.14382379999999995
4.8543e-08,0.13752219999999993
4.8545e-08,0.13122120000000004
4.8547e-08,0.12492309999999995
4.8549e-08,0.11863009999999996
4.8551e-08,0.11234440000000001
4.8553e-08,0.10606789999999999
4.8555e-08,0.09980270000000002
4.8557e-08,0.09355060000000004
4.8559e-08,0.08731350000000004
4.8561e-08,0.08109310000000003
4.8563e-08,0.07489120000000005
4.8565e-08,0.06870940000000003
4.8567e-08,0.06254919999999997
4.8569e-08,0.05641230000000008
4.8571e-08,0.050299800000000006
4.8573e-08,0.04421350000000002
4.8575e-08,0.03815450000000009
4.8577e-08,0.03212399999999993
4.8579e-08,0.02612340000000002
4.8581e-08,0.020153900000000058
4.8583e-08,0.014216400000000018
4.8585e-08,0.008312099999999933
4.8587e-08,0.0024421000000000026
4.8589e-08,-0.0033927999999999736
4.8591e-08,-0.009191700000000025
4.8593e-08,-0.014953499999999953
4.8595e-08,-0.020677500000000015
4.8597e-08,-0.026363000000000025
4.85985e-08,-0.0306014
4.86e-08,-0.03481729999999994
4.86002e-08,-0.035378200000000026
4.86006e-08,-0.036501100000000064
4.86014e-08,-0.038752200000000014
4.8603e-08,-0.043264700000000045
4.8605e-08,-0.04889500000000002
4.8607e-08,-0.05447550000000001
4.8609e-08,-0.05996980000000007
4.8611e-08,-0.06534660000000003
4.8613e-08,-0.07057970000000002
4.8615e-08,-0.07564720000000003
4.8617e-08,-0.08053069999999996
4.8619e-08,-0.08521509999999999
4.8621e-08,-0.08968830000000005
4.8623e-08,-0.09394069999999999
4.8625e-08,-0.09796450000000001
4.8627e-08,-0.10175430000000008
4.8629e-08,-0.10530600000000001
4.8631e-08,-0.10861699999999996
4.8633e-08,-0.11168599999999995
4.8635e-08,-0.11451279999999997
4.8637e-08,-0.11709809999999998
4.8639e-08,-0.11944339999999998
4.8641e-08,-0.12155090000000002
4.8643e-08,-0.12342330000000001
4.8645e-08,-0.12506420000000007
4.8647e-08,-0.12647700000000006
4.8649e-08,-0.1276659
4.8651e-08,-0.1286355
4.8653e-08,-0.12939030000000007
4.8655e-08,-0.12993509999999997
4.8657e-08,-0.13027500000000003
4.8659e-08,-0.1304153
4.8661e-08,-0.1303611
4.8663e-08,-0.13011760000000006
4.8665e-08,-0.12969039999999998
4.8667e-08,-0.1290848
4.8669e-08,-0.12830609999999998
4.8671e-08,-0.12735989999999997
4.8673e-08,-0.12625129999999996
4.8675e-08,-0.12498579999999992
4.8677e-08,-0.12356869999999998
4.8679e-08,-0.12200509999999998
4.8681e-08,-0.12030020000000008
4.8683e-08,-0.11845899999999998
4.8685e-08,-0.1164866
4.8687e-08,-0.11438789999999999
4.8689e-08,-0.11216780000000004
4.8691e-08,-0.1098309999999999
4.8693e-08,-0.10738199999999998
4.8695e-08,-0.10482559999999996
4.8697e-08,-0.10216610000000004
4.8699e-08,-0.09940799999999994
4.8701e-08,-0.0965554999999999
4.8703e-08,-0.0936127
4.8705e-08,-0.09058390000000005
4.8707e-08,-0.08747300000000002
4.8709e-08,-0.08428370000000007
4.8711e-08,-0.08101999999999998
4.8713e-08,-0.07768560000000002
4.8715e-08,-0.07428400000000002
4.8717e-08,-0.07081870000000001
4.8719e-08,-0.0672933
4.8721e-08,-0.06371079999999996
4.8723e-08,-0.060074700000000036
4.8725e-08,-0.05638810000000005
4.8727e-08,-0.05265399999999998
4.8729e-08,-0.04887549999999996
4.8731e-08,-0.04505519999999996
4.8733e-08,-0.041196200000000016
4.8735e-08,-0.037301099999999976
4.8737e-08,-0.033372599999999975
4.8739e-08,-0.029413200000000028
4.8741e-08,-0.02542539999999993
4.8743e-08,-0.021411700000000033
4.8745e-08,-0.017374299999999954
4.8747e-08,-0.013315600000000094
4.8749e-08,-0.009237799999999963
4.8751e-08,-0.005142800000000003
4.8753e-08,-0.0010329000000000033
4.8755e-08,0.00308990000000009
4.8757e-08,0.007223900000000061
4.8759e-08,0.011366899999999958
4.8761e-08,0.015517400000000015
4.8763e-08,0.01967350000000001
4.8765e-08,0.023833500000000063
4.8767e-08,0.027995800000000015
4.8769e-08,0.03215900000000005
4.8771e-08,0.0363213
4.8773e-08,0.04048129999999994
4.8775e-08,0.0446377
4.8777e-08,0.04878910000000003
4.8779e-08,0.05293400000000004
4.8781e-08,0.0570716
4.8783e-08,0.06120020000000004
4.8785e-08,0.06531880000000001
4.8787e-08,0.0694264
4.8789e-08,0.07352169999999991
4.8791e-08,0.0776038
4.8793e-08,0.08167160000000007
4.8795e-08,0.08572440000000003
4.8797e-08,0.08976090000000003
4.87985e-08,0.09277730000000006
4.88e-08,0.09578369999999992
4.88002e-08,0.09618440000000006
4.88006e-08,0.0969873
4.88014e-08,0.09860100000000005
4.8803e-08,0.10184959999999998
4.8805e-08,0.10591949999999994
4.8807e-08,0.1099618
4.8809e-08,0.11393959999999992
4.8811e-08,0.11782169999999992
4.8813e-08,0.12158199999999997
4.8815e-08,0.12519819999999993
4.8817e-08,0.12865159999999998
4.8819e-08,0.13192740000000003
4.8821e-08,0.13501280000000004
4.8823e-08,0.13789800000000008
4.8825e-08,0.14057530000000007
4.8827e-08,0.14303849999999996
4.8829e-08,0.14528370000000002
4.8831e-08,0.14730769999999993
4.8833e-08,0.14910919999999994
4.8835e-08,0.15068749999999997
4.8837e-08,0.15204299999999993
4.8839e-08,0.153177
4.8841e-08,0.1540914
4.8843e-08,0.15478879999999995
4.8845e-08,0.15527219999999997
4.8847e-08,0.15554519999999994
4.8849e-08,0.15561139999999996
4.8851e-08,0.15547520000000004
4.8853e-08,0.15514100000000008
4.8855e-08,0.1546134
4.8857e-08,0.15389730000000001
4.8859e-08,0.1529975
4.8861e-08,0.15191919999999992
4.8863e-08,0.1506676
4.8865e-08,0.14924769999999998
4.8867e-08,0.14766480000000004
4.8869e-08,0.14592420000000006
4.8871e-08,0.14403090000000007
4.8873e-08,0.1419903
4.8875e-08,0.13980760000000003
4.8877e-08,0.13748780000000005
4.8879e-08,0.13503600000000004
4.8881e-08,0.13245719999999994
4.8883e-08,0.1297564
4.8885e-08,0.1269384
4.8887e-08,0.12400810000000007
4.8889e-08,0.12097010000000008
4.8891e-08,0.11782899999999996
4.8893e-08,0.11458940000000006
4.8895e-08,0.11125580000000002
4.8897e-08,0.10783229999999999
4.8899e-08,0.10432339999999996
4.8901e-08,0.10073319999999997
4.8903e-08,0.09706560000000009
4.8905e-08,0.09332490000000004
4.8907e-08,0.08951450000000005
4.8909e-08,0.08563850000000006
4.8911e-08,0.08170060000000001
4.8913e-08,0.0777042
4.8915e-08,0.07365279999999996
4.8917e-08,0.06954989999999994
4.8919e-08,0.06539859999999997
4.8921e-08,0.06120239999999999
4.8923e-08,0.05696420000000002
4.8925e-08,0.05268709999999999
4.8927e-08,0.04837400000000003
4.8929e-08,0.04402790000000001
4.8931e-08,0.039651299999999945
4.8933e-08,0.035247099999999976
4.8935e-08,0.030817800000000006
4.8937e-08,0.026366
4.8939e-08,0.021894100000000027
4.8941e-08,0.017404500000000045
4.8943e-08,0.012899400000000005
4.8945e-08,0.008381300000000036
4.8947e-08,0.003851900000000019
4.8949e-08,-0.0006863999999999759
4.8951e-08,-0.005231600000000003
4.8953e-08,-0.009781799999999952
4.8955e-08,-0.01433530000000005
4.8957e-08,-0.018890000000000073
4.8959e-08,-0.02344439999999992
4.8961e-08,-0.027996600000000038
4.8963e-08,-0.032545099999999993
4.8965e-08,-0.03708840000000002
4.8967e-08,-0.041624899999999965
4.8969e-08,-0.04615309999999995
4.8971e-08,-0.05067159999999993
4.8973e-08,-0.055179199999999984
4.8975e-08,-0.059674499999999964
4.8977e-08,-0.06415630000000005
4.8979e-08,-0.06862330000000005
4.8981e-08,-0.07307449999999993
4.8983e-08,-0.07750859999999993
4.8985e-08,-0.08192469999999996
4.8987e-08,-0.0863218
4.8989e-08,-0.09069879999999997
4.8991e-08,-0.095055
4.8993e-08,-0.09938920000000007
4.8995e-08,-0.10370080000000004
4.8997e-08,-0.10798889999999994
4.89985e-08,-0.1111892000000001
4.9e-08,-0.11437540000000002
4.90002e-08,-0.11479980000000001
4.90006e-08,-0.11564980000000002
4.90014e-08,-0.11735699999999993
4.9003e-08,-0.12078909999999998
4.9005e-08,-0.12508229999999998
4.9007e-08,-0.1293413000000001
4.9009e-08,-0.13352959999999992
4.9011e-08,-0.13761650000000003
4.9013e-08,-0.14157549999999997
4.9015e-08,-0.145385
4.9017e-08,-0.1490266
4.9019e-08,-0.1524854
4.9021e-08,-0.15574909999999997
4.9023e-08,-0.15880799999999995
4.9025e-08,-0.1616540999999999
4.9027e-08,-0.1642821
4.9029e-08,-0.16668740000000004
4.9031e-08,-0.1688674
4.9033e-08,-0.1708206
4.9035e-08,-0.17254650000000005
4.9037e-08,-0.17404540000000002
4.9039e-08,-0.1753188000000001
4.9041e-08,-0.1763686
4.9043e-08,-0.17719740000000006
4.9045e-08,-0.17780819999999997
4.9047e-08,-0.17820440000000004
4.9049e-08,-0.17838999999999994
4.9051e-08,-0.17836910000000006
4.9053e-08,-0.17814640000000004
4.9055e-08,-0.1777261
4.9057e-08,-0.17711350000000003
4.9059e-08,-0.1763131
4.9061e-08,-0.1753304
4.9063e-08,-0.17417019999999994
4.9065e-08,-0.1728379000000001
4.9067e-08,-0.1713386
4.9069e-08,-0.16967759999999998
4.9071e-08,-0.16786009999999996
4.9073e-08,-0.16589149999999997
4.9075e-08,-0.16377660000000005
4.9077e-08,-0.16152100000000003
4.9079e-08,-0.15912939999999998
4.9081e-08,-0.1566071
4.9083e-08,-0.1539589
4.9085e-08,-0.15118979999999993
4.9087e-08,-0.1483046
4.9089e-08,-0.14530810000000005
4.9091e-08,-0.14220469999999996
4.9093e-08,-0.1389992
4.9095e-08,-0.13569600000000004
4.9097e-08,-0.13229959999999996
4.9099e-08,-0.12881399999999998
4.9101e-08,-0.12524369999999996
4.9103e-08,-0.12159259999999994
4.9105e-08,-0.11786489999999994
4.9107e-08,-0.11406430000000001
4.9109e-08,-0.11019460000000003
4.9111e-08,-0.10625980000000002
4.9113e-08,-0.1022632
4.9115e-08,-0.09820859999999998
4.9117e-08,-0.09409920000000005
4.9119e-08,-0.08993850000000003
4.9121e-08,-0.08572959999999996
4.9123e-08,-0.08147599999999999
4.9125e-08,-0.07718040000000004
4.9127e-08,-0.07284600000000008
4.9129e-08,-0.06847559999999997
4.9131e-08,-0.06407220000000002
4.9133e-08,-0.05963839999999998
4.9135e-08,-0.055176800000000026
4.9137e-08,-0.05069009999999996
4.9139e-08,-0.04618069999999996
4.9141e-08,-0.04165110000000005
4.9143e-08,-0.037103600000000014
4.9145e-08,-0.032540400000000025
4.9147e-08,-0.02796389999999993
4.9149e-08,-0.02337610000000001
4.9151e-08,-0.01877910000000005
4.9153e-08,-0.01417489999999999
4.9155e-08,-0.009565299999999999
4.9157e-08,-0.004952300000000021
4.9159e-08,-0.00033769999999999634
4.9161e-08,0.0042767999999999695
4.9163e-08,0.008889600000000053
4.9165e-08,0.01349889999999998
4.9167e-08,0.01810339999999999
4.9169e-08,0.022701299999999924
4.9171e-08,0.027291499999999913
4.9173e-08,0.031872300000000076
4.9175e-08,0.036442399999999986
4.9177e-08,0.0410007
4.9179e-08,0.04554570000000002
4.9181e-08,0.05007640000000002
4.9183e-08,0.05459159999999996
4.9185e-08,0.05909019999999998
4.9187e-08,0.06357109999999999
4.9189e-08,0.06803340000000002
4.9191e-08,0.07247590000000004
4.9193e-08,0.07689799999999991
4.9195e-08,0.0812986
4.9197e-08,0.08567689999999994
4.91985e-08,0.08894539999999995
4.92e-08,0.09220060000000008
4.92002e-08,0.0926342
4.92006e-08,0.09350270000000005
4.92014e-08,0.09524709999999992
4.9203e-08,0.09875400000000001
4.9205e-08,0.1031415
4.9207e-08,0.10749560000000002
4.9209e-08,0.11177959999999998
4.9211e-08,0.11596229999999996
4.9213e-08,0.1200177
4.9215e-08,0.12392359999999991
4.9217e-08,0.12766160000000004
4.9219e-08,0.13121669999999996
4.9221e-08,0.13457639999999993
4.9223e-08,0.13773100000000005
4.9225e-08,0.14067280000000004
4.9227e-08,0.14339590000000002
4.9229e-08,0.14589610000000008
4.9231e-08,0.1481707000000001
4.9233e-08,0.15021800000000007
4.9235e-08,0.1520378
4.9237e-08,0.1536305
4.9239e-08,0.1549973
4.9241e-08,0.15614019999999995
4.9243e-08,0.15706180000000003
4.9245e-08,0.15776539999999994
4.9247e-08,0.15825429999999996
4.9249e-08,0.15853249999999997
4.9251e-08,0.15860410000000003
4.9253e-08,0.1584738
4.9255e-08,0.15814609999999996
4.9257e-08,0.1576261
4.9259e-08,0.15691850000000007
4.9261e-08,0.15602859999999996
4.9263e-08,0.15496140000000003
4.9265e-08,0.15372220000000003
4.9267e-08,0.1523163999999999
4.9269e-08,0.15074910000000008
4.9271e-08,0.14902549999999992
4.9273e-08,0.14715099999999992
4.9275e-08,0.14513070000000006
4.9277e-08,0.1429697000000001
4.9279e-08,0.1406733
4.9281e-08,0.1382464
4.9283e-08,0.13569399999999998
4.9285e-08,0.13302099999999994
4.9287e-08,0.13023209999999996
4.9289e-08,0.1273324
4.9291e-08,0.12432619999999994
4.9293e-08,0.12121820000000005
4.9295e-08,0.11801280000000003
4.9297e-08,0.1147144
4.9299e-08,0.11132739999999997
4.9301e-08,0.1078559
4.9303e-08,0.1043039
4.9305e-08,0.10067560000000009
4.9307e-08,0.09697469999999997
4.9309e-08,0.09320519999999999
4.9311e-08,0.08937059999999997
4.9313e-08,0.08547459999999996
4.9315e-08,0.08152090000000001
4.9317e-08,0.07751260000000004
4.9319e-08,0.0734532
4.9321e-08,0.06934599999999991
4.9323e-08,0.06519399999999997
4.9325e-08,0.06100050000000001
4.9327e-08,0.05676809999999999
4.9329e-08,0.05250009999999994
4.9331e-08,0.04819909999999994
4.9333e-08,0.043867700000000065
4.9335e-08,0.03950880000000001
4.9337e-08,0.035124900000000014
4.9339e-08,0.030718400000000035
4.9341e-08,0.02629170000000003
4.9343e-08,0.021847199999999956
4.9345e-08,0.0173871000000001
4.9347e-08,0.01291359999999997
4.9349e-08,0.008428899999999961
4.9351e-08,0.0039349000000000744
4.9353e-08,-0.0005663999999999669
4.9355e-08,-0.005072900000000047
4.9357e-08,-0.009583099999999956
4.9359e-08,-0.014094800000000074
4.9361e-08,-0.018606699999999976
4.9363e-08,-0.02311669999999999
4.9365e-08,-0.02762359999999997
4.9367e-08,-0.032125699999999924
4.9369e-08,-0.036621399999999915
4.9371e-08,-0.04110939999999996
4.9373e-08,-0.04558820000000008
4.9375e-08,-0.050056699999999954
4.9377e-08,-0.05451349999999999
4.9379e-08,-0.058957099999999985
4.9381e-08,-0.06338679999999997
4.9383e-08,-0.06780109999999995
4.9385e-08,-0.07219909999999996
4.9387e-08,-0.07657970000000003
4.9389e-08,-0.08094190000000001
4.9391e-08,-0.08528469999999999
4.9393e-08,-0.08960729999999995
4.9395e-08,-0.09390869999999996
4.9397e-08,-0.09818800000000005
4.93985e-08,-0.10138269999999994
4.94e-08,-0.10456409999999994
4.94002e-08,-0.10498790000000002
4.94006e-08,-0.10583679999999995
4.94014e-08,-0.10754200000000003
4.9403e-08,-0.11097059999999992
4.9405e-08,-0.1152607
4.9407e-08,-0.11951780000000001
4.9409e-08,-0.12370539999999997
4.9411e-08,-0.12779240000000003
4.9413e-08,-0.1317526
4.9415e-08,-0.13556409999999997
4.9417e-08,-0.13920850000000007
4.9419e-08,-0.1426708
4.9421e-08,-0.14593869999999998
4.9423e-08,-0.14900219999999997
4.9425e-08,-0.15185380000000004
4.9427e-08,-0.1544875
4.9429e-08,-0.15689930000000007
4.9431e-08,-0.1590863
4.9433e-08,-0.16104699999999994
4.9435e-08,-0.1627809
4.9437e-08,-0.16428830000000005
4.9439e-08,-0.16557080000000002
4.9441e-08,-0.16663020000000006
4.9443e-08,-0.1674690000000001
4.9445e-08,-0.16809039999999997
4.9447e-08,-0.16849780000000003
4.9449e-08,-0.1686951
4.9451e-08,-0.16868650000000007
4.9453e-08,-0.16847650000000003
4.9455e-08,-0.1680699
4.9457e-08,-0.1674713
4.9459e-08,-0.16668570000000005
4.9461e-08,-0.16571820000000004
4.9463e-08,-0.164574
4.9465e-08,-0.16325829999999997
4.9467e-08,-0.16177629999999998
4.9469e-08,-0.16013330000000003
4.9471e-08,-0.15833450000000004
4.9473e-08,-0.156385
4.9475e-08,-0.15429020000000004
4.9477e-08,-0.15205500000000005
4.9479e-08,-0.14968479999999995
4.9481e-08,-0.1471844
4.9483e-08,-0.14455890000000005
4.9485e-08,-0.14181300000000008
4.9487e-08,-0.13895179999999996
4.9489e-08,-0.13597989999999993
4.9491e-08,-0.13290179999999996
4.9493e-08,-0.1297222
4.9495e-08,-0.12644560000000005
4.9497e-08,-0.12307630000000003
4.9499e-08,-0.11961869999999997
4.9501e-08,-0.11607679999999998
4.9503e-08,-0.11245479999999997
4.9505e-08,-0.10875669999999993
4.9507e-08,-0.10498649999999998
4.9509e-08,-0.10114769999999995
4.9511e-08,-0.09724430000000006
4.9513e-08,-0.09327969999999997
4.9515e-08,-0.08925759999999994
4.9517e-08,-0.08518150000000002
4.9519e-08,-0.08105439999999997
4.9521e-08,-0.07687979999999994
4.9523e-08,-0.07266079999999997
4.9525e-08,-0.06840049999999998
4.9527e-08,-0.06410170000000004
4.9529e-08,-0.05976760000000003
4.9531e-08,-0.05540069999999997
4.9533e-08,-0.051003800000000044
4.9535e-08,-0.04657980000000006
4.9537e-08,-0.04213100000000003
4.9539e-08,-0.03765989999999997
4.9541e-08,-0.03316909999999995
4.9543e-08,-0.028660599999999925
4.9545e-08,-0.024136999999999964
4.9547e-08,-0.019600300000000015
4.9549e-08,-0.01505270000000003
4.9551e-08,-0.010496200000000067
4.9553e-08,-0.005932800000000071
4.9555e-08,-0.0013644000000000434
4.9557e-08,0.0032071000000000183
4.9559e-08,0.007780000000000009
4.9561e-08,0.012352600000000047
4.9563e-08,0.016923200000000027
4.9565e-08,0.02149000000000001
4.9567e-08,0.02605170000000001
4.9569e-08,0.030606699999999987
4.9571e-08,0.03515360000000001
4.9573e-08,0.03969109999999998
4.9575e-08,0.044217700000000026
4.9577e-08,0.0487322
4.9579e-08,0.0532334000000001
4.9581e-08,0.057719999999999994
4.9583e-08,0.062191100000000055
4.9585e-08,0.06664539999999997
4.9587e-08,0.07108179999999997
4.9589e-08,0.0754996
4.9591e-08,0.07989749999999995
4.9593e-08,0.08427470000000004
4.9595e-08,0.08863050000000006
4.9597e-08,0.09296380000000004
4.95985e-08,0.09619869999999997
4.96e-08,0.09943120000000005
4.96002e-08,0.09986329999999999
4.96006e-08,0.1007287
4.96014e-08,0.1024645999999999
4.9603e-08,0.10594599999999998
4.9605e-08,0.11028729999999998
4.9607e-08,0.1145815
4.9609e-08,0.11879399999999996
4.9611e-08,0.12289570000000005
4.9613e-08,0.12686170000000008
4.9615e-08,0.13067170000000006
4.9617e-08,0.13430829999999994
4.9619e-08,0.13775769999999998
4.9621e-08,0.1410083000000001
4.9623e-08,0.1440513
4.9625e-08,0.14687949999999994
4.9627e-08,0.14948780000000006
4.9629e-08,0.15187260000000002
4.9631e-08,0.15403140000000004
4.9633e-08,0.15596330000000003
4.9635e-08,0.15766800000000003
4.9637e-08,0.1591463999999999
4.9639e-08,0.1604
4.9641e-08,0.16143090000000004
4.9643e-08,0.16224209999999994
4.9645e-08,0.16283670000000006
4.9647e-08,0.16321839999999999
4.9649e-08,0.1633911
4.9651e-08,0.16335929999999999
4.9653e-08,0.1631275000000001
4.9655e-08,0.16270039999999997
4.9657e-08,0.16208279999999997
4.9659e-08,0.16127979999999997
4.9661e-08,0.16029670000000007
4.9663e-08,0.15913829999999995
4.9665e-08,0.15781
4.9667e-08,0.15631719999999993
4.9669e-08,0.15466499999999994
4.9671e-08,0.15285859999999996
4.9673e-08,0.15090330000000007
4.9675e-08,0.14880420000000005
4.9677e-08,0.1465666
4.9679e-08,0.14419530000000003
4.9681e-08,0.14169549999999997
4.9683e-08,0.13907210000000003
4.9685e-08,0.1363301
4.9687e-08,0.13347399999999998
4.9689e-08,0.13050859999999997
4.9691e-08,0.12743879999999996
4.9693e-08,0.12426880000000007
4.9695e-08,0.12100299999999997
4.9697e-08,0.11764600000000003
4.9699e-08,0.11420189999999997
4.9701e-08,0.11067479999999996
4.9703e-08,0.10706890000000002
4.9705e-08,0.10338809999999998
4.9707e-08,0.09963619999999995
4.9709e-08,0.09581700000000004
4.9711e-08,0.09193420000000008
4.9713e-08,0.0879913
4.9715e-08,0.08399179999999995
4.9717e-08,0.07993930000000005
4.9719e-08,0.07583689999999998
4.9721e-08,0.07168770000000002
4.9723e-08,0.06749510000000003
4.9725e-08,0.06326200000000004
4.9727e-08,0.05899120000000002
4.9729e-08,0.05468580000000001
4.9731e-08,0.05034850000000002
4.9733e-08,0.04598190000000002
4.9735e-08,0.04158879999999998
4.9737e-08,0.03717140000000008
4.9739e-08,0.03273249999999994
4.9741e-08,0.028274400000000033
4.9743e-08,0.02379930000000008
4.9745e-08,0.01930949999999998
4.9747e-08,0.014807099999999962
4.9749e-08,0.010294299999999978
4.9751e-08,0.005773000000000028
4.9753e-08,0.0012453000000000047
4.9755e-08,-0.0032870999999999873
4.9757e-08,-0.007822299999999949
4.9759e-08,-0.012358499999999939
4.9761e-08,-0.016893900000000017
4.9763e-08,-0.02142709999999992
4.9765e-08,-0.025956299999999932
4.9767e-08,-0.03048010000000001
4.9769e-08,-0.034996999999999945
4.9771e-08,-0.03950560000000003
4.9773e-08,-0.044004400000000055
4.9775e-08,-0.048492300000000044
4.9777e-08,-0.05296789999999996
4.9779e-08,-0.05743009999999993
4.9781e-08,-0.06187759999999998
4.9783e-08,-0.06630940000000007
4.9785e-08,-0.07072430000000007
4.9787e-08,-0.0751213999999999
4.9789e-08,-0.0794996
4.9791e-08,-0.08385810000000005
4.9793e-08,-0.08819580000000005
4.9795e-08,-0.09251209999999999
4.9797e-08,-0.09680579999999994
4.97985e-08,-0.10001099999999996
4.98e-08,-0.10320280000000004
4.98002e-08,-0.10362739999999993
4.98006e-08,-0.10447569999999995
4.98014e-08,-0.10616950000000003
4.9803e-08,-0.10954520000000001
4.9805e-08,-0.1137418
4.9807e-08,-0.11791249999999998
4.9809e-08,-0.12205670000000002
4.9811e-08,-0.12617370000000006
4.9813e-08,-0.13026289999999996
4.9815e-08,-0.1343238
4.9817e-08,-0.13835609999999998
4.9819e-08,-0.1423589999999999
4.9821e-08,-0.14633229999999997
4.9823e-08,-0.15027540000000006
4.9825e-08,-0.15418810000000005
4.9827e-08,-0.15807000000000004
4.9829e-08,-0.16192060000000008
4.9831e-08,-0.1657398
4.9833e-08,-0.16952710000000004
4.9835e-08,-0.1732823
4.9837e-08,-0.17700519999999997
4.9839e-08,-0.1806954999999999
4.9841e-08,-0.184353
4.9843e-08,-0.18797760000000008
4.9845e-08,-0.191569
4.9847e-08,-0.1951271
4.9849e-08,-0.19865159999999993
4.9851e-08,-0.2021427
4.9853e-08,-0.2056
4.9855e-08,-0.2090236000000001
4.9857e-08,-0.21241330000000003
4.9859e-08,-0.2157690000000001
4.9861e-08,-0.21909069999999997
4.9863e-08,-0.22237850000000003
4.9865e-08,-0.22563220000000006
4.9867e-08,-0.22885179999999994
4.9869e-08,-0.23203740000000006
4.9871e-08,-0.23518910000000004
4.9873e-08,-0.23830660000000004
4.9875e-08,-0.24139029999999995
4.9877e-08,-0.24443990000000004
4.9879e-08,-0.24745570000000006
4.9881e-08,-0.2504377
4.9883e-08,-0.25338610000000006
4.9885e-08,-0.25630070000000005
4.9887e-08,-0.2591817999999999
4.9889e-08,-0.2620294000000001
4.9891e-08,-0.2648437
4.9893e-08,-0.2676248
4.9895e-08,-0.2703727
4.9897e-08,-0.27308770000000004
4.9899e-08,-0.27576980000000006
4.9901e-08,-0.2784192
4.9903e-08,-0.2810361
4.9905e-08,-0.28362069999999995
4.9907e-08,-0.2861728
4.9909e-08,-0.28869310000000004
4.9911e-08,-0.2911813000000001
4.9913e-08,-0.2936379
4.9915e-08,-0.29606299999999997
4.9917e-08,-0.29845659999999996
4.9919e-08,-0.30081920000000006
4.9921e-08,-0.30315060000000005
4.9923e-08,-0.30545139999999993
4.9925e-08,-0.3077215
4.9927e-08,-0.3099613
4.9929e-08,-0.31217090000000003
4.9931e-08,-0.3143505
4.9933e-08,-0.3165004
4.9935e-08,-0.3186207000000001
4.9937e-08,-0.32071170000000004
4.9939e-08,-0.3227736
4.9941e-08,-0.32480660000000006
4.9943e-08,-0.32681099999999996
4.9945e-08,-0.3287869
4.9947e-08,-0.3307346
4.9949e-08,-0.3326542
4.9951e-08,-0.33454609999999996
4.9953e-08,-0.3364106
4.9955e-08,-0.3382476
4.9957e-08,-0.3400577
4.9959e-08,-0.34184079999999994
4.9961e-08,-0.34359740000000005
4.9963e-08,-0.3453277
4.9965e-08,-0.3470318
4.9967e-08,-0.3487098999999999
4.9969e-08,-0.3503625
4.9971e-08,-0.3519896
4.9973e-08,-0.3535916
4.9975e-08,-0.35516860000000006
4.9977e-08,-0.35672080000000006
4.9979e-08,-0.35824860000000003
4.9981e-08,-0.35975199999999996
4.9983e-08,-0.3612316
4.9985e-08,-0.3626874
4.9987e-08,-0.3641196000000001
4.9989e-08,-0.3655284999999999
4.9991e-08,-0.3669144
4.9993e-08,-0.3682772999999999
4.9995e-08,-0.3696178
4.9997e-08,-0.3709359
4.99985e-08,-0.3719099
5e-08,-0.3728715
5.00002e-08,-0.3729987
5.00006e-08,-0.3732527
5.00014e-08,-0.3737579
5.0003e-08,-0.37475800000000004
5.0005e-08,-0.375989
5.0007e-08,-0.37719859999999994
5.0009e-08,-0.37838739999999993
5.0011e-08,-0.3795554
5.0013e-08,-0.3807028
5.0015e-08,-0.38183
5.0017e-08,-0.38293699999999997
5.0019e-08,-0.3840243
5.0021e-08,-0.38509190000000004
5.0023e-08,-0.38614000000000004
5.0025e-08,-0.387169
5.0027e-08,-0.38817900000000005
5.0029e-08,-0.3891701999999999
5.0031e-08,-0.390143
5.0033e-08,-0.39109739999999993
5.0035e-08,-0.3920336
5.0037e-08,-0.39295199999999997
5.0039e-08,-0.3938526
5.0041e-08,-0.39473590000000003
5.0043e-08,-0.3956018
5.0045e-08,-0.3964506000000001
5.0047e-08,-0.3972827
5.0049e-08,-0.39809799999999995
5.0051e-08,-0.3988969
5.0053e-08,-0.3996796
5.0055e-08,-0.4004462
5.0057e-08,-0.4011969999999999
5.0059e-08,-0.4019320999999999
5.0061e-08,-0.4026516
5.0063e-08,-0.40335600000000005
5.0065e-08,-0.4040454
5.0067e-08,-0.4047197
5.0069e-08,-0.40537939999999995
5.0071e-08,-0.4060247
5.0073e-08,-0.4066556
5.0075e-08,-0.40727230000000003
5.0077e-08,-0.40787510000000005
5.0079e-08,-0.4084641
5.0081e-08,-0.40903959999999995
5.0083e-08,-0.40960149999999995
5.0085e-08,-0.4101504
5.0087e-08,-0.41068610000000005
5.0089e-08,-0.4112089
5.0091e-08,-0.4117191
5.0093e-08,-0.4122167
5.0095e-08,-0.41270189999999995
5.0097e-08,-0.4131749
5.0099e-08,-0.41363589999999995
5.0101e-08,-0.4140849
5.0103e-08,-0.4145223
5.0105e-08,-0.4149482
5.0107e-08,-0.4153626
5.0109e-08,-0.41576579999999996
5.0111e-08,-0.41615789999999997
5.0113e-08,-0.41653909999999994
5.0115e-08,-0.4169096
5.0117e-08,-0.4172694
5.0119e-08,-0.41761880000000007
5.0121e-08,-0.4179579
5.0123e-08,-0.41828679999999996
5.0125e-08,-0.4186057000000001
5.0127e-08,-0.4189147
5.0129e-08,-0.419214
5.0131e-08,-0.41950370000000003
5.0133e-08,-0.41978400000000005
5.0135e-08,-0.42005499999999996
5.0137e-08,-0.42031679999999993
5.0139e-08,-0.4205696
5.0141e-08,-0.42081349999999995
5.0143e-08,-0.4210486
5.0145e-08,-0.42127499999999996
5.0147e-08,-0.42149310000000006
5.0149e-08,-0.4217027
5.0151e-08,-0.4219041
5.0153e-08,-0.4220973
5.0155e-08,-0.4222827
5.0157e-08,-0.4224601
5.0159e-08,-0.42262979999999994
5.0161e-08,-0.4227919
5.0163e-08,-0.4229465
5.0165e-08,-0.42309379999999996
5.0167e-08,-0.42323370000000005
5.0169e-08,-0.4233665
5.0171e-08,-0.4234922
5.0173e-08,-0.42361119999999997
5.0175e-08,-0.42372319999999997
5.0177e-08,-0.4238286
5.0179e-08,-0.42392740000000007
5.0181e-08,-0.4240197
5.0183e-08,-0.42410559999999997
5.0185e-08,-0.42418540000000005
5.0187e-08,-0.4242589
5.0189e-08,-0.42432649999999994
5.0191e-08,-0.424388
5.0193e-08,-0.4244437
5.0195e-08,-0.4244936
5.0197e-08,-0.4245379
5.01985e-08,-0.42456759999999993
5.02e-08,-0.4245941
5.02002e-08,-0.42459729999999996
5.02006e-08,-0.4246038
5.02014e-08,-0.42461610000000005
5.0203e-08,-0.42463799999999996
5.0205e-08,-0.4246607
5.0207e-08,-0.4246782
5.0209e-08,-0.4246907
5.0211e-08,-0.4246982
5.0213e-08,-0.42470069999999993
5.0215e-08,-0.4246985000000001
5.0217e-08,-0.42469159999999995
5.0219e-08,-0.42467999999999995
5.0221e-08,-0.4246639
5.0223e-08,-0.4246434
5.0225e-08,-0.42461840000000006
5.0227e-08,-0.4245892
5.0229e-08,-0.4245557
5.0231e-08,-0.4245181
5.0233e-08,-0.42447650000000003
5.0235e-08,-0.42443090000000006
5.0237e-08,-0.42438129999999996
5.0239e-08,-0.4243279999999999
5.0241e-08,-0.4242709
5.0243e-08,-0.4242102
5.0245e-08,-0.4241458
5.0247e-08,-0.42407800000000007
5.0249e-08,-0.42400669999999996
5.0251e-08,-0.423932
5.0253e-08,-0.42385400000000006
5.0255e-08,-0.42377279999999995
5.0257e-08,-0.4236884000000001
5.0259e-08,-0.42360089999999995
5.0261e-08,-0.42351039999999995
5.0263e-08,-0.4234167999999999
5.0265e-08,-0.42332039999999993
5.0267e-08,-0.4232211
5.0269e-08,-0.423119
5.0271e-08,-0.42301430000000007
5.0273e-08,-0.4229069
5.0275e-08,-0.42279690000000003
5.0277e-08,-0.4226843
5.0279e-08,-0.4225692000000001
5.0281e-08,-0.42245179999999993
5.0283e-08,-0.42233200000000004
5.0285e-08,-0.42220979999999997
5.0287e-08,-0.4220855
5.0289e-08,-0.421959
5.0291e-08,-0.42183019999999993
5.0293e-08,-0.42169939999999995
5.0295e-08,-0.4215666
5.0297e-08,-0.4214318
5.0299e-08,-0.421295
5.0301e-08,-0.42115630000000004
5.0303e-08,-0.4210159
5.0305e-08,-0.42087359999999996
5.0307e-08,-0.4207297
5.0309e-08,-0.42058400000000007
5.0311e-08,-0.4204367
5.0313e-08,-0.4202878
5.0315e-08,-0.4201374
5.0317e-08,-0.41998539999999995
5.0319e-08,-0.419832
5.0321e-08,-0.4196772
5.0323e-08,-0.41952100000000003
5.0325e-08,-0.4193635
5.0327e-08,-0.4192045999999999
5.0329e-08,-0.41904450000000004
5.0331e-08,-0.41888329999999996
5.0333e-08,-0.4187208
5.0335e-08,-0.4185573
5.0337e-08,-0.4183926
5.0339e-08,-0.418227
5.0341e-08,-0.4180602
5.0343e-08,-0.4178925
5.0345e-08,-0.417724
5.0347e-08,-0.4175544
5.0349e-08,-0.4173840000000001
5.0351e-08,-0.41721280000000005
5.0353e-08,-0.4170408
5.0355e-08,-0.416868
5.0357e-08,-0.4166944
5.0359e-08,-0.4165202
5.0361e-08,-0.41634530000000003
5.0363e-08,-0.41616980000000003
5.0365e-08,-0.4159936000000001
5.0367e-08,-0.41581690000000004
5.0369e-08,-0.41563969999999995
5.0371e-08,-0.41546189999999994
5.0373e-08,-0.4152836999999999
5.0375e-08,-0.4151049
5.0377e-08,-0.4149258
5.0379e-08,-0.41474619999999995
5.0381e-08,-0.41456630000000005
5.0383e-08,-0.4143861
5.0385e-08,-0.41420539999999995
5.0387e-08,-0.4140246000000001
5.0389e-08,-0.4138434
5.0391e-08,-0.413662
5.0393e-08,-0.41348039999999997
5.0395e-08,-0.4132985
5.0397e-08,-0.41311660000000006
5.03985e-08,-0.41297989999999996
5.04e-08,-0.4128432999999999
5.04002e-08,-0.412825
5.04006e-08,-0.4127885
5.04014e-08,-0.4127157
5.0403e-08,-0.4125698
5.0405e-08,-0.4123873
5.0407e-08,-0.4122047
5.0409e-08,-0.4120222
5.0411e-08,-0.4118396000000001
5.0413e-08,-0.41165700000000005
5.0415e-08,-0.4114744
5.0417e-08,-0.41129190000000004
5.0419e-08,-0.41110940000000007
5.0421e-08,-0.4109271
5.0423e-08,-0.4107447000000001
5.0425e-08,-0.41056249999999994
5.0427e-08,-0.41038050000000004
5.0429e-08,-0.4101986000000001
5.0431e-08,-0.41001699999999996
5.0433e-08,-0.4098353
5.0435e-08,-0.4096540000000001
5.0437e-08,-0.4094728999999999
5.0439e-08,-0.40929210000000005
5.0441e-08,-0.4091114
5.0443e-08,-0.40893099999999993
5.0445e-08,-0.408751
5.0447e-08,-0.4085712
5.0449e-08,-0.4083917
5.0451e-08,-0.4082125
5.0453e-08,-0.4080336
5.0455e-08,-0.4078551
5.0457e-08,-0.40767699999999996
5.0459e-08,-0.40749920000000006
5.0461e-08,-0.4073219
5.0463e-08,-0.40714490000000003
5.0465e-08,-0.4069684
5.0467e-08,-0.4067923
5.0469e-08,-0.4066166
5.0471e-08,-0.40644140000000006
5.0473e-08,-0.4062665999999999
5.0475e-08,-0.4060922
5.0477e-08,-0.4059184
5.0479e-08,-0.40574509999999997
5.0481e-08,-0.40557219999999994
5.0483e-08,-0.40539990000000004
5.0485e-08,-0.4052281000000001
5.0487e-08,-0.4050568
5.0489e-08,-0.40488599999999997
5.0491e-08,-0.40471579999999996
5.0493e-08,-0.4045461
5.0495e-08,-0.404377
5.0497e-08,-0.40420849999999997
5.0499e-08,-0.40404059999999997
5.0501e-08,-0.4038733
5.0503e-08,-0.4037064
5.0505e-08,-0.4035403000000001
5.0507e-08,-0.4033747
5.0509e-08,-0.40320980000000006
5.0511e-08,-0.40304550000000006
5.0513e-08,-0.40288180000000007
5.0515e-08,-0.40271880000000004
5.0517e-08,-0.4025563
5.0519e-08,-0.4023945
5.0521e-08,-0.40223339999999996
5.0523e-08,-0.40207289999999996
5.0525e-08,-0.4019132000000001
5.0527e-08,-0.40175399999999994
5.0529e-08,-0.40159559999999994
5.0531e-08,-0.40143780000000007
5.0533e-08,-0.40128070000000005
5.0535e-08,-0.4011243
5.0537e-08,-0.4009686
5.0539e-08,-0.4008136
5.0541e-08,-0.40065929999999994
5.0543e-08,-0.4005055999999999
5.0545e-08,-0.40035279999999995
5.0547e-08,-0.40020050000000007
5.0549e-08,-0.40004910000000005
5.0551e-08,-0.39989830000000004
5.0553e-08,-0.39974829999999995
5.0555e-08,-0.39959900000000004
5.0557e-08,-0.39945050000000004
5.0559e-08,-0.39930260000000006
5.0561e-08,-0.39915540000000005
5.0563e-08,-0.39900899999999995
5.0565e-08,-0.3988634000000001
5.0567e-08,-0.39871860000000003
5.0569e-08,-0.3985744
5.0571e-08,-0.398431
5.0573e-08,-0.39828830000000004
5.0575e-08,-0.3981464
5.0577e-08,-0.39800519999999995
5.0579e-08,-0.3978649000000001
5.0581e-08,-0.3977252
5.0583e-08,-0.39758629999999995
5.0585e-08,-0.3974481000000001
5.0587e-08,-0.3973106999999999
5.0589e-08,-0.3971741
5.0591e-08,-0.3970382
5.0593e-08,-0.396903
5.0595e-08,-0.39676880000000003
5.0597e-08,-0.3966351
5.05985e-08,-0.3965354000000001
5.06e-08,-0.3964362
5.06002e-08,-0.3964229
5.06006e-08,-0.3963966000000001
5.06014e-08,-0.39634389999999997
5.0603e-08,-0.396239
5.0605e-08,-0.3961084
5.0607e-08,-0.39597860000000007
5.0609e-08,-0.39584949999999997
5.0611e-08,-0.39572129999999994
5.0613e-08,-0.3955938
5.0615e-08,-0.39546709999999996
5.0617e-08,-0.3953411
5.0619e-08,-0.39521589999999995
5.0621e-08,-0.3950914000000001
5.0623e-08,-0.39496770000000003
5.0625e-08,-0.3948448
5.0627e-08,-0.3947227000000001
5.0629e-08,-0.39460129999999993
5.0631e-08,-0.39448060000000007
5.0633e-08,-0.3943607
5.0635e-08,-0.39424159999999997
5.0637e-08,-0.3941232
5.0639e-08,-0.39400559999999996
5.0641e-08,-0.3938887
5.0643e-08,-0.39377260000000003
5.0645e-08,-0.39365720000000004
5.0647e-08,-0.3935426000000001
5.0649e-08,-0.3934286
5.0651e-08,-0.3933156
5.0653e-08,-0.3932031
5.0655e-08,-0.39309150000000004
5.0657e-08,-0.3929806
5.0659e-08,-0.3928705
5.0661e-08,-0.392761
5.0663e-08,-0.3926524
5.0665e-08,-0.3925444
5.0667e-08,-0.39243720000000004
5.0669e-08,-0.39233070000000003
5.0671e-08,-0.3922249
5.0673e-08,-0.39211989999999997
5.0675e-08,-0.39201569999999997
5.0677e-08,-0.39191200000000004
5.0679e-08,-0.39180919999999997
5.0681e-08,-0.3917071
5.0683e-08,-0.3916056
5.0685e-08,-0.39150490000000004
5.0687e-08,-0.39140490000000006
5.0689e-08,-0.3913055999999999
5.0691e-08,-0.3912070000000001
5.0693e-08,-0.39110920000000005
5.0695e-08,-0.3910119999999999
5.0697e-08,-0.3909155000000001
5.0699e-08,-0.39081980000000005
5.0701e-08,-0.3907246
5.0703e-08,-0.39063020000000004
5.0705e-08,-0.3905366
5.0707e-08,-0.3904436
5.0709e-08,-0.39035130000000007
5.0711e-08,-0.39025960000000004
5.0713e-08,-0.3901686
5.0715e-08,-0.39007839999999994
5.0717e-08,-0.38998869999999997
5.0719e-08,-0.3898998
5.0721e-08,-0.38981160000000004
5.0723e-08,-0.3897239
5.0725e-08,-0.389637
5.0727e-08,-0.3895507
5.0729e-08,-0.3894651
5.0731e-08,-0.3893801
5.0733e-08,-0.3892958000000001
5.0735e-08,-0.38921209999999995
5.0737e-08,-0.3891291
5.0739e-08,-0.38904669999999997
5.0741e-08,-0.388965
5.0743e-08,-0.38888390000000006
5.0745e-08,-0.3888034
5.0747e-08,-0.38872359999999995
5.0749e-08,-0.3886444
5.0751e-08,-0.3885657
5.0753e-08,-0.38848780000000005
5.0755e-08,-0.38841040000000004
5.0757e-08,-0.3883337
5.0759e-08,-0.38825769999999993
5.0761e-08,-0.3881821
5.0763e-08,-0.3881072000000001
5.0765e-08,-0.3880329
5.0767e-08,-0.38795920000000006
5.0769e-08,-0.3878861
5.0771e-08,-0.3878136000000001
5.0773e-08,-0.38774169999999997
5.0775e-08,-0.3876703
5.0777e-08,-0.38759960000000004
5.0779e-08,-0.38752949999999997
5.0781e-08,-0.3874599000000001
5.0783e-08,-0.3873909000000001
5.0785e-08,-0.38732239999999996
5.0787e-08,-0.3872546
5.0789e-08,-0.38718719999999995
5.0791e-08,-0.38712040000000003
5.0793e-08,-0.3870543000000001
5.0795e-08,-0.3869887000000001
5.0797e-08,-0.38692360000000003
5.07985e-08,-0.3868752
5.08e-08,-0.3868269999999999
