time_s,differential_output_v
0.0,-0.2710755
2e-14,-0.2710755
4e-14,-0.2710755
8e-14,-0.2710755
1.6e-13,-0.2710755
3.2e-13,-0.2710755
6.4e-13,-0.2710755
1.28e-12,-0.2710755
2.56e-12,-0.2710755
4.56e-12,-0.2710755
6.56e-12,-0.2710755
8.56e-12,-0.2710755
1.056e-11,-0.2710755
1.256e-11,-0.2710755
1.456e-11,-0.2710755
1.656e-11,-0.2710755
1.856e-11,-0.2710755
2.056e-11,-0.2710755
2.256e-11,-0.2710755
2.456e-11,-0.2710755
2.656e-11,-0.2710755
2.856e-11,-0.2710755
3.056e-11,-0.2710755
3.256e-11,-0.2710755
3.456e-11,-0.2710755
3.656e-11,-0.2710755
3.856e-11,-0.2710755
4.056e-11,-0.2710755
4.256e-11,-0.2710755
4.456e-11,-0.2710755
4.656e-11,-0.2710755
4.856e-11,-0.2710755
5.056e-11,-0.2710755
5.256e-11,-0.2710755
5.456e-11,-0.2710755
5.656e-11,-0.2710755
5.856e-11,-0.2710755
6.056e-11,-0.2710755
6.256e-11,-0.2710755
6.456e-11,-0.2710755
6.656e-11,-0.2710755
6.856e-11,-0.2710755
7.056e-11,-0.2710755
7.256e-11,-0.2710755
7.456e-11,-0.2710755
7.656e-11,-0.2710755
7.856e-11,-0.2710755
8.056e-11,-0.2710755
8.256e-11,-0.2710755
8.456e-11,-0.2710755
8.656e-11,-0.2710755
8.856e-11,-0.2710755
9.056e-11,-0.2710755
9.256e-11,-0.2710755
9.456e-11,-0.2710755
9.656e-11,-0.2710755
9.856e-11,-0.2710755
1.0056e-10,-0.2710755
1.0256e-10,-0.2710755
1.0456e-10,-0.2710755
1.0656e-10,-0.2710755
1.0856e-10,-0.2710755
1.1056e-10,-0.2710755
1.1256e-10,-0.2710755
1.1456e-10,-0.2710755
1.1656e-10,-0.2710755
1.1856e-10,-0.2710755
1.2056e-10,-0.2710755
1.2256e-10,-0.2710755
1.2456e-10,-0.2710755
1.2656e-10,-0.2710755
1.2856e-10,-0.2710755
1.3056e-10,-0.2710755
1.3256e-10,-0.2710755
1.3456e-10,-0.2710755
1.3656e-10,-0.2710755
1.3856e-10,-0.2710755
1.4056e-10,-0.2710755
1.4256e-10,-0.2710755
1.4456e-10,-0.2710755
1.4656e-10,-0.2710755
1.4856e-10,-0.2710755
1.5056e-10,-0.2710755
1.5256e-10,-0.2710755
1.5456e-10,-0.2710755
1.5656e-10,-0.2710755
1.5856e-10,-0.2710755
1.6056e-10,-0.2710755
1.6256e-10,-0.2710755
1.6456e-10,-0.2710755
1.6656e-10,-0.2710755
1.6856e-10,-0.2710755
1.7056e-10,-0.2710755
1.7256e-10,-0.2710755
1.7456e-10,-0.2710755
1.7656e-10,-0.2710755
1.7856e-10,-0.2710755
1.8056e-10,-0.2710755
1.8256e-10,-0.2710755
1.8456e-10,-0.2710755
1.8656e-10,-0.2710755
1.8856e-10,-0.2710755
1.9056e-10,-0.2710755
1.9256e-10,-0.2710755
1.9456e-10,-0.2710755
1.9656e-10,-0.2710755
1.9828e-10,-0.2710755
2e-10,-0.2710755
2.002e-10,-0.2710762
2.006e-10,-0.2710798
2.014e-10,-0.2710969
2.03e-10,-0.2711466
2.05e-10,-0.2711772
2.07e-10,-0.2711047000000001
2.09e-10,-0.2708721999999999
2.11e-10,-0.27043969999999995
2.13e-10,-0.2697796
2.15e-10,-0.26887400000000006
2.17e-10,-0.26771220000000007
2.19e-10,-0.26628929999999995
2.21e-10,-0.2646041
2.23e-10,-0.26265879999999997
2.25e-10,-0.2604580999999999
2.27e-10,-0.258008
2.29e-10,-0.25531629999999994
2.31e-10,-0.2523911
2.33e-10,-0.2492415
2.35e-10,-0.24587710000000007
2.37e-10,-0.24230739999999995
2.39e-10,-0.23854209999999998
2.41e-10,-0.23459129999999995
2.43e-10,-0.2304644
2.45e-10,-0.22617109999999996
2.47e-10,-0.2217209
2.49e-10,-0.2171231
2.51e-10,-0.21238690000000005
2.53e-10,-0.20752110000000001
2.55e-10,-0.2025344
2.57e-10,-0.19743520000000003
2.59e-10,-0.19223179999999995
2.61e-10,-0.18693209999999993
2.63e-10,-0.18154400000000004
2.65e-10,-0.17607479999999998
2.67e-10,-0.17053200000000002
2.69e-10,-0.16492250000000008
2.71e-10,-0.15925319999999998
2.73e-10,-0.15353060000000007
2.75e-10,-0.14776120000000004
2.77e-10,-0.14195099999999994
2.79e-10,-0.13610600000000006
2.81e-10,-0.13023190000000007
2.83e-10,-0.12433430000000001
2.85e-10,-0.11841840000000003
2.87e-10,-0.11248919999999996
2.89e-10,-0.10655179999999997
2.91e-10,-0.10061069999999994
2.93e-10,-0.09467039999999993
2.95e-10,-0.08873520000000001
2.97e-10,-0.08280920000000003
2.99e-10,-0.07689639999999998
3.01e-10,-0.07100050000000002
3.03e-10,-0.0651250000000001
3.05e-10,-0.059273300000000084
3.07e-10,-0.05344860000000007
3.09e-10,-0.047653999999999974
3.11e-10,-0.04189229999999999
3.13e-10,-0.03616640000000004
3.15e-10,-0.030478800000000028
3.17e-10,-0.024831700000000012
3.19e-10,-0.01922760000000001
3.21e-10,-0.013668699999999978
3.23e-10,-0.008156900000000022
3.25e-10,-0.0026940999999999216
3.27e-10,0.0027181000000000566
3.29e-10,0.008077899999999971
3.31e-10,0.013383799999999946
3.33e-10,0.0186345
3.35e-10,0.023828700000000036
3.37e-10,0.02896529999999997
3.39e-10,0.03404309999999999
3.41e-10,0.039061299999999965
3.43e-10,0.04401889999999997
3.45e-10,0.04891509999999999
3.47e-10,0.05374939999999995
3.49e-10,0.05852109999999999
3.51e-10,0.0632296
3.53e-10,0.0678745999999999
3.55e-10,0.07245559999999995
3.57e-10,0.0769723
3.59e-10,0.08142459999999996
3.61e-10,0.0858122
3.63e-10,0.09013499999999997
3.65e-10,0.09439299999999995
3.67e-10,0.09858630000000002
3.69e-10,0.10271470000000005
3.71e-10,0.1067785
3.73e-10,0.11077780000000004
3.75e-10,0.11471280000000006
3.77e-10,0.1185837999999999
3.79e-10,0.12239090000000008
3.81e-10,0.12613459999999999
3.83e-10,0.129815
3.85e-10,0.13343280000000002
3.87e-10,0.13698810000000006
3.89e-10,0.14048159999999998
3.91e-10,0.14391350000000003
3.93e-10,0.1472846
3.95e-10,0.15059509999999998
3.97e-10,0.15384569999999997
3.985e-10,0.15624459999999996
4e-10,0.15861040000000004
4.002e-10,0.15892289999999998
4.006e-10,0.15954709999999994
4.014e-10,0.1607883
4.03e-10,0.16324280000000002
4.05e-10,0.16625940000000006
4.07e-10,0.169219
4.09e-10,0.1721222
4.11e-10,0.17496960000000006
4.13e-10,0.17776179999999997
4.15e-10,0.18049959999999998
4.17e-10,0.18318350000000005
4.19e-10,0.18581440000000005
4.21e-10,0.18839269999999997
4.23e-10,0.19091930000000001
4.25e-10,0.19339479999999998
4.27e-10,0.1958198
4.29e-10,0.19819520000000002
4.31e-10,0.20052150000000002
4.33e-10,0.20279930000000002
4.35e-10,0.20502949999999998
4.37e-10,0.20721289999999992
4.39e-10,0.20934989999999998
4.41e-10,0.21144129999999994
4.43e-10,0.21348789999999995
4.45e-10,0.21549020000000008
4.47e-10,0.217449
4.49e-10,0.21936490000000008
4.51e-10,0.2212387
4.53e-10,0.2230709999999999
4.55e-10,0.22486240000000002
4.57e-10,0.22661370000000003
4.59e-10,0.22832549999999996
4.61e-10,0.22999839999999994
4.63e-10,0.23163310000000004
4.65e-10,0.23323019999999994
4.67e-10,0.2347905
4.69e-10,0.23631439999999992
4.71e-10,0.23780259999999998
4.73e-10,0.23925590000000008
4.75e-10,0.24067470000000002
4.77e-10,0.2420597
4.79e-10,0.24341140000000006
4.81e-10,0.24473049999999996
4.83e-10,0.2460177
4.85e-10,0.24727319999999997
4.87e-10,0.248498
4.89e-10,0.24969239999999993
4.91e-10,0.250857
4.93e-10,0.25199249999999995
4.95e-10,0.2530993
4.97e-10,0.25417789999999996
4.99e-10,0.25522900000000004
5.01e-10,0.2562531
5.03e-10,0.2572504
5.05e-10,0.25822180000000006
5.07e-10,0.2591677
5.09e-10,0.2600886
5.11e-10,0.2609848
5.13e-10,0.261857
5.15e-10,0.2627056
5.17e-10,0.2635311
5.19e-10,0.26433399999999996
5.21e-10,0.26511450000000003
5.23e-10,0.26587340000000004
5.25e-10,0.2666107999999999
5.27e-10,0.2673274
5.29e-10,0.26802360000000003
5.31e-10,0.2686997
5.33e-10,0.2693561
5.35e-10,0.26999340000000005
5.37e-10,0.2706117
5.39e-10,0.27121170000000006
5.41e-10,0.2717936999999999
5.43e-10,0.27235790000000004
5.45e-10,0.2729049
5.47e-10,0.2734348
5.49e-10,0.2739484000000001
5.51e-10,0.2744457
5.53e-10,0.2749271
5.55e-10,0.275393
5.57e-10,0.2758437
5.59e-10,0.27627960000000007
5.61e-10,0.276701
5.63e-10,0.2771083
5.65e-10,0.2775016
5.67e-10,0.2778813
5.69e-10,0.2782479000000001
5.71e-10,0.2786014
5.73e-10,0.2789423
5.75e-10,0.27927079999999993
5.77e-10,0.27958720000000004
5.79e-10,0.27989189999999997
5.81e-10,0.28018489999999996
5.83e-10,0.28046670000000007
5.85e-10,0.2807375
5.87e-10,0.28099759999999996
5.89e-10,0.28124709999999997
5.91e-10,0.28148629999999997
5.93e-10,0.28171559999999995
5.95e-10,0.28193519999999994
5.97e-10,0.2821452
5.985e-10,0.2822966
6e-10,0.28244290000000005
6.002e-10,0.28246189999999993
6.006e-10,0.2824998999999999
6.014e-10,0.2825748
6.03e-10,0.2827204
6.05e-10,0.28289450000000005
6.07e-10,0.28306030000000004
6.09e-10,0.2832178000000001
6.11e-10,0.28336740000000005
6.13e-10,0.2835092
6.15e-10,0.28364330000000004
6.17e-10,0.2837700999999999
6.19e-10,0.2838897
6.21e-10,0.28400229999999993
6.23e-10,0.284108
6.25e-10,0.284207
6.27e-10,0.28429950000000004
6.29e-10,0.2843857000000001
6.31e-10,0.2844658
6.33e-10,0.28453989999999996
6.35e-10,0.28460830000000004
6.37e-10,0.2846708
6.39e-10,0.28472790000000003
6.41e-10,0.28477969999999997
6.43e-10,0.2848263
6.45e-10,0.2848678
6.47e-10,0.28490439999999995
6.49e-10,0.28493630000000003
6.51e-10,0.28496350000000004
6.53e-10,0.2849861
6.55e-10,0.28500439999999994
6.57e-10,0.28501849999999995
6.59e-10,0.2850285
6.61e-10,0.2850344
6.63e-10,0.2850364999999999
6.65e-10,0.28503480000000003
6.67e-10,0.28502949999999994
6.69e-10,0.2850207
6.71e-10,0.2850085
6.73e-10,0.2849929
6.75e-10,0.2849740999999999
6.77e-10,0.28495230000000005
6.79e-10,0.28492740000000005
6.81e-10,0.28489960000000003
6.83e-10,0.28486900000000004
6.85e-10,0.2848356999999999
6.87e-10,0.2847999
6.89e-10,0.2847615
6.91e-10,0.2847206
6.93e-10,0.2846774000000001
6.95e-10,0.28463190000000005
6.97e-10,0.28458419999999995
6.99e-10,0.2845345
7.01e-10,0.2844827
7.03e-10,0.2844289
7.05e-10,0.28437329999999994
7.07e-10,0.2843158
7.09e-10,0.2842566999999999
7.11e-10,0.28419589999999995
7.13e-10,0.28413349999999993
7.15e-10,0.2840695
7.17e-10,0.2840041
7.19e-10,0.2839372
7.21e-10,0.2838691
7.23e-10,0.2837997
7.25e-10,0.283729
7.27e-10,0.2836571000000001
7.29e-10,0.28358420000000006
7.31e-10,0.2835103
7.33e-10,0.2834352
7.35e-10,0.2833593
7.37e-10,0.28328239999999993
7.39e-10,0.2832047
7.41e-10,0.2831262
7.43e-10,0.2830469
7.45e-10,0.28296699999999997
7.47e-10,0.2828862000000001
7.49e-10,0.2828050000000001
7.51e-10,0.2827231
7.53e-10,0.2826407000000001
7.55e-10,0.2825576999999999
7.57e-10,0.28247429999999996
7.59e-10,0.2823905
7.61e-10,0.2823063
7.63e-10,0.2822217
7.65e-10,0.2821368000000001
7.67e-10,0.2820515
7.69e-10,0.2819661
7.71e-10,0.2818805000000001
7.73e-10,0.28179449999999995
7.75e-10,0.28170850000000003
7.77e-10,0.28162220000000004
7.79e-10,0.28153589999999995
7.81e-10,0.2814495
7.83e-10,0.28136300000000003
7.85e-10,0.28127649999999993
7.87e-10,0.28118999999999994
7.89e-10,0.28110350000000006
7.91e-10,0.2810171
7.93e-10,0.28093060000000003
7.95e-10,0.28084430000000005
7.97e-10,0.28075800000000006
7.985e-10,0.2806934000000001
8e-10,0.28062889999999996
8.002e-10,0.28062030000000004
8.006e-10,0.2806031
8.014e-10,0.28056880000000006
8.03e-10,0.2805002
8.05e-10,0.2804144999999999
8.07e-10,0.2803291
8.09e-10,0.2802439
8.11e-10,0.2801589
8.13e-10,0.2800741
8.15e-10,0.27998959999999995
8.17e-10,0.2799053
8.19e-10,0.27982150000000006
8.21e-10,0.2797379
8.23e-10,0.27965450000000003
8.25e-10,0.2795715
8.27e-10,0.27948890000000004
8.29e-10,0.2794065
8.31e-10,0.2793247000000001
8.33e-10,0.2792431000000001
8.35e-10,0.2791619000000001
8.37e-10,0.27908109999999997
8.39e-10,0.27900079999999994
8.41e-10,0.27892079999999997
8.43e-10,0.2788412
8.45e-10,0.2787620999999999
8.47e-10,0.2786835000000001
8.49e-10,0.27860530000000006
8.51e-10,0.27852750000000004
8.53e-10,0.2784502000000001
8.55e-10,0.27837329999999993
8.57e-10,0.27829690000000007
8.59e-10,0.27822100000000005
8.61e-10,0.2781456
8.63e-10,0.2780707
8.65e-10,0.2779963
8.67e-10,0.27792229999999996
8.69e-10,0.27784889999999995
8.71e-10,0.277776
8.73e-10,0.2777035
8.75e-10,0.2776316999999999
8.77e-10,0.2775603
8.79e-10,0.2774894
8.81e-10,0.2774190000000001
8.83e-10,0.2773493
8.85e-10,0.2772800000000001
8.87e-10,0.2772112
8.89e-10,0.27714300000000003
8.91e-10,0.2770753
8.93e-10,0.2770081
8.95e-10,0.27694150000000006
8.97e-10,0.2768754
8.99e-10,0.27680990000000005
9.01e-10,0.2767448
9.03e-10,0.27668039999999994
9.05e-10,0.27661650000000004
9.07e-10,0.2765531
9.09e-10,0.2764902
9.11e-10,0.27642789999999995
9.13e-10,0.27636610000000006
9.15e-10,0.27630489999999996
9.17e-10,0.2762443
9.19e-10,0.2761842
9.21e-10,0.27612459999999994
9.23e-10,0.2760654
9.25e-10,0.27600689999999994
9.27e-10,0.27594890000000005
9.29e-10,0.27589150000000007
9.31e-10,0.2758345
9.33e-10,0.2757781
9.35e-10,0.2757223
9.37e-10,0.27566690000000005
9.39e-10,0.2756121
9.41e-10,0.27555779999999996
9.43e-10,0.27550399999999997
9.45e-10,0.2754508
9.47e-10,0.27539800000000003
9.49e-10,0.2753458
9.51e-10,0.2752941
9.53e-10,0.27524289999999996
9.55e-10,0.2751922
9.57e-10,0.275142
9.59e-10,0.2750924
9.61e-10,0.27504320000000004
9.63e-10,0.2749946
9.65e-10,0.27494640000000004
9.67e-10,0.27489870000000005
9.69e-10,0.2748515
9.71e-10,0.27480480000000007
9.73e-10,0.2747586000000001
9.75e-10,0.2747128
9.77e-10,0.2746676
9.79e-10,0.27462279999999994
9.81e-10,0.27457850000000006
9.83e-10,0.2745347
9.85e-10,0.2744913
9.87e-10,0.27444840000000004
9.89e-10,0.27440600000000004
9.91e-10,0.27436400000000005
9.93e-10,0.2743224999999999
9.95e-10,0.2742814
9.97e-10,0.2742407
9.985e-10,0.27421059999999997
1e-09,0.27418070000000005
1.0002e-09,0.27417669999999994
1.0006e-09,0.2741688000000001
1.0014e-09,0.27415290000000003
1.003e-09,0.2741215
1.005e-09,0.27408260000000007
1.007e-09,0.2740443
1.009e-09,0.2740062
1.011e-09,0.2739686
1.013e-09,0.2739315
1.015e-09,0.27389469999999994
1.017e-09,0.27385840000000006
1.019e-09,0.2738225000000001
1.021e-09,0.27378690000000006
1.023e-09,0.27375189999999994
1.025e-09,0.2737172
1.027e-09,0.2736828
1.029e-09,0.2736489
1.031e-09,0.2736155
1.033e-09,0.27358230000000006
1.035e-09,0.27354959999999995
1.037e-09,0.2735172
1.039e-09,0.2734852
1.041e-09,0.27345359999999996
1.043e-09,0.27342240000000007
1.045e-09,0.2733915
1.047e-09,0.2733609
1.049e-09,0.27333089999999993
1.051e-09,0.27330109999999996
1.053e-09,0.2732715
1.055e-09,0.27324249999999994
1.057e-09,0.2732137
1.059e-09,0.2731853000000001
1.061e-09,0.27315730000000005
1.063e-09,0.2731296
1.065e-09,0.2731022000000001
1.067e-09,0.2730751
1.069e-09,0.27304839999999997
1.071e-09,0.273022
1.073e-09,0.272996
1.075e-09,0.27297019999999994
1.077e-09,0.2729448
1.079e-09,0.27291959999999993
1.081e-09,0.2728948
1.083e-09,0.2728703
1.085e-09,0.2728461
1.087e-09,0.27282210000000007
1.089e-09,0.2727986
1.091e-09,0.2727752
1.093e-09,0.27275210000000005
1.095e-09,0.2727294
1.097e-09,0.2727069000000001
1.099e-09,0.27268479999999995
1.101e-09,0.2726628
1.103e-09,0.2726411000000001
1.105e-09,0.27261979999999997
1.107e-09,0.27259880000000003
1.109e-09,0.27257790000000004
1.111e-09,0.2725573
1.113e-09,0.2725369999999999
1.115e-09,0.2725169999999999
1.117e-09,0.27249710000000005
1.119e-09,0.2724776000000001
1.121e-09,0.2724584000000001
1.123e-09,0.27243929999999994
1.125e-09,0.27242049999999995
1.127e-09,0.27240200000000003
1.129e-09,0.2723837
1.131e-09,0.2723656
1.133e-09,0.2723477000000001
1.135e-09,0.2723301
1.137e-09,0.2723126
1.139e-09,0.2722955
1.141e-09,0.27227860000000004
1.143e-09,0.2722618
1.145e-09,0.2722453
1.147e-09,0.27222900000000005
1.149e-09,0.2722129000000001
1.151e-09,0.272197
1.153e-09,0.2721814
1.155e-09,0.272166
1.157e-09,0.27215069999999997
1.159e-09,0.27213560000000003
1.161e-09,0.2721207
1.163e-09,0.2721061
1.165e-09,0.27209169999999994
1.167e-09,0.2720774
1.169e-09,0.2720633
1.171e-09,0.2720494
1.173e-09,0.2720357
1.175e-09,0.27202209999999993
1.177e-09,0.2720087
1.179e-09,0.2719956
1.181e-09,0.2719825
1.183e-09,0.2719697
1.185e-09,0.27195709999999995
1.187e-09,0.2719446
1.189e-09,0.27193220000000007
1.191e-09,0.2719201
1.193e-09,0.2719081
1.195e-09,0.2718963
1.197e-09,0.27188460000000003
1.1985e-09,0.271876
1.2e-09,0.2718674
1.2002e-09,0.2718663
1.2006e-09,0.271864
1.2014e-09,0.27185950000000003
1.203e-09,0.27185060000000005
1.205e-09,0.2718395
1.207e-09,0.2718286
1.209e-09,0.2718178
1.211e-09,0.2718071999999999
1.213e-09,0.2717967
1.215e-09,0.2717864
1.217e-09,0.2717763000000001
1.219e-09,0.27176619999999996
1.221e-09,0.27175630000000006
1.223e-09,0.2717465
1.225e-09,0.2717368
1.227e-09,0.27172740000000006
1.229e-09,0.27171789999999996
1.231e-09,0.2717086999999999
1.233e-09,0.27169960000000004
1.235e-09,0.27169069999999995
1.237e-09,0.2716817
1.239e-09,0.27167300000000005
1.241e-09,0.27166429999999997
1.243e-09,0.27165589999999995
1.245e-09,0.2716474
1.247e-09,0.27163919999999997
1.249e-09,0.2716311
1.251e-09,0.27162300000000006
1.253e-09,0.27161500000000005
1.255e-09,0.27160719999999994
1.257e-09,0.2715995
1.259e-09,0.2715919
1.261e-09,0.27158440000000006
1.263e-09,0.27157699999999996
1.265e-09,0.2715696999999999
1.267e-09,0.27156249999999993
1.269e-09,0.2715554
1.271e-09,0.2715484
1.273e-09,0.2715415
1.275e-09,0.2715347
1.277e-09,0.271528
1.279e-09,0.2715214
1.281e-09,0.2715149
1.283e-09,0.2715084
1.285e-09,0.271502
1.287e-09,0.27149579999999995
1.289e-09,0.27148969999999994
1.291e-09,0.27148360000000005
1.293e-09,0.2714776
1.295e-09,0.27147180000000004
1.297e-09,0.27146590000000004
1.299e-09,0.2714601
1.301e-09,0.27145449999999993
1.303e-09,0.27144899999999994
1.305e-09,0.2714434
1.307e-09,0.27143799999999996
1.309e-09,0.27143269999999997
1.311e-09,0.27142750000000004
1.313e-09,0.27142219999999995
1.315e-09,0.27141709999999997
1.317e-09,0.271412
1.319e-09,0.2714071
1.321e-09,0.27140220000000004
1.323e-09,0.27139729999999995
1.325e-09,0.2713926000000001
1.327e-09,0.2713879
1.329e-09,0.2713833
1.331e-09,0.2713787
1.333e-09,0.27137429999999996
1.335e-09,0.2713698
1.337e-09,0.2713654000000001
1.339e-09,0.2713611
1.341e-09,0.27135679999999995
1.343e-09,0.2713527
1.345e-09,0.27134860000000005
1.347e-09,0.2713445
1.349e-09,0.2713405
1.351e-09,0.27133660000000004
1.353e-09,0.2713327
1.355e-09,0.2713287999999999
1.357e-09,0.2713249999999999
1.359e-09,0.27132140000000005
1.361e-09,0.2713177
1.363e-09,0.2713141
1.365e-09,0.2713105
1.367e-09,0.27130699999999996
1.369e-09,0.2713036
1.371e-09,0.2713002
1.373e-09,0.2712968
1.375e-09,0.2712934
1.377e-09,0.2712901999999999
1.379e-09,0.2712869
1.381e-09,0.2712838000000001
1.383e-09,0.27128070000000004
1.385e-09,0.2712776
1.387e-09,0.27127460000000003
1.389e-09,0.27127160000000006
1.391e-09,0.2712686000000001
1.393e-09,0.27126570000000005
1.395e-09,0.2712629
1.397e-09,0.2712601
1.3985e-09,0.27125789999999994
1.4e-09,0.2712559
1.4002e-09,0.2712565
1.4006e-09,0.27125940000000004
1.4014e-09,0.2712755
1.403e-09,0.27132290000000003
1.405e-09,0.2713508
1.407e-09,0.27127579999999996
1.409e-09,0.2710407
1.411e-09,0.2706058
1.413e-09,0.26994320000000005
1.415e-09,0.2690353
1.417e-09,0.26787130000000003
1.419e-09,0.26644599999999996
1.421e-09,0.26475859999999996
1.423e-09,0.26281129999999997
1.425e-09,0.2606083
1.427e-09,0.25815620000000006
1.429e-09,0.2554624
1.431e-09,0.25253520000000007
1.433e-09,0.24938379999999993
1.435e-09,0.24601739999999994
1.437e-09,0.2424459
1.439e-09,0.23867879999999997
1.441e-09,0.23472610000000005
1.443e-09,0.2305973
1.445e-09,0.22630229999999996
1.447e-09,0.2218504
1.449e-09,0.21725090000000002
1.451e-09,0.21251299999999995
1.453e-09,0.20764549999999993
1.455e-09,0.20265710000000003
1.457e-09,0.19755620000000007
1.459e-09,0.19235120000000006
1.461e-09,0.1870499
1.463e-09,0.18166020000000005
1.465e-09,0.1761895
1.467e-09,0.1706451
1.469e-09,0.16503400000000001
1.471e-09,0.15936320000000004
1.473e-09,0.15363899999999997
1.475e-09,0.14786809999999995
1.477e-09,0.14205639999999997
1.479e-09,0.1362099
1.481e-09,0.13033439999999996
1.483e-09,0.12443530000000003
1.485e-09,0.11851790000000006
1.487e-09,0.11258729999999995
1.489e-09,0.10664839999999998
1.491e-09,0.10070590000000001
1.493e-09,0.09476419999999997
1.495e-09,0.0888276
1.497e-09,0.08290030000000004
1.499e-09,0.07698610000000006
1.501e-09,0.07108879999999995
1.503e-09,0.06521200000000005
1.505e-09,0.05935889999999999
1.507e-09,0.053532899999999994
1.509e-09,0.04773700000000003
1.511e-09,0.041974100000000014
1.513e-09,0.03624690000000008
1.515e-09,0.030557899999999916
1.517e-09,0.024909599999999976
1.519e-09,0.0193044
1.521e-09,0.013744199999999984
1.523e-09,0.008231199999999994
1.525e-09,0.0027671000000000223
1.527e-09,-0.002646200000000043
1.529e-09,-0.008007100000000045
1.531e-09,-0.013314200000000054
1.533e-09,-0.01856599999999997
1.535e-09,-0.023761299999999985
1.537e-09,-0.028899000000000008
1.539e-09,-0.033977900000000005
1.541e-09,-0.03899710000000001
1.543e-09,-0.04395570000000004
1.545e-09,-0.04885309999999998
1.547e-09,-0.05368849999999992
1.549e-09,-0.058461100000000044
1.551e-09,-0.06317059999999997
1.553e-09,-0.06781649999999995
1.555e-09,-0.07239849999999992
1.557e-09,-0.07691610000000004
1.559e-09,-0.08136929999999998
1.561e-09,-0.08575789999999994
1.563e-09,-0.09008159999999998
1.565e-09,-0.0943406
1.567e-09,-0.09853470000000009
1.569e-09,-0.10266400000000009
1.571e-09,-0.10672870000000001
1.573e-09,-0.11072879999999996
1.575e-09,-0.1146646
1.577e-09,-0.1185364000000001
1.579e-09,-0.12234430000000007
1.581e-09,-0.12608870000000005
1.583e-09,-0.12977000000000005
1.585e-09,-0.13338850000000002
1.587e-09,-0.13694459999999997
1.589e-09,-0.14043879999999997
1.591e-09,-0.14387149999999993
1.593e-09,-0.14724320000000002
1.595e-09,-0.15055450000000004
1.597e-09,-0.15380569999999993
1.5985e-09,-0.15620520000000004
1.6e-09,-0.15858190000000005
1.6002e-09,-0.1588982000000001
1.6006e-09,-0.15953079999999997
1.6014e-09,-0.1607942
1.603e-09,-0.16328940000000003
1.605e-09,-0.16629510000000003
1.607e-09,-0.16911259999999995
1.609e-09,-0.17169089999999998
1.611e-09,-0.17399469999999995
1.613e-09,-0.1760007
1.615e-09,-0.17769469999999998
1.617e-09,-0.1790697
1.619e-09,-0.18012360000000005
1.621e-09,-0.18085810000000002
1.623e-09,-0.1812785
1.625e-09,-0.18139150000000004
1.627e-09,-0.18120569999999991
1.629e-09,-0.18073079999999997
1.631e-09,-0.17997700000000005
1.633e-09,-0.17895519999999998
1.635e-09,-0.17767650000000001
1.637e-09,-0.17615180000000008
1.639e-09,-0.17439250000000006
1.641e-09,-0.17240959999999994
1.643e-09,-0.17021389999999992
1.645e-09,-0.16781610000000002
1.647e-09,-0.16522650000000005
1.649e-09,-0.16245560000000003
1.651e-09,-0.1595128
1.653e-09,-0.1564082
1.655e-09,-0.15315069999999997
1.657e-09,-0.1497495000000001
1.659e-09,-0.14621339999999994
1.661e-09,-0.14255079999999998
1.663e-09,-0.13876980000000005
1.665e-09,-0.1348783
1.667e-09,-0.130884
1.669e-09,-0.12679419999999997
1.671e-09,-0.1226161
1.673e-09,-0.11835649999999998
1.675e-09,-0.11402200000000007
1.677e-09,-0.10961910000000008
1.679e-09,-0.1051536999999999
1.681e-09,-0.10063199999999994
1.683e-09,-0.09605949999999996
1.685e-09,-0.09144169999999996
1.687e-09,-0.08678410000000003
1.689e-09,-0.08209160000000004
1.691e-09,-0.07736900000000002
1.693e-09,-0.0726211
1.695e-09,-0.06785240000000003
1.697e-09,-0.06306709999999993
1.699e-09,-0.058269399999999916
1.701e-09,-0.05346329999999999
1.703e-09,-0.04865249999999999
1.705e-09,-0.04384050000000006
1.707e-09,-0.03903100000000004
1.709e-09,-0.034227099999999955
1.711e-09,-0.029431999999999903
1.713e-09,-0.024648800000000026
1.715e-09,-0.01988000000000001
1.717e-09,-0.015128699999999995
1.719e-09,-0.010397199999999995
1.721e-09,-0.005688000000000026
1.723e-09,-0.0010033999999999876
1.725e-09,0.003654500000000005
1.727e-09,0.0082835
1.729e-09,0.012881800000000054
1.731e-09,0.017447600000000008
1.733e-09,0.021979099999999918
1.735e-09,0.026474699999999962
1.737e-09,0.03093299999999999
1.739e-09,0.03535250000000001
1.741e-09,0.03973199999999999
1.743e-09,0.04407030000000001
1.745e-09,0.048366200000000026
1.747e-09,0.052618799999999966
1.749e-09,0.056826900000000014
1.751e-09,0.06098990000000004
1.753e-09,0.06510689999999997
1.755e-09,0.0691773
1.757e-09,0.0732003
1.759e-09,0.07717530000000006
1.761e-09,0.08110189999999995
1.763e-09,0.08497969999999999
1.765e-09,0.0888082
1.767e-09,0.09258700000000009
1.769e-09,0.0963160999999999
1.771e-09,0.0999949
1.773e-09,0.10362350000000009
1.775e-09,0.10720169999999996
1.777e-09,0.11072929999999992
1.779e-09,0.11420639999999993
1.781e-09,0.11763299999999999
1.783e-09,0.12100889999999997
1.785e-09,0.12433460000000007
1.787e-09,0.12760970000000005
1.789e-09,0.13083469999999997
1.791e-09,0.13400959999999995
1.793e-09,0.1371348
1.795e-09,0.14021020000000006
1.797e-09,0.14323619999999992
1.7985e-09,0.14547359999999998
1.8e-09,0.14768330000000007
1.8002e-09,0.14797559999999998
1.8006e-09,0.14855929999999995
1.8014e-09,0.1497208
1.803e-09,0.15202060000000006
1.805e-09,0.15485210000000005
1.807e-09,0.1576358
1.809e-09,0.16037220000000008
1.811e-09,0.16306149999999997
1.813e-09,0.16570399999999996
1.815e-09,0.16830049999999996
1.817e-09,0.17085110000000003
1.819e-09,0.17335639999999997
1.821e-09,0.17581670000000005
1.823e-09,0.17823259999999996
1.825e-09,0.18060449999999995
1.827e-09,0.18293289999999995
1.829e-09,0.18521830000000006
1.831e-09,0.18746110000000005
1.833e-09,0.189662
1.835e-09,0.19182140000000003
1.837e-09,0.19393969999999994
1.839e-09,0.19601750000000007
1.841e-09,0.19805530000000005
1.843e-09,0.2000536999999999
1.845e-09,0.20201310000000006
1.847e-09,0.20393400000000006
1.849e-09,0.20581709999999998
1.851e-09,0.20766260000000003
1.853e-09,0.20947139999999997
1.855e-09,0.21124379999999998
1.857e-09,0.21298039999999996
1.859e-09,0.21468149999999997
1.861e-09,0.21634789999999993
1.863e-09,0.21798000000000006
1.865e-09,0.21957839999999995
1.867e-09,0.2211434
1.869e-09,0.22267579999999998
1.871e-09,0.22417589999999998
1.873e-09,0.22564420000000007
1.875e-09,0.22708130000000004
1.877e-09,0.2284876
1.879e-09,0.2298637
1.881e-09,0.23120989999999997
1.883e-09,0.23252689999999998
1.885e-09,0.233815
1.887e-09,0.23507500000000003
1.889e-09,0.2363069
1.891e-09,0.23751159999999993
1.893e-09,0.2386893
1.895e-09,0.2398405
1.897e-09,0.24096570000000006
1.899e-09,0.2420654
1.901e-09,0.24313990000000008
1.903e-09,0.24418970000000007
1.905e-09,0.24521539999999997
1.907e-09,0.24621719999999991
1.909e-09,0.24719559999999996
1.911e-09,0.248151
1.913e-09,0.24908390000000002
1.915e-09,0.24999470000000001
1.917e-09,0.25088369999999993
1.919e-09,0.25175139999999996
1.921e-09,0.25259810000000005
1.923e-09,0.2534242
1.925e-09,0.2542301
1.927e-09,0.2550162
1.929e-09,0.255783
1.931e-09,0.2565307
1.933e-09,0.2572597
1.935e-09,0.2579703
1.937e-09,0.25866290000000003
1.939e-09,0.2593379
1.941e-09,0.25999569999999994
1.943e-09,0.26063650000000005
1.945e-09,0.2612605
1.947e-09,0.2618684
1.949e-09,0.26246020000000003
1.951e-09,0.26303639999999995
1.953e-09,0.2635972
1.955e-09,0.264143
1.957e-09,0.26467399999999996
1.959e-09,0.2651907
1.961e-09,0.2656931
1.963e-09,0.2661817999999999
1.965e-09,0.2666567000000001
1.967e-09,0.2671184999999999
1.969e-09,0.2675672
1.971e-09,0.2680032
1.973e-09,0.2684267
1.975e-09,0.268838
1.977e-09,0.2692373
1.979e-09,0.26962490000000006
1.981e-09,0.27000100000000005
1.983e-09,0.27036590000000005
1.985e-09,0.2707199
1.987e-09,0.27106300000000005
1.989e-09,0.2713958000000001
1.991e-09,0.2717182
1.993e-09,0.2720306
1.995e-09,0.2723331
1.997e-09,0.27262600000000003
1.9985e-09,0.2728394999999999
2e-09,0.27304780000000006
2.0002e-09,0.27307519999999996
2.0006e-09,0.2731296
2.0014e-09,0.2732375
2.003e-09,0.27344899999999994
2.005e-09,0.2737056
2.007e-09,0.27395350000000007
2.009e-09,0.27419309999999997
2.011e-09,0.2744244
2.013e-09,0.2746478
2.015e-09,0.2748632000000001
2.017e-09,0.27507099999999995
2.019e-09,0.27527140000000005
2.021e-09,0.27546440000000005
2.023e-09,0.27565039999999996
2.025e-09,0.2758294
2.027e-09,0.2760015
2.029e-09,0.27616700000000005
2.031e-09,0.2763261
2.033e-09,0.2764787999999999
2.035e-09,0.27662529999999996
2.037e-09,0.2767659
2.039e-09,0.2769005
2.041e-09,0.27702949999999993
2.043e-09,0.2771528
2.045e-09,0.27727060000000003
2.047e-09,0.27738320000000005
2.049e-09,0.2774905999999999
2.051e-09,0.277593
2.053e-09,0.27769029999999995
2.055e-09,0.277783
2.057e-09,0.2778708
2.059e-09,0.27795419999999993
2.061e-09,0.2780332
2.063e-09,0.2781078
2.065e-09,0.2781781
2.067e-09,0.27824440000000006
2.069e-09,0.27830679999999997
2.071e-09,0.27836510000000003
2.073e-09,0.2784198
2.075e-09,0.27847069999999996
2.077e-09,0.27851819999999994
2.079e-09,0.278562
2.081e-09,0.2786025
2.083e-09,0.2786398
2.085e-09,0.27867379999999997
2.087e-09,0.2787047
2.089e-09,0.2787326
2.091e-09,0.27875759999999994
2.093e-09,0.2787796
2.095e-09,0.278799
2.097e-09,0.2788157
2.099e-09,0.2788298
2.101e-09,0.27884129999999996
2.103e-09,0.2788503
2.105e-09,0.278857
2.107e-09,0.2788613
2.109e-09,0.27886349999999993
2.111e-09,0.27886349999999993
2.113e-09,0.2788613
2.115e-09,0.27885709999999997
2.117e-09,0.27885099999999996
2.119e-09,0.27884299999999995
2.121e-09,0.27883310000000006
2.123e-09,0.2788214
2.125e-09,0.2788079
2.127e-09,0.27879279999999995
2.129e-09,0.2787761000000001
2.131e-09,0.27875799999999995
2.133e-09,0.2787381
2.135e-09,0.27871689999999993
2.137e-09,0.2786944
2.139e-09,0.2786704
2.141e-09,0.2786451999999999
2.143e-09,0.27861860000000005
2.145e-09,0.2785909
2.147e-09,0.2785620000000001
2.149e-09,0.278532
2.151e-09,0.278501
2.153e-09,0.2784689
2.155e-09,0.27843569999999995
2.157e-09,0.2784017
2.159e-09,0.2783668
2.161e-09,0.278331
2.163e-09,0.2782943
2.165e-09,0.27825679999999997
2.167e-09,0.2782186
2.169e-09,0.27817970000000003
2.171e-09,0.27813999999999994
2.173e-09,0.27809970000000006
2.175e-09,0.27805879999999994
2.177e-09,0.2780173
2.179e-09,0.2779752000000001
2.181e-09,0.2779325
2.183e-09,0.2778893
2.185e-09,0.2778457
2.187e-09,0.2778016
2.189e-09,0.27775700000000003
2.191e-09,0.2777120999999999
2.193e-09,0.2776668
2.195e-09,0.27762109999999995
2.197e-09,0.27757509999999996
2.1985e-09,0.2775404
2.2e-09,0.27750549999999996
2.2002e-09,0.2775008
2.2006e-09,0.2774915
2.2014e-09,0.27747279999999996
2.203e-09,0.27743530000000005
2.205e-09,0.2773882
2.207e-09,0.2773409
2.209e-09,0.2772934
2.211e-09,0.27724570000000004
2.213e-09,0.27719779999999994
2.215e-09,0.27714989999999995
2.217e-09,0.2771017
2.219e-09,0.2770534
2.221e-09,0.2770051
2.223e-09,0.27695670000000006
2.225e-09,0.27690819999999994
2.227e-09,0.2768598000000001
2.229e-09,0.2768111999999999
2.231e-09,0.2767626000000001
2.233e-09,0.276714
2.235e-09,0.27666539999999995
2.237e-09,0.27661690000000005
2.239e-09,0.2765685
2.241e-09,0.27652
2.243e-09,0.27647160000000004
2.245e-09,0.2764232999999999
2.247e-09,0.2763751
2.249e-09,0.27632690000000004
2.251e-09,0.2762789
2.253e-09,0.27623089999999995
2.255e-09,0.27618319999999996
2.257e-09,0.2761355000000001
2.259e-09,0.27608790000000005
2.261e-09,0.27604059999999997
2.263e-09,0.27599339999999994
2.265e-09,0.2759463
2.267e-09,0.2758994
2.269e-09,0.2758528
2.271e-09,0.27580629999999995
2.273e-09,0.27575990000000006
2.275e-09,0.2757138
2.277e-09,0.27566789999999997
2.279e-09,0.27562220000000004
2.281e-09,0.27557679999999996
2.283e-09,0.27553149999999993
2.285e-09,0.27548649999999997
2.287e-09,0.2754417
2.289e-09,0.2753972
2.291e-09,0.2753529
2.293e-09,0.27530889999999997
2.295e-09,0.27526510000000004
2.297e-09,0.2752215
2.299e-09,0.2751783
2.301e-09,0.27513529999999997
2.303e-09,0.2750926
2.305e-09,0.27505009999999996
2.307e-09,0.2750079000000001
2.309e-09,0.27496600000000004
2.311e-09,0.27492439999999996
2.313e-09,0.274883
2.315e-09,0.2748419999999999
2.317e-09,0.27480119999999997
2.319e-09,0.27476069999999997
2.321e-09,0.2747206000000001
2.323e-09,0.27468059999999994
2.325e-09,0.2746409999999999
2.327e-09,0.27460170000000006
2.329e-09,0.27456270000000005
2.331e-09,0.274524
2.333e-09,0.27448549999999994
2.335e-09,0.27444750000000007
2.337e-09,0.27440960000000003
2.339e-09,0.2743721
2.341e-09,0.27433490000000005
2.343e-09,0.27429800000000004
2.345e-09,0.2742614
2.347e-09,0.2742251
2.349e-09,0.27418909999999996
2.351e-09,0.2741534000000001
2.353e-09,0.27411810000000003
2.355e-09,0.2740830000000001
2.357e-09,0.27404819999999996
2.359e-09,0.2740138
2.361e-09,0.2739796
2.363e-09,0.27394570000000007
2.365e-09,0.27391220000000005
2.367e-09,0.2738788999999999
2.369e-09,0.27384600000000003
2.371e-09,0.2738134
2.373e-09,0.27378100000000005
2.375e-09,0.273749
2.377e-09,0.2737172
2.379e-09,0.2736858000000001
2.381e-09,0.27365470000000003
2.383e-09,0.2736237
2.385e-09,0.27359330000000004
2.387e-09,0.27356289999999994
2.389e-09,0.2735329999999999
2.391e-09,0.2735033
2.393e-09,0.27347390000000005
2.395e-09,0.27344480000000004
2.397e-09,0.273416
2.3985e-09,0.2733947
2.4e-09,0.2733734
2.4002e-09,0.27337050000000007
2.4006e-09,0.2733648999999999
2.4014e-09,0.2733536
2.403e-09,0.27333129999999994
2.405e-09,0.2733036999999999
2.407e-09,0.2732763
2.409e-09,0.2732491
2.411e-09,0.27322230000000003
2.413e-09,0.27319590000000005
2.415e-09,0.27316950000000007
2.417e-09,0.27314359999999993
2.419e-09,0.2731178000000001
2.421e-09,0.2730924
2.423e-09,0.27306720000000007
2.425e-09,0.27304229999999996
2.427e-09,0.27301759999999997
2.429e-09,0.2729933
2.431e-09,0.27296909999999996
2.433e-09,0.2729452
2.435e-09,0.2729216
2.437e-09,0.27289830000000004
2.439e-09,0.2728750999999999
2.441e-09,0.27285230000000005
2.443e-09,0.27282970000000006
2.445e-09,0.27280740000000003
2.447e-09,0.2727853
2.449e-09,0.27276350000000005
2.451e-09,0.27274180000000003
2.453e-09,0.2727204
2.455e-09,0.2726993000000001
2.457e-09,0.2726784
2.459e-09,0.27265780000000006
2.461e-09,0.27263740000000003
2.463e-09,0.27261709999999995
2.465e-09,0.2725972
2.467e-09,0.2725774000000001
2.469e-09,0.2725579
2.471e-09,0.2725387
2.473e-09,0.2725196000000001
2.475e-09,0.27250070000000004
2.477e-09,0.2724821999999999
2.479e-09,0.2724637999999999
2.481e-09,0.2724455
2.483e-09,0.2724276
2.485e-09,0.2724097999999999
2.487e-09,0.27239230000000003
2.489e-09,0.2723749
2.491e-09,0.2723576999999999
2.493e-09,0.27234080000000005
2.495e-09,0.27232409999999996
2.497e-09,0.2723076
2.499e-09,0.27229119999999996
2.501e-09,0.2722751
2.503e-09,0.2722591
2.505e-09,0.27224329999999997
2.507e-09,0.2722278
2.509e-09,0.27221229999999996
2.511e-09,0.27219720000000003
2.513e-09,0.2721821
2.515e-09,0.27216739999999995
2.517e-09,0.2721527
2.519e-09,0.2721382
2.521e-09,0.2721239
2.523e-09,0.27210980000000007
2.525e-09,0.27209589999999995
2.527e-09,0.27208220000000005
2.529e-09,0.27206850000000005
2.531e-09,0.27205500000000005
2.533e-09,0.2720418
2.535e-09,0.2720287
2.537e-09,0.2720157999999999
2.539e-09,0.272003
2.541e-09,0.2719904000000001
2.543e-09,0.2719779
2.545e-09,0.2719655999999999
2.547e-09,0.27195349999999996
2.549e-09,0.2719414
2.551e-09,0.2719296000000001
2.553e-09,0.27191790000000005
2.555e-09,0.2719064
2.557e-09,0.27189490000000005
2.559e-09,0.2718838
2.561e-09,0.2718725999999999
2.563e-09,0.2718617
2.565e-09,0.27185079999999995
2.567e-09,0.27184010000000003
2.569e-09,0.2718296
2.571e-09,0.27181920000000004
2.573e-09,0.2718089
2.575e-09,0.27179869999999995
2.577e-09,0.2717887
2.579e-09,0.27177890000000005
2.581e-09,0.27176900000000004
2.583e-09,0.2717594
2.585e-09,0.2717499
2.587e-09,0.27174049999999994
2.589e-09,0.27173120000000006
2.591e-09,0.27172209999999997
2.593e-09,0.27171310000000004
2.595e-09,0.27170419999999995
2.597e-09,0.2716953
2.5985e-09,0.2716889
2.6e-09,0.2716930000000001
2.6002e-09,0.27169580000000004
2.6006e-09,0.27170249999999996
2.6014e-09,0.2717214
2.603e-09,0.2717568
2.605e-09,0.27174319999999996
2.607e-09,0.2716044999999999
2.609e-09,0.27129040000000004
2.611e-09,0.2707657
2.613e-09,0.2700064
2.615e-09,0.26899759999999995
2.617e-09,0.26773080000000005
2.619e-09,0.26620239999999995
2.621e-09,0.26441250000000005
2.623e-09,0.26236440000000005
2.625e-09,0.26006320000000005
2.627e-09,0.2575156999999999
2.629e-09,0.2547296
2.631e-09,0.25171370000000004
2.633e-09,0.24847699999999995
2.635e-09,0.2450291
2.637e-09,0.24137969999999997
2.639e-09,0.23753849999999999
2.641e-09,0.23351540000000004
2.643e-09,0.2293198999999999
2.645e-09,0.22496170000000004
2.647e-09,0.22045020000000004
2.649e-09,0.21579459999999995
2.651e-09,0.21100390000000002
2.653e-09,0.20608690000000007
2.655e-09,0.20105220000000001
2.657e-09,0.19590829999999992
2.659e-09,0.19066319999999992
2.661e-09,0.1853247
2.663e-09,0.17990070000000002
2.665e-09,0.17439839999999995
2.667e-09,0.168825
2.669e-09,0.16318770000000005
2.671e-09,0.157493
2.673e-09,0.15174750000000004
2.675e-09,0.14595749999999996
2.677e-09,0.1401291
2.679e-09,0.13426800000000005
2.681e-09,0.1283799
2.683e-09,0.12247030000000003
2.685e-09,0.11654439999999999
2.687e-09,0.11060700000000001
2.689e-09,0.10466319999999996
2.691e-09,0.09871750000000001
2.693e-09,0.09277409999999997
2.695e-09,0.08683750000000001
2.697e-09,0.08091170000000003
2.699e-09,0.07500050000000003
2.701e-09,0.06910749999999999
2.703e-09,0.06323619999999996
2.705e-09,0.0573901
2.707e-09,0.05157200000000006
2.709e-09,0.04578530000000003
2.711e-09,0.040032500000000026
2.713e-09,0.03431650000000008
2.715e-09,0.028639699999999935
2.717e-09,0.023004499999999983
2.719e-09,0.01741309999999996
2.721e-09,0.011867599999999978
2.723e-09,0.006369999999999987
2.725e-09,0.0009219999999999784
2.727e-09,-0.004474500000000048
2.729e-09,-0.009818100000000052
2.731e-09,-0.015107399999999993
2.733e-09,-0.020340799999999937
2.735e-09,-0.025517199999999907
2.737e-09,-0.030635600000000096
2.739e-09,-0.035694800000000027
2.741e-09,-0.04069400000000001
2.743e-09,-0.04563230000000007
2.745e-09,-0.05050889999999997
2.747e-09,-0.05532309999999996
2.749e-09,-0.06007459999999998
2.751e-09,-0.06476280000000001
2.753e-09,-0.06938709999999992
2.755e-09,-0.07394740000000011
2.757e-09,-0.0784433
2.759e-09,-0.08287450000000007
2.761e-09,-0.08724100000000001
2.763e-09,-0.09154270000000009
2.765e-09,-0.09577950000000002
2.767e-09,-0.09995149999999997
2.769e-09,-0.10405869999999995
2.771e-09,-0.10810129999999996
2.773e-09,-0.11207929999999999
2.775e-09,-0.11599309999999996
2.777e-09,-0.11984290000000009
2.779e-09,-0.12362899999999999
2.781e-09,-0.12735169999999996
2.783e-09,-0.13101130000000005
2.785e-09,-0.13460830000000001
2.787e-09,-0.13814300000000002
2.789e-09,-0.14161600000000008
2.791e-09,-0.14502769999999998
2.793e-09,-0.14837849999999997
2.795e-09,-0.1516689
2.797e-09,-0.15489960000000003
2.7985e-09,-0.15728379999999997
2.8e-09,-0.15963470000000002
2.8002e-09,-0.15994540000000002
2.8006e-09,-0.16056560000000009
2.8014e-09,-0.16179900000000003
2.803e-09,-0.1642382
2.805e-09,-0.16723549999999998
2.807e-09,-0.17017610000000005
2.809e-09,-0.1730606
2.811e-09,-0.17588930000000003
2.813e-09,-0.17866329999999997
2.815e-09,-0.1813829
2.817e-09,-0.18404889999999996
2.819e-09,-0.18666210000000005
2.821e-09,-0.18922300000000003
2.823e-09,-0.19173230000000008
2.825e-09,-0.19419069999999994
2.827e-09,-0.19659899999999997
2.829e-09,-0.19895760000000007
2.831e-09,-0.20126750000000004
2.833e-09,-0.2035292999999999
2.835e-09,-0.20574369999999997
2.837e-09,-0.20791139999999997
2.839e-09,-0.21003289999999997
2.841e-09,-0.21210909999999994
2.843e-09,-0.21414069999999996
2.845e-09,-0.21612829999999994
2.847e-09,-0.21807259999999995
2.849e-09,-0.2199742
2.851e-09,-0.22183399999999998
2.853e-09,-0.22365239999999997
2.855e-09,-0.22543009999999997
2.857e-09,-0.22716800000000004
2.859e-09,-0.22886659999999992
2.861e-09,-0.23052659999999991
2.863e-09,-0.23214859999999993
2.865e-09,-0.23373319999999997
2.867e-09,-0.23528110000000002
2.869e-09,-0.23679300000000003
2.871e-09,-0.23826930000000002
2.873e-09,-0.23971090000000006
2.875e-09,-0.24111819999999995
2.877e-09,-0.24249199999999993
2.879e-09,-0.24383260000000007
2.881e-09,-0.2451409
2.883e-09,-0.2464174
2.885e-09,-0.2476625
2.887e-09,-0.2488769999999999
2.889e-09,-0.25006130000000004
2.891e-09,-0.251216
2.893e-09,-0.25234179999999995
2.895e-09,-0.25343910000000003
2.897e-09,-0.25450839999999997
2.899e-09,-0.2555502999999999
2.901e-09,-0.25656539999999994
2.903e-09,-0.25755400000000006
2.905e-09,-0.2585168
2.907e-09,-0.25945419999999997
2.909e-09,-0.26036669999999995
2.911e-09,-0.26125489999999996
2.913e-09,-0.26211910000000005
2.915e-09,-0.2629599
2.917e-09,-0.26377779999999995
2.919e-09,-0.2645731
2.921e-09,-0.2653462999999999
2.923e-09,-0.26609800000000006
2.925e-09,-0.26682839999999997
2.927e-09,-0.26753820000000006
2.929e-09,-0.26822749999999995
2.931e-09,-0.2688971
2.933e-09,-0.2695470000000001
2.935e-09,-0.2701779000000001
2.937e-09,-0.2707902
2.939e-09,-0.2713841
2.941e-09,-0.27196010000000004
2.943e-09,-0.2725185
2.945e-09,-0.27305979999999996
2.947e-09,-0.2735843
2.949e-09,-0.27409230000000007
2.951e-09,-0.27458439999999995
2.953e-09,-0.2750606
2.955e-09,-0.2755215000000001
2.957e-09,-0.2759672999999999
2.959e-09,-0.2763983000000001
2.961e-09,-0.2768151
2.963e-09,-0.2772177
2.965e-09,-0.27760640000000003
2.967e-09,-0.2779819
2.969e-09,-0.2783439999999999
2.971e-09,-0.2786934
2.973e-09,-0.2790302
2.975e-09,-0.27935469999999996
2.977e-09,-0.2796672
2.979e-09,-0.27996809999999994
2.981e-09,-0.2802574
2.983e-09,-0.2805356
2.985e-09,-0.2808028
2.987e-09,-0.28105939999999996
2.989e-09,-0.2813057000000001
2.991e-09,-0.2815417
2.993e-09,-0.28176770000000007
2.995e-09,-0.2819842
2.997e-09,-0.28219110000000003
2.9985e-09,-0.2823403
3e-09,-0.28249500000000005
3.0002e-09,-0.28251740000000003
3.0006e-09,-0.2825632
3.0014e-09,-0.28265929999999995
3.003e-09,-0.28284509999999996
3.005e-09,-0.28301239999999994
3.007e-09,-0.28304740000000006
3.009e-09,-0.28290040000000005
3.011e-09,-0.2825365000000001
3.013e-09,-0.28193239999999997
3.015e-09,-0.2810733999999999
3.017e-09,-0.27995099999999995
3.019e-09,-0.27856210000000003
3.021e-09,-0.27690689999999996
3.023e-09,-0.2749887
3.025e-09,-0.2728124999999999
3.027e-09,-0.2703854
3.029e-09,-0.26771500000000004
3.031e-09,-0.26480989999999993
3.033e-09,-0.2616794
3.035e-09,-0.2583329
3.037e-09,-0.2547801999999999
3.039e-09,-0.2510308
3.041e-09,-0.24709460000000005
3.043e-09,-0.24298129999999996
3.045e-09,-0.23870029999999998
3.047e-09,-0.23426100000000005
3.049e-09,-0.22967270000000006
3.051e-09,-0.22494440000000004
3.053e-09,-0.22008479999999997
3.055e-09,-0.21510269999999998
3.057e-09,-0.21000620000000003
3.059e-09,-0.20480360000000009
3.061e-09,-0.19950279999999998
3.063e-09,-0.1941115
3.065e-09,-0.18863699999999994
3.067e-09,-0.18308689999999994
3.069e-09,-0.17746779999999995
3.071e-09,-0.17178680000000002
3.073e-09,-0.16605009999999998
3.075e-09,-0.16026450000000003
3.077e-09,-0.15443590000000007
3.079e-09,-0.14857019999999999
3.081e-09,-0.14267319999999994
3.083e-09,-0.1367503
3.085e-09,-0.13080690000000006
3.087e-09,-0.12484810000000002
3.089e-09,-0.11887880000000006
3.091e-09,-0.11290359999999999
3.093e-09,-0.10692710000000005
3.095e-09,-0.10095370000000004
3.097e-09,-0.09498739999999994
3.099e-09,-0.0890322
3.101e-09,-0.08309199999999994
3.103e-09,-0.07717019999999997
3.105e-09,-0.07127030000000001
3.107e-09,-0.0653958
3.109e-09,-0.059549399999999975
3.111e-09,-0.05373430000000001
3.113e-09,-0.04795319999999992
3.115e-09,-0.042208899999999994
3.117e-09,-0.03650370000000003
3.119e-09,-0.030839800000000084
3.121e-09,-0.025219799999999903
3.123e-09,-0.019645399999999924
3.125e-09,-0.01411870000000004
3.127e-09,-0.008641499999999969
3.129e-09,-0.0032153999999999794
3.131e-09,0.0021579999999999933
3.133e-09,0.007477199999999962
3.135e-09,0.012741000000000002
3.137e-09,0.017947999999999964
3.139e-09,0.0230973000000001
3.141e-09,0.028187700000000038
3.143e-09,0.03321840000000009
3.145e-09,0.03818850000000007
3.147e-09,0.04309720000000006
3.149e-09,0.047944100000000045
3.151e-09,0.05272829999999995
3.153e-09,0.05744959999999999
3.155e-09,0.062107400000000035
3.157e-09,0.06670149999999997
3.159e-09,0.0712313
3.161e-09,0.07569709999999996
3.163e-09,0.08009830000000007
3.165e-09,0.08443500000000004
3.167e-09,0.08870709999999993
3.169e-09,0.09291479999999996
3.171e-09,0.09705779999999997
3.173e-09,0.10113660000000002
3.175e-09,0.1051512
3.177e-09,0.10910169999999997
3.179e-09,0.11298850000000005
3.181e-09,0.11681179999999991
3.183e-09,0.12057190000000007
3.185e-09,0.12426919999999997
3.187e-09,0.12790409999999997
3.189e-09,0.1314771
3.191e-09,0.13498829999999995
3.193e-09,0.13843850000000002
3.195e-09,0.14182799999999995
3.197e-09,0.1451574
3.1985e-09,0.1476153
3.2e-09,0.1500397
3.2002e-09,0.15036020000000005
3.2006e-09,0.15100000000000002
3.2014e-09,0.15227250000000003
3.203e-09,0.1547894999999999
3.205e-09,0.15788389999999997
3.207e-09,0.16092090000000003
3.209e-09,0.16390130000000003
3.211e-09,0.16682549999999996
3.213e-09,0.16969440000000002
3.215e-09,0.1725084
3.217e-09,0.17526830000000004
3.219e-09,0.17797450000000004
3.221e-09,0.180628
3.223e-09,0.18322929999999993
3.225e-09,0.18577909999999997
3.227e-09,0.1882779
3.229e-09,0.19072679999999997
3.231e-09,0.19312610000000008
3.233e-09,0.19547650000000005
3.235e-09,0.19777900000000004
3.237e-09,0.20003399999999993
3.239e-09,0.20224229999999999
3.241e-09,0.2044045
3.243e-09,0.2065212999999999
3.245e-09,0.20859340000000004
3.247e-09,0.21062159999999996
3.249e-09,0.21260639999999997
3.251e-09,0.21454859999999998
3.253e-09,0.2164488
3.255e-09,0.21830760000000005
3.257e-09,0.22012589999999999
3.259e-09,0.22190409999999994
3.261e-09,0.22364289999999998
3.263e-09,0.22534310000000002
3.265e-09,0.22700520000000002
3.267e-09,0.22862990000000005
3.269e-09,0.23021769999999997
3.271e-09,0.2317693999999999
3.273e-09,0.23328559999999998
3.275e-09,0.2347669
3.277e-09,0.23621369999999997
3.279e-09,0.23762699999999992
3.281e-09,0.23900700000000008
3.283e-09,0.24035460000000008
3.285e-09,0.24167020000000006
3.287e-09,0.24295429999999996
3.289e-09,0.24420769999999992
3.291e-09,0.24543080000000006
3.293e-09,0.24662430000000002
3.295e-09,0.24778849999999997
3.297e-09,0.24892409999999998
3.299e-09,0.2500317000000001
3.301e-09,0.2511116
3.303e-09,0.25216459999999996
3.305e-09,0.2531911
3.307e-09,0.2541914999999999
3.309e-09,0.2551663999999999
3.311e-09,0.2561163000000001
3.313e-09,0.2570416
3.315e-09,0.2579428
3.317e-09,0.2588205
3.319e-09,0.259675
3.321e-09,0.26050680000000004
3.323e-09,0.2613164
3.325e-09,0.26210429999999996
3.327e-09,0.26287079999999996
3.329e-09,0.2636163
3.331e-09,0.2643413
3.333e-09,0.26504630000000007
3.335e-09,0.2657315
3.337e-09,0.26639749999999995
3.339e-09,0.2670448000000001
3.341e-09,0.26767340000000006
3.343e-09,0.2682838999999999
3.345e-09,0.26887669999999997
3.347e-09,0.2694521999999999
3.349e-09,0.2700108
3.351e-09,0.2705525
3.353e-09,0.2710781
3.355e-09,0.27158779999999993
3.357e-09,0.2720819
3.359e-09,0.2725607
3.361e-09,0.27302459999999995
3.363e-09,0.27347390000000005
3.365e-09,0.2739089
3.367e-09,0.2743299
3.369e-09,0.27473729999999996
3.371e-09,0.2751314
3.373e-09,0.27551230000000004
3.375e-09,0.27588060000000003
3.377e-09,0.2762363
3.379e-09,0.27657980000000004
3.381e-09,0.2769113999999999
3.383e-09,0.2772314
3.385e-09,0.27753989999999995
3.387e-09,0.27783729999999995
3.389e-09,0.2781239
3.391e-09,0.2783998000000001
3.393e-09,0.27866539999999995
3.395e-09,0.2789209
3.397e-09,0.2791665
3.3985e-09,0.2793443
3.4e-09,0.2795168
3.4002e-09,0.2795394
3.4006e-09,0.27958420000000006
3.4014e-09,0.27967299999999995
3.403e-09,0.2798461
3.405e-09,0.28005440000000004
3.407e-09,0.280254
3.409e-09,0.28044500000000006
3.411e-09,0.28062770000000004
3.413e-09,0.28080229999999995
3.415e-09,0.2809688
3.417e-09,0.28112780000000004
3.419e-09,0.2812791
3.421e-09,0.281423
3.423e-09,0.2815598
3.425e-09,0.2816896
3.427e-09,0.2818127
3.429e-09,0.28192910000000004
3.431e-09,0.28203899999999993
3.433e-09,0.2821425000000001
3.435e-09,0.28224000000000005
3.437e-09,0.2823316
3.439e-09,0.2824173
3.441e-09,0.2824974
3.443e-09,0.2825719
3.445e-09,0.2826411
3.447e-09,0.28270509999999993
3.449e-09,0.282764
3.451e-09,0.2828179999999999
3.453e-09,0.28286710000000004
3.455e-09,0.28291160000000004
3.457e-09,0.28295170000000003
3.459e-09,0.28298729999999994
3.461e-09,0.2830186
3.463e-09,0.2830458
3.465e-09,0.283069
3.467e-09,0.28308829999999996
3.469e-09,0.28310369999999996
3.471e-09,0.28311549999999996
3.473e-09,0.2831237
3.475e-09,0.28312839999999995
3.477e-09,0.28312970000000004
3.479e-09,0.28312779999999993
3.481e-09,0.28312269999999995
3.483e-09,0.28311469999999994
3.485e-09,0.28310350000000006
3.487e-09,0.2830897
3.489e-09,0.28307289999999996
3.491e-09,0.2830536
3.493e-09,0.2830315
3.495e-09,0.283007
3.497e-09,0.28298009999999996
3.499e-09,0.2829509
3.501e-09,0.28291940000000004
3.503e-09,0.28288559999999996
3.505e-09,0.28284980000000004
3.507e-09,0.28281200000000006
3.509e-09,0.28277209999999997
3.511e-09,0.2827305
3.513e-09,0.282687
3.515e-09,0.2826417
3.517e-09,0.28259480000000003
3.519e-09,0.2825460999999999
3.521e-09,0.28249599999999997
3.523e-09,0.2824445
3.525e-09,0.2823915
3.527e-09,0.28233700000000006
3.529e-09,0.28228129999999996
3.531e-09,0.2822243
3.533e-09,0.28216620000000003
3.535e-09,0.2821068
3.537e-09,0.28204640000000003
3.539e-09,0.2819849
3.541e-09,0.2819224
3.543e-09,0.2818589
3.545e-09,0.2817946
3.547e-09,0.2817293999999999
3.549e-09,0.2816634
3.551e-09,0.2815966
3.553e-09,0.2815291
3.555e-09,0.2814608999999999
3.557e-09,0.281392
3.559e-09,0.2813226
3.561e-09,0.28125259999999996
3.563e-09,0.28118200000000004
3.565e-09,0.281111
3.567e-09,0.2810395
3.569e-09,0.28096750000000004
3.571e-09,0.28089510000000006
3.573e-09,0.2808224
3.575e-09,0.2807495
3.577e-09,0.2806761
3.579e-09,0.2806025
3.581e-09,0.28052869999999996
3.583e-09,0.2804546
3.585e-09,0.2803803
3.587e-09,0.2803059
3.589e-09,0.28023130000000007
3.591e-09,0.2801566000000001
3.593e-09,0.2800819
3.595e-09,0.280007
3.597e-09,0.27993219999999996
3.5985e-09,0.279876
3.6e-09,0.27981979999999995
3.6002e-09,0.27981239999999996
3.6006e-09,0.2797974
3.6014e-09,0.2797674
3.603e-09,0.2797075
3.605e-09,0.27963270000000007
3.607e-09,0.2795579
3.609e-09,0.27948320000000004
3.611e-09,0.2794086
3.613e-09,0.27933410000000003
3.615e-09,0.27925980000000006
3.617e-09,0.2791855
3.619e-09,0.27911149999999996
3.621e-09,0.2790376
3.623e-09,0.27896389999999993
3.625e-09,0.2788904
3.627e-09,0.2788172
3.629e-09,0.27874409999999994
3.631e-09,0.2786714
3.633e-09,0.2785987999999999
3.635e-09,0.2785265
3.637e-09,0.2784546
3.639e-09,0.2783829
3.641e-09,0.2783114
3.643e-09,0.2782403000000001
3.645e-09,0.2781696
3.647e-09,0.2780992
3.649e-09,0.27802910000000003
3.651e-09,0.2779593
3.653e-09,0.27788999999999997
3.655e-09,0.2778208999999999
3.657e-09,0.2777522
3.659e-09,0.2776839
3.661e-09,0.277616
3.663e-09,0.2775485
3.665e-09,0.2774814
3.667e-09,0.2774147
3.669e-09,0.2773483
3.671e-09,0.2772825
3.673e-09,0.27721699999999994
3.675e-09,0.2771519
3.677e-09,0.2770874
3.679e-09,0.2770232
3.681e-09,0.2769593
3.683e-09,0.2768961
3.685e-09,0.2768332
3.687e-09,0.27677070000000004
3.689e-09,0.27670870000000003
3.691e-09,0.27664710000000003
3.693e-09,0.27658609999999995
3.695e-09,0.27652540000000003
3.697e-09,0.2764652000000001
3.699e-09,0.2764055999999999
3.701e-09,0.27634630000000004
3.703e-09,0.2762875
3.705e-09,0.2762291
3.707e-09,0.2761713
3.709e-09,0.2761139
3.711e-09,0.27605690000000005
3.713e-09,0.2760005
3.715e-09,0.2759444999999999
3.717e-09,0.2758889
3.719e-09,0.27583389999999997
3.721e-09,0.27577929999999995
3.723e-09,0.2757252
3.725e-09,0.27567150000000007
3.727e-09,0.27561840000000004
3.729e-09,0.27556559999999997
3.731e-09,0.2755134
3.733e-09,0.2754616
3.735e-09,0.2754103
3.737e-09,0.27535940000000003
3.739e-09,0.2753089999999999
3.741e-09,0.2752591
3.743e-09,0.2752097
3.745e-09,0.2751606
3.747e-09,0.275112
3.749e-09,0.275064
3.751e-09,0.27501640000000005
3.753e-09,0.2749692
3.755e-09,0.27492250000000007
3.757e-09,0.2748762
3.759e-09,0.27483040000000003
3.761e-09,0.2747851
3.763e-09,0.27474010000000004
3.765e-09,0.27469560000000004
3.767e-09,0.2746516
3.769e-09,0.2746080000000001
3.771e-09,0.27456480000000005
3.773e-09,0.2745221
3.775e-09,0.27447980000000005
3.777e-09,0.27443799999999996
3.779e-09,0.2743966
3.781e-09,0.2743555
3.783e-09,0.274315
3.785e-09,0.2742749
3.787e-09,0.27423510000000006
3.789e-09,0.2741958
3.791e-09,0.27415690000000004
3.793e-09,0.2741184
3.795e-09,0.27408029999999994
3.797e-09,0.2740426
3.7985e-09,0.2740146
3.8e-09,0.2739975
3.8002e-09,0.27399740000000006
3.8006e-09,0.27399850000000003
3.8014e-09,0.27400610000000003
3.803e-09,0.27401910000000007
3.805e-09,0.27397800000000005
3.807e-09,0.27381219999999995
3.809e-09,0.2734715000000001
3.811e-09,0.27292079999999996
3.813e-09,0.27213600000000004
3.815e-09,0.2711023
3.817e-09,0.2698111000000001
3.819e-09,0.2682588
3.821e-09,0.26644560000000006
3.823e-09,0.26437469999999996
3.825e-09,0.26205100000000003
3.827e-09,0.25948150000000003
3.829e-09,0.2566737
3.831e-09,0.2536366
3.833e-09,0.250379
3.835e-09,0.24691050000000003
3.837e-09,0.24324069999999998
3.839e-09,0.23937940000000002
3.841e-09,0.23533649999999995
3.843e-09,0.23112139999999992
3.845e-09,0.22674360000000005
3.847e-09,0.22221290000000005
3.849e-09,0.21753809999999996
3.851e-09,0.21272829999999998
3.853e-09,0.2077926
3.855e-09,0.2027392
3.857e-09,0.19757649999999993
3.859e-09,0.19231279999999995
3.861e-09,0.1869558
3.863e-09,0.18151339999999994
3.865e-09,0.17599280000000006
3.867e-09,0.17040120000000003
3.869e-09,0.16474559999999994
3.871e-09,0.15903290000000003
3.873e-09,0.15326930000000005
3.875e-09,0.14746139999999996
3.877e-09,0.1416149
3.879e-09,0.13573599999999997
3.881e-09,0.1298302
3.883e-09,0.12390280000000009
3.885e-09,0.11795920000000004
3.887e-09,0.1120044
3.889e-09,0.10604309999999995
3.891e-09,0.10007980000000005
3.893e-09,0.09411930000000002
3.895e-09,0.0881654999999999
3.897e-09,0.08222249999999998
3.899e-09,0.07629420000000009
3.901e-09,0.07038429999999996
3.903e-09,0.0644962
3.905e-09,0.05863319999999994
3.907e-09,0.05279870000000009
3.909e-09,0.04699540000000002
3.911e-09,0.04122619999999999
3.913e-09,0.035494000000000026
3.915e-09,0.029800999999999966
3.917e-09,0.0241498
3.919e-09,0.018542500000000017
3.921e-09,0.012981299999999973
3.923e-09,0.007467999999999919
3.925e-09,0.002004600000000023
3.927e-09,-0.003407300000000002
3.929e-09,-0.008766000000000052
3.931e-09,-0.01407029999999998
3.933e-09,-0.019318600000000075
3.935e-09,-0.024509800000000026
3.937e-09,-0.029642700000000022
3.939e-09,-0.03471639999999998
3.941e-09,-0.039729799999999926
3.943e-09,-0.044682
3.945e-09,-0.04957259999999997
3.947e-09,-0.05440080000000003
3.949e-09,-0.059165899999999993
3.951e-09,-0.06386739999999991
3.953e-09,-0.06850509999999999
3.955e-09,-0.07307839999999999
3.957e-09,-0.07758719999999997
3.959e-09,-0.08203129999999992
3.961e-09,-0.08641049999999995
3.963e-09,-0.09072460000000004
3.965e-09,-0.0949738
3.967e-09,-0.09915790000000002
3.969e-09,-0.10327710000000001
3.971e-09,-0.10733139999999997
3.973e-09,-0.11132120000000001
3.975e-09,-0.11524650000000003
3.977e-09,-0.11910770000000004
3.979e-09,-0.12290500000000004
3.981e-09,-0.12663859999999993
3.983e-09,-0.13030920000000001
3.985e-09,-0.13391680000000006
3.987e-09,-0.13746210000000003
3.989e-09,-0.1409454
3.991e-09,-0.14436729999999998
3.993e-09,-0.14772819999999998
3.995e-09,-0.15102860000000007
3.997e-09,-0.1542692
3.9985e-09,-0.15666049999999998
4e-09,-0.15901869999999996
4.0002e-09,-0.1593312
4.0006e-09,-0.1599568
4.0014e-09,-0.16121110000000005
4.003e-09,-0.16370620000000002
4.005e-09,-0.16673910000000003
4.007e-09,-0.1696069
4.009e-09,-0.17225140000000005
4.011e-09,-0.17463280000000003
4.013e-09,-0.17672340000000009
4.015e-09,-0.17850640000000007
4.017e-09,-0.17997230000000008
4.019e-09,-0.18111750000000004
4.021e-09,-0.18194260000000007
4.023e-09,-0.1824515
4.025e-09,-0.1826506
4.027e-09,-0.18254779999999993
4.029e-09,-0.18215250000000005
4.031e-09,-0.1814749
4.033e-09,-0.18052540000000006
4.035e-09,-0.17931529999999996
4.037e-09,-0.17785550000000006
4.039e-09,-0.1761572
4.041e-09,-0.17423140000000004
4.043e-09,-0.1720893
4.045e-09,-0.16974139999999993
4.047e-09,-0.16719830000000002
4.049e-09,-0.16447029999999996
4.051e-09,-0.1615671999999999
4.053e-09,-0.1584989
4.055e-09,-0.15527480000000005
4.057e-09,-0.15190389999999998
4.059e-09,-0.1483951
4.061e-09,-0.14475709999999997
4.063e-09,-0.14099780000000006
4.065e-09,-0.13712559999999996
4.067e-09,-0.13314800000000004
4.069e-09,-0.12907250000000003
4.071e-09,-0.12490639999999997
4.073e-09,-0.12065650000000006
4.075e-09,-0.11632960000000003
4.077e-09,-0.11193209999999998
4.079e-09,-0.10747039999999997
4.081e-09,-0.10295029999999994
4.083e-09,-0.09837760000000006
4.085e-09,-0.09375790000000006
4.087e-09,-0.08909669999999992
4.089e-09,-0.08439909999999995
4.091e-09,-0.0796697999999999
4.093e-09,-0.07491389999999998
4.095e-09,-0.07013569999999991
4.097e-09,-0.0653397
4.099e-09,-0.06052999999999997
4.101e-09,-0.055710599999999943
4.103e-09,-0.050885599999999975
4.105e-09,-0.046058399999999944
4.107e-09,-0.041232500000000005
4.109e-09,-0.036411300000000035
4.111e-09,-0.03159820000000002
4.113e-09,-0.02679599999999993
4.115e-09,-0.02200750000000007
4.117e-09,-0.017235800000000023
4.119e-09,-0.012483200000000028
4.121e-09,-0.007752399999999993
4.123e-09,-0.003045399999999976
4.125e-09,0.0016351000000000004
4.127e-09,0.006287400000000054
4.129e-09,0.010909500000000016
4.131e-09,0.015499399999999941
4.133e-09,0.020055299999999998
4.135e-09,0.024575699999999978
4.137e-09,0.029059100000000004
4.139e-09,0.03350399999999998
4.141e-09,0.03790899999999997
4.143e-09,0.04227309999999995
4.145e-09,0.046594899999999995
4.147e-09,0.050873500000000016
4.149e-09,0.05510779999999993
4.151e-09,0.05929709999999999
4.153e-09,0.06344039999999995
4.155e-09,0.06753710000000002
4.157e-09,0.07158640000000005
4.159e-09,0.07558779999999998
4.161e-09,0.07954070000000002
4.163e-09,0.08344470000000004
4.165e-09,0.08729940000000003
4.167e-09,0.09110430000000003
4.169e-09,0.09485929999999998
4.171e-09,0.09856390000000004
4.173e-09,0.10221820000000004
4.175e-09,0.10582190000000002
4.177e-09,0.109375
4.179e-09,0.11287729999999996
4.181e-09,0.11632889999999996
4.183e-09,0.11972969999999994
4.185e-09,0.12307999999999997
4.187e-09,0.12637949999999998
4.189e-09,0.1296288
4.191e-09,0.1328277
4.193e-09,0.13597650000000006
4.195e-09,0.1390754999999999
4.197e-09,0.14212480000000005
4.1985e-09,0.1443793
4.2e-09,0.14661669999999993
4.2002e-09,0.1469147999999999
4.2006e-09,0.14751139999999996
4.2014e-09,0.14870380000000005
4.203e-09,0.1510614
4.205e-09,0.15390290000000006
4.207e-09,0.1565643
4.209e-09,0.15899410000000003
4.211e-09,0.16115670000000004
4.213e-09,0.1630280999999999
4.215e-09,0.16459400000000002
4.217e-09,0.1658468999999999
4.219e-09,0.16678439999999994
4.221e-09,0.16740829999999995
4.223e-09,0.16772350000000003
4.225e-09,0.1677366
4.227e-09,0.1674561
4.229e-09,0.16689140000000002
4.231e-09,0.1660528
4.233e-09,0.16495119999999996
4.235e-09,0.16359730000000006
4.237e-09,0.1620024
4.239e-09,0.16017750000000008
4.241e-09,0.15813370000000004
4.243e-09,0.1558817
4.245e-09,0.15343220000000002
4.247e-09,0.15079549999999997
4.249e-09,0.14798179999999994
4.251e-09,0.14500100000000005
4.253e-09,0.1418625
4.255e-09,0.13857580000000003
4.257e-09,0.13514969999999993
4.259e-09,0.1315929
4.261e-09,0.1279138999999999
4.263e-09,0.12412080000000003
4.265e-09,0.12022139999999992
4.267e-09,0.11622319999999997
4.269e-09,0.1121337
4.271e-09,0.10795979999999994
4.273e-09,0.10370849999999998
4.275e-09,0.09938610000000003
4.277e-09,0.0949991
4.279e-09,0.0905534
4.281e-09,0.08605490000000005
4.283e-09,0.08150950000000001
4.285e-09,0.07692220000000005
4.287e-09,0.07229839999999998
4.289e-09,0.06764320000000001
4.291e-09,0.06296109999999999
4.293e-09,0.058257
4.295e-09,0.053535
4.297e-09,0.048799499999999996
4.299e-09,0.044054600000000055
4.301e-09,0.03930390000000006
4.303e-09,0.03455140000000001
4.305e-09,0.02980040000000006
4.307e-09,0.025054299999999974
4.309e-09,0.020316299999999954
4.311e-09,0.015589499999999923
4.313e-09,0.010876700000000072
4.315e-09,0.006180699999999928
4.317e-09,0.0015041000000000082
4.319e-09,-0.003150700000000062
4.321e-09,-0.007781199999999933
4.323e-09,-0.012385400000000102
4.325e-09,-0.016961100000000062
4.327e-09,-0.021506399999999926
4.329e-09,-0.026019400000000026
4.331e-09,-0.03049830000000009
4.333e-09,-0.034941700000000075
4.335e-09,-0.03934789999999999
4.337e-09,-0.04371550000000002
4.339e-09,-0.04804319999999995
4.341e-09,-0.05232989999999993
4.343e-09,-0.05657430000000008
4.345e-09,-0.06077550000000009
4.347e-09,-0.0649324
4.349e-09,-0.06904430000000006
4.351e-09,-0.07311029999999996
4.353e-09,-0.07712960000000002
4.355e-09,-0.08110169999999994
4.357e-09,-0.08502589999999999
4.359e-09,-0.08890180000000003
4.361e-09,-0.0927289
4.363e-09,-0.09650670000000006
4.365e-09,-0.10023499999999996
4.367e-09,-0.10391339999999993
4.369e-09,-0.10754179999999991
4.371e-09,-0.11111990000000005
4.373e-09,-0.11464770000000002
4.375e-09,-0.11812500000000004
4.377e-09,-0.12155179999999999
4.379e-09,-0.12492809999999999
4.381e-09,-0.12825399999999998
4.383e-09,-0.13152950000000008
4.385e-09,-0.13475460000000006
4.387e-09,-0.13792959999999999
4.389e-09,-0.14105460000000003
4.391e-09,-0.14412990000000003
4.393e-09,-0.1471555
4.395e-09,-0.15013189999999998
4.397e-09,-0.15305919999999995
4.3985e-09,-0.1552226
4.4e-09,-0.15735880000000002
4.4002e-09,-0.1576420999999999
4.4006e-09,-0.1582097
4.4014e-09,-0.15934910000000002
4.403e-09,-0.16161950000000003
4.405e-09,-0.16438010000000003
4.407e-09,-0.16698479999999993
4.409e-09,-0.16937559999999996
4.411e-09,-0.17151170000000004
4.413e-09,-0.1733654
4.415e-09,-0.17491960000000006
4.417e-09,-0.1761644
4.419e-09,-0.17709600000000003
4.421e-09,-0.17771459999999994
4.423e-09,-0.17802410000000002
4.425e-09,-0.17803040000000003
4.427e-09,-0.17774160000000006
4.429e-09,-0.1771666999999999
4.431e-09,-0.17631549999999996
4.433e-09,-0.17519870000000004
4.435e-09,-0.17382699999999995
4.437e-09,-0.17221149999999996
4.439e-09,-0.17036319999999994
4.441e-09,-0.16829309999999997
4.443e-09,-0.16601199999999994
4.445e-09,-0.1635302999999999
4.447e-09,-0.16085890000000003
4.449e-09,-0.15800760000000003
4.451e-09,-0.15498640000000008
4.453e-09,-0.15180499999999997
4.455e-09,-0.1484725
4.457e-09,-0.14499820000000008
4.459e-09,-0.14139080000000004
4.461e-09,-0.13765879999999997
4.463e-09,-0.1338102
4.465e-09,-0.12985310000000005
4.467e-09,-0.12579510000000005
4.469e-09,-0.12164370000000002
4.471e-09,-0.11740589999999995
4.473e-09,-0.11308859999999998
4.475e-09,-0.10869840000000008
4.477e-09,-0.10424180000000005
4.479e-09,-0.09972479999999995
4.481e-09,-0.09515359999999995
4.483e-09,-0.0905336000000001
4.485e-09,-0.08587040000000001
4.487e-09,-0.0811695
4.489e-09,-0.0764357
4.491e-09,-0.07167389999999996
4.493e-09,-0.06688879999999997
4.495e-09,-0.062084999999999946
4.497e-09,-0.057266600000000056
4.499e-09,-0.05243779999999998
4.501e-09,-0.04760259999999994
4.503e-09,-0.04276460000000004
4.505e-09,-0.03792759999999995
4.507e-09,-0.03309479999999998
4.509e-09,-0.02826950000000006
4.511e-09,-0.023455100000000062
4.513e-09,-0.018654200000000065
4.515e-09,-0.013869800000000043
4.517e-09,-0.009104500000000071
4.519e-09,-0.0043608000000000535
4.521e-09,0.00035879999999999246
4.523e-09,0.005052199999999951
4.525e-09,0.009716999999999976
4.527e-09,0.014351400000000014
4.529e-09,0.018953500000000068
4.531e-09,0.023521500000000084
4.533e-09,0.02805369999999996
4.535e-09,0.03254849999999998
4.537e-09,0.037004499999999996
4.539e-09,0.041420299999999965
4.541e-09,0.045794699999999966
4.543e-09,0.05012649999999996
4.545e-09,0.05441460000000009
4.547e-09,0.058658099999999935
4.549e-09,0.06285600000000002
4.551e-09,0.0670075
4.553e-09,0.0711119
4.555e-09,0.07516829999999997
4.557e-09,0.07917639999999992
4.559e-09,0.08313550000000003
4.561e-09,0.0870451000000001
4.563e-09,0.09090480000000001
4.565e-09,0.09471430000000003
4.567e-09,0.09847329999999999
4.569e-09,0.10218150000000004
4.571e-09,0.10583869999999995
4.573e-09,0.10944480000000001
4.575e-09,0.11299970000000004
4.577e-09,0.11650329999999998
4.579e-09,0.11995559999999994
4.581e-09,0.12335669999999999
4.583e-09,0.1267064
4.585e-09,0.13000520000000004
4.587e-09,0.13325300000000007
4.589e-09,0.1364499
4.591e-09,0.1395963
4.593e-09,0.14269220000000005
4.595e-09,0.14573799999999992
4.597e-09,0.14873400000000003
4.5985e-09,0.15094839999999998
4.6e-09,0.1531349999999999
4.6002e-09,0.1534241999999999
4.6006e-09,0.15400160000000007
4.6014e-09,0.15515050000000008
4.603e-09,0.15742519999999993
4.605e-09,0.16022479999999995
4.607e-09,0.16297629999999996
4.609e-09,0.16568000000000005
4.611e-09,0.16833640000000005
4.613e-09,0.17094580000000004
4.615e-09,0.17350869999999996
4.617e-09,0.17602550000000006
4.619e-09,0.1784966
4.621e-09,0.1809227000000001
4.623e-09,0.18330410000000008
4.625e-09,0.1856413
4.627e-09,0.18793479999999996
4.629e-09,0.1901851
4.631e-09,0.19239279999999992
4.633e-09,0.19455829999999996
4.635e-09,0.19668220000000003
4.637e-09,0.19876479999999996
4.639e-09,0.20080700000000007
4.641e-09,0.20280900000000002
4.643e-09,0.20477140000000005
4.645e-09,0.20669499999999996
4.647e-09,0.20857979999999998
4.649e-09,0.21042689999999997
4.651e-09,0.2122364
4.653e-09,0.21400910000000006
4.655e-09,0.21574549999999992
4.657e-09,0.21744589999999997
4.659e-09,0.2191111
4.661e-09,0.2207414000000001
4.663e-09,0.22233760000000002
4.665e-09,0.2239
4.667e-09,0.22542909999999994
4.669e-09,0.2269255
4.671e-09,0.22838990000000003
4.673e-09,0.22982229999999992
4.675e-09,0.23122379999999998
4.677e-09,0.23259459999999998
4.679e-09,0.23393509999999995
4.681e-09,0.23524599999999996
4.683e-09,0.2365277
4.685e-09,0.23778070000000007
4.687e-09,0.23900549999999998
4.689e-09,0.24020259999999993
4.691e-09,0.24137229999999998
4.693e-09,0.2425153
4.695e-09,0.2436319
4.697e-09,0.24472269999999996
4.699e-09,0.24578809999999995
4.701e-09,0.2468285
4.703e-09,0.2478442999999999
4.705e-09,0.24883599999999995
4.707e-09,0.24980409999999997
4.709e-09,0.25074890000000005
4.711e-09,0.25167110000000004
4.713e-09,0.2525706999999999
4.715e-09,0.2534484
4.717e-09,0.25430449999999993
4.719e-09,0.2551394
4.721e-09,0.2559536
4.723e-09,0.25674739999999996
4.725e-09,0.2575212
4.727e-09,0.2582753
4.729e-09,0.2590102000000001
4.731e-09,0.2597262
4.733e-09,0.2604238
4.735e-09,0.2611032
4.737e-09,0.2617647000000001
4.739e-09,0.2624088
4.741e-09,0.26303580000000004
4.743e-09,0.2636461
4.745e-09,0.26424000000000003
4.747e-09,0.26481769999999993
4.749e-09,0.26537960000000005
4.751e-09,0.2659262
4.753e-09,0.2664575
4.755e-09,0.26697400000000004
4.757e-09,0.2674759
4.759e-09,0.2679637
4.761e-09,0.2684375
4.763e-09,0.26889760000000007
4.765e-09,0.2693443
4.767e-09,0.2697781
4.769e-09,0.2701988000000001
4.771e-09,0.27060719999999994
4.773e-09,0.2710032
4.775e-09,0.27138719999999994
4.777e-09,0.27175949999999993
4.779e-09,0.27212020000000003
4.781e-09,0.2724698000000001
4.783e-09,0.2728083
4.785e-09,0.27313599999999993
4.787e-09,0.27345319999999995
4.789e-09,0.27376009999999995
4.791e-09,0.274057
4.793e-09,0.2743439
4.795e-09,0.27462129999999996
4.797e-09,0.27488920000000006
4.7985e-09,0.27508410000000005
4.8e-09,0.27527390000000007
4.8002e-09,0.2752987
4.8006e-09,0.27534840000000005
4.8014e-09,0.2754464
4.803e-09,0.2756385
4.805e-09,0.2758708999999999
4.807e-09,0.27609490000000003
4.809e-09,0.2763107
4.811e-09,0.27651839999999994
4.813e-09,0.2767183999999999
4.815e-09,0.27691069999999995
4.817e-09,0.2770956
4.819e-09,0.27727329999999994
4.821e-09,0.27744369999999996
4.823e-09,0.27760720000000005
4.825e-09,0.277764
4.827e-09,0.27791429999999995
4.829e-09,0.278058
4.831e-09,0.27819550000000004
4.833e-09,0.27832690000000004
4.835e-09,0.2784523000000001
4.837e-09,0.27857180000000004
4.839e-09,0.27868570000000004
4.841e-09,0.278794
4.843e-09,0.2788969
4.845e-09,0.2789946
4.847e-09,0.2790872
4.849e-09,0.2791747
4.851e-09,0.27925730000000004
4.853e-09,0.27933530000000006
4.855e-09,0.27940869999999995
4.857e-09,0.2794774
4.859e-09,0.2795419
4.861e-09,0.2796022
4.863e-09,0.27965819999999997
4.865e-09,0.27971029999999997
4.867e-09,0.2797583
4.869e-09,0.2798026
4.871e-09,0.27984320000000007
4.873e-09,0.27988029999999997
4.875e-09,0.27991370000000004
4.877e-09,0.27994379999999996
4.879e-09,0.27997059999999996
4.881e-09,0.2799940999999999
4.883e-09,0.2800146
4.885e-09,0.28003200000000006
4.887e-09,0.2800465
4.889e-09,0.2800581
4.891e-09,0.2800669
4.893e-09,0.2800731999999999
4.895e-09,0.28007669999999996
4.897e-09,0.2800777
4.899e-09,0.28007629999999994
4.901e-09,0.28007249999999995
4.903e-09,0.2800665
4.905e-09,0.28005820000000003
4.907e-09,0.28004779999999996
4.909e-09,0.2800353
4.911e-09,0.2800207
4.913e-09,0.2800043
4.915e-09,0.27998579999999995
4.917e-09,0.2799657
4.919e-09,0.2799437
4.921e-09,0.27992020000000006
4.923e-09,0.2798948
4.925e-09,0.279868
4.927e-09,0.27983959999999997
4.929e-09,0.2798098
4.931e-09,0.2797786
4.933e-09,0.27974599999999994
4.935e-09,0.27971199999999996
4.937e-09,0.27967679999999995
4.939e-09,0.2796404
4.941e-09,0.27960279999999993
4.943e-09,0.27956419999999993
4.945e-09,0.2795244
4.947e-09,0.2794837
4.949e-09,0.2794419
4.951e-09,0.27939919999999996
4.953e-09,0.27935560000000004
4.955e-09,0.2793112
4.957e-09,0.27926589999999996
4.959e-09,0.27921989999999997
4.961e-09,0.279173
4.963e-09,0.2791255
4.965e-09,0.2790773
4.967e-09,0.2790285
4.969e-09,0.278979
4.971e-09,0.278929
4.973e-09,0.2788784999999999
4.975e-09,0.2788275
4.977e-09,0.27877589999999997
4.979e-09,0.2787239
4.981e-09,0.2786714
4.983e-09,0.27861860000000005
4.985e-09,0.2785654000000001
4.987e-09,0.27851190000000003
4.989e-09,0.278458
4.991e-09,0.27840390000000004
4.993e-09,0.2783494999999999
4.995e-09,0.27829479999999995
4.997e-09,0.2782399000000001
4.9985e-09,0.27819859999999996
5e-09,0.27815729999999994
5.0002e-09,0.2781525
5.0006e-09,0.278145
5.0014e-09,0.27813999999999994
5.003e-09,0.27814530000000004
5.005e-09,0.2781207
5.007e-09,0.2779935
5.009e-09,0.2777069000000001
5.011e-09,0.27722100000000005
5.013e-09,0.2765084
5.015e-09,0.27555110000000005
5.017e-09,0.27433869999999994
5.019e-09,0.27286579999999994
5.021e-09,0.27113160000000003
5.023e-09,0.2691382
5.025e-09,0.2668898999999999
5.027e-09,0.264393
5.029e-09,0.26165499999999997
5.031e-09,0.2586839999999999
5.033e-09,0.25548919999999997
5.035e-09,0.2520797
5.037e-09,0.2484653
5.039e-09,0.24465550000000003
5.041e-09,0.2406602
5.043e-09,0.2364889
5.045e-09,0.23215129999999995
5.047e-09,0.2276568
5.049e-09,0.2230147
5.051e-09,0.21823400000000004
5.053e-09,0.21332359999999995
5.055e-09,0.20829199999999992
5.057e-09,0.20314790000000005
5.059e-09,0.19789919999999994
5.061e-09,0.19255409999999995
5.063e-09,0.18712030000000002
5.065e-09,0.18160509999999996
5.067e-09,0.17601599999999995
5.069e-09,0.17035999999999996
5.071e-09,0.16464390000000007
5.073e-09,0.1588742999999999
5.075e-09,0.15305749999999996
5.077e-09,0.1471998
5.079e-09,0.14130699999999996
5.081e-09,0.13538490000000003
5.083e-09,0.12943910000000003
5.085e-09,0.12347459999999999
5.087e-09,0.11749680000000007
5.089e-09,0.11151049999999996
5.091e-09,0.10552039999999996
5.093e-09,0.09953099999999993
5.095e-09,0.09354660000000004
5.097e-09,0.08757129999999991
5.099e-09,0.08160909999999999
5.101e-09,0.0756637
5.103e-09,0.06973870000000004
5.105e-09,0.06383749999999999
5.107e-09,0.0579634
5.109e-09,0.05211929999999998
5.111e-09,0.04630820000000002
5.113e-09,0.04053299999999993
5.115e-09,0.03479600000000005
5.117e-09,0.029099900000000067
5.119e-09,0.023446900000000048
5.121e-09,0.017839099999999997
5.123e-09,0.012278599999999917
5.125e-09,0.006767300000000032
5.127e-09,0.0013068999999999997
5.129e-09,-0.004100899999999963
5.131e-09,-0.009454700000000038
5.133e-09,-0.014753099999999963
5.135e-09,-0.019994599999999974
5.137e-09,-0.02517809999999998
5.139e-09,-0.030302700000000016
5.141e-09,-0.03536729999999999
5.143e-09,-0.04037109999999999
5.145e-09,-0.045313099999999995
5.147e-09,-0.05019280000000004
5.149e-09,-0.05500959999999999
5.151e-09,-0.05976290000000006
5.153e-09,-0.06445210000000001
5.155e-09,-0.0690771
5.157e-09,-0.07363759999999997
5.159e-09,-0.07813300000000001
5.161e-09,-0.08256340000000006
5.163e-09,-0.08692879999999992
5.165e-09,-0.0912288
5.167e-09,-0.09546359999999998
5.169e-09,-0.09963319999999998
5.171e-09,-0.10373779999999999
5.173e-09,-0.10777740000000002
5.175e-09,-0.11175239999999997
5.177e-09,-0.11566280000000007
5.179e-09,-0.11950899999999998
5.181e-09,-0.12329120000000005
5.183e-09,-0.1270099
5.185e-09,-0.13066539999999993
5.187e-09,-0.13425810000000005
5.189e-09,-0.13778840000000003
5.191e-09,-0.14125690000000002
5.193e-09,-0.14466400000000001
5.195e-09,-0.14801019999999998
5.197e-09,-0.15129590000000004
5.1985e-09,-0.153721
5.2e-09,-0.1561125
5.2002e-09,-0.15642849999999997
5.2006e-09,-0.15705950000000002
5.2014e-09,-0.15831439999999997
5.203e-09,-0.1607961
5.205e-09,-0.16384600000000005
5.207e-09,-0.16683860000000006
5.209e-09,-0.1697744
5.211e-09,-0.17265399999999997
5.213e-09,-0.17547810000000008
5.215e-09,-0.1782473
5.217e-09,-0.18096230000000002
5.219e-09,-0.18362369999999995
5.221e-09,-0.18623219999999996
5.223e-09,-0.18878850000000003
5.225e-09,-0.19129340000000006
5.227e-09,-0.19374740000000001
5.229e-09,-0.19615129999999992
5.231e-09,-0.19850579999999995
5.233e-09,-0.20081159999999998
5.235e-09,-0.2030693
5.237e-09,-0.20527970000000006
5.239e-09,-0.20744340000000006
5.241e-09,-0.20956130000000006
5.243e-09,-0.21163370000000004
5.245e-09,-0.21366169999999995
5.247e-09,-0.21564590000000006
5.249e-09,-0.21758670000000002
5.251e-09,-0.2194851
5.253e-09,-0.22134169999999997
5.255e-09,-0.2231571
5.257e-09,-0.2249319999999999
5.259e-09,-0.2266671
5.261e-09,-0.22836289999999992
5.263e-09,-0.2300202
5.265e-09,-0.23163979999999995
5.267e-09,-0.2332221
5.269e-09,-0.23476770000000002
5.271e-09,-0.23627739999999997
5.273e-09,-0.2377517
5.275e-09,-0.2391913
5.277e-09,-0.2405969
5.279e-09,-0.24196879999999998
5.281e-09,-0.24330800000000008
5.283e-09,-0.24461469999999996
5.285e-09,-0.24588979999999994
5.287e-09,-0.2471337
5.289e-09,-0.24834699999999998
5.291e-09,-0.24953020000000004
5.293e-09,-0.2506839999999999
5.295e-09,-0.2518089
5.297e-09,-0.2529055
5.299e-09,-0.25397420000000004
5.301e-09,-0.2550156
5.303e-09,-0.25603010000000004
5.305e-09,-0.2570184
5.307e-09,-0.25798090000000007
5.309e-09,-0.2589182
5.311e-09,-0.25983069999999997
5.313e-09,-0.2607189000000001
5.315e-09,-0.26158329999999996
5.317e-09,-0.2624242
5.319e-09,-0.2632424
5.321e-09,-0.26403810000000005
5.323e-09,-0.2648119
5.325e-09,-0.26556409999999997
5.327e-09,-0.26629519999999995
5.329e-09,-0.2670054999999999
5.331e-09,-0.26769579999999993
5.333e-09,-0.26836609999999994
5.335e-09,-0.2690170999999999
5.337e-09,-0.269649
5.339e-09,-0.27026229999999996
5.341e-09,-0.2708573000000001
5.343e-09,-0.27143459999999997
5.345e-09,-0.2719942999999999
5.347e-09,-0.27253700000000003
5.349e-09,-0.2730629
5.351e-09,-0.27357260000000005
5.353e-09,-0.27406600000000003
5.355e-09,-0.27454389999999995
5.357e-09,-0.27500650000000004
5.359e-09,-0.275454
5.361e-09,-0.2758868
5.363e-09,-0.2763053999999999
5.365e-09,-0.27670989999999995
5.367e-09,-0.27710060000000003
5.369e-09,-0.277478
5.371e-09,-0.2778423
5.373e-09,-0.2781937
5.375e-09,-0.27853269999999997
5.377e-09,-0.27885930000000003
5.379e-09,-0.2791741
5.381e-09,-0.2794770999999999
5.383e-09,-0.27976880000000004
5.385e-09,-0.28004929999999995
5.387e-09,-0.2803188999999999
5.389e-09,-0.280578
5.391e-09,-0.2808265999999999
5.393e-09,-0.28106510000000007
5.395e-09,-0.28129380000000004
5.397e-09,-0.28151270000000006
5.3985e-09,-0.28167070000000005
5.4e-09,-0.2818235
5.4002e-09,-0.2818435
5.4006e-09,-0.2818832
5.4014e-09,-0.28196160000000003
5.403e-09,-0.282114
5.405e-09,-0.28229669999999996
5.407e-09,-0.2824707000000001
5.409e-09,-0.2826366
5.411e-09,-0.28279430000000005
5.413e-09,-0.28294410000000003
5.415e-09,-0.28308620000000007
5.417e-09,-0.28322079999999994
5.419e-09,-0.2833481
5.421e-09,-0.28346820000000006
5.423e-09,-0.2835814
5.425e-09,-0.2836879
5.427e-09,-0.2837877
5.429e-09,-0.28388120000000006
5.431e-09,-0.28396829999999995
5.433e-09,-0.28404950000000007
5.435e-09,-0.2841247
5.437e-09,-0.2841941
5.439e-09,-0.284258
5.441e-09,-0.2843164
5.443e-09,-0.28436950000000005
5.445e-09,-0.28441739999999993
5.447e-09,-0.28446040000000006
5.449e-09,-0.2844985
5.451e-09,-0.28453189999999995
5.453e-09,-0.2845607
5.455e-09,-0.284585
5.457e-09,-0.284605
5.459e-09,-0.2846208
5.461e-09,-0.2846326
5.463e-09,-0.28464030000000007
5.465e-09,-0.2846443000000001
5.467e-09,-0.2846446
5.469e-09,-0.28464120000000004
5.471e-09,-0.28463440000000007
5.473e-09,-0.28462410000000005
5.475e-09,-0.2846107
5.477e-09,-0.28459389999999996
5.479e-09,-0.28457409999999994
5.481e-09,-0.2845514
5.483e-09,-0.2845259
5.485e-09,-0.28449749999999996
5.487e-09,-0.28446649999999996
5.489e-09,-0.28443280000000004
5.491e-09,-0.2843966
5.493e-09,-0.284358
5.495e-09,-0.28431720000000005
5.497e-09,-0.284274
5.499e-09,-0.2842287
5.501e-09,-0.2841813000000001
5.503e-09,-0.2841319
5.505e-09,-0.28408049999999996
5.507e-09,-0.2840273
5.509e-09,-0.28397229999999996
5.511e-09,-0.28391560000000005
5.513e-09,-0.2838571999999999
5.515e-09,-0.28379719999999997
5.517e-09,-0.28373570000000004
5.519e-09,-0.2836727
5.521e-09,-0.2836084
5.523e-09,-0.2835428
5.525e-09,-0.28347580000000006
5.527e-09,-0.28340770000000004
5.529e-09,-0.28333830000000004
5.531e-09,-0.28326779999999996
5.533e-09,-0.28319630000000007
5.535e-09,-0.28312380000000004
5.537e-09,-0.28305040000000004
5.539e-09,-0.28297610000000006
5.541e-09,-0.2829009
5.543e-09,-0.28282490000000005
5.545e-09,-0.28274810000000006
5.547e-09,-0.2826706
5.549e-09,-0.2825924999999999
5.551e-09,-0.2825137
5.553e-09,-0.2824344
5.555e-09,-0.2823544
5.557e-09,-0.282274
5.559e-09,-0.2821931
5.561e-09,-0.2821117000000001
5.563e-09,-0.28203
5.565e-09,-0.2819478999999999
5.567e-09,-0.28186540000000004
5.569e-09,-0.28178270000000005
5.571e-09,-0.2816997
5.573e-09,-0.2816164
5.575e-09,-0.28153300000000003
5.577e-09,-0.28144939999999996
5.579e-09,-0.2813656
5.581e-09,-0.2812816
5.583e-09,-0.28119759999999994
5.585e-09,-0.2811136000000001
5.587e-09,-0.2810294
5.589e-09,-0.28094530000000006
5.591e-09,-0.28086120000000003
5.593e-09,-0.28077699999999994
5.595e-09,-0.2806930000000001
5.597e-09,-0.280609
5.5985e-09,-0.2805461
5.6e-09,-0.2804831
5.6002e-09,-0.2804748
5.6006e-09,-0.280458
5.6014e-09,-0.2804245000000001
5.603e-09,-0.2803576
5.605e-09,-0.280274
5.607e-09,-0.2801907
5.609e-09,-0.28010749999999995
5.611e-09,-0.2800245
5.613e-09,-0.27994170000000007
5.615e-09,-0.2798592
5.617e-09,-0.2797769
5.619e-09,-0.27969489999999997
5.621e-09,-0.2796132
5.623e-09,-0.2795316000000001
5.625e-09,-0.27945049999999994
5.627e-09,-0.2793696
5.629e-09,-0.27928910000000007
5.631e-09,-0.2792089
5.633e-09,-0.2791291
5.635e-09,-0.27904969999999996
5.637e-09,-0.27897059999999996
5.639e-09,-0.2788918
5.641e-09,-0.27881349999999994
5.643e-09,-0.2787355
5.645e-09,-0.27865799999999996
5.647e-09,-0.2785809
5.649e-09,-0.2785042000000001
5.651e-09,-0.27842790000000006
5.653e-09,-0.2783521
5.655e-09,-0.27827669999999993
5.657e-09,-0.27820180000000005
5.659e-09,-0.2781273000000001
5.661e-09,-0.27805330000000006
5.663e-09,-0.2779798
5.665e-09,-0.27790669999999995
5.667e-09,-0.27783420000000003
5.669e-09,-0.27776199999999995
5.671e-09,-0.2776904
5.673e-09,-0.2776193
5.675e-09,-0.2775485999999999
5.677e-09,-0.27747849999999996
5.679e-09,-0.2774087999999999
5.681e-09,-0.27733969999999997
5.683e-09,-0.2772711
5.685e-09,-0.277203
5.687e-09,-0.27713540000000003
5.689e-09,-0.27706829999999993
5.691e-09,-0.2770017
5.693e-09,-0.2769357
5.695e-09,-0.2768701
5.697e-09,-0.2768052
5.699e-09,-0.2767406
5.701e-09,-0.2766767
5.703e-09,-0.27661329999999995
5.705e-09,-0.2765504
5.707e-09,-0.27648799999999996
5.709e-09,-0.2764261
5.711e-09,-0.2763647
5.713e-09,-0.276304
5.715e-09,-0.2762437
5.717e-09,-0.276184
5.719e-09,-0.27612480000000006
5.721e-09,-0.27606600000000003
5.723e-09,-0.2760078
5.725e-09,-0.27595020000000003
5.727e-09,-0.27589300000000005
5.729e-09,-0.2758364000000001
5.731e-09,-0.2757803
5.733e-09,-0.27572470000000004
5.735e-09,-0.2756697
5.737e-09,-0.27561519999999995
5.739e-09,-0.2755611
5.741e-09,-0.27550759999999996
5.743e-09,-0.2754546
5.745e-09,-0.2754021
5.747e-09,-0.27535009999999993
5.749e-09,-0.27529860000000006
5.751e-09,-0.27524760000000004
5.753e-09,-0.2751971999999999
5.755e-09,-0.2751471
5.757e-09,-0.2750977
5.759e-09,-0.27504870000000003
5.761e-09,-0.27500020000000003
5.763e-09,-0.2749520999999999
5.765e-09,-0.27490459999999994
5.767e-09,-0.27485760000000004
5.769e-09,-0.2748111
5.771e-09,-0.27476500000000004
5.773e-09,-0.2747193
5.775e-09,-0.2746742
5.777e-09,-0.2746295999999999
5.779e-09,-0.27458530000000003
5.781e-09,-0.27454159999999994
5.783e-09,-0.2744983
5.785e-09,-0.2744556
5.787e-09,-0.2744132
5.789e-09,-0.27437120000000004
5.791e-09,-0.2743299
5.793e-09,-0.2742888
5.795e-09,-0.2742483
5.797e-09,-0.2742081999999999
5.7985e-09,-0.27417839999999993
5.8e-09,-0.2741488000000001
5.8002e-09,-0.2741456
5.8006e-09,-0.2741414
5.8014e-09,-0.27414289999999997
5.803e-09,-0.27416150000000006
5.805e-09,-0.27415389999999995
5.807e-09,-0.27404379999999995
5.809e-09,-0.2737744999999999
5.811e-09,-0.27330580000000004
5.813e-09,-0.27261040000000003
5.815e-09,-0.2716702000000001
5.817e-09,-0.27047469999999996
5.819e-09,-0.26901869999999994
5.821e-09,-0.2673011999999999
5.823e-09,-0.26532430000000007
5.825e-09,-0.26309249999999995
5.827e-09,-0.2606121
5.829e-09,-0.25789039999999996
5.831e-09,-0.25493599999999994
5.833e-09,-0.2517576
5.835e-09,-0.24836480000000005
5.837e-09,-0.24476719999999996
5.839e-09,-0.24097429999999997
5.841e-09,-0.2369962
5.843e-09,-0.23284230000000006
5.845e-09,-0.22852240000000001
5.847e-09,-0.22404579999999996
5.849e-09,-0.21942190000000006
5.851e-09,-0.21465979999999996
5.853e-09,-0.2097681
5.855e-09,-0.2047559
5.857e-09,-0.19963129999999996
5.859e-09,-0.19440270000000004
5.861e-09,-0.18907800000000008
5.863e-09,-0.18366479999999996
5.865e-09,-0.17817079999999996
5.867e-09,-0.1726032999999999
5.869e-09,-0.16696920000000004
5.871e-09,-0.16127539999999996
5.873e-09,-0.15552849999999996
5.875e-09,-0.14973480000000006
5.877e-09,-0.1439005
5.879e-09,-0.13803149999999997
5.881e-09,-0.13213359999999996
5.883e-09,-0.12621210000000005
5.885e-09,-0.1202725
5.887e-09,-0.11431970000000002
5.889e-09,-0.10835880000000009
5.891e-09,-0.10239430000000005
5.893e-09,-0.09643079999999993
5.895e-09,-0.09047260000000001
5.897e-09,-0.08452379999999993
5.899e-09,-0.0785882
5.901e-09,-0.0726696
5.903e-09,-0.06677160000000004
5.905e-09,-0.06089750000000005
5.907e-09,-0.05505070000000001
5.909e-09,-0.04923410000000006
5.911e-09,-0.043450600000000006
5.913e-09,-0.03770300000000004
5.915e-09,-0.03199380000000007
5.917e-09,-0.0263255
5.919e-09,-0.020700300000000005
5.921e-09,-0.015120400000000034
5.923e-09,-0.009588000000000041
5.925e-09,-0.004104600000000014
5.927e-09,0.0013278999999999375
5.929e-09,0.006707899999999989
5.931e-09,0.012033699999999925
5.933e-09,0.017304099999999933
5.935e-09,0.02251789999999998
5.937e-09,0.027673699999999912
5.939e-09,0.03277070000000004
5.941e-09,0.0378077
5.943e-09,0.042783899999999986
5.945e-09,0.04769869999999998
5.947e-09,0.05255120000000002
5.949e-09,0.05734079999999997
5.951e-09,0.06206710000000004
5.953e-09,0.06672959999999994
5.955e-09,0.0713279
5.957e-09,0.07586169999999992
5.959e-09,0.08033089999999998
5.961e-09,0.08473510000000006
5.963e-09,0.0890744
5.965e-09,0.09334869999999995
5.967e-09,0.09755800000000003
5.969e-09,0.10170210000000002
5.971e-09,0.10578149999999997
5.973e-09,0.10979620000000001
5.975e-09,0.11374629999999997
5.977e-09,0.11763210000000002
5.979e-09,0.1214539
5.981e-09,0.12521209999999994
5.983e-09,0.1289068
5.985e-09,0.1325387
5.987e-09,0.1361078
5.989e-09,0.1396149
5.991e-09,0.14306039999999998
5.993e-09,0.14644459999999992
5.995e-09,0.14976830000000008
5.997e-09,0.1530317
5.9985e-09,0.15544019999999992
6e-09,0.1578153
6.0002e-09,0.15812910000000002
6.0006e-09,0.15875569999999994
6.0014e-09,0.16000190000000003
6.003e-09,0.16246630000000006
6.005e-09,0.1654949
6.007e-09,0.16846629999999996
6.009e-09,0.1713811999999999
6.011e-09,0.1742401
6.013e-09,0.17704369999999992
6.015e-09,0.17979269999999992
6.017e-09,0.18248759999999997
6.019e-09,0.18512929999999994
6.021e-09,0.1877183
6.023e-09,0.19025530000000002
6.025e-09,0.19274119999999995
6.027e-09,0.19517629999999997
6.029e-09,0.1975616
6.031e-09,0.19989769999999996
6.033e-09,0.2021853
6.035e-09,0.20442500000000008
6.037e-09,0.20661780000000007
6.039e-09,0.2087639
6.041e-09,0.2108645
6.043e-09,0.21291990000000005
6.045e-09,0.21493099999999998
6.047e-09,0.21689839999999994
6.049e-09,0.21882289999999993
6.051e-09,0.2207051000000001
6.053e-09,0.2225456
6.055e-09,0.22434509999999996
6.057e-09,0.22610439999999998
6.059e-09,0.22782400000000003
6.061e-09,0.22950460000000006
6.063e-09,0.23114689999999993
6.065e-09,0.2327515
6.067e-09,0.2343191
6.069e-09,0.2358502
6.071e-09,0.23734560000000005
6.073e-09,0.23880590000000002
6.075e-09,0.2402316
6.077e-09,0.2416233000000001
6.079e-09,0.24298169999999997
6.081e-09,0.24430739999999995
6.083e-09,0.2456009
6.085e-09,0.2468629
6.087e-09,0.24809389999999998
6.089e-09,0.24929449999999997
6.091e-09,0.25046520000000005
6.093e-09,0.2516066
6.095e-09,0.25271920000000003
6.097e-09,0.2538036
6.099e-09,0.25486050000000005
6.101e-09,0.25588999999999995
6.103e-09,0.25689300000000004
6.105e-09,0.2578697999999999
6.107e-09,0.25882099999999997
6.109e-09,0.2597471
6.111e-09,0.26064849999999995
6.113e-09,0.26152580000000003
6.115e-09,0.26237940000000004
6.117e-09,0.2632099
6.119e-09,0.2640175
6.121e-09,0.26480289999999995
6.123e-09,0.2655664
6.125e-09,0.26630849999999995
6.127e-09,0.26702970000000004
6.129e-09,0.2677303
6.131e-09,0.26841080000000006
6.133e-09,0.26907159999999997
6.135e-09,0.26971310000000004
6.137e-09,0.2703358
6.139e-09,0.27093980000000006
6.141e-09,0.27152580000000004
6.143e-09,0.27209419999999995
6.145e-09,0.272645
6.147e-09,0.27317899999999995
6.149e-09,0.2736963
6.151e-09,0.2741973
6.153e-09,0.27468250000000005
6.155e-09,0.2751521
6.157e-09,0.27560640000000003
6.159e-09,0.27604590000000007
6.161e-09,0.2764708
6.163e-09,0.2768815
6.165e-09,0.27727820000000003
6.167e-09,0.2776613
6.169e-09,0.2780311
6.171e-09,0.2783880000000001
6.173e-09,0.278732
6.175e-09,0.2790636999999999
6.177e-09,0.27938320000000005
6.179e-09,0.2796908
6.181e-09,0.2799868999999999
6.183e-09,0.2802717
6.185e-09,0.28054540000000006
6.187e-09,0.28080839999999996
6.189e-09,0.28106069999999994
6.191e-09,0.2813027
6.193e-09,0.2815348000000001
6.195e-09,0.28175700000000004
6.197e-09,0.28196979999999994
6.1985e-09,0.28212309999999996
6.2e-09,0.2822713
6.2002e-09,0.2822914000000001
6.2006e-09,0.28233339999999996
6.2014e-09,0.2824264999999999
6.203e-09,0.2826238
6.205e-09,0.2828319
6.207e-09,0.28292950000000006
6.209e-09,0.2828604
6.211e-09,0.2825850000000001
6.213e-09,0.2820764
6.215e-09,0.2813169000000001
6.217e-09,0.28029609999999994
6.219e-09,0.27900899999999995
6.221e-09,0.27745490000000006
6.223e-09,0.2756362
6.225e-09,0.27355720000000006
6.227e-09,0.2712243
6.229e-09,0.2686449999999999
6.231e-09,0.26582780000000006
6.233e-09,0.2627815
6.235e-09,0.2595157
6.237e-09,0.25603979999999993
6.239e-09,0.25236369999999997
6.241e-09,0.24849719999999997
6.243e-09,0.24444980000000005
6.245e-09,0.24023130000000004
6.247e-09,0.23585089999999997
6.249e-09,0.23131800000000002
6.251e-09,0.22664189999999995
6.253e-09,0.2218312
6.255e-09,0.2168947
6.257e-09,0.2118407000000001
6.259e-09,0.20667780000000002
6.261e-09,0.20141350000000002
6.263e-09,0.196056
6.265e-09,0.1906125999999999
6.267e-09,0.18509070000000005
6.269e-09,0.17949740000000003
6.271e-09,0.1738396000000001
6.273e-09,0.16812380000000005
6.275e-09,0.16235660000000007
6.277e-09,0.15654409999999996
6.279e-09,0.15069240000000006
6.281e-09,0.14480729999999997
6.283e-09,0.13889419999999997
6.285e-09,0.13295879999999993
6.287e-09,0.12700600000000006
6.289e-09,0.12104079999999995
6.291e-09,0.1150681
6.293e-09,0.10909240000000009
6.295e-09,0.10311819999999994
6.297e-09,0.09714959999999995
6.299e-09,0.09119060000000001
6.301e-09,0.08524510000000007
6.303e-09,0.07931689999999991
6.305e-09,0.07340930000000001
6.307e-09,0.06752569999999991
6.309e-09,0.06166919999999998
6.311e-09,0.05584290000000003
6.313e-09,0.050049699999999975
6.315e-09,0.044292099999999945
6.317e-09,0.03857259999999996
6.319e-09,0.03289390000000003
6.321e-09,0.027258000000000004
6.323e-09,0.02166709999999994
6.325e-09,0.016123100000000057
6.327e-09,0.01062799999999997
6.329e-09,0.00518340000000006
6.331e-09,-0.00020919999999990946
6.333e-09,-0.005547999999999997
6.335e-09,-0.010831900000000005
6.337e-09,-0.01605959999999995
6.339e-09,-0.021229800000000076
6.341e-09,-0.026341599999999965
6.343e-09,-0.03139409999999998
6.345e-09,-0.03638610000000009
6.347e-09,-0.041317200000000054
6.349e-09,-0.04618659999999997
6.351e-09,-0.05099359999999997
6.353e-09,-0.05573779999999995
6.355e-09,-0.060418799999999995
6.357e-09,-0.06503599999999998
6.359e-09,-0.06958929999999997
6.361e-09,-0.07407830000000004
6.363e-09,-0.07850299999999999
6.365e-09,-0.08286309999999997
6.367e-09,-0.08715879999999998
6.369e-09,-0.09138990000000002
6.371e-09,-0.09555659999999999
6.373e-09,-0.09965869999999999
6.375e-09,-0.10369669999999998
6.377e-09,-0.1076705
6.379e-09,-0.11158049999999997
6.381e-09,-0.1154269
6.383e-09,-0.11921000000000004
6.385e-09,-0.12293030000000005
6.387e-09,-0.12658789999999998
6.389e-09,-0.13018340000000006
6.391e-09,-0.13371709999999992
6.393e-09,-0.13718950000000008
6.395e-09,-0.14060110000000003
6.397e-09,-0.14395239999999998
6.3985e-09,-0.1464264999999999
6.4e-09,-0.14887779999999995
6.4002e-09,-0.149204
6.4006e-09,-0.1498564
6.4014e-09,-0.15115940000000005
6.403e-09,-0.15373349999999997
6.405e-09,-0.15683690000000006
6.407e-09,-0.15975110000000003
6.409e-09,-0.16242499999999993
6.411e-09,-0.1648231
6.413e-09,-0.1669218
6.415e-09,-0.16870740000000006
6.417e-09,-0.1701722
6.419e-09,-0.17131450000000004
6.421e-09,-0.17213610000000001
6.423e-09,-0.17264199999999996
6.425e-09,-0.17283929999999992
6.427e-09,-0.17273649999999996
6.429e-09,-0.17234329999999998
6.431e-09,-0.17167010000000005
6.433e-09,-0.17072779999999999
6.435e-09,-0.16952750000000005
6.437e-09,-0.1680803999999999
6.439e-09,-0.16639780000000004
6.441e-09,-0.1644907
6.443e-09,-0.16237010000000007
6.445e-09,-0.1600467000000001
6.447e-09,-0.15753090000000003
6.449e-09,-0.15483309999999995
6.451e-09,-0.15196319999999996
6.453e-09,-0.14893069999999997
6.455e-09,-0.145745
6.457e-09,-0.14241530000000002
6.459e-09,-0.1389501999999999
6.461e-09,-0.13535829999999993
6.463e-09,-0.13164770000000003
6.465e-09,-0.12782630000000006
6.467e-09,-0.12390179999999995
6.469e-09,-0.11988160000000003
6.471e-09,-0.11577289999999996
6.473e-09,-0.11158250000000003
6.475e-09,-0.107317
6.477e-09,-0.10298280000000004
6.479e-09,-0.09858599999999995
6.481e-09,-0.09413260000000001
6.483e-09,-0.0896283
6.485e-09,-0.0850786
6.487e-09,-0.08048879999999992
6.489e-09,-0.07586379999999993
6.491e-09,-0.07120870000000001
6.493e-09,-0.06652799999999992
6.495e-09,-0.061826099999999995
6.497e-09,-0.057107599999999925
6.499e-09,-0.05237639999999999
6.501e-09,-0.04763650000000008
6.503e-09,-0.04289160000000003
6.505e-09,-0.038145500000000054
6.507e-09,-0.03340130000000008
6.509e-09,-0.028662599999999983
6.511e-09,-0.023932300000000017
6.513e-09,-0.019213499999999994
6.515e-09,-0.014508899999999936
6.517e-09,-0.009821300000000033
6.519e-09,-0.00515320000000008
6.521e-09,-0.0005070999999999826
6.523e-09,0.004114900000000032
6.525e-09,0.008710299999999949
6.527e-09,0.013277500000000053
6.529e-09,0.017814400000000008
6.531e-09,0.022319099999999925
6.533e-09,0.026789900000000033
6.535e-09,0.03122540000000007
6.537e-09,0.03562399999999999
6.539e-09,0.03998439999999992
6.541e-09,0.044305200000000045
6.543e-09,0.048585199999999995
6.545e-09,0.052823400000000076
6.547e-09,0.05701860000000003
6.549e-09,0.06117000000000006
6.551e-09,0.06527680000000002
6.553e-09,0.06933809999999996
6.555e-09,0.07335320000000001
6.557e-09,0.07732159999999999
6.559e-09,0.0812425
6.561e-09,0.08511550000000001
6.563e-09,0.08894020000000002
6.565e-09,0.09271620000000003
6.567e-09,0.0964431
6.569e-09,0.10012070000000006
6.571e-09,0.10374870000000003
6.573e-09,0.10732700000000006
6.575e-09,0.11085539999999994
6.577e-09,0.11433379999999993
6.579e-09,0.11776229999999999
6.581e-09,0.12114069999999999
6.583e-09,0.12446919999999995
6.585e-09,0.12774779999999997
6.587e-09,0.1309766
6.589e-09,0.13415559999999993
6.591e-09,0.1372852
6.593e-09,0.14036559999999998
6.595e-09,0.1433968
6.597e-09,0.14637920000000004
6.5985e-09,0.1485841
6.6e-09,0.1507617
6.6002e-09,0.15104969999999995
6.6006e-09,0.15162489999999995
6.6014e-09,0.1527695
6.603e-09,0.15503559999999994
6.605e-09,0.1578256
6.607e-09,0.1605683
6.609e-09,0.1632640999999999
6.611e-09,0.1659134
6.613e-09,0.16851660000000002
6.615e-09,0.1710741
6.617e-09,0.17358610000000008
6.619e-09,0.17605349999999997
6.621e-09,0.17847629999999992
6.623e-09,0.18085529999999994
6.625e-09,0.18319069999999993
6.627e-09,0.1854831
6.629e-09,0.18773309999999999
6.631e-09,0.18994089999999997
6.633e-09,0.19210720000000003
6.635e-09,0.19423249999999992
6.637e-09,0.19631719999999997
6.639e-09,0.19836180000000003
6.641e-09,0.20036690000000001
6.643e-09,0.20233299999999999
6.645e-09,0.20426049999999996
6.647e-09,0.2061501
6.649e-09,0.20800210000000008
6.651e-09,0.20981720000000004
6.653e-09,0.2115958
6.655e-09,0.21333840000000004
6.657e-09,0.2150457
6.659e-09,0.21671800000000008
6.661e-09,0.21835590000000005
6.663e-09,0.21995999999999993
6.665e-09,0.22153060000000002
6.667e-09,0.2230683
6.669e-09,0.2245737
6.671e-09,0.2260472
6.673e-09,0.22748920000000006
6.675e-09,0.2289006
6.677e-09,0.23028139999999997
6.679e-09,0.23163220000000007
6.681e-09,0.2329538
6.683e-09,0.23424630000000002
6.685e-09,0.23551050000000007
6.687e-09,0.23674659999999992
6.689e-09,0.23795520000000003
6.691e-09,0.2391367000000001
6.693e-09,0.24029159999999994
6.695e-09,0.24142039999999998
6.697e-09,0.24252340000000006
6.699e-09,0.24360130000000002
6.701e-09,0.2446543
6.703e-09,0.24568290000000004
6.705e-09,0.2466876
6.707e-09,0.24766880000000002
6.709e-09,0.24862680000000004
6.711e-09,0.24956219999999996
6.713e-09,0.25047529999999996
6.715e-09,0.25136650000000005
6.717e-09,0.2522361999999999
6.719e-09,0.253085
6.721e-09,0.25391299999999994
6.723e-09,0.2547206000000001
6.725e-09,0.2555084000000001
6.727e-09,0.2562767
6.729e-09,0.2570257
6.731e-09,0.2577558999999999
6.733e-09,0.2584677000000001
6.735e-09,0.25916130000000004
6.737e-09,0.25983730000000005
6.739e-09,0.26049579999999994
6.741e-09,0.2611372999999999
6.743e-09,0.26176200000000005
6.745e-09,0.26237029999999995
6.747e-09,0.2629625000000001
6.749e-09,0.26353899999999997
6.751e-09,0.2641
6.753e-09,0.2646459
6.755e-09,0.26517690000000005
6.757e-09,0.26569339999999997
6.759e-09,0.26619570000000004
6.761e-09,0.26668400000000003
6.763e-09,0.26715869999999997
6.765e-09,0.26761999999999997
6.767e-09,0.2680682
6.769e-09,0.26850359999999995
6.771e-09,0.2689264
6.773e-09,0.26933680000000004
6.775e-09,0.26973519999999995
6.777e-09,0.270122
6.779e-09,0.27049709999999993
6.781e-09,0.2708608
6.783e-09,0.27121360000000005
6.785e-09,0.27155569999999996
6.787e-09,0.271887
6.789e-09,0.27220809999999995
6.791e-09,0.27251899999999996
6.793e-09,0.2728201
6.795e-09,0.27311150000000006
6.797e-09,0.2733934
6.7985e-09,0.2735987000000001
6.8e-09,0.27379889999999996
6.8002e-09,0.2738252
6.8006e-09,0.2738775
6.8014e-09,0.27398120000000004
6.803e-09,0.27418430000000005
6.805e-09,0.27443039999999996
6.807e-09,0.2746681000000001
6.809e-09,0.2748975
6.811e-09,0.27511890000000006
6.813e-09,0.2753323999999999
6.815e-09,0.2755381
6.817e-09,0.2757364
6.819e-09,0.2759273
6.821e-09,0.276111
6.823e-09,0.27628790000000003
6.825e-09,0.27645770000000003
6.827e-09,0.27662090000000006
6.829e-09,0.2767776999999999
6.831e-09,0.27692799999999995
6.833e-09,0.2770722
6.835e-09,0.27721019999999996
6.837e-09,0.2773424
6.839e-09,0.2774689
6.841e-09,0.27758969999999994
6.843e-09,0.27770510000000004
6.845e-09,0.2778151000000001
6.847e-09,0.27791979999999994
6.849e-09,0.27801960000000003
6.851e-09,0.27811430000000004
6.853e-09,0.2782042
6.855e-09,0.2782895000000001
6.857e-09,0.2783702
6.859e-09,0.2784464
6.861e-09,0.2785183
6.863e-09,0.27858589999999994
6.865e-09,0.2786495
6.867e-09,0.278709
6.869e-09,0.27876460000000003
6.871e-09,0.27881639999999996
6.873e-09,0.2788646
6.875e-09,0.2789090999999999
6.877e-09,0.2789501999999999
6.879e-09,0.27898790000000007
6.881e-09,0.2790224
6.883e-09,0.27905349999999995
6.885e-09,0.2790815
6.887e-09,0.2791066
6.889e-09,0.2791287
6.891e-09,0.27914799999999995
6.893e-09,0.2791644
6.895e-09,0.27917819999999993
6.897e-09,0.2791893
6.899e-09,0.27919800000000006
6.901e-09,0.2792042
6.903e-09,0.27920810000000007
6.905e-09,0.2792095
6.907e-09,0.27920880000000003
6.909e-09,0.2792059
6.911e-09,0.2792009000000001
6.913e-09,0.27919380000000005
6.915e-09,0.2791848
6.917e-09,0.2791739
6.919e-09,0.2791612
6.921e-09,0.2791466
6.923e-09,0.2791304
6.925e-09,0.2791125
6.927e-09,0.2790929999999999
6.929e-09,0.27907190000000004
6.931e-09,0.27904930000000006
6.933e-09,0.27902530000000003
6.935e-09,0.27899989999999997
6.937e-09,0.2789731999999999
6.939e-09,0.2789452
6.941e-09,0.2789159
6.943e-09,0.2788855
6.945e-09,0.2788539
6.947e-09,0.27882109999999993
6.949e-09,0.27878730000000007
6.951e-09,0.27875249999999996
6.953e-09,0.27871670000000004
6.955e-09,0.27867999999999993
6.957e-09,0.27864240000000007
6.959e-09,0.2786039
6.961e-09,0.27856460000000005
6.963e-09,0.27852449999999995
6.965e-09,0.2784837
6.967e-09,0.2784421
6.969e-09,0.27839990000000003
6.971e-09,0.27835699999999997
6.973e-09,0.27831340000000004
6.975e-09,0.27826930000000005
6.977e-09,0.27822480000000005
6.979e-09,0.2781794999999999
6.981e-09,0.27813389999999993
6.983e-09,0.2780878
6.985e-09,0.27804110000000004
6.987e-09,0.27799419999999997
6.989e-09,0.27794680000000005
6.991e-09,0.27789909999999995
6.993e-09,0.2778509
6.995e-09,0.2778026
6.997e-09,0.27775380000000005
6.9985e-09,0.2777172
7e-09,0.2776803000000001
7.0002e-09,0.27767620000000004
7.0006e-09,0.2776699
7.0014e-09,0.27766730000000006
7.003e-09,0.2776774000000001
7.005e-09,0.2776588
7.007e-09,0.27753740000000005
7.009e-09,0.27725639999999996
7.011e-09,0.27677609999999997
7.013e-09,0.27606889999999995
7.015e-09,0.27511700000000006
7.017e-09,0.2739098
7.019e-09,0.2724420999999999
7.021e-09,0.2707128
7.023e-09,0.26872419999999997
7.025e-09,0.26648079999999996
7.027e-09,0.2639886
7.029e-09,0.26125509999999996
7.031e-09,0.2582886999999999
7.033e-09,0.25509819999999994
7.035e-09,0.2516931
7.037e-09,0.24808300000000005
7.039e-09,0.24427750000000004
7.041e-09,0.2402864
7.043e-09,0.23611930000000003
7.045e-09,0.23178569999999998
7.047e-09,0.22729539999999993
7.049e-09,0.22265730000000006
7.051e-09,0.21788049999999992
7.053e-09,0.21297409999999994
7.055e-09,0.20794639999999998
7.057e-09,0.20280620000000005
7.059e-09,0.1975614
7.061e-09,0.19222019999999995
7.063e-09,0.18679009999999996
7.065e-09,0.18127890000000002
7.067e-09,0.1756936
7.069e-09,0.1700414
7.071e-09,0.1643291
7.073e-09,0.15856320000000002
7.075e-09,0.15275020000000006
7.077e-09,0.14689609999999997
7.079e-09,0.14100709999999994
7.081e-09,0.13508870000000006
7.083e-09,0.12914649999999994
7.085e-09,0.1231857999999999
7.087e-09,0.11721159999999997
7.089e-09,0.11122889999999996
7.091e-09,0.1052424999999999
7.093e-09,0.09925669999999998
7.095e-09,0.09327580000000002
7.097e-09,0.0873041
7.099e-09,0.08134540000000001
7.101e-09,0.07540350000000007
7.103e-09,0.06948199999999993
7.105e-09,0.06358419999999998
7.107e-09,0.05771360000000003
7.109e-09,0.0518729
7.111e-09,0.04606519999999992
7.113e-09,0.040293400000000035
7.115e-09,0.03455969999999997
7.117e-09,0.02886690000000003
7.119e-09,0.023217199999999938
7.121e-09,0.01761259999999998
7.123e-09,0.012055299999999991
7.125e-09,0.006547199999999975
7.127e-09,0.001089899999999977
7.129e-09,-0.004314799999999952
7.131e-09,-0.009665399999999935
7.133e-09,-0.014960699999999938
7.135e-09,-0.020199199999999973
7.137e-09,-0.025379799999999952
7.139e-09,-0.030501400000000012
7.141e-09,-0.03556300000000001
7.143e-09,-0.04056379999999993
7.145e-09,-0.04550310000000002
7.147e-09,-0.05037990000000003
7.149e-09,-0.05519390000000002
7.151e-09,-0.05994430000000006
7.153e-09,-0.06463089999999994
7.155e-09,-0.06925320000000001
7.157e-09,-0.07381090000000001
7.159e-09,-0.07830380000000003
7.161e-09,-0.08273169999999996
7.163e-09,-0.08709440000000002
7.165e-09,-0.09139179999999991
7.167e-09,-0.09562420000000005
7.169e-09,-0.09979140000000009
7.171e-09,-0.10389349999999997
7.173e-09,-0.1079308
7.175e-09,-0.11190330000000004
7.177e-09,-0.11581140000000001
7.179e-09,-0.11965529999999991
7.181e-09,-0.12343530000000003
7.183e-09,-0.12715180000000004
7.185e-09,-0.1308051
7.187e-09,-0.1343957
7.189e-09,-0.1379239000000001
7.191e-09,-0.14139020000000002
7.193e-09,-0.1447952
7.195e-09,-0.14813929999999997
7.197e-09,-0.1514232000000001
7.1985e-09,-0.15384660000000006
7.2e-09,-0.15623680000000006
7.2002e-09,-0.1565535
7.2006e-09,-0.15718749999999992
7.2014e-09,-0.1584586
7.203e-09,-0.1609874
7.205e-09,-0.16406169999999998
7.207e-09,-0.16697030000000002
7.209e-09,-0.16965509999999995
7.211e-09,-0.172076
7.213e-09,-0.17420559999999996
7.215e-09,-0.17602680000000004
7.217e-09,-0.17753019999999997
7.219e-09,-0.17871210000000004
7.221e-09,-0.1795734
7.223e-09,-0.1801178
7.225e-09,-0.1803517
7.227e-09,-0.1802832000000001
7.229e-09,-0.17992150000000007
7.231e-09,-0.17927700000000002
7.233e-09,-0.1783600999999999
7.235e-09,-0.17718180000000006
7.237e-09,-0.1757535
7.239e-09,-0.17408610000000002
7.241e-09,-0.17219099999999998
7.243e-09,-0.17007890000000003
7.245e-09,-0.16776069999999998
7.247e-09,-0.16524680000000003
7.249e-09,-0.16254760000000001
7.251e-09,-0.1596731
7.253e-09,-0.15663300000000002
7.255e-09,-0.15343660000000003
7.257e-09,-0.15009320000000004
7.259e-09,-0.1466115
7.261e-09,-0.14300040000000003
7.263e-09,-0.1392677
7.265e-09,-0.13542169999999998
7.267e-09,-0.13147010000000003
7.269e-09,-0.12742029999999993
7.271e-09,-0.12327960000000004
7.273e-09,-0.11905480000000002
7.275e-09,-0.1147528000000001
7.277e-09,-0.11038000000000003
7.279e-09,-0.10594250000000005
7.281e-09,-0.10144659999999994
7.283e-09,-0.09689780000000003
7.285e-09,-0.0923018000000001
7.287e-09,-0.0876638999999999
7.289e-09,-0.0829894000000001
7.291e-09,-0.07828299999999999
7.293e-09,-0.07354959999999999
7.295e-09,-0.06879380000000002
7.297e-09,-0.06401999999999997
7.299e-09,-0.05923210000000001
7.301e-09,-0.05443449999999994
7.303e-09,-0.049630799999999975
7.305e-09,-0.04482469999999994
7.307e-09,-0.04001979999999994
7.309e-09,-0.035219300000000064
7.311e-09,-0.030426500000000023
7.313e-09,-0.02564440000000001
7.315e-09,-0.020876000000000006
7.317e-09,-0.01612380000000002
7.319e-09,-0.011390700000000087
7.321e-09,-0.006678899999999932
7.323e-09,-0.001990999999999965
7.325e-09,0.002670999999999979
7.327e-09,0.0073048999999999475
7.329e-09,0.011908699999999994
7.331e-09,0.016480799999999962
7.333e-09,0.02101900000000001
7.335e-09,0.025522099999999992
7.337e-09,0.029988299999999968
7.339e-09,0.034416300000000066
7.341e-09,0.038804699999999914
7.343e-09,0.04315239999999998
7.345e-09,0.047458
7.347e-09,0.051720700000000064
7.349e-09,0.055939400000000084
7.351e-09,0.06011319999999998
7.353e-09,0.06424130000000006
7.355e-09,0.06832309999999997
7.357e-09,0.07235770000000008
7.359e-09,0.07634459999999998
7.361e-09,0.0802832
7.363e-09,0.08417319999999995
7.365e-09,0.08801409999999998
7.367e-09,0.09180549999999998
7.369e-09,0.0955471
7.371e-09,0.09923879999999996
7.373e-09,0.10288019999999998
7.375e-09,0.10647130000000005
7.377e-09,0.11001179999999999
7.379e-09,0.11350199999999999
7.381e-09,0.11694159999999998
7.383e-09,0.12033059999999995
7.385e-09,0.12366919999999992
7.387e-09,0.1269574
7.389e-09,0.13019539999999996
7.391e-09,0.13338340000000004
7.393e-09,0.13652140000000001
7.395e-09,0.13960969999999995
7.397e-09,0.14264870000000007
7.3985e-09,0.14489550000000007
7.4e-09,0.1471148
7.4002e-09,0.14740920000000002
7.4006e-09,0.14799890000000004
7.4014e-09,0.1491825
7.403e-09,0.15154080000000003
7.405e-09,0.15441080000000007
7.407e-09,0.15712369999999998
7.409e-09,0.15962149999999997
7.411e-09,0.16186319999999998
7.413e-09,0.1638212
7.415e-09,0.16547800000000001
7.417e-09,0.16682399999999997
7.419e-09,0.1678550000000001
7.421e-09,0.16857160000000004
7.423e-09,0.1689775
7.425e-09,0.16907890000000003
7.427e-09,0.16888369999999997
7.429e-09,0.16840100000000002
7.431e-09,0.16764080000000003
7.433e-09,0.16661380000000003
7.435e-09,0.16533089999999995
7.437e-09,0.16380299999999992
7.439e-09,0.16204129999999994
7.441e-09,0.160057
7.443e-09,0.15786069999999996
7.445e-09,0.15546329999999997
7.447e-09,0.15287510000000004
7.449e-09,0.15010650000000003
7.451e-09,0.1471673
7.453e-09,0.14406739999999996
7.455e-09,0.1408159
7.457e-09,0.13742199999999993
7.459e-09,0.13389440000000008
7.461e-09,0.13024190000000002
7.463e-09,0.12647229999999998
7.465e-09,0.12259390000000003
7.467e-09,0.1186142
7.469e-09,0.11454059999999999
7.471e-09,0.11038029999999999
7.473e-09,0.10614020000000002
7.475e-09,0.101827
7.477e-09,0.0974469
7.479e-09,0.09300629999999999
7.481e-09,0.0885108
7.483e-09,0.08396649999999994
7.485e-09,0.07937870000000002
7.487e-09,0.07475260000000006
7.489e-09,0.07009339999999997
7.491e-09,0.06540590000000002
7.493e-09,0.06069480000000005
7.495e-09,0.05596449999999997
7.497e-09,0.051219400000000026
7.499e-09,0.046463400000000044
7.501e-09,0.04170060000000009
7.503e-09,0.036934799999999934
7.505e-09,0.03216930000000007
7.507e-09,0.027407799999999982
7.509e-09,0.022653399999999935
7.511e-09,0.017909300000000017
7.513e-09,0.013178299999999976
7.515e-09,0.008463300000000062
7.517e-09,0.0037669000000000175
7.519e-09,-0.000908299999999973
7.521e-09,-0.005559899999999951
7.523e-09,-0.010185799999999912
7.525e-09,-0.014783699999999955
7.527e-09,-0.01935180000000003
7.529e-09,-0.02388800000000002
7.531e-09,-0.028390600000000044
7.533e-09,-0.0328581
7.535e-09,-0.03728880000000001
7.537e-09,-0.041681199999999974
7.539e-09,-0.04603389999999996
7.541e-09,-0.050345900000000054
7.543e-09,-0.05461589999999994
7.545e-09,-0.05884279999999997
7.547e-09,-0.06302569999999996
7.549e-09,-0.06716359999999999
7.551e-09,-0.07125579999999998
7.553e-09,-0.0753012999999999
7.555e-09,-0.07929969999999997
7.557e-09,-0.08325020000000005
7.559e-09,-0.08715249999999997
7.561e-09,-0.09100589999999997
7.563e-09,-0.09481010000000001
7.565e-09,-0.0985646
7.567e-09,-0.10226920000000006
7.569e-09,-0.1059237999999999
7.571e-09,-0.10952800000000007
7.573e-09,-0.11308170000000006
7.575e-09,-0.11658480000000004
7.577e-09,-0.12003730000000001
7.579e-09,-0.12343920000000008
7.581e-09,-0.12679030000000002
7.583e-09,-0.13009100000000007
7.585e-09,-0.1333411
7.587e-09,-0.13654090000000008
7.589e-09,-0.13969049999999994
7.591e-09,-0.14279019999999998
7.593e-09,-0.14583990000000002
7.595e-09,-0.14884030000000004
7.597e-09,-0.15179129999999996
7.5985e-09,-0.1539724
7.6e-09,-0.156126
7.6002e-09,-0.15641090000000002
7.6006e-09,-0.1569796
7.6014e-09,-0.1581112
7.603e-09,-0.16035129999999997
7.605e-09,-0.1631085
7.607e-09,-0.1658179999999999
7.609e-09,-0.16848039999999997
7.611e-09,-0.17109599999999991
7.613e-09,-0.17366519999999996
7.615e-09,-0.1761883999999999
7.617e-09,-0.17866610000000005
7.619e-09,-0.1810988
7.621e-09,-0.18348680000000006
7.623e-09,-0.18583070000000002
7.625e-09,-0.18813100000000005
7.627e-09,-0.19038810000000006
7.629e-09,-0.1926025
7.631e-09,-0.19477480000000003
7.633e-09,-0.19690550000000007
7.635e-09,-0.19899489999999997
7.637e-09,-0.20104370000000005
7.639e-09,-0.20305250000000008
7.641e-09,-0.20502169999999997
7.643e-09,-0.20695169999999996
7.645e-09,-0.20884330000000006
7.647e-09,-0.21069669999999996
7.649e-09,-0.2125127
7.651e-09,-0.21429169999999997
7.653e-09,-0.2160342999999999
7.655e-09,-0.21774090000000001
7.657e-09,-0.21941220000000006
7.659e-09,-0.2210485000000001
7.661e-09,-0.22265049999999997
7.663e-09,-0.2242187
7.665e-09,-0.2257534
7.667e-09,-0.2272554
7.669e-09,-0.22872510000000001
7.671e-09,-0.230163
7.673e-09,-0.2315697
7.675e-09,-0.23294549999999992
7.677e-09,-0.23429100000000003
7.679e-09,-0.23560669999999995
7.681e-09,-0.23689309999999997
7.683e-09,-0.2381508
7.685e-09,-0.23938000000000004
7.687e-09,-0.24058139999999995
7.689e-09,-0.2417553
7.691e-09,-0.24290239999999996
7.693e-09,-0.244023
7.695e-09,-0.24511760000000005
7.697e-09,-0.2461867000000001
7.699e-09,-0.24723059999999997
7.701e-09,-0.24824999999999997
7.703e-09,-0.2492449
7.705e-09,-0.25021630000000006
7.707e-09,-0.25116419999999995
7.709e-09,-0.25208909999999995
7.711e-09,-0.25299169999999993
7.713e-09,-0.253872
7.715e-09,-0.2547305999999999
7.717e-09,-0.255568
7.719e-09,-0.2563844999999999
7.721e-09,-0.25718050000000003
7.723e-09,-0.2579564
7.725e-09,-0.2587125
7.727e-09,-0.2594493000000001
7.729e-09,-0.26016700000000004
7.731e-09,-0.26086619999999994
7.733e-09,-0.26154710000000003
7.735e-09,-0.2622101
7.737e-09,-0.2628554000000001
7.739e-09,-0.2634837
7.741e-09,-0.26409499999999997
7.743e-09,-0.26468990000000003
7.745e-09,-0.2652685
7.747e-09,-0.26583120000000005
7.749e-09,-0.26637829999999996
7.751e-09,-0.2669102000000001
7.753e-09,-0.2674272
7.755e-09,-0.26792949999999993
7.757e-09,-0.26841760000000003
7.759e-09,-0.26889149999999995
7.761e-09,-0.26935180000000003
7.763e-09,-0.26979850000000005
7.765e-09,-0.2702321
7.767e-09,-0.2706529000000001
7.769e-09,-0.27106089999999994
7.771e-09,-0.2714567
7.773e-09,-0.27184030000000003
7.775e-09,-0.27221210000000007
7.777e-09,-0.27257240000000005
7.779e-09,-0.2729212
7.781e-09,-0.27325900000000003
7.783e-09,-0.27358590000000005
7.785e-09,-0.27390230000000004
7.787e-09,-0.27420829999999996
7.789e-09,-0.27450410000000003
7.791e-09,-0.27479010000000004
7.793e-09,-0.2750663
7.795e-09,-0.2753331
7.797e-09,-0.2755907000000001
7.7985e-09,-0.2757778000000001
7.8e-09,-0.27596
7.8002e-09,-0.2759846
7.8006e-09,-0.2760357
7.8014e-09,-0.2761469999999999
7.803e-09,-0.2763808
7.805e-09,-0.27663439999999995
7.807e-09,-0.27677720000000006
7.809e-09,-0.2767528
7.811e-09,-0.2765215
7.813e-09,-0.27605630000000003
7.815e-09,-0.27533949999999996
7.817e-09,-0.2743605
7.819e-09,-0.27311469999999993
7.821e-09,-0.271601
7.823e-09,-0.26982209999999995
7.825e-09,-0.2677822000000001
7.827e-09,-0.2654879
7.829e-09,-0.26294680000000004
7.831e-09,-0.2601673
7.833e-09,-0.2571584
7.835e-09,-0.25392970000000004
7.837e-09,-0.25049069999999996
7.839e-09,-0.2468515
7.841e-09,-0.24302160000000006
7.843e-09,-0.23901079999999997
7.845e-09,-0.23482899999999995
7.847e-09,-0.23048539999999995
7.849e-09,-0.22598950000000007
7.851e-09,-0.22135039999999995
7.853e-09,-0.21657689999999996
7.855e-09,-0.21167780000000003
7.857e-09,-0.2066616
7.859e-09,-0.20153659999999995
7.861e-09,-0.1963106
7.863e-09,-0.19099160000000004
7.865e-09,-0.18558700000000006
7.867e-09,-0.1801043
7.869e-09,-0.1745504
7.871e-09,-0.16893239999999998
7.873e-09,-0.16325669999999992
7.875e-09,-0.1575299
7.877e-09,-0.1517581
7.879e-09,-0.14594740000000006
7.881e-09,-0.1401036
7.883e-09,-0.13423210000000008
7.885e-09,-0.12833839999999996
7.887e-09,-0.12242770000000003
7.889e-09,-0.11650490000000002
7.891e-09,-0.11057470000000003
7.893e-09,-0.10464170000000006
7.895e-09,-0.09871030000000003
7.897e-09,-0.0927848
7.899e-09,-0.08686900000000009
7.901e-09,-0.08096690000000006
7.903e-09,-0.0750820000000001
7.905e-09,-0.06921790000000005
7.907e-09,-0.0633779000000001
7.909e-09,-0.05756490000000003
7.911e-09,-0.05178229999999995
7.913e-09,-0.04603260000000009
7.915e-09,-0.040318500000000035
7.917e-09,-0.034642799999999974
7.919e-09,-0.029007400000000017
7.921e-09,-0.023414999999999964
7.923e-09,-0.017867399999999978
7.925e-09,-0.012366600000000005
7.927e-09,-0.006914599999999993
7.929e-09,-0.0015128999999999282
7.931e-09,0.003836900000000032
7.933e-09,0.009133100000000005
7.935e-09,0.014374600000000015
7.937e-09,0.01956009999999997
7.939e-09,0.024688400000000055
7.941e-09,0.029758399999999963
7.943e-09,0.0347693
7.945e-09,0.039720099999999925
7.947e-09,0.04461029999999999
7.949e-09,0.04943890000000006
7.951e-09,0.054205600000000076
7.953e-09,0.058909600000000006
7.955e-09,0.06355069999999996
7.957e-09,0.06812850000000004
7.959e-09,0.07264250000000005
7.961e-09,0.07709270000000001
7.963e-09,0.08147890000000002
7.965e-09,0.0858009999999999
7.967e-09,0.0900588
7.969e-09,0.09425240000000001
7.971e-09,0.09838190000000002
7.973e-09,0.10244730000000002
7.975e-09,0.10644890000000007
7.977e-09,0.11038670000000006
7.979e-09,0.1142611
7.981e-09,0.11807210000000001
7.983e-09,0.12182040000000005
7.985e-09,0.125506
7.987e-09,0.1291295
7.989e-09,0.1326911999999999
7.991e-09,0.1361914999999999
7.993e-09,0.1396309
7.995e-09,0.14300990000000002
7.997e-09,0.14632880000000004
7.9985e-09,0.14877909999999994
8e-09,0.151196
8.0002e-09,0.15151550000000003
8.0006e-09,0.15215330000000005
8.0014e-09,0.15342180000000005
8.003e-09,0.15593089999999998
8.005e-09,0.15901560000000003
8.007e-09,0.16204319999999994
8.009e-09,0.1650142
8.011e-09,0.1679292
8.013e-09,0.17078899999999997
8.015e-09,0.17359399999999992
8.017e-09,0.17634500000000009
8.019e-09,0.17904260000000005
8.021e-09,0.18168739999999994
8.023e-09,0.1842802
8.025e-09,0.18682160000000003
8.027e-09,0.1893123
8.029e-09,0.1917529
8.031e-09,0.1941442
8.033e-09,0.19648659999999996
8.035e-09,0.1987812
8.037e-09,0.2010284
8.039e-09,0.20322890000000005
8.041e-09,0.2053834
8.043e-09,0.20749269999999997
8.045e-09,0.20955729999999995
8.047e-09,0.21157820000000005
8.049e-09,0.2135555
8.051e-09,0.21549049999999992
8.053e-09,0.2173834
8.055e-09,0.21923499999999996
8.057e-09,0.22104619999999997
8.059e-09,0.2228173
8.061e-09,0.2245492
8.063e-09,0.2262423
8.065e-09,0.22789759999999992
8.067e-09,0.22951529999999998
8.069e-09,0.23109639999999998
8.071e-09,0.2326414
8.073e-09,0.2341508
8.075e-09,0.23562530000000004
8.077e-09,0.23706570000000005
8.079e-09,0.23847229999999997
8.081e-09,0.2398458
8.083e-09,0.24118679999999992
8.085e-09,0.2424959
8.087e-09,0.24377359999999992
8.089e-09,0.24502060000000003
8.091e-09,0.24623739999999994
8.093e-09,0.24742449999999994
8.095e-09,0.24858239999999998
8.097e-09,0.24971179999999993
8.099e-09,0.2508131
8.101e-09,0.2518869
8.103e-09,0.2529338
8.105e-09,0.25395409999999996
8.107e-09,0.2549484000000001
8.109e-09,0.2559172999999999
8.111e-09,0.25686109999999995
8.113e-09,0.25778029999999996
8.115e-09,0.25867570000000006
8.117e-09,0.2595474
8.119e-09,0.26039599999999996
8.121e-09,0.26122199999999995
8.123e-09,0.2620256999999999
8.125e-09,0.2628077
8.127e-09,0.2635683
8.129e-09,0.26430809999999993
8.131e-09,0.2650273999999999
8.133e-09,0.2657265999999999
8.135e-09,0.2664063
8.137e-09,0.26706660000000004
8.139e-09,0.2677081
8.141e-09,0.26833109999999993
8.143e-09,0.2689361
8.145e-09,0.26952339999999997
8.147e-09,0.2700933
8.149e-09,0.2706463
8.151e-09,0.2711827
8.153e-09,0.2717028
8.155e-09,0.272207
8.157e-09,0.2726957
8.159e-09,0.27316910000000005
8.161e-09,0.2736276999999999
8.163e-09,0.2740716999999999
8.165e-09,0.2745014
8.167e-09,0.2749172
8.169e-09,0.2753194
8.171e-09,0.27570820000000007
8.173e-09,0.276084
8.175e-09,0.276447
8.177e-09,0.2767976
8.179e-09,0.27713600000000005
8.181e-09,0.27746270000000006
8.183e-09,0.2777775
8.185e-09,0.27808109999999997
8.187e-09,0.27837350000000005
8.189e-09,0.27865510000000004
8.191e-09,0.2789262
8.193e-09,0.2791869
8.195e-09,0.2794375
8.197e-09,0.2796782
8.1985e-09,0.2798524
8.2e-09,0.28002130000000003
8.2002e-09,0.2800441
8.2006e-09,0.28009169999999994
8.2014e-09,0.2801956
8.203e-09,0.28041459999999996
8.205e-09,0.28064960000000005
8.207e-09,0.2807734999999999
8.209e-09,0.28073019999999993
8.211e-09,0.28048019999999996
8.213e-09,0.2799961999999999
8.215e-09,0.2792608999999999
8.217e-09,0.2782637
8.219e-09,0.2769998
8.221e-09,0.2754683
8.223e-09,0.27367150000000007
8.225e-09,0.27161420000000003
8.227e-09,0.26930240000000005
8.229e-09,0.2667438999999999
8.231e-09,0.26394700000000004
8.233e-09,0.26092079999999995
8.235e-09,0.25767470000000003
8.237e-09,0.2542183
8.239e-09,0.25056140000000005
8.241e-09,0.24671370000000004
8.243e-09,0.2426851
8.245e-09,0.23848500000000006
8.247e-09,0.23412310000000003
8.249e-09,0.2296085
8.251e-09,0.2249504
8.253e-09,0.2201577
8.255e-09,0.21523899999999996
8.257e-09,0.21020280000000002
8.259e-09,0.2050575
8.261e-09,0.1998109
8.263e-09,0.19447079999999994
8.265e-09,0.18904489999999996
8.267e-09,0.18354040000000005
8.269e-09,0.17796440000000002
8.271e-09,0.17232380000000003
8.273e-09,0.16662529999999998
8.275e-09,0.1608752
8.277e-09,0.15507990000000005
8.279e-09,0.14924530000000003
8.281e-09,0.14337710000000004
8.283e-09,0.13748110000000002
8.285e-09,0.13156259999999997
8.287e-09,0.12562659999999992
8.289e-09,0.11967810000000001
8.291e-09,0.1137222
8.293e-09,0.10776319999999995
8.295e-09,0.1018055
8.297e-09,0.09585339999999998
8.299e-09,0.0899108999999999
8.301e-09,0.08398170000000005
8.303e-09,0.07806979999999997
8.305e-09,0.07217839999999998
8.307e-09,0.0663108
8.309e-09,0.06047029999999998
8.311e-09,0.054659899999999983
8.313e-09,0.04888239999999999
8.315e-09,0.043140499999999915
8.317e-09,0.03743660000000004
8.319e-09,0.03177340000000006
8.321e-09,0.026152799999999976
8.323e-09,0.020577100000000015
8.325e-09,0.015048199999999956
8.327e-09,0.009568000000000021
8.329e-09,0.004138199999999981
8.331e-09,-0.0012396999999999547
8.333e-09,-0.006563899999999956
8.335e-09,-0.011833399999999994
8.337e-09,-0.017046799999999918
8.339e-09,-0.022202999999999973
8.341e-09,-0.027300800000000014
8.343e-09,-0.03233929999999996
8.345e-09,-0.037317900000000015
8.347e-09,-0.042235299999999976
8.349e-09,-0.04709129999999995
8.351e-09,-0.051885199999999965
8.353e-09,-0.05661629999999995
8.355e-09,-0.06128429999999996
8.357e-09,-0.06588879999999997
8.359e-09,-0.07042929999999992
8.361e-09,-0.07490600000000003
8.363e-09,-0.07931840000000001
8.365e-09,-0.08366639999999992
8.367e-09,-0.08795010000000003
8.369e-09,-0.09216930000000001
8.371e-09,-0.09632419999999997
8.373e-09,-0.10041489999999997
8.375e-09,-0.10444149999999996
8.377e-09,-0.1084041
8.379e-09,-0.11230309999999999
8.381e-09,-0.11613859999999998
8.383e-09,-0.11991090000000004
8.385e-09,-0.12362050000000002
8.387e-09,-0.12726769999999998
8.389e-09,-0.13085289999999994
8.391e-09,-0.13437639999999995
8.393e-09,-0.1378389
8.395e-09,-0.14124059999999994
8.397e-09,-0.14458210000000005
8.3985e-09,-0.14704899999999999
8.4e-09,-0.14948260000000002
8.4002e-09,-0.1498043
8.4006e-09,-0.15044649999999993
8.4014e-09,-0.15172380000000008
8.403e-09,-0.1542504
8.405e-09,-0.15735660000000007
8.407e-09,-0.16040560000000004
8.409e-09,-0.1633977000000001
8.411e-09,-0.16633360000000008
8.413e-09,-0.16921399999999998
8.415e-09,-0.1720395
8.417e-09,-0.1748107000000001
8.419e-09,-0.17752829999999997
8.421e-09,-0.1801929
8.423e-09,-0.1828052
8.425e-09,-0.18536580000000002
8.427e-09,-0.18787549999999997
8.429e-09,-0.19033479999999992
8.431e-09,-0.1927447
8.433e-09,-0.1951056
8.435e-09,-0.1974182
8.437e-09,-0.1996833
8.439e-09,-0.20190160000000001
8.441e-09,-0.20407359999999997
8.443e-09,-0.2062001
8.445e-09,-0.20828180000000007
8.447e-09,-0.2103193
8.449e-09,-0.21231339999999999
8.451e-09,-0.21426469999999997
8.453e-09,-0.21617390000000003
8.455e-09,-0.2180415
8.457e-09,-0.21986840000000007
8.459e-09,-0.22165519999999994
8.461e-09,-0.2234024
8.463e-09,-0.22511080000000006
8.465e-09,-0.226781
8.467e-09,-0.22841370000000005
8.469e-09,-0.23000940000000003
8.471e-09,-0.23156869999999996
8.473e-09,-0.23309239999999998
8.475e-09,-0.23458099999999993
8.477e-09,-0.23603529999999995
8.479e-09,-0.23745550000000004
8.481e-09,-0.23884260000000002
8.483e-09,-0.240197
8.485e-09,-0.24151920000000004
8.487e-09,-0.24280999999999997
8.489e-09,-0.2440698
8.491e-09,-0.24529919999999994
8.493e-09,-0.2464987999999999
8.495e-09,-0.24766909999999998
8.497e-09,-0.24881070000000005
8.499e-09,-0.24992409999999998
8.501e-09,-0.2510097
8.503e-09,-0.2520683
8.505e-09,-0.2531002
8.507e-09,-0.2541059
8.509e-09,-0.25508600000000003
8.511e-09,-0.25604099999999996
8.513e-09,-0.2569713
8.515e-09,-0.25787740000000003
8.517e-09,-0.2587598
8.519e-09,-0.2596189000000001
8.521e-09,-0.26045530000000006
8.523e-09,-0.2612692999999999
8.525e-09,-0.2620614
8.527e-09,-0.26283219999999996
8.529e-09,-0.2635816999999999
8.531e-09,-0.26431080000000007
8.533e-09,-0.26501969999999997
8.535e-09,-0.26570879999999997
8.537e-09,-0.2663785000000001
8.539e-09,-0.2670293
8.541e-09,-0.2676615
8.543e-09,-0.26827539999999994
8.545e-09,-0.2688716
8.547e-09,-0.26945030000000003
8.549e-09,-0.2700119999999999
8.551e-09,-0.2705569
8.553e-09,-0.2710855
8.555e-09,-0.271598
8.557e-09,-0.27209490000000003
8.559e-09,-0.27257640000000005
8.561e-09,-0.2730429999999999
8.563e-09,-0.2734949
8.565e-09,-0.27393239999999996
8.567e-09,-0.2743559
8.569e-09,-0.2747657
8.571e-09,-0.2751619999999999
8.573e-09,-0.27554520000000005
8.575e-09,-0.27591560000000004
8.577e-09,-0.2762734
8.579e-09,-0.2766189
8.581e-09,-0.2769524
8.583e-09,-0.27727440000000003
8.585e-09,-0.27758479999999996
8.587e-09,-0.27788389999999996
8.589e-09,-0.2781722
8.591e-09,-0.2784498000000001
8.593e-09,-0.278717
8.595e-09,-0.27897400000000006
8.597e-09,-0.27922100000000005
8.5985e-09,-0.27939990000000003
8.6e-09,-0.27957350000000003
8.6002e-09,-0.27959619999999996
8.6006e-09,-0.27964140000000004
8.6014e-09,-0.27973059999999994
8.603e-09,-0.27990480000000006
8.605e-09,-0.2801144
8.607e-09,-0.2803152
8.609e-09,-0.2805072999999999
8.611e-09,-0.28069109999999997
8.613e-09,-0.28086679999999997
8.615e-09,-0.28103449999999996
8.617e-09,-0.2811943
8.619e-09,-0.2813466
8.621e-09,-0.28149140000000006
8.623e-09,-0.28162909999999997
8.625e-09,-0.28175969999999995
8.627e-09,-0.28188350000000006
8.629e-09,-0.28200060000000005
8.631e-09,-0.2821112
8.633e-09,-0.28221550000000006
8.635e-09,-0.28231359999999994
8.637e-09,-0.2824057
8.639e-09,-0.2824919
8.641e-09,-0.2825725
8.643e-09,-0.2826476
8.645e-09,-0.28271730000000006
8.647e-09,-0.2827816000000001
8.649e-09,-0.28284089999999995
8.651e-09,-0.28289530000000007
8.653e-09,-0.2829448
8.655e-09,-0.2829897
8.657e-09,-0.28302989999999995
8.659e-09,-0.2830657999999999
8.661e-09,-0.2830973
8.663e-09,-0.2831247
8.665e-09,-0.28314800000000007
8.667e-09,-0.28316739999999996
8.669e-09,-0.2831830000000001
8.671e-09,-0.28319479999999997
8.673e-09,-0.2832032
8.675e-09,-0.28320790000000007
8.677e-09,-0.2832093
8.679e-09,-0.2832074
8.681e-09,-0.28320239999999997
8.683e-09,-0.28319419999999995
8.685e-09,-0.2831831
8.687e-09,-0.28316910000000006
8.689e-09,-0.28315239999999997
8.691e-09,-0.2831328000000001
8.693e-09,-0.28311070000000005
8.695e-09,-0.2830861
8.697e-09,-0.28305900000000006
8.699e-09,-0.2830296
8.701e-09,-0.2829979
8.703e-09,-0.282964
8.705e-09,-0.2829279
8.707e-09,-0.2828899
8.709e-09,-0.2828499
8.711e-09,-0.28280799999999995
8.713e-09,-0.2827642
8.715e-09,-0.28271860000000004
8.717e-09,-0.2826714
8.719e-09,-0.28262260000000006
8.721e-09,-0.2825721000000001
8.723e-09,-0.2825202
8.725e-09,-0.2824669000000001
8.727e-09,-0.28241210000000005
8.729e-09,-0.2823561
8.731e-09,-0.2822987
8.733e-09,-0.28224020000000005
8.735e-09,-0.28218049999999995
8.737e-09,-0.2821197
8.739e-09,-0.2820579000000001
8.741e-09,-0.281995
8.743e-09,-0.28193119999999994
8.745e-09,-0.2818664000000001
8.747e-09,-0.2818007
8.749e-09,-0.28173439999999994
8.751e-09,-0.2816672
8.753e-09,-0.2815993
8.755e-09,-0.28153059999999996
8.757e-09,-0.2814612999999999
8.759e-09,-0.28139140000000007
8.761e-09,-0.28132100000000004
8.763e-09,-0.28125
8.765e-09,-0.2811785
8.767e-09,-0.2811066
8.769e-09,-0.28103410000000006
8.771e-09,-0.28096140000000003
8.773e-09,-0.2808881
8.775e-09,-0.2808147000000001
8.777e-09,-0.2807408
8.779e-09,-0.28066670000000005
8.781e-09,-0.28059239999999996
8.783e-09,-0.2805179
8.785e-09,-0.28044310000000006
8.787e-09,-0.2803683
8.789e-09,-0.2802932
8.791e-09,-0.2802181
8.793e-09,-0.2801429
8.795e-09,-0.28006759999999997
8.797e-09,-0.2799922
8.7985e-09,-0.2799357
8.8e-09,-0.2798897
8.8002e-09,-0.2798858000000001
8.8006e-09,-0.2798792
8.8014e-09,-0.27987129999999993
8.803e-09,-0.27985329999999997
8.805e-09,-0.2797734999999999
8.807e-09,-0.2795692000000001
8.809e-09,-0.2791903
8.811e-09,-0.27860170000000006
8.813e-09,-0.2777798
8.815e-09,-0.2767094
8.817e-09,-0.27538209999999996
8.819e-09,-0.2737942
8.821e-09,-0.271946
8.823e-09,-0.2698404
8.825e-09,-0.2674826
8.827e-09,-0.2648792
8.829e-09,-0.26203809999999994
8.831e-09,-0.2589676000000001
8.833e-09,-0.2556769
8.835e-09,-0.25217539999999994
8.837e-09,-0.24847279999999994
8.839e-09,-0.2445786000000001
8.841e-09,-0.24050270000000007
8.843e-09,-0.23625450000000003
8.845e-09,-0.23184360000000004
8.847e-09,-0.22727940000000002
8.849e-09,-0.22257110000000002
8.851e-09,-0.21772760000000002
8.853e-09,-0.21275770000000005
8.855e-09,-0.20766990000000007
8.857e-09,-0.2024726
8.859e-09,-0.19717399999999996
8.861e-09,-0.19178169999999994
8.863e-09,-0.1863036
8.865e-09,-0.18074709999999994
8.867e-09,-0.17511909999999997
8.869e-09,-0.169427
8.871e-09,-0.16367710000000002
8.873e-09,-0.1578761999999999
8.875e-09,-0.15203049999999996
8.877e-09,-0.1461462
8.879e-09,-0.1402289
8.881e-09,-0.13428439999999997
8.883e-09,-0.12831820000000005
8.885e-09,-0.12233539999999998
8.887e-09,-0.11634109999999998
8.889e-09,-0.11034009999999994
8.891e-09,-0.10433700000000001
8.893e-09,-0.09833639999999999
8.895e-09,-0.09234229999999999
8.897e-09,-0.08635880000000007
8.899e-09,-0.08038999999999996
8.901e-09,-0.07443929999999999
8.903e-09,-0.06851040000000008
8.905e-09,-0.06260650000000001
8.907e-09,-0.056730999999999976
8.909e-09,-0.05088670000000006
8.911e-09,-0.045076499999999964
8.913e-09,-0.03930319999999998
8.915e-09,-0.033569199999999966
8.917e-09,-0.02787700000000004
8.919e-09,-0.02222869999999999
8.921e-09,-0.016626600000000047
8.923e-09,-0.011072599999999988
8.925e-09,-0.005568400000000029
8.927e-09,-0.00011609999999995235
8.929e-09,0.005283199999999932
8.931e-09,0.010627700000000018
8.933e-09,0.01591609999999999
8.935e-09,0.02114729999999998
8.937e-09,0.02632000000000001
8.939e-09,0.03143309999999999
8.941e-09,0.03648589999999996
8.943e-09,0.04147729999999994
8.945e-09,0.04640670000000002
8.947e-09,0.051273400000000025
8.949e-09,0.056076899999999985
8.951e-09,0.0608166
8.953e-09,0.065492
8.955e-09,0.07010289999999997
8.957e-09,0.07464890000000002
8.959e-09,0.07912989999999998
8.961e-09,0.08354569999999995
8.963e-09,0.08789619999999998
8.965e-09,0.09218130000000002
8.967e-09,0.09640110000000002
8.969e-09,0.10055559999999997
8.971e-09,0.10464490000000004
8.973e-09,0.10866929999999997
8.975e-09,0.11262900000000009
8.977e-09,0.11652400000000007
8.979e-09,0.12035490000000004
8.981e-09,0.12412190000000001
8.983e-09,0.12782530000000003
8.985e-09,0.13146560000000007
8.987e-09,0.13504309999999997
8.989e-09,0.13855839999999997
8.991e-09,0.14201180000000002
8.993e-09,0.14540379999999997
8.995e-09,0.1487350999999999
8.997e-09,0.15200600000000009
8.9985e-09,0.15442
9e-09,0.15680060000000007
9.0002e-09,0.15711589999999998
9.0006e-09,0.15774749999999993
9.0014e-09,0.15901359999999998
9.003e-09,0.16153229999999996
9.005e-09,0.16459420000000002
9.007e-09,0.16749040000000004
9.009e-09,0.17016300000000006
9.011e-09,0.17257179999999994
9.013e-09,0.1746894
9.015e-09,0.17649899999999996
9.017e-09,0.1779908
9.019e-09,0.17916130000000008
9.021e-09,0.18001129999999999
9.023e-09,0.1805445
9.025e-09,0.18076749999999997
9.027e-09,0.18068819999999997
9.029e-09,0.18031590000000008
9.031e-09,0.17966080000000006
9.033e-09,0.1787335
9.035e-09,0.17754499999999995
9.037e-09,0.17610669999999995
9.039e-09,0.1744293
9.041e-09,0.17252440000000002
9.043e-09,0.17040270000000002
9.045e-09,0.16807490000000003
9.047e-09,0.16555169999999997
9.049e-09,0.16284320000000008
9.051e-09,0.15995959999999998
9.053e-09,0.1569104
9.055e-09,0.1537052000000001
9.057e-09,0.15035310000000002
9.059e-09,0.14686279999999996
9.061e-09,0.143243
9.063e-09,0.13950200000000001
9.065e-09,0.13564779999999999
9.067e-09,0.13168809999999997
9.069e-09,0.12763029999999997
9.071e-09,0.12348159999999997
9.073e-09,0.1192491
9.075e-09,0.11493940000000002
9.077e-09,0.11055909999999991
9.079e-09,0.1061143
9.081e-09,0.101611
9.083e-09,0.09705509999999995
9.085e-09,0.09245199999999998
9.087e-09,0.08780730000000003
9.089e-09,0.08312589999999997
9.091e-09,0.07841290000000001
9.093e-09,0.07367309999999994
9.095e-09,0.06891090000000011
9.097e-09,0.06413069999999998
9.099e-09,0.05933670000000002
9.101e-09,0.05453299999999994
9.103e-09,0.04972339999999997
9.105e-09,0.04491149999999999
9.107e-09,0.040100799999999936
9.109e-09,0.03529490000000002
9.111e-09,0.030496600000000096
9.113e-09,0.025709299999999935
9.115e-09,0.020935499999999996
9.117e-09,0.016178400000000037
9.119e-09,0.011440200000000011
9.121e-09,0.006723600000000052
9.123e-09,0.002031000000000005
9.125e-09,-0.0026357000000000186
9.127e-09,-0.007274100000000061
9.129e-09,-0.011882300000000012
9.131e-09,-0.0164586000000001
9.133e-09,-0.021001099999999995
9.135e-09,-0.02550819999999998
9.137e-09,-0.02997839999999996
9.139e-09,-0.034410199999999946
9.141e-09,-0.038802299999999956
9.143e-09,-0.043153600000000014
9.145e-09,-0.04746280000000003
9.147e-09,-0.05172889999999997
9.149e-09,-0.05595099999999997
9.151e-09,-0.06012810000000002
9.153e-09,-0.06425930000000002
9.155e-09,-0.06834410000000002
9.157e-09,-0.07238159999999993
9.159e-09,-0.07637150000000004
9.161e-09,-0.08031290000000002
9.163e-09,-0.08420559999999999
9.165e-09,-0.08804909999999999
9.167e-09,-0.09184300000000001
9.169e-09,-0.09558710000000004
9.171e-09,-0.09928100000000006
9.173e-09,-0.10292469999999998
9.175e-09,-0.106518
9.177e-09,-0.11006070000000001
9.179e-09,-0.11355289999999996
9.181e-09,-0.11699440000000005
9.183e-09,-0.12038540000000009
9.185e-09,-0.12372569999999994
9.187e-09,-0.1270158
9.189e-09,-0.13025540000000002
9.191e-09,-0.13344500000000004
9.193e-09,-0.13658460000000006
9.195e-09,-0.1396744000000001
9.197e-09,-0.14271479999999992
9.1985e-09,-0.14496260000000005
9.2e-09,-0.1471828999999999
9.2002e-09,-0.14747739999999998
9.2006e-09,-0.14806739999999996
9.2014e-09,-0.14925149999999998
9.203e-09,-0.1516109
9.205e-09,-0.154482
9.207e-09,-0.15719610000000006
9.209e-09,-0.15969489999999997
9.211e-09,-0.16193770000000007
9.213e-09,-0.1638966999999999
9.215e-09,-0.16555450000000005
9.217e-09,-0.16690130000000003
9.219e-09,-0.1679332
9.221e-09,-0.16865069999999993
9.223e-09,-0.16905749999999997
9.225e-09,-0.16915970000000002
9.227e-09,-0.16896520000000004
9.229e-09,-0.1684833
9.231e-09,-0.16772379999999998
9.233e-09,-0.1666974
9.235e-09,-0.16541510000000004
9.237e-09,-0.16388780000000003
9.239e-09,-0.16212669999999996
9.241e-09,-0.16014289999999998
9.243e-09,-0.15794700000000006
9.245e-09,-0.15555010000000002
9.247e-09,-0.15296240000000005
9.249e-09,-0.1501943
9.251e-09,-0.14725540000000004
9.253e-09,-0.14415579999999995
9.255e-09,-0.1409047
9.257e-09,-0.13751100000000005
9.259e-09,-0.13398370000000004
9.261e-09,-0.1303314
9.263e-09,-0.1265621
9.265e-09,-0.12268380000000001
9.267e-09,-0.11870429999999998
9.269e-09,-0.11463089999999998
9.271e-09,-0.11047070000000003
9.273e-09,-0.10623060000000006
9.275e-09,-0.1019175
9.277e-09,-0.0975374
9.279e-09,-0.09309669999999992
9.281e-09,-0.08860140000000005
9.283e-09,-0.0840569000000001
9.285e-09,-0.07946900000000001
9.287e-09,-0.0748428000000001
9.289e-09,-0.07018350000000007
9.291e-09,-0.06549579999999999
9.293e-09,-0.060784599999999966
9.295e-09,-0.056054099999999996
9.297e-09,-0.051308699999999985
9.299e-09,-0.0465525
9.301e-09,-0.041789500000000035
9.303e-09,-0.03702340000000004
9.305e-09,-0.032257700000000056
9.307e-09,-0.027495900000000018
9.309e-09,-0.02274109999999996
9.311e-09,-0.017996599999999918
9.313e-09,-0.013265300000000035
9.315e-09,-0.0085499
9.317e-09,-0.003853200000000001
9.319e-09,0.0008224000000000009
9.321e-09,0.005474499999999938
9.323e-09,0.010100800000000021
9.325e-09,0.014699200000000023
9.327e-09,0.0192677
9.329e-09,0.0238043
9.331e-09,0.02830750000000004
9.333e-09,0.03277540000000001
9.335e-09,0.03720649999999992
9.337e-09,0.04159950000000001
9.339e-09,0.045952800000000016
9.341e-09,0.05026529999999996
9.343e-09,0.05453580000000002
9.345e-09,0.05876329999999996
9.347e-09,0.06294670000000002
9.349e-09,0.06708519999999996
9.351e-09,0.07117780000000007
9.353e-09,0.07522399999999996
9.355e-09,0.07922289999999998
9.357e-09,0.08317410000000003
9.359e-09,0.08707690000000001
9.361e-09,0.09093090000000004
9.363e-09,0.09473559999999992
9.365e-09,0.09849079999999999
9.367e-09,0.10219599999999995
9.369e-09,0.10585119999999992
9.371e-09,0.10945590000000005
9.373e-09,0.11301019999999995
9.375e-09,0.116514
9.377e-09,0.1199671
9.379e-09,0.12336950000000002
9.381e-09,0.12672129999999993
9.383e-09,0.13002250000000004
9.385e-09,0.13327329999999993
9.387e-09,0.13647369999999992
9.389e-09,0.13962390000000002
9.391e-09,0.14272410000000002
9.393e-09,0.1457746000000001
9.395e-09,0.14877550000000006
9.397e-09,0.1517271
9.3985e-09,0.15390859999999995
9.4e-09,0.15607329999999997
9.4002e-09,0.15636169999999994
9.4006e-09,0.1569389
9.4014e-09,0.15809279999999992
9.403e-09,0.1603734
9.405e-09,0.16311940000000003
9.407e-09,0.16568629999999995
9.409e-09,0.16802269999999997
9.411e-09,0.1700931
9.413e-09,0.17187380000000008
9.415e-09,0.1733502
9.417e-09,0.17451510000000003
9.419e-09,0.17536600000000002
9.421e-09,0.17590470000000002
9.423e-09,0.1761359
9.425e-09,0.1760663
9.427e-09,0.17570430000000004
9.429e-09,0.17505930000000003
9.431e-09,0.17414149999999995
9.433e-09,0.17296160000000005
9.435e-09,0.17153050000000003
9.437e-09,0.16985909999999993
9.439e-09,0.16795880000000007
9.441e-09,0.16584
9.443e-09,0.1635139
9.445e-09,0.16099089999999994
9.447e-09,0.15828140000000002
9.449e-09,0.15539530000000001
9.451e-09,0.15234270000000005
9.453e-09,0.1491328999999999
9.455e-09,0.1457752
9.457e-09,0.14227849999999997
9.459e-09,0.13865139999999998
9.461e-09,0.1349024000000001
9.463e-09,0.13103980000000004
9.465e-09,0.12707099999999993
9.467e-09,0.1230038
9.469e-09,0.11884539999999999
9.471e-09,0.11460300000000001
9.473e-09,0.11028320000000003
9.475e-09,0.10589270000000006
9.477e-09,0.10143780000000002
9.479e-09,0.09692429999999996
9.481e-09,0.09235840000000006
9.483e-09,0.08774549999999992
9.485e-09,0.08309120000000003
9.487e-09,0.07840059999999993
9.489e-09,0.07367859999999993
9.491e-09,0.0689301
9.493e-09,0.06415979999999999
9.495e-09,0.05937190000000003
9.497e-09,0.05457069999999997
9.499e-09,0.04976029999999998
9.501e-09,0.044944500000000054
9.503e-09,0.04012709999999997
9.505e-09,0.03531149999999994
9.507e-09,0.03050110000000006
9.509e-09,0.025699200000000033
9.511e-09,0.020908700000000002
9.513e-09,0.0161327
9.515e-09,0.0113738000000001
9.517e-09,0.006634499999999988
9.519e-09,0.0019175999999999638
9.521e-09,-0.002774799999999966
9.523e-09,-0.007440200000000008
9.525e-09,-0.012076899999999946
9.527e-09,-0.01668270000000005
9.529e-09,-0.021255899999999994
9.531e-09,-0.025794399999999995
9.533e-09,-0.03029690000000007
9.535e-09,-0.03476190000000001
9.537e-09,-0.039187799999999995
9.539e-09,-0.043573400000000095
9.541e-09,-0.04791730000000005
9.543e-09,-0.052218499999999946
9.545e-09,-0.05647599999999997
9.547e-09,-0.0606888000000001
9.549e-09,-0.06485599999999991
9.551e-09,-0.0689767
9.553e-09,-0.07305020000000007
9.555e-09,-0.07707600000000003
9.557e-09,-0.0810535
9.559e-09,-0.084982
9.561e-09,-0.08886110000000003
9.563e-09,-0.09269050000000001
9.565e-09,-0.09646979999999994
9.567e-09,-0.10019870000000008
9.569e-09,-0.103877
9.571e-09,-0.1075045
9.573e-09,-0.11108109999999993
9.575e-09,-0.11460670000000006
9.577e-09,-0.1180812
9.579e-09,-0.12150470000000002
9.581e-09,-0.12487709999999996
9.583e-09,-0.12819859999999994
9.585e-09,-0.1314693
9.587e-09,-0.1346893
9.589e-09,-0.1378587
9.591e-09,-0.14097779999999993
9.593e-09,-0.14404680000000003
9.595e-09,-0.14706600000000003
9.597e-09,-0.15003560000000005
9.5985e-09,-0.1522304
9.6e-09,-0.15439770000000008
9.6002e-09,-0.15468499999999996
9.6006e-09,-0.15526079999999998
9.6014e-09,-0.15641670000000008
9.603e-09,-0.1587195
9.605e-09,-0.16152030000000006
9.607e-09,-0.1641644
9.609e-09,-0.16659389999999996
9.611e-09,-0.16876789999999997
9.613e-09,-0.170659
9.615e-09,-0.1722495999999999
9.617e-09,-0.17353019999999997
9.619e-09,-0.1744968
9.621e-09,-0.17514980000000002
9.623e-09,-0.17549289999999995
9.625e-09,-0.17553229999999997
9.627e-09,-0.17527569999999992
9.629e-09,-0.17473249999999996
9.631e-09,-0.17391249999999991
9.633e-09,-0.17282620000000004
9.635e-09,-0.17148450000000004
9.637e-09,-0.1698986
9.639e-09,-0.16807929999999993
9.641e-09,-0.16603770000000007
9.643e-09,-0.16378480000000006
9.645e-09,-0.16133090000000005
9.647e-09,-0.15868680000000002
9.649e-09,-0.15586260000000007
9.651e-09,-0.152868
9.653e-09,-0.14971289999999993
9.655e-09,-0.14640659999999994
9.657e-09,-0.14295800000000003
9.659e-09,-0.13937600000000006
9.661e-09,-0.13566900000000004
9.663e-09,-0.1318454
9.665e-09,-0.1279131
9.667e-09,-0.12387950000000003
9.669e-09,-0.11975219999999998
9.671e-09,-0.11553849999999999
9.673e-09,-0.11124479999999992
9.675e-09,-0.10687829999999998
9.677e-09,-0.10244489999999995
9.679e-09,-0.09795120000000002
9.681e-09,-0.09340290000000007
9.683e-09,-0.08880579999999993
9.685e-09,-0.08416520000000005
9.687e-09,-0.07948650000000002
9.689e-09,-0.07477490000000009
9.691e-09,-0.07003510000000002
9.693e-09,-0.06527179999999999
9.695e-09,-0.06048960000000003
9.697e-09,-0.05569260000000009
9.699e-09,-0.050885100000000016
9.701e-09,-0.046070900000000026
9.703e-09,-0.04125380000000001
9.705e-09,-0.036437400000000064
9.707e-09,-0.03162510000000007
9.709e-09,-0.02682019999999996
9.711e-09,-0.022025799999999984
9.713e-09,-0.01724479999999995
9.715e-09,-0.012480099999999994
9.717e-09,-0.007734299999999972
9.719e-09,-0.00300990000000001
9.721e-09,0.0016905999999999866
9.723e-09,0.006364999999999954
9.725e-09,0.011011100000000051
9.727e-09,0.015626999999999946
9.729e-09,0.020210799999999973
9.731e-09,0.02476070000000008
9.733e-09,0.029274899999999993
9.735e-09,0.03375199999999989
9.737e-09,0.038190500000000016
9.739e-09,0.04258899999999999
9.741e-09,0.046946299999999996
9.743e-09,0.05126120000000001
9.745e-09,0.05553260000000004
9.747e-09,0.05975969999999997
9.749e-09,0.06394129999999998
9.751e-09,0.06807660000000004
9.753e-09,0.07216509999999998
9.755e-09,0.07620590000000005
9.757e-09,0.08019850000000006
9.759e-09,0.0841423
9.761e-09,0.08803680000000003
9.763e-09,0.09188170000000007
9.765e-09,0.09567649999999994
9.767e-09,0.09942100000000009
9.769e-09,0.10311490000000001
9.771e-09,0.10675810000000008
9.773e-09,0.11035030000000001
9.775e-09,0.11389150000000003
9.777e-09,0.11738159999999997
9.779e-09,0.1208205
9.781e-09,0.12420849999999994
9.783e-09,0.12754540000000003
9.785e-09,0.13083129999999998
9.787e-09,0.13406660000000004
9.789e-09,0.13725109999999996
9.791e-09,0.14038530000000005
9.793e-09,0.14346920000000007
9.795e-09,0.14650319999999994
9.797e-09,0.14948739999999994
9.7985e-09,0.15169319999999997
9.8e-09,0.15387109999999993
9.8002e-09,0.15415920000000005
9.8006e-09,0.15473440000000005
9.8014e-09,0.15587889999999993
9.803e-09,0.15814450000000002
9.805e-09,0.1609332
9.807e-09,0.16367389999999993
9.809e-09,0.16636699999999993
9.811e-09,0.16901290000000002
9.813e-09,0.17161179999999998
9.815e-09,0.17416449999999994
9.817e-09,0.17667129999999998
9.819e-09,0.17913259999999998
9.821e-09,0.1815489
9.823e-09,0.18392070000000005
9.825e-09,0.18624850000000004
9.827e-09,0.18853279999999994
9.829e-09,0.190774
9.831e-09,0.19297260000000005
9.833e-09,0.1951292
9.835e-09,0.1972444
9.837e-09,0.19931849999999995
9.839e-09,0.2013522000000001
9.841e-09,0.20334590000000008
9.843e-09,0.20530019999999993
9.845e-09,0.20721560000000006
9.847e-09,0.20909260000000007
9.849e-09,0.2109318
9.851e-09,0.21273370000000003
9.853e-09,0.21449870000000004
9.855e-09,0.21622770000000002
9.857e-09,0.21792069999999997
9.859e-09,0.21957860000000007
9.861e-09,0.22120190000000006
9.863e-09,0.22279110000000002
9.865e-09,0.22434660000000006
9.867e-09,0.22586889999999993
9.869e-09,0.22735870000000002
9.871e-09,0.22881640000000003
9.873e-09,0.23024250000000002
9.875e-09,0.23163750000000005
9.877e-09,0.23300200000000004
9.879e-09,0.2343364
9.881e-09,0.23564129999999994
9.883e-09,0.23691689999999999
9.885e-09,0.2381641
9.887e-09,0.23938309999999996
9.889e-09,0.24057450000000002
9.891e-09,0.24173859999999991
9.893e-09,0.24287609999999993
9.895e-09,0.24398730000000002
9.897e-09,0.24507269999999992
9.899e-09,0.24613269999999998
9.901e-09,0.2471679
9.903e-09,0.24817869999999997
9.905e-09,0.24916539999999998
9.907e-09,0.2501285
9.909e-09,0.25106850000000003
9.911e-09,0.2519857
9.913e-09,0.25288070000000007
9.915e-09,0.2537537999999999
9.917e-09,0.2546052
9.919e-09,0.25543570000000004
9.921e-09,0.25624539999999996
9.923e-09,0.2570348
9.925e-09,0.25780420000000004
9.927e-09,0.25855420000000007
9.929e-09,0.259285
9.931e-09,0.25999680000000003
9.933e-09,0.26069029999999993
9.935e-09,0.26136570000000003
9.937e-09,0.26202329999999996
9.939e-09,0.2626636
9.941e-09,0.2632869
9.943e-09,0.26389339999999994
9.945e-09,0.2644835
9.947e-09,0.2650576
9.949e-09,0.2656159
9.951e-09,0.2661589
9.953e-09,0.2666868
9.955e-09,0.2671998
9.957e-09,0.26769850000000006
9.959e-09,0.26818280000000005
9.961e-09,0.26865340000000004
9.963e-09,0.2691103
9.965e-09,0.2695539
9.967e-09,0.26998450000000007
9.969e-09,0.27040220000000004
9.971e-09,0.27080740000000003
9.973e-09,0.27120049999999996
9.975e-09,0.2715816
9.977e-09,0.27195100000000005
9.979e-09,0.27230889999999996
9.981e-09,0.2726556
9.983e-09,0.2729914000000001
9.985e-09,0.27331629999999996
9.987e-09,0.27363079999999995
9.989e-09,0.27393499999999993
9.991e-09,0.2742293
9.993e-09,0.27451369999999997
9.995e-09,0.2747885
9.997e-09,0.27505389999999996
9.9985e-09,0.27524690000000007
1e-08,0.27543490000000004
1.00002e-08,0.27546039999999994
1.00006e-08,0.27551310000000007
1.00014e-08,0.2756273
1.0003e-08,0.2758672
1.0005e-08,0.27612820000000005
1.0007e-08,0.2762783000000001
1.0009e-08,0.276261
1.0011e-08,0.27603690000000003
1.0013e-08,0.27557850000000006
1.0015e-08,0.2748682
1.0017e-08,0.27389589999999997
1.0019e-08,0.2726564
1.0021e-08,0.2711489
1.0023e-08,0.2693759
1.0025e-08,0.26734199999999997
1.0027e-08,0.26505350000000005
1.0029e-08,0.2625181000000001
1.0031e-08,0.25974410000000003
1.0033e-08,0.25674069999999993
1.0035e-08,0.25351729999999995
1.0037e-08,0.2500837
1.0039e-08,0.2464495
1.0041e-08,0.24262479999999997
1.0043e-08,0.23861900000000003
1.0045e-08,0.2344421
1.0047e-08,0.2301034999999999
1.0049e-08,0.22561240000000005
1.0051e-08,0.220978
1.0053e-08,0.21620930000000005
1.0055e-08,0.21131489999999997
1.0057e-08,0.20630329999999997
1.0059e-08,0.20118289999999994
1.0061e-08,0.1959615
1.0063e-08,0.190647
1.0065e-08,0.1852469
1.0067e-08,0.17976859999999995
1.0069e-08,0.17421920000000002
1.0071e-08,0.16860549999999996
1.0073e-08,0.16293420000000003
1.0075e-08,0.15721169999999995
1.0077e-08,0.15144419999999992
1.0079e-08,0.14563779999999993
1.0081e-08,0.13979819999999998
1.0083e-08,0.13393089999999996
1.0085e-08,0.12804140000000008
1.0087e-08,0.12213479999999999
1.0089e-08,0.11621599999999999
1.0091e-08,0.11028990000000005
1.0093e-08,0.10436100000000004
1.0095e-08,0.09843369999999996
1.0097e-08,0.09251199999999993
1.0099e-08,0.08660020000000002
1.0101e-08,0.08070200000000005
1.0103e-08,0.07482099999999992
1.0105e-08,0.06896069999999999
1.0107e-08,0.06312440000000008
1.0109e-08,0.057315400000000016
1.0111e-08,0.05153640000000004
1.0113e-08,0.045790499999999956
1.0115e-08,0.04008009999999995
1.0117e-08,0.03440790000000005
1.0119e-08,0.02877620000000003
1.0121e-08,0.023187199999999963
1.0123e-08,0.017643100000000023
1.0125e-08,0.012145799999999984
1.0127e-08,0.00669720000000007
1.0129e-08,0.0012988999999999917
1.0131e-08,-0.004047499999999982
1.0133e-08,-0.009340400000000026
1.0135e-08,-0.014578699999999944
1.0137e-08,-0.01976089999999997
1.0139e-08,-0.024885900000000016
1.0141e-08,-0.02995290000000006
1.0143e-08,-0.03496070000000007
1.0145e-08,-0.03990850000000001
1.0147e-08,-0.044795600000000046
1.0149e-08,-0.04962129999999998
1.0151e-08,-0.054384999999999906
1.0153e-08,-0.05908610000000003
1.0155e-08,-0.06372440000000001
1.0157e-08,-0.06829930000000006
1.0159e-08,-0.07281059999999995
1.0161e-08,-0.0772581
1.0163e-08,-0.08164159999999998
1.0165e-08,-0.0859609
1.0167e-08,-0.09021610000000002
1.0169e-08,-0.09440720000000002
1.0171e-08,-0.09853420000000002
1.0173e-08,-0.10259699999999994
1.0175e-08,-0.10659620000000003
1.0177e-08,-0.1105315
1.0179e-08,-0.11440349999999999
1.0181e-08,-0.11821229999999994
1.0183e-08,-0.1219581999999999
1.0185e-08,-0.12564160000000002
1.0187e-08,-0.1292628
1.0189e-08,-0.13282229999999995
1.0191e-08,-0.1363204
1.0193e-08,-0.13975769999999998
1.0195e-08,-0.1431346
1.0197e-08,-0.14645149999999996
1.01985e-08,-0.14890020000000004
1.02e-08,-0.1513156
1.02002e-08,-0.15163490000000002
1.02006e-08,-0.15227220000000008
1.02014e-08,-0.15354
1.0203e-08,-0.15604760000000006
1.0205e-08,-0.15913030000000006
1.0207e-08,-0.16215599999999997
1.0209e-08,-0.1651250999999999
1.0211e-08,-0.16803829999999997
1.0213e-08,-0.1708963
1.0215e-08,-0.17369960000000007
1.0217e-08,-0.17644880000000007
1.0219e-08,-0.17914470000000005
1.0221e-08,-0.1817879
1.0223e-08,-0.18437899999999996
1.0225e-08,-0.1869187
1.0227e-08,-0.18940789999999996
1.0229e-08,-0.19184689999999993
1.0231e-08,-0.19423650000000003
1.0233e-08,-0.19657749999999996
1.0235e-08,-0.1988706
1.0237e-08,-0.20111629999999991
1.0239e-08,-0.20331540000000003
1.0241e-08,-0.20546850000000005
1.0243e-08,-0.2075764
1.0245e-08,-0.20963969999999998
1.0247e-08,-0.2116591
1.0249e-08,-0.21363519999999991
1.0251e-08,-0.2155688
1.0253e-08,-0.2174604
1.0255e-08,-0.2193109000000001
1.0257e-08,-0.22112069999999995
1.0259e-08,-0.2228907
1.0261e-08,-0.22462130000000002
1.0263e-08,-0.22631330000000005
1.0265e-08,-0.22796739999999993
1.0267e-08,-0.229584
1.0269e-08,-0.23116400000000004
1.0271e-08,-0.23270780000000002
1.0273e-08,-0.23421619999999999
1.0275e-08,-0.2356897
1.0277e-08,-0.23712900000000003
1.0279e-08,-0.23853460000000004
1.0281e-08,-0.23990699999999998
1.0283e-08,-0.24124709999999994
1.0285e-08,-0.24255519999999997
1.0287e-08,-0.24383199999999994
1.0289e-08,-0.24507809999999997
1.0291e-08,-0.24629390000000007
1.0293e-08,-0.24748009999999998
1.0295e-08,-0.24863710000000006
1.0297e-08,-0.2497657000000001
1.0299e-08,-0.2508661
1.0301e-08,-0.25193909999999997
1.0303e-08,-0.252985
1.0305e-08,-0.25400449999999997
1.0307e-08,-0.25499800000000006
1.0309e-08,-0.2559661000000001
1.0311e-08,-0.25690919999999995
1.0313e-08,-0.2578277
1.0315e-08,-0.25872230000000007
1.0317e-08,-0.25959319999999997
1.0319e-08,-0.2604411
1.0321e-08,-0.2612664
1.0323e-08,-0.2620694
1.0325e-08,-0.2628507
1.0327e-08,-0.2636107
1.0329e-08,-0.2643496999999999
1.0331e-08,-0.2650684000000001
1.0333e-08,-0.265767
1.0335e-08,-0.2664458999999999
1.0337e-08,-0.2671057
1.0339e-08,-0.2677465
1.0341e-08,-0.26836899999999997
1.0343e-08,-0.26897340000000003
1.0345e-08,-0.26956
1.0347e-08,-0.27012939999999996
1.0349e-08,-0.2706818
1.0351e-08,-0.2712177
1.0353e-08,-0.27173729999999996
1.0355e-08,-0.2722409
1.0357e-08,-0.272729
1.0359e-08,-0.2732019
1.0361e-08,-0.27366
1.0363e-08,-0.27410349999999994
1.0365e-08,-0.2745327000000001
1.0367e-08,-0.27494799999999997
1.0369e-08,-0.2753496000000001
1.0371e-08,-0.2757381
1.0373e-08,-0.27611340000000006
1.0375e-08,-0.27647599999999994
1.0377e-08,-0.2768262
1.0379e-08,-0.2771641
1.0381e-08,-0.2774902
1.0383e-08,-0.2778047
1.0385e-08,-0.2781077999999999
1.0387e-08,-0.27839990000000003
1.0389e-08,-0.27868100000000007
1.0391e-08,-0.2789517
1.0393e-08,-0.27921190000000007
1.0395e-08,-0.2794622
1.0397e-08,-0.2797025000000001
1.03985e-08,-0.2798763999999999
1.04e-08,-0.28004510000000005
1.04002e-08,-0.2800671
1.04006e-08,-0.280111
1.04014e-08,-0.28019759999999994
1.0403e-08,-0.28036669999999997
1.0405e-08,-0.28056990000000004
1.0407e-08,-0.2807644
1.0409e-08,-0.28095040000000004
1.0411e-08,-0.2811281
1.0413e-08,-0.2812977
1.0415e-08,-0.2814593000000001
1.0417e-08,-0.28161329999999996
1.0419e-08,-0.2817598
1.0421e-08,-0.281899
1.0423e-08,-0.28203100000000003
1.0425e-08,-0.28215599999999996
1.0427e-08,-0.2822743
1.0429e-08,-0.2823861000000001
1.0431e-08,-0.2824913
1.0433e-08,-0.28259029999999996
1.0435e-08,-0.2826832
1.0437e-08,-0.28277019999999997
1.0439e-08,-0.2828514
1.0441e-08,-0.2829269
1.0443e-08,-0.28299700000000005
1.0445e-08,-0.2830619
1.0447e-08,-0.2831215
1.0449e-08,-0.283176
1.0451e-08,-0.28322559999999997
1.0453e-08,-0.2832705
1.0455e-08,-0.28331090000000003
1.0457e-08,-0.2833466
1.0459e-08,-0.2833781000000001
1.0461e-08,-0.28340529999999997
1.0463e-08,-0.28342829999999997
1.0465e-08,-0.2834474
1.0467e-08,-0.28346250000000006
1.0469e-08,-0.28347389999999995
1.0471e-08,-0.28348169999999995
1.0473e-08,-0.283486
1.0475e-08,-0.28348680000000004
1.0477e-08,-0.2834842000000001
1.0479e-08,-0.28347849999999997
1.0481e-08,-0.28346970000000005
1.0483e-08,-0.2834576999999999
1.0485e-08,-0.28344289999999994
1.0487e-08,-0.2834253
1.0489e-08,-0.2834048
1.0491e-08,-0.28338170000000007
1.0493e-08,-0.28335620000000006
1.0495e-08,-0.28332809999999997
1.0497e-08,-0.2832975
1.0499e-08,-0.28326470000000004
1.0501e-08,-0.2832296999999999
1.0503e-08,-0.28319250000000007
1.0505e-08,-0.2831532
1.0507e-08,-0.2831119000000001
1.0509e-08,-0.2830688
1.0511e-08,-0.2830237
1.0513e-08,-0.2829769
1.0515e-08,-0.2829283
1.0517e-08,-0.2828781
1.0519e-08,-0.2828263
1.0521e-08,-0.28277299999999994
1.0523e-08,-0.2827181999999999
1.0525e-08,-0.28266199999999997
1.0527e-08,-0.2826044999999999
1.0529e-08,-0.2825457
1.0531e-08,-0.2824856
1.0533e-08,-0.2824244
1.0535e-08,-0.282362
1.0537e-08,-0.28229859999999996
1.0539e-08,-0.2822342
1.0541e-08,-0.2821688
1.0543e-08,-0.2821024999999999
1.0545e-08,-0.28203520000000004
1.0547e-08,-0.2819672999999999
1.0549e-08,-0.2818984
1.0551e-08,-0.28182890000000005
1.0553e-08,-0.28175859999999997
1.0555e-08,-0.2816877
1.0557e-08,-0.2816160999999999
1.0559e-08,-0.281544
1.0561e-08,-0.28147140000000004
1.0563e-08,-0.2813981000000001
1.0565e-08,-0.2813245
1.0567e-08,-0.2812504
1.0569e-08,-0.28117590000000003
1.0571e-08,-0.28110099999999993
1.0573e-08,-0.28102589999999994
1.0575e-08,-0.28095040000000004
1.0577e-08,-0.2808746
1.0579e-08,-0.2807986
1.0581e-08,-0.2807223
1.0583e-08,-0.2806459
1.0585e-08,-0.28056939999999997
1.0587e-08,-0.2804926
1.0589e-08,-0.28041569999999993
1.0591e-08,-0.2803388
1.0593e-08,-0.2802618
1.0595e-08,-0.28018470000000006
1.0597e-08,-0.28010769999999996
1.05985e-08,-0.28004989999999996
1.06e-08,-0.27999209999999997
1.06002e-08,-0.2799844
1.06006e-08,-0.2799689000000001
1.06014e-08,-0.27993809999999997
1.0603e-08,-0.27987660000000003
1.0605e-08,-0.2797997000000001
1.0607e-08,-0.27972279999999994
1.0609e-08,-0.27964600000000006
1.0611e-08,-0.2795694000000001
1.0613e-08,-0.27949289999999993
1.0615e-08,-0.27941650000000007
1.0617e-08,-0.27934040000000004
1.0619e-08,-0.2792642999999999
1.0621e-08,-0.27918849999999995
1.0623e-08,-0.2791129
1.0625e-08,-0.2790376
1.0627e-08,-0.2789625
1.0629e-08,-0.27888750000000007
1.0631e-08,-0.278813
1.0633e-08,-0.27873859999999995
1.0635e-08,-0.27866460000000004
1.0637e-08,-0.2785907999999999
1.0639e-08,-0.2785174
1.0641e-08,-0.2784443
1.0643e-08,-0.2783715
1.0645e-08,-0.2782991
1.0647e-08,-0.278227
1.0649e-08,-0.27815519999999994
1.0651e-08,-0.2780838
1.0653e-08,-0.27801279999999995
1.0655e-08,-0.27794220000000003
1.0657e-08,-0.277872
1.0659e-08,-0.27780209999999994
1.0661e-08,-0.27773270000000005
1.0663e-08,-0.27766370000000007
1.0665e-08,-0.2775951
1.0667e-08,-0.27752679999999996
1.0669e-08,-0.27745909999999996
1.0671e-08,-0.2773918000000001
1.0673e-08,-0.2773249
1.0675e-08,-0.2772584
1.0677e-08,-0.2771924
1.0679e-08,-0.27712670000000006
1.0681e-08,-0.2770616
1.0683e-08,-0.27699699999999994
1.0685e-08,-0.27693270000000003
1.0687e-08,-0.2768689999999999
1.0689e-08,-0.27680570000000004
1.0691e-08,-0.2767429
1.0693e-08,-0.2766805
1.0695e-08,-0.2766187
1.0697e-08,-0.27655719999999995
1.0699e-08,-0.27649630000000003
1.0701e-08,-0.2764358
1.0703e-08,-0.27637579999999995
1.0705e-08,-0.27631629999999996
1.0707e-08,-0.27625730000000004
1.0709e-08,-0.2761987
1.0711e-08,-0.2761407
1.0713e-08,-0.2760830999999999
1.0715e-08,-0.27602590000000005
1.0717e-08,-0.2759693000000001
1.0719e-08,-0.2759132000000001
1.0721e-08,-0.2758575
1.0723e-08,-0.27580230000000006
1.0725e-08,-0.27574770000000004
1.0727e-08,-0.2756934999999999
1.0729e-08,-0.27563970000000004
1.0731e-08,-0.27558650000000007
1.0733e-08,-0.2755337000000001
1.0735e-08,-0.2754814
1.0737e-08,-0.27542959999999994
1.0739e-08,-0.2753783000000001
1.0741e-08,-0.27532730000000005
1.0743e-08,-0.275277
1.0745e-08,-0.275227
1.0747e-08,-0.2751775999999999
1.0749e-08,-0.2751287
1.0751e-08,-0.27508010000000005
1.0753e-08,-0.2750321
1.0755e-08,-0.2749845000000001
1.0757e-08,-0.2749374
1.0759e-08,-0.27489070000000004
1.0761e-08,-0.27484449999999994
1.0763e-08,-0.2747988
1.0765e-08,-0.2747535
1.0767e-08,-0.27470870000000003
1.0769e-08,-0.2746643
1.0771e-08,-0.27462029999999993
1.0773e-08,-0.27457679999999995
1.0775e-08,-0.27453380000000005
1.0777e-08,-0.27449120000000005
1.0779e-08,-0.2744491
1.0781e-08,-0.2744073
1.0783e-08,-0.274366
1.0785e-08,-0.2743251
1.0787e-08,-0.27428470000000005
1.0789e-08,-0.2742447
1.0791e-08,-0.2742051999999999
1.0793e-08,-0.274166
1.0795e-08,-0.2741272
1.0797e-08,-0.2740887999999999
1.07985e-08,-0.2740604000000001
1.08e-08,-0.27403219999999995
1.08002e-08,-0.27402839999999995
1.08006e-08,-0.2740209
1.08014e-08,-0.27400599999999997
1.0803e-08,-0.2739764
1.0805e-08,-0.27393959999999995
1.0807e-08,-0.27390330000000007
1.0809e-08,-0.2738674
1.0811e-08,-0.27383199999999996
1.0813e-08,-0.27379680000000006
1.0815e-08,-0.2737621
1.0817e-08,-0.2737277
1.0819e-08,-0.2736938
1.0821e-08,-0.2736601999999999
1.0823e-08,-0.27362699999999995
1.0825e-08,-0.27359409999999995
1.0827e-08,-0.2735617
1.0829e-08,-0.2735295
1.0831e-08,-0.27349789999999996
1.0833e-08,-0.27346649999999995
1.0835e-08,-0.27343549999999994
1.0837e-08,-0.2734048
1.0839e-08,-0.2733746
1.0841e-08,-0.27334460000000005
1.0843e-08,-0.273315
1.0845e-08,-0.2732858
1.0847e-08,-0.27325679999999997
1.0849e-08,-0.27322820000000003
1.0851e-08,-0.2732
1.0853e-08,-0.27317199999999997
1.0855e-08,-0.27314439999999995
1.0857e-08,-0.27311719999999995
1.0859e-08,-0.27309020000000006
1.0861e-08,-0.27306359999999996
1.0863e-08,-0.27303730000000004
1.0865e-08,-0.27301129999999996
1.0867e-08,-0.2729857
1.0869e-08,-0.27296030000000004
1.0871e-08,-0.2729353
1.0873e-08,-0.27291050000000006
1.0875e-08,-0.27288599999999996
1.0877e-08,-0.27286179999999993
1.0879e-08,-0.2728379000000001
1.0881e-08,-0.27281429999999995
1.0883e-08,-0.27279110000000006
1.0885e-08,-0.272768
1.0887e-08,-0.2727453000000001
1.0889e-08,-0.2727229
1.0891e-08,-0.2727007
1.0893e-08,-0.2726788
1.0895e-08,-0.27265719999999993
1.0897e-08,-0.2726358
1.0899e-08,-0.2726147
1.0901e-08,-0.2725938
1.0903e-08,-0.27257320000000007
1.0905e-08,-0.2725529
1.0907e-08,-0.2725327999999999
1.0909e-08,-0.272513
1.0911e-08,-0.2724934
1.0913e-08,-0.27247409999999994
1.0915e-08,-0.272455
1.0917e-08,-0.27243609999999996
1.0919e-08,-0.2724175
1.0921e-08,-0.27239919999999995
1.0923e-08,-0.27238109999999993
1.0925e-08,-0.27236309999999997
1.0927e-08,-0.27234540000000007
1.0929e-08,-0.272328
1.0931e-08,-0.27231079999999996
1.0933e-08,-0.2722937000000001
1.0935e-08,-0.272277
1.0937e-08,-0.27226039999999996
1.0939e-08,-0.27224400000000004
1.0941e-08,-0.2722278
1.0943e-08,-0.27221189999999995
1.0945e-08,-0.2721962
1.0947e-08,-0.27218049999999994
1.0949e-08,-0.2721652
1.0951e-08,-0.27215010000000006
1.0953e-08,-0.2721352
1.0955e-08,-0.2721205
1.0957e-08,-0.27210579999999995
1.0959e-08,-0.27209150000000004
1.0961e-08,-0.2720773000000001
1.0963e-08,-0.2720633
1.0965e-08,-0.27204949999999994
1.0967e-08,-0.2720359
1.0969e-08,-0.2720224
1.0971e-08,-0.2720091
1.0973e-08,-0.271996
1.0975e-08,-0.27198310000000003
1.0977e-08,-0.27197040000000006
1.0979e-08,-0.2719578
1.0981e-08,-0.27194530000000006
1.0983e-08,-0.27193310000000004
1.0985e-08,-0.2719211
1.0987e-08,-0.27190899999999996
1.0989e-08,-0.2718973
1.0991e-08,-0.2718857
1.0993e-08,-0.27187419999999995
1.0995e-08,-0.2718629
1.0997e-08,-0.2718518000000001
1.09985e-08,-0.2718435
1.1e-08,-0.2718459
1.10002e-08,-0.2718484
1.10006e-08,-0.27185480000000006
1.10014e-08,-0.27187269999999997
1.1003e-08,-0.2719062
1.1005e-08,-0.2718904
1.1007e-08,-0.27174960000000004
1.1009e-08,-0.27143340000000005
1.1011e-08,-0.27090649999999994
1.1013e-08,-0.2701452999999999
1.1015e-08,-0.2691346
1.1017e-08,-0.26786580000000004
1.1019e-08,-0.2663354
1.1021e-08,-0.2645438
1.1023e-08,-0.2624938
1.1025e-08,-0.2601909
1.1027e-08,-0.2576415999999999
1.1029e-08,-0.2548538
1.1031e-08,-0.25183619999999995
1.1033e-08,-0.24859779999999998
1.1035e-08,-0.24514840000000004
1.1037e-08,-0.24149739999999997
1.1039e-08,-0.2376547
1.1041e-08,-0.23363
1.1043e-08,-0.229433
1.1045e-08,-0.22507339999999998
1.1047e-08,-0.2205604
1.1049e-08,-0.2159032999999999
1.1051e-08,-0.2111111
1.1053e-08,-0.20619279999999995
1.1055e-08,-0.20115680000000002
1.1057e-08,-0.19601140000000006
1.1059e-08,-0.19076490000000002
1.1061e-08,-0.18542500000000006
1.1063e-08,-0.17999960000000004
1.1065e-08,-0.17449599999999998
1.1067e-08,-0.1689214
1.1069e-08,-0.1632827
1.1071e-08,-0.15758660000000002
1.1073e-08,-0.15183990000000003
1.1075e-08,-0.14604859999999997
1.1077e-08,-0.14021879999999998
1.1079e-08,-0.1343565
1.1081e-08,-0.1284672
1.1083e-08,-0.12255640000000001
1.1085e-08,-0.11662919999999999
1.1087e-08,-0.11069060000000008
1.1089e-08,-0.1047456
1.1091e-08,-0.09879859999999996
1.1093e-08,-0.0928542
1.1095e-08,-0.0869164
1.1097e-08,-0.08098929999999993
1.1099e-08,-0.0750769
1.1101e-08,-0.06918279999999999
1.1103e-08,-0.06331030000000004
1.1105e-08,-0.05746300000000004
1.1107e-08,-0.051643900000000076
1.1109e-08,-0.045856099999999955
1.1111e-08,-0.04010220000000009
1.1113e-08,-0.03438510000000006
1.1115e-08,-0.028707199999999933
1.1117e-08,-0.023071000000000064
1.1119e-08,-0.017478500000000063
1.1121e-08,-0.011932000000000054
1.1123e-08,-0.006433299999999975
1.1125e-08,-0.0009843999999999964
1.1127e-08,0.004413200000000006
1.1129e-08,0.00975769999999998
1.1131e-08,0.01504799999999995
1.1133e-08,0.020282299999999975
1.1135e-08,0.025459699999999974
1.1137e-08,0.030578999999999912
1.1139e-08,0.035639100000000035
1.1141e-08,0.040639199999999986
1.1143e-08,0.04557840000000002
1.1145e-08,0.05045580000000005
1.1147e-08,0.05527099999999996
1.1149e-08,0.06002339999999995
1.1151e-08,0.0647124
1.1153e-08,0.0693376
1.1155e-08,0.07389859999999993
1.1157e-08,0.07839530000000006
1.1159e-08,0.08282729999999994
1.1161e-08,0.08719460000000001
1.1163e-08,0.0914971
1.1165e-08,0.09573469999999995
1.1167e-08,0.09990739999999998
1.1169e-08,0.10401539999999998
1.1171e-08,0.1080586
1.1173e-08,0.11203740000000006
1.1175e-08,0.11595200000000006
1.1177e-08,0.11980239999999998
1.1179e-08,0.12358919999999995
1.1181e-08,0.12731250000000005
1.1183e-08,0.1309728
1.1185e-08,0.13457050000000004
1.1187e-08,0.13810580000000006
1.1189e-08,0.1415793999999999
1.1191e-08,0.1449916000000001
1.1193e-08,0.148343
1.1195e-08,0.1516341
1.1197e-08,0.15486540000000004
1.11985e-08,0.15725
1.12e-08,0.15960130000000006
1.12002e-08,0.1599128999999999
1.12006e-08,0.16053669999999998
1.12014e-08,0.16178749999999997
1.1203e-08,0.16427559999999997
1.1205e-08,0.16729990000000006
1.1207e-08,0.1701591
1.1209e-08,0.17279540000000004
1.1211e-08,0.1751684
1.1213e-08,0.1772511
1.1215e-08,0.17902629999999997
1.1217e-08,0.1804846
1.1219e-08,0.18162230000000001
1.1221e-08,0.18244000000000005
1.1223e-08,0.1829419
1.1225e-08,0.18313400000000002
1.1227e-08,0.18302439999999998
1.1229e-08,0.18262240000000007
1.1231e-08,0.18193820000000005
1.1233e-08,0.18098230000000004
1.1235e-08,0.17976579999999998
1.1237e-08,0.1782998
1.1239e-08,0.17659539999999996
1.1241e-08,0.17466359999999992
1.1243e-08,0.17251569999999994
1.1245e-08,0.17016200000000004
1.1247e-08,0.16761320000000002
1.1249e-08,0.16487949999999996
1.1251e-08,0.1619710000000001
1.1253e-08,0.15889730000000002
1.1255e-08,0.15566770000000008
1.1257e-08,0.15229159999999997
1.1259e-08,0.14877760000000007
1.1261e-08,0.14513429999999994
1.1263e-08,0.14137010000000005
1.1265e-08,0.13749279999999997
1.1267e-08,0.13351009999999996
1.1269e-08,0.12942979999999993
1.1271e-08,0.1252588
1.1273e-08,0.12100409999999995
1.1275e-08,0.11667240000000001
1.1277e-08,0.11227019999999999
1.1279e-08,0.1078038
1.1281e-08,0.10327910000000007
1.1283e-08,0.09870190000000001
1.1285e-08,0.09407769999999993
1.1287e-08,0.08941200000000005
1.1289e-08,0.08470979999999995
1.1291e-08,0.0799763
1.1293e-08,0.0752159
1.1295e-08,0.07043350000000004
1.1297e-08,0.06563319999999995
1.1299e-08,0.06081930000000002
1.1301e-08,0.05599579999999993
1.1303e-08,0.051166500000000004
1.1305e-08,0.04633529999999997
1.1307e-08,0.041505400000000026
1.1309e-08,0.0366803
1.1311e-08,0.03186319999999998
1.1313e-08,0.027057100000000056
1.1315e-08,0.022264799999999974
1.1317e-08,0.017489199999999983
1.1319e-08,0.012732899999999936
1.1321e-08,0.007998300000000014
1.1323e-08,0.0032877000000000045
1.1325e-08,-0.00139659999999997
1.1327e-08,-0.006052500000000016
1.1329e-08,-0.010678000000000076
1.1331e-08,-0.015271399999999935
1.1333e-08,-0.019830899999999985
1.1335e-08,-0.02435469999999995
1.1337e-08,-0.028841400000000017
1.1339e-08,-0.03328969999999998
1.1341e-08,-0.03769810000000007
1.1343e-08,-0.04206540000000003
1.1345e-08,-0.046390400000000054
1.1347e-08,-0.050672199999999945
1.1349e-08,-0.05490969999999995
1.1351e-08,-0.05910199999999999
1.1353e-08,-0.06324830000000004
1.1355e-08,-0.06734799999999996
1.1357e-08,-0.07140029999999997
1.1359e-08,-0.07540449999999999
1.1361e-08,-0.0793604
1.1363e-08,-0.08326719999999999
1.1365e-08,-0.0871246
1.1367e-08,-0.09093240000000002
1.1369e-08,-0.09469000000000005
1.1371e-08,-0.09839739999999997
1.1373e-08,-0.10205430000000004
1.1375e-08,-0.1056606
1.1377e-08,-0.10921619999999999
1.1379e-08,-0.11272110000000002
1.1381e-08,-0.11617510000000009
1.1383e-08,-0.11957839999999997
1.1385e-08,-0.12293109999999996
1.1387e-08,-0.12623300000000004
1.1389e-08,-0.12948460000000006
1.1391e-08,-0.13268580000000008
1.1393e-08,-0.13583679999999998
1.1395e-08,-0.13893809999999995
1.1397e-08,-0.1419895000000001
1.13985e-08,-0.14424570000000003
1.14e-08,-0.14648480000000008
1.14002e-08,-0.14678310000000006
1.14006e-08,-0.14737999999999996
1.14014e-08,-0.14857330000000002
1.1403e-08,-0.15093260000000008
1.1405e-08,-0.15377620000000003
1.1407e-08,-0.15643950000000006
1.1409e-08,-0.15887130000000005
1.1411e-08,-0.16103579999999995
1.1413e-08,-0.16290919999999998
1.1415e-08,-0.16447690000000004
1.1417e-08,-0.16573149999999992
1.1419e-08,-0.16667090000000007
1.1421e-08,-0.16729660000000002
1.1423e-08,-0.16761340000000002
1.1425e-08,-0.16762809999999995
1.1427e-08,-0.16734919999999998
1.1429e-08,-0.16678609999999994
1.1431e-08,-0.16594920000000002
1.1433e-08,-0.16484900000000002
1.1435e-08,-0.16349670000000005
1.1437e-08,-0.16190320000000002
1.1439e-08,-0.1600798
1.1441e-08,-0.15803730000000005
1.1443e-08,-0.15578669999999994
1.1445e-08,-0.15333850000000004
1.1447e-08,-0.15070320000000004
1.1449e-08,-0.14789089999999994
1.1451e-08,-0.14491140000000002
1.1453e-08,-0.14177419999999996
1.1455e-08,-0.1384886999999999
1.1457e-08,-0.13506379999999996
1.1459e-08,-0.1315082999999999
1.1461e-08,-0.12783060000000002
1.1463e-08,-0.1240386
1.1465e-08,-0.12014029999999998
1.1467e-08,-0.1161433999999999
1.1469e-08,-0.11205509999999996
1.1471e-08,-0.10788229999999999
1.1473e-08,-0.10363199999999995
1.1475e-08,-0.09931089999999998
1.1477e-08,-0.09492490000000009
1.1479e-08,-0.09048030000000007
1.1481e-08,-0.08598300000000003
1.1483e-08,-0.08143850000000008
1.1485e-08,-0.0768523000000001
1.1487e-08,-0.0722296
1.1489e-08,-0.06757540000000006
1.1491e-08,-0.06289429999999996
1.1493e-08,-0.05819110000000005
1.1495e-08,-0.053470099999999965
1.1497e-08,-0.04873570000000005
1.1499e-08,-0.04399169999999997
1.1501e-08,-0.039242
1.1503e-08,-0.03449040000000003
1.1505e-08,-0.0297404
1.1507e-08,-0.024995199999999995
1.1509e-08,-0.020258100000000057
1.1511e-08,-0.015532199999999996
1.1513e-08,-0.010820199999999947
1.1515e-08,-0.006125199999999942
1.1517e-08,-0.001449400000000045
1.1519e-08,0.0032044999999999435
1.1521e-08,0.007834300000000072
1.1523e-08,0.012437599999999938
1.1525e-08,0.017012499999999986
1.1527e-08,0.02155689999999999
1.1529e-08,0.026069099999999956
1.1531e-08,0.030547199999999997
1.1533e-08,0.03498979999999996
1.1535e-08,0.039395199999999964
1.1537e-08,0.043762100000000026
1.1539e-08,0.048089099999999996
1.1541e-08,0.05237500000000006
1.1543e-08,0.05661869999999991
1.1545e-08,0.06081919999999996
1.1547e-08,0.06497540000000002
1.1549e-08,0.0690866
1.1551e-08,0.07315190000000005
1.1553e-08,0.07717050000000003
1.1555e-08,0.08114199999999994
1.1557e-08,0.08506559999999996
1.1559e-08,0.08894080000000004
1.1561e-08,0.09276720000000005
1.1563e-08,0.09654439999999997
1.1565e-08,0.10027199999999992
1.1567e-08,0.10394990000000004
1.1569e-08,0.1075777
1.1571e-08,0.11115520000000001
1.1573e-08,0.11468250000000002
1.1575e-08,0.11815920000000002
1.1577e-08,0.12158540000000007
1.1579e-08,0.1249612
1.1581e-08,0.12828649999999997
1.1583e-08,0.13156140000000005
1.1585e-08,0.13478599999999996
1.1587e-08,0.13796050000000004
1.1589e-08,0.14108500000000002
1.1591e-08,0.1441597
1.1593e-08,0.14718490000000006
1.1595e-08,0.15016079999999998
1.1597e-08,0.1530876
1.15985e-08,0.1552507999999999
1.16e-08,0.15738659999999993
1.16002e-08,0.15766899999999995
1.16006e-08,0.15823300000000007
1.16014e-08,0.15935519999999992
1.1603e-08,0.16157670000000002
1.1605e-08,0.16431059999999997
1.1607e-08,0.16699719999999996
1.1609e-08,0.16963700000000004
1.1611e-08,0.1722302
1.1613e-08,0.1747772999999999
1.1615e-08,0.1772786999999999
1.1617e-08,0.17973489999999992
1.1619e-08,0.18214619999999992
1.1621e-08,0.1845133
1.1623e-08,0.18683649999999996
1.1625e-08,0.18911640000000007
1.1627e-08,0.1913534
1.1629e-08,0.19354799999999994
1.1631e-08,0.1957008
1.1633e-08,0.19781209999999994
1.1635e-08,0.19988249999999996
1.1637e-08,0.2019128
1.1639e-08,0.2039031
1.1641e-08,0.20585399999999998
1.1643e-08,0.20776629999999996
1.1645e-08,0.20964020000000005
1.1647e-08,0.2114764
1.1649e-08,0.21327529999999995
1.1651e-08,0.21503760000000005
1.1653e-08,0.2167637
1.1655e-08,0.21845399999999993
1.1657e-08,0.2201094
1.1659e-08,0.22173009999999993
1.1661e-08,0.22331659999999998
1.1663e-08,0.2248696
1.1665e-08,0.22638950000000002
1.1667e-08,0.22787690000000005
1.1669e-08,0.22933219999999999
1.1671e-08,0.23075599999999996
1.1673e-08,0.23214869999999999
1.1675e-08,0.23351089999999997
1.1677e-08,0.23484300000000002
1.1679e-08,0.23614559999999996
1.1681e-08,0.2374191
1.1683e-08,0.238664
1.1685e-08,0.2398808
1.1687e-08,0.24107
1.1689e-08,0.24223190000000006
1.1691e-08,0.24336729999999995
1.1693e-08,0.2444763000000001
1.1695e-08,0.2455596
1.1697e-08,0.24661749999999993
1.1699e-08,0.2476505
1.1701e-08,0.24865920000000008
1.1703e-08,0.2496436999999999
1.1705e-08,0.25060460000000007
1.1707e-08,0.2515425
1.1709e-08,0.25245759999999995
1.1711e-08,0.25335030000000003
1.1713e-08,0.25422120000000004
1.1715e-08,0.25507060000000004
1.1717e-08,0.2558988
1.1719e-08,0.25670630000000005
1.1721e-08,0.2574936
1.1723e-08,0.2582608999999999
1.1725e-08,0.2590085
1.1727e-08,0.259737
1.1729e-08,0.2604468
1.1731e-08,0.261138
1.1733e-08,0.2618111000000001
1.1735e-08,0.26246650000000005
1.1737e-08,0.26310449999999996
1.1739e-08,0.26372550000000006
1.1741e-08,0.26432960000000005
1.1743e-08,0.26491750000000003
1.1745e-08,0.26548929999999993
1.1747e-08,0.26604530000000004
1.1749e-08,0.26658590000000004
1.1751e-08,0.2671114
1.1753e-08,0.2676221
1.1755e-08,0.2681184
1.1757e-08,0.2686005
1.1759e-08,0.26906850000000004
1.1761e-08,0.2695231
1.1763e-08,0.26996430000000005
1.1765e-08,0.2703924000000001
1.1767e-08,0.27080779999999993
1.1769e-08,0.27121059999999997
1.1771e-08,0.2716012
1.1773e-08,0.2719798
1.1775e-08,0.2723468
1.1777e-08,0.2727022
1.1779e-08,0.2730463999999999
1.1781e-08,0.27337960000000006
1.1783e-08,0.2737022
1.1785e-08,0.2740142
1.1787e-08,0.274316
1.1789e-08,0.2746077
1.1791e-08,0.27488959999999996
1.1793e-08,0.2751617999999999
1.1795e-08,0.2754248
1.1797e-08,0.2756786
1.17985e-08,0.27586299999999997
1.18e-08,0.2760424
1.18002e-08,0.2760659000000001
1.18006e-08,0.27611279999999994
1.18014e-08,0.2762055
1.1803e-08,0.2763867
1.1805e-08,0.27660589999999996
1.1807e-08,0.27681690000000003
1.1809e-08,0.2770199
1.1811e-08,0.27721509999999994
1.1813e-08,0.2774027
1.1815e-08,0.2775829000000001
1.1817e-08,0.2777558
1.1819e-08,0.27792170000000005
1.1821e-08,0.27808070000000007
1.1823e-08,0.2782329
1.1825e-08,0.2783785999999999
1.1827e-08,0.2785179
1.1829e-08,0.27865090000000003
1.1831e-08,0.2787778000000001
1.1833e-08,0.2788988
1.1835e-08,0.27901390000000004
1.1837e-08,0.2791234
1.1839e-08,0.2792274
1.1841e-08,0.2793261
1.1843e-08,0.27941950000000004
1.1845e-08,0.2795078
1.1847e-08,0.2795911
1.1849e-08,0.2796697
1.1851e-08,0.27974350000000003
1.1853e-08,0.2798127
1.1855e-08,0.27987739999999994
1.1857e-08,0.2799379000000001
1.1859e-08,0.27999399999999997
1.1861e-08,0.28004609999999996
1.1863e-08,0.28009419999999996
1.1865e-08,0.28013830000000006
1.1867e-08,0.2801787
1.1869e-08,0.2802154
1.1871e-08,0.28024859999999996
1.1873e-08,0.2802783
1.1875e-08,0.28030450000000007
1.1877e-08,0.2803276
1.1879e-08,0.2803474
1.1881e-08,0.2803641
1.1883e-08,0.28037790000000007
1.1885e-08,0.28038869999999994
1.1887e-08,0.28039670000000005
1.1889e-08,0.2804019
1.1891e-08,0.2804046
1.1893e-08,0.2804046
1.1895e-08,0.28040220000000005
1.1897e-08,0.28039729999999996
1.1899e-08,0.2803901
1.1901e-08,0.2803806
1.1903e-08,0.28036890000000003
1.1905e-08,0.2803552
1.1907e-08,0.28033929999999996
1.1909e-08,0.28032140000000005
1.1911e-08,0.2803017
1.1913e-08,0.28028010000000003
1.1915e-08,0.28025659999999997
1.1917e-08,0.2802315999999999
1.1919e-08,0.2802047
1.1921e-08,0.28017629999999993
1.1923e-08,0.28014629999999996
1.1925e-08,0.2801148000000001
1.1927e-08,0.28008199999999994
1.1929e-08,0.2800477
1.1931e-08,0.2800121
1.1933e-08,0.2799750999999999
1.1935e-08,0.279937
1.1937e-08,0.2798976999999999
1.1939e-08,0.27985720000000003
1.1941e-08,0.2798157
1.1943e-08,0.2797731
1.1945e-08,0.2797295000000001
1.1947e-08,0.2796850000000001
1.1949e-08,0.27963950000000004
1.1951e-08,0.2795932000000001
1.1953e-08,0.27954600000000007
1.1955e-08,0.27949789999999997
1.1957e-08,0.27944920000000006
1.1959e-08,0.2793998
1.1961e-08,0.2793496
1.1963e-08,0.2792989
1.1965e-08,0.2792475
1.1967e-08,0.27919550000000004
1.1969e-08,0.27914300000000003
1.1971e-08,0.2790899
1.1973e-08,0.27903639999999996
1.1975e-08,0.27898239999999996
1.1977e-08,0.2789279
1.1979e-08,0.2788731
1.1981e-08,0.27881790000000006
1.1983e-08,0.2787623
1.1985e-08,0.2787065000000001
1.1987e-08,0.2786503
1.1989e-08,0.2785938
1.1991e-08,0.27853719999999993
1.1993e-08,0.27848019999999996
1.1995e-08,0.2784232
1.1997e-08,0.27836589999999994
1.19985e-08,0.27832290000000004
1.2e-08,0.2782796999999999
1.20002e-08,0.2782739000000001
1.20006e-08,0.2782624
1.20014e-08,0.27823929999999997
1.2003e-08,0.27819320000000003
1.2005e-08,0.27813540000000003
1.2007e-08,0.2780775
1.2009e-08,0.2780195
1.2011e-08,0.27796160000000003
1.2013e-08,0.2779035999999999
1.2015e-08,0.2778456
1.2017e-08,0.2777876
1.2019e-08,0.2777296
1.2021e-08,0.2776716
1.2023e-08,0.2776138
1.2025e-08,0.277556
1.2027e-08,0.27749820000000003
1.2029e-08,0.2774405999999999
1.2031e-08,0.27738300000000005
1.2033e-08,0.27732560000000006
1.2035e-08,0.2772683
1.2037e-08,0.27721109999999993
1.2039e-08,0.27715409999999996
1.2041e-08,0.2770973
1.2043e-08,0.2770406999999999
1.2045e-08,0.27698430000000007
1.2047e-08,0.2769279
1.2049e-08,0.27687189999999995
1.2051e-08,0.2768161
1.2053e-08,0.27676029999999996
1.2055e-08,0.27670490000000003
1.2057e-08,0.2766497
1.2059e-08,0.2765949
1.2061e-08,0.27654009999999996
1.2063e-08,0.27648569999999995
1.2065e-08,0.2764316
1.2067e-08,0.27637769999999995
1.2069e-08,0.27632409999999996
1.2071e-08,0.2762707999999999
1.2073e-08,0.27621780000000007
1.2075e-08,0.276165
1.2077e-08,0.27611260000000004
1.2079e-08,0.27606049999999993
1.2081e-08,0.2760087
1.2083e-08,0.2759572
1.2085e-08,0.275906
1.2087e-08,0.2758551
1.2089e-08,0.2758045
1.2091e-08,0.2757543
1.2093e-08,0.27570439999999996
1.2095e-08,0.2756548999999999
1.2097e-08,0.27560570000000006
1.2099e-08,0.27555680000000005
1.2101e-08,0.27550830000000004
1.2103e-08,0.2754601
1.2105e-08,0.27541230000000005
1.2107e-08,0.2753648000000001
1.2109e-08,0.27531760000000005
1.2111e-08,0.2752709
1.2113e-08,0.2752243999999999
1.2115e-08,0.27517839999999993
1.2117e-08,0.2751327
1.2119e-08,0.2750874
1.2121e-08,0.2750423000000001
1.2123e-08,0.27499779999999996
1.2125e-08,0.2749535000000001
1.2127e-08,0.2749096
1.2129e-08,0.27486600000000005
1.2131e-08,0.2748229
1.2133e-08,0.2747799999999999
1.2135e-08,0.2747375999999999
1.2137e-08,0.2746955
1.2139e-08,0.27465379999999995
1.2141e-08,0.2746124
1.2143e-08,0.2745714
1.2145e-08,0.2745307
1.2147e-08,0.2744904
1.2149e-08,0.27445050000000004
1.2151e-08,0.27441099999999996
1.2153e-08,0.27437179999999994
1.2155e-08,0.27433299999999994
1.2157e-08,0.27429460000000006
1.2159e-08,0.27425640000000007
1.2161e-08,0.27421870000000004
1.2163e-08,0.2741812
1.2165e-08,0.27414420000000006
1.2167e-08,0.27410749999999995
1.2169e-08,0.27407119999999996
1.2171e-08,0.2740351999999999
1.2173e-08,0.27399949999999995
1.2175e-08,0.27396429999999994
1.2177e-08,0.27392930000000004
1.2179e-08,0.2738946
1.2181e-08,0.2738604
1.2183e-08,0.2738265
1.2185e-08,0.2737929
1.2187e-08,0.27375970000000005
1.2189e-08,0.27372679999999994
1.2191e-08,0.2736942
1.2193e-08,0.27366200000000007
1.2195e-08,0.27362999999999993
1.2197e-08,0.27359849999999997
1.21985e-08,0.273575
1.22e-08,0.2735517999999999
1.22002e-08,0.27354940000000005
1.22006e-08,0.2735468000000001
1.22014e-08,0.27355169999999995
1.2203e-08,0.27357680000000006
1.2205e-08,0.2735773
1.2207e-08,0.27347509999999997
1.2209e-08,0.27321359999999995
1.2211e-08,0.2727526
1.2213e-08,0.27206450000000004
1.2215e-08,0.2711317
1.2217e-08,0.26994319999999994
1.2219e-08,0.26849410000000007
1.2221e-08,0.2667834
1.2223e-08,0.2648131
1.2225e-08,0.26258780000000004
1.2227e-08,0.26011380000000006
1.2229e-08,0.2573983999999999
1.2231e-08,0.25444999999999995
1.2233e-08,0.25127770000000005
1.2235e-08,0.24789080000000008
1.2237e-08,0.24429889999999999
1.2239e-08,0.24051180000000005
1.2241e-08,0.2365393
1.2243e-08,0.23239109999999996
1.2245e-08,0.22807659999999996
1.2247e-08,0.22360539999999995
1.2249e-08,0.21898689999999998
1.2251e-08,0.21423000000000003
1.2253e-08,0.20934379999999997
1.2255e-08,0.20433670000000004
1.2257e-08,0.1992174000000001
1.2259e-08,0.19399389999999994
1.2261e-08,0.18867430000000007
1.2263e-08,0.18326620000000005
1.2265e-08,0.17777730000000003
1.2267e-08,0.17221470000000005
1.2269e-08,0.16658570000000006
1.2271e-08,0.16089680000000006
1.2273e-08,0.15515479999999993
1.2275e-08,0.14936589999999994
1.2277e-08,0.1435364
1.2279e-08,0.13767220000000002
1.2281e-08,0.13177899999999998
1.2283e-08,0.12586240000000004
1.2285e-08,0.11992749999999996
1.2287e-08,0.11397939999999995
1.2289e-08,0.1080232000000001
1.2291e-08,0.10206329999999997
1.2293e-08,0.09610450000000004
1.2295e-08,0.09015079999999998
1.2297e-08,0.08420630000000007
1.2299e-08,0.07827519999999999
1.2301e-08,0.07236110000000007
1.2303e-08,0.06646759999999996
1.2305e-08,0.060597800000000035
1.2307e-08,0.05475540000000001
1.2309e-08,0.04894310000000002
1.2311e-08,0.043163800000000085
1.2313e-08,0.03742040000000002
1.2315e-08,0.03171539999999995
1.2317e-08,0.0260513
1.2319e-08,0.020430199999999954
1.2321e-08,0.014854399999999934
1.2323e-08,0.00932580000000005
1.2325e-08,0.003846499999999975
1.2327e-08,-0.0015820999999999197
1.2329e-08,-0.0069582000000000255
1.2331e-08,-0.012280199999999963
1.2333e-08,-0.01754689999999992
1.2335e-08,-0.02275679999999991
1.2337e-08,-0.02790899999999996
1.2339e-08,-0.03300230000000004
1.2341e-08,-0.038035700000000006
1.2343e-08,-0.04300839999999995
1.2345e-08,-0.04791960000000006
1.2347e-08,-0.0527687
1.2349e-08,-0.05755480000000002
1.2351e-08,-0.06227779999999994
1.2353e-08,-0.06693689999999997
1.2355e-08,-0.07153190000000009
1.2357e-08,-0.07606250000000003
1.2359e-08,-0.0805285
1.2361e-08,-0.08492959999999994
1.2363e-08,-0.08926590000000001
1.2365e-08,-0.09353700000000009
1.2367e-08,-0.09774320000000003
1.2369e-08,-0.10188439999999999
1.2371e-08,-0.10596090000000002
1.2373e-08,-0.10997270000000003
1.2375e-08,-0.11392000000000002
1.2377e-08,-0.11780299999999999
1.2379e-08,-0.12162209999999996
1.2381e-08,-0.12537739999999997
1.2383e-08,-0.1290696
1.2385e-08,-0.13269870000000006
1.2387e-08,-0.13626539999999998
1.2389e-08,-0.13977000000000006
1.2391e-08,-0.14321289999999998
1.2393e-08,-0.14659469999999997
1.2395e-08,-0.14991580000000004
1.2397e-08,-0.15317690000000006
1.23985e-08,-0.15558360000000004
1.24e-08,-0.15795689999999996
1.24002e-08,-0.15827060000000004
1.24006e-08,-0.1588967
1.24014e-08,-0.16014189999999995
1.2403e-08,-0.16260450000000004
1.2405e-08,-0.16563089999999991
1.2407e-08,-0.16860010000000003
1.2409e-08,-0.17151280000000002
1.2411e-08,-0.17436969999999996
1.2413e-08,-0.17717119999999997
1.2415e-08,-0.17991810000000008
1.2417e-08,-0.18261099999999997
1.2419e-08,-0.18525060000000004
1.2421e-08,-0.18783780000000005
1.2423e-08,-0.1903728
1.2425e-08,-0.1928567
1.2427e-08,-0.19529010000000002
1.2429e-08,-0.19767350000000006
1.2431e-08,-0.20000779999999996
1.2433e-08,-0.20229360000000007
1.2435e-08,-0.20453169999999998
1.2437e-08,-0.20672259999999998
1.2439e-08,-0.20886720000000003
1.2441e-08,-0.2109660000000001
1.2443e-08,-0.21301979999999998
1.2445e-08,-0.21502940000000004
1.2447e-08,-0.21699519999999994
1.2449e-08,-0.2189181
1.2451e-08,-0.22079870000000001
1.2453e-08,-0.2226378
1.2455e-08,-0.22443570000000002
1.2457e-08,-0.2261936
1.2459e-08,-0.2279118
1.2461e-08,-0.229591
1.2463e-08,-0.23123189999999993
1.2465e-08,-0.23283520000000002
1.2467e-08,-0.23440139999999998
1.2469e-08,-0.23593129999999995
1.2471e-08,-0.2374254
1.2473e-08,-0.23888430000000005
1.2475e-08,-0.2403088
1.2477e-08,-0.24169929999999995
1.2479e-08,-0.2430565
1.2481e-08,-0.24438110000000002
1.2483e-08,-0.2456735
1.2485e-08,-0.2469342000000001
1.2487e-08,-0.24816420000000006
1.2489e-08,-0.24936360000000002
1.2491e-08,-0.2505331999999999
1.2493e-08,-0.2516735
1.2495e-08,-0.25278520000000004
1.2497e-08,-0.2538686
1.2499e-08,-0.25492440000000005
1.2501e-08,-0.25595290000000004
1.2503e-08,-0.2569549
1.2505e-08,-0.25793070000000007
1.2507e-08,-0.25888100000000003
1.2509e-08,-0.25980609999999993
1.2511e-08,-0.2607065999999999
1.2513e-08,-0.26158309999999996
1.2515e-08,-0.26243570000000005
1.2517e-08,-0.2632652
1.2519e-08,-0.2640720999999999
1.2521e-08,-0.2648566
1.2523e-08,-0.2656193
1.2525e-08,-0.2663605
1.2527e-08,-0.267081
1.2529e-08,-0.26778080000000004
1.2531e-08,-0.26846040000000004
1.2533e-08,-0.2691205
1.2535e-08,-0.2697613000000001
1.2537e-08,-0.27038319999999993
1.2539e-08,-0.27098659999999997
1.2541e-08,-0.2715717999999999
1.2543e-08,-0.27213940000000003
1.2545e-08,-0.2726896
1.2547e-08,-0.2732228
1.2549e-08,-0.2737395
1.2551e-08,-0.2742399
1.2553e-08,-0.27472430000000003
1.2555e-08,-0.2751933
1.2557e-08,-0.2756470000000001
1.2559e-08,-0.2760859
1.2561e-08,-0.2765101
1.2563e-08,-0.27692019999999995
1.2565e-08,-0.27731629999999996
1.2567e-08,-0.2776988
1.2569e-08,-0.27806809999999993
1.2571e-08,-0.27842429999999996
1.2573e-08,-0.2787678
1.2575e-08,-0.2790988999999999
1.2577e-08,-0.2794179
1.2579e-08,-0.27972509999999995
1.2581e-08,-0.28002059999999995
1.2583e-08,-0.2803048
1.2585e-08,-0.280578
1.2587e-08,-0.2808404
1.2589e-08,-0.28109229999999996
1.2591e-08,-0.2813339
1.2593e-08,-0.28156559999999997
1.2595e-08,-0.2817873000000001
1.2597e-08,-0.2819994
1.25985e-08,-0.2821524999999999
1.26e-08,-0.2823004
1.26002e-08,-0.2823196
1.26006e-08,-0.282358
1.26014e-08,-0.2824337
1.2603e-08,-0.28258099999999997
1.2605e-08,-0.28275719999999993
1.2607e-08,-0.28292510000000004
1.2609e-08,-0.2830845999999999
1.2611e-08,-0.2832361
1.2613e-08,-0.2833799
1.2615e-08,-0.283516
1.2617e-08,-0.28364469999999997
1.2619e-08,-0.2837661
1.2621e-08,-0.2838805
1.2623e-08,-0.283988
1.2625e-08,-0.28408880000000003
1.2627e-08,-0.2841831
1.2629e-08,-0.2842711
1.2631e-08,-0.2843529
1.2633e-08,-0.28442860000000003
1.2635e-08,-0.28449859999999993
1.2637e-08,-0.28456290000000006
1.2639e-08,-0.2846215999999999
1.2641e-08,-0.284675
1.2643e-08,-0.2847231
1.2645e-08,-0.2847661
1.2647e-08,-0.28480419999999995
1.2649e-08,-0.2848376
1.2651e-08,-0.28486619999999996
1.2653e-08,-0.2848904000000001
1.2655e-08,-0.28491009999999994
1.2657e-08,-0.2849256
1.2659e-08,-0.28493690000000005
1.2661e-08,-0.28494430000000004
1.2663e-08,-0.2849477
1.2665e-08,-0.28494739999999996
1.2667e-08,-0.28494339999999996
1.2669e-08,-0.28493579999999996
1.2671e-08,-0.2849248
1.2673e-08,-0.28491049999999996
1.2675e-08,-0.28489299999999995
1.2677e-08,-0.2848723000000001
1.2679e-08,-0.28484870000000007
1.2681e-08,-0.284822
1.2683e-08,-0.2847927
1.2685e-08,-0.2847605999999999
1.2687e-08,-0.2847257999999999
1.2689e-08,-0.2846885
1.2691e-08,-0.2846487
1.2693e-08,-0.28460659999999993
1.2695e-08,-0.2845622000000001
1.2697e-08,-0.28451550000000003
1.2699e-08,-0.2844668
1.2701e-08,-0.284416
1.2703e-08,-0.2843633
1.2705e-08,-0.28430869999999997
1.2707e-08,-0.28425219999999995
1.2709e-08,-0.28419400000000006
1.2711e-08,-0.28413410000000006
1.2713e-08,-0.2840726
1.2715e-08,-0.2840096000000001
1.2717e-08,-0.2839449999999999
1.2719e-08,-0.28387909999999994
1.2721e-08,-0.2838119
1.2723e-08,-0.2837432999999999
1.2725e-08,-0.28367339999999996
1.2727e-08,-0.2836025
1.2729e-08,-0.2835303
1.2731e-08,-0.2834571
1.2733e-08,-0.28338299999999994
1.2735e-08,-0.28330770000000005
1.2737e-08,-0.2832317
1.2739e-08,-0.2831547000000001
1.2741e-08,-0.283077
1.2743e-08,-0.2829984
1.2745e-08,-0.2829191999999999
1.2747e-08,-0.2828393
1.2749e-08,-0.28275870000000003
1.2751e-08,-0.2826775
1.2753e-08,-0.28259579999999995
1.2755e-08,-0.28251360000000003
1.2757e-08,-0.2824308
1.2759e-08,-0.28234760000000003
1.2761e-08,-0.28226399999999996
1.2763e-08,-0.28218009999999993
1.2765e-08,-0.2820958
1.2767e-08,-0.2820112
1.2769e-08,-0.2819264
1.2771e-08,-0.28184129999999996
1.2773e-08,-0.281756
1.2775e-08,-0.28167049999999993
1.2777e-08,-0.2815848000000001
1.2779e-08,-0.2814991
1.2781e-08,-0.2814133
1.2783e-08,-0.28132730000000006
1.2785e-08,-0.2812413
1.2787e-08,-0.28115539999999994
1.2789e-08,-0.2810694
1.2791e-08,-0.28098349999999994
1.2793e-08,-0.28089759999999997
1.2795e-08,-0.28081179999999994
1.2797e-08,-0.2807259999999999
1.27985e-08,-0.28066179999999996
1.28e-08,-0.28060830000000003
1.28002e-08,-0.28060320000000005
1.28006e-08,-0.2805947
1.28014e-08,-0.2805829000000001
1.2803e-08,-0.2805569
1.2805e-08,-0.2804672
1.2807e-08,-0.28025330000000004
1.2809e-08,-0.27986500000000003
1.2811e-08,-0.27926719999999994
1.2813e-08,-0.27843629999999997
1.2815e-08,-0.2773572000000001
1.2817e-08,-0.2760212999999999
1.2819e-08,-0.27442500000000003
1.2821e-08,-0.27256859999999994
1.2823e-08,-0.27045509999999995
1.2825e-08,-0.2680895
1.2827e-08,-0.2654784
1.2829e-08,-0.2626298
1.2831e-08,-0.2595518
1.2833e-08,-0.25625390000000003
1.2835e-08,-0.25274529999999995
1.2837e-08,-0.2490355999999999
1.2839e-08,-0.2451346000000001
1.2841e-08,-0.24105180000000004
1.2843e-08,-0.2367969000000001
1.2845e-08,-0.2323794
1.2847e-08,-0.22780859999999992
1.2849e-08,-0.2230938
1.2851e-08,-0.21824390000000005
1.2853e-08,-0.2132676
1.2855e-08,-0.2081735
1.2857e-08,-0.2029700000000001
1.2859e-08,-0.19766499999999998
1.2861e-08,-0.1922667
1.2863e-08,-0.1867823999999999
1.2865e-08,-0.18121969999999998
1.2867e-08,-0.17558580000000001
1.2869e-08,-0.16988749999999997
1.2871e-08,-0.1641317
1.2873e-08,-0.1583249
1.2875e-08,-0.15247330000000003
1.2877e-08,-0.14658309999999997
1.2879e-08,-0.14066
1.2881e-08,-0.1347098
1.2883e-08,-0.1287378
1.2885e-08,-0.12274930000000006
1.2887e-08,-0.1167494
1.2889e-08,-0.11074280000000003
1.2891e-08,-0.10473409999999994
1.2893e-08,-0.09872789999999998
1.2895e-08,-0.09272829999999999
1.2897e-08,-0.08673940000000002
1.2899e-08,-0.08076510000000003
1.2901e-08,-0.07480900000000001
1.2903e-08,-0.0688747999999999
1.2905e-08,-0.06296570000000001
1.2907e-08,-0.057084900000000105
1.2909e-08,-0.05123539999999993
1.2911e-08,-0.04542009999999996
1.2913e-08,-0.0396417
1.2915e-08,-0.03390269999999995
1.2917e-08,-0.028205499999999994
1.2919e-08,-0.02255229999999997
1.2921e-08,-0.016945300000000052
1.2923e-08,-0.011386400000000019
1.2925e-08,-0.00587749999999998
1.2927e-08,-0.00042029999999992906
1.2929e-08,0.0049834999999999186
1.2931e-08,0.010332700000000083
1.2933e-08,0.015625699999999965
1.2935e-08,0.02086129999999997
1.2937e-08,0.026038499999999964
1.2939e-08,0.03115599999999996
1.2941e-08,0.0362131
1.2943e-08,0.04120889999999999
1.2945e-08,0.046142500000000086
1.2947e-08,0.051013500000000045
1.2949e-08,0.05582100000000001
1.2951e-08,0.06056470000000003
1.2953e-08,0.06524419999999997
1.2955e-08,0.06985909999999995
1.2957e-08,0.07440900000000006
1.2959e-08,0.07889380000000001
1.2961e-08,0.08331339999999998
1.2963e-08,0.08766759999999996
1.2965e-08,0.09195629999999999
1.2967e-08,0.09617979999999993
1.2969e-08,0.10033779999999992
1.2971e-08,0.10443069999999999
1.2973e-08,0.10845859999999996
1.2975e-08,0.11242169999999996
1.2977e-08,0.11632010000000004
1.2979e-08,0.12015430000000005
1.2981e-08,0.12392449999999999
1.2983e-08,0.12763120000000006
1.2985e-08,0.13127460000000002
1.2987e-08,0.1348553
1.2989e-08,0.13837350000000004
1.2991e-08,0.14182990000000006
1.2993e-08,0.1452249000000001
1.2995e-08,0.14855909999999994
1.2997e-08,0.15183289999999994
1.29985e-08,0.15424900000000008
1.3e-08,0.15663170000000004
1.30002e-08,0.1569465
1.30006e-08,0.15757509999999997
1.30014e-08,0.1588252
1.3003e-08,0.16129749999999998
1.3005e-08,0.16433589999999998
1.3007e-08,0.1673169
1.3009e-08,0.17024119999999998
1.3011e-08,0.17310939999999997
1.3013e-08,0.17592209999999997
1.3015e-08,0.1786801
1.3017e-08,0.181384
1.3019e-08,0.18403439999999993
1.3021e-08,0.18663209999999997
1.3023e-08,0.18917759999999995
1.3025e-08,0.1916719
1.3027e-08,0.19411540000000005
1.3029e-08,0.19650899999999993
1.3031e-08,0.19885319999999995
1.3033e-08,0.20114900000000002
1.3035e-08,0.20339669999999999
1.3037e-08,0.20559729999999998
1.3039e-08,0.20775139999999992
1.3041e-08,0.2098597000000001
1.3043e-08,0.21192280000000008
1.3045e-08,0.2139415
1.3047e-08,0.21591649999999996
1.3049e-08,0.21784840000000005
1.3051e-08,0.219738
1.3053e-08,0.2215859
1.3055e-08,0.2233927
1.3057e-08,0.2251592
1.3059e-08,0.22688599999999992
1.3061e-08,0.22857380000000005
1.3063e-08,0.23022319999999996
1.3065e-08,0.2318348
1.3067e-08,0.2334094
1.3069e-08,0.23494749999999998
1.3071e-08,0.23644979999999993
1.3073e-08,0.2379169
1.3075e-08,0.23934940000000005
1.3077e-08,0.24074799999999996
1.3079e-08,0.24211310000000008
1.3081e-08,0.24344540000000003
1.3083e-08,0.24474570000000007
1.3085e-08,0.24601419999999996
1.3087e-08,0.24725189999999997
1.3089e-08,0.24845899999999999
1.3091e-08,0.24963619999999997
1.3093e-08,0.25078409999999995
1.3095e-08,0.2519032
1.3097e-08,0.25299399999999994
1.3099e-08,0.2540572
1.3101e-08,0.25509309999999996
1.3103e-08,0.25610239999999995
1.3105e-08,0.25708549999999997
1.3107e-08,0.25804289999999996
1.3109e-08,0.25897519999999996
1.3111e-08,0.25988290000000003
1.3113e-08,0.2607663
1.3115e-08,0.2616261
1.3117e-08,0.2624626000000001
1.3119e-08,0.2632762999999999
1.3121e-08,0.2640677
1.3123e-08,0.26483730000000005
1.3125e-08,0.26558539999999997
1.3127e-08,0.26631250000000006
1.3129e-08,0.267019
1.3131e-08,0.26770550000000004
1.3133e-08,0.2683721
1.3135e-08,0.2690195000000001
1.3137e-08,0.269648
1.3139e-08,0.27025790000000005
1.3141e-08,0.2708496
1.3143e-08,0.27142369999999993
1.3145e-08,0.27198029999999995
1.3147e-08,0.27251990000000004
1.3149e-08,0.27304280000000003
1.3151e-08,0.2735495
1.3153e-08,0.2740403
1.3155e-08,0.27451539999999996
1.3157e-08,0.2749754000000001
1.3159e-08,0.2754204
1.3161e-08,0.27585080000000006
1.3163e-08,0.2762669
1.3165e-08,0.27666899999999994
1.3167e-08,0.27705749999999996
1.3169e-08,0.2774327
1.3171e-08,0.27779489999999996
1.3173e-08,0.2781443
1.3175e-08,0.27848129999999993
1.3177e-08,0.278806
1.3179e-08,0.279119
1.3181e-08,0.2794202
1.3183e-08,0.2797102
1.3185e-08,0.27998899999999993
1.3187e-08,0.2802570999999999
1.3189e-08,0.28051459999999995
1.3191e-08,0.2807617
1.3193e-08,0.2809988
1.3195e-08,0.2812260000000001
1.3197e-08,0.28144369999999996
1.31985e-08,0.2816008
1.32e-08,0.2817528
1.32002e-08,0.28177259999999993
1.32006e-08,0.28181200000000006
1.32014e-08,0.2818899
1.3203e-08,0.28204129999999994
1.3205e-08,0.28222289999999994
1.3207e-08,0.282396
1.3209e-08,0.28256079999999995
1.3211e-08,0.2827176
1.3213e-08,0.28286639999999996
1.3215e-08,0.2830077
1.3217e-08,0.2831414
1.3219e-08,0.2832679
1.3221e-08,0.2833873
1.3223e-08,0.28349979999999997
1.3225e-08,0.2836056
1.3227e-08,0.2837048
1.3229e-08,0.2837976
1.3231e-08,0.28388420000000003
1.3233e-08,0.28396489999999996
1.3235e-08,0.28403960000000006
1.3237e-08,0.28410859999999993
1.3239e-08,0.284172
1.3241e-08,0.28423
1.3243e-08,0.28428280000000006
1.3245e-08,0.28433049999999993
1.3247e-08,0.28437310000000005
1.3249e-08,0.2844109
1.3251e-08,0.2844441
1.3253e-08,0.2844727
1.3255e-08,0.28449690000000005
1.3257e-08,0.28451669999999996
1.3259e-08,0.2845324
1.3261e-08,0.2845441000000001
1.3263e-08,0.28455169999999996
1.3265e-08,0.28455569999999997
1.3267e-08,0.2845559
1.3269e-08,0.2845525
1.3271e-08,0.2845457
1.3273e-08,0.28453549999999994
1.3275e-08,0.28452199999999994
1.3277e-08,0.2845054
1.3279e-08,0.28448569999999995
1.3281e-08,0.2844632
1.3283e-08,0.2844377
1.3285e-08,0.2844095
1.3287e-08,0.28437860000000004
1.3289e-08,0.2843450999999999
1.3291e-08,0.28430920000000004
1.3293e-08,0.28427080000000005
1.3295e-08,0.2842302
1.3297e-08,0.2841872
1.3299e-08,0.28414210000000006
1.3301e-08,0.284095
1.3303e-08,0.28404589999999996
1.3305e-08,0.2839948000000001
1.3307e-08,0.28394189999999997
1.3309e-08,0.2838872
1.3311e-08,0.28383079999999994
1.3313e-08,0.28377280000000005
1.3315e-08,0.2837132
1.3317e-08,0.28365209999999996
1.3319e-08,0.28358950000000005
1.3321e-08,0.28352559999999993
1.3323e-08,0.28346019999999994
1.3325e-08,0.28339380000000003
1.3327e-08,0.2833259
1.3329e-08,0.28325710000000004
1.3331e-08,0.28318699999999997
1.3333e-08,0.28311600000000003
1.3335e-08,0.28304399999999996
1.3337e-08,0.2829708999999999
1.3339e-08,0.28289699999999995
1.3341e-08,0.28282229999999997
1.3343e-08,0.2827468000000001
1.3345e-08,0.2826706
1.3347e-08,0.28259350000000005
1.3349e-08,0.28251589999999993
1.3351e-08,0.28243760000000007
1.3353e-08,0.28235869999999996
1.3355e-08,0.2822793
1.3357e-08,0.28219930000000004
1.3359e-08,0.28211890000000006
1.3361e-08,0.28203810000000007
1.3363e-08,0.2819568
1.3365e-08,0.2818752
1.3367e-08,0.2817934000000001
1.3369e-08,0.2817111
1.3371e-08,0.2816286
1.3373e-08,0.2815459
1.3375e-08,0.28146290000000007
1.3377e-08,0.2813798999999999
1.3379e-08,0.2812966
1.3381e-08,0.2812133
1.3383e-08,0.28112970000000004
1.3385e-08,0.28104629999999997
1.3387e-08,0.2809627
1.3389e-08,0.28087910000000005
1.3391e-08,0.2807955
1.3393e-08,0.2807119
1.3395e-08,0.28062830000000005
1.3397e-08,0.2805449
1.33985e-08,0.2804823000000001
1.34e-08,0.2804198
1.34002e-08,0.28041229999999995
1.34006e-08,0.28039919999999996
1.34014e-08,0.2803831
1.3403e-08,0.2803662
1.3405e-08,0.28031439999999996
1.3407e-08,0.28016030000000003
1.3409e-08,0.2798473
1.3411e-08,0.2793356
1.3413e-08,0.27859769999999995
1.3415e-08,0.2776158000000001
1.3417e-08,0.2763791
1.3419e-08,0.2748826
1.3421e-08,0.2731253
1.3423e-08,0.2711093
1.3425e-08,0.2688389
1.3427e-08,0.26632029999999995
1.3429e-08,0.26356080000000004
1.3431e-08,0.2605689
1.3433e-08,0.25735340000000007
1.3435e-08,0.2539237
1.3437e-08,0.2502892
1.3439e-08,0.2464598
1.3441e-08,0.24244490000000007
1.3443e-08,0.23825430000000003
1.3445e-08,0.23389759999999993
1.3447e-08,0.2293841000000001
1.3449e-08,0.2247232
1.3451e-08,0.21992389999999995
1.3453e-08,0.2149949
1.3455e-08,0.20994500000000005
1.3457e-08,0.20478249999999998
1.3459e-08,0.19951570000000007
1.3461e-08,0.1941524
1.3463e-08,0.18870049999999994
1.3465e-08,0.18316739999999998
1.3467e-08,0.1775605
1.3469e-08,0.17188670000000006
1.3471e-08,0.1661528
1.3473e-08,0.16036550000000005
1.3475e-08,0.15453109999999992
1.3477e-08,0.1486558
1.3479e-08,0.14274549999999997
1.3481e-08,0.13680599999999998
1.3483e-08,0.13084279999999993
1.3485e-08,0.12486109999999995
1.3487e-08,0.11886600000000003
1.3489e-08,0.11286259999999992
1.3491e-08,0.10685539999999993
1.3493e-08,0.10084899999999997
1.3495e-08,0.09484769999999998
1.3497e-08,0.08885570000000009
1.3499e-08,0.08287679999999997
1.3501e-08,0.0769147
1.3503e-08,0.07097319999999996
1.3505e-08,0.0650556000000001
1.3507e-08,0.05916510000000008
1.3509e-08,0.05330480000000004
1.3511e-08,0.04747770000000007
1.3513e-08,0.0416863999999999
1.3515e-08,0.03593370000000007
1.3517e-08,0.030221800000000076
1.3519e-08,0.024553200000000053
1.3521e-08,0.018929900000000055
1.3523e-08,0.013354099999999924
1.3525e-08,0.007827600000000046
1.3527e-08,0.0023522000000000265
1.3529e-08,-0.0030706000000000344
1.3531e-08,-0.008439100000000033
1.3533e-08,-0.013752100000000045
1.3535e-08,-0.019008099999999972
1.3537e-08,-0.02420599999999995
1.3539e-08,-0.02934479999999995
1.3541e-08,-0.034423299999999935
1.3543e-08,-0.0394409
1.3545e-08,-0.04439660000000001
1.3547e-08,-0.0492899
1.3549e-08,-0.054120100000000004
1.3551e-08,-0.05888660000000001
1.3553e-08,-0.063589
1.3555e-08,-0.06822689999999998
1.3557e-08,-0.07279999999999998
1.3559e-08,-0.07730800000000004
1.3561e-08,-0.08175089999999996
1.3563e-08,-0.08612849999999994
1.3565e-08,-0.09044050000000003
1.3567e-08,-0.09468739999999998
1.3569e-08,-0.09886879999999998
1.3571e-08,-0.102985
1.3573e-08,-0.10703609999999997
1.3575e-08,-0.11102230000000002
1.3577e-08,-0.11494389999999999
1.3579e-08,-0.11880099999999993
1.3581e-08,-0.12259410000000004
1.3583e-08,-0.1263236000000001
1.3585e-08,-0.12998960000000004
1.3587e-08,-0.13359260000000006
1.3589e-08,-0.13713319999999996
1.3591e-08,-0.1406117
1.3593e-08,-0.1440287
1.3595e-08,-0.14738470000000004
1.3597e-08,-0.1506801000000001
1.35985e-08,-0.15311220000000003
1.36e-08,-0.15552130000000008
1.36002e-08,-0.15584189999999998
1.36006e-08,-0.15648309999999999
1.36014e-08,-0.1577636
1.3603e-08,-0.16029270000000007
1.3605e-08,-0.1633401
1.3607e-08,-0.16619869999999992
1.3609e-08,-0.1688172
1.3611e-08,-0.1711604
1.3613e-08,-0.1732051
1.3615e-08,-0.17493720000000001
1.3617e-08,-0.17634919999999998
1.3619e-08,-0.1774393999999999
1.3621e-08,-0.17820970000000003
1.3623e-08,-0.17866479999999996
1.3625e-08,-0.17881200000000008
1.3627e-08,-0.17865969999999998
1.3629e-08,-0.17821750000000003
1.3631e-08,-0.177496
1.3633e-08,-0.17650580000000005
1.3635e-08,-0.17525800000000002
1.3637e-08,-0.17376400000000003
1.3639e-08,-0.17203459999999993
1.3641e-08,-0.17008119999999993
1.3643e-08,-0.16791460000000002
1.3645e-08,-0.16554539999999995
1.3647e-08,-0.16298420000000002
1.3649e-08,-0.16024100000000008
1.3651e-08,-0.15732580000000007
1.3653e-08,-0.1542483
1.3655e-08,-0.15101770000000003
1.3657e-08,-0.14764309999999992
1.3659e-08,-0.14413320000000007
1.3661e-08,-0.1404964999999999
1.3663e-08,-0.13674109999999995
1.3665e-08,-0.13287510000000002
1.3667e-08,-0.12890590000000002
1.3669e-08,-0.12484110000000004
1.3671e-08,-0.12068770000000006
1.3673e-08,-0.11645260000000002
1.3675e-08,-0.11214230000000003
1.3677e-08,-0.10776339999999995
1.3679e-08,-0.10332189999999997
1.3681e-08,-0.09882380000000002
1.3683e-08,-0.09427479999999999
1.3685e-08,-0.08968030000000005
1.3687e-08,-0.08504560000000005
1.3689e-08,-0.08037589999999994
1.3691e-08,-0.07567599999999997
1.3693e-08,-0.07095049999999992
1.3695e-08,-0.06620409999999999
1.3697e-08,-0.06144090000000002
1.3699e-08,-0.05666509999999991
1.3701e-08,-0.051880600000000054
1.3703e-08,-0.0470912
1.3705e-08,-0.04230060000000002
1.3707e-08,-0.03751210000000005
1.3709e-08,-0.032729200000000014
1.3711e-08,-0.027954800000000057
1.3713e-08,-0.02319199999999999
1.3715e-08,-0.018443700000000063
1.3717e-08,-0.013712399999999958
1.3719e-08,-0.009000699999999973
1.3721e-08,-0.0043112000000000705
1.3723e-08,0.0003537999999999597
1.3725e-08,0.004992400000000008
1.3727e-08,0.009602299999999953
1.3729e-08,0.014181699999999964
1.3731e-08,0.01872879999999999
1.3733e-08,0.02324179999999998
1.3735e-08,0.027719200000000055
1.3737e-08,0.03215940000000006
1.3739e-08,0.0365610999999999
1.3741e-08,0.04092300000000004
1.3743e-08,0.045243800000000056
1.3745e-08,0.04952240000000008
1.3747e-08,0.053758000000000083
1.3749e-08,0.05794930000000009
1.3751e-08,0.06209570000000009
1.3753e-08,0.06619640000000004
1.3755e-08,0.0702505
1.3757e-08,0.07425750000000009
1.3759e-08,0.07821680000000009
1.3761e-08,0.08212779999999997
1.3763e-08,0.08599020000000002
1.3765e-08,0.08980350000000004
1.3767e-08,0.09356740000000008
1.3769e-08,0.09728159999999997
1.3771e-08,0.10094600000000009
1.3773e-08,0.10456019999999999
1.3775e-08,0.1081242
1.3777e-08,0.11163789999999996
1.3779e-08,0.11510120000000001
1.3781e-08,0.11851410000000007
1.3783e-08,0.12187680000000001
1.3785e-08,0.1251892
1.3787e-08,0.1284514
1.3789e-08,0.13166349999999993
1.3791e-08,0.13482590000000005
1.3793e-08,0.13793849999999996
1.3795e-08,0.1410017
1.3797e-08,0.14401570000000008
1.37985e-08,0.14624400000000004
1.38e-08,0.1484449
1.38002e-08,0.14873610000000004
1.38006e-08,0.14931739999999993
1.38014e-08,0.15047429999999995
1.3803e-08,0.15276480000000003
1.3805e-08,0.15558490000000003
1.3807e-08,0.15835739999999998
1.3809e-08,0.16108270000000002
1.3811e-08,0.1637611
1.3813e-08,0.16639310000000007
1.3815e-08,0.168979
1.3817e-08,0.17151910000000004
1.3819e-08,0.1740142
1.3821e-08,0.17646439999999997
1.3823e-08,0.17887029999999993
1.3825e-08,0.18123250000000002
1.3827e-08,0.18355140000000003
1.3829e-08,0.18582730000000003
1.3831e-08,0.18806089999999998
1.3833e-08,0.19025249999999994
1.3835e-08,0.19240279999999998
1.3837e-08,0.19451229999999997
1.3839e-08,0.19658129999999996
1.3841e-08,0.19861059999999997
1.3843e-08,0.2006004
1.3845e-08,0.20255139999999994
1.3847e-08,0.20446419999999998
1.3849e-08,0.20633899999999994
1.3851e-08,0.2081767
1.3853e-08,0.2099776
1.3855e-08,0.2117422
1.3857e-08,0.21347119999999997
1.3859e-08,0.2151649
1.3861e-08,0.21682400000000002
1.3863e-08,0.21844890000000006
1.3865e-08,0.22004010000000007
1.3867e-08,0.22159820000000008
1.3869e-08,0.22312350000000003
1.3871e-08,0.22461679999999995
1.3873e-08,0.2260784
1.3875e-08,0.22750890000000001
1.3877e-08,0.22890869999999996
1.3879e-08,0.2302784
1.3881e-08,0.23161829999999994
1.3883e-08,0.2329291
1.3885e-08,0.2342113
1.3887e-08,0.23546509999999998
1.3889e-08,0.23669130000000005
1.3891e-08,0.23788999999999993
1.3893e-08,0.2390620000000001
1.3895e-08,0.2402076999999999
1.3897e-08,0.24132730000000002
1.3899e-08,0.2424214
1.3901e-08,0.24349070000000006
1.3903e-08,0.2445353
1.3905e-08,0.24555559999999998
1.3907e-08,0.24655230000000006
1.3909e-08,0.2475256
1.3911e-08,0.24847609999999998
1.3913e-08,0.2494040999999999
1.3915e-08,0.2503099999999999
1.3917e-08,0.2511943
1.3919e-08,0.2520572000000001
1.3921e-08,0.25289930000000005
1.3923e-08,0.2537208999999999
1.3925e-08,0.25452240000000004
1.3927e-08,0.2553042000000001
1.3929e-08,0.2560665999999999
1.3931e-08,0.2568100000000001
1.3933e-08,0.25753480000000006
1.3935e-08,0.25824140000000007
1.3937e-08,0.25892989999999994
1.3939e-08,0.2596008999999999
1.3941e-08,0.2602546
1.3943e-08,0.2608916
1.3945e-08,0.26151180000000007
1.3947e-08,0.26211589999999996
1.3949e-08,0.2627041
1.3951e-08,0.2632765
1.3953e-08,0.2638338
1.3955e-08,0.26437599999999994
1.3957e-08,0.26490369999999996
1.3959e-08,0.2654168
1.3961e-08,0.2659159000000001
1.3963e-08,0.26640109999999995
1.3965e-08,0.26687289999999997
1.3967e-08,0.26733149999999994
1.3969e-08,0.26777700000000004
1.3971e-08,0.26820980000000005
1.3973e-08,0.26863020000000004
1.3975e-08,0.26903849999999996
1.3977e-08,0.2694348
1.3979e-08,0.26981940000000004
1.3981e-08,0.2701926
1.3983e-08,0.2705546999999999
1.3985e-08,0.2709058
1.3987e-08,0.2712462
1.3989e-08,0.27157619999999993
1.3991e-08,0.271896
1.3993e-08,0.2722057
1.3995e-08,0.2725056
1.3997e-08,0.2727959
1.39985e-08,0.27300750000000007
1.4e-08,0.2732245
1.40002e-08,0.2732551
1.40006e-08,0.27331759999999994
1.40014e-08,0.27344689999999994
1.4003e-08,0.2736986
1.4005e-08,0.27394779999999996
1.4007e-08,0.2740637
1.4009e-08,0.2739963000000001
1.4011e-08,0.2737105999999999
1.4013e-08,0.2731833
1.4015e-08,0.2723995
1.4017e-08,0.2713508
1.4019e-08,0.2700342
1.4021e-08,0.26844979999999996
1.4023e-08,0.26660110000000004
1.4025e-08,0.26449329999999993
1.4027e-08,0.2621333
1.4029e-08,0.259529
1.4031e-08,0.2566893
1.4033e-08,0.25362340000000005
1.4035e-08,0.25034080000000003
1.4037e-08,0.2468513
1.4039e-08,0.24316479999999996
1.4041e-08,0.23929120000000004
1.4043e-08,0.23523989999999995
1.4045e-08,0.23102080000000003
1.4047e-08,0.22664340000000005
1.4049e-08,0.22211689999999995
1.4051e-08,0.21745020000000004
1.4053e-08,0.21265239999999996
1.4055e-08,0.20773190000000008
1.4057e-08,0.20269729999999997
1.4059e-08,0.19755679999999998
1.4061e-08,0.19231809999999994
1.4063e-08,0.18698910000000002
1.4065e-08,0.18157730000000005
1.4067e-08,0.17608970000000002
1.4069e-08,0.1705337
1.4071e-08,0.16491580000000006
1.4073e-08,0.15924269999999996
1.4075e-08,0.1535206
1.4077e-08,0.1477558
1.4079e-08,0.14195420000000003
1.4081e-08,0.13612139999999995
1.4083e-08,0.13026290000000007
1.4085e-08,0.1243841
1.4087e-08,0.11849009999999993
1.4089e-08,0.1125855
1.4091e-08,0.10667530000000003
1.4093e-08,0.10076379999999996
1.4095e-08,0.09485549999999998
1.4097e-08,0.08895419999999998
1.4099e-08,0.08306429999999998
1.4101e-08,0.07718899999999995
1.4103e-08,0.07133239999999996
1.4105e-08,0.06549749999999999
1.4107e-08,0.05968780000000007
1.4109e-08,0.053906200000000015
1.4111e-08,0.04815589999999992
1.4113e-08,0.04243929999999996
1.4115e-08,0.03675919999999999
1.4117e-08,0.031118100000000037
1.4119e-08,0.025518199999999935
1.4121e-08,0.01996169999999997
1.4123e-08,0.01445059999999998
1.4125e-08,0.008986999999999967
1.4127e-08,0.0035724999999999785
1.4129e-08,-0.0017911999999999928
1.4131e-08,-0.0071024999999999006
1.4133e-08,-0.012360100000000096
1.4135e-08,-0.017562599999999984
1.4137e-08,-0.022708800000000084
1.4139e-08,-0.027797599999999978
1.4141e-08,-0.032828099999999916
1.4143e-08,-0.03779920000000003
1.4145e-08,-0.04271020000000003
1.4147e-08,-0.0475603
1.4149e-08,-0.05234910000000004
1.4151e-08,-0.05707580000000001
1.4153e-08,-0.06173989999999996
1.4155e-08,-0.06634109999999993
1.4157e-08,-0.07087900000000003
1.4159e-08,-0.07535350000000007
1.4161e-08,-0.0797641
1.4163e-08,-0.0841109000000001
1.4165e-08,-0.08839370000000002
1.4167e-08,-0.09261249999999999
1.4169e-08,-0.09676740000000006
1.4171e-08,-0.10085829999999996
1.4173e-08,-0.1048853999999999
1.4175e-08,-0.10884879999999997
1.4177e-08,-0.11274890000000004
1.4179e-08,-0.11658570000000001
1.4181e-08,-0.12035970000000007
1.4183e-08,-0.12407109999999999
1.4185e-08,-0.12772019999999995
1.4187e-08,-0.13130750000000002
1.4189e-08,-0.13483330000000004
1.4191e-08,-0.13829809999999998
1.4193e-08,-0.1417024
1.4195e-08,-0.14504660000000003
1.4197e-08,-0.1483312
1.41985e-08,-0.1507558
1.42e-08,-0.15314739999999993
1.42002e-08,-0.15346439999999995
1.42006e-08,-0.15409890000000004
1.42014e-08,-0.15537119999999993
1.4203e-08,-0.15790230000000005
1.4205e-08,-0.16098029999999997
1.4207e-08,-0.1638929
1.4209e-08,-0.16658230000000007
1.4211e-08,-0.16900800000000005
1.4213e-08,-0.17114260000000003
1.4215e-08,-0.17296919999999993
1.4217e-08,-0.17447820000000003
1.4219e-08,-0.175666
1.4221e-08,-0.1765331
1.4223e-08,-0.1770836
1.4225e-08,-0.17732380000000003
1.4227e-08,-0.17726169999999997
1.4229e-08,-0.17690660000000002
1.4231e-08,-0.1762687999999999
1.4233e-08,-0.17535889999999998
1.4235e-08,-0.17418790000000006
1.4237e-08,-0.17276690000000006
1.4239e-08,-0.17110729999999996
1.4241e-08,-0.16921999999999993
1.4243e-08,-0.1671161
1.4245e-08,-0.16480629999999996
1.4247e-08,-0.16230120000000003
1.4249e-08,-0.15961099999999995
1.4251e-08,-0.15674579999999994
1.4253e-08,-0.15371520000000005
1.4255e-08,-0.15052880000000002
1.4257e-08,-0.1471958
1.4259e-08,-0.14372469999999993
1.4261e-08,-0.14012440000000004
1.4263e-08,-0.13640299999999994
1.4265e-08,-0.13256860000000004
1.4267e-08,-0.128629
1.4269e-08,-0.12459149999999997
1.4271e-08,-0.12046349999999995
1.4273e-08,-0.11625169999999996
1.4275e-08,-0.11196309999999998
1.4277e-08,-0.10760400000000003
1.4279e-08,-0.10318060000000007
1.4281e-08,-0.09869899999999998
1.4283e-08,-0.0941649
1.4285e-08,-0.08958389999999994
1.4287e-08,-0.08496140000000008
1.4289e-08,-0.08030249999999994
1.4291e-08,-0.07561210000000007
1.4293e-08,-0.07089500000000004
1.4295e-08,-0.06615570000000004
1.4297e-08,-0.06139859999999997
1.4299e-08,-0.056627800000000006
1.4301e-08,-0.05184739999999999
1.4303e-08,-0.047061200000000025
1.4305e-08,-0.042273000000000005
1.4307e-08,-0.03748600000000002
1.4309e-08,-0.0327037
1.4311e-08,-0.027929299999999935
1.4313e-08,-0.023165800000000014
1.4315e-08,-0.018416100000000046
1.4317e-08,-0.013682900000000053
1.4319e-08,-0.008968799999999999
1.4321e-08,-0.004276300000000011
1.4323e-08,0.0003923000000000121
1.4325e-08,0.005034800000000006
1.4327e-08,0.009649100000000077
1.4329e-08,0.014233300000000004
1.4331e-08,0.01878550000000001
1.4333e-08,0.02330399999999999
1.4335e-08,0.027787099999999954
1.4337e-08,0.03223339999999997
1.4339e-08,0.036641400000000046
1.4341e-08,0.041009800000000096
1.4343e-08,0.045337299999999914
1.4345e-08,0.049622900000000025
1.4347e-08,0.0538654999999999
1.4349e-08,0.058064000000000004
1.4351e-08,0.06221769999999993
1.4353e-08,0.06632569999999993
1.4355e-08,0.07038729999999993
1.4357e-08,0.07440180000000007
1.4359e-08,0.07836880000000002
1.4361e-08,0.08228740000000001
1.4363e-08,0.08615760000000006
1.4365e-08,0.08997849999999996
1.4367e-08,0.09375009999999995
1.4369e-08,0.097472
1.4371e-08,0.10114400000000001
1.4373e-08,0.10476580000000002
1.4375e-08,0.10833729999999997
1.4377e-08,0.11185860000000003
1.4379e-08,0.11532929999999997
1.4381e-08,0.11874960000000001
1.4383e-08,0.12211950000000005
1.4385e-08,0.12543920000000008
1.4387e-08,0.1287085
1.4389e-08,0.13192760000000003
1.4391e-08,0.13509689999999996
1.4393e-08,0.13821629999999996
1.4395e-08,0.14128620000000003
1.4397e-08,0.14430679999999996
1.43985e-08,0.14654
1.44e-08,0.14874569999999998
1.44002e-08,0.1490374
1.44006e-08,0.14961999999999998
1.44014e-08,0.15077930000000006
1.4403e-08,0.1530749
1.4405e-08,0.15590100000000007
1.4407e-08,0.15867949999999997
1.4409e-08,0.16141060000000007
1.4411e-08,0.16409469999999993
1.4413e-08,0.1667322
1.4415e-08,0.16932349999999996
1.4417e-08,0.1718689
1.4419e-08,0.17436909999999994
1.4421e-08,0.17682429999999993
1.4423e-08,0.17923519999999993
1.4425e-08,0.18160199999999993
1.4427e-08,0.18392529999999996
1.4429e-08,0.18620570000000003
1.4431e-08,0.18844349999999999
1.4433e-08,0.19063929999999996
1.4435e-08,0.1927936
1.4437e-08,0.1949069
1.4439e-08,0.19697960000000003
1.4441e-08,0.19901239999999998
1.4443e-08,0.20100570000000006
1.4445e-08,0.20296000000000003
1.4447e-08,0.20487580000000005
1.4449e-08,0.2067538
1.4451e-08,0.2085943
1.4453e-08,0.21039799999999997
1.4455e-08,0.2121653
1.4457e-08,0.21389670000000005
1.4459e-08,0.21559280000000003
1.4461e-08,0.21725400000000006
1.4463e-08,0.218881
1.4465e-08,0.22047420000000006
1.4467e-08,0.2220341
1.4469e-08,0.22356129999999996
1.4471e-08,0.22505620000000004
1.4473e-08,0.22651929999999998
1.4475e-08,0.22795109999999996
1.4477e-08,0.22935229999999995
1.4479e-08,0.23072309999999996
1.4481e-08,0.2320641
1.4483e-08,0.23337589999999997
1.4485e-08,0.2346589
1.4487e-08,0.23591339999999994
1.4489e-08,0.23714020000000002
1.4491e-08,0.23833950000000004
1.4493e-08,0.2395119
1.4495e-08,0.24065780000000003
1.4497e-08,0.24177779999999993
1.4499e-08,0.24287209999999992
1.4501e-08,0.24394139999999997
1.4503e-08,0.24498589999999998
1.4505e-08,0.24600619999999995
1.4507e-08,0.24700270000000002
1.4509e-08,0.24797580000000008
1.4511e-08,0.24892590000000003
1.4513e-08,0.2498534
1.4515e-08,0.2507589
1.4517e-08,0.2516425
1.4519e-08,0.25250490000000003
1.4521e-08,0.25334619999999997
1.4523e-08,0.25416700000000003
1.4525e-08,0.25496760000000007
1.4527e-08,0.2557484
1.4529e-08,0.2565098
1.4531e-08,0.25725220000000004
1.4533e-08,0.2579758
1.4535e-08,0.25868120000000006
1.4537e-08,0.2593685
1.4539e-08,0.2600382
1.4541e-08,0.26069050000000005
1.4543e-08,0.26132599999999995
1.4545e-08,0.2619448
1.4547e-08,0.2625474
1.4549e-08,0.263134
1.4551e-08,0.26370479999999996
1.4553e-08,0.2642605
1.4555e-08,0.2648009
1.4557e-08,0.2653268
1.4559e-08,0.2658382
1.4561e-08,0.2663354
1.4563e-08,0.26681889999999997
1.4565e-08,0.2672886
1.4567e-08,0.2677452
1.4569e-08,0.26818870000000006
1.4571e-08,0.26861959999999996
1.4573e-08,0.26903789999999994
1.4575e-08,0.2694441000000001
1.4577e-08,0.2698383
1.4579e-08,0.27022080000000004
1.4581e-08,0.27059180000000005
1.4583e-08,0.2709517
1.4585e-08,0.2713006
1.4587e-08,0.2716387
1.4589e-08,0.27196639999999994
1.4591e-08,0.2722839
1.4593e-08,0.2725913
1.4595e-08,0.2728889
1.4597e-08,0.2731768
1.45985e-08,0.2733865999999999
1.46e-08,0.27360190000000006
1.46002e-08,0.27363230000000005
1.46006e-08,0.27369430000000006
1.46014e-08,0.27382249999999997
1.4603e-08,0.27407229999999994
1.4605e-08,0.2743192
1.4607e-08,0.2744327
1.4609e-08,0.274363
1.4611e-08,0.27407499999999996
1.4613e-08,0.27354539999999994
1.4615e-08,0.2727594
1.4617e-08,0.2717085
1.4619e-08,0.27038969999999996
1.4621e-08,0.2688032
1.4623e-08,0.2669524
1.4625e-08,0.26484260000000004
1.4627e-08,0.2624805
1.4629e-08,0.2598743
1.4631e-08,0.25703260000000006
1.4633e-08,0.25396470000000004
1.4635e-08,0.2506802
1.4637e-08,0.2471888
1.4639e-08,0.24350039999999995
1.4641e-08,0.23962470000000002
1.4643e-08,0.23557150000000004
1.4645e-08,0.23135050000000001
1.4647e-08,0.22697109999999998
1.4649e-08,0.22244260000000005
1.4651e-08,0.21777400000000002
1.4653e-08,0.21297410000000006
1.4655e-08,0.20805170000000006
1.4657e-08,0.20301500000000006
1.4659e-08,0.19787240000000006
1.4661e-08,0.19263169999999996
1.4663e-08,0.18730060000000004
1.4665e-08,0.1818866
1.4667e-08,0.17639689999999997
1.4669e-08,0.1708386999999999
1.4671e-08,0.1652186
1.4673e-08,0.15954330000000005
1.4675e-08,0.15381899999999993
1.4677e-08,0.14805190000000001
1.4679e-08,0.14224789999999998
1.4681e-08,0.13641290000000006
1.4683e-08,0.13055209999999995
1.4685e-08,0.12467089999999992
1.4687e-08,0.11877440000000006
1.4689e-08,0.11286739999999995
1.4691e-08,0.10695480000000002
1.4693e-08,0.10104100000000005
1.4695e-08,0.0951301
1.4697e-08,0.0892265000000001
1.4699e-08,0.08333400000000002
1.4701e-08,0.07745630000000003
1.4703e-08,0.07159709999999997
1.4705e-08,0.06575979999999992
1.4707e-08,0.05994759999999999
1.4709e-08,0.05416349999999992
1.4711e-08,0.04841060000000008
1.4713e-08,0.04269149999999999
1.4715e-08,0.03700890000000001
1.4717e-08,0.03136520000000009
1.4719e-08,0.025762700000000027
1.4721e-08,0.020203700000000047
1.4723e-08,0.01469010000000004
1.4725e-08,0.009223900000000063
1.4727e-08,0.003807000000000005
1.4729e-08,-0.0015593000000000412
1.4731e-08,-0.006873099999999965
1.4733e-08,-0.012133300000000014
1.4735e-08,-0.01733819999999997
1.4737e-08,-0.022486899999999976
1.4739e-08,-0.027578300000000056
1.4741e-08,-0.032611100000000004
1.4743e-08,-0.037584699999999915
1.4745e-08,-0.04249820000000004
1.4747e-08,-0.047350800000000026
1.4749e-08,-0.052141900000000074
1.4751e-08,-0.056871000000000005
1.4753e-08,-0.06153750000000002
1.4755e-08,-0.06614109999999995
1.4757e-08,-0.07068149999999995
1.4759e-08,-0.07515830000000001
1.4761e-08,-0.07957130000000001
1.4763e-08,-0.0839204
1.4765e-08,-0.08820550000000005
1.4767e-08,-0.09242660000000003
1.4769e-08,-0.09658359999999999
1.4771e-08,-0.10067680000000001
1.4773e-08,-0.10470610000000002
1.4775e-08,-0.10867179999999999
1.4777e-08,-0.1125740999999999
1.4779e-08,-0.11641310000000005
1.4781e-08,-0.1201892
1.4783e-08,-0.12390259999999997
1.4785e-08,-0.12755379999999994
1.4787e-08,-0.13114329999999996
1.4789e-08,-0.1346712
1.4791e-08,-0.13813799999999998
1.4793e-08,-0.1415442
1.4795e-08,-0.14489039999999997
1.4797e-08,-0.14817710000000006
1.47985e-08,-0.15060319999999994
1.48e-08,-0.15299629999999997
1.48002e-08,-0.1533125999999999
1.48006e-08,-0.15394390000000002
1.48014e-08,-0.15519989999999995
1.4803e-08,-0.1576841
1.4805e-08,-0.16073779999999993
1.4807e-08,-0.16373479999999996
1.4809e-08,-0.16667560000000003
1.4811e-08,-0.16956080000000007
1.4813e-08,-0.17239110000000002
1.4815e-08,-0.17516710000000002
1.4817e-08,-0.17788949999999992
1.4819e-08,-0.18055880000000002
1.4821e-08,-0.1831758
1.4823e-08,-0.18574100000000004
1.4825e-08,-0.18825530000000001
1.4827e-08,-0.19071919999999998
1.4829e-08,-0.19313349999999996
1.4831e-08,-0.19549870000000003
1.4833e-08,-0.19781570000000004
1.4835e-08,-0.20008499999999996
1.4837e-08,-0.20230729999999997
1.4839e-08,-0.20448339999999998
1.4841e-08,-0.20661390000000002
1.4843e-08,-0.20869939999999998
1.4845e-08,-0.21074079999999995
1.4847e-08,-0.21273850000000005
1.4849e-08,-0.21469329999999998
1.4851e-08,-0.21660590000000002
1.4853e-08,-0.21847700000000003
1.4855e-08,-0.22030709999999998
1.4857e-08,-0.222097
1.4859e-08,-0.22384729999999997
1.4861e-08,-0.22555860000000005
1.4863e-08,-0.22723170000000004
1.4865e-08,-0.22886700000000004
1.4867e-08,-0.23046540000000004
1.4869e-08,-0.2320272
1.4871e-08,-0.23355329999999996
1.4873e-08,-0.23504419999999993
1.4875e-08,-0.23650059999999995
1.4877e-08,-0.237923
1.4879e-08,-0.23931209999999992
1.4881e-08,-0.24066829999999995
1.4883e-08,-0.24199230000000005
1.4885e-08,-0.24328470000000002
1.4887e-08,-0.2445461
1.4889e-08,-0.24577689999999996
1.4891e-08,-0.24697779999999991
1.4893e-08,-0.24814939999999996
1.4895e-08,-0.24929210000000002
1.4897e-08,-0.25040640000000003
1.4899e-08,-0.2514931
1.4901e-08,-0.25255249999999996
1.4903e-08,-0.2535850999999999
1.4905e-08,-0.25459149999999997
1.4907e-08,-0.25557209999999997
1.4909e-08,-0.25652759999999997
1.4911e-08,-0.25745819999999997
1.4913e-08,-0.2583645
1.4915e-08,-0.25924709999999995
1.4917e-08,-0.26010639999999996
1.4919e-08,-0.26094280000000003
1.4921e-08,-0.26175670000000006
1.4923e-08,-0.26254869999999997
1.4925e-08,-0.2633190999999999
1.4927e-08,-0.2640684
1.4929e-08,-0.26479700000000006
1.4931e-08,-0.26550549999999995
1.4933e-08,-0.26619399999999993
1.4935e-08,-0.2668631
1.4937e-08,-0.2675132
1.4939e-08,-0.2681445
1.4941e-08,-0.2687577
1.4943e-08,-0.26935299999999995
1.4945e-08,-0.26993069999999997
1.4947e-08,-0.2704913
1.4949e-08,-0.271035
1.4951e-08,-0.27156250000000004
1.4953e-08,-0.27207380000000003
1.4955e-08,-0.27256939999999996
1.4957e-08,-0.2730496
1.4959e-08,-0.2735147
1.4961e-08,-0.2739652
1.4963e-08,-0.2744012
1.4965e-08,-0.2748231
1.4967e-08,-0.2752312
1.4969e-08,-0.2756259
1.4971e-08,-0.27600730000000007
1.4973e-08,-0.2763759
1.4975e-08,-0.2767320000000001
1.4977e-08,-0.2770756
1.4979e-08,-0.2774072999999999
1.4981e-08,-0.27772719999999995
1.4983e-08,-0.27803559999999994
1.4985e-08,-0.27833280000000005
1.4987e-08,-0.27861900000000006
1.4989e-08,-0.2788944
1.4991e-08,-0.2791595
1.4993e-08,-0.27941439999999995
1.4995e-08,-0.2796592
1.4997e-08,-0.27989430000000004
1.49985e-08,-0.2800644
1.5e-08,-0.28022919999999996
1.50002e-08,-0.2802515
1.50006e-08,-0.2802979
1.50014e-08,-0.28039990000000004
1.5003e-08,-0.28061460000000005
1.5005e-08,-0.28084430000000005
1.5007e-08,-0.2809632000000001
1.5009e-08,-0.280915
1.5011e-08,-0.2806601999999999
1.5013e-08,-0.2801717
1.5015e-08,-0.27943170000000006
1.5017e-08,-0.2784301
1.5019e-08,-0.2771618
1.5021e-08,-0.2756261
1.5023e-08,-0.27382530000000005
1.5025e-08,-0.271764
1.5027e-08,-0.2694483
1.5029e-08,-0.26688599999999996
1.5031e-08,-0.2640853000000001
1.5033e-08,-0.26105559999999994
1.5035e-08,-0.2578058
1.5037e-08,-0.2543459
1.5039e-08,-0.25068559999999995
1.5041e-08,-0.24683469999999996
1.5043e-08,-0.24280279999999999
1.5045e-08,-0.23859960000000002
1.5047e-08,-0.2342345
1.5049e-08,-0.22971679999999994
1.5051e-08,-0.22505569999999997
1.5053e-08,-0.22026
1.5055e-08,-0.2153385
1.5057e-08,-0.21029950000000008
1.5059e-08,-0.2051514000000001
1.5061e-08,-0.19990200000000002
1.5063e-08,-0.19455919999999993
1.5065e-08,-0.18913069999999998
1.5067e-08,-0.1836236
1.5069e-08,-0.17804509999999996
1.5071e-08,-0.17240200000000006
1.5073e-08,-0.16670110000000005
1.5075e-08,-0.16094869999999994
1.5077e-08,-0.15515100000000004
1.5079e-08,-0.1493141
1.5081e-08,-0.14344370000000006
1.5083e-08,-0.1375455
1.5085e-08,-0.13162469999999993
1.5087e-08,-0.12568659999999998
1.5089e-08,-0.11973620000000007
1.5091e-08,-0.11377820000000005
1.5093e-08,-0.10781719999999995
1.5095e-08,-0.10185759999999999
1.5097e-08,-0.09590350000000003
1.5099e-08,-0.08995910000000007
1.5101e-08,-0.0840282
1.5103e-08,-0.07811449999999998
1.5105e-08,-0.07222130000000004
1.5107e-08,-0.06635210000000002
1.5109e-08,-0.060510000000000064
1.5111e-08,-0.054697899999999966
1.5113e-08,-0.04891889999999999
1.5115e-08,-0.043175299999999917
1.5117e-08,-0.03747
1.5119e-08,-0.03180520000000009
1.5121e-08,-0.026183200000000073
1.5123e-08,-0.02060609999999996
1.5125e-08,-0.015075799999999973
1.5127e-08,-0.009594400000000003
1.5129e-08,-0.004163299999999981
1.5131e-08,0.0012157999999999891
1.5133e-08,0.0065413999999999195
1.5135e-08,0.011811999999999934
1.5137e-08,0.017026600000000003
1.5139e-08,0.022183899999999923
1.5141e-08,0.02728280000000005
1.5143e-08,0.03232239999999997
1.5145e-08,0.0373019
1.5147e-08,0.04222040000000005
1.5149e-08,0.047077399999999936
1.5151e-08,0.051872200000000035
1.5153e-08,0.05660419999999999
1.5155e-08,0.06127309999999997
1.5157e-08,0.0658784
1.5159e-08,0.07041990000000009
1.5161e-08,0.0748974
1.5163e-08,0.07931049999999995
1.5165e-08,0.08365929999999999
1.5167e-08,0.08794370000000007
1.5169e-08,0.09216369999999996
1.5171e-08,0.09631919999999994
1.5173e-08,0.10041060000000002
1.5175e-08,0.10443789999999997
1.5177e-08,0.10840109999999992
1.5179e-08,0.11230069999999992
1.5181e-08,0.11613679999999993
1.5183e-08,0.11990970000000001
1.5185e-08,0.12361979999999995
1.5187e-08,0.12726749999999998
1.5189e-08,0.1308532
1.5191e-08,0.13437719999999997
1.5193e-08,0.13784010000000002
1.5195e-08,0.14124229999999993
1.5197e-08,0.1445843
1.51985e-08,0.14705160000000006
1.52e-08,0.14949599999999996
1.52002e-08,0.14982130000000005
1.52006e-08,0.1504719000000001
1.52014e-08,0.15177129999999994
1.5203e-08,0.15433830000000004
1.5205e-08,0.1574329
1.5207e-08,0.16033850000000005
1.5209e-08,0.16300389999999998
1.5211e-08,0.16539369999999998
1.5213e-08,0.16748449999999993
1.5215e-08,0.1692619999999999
1.5217e-08,0.1707191
1.5219e-08,0.17185379999999995
1.5221e-08,0.1726679000000001
1.5223e-08,0.1731665
1.5225e-08,0.17335660000000008
1.5227e-08,0.17324679999999992
1.5229e-08,0.17284679999999997
1.5231e-08,0.17216680000000006
1.5233e-08,0.17121790000000003
1.5235e-08,0.17001109999999997
1.5237e-08,0.16855770000000003
1.5239e-08,0.16686879999999993
1.5241e-08,0.16495549999999992
1.5243e-08,0.1628288
1.5245e-08,0.16049939999999996
1.5247e-08,0.1579779
1.5249e-08,0.15527429999999998
1.5251e-08,0.15239860000000005
1.5253e-08,0.1493605
1.5255e-08,0.14616929999999995
1.5257e-08,0.14283400000000002
1.5259e-08,0.13936339999999992
1.5261e-08,0.1357661
1.5263e-08,0.1320502
1.5265e-08,0.1282236
1.5267e-08,0.12429390000000007
1.5269e-08,0.12026860000000006
1.5271e-08,0.1161548
1.5273e-08,0.11195929999999998
1.5275e-08,0.10768879999999992
1.5277e-08,0.1033497000000001
1.5279e-08,0.09894800000000004
1.5281e-08,0.09448979999999996
1.5283e-08,0.08998079999999997
1.5285e-08,0.08542629999999996
1.5287e-08,0.08083169999999995
1.5289e-08,0.07620209999999994
1.5291e-08,0.0715424
1.5293e-08,0.06685700000000006
1.5295e-08,0.0621507
1.5297e-08,0.05742770000000008
1.5299e-08,0.05269210000000002
1.5301e-08,0.047947699999999926
1.5303e-08,0.04319850000000003
1.5305e-08,0.03844800000000004
1.5307e-08,0.03369959999999994
1.5309e-08,0.0289566
1.5311e-08,0.024222099999999913
1.5313e-08,0.01949919999999994
1.5315e-08,0.01479050000000004
1.5317e-08,0.010098900000000022
1.5319e-08,0.005426900000000012
1.5321e-08,0.0007768000000000219
1.5323e-08,-0.0038490999999999387
1.5325e-08,-0.008448600000000028
1.5327e-08,-0.013019500000000073
1.5329e-08,-0.017560200000000026
1.5331e-08,-0.022068599999999994
1.5333e-08,-0.02654319999999999
1.5335e-08,-0.030982399999999966
1.5337e-08,-0.03538459999999999
1.5339e-08,-0.039748499999999964
1.5341e-08,-0.04407280000000002
1.5343e-08,-0.04835630000000002
1.5345e-08,-0.052597900000000086
1.5347e-08,-0.05679650000000003
1.5349e-08,-0.06095130000000004
1.5351e-08,-0.06506140000000005
1.5353e-08,-0.06912590000000007
1.5355e-08,-0.07314430000000005
1.5357e-08,-0.07711590000000001
1.5359e-08,-0.08103989999999994
1.5361e-08,-0.08491599999999999
1.5363e-08,-0.08874380000000004
1.5365e-08,-0.09252269999999996
1.5367e-08,-0.09625269999999997
1.5369e-08,-0.0999331
1.5371e-08,-0.10356399999999999
1.5373e-08,-0.1071451
1.5375e-08,-0.11067640000000001
1.5377e-08,-0.11415750000000002
1.5379e-08,-0.11758869999999999
1.5381e-08,-0.12096989999999996
1.5383e-08,-0.124301
1.5385e-08,-0.1275822000000001
1.5387e-08,-0.13081349999999992
1.5389e-08,-0.13399509999999992
1.5391e-08,-0.13712729999999995
1.5393e-08,-0.14021000000000006
1.5395e-08,-0.14324360000000003
1.5397e-08,-0.14622840000000004
1.53985e-08,-0.14843499999999998
1.54e-08,-0.15061440000000004
1.54002e-08,-0.15090269999999995
1.54006e-08,-0.15147829999999995
1.54014e-08,-0.15262369999999992
1.5403e-08,-0.15489170000000008
1.5405e-08,-0.1576839
1.5407e-08,-0.16042889999999999
1.5409e-08,-0.16312680000000002
1.5411e-08,-0.16577830000000005
1.5413e-08,-0.16838360000000008
1.5415e-08,-0.17094310000000001
1.5417e-08,-0.17345729999999993
1.5419e-08,-0.17592649999999999
1.5421e-08,-0.1783513
1.5423e-08,-0.18073230000000007
1.5425e-08,-0.1830697
1.5427e-08,-0.18536390000000003
1.5429e-08,-0.18761570000000005
1.5431e-08,-0.18982540000000003
1.5433e-08,-0.19199350000000004
1.5435e-08,-0.19412039999999997
1.5437e-08,-0.19620689999999996
1.5439e-08,-0.19825320000000002
1.5441e-08,-0.20026009999999994
1.5443e-08,-0.20222779999999996
1.5445e-08,-0.20415689999999997
1.5447e-08,-0.20604809999999996
1.5449e-08,-0.20790169999999997
1.5451e-08,-0.20971839999999997
1.5453e-08,-0.21149849999999992
1.5455e-08,-0.21324259999999995
1.5457e-08,-0.21495129999999996
1.5459e-08,-0.21662510000000001
1.5461e-08,-0.21826449999999997
1.5463e-08,-0.21986989999999995
1.5465e-08,-0.22144200000000003
1.5467e-08,-0.22298099999999998
1.5469e-08,-0.22448769999999996
1.5471e-08,-0.22596249999999996
1.5473e-08,-0.227406
1.5475e-08,-0.22881850000000004
1.5477e-08,-0.23020059999999998
1.5479e-08,-0.23155270000000006
1.5481e-08,-0.2328755
1.5483e-08,-0.23416919999999997
1.5485e-08,-0.2354345
1.5487e-08,-0.2366718
1.5489e-08,-0.23788149999999997
1.5491e-08,-0.2390641
1.5493e-08,-0.2402202000000001
1.5495e-08,-0.2413501
1.5497e-08,-0.2424543
1.5499e-08,-0.24353309999999995
1.5501e-08,-0.2445872
1.5503e-08,-0.24561680000000008
1.5505e-08,-0.24662250000000008
1.5507e-08,-0.2476047
1.5509e-08,-0.24856370000000005
1.5511e-08,-0.24949999999999994
1.5513e-08,-0.2504141000000001
1.5515e-08,-0.25130620000000004
1.5517e-08,-0.25217690000000004
1.5519e-08,-0.25302649999999993
1.5521e-08,-0.25385539999999995
1.5523e-08,-0.25466390000000005
1.5525e-08,-0.25545260000000003
1.5527e-08,-0.25622159999999994
1.5529e-08,-0.2569716000000001
1.5531e-08,-0.2577026
1.5533e-08,-0.2584151
1.5535e-08,-0.25910960000000005
1.5537e-08,-0.2597862999999999
1.5539e-08,-0.2604457
1.5541e-08,-0.2610878
1.5543e-08,-0.2617134
1.5545e-08,-0.26232239999999996
1.5547e-08,-0.26291529999999996
1.5549e-08,-0.2634925
1.5551e-08,-0.2640542
1.5553e-08,-0.2646008000000001
1.5555e-08,-0.2651325
1.5557e-08,-0.2656497
1.5559e-08,-0.2661526000000001
1.5561e-08,-0.26664160000000003
1.5563e-08,-0.2671169
1.5565e-08,-0.26757890000000006
1.5567e-08,-0.2680277
1.5569e-08,-0.2684636
1.5571e-08,-0.268887
1.5573e-08,-0.2692981
1.5575e-08,-0.2696971
1.5577e-08,-0.2700844
1.5579e-08,-0.2704601
1.5581e-08,-0.2708244000000001
1.5583e-08,-0.2711778
1.5585e-08,-0.27152030000000005
1.5587e-08,-0.2718522
1.5589e-08,-0.2721737999999999
1.5591e-08,-0.2724852
1.5593e-08,-0.27278690000000005
1.5595e-08,-0.2730787
1.5597e-08,-0.2733611
1.55985e-08,-0.2735668
1.56e-08,-0.2737674000000001
1.56002e-08,-0.27379450000000005
1.56006e-08,-0.2738505
1.56014e-08,-0.27397150000000003
1.5603e-08,-0.27422460000000004
1.5605e-08,-0.27450209999999997
1.5607e-08,-0.27466840000000003
1.5609e-08,-0.2746672
1.5611e-08,-0.27445870000000006
1.5613e-08,-0.2740157
1.5615e-08,-0.2733206
1.5617e-08,-0.2723628
1.5619e-08,-0.2711378
1.5621e-08,-0.2696444
1.5623e-08,-0.2678853
1.5625e-08,-0.26586489999999996
1.5627e-08,-0.26358970000000004
1.5629e-08,-0.26106740000000006
1.5631e-08,-0.2583063000000001
1.5633e-08,-0.2553156
1.5635e-08,-0.25210470000000007
1.5637e-08,-0.2486834
1.5639e-08,-0.2450616
1.5641e-08,-0.2412489
1.5643e-08,-0.23725530000000006
1.5645e-08,-0.23309040000000003
1.5647e-08,-0.22876359999999996
1.5649e-08,-0.22428440000000005
1.5651e-08,-0.21966189999999997
1.5653e-08,-0.21490489999999995
1.5655e-08,-0.2100223
1.5657e-08,-0.2050225
1.5659e-08,-0.19991370000000008
1.5661e-08,-0.1947040000000001
1.5663e-08,-0.1894013
1.5665e-08,-0.18401290000000003
1.5667e-08,-0.1785464
1.5669e-08,-0.17300870000000002
1.5671e-08,-0.16740679999999997
1.5673e-08,-0.16174729999999993
1.5675e-08,-0.15603660000000008
1.5677e-08,-0.1502808
1.5679e-08,-0.14448629999999996
1.5681e-08,-0.13865850000000002
1.5683e-08,-0.132803
1.5685e-08,-0.12692530000000002
1.5687e-08,-0.12103059999999999
1.5689e-08,-0.1151236000000001
1.5691e-08,-0.10920929999999995
1.5693e-08,-0.10329219999999995
1.5695e-08,-0.09737669999999998
1.5697e-08,-0.09146690000000002
1.5699e-08,-0.08556679999999994
1.5701e-08,-0.07968029999999993
1.5703e-08,-0.07381099999999996
1.5705e-08,-0.06796250000000004
1.5707e-08,-0.06213789999999997
1.5709e-08,-0.056340500000000016
1.5711e-08,-0.05057310000000004
1.5713e-08,-0.04483860000000006
1.5715e-08,-0.03913979999999995
1.5717e-08,-0.033479000000000037
1.5719e-08,-0.02785879999999996
1.5721e-08,-0.022281099999999943
1.5723e-08,-0.01674830000000005
1.5725e-08,-0.011262300000000058
1.5727e-08,-0.005824800000000074
1.5729e-08,-0.0004375000000000906
1.5731e-08,0.004897900000000011
1.5733e-08,0.01017990000000002
1.5735e-08,0.015407300000000013
1.5737e-08,0.02057869999999995
1.5739e-08,0.02569319999999997
1.5741e-08,0.030749500000000096
1.5743e-08,0.03574679999999997
1.5745e-08,0.04068430000000001
1.5747e-08,0.04556099999999996
1.5749e-08,0.050376500000000046
1.5751e-08,0.05513000000000001
1.5753e-08,0.05982109999999996
1.5755e-08,0.06444939999999999
1.5757e-08,0.06901460000000004
1.5759e-08,0.07351610000000008
1.5761e-08,0.07795399999999997
1.5763e-08,0.08232799999999996
1.5765e-08,0.08663789999999993
1.5767e-08,0.09088379999999996
1.5769e-08,0.09506559999999997
1.5771e-08,0.09918339999999992
1.5773e-08,0.10323729999999998
1.5775e-08,0.10722750000000003
1.5777e-08,0.11115399999999998
1.5779e-08,0.11501739999999994
1.5781e-08,0.11881750000000002
1.5783e-08,0.12255499999999997
1.5785e-08,0.12623000000000006
1.5787e-08,0.12984289999999998
1.5789e-08,0.13339429999999997
1.5791e-08,0.13688430000000007
1.5793e-08,0.14031369999999999
1.5795e-08,0.1436826
1.5797e-08,0.1469918
1.57985e-08,0.14943470000000003
1.58e-08,0.15185499999999996
1.58002e-08,0.15217709999999995
1.58006e-08,0.1528214
1.58014e-08,0.15410800000000002
1.5803e-08,0.1566497
1.5805e-08,0.1597132
1.5807e-08,0.16258819999999996
1.5809e-08,0.16522350000000008
1.5811e-08,0.16758359999999994
1.5813e-08,0.16964539999999995
1.5815e-08,0.17139460000000006
1.5817e-08,0.17282370000000002
1.5819e-08,0.1739311
1.5821e-08,0.17471859999999995
1.5823e-08,0.17519099999999999
1.5825e-08,0.1753555
1.5827e-08,0.17522040000000005
1.5829e-08,0.17479559999999994
1.5831e-08,0.1740914
1.5833e-08,0.1731186
1.5835e-08,0.1718883
1.5837e-08,0.17041189999999995
1.5839e-08,0.16870030000000003
1.5841e-08,0.1667647
1.5843e-08,0.16461599999999998
1.5845e-08,0.16226490000000005
1.5847e-08,0.15972189999999997
1.5849e-08,0.15699719999999995
1.5851e-08,0.15410049999999997
1.5853e-08,0.1510418
1.5855e-08,0.14783020000000002
1.5857e-08,0.14447469999999996
1.5859e-08,0.1409842
1.5861e-08,0.13736720000000002
1.5863e-08,0.13363159999999996
1.5865e-08,0.1297857
1.5867e-08,0.12583679999999997
1.5869e-08,0.12179249999999997
1.5871e-08,0.11765980000000009
1.5873e-08,0.11344569999999998
1.5875e-08,0.1091567
1.5877e-08,0.10479910000000003
1.5879e-08,0.1003792
1.5881e-08,0.09590290000000001
1.5883e-08,0.09137590000000007
1.5885e-08,0.08680359999999998
1.5887e-08,0.08219139999999991
1.5889e-08,0.07754430000000001
1.5891e-08,0.07286719999999991
1.5893e-08,0.06816470000000008
1.5895e-08,0.06344130000000003
1.5897e-08,0.058701299999999956
1.5899e-08,0.05394880000000002
1.5901e-08,0.04918789999999995
1.5903e-08,0.04442209999999991
1.5905e-08,0.0396552
1.5907e-08,0.034890599999999994
1.5909e-08,0.030131499999999978
1.5911e-08,0.025381100000000045
1.5913e-08,0.020642300000000002
1.5915e-08,0.015917999999999988
1.5917e-08,0.011210900000000024
1.5919e-08,0.006523500000000015
1.5921e-08,0.0018580999999999737
1.5923e-08,-0.002782799999999974
1.5925e-08,-0.007397099999999934
1.5927e-08,-0.011982900000000019
1.5929e-08,-0.0165381
1.5931e-08,-0.021060999999999996
1.5933e-08,-0.025549900000000014
1.5935e-08,-0.030003200000000008
1.5937e-08,-0.03441939999999999
1.5939e-08,-0.03879710000000003
1.5941e-08,-0.043135000000000034
1.5943e-08,-0.04743200000000003
1.5945e-08,-0.05168699999999993
1.5947e-08,-0.055898800000000026
1.5949e-08,-0.06006669999999992
1.5951e-08,-0.06418970000000002
1.5953e-08,-0.06826699999999997
1.5955e-08,-0.07229790000000003
1.5957e-08,-0.07628179999999996
1.5959e-08,-0.08021809999999996
1.5961e-08,-0.08410639999999991
1.5963e-08,-0.08794609999999992
1.5965e-08,-0.09173679999999995
1.5967e-08,-0.09547830000000002
1.5969e-08,-0.09917029999999993
1.5971e-08,-0.10281249999999997
1.5973e-08,-0.10640479999999997
1.5975e-08,-0.10994700000000002
1.5977e-08,-0.11343920000000007
1.5979e-08,-0.11688100000000001
1.5981e-08,-0.12027270000000001
1.5983e-08,-0.12361430000000007
1.5985e-08,-0.12690590000000002
1.5987e-08,-0.13014729999999997
1.5989e-08,-0.13333899999999999
1.5991e-08,-0.13648090000000002
1.5993e-08,-0.13957339999999996
1.5995e-08,-0.14261659999999998
1.5997e-08,-0.14561080000000004
1.59985e-08,-0.14782440000000008
1.6e-08,-0.15002120000000008
1.60002e-08,-0.1503139
1.60006e-08,-0.15089970000000008
1.60014e-08,-0.15207079999999995
1.6003e-08,-0.15438600000000002
1.6005e-08,-0.15717500000000006
1.6007e-08,-0.15978479999999995
1.6009e-08,-0.16216379999999997
1.6011e-08,-0.1642764
1.6013e-08,-0.1660988
1.6015e-08,-0.1676166
1.6017e-08,-0.16882219999999992
1.6019e-08,-0.1697133999999999
1.6021e-08,-0.17029190000000005
1.6023e-08,-0.1705624
1.6025e-08,-0.1705316
1.6027e-08,-0.17020800000000003
1.6029e-08,-0.169601
1.6031e-08,-0.168721
1.6033e-08,-0.16757829999999996
1.6035e-08,-0.1661843999999999
1.6037e-08,-0.16455000000000009
1.6039e-08,-0.16268609999999994
1.6041e-08,-0.16060390000000002
1.6043e-08,-0.1583141
1.6045e-08,-0.15582739999999995
1.6047e-08,-0.15315410000000007
1.6049e-08,-0.15030429999999995
1.6051e-08,-0.14728770000000002
1.6053e-08,-0.14411399999999996
1.6055e-08,-0.1407925
1.6057e-08,-0.13733209999999996
1.6059e-08,-0.1337413999999999
1.6061e-08,-0.13002879999999994
1.6063e-08,-0.1262025
1.6065e-08,-0.12227049999999995
1.6067e-08,-0.11823990000000006
1.6069e-08,-0.11411850000000001
1.6071e-08,-0.10991309999999999
1.6073e-08,-0.10563040000000001
1.6075e-08,-0.10127720000000007
1.6077e-08,-0.09685960000000005
1.6079e-08,-0.09238380000000002
1.6081e-08,-0.08785550000000009
1.6083e-08,-0.08328060000000004
1.6085e-08,-0.07866419999999996
1.6087e-08,-0.07401159999999996
1.6089e-08,-0.06932780000000005
1.6091e-08,-0.06461760000000005
1.6093e-08,-0.05988559999999998
1.6095e-08,-0.05513620000000008
1.6097e-08,-0.05037360000000002
1.6099e-08,-0.04560189999999997
1.6101e-08,-0.040824699999999936
1.6103e-08,-0.03604600000000002
1.6105e-08,-0.03126910000000005
1.6107e-08,-0.02649749999999995
1.6109e-08,-0.021734299999999984
1.6111e-08,-0.016982700000000017
1.6113e-08,-0.012245300000000015
1.6115e-08,-0.007525100000000062
1.6117e-08,-0.0028247000000000133
1.6119e-08,0.0018537000000000692
1.6121e-08,0.006507399999999941
1.6123e-08,0.011134500000000047
1.6125e-08,0.01573279999999999
1.6127e-08,0.020300299999999938
1.6129e-08,0.024835199999999946
1.6131e-08,0.029335700000000076
1.6133e-08,0.033800300000000005
1.6135e-08,0.03822739999999991
1.6137e-08,0.04261569999999992
1.6139e-08,0.04696389999999995
1.6141e-08,0.0512705
1.6143e-08,0.05553470000000005
1.6145e-08,0.05975530000000007
1.6147e-08,0.06393130000000002
1.6149e-08,0.06806190000000001
1.6151e-08,0.07214640000000005
1.6153e-08,0.07618389999999997
1.6155e-08,0.08017389999999991
1.6157e-08,0.08411570000000002
1.6159e-08,0.08800890000000006
1.6161e-08,0.09185290000000002
1.6163e-08,0.0956475
1.6165e-08,0.0993921000000001
1.6167e-08,0.10308679999999992
1.6169e-08,0.10673099999999991
1.6171e-08,0.1103248
1.6173e-08,0.11386789999999991
1.6175e-08,0.11736019999999991
1.6177e-08,0.12080179999999996
1.6179e-08,0.12419270000000004
1.6181e-08,0.12753270000000005
1.6183e-08,0.13082229999999995
1.6185e-08,0.13406109999999993
1.6187e-08,0.13724959999999997
1.6189e-08,0.1403879
1.6191e-08,0.1434761
1.6193e-08,0.1465145
1.6195e-08,0.14950340000000006
1.6197e-08,0.1524432
1.61985e-08,0.15461570000000002
1.62e-08,0.15676080000000003
1.62002e-08,0.15704529999999994
1.62006e-08,0.15761519999999996
1.62014e-08,0.1587594
1.6203e-08,0.16103899999999993
1.6205e-08,0.16381099999999993
1.6207e-08,0.16642690000000004
1.6209e-08,0.1688286
1.6211e-08,0.17097529999999994
1.6213e-08,0.17283939999999998
1.6215e-08,0.1744038
1.6217e-08,0.1756586
1.6219e-08,0.17659979999999997
1.6221e-08,0.1772279
1.6223e-08,0.1775466
1.6225e-08,0.177562
1.6227e-08,0.17728200000000005
1.6229e-08,0.17671570000000003
1.6231e-08,0.17587299999999995
1.6233e-08,0.17476440000000004
1.6235e-08,0.17340080000000002
1.6237e-08,0.17179319999999998
1.6239e-08,0.1699525999999999
1.6241e-08,0.16788999999999998
1.6243e-08,0.16561629999999994
1.6245e-08,0.163142
1.6247e-08,0.16047769999999995
1.6249e-08,0.15763340000000003
1.6251e-08,0.15461920000000007
1.6253e-08,0.15144449999999998
1.6255e-08,0.14811870000000005
1.6257e-08,0.14465080000000008
1.6259e-08,0.1410498
1.6261e-08,0.13732409999999995
1.6263e-08,0.13348170000000004
1.6265e-08,0.1295307000000001
1.6267e-08,0.12547870000000005
1.6269e-08,0.12133310000000008
1.6271e-08,0.11710109999999996
1.6273e-08,0.11278949999999999
1.6275e-08,0.10840499999999997
1.6277e-08,0.10395390000000004
1.6279e-08,0.09944239999999993
1.6281e-08,0.09487650000000003
1.6283e-08,0.09026179999999995
1.6285e-08,0.08560389999999996
1.6287e-08,0.08090799999999998
1.6289e-08,0.0761792
1.6291e-08,0.0714224
1.6293e-08,0.06664209999999993
1.6295e-08,0.06184310000000004
1.6297e-08,0.057029499999999955
1.6299e-08,0.05220530000000001
1.6301e-08,0.04737459999999993
1.6303e-08,0.04254120000000006
1.6305e-08,0.037708500000000034
1.6307e-08,0.03288010000000008
1.6309e-08,0.028059100000000003
1.6311e-08,0.02324879999999996
1.6313e-08,0.01845220000000003
1.6315e-08,0.013671800000000012
1.6317e-08,0.008910499999999932
1.6319e-08,0.004170699999999972
1.6321e-08,-0.0005450999999999651
1.6323e-08,-0.005234599999999978
1.6325e-08,-0.00989580000000001
1.6327e-08,-0.014526499999999998
1.6329e-08,-0.019124999999999948
1.6331e-08,-0.02368939999999997
1.6333e-08,-0.028218100000000024
1.6335e-08,-0.03270950000000006
1.6337e-08,-0.03716229999999998
1.6339e-08,-0.04157479999999991
1.6341e-08,-0.045945899999999984
1.6343e-08,-0.05027459999999995
1.6345e-08,-0.05455959999999993
1.6347e-08,-0.05880010000000002
1.6349e-08,-0.06299499999999991
1.6351e-08,-0.06714350000000002
1.6353e-08,-0.071245
1.6355e-08,-0.0752986
1.6357e-08,-0.07930399999999993
1.6359e-08,-0.08326029999999995
1.6361e-08,-0.08716730000000006
1.6363e-08,-0.0910244
1.6365e-08,-0.09483130000000006
1.6367e-08,-0.0985878
1.6369e-08,-0.10229359999999998
1.6371e-08,-0.10594839999999994
1.6373e-08,-0.10955219999999999
1.6375e-08,-0.11310470000000006
1.6377e-08,-0.11660599999999999
1.6379e-08,-0.12005620000000006
1.6381e-08,-0.12345499999999998
1.6383e-08,-0.1268028
1.6385e-08,-0.13009939999999998
1.6387e-08,-0.1333451
1.6389e-08,-0.13654009999999994
1.6391e-08,-0.1396845
1.6393e-08,-0.14277849999999992
1.6395e-08,-0.1458223999999999
1.6397e-08,-0.14881650000000002
1.63985e-08,-0.15102959999999999
1.64e-08,-0.1532148000000001
1.64002e-08,-0.15350390000000003
1.64006e-08,-0.15408090000000008
1.64014e-08,-0.15522919999999996
1.6403e-08,-0.1575025
1.6405e-08,-0.1603004
1.6407e-08,-0.16305020000000003
1.6409e-08,-0.16575240000000002
1.6411e-08,-0.16840709999999992
1.6413e-08,-0.17101500000000003
1.6415e-08,-0.17357639999999996
1.6417e-08,-0.17609169999999996
1.6419e-08,-0.17856150000000004
1.6421e-08,-0.18098599999999998
1.6423e-08,-0.18336599999999992
1.6425e-08,-0.18570189999999998
1.6427e-08,-0.18799410000000005
1.6429e-08,-0.1902431
1.6431e-08,-0.19244950000000005
1.6433e-08,-0.1946137
1.6435e-08,-0.19673640000000003
1.6437e-08,-0.19881779999999993
1.6439e-08,-0.20085889999999995
1.6441e-08,-0.20285969999999998
1.6443e-08,-0.20482100000000003
1.6445e-08,-0.20674340000000002
1.6447e-08,-0.20862729999999996
1.6449e-08,-0.21047330000000009
1.6451e-08,-0.21228190000000002
1.6453e-08,-0.2140535
1.6455e-08,-0.21578890000000006
1.6457e-08,-0.21748829999999997
1.6459e-08,-0.21915250000000008
1.6461e-08,-0.22078209999999998
1.6463e-08,-0.22237719999999994
1.6465e-08,-0.2239388
1.6467e-08,-0.22546699999999997
1.6469e-08,-0.22696270000000007
1.6471e-08,-0.22842609999999997
1.6473e-08,-0.22985789999999995
1.6475e-08,-0.23125850000000003
1.6477e-08,-0.23262850000000002
1.6479e-08,-0.2339682999999999
1.6481e-08,-0.23527849999999995
1.6483e-08,-0.23655939999999998
1.6485e-08,-0.23781170000000007
1.6487e-08,-0.23903580000000002
1.6489e-08,-0.2402322
1.6491e-08,-0.24140130000000004
1.6493e-08,-0.24254369999999992
1.6495e-08,-0.24365970000000003
1.6497e-08,-0.24474989999999996
1.6499e-08,-0.24581449999999994
1.6501e-08,-0.24685439999999992
1.6503e-08,-0.24786969999999997
1.6505e-08,-0.2488608
1.6507e-08,-0.24982840000000006
1.6509e-08,-0.25077270000000007
1.6511e-08,-0.2516942
1.6513e-08,-0.2525933
1.6515e-08,-0.25347050000000004
1.6517e-08,-0.2543261
1.6519e-08,-0.25516060000000007
1.6521e-08,-0.25597420000000004
1.6523e-08,-0.2567674999999999
1.6525e-08,-0.2575409000000001
1.6527e-08,-0.25829460000000004
1.6529e-08,-0.2590291
1.6531e-08,-0.25974469999999994
1.6533e-08,-0.26044179999999995
1.6535e-08,-0.2611207000000001
1.6537e-08,-0.26178199999999996
1.6539e-08,-0.2624257000000001
1.6541e-08,-0.2630523
1.6543e-08,-0.26366219999999996
1.6545e-08,-0.2642557
1.6547e-08,-0.2648332
1.6549e-08,-0.2653947
1.6551e-08,-0.2659408999999999
1.6553e-08,-0.2664719
1.6555e-08,-0.266988
1.6557e-08,-0.26748970000000005
1.6559e-08,-0.26797709999999997
1.6561e-08,-0.2684506
1.6563e-08,-0.2689104
1.6565e-08,-0.26935679999999995
1.6567e-08,-0.2697902
1.6569e-08,-0.27021090000000003
1.6571e-08,-0.2706189
1.6573e-08,-0.2710146
1.6575e-08,-0.27139839999999993
1.6577e-08,-0.27177039999999997
1.6579e-08,-0.27213090000000006
1.6581e-08,-0.27248020000000006
1.6583e-08,-0.27281849999999996
1.6585e-08,-0.27314590000000005
1.6587e-08,-0.27346290000000006
1.6589e-08,-0.27376959999999995
1.6591e-08,-0.27406620000000004
1.6593e-08,-0.2743528999999999
1.6595e-08,-0.2746301
1.6597e-08,-0.2748976999999999
1.65985e-08,-0.27509249999999996
1.66e-08,-0.2752928
1.66002e-08,-0.2753213000000001
1.66006e-08,-0.2753793
1.66014e-08,-0.2754997
1.6603e-08,-0.27573369999999997
1.6605e-08,-0.2759612
1.6607e-08,-0.2760557
1.6609e-08,-0.2759673
1.6611e-08,-0.27566099999999993
1.6613e-08,-0.2751135
1.6615e-08,-0.2743099
1.6617e-08,-0.273242
1.6619e-08,-0.27190649999999994
1.6621e-08,-0.2703036
1.6623e-08,-0.2684367
1.6625e-08,-0.2663112000000001
1.6627e-08,-0.2639338
1.6629e-08,-0.2613124
1.6631e-08,-0.2584558
1.6633e-08,-0.2553733
1.6635e-08,-0.25207440000000003
1.6637e-08,-0.2485687000000001
1.6639e-08,-0.24486619999999992
1.6641e-08,-0.24097659999999999
1.6643e-08,-0.2369097
1.6645e-08,-0.23267499999999997
1.6647e-08,-0.22828210000000004
1.6649e-08,-0.2237401
1.6651e-08,-0.21905809999999992
1.6653e-08,-0.21424500000000002
1.6655e-08,-0.20930929999999992
1.6657e-08,-0.20425950000000004
1.6659e-08,-0.19910380000000005
1.6661e-08,-0.19385010000000003
1.6663e-08,-0.18850599999999995
1.6665e-08,-0.183079
1.6667e-08,-0.17757650000000003
1.6669e-08,-0.17200529999999992
1.6671e-08,-0.16637230000000003
1.6673e-08,-0.16068420000000005
1.6675e-08,-0.1549471
1.6677e-08,-0.1491673
1.6679e-08,-0.1433506
1.6681e-08,-0.13750279999999993
1.6683e-08,-0.13162930000000006
1.6685e-08,-0.1257355
1.6687e-08,-0.1198264
1.6689e-08,-0.11390690000000003
1.6691e-08,-0.1079817999999999
1.6693e-08,-0.10205540000000002
1.6695e-08,-0.0961322
1.6697e-08,-0.09021619999999997
1.6699e-08,-0.08431130000000009
1.6701e-08,-0.07842150000000003
1.6703e-08,-0.07255010000000006
1.6705e-08,-0.0667006
1.6707e-08,-0.06087620000000005
1.6709e-08,-0.05508029999999997
1.6711e-08,-0.04931540000000001
1.6713e-08,-0.04358439999999997
1.6715e-08,-0.03788999999999998
1.6717e-08,-0.0322346
1.6719e-08,-0.026620599999999994
1.6721e-08,-0.021049999999999902
1.6723e-08,-0.015525000000000011
1.6725e-08,-0.010047499999999987
1.6727e-08,-0.004619099999999987
1.6729e-08,0.0007582000000000422
1.6731e-08,0.006083100000000008
1.6733e-08,0.011354199999999981
1.6735e-08,0.01657009999999992
1.6737e-08,0.021729499999999957
1.6739e-08,0.02683139999999995
1.6741e-08,0.03187489999999993
1.6743e-08,0.036858999999999975
1.6745e-08,0.04178280000000001
1.6747e-08,0.046645599999999954
1.6749e-08,0.05144690000000007
1.6751e-08,0.05618590000000001
1.6753e-08,0.060862300000000036
1.6755e-08,0.06547570000000003
1.6757e-08,0.07002569999999997
1.6759e-08,0.07451199999999991
1.6761e-08,0.07893440000000007
1.6763e-08,0.08329279999999994
1.6765e-08,0.08758719999999998
1.6767e-08,0.09181739999999994
1.6769e-08,0.0959833
1.6771e-08,0.10008529999999993
1.6773e-08,0.10412349999999992
1.6775e-08,0.10809780000000002
1.6777e-08,0.11200849999999996
1.6779e-08,0.11585590000000001
1.6781e-08,0.11964030000000003
1.6783e-08,0.12336199999999997
1.6785e-08,0.1270213
1.6787e-08,0.13061860000000003
1.6789e-08,0.1341542
1.6791e-08,0.13762890000000005
1.6793e-08,0.14104280000000002
1.6795e-08,0.14439650000000004
1.6797e-08,0.14769050000000006
1.67985e-08,0.15012199999999998
1.68e-08,0.15253110000000003
1.68002e-08,0.15285169999999992
1.68006e-08,0.15349290000000004
1.68014e-08,0.15477370000000001
1.6803e-08,0.15730350000000004
1.6805e-08,0.1603523
1.6807e-08,0.1632129000000001
1.6809e-08,0.16583389999999998
1.6811e-08,0.16818
1.6813e-08,0.17022779999999993
1.6815e-08,0.1719632000000001
1.6817e-08,0.1733789
1.6819e-08,0.174473
1.6821e-08,0.17524740000000005
1.6823e-08,0.17570700000000006
1.6825e-08,0.17585870000000003
1.6827e-08,0.17571119999999996
1.6829e-08,0.1752741
1.6831e-08,0.17455770000000004
1.6833e-08,0.17357299999999998
1.6835e-08,0.172331
1.6837e-08,0.17084290000000002
1.6839e-08,0.16911999999999994
1.6841e-08,0.16717310000000007
1.6843e-08,0.16501330000000003
1.6845e-08,0.16265129999999994
1.6847e-08,0.1600975
1.6849e-08,0.15736229999999995
1.6851e-08,0.15445520000000001
1.6853e-08,0.15138609999999997
1.6855e-08,0.14816439999999997
1.6857e-08,0.144799
1.6859e-08,0.14129859999999994
1.6861e-08,0.1376718
1.6863e-08,0.1339267999999999
1.6865e-08,0.13007139999999995
1.6867e-08,0.12611329999999998
1.6869e-08,0.1220599
1.6871e-08,0.11791820000000008
1.6873e-08,0.1136952
1.6875e-08,0.10939739999999998
1.6877e-08,0.1050314
1.6879e-08,0.10060309999999995
1.6881e-08,0.0961185
1.6883e-08,0.09158339999999998
1.6885e-08,0.0870031
1.6887e-08,0.0823830000000001
1.6889e-08,0.07772820000000003
1.6891e-08,0.07304350000000004
1.6893e-08,0.06833349999999994
1.6895e-08,0.06360279999999996
1.6897e-08,0.058855699999999955
1.6899e-08,0.05409620000000004
1.6901e-08,0.04932839999999994
1.6903e-08,0.04455589999999998
1.6905e-08,0.039782399999999996
1.6907e-08,0.03501129999999997
1.6909e-08,0.030245899999999937
1.6911e-08,0.02548919999999999
1.6913e-08,0.02074430000000005
1.6915e-08,0.01601419999999998
1.6917e-08,0.011301200000000011
1.6919e-08,0.006608100000000006
1.6921e-08,0.0019371999999999723
1.6923e-08,-0.00270910000000002
1.6925e-08,-0.007328699999999966
1.6927e-08,-0.011919699999999978
1.6929e-08,-0.01647999999999994
1.6931e-08,-0.02100780000000002
1.6933e-08,-0.025501499999999955
1.6935e-08,-0.029959500000000028
1.6937e-08,-0.03438019999999997
1.6939e-08,-0.038762400000000086
1.6941e-08,-0.043104699999999996
1.6943e-08,-0.04740600000000006
1.6945e-08,-0.051664900000000014
1.6947e-08,-0.055880800000000064
1.6949e-08,-0.06005249999999995
1.6951e-08,-0.06417930000000005
1.6953e-08,-0.06826030000000005
1.6955e-08,-0.07229470000000005
1.6957e-08,-0.07628210000000002
1.6959e-08,-0.08022180000000001
1.6961e-08,-0.0841132
1.6963e-08,-0.08795609999999998
1.6965e-08,-0.09175
1.6967e-08,-0.09549439999999998
1.6969e-08,-0.09918930000000004
1.6971e-08,-0.10283430000000005
1.6973e-08,-0.10642930000000006
1.6975e-08,-0.10997410000000007
1.6977e-08,-0.11346880000000004
1.6979e-08,-0.11691309999999999
1.6981e-08,-0.12030720000000006
1.6983e-08,-0.12365099999999996
1.6985e-08,-0.12694470000000002
1.6987e-08,-0.13018829999999992
1.6989e-08,-0.133382
1.6991e-08,-0.13652589999999998
1.6993e-08,-0.13962030000000003
1.6995e-08,-0.1426653
1.6997e-08,-0.1456613
1.69985e-08,-0.1478762
1.7e-08,-0.15006380000000008
1.70002e-08,-0.15035310000000002
1.70006e-08,-0.15093079999999992
1.70014e-08,-0.1520806
1.7003e-08,-0.15435699999999997
1.7005e-08,-0.15715959999999995
1.7007e-08,-0.15991480000000002
1.7009e-08,-0.16262280000000007
1.7011e-08,-0.165284
1.7013e-08,-0.16789890000000007
1.7015e-08,-0.1704679
1.7017e-08,-0.17299140000000002
1.7019e-08,-0.1754698
1.7021e-08,-0.17790360000000005
1.7023e-08,-0.1802933
1.7025e-08,-0.1826392
1.7027e-08,-0.18494199999999994
1.7029e-08,-0.18720199999999998
1.7031e-08,-0.18941989999999997
1.7033e-08,-0.19159589999999993
1.7035e-08,-0.19373069999999992
1.7037e-08,-0.19582480000000002
1.7039e-08,-0.19787869999999996
1.7041e-08,-0.19989279999999998
1.7043e-08,-0.20186780000000004
1.7045e-08,-0.20380409999999993
1.7047e-08,-0.20570220000000006
1.7049e-08,-0.20756259999999993
1.7051e-08,-0.20938599999999996
1.7053e-08,-0.2111727
1.7055e-08,-0.21292319999999998
1.7057e-08,-0.21463829999999995
1.7059e-08,-0.21631820000000002
1.7061e-08,-0.21796369999999998
1.7063e-08,-0.21957499999999996
1.7065e-08,-0.22115280000000004
1.7067e-08,-0.22269760000000005
1.7069e-08,-0.2242099999999999
1.7071e-08,-0.2256902999999999
1.7073e-08,-0.22713910000000004
1.7075e-08,-0.22855689999999995
1.7077e-08,-0.22994409999999998
1.7079e-08,-0.23130129999999993
1.7081e-08,-0.23262910000000003
1.7083e-08,-0.23392780000000002
1.7085e-08,-0.2351977999999999
1.7087e-08,-0.23643970000000003
1.7089e-08,-0.23765409999999998
1.7091e-08,-0.23884129999999992
1.7093e-08,-0.24000179999999993
1.7095e-08,-0.24113590000000007
1.7097e-08,-0.24224429999999997
1.7099e-08,-0.24332739999999997
1.7101e-08,-0.24438550000000003
1.7103e-08,-0.24541920000000006
1.7105e-08,-0.2464288
1.7107e-08,-0.24741480000000005
1.7109e-08,-0.24837759999999998
1.7111e-08,-0.24931759999999992
1.7113e-08,-0.25023529999999994
1.7115e-08,-0.251131
1.7117e-08,-0.25200520000000004
1.7119e-08,-0.2528581999999999
1.7121e-08,-0.2536904
1.7123e-08,-0.2545022
1.7125e-08,-0.25529409999999997
1.7127e-08,-0.2560664
1.7129e-08,-0.2568193
1.7131e-08,-0.25755340000000004
1.7133e-08,-0.25826899999999997
1.7135e-08,-0.25896639999999993
1.7137e-08,-0.2596459
1.7139e-08,-0.26030810000000004
1.7141e-08,-0.260953
1.7143e-08,-0.26158119999999996
1.7145e-08,-0.2621928
1.7147e-08,-0.2627883
1.7149e-08,-0.2633681
1.7151e-08,-0.2639323
1.7153e-08,-0.26448130000000003
1.7155e-08,-0.26501549999999996
1.7157e-08,-0.26553499999999997
1.7159e-08,-0.2660403
1.7161e-08,-0.26653150000000003
1.7163e-08,-0.26700899999999994
1.7165e-08,-0.26747299999999996
1.7167e-08,-0.26792399999999994
1.7169e-08,-0.268362
1.7171e-08,-0.26878750000000007
1.7173e-08,-0.26920050000000006
1.7175e-08,-0.26960149999999994
1.7177e-08,-0.26999070000000003
1.7179e-08,-0.2703683
1.7181e-08,-0.27073440000000004
1.7183e-08,-0.27108960000000004
1.7185e-08,-0.2714339
1.7187e-08,-0.2717676
1.7189e-08,-0.2720909
1.7191e-08,-0.272404
1.7193e-08,-0.27270720000000004
1.7195e-08,-0.2730007
1.7197e-08,-0.27328470000000005
1.71985e-08,-0.27349159999999995
1.72e-08,-0.27369330000000003
1.72002e-08,-0.27371980000000007
1.72006e-08,-0.2737725
1.72014e-08,-0.2738769
1.7203e-08,-0.27408160000000004
1.7205e-08,-0.2743297
1.7207e-08,-0.27456919999999996
1.7209e-08,-0.2748005
1.7211e-08,-0.2750237
1.7213e-08,-0.27523889999999995
1.7215e-08,-0.27544650000000004
1.7217e-08,-0.27564639999999996
1.7219e-08,-0.27583900000000006
1.7221e-08,-0.27602440000000006
1.7223e-08,-0.2762026999999999
1.7225e-08,-0.2763742
1.7227e-08,-0.2765390000000001
1.7229e-08,-0.2766972999999999
1.7231e-08,-0.2768492
1.7233e-08,-0.2769948000000001
1.7235e-08,-0.27713430000000006
1.7237e-08,-0.2772679
1.7239e-08,-0.27739579999999997
1.7241e-08,-0.2775179
1.7243e-08,-0.27763460000000006
1.7245e-08,-0.27774600000000005
1.7247e-08,-0.277852
1.7249e-08,-0.277953
1.7251e-08,-0.278049
1.7253e-08,-0.27814019999999995
1.7255e-08,-0.2782266
1.7257e-08,-0.2783086
1.7259e-08,-0.2783859000000001
1.7261e-08,-0.27845889999999995
1.7263e-08,-0.27852770000000004
1.7265e-08,-0.2785923
1.7267e-08,-0.2786529
1.7269e-08,-0.2787096
1.7271e-08,-0.27876239999999997
1.7273e-08,-0.27881160000000005
1.7275e-08,-0.2788572
1.7277e-08,-0.27889929999999996
1.7279e-08,-0.27893789999999996
1.7281e-08,-0.2789731999999999
1.7283e-08,-0.2790053
1.7285e-08,-0.27903429999999996
1.7287e-08,-0.27906030000000004
1.7289e-08,-0.27908310000000003
1.7291e-08,-0.27910329999999994
1.7293e-08,-0.27912060000000005
1.7295e-08,-0.2791353
1.7297e-08,-0.27914719999999993
1.7299e-08,-0.27915670000000004
1.7301e-08,-0.27916360000000007
1.7303e-08,-0.2791682
1.7305e-08,-0.27917040000000004
1.7307e-08,-0.27917040000000004
1.7309e-08,-0.27916830000000004
1.7311e-08,-0.2791640000000001
1.7313e-08,-0.2791576
1.7315e-08,-0.27914929999999993
1.7317e-08,-0.2791391
1.7319e-08,-0.279127
1.7321e-08,-0.2791131
1.7323e-08,-0.27909759999999995
1.7325e-08,-0.2790802
1.7327e-08,-0.27906129999999996
1.7329e-08,-0.2790408000000001
1.7331e-08,-0.27901889999999996
1.7333e-08,-0.27899550000000006
1.7335e-08,-0.2789707
1.7337e-08,-0.27894450000000004
1.7339e-08,-0.27891699999999997
1.7341e-08,-0.2788881999999999
1.7343e-08,-0.2788583
1.7345e-08,-0.2788271
1.7347e-08,-0.27879490000000007
1.7349e-08,-0.2787617
1.7351e-08,-0.27872739999999996
1.7353e-08,-0.2786921
1.7355e-08,-0.2786558
1.7357e-08,-0.27861860000000005
1.7359e-08,-0.27858059999999996
1.7361e-08,-0.2785417
1.7363e-08,-0.2785019999999999
1.7365e-08,-0.27846170000000003
1.7367e-08,-0.2784206
1.7369e-08,-0.2783787
1.7371e-08,-0.2783361999999999
1.7373e-08,-0.27829310000000007
1.7375e-08,-0.2782494
1.7377e-08,-0.2782051000000001
1.7379e-08,-0.2781602999999999
1.7381e-08,-0.278115
1.7383e-08,-0.27806929999999996
1.7385e-08,-0.278023
1.7387e-08,-0.2779763999999999
1.7389e-08,-0.27792930000000005
1.7391e-08,-0.2778819
1.7393e-08,-0.27783420000000003
1.7395e-08,-0.2777860999999999
1.7397e-08,-0.2777377000000001
1.73985e-08,-0.27770130000000004
1.74e-08,-0.27766460000000004
1.74002e-08,-0.2776598
1.74006e-08,-0.27764999999999995
1.74014e-08,-0.27763040000000005
1.7403e-08,-0.27759100000000003
1.7405e-08,-0.2775417
1.7407e-08,-0.2774922000000001
1.7409e-08,-0.2774424000000001
1.7411e-08,-0.2773926000000001
1.7413e-08,-0.27734270000000005
1.7415e-08,-0.27729250000000005
1.7417e-08,-0.27724230000000005
1.7419e-08,-0.277192
1.7421e-08,-0.27714170000000005
1.7423e-08,-0.27709129999999993
1.7425e-08,-0.27704090000000003
1.7427e-08,-0.27699050000000003
1.7429e-08,-0.27693999999999996
1.7431e-08,-0.27688960000000007
1.7433e-08,-0.2768391
1.7435e-08,-0.2767887
1.7437e-08,-0.27673840000000005
1.7439e-08,-0.27668820000000005
1.7441e-08,-0.27663800000000005
1.7443e-08,-0.2765879
1.7445e-08,-0.2765379
1.7447e-08,-0.2764879
1.7449e-08,-0.27643819999999997
1.7451e-08,-0.27638850000000004
1.7453e-08,-0.27633890000000005
1.7455e-08,-0.2762895999999999
1.7457e-08,-0.27624040000000005
1.7459e-08,-0.27619130000000003
1.7461e-08,-0.2761424
1.7463e-08,-0.2760937
1.7465e-08,-0.2760452
1.7467e-08,-0.27599679999999993
1.7469e-08,-0.27594869999999994
1.7471e-08,-0.27590079999999995
1.7473e-08,-0.27585309999999996
1.7475e-08,-0.27580570000000004
1.7477e-08,-0.27575839999999996
1.7479e-08,-0.27571140000000005
1.7481e-08,-0.2756645
1.7483e-08,-0.27561800000000003
1.7485e-08,-0.27557180000000003
1.7487e-08,-0.2755257000000001
1.7489e-08,-0.27548000000000006
1.7491e-08,-0.27543439999999997
1.7493e-08,-0.2753892
1.7495e-08,-0.27534419999999993
1.7497e-08,-0.27529950000000003
1.7499e-08,-0.2752551
1.7501e-08,-0.27521090000000004
1.7503e-08,-0.2751671
1.7505e-08,-0.2751235000000001
1.7507e-08,-0.27508029999999994
1.7509e-08,-0.27503730000000004
1.7511e-08,-0.2749946
1.7513e-08,-0.2749522
1.7515e-08,-0.27491010000000005
1.7517e-08,-0.27486829999999995
1.7519e-08,-0.2748267999999999
1.7521e-08,-0.2747857
1.7523e-08,-0.2747447999999999
1.7525e-08,-0.2747043
1.7527e-08,-0.2746639999999999
1.7529e-08,-0.27462410000000004
1.7531e-08,-0.27458439999999995
1.7533e-08,-0.2745451
1.7535e-08,-0.2745061000000001
1.7537e-08,-0.27446740000000003
1.7539e-08,-0.27442900000000003
1.7541e-08,-0.2743909
1.7543e-08,-0.27435319999999996
1.7545e-08,-0.2743158
1.7547e-08,-0.2742787
1.7549e-08,-0.27424190000000004
1.7551e-08,-0.27420540000000004
1.7553e-08,-0.27416929999999995
1.7555e-08,-0.27413350000000003
1.7557e-08,-0.2740979
1.7559e-08,-0.2740627
1.7561e-08,-0.27402780000000004
1.7563e-08,-0.2739933
1.7565e-08,-0.2739589
1.7567e-08,-0.273925
1.7569e-08,-0.2738914
1.7571e-08,-0.27385800000000005
1.7573e-08,-0.273825
1.7575e-08,-0.2737923
1.7577e-08,-0.27375989999999994
1.7579e-08,-0.2737278000000001
1.7581e-08,-0.27369600000000005
1.7583e-08,-0.27366460000000004
1.7585e-08,-0.2736333999999999
1.7587e-08,-0.27360249999999997
1.7589e-08,-0.27357200000000004
1.7591e-08,-0.2735417
1.7593e-08,-0.2735117
1.7595e-08,-0.27348209999999995
1.7597e-08,-0.2734527
1.75985e-08,-0.27343090000000003
1.76e-08,-0.2734198
1.76002e-08,-0.27342050000000007
1.76006e-08,-0.27342330000000004
1.76014e-08,-0.2734341
1.7603e-08,-0.2734535
1.7605e-08,-0.2734202
1.7607e-08,-0.27326210000000006
1.7609e-08,-0.272929
1.7611e-08,-0.27238549999999995
1.7613e-08,-0.2716081
1.7615e-08,-0.2705814000000001
1.7617e-08,-0.269297
1.7619e-08,-0.26775150000000003
1.7621e-08,-0.2659448
1.7623e-08,-0.26388030000000007
1.7625e-08,-0.261563
1.7627e-08,-0.2589996
1.7629e-08,-0.2561979
1.7631e-08,-0.2531666
1.7633e-08,-0.2499148
1.7635e-08,-0.24645209999999995
1.7637e-08,-0.24278789999999995
1.7639e-08,-0.2389323
1.7641e-08,-0.2348946999999999
1.7643e-08,-0.2306851000000001
1.7645e-08,-0.2263128000000001
1.7647e-08,-0.22178719999999996
1.7649e-08,-0.21711769999999997
1.7651e-08,-0.21231319999999998
1.7653e-08,-0.20738239999999997
1.7655e-08,-0.20233409999999996
1.7657e-08,-0.19717659999999992
1.7659e-08,-0.19191790000000009
1.7661e-08,-0.18656589999999995
1.7663e-08,-0.18112830000000002
1.7665e-08,-0.17561270000000007
1.7667e-08,-0.17002589999999995
1.7669e-08,-0.16437519999999994
1.7671e-08,-0.15866729999999996
1.7673e-08,-0.15290840000000006
1.7675e-08,-0.14710520000000005
1.7677e-08,-0.14126359999999993
1.7679e-08,-0.1353892
1.7681e-08,-0.12948800000000005
1.7683e-08,-0.12356540000000005
1.7685e-08,-0.11762630000000007
1.7687e-08,-0.111676
1.7689e-08,-0.1057191999999999
1.7691e-08,-0.09976050000000003
1.7693e-08,-0.09380440000000001
1.7695e-08,-0.08785500000000002
1.7697e-08,-0.0819164
1.7699e-08,-0.07599240000000007
1.7701e-08,-0.0700867999999999
1.7703e-08,-0.06420300000000001
1.7705e-08,-0.058344300000000016
1.7707e-08,-0.0525139
1.7709e-08,-0.046714800000000056
1.7711e-08,-0.040949799999999925
1.7713e-08,-0.035221599999999964
1.7715e-08,-0.029532699999999967
1.7717e-08,-0.023885500000000004
1.7719e-08,-0.018282099999999968
1.7721e-08,-0.012724899999999928
1.7723e-08,-0.007215500000000041
1.7725e-08,-0.0017559999999999798
1.7727e-08,0.0036521999999999943
1.7729e-08,0.009007199999999993
1.7731e-08,0.014307700000000034
1.7733e-08,0.019552400000000025
1.7735e-08,0.024739900000000037
1.7737e-08,0.0298693000000001
1.7739e-08,0.034939399999999954
1.7741e-08,0.03994920000000002
1.7743e-08,0.0448982
1.7745e-08,0.04978529999999992
1.7747e-08,0.05461020000000005
1.7749e-08,0.05937190000000003
1.7751e-08,0.06407030000000002
1.7753e-08,0.06870469999999995
1.7755e-08,0.07327479999999997
1.7757e-08,0.07778049999999992
1.7759e-08,0.08222150000000006
1.7761e-08,0.08659760000000005
1.7763e-08,0.09090880000000001
1.7765e-08,0.09515489999999993
1.7767e-08,0.09933619999999999
1.7769e-08,0.10345250000000006
1.7771e-08,0.10750409999999999
1.7773e-08,0.111491
1.7775e-08,0.11541349999999995
1.7777e-08,0.11927209999999999
1.7779e-08,0.12306669999999997
1.7781e-08,0.12679780000000007
1.7783e-08,0.13046559999999996
1.7785e-08,0.13407080000000005
1.7787e-08,0.13761350000000006
1.7789e-08,0.1410945
1.7791e-08,0.14451390000000008
1.7793e-08,0.14787250000000007
1.7795e-08,0.15117049999999999
1.7797e-08,0.1544088
1.77985e-08,0.15679850000000006
1.78e-08,0.1591549000000001
1.78002e-08,0.15946719999999992
1.78006e-08,0.16009229999999997
1.78014e-08,0.16134570000000004
1.7803e-08,0.16383919999999996
1.7805e-08,0.16687000000000007
1.7807e-08,0.16973550000000004
1.7809e-08,0.17237809999999998
1.7811e-08,0.1747573
1.7813e-08,0.17684600000000006
1.7815e-08,0.17862710000000004
1.7817e-08,0.18009110000000006
1.7819e-08,0.18123449999999997
1.7821e-08,0.1820577
1.7823e-08,0.18256490000000003
1.7825e-08,0.18276219999999999
1.7827e-08,0.1826578000000001
1.7829e-08,0.18226089999999995
1.7831e-08,0.1815816
1.7833e-08,0.18063060000000009
1.7835e-08,0.17941889999999994
1.7837e-08,0.1779575
1.7839e-08,0.1762577999999999
1.7841e-08,0.17433049999999994
1.7843e-08,0.1721870000000001
1.7845e-08,0.16983759999999992
1.7847e-08,0.16729320000000003
1.7849e-08,0.16456380000000004
1.7851e-08,0.1616594
1.7853e-08,0.15858969999999994
1.7855e-08,0.1553643
1.7857e-08,0.15199220000000002
1.7859e-08,0.1484822
1.7861e-08,0.14484279999999994
1.7863e-08,0.14108240000000005
1.7865e-08,0.13720900000000003
1.7867e-08,0.13323010000000002
1.7869e-08,0.12915350000000003
1.7871e-08,0.12498609999999999
1.7873e-08,0.12073520000000004
1.7875e-08,0.11640700000000004
1.7877e-08,0.11200840000000001
1.7879e-08,0.10754560000000002
1.7881e-08,0.10302440000000002
1.7883e-08,0.09845059999999994
1.7885e-08,0.09382990000000002
1.7887e-08,0.08916760000000001
1.7889e-08,0.08446889999999996
1.7891e-08,0.07973859999999999
1.7893e-08,0.07498159999999998
1.7895e-08,0.0702024
1.7897e-08,0.06540539999999995
1.7899e-08,0.0605947
1.7901e-08,0.0557744
1.7903e-08,0.050948299999999946
1.7905e-08,0.0461201
1.7907e-08,0.041293400000000036
1.7909e-08,0.03647139999999993
1.7911e-08,0.03165720000000005
1.7913e-08,0.026854099999999992
1.7915e-08,0.022064900000000054
1.7917e-08,0.01729219999999998
1.7919e-08,0.012538700000000014
1.7921e-08,0.00780689999999995
1.7923e-08,0.0030992000000000797
1.7925e-08,-0.001582199999999978
1.7927e-08,-0.006235400000000002
1.7929e-08,-0.01085820000000004
1.7931e-08,-0.015448899999999988
1.7933e-08,-0.020005700000000015
1.7935e-08,-0.024526900000000018
1.7937e-08,-0.02901100000000001
1.7939e-08,-0.033456700000000006
1.7941e-08,-0.03786249999999991
1.7943e-08,-0.04222729999999997
1.7945e-08,-0.04654990000000003
1.7947e-08,-0.05082920000000002
1.7949e-08,-0.05506420000000001
1.7951e-08,-0.05925429999999998
1.7953e-08,-0.06339819999999996
1.7955e-08,-0.06749559999999999
1.7957e-08,-0.07154559999999999
1.7959e-08,-0.0755477
1.7961e-08,-0.0795013
1.7963e-08,-0.08340590000000003
1.7965e-08,-0.08726109999999998
1.7967e-08,-0.09106669999999994
1.7969e-08,-0.09482219999999997
1.7971e-08,-0.09852760000000005
1.7973e-08,-0.10218250000000006
1.7975e-08,-0.10578679999999996
1.7977e-08,-0.1093404
1.7979e-08,-0.11284339999999993
1.7981e-08,-0.11629539999999994
1.7983e-08,-0.1196969000000001
1.7985e-08,-0.12304760000000003
1.7987e-08,-0.1263478
1.7989e-08,-0.12959750000000003
1.7991e-08,-0.1327969
1.7993e-08,-0.13594620000000002
1.7995e-08,-0.13904570000000005
1.7997e-08,-0.14209539999999998
1.79985e-08,-0.14435029999999993
1.8e-08,-0.14657749999999992
1.80002e-08,-0.1468722
1.80006e-08,-0.1474605
1.80014e-08,-0.14863119999999996
1.8003e-08,-0.15094930000000006
1.8005e-08,-0.15380339999999992
1.8007e-08,-0.15660949999999996
1.8009e-08,-0.1593679
1.8011e-08,-0.16207890000000003
1.8013e-08,-0.16474310000000003
1.8015e-08,-0.16736069999999992
1.8017e-08,-0.16993219999999998
1.8019e-08,-0.172458
1.8021e-08,-0.1749387
1.8023e-08,-0.17737459999999994
1.8025e-08,-0.1797662
1.8027e-08,-0.18211410000000006
1.8029e-08,-0.1844186
1.8031e-08,-0.18668030000000002
1.8033e-08,-0.1888997
1.8035e-08,-0.1910773
1.8037e-08,-0.19321350000000004
1.8039e-08,-0.19530900000000007
1.8041e-08,-0.1973642
1.8043e-08,-0.1993796
1.8045e-08,-0.20135579999999997
1.8047e-08,-0.2032932999999999
1.8049e-08,-0.2051925
1.8051e-08,-0.20705399999999996
1.8053e-08,-0.20887840000000002
1.8055e-08,-0.21066620000000003
1.8057e-08,-0.2124178
1.8059e-08,-0.2141339
1.8061e-08,-0.21581479999999997
1.8063e-08,-0.21746129999999997
1.8065e-08,-0.21907359999999998
1.8067e-08,-0.22065250000000003
1.8069e-08,-0.22219829999999996
1.8071e-08,-0.2237116
1.8073e-08,-0.22519299999999998
1.8075e-08,-0.22664280000000003
1.8077e-08,-0.22806159999999998
1.8079e-08,-0.22944999999999993
1.8081e-08,-0.23080830000000008
1.8083e-08,-0.23213700000000004
1.8085e-08,-0.2334368
1.8087e-08,-0.23470800000000003
1.8089e-08,-0.23595100000000002
1.8091e-08,-0.2371666
1.8093e-08,-0.23835490000000004
1.8095e-08,-0.23951650000000002
1.8097e-08,-0.2406520000000001
1.8099e-08,-0.24176170000000008
1.8101e-08,-0.242846
1.8103e-08,-0.24390539999999994
1.8105e-08,-0.24494039999999995
1.8107e-08,-0.24595140000000004
1.8109e-08,-0.24693889999999996
1.8111e-08,-0.24790309999999993
1.8113e-08,-0.24884459999999997
1.8115e-08,-0.24976370000000003
1.8117e-08,-0.250661
1.8119e-08,-0.25153670000000006
1.8121e-08,-0.25239120000000004
1.8123e-08,-0.25322500000000003
1.8125e-08,-0.2540385999999999
1.8127e-08,-0.2548321
1.8129e-08,-0.255606
1.8131e-08,-0.25636059999999994
1.8133e-08,-0.25709650000000006
1.8135e-08,-0.2578138
1.8137e-08,-0.258513
1.8139e-08,-0.25919440000000005
1.8141e-08,-0.25985839999999993
1.8143e-08,-0.2605052
1.8145e-08,-0.26113530000000007
1.8147e-08,-0.261749
1.8149e-08,-0.2623464999999999
1.8151e-08,-0.2629281
1.8153e-08,-0.2634944
1.8155e-08,-0.26404550000000004
1.8157e-08,-0.2645816
1.8159e-08,-0.26510330000000004
1.8161e-08,-0.2656105999999999
1.8163e-08,-0.26610389999999995
1.8165e-08,-0.26658360000000003
1.8167e-08,-0.26704989999999995
1.8169e-08,-0.26750299999999994
1.8171e-08,-0.2679433
1.8173e-08,-0.26837089999999997
1.8175e-08,-0.2687862
1.8177e-08,-0.26918949999999997
1.8179e-08,-0.2695809
1.8181e-08,-0.26996089999999995
1.8183e-08,-0.2703295
1.8185e-08,-0.27068690000000006
1.8187e-08,-0.2710336
1.8189e-08,-0.2713696
1.8191e-08,-0.27169540000000003
1.8193e-08,-0.27201090000000006
1.8195e-08,-0.27231649999999996
1.8197e-08,-0.2726124
1.81985e-08,-0.2728281
1.82e-08,-0.27304910000000004
1.82002e-08,-0.27308030000000005
1.82006e-08,-0.27314380000000005
1.82014e-08,-0.27327519999999994
1.8203e-08,-0.2735310999999999
1.8205e-08,-0.2737853
1.8207e-08,-0.2739062
1.8209e-08,-0.27384359999999996
1.8211e-08,-0.27356269999999994
1.8213e-08,-0.2730399
1.8215e-08,-0.2722605
1.8217e-08,-0.27121629999999997
1.8219e-08,-0.2699037000000001
1.8221e-08,-0.26832349999999994
1.8223e-08,-0.26647869999999996
1.8225e-08,-0.26437489999999997
1.8227e-08,-0.26201870000000005
1.8229e-08,-0.2594183
1.8231e-08,-0.25658210000000004
1.8233e-08,-0.2535197
1.8235e-08,-0.2502407
1.8237e-08,-0.24675459999999994
1.8239e-08,-0.24307139999999994
1.8241e-08,-0.23920089999999994
1.8243e-08,-0.2351529
1.8245e-08,-0.2309369
1.8247e-08,-0.2265625
1.8249e-08,-0.22203870000000003
1.8251e-08,-0.21737499999999998
1.8253e-08,-0.21258
1.8255e-08,-0.20766240000000002
1.8257e-08,-0.2026304
1.8259e-08,-0.19749260000000002
1.8261e-08,-0.19225650000000005
1.8263e-08,-0.18693000000000004
1.8265e-08,-0.18152069999999998
1.8267e-08,-0.17603559999999996
1.8269e-08,-0.17048190000000008
1.8271e-08,-0.16486639999999997
1.8273e-08,-0.1591954
1.8275e-08,-0.15347560000000005
1.8277e-08,-0.14771299999999998
1.8279e-08,-0.14191350000000003
1.8281e-08,-0.1360827
1.8283e-08,-0.13022630000000002
1.8285e-08,-0.12434939999999994
1.8287e-08,-0.11845720000000004
1.8289e-08,-0.11255470000000001
1.8291e-08,-0.10664620000000002
1.8293e-08,-0.1007365
1.8295e-08,-0.09482989999999991
1.8297e-08,-0.08893039999999997
1.8299e-08,-0.08304210000000001
1.8301e-08,-0.07716840000000003
1.8303e-08,-0.07131339999999997
1.8305e-08,-0.06547999999999998
1.8307e-08,-0.05967180000000005
1.8309e-08,-0.05389169999999999
1.8311e-08,-0.048142600000000035
1.8313e-08,-0.042427400000000004
1.8315e-08,-0.03674869999999997
1.8317e-08,-0.031108799999999937
1.8319e-08,-0.02551009999999998
1.8321e-08,-0.019954899999999998
1.8323e-08,-0.014445000000000041
1.8325e-08,-0.008982500000000004
1.8327e-08,-0.0035690999999999917
1.8329e-08,0.0017935999999999508
1.8331e-08,0.007103900000000052
1.8333e-08,0.012360400000000049
1.8335e-08,0.017562000000000078
1.8337e-08,0.022707299999999986
1.8339e-08,0.02779519999999991
1.8341e-08,0.03282469999999993
1.8343e-08,0.03779500000000002
1.8345e-08,0.04270530000000006
1.8347e-08,0.04755469999999995
1.8349e-08,0.052342700000000075
1.8351e-08,0.057068600000000025
1.8353e-08,0.0617319999999999
1.8355e-08,0.06633260000000007
1.8357e-08,0.07086990000000004
1.8359e-08,0.07534370000000001
1.8361e-08,0.07975370000000004
1.8363e-08,0.08409999999999995
1.8365e-08,0.08838230000000002
1.8367e-08,0.09260049999999997
1.8369e-08,0.09675489999999998
1.8371e-08,0.10084529999999992
1.8373e-08,0.10487190000000002
1.8375e-08,0.10883500000000002
1.8377e-08,0.11273460000000002
1.8379e-08,0.11657099999999998
1.8381e-08,0.12034470000000008
1.8383e-08,0.12405560000000004
1.8385e-08,0.12770439999999994
1.8387e-08,0.1312913
1.8389e-08,0.13481690000000002
1.8391e-08,0.1382814
1.8393e-08,0.14168540000000007
1.8395e-08,0.14502930000000003
1.8397e-08,0.1483137
1.83985e-08,0.15073820000000004
1.84e-08,0.15312959999999998
1.84002e-08,0.15344570000000002
1.84006e-08,0.15407670000000007
1.84014e-08,0.15533169999999996
1.8403e-08,0.15781420000000002
1.8405e-08,0.16086579999999995
1.8407e-08,0.16386070000000008
1.8409e-08,0.1667995
1.8411e-08,0.16968280000000002
1.8413e-08,0.17251110000000003
1.8415e-08,0.17528519999999992
1.8417e-08,0.17800570000000004
1.8419e-08,0.18067310000000003
1.8421e-08,0.1832882
1.8423e-08,0.18585170000000006
1.8425e-08,0.18836430000000004
1.8427e-08,0.19082639999999995
1.8429e-08,0.19323900000000005
1.8431e-08,0.19560259999999996
1.8433e-08,0.19791780000000003
1.8435e-08,0.20018550000000002
1.8437e-08,0.20240619999999998
1.8439e-08,0.20458070000000006
1.8441e-08,0.2067097
1.8443e-08,0.20879369999999997
1.8445e-08,0.2108335
1.8447e-08,0.21282980000000007
1.8449e-08,0.21478320000000006
1.8451e-08,0.21669440000000006
1.8453e-08,0.21856399999999998
1.8455e-08,0.22039279999999994
1.8457e-08,0.22218130000000003
1.8459e-08,0.22393020000000008
1.8461e-08,0.22564030000000002
1.8463e-08,0.22731200000000007
1.8465e-08,0.22894610000000004
1.8467e-08,0.23054320000000006
1.8469e-08,0.23210379999999997
1.8471e-08,0.23362870000000002
1.8473e-08,0.23511840000000006
1.8475e-08,0.23657360000000005
1.8477e-08,0.23799479999999995
1.8479e-08,0.23938269999999995
1.8481e-08,0.24073790000000006
1.8483e-08,0.24206080000000008
1.8485e-08,0.24335209999999996
1.8487e-08,0.2446125
1.8489e-08,0.2458422
1.8491e-08,0.2470422
1.8493e-08,0.24821269999999995
1.8495e-08,0.24935439999999998
1.8497e-08,0.2504678
1.8499e-08,0.2515535
1.8501e-08,0.25261200000000006
1.8503e-08,0.25364359999999997
1.8505e-08,0.2546491000000001
1.8507e-08,0.2556288000000001
1.8509e-08,0.2565834
1.8511e-08,0.25751310000000005
1.8513e-08,0.2584187
1.8515e-08,0.2593004
1.8517e-08,0.2601588
1.8519e-08,0.26099440000000007
1.8521e-08,0.26180749999999997
1.8523e-08,0.2625988
1.8525e-08,0.26336839999999995
1.8527e-08,0.26411700000000005
1.8529e-08,0.26484490000000005
1.8531e-08,0.26555249999999997
1.8533e-08,0.2662403
1.8535e-08,0.2669087
1.8537e-08,0.2675580999999999
1.8539e-08,0.2681888
1.8541e-08,0.26880119999999996
1.8543e-08,0.26939579999999996
1.8545e-08,0.2699728
1.8547e-08,0.2705328
1.8549e-08,0.271076
1.8551e-08,0.2716027000000001
1.8553e-08,0.2721135
1.8555e-08,0.2726084999999999
1.8557e-08,0.27308809999999994
1.8559e-08,0.27355260000000003
1.8561e-08,0.27400250000000004
1.8563e-08,0.2744379
1.8565e-08,0.27485930000000003
1.8567e-08,0.27526680000000003
1.8569e-08,0.27566100000000004
1.8571e-08,0.27604189999999995
1.8573e-08,0.2764099
1.8575e-08,0.27676539999999994
1.8577e-08,0.2771085999999999
1.8579e-08,0.27743970000000007
1.8581e-08,0.2777592
1.8583e-08,0.27806699999999995
1.8585e-08,0.2783637000000001
1.8587e-08,0.2786495
1.8589e-08,0.27892459999999997
1.8591e-08,0.2791891000000001
1.8593e-08,0.2794434
1.8595e-08,0.2796879
1.8597e-08,0.27992249999999996
1.85985e-08,0.2800922
1.86e-08,0.2802568
1.86002e-08,0.2802783
1.86006e-08,0.28032100000000004
1.86014e-08,0.2804055999999999
1.8603e-08,0.2805704
1.8605e-08,0.28076840000000003
1.8607e-08,0.28095780000000004
1.8609e-08,0.2811388
1.8611e-08,0.2813116
1.8613e-08,0.28147639999999996
1.8615e-08,0.2816333999999999
1.8617e-08,0.2817828
1.8619e-08,0.2819248
1.8621e-08,0.2820595
1.8623e-08,0.28218719999999997
1.8625e-08,0.28230809999999995
1.8627e-08,0.2824223
1.8629e-08,0.2825299
1.8631e-08,0.2826312000000001
1.8633e-08,0.28272640000000004
1.8635e-08,0.28281560000000006
1.8637e-08,0.2828988
1.8639e-08,0.2829764
1.8641e-08,0.2830484999999999
1.8643e-08,0.28311510000000006
1.8645e-08,0.28317650000000005
1.8647e-08,0.28323280000000006
1.8649e-08,0.28328410000000004
1.8651e-08,0.2833306
1.8653e-08,0.2833725
1.8655e-08,0.2834097
1.8657e-08,0.2834426
1.8659e-08,0.2834711
1.8661e-08,0.2834954999999999
1.8663e-08,0.2835158
1.8665e-08,0.28353229999999996
1.8667e-08,0.28354479999999993
1.8669e-08,0.2835537
1.8671e-08,0.28355890000000006
1.8673e-08,0.28356079999999995
1.8675e-08,0.28355910000000006
1.8677e-08,0.28355430000000004
1.8679e-08,0.28354619999999997
1.8681e-08,0.2835352
1.8683e-08,0.2835209999999999
1.8685e-08,0.2835042000000001
1.8687e-08,0.2834844000000001
1.8689e-08,0.283462
1.8691e-08,0.2834369
1.8693e-08,0.28340940000000003
1.8695e-08,0.28337939999999995
1.8697e-08,0.2833471000000001
1.8699e-08,0.28331249999999997
1.8701e-08,0.2832756999999999
1.8703e-08,0.28323680000000007
1.8705e-08,0.28319589999999994
1.8707e-08,0.283153
1.8709e-08,0.28310820000000003
1.8711e-08,0.28306169999999997
1.8713e-08,0.2830133
1.8715e-08,0.28296330000000003
1.8717e-08,0.2829117
1.8719e-08,0.2828585
1.8721e-08,0.28280380000000005
1.8723e-08,0.28274769999999994
1.8725e-08,0.2826902
1.8727e-08,0.28263150000000004
1.8729e-08,0.28257140000000003
1.8731e-08,0.28251019999999993
1.8733e-08,0.2824478
1.8735e-08,0.2823844
1.8737e-08,0.2823198
1.8739e-08,0.28225429999999996
1.8741e-08,0.28218789999999994
1.8743e-08,0.28212059999999994
1.8745e-08,0.2820524
1.8747e-08,0.2819834
1.8749e-08,0.28191369999999993
1.8751e-08,0.28184319999999996
1.8753e-08,0.28177209999999997
1.8755e-08,0.2817003
1.8757e-08,0.28162789999999993
1.8759e-08,0.281555
1.8761e-08,0.28148150000000005
1.8763e-08,0.2814076
1.8765e-08,0.28133320000000006
1.8767e-08,0.2812583999999999
1.8769e-08,0.2811832000000001
1.8771e-08,0.28110769999999996
1.8773e-08,0.2810319
1.8775e-08,0.2809558
1.8777e-08,0.2808794
1.8779e-08,0.28080269999999996
1.8781e-08,0.2807259
1.8783e-08,0.2806489
1.8785e-08,0.28057180000000004
1.8787e-08,0.2804945
1.8789e-08,0.2804171000000001
1.8791e-08,0.2803397000000001
1.8793e-08,0.2802622
1.8795e-08,0.28018470000000006
1.8797e-08,0.2801072
1.87985e-08,0.28004909999999994
1.88e-08,0.2800016000000001
1.88002e-08,0.27999739999999995
1.88006e-08,0.2799904000000001
1.88014e-08,0.2799817
1.8803e-08,0.2799621
1.8805e-08,0.2798802
1.8807e-08,0.279674
1.8809e-08,0.2792932
1.8811e-08,0.2787027999999999
1.8813e-08,0.2778790000000001
1.8815e-08,0.2768068
1.8817e-08,0.2754778
1.8819e-08,0.2738882
1.8821e-08,0.2720384
1.8823e-08,0.2699311999999999
1.8825e-08,0.2675719
1.8827e-08,0.26496699999999995
1.8829e-08,0.2621243
1.8831e-08,0.2590523
1.8833e-08,0.25576030000000005
1.8835e-08,0.2522573
1.8837e-08,0.24855329999999998
1.8839e-08,0.24465769999999998
1.8841e-08,0.24058049999999997
1.8843e-08,0.23633099999999996
1.8845e-08,0.23191889999999993
1.8847e-08,0.2273535
1.8849e-08,0.2226439
1.8851e-08,0.21779920000000008
1.8853e-08,0.21282800000000002
1.8855e-08,0.20773910000000007
1.8857e-08,0.20254059999999996
1.8859e-08,0.1972408
1.8861e-08,0.1918474
1.8863e-08,0.18636819999999998
1.8865e-08,0.18081049999999999
1.8867e-08,0.17518160000000005
1.8869e-08,0.16948830000000004
1.8871e-08,0.16373740000000003
1.8873e-08,0.15793539999999995
1.8875e-08,0.15208860000000002
1.8877e-08,0.14620319999999998
1.8879e-08,0.1402850000000001
1.8881e-08,0.13433949999999995
1.8883e-08,0.1283723
1.8885e-08,0.12238850000000001
1.8887e-08,0.11639320000000009
1.8889e-08,0.11039140000000003
1.8891e-08,0.10438729999999996
1.8893e-08,0.09838570000000002
1.8895e-08,0.09239069999999994
1.8897e-08,0.0864064
1.8899e-08,0.08043659999999997
1.8901e-08,0.07448509999999997
1.8903e-08,0.06855529999999999
1.8905e-08,0.0626506
1.8907e-08,0.0567742
1.8909e-08,0.05092910000000006
1.8911e-08,0.04511810000000005
1.8913e-08,0.03934389999999999
1.8915e-08,0.033609200000000006
1.8917e-08,0.027916199999999947
1.8919e-08,0.02226719999999993
1.8921e-08,0.016664400000000024
1.8923e-08,0.011109599999999942
1.8925e-08,0.005604799999999965
1.8927e-08,0.0001514999999999711
1.8929e-08,-0.005248399999999931
1.8931e-08,-0.01059359999999998
1.8933e-08,-0.015882700000000027
1.8935e-08,-0.021114500000000036
1.8937e-08,-0.026287799999999972
1.8939e-08,-0.03140170000000009
1.8941e-08,-0.036455000000000015
1.8943e-08,-0.04144700000000001
1.8945e-08,-0.04637720000000001
1.8947e-08,-0.051244500000000026
1.8949e-08,-0.05604850000000006
1.8951e-08,-0.06078869999999992
1.8953e-08,-0.06546469999999993
1.8955e-08,-0.07007620000000003
1.8957e-08,-0.07462279999999999
1.8959e-08,-0.07910430000000002
1.8961e-08,-0.08352060000000006
1.8963e-08,-0.08787149999999999
1.8965e-08,-0.09215719999999994
1.8967e-08,-0.09637740000000006
1.8969e-08,-0.10053239999999997
1.8971e-08,-0.10462229999999995
1.8973e-08,-0.1086471
1.8975e-08,-0.11260729999999997
1.8977e-08,-0.1165027999999999
1.8979e-08,-0.1203341
1.8981e-08,-0.12410160000000003
1.8983e-08,-0.12780540000000007
1.8985e-08,-0.13144599999999995
1.8987e-08,-0.13502400000000003
1.8989e-08,-0.13853959999999998
1.8991e-08,-0.14199340000000005
1.8993e-08,-0.1453858
1.8995e-08,-0.14871750000000006
1.8997e-08,-0.15198880000000003
1.89985e-08,-0.15440299999999996
1.9e-08,-0.15678380000000003
1.90002e-08,-0.15709850000000003
1.90006e-08,-0.15772660000000005
1.90014e-08,-0.1589758
1.9003e-08,-0.16144610000000004
1.9005e-08,-0.16448209999999996
1.9007e-08,-0.16746079999999997
1.9009e-08,-0.17038279999999995
1.9011e-08,-0.17324879999999998
1.9013e-08,-0.17605930000000003
1.9015e-08,-0.17881520000000006
1.9017e-08,-0.18151679999999992
1.9019e-08,-0.18416519999999992
1.9021e-08,-0.1867609
1.9023e-08,-0.18930440000000004
1.9025e-08,-0.1917966000000001
1.9027e-08,-0.19423820000000003
1.9029e-08,-0.19662980000000008
1.9031e-08,-0.19897219999999993
1.9033e-08,-0.20126600000000006
1.9035e-08,-0.20351189999999997
1.9037e-08,-0.20571070000000002
1.9039e-08,-0.20786290000000007
1.9041e-08,-0.20996949999999992
1.9043e-08,-0.21203090000000002
1.9045e-08,-0.21404789999999996
1.9047e-08,-0.21602129999999997
1.9049e-08,-0.21795160000000002
1.9051e-08,-0.21983950000000008
1.9053e-08,-0.22168579999999993
1.9055e-08,-0.22349109999999994
1.9057e-08,-0.225256
1.9059e-08,-0.22698129999999994
1.9061e-08,-0.22866760000000008
1.9063e-08,-0.2303155
1.9065e-08,-0.23192579999999996
1.9067e-08,-0.23349889999999995
1.9069e-08,-0.23503569999999996
1.9071e-08,-0.2365366000000001
1.9073e-08,-0.2380023
1.9075e-08,-0.23943350000000008
1.9077e-08,-0.24083069999999995
1.9079e-08,-0.24219449999999998
1.9081e-08,-0.24352570000000007
1.9083e-08,-0.2448247
1.9085e-08,-0.24609209999999992
1.9087e-08,-0.2473284
1.9089e-08,-0.24853440000000004
1.9091e-08,-0.2497104
1.9093e-08,-0.2508572
1.9095e-08,-0.2519751
1.9097e-08,-0.2530648000000001
1.9099e-08,-0.25412690000000004
1.9101e-08,-0.2551618
1.9103e-08,-0.25617
1.9105e-08,-0.2571521
1.9107e-08,-0.25810849999999996
1.9109e-08,-0.25903979999999993
1.9111e-08,-0.2599464
1.9113e-08,-0.26082890000000003
1.9115e-08,-0.2616878
1.9117e-08,-0.2625233
1.9119e-08,-0.2633361000000001
1.9121e-08,-0.2641266
1.9123e-08,-0.2648952
1.9125e-08,-0.2656425
1.9127e-08,-0.26636879999999996
1.9129e-08,-0.26707439999999993
1.9131e-08,-0.26776
1.9133e-08,-0.26842580000000005
1.9135e-08,-0.2690724
1.9137e-08,-0.26970000000000005
1.9139e-08,-0.2703092
1.9141e-08,-0.2709001
1.9143e-08,-0.2714734
1.9145e-08,-0.2720292000000001
1.9147e-08,-0.2725681
1.9149e-08,-0.2730903
1.9151e-08,-0.2735964000000001
1.9153e-08,-0.27408640000000006
1.9155e-08,-0.27456079999999994
1.9157e-08,-0.27502000000000004
1.9159e-08,-0.2754643
1.9161e-08,-0.27589410000000003
1.9163e-08,-0.2763095
1.9165e-08,-0.2767111
1.9167e-08,-0.277099
1.9169e-08,-0.27747349999999993
1.9171e-08,-0.27783500000000005
1.9173e-08,-0.2781838000000001
1.9175e-08,-0.2785202
1.9177e-08,-0.2788444
1.9179e-08,-0.2791568
1.9181e-08,-0.2794574000000001
1.9183e-08,-0.27974679999999996
1.9185e-08,-0.2800252000000001
1.9187e-08,-0.2802926
1.9189e-08,-0.28054960000000007
1.9191e-08,-0.28079619999999994
1.9193e-08,-0.28103279999999997
1.9195e-08,-0.2812595
1.9197e-08,-0.28147659999999997
1.91985e-08,-0.28163340000000003
1.92e-08,-0.2817849
1.92002e-08,-0.2818054
1.92006e-08,-0.2818484
1.92014e-08,-0.28194319999999995
1.9203e-08,-0.28214399999999995
1.9205e-08,-0.2823565
1.9207e-08,-0.2824584
1.9209e-08,-0.2823936
1.9211e-08,-0.2821224
1.9213e-08,-0.28161780000000003
1.9215e-08,-0.28086220000000006
1.9217e-08,-0.27984529999999996
1.9219e-08,-0.27856210000000003
1.9221e-08,-0.2770117000000001
1.9223e-08,-0.2751966
1.9225e-08,-0.27312120000000006
1.9227e-08,-0.2707917000000001
1.9229e-08,-0.26821589999999995
1.9231e-08,-0.2654021
1.9233e-08,-0.26235909999999996
1.9235e-08,-0.2590966
1.9237e-08,-0.2556240000000001
1.9239e-08,-0.2519511000000001
1.9241e-08,-0.24808780000000008
1.9243e-08,-0.24404360000000003
1.9245e-08,-0.23982820000000005
1.9247e-08,-0.2354508999999999
1.9249e-08,-0.2309213
1.9251e-08,-0.2262482
1.9253e-08,-0.22144069999999993
1.9255e-08,-0.21650729999999996
1.9257e-08,-0.2114566
1.9259e-08,-0.2062967
1.9261e-08,-0.20103559999999998
1.9263e-08,-0.1956812
1.9265e-08,-0.190241
1.9267e-08,-0.1847223
1.9269e-08,-0.17913219999999996
1.9271e-08,-0.17347749999999995
1.9273e-08,-0.16776499999999994
1.9275e-08,-0.16200099999999995
1.9277e-08,-0.15619170000000004
1.9279e-08,-0.15034329999999996
1.9281e-08,-0.14446150000000002
1.9283e-08,-0.13855170000000006
1.9285e-08,-0.1326195
1.9287e-08,-0.1266699
1.9289e-08,-0.12070809999999998
1.9291e-08,-0.11473870000000008
1.9293e-08,-0.10876639999999993
1.9295e-08,-0.10279530000000003
1.9297e-08,-0.09682999999999997
1.9299e-08,-0.09087449999999997
1.9301e-08,-0.08493230000000007
1.9303e-08,-0.0790073
1.9305e-08,-0.07310299999999992
1.9307e-08,-0.06722280000000003
1.9309e-08,-0.06136970000000008
1.9311e-08,-0.0555466
1.9313e-08,-0.04975660000000004
1.9315e-08,-0.04400230000000005
1.9317e-08,-0.038286299999999995
1.9319e-08,-0.03261080000000005
1.9321e-08,-0.026978199999999952
1.9323e-08,-0.02139049999999998
1.9325e-08,-0.015849799999999914
1.9327e-08,-0.010357799999999973
1.9329e-08,-0.00491649999999999
1.9331e-08,0.0004728999999999983
1.9333e-08,0.005808499999999994
1.9335e-08,0.01108930000000008
1.9337e-08,0.016313800000000045
1.9339e-08,0.021480999999999972
1.9341e-08,0.02658959999999999
1.9343e-08,0.03163899999999997
1.9345e-08,0.036628000000000105
1.9347e-08,0.04155600000000004
1.9349e-08,0.046422399999999975
1.9351e-08,0.05122649999999995
1.9353e-08,0.055967700000000065
1.9355e-08,0.060645700000000025
1.9357e-08,0.06525999999999998
1.9359e-08,0.06981029999999999
1.9361e-08,0.07429649999999999
1.9363e-08,0.07871849999999991
1.9365e-08,0.08307589999999998
1.9367e-08,0.08736869999999997
1.9369e-08,0.09159709999999999
1.9371e-08,0.09576090000000004
1.9373e-08,0.09986039999999996
1.9375e-08,0.10389569999999992
1.9377e-08,0.10786689999999999
1.9379e-08,0.1117743
1.9381e-08,0.11561809999999995
1.9383e-08,0.11939880000000003
1.9385e-08,0.12311649999999996
1.9387e-08,0.12677150000000004
1.9389e-08,0.13036460000000005
1.9391e-08,0.13389590000000007
1.9393e-08,0.13736589999999993
1.9395e-08,0.1407752
1.9397e-08,0.1441241000000001
1.93985e-08,0.1465964999999999
1.94e-08,0.1490355
1.94002e-08,0.1493586
1.94006e-08,0.15000579999999997
1.94014e-08,0.15130299999999997
1.9403e-08,0.15388370000000007
1.9405e-08,0.15702290000000008
1.9407e-08,0.15999589999999997
1.9409e-08,0.16274460000000002
1.9411e-08,0.1652285
1.9413e-08,0.16742049999999997
1.9415e-08,0.16930330000000005
1.9417e-08,0.1708674
1.9419e-08,0.17210919999999996
1.9421e-08,0.17302930000000005
1.9423e-08,0.1736318
1.9425e-08,0.17392300000000005
1.9427e-08,0.17391100000000004
1.9429e-08,0.17360509999999996
1.9431e-08,0.1730155
1.9433e-08,0.17215290000000005
1.9435e-08,0.17102849999999992
1.9437e-08,0.1696535
1.9439e-08,0.16803879999999993
1.9441e-08,0.166196
1.9443e-08,0.16413579999999994
1.9445e-08,0.16186899999999993
1.9447e-08,0.1594063
1.9449e-08,0.1567581
1.9451e-08,0.15393409999999996
1.9453e-08,0.15094430000000003
1.9455e-08,0.1477982
1.9457e-08,0.1445048
1.9459e-08,0.14107310000000006
1.9461e-08,0.13751159999999996
1.9463e-08,0.13382850000000002
1.9465e-08,0.13003209999999998
1.9467e-08,0.12612990000000002
1.9469e-08,0.1221295
1.9471e-08,0.11803810000000003
1.9473e-08,0.11386260000000004
1.9475e-08,0.10960980000000009
1.9477e-08,0.10528630000000005
1.9479e-08,0.10089799999999993
1.9481e-08,0.09645110000000001
1.9483e-08,0.09195140000000002
1.9485e-08,0.0874045
1.9487e-08,0.08281559999999999
1.9489e-08,0.07818999999999998
1.9491e-08,0.0735325
1.9493e-08,0.06884800000000002
1.9495e-08,0.06414090000000006
1.9497e-08,0.05941579999999991
1.9499e-08,0.05467650000000002
1.9501e-08,0.04992730000000001
1.9503e-08,0.04517199999999999
1.9505e-08,0.04041410000000001
1.9507e-08,0.0356573
1.9509e-08,0.030904800000000066
1.9511e-08,0.026159800000000066
1.9513e-08,0.021425399999999928
1.9515e-08,0.016704400000000064
1.9517e-08,0.011999500000000052
1.9519e-08,0.0073134000000000254
1.9521e-08,0.0026484999999999426
1.9523e-08,-0.0019928000000000168
1.9525e-08,-0.006608399999999959
1.9527e-08,-0.011196100000000042
1.9529e-08,-0.015754000000000046
1.9531e-08,-0.020280399999999976
1.9533e-08,-0.024773299999999998
1.9535e-08,-0.02923129999999996
1.9537e-08,-0.03365270000000009
1.9539e-08,-0.03803610000000002
1.9541e-08,-0.042380399999999985
1.9543e-08,-0.046684200000000065
1.9545e-08,-0.0509463
1.9547e-08,-0.05516580000000004
1.9549e-08,-0.059341599999999994
1.9551e-08,-0.06347290000000005
1.9553e-08,-0.06755880000000003
1.9555e-08,-0.07159879999999996
1.9557e-08,-0.07559189999999993
1.9559e-08,-0.07953770000000004
1.9561e-08,-0.08343560000000005
1.9563e-08,-0.08728530000000001
1.9565e-08,-0.09108629999999995
1.9567e-08,-0.09483810000000004
1.9569e-08,-0.09854050000000003
1.9571e-08,-0.10219329999999993
1.9573e-08,-0.10579630000000007
1.9575e-08,-0.10934929999999998
1.9577e-08,-0.11285240000000007
1.9579e-08,-0.1163052
1.9581e-08,-0.11970789999999998
1.9583e-08,-0.12306050000000002
1.9585e-08,-0.126363
1.9587e-08,-0.1296157
1.9589e-08,-0.13281850000000006
1.9591e-08,-0.13597150000000002
1.9593e-08,-0.13907499999999995
1.9595e-08,-0.14212939999999996
1.9597e-08,-0.1451346
1.95985e-08,-0.1473565
1.96e-08,-0.14956159999999996
1.96002e-08,-0.14985530000000002
1.96006e-08,-0.15044329999999995
1.96014e-08,-0.15161880000000005
1.9603e-08,-0.15394260000000004
1.9605e-08,-0.1567425
1.9607e-08,-0.15936299999999992
1.9609e-08,-0.1617525999999999
1.9611e-08,-0.16387569999999996
1.9613e-08,-0.16570850000000004
1.9615e-08,-0.16723659999999996
1.9617e-08,-0.16845239999999995
1.9619e-08,-0.1693536
1.9621e-08,-0.16994200000000004
1.9623e-08,-0.1702222
1.9625e-08,-0.17020119999999994
1.9627e-08,-0.16988710000000007
1.9629e-08,-0.16928960000000004
1.9631e-08,-0.16841879999999998
1.9633e-08,-0.16728540000000003
1.9635e-08,-0.1659005
1.9637e-08,-0.16427499999999995
1.9639e-08,-0.16242009999999996
1.9641e-08,-0.1603465999999999
1.9643e-08,-0.15806540000000002
1.9645e-08,-0.15558720000000004
1.9647e-08,-0.15292229999999996
1.9649e-08,-0.1500806
1.9651e-08,-0.1470722
1.9653e-08,-0.1439066
1.9655e-08,-0.14059299999999997
1.9657e-08,-0.13714039999999994
1.9659e-08,-0.13355739999999994
1.9661e-08,-0.12985239999999998
1.9663e-08,-0.12603369999999992
1.9665e-08,-0.12210889999999996
1.9667e-08,-0.11808569999999996
1.9669e-08,-0.11397140000000006
1.9671e-08,-0.10977289999999995
1.9673e-08,-0.10549719999999996
1.9675e-08,-0.10115079999999999
1.9677e-08,-0.09673989999999999
1.9679e-08,-0.09227059999999998
1.9681e-08,-0.08774890000000002
1.9683e-08,-0.08318020000000004
1.9685e-08,-0.07857000000000003
1.9687e-08,-0.07392350000000003
1.9689e-08,-0.06924580000000002
1.9691e-08,-0.06454140000000008
1.9693e-08,-0.05981520000000007
1.9695e-08,-0.05507150000000005
1.9697e-08,-0.050314300000000034
1.9699e-08,-0.04554800000000003
1.9701e-08,-0.04077609999999998
1.9703e-08,-0.036002599999999996
1.9705e-08,-0.031230800000000003
1.9707e-08,-0.02646420000000005
1.9709e-08,-0.021705899999999945
1.9711e-08,-0.0169589
1.9713e-08,-0.012226199999999965
1.9715e-08,-0.0075104999999999755
1.9717e-08,-0.0028142999999999363
1.9719e-08,0.0018597000000000197
1.9721e-08,0.006509199999999993
1.9723e-08,0.011132299999999984
1.9725e-08,0.015726600000000035
1.9727e-08,0.020290200000000036
1.9729e-08,0.024821399999999993
1.9731e-08,0.029318200000000072
1.9733e-08,0.03377930000000007
1.9735e-08,0.038203099999999934
1.9737e-08,0.04258799999999996
1.9739e-08,0.0469328
1.9741e-08,0.05123630000000001
1.9743e-08,0.05549749999999998
1.9745e-08,0.05971510000000002
1.9747e-08,0.06388830000000001
1.9749e-08,0.06801609999999991
1.9751e-08,0.07209790000000005
1.9753e-08,0.0761328
1.9755e-08,0.08012019999999997
1.9757e-08,0.08405960000000001
1.9759e-08,0.08795050000000004
1.9761e-08,0.09179229999999994
1.9763e-08,0.09558459999999991
1.9765e-08,0.09932719999999995
1.9767e-08,0.1030198
1.9769e-08,0.10666210000000009
1.9771e-08,0.11025399999999996
1.9773e-08,0.11379530000000004
1.9775e-08,0.11728589999999994
1.9777e-08,0.12072589999999994
1.9779e-08,0.12411509999999992
1.9781e-08,0.1274537
1.9783e-08,0.13074169999999996
1.9785e-08,0.13397920000000008
1.9787e-08,0.13716629999999996
1.9789e-08,0.14030339999999997
1.9791e-08,0.14339040000000003
1.9793e-08,0.14642769999999994
1.9795e-08,0.14941550000000003
1.9797e-08,0.15235409999999994
1.97985e-08,0.1545259
1.98e-08,0.15667030000000004
1.98002e-08,0.1569539000000001
1.98006e-08,0.1575202
1.98014e-08,0.15864690000000004
1.9803e-08,0.16087720000000005
1.9805e-08,0.1636223
1.9807e-08,0.16631969999999996
1.9809e-08,0.16897019999999996
1.9811e-08,0.17157390000000006
1.9813e-08,0.17413140000000005
1.9815e-08,0.176643
1.9817e-08,0.17910919999999997
1.9819e-08,0.18153039999999998
1.9821e-08,0.18390720000000005
1.9823e-08,0.18623999999999996
1.9825e-08,0.18852920000000006
1.9827e-08,0.19077539999999993
1.9829e-08,0.19297910000000007
1.9831e-08,0.1951408
1.9833e-08,0.19726100000000002
1.9835e-08,0.19934020000000008
1.9837e-08,0.20137889999999992
1.9839e-08,0.20337759999999994
1.9841e-08,0.20533679999999999
1.9843e-08,0.20725709999999997
1.9845e-08,0.20913910000000002
1.9847e-08,0.21098309999999998
1.9849e-08,0.21278979999999992
1.9851e-08,0.21455959999999996
1.9853e-08,0.21629320000000007
1.9855e-08,0.21799099999999993
1.9857e-08,0.21965349999999995
1.9859e-08,0.22128139999999996
1.9861e-08,0.2228749
1.9863e-08,0.22443479999999993
1.9865e-08,0.22596150000000004
1.9867e-08,0.22745550000000003
1.9869e-08,0.22891739999999994
1.9871e-08,0.23034770000000004
1.9873e-08,0.23174680000000003
1.9875e-08,0.23311519999999997
1.9877e-08,0.2344535000000001
1.9879e-08,0.23576219999999992
1.9881e-08,0.23704159999999996
1.9883e-08,0.2382923
1.9885e-08,0.23951489999999998
1.9887e-08,0.24070969999999992
1.9889e-08,0.2418773999999999
1.9891e-08,0.24301819999999996
1.9893e-08,0.24413260000000003
1.9895e-08,0.24522110000000008
1.9897e-08,0.2462843
1.9899e-08,0.2473225
1.9901e-08,0.2483362
1.9903e-08,0.24932569999999998
1.9905e-08,0.25029159999999995
1.9907e-08,0.2512343
1.9909e-08,0.25215409999999994
1.9911e-08,0.2530515
1.9913e-08,0.2539269999999999
1.9915e-08,0.2547809
1.9917e-08,0.2556136
1.9919e-08,0.2564255
1.9921e-08,0.2572171
1.9923e-08,0.2579886
1.9925e-08,0.2587404
1.9927e-08,0.2594730999999999
1.9929e-08,0.26018679999999994
1.9931e-08,0.26088200000000006
1.9933e-08,0.26155910000000004
1.9935e-08,0.2622183
1.9937e-08,0.2628602
1.9939e-08,0.26348479999999996
1.9941e-08,0.26409269999999996
1.9943e-08,0.26468420000000004
1.9945e-08,0.26525960000000004
1.9947e-08,0.2658191
1.9949e-08,0.2663632
1.9951e-08,0.2668921999999999
1.9953e-08,0.26740620000000004
1.9955e-08,0.2679057
1.9957e-08,0.2683909
1.9959e-08,0.2688623
1.9961e-08,0.26932
1.9963e-08,0.26976429999999996
1.9965e-08,0.2701954999999999
1.9967e-08,0.2706138
1.9969e-08,0.2710196
1.9971e-08,0.2714132
1.9973e-08,0.27179470000000006
1.9975e-08,0.2721643
1.9977e-08,0.27252259999999995
1.9979e-08,0.2728695
1.9981e-08,0.2732055
1.9983e-08,0.2735307
1.9985e-08,0.27384529999999996
1.9987e-08,0.2741496
1.9989e-08,0.2744439000000001
1.9991e-08,0.2747282000000001
1.9993e-08,0.275003
1.9995e-08,0.2752683
1.9997e-08,0.2755244
1.99985e-08,0.2757105999999999
2e-08,0.27589189999999997
2.00002e-08,0.27591639999999995
2.00006e-08,0.27596719999999997
2.00014e-08,0.2760781
2.0003e-08,0.27631079999999997
2.0005e-08,0.2765632
2.0007e-08,0.2767048
2.0009e-08,0.2766794
2.0011e-08,0.27644710000000006
2.0013e-08,0.2759808
2.0015e-08,0.2752629999999999
2.0017e-08,0.2742831
2.0019e-08,0.27303639999999996
2.0021e-08,0.2715219
2.0023e-08,0.2697419999999999
2.0025e-08,0.26770130000000003
2.0027e-08,0.26540620000000004
2.0029e-08,0.2628642
2.0031e-08,0.260084
2.0033e-08,0.2570743000000001
2.0035e-08,0.25384489999999993
2.0037e-08,0.25040529999999994
2.0039e-08,0.2467653999999999
2.0041e-08,0.24293490000000006
2.0043e-08,0.2389236
2.0045e-08,0.23474110000000004
2.0047e-08,0.23039699999999996
2.0049e-08,0.2259006
2.0051e-08,0.22126099999999993
2.0053e-08,0.21648709999999993
2.0055e-08,0.2115876
2.0057e-08,0.20657100000000006
2.0059e-08,0.2014456
2.0061e-08,0.19621940000000004
2.0063e-08,0.19090000000000007
2.0065e-08,0.18549520000000008
2.0067e-08,0.18001230000000001
2.0069e-08,0.1744582
2.0071e-08,0.16884
2.0073e-08,0.16316419999999998
2.0075e-08,0.1574373
2.0077e-08,0.1516655
2.0079e-08,0.14585480000000006
2.0081e-08,0.1400108000000001
2.0083e-08,0.13413940000000002
2.0085e-08,0.1282456999999999
2.0087e-08,0.12233510000000003
2.0089e-08,0.11641230000000002
2.0091e-08,0.11048230000000003
2.0093e-08,0.10454949999999996
2.0095e-08,0.09861819999999999
2.0097e-08,0.09269290000000008
2.0099e-08,0.08677730000000006
2.0101e-08,0.08087539999999993
2.0103e-08,0.07499080000000002
2.0105e-08,0.06912700000000005
2.0107e-08,0.06328729999999994
2.0109e-08,0.0574747000000001
2.0111e-08,0.051692300000000024
2.0113e-08,0.04594300000000007
2.0115e-08,0.04022939999999997
2.0117e-08,0.034553999999999974
2.0119e-08,0.028919099999999975
2.0121e-08,0.023327100000000045
2.0123e-08,0.017779999999999907
2.0125e-08,0.012279599999999946
2.0127e-08,0.006827999999999945
2.0129e-08,0.0014267999999999503
2.0131e-08,-0.0039223999999999926
2.0133e-08,-0.009218100000000007
2.0135e-08,-0.014459100000000058
2.0137e-08,-0.019644099999999942
2.0139e-08,-0.02477180000000001
2.0141e-08,-0.02984129999999996
2.0143e-08,-0.03485159999999998
2.0145e-08,-0.039801899999999946
2.0147e-08,-0.04469139999999994
2.0149e-08,-0.04951949999999994
2.0151e-08,-0.054285599999999934
2.0153e-08,-0.05898899999999996
2.0155e-08,-0.0636295
2.0157e-08,-0.06820670000000006
2.0159e-08,-0.07272009999999995
2.0161e-08,-0.07716970000000001
2.0163e-08,-0.0815553
2.0165e-08,-0.08587670000000003
2.0167e-08,-0.09013389999999999
2.0169e-08,-0.09432689999999999
2.0171e-08,-0.09845579999999998
2.0173e-08,-0.10252059999999996
2.0175e-08,-0.10652139999999999
2.0177e-08,-0.11045859999999996
2.0179e-08,-0.11433229999999994
2.0181e-08,-0.11814279999999999
2.0183e-08,-0.12189040000000007
2.0185e-08,-0.1255754
2.0187e-08,-0.12919820000000004
2.0189e-08,-0.13275930000000002
2.0191e-08,-0.13625889999999996
2.0193e-08,-0.13969779999999998
2.0195e-08,-0.14307610000000004
2.0197e-08,-0.14639449999999998
2.01985e-08,-0.14884419999999998
2.02e-08,-0.15126070000000003
2.02002e-08,-0.15158080000000007
2.02006e-08,-0.15222200000000008
2.02014e-08,-0.1535073
2.0203e-08,-0.15606450000000005
2.0205e-08,-0.15917460000000005
2.0207e-08,-0.162119
2.0209e-08,-0.16483950000000003
2.0211e-08,-0.16729589999999994
2.0213e-08,-0.16946059999999996
2.0215e-08,-0.1713169
2.0217e-08,-0.17285489999999992
2.0219e-08,-0.17407110000000003
2.0221e-08,-0.17496619999999996
2.0223e-08,-0.17554409999999998
2.0225e-08,-0.17581119999999995
2.0227e-08,-0.17577559999999992
2.0229e-08,-0.17544650000000006
2.0231e-08,-0.17483419999999994
2.0233e-08,-0.17394929999999997
2.0235e-08,-0.17280299999999993
2.0237e-08,-0.1714062999999999
2.0239e-08,-0.1697704
2.0241e-08,-0.16790660000000002
2.0243e-08,-0.16582580000000002
2.0245e-08,-0.16353869999999993
2.0247e-08,-0.1610560000000001
2.0249e-08,-0.15838790000000003
2.0251e-08,-0.15554449999999997
2.0253e-08,-0.1525354
2.0255e-08,-0.14937010000000006
2.0257e-08,-0.14605780000000002
2.0259e-08,-0.14260739999999994
2.0261e-08,-0.13902729999999996
2.0263e-08,-0.13532599999999995
2.0265e-08,-0.13151140000000006
2.0267e-08,-0.12759120000000002
2.0269e-08,-0.12357309999999999
2.0271e-08,-0.11946400000000001
2.0273e-08,-0.11527090000000006
2.0275e-08,-0.11100089999999996
2.0277e-08,-0.10666000000000009
2.0279e-08,-0.10225459999999997
2.0281e-08,-0.09779079999999996
2.0283e-08,-0.09327419999999997
2.0285e-08,-0.08871059999999997
2.0287e-08,-0.08410519999999999
2.0289e-08,-0.07946300000000006
2.0291e-08,-0.07478930000000006
2.0293e-08,-0.0700885
2.0295e-08,-0.06536549999999997
2.0297e-08,-0.060624300000000075
2.0299e-08,-0.05586930000000001
2.0301e-08,-0.05110439999999994
2.0303e-08,-0.046333599999999975
2.0305e-08,-0.041560299999999994
2.0307e-08,-0.03678819999999994
2.0309e-08,-0.032020600000000066
2.0311e-08,-0.02726060000000008
2.0313e-08,-0.022511200000000064
2.0315e-08,-0.017775399999999997
2.0317e-08,-0.013055999999999957
2.0319e-08,-0.008355400000000013
2.0321e-08,-0.0036762000000000183
2.0323e-08,0.0009793000000000163
2.0325e-08,0.005608999999999975
2.0327e-08,0.010210599999999959
2.0329e-08,0.014782300000000026
2.0331e-08,0.019322300000000014
2.0333e-08,0.023828700000000036
2.0335e-08,0.028299999999999992
2.0337e-08,0.03273459999999995
2.0339e-08,0.03713109999999997
2.0341e-08,0.041488300000000033
2.0343e-08,0.04580490000000004
2.0345e-08,0.0500796
2.0347e-08,0.054311600000000015
2.0349e-08,0.05849970000000004
2.0351e-08,0.06264320000000001
2.0353e-08,0.06674119999999995
2.0355e-08,0.070793
2.0357e-08,0.07479789999999997
2.0359e-08,0.07875529999999997
2.0361e-08,0.08266470000000004
2.0363e-08,0.08652569999999993
2.0365e-08,0.09033769999999997
2.0367e-08,0.09410059999999998
2.0369e-08,0.09781390000000001
2.0371e-08,0.10147740000000005
2.0373e-08,0.10509099999999993
2.0375e-08,0.10865459999999993
2.0377e-08,0.11216779999999993
2.0379e-08,0.11563089999999998
2.0381e-08,0.11904360000000003
2.0383e-08,0.12240609999999996
2.0385e-08,0.12571849999999996
2.0387e-08,0.12898069999999995
2.0389e-08,0.13219290000000006
2.0391e-08,0.13535530000000007
2.0393e-08,0.13846809999999998
2.0395e-08,0.14153150000000003
2.0397e-08,0.1445457
2.03985e-08,0.14677419999999997
2.04e-08,0.14898579999999995
2.04002e-08,0.14928050000000004
2.04006e-08,0.14987019999999995
2.04014e-08,0.15104909999999994
2.0403e-08,0.15337979999999996
2.0405e-08,0.15618809999999994
2.0407e-08,0.15881690000000004
2.0409e-08,0.16121459999999999
2.0411e-08,0.16334569999999993
2.0413e-08,0.1651863
2.0415e-08,0.16672200000000004
2.0417e-08,0.16794530000000008
2.0419e-08,0.16885379999999994
2.0421e-08,0.16944929999999991
2.0423e-08,0.16973660000000002
2.0425e-08,0.16972240000000005
2.0427e-08,0.16941499999999998
2.0429e-08,0.16882410000000003
2.0431e-08,0.1679598000000001
2.0433e-08,0.1668327999999999
2.0435e-08,0.16545410000000005
2.0437e-08,0.1638347
2.0439e-08,0.1619857
2.0441e-08,0.15991810000000006
2.0443e-08,0.15764279999999997
2.0445e-08,0.15517029999999998
2.0447e-08,0.1525109
2.0449e-08,0.14967489999999994
2.0451e-08,0.14667200000000002
2.0453e-08,0.14351179999999997
2.0455e-08,0.14020350000000004
2.0457e-08,0.13675610000000005
2.0459e-08,0.13317829999999997
2.0461e-08,0.12947850000000005
2.0463e-08,0.12566489999999997
2.0465e-08,0.12174499999999999
2.0467e-08,0.11772680000000002
2.0469e-08,0.11361730000000003
2.0471e-08,0.10942379999999996
2.0473e-08,0.1051529
2.0475e-08,0.10081119999999999
2.0477e-08,0.09640499999999996
2.0479e-08,0.09194040000000003
2.0481e-08,0.08742319999999992
2.0483e-08,0.08285909999999996
2.0485e-08,0.07825340000000003
2.0487e-08,0.0736114
2.0489e-08,0.06893799999999994
2.0491e-08,0.06423800000000002
2.0493e-08,0.05951609999999996
2.0495e-08,0.054776600000000064
2.0497e-08,0.05002380000000006
2.0499e-08,0.04526160000000001
2.0501e-08,0.04049389999999997
2.0503e-08,0.03572439999999999
2.0505e-08,0.03095670000000006
2.0507e-08,0.026194099999999998
2.0509e-08,0.02143969999999995
2.0511e-08,0.01669670000000001
2.0513e-08,0.011967799999999973
2.0515e-08,0.00725600000000004
2.0517e-08,0.0025636999999999466
2.0519e-08,-0.0021065999999999585
2.0521e-08,-0.00675250000000005
2.0523e-08,-0.01137189999999999
2.0525e-08,-0.01596249999999999
2.0527e-08,-0.020522600000000057
2.0529e-08,-0.02505019999999991
2.0531e-08,-0.02954369999999995
2.0533e-08,-0.03400130000000001
2.0535e-08,-0.0384217
2.0537e-08,-0.04280320000000004
2.0539e-08,-0.04714470000000004
2.0541e-08,-0.05144499999999996
2.0543e-08,-0.0557029
2.0545e-08,-0.05991730000000006
2.0547e-08,-0.06408740000000002
2.0549e-08,-0.06821219999999995
2.0551e-08,-0.07229090000000005
2.0553e-08,-0.07632280000000002
2.0555e-08,-0.08030720000000002
2.0557e-08,-0.08424379999999998
2.0559e-08,-0.08813170000000004
2.0561e-08,-0.09197060000000001
2.0563e-08,-0.09576019999999996
2.0565e-08,-0.09950000000000003
2.0567e-08,-0.10318990000000006
2.0569e-08,-0.10682959999999997
2.0571e-08,-0.11041880000000004
2.0573e-08,-0.11395749999999993
2.0575e-08,-0.11744560000000004
2.0577e-08,-0.12088290000000002
2.0579e-08,-0.12426979999999999
2.0581e-08,-0.1276058
2.0583e-08,-0.1308914
2.0585e-08,-0.13412659999999998
2.0587e-08,-0.13731140000000008
2.0589e-08,-0.14044610000000002
2.0591e-08,-0.14353080000000007
2.0593e-08,-0.14656589999999992
2.0595e-08,-0.1495516
2.0597e-08,-0.15248799999999996
2.05985e-08,-0.15465819999999997
2.06e-08,-0.15680109999999992
2.06002e-08,-0.1570844
2.06006e-08,-0.15765030000000002
2.06014e-08,-0.15877620000000003
2.0603e-08,-0.1610049
2.0605e-08,-0.1637478
2.0607e-08,-0.16644340000000002
2.0609e-08,-0.16909180000000001
2.0611e-08,-0.1716936
2.0613e-08,-0.1742492
2.0615e-08,-0.17675889999999994
2.0617e-08,-0.17922329999999997
2.0619e-08,-0.18164270000000005
2.0621e-08,-0.18401770000000006
2.0623e-08,-0.18634869999999992
2.0625e-08,-0.18863620000000003
2.0627e-08,-0.19088079999999996
2.0629e-08,-0.1930828
2.0631e-08,-0.1952429
2.0633e-08,-0.19736140000000002
2.0635e-08,-0.19943899999999992
2.0637e-08,-0.20147610000000005
2.0639e-08,-0.20347329999999997
2.0641e-08,-0.2054311000000001
2.0643e-08,-0.20734979999999992
2.0645e-08,-0.20923029999999998
2.0647e-08,-0.2110729
2.0649e-08,-0.21287829999999996
2.0651e-08,-0.21464669999999997
2.0653e-08,-0.21637889999999993
2.0655e-08,-0.21807529999999997
2.0657e-08,-0.2197365
2.0659e-08,-0.22136299999999998
2.0661e-08,-0.22295530000000008
2.0663e-08,-0.224514
2.0665e-08,-0.2260394
2.0667e-08,-0.2275322999999999
2.0669e-08,-0.228993
2.0671e-08,-0.23042200000000002
2.0673e-08,-0.23181990000000008
2.0675e-08,-0.23318720000000004
2.0677e-08,-0.23452430000000002
2.0679e-08,-0.23583189999999998
2.0681e-08,-0.2371103
2.0683e-08,-0.23836000000000002
2.0685e-08,-0.2395815
2.0687e-08,-0.24077529999999991
2.0689e-08,-0.2419418000000001
2.0691e-08,-0.2430816
2.0693e-08,-0.2441951
2.0695e-08,-0.24528269999999996
2.0697e-08,-0.24634489999999998
2.0699e-08,-0.2473822
2.0701e-08,-0.24839489999999997
2.0703e-08,-0.24938349999999998
2.0705e-08,-0.2503485
2.0707e-08,-0.2512903999999999
2.0709e-08,-0.25220929999999997
2.0711e-08,-0.2531059
2.0713e-08,-0.25398050000000005
2.0715e-08,-0.2548336
2.0717e-08,-0.2556655
2.0719e-08,-0.25647660000000005
2.0721e-08,-0.2572673
2.0723e-08,-0.258038
2.0725e-08,-0.25878920000000005
2.0727e-08,-0.25952110000000006
2.0729e-08,-0.2602341
2.0731e-08,-0.2609285
2.0733e-08,-0.26160490000000003
2.0735e-08,-0.2622635
2.0737e-08,-0.26290460000000004
2.0739e-08,-0.2635286
2.0741e-08,-0.2641357999999999
2.0743e-08,-0.26472660000000003
2.0745e-08,-0.2653012
2.0747e-08,-0.2658602
2.0749e-08,-0.2664037
2.0751e-08,-0.26693199999999995
2.0753e-08,-0.26744539999999994
2.0755e-08,-0.26794439999999997
2.0757e-08,-0.2684291
2.0759e-08,-0.2688998
2.0761e-08,-0.2693569
2.0763e-08,-0.26980060000000006
2.0765e-08,-0.2702312
2.0767e-08,-0.27064900000000003
2.0769e-08,-0.27105429999999997
2.0771e-08,-0.27144729999999995
2.0773e-08,-0.2718283
2.0775e-08,-0.2721975
2.0777e-08,-0.2725552
2.0779e-08,-0.2729016999999999
2.0781e-08,-0.2732371
2.0783e-08,-0.27356179999999997
2.0785e-08,-0.273876
2.0787e-08,-0.2741798
2.0789e-08,-0.2744736
2.0791e-08,-0.2747575
2.0793e-08,-0.27503179999999994
2.0795e-08,-0.27529670000000006
2.0797e-08,-0.27555240000000003
2.07985e-08,-0.2757383
2.08e-08,-0.27591920000000003
2.08002e-08,-0.2759429
2.08006e-08,-0.2759901
2.08014e-08,-0.2760836
2.0803e-08,-0.27626629999999996
2.0805e-08,-0.2764873
2.0807e-08,-0.2767001
2.0809e-08,-0.2769049
2.0811e-08,-0.27710180000000006
2.0813e-08,-0.27729119999999996
2.0815e-08,-0.27747299999999997
2.0817e-08,-0.27764770000000005
2.0819e-08,-0.27781520000000004
2.0821e-08,-0.2779758
2.0823e-08,-0.2781296
2.0825e-08,-0.27827690000000005
2.0827e-08,-0.2784177
2.0829e-08,-0.2785522
2.0831e-08,-0.27868060000000006
2.0833e-08,-0.27880309999999997
2.0835e-08,-0.2789197
2.0837e-08,-0.27903069999999996
2.0839e-08,-0.2791361
2.0841e-08,-0.2792361
2.0843e-08,-0.27933089999999994
2.0845e-08,-0.2794206
2.0847e-08,-0.2795052
2.0849e-08,-0.27958510000000003
2.0851e-08,-0.27966009999999997
2.0853e-08,-0.27973059999999994
2.0855e-08,-0.27979659999999995
2.0857e-08,-0.2798583
2.0859e-08,-0.27991560000000004
2.0861e-08,-0.27996889999999997
2.0863e-08,-0.2800182
2.0865e-08,-0.2800634000000001
2.0867e-08,-0.28010499999999994
2.0869e-08,-0.2801429
2.0871e-08,-0.28017709999999996
2.0873e-08,-0.2802078
2.0875e-08,-0.2802351999999999
2.0877e-08,-0.2802593
2.0879e-08,-0.2802802
2.0881e-08,-0.28029800000000005
2.0883e-08,-0.28031269999999997
2.0885e-08,-0.2803245
2.0887e-08,-0.2803335
2.0889e-08,-0.2803397000000001
2.0891e-08,-0.28034329999999996
2.0893e-08,-0.2803443
2.0895e-08,-0.2803428
2.0897e-08,-0.2803388
2.0899e-08,-0.2803325
2.0901e-08,-0.28032389999999996
2.0903e-08,-0.2803129999999999
2.0905e-08,-0.28030009999999994
2.0907e-08,-0.28028510000000006
2.0909e-08,-0.28026799999999996
2.0911e-08,-0.28024910000000003
2.0913e-08,-0.2802283
2.0915e-08,-0.28020580000000006
2.0917e-08,-0.2801813999999999
2.0919e-08,-0.2801553
2.0921e-08,-0.2801277
2.0923e-08,-0.28009850000000003
2.0925e-08,-0.28006770000000003
2.0927e-08,-0.2800355
2.0929e-08,-0.280002
2.0931e-08,-0.2799670000000001
2.0933e-08,-0.27993080000000004
2.0935e-08,-0.2798933
2.0937e-08,-0.27985479999999996
2.0939e-08,-0.2798149000000001
2.0941e-08,-0.27977399999999997
2.0943e-08,-0.27973210000000004
2.0945e-08,-0.2796891
2.0947e-08,-0.27964520000000004
2.0949e-08,-0.2796003
2.0951e-08,-0.27955450000000004
2.0953e-08,-0.279508
2.0955e-08,-0.27946060000000006
2.0957e-08,-0.27941249999999995
2.0959e-08,-0.2793635
2.0961e-08,-0.27931399999999995
2.0963e-08,-0.27926379999999995
2.0965e-08,-0.2792129
2.0967e-08,-0.27916150000000006
2.0969e-08,-0.27910940000000006
2.0971e-08,-0.27905690000000005
2.0973e-08,-0.2790037999999999
2.0975e-08,-0.27895040000000004
2.0977e-08,-0.27889640000000004
2.0979e-08,-0.27884200000000003
2.0981e-08,-0.2787874
2.0983e-08,-0.2787322
2.0985e-08,-0.27867680000000006
2.0987e-08,-0.2786212
2.0989e-08,-0.27856519999999996
2.0991e-08,-0.278509
2.0993e-08,-0.27845240000000004
2.0995e-08,-0.2783958000000001
2.0997e-08,-0.278339
2.09985e-08,-0.27829610000000005
2.1e-08,-0.2782534
2.10002e-08,-0.27824839999999995
2.10006e-08,-0.2782405
2.10014e-08,-0.2782348
2.1003e-08,-0.2782386
2.1005e-08,-0.2782121999999999
2.1007e-08,-0.2780832
2.1009e-08,-0.2777948
2.1011e-08,-0.2773072
2.1013e-08,-0.27659290000000003
2.1015e-08,-0.27563399999999993
2.1017e-08,-0.27442
2.1019e-08,-0.27294570000000007
2.1021e-08,-0.27121000000000006
2.1023e-08,-0.26921510000000004
2.1025e-08,-0.2669654
2.1027e-08,-0.26446710000000007
2.1029e-08,-0.2617277
2.1031e-08,-0.2587554000000001
2.1033e-08,-0.2555592
2.1035e-08,-0.25214859999999994
2.1037e-08,-0.24853290000000006
2.1039e-08,-0.24472189999999994
2.1041e-08,-0.24072539999999998
2.1043e-08,-0.2365529999999999
2.1045e-08,-0.23221419999999993
2.1047e-08,-0.2277186
2.1049e-08,-0.22307529999999998
2.1051e-08,-0.21829350000000003
2.1053e-08,-0.2133819
2.1055e-08,-0.2083493999999999
2.1057e-08,-0.20320419999999995
2.1059e-08,-0.19795450000000003
2.1061e-08,-0.1926084
2.1063e-08,-0.1871735
2.1065e-08,-0.18165739999999997
2.1067e-08,-0.17606739999999999
2.1069e-08,-0.17041039999999996
2.1071e-08,-0.16469330000000004
2.1073e-08,-0.15892280000000003
2.1075e-08,-0.1531051
2.1077e-08,-0.1472464
2.1079e-08,-0.14135280000000006
2.1081e-08,-0.13542980000000004
2.1083e-08,-0.12948309999999996
2.1085e-08,-0.12351780000000001
2.1087e-08,-0.11753919999999995
2.1089e-08,-0.1115520000000001
2.1091e-08,-0.10556110000000007
2.1093e-08,-0.0995708999999999
2.1095e-08,-0.0935857
2.1097e-08,-0.08760959999999995
2.1099e-08,-0.08164660000000001
2.1101e-08,-0.07570049999999995
2.1103e-08,-0.06977470000000008
2.1105e-08,-0.06387279999999995
2.1107e-08,-0.057997999999999994
2.1109e-08,-0.05215320000000001
2.1111e-08,-0.04634139999999998
2.1113e-08,-0.04056550000000003
2.1115e-08,-0.034827799999999964
2.1117e-08,-0.029131099999999965
2.1119e-08,-0.02347739999999998
2.1121e-08,-0.017869000000000024
2.1123e-08,-0.01230779999999998
2.1125e-08,-0.006795899999999966
2.1127e-08,-0.0013349000000000277
2.1129e-08,0.0040736000000000105
2.1131e-08,0.009427900000000045
2.1133e-08,0.01472680000000004
2.1135e-08,0.019968899999999956
2.1137e-08,0.02515299999999998
2.1139e-08,0.030278200000000033
2.1141e-08,0.03534330000000008
2.1143e-08,0.04034759999999993
2.1145e-08,0.04529020000000006
2.1147e-08,0.05017040000000006
2.1149e-08,0.054987600000000025
2.1151e-08,0.059741399999999945
2.1153e-08,0.06443119999999991
2.1155e-08,0.06905660000000002
2.1157e-08,0.07361739999999994
2.1159e-08,0.07811330000000005
2.1161e-08,0.08254419999999996
2.1163e-08,0.08690989999999998
2.1165e-08,0.09121040000000002
2.1167e-08,0.09544569999999997
2.1169e-08,0.09961569999999997
2.1171e-08,0.1037207
2.1173e-08,0.10776059999999998
2.1175e-08,0.1117359
2.1177e-08,0.11564669999999999
2.1179e-08,0.11949329999999991
2.1181e-08,0.1232759
2.1183e-08,0.12699499999999997
2.1185e-08,0.13065080000000007
2.1187e-08,0.13424389999999997
2.1189e-08,0.13777450000000002
2.1191e-08,0.14124330000000007
2.1193e-08,0.14465059999999996
2.1195e-08,0.1479971
2.1197e-08,0.15128319999999995
2.11985e-08,0.15370840000000008
2.12e-08,0.15611069999999994
2.12002e-08,0.15643030000000002
2.12006e-08,0.15706969999999998
2.12014e-08,0.15834670000000006
2.1203e-08,0.16086869999999998
2.1205e-08,0.16390729999999998
2.1207e-08,0.16675719999999994
2.1209e-08,0.1693673
2.1211e-08,0.17170240000000003
2.1213e-08,0.1737390000000001
2.1215e-08,0.17546309999999998
2.1217e-08,0.1768674
2.1219e-08,0.1779501
2.1221e-08,0.1787127999999999
2.1223e-08,0.1791608
2.1225e-08,0.17930089999999999
2.1227e-08,0.17914170000000007
2.1229e-08,0.17869270000000004
2.1231e-08,0.17796449999999997
2.1233e-08,0.1769678
2.1235e-08,0.17571370000000008
2.1237e-08,0.17421330000000002
2.1239e-08,0.17247780000000001
2.1241e-08,0.1705183
2.1243e-08,0.16834570000000004
2.1245e-08,0.16597070000000003
2.1247e-08,0.16340370000000004
2.1249e-08,0.1606548
2.1251e-08,0.1577341
2.1253e-08,0.15465099999999998
2.1255e-08,0.1514148999999999
2.1257e-08,0.14803500000000003
2.1259e-08,0.14451970000000003
2.1261e-08,0.14087779999999994
2.1263e-08,0.1371173
2.1265e-08,0.13324609999999992
2.1267e-08,0.1292719000000001
2.1269e-08,0.12520209999999998
2.1271e-08,0.12104369999999998
2.1273e-08,0.11680369999999995
2.1275e-08,0.11248859999999994
2.1277e-08,0.10810489999999995
2.1279e-08,0.10365869999999999
2.1281e-08,0.09915589999999996
2.1283e-08,0.09460220000000008
2.1285e-08,0.09000319999999995
2.1287e-08,0.08536390000000005
2.1289e-08,0.08068980000000003
2.1291e-08,0.07598539999999998
2.1293e-08,0.07125549999999992
2.1295e-08,0.06650480000000003
2.1297e-08,0.06173719999999994
2.1299e-08,0.05695719999999993
2.1301e-08,0.052168400000000004
2.1303e-08,0.0473749
2.1305e-08,0.04258020000000007
2.1307e-08,0.03778760000000003
2.1309e-08,0.03300060000000005
2.1311e-08,0.028222199999999975
2.1313e-08,0.023455500000000074
2.1315e-08,0.01870319999999992
2.1317e-08,0.013968000000000091
2.1319e-08,0.009252599999999944
2.1321e-08,0.004559399999999991
2.1323e-08,-0.00010949999999998461
2.1325e-08,-0.004751700000000025
2.1327e-08,-0.00936529999999991
2.1329e-08,-0.013948299999999914
2.1331e-08,-0.018498899999999985
2.1333e-08,-0.023015499999999967
2.1335e-08,-0.027496299999999918
2.1337e-08,-0.03194000000000008
2.1339e-08,-0.03634500000000007
2.1341e-08,-0.04071009999999997
2.1343e-08,-0.04503429999999997
2.1345e-08,-0.04931620000000003
2.1347e-08,-0.05355500000000002
2.1349e-08,-0.05774950000000001
2.1351e-08,-0.061898999999999926
2.1353e-08,-0.06600269999999997
2.1355e-08,-0.0700598
2.1357e-08,-0.07406990000000002
2.1359e-08,-0.07803209999999994
2.1361e-08,-0.08194600000000007
2.1363e-08,-0.08581130000000003
2.1365e-08,-0.08962739999999991
2.1367e-08,-0.09339410000000004
2.1369e-08,-0.0971111
2.1371e-08,-0.10077809999999998
2.1373e-08,-0.1043949999999999
2.1375e-08,-0.10796159999999999
2.1377e-08,-0.11147790000000002
2.1379e-08,-0.11494369999999998
2.1381e-08,-0.11835909999999994
2.1383e-08,-0.12172430000000001
2.1385e-08,-0.12503910000000007
2.1387e-08,-0.12830370000000002
2.1389e-08,-0.13151819999999992
2.1391e-08,-0.13468289999999994
2.1393e-08,-0.13779779999999997
2.1395e-08,-0.14086319999999997
2.1397e-08,-0.1438794
2.13985e-08,-0.1461093
2.14e-08,-0.14831190000000005
2.14002e-08,-0.14860320000000005
2.14006e-08,-0.149185
2.14014e-08,-0.1503426
2.1403e-08,-0.1526348999999999
2.1405e-08,-0.15545710000000001
2.1407e-08,-0.1582317000000001
2.1409e-08,-0.16095900000000007
2.1411e-08,-0.1636394
2.1413e-08,-0.16627330000000007
2.1415e-08,-0.16886100000000004
2.1417e-08,-0.17140310000000003
2.1419e-08,-0.17390000000000005
2.1421e-08,-0.1763521
2.1423e-08,-0.17875990000000008
2.1425e-08,-0.18112379999999995
2.1427e-08,-0.1834443
2.1429e-08,-0.18572199999999994
2.1431e-08,-0.18795719999999994
2.1433e-08,-0.19015060000000006
2.1435e-08,-0.19230250000000004
2.1437e-08,-0.19441339999999996
2.1439e-08,-0.19648410000000005
2.1441e-08,-0.19851490000000005
2.1443e-08,-0.20050619999999997
2.1445e-08,-0.20245879999999994
2.1447e-08,-0.20437300000000003
2.1449e-08,-0.20624939999999992
2.1451e-08,-0.2080885
2.1453e-08,-0.20989069999999999
2.1455e-08,-0.21165679999999998
2.1457e-08,-0.213387
2.1459e-08,-0.21508210000000005
2.1461e-08,-0.2167424
2.1463e-08,-0.21836869999999997
2.1465e-08,-0.21996110000000002
2.1467e-08,-0.22152040000000006
2.1469e-08,-0.22304709999999994
2.1471e-08,-0.22454150000000006
2.1473e-08,-0.2260042
2.1475e-08,-0.22743590000000002
2.1477e-08,-0.2288369
2.1479e-08,-0.23020770000000002
2.1481e-08,-0.2315488
2.1483e-08,-0.23286069999999992
2.1485e-08,-0.23414389999999996
2.1487e-08,-0.23539880000000002
2.1489e-08,-0.23662589999999994
2.1491e-08,-0.23782579999999998
2.1493e-08,-0.23899879999999996
2.1495e-08,-0.2401453
2.1497e-08,-0.24126599999999998
2.1499e-08,-0.2423611
2.1501e-08,-0.24343119999999996
2.1503e-08,-0.2444767
2.1505e-08,-0.245498
2.1507e-08,-0.24649569999999998
2.1509e-08,-0.24746990000000002
2.1511e-08,-0.2484212
2.1513e-08,-0.24934999999999996
2.1515e-08,-0.25025679999999995
2.1517e-08,-0.25114190000000003
2.1519e-08,-0.25200560000000005
2.1521e-08,-0.2528486
2.1523e-08,-0.253671
2.1525e-08,-0.2544733
2.1527e-08,-0.2552557999999999
2.1529e-08,-0.25601890000000005
2.1531e-08,-0.2567631
2.1533e-08,-0.25748860000000007
2.1535e-08,-0.2581958
2.1537e-08,-0.2588851
2.1539e-08,-0.2595567999999999
2.1541e-08,-0.2602112
2.1543e-08,-0.2608488
2.1545e-08,-0.2614698
2.1547e-08,-0.2620745
2.1549e-08,-0.26266330000000004
2.1551e-08,-0.26323640000000004
2.1553e-08,-0.2637942000000001
2.1555e-08,-0.2643371
2.1557e-08,-0.2648653000000001
2.1559e-08,-0.26537900000000003
2.1561e-08,-0.2658787
2.1563e-08,-0.2663645
2.1565e-08,-0.26683690000000004
2.1567e-08,-0.26729590000000003
2.1569e-08,-0.26774200000000004
2.1571e-08,-0.26817540000000006
2.1573e-08,-0.26859639999999996
2.1575e-08,-0.2690051
2.1577e-08,-0.26940189999999997
2.1579e-08,-0.26978709999999995
2.1581e-08,-0.2701608
2.1583e-08,-0.2705232999999999
2.1585e-08,-0.27087490000000003
2.1587e-08,-0.2712158
2.1589e-08,-0.27154620000000007
2.1591e-08,-0.27186640000000006
2.1593e-08,-0.2721766
2.1595e-08,-0.27247699999999997
2.1597e-08,-0.2727678
2.15985e-08,-0.27297969999999994
2.16e-08,-0.2731863
2.16002e-08,-0.2732135
2.16006e-08,-0.27326759999999994
2.16014e-08,-0.27337469999999997
2.1603e-08,-0.2735845
2.1605e-08,-0.2738391
2.1607e-08,-0.274085
2.1609e-08,-0.27432270000000003
2.1611e-08,-0.2745521000000001
2.1613e-08,-0.2747735
2.1615e-08,-0.27498710000000004
2.1617e-08,-0.27519309999999997
2.1619e-08,-0.27539160000000007
2.1621e-08,-0.275583
2.1623e-08,-0.27576709999999993
2.1625e-08,-0.27594430000000003
2.1627e-08,-0.2761148
2.1629e-08,-0.27627859999999993
2.1631e-08,-0.27643589999999996
2.1633e-08,-0.276587
2.1635e-08,-0.276732
2.1637e-08,-0.2768710000000001
2.1639e-08,-0.2770039999999999
2.1641e-08,-0.2771314
2.1643e-08,-0.2772532
2.1645e-08,-0.27736970000000005
2.1647e-08,-0.2774807
2.1649e-08,-0.2775867000000001
2.1651e-08,-0.27768760000000003
2.1653e-08,-0.27778350000000007
2.1655e-08,-0.2778748
2.1657e-08,-0.27796129999999997
2.1659e-08,-0.2780433
2.1661e-08,-0.2781209
2.1663e-08,-0.27819420000000006
2.1665e-08,-0.2782633000000001
2.1667e-08,-0.2783283000000001
2.1669e-08,-0.2783894
2.1671e-08,-0.2784466
2.1673e-08,-0.2785000000000001
2.1675e-08,-0.27854980000000007
2.1677e-08,-0.27859599999999995
2.1679e-08,-0.2786387
2.1681e-08,-0.278678
2.1683e-08,-0.27871409999999996
2.1685e-08,-0.2787471
2.1687e-08,-0.2787769
2.1689e-08,-0.2788037
2.1691e-08,-0.27882759999999995
2.1693e-08,-0.27884870000000006
2.1695e-08,-0.278867
2.1697e-08,-0.2788826
2.1699e-08,-0.27889569999999997
2.1701e-08,-0.2789062
2.1703e-08,-0.2789142
2.1705e-08,-0.2789199
2.1707e-08,-0.27892339999999993
2.1709e-08,-0.27892459999999997
2.1711e-08,-0.2789237
2.1713e-08,-0.2789206000000001
2.1715e-08,-0.2789155
2.1717e-08,-0.2789085
2.1719e-08,-0.2788996
2.1721e-08,-0.2788889
2.1723e-08,-0.27887629999999997
2.1725e-08,-0.2788621
2.1727e-08,-0.27884620000000004
2.1729e-08,-0.27882869999999993
2.1731e-08,-0.2788096
2.1733e-08,-0.2787891
2.1735e-08,-0.27876709999999993
2.1737e-08,-0.2787436999999999
2.1739e-08,-0.2787191
2.1741e-08,-0.2786930999999999
2.1743e-08,-0.2786658999999999
2.1745e-08,-0.27863740000000004
2.1747e-08,-0.2786079
2.1749e-08,-0.2785771
2.1751e-08,-0.2785455
2.1753e-08,-0.27851270000000006
2.1755e-08,-0.2784789
2.1757e-08,-0.2784441999999999
2.1759e-08,-0.2784086
2.1761e-08,-0.2783721
2.1763e-08,-0.2783348
2.1765e-08,-0.2782968
2.1767e-08,-0.278258
2.1769e-08,-0.2782184
2.1771e-08,-0.27817820000000004
2.1773e-08,-0.2781372999999999
2.1775e-08,-0.27809569999999995
2.1777e-08,-0.2780536
2.1779e-08,-0.278011
2.1781e-08,-0.2779678
2.1783e-08,-0.2779241
2.1785e-08,-0.27787989999999996
2.1787e-08,-0.27783540000000007
2.1789e-08,-0.27779029999999993
2.1791e-08,-0.2777448
2.1793e-08,-0.27769900000000003
2.1795e-08,-0.2776529
2.1797e-08,-0.27760640000000003
2.17985e-08,-0.27757129999999997
2.18e-08,-0.27754670000000004
2.18002e-08,-0.27754560000000006
2.18006e-08,-0.2775447000000001
2.18014e-08,-0.2775479999999999
2.1803e-08,-0.2775523999999999
2.1805e-08,-0.2775002000000001
2.1807e-08,-0.277323
2.1809e-08,-0.2769707
2.1811e-08,-0.27640810000000005
2.1813e-08,-0.2756117
2.1815e-08,-0.2745662
2.1817e-08,-0.2732633
2.1819e-08,-0.2716991999999999
2.1821e-08,-0.26987440000000007
2.1823e-08,-0.2677916
2.1825e-08,-0.2654563
2.1827e-08,-0.2628749
2.1829e-08,-0.26005539999999994
2.1831e-08,-0.2570061
2.1833e-08,-0.2537363
2.1835e-08,-0.2502555000000001
2.1837e-08,-0.2465731
2.1839e-08,-0.242699
2.1841e-08,-0.2386429
2.1843e-08,-0.23441440000000002
2.1845e-08,-0.23002310000000004
2.1847e-08,-0.22547819999999996
2.1849e-08,-0.22078909999999996
2.1851e-08,-0.21596459999999995
2.1853e-08,-0.21101369999999997
2.1855e-08,-0.20594469999999998
2.1857e-08,-0.2007662
2.1859e-08,-0.1954861
2.1861e-08,-0.19011250000000002
2.1863e-08,-0.18465279999999995
2.1865e-08,-0.17911469999999996
2.1867e-08,-0.17350520000000003
2.1869e-08,-0.16783119999999996
2.1871e-08,-0.16209969999999996
2.1873e-08,-0.15631700000000004
2.1875e-08,-0.1504894
2.1877e-08,-0.1446231
2.1879e-08,-0.1387239
2.1881e-08,-0.1327973
2.1883e-08,-0.126849
2.1885e-08,-0.12088399999999999
2.1887e-08,-0.11490750000000005
2.1889e-08,-0.10892429999999997
2.1891e-08,-0.1029388
2.1893e-08,-0.09695560000000003
2.1895e-08,-0.09097900000000003
2.1897e-08,-0.085013
2.1899e-08,-0.07906129999999989
2.1901e-08,-0.07312780000000008
2.1903e-08,-0.0672161
2.1905e-08,-0.06132929999999992
2.1907e-08,-0.05547060000000004
2.1909e-08,-0.04964309999999994
2.1911e-08,-0.043849499999999986
2.1913e-08,-0.03809280000000004
2.1915e-08,-0.03237519999999994
2.1917e-08,-0.02669929999999998
2.1919e-08,-0.0210672999999999
2.1921e-08,-0.015481199999999973
2.1923e-08,-0.009943000000000035
2.1925e-08,-0.004454700000000034
2.1927e-08,0.0009820999999999858
2.1929e-08,0.006365900000000035
2.1931e-08,0.011695000000000011
2.1933e-08,0.016968299999999936
2.1935e-08,0.022184399999999993
2.1937e-08,0.027342199999999983
2.1939e-08,0.03244060000000004
2.1941e-08,0.03747879999999992
2.1943e-08,0.042455800000000044
2.1945e-08,0.04737099999999994
2.1947e-08,0.052223699999999984
2.1949e-08,0.05701309999999993
2.1951e-08,0.06173910000000005
2.1953e-08,0.06640089999999998
2.1955e-08,0.07099829999999996
2.1957e-08,0.07553110000000007
2.1959e-08,0.07999889999999998
2.1961e-08,0.08440170000000002
2.1963e-08,0.08873949999999997
2.1965e-08,0.09301199999999998
2.1967e-08,0.09721919999999995
2.1969e-08,0.1013615
2.1971e-08,0.10543879999999994
2.1973e-08,0.10945119999999997
2.1975e-08,0.11339909999999997
2.1977e-08,0.11728249999999996
2.1979e-08,0.1211019000000001
2.1981e-08,0.12485749999999995
2.1983e-08,0.12854980000000005
2.1985e-08,0.1321791
2.1987e-08,0.13574569999999997
2.1989e-08,0.13925030000000005
2.1991e-08,0.14269310000000002
2.1993e-08,0.14607480000000006
2.1995e-08,0.14939590000000003
2.1997e-08,0.15265669999999998
2.19985e-08,0.15506319999999996
2.2e-08,0.1574365000000001
2.20002e-08,0.1577501
2.20006e-08,0.15837619999999997
2.20014e-08,0.15962140000000002
2.2003e-08,0.1620838
2.2005e-08,0.16510990000000003
2.2007e-08,0.16807899999999998
2.2009e-08,0.17099140000000002
2.2011e-08,0.173848
2.2013e-08,0.1766493
2.2015e-08,0.179396
2.2017e-08,0.18208880000000005
2.2019e-08,0.18472840000000001
2.2021e-08,0.18731520000000002
2.2023e-08,0.18985030000000003
2.2025e-08,0.19233409999999995
2.2027e-08,0.19476749999999998
2.2029e-08,0.19715090000000002
2.2031e-08,0.19948529999999998
2.2033e-08,0.20177120000000004
2.2035e-08,0.2040094
2.2037e-08,0.2062005
2.2039e-08,0.2083452
2.2041e-08,0.21044439999999998
2.2043e-08,0.21249850000000003
2.2045e-08,0.21450829999999999
2.2047e-08,0.21647459999999996
2.2049e-08,0.21839799999999998
2.2051e-08,0.22027909999999995
2.2053e-08,0.2221187
2.2055e-08,0.2239173000000001
2.2057e-08,0.22567579999999998
2.2059e-08,0.2273946
2.2061e-08,0.22907460000000002
2.2063e-08,0.23071640000000004
2.2065e-08,0.23232039999999998
2.2067e-08,0.23388759999999997
2.2069e-08,0.23541840000000003
2.2071e-08,0.2369135
2.2073e-08,0.2383734999999999
2.2075e-08,0.23979909999999993
2.2077e-08,0.24119079999999993
2.2079e-08,0.24254920000000002
2.2081e-08,0.2438749
2.2083e-08,0.2451685
2.2085e-08,0.2464307
2.2087e-08,0.24766200000000005
2.2089e-08,0.2488629
2.2091e-08,0.250034
2.2093e-08,0.25117579999999995
2.2095e-08,0.2522888999999999
2.2097e-08,0.253374
2.2099e-08,0.2544312999999999
2.2101e-08,0.25546159999999996
2.2103e-08,0.2564653
2.2105e-08,0.257443
2.2107e-08,0.25839500000000004
2.2109e-08,0.2593219
2.2111e-08,0.2602244
2.2113e-08,0.2611027
2.2115e-08,0.2619574
2.2117e-08,0.2627889
2.2119e-08,0.2635978
2.2121e-08,0.2643843
2.2123e-08,0.2651491
2.2125e-08,0.2658925
2.2127e-08,0.26661499999999994
2.2129e-08,0.2673169999999999
2.2131e-08,0.267999
2.2133e-08,0.26866120000000004
2.2135e-08,0.2693042
2.2137e-08,0.26992839999999996
2.2139e-08,0.2705341
2.2141e-08,0.2711217
2.2143e-08,0.27169160000000003
2.2145e-08,0.27224419999999994
2.2147e-08,0.27277989999999996
2.2149e-08,0.2732991
2.2151e-08,0.27380189999999993
2.2153e-08,0.27428889999999995
2.2155e-08,0.2747604
2.2157e-08,0.27521660000000003
2.2159e-08,0.27565800000000007
2.2161e-08,0.2760848
2.2163e-08,0.2764974
2.2165e-08,0.2768961999999999
2.2167e-08,0.27728129999999995
2.2169e-08,0.2776531
2.2171e-08,0.2780119000000001
2.2173e-08,0.27835809999999994
2.2175e-08,0.2786919
2.2177e-08,0.2790134999999999
2.2179e-08,0.2793234
2.2181e-08,0.2796215999999999
2.2183e-08,0.27990860000000006
2.2185e-08,0.2801844
2.2187e-08,0.2804496000000001
2.2189e-08,0.28070419999999996
2.2191e-08,0.28094850000000005
2.2193e-08,0.28118279999999995
2.2195e-08,0.2814073
2.2197e-08,0.2816223
2.21985e-08,0.28177740000000007
2.22e-08,0.2819273
2.22002e-08,0.28194759999999996
2.22006e-08,0.2819900999999999
2.22014e-08,0.28208410000000006
2.2203e-08,0.28228320000000007
2.2205e-08,0.2824936
2.2207e-08,0.2825936
2.2209e-08,0.2825267
2.2211e-08,0.2822536
2.2213e-08,0.28174699999999997
2.2215e-08,0.28098959999999995
2.2217e-08,0.2799709
2.2219e-08,0.278686
2.2221e-08,0.27713389999999993
2.2223e-08,0.27531720000000004
2.2225e-08,0.2732399999999999
2.2227e-08,0.2709091
2.2229e-08,0.26833169999999995
2.2231e-08,0.26551630000000004
2.2233e-08,0.2624719
2.2235e-08,0.25920789999999994
2.2237e-08,0.25573389999999996
2.2239e-08,0.25205960000000005
2.2241e-08,0.24819480000000005
2.2243e-08,0.24414920000000007
2.2245e-08,0.23993240000000005
2.2247e-08,0.23555389999999998
2.2249e-08,0.23102290000000003
2.2251e-08,0.22634849999999995
2.2253e-08,0.22153960000000006
2.2255e-08,0.21660499999999994
2.2257e-08,0.211553
2.2259e-08,0.20639180000000001
2.2261e-08,0.20112960000000002
2.2263e-08,0.195774
2.2265e-08,0.19033250000000002
2.2267e-08,0.1848126
2.2269e-08,0.17922120000000008
2.2271e-08,0.1735654000000001
2.2273e-08,0.16785169999999994
2.2275e-08,0.16208650000000002
2.2277e-08,0.1562762000000001
2.2279e-08,0.15042650000000002
2.2281e-08,0.14454350000000005
2.2283e-08,0.1386326
2.2285e-08,0.13269920000000002
2.2287e-08,0.1267486
2.2289e-08,0.12078560000000005
2.2291e-08,0.11481510000000006
2.2293e-08,0.1088416000000001
2.2295e-08,0.1028696
2.2297e-08,0.09690319999999997
2.2299e-08,0.09094650000000004
2.2301e-08,0.0850033
2.2303e-08,0.07907730000000002
2.2305e-08,0.07317189999999996
2.2307e-08,0.06729069999999993
2.2309e-08,0.061436499999999894
2.2311e-08,0.055612499999999954
2.2313e-08,0.04982159999999991
2.2315e-08,0.044066199999999944
2.2317e-08,0.038349100000000025
2.2319e-08,0.0326727
2.2321e-08,0.027039099999999983
2.2323e-08,0.021450499999999928
2.2325e-08,0.015908900000000004
2.2327e-08,0.01041599999999998
2.2329e-08,0.004973700000000081
2.2331e-08,-0.00041650000000004184
2.2333e-08,-0.0057530999999999555
2.2335e-08,-0.011034800000000011
2.2337e-08,-0.0162601
2.2339e-08,-0.02142820000000001
2.2341e-08,-0.026537699999999997
2.2343e-08,-0.0315879
2.2345e-08,-0.036577700000000046
2.2347e-08,-0.04150659999999995
2.2349e-08,-0.04637379999999991
2.2351e-08,-0.05117859999999996
2.2353e-08,-0.055920700000000045
2.2355e-08,-0.06059930000000002
2.2357e-08,-0.0652144
2.2359e-08,-0.06976550000000004
2.2361e-08,-0.07425250000000005
2.2363e-08,-0.0786751
2.2365e-08,-0.08303320000000003
2.2367e-08,-0.08732680000000004
2.2369e-08,-0.09155590000000002
2.2371e-08,-0.09572039999999993
2.2373e-08,-0.09982060000000004
2.2375e-08,-0.10385650000000002
2.2377e-08,-0.10782839999999994
2.2379e-08,-0.11173640000000007
2.2381e-08,-0.11558080000000004
2.2383e-08,-0.11936210000000003
2.2385e-08,-0.12308039999999998
2.2387e-08,-0.12673620000000008
2.2389e-08,-0.1303297
2.2391e-08,-0.13386160000000003
2.2393e-08,-0.13733220000000002
2.2395e-08,-0.14074200000000003
2.2397e-08,-0.14409149999999993
2.23985e-08,-0.14656429999999998
2.24e-08,-0.1490035999999999
2.24002e-08,-0.14932610000000002
2.24006e-08,-0.14996980000000004
2.24014e-08,-0.15125010000000005
2.2403e-08,-0.15378290000000006
2.2405e-08,-0.15689660000000005
2.2407e-08,-0.1599528
2.2409e-08,-0.1629522
2.2411e-08,-0.1658951999999999
2.2413e-08,-0.1687826
2.2415e-08,-0.17161500000000007
2.2417e-08,-0.17439290000000007
2.2419e-08,-0.17711720000000009
2.2421e-08,-0.17978819999999995
2.2423e-08,-0.18240699999999999
2.2425e-08,-0.18497399999999997
2.2427e-08,-0.1874899
2.2429e-08,-0.18995549999999994
2.2431e-08,-0.19237130000000002
2.2433e-08,-0.19473810000000003
2.2435e-08,-0.19705660000000003
2.2437e-08,-0.19932740000000004
2.2439e-08,-0.2015513000000001
2.2441e-08,-0.20372900000000005
2.2443e-08,-0.20586099999999996
2.2445e-08,-0.20794810000000008
2.2447e-08,-0.20999080000000003
2.2449e-08,-0.21199020000000002
2.2451e-08,-0.21394649999999993
2.2453e-08,-0.21586070000000002
2.2455e-08,-0.21773339999999997
2.2457e-08,-0.21956509999999996
2.2459e-08,-0.22135669999999996
2.2461e-08,-0.2231086
2.2463e-08,-0.2248217
2.2465e-08,-0.22649639999999993
2.2467e-08,-0.2281335
2.2469e-08,-0.22973359999999998
2.2471e-08,-0.23129730000000004
2.2473e-08,-0.2328252999999999
2.2475e-08,-0.23431820000000003
2.2477e-08,-0.23577650000000006
2.2479e-08,-0.23720089999999994
2.2481e-08,-0.23859190000000008
2.2483e-08,-0.2399502
2.2485e-08,-0.2412763
2.2487e-08,-0.24257090000000003
2.2489e-08,-0.2438344
2.2491e-08,-0.2450675
2.2493e-08,-0.2462708
2.2495e-08,-0.24744460000000001
2.2497e-08,-0.24858970000000002
2.2499e-08,-0.24970649999999994
2.2501e-08,-0.2507956
2.2503e-08,-0.2518574
2.2505e-08,-0.2528926
2.2507e-08,-0.25390159999999995
2.2509e-08,-0.25488489999999997
2.2511e-08,-0.2558429
2.2513e-08,-0.25677629999999996
2.2515e-08,-0.25768539999999995
2.2517e-08,-0.2585708
2.2519e-08,-0.25943289999999997
2.2521e-08,-0.2602721
2.2523e-08,-0.261089
2.2525e-08,-0.26188389999999995
2.2527e-08,-0.2626573
2.2529e-08,-0.2634096
2.2531e-08,-0.26414139999999997
2.2533e-08,-0.26485290000000006
2.2535e-08,-0.2655446
2.2537e-08,-0.26621680000000003
2.2539e-08,-0.26687000000000005
2.2541e-08,-0.2675046
2.2543e-08,-0.26812099999999994
2.2545e-08,-0.26871960000000006
2.2547e-08,-0.26930069999999995
2.2549e-08,-0.2698646
2.2551e-08,-0.2704118
2.2553e-08,-0.27094260000000003
2.2555e-08,-0.27145739999999996
2.2557e-08,-0.2719564
2.2559e-08,-0.2724401000000001
2.2561e-08,-0.27290879999999995
2.2563e-08,-0.27336270000000007
2.2565e-08,-0.2738022
2.2567e-08,-0.27422769999999996
2.2569e-08,-0.2746394
2.2571e-08,-0.2750378
2.2573e-08,-0.27542279999999997
2.2575e-08,-0.27579510000000007
2.2577e-08,-0.2761547
2.2579e-08,-0.2765021
2.2581e-08,-0.27683750000000007
2.2583e-08,-0.27716110000000005
2.2585e-08,-0.2774732000000001
2.2587e-08,-0.2777741
2.2589e-08,-0.278064
2.2591e-08,-0.27834329999999996
2.2593e-08,-0.27861210000000003
2.2595e-08,-0.2788707
2.2597e-08,-0.2791194
2.25985e-08,-0.27929950000000003
2.26e-08,-0.2794848
2.26002e-08,-0.27951119999999996
2.26006e-08,-0.27956519999999996
2.26014e-08,-0.2796774000000001
2.2603e-08,-0.27989510000000006
2.2605e-08,-0.2801017
2.2607e-08,-0.28017539999999996
2.2609e-08,-0.28006620000000004
2.2611e-08,-0.2797394000000001
2.2613e-08,-0.27917139999999996
2.2615e-08,-0.2783477
2.2617e-08,-0.27725979999999995
2.2619e-08,-0.2759045
2.2621e-08,-0.2742823
2.2623e-08,-0.2723962
2.2625e-08,-0.2702515
2.2627e-08,-0.2678551
2.2629e-08,-0.26521490000000003
2.2631e-08,-0.26233950000000006
2.2633e-08,-0.2592382
2.2635e-08,-0.2559205
2.2637e-08,-0.2523959
2.2639e-08,-0.24867430000000001
2.2641e-08,-0.24476560000000003
2.2643e-08,-0.24067930000000004
2.2645e-08,-0.23642509999999994
2.2647e-08,-0.23201229999999995
2.2649e-08,-0.2274503000000001
2.2651e-08,-0.22274800000000006
2.2653e-08,-0.2179141
2.2655e-08,-0.21295759999999997
2.2657e-08,-0.20788650000000009
2.2659e-08,-0.20270909999999998
2.2661e-08,-0.19743339999999998
2.2663e-08,-0.19206679999999998
2.2665e-08,-0.18661720000000004
2.2667e-08,-0.18109160000000002
2.2669e-08,-0.17549700000000001
2.2671e-08,-0.16984030000000006
2.2673e-08,-0.1641279
2.2675e-08,-0.15836629999999996
2.2677e-08,-0.15256170000000002
2.2679e-08,-0.14671980000000007
2.2681e-08,-0.14084649999999999
2.2683e-08,-0.13494719999999993
2.2685e-08,-0.1290272
2.2687e-08,-0.12309169999999992
2.2689e-08,-0.11714559999999996
2.2691e-08,-0.1111934
2.2693e-08,-0.10523990000000005
2.2695e-08,-0.09928919999999997
2.2697e-08,-0.09334549999999997
2.2699e-08,-0.08741290000000002
2.2701e-08,-0.08149489999999993
2.2703e-08,-0.07559519999999997
2.2705e-08,-0.06971749999999999
2.2707e-08,-0.06386460000000005
2.2709e-08,-0.05803999999999998
2.2711e-08,-0.05224629999999997
2.2713e-08,-0.046486499999999986
2.2715e-08,-0.0407632
2.2717e-08,-0.035078900000000024
2.2719e-08,-0.0294357999999999
2.2721e-08,-0.02383629999999992
2.2723e-08,-0.018282299999999974
2.2725e-08,-0.012775700000000056
2.2727e-08,-0.007318400000000058
2.2729e-08,-0.0019120000000000248
2.2731e-08,0.0034417999999999394
2.2733e-08,0.00874179999999991
2.2735e-08,0.013986500000000013
2.2737e-08,0.01917469999999999
2.2739e-08,0.024305299999999974
2.2741e-08,0.02937730000000005
2.2743e-08,0.034389799999999915
2.2745e-08,0.03934179999999998
2.2747e-08,0.04423290000000002
2.2749e-08,0.049062200000000056
2.2751e-08,0.05382920000000002
2.2753e-08,0.05853330000000001
2.2755e-08,0.06317420000000007
2.2757e-08,0.06775160000000002
2.2759e-08,0.07226509999999997
2.2761e-08,0.07671459999999997
2.2763e-08,0.0810999
2.2765e-08,0.08542079999999996
2.2767e-08,0.08967740000000002
2.2769e-08,0.09386969999999994
2.2771e-08,0.09799769999999997
2.2773e-08,0.10206159999999997
2.2775e-08,0.10606150000000003
2.2777e-08,0.10999750000000008
2.2779e-08,0.11387009999999997
2.2781e-08,0.11767939999999999
2.2783e-08,0.12142580000000003
2.2785e-08,0.12510939999999993
2.2787e-08,0.1287309000000001
2.2789e-08,0.13229069999999998
2.2791e-08,0.1357889
2.2793e-08,0.13922630000000003
2.2795e-08,0.14260319999999993
2.2797e-08,0.14592020000000006
2.27985e-08,0.14836889999999991
2.28e-08,0.15078429999999998
2.28002e-08,0.1511036
2.28006e-08,0.15174100000000001
2.28014e-08,0.1530087
2.2803e-08,0.15551630000000005
2.2805e-08,0.15859900000000005
2.2807e-08,0.1616246
2.2809e-08,0.1645938
2.2811e-08,0.16750699999999996
2.2813e-08,0.17036479999999998
2.2815e-08,0.17316809999999994
2.2817e-08,0.1759174
2.2819e-08,0.17861340000000003
2.2821e-08,0.1812566
2.2823e-08,0.1838478
2.2825e-08,0.1863876000000001
2.2827e-08,0.18887690000000001
2.2829e-08,0.1913161
2.2831e-08,0.19370600000000004
2.2833e-08,0.19604730000000004
2.2835e-08,0.19834050000000003
2.2837e-08,0.20058659999999995
2.2839e-08,0.20278610000000008
2.2841e-08,0.20493950000000005
2.2843e-08,0.20704789999999995
2.2845e-08,0.2091116999999999
2.2847e-08,0.21113159999999997
2.2849e-08,0.21310829999999992
2.2851e-08,0.21504250000000003
2.2853e-08,0.21693489999999993
2.2855e-08,0.21878609999999998
2.2857e-08,0.22059669999999998
2.2859e-08,0.2223674
2.2861e-08,0.22409900000000005
2.2863e-08,0.22579189999999993
2.2865e-08,0.2274469
2.2867e-08,0.22906459999999995
2.2869e-08,0.2306456
2.2871e-08,0.23219060000000002
2.2873e-08,0.23370009999999997
2.2875e-08,0.23517490000000008
2.2877e-08,0.23661529999999997
2.2879e-08,0.23802219999999996
2.2881e-08,0.2393961
2.2883e-08,0.24073749999999994
2.2885e-08,0.24204709999999996
2.2887e-08,0.24332529999999997
2.2889e-08,0.24457289999999998
2.2891e-08,0.24579020000000007
2.2893e-08,0.24697800000000003
2.2895e-08,0.24813680000000005
2.2897e-08,0.24926690000000007
2.2899e-08,0.2503691
2.2901e-08,0.25144389999999994
2.2903e-08,0.2524917000000001
2.2905e-08,0.253513
2.2907e-08,0.2545084000000001
2.2909e-08,0.2554784
2.2911e-08,0.2564235
2.2913e-08,0.257344
2.2915e-08,0.2582405
2.2917e-08,0.25911359999999994
2.2919e-08,0.2599635
2.2921e-08,0.26079090000000005
2.2923e-08,0.2615961
2.2925e-08,0.26237960000000005
2.2927e-08,0.2631418
2.2929e-08,0.2638832
2.2931e-08,0.2646041
2.2933e-08,0.26530489999999995
2.2935e-08,0.26598620000000006
2.2937e-08,0.26664830000000006
2.2939e-08,0.26729159999999996
2.2941e-08,0.26791640000000005
2.2943e-08,0.2685232000000001
2.2945e-08,0.26911240000000003
2.2947e-08,0.2696843
2.2949e-08,0.27023910000000007
2.2951e-08,0.27077740000000006
2.2953e-08,0.2712996
2.2955e-08,0.2718058
2.2957e-08,0.2722966
2.2959e-08,0.27277209999999996
2.2961e-08,0.2732327
2.2963e-08,0.2736788
2.2965e-08,0.2741106
2.2967e-08,0.2745286
2.2969e-08,0.27493290000000004
2.2971e-08,0.275324
2.2973e-08,0.275702
2.2975e-08,0.2760673
2.2977e-08,0.2764202
2.2979e-08,0.27676080000000003
2.2981e-08,0.2770897
2.2983e-08,0.2774069
2.2985e-08,0.2777128
2.2987e-08,0.2780075999999999
2.2989e-08,0.2782916
2.2991e-08,0.2785649
2.2993e-08,0.2788279
2.2995e-08,0.279081
2.2997e-08,0.27932409999999996
2.29985e-08,0.27949999999999997
2.3e-08,0.2796708
2.30002e-08,0.27969390000000005
2.30006e-08,0.2797419
2.30014e-08,0.2798469
2.3003e-08,0.28006770000000003
2.3005e-08,0.2803051
2.3007e-08,0.2804314
2.3009e-08,0.2803905
2.3011e-08,0.28014269999999997
2.3013e-08,0.2796611
2.3015e-08,0.27892799999999995
2.3017e-08,0.27793290000000004
2.3019e-08,0.2766712
2.3021e-08,0.2751418
2.3023e-08,0.27334710000000007
2.3025e-08,0.2712917
2.3027e-08,0.26898200000000005
2.3029e-08,0.2664255
2.3031e-08,0.2636305
2.3033e-08,0.2606062
2.3035e-08,0.257362
2.3037e-08,0.2539074
2.3039e-08,0.2502525
2.3041e-08,0.24640669999999998
2.3043e-08,0.24237999999999993
2.3045e-08,0.23818169999999994
2.3047e-08,0.23382170000000002
2.3049e-08,0.22930899999999999
2.3051e-08,0.22465270000000004
2.3053e-08,0.21986190000000005
2.3055e-08,0.21494520000000006
2.3057e-08,0.20991099999999996
2.3059e-08,0.2047675
2.3061e-08,0.19952289999999995
2.3063e-08,0.1941849
2.3065e-08,0.1887609
2.3067e-08,0.18325840000000004
2.3069e-08,0.17768450000000002
2.3071e-08,0.17204600000000003
2.3073e-08,0.1663496000000001
2.3075e-08,0.1606016
2.3077e-08,0.15480839999999996
2.3079e-08,0.14897590000000005
2.3081e-08,0.1431099
2.3083e-08,0.13721610000000006
2.3085e-08,0.13129970000000002
2.3087e-08,0.12536599999999998
2.3089e-08,0.11941979999999996
2.3091e-08,0.1134660999999999
2.3093e-08,0.10750930000000003
2.3095e-08,0.10155389999999997
2.3097e-08,0.09560409999999997
2.3099e-08,0.08966380000000007
2.3101e-08,0.08373710000000001
2.3103e-08,0.07782739999999999
2.3105e-08,0.07193830000000001
2.3107e-08,0.06607300000000005
2.3109e-08,0.06023499999999993
2.3111e-08,0.054426899999999945
2.3113e-08,0.048651699999999964
2.3115e-08,0.04291220000000007
2.3117e-08,0.03721070000000004
2.3119e-08,0.0315496999999999
2.3121e-08,0.02593140000000005
2.3123e-08,0.020358199999999993
2.3125e-08,0.014831599999999945
2.3127e-08,0.00935370000000002
2.3129e-08,0.003926300000000049
2.3131e-08,-0.0014492000000000393
2.3133e-08,-0.006771299999999925
2.3135e-08,-0.012038499999999952
2.3137e-08,-0.017249599999999976
2.3139e-08,-0.022403399999999962
2.3141e-08,-0.027498899999999993
2.3143e-08,-0.032535199999999986
2.3145e-08,-0.037511300000000025
2.3147e-08,-0.04242659999999998
2.3149e-08,-0.0472804
2.3151e-08,-0.05207200000000001
2.3153e-08,-0.05680089999999993
2.3155e-08,-0.06146659999999993
2.3157e-08,-0.06606900000000004
2.3159e-08,-0.07060750000000005
2.3161e-08,-0.07508189999999992
2.3163e-08,-0.07949210000000007
2.3165e-08,-0.08383810000000003
2.3167e-08,-0.08811970000000002
2.3169e-08,-0.0923368
2.3171e-08,-0.09648970000000001
2.3173e-08,-0.10057830000000001
2.3175e-08,-0.10460290000000005
2.3177e-08,-0.10856339999999998
2.3179e-08,-0.11246040000000002
2.3181e-08,-0.11629389999999995
2.3183e-08,-0.12006439999999996
2.3185e-08,-0.123772
2.3187e-08,-0.12741729999999996
2.3189e-08,-0.13100050000000008
2.3191e-08,-0.13452219999999993
2.3193e-08,-0.13798279999999996
2.3195e-08,-0.14138260000000002
2.3197e-08,-0.14472240000000003
2.31985e-08,-0.1471880000000001
2.32e-08,-0.14963079999999995
2.32002e-08,-0.14995579999999997
2.32006e-08,-0.15060600000000002
2.32014e-08,-0.1519045
2.3203e-08,-0.15446970000000004
2.3205e-08,-0.15756230000000004
2.3207e-08,-0.16046590000000005
2.3209e-08,-0.16312919999999997
2.3211e-08,-0.16551700000000003
2.3213e-08,-0.16760580000000003
2.3215e-08,-0.16938149999999996
2.3217e-08,-0.17083670000000006
2.3219e-08,-0.1719695
2.3221e-08,-0.17278190000000004
2.3223e-08,-0.17327879999999996
2.3225e-08,-0.17346720000000004
2.3227e-08,-0.17335580000000006
2.3229e-08,-0.1729541
2.3231e-08,-0.17227250000000005
2.3233e-08,-0.17132210000000003
2.3235e-08,-0.17011370000000003
2.3237e-08,-0.16865870000000005
2.3239e-08,-0.16696840000000002
2.3241e-08,-0.16505380000000003
2.3243e-08,-0.16292570000000006
2.3245e-08,-0.1605949000000001
2.3247e-08,-0.15807190000000004
2.3249e-08,-0.15536700000000003
2.3251e-08,-0.15248990000000007
2.3253e-08,-0.14945049999999993
2.3255e-08,-0.146258
2.3257e-08,-0.14292149999999992
2.3259e-08,-0.1394497
2.3261e-08,-0.1358511
2.3263e-08,-0.13213389999999992
2.3265e-08,-0.12830609999999998
2.3267e-08,-0.12437529999999997
2.3269e-08,-0.12034880000000003
2.3271e-08,-0.11623380000000005
2.3273e-08,-0.11203720000000006
2.3275e-08,-0.10776560000000002
2.3277e-08,-0.10342529999999994
2.3279e-08,-0.09902250000000001
2.3281e-08,-0.09456319999999996
2.3283e-08,-0.09005300000000005
2.3285e-08,-0.0854975
2.3287e-08,-0.08090189999999997
2.3289e-08,-0.07627130000000004
2.3291e-08,-0.07161039999999996
2.3293e-08,-0.06692409999999993
2.3295e-08,-0.06221680000000007
2.3297e-08,-0.05749280000000001
2.3299e-08,-0.05275620000000003
2.3301e-08,-0.04801089999999997
2.3303e-08,-0.04326070000000004
2.3305e-08,-0.03850930000000008
2.3307e-08,-0.03376000000000001
2.3309e-08,-0.02901599999999993
2.3311e-08,-0.024280699999999933
2.3313e-08,-0.01955680000000004
2.3315e-08,-0.01484720000000006
2.3317e-08,-0.010154699999999961
2.3319e-08,-0.005481799999999981
2.3321e-08,-0.0008308000000000204
2.3323e-08,0.003795800000000016
2.3325e-08,0.008396099999999906
2.3327e-08,0.01296799999999998
2.3329e-08,0.01750940000000001
2.3331e-08,0.022018699999999947
2.3333e-08,0.026494100000000076
2.3335e-08,0.030934099999999964
2.3337e-08,0.03533700000000006
2.3339e-08,0.039701600000000004
2.3341e-08,0.044026699999999974
2.3343e-08,0.048310900000000045
2.3345e-08,0.052553299999999914
2.3347e-08,0.05675269999999999
2.3349e-08,0.06090810000000002
2.3351e-08,0.06501889999999999
2.3353e-08,0.06908420000000004
2.3355e-08,0.07310320000000003
2.3357e-08,0.07707540000000002
2.3359e-08,0.08100009999999991
2.3361e-08,0.08487689999999992
2.3363e-08,0.08870520000000004
2.3365e-08,0.09248479999999992
2.3367e-08,0.09621539999999995
2.3369e-08,0.0998964
2.3371e-08,0.1035279
2.3373e-08,0.10710969999999997
2.3375e-08,0.11064149999999995
2.3377e-08,0.11412319999999998
2.3379e-08,0.11755499999999997
2.3381e-08,0.12093670000000001
2.3383e-08,0.1242683
2.3385e-08,0.12754999999999994
2.3387e-08,0.13078199999999995
2.3389e-08,0.13396410000000003
2.3391e-08,0.13709670000000007
2.3393e-08,0.14017990000000002
2.3395e-08,0.1432141
2.3397e-08,0.14619930000000003
2.33985e-08,0.1484063
2.34e-08,0.15059660000000008
2.34002e-08,0.15088839999999992
2.34006e-08,0.15147259999999996
2.34014e-08,0.1526402
2.3403e-08,0.15494850000000004
2.3405e-08,0.15772909999999996
2.3407e-08,0.1603306
2.3409e-08,0.1627016
2.3411e-08,0.1648061999999999
2.3413e-08,0.1666208
2.3415e-08,0.16813090000000008
2.3417e-08,0.1693291
2.3419e-08,0.17021300000000006
2.3421e-08,0.1707843
2.3423e-08,0.17104770000000002
2.3425e-08,0.1710102
2.3427e-08,0.17067980000000005
2.3429e-08,0.1700663
2.3431e-08,0.1691798
2.3433e-08,0.16803089999999998
2.3435e-08,0.16663070000000002
2.3437e-08,0.16498999999999997
2.3439e-08,0.1631203
2.3441e-08,0.16103220000000007
2.3443e-08,0.1587366
2.3445e-08,0.15624419999999994
2.3447e-08,0.15356520000000007
2.3449e-08,0.1507098
2.3451e-08,0.14768779999999992
2.3453e-08,0.14450869999999993
2.3455e-08,0.1411817999999999
2.3457e-08,0.13771619999999996
2.3459e-08,0.13412029999999997
2.3461e-08,0.13040260000000004
2.3463e-08,0.1265712
2.3465e-08,0.12263409999999997
2.3467e-08,0.11859869999999995
2.3469e-08,0.11447230000000008
2.3471e-08,0.11026210000000003
2.3473e-08,0.10597469999999998
2.3475e-08,0.1016167
2.3477e-08,0.0971943999999999
2.3479e-08,0.09271400000000007
2.3481e-08,0.08818120000000007
2.3483e-08,0.08360159999999994
2.3485e-08,0.07898070000000001
2.3487e-08,0.07432359999999993
2.3489e-08,0.06963549999999996
2.3491e-08,0.064921
2.3493e-08,0.06018459999999992
2.3495e-08,0.05543089999999995
2.3497e-08,0.05066409999999999
2.3499e-08,0.045888200000000046
2.3501e-08,0.041106899999999946
2.3503e-08,0.03632409999999997
2.3505e-08,0.03154319999999999
2.3507e-08,0.026767499999999944
2.3509e-08,0.02200050000000009
2.3511e-08,0.01724480000000006
2.3513e-08,0.012503700000000006
2.3515e-08,0.007779700000000056
2.3517e-08,0.003075300000000003
2.3519e-08,-0.0016067999999999083
2.3521e-08,-0.006264199999999942
2.3523e-08,-0.01089490000000004
2.3525e-08,-0.015496799999999977
2.3527e-08,-0.020067900000000027
2.3529e-08,-0.024606200000000022
2.3531e-08,-0.029110400000000092
2.3533e-08,-0.03357840000000001
2.3535e-08,-0.03800900000000007
2.3537e-08,-0.04240049999999995
2.3539e-08,-0.04675189999999996
2.3541e-08,-0.05106189999999999
2.3543e-08,-0.055329299999999915
2.3545e-08,-0.05955300000000008
2.3547e-08,-0.06373220000000002
2.3549e-08,-0.06786589999999992
2.3551e-08,-0.07195339999999995
2.3553e-08,-0.075994
2.3555e-08,-0.07998689999999997
2.3557e-08,-0.0839316
2.3559e-08,-0.0878276
2.3561e-08,-0.09167459999999994
2.3563e-08,-0.09547189999999994
2.3565e-08,-0.0992192999999999
2.3567e-08,-0.10291669999999997
2.3569e-08,-0.10656359999999998
2.3571e-08,-0.11016000000000004
2.3573e-08,-0.11370559999999996
2.3575e-08,-0.11720059999999999
2.3577e-08,-0.1206448
2.3579e-08,-0.12403810000000004
2.3581e-08,-0.12738060000000007
2.3583e-08,-0.13067240000000002
2.3585e-08,-0.13391379999999997
2.3587e-08,-0.13710460000000002
2.3589e-08,-0.14024519999999996
2.3591e-08,-0.1433356
2.3593e-08,-0.1463762999999999
2.3595e-08,-0.14936740000000004
2.3597e-08,-0.15230920000000003
2.35985e-08,-0.1544833
2.36e-08,-0.1566301
2.36002e-08,-0.15691480000000002
2.36006e-08,-0.15748510000000004
2.36014e-08,-0.1586301
2.3603e-08,-0.16091139999999993
2.3605e-08,-0.16368539999999998
2.3607e-08,-0.16630330000000004
2.3609e-08,-0.1687069
2.3611e-08,-0.17085549999999994
2.3613e-08,-0.17272149999999997
2.3615e-08,-0.1742878
2.3617e-08,-0.1755443
2.3619e-08,-0.17648719999999996
2.3621e-08,-0.17711710000000003
2.3623e-08,-0.17743739999999997
2.3625e-08,-0.17745450000000007
2.3627e-08,-0.17717609999999995
2.3629e-08,-0.17661130000000003
2.3631e-08,-0.1757702
2.3633e-08,-0.17466309999999996
2.3635e-08,-0.17330089999999998
2.3637e-08,-0.17169469999999998
2.3639e-08,-0.1698556
2.3641e-08,-0.1677944
2.3643e-08,-0.16552199999999995
2.3645e-08,-0.16304909999999995
2.3647e-08,-0.16038609999999998
2.3649e-08,-0.15754309999999994
2.3651e-08,-0.1545301
2.3653e-08,-0.15135660000000006
2.3655e-08,-0.1480321
2.3657e-08,-0.1445655
2.3659e-08,-0.14096570000000008
2.3661e-08,-0.13724119999999995
2.3663e-08,-0.13339999999999996
2.3665e-08,-0.1294501
2.3667e-08,-0.12539920000000004
2.3669e-08,-0.1212548
2.3671e-08,-0.11702400000000002
2.3673e-08,-0.11271339999999996
2.3675e-08,-0.10832999999999993
2.3677e-08,-0.10387990000000002
2.3679e-08,-0.09936959999999995
2.3681e-08,-0.09480470000000008
2.3683e-08,-0.09019100000000002
2.3685e-08,-0.0855342
2.3687e-08,-0.0808394
2.3689e-08,-0.0761115
2.3691e-08,-0.07135570000000002
2.3693e-08,-0.06657649999999993
2.3695e-08,-0.06177840000000001
2.3697e-08,-0.05696570000000001
2.3699e-08,-0.05214259999999993
2.3701e-08,-0.04731279999999993
2.3703e-08,-0.04248019999999997
2.3705e-08,-0.037648499999999974
2.3707e-08,-0.03282099999999999
2.3709e-08,-0.028000999999999943
2.3711e-08,-0.02319160000000009
2.3713e-08,-0.018395700000000015
2.3715e-08,-0.013616200000000078
2.3717e-08,-0.00885569999999991
2.3719e-08,-0.004116899999999979
2.3721e-08,0.0005981000000000458
2.3723e-08,0.005286800000000036
2.3725e-08,0.009947099999999987
2.3727e-08,0.01457710000000001
2.3729e-08,0.019174800000000047
2.3731e-08,0.023738499999999996
2.3733e-08,0.028266400000000025
2.3735e-08,0.032757000000000036
2.3737e-08,0.03720889999999999
2.3739e-08,0.041620699999999955
2.3741e-08,0.04599110000000006
2.3743e-08,0.05031909999999995
2.3745e-08,0.05460340000000008
2.3747e-08,0.058843099999999926
2.3749e-08,0.06303739999999991
2.3751e-08,0.0671853
2.3753e-08,0.07128599999999996
2.3755e-08,0.07533900000000004
2.3757e-08,0.07934370000000002
2.3759e-08,0.08329940000000002
2.3761e-08,0.0872058
2.3763e-08,0.09106229999999993
2.3765e-08,0.09486859999999997
2.3767e-08,0.0986245
2.3769e-08,0.10232960000000002
2.3771e-08,0.10598379999999996
2.3773e-08,0.10958699999999999
2.3775e-08,0.11313899999999999
2.3777e-08,0.11663970000000001
2.3779e-08,0.12008930000000007
2.3781e-08,0.12348759999999992
2.3783e-08,0.12683489999999997
2.3785e-08,0.13013089999999994
2.3787e-08,0.1333761
2.3789e-08,0.13657070000000004
2.3791e-08,0.13971449999999996
2.3793e-08,0.14280800000000005
2.3795e-08,0.14585150000000002
2.3797e-08,0.1488452
2.37985e-08,0.15105780000000002
2.38e-08,0.1532428
2.38002e-08,0.15353249999999996
2.38006e-08,0.1541129
2.38014e-08,0.15527810000000009
2.3803e-08,0.1575995
2.3805e-08,0.16042310000000004
2.3807e-08,0.1630899
2.3809e-08,0.16554159999999996
2.3811e-08,0.16773749999999998
2.3813e-08,0.16965010000000003
2.3815e-08,0.17126189999999997
2.3817e-08,0.17256329999999998
2.3819e-08,0.17355029999999994
2.3821e-08,0.17422329999999997
2.3823e-08,0.17458610000000008
2.3825e-08,0.17464479999999993
2.3827e-08,0.17440730000000004
2.3829e-08,0.17388270000000006
2.3831e-08,0.17308100000000004
2.3833e-08,0.1720128999999999
2.3835e-08,0.17068899999999998
2.3837e-08,0.1691205
2.3839e-08,0.16731839999999998
2.3841e-08,0.16529379999999994
2.3843e-08,0.16305740000000002
2.3845e-08,0.16061999999999999
2.3847e-08,0.15799200000000002
2.3849e-08,0.15518350000000003
2.3851e-08,0.15220480000000003
2.3853e-08,0.149065
2.3855e-08,0.1457737
2.3857e-08,0.14234020000000003
2.3859e-08,0.13877289999999998
2.3861e-08,0.1350804
2.3863e-08,0.13127109999999997
2.3865e-08,0.12735279999999993
2.3867e-08,0.12333309999999997
2.3869e-08,0.11921950000000003
2.3871e-08,0.11501910000000004
2.3873e-08,0.11073880000000003
2.3875e-08,0.10638520000000007
2.3877e-08,0.10196470000000002
2.3879e-08,0.09748370000000006
2.3881e-08,0.09294769999999997
2.3883e-08,0.08836279999999996
2.3885e-08,0.08373429999999993
2.3887e-08,0.07906749999999996
2.3889e-08,0.07436750000000003
2.3891e-08,0.06963920000000001
2.3893e-08,0.06488719999999992
2.3895e-08,0.06011599999999995
2.3897e-08,0.05532990000000004
2.3899e-08,0.0505331
2.3901e-08,0.04572940000000003
2.3903e-08,0.04092260000000003
2.3905e-08,0.03611640000000005
2.3907e-08,0.03131399999999995
2.3909e-08,0.026518799999999954
2.3911e-08,0.02173400000000003
2.3913e-08,0.01696249999999999
2.3915e-08,0.01220690000000002
2.3917e-08,0.007470099999999924
2.3919e-08,0.002754699999999999
2.3921e-08,-0.0019371999999999723
2.3923e-08,-0.006603100000000084
2.3925e-08,-0.011241000000000057
2.3927e-08,-0.015848699999999938
2.3929e-08,-0.020424499999999957
2.3931e-08,-0.024966500000000003
2.3933e-08,-0.02947309999999992
2.3935e-08,-0.03394280000000005
2.3937e-08,-0.03837400000000002
2.3939e-08,-0.04276539999999995
2.3941e-08,-0.047115599999999924
2.3943e-08,-0.05142380000000002
2.3945e-08,-0.05568859999999998
2.3947e-08,-0.05990899999999999
2.3949e-08,-0.06408419999999992
2.3951e-08,-0.06821339999999998
2.3953e-08,-0.07229579999999991
2.3955e-08,-0.07633069999999997
2.3957e-08,-0.08031759999999999
2.3959e-08,-0.08425569999999993
2.3961e-08,-0.08814470000000008
2.3963e-08,-0.09198419999999996
2.3965e-08,-0.09577389999999997
2.3967e-08,-0.09951330000000003
2.3969e-08,-0.10320229999999997
2.3971e-08,-0.10684060000000006
2.3973e-08,-0.11042810000000003
2.3975e-08,-0.11396470000000003
2.3977e-08,-0.11745030000000001
2.3979e-08,-0.12088499999999991
2.3981e-08,-0.12426870000000001
2.3983e-08,-0.12760149999999992
2.3985e-08,-0.13088349999999993
2.3987e-08,-0.1341148000000001
2.3989e-08,-0.13729559999999996
2.3991e-08,-0.1404261
2.3993e-08,-0.14350649999999998
2.3995e-08,-0.14653689999999997
2.3997e-08,-0.14951789999999998
2.39985e-08,-0.15172110000000005
2.4e-08,-0.15389679999999994
2.40002e-08,-0.15418529999999997
2.40006e-08,-0.15476329999999994
2.40014e-08,-0.1559237
2.4003e-08,-0.15823540000000003
2.4005e-08,-0.16104719999999995
2.4007e-08,-0.16370240000000003
2.4009e-08,-0.16614269999999998
2.4011e-08,-0.16832760000000002
2.4013e-08,-0.17022929999999992
2.4015e-08,-0.17183059999999994
2.4017e-08,-0.1731216000000001
2.4019e-08,-0.17409850000000004
2.4021e-08,-0.17476160000000007
2.4023e-08,-0.17511480000000001
2.4025e-08,-0.17516410000000004
2.4027e-08,-0.1749174
2.4029e-08,-0.17438390000000004
2.4031e-08,-0.17357330000000004
2.4033e-08,-0.17249649999999994
2.4035e-08,-0.17116410000000004
2.4037e-08,-0.1695873
2.4039e-08,-0.16777719999999996
2.4041e-08,-0.16574460000000002
2.4043e-08,-0.16350049999999994
2.4045e-08,-0.1610553
2.4047e-08,-0.15841989999999995
2.4049e-08,-0.15560410000000002
2.4051e-08,-0.15261800000000003
2.4053e-08,-0.14947109999999997
2.4055e-08,-0.14617290000000005
2.4057e-08,-0.14273239999999998
2.4059e-08,-0.13915840000000002
2.4061e-08,-0.13545930000000006
2.4063e-08,-0.13164339999999997
2.4065e-08,-0.12771860000000002
2.4067e-08,-0.12369249999999998
2.4069e-08,-0.11957269999999998
2.4071e-08,-0.11536610000000003
2.4073e-08,-0.1110797
2.4075e-08,-0.10672020000000004
2.4077e-08,-0.10229379999999999
2.4079e-08,-0.09780690000000003
2.4081e-08,-0.09326520000000005
2.4083e-08,-0.0886747
2.4085e-08,-0.08404060000000002
2.4087e-08,-0.07936829999999995
2.4089e-08,-0.07466299999999992
2.4091e-08,-0.06992929999999997
2.4093e-08,-0.06517200000000001
2.4095e-08,-0.0603958
2.4097e-08,-0.055604600000000004
2.4099e-08,-0.05080269999999998
2.4101e-08,-0.04599409999999993
2.4103e-08,-0.04118250000000001
2.4105e-08,-0.036371299999999995
2.4107e-08,-0.03156440000000005
2.4109e-08,-0.02676449999999997
2.4111e-08,-0.021975100000000025
2.4113e-08,-0.017199100000000023
2.4115e-08,-0.012439100000000036
2.4117e-08,-0.007697999999999983
2.4119e-08,-0.002978199999999931
2.4121e-08,0.001717899999999939
2.4123e-08,0.006387900000000002
2.4125e-08,0.011029900000000037
2.4127e-08,0.015641600000000033
2.4129e-08,0.020221399999999945
2.4131e-08,0.024767399999999995
2.4133e-08,0.02927780000000002
2.4135e-08,0.03375109999999992
2.4137e-08,0.03818599999999994
2.4139e-08,0.04258109999999993
2.4141e-08,0.0469349
2.4143e-08,0.05124649999999997
2.4145e-08,0.05551470000000003
2.4147e-08,0.05973850000000003
2.4149e-08,0.06391709999999995
2.4151e-08,0.06804960000000004
2.4153e-08,0.07213520000000007
2.4155e-08,0.07617320000000005
2.4157e-08,0.08016319999999999
2.4159e-08,0.08410439999999997
2.4161e-08,0.08799639999999997
2.4163e-08,0.09183889999999995
2.4165e-08,0.09563130000000009
2.4167e-08,0.0993735
2.4169e-08,0.10306530000000003
2.4171e-08,0.10670630000000003
2.4173e-08,0.11029640000000007
2.4175e-08,0.11383569999999998
2.4177e-08,0.11732379999999998
2.4179e-08,0.12076109999999995
2.4181e-08,0.12414729999999996
2.4183e-08,0.12748249999999994
2.4185e-08,0.13076679999999996
2.4187e-08,0.13400049999999997
2.4189e-08,0.13718360000000007
2.4191e-08,0.14031630000000006
2.4193e-08,0.14339880000000005
2.4195e-08,0.14643150000000005
2.4197e-08,0.1494145
2.41985e-08,0.1516192999999999
2.42e-08,0.15380699999999992
2.42002e-08,0.15409850000000003
2.42006e-08,0.15468179999999998
2.42014e-08,0.15584790000000004
2.4203e-08,0.15815269999999992
2.4205e-08,0.16092839999999997
2.4207e-08,0.16352460000000002
2.4209e-08,0.16588989999999992
2.4211e-08,0.16798849999999999
2.4213e-08,0.16979679999999997
2.4215e-08,0.17130049999999997
2.4217e-08,0.17249199999999998
2.4219e-08,0.173369
2.4221e-08,0.17393329999999996
2.4223e-08,0.1741895
2.4225e-08,0.17414449999999992
2.4227e-08,0.17380660000000003
2.4229e-08,0.17318540000000004
2.4231e-08,0.17229090000000002
2.4233e-08,0.1711338
2.4235e-08,0.16972520000000002
2.4237e-08,0.168076
2.4239e-08,0.1661973
2.4241e-08,0.16410009999999997
2.4243e-08,0.16179520000000003
2.4245e-08,0.1592929999999999
2.4247e-08,0.15660410000000002
2.4249e-08,0.15373839999999994
2.4251e-08,0.1507058
2.4253e-08,0.14751580000000009
2.4255e-08,0.14417770000000008
2.4257e-08,0.14070039999999995
2.4259e-08,0.1370926
2.4261e-08,0.1333628
2.4263e-08,0.1295189
2.4265e-08,0.12556869999999998
2.4267e-08,0.12152009999999991
2.4269e-08,0.11738000000000004
2.4271e-08,0.11315580000000003
2.4273e-08,0.10885410000000006
2.4275e-08,0.10448139999999995
2.4277e-08,0.10004419999999992
2.4279e-08,0.09554839999999998
2.4281e-08,0.09099999999999997
2.4283e-08,0.08640439999999994
2.4285e-08,0.08176729999999999
2.4287e-08,0.07709359999999998
2.4289e-08,0.07238860000000003
2.4291e-08,0.06765690000000002
2.4293e-08,0.06290309999999999
2.4295e-08,0.05813170000000001
2.4297e-08,0.053346900000000086
2.4299e-08,0.04855279999999995
2.4301e-08,0.04375300000000004
2.4303e-08,0.038951600000000086
2.4305e-08,0.034151800000000065
2.4307e-08,0.029357099999999914
2.4309e-08,0.024570699999999945
2.4311e-08,0.019795600000000024
2.4313e-08,0.015034800000000015
2.4315e-08,0.01029100000000005
2.4317e-08,0.0055667000000000355
2.4319e-08,0.0008647000000000515
2.4321e-08,-0.0038131000000000137
2.4323e-08,-0.008464100000000085
2.4325e-08,-0.013086299999999995
2.4327e-08,-0.017677900000000024
2.4329e-08,-0.02223699999999995
2.4331e-08,-0.026761600000000052
2.4333e-08,-0.03125040000000001
2.4335e-08,-0.03570170000000006
2.4337e-08,-0.04011419999999999
2.4339e-08,-0.04448640000000004
2.4341e-08,-0.04881710000000006
2.4343e-08,-0.05310530000000002
2.4345e-08,-0.05735000000000001
2.4347e-08,-0.061549999999999994
2.4349e-08,-0.0657046
2.4351e-08,-0.06981300000000001
2.4353e-08,-0.07387430000000006
2.4355e-08,-0.07788799999999996
2.4357e-08,-0.08185350000000002
2.4359e-08,-0.08577020000000002
2.4361e-08,-0.08963770000000004
2.4363e-08,-0.09345559999999997
2.4365e-08,-0.09722360000000008
2.4367e-08,-0.10094119999999995
2.4369e-08,-0.10460859999999994
2.4371e-08,-0.10822509999999996
2.4373e-08,-0.11179099999999997
2.4375e-08,-0.11530589999999996
2.4377e-08,-0.1187701000000001
2.4379e-08,-0.12218320000000005
2.4381e-08,-0.12554540000000003
2.4383e-08,-0.128857
2.4385e-08,-0.13211780000000006
2.4387e-08,-0.13532790000000006
2.4389e-08,-0.13848779999999994
2.4391e-08,-0.14159750000000004
2.4393e-08,-0.14465709999999998
2.4395e-08,-0.14766709999999994
2.4397e-08,-0.15062769999999992
2.43985e-08,-0.15281580000000006
2.44e-08,-0.15497640000000001
2.44002e-08,-0.15526210000000007
2.44006e-08,-0.15583270000000005
2.44014e-08,-0.15696790000000005
2.4403e-08,-0.15921530000000006
2.4405e-08,-0.1619813
2.4407e-08,-0.1646997
2.4409e-08,-0.16737059999999992
2.4411e-08,-0.1699948
2.4413e-08,-0.1725723
2.4415e-08,-0.17510389999999998
2.4417e-08,-0.17758969999999996
2.4419e-08,-0.18003049999999998
2.4421e-08,-0.18242649999999994
2.4423e-08,-0.18477829999999995
2.4425e-08,-0.18708629999999993
2.4427e-08,-0.18935119999999994
2.4429e-08,-0.19157330000000006
2.4431e-08,-0.1937531
2.4433e-08,-0.19589119999999993
2.4435e-08,-0.19798819999999995
2.4437e-08,-0.2000444
2.4439e-08,-0.20206040000000003
2.4441e-08,-0.20403680000000002
2.4443e-08,-0.205974
2.4445e-08,-0.20787270000000002
2.4447e-08,-0.20973319999999995
2.4449e-08,-0.21155619999999997
2.4451e-08,-0.21334219999999993
2.4453e-08,-0.21509160000000005
2.4455e-08,-0.21680520000000003
2.4457e-08,-0.2184832
2.4459e-08,-0.22012639999999994
2.4461e-08,-0.22173509999999996
2.4463e-08,-0.22330989999999995
2.4465e-08,-0.22485139999999992
2.4467e-08,-0.22636
2.4469e-08,-0.2278363
2.4471e-08,-0.22928079999999995
2.4473e-08,-0.2306939
2.4475e-08,-0.23207620000000007
2.4477e-08,-0.23342819999999997
2.4479e-08,-0.23475030000000008
2.4481e-08,-0.23604309999999995
2.4483e-08,-0.2373071
2.4485e-08,-0.23854260000000005
2.4487e-08,-0.23975030000000008
2.4489e-08,-0.2409306
2.4491e-08,-0.24208390000000002
2.4493e-08,-0.2432107
2.4495e-08,-0.24431150000000001
2.4497e-08,-0.24538669999999996
2.4499e-08,-0.2464368
2.4501e-08,-0.24746230000000002
2.4503e-08,-0.24846330000000005
2.4505e-08,-0.24944070000000007
2.4507e-08,-0.25039469999999997
2.4509e-08,-0.2513257000000001
2.4511e-08,-0.2522341
2.4513e-08,-0.25312049999999997
2.4515e-08,-0.2539851000000001
2.4517e-08,-0.25482839999999995
2.4519e-08,-0.25565079999999996
2.4521e-08,-0.2564525999999999
2.4523e-08,-0.2572342999999999
2.4525e-08,-0.25799630000000007
2.4527e-08,-0.25873879999999994
2.4529e-08,-0.2594624
2.4531e-08,-0.2601673
2.4533e-08,-0.26085389999999997
2.4535e-08,-0.26152259999999994
2.4537e-08,-0.26217369999999995
2.4539e-08,-0.26280760000000003
2.4541e-08,-0.26342449999999995
2.4543e-08,-0.26402499999999995
2.4545e-08,-0.2646092
2.4547e-08,-0.26517750000000007
2.4549e-08,-0.2657301999999999
2.4551e-08,-0.26626760000000005
2.4553e-08,-0.26679010000000003
2.4555e-08,-0.2672979
2.4557e-08,-0.2677914
2.4559e-08,-0.26827080000000003
2.4561e-08,-0.2687364
2.4563e-08,-0.26918849999999994
2.4565e-08,-0.2696275
2.4567e-08,-0.27005350000000006
2.4569e-08,-0.27046690000000007
2.4571e-08,-0.2708678
2.4573e-08,-0.2712567
2.4575e-08,-0.27163380000000004
2.4577e-08,-0.2719992
2.4579e-08,-0.27235319999999996
2.4581e-08,-0.2726961
2.4583e-08,-0.27302820000000005
2.4585e-08,-0.2733496999999999
2.4587e-08,-0.2736607
2.4589e-08,-0.2739615999999999
2.4591e-08,-0.27425259999999996
2.4593e-08,-0.27453379999999994
2.4595e-08,-0.2748054999999999
2.4597e-08,-0.27506790000000003
2.45985e-08,-0.2752588
2.46e-08,-0.2754447
2.46002e-08,-0.27546899999999996
2.46006e-08,-0.27551749999999997
2.46014e-08,-0.2756136
2.4603e-08,-0.2758014999999999
2.4605e-08,-0.2760289
2.4607e-08,-0.27624800000000005
2.4609e-08,-0.276459
2.4611e-08,-0.2766621
2.4613e-08,-0.2768575
2.4615e-08,-0.2770454
2.4617e-08,-0.2772259
2.4619e-08,-0.27739919999999996
2.4621e-08,-0.2775655
2.4623e-08,-0.27772509999999995
2.4625e-08,-0.2778779
2.4627e-08,-0.27802420000000005
2.4629e-08,-0.2781642
2.4631e-08,-0.27829800000000005
2.4633e-08,-0.27842579999999995
2.4635e-08,-0.2785476
2.4637e-08,-0.27866369999999996
2.4639e-08,-0.27877430000000003
2.4641e-08,-0.27887929999999994
2.4643e-08,-0.27897910000000004
2.4645e-08,-0.27907360000000003
2.4647e-08,-0.2791631
2.4649e-08,-0.27924759999999993
2.4651e-08,-0.27932749999999995
2.4653e-08,-0.27940260000000006
2.4655e-08,-0.2794732
2.4657e-08,-0.27953929999999994
2.4659e-08,-0.2796012
2.4661e-08,-0.27965890000000004
2.4663e-08,-0.27971250000000003
2.4665e-08,-0.2797621
2.4667e-08,-0.27980780000000005
2.4669e-08,-0.2798497999999999
2.4671e-08,-0.27988820000000003
2.4673e-08,-0.27992300000000003
2.4675e-08,-0.27995440000000005
2.4677e-08,-0.27998239999999996
2.4679e-08,-0.2800072
2.4681e-08,-0.28002879999999997
2.4683e-08,-0.2800473
2.4685e-08,-0.2800629
2.4687e-08,-0.2800756
2.4689e-08,-0.2800855
2.4691e-08,-0.2800926
2.4693e-08,-0.28009720000000005
2.4695e-08,-0.28009910000000005
2.4697e-08,-0.2800986
2.4699e-08,-0.28009570000000006
2.4701e-08,-0.2800904000000001
2.4703e-08,-0.28008299999999997
2.4705e-08,-0.2800732
2.4707e-08,-0.28006149999999996
2.4709e-08,-0.28004760000000006
2.4711e-08,-0.28003179999999994
2.4713e-08,-0.28001409999999993
2.4715e-08,-0.2799944999999999
2.4717e-08,-0.2799731999999999
2.4719e-08,-0.2799501999999999
2.4721e-08,-0.2799254
2.4723e-08,-0.27989910000000007
2.4725e-08,-0.2798712
2.4727e-08,-0.27984180000000003
2.4729e-08,-0.27981100000000003
2.4731e-08,-0.2797788
2.4733e-08,-0.2797453000000001
2.4735e-08,-0.2797105
2.4737e-08,-0.27967449999999994
2.4739e-08,-0.2796373
2.4741e-08,-0.2795989
2.4743e-08,-0.27955949999999996
2.4745e-08,-0.27951899999999996
2.4747e-08,-0.27947749999999993
2.4749e-08,-0.279435
2.4751e-08,-0.2793916999999999
2.4753e-08,-0.2793474
2.4755e-08,-0.2793023
2.4757e-08,-0.2792564999999999
2.4759e-08,-0.2792099
2.4761e-08,-0.2791625
2.4763e-08,-0.27911449999999993
2.4765e-08,-0.2790657999999999
2.4767e-08,-0.27901639999999994
2.4769e-08,-0.2789665
2.4771e-08,-0.2789161
2.4773e-08,-0.2788651
2.4775e-08,-0.2788136
2.4777e-08,-0.27876160000000005
2.4779e-08,-0.27870929999999994
2.4781e-08,-0.2786565
2.4783e-08,-0.2786033
2.4785e-08,-0.2785497
2.4787e-08,-0.2784959
2.4789e-08,-0.2784417
2.4791e-08,-0.2783873
2.4793e-08,-0.27833260000000004
2.4795e-08,-0.27827770000000007
2.4797e-08,-0.2782226
2.47985e-08,-0.27818109999999996
2.48e-08,-0.2781395
2.48002e-08,-0.27813389999999993
2.48006e-08,-0.2781228
2.48014e-08,-0.27810060000000003
2.4803e-08,-0.27805610000000003
2.4805e-08,-0.2780003
2.4807e-08,-0.2779444
2.4809e-08,-0.2778885
2.4811e-08,-0.2778324
2.4813e-08,-0.27777640000000003
2.4815e-08,-0.2777202
2.4817e-08,-0.2776641000000001
2.4819e-08,-0.27760799999999997
2.4821e-08,-0.2775518
2.4823e-08,-0.2774957
2.4825e-08,-0.27743969999999996
2.4827e-08,-0.2773837
2.4829e-08,-0.27732770000000007
2.4831e-08,-0.2772719
2.4833e-08,-0.27721609999999997
2.4835e-08,-0.2771604
2.4837e-08,-0.2771049000000001
2.4839e-08,-0.27704949999999995
2.4841e-08,-0.2769942000000001
2.4843e-08,-0.2769391
2.4845e-08,-0.2768842
2.4847e-08,-0.2768294
2.4849e-08,-0.2767748
2.4851e-08,-0.2767204
2.4853e-08,-0.2766662
2.4855e-08,-0.2766122
2.4857e-08,-0.2765584
2.4859e-08,-0.2765048
2.4861e-08,-0.27645150000000007
2.4863e-08,-0.2763983
2.4865e-08,-0.2763455
2.4867e-08,-0.27629289999999995
2.4869e-08,-0.27624059999999995
2.4871e-08,-0.2761886
2.4873e-08,-0.27613679999999996
2.4875e-08,-0.2760853000000001
2.4877e-08,-0.276034
2.4879e-08,-0.2759830999999999
2.4881e-08,-0.2759324000000001
2.4883e-08,-0.27588199999999996
2.4885e-08,-0.2758319
2.4887e-08,-0.2757822
2.4889e-08,-0.2757328
2.4891e-08,-0.2756835999999999
2.4893e-08,-0.27563480000000007
2.4895e-08,-0.27558629999999995
2.4897e-08,-0.27553819999999996
2.4899e-08,-0.27549029999999997
2.4901e-08,-0.27544269999999993
2.4903e-08,-0.27539559999999996
2.4905e-08,-0.2753487
2.4907e-08,-0.2753023
2.4909e-08,-0.27525600000000006
2.4911e-08,-0.27521019999999996
2.4913e-08,-0.27516470000000004
2.4915e-08,-0.2751196
2.4917e-08,-0.2750747
2.4919e-08,-0.2750302
2.4921e-08,-0.2749860999999999
2.4923e-08,-0.27494240000000003
2.4925e-08,-0.27489889999999995
2.4927e-08,-0.2748558
2.4929e-08,-0.2748130999999999
2.4931e-08,-0.2747708000000001
2.4933e-08,-0.27472870000000005
2.4935e-08,-0.2746869999999999
2.4937e-08,-0.2746457
2.4939e-08,-0.2746048
2.4941e-08,-0.2745641
2.4943e-08,-0.27452389999999993
2.4945e-08,-0.27448400000000006
2.4947e-08,-0.27444440000000003
2.4949e-08,-0.2744052
2.4951e-08,-0.27436630000000006
2.4953e-08,-0.2743278
2.4955e-08,-0.2742897000000001
2.4957e-08,-0.2742519
2.4959e-08,-0.27421439999999997
2.4961e-08,-0.2741771999999999
2.4963e-08,-0.2741405
2.4965e-08,-0.27410409999999996
2.4967e-08,-0.2740680000000001
2.4969e-08,-0.27403219999999995
2.4971e-08,-0.2739969
2.4973e-08,-0.27396180000000003
2.4975e-08,-0.2739271000000001
2.4977e-08,-0.27389280000000005
2.4979e-08,-0.2738587
2.4981e-08,-0.2738248999999999
2.4983e-08,-0.2737915000000001
2.4985e-08,-0.2737585
2.4987e-08,-0.2737258
2.4989e-08,-0.2736934000000001
2.4991e-08,-0.27366139999999994
2.4993e-08,-0.2736295999999999
2.4995e-08,-0.2735981999999999
2.4997e-08,-0.27356709999999995
2.49985e-08,-0.273544
2.5e-08,-0.2735211999999999
2.50002e-08,-0.2735181
2.50006e-08,-0.2735120000000001
2.50014e-08,-0.2734999
2.5003e-08,-0.27347580000000005
2.5005e-08,-0.27344599999999997
2.5007e-08,-0.27341650000000006
2.5009e-08,-0.2733873
2.5011e-08,-0.2733584
2.5013e-08,-0.27332979999999996
2.5015e-08,-0.2733015
2.5017e-08,-0.2732736
2.5019e-08,-0.27324589999999993
2.5021e-08,-0.27321850000000003
2.5023e-08,-0.2731914999999999
2.5025e-08,-0.2731646999999999
2.5027e-08,-0.2731382
2.5029e-08,-0.273112
2.5031e-08,-0.2730861
2.5033e-08,-0.2730604000000001
2.5035e-08,-0.2730351999999999
2.5037e-08,-0.27301010000000003
2.5039e-08,-0.2729853
2.5041e-08,-0.2729608
2.5043e-08,-0.2729365
2.5045e-08,-0.27291260000000006
2.5047e-08,-0.27288899999999994
2.5049e-08,-0.2728655
2.5051e-08,-0.2728423
2.5053e-08,-0.2728195
2.5055e-08,-0.2727968999999999
2.5057e-08,-0.2727746
2.5059e-08,-0.2727524
2.5061e-08,-0.2727305
2.5063e-08,-0.2727088999999999
2.5065e-08,-0.27268760000000003
2.5067e-08,-0.2726664999999999
2.5069e-08,-0.2726457
2.5071e-08,-0.272625
2.5073e-08,-0.27260470000000003
2.5075e-08,-0.2725845
2.5077e-08,-0.2725647
2.5079e-08,-0.2725449999999999
2.5081e-08,-0.27252560000000003
2.5083e-08,-0.2725063999999999
2.5085e-08,-0.27248740000000005
2.5087e-08,-0.2724687
2.5089e-08,-0.2724502
2.5091e-08,-0.27243190000000006
2.5093e-08,-0.2724139
2.5095e-08,-0.2723960000000001
2.5097e-08,-0.2723784
2.5099e-08,-0.2723609
2.5101e-08,-0.2723438
2.5103e-08,-0.2723266999999999
2.5105e-08,-0.27230999999999994
2.5107e-08,-0.2722934
2.5109e-08,-0.272277
2.5111e-08,-0.27226079999999997
2.5113e-08,-0.27224479999999995
2.5115e-08,-0.27222900000000005
2.5117e-08,-0.2722135
2.5119e-08,-0.27219800000000005
2.5121e-08,-0.2721829
2.5123e-08,-0.27216779999999996
2.5125e-08,-0.272153
2.5127e-08,-0.2721384
2.5129e-08,-0.2721239
2.5131e-08,-0.27210959999999995
2.5133e-08,-0.27209549999999993
2.5135e-08,-0.2720815999999999
2.5137e-08,-0.2720678999999999
2.5139e-08,-0.2720542
2.5141e-08,-0.27204090000000003
2.5143e-08,-0.2720275999999999
2.5145e-08,-0.2720146
2.5147e-08,-0.2720017
2.5149e-08,-0.2719889
2.5151e-08,-0.27197630000000006
2.5153e-08,-0.2719640000000001
2.5155e-08,-0.2719517
2.5157e-08,-0.27193959999999995
2.5159e-08,-0.2719277
2.5161e-08,-0.2719159
2.5163e-08,-0.27190420000000004
2.5165e-08,-0.2718927
2.5167e-08,-0.27188139999999994
2.5169e-08,-0.27187020000000006
2.5171e-08,-0.27185919999999997
2.5173e-08,-0.27184829999999993
2.5175e-08,-0.27183750000000007
2.5177e-08,-0.2718269
2.5179e-08,-0.27181639999999996
2.5181e-08,-0.27180610000000005
2.5183e-08,-0.2717959
2.5185e-08,-0.27178579999999997
2.5187e-08,-0.27177590000000007
2.5189e-08,-0.27176600000000006
2.5191e-08,-0.2717564
2.5193e-08,-0.2717469
2.5195e-08,-0.2717374
2.5197e-08,-0.2717280999999999
2.51985e-08,-0.27172110000000005
2.52e-08,-0.2717143000000001
2.52002e-08,-0.27171350000000005
2.52006e-08,-0.27171160000000005
2.52014e-08,-0.27170799999999995
2.5203e-08,-0.2717008999999999
2.5205e-08,-0.2716921000000001
2.5207e-08,-0.2716834
2.5209e-08,-0.2716748
2.5211e-08,-0.2716663
2.5213e-08,-0.2716579
2.5215e-08,-0.27164980000000005
2.5217e-08,-0.27164160000000004
2.5219e-08,-0.2716335000000001
2.5221e-08,-0.2716256
2.5223e-08,-0.2716178
2.5225e-08,-0.2716101000000001
2.5227e-08,-0.2716025000000001
2.5229e-08,-0.27159500000000003
2.5231e-08,-0.27158760000000004
2.5233e-08,-0.2715803
2.5235e-08,-0.2715731
2.5237e-08,-0.271566
2.5239e-08,-0.271559
2.5241e-08,-0.27155209999999996
2.5243e-08,-0.2715453
2.5245e-08,-0.2715385
2.5247e-08,-0.2715318
2.5249e-08,-0.27152540000000003
2.5251e-08,-0.2715189
2.5253e-08,-0.27151250000000005
2.5255e-08,-0.27150620000000003
2.5257e-08,-0.27149999999999996
2.5259e-08,-0.27149389999999995
2.5261e-08,-0.2714879
2.5263e-08,-0.271482
2.5265e-08,-0.2714761
2.5267e-08,-0.2714704
2.5269e-08,-0.27146460000000006
2.5271e-08,-0.27145909999999995
2.5273e-08,-0.2714535
2.5275e-08,-0.271448
2.5277e-08,-0.2714426
2.5279e-08,-0.2714373
2.5281e-08,-0.27143210000000006
2.5283e-08,-0.2714269
2.5285e-08,-0.27142179999999994
2.5287e-08,-0.2714167999999999
2.5289e-08,-0.2714118000000001
2.5291e-08,-0.2714069
2.5293e-08,-0.2714021
2.5295e-08,-0.27139729999999995
2.5297e-08,-0.2713926000000001
2.5299e-08,-0.2713880000000001
2.5301e-08,-0.27138340000000005
2.5303e-08,-0.2713789999999999
2.5305e-08,-0.27137449999999996
2.5307e-08,-0.27137009999999995
2.5309e-08,-0.27136590000000005
2.5311e-08,-0.2713616000000001
2.5313e-08,-0.2713574000000001
2.5315e-08,-0.2713533
2.5317e-08,-0.27134919999999996
2.5319e-08,-0.2713453
2.5321e-08,-0.2713413
2.5323e-08,-0.27133740000000006
2.5325e-08,-0.2713335
2.5327e-08,-0.27132980000000007
2.5329e-08,-0.27132600000000007
2.5331e-08,-0.2713223
2.5333e-08,-0.2713187
2.5335e-08,-0.27131510000000003
2.5337e-08,-0.27131150000000004
2.5339e-08,-0.27130809999999994
2.5341e-08,-0.2713046
2.5343e-08,-0.2713011999999999
2.5345e-08,-0.27129800000000004
2.5347e-08,-0.2712947
2.5349e-08,-0.27129139999999996
2.5351e-08,-0.27128830000000004
2.5353e-08,-0.27128509999999995
2.5355e-08,-0.2712819999999999
2.5357e-08,-0.2712789
2.5359e-08,-0.2712759
2.5361e-08,-0.271273
2.5363e-08,-0.27127
2.5365e-08,-0.27126719999999993
2.5367e-08,-0.2712643
2.5369e-08,-0.27126150000000004
2.5371e-08,-0.27125869999999996
2.5373e-08,-0.27125599999999994
2.5375e-08,-0.27125330000000003
2.5377e-08,-0.27125069999999996
2.5379e-08,-0.2712481
2.5381e-08,-0.27124550000000003
2.5383e-08,-0.271243
2.5385e-08,-0.27124039999999994
2.5387e-08,-0.271238
2.5389e-08,-0.2712356
2.5391e-08,-0.27123319999999995
2.5393e-08,-0.27123090000000005
2.5395e-08,-0.2712285
2.5397e-08,-0.27122630000000003
2.53985e-08,-0.2712245
2.54e-08,-0.27122290000000004
2.54002e-08,-0.2712226999999999
2.54006e-08,-0.27122219999999997
2.54014e-08,-0.2712213
2.5403e-08,-0.2712196
2.5405e-08,-0.27121739999999994
2.5407e-08,-0.2712152
2.5409e-08,-0.27121319999999993
2.5411e-08,-0.2712112
2.5413e-08,-0.2712091
2.5415e-08,-0.27120710000000003
2.5417e-08,-0.2712051
2.5419e-08,-0.2712030999999999
2.5421e-08,-0.2712013
2.5423e-08,-0.2711992999999999
2.5425e-08,-0.2711975
2.5427e-08,-0.27119570000000004
2.5429e-08,-0.2711939
2.5431e-08,-0.27119209999999994
2.5433e-08,-0.2711903
2.5435e-08,-0.2711886
2.5437e-08,-0.27118679999999995
2.5439e-08,-0.2711852
2.5441e-08,-0.27118359999999997
2.5443e-08,-0.2711819000000001
2.5445e-08,-0.27118030000000004
2.5447e-08,-0.2711787
2.5449e-08,-0.2711772
2.5451e-08,-0.27117560000000007
2.5453e-08,-0.2711741
2.5455e-08,-0.27117270000000004
2.5457e-08,-0.2711711
2.5459e-08,-0.27116970000000007
2.5461e-08,-0.2711682999999999
2.5463e-08,-0.2711669
2.5465e-08,-0.27116550000000006
2.5467e-08,-0.2711640999999999
2.5469e-08,-0.27116280000000004
2.5471e-08,-0.2711614
2.5473e-08,-0.27116019999999996
2.5475e-08,-0.27115880000000003
2.5477e-08,-0.2711576
2.5479e-08,-0.27115639999999996
2.5481e-08,-0.27115520000000004
2.5483e-08,-0.27115390000000006
2.5485e-08,-0.2711527
2.5487e-08,-0.27115159999999994
2.5489e-08,-0.2711504
2.5491e-08,-0.2711492
2.5493e-08,-0.2711481
2.5495e-08,-0.271147
2.5497e-08,-0.27114590000000005
2.5499e-08,-0.2711448999999999
2.5501e-08,-0.27114380000000005
2.5503e-08,-0.27114269999999996
2.5505e-08,-0.27114170000000004
2.5507e-08,-0.2711406999999999
2.5509e-08,-0.2711397
2.5511e-08,-0.27113870000000007
2.5513e-08,-0.2711376999999999
2.5515e-08,-0.27113679999999996
2.5517e-08,-0.2711359
2.5519e-08,-0.271135
2.5521e-08,-0.271134
2.5523e-08,-0.27113319999999996
2.5525e-08,-0.2711323
2.5527e-08,-0.2711314
2.5529e-08,-0.2711306
2.5531e-08,-0.2711296999999999
2.5533e-08,-0.27112880000000006
2.5535e-08,-0.27112800000000004
2.5537e-08,-0.2711272
2.5539e-08,-0.2711264
2.5541e-08,-0.27112559999999997
2.5543e-08,-0.2711249
2.5545e-08,-0.27112420000000004
2.5547e-08,-0.2711234
2.5549e-08,-0.2711226
2.5551e-08,-0.2711218999999999
2.5553e-08,-0.27112119999999995
2.5555e-08,-0.2711205
2.5557e-08,-0.2711198
2.5559e-08,-0.27111910000000006
2.5561e-08,-0.27111849999999993
2.5563e-08,-0.27111779999999996
2.5565e-08,-0.2711171
2.5567e-08,-0.2711165000000001
2.5569e-08,-0.27111589999999997
2.5571e-08,-0.27111530000000006
2.5573e-08,-0.27111469999999993
2.5575e-08,-0.2711141
2.5577e-08,-0.2711134999999999
2.5579e-08,-0.2711129
2.5581e-08,-0.2711123000000001
2.5583e-08,-0.27111169999999996
2.5585e-08,-0.27111110000000005
2.5587e-08,-0.2711106
2.5589e-08,-0.2711100999999999
2.5591e-08,-0.2711095
2.5593e-08,-0.27110900000000004
2.5595e-08,-0.2711085000000001
2.5597e-08,-0.271108
2.55985e-08,-0.2711076
2.56e-08,-0.27111779999999996
2.56002e-08,-0.27112140000000007
2.56006e-08,-0.27112970000000003
2.56014e-08,-0.27115180000000005
2.5603e-08,-0.2711935
2.5605e-08,-0.2711876999999999
2.5607e-08,-0.27105669999999993
2.5609e-08,-0.27075020000000005
2.5611e-08,-0.2702327
2.5613e-08,-0.26948079999999996
2.5615e-08,-0.26847889999999996
2.5617e-08,-0.267219
2.5619e-08,-0.26569719999999997
2.5621e-08,-0.26391390000000003
2.5623e-08,-0.26187229999999995
2.5625e-08,-0.2595773
2.5627e-08,-0.2570359
2.5629e-08,-0.25425580000000003
2.5631e-08,-0.25124579999999996
2.5633e-08,-0.24801490000000004
2.5635e-08,-0.24457269999999998
2.5637e-08,-0.24092899999999995
2.5639e-08,-0.2370934
2.5641e-08,-0.23307559999999994
2.5643e-08,-0.2288855999999999
2.5645e-08,-0.22453270000000003
2.5647e-08,-0.2200265
2.5649e-08,-0.21537609999999996
2.5651e-08,-0.21059059999999996
2.5653e-08,-0.2056787
2.5655e-08,-0.20064920000000008
2.5657e-08,-0.19551019999999997
2.5659e-08,-0.1902701
2.5661e-08,-0.1849366
2.5663e-08,-0.17951739999999994
2.5665e-08,-0.17402000000000006
2.5667e-08,-0.16845160000000003
2.5669e-08,-0.16281899999999994
2.5671e-08,-0.1571290999999999
2.5673e-08,-0.15138839999999998
2.5675e-08,-0.14560309999999999
2.5677e-08,-0.13977930000000005
2.5679e-08,-0.13392290000000007
2.5681e-08,-0.12803940000000003
2.5683e-08,-0.12213450000000003
2.5685e-08,-0.11621300000000001
2.5687e-08,-0.11028019999999994
2.5689e-08,-0.10434090000000007
2.5691e-08,-0.09839959999999992
2.5693e-08,-0.09246080000000001
2.5695e-08,-0.08652850000000001
2.5697e-08,-0.08060709999999993
2.5699e-08,-0.07470010000000005
2.5701e-08,-0.06881139999999997
2.5703e-08,-0.06294440000000001
2.5705e-08,-0.0571024
2.5707e-08,-0.051288700000000076
2.5709e-08,-0.045506099999999994
2.5711e-08,-0.039757400000000054
2.5713e-08,-0.0340454
2.5715e-08,-0.02837270000000003
2.5717e-08,-0.022741400000000023
2.5719e-08,-0.017154000000000003
2.5721e-08,-0.011612400000000078
2.5723e-08,-0.006118599999999974
2.5725e-08,-0.0006745000000000223
2.5727e-08,0.0047184000000000115
2.5729e-08,0.010058200000000017
2.5731e-08,0.01534369999999996
2.5733e-08,0.020573500000000022
2.5735e-08,0.025746399999999947
2.5737e-08,0.030861100000000086
2.5739e-08,0.03591680000000008
2.5741e-08,0.040912599999999966
2.5743e-08,0.045847400000000094
2.5745e-08,0.050720600000000005
2.5747e-08,0.055531600000000014
2.5749e-08,0.060279799999999994
2.5751e-08,0.06496459999999993
2.5753e-08,0.06958589999999998
2.5755e-08,0.07414290000000001
2.5757e-08,0.07863570000000009
2.5759e-08,0.08306379999999991
2.5761e-08,0.08742729999999999
2.5763e-08,0.09172599999999997
2.5765e-08,0.0959599000000001
2.5767e-08,0.10012899999999991
2.5769e-08,0.10423340000000003
2.5771e-08,0.10827310000000001
2.5773e-08,0.11224850000000008
2.5775e-08,0.11615949999999997
2.5777e-08,0.12000660000000007
2.5779e-08,0.12379010000000001
2.5781e-08,0.12751010000000007
2.5783e-08,0.13116719999999993
2.5785e-08,0.13476159999999993
2.5787e-08,0.13829390000000008
2.5789e-08,0.1417644
2.5791e-08,0.1451736
2.5793e-08,0.14852200000000004
2.5795e-08,0.1518102
2.5797e-08,0.15503860000000003
2.57985e-08,0.15742100000000003
2.58e-08,0.15977039999999998
2.58002e-08,0.16008080000000002
2.58006e-08,0.16070059999999997
2.58014e-08,0.16193310000000005
2.5803e-08,0.16437060000000003
2.5805e-08,0.16736569999999995
2.5807e-08,0.17030430000000008
2.5809e-08,0.17318659999999997
2.5811e-08,0.1760134
2.5813e-08,0.17878519999999998
2.5815e-08,0.18150290000000002
2.5817e-08,0.18416710000000003
2.5819e-08,0.18677829999999995
2.5821e-08,0.18933719999999998
2.5823e-08,0.19184469999999998
2.5825e-08,0.1943013
2.5827e-08,0.1967078
2.5829e-08,0.19906469999999998
2.5831e-08,0.20137300000000002
2.5833e-08,0.20363299999999995
2.5835e-08,0.20584580000000008
2.5837e-08,0.20801170000000002
2.5839e-08,0.21013170000000003
2.5841e-08,0.21220640000000002
2.5843e-08,0.2142364
2.5845e-08,0.21622240000000004
2.5847e-08,0.21816519999999995
2.5849e-08,0.22006539999999997
2.5851e-08,0.2219236
2.5853e-08,0.22374060000000007
2.5855e-08,0.22551690000000002
2.5857e-08,0.22725340000000005
2.5859e-08,0.22895070000000006
2.5861e-08,0.23060930000000002
2.5863e-08,0.23223000000000005
2.5865e-08,0.2338133
2.5867e-08,0.23535989999999996
2.5869e-08,0.23687059999999993
2.5871e-08,0.2383457
2.5873e-08,0.2397861
2.5875e-08,0.24119219999999997
2.5877e-08,0.24256470000000008
2.5879e-08,0.24390429999999996
2.5881e-08,0.24521150000000003
2.5883e-08,0.24648669999999995
2.5885e-08,0.24773079999999992
2.5887e-08,0.24894419999999995
2.5889e-08,0.25012749999999995
2.5891e-08,0.2512812
2.5893e-08,0.25240589999999996
2.5895e-08,0.2535022
2.5897e-08,0.2545704999999999
2.5899e-08,0.2556115
2.5901e-08,0.25662549999999995
2.5903e-08,0.2576132
2.5905e-08,0.25857509999999995
2.5907e-08,0.2595114999999999
2.5909e-08,0.26042319999999997
2.5911e-08,0.26131039999999994
2.5913e-08,0.26217389999999996
2.5915e-08,0.2630138000000001
2.5917e-08,0.2638307000000001
2.5919e-08,0.2646252
2.5921e-08,0.26539770000000007
2.5923e-08,0.2661485
2.5925e-08,0.26687820000000007
2.5927e-08,0.2675871999999999
2.5929e-08,0.26827580000000006
2.5931e-08,0.2689446
2.5933e-08,0.2695938
2.5935e-08,0.270224
2.5937e-08,0.2708355
2.5939e-08,0.27142869999999997
2.5941e-08,0.272004
2.5943e-08,0.27256179999999997
2.5945e-08,0.2731025
2.5947e-08,0.27362620000000004
2.5949e-08,0.2741336999999999
2.5951e-08,0.274625
2.5953e-08,0.2751007000000001
2.5955e-08,0.27556079999999994
2.5957e-08,0.27600610000000003
2.5959e-08,0.27643660000000003
2.5961e-08,0.27685270000000006
2.5963e-08,0.2772547000000001
2.5965e-08,0.2776429
2.5967e-08,0.27801770000000003
2.5969e-08,0.27837940000000005
2.5971e-08,0.2787282
2.5973e-08,0.2790644
2.5975e-08,0.27938850000000004
2.5977e-08,0.27970040000000007
2.5979e-08,0.28000080000000005
2.5981e-08,0.2802896
2.5983e-08,0.28056729999999996
2.5985e-08,0.2808341
2.5987e-08,0.28109020000000007
2.5989e-08,0.2813359000000001
2.5991e-08,0.2815715
2.5993e-08,0.2817971
2.5995e-08,0.2820131
2.5997e-08,0.2822196
2.59985e-08,0.2823685
2.6e-08,0.2825122
2.60002e-08,0.282531
2.60006e-08,0.2825683
2.60014e-08,0.28264180000000005
2.6003e-08,0.28278479999999995
2.6005e-08,0.2829558
2.6007e-08,0.2831186
2.6009e-08,0.28327310000000006
2.6011e-08,0.28341970000000005
2.6013e-08,0.28355869999999994
2.6015e-08,0.28369010000000006
2.6017e-08,0.2838142
2.6019e-08,0.28393119999999994
2.6021e-08,0.28404109999999994
2.6023e-08,0.2841442999999999
2.6025e-08,0.2842409
2.6027e-08,0.28433110000000006
2.6029e-08,0.284415
2.6031e-08,0.28449290000000005
2.6033e-08,0.28456480000000006
2.6035e-08,0.2846310000000001
2.6037e-08,0.28469160000000004
2.6039e-08,0.2847467
2.6041e-08,0.2847965
2.6043e-08,0.2848412
2.6045e-08,0.2848809
2.6047e-08,0.2849157
2.6049e-08,0.2849458
2.6051e-08,0.28497130000000004
2.6053e-08,0.2849923999999999
2.6055e-08,0.2850091
2.6057e-08,0.2850216
2.6059e-08,0.28503
2.6061e-08,0.2850346
2.6063e-08,0.28503520000000004
2.6065e-08,0.2850323
2.6067e-08,0.2850256
2.6069e-08,0.2850155000000001
2.6071e-08,0.28500210000000004
2.6073e-08,0.2849853
2.6075e-08,0.2849653000000001
2.6077e-08,0.2849423
2.6079e-08,0.28491639999999996
2.6081e-08,0.28488769999999997
2.6083e-08,0.284856
2.6085e-08,0.2848218
2.6087e-08,0.2847849
2.6089e-08,0.2847457
2.6091e-08,0.2847039
2.6093e-08,0.2846597999999999
2.6095e-08,0.2846135999999999
2.6097e-08,0.2845651
2.6099e-08,0.28451459999999995
2.6101e-08,0.28446209999999994
2.6103e-08,0.2844076
2.6105e-08,0.2843513
2.6107e-08,0.2842933000000001
2.6109e-08,0.28423350000000003
2.6111e-08,0.2841720999999999
2.6113e-08,0.2841091
2.6115e-08,0.28404450000000003
2.6117e-08,0.2839786000000001
2.6119e-08,0.2839113
2.6121e-08,0.28384259999999994
2.6123e-08,0.2837727
2.6125e-08,0.2837016
2.6127e-08,0.28362940000000003
2.6129e-08,0.2835561000000001
2.6131e-08,0.28348170000000006
2.6133e-08,0.28340639999999995
2.6135e-08,0.28333010000000003
2.6137e-08,0.28325290000000003
2.6139e-08,0.2831749
2.6141e-08,0.2830961000000001
2.6143e-08,0.2830165
2.6145e-08,0.28293630000000003
2.6147e-08,0.2828554
2.6149e-08,0.2827739
2.6151e-08,0.28269179999999994
2.6153e-08,0.2826092
2.6155e-08,0.2825261
2.6157e-08,0.28244249999999993
2.6159e-08,0.2823586
2.6161e-08,0.2822743
2.6163e-08,0.2821895
2.6165e-08,0.2821045
2.6167e-08,0.2820192
2.6169e-08,0.28193370000000006
2.6171e-08,0.28184790000000004
2.6173e-08,0.2817619
2.6175e-08,0.28167580000000003
2.6177e-08,0.2815896
2.6179e-08,0.28150320000000006
2.6181e-08,0.2814168
2.6183e-08,0.28133030000000003
2.6185e-08,0.28124380000000004
2.6187e-08,0.28115729999999994
2.6189e-08,0.28107079999999995
2.6191e-08,0.28098429999999996
2.6193e-08,0.280898
2.6195e-08,0.2808117
2.6197e-08,0.2807254
2.61985e-08,0.2806609
2.62e-08,0.2805965
2.62002e-08,0.28058779999999994
2.62006e-08,0.28057070000000006
2.62014e-08,0.2805364
2.6203e-08,0.28046780000000004
2.6205e-08,0.2803822
2.6207e-08,0.28029690000000007
2.6209e-08,0.28021169999999995
2.6211e-08,0.28012689999999996
2.6213e-08,0.28004209999999996
2.6215e-08,0.2799577
2.6217e-08,0.2798737
2.6219e-08,0.2797898999999999
2.6221e-08,0.2797063000000001
2.6223e-08,0.2796231
2.6225e-08,0.27954029999999996
2.6227e-08,0.2794578
2.6229e-08,0.2793757
2.6231e-08,0.2792939
2.6233e-08,0.2792125000000001
2.6235e-08,0.2791313999999999
2.6237e-08,0.27905080000000004
2.6239e-08,0.27897059999999996
2.6241e-08,0.2788908
2.6243e-08,0.27881140000000004
2.6245e-08,0.27873250000000005
2.6247e-08,0.2786539
2.6249e-08,0.2785759
2.6251e-08,0.2784983
2.6253e-08,0.2784211999999999
2.6255e-08,0.2783445
2.6257e-08,0.2782682999999999
2.6259e-08,0.2781926
2.6261e-08,0.27811739999999996
2.6263e-08,0.2780427
2.6265e-08,0.2779684
2.6267e-08,0.2778946
2.6269e-08,0.27782129999999994
2.6271e-08,0.2777486
2.6273e-08,0.27767640000000005
2.6275e-08,0.27760470000000004
2.6277e-08,0.2775335
2.6279e-08,0.27746289999999996
2.6281e-08,0.27739270000000005
2.6283e-08,0.27732310000000004
2.6285e-08,0.277254
2.6287e-08,0.2771855
2.6289e-08,0.2771175
2.6291e-08,0.27705
2.6293e-08,0.276983
2.6295e-08,0.27691659999999996
2.6297e-08,0.2768507
2.6299e-08,0.2767853
2.6301e-08,0.2767206
2.6303e-08,0.2766563000000001
2.6305e-08,0.27659259999999997
2.6307e-08,0.27652940000000004
2.6309e-08,0.2764668
2.6311e-08,0.2764046
2.6313e-08,0.27634309999999995
2.6315e-08,0.2762821
2.6317e-08,0.27622160000000007
2.6319e-08,0.27616169999999995
2.6321e-08,0.27610219999999996
2.6323e-08,0.27604340000000005
2.6325e-08,0.27598500000000004
2.6327e-08,0.27592719999999993
2.6329e-08,0.27587000000000006
2.6331e-08,0.2758132
2.6333e-08,0.27575700000000003
2.6335e-08,0.2757014
2.6337e-08,0.27564619999999995
2.6339e-08,0.27559160000000005
2.6341e-08,0.2755375
2.6343e-08,0.2754839
2.6345e-08,0.2754308999999999
2.6347e-08,0.2753783000000001
2.6349e-08,0.2753263
2.6351e-08,0.27527480000000004
2.6353e-08,0.2752238
2.6355e-08,0.27517330000000007
2.6357e-08,0.27512329999999996
2.6359e-08,0.2750739
2.6361e-08,0.27502479999999996
2.6363e-08,0.2749764
2.6365e-08,0.27492839999999996
2.6367e-08,0.2748809
2.6369e-08,0.27483389999999996
2.6371e-08,0.2747874
2.6373e-08,0.2747413999999999
2.6375e-08,0.27469579999999993
2.6377e-08,0.2746507
2.6379e-08,0.27460609999999996
2.6381e-08,0.274562
2.6383e-08,0.27451840000000005
2.6385e-08,0.2744751000000001
2.6387e-08,0.2744324
2.6389e-08,0.2743901000000001
2.6391e-08,0.27434839999999994
2.6393e-08,0.27430699999999997
2.6395e-08,0.27426610000000007
2.6397e-08,0.27422559999999996
2.63985e-08,0.2741956000000001
2.64e-08,0.2741657999999999
2.64002e-08,0.2741618
2.64006e-08,0.27415389999999995
2.64014e-08,0.2741382000000001
2.6403e-08,0.27410690000000004
2.6405e-08,0.2740682
2.6407e-08,0.27403
2.6409e-08,0.27399210000000007
2.6411e-08,0.2739547
2.6413e-08,0.2739176
2.6415e-08,0.27388100000000004
2.6417e-08,0.27384489999999995
2.6419e-08,0.2738091
2.6421e-08,0.27377380000000007
2.6423e-08,0.27373879999999995
2.6425e-08,0.2737043
2.6427e-08,0.2736701
2.6429e-08,0.27363629999999994
2.6431e-08,0.27360300000000004
2.6433e-08,0.27357
2.6435e-08,0.27353739999999993
2.6437e-08,0.27350509999999995
2.6439e-08,0.27347330000000003
2.6441e-08,0.2734419
2.6443e-08,0.2734107
2.6445e-08,0.27337999999999996
2.6447e-08,0.27334959999999997
2.6449e-08,0.2733196
2.6451e-08,0.27329000000000003
2.6453e-08,0.27326059999999996
2.6455e-08,0.2732316
2.6457e-08,0.273203
2.6459e-08,0.27317480000000005
2.6461e-08,0.2731468
2.6463e-08,0.27311929999999995
2.6465e-08,0.273092
2.6467e-08,0.27306510000000006
2.6469e-08,0.27303849999999996
2.6471e-08,0.2730123
2.6473e-08,0.2729863
2.6475e-08,0.2729606
2.6477e-08,0.2729353
2.6479e-08,0.2729102
2.6481e-08,0.27288559999999995
2.6483e-08,0.2728612
2.6485e-08,0.27283710000000005
2.6487e-08,0.27281330000000004
2.6489e-08,0.2727896999999999
2.6491e-08,0.2727665
2.6493e-08,0.2727436
2.6495e-08,0.27272089999999993
2.6497e-08,0.27269850000000007
2.6499e-08,0.2726765
2.6501e-08,0.27265459999999997
2.6503e-08,0.2726331000000001
2.6505e-08,0.2726119
2.6507e-08,0.27259089999999997
2.6509e-08,0.2725702
2.6511e-08,0.2725497
2.6513e-08,0.2725295
2.6515e-08,0.2725096
2.6517e-08,0.2724897999999999
2.6519e-08,0.2724703999999999
2.6521e-08,0.2724512
2.6523e-08,0.2724322
2.6525e-08,0.2724135
2.6527e-08,0.27239499999999994
2.6529e-08,0.2723768000000001
2.6531e-08,0.2723588
2.6533e-08,0.27234099999999994
2.6535e-08,0.27232350000000005
2.6537e-08,0.27230619999999994
2.6539e-08,0.27228910000000006
2.6541e-08,0.2722722999999999
2.6543e-08,0.27225560000000004
2.6545e-08,0.27223909999999996
2.6547e-08,0.272223
2.6549e-08,0.2722068999999999
2.6551e-08,0.27219119999999997
2.6553e-08,0.27217559999999996
2.6555e-08,0.27216019999999996
2.6557e-08,0.27214499999999997
2.6559e-08,0.27213
2.6561e-08,0.2721152
2.6563e-08,0.2721006
2.6565e-08,0.2720863
2.6567e-08,0.272072
2.6569e-08,0.272058
2.6571e-08,0.27204419999999996
2.6573e-08,0.27203049999999995
2.6575e-08,0.2720171
2.6577e-08,0.2720037999999999
2.6579e-08,0.27199059999999997
2.6581e-08,0.2719777
2.6583e-08,0.271965
2.6585e-08,0.2719524
2.6587e-08,0.27193999999999996
2.6589e-08,0.2719277
2.6591e-08,0.27191560000000004
2.6593e-08,0.2719035999999999
2.6595e-08,0.27189189999999996
2.6597e-08,0.27188029999999996
2.65985e-08,0.27187169999999994
2.66e-08,0.2718631
2.66002e-08,0.2718621
2.66006e-08,0.27185970000000004
2.66014e-08,0.2718553
2.6603e-08,0.27184640000000004
2.6605e-08,0.2718353
2.6607e-08,0.2718245
2.6609e-08,0.2718138
2.6611e-08,0.27180329999999997
2.6613e-08,0.27179280000000006
2.6615e-08,0.2717826
2.6617e-08,0.2717725000000001
2.6619e-08,0.27176239999999996
2.6621e-08,0.2717526
2.6623e-08,0.2717429
2.6625e-08,0.2717332
2.6627e-08,0.27172379999999996
2.6629e-08,0.27171449999999997
2.6631e-08,0.2717052999999999
2.6633e-08,0.27169619999999994
2.6635e-08,0.27168729999999996
2.6637e-08,0.2716784
2.6639e-08,0.27166979999999996
2.6641e-08,0.2716611000000001
2.6643e-08,0.2716527000000001
2.6645e-08,0.2716444
2.6647e-08,0.27163610000000005
2.6649e-08,0.271628
2.6651e-08,0.27162
2.6653e-08,0.2716120999999999
2.6655e-08,0.2716043
2.6657e-08,0.27159659999999997
2.6659e-08,0.27158899999999997
2.6661e-08,0.2715816
2.6663e-08,0.27157429999999994
2.6665e-08,0.271567
2.6667e-08,0.2715598
2.6669e-08,0.2715527999999999
2.6671e-08,0.27154580000000006
2.6673e-08,0.2715389
2.6675e-08,0.2715322
2.6677e-08,0.2715255
2.6679e-08,0.2715189
2.6681e-08,0.27151250000000005
2.6683e-08,0.271506
2.6685e-08,0.27149980000000007
2.6687e-08,0.27149349999999994
2.6689e-08,0.27148739999999993
2.6691e-08,0.2714812999999999
2.6693e-08,0.2714753999999999
2.6695e-08,0.2714696000000001
2.6697e-08,0.2714637
2.6699e-08,0.27145810000000004
2.6701e-08,0.2714523999999999
2.6703e-08,0.2714468
2.6705e-08,0.27144139999999994
2.6707e-08,0.271436
2.6709e-08,0.2714307
2.6711e-08,0.2714255
2.6713e-08,0.27142030000000006
2.6715e-08,0.2714152000000001
2.6717e-08,0.27141020000000005
2.6719e-08,0.27140529999999996
2.6721e-08,0.27140030000000004
2.6723e-08,0.27139560000000007
2.6725e-08,0.27139079999999993
2.6727e-08,0.2713861999999999
2.6729e-08,0.2713816
2.6731e-08,0.2713770000000001
2.6733e-08,0.2713725
2.6735e-08,0.2713681
2.6737e-08,0.27136380000000004
2.6739e-08,0.27135960000000003
2.6741e-08,0.27135529999999997
2.6743e-08,0.2713512
2.6745e-08,0.27134709999999995
2.6747e-08,0.27134310000000006
2.6749e-08,0.27133909999999994
2.6751e-08,0.27133510000000005
2.6753e-08,0.2713312
2.6755e-08,0.2713274
2.6757e-08,0.27132369999999995
2.6759e-08,0.27132
2.6761e-08,0.27131630000000007
2.6763e-08,0.27131269999999996
2.6765e-08,0.2713091999999999
2.6767e-08,0.2713057
2.6769e-08,0.27130220000000005
2.6771e-08,0.27129880000000006
2.6773e-08,0.2712955
2.6775e-08,0.2712922
2.6777e-08,0.271289
2.6779e-08,0.27128569999999996
2.6781e-08,0.2712827
2.6783e-08,0.2712795
2.6785e-08,0.2712764
2.6787e-08,0.2712734
2.6789e-08,0.2712704
2.6791e-08,0.27126759999999994
2.6793e-08,0.27126459999999997
2.6795e-08,0.2712618
2.6797e-08,0.27125900000000003
2.67985e-08,0.2712569
2.68e-08,0.27125489999999997
2.68002e-08,0.27125540000000004
2.68006e-08,0.2712584
2.68014e-08,0.2712745
2.6803e-08,0.2713219
2.6805e-08,0.2713498
2.6807e-08,0.2712749
2.6809e-08,0.27103980000000005
2.6811e-08,0.2706048
2.6813e-08,0.26994229999999997
2.6815e-08,0.2690344
2.6817e-08,0.26787039999999995
2.6819e-08,0.26644519999999994
2.6821e-08,0.26475780000000004
2.6823e-08,0.26281030000000005
2.6825e-08,0.2606075
2.6827e-08,0.25815540000000003
2.6829e-08,0.2554615
2.6831e-08,0.25253440000000005
2.6833e-08,0.24938300000000002
2.6835e-08,0.24601659999999992
2.6837e-08,0.24244510000000008
2.6839e-08,0.23867799999999995
2.6841e-08,0.23472530000000003
2.6843e-08,0.23059660000000004
2.6845e-08,0.2263016
2.6847e-08,0.22184959999999998
2.6849e-08,0.21725019999999995
2.6851e-08,0.21251220000000004
2.6853e-08,0.2076446999999999
2.6855e-08,0.20265639999999996
2.6857e-08,0.19755559999999994
2.6859e-08,0.19235059999999993
2.6861e-08,0.18704929999999997
2.6863e-08,0.18165949999999997
2.6865e-08,0.17618889999999998
2.6867e-08,0.1706445000000001
2.6869e-08,0.1650334
2.6871e-08,0.15936240000000002
2.6873e-08,0.15363840000000006
2.6875e-08,0.14786750000000004
2.6877e-08,0.14205580000000007
2.6879e-08,0.13620929999999998
2.6881e-08,0.13033380000000006
2.6883e-08,0.12443470000000001
2.6885e-08,0.11851729999999994
2.6887e-08,0.11258670000000004
2.6889e-08,0.10664779999999996
2.6891e-08,0.1007053
2.6893e-08,0.09476360000000006
2.6895e-08,0.08882699999999999
2.6897e-08,0.08289970000000002
2.6899e-08,0.07698549999999993
2.6901e-08,0.07108820000000005
2.6903e-08,0.06521139999999992
2.6905e-08,0.05935839999999992
2.6907e-08,0.053532400000000036
2.6909e-08,0.04773650000000007
2.6911e-08,0.041973600000000055
2.6913e-08,0.03624640000000001
2.6915e-08,0.030557500000000015
2.6917e-08,0.024909199999999965
2.6919e-08,0.019303999999999988
2.6921e-08,0.013743799999999973
2.6923e-08,0.008230799999999983
2.6925e-08,0.002766700000000011
2.6927e-08,-0.0026466000000000545
2.6929e-08,-0.008007500000000056
2.6931e-08,-0.013314600000000065
2.6933e-08,-0.018566399999999983
2.6935e-08,-0.023761699999999997
2.6937e-08,-0.02889940000000002
2.6939e-08,-0.03397830000000002
2.6941e-08,-0.03899750000000002
2.6943e-08,-0.04395610000000005
2.6945e-08,-0.04885340000000005
2.6947e-08,-0.053688700000000034
2.6949e-08,-0.058461500000000055
2.6951e-08,-0.06317090000000003
2.6953e-08,-0.06781689999999996
2.6955e-08,-0.07239889999999993
2.6957e-08,-0.07691650000000005
2.6959e-08,-0.08136969999999999
2.6961e-08,-0.0857582
2.6963e-08,-0.090082
2.6965e-08,-0.0943408
2.6967e-08,-0.09853489999999998
2.6969e-08,-0.10266430000000004
2.6971e-08,-0.10672890000000002
2.6973e-08,-0.11072910000000002
2.6975e-08,-0.11466490000000007
2.6977e-08,-0.11853670000000005
2.6979e-08,-0.12234449999999997
2.6981e-08,-0.12608889999999995
2.6983e-08,-0.1297703
2.6985e-08,-0.13338869999999992
2.6987e-08,-0.13694479999999998
2.6989e-08,-0.14043899999999998
2.6991e-08,-0.14387170000000005
2.6993e-08,-0.14724340000000002
2.6995e-08,-0.15055470000000004
2.6997e-08,-0.153806
2.69985e-08,-0.15620540000000005
2.7e-08,-0.15858209999999995
2.70002e-08,-0.1588984
2.70006e-08,-0.15953099999999998
2.70014e-08,-0.16079450000000006
2.7003e-08,-0.16328959999999992
2.7005e-08,-0.16629539999999998
2.7007e-08,-0.16911280000000006
2.7009e-08,-0.17169109999999999
2.7011e-08,-0.17399490000000006
2.7013e-08,-0.17600090000000002
2.7015e-08,-0.17769499999999994
2.7017e-08,-0.1790699
2.7019e-08,-0.1801237
2.7021e-08,-0.18085830000000003
2.7023e-08,-0.1812786999999999
2.7025e-08,-0.18139170000000004
2.7027e-08,-0.18120590000000003
2.7029e-08,-0.18073100000000009
2.7031e-08,-0.17997719999999995
2.7033e-08,-0.1789554
2.7035e-08,-0.17767670000000002
2.7037e-08,-0.17615199999999998
2.7039e-08,-0.17439269999999996
2.7041e-08,-0.17240980000000006
2.7043e-08,-0.17021399999999998
2.7045e-08,-0.16781619999999997
2.7047e-08,-0.16522669999999995
2.7049e-08,-0.16245569999999998
2.7051e-08,-0.15951300000000002
2.7053e-08,-0.15640830000000006
2.7055e-08,-0.15315089999999998
2.7057e-08,-0.14974969999999999
2.7059e-08,-0.1462135
2.7061e-08,-0.14255089999999992
2.7063e-08,-0.1387699
2.7065e-08,-0.13487840000000006
2.7067e-08,-0.13088409999999995
2.7069e-08,-0.12679429999999992
2.7071e-08,-0.12261630000000001
2.7073e-08,-0.11835659999999992
2.7075e-08,-0.11402210000000002
2.7077e-08,-0.10961910000000008
2.7079e-08,-0.10515379999999996
2.7081e-08,-0.1006321
2.7083e-08,-0.09605960000000002
2.7085e-08,-0.09144189999999996
2.7087e-08,-0.08678419999999998
2.7089e-08,-0.08209169999999999
2.7091e-08,-0.07736920000000003
2.7093e-08,-0.0726213
2.7095e-08,-0.0678525000000001
2.7097e-08,-0.06306730000000005
2.7099e-08,-0.05826960000000003
2.7101e-08,-0.05346339999999994
2.7103e-08,-0.048652599999999935
2.7105e-08,-0.043840699999999955
2.7107e-08,-0.039031099999999985
2.7109e-08,-0.03422730000000007
2.7111e-08,-0.02943220000000002
2.7113e-08,-0.024648800000000026
2.7115e-08,-0.019880200000000015
2.7117e-08,-0.015128800000000053
2.7119e-08,-0.010397299999999943
2.7121e-08,-0.005688100000000085
2.7123e-08,-0.0010033999999999876
2.7125e-08,0.0036543999999999466
2.7127e-08,0.00828339999999994
2.7129e-08,0.012881699999999996
2.7131e-08,0.01744750000000006
2.7133e-08,0.021978900000000023
2.7135e-08,0.026474600000000015
2.7137e-08,0.03093289999999993
2.7139e-08,0.03535250000000001
2.7141e-08,0.03973199999999999
2.7143e-08,0.04407019999999995
2.7145e-08,0.04836609999999997
2.7147e-08,0.05261859999999996
2.7149e-08,0.056826900000000014
2.7151e-08,0.06098990000000004
2.7153e-08,0.06510689999999997
2.7155e-08,0.06917720000000005
2.7157e-08,0.07320009999999999
2.7159e-08,0.07717530000000006
2.7161e-08,0.08110189999999995
2.7163e-08,0.08497960000000004
2.7165e-08,0.08880810000000006
2.7167e-08,0.09258700000000009
2.7169e-08,0.09631590000000001
2.7171e-08,0.0999949
2.7173e-08,0.10362340000000003
2.7175e-08,0.10720150000000006
2.7177e-08,0.11072929999999992
2.7179e-08,0.11420639999999993
2.7181e-08,0.11763279999999998
2.7183e-08,0.12100889999999997
2.7185e-08,0.12433439999999996
2.7187e-08,0.1276096
2.7189e-08,0.13083460000000002
2.7191e-08,0.13400959999999995
2.7193e-08,0.13713469999999994
2.7195e-08,0.14021020000000006
2.7197e-08,0.14323619999999992
2.71985e-08,0.14547359999999998
2.72e-08,0.14768330000000007
2.72002e-08,0.14797559999999998
2.72006e-08,0.14855929999999995
2.72014e-08,0.14972070000000004
2.7203e-08,0.1520205
2.7205e-08,0.15485210000000005
2.7207e-08,0.1576358
2.7209e-08,0.16037220000000008
2.7211e-08,0.1630613999999999
2.7213e-08,0.16570399999999996
2.7215e-08,0.16830040000000002
2.7217e-08,0.1708510000000001
2.7219e-08,0.17335630000000002
2.7221e-08,0.17581670000000005
2.7223e-08,0.17823250000000002
2.7225e-08,0.1806044
2.7227e-08,0.18293289999999995
2.7229e-08,0.18521830000000006
2.7231e-08,0.18746110000000005
2.7233e-08,0.189662
2.7235e-08,0.19182129999999997
2.7237e-08,0.19393969999999994
2.7239e-08,0.19601750000000007
2.7241e-08,0.19805530000000005
2.7243e-08,0.20005359999999994
2.7245e-08,0.202013
2.7247e-08,0.20393400000000006
2.7249e-08,0.20581700000000003
2.7251e-08,0.20766260000000003
2.7253e-08,0.20947139999999997
2.7255e-08,0.21124379999999998
2.7257e-08,0.21298020000000006
2.7259e-08,0.21468149999999997
2.7261e-08,0.21634789999999993
2.7263e-08,0.21798000000000006
2.7265e-08,0.2195783
2.7267e-08,0.2211434
2.7269e-08,0.22267570000000003
2.7271e-08,0.22417580000000004
2.7273e-08,0.22564420000000007
2.7275e-08,0.22708130000000004
2.7277e-08,0.2284876
2.7279e-08,0.2298635
2.7281e-08,0.23120989999999997
2.7283e-08,0.23252680000000003
2.7285e-08,0.233815
2.7287e-08,0.23507500000000003
2.7289e-08,0.2363069
2.7291e-08,0.23751159999999993
2.7293e-08,0.2386893
2.7295e-08,0.2398405
2.7297e-08,0.24096570000000006
2.7299e-08,0.2420654
2.7301e-08,0.24313990000000008
2.7303e-08,0.24418970000000007
2.7305e-08,0.24521539999999997
2.7307e-08,0.24621719999999991
2.7309e-08,0.24719559999999996
2.7311e-08,0.248151
2.7313e-08,0.24908390000000002
2.7315e-08,0.24999470000000001
2.7317e-08,0.25088369999999993
2.7319e-08,0.2517513
2.7321e-08,0.252598
2.7323e-08,0.25342409999999993
2.7325e-08,0.2542301
2.7327e-08,0.2550162
2.7329e-08,0.255783
2.7331e-08,0.2565307
2.7333e-08,0.2572597
2.7335e-08,0.2579703
2.7337e-08,0.25866290000000003
2.7339e-08,0.2593379
2.7341e-08,0.2599956
2.7343e-08,0.2606364
2.7345e-08,0.2612605
2.7347e-08,0.2618684
2.7349e-08,0.26246020000000003
2.7351e-08,0.26303639999999995
2.7353e-08,0.2635972
2.7355e-08,0.264143
2.7357e-08,0.26467399999999996
2.7359e-08,0.2651907
2.7361e-08,0.2656931
2.7363e-08,0.2661817999999999
2.7365e-08,0.2666567000000001
2.7367e-08,0.2671184999999999
2.7369e-08,0.2675672
2.7371e-08,0.2680032
2.7373e-08,0.2684267
2.7375e-08,0.2688379000000001
2.7377e-08,0.26923720000000007
2.7379e-08,0.26962490000000006
2.7381e-08,0.27000100000000005
2.7383e-08,0.27036590000000005
2.7385e-08,0.2707199
2.7387e-08,0.27106300000000005
2.7389e-08,0.2713957
2.7391e-08,0.2717182
2.7393e-08,0.2720306
2.7395e-08,0.2723331
2.7397e-08,0.2726259
2.73985e-08,0.2728394999999999
2.74e-08,0.27304780000000006
2.74002e-08,0.27307519999999996
2.74006e-08,0.2731296
2.74014e-08,0.2732375
2.7403e-08,0.27344899999999994
2.7405e-08,0.2737056
2.7407e-08,0.27395350000000007
2.7409e-08,0.2741929999999999
2.7411e-08,0.2744244
2.7413e-08,0.2746478
2.7415e-08,0.2748632000000001
2.7417e-08,0.27507099999999995
2.7419e-08,0.27527140000000005
2.7421e-08,0.27546440000000005
2.7423e-08,0.27565039999999996
2.7425e-08,0.2758294
2.7427e-08,0.2760015
2.7429e-08,0.27616700000000005
2.7431e-08,0.2763261
2.7433e-08,0.2764787999999999
2.7435e-08,0.27662529999999996
2.7437e-08,0.2767659
2.7439e-08,0.2769005
2.7441e-08,0.27702949999999993
2.7443e-08,0.2771528
2.7445e-08,0.27727060000000003
2.7447e-08,0.27738320000000005
2.7449e-08,0.2774905999999999
2.7451e-08,0.27759290000000003
2.7453e-08,0.27769029999999995
2.7455e-08,0.27778289999999994
2.7457e-08,0.2778708
2.7459e-08,0.27795419999999993
2.7461e-08,0.2780332
2.7463e-08,0.2781078
2.7465e-08,0.2781781
2.7467e-08,0.27824440000000006
2.7469e-08,0.2783066999999999
2.7471e-08,0.27836510000000003
2.7473e-08,0.2784198
2.7475e-08,0.27847069999999996
2.7477e-08,0.27851819999999994
2.7479e-08,0.278562
2.7481e-08,0.2786025
2.7483e-08,0.2786398
2.7485e-08,0.27867379999999997
2.7487e-08,0.2787047
2.7489e-08,0.2787326
2.7491e-08,0.27875759999999994
2.7493e-08,0.2787796
2.7495e-08,0.278799
2.7497e-08,0.2788157
2.7499e-08,0.2788298
2.7501e-08,0.27884129999999996
2.7503e-08,0.2788503
2.7505e-08,0.278857
2.7507e-08,0.2788613
2.7509e-08,0.27886349999999993
2.7511e-08,0.27886349999999993
2.7513e-08,0.2788613
2.7515e-08,0.27885709999999997
2.7517e-08,0.27885099999999996
2.7519e-08,0.27884299999999995
2.7521e-08,0.27883310000000006
2.7523e-08,0.2788214
2.7525e-08,0.2788079
2.7527e-08,0.27879279999999995
2.7529e-08,0.2787761000000001
2.7531e-08,0.27875799999999995
2.7533e-08,0.2787381
2.7535e-08,0.27871689999999993
2.7537e-08,0.2786944
2.7539e-08,0.2786704
2.7541e-08,0.2786451999999999
2.7543e-08,0.27861860000000005
2.7545e-08,0.2785909
2.7547e-08,0.2785620000000001
2.7549e-08,0.278532
2.7551e-08,0.278501
2.7553e-08,0.2784689
2.7555e-08,0.27843569999999995
2.7557e-08,0.2784017
2.7559e-08,0.2783668
2.7561e-08,0.278331
2.7563e-08,0.2782943
2.7565e-08,0.27825679999999997
2.7567e-08,0.2782186
2.7569e-08,0.27817970000000003
2.7571e-08,0.27813999999999994
2.7573e-08,0.27809970000000006
2.7575e-08,0.27805879999999994
2.7577e-08,0.2780173
2.7579e-08,0.27797510000000003
2.7581e-08,0.2779325
2.7583e-08,0.2778893
2.7585e-08,0.2778457
2.7587e-08,0.2778016
2.7589e-08,0.27775700000000003
2.7591e-08,0.2777120999999999
2.7593e-08,0.2776668
2.7595e-08,0.27762109999999995
2.7597e-08,0.27757509999999996
2.75985e-08,0.2775404
2.76e-08,0.27750549999999996
2.76002e-08,0.2775008
2.76006e-08,0.2774915
2.76014e-08,0.27747279999999996
2.7603e-08,0.27743530000000005
2.7605e-08,0.2773882
2.7607e-08,0.2773409
2.7609e-08,0.2772934
2.7611e-08,0.27724570000000004
2.7613e-08,0.27719779999999994
2.7615e-08,0.27714989999999995
2.7617e-08,0.2771017
2.7619e-08,0.2770534
2.7621e-08,0.2770051
2.7623e-08,0.27695670000000006
2.7625e-08,0.27690819999999994
2.7627e-08,0.2768598000000001
2.7629e-08,0.2768111999999999
2.7631e-08,0.2767626000000001
2.7633e-08,0.276714
2.7635e-08,0.27666539999999995
2.7637e-08,0.27661690000000005
2.7639e-08,0.2765685
2.7641e-08,0.27652
2.7643e-08,0.27647160000000004
2.7645e-08,0.2764232999999999
2.7647e-08,0.2763751
2.7649e-08,0.27632690000000004
2.7651e-08,0.2762789
2.7653e-08,0.27623089999999995
2.7655e-08,0.27618319999999996
2.7657e-08,0.2761355000000001
2.7659e-08,0.27608790000000005
2.7661e-08,0.27604059999999997
2.7663e-08,0.27599339999999994
2.7665e-08,0.2759463
2.7667e-08,0.2758994
2.7669e-08,0.2758528
2.7671e-08,0.27580629999999995
2.7673e-08,0.27575990000000006
2.7675e-08,0.2757138
2.7677e-08,0.27566789999999997
2.7679e-08,0.27562220000000004
2.7681e-08,0.27557679999999996
2.7683e-08,0.27553149999999993
2.7685e-08,0.27548649999999997
2.7687e-08,0.2754417
2.7689e-08,0.2753972
2.7691e-08,0.2753529
2.7693e-08,0.27530889999999997
2.7695e-08,0.27526510000000004
2.7697e-08,0.2752215
2.7699e-08,0.2751783
2.7701e-08,0.27513529999999997
2.7703e-08,0.2750926
2.7705e-08,0.27505009999999996
2.7707e-08,0.2750079000000001
2.7709e-08,0.27496600000000004
2.7711e-08,0.27492439999999996
2.7713e-08,0.274883
2.7715e-08,0.2748419999999999
2.7717e-08,0.27480119999999997
2.7719e-08,0.27476069999999997
2.7721e-08,0.2747206000000001
2.7723e-08,0.27468059999999994
2.7725e-08,0.2746409999999999
2.7727e-08,0.27460170000000006
2.7729e-08,0.27456270000000005
2.7731e-08,0.274524
2.7733e-08,0.27448549999999994
2.7735e-08,0.27444750000000007
2.7737e-08,0.27440960000000003
2.7739e-08,0.2743721
2.7741e-08,0.27433490000000005
2.7743e-08,0.27429800000000004
2.7745e-08,0.2742614
2.7747e-08,0.2742251
2.7749e-08,0.27418909999999996
2.7751e-08,0.2741534000000001
2.7753e-08,0.27411810000000003
2.7755e-08,0.2740830000000001
2.7757e-08,0.27404819999999996
2.7759e-08,0.2740138
2.7761e-08,0.2739796
2.7763e-08,0.27394570000000007
2.7765e-08,0.27391220000000005
2.7767e-08,0.2738788999999999
2.7769e-08,0.27384600000000003
2.7771e-08,0.2738134
2.7773e-08,0.27378100000000005
2.7775e-08,0.273749
2.7777e-08,0.2737172
2.7779e-08,0.2736858000000001
2.7781e-08,0.27365459999999997
2.7783e-08,0.2736237
2.7785e-08,0.27359330000000004
2.7787e-08,0.27356289999999994
2.7789e-08,0.2735329999999999
2.7791e-08,0.2735033
2.7793e-08,0.27347390000000005
2.7795e-08,0.27344480000000004
2.7797e-08,0.273416
2.77985e-08,0.2733947
2.78e-08,0.2733734
2.78002e-08,0.27337050000000007
2.78006e-08,0.2733648999999999
2.78014e-08,0.2733536
2.7803e-08,0.27333129999999994
2.7805e-08,0.2733036999999999
2.7807e-08,0.2732763
2.7809e-08,0.2732491
2.7811e-08,0.27322230000000003
2.7813e-08,0.27319590000000005
2.7815e-08,0.27316950000000007
2.7817e-08,0.27314359999999993
2.7819e-08,0.2731178000000001
2.7821e-08,0.2730924
2.7823e-08,0.27306720000000007
2.7825e-08,0.27304229999999996
2.7827e-08,0.27301759999999997
2.7829e-08,0.2729933
2.7831e-08,0.27296909999999996
2.7833e-08,0.2729452
2.7835e-08,0.2729216
2.7837e-08,0.27289830000000004
2.7839e-08,0.2728750999999999
2.7841e-08,0.27285230000000005
2.7843e-08,0.27282970000000006
2.7845e-08,0.27280740000000003
2.7847e-08,0.2727853
2.7849e-08,0.27276350000000005
2.7851e-08,0.27274180000000003
2.7853e-08,0.2727204
2.7855e-08,0.2726993000000001
2.7857e-08,0.2726784
2.7859e-08,0.27265780000000006
2.7861e-08,0.27263740000000003
2.7863e-08,0.27261709999999995
2.7865e-08,0.2725972
2.7867e-08,0.2725774000000001
2.7869e-08,0.2725579
2.7871e-08,0.2725387
2.7873e-08,0.2725196000000001
2.7875e-08,0.27250070000000004
2.7877e-08,0.2724821999999999
2.7879e-08,0.2724637999999999
2.7881e-08,0.2724455
2.7883e-08,0.2724276
2.7885e-08,0.2724097999999999
2.7887e-08,0.27239230000000003
2.7889e-08,0.2723749
2.7891e-08,0.2723576999999999
2.7893e-08,0.27234080000000005
2.7895e-08,0.27232409999999996
2.7897e-08,0.2723076
2.7899e-08,0.27229119999999996
2.7901e-08,0.2722751
2.7903e-08,0.2722591
2.7905e-08,0.27224329999999997
2.7907e-08,0.2722278
2.7909e-08,0.27221229999999996
2.7911e-08,0.27219720000000003
2.7913e-08,0.2721821
2.7915e-08,0.27216739999999995
2.7917e-08,0.2721527
2.7919e-08,0.2721382
2.7921e-08,0.2721239
2.7923e-08,0.27210980000000007
2.7925e-08,0.27209589999999995
2.7927e-08,0.27208220000000005
2.7929e-08,0.27206850000000005
2.7931e-08,0.27205500000000005
2.7933e-08,0.2720418
2.7935e-08,0.2720287
2.7937e-08,0.2720157999999999
2.7939e-08,0.272003
2.7941e-08,0.2719904000000001
2.7943e-08,0.2719779
2.7945e-08,0.2719655999999999
2.7947e-08,0.27195349999999996
2.7949e-08,0.2719414
2.7951e-08,0.2719296000000001
2.7953e-08,0.27191790000000005
2.7955e-08,0.2719064
2.7957e-08,0.27189490000000005
2.7959e-08,0.2718838
2.7961e-08,0.2718725999999999
2.7963e-08,0.2718617
2.7965e-08,0.27185079999999995
2.7967e-08,0.27184010000000003
2.7969e-08,0.2718296
2.7971e-08,0.27181920000000004
2.7973e-08,0.2718089
2.7975e-08,0.27179869999999995
2.7977e-08,0.2717887
2.7979e-08,0.27177890000000005
2.7981e-08,0.27176900000000004
2.7983e-08,0.2717594
2.7985e-08,0.2717499
2.7987e-08,0.27174049999999994
2.7989e-08,0.27173120000000006
2.7991e-08,0.27172209999999997
2.7993e-08,0.27171310000000004
2.7995e-08,0.27170419999999995
2.7997e-08,0.2716953
2.79985e-08,0.2716889
2.8e-08,0.2716930000000001
2.80002e-08,0.27169580000000004
2.80006e-08,0.27170249999999996
2.80014e-08,0.2717214
2.8003e-08,0.2717568
2.8005e-08,0.27174319999999996
2.8007e-08,0.2716044999999999
2.8009e-08,0.27129040000000004
2.8011e-08,0.2707657
2.8013e-08,0.2700064
2.8015e-08,0.26899759999999995
2.8017e-08,0.26773080000000005
2.8019e-08,0.26620239999999995
2.8021e-08,0.26441250000000005
2.8023e-08,0.26236440000000005
2.8025e-08,0.26006320000000005
2.8027e-08,0.2575156999999999
2.8029e-08,0.2547296
2.8031e-08,0.25171370000000004
2.8033e-08,0.24847699999999995
2.8035e-08,0.2450291
2.8037e-08,0.24137969999999997
2.8039e-08,0.23753849999999999
2.8041e-08,0.23351540000000004
2.8043e-08,0.2293198999999999
2.8045e-08,0.22496170000000004
2.8047e-08,0.22045020000000004
2.8049e-08,0.21579459999999995
2.8051e-08,0.21100390000000002
2.8053e-08,0.20608690000000007
2.8055e-08,0.20105220000000001
2.8057e-08,0.19590829999999992
2.8059e-08,0.19066319999999992
2.8061e-08,0.1853247
2.8063e-08,0.17990070000000002
2.8065e-08,0.17439839999999995
2.8067e-08,0.168825
2.8069e-08,0.16318770000000005
2.8071e-08,0.157493
2.8073e-08,0.15174750000000004
2.8075e-08,0.14595749999999996
2.8077e-08,0.1401291
2.8079e-08,0.13426800000000005
2.8081e-08,0.1283799
2.8083e-08,0.12247030000000003
2.8085e-08,0.11654439999999999
2.8087e-08,0.11060700000000001
2.8089e-08,0.10466319999999996
2.8091e-08,0.09871750000000001
2.8093e-08,0.09277409999999997
2.8095e-08,0.08683750000000001
2.8097e-08,0.08091170000000003
2.8099e-08,0.07500050000000003
2.8101e-08,0.06910749999999999
2.8103e-08,0.06323619999999996
2.8105e-08,0.0573901
2.8107e-08,0.05157200000000006
2.8109e-08,0.04578530000000003
2.8111e-08,0.040032500000000026
2.8113e-08,0.03431650000000008
2.8115e-08,0.028639699999999935
2.8117e-08,0.023004499999999983
2.8119e-08,0.01741309999999996
2.8121e-08,0.011867599999999978
2.8123e-08,0.006369999999999987
2.8125e-08,0.0009219999999999784
2.8127e-08,-0.004474500000000048
2.8129e-08,-0.009818100000000052
2.8131e-08,-0.015107399999999993
2.8133e-08,-0.020340799999999937
2.8135e-08,-0.025517199999999907
2.8137e-08,-0.030635600000000096
2.8139e-08,-0.035694800000000027
2.8141e-08,-0.04069400000000001
2.8143e-08,-0.04563230000000007
2.8145e-08,-0.05050889999999997
2.8147e-08,-0.05532309999999996
2.8149e-08,-0.06007459999999998
2.8151e-08,-0.06476280000000001
2.8153e-08,-0.06938709999999992
2.8155e-08,-0.07394740000000011
2.8157e-08,-0.0784433
2.8159e-08,-0.08287450000000007
2.8161e-08,-0.08724100000000001
2.8163e-08,-0.09154270000000009
2.8165e-08,-0.09577950000000002
2.8167e-08,-0.09995149999999997
2.8169e-08,-0.10405869999999995
2.8171e-08,-0.10810129999999996
2.8173e-08,-0.11207929999999999
2.8175e-08,-0.11599309999999996
2.8177e-08,-0.11984290000000009
2.8179e-08,-0.12362899999999999
2.8181e-08,-0.12735169999999996
2.8183e-08,-0.13101130000000005
2.8185e-08,-0.13460830000000001
2.8187e-08,-0.13814300000000002
2.8189e-08,-0.14161600000000008
2.8191e-08,-0.14502769999999998
2.8193e-08,-0.14837849999999997
2.8195e-08,-0.1516689
2.8197e-08,-0.15489960000000003
2.81985e-08,-0.15728379999999997
2.82e-08,-0.15963470000000002
2.82002e-08,-0.15994540000000002
2.82006e-08,-0.16056560000000009
2.82014e-08,-0.16179900000000003
2.8203e-08,-0.1642382
2.8205e-08,-0.16723549999999998
2.8207e-08,-0.17017610000000005
2.8209e-08,-0.1730606
2.8211e-08,-0.17588930000000003
2.8213e-08,-0.17866329999999997
2.8215e-08,-0.1813829
2.8217e-08,-0.18404889999999996
2.8219e-08,-0.18666210000000005
2.8221e-08,-0.18922300000000003
2.8223e-08,-0.19173230000000008
2.8225e-08,-0.19419069999999994
2.8227e-08,-0.19659899999999997
2.8229e-08,-0.19895760000000007
2.8231e-08,-0.20126750000000004
2.8233e-08,-0.2035292999999999
2.8235e-08,-0.20574369999999997
2.8237e-08,-0.20791139999999997
2.8239e-08,-0.21003289999999997
2.8241e-08,-0.21210909999999994
2.8243e-08,-0.21414069999999996
2.8245e-08,-0.21612829999999994
2.8247e-08,-0.21807259999999995
2.8249e-08,-0.2199742
2.8251e-08,-0.22183399999999998
2.8253e-08,-0.22365239999999997
2.8255e-08,-0.22543009999999997
2.8257e-08,-0.22716800000000004
2.8259e-08,-0.22886659999999992
2.8261e-08,-0.23052659999999991
2.8263e-08,-0.23214859999999993
2.8265e-08,-0.23373319999999997
2.8267e-08,-0.23528110000000002
2.8269e-08,-0.23679300000000003
2.8271e-08,-0.23826930000000002
2.8273e-08,-0.23971090000000006
2.8275e-08,-0.24111819999999995
2.8277e-08,-0.24249199999999993
2.8279e-08,-0.24383260000000007
2.8281e-08,-0.2451409
2.8283e-08,-0.2464174
2.8285e-08,-0.2476625
2.8287e-08,-0.2488769999999999
2.8289e-08,-0.25006130000000004
2.8291e-08,-0.251216
2.8293e-08,-0.25234179999999995
2.8295e-08,-0.25343910000000003
2.8297e-08,-0.25450839999999997
2.8299e-08,-0.2555502999999999
2.8301e-08,-0.25656539999999994
2.8303e-08,-0.25755400000000006
2.8305e-08,-0.2585168
2.8307e-08,-0.25945419999999997
2.8309e-08,-0.26036669999999995
2.8311e-08,-0.26125489999999996
2.8313e-08,-0.26211910000000005
2.8315e-08,-0.2629599
2.8317e-08,-0.26377779999999995
2.8319e-08,-0.2645731
2.8321e-08,-0.2653462999999999
2.8323e-08,-0.26609800000000006
2.8325e-08,-0.26682839999999997
2.8327e-08,-0.26753820000000006
2.8329e-08,-0.26822749999999995
2.8331e-08,-0.2688971
2.8333e-08,-0.2695470000000001
2.8335e-08,-0.2701779000000001
2.8337e-08,-0.2707902
2.8339e-08,-0.2713841
2.8341e-08,-0.27196010000000004
2.8343e-08,-0.2725185
2.8345e-08,-0.27305979999999996
2.8347e-08,-0.2735843
2.8349e-08,-0.27409230000000007
2.8351e-08,-0.27458439999999995
2.8353e-08,-0.2750606
2.8355e-08,-0.2755215000000001
2.8357e-08,-0.2759672999999999
2.8359e-08,-0.2763983000000001
2.8361e-08,-0.2768151
2.8363e-08,-0.2772177
2.8365e-08,-0.27760640000000003
2.8367e-08,-0.2779819
2.8369e-08,-0.2783439999999999
2.8371e-08,-0.2786934
2.8373e-08,-0.2790302
2.8375e-08,-0.27935469999999996
2.8377e-08,-0.2796672
2.8379e-08,-0.27996809999999994
2.8381e-08,-0.2802574
2.8383e-08,-0.2805356
2.8385e-08,-0.2808028
2.8387e-08,-0.28105939999999996
2.8389e-08,-0.2813057000000001
2.8391e-08,-0.2815417
2.8393e-08,-0.28176770000000007
2.8395e-08,-0.2819842
2.8397e-08,-0.28219110000000003
2.83985e-08,-0.2823403
2.84e-08,-0.28249500000000005
2.84002e-08,-0.28251740000000003
2.84006e-08,-0.2825632
2.84014e-08,-0.28265929999999995
2.8403e-08,-0.28284509999999996
2.8405e-08,-0.28301239999999994
2.8407e-08,-0.28304740000000006
2.8409e-08,-0.28290040000000005
2.8411e-08,-0.2825365000000001
2.8413e-08,-0.28193239999999997
2.8415e-08,-0.2810733999999999
2.8417e-08,-0.27995099999999995
2.8419e-08,-0.27856210000000003
2.8421e-08,-0.27690689999999996
2.8423e-08,-0.2749887
2.8425e-08,-0.2728124999999999
2.8427e-08,-0.2703854
2.8429e-08,-0.26771500000000004
2.8431e-08,-0.26480989999999993
2.8433e-08,-0.2616794
2.8435e-08,-0.2583329
2.8437e-08,-0.2547801999999999
2.8439e-08,-0.2510308
2.8441e-08,-0.24709460000000005
2.8443e-08,-0.24298129999999996
2.8445e-08,-0.23870029999999998
2.8447e-08,-0.23426100000000005
2.8449e-08,-0.22967270000000006
2.8451e-08,-0.22494440000000004
2.8453e-08,-0.22008479999999997
2.8455e-08,-0.21510269999999998
2.8457e-08,-0.21000620000000003
2.8459e-08,-0.20480360000000009
2.8461e-08,-0.19950279999999998
2.8463e-08,-0.1941115
2.8465e-08,-0.18863699999999994
2.8467e-08,-0.18308689999999994
2.8469e-08,-0.17746779999999995
2.8471e-08,-0.17178680000000002
2.8473e-08,-0.16605009999999998
2.8475e-08,-0.16026450000000003
2.8477e-08,-0.15443590000000007
2.8479e-08,-0.14857019999999999
2.8481e-08,-0.14267319999999994
2.8483e-08,-0.1367503
2.8485e-08,-0.13080690000000006
2.8487e-08,-0.12484810000000002
2.8489e-08,-0.11887880000000006
2.8491e-08,-0.11290359999999999
2.8493e-08,-0.10692710000000005
2.8495e-08,-0.10095370000000004
2.8497e-08,-0.09498739999999994
2.8499e-08,-0.0890322
2.8501e-08,-0.08309199999999994
2.8503e-08,-0.07717019999999997
2.8505e-08,-0.07127030000000001
2.8507e-08,-0.0653958
2.8509e-08,-0.059549399999999975
2.8511e-08,-0.05373430000000001
2.8513e-08,-0.04795319999999992
2.8515e-08,-0.042208899999999994
2.8517e-08,-0.03650370000000003
2.8519e-08,-0.030839800000000084
2.8521e-08,-0.025219799999999903
2.8523e-08,-0.019645399999999924
2.8525e-08,-0.01411870000000004
2.8527e-08,-0.008641499999999969
2.8529e-08,-0.0032153999999999794
2.8531e-08,0.0021579999999999933
2.8533e-08,0.007477199999999962
2.8535e-08,0.012741000000000002
2.8537e-08,0.017947999999999964
2.8539e-08,0.0230973000000001
2.8541e-08,0.028187700000000038
2.8543e-08,0.03321840000000009
2.8545e-08,0.03818850000000007
2.8547e-08,0.04309720000000006
2.8549e-08,0.047944100000000045
2.8551e-08,0.05272829999999995
2.8553e-08,0.05744959999999999
2.8555e-08,0.062107400000000035
2.8557e-08,0.06670149999999997
2.8559e-08,0.0712313
2.8561e-08,0.07569709999999996
2.8563e-08,0.08009830000000007
2.8565e-08,0.08443500000000004
2.8567e-08,0.08870709999999993
2.8569e-08,0.09291479999999996
2.8571e-08,0.09705779999999997
2.8573e-08,0.10113660000000002
2.8575e-08,0.1051512
2.8577e-08,0.10910169999999997
2.8579e-08,0.11298850000000005
2.8581e-08,0.11681179999999991
2.8583e-08,0.12057190000000007
2.8585e-08,0.12426919999999997
2.8587e-08,0.12790409999999997
2.8589e-08,0.1314771
2.8591e-08,0.13498829999999995
2.8593e-08,0.13843850000000002
2.8595e-08,0.14182799999999995
2.8597e-08,0.1451574
2.85985e-08,0.1476153
2.86e-08,0.1500397
2.86002e-08,0.15036020000000005
2.86006e-08,0.15100000000000002
2.86014e-08,0.15227250000000003
2.8603e-08,0.1547894999999999
2.8605e-08,0.15788389999999997
2.8607e-08,0.16092090000000003
2.8609e-08,0.16390130000000003
2.8611e-08,0.16682549999999996
2.8613e-08,0.16969440000000002
2.8615e-08,0.1725084
2.8617e-08,0.17526830000000004
2.8619e-08,0.17797450000000004
2.8621e-08,0.180628
2.8623e-08,0.18322929999999993
2.8625e-08,0.18577909999999997
2.8627e-08,0.1882779
2.8629e-08,0.19072679999999997
2.8631e-08,0.19312610000000008
2.8633e-08,0.19547650000000005
2.8635e-08,0.19777900000000004
2.8637e-08,0.20003399999999993
2.8639e-08,0.20224229999999999
2.8641e-08,0.2044045
2.8643e-08,0.2065212999999999
2.8645e-08,0.20859340000000004
2.8647e-08,0.21062159999999996
2.8649e-08,0.21260639999999997
2.8651e-08,0.21454859999999998
2.8653e-08,0.2164488
2.8655e-08,0.21830760000000005
2.8657e-08,0.22012589999999999
2.8659e-08,0.22190409999999994
2.8661e-08,0.22364289999999998
2.8663e-08,0.22534310000000002
2.8665e-08,0.22700520000000002
2.8667e-08,0.22862990000000005
2.8669e-08,0.23021769999999997
2.8671e-08,0.2317693999999999
2.8673e-08,0.23328559999999998
2.8675e-08,0.2347669
2.8677e-08,0.23621369999999997
2.8679e-08,0.23762699999999992
2.8681e-08,0.23900700000000008
2.8683e-08,0.24035460000000008
2.8685e-08,0.24167020000000006
2.8687e-08,0.24295429999999996
2.8689e-08,0.24420769999999992
2.8691e-08,0.24543080000000006
2.8693e-08,0.24662430000000002
2.8695e-08,0.24778849999999997
2.8697e-08,0.24892409999999998
2.8699e-08,0.2500317000000001
2.8701e-08,0.2511116
2.8703e-08,0.25216459999999996
2.8705e-08,0.2531911
2.8707e-08,0.2541914999999999
2.8709e-08,0.2551663999999999
2.8711e-08,0.2561163000000001
2.8713e-08,0.2570416
2.8715e-08,0.2579428
2.8717e-08,0.2588205
2.8719e-08,0.259675
2.8721e-08,0.26050680000000004
2.8723e-08,0.2613164
2.8725e-08,0.26210429999999996
2.8727e-08,0.26287079999999996
2.8729e-08,0.2636163
2.8731e-08,0.2643413
2.8733e-08,0.26504630000000007
2.8735e-08,0.2657315
2.8737e-08,0.26639749999999995
2.8739e-08,0.2670448000000001
2.8741e-08,0.26767340000000006
2.8743e-08,0.2682838999999999
2.8745e-08,0.26887669999999997
2.8747e-08,0.2694521999999999
2.8749e-08,0.2700108
2.8751e-08,0.2705525
2.8753e-08,0.2710781
2.8755e-08,0.27158779999999993
2.8757e-08,0.2720819
2.8759e-08,0.2725607
2.8761e-08,0.27302459999999995
2.8763e-08,0.27347390000000005
2.8765e-08,0.2739089
2.8767e-08,0.2743299
2.8769e-08,0.27473729999999996
2.8771e-08,0.2751314
2.8773e-08,0.27551230000000004
2.8775e-08,0.27588060000000003
2.8777e-08,0.2762363
2.8779e-08,0.27657980000000004
2.8781e-08,0.2769113999999999
2.8783e-08,0.2772314
2.8785e-08,0.27753989999999995
2.8787e-08,0.27783729999999995
2.8789e-08,0.2781239
2.8791e-08,0.2783998000000001
2.8793e-08,0.27866539999999995
2.8795e-08,0.2789209
2.8797e-08,0.2791665
2.87985e-08,0.2793443
2.88e-08,0.2795168
2.88002e-08,0.2795394
2.88006e-08,0.27958420000000006
2.88014e-08,0.27967299999999995
2.8803e-08,0.2798461
2.8805e-08,0.28005440000000004
2.8807e-08,0.280254
2.8809e-08,0.28044500000000006
2.8811e-08,0.28062770000000004
2.8813e-08,0.28080229999999995
2.8815e-08,0.2809688
2.8817e-08,0.28112780000000004
2.8819e-08,0.2812791
2.8821e-08,0.281423
2.8823e-08,0.2815598
2.8825e-08,0.2816896
2.8827e-08,0.2818127
2.8829e-08,0.28192910000000004
2.8831e-08,0.28203899999999993
2.8833e-08,0.2821425000000001
2.8835e-08,0.28224000000000005
2.8837e-08,0.2823316
2.8839e-08,0.2824173
2.8841e-08,0.2824974
2.8843e-08,0.2825719
2.8845e-08,0.2826411
2.8847e-08,0.28270509999999993
2.8849e-08,0.282764
2.8851e-08,0.2828179999999999
2.8853e-08,0.28286710000000004
2.8855e-08,0.28291160000000004
2.8857e-08,0.28295170000000003
2.8859e-08,0.28298729999999994
2.8861e-08,0.2830186
2.8863e-08,0.2830458
2.8865e-08,0.283069
2.8867e-08,0.28308829999999996
2.8869e-08,0.28310369999999996
2.8871e-08,0.28311549999999996
2.8873e-08,0.2831237
2.8875e-08,0.28312839999999995
2.8877e-08,0.28312970000000004
2.8879e-08,0.28312779999999993
2.8881e-08,0.28312269999999995
2.8883e-08,0.28311469999999994
2.8885e-08,0.28310350000000006
2.8887e-08,0.2830897
2.8889e-08,0.28307289999999996
2.8891e-08,0.2830536
2.8893e-08,0.2830315
2.8895e-08,0.283007
2.8897e-08,0.28298009999999996
2.8899e-08,0.2829509
2.8901e-08,0.28291940000000004
2.8903e-08,0.28288559999999996
2.8905e-08,0.28284980000000004
2.8907e-08,0.28281200000000006
2.8909e-08,0.28277209999999997
2.8911e-08,0.2827305
2.8913e-08,0.282687
2.8915e-08,0.2826417
2.8917e-08,0.28259480000000003
2.8919e-08,0.2825460999999999
2.8921e-08,0.28249599999999997
2.8923e-08,0.2824445
2.8925e-08,0.2823915
2.8927e-08,0.28233700000000006
2.8929e-08,0.28228129999999996
2.8931e-08,0.2822243
2.8933e-08,0.28216620000000003
2.8935e-08,0.2821068
2.8937e-08,0.28204640000000003
2.8939e-08,0.2819849
2.8941e-08,0.2819224
2.8943e-08,0.2818589
2.8945e-08,0.2817946
2.8947e-08,0.2817293999999999
2.8949e-08,0.2816634
2.8951e-08,0.2815966
2.8953e-08,0.2815291
2.8955e-08,0.2814608999999999
2.8957e-08,0.281392
2.8959e-08,0.2813226
2.8961e-08,0.28125259999999996
2.8963e-08,0.28118200000000004
2.8965e-08,0.281111
2.8967e-08,0.2810395
2.8969e-08,0.28096750000000004
2.8971e-08,0.28089510000000006
2.8973e-08,0.2808224
2.8975e-08,0.2807495
2.8977e-08,0.2806761
2.8979e-08,0.2806025
2.8981e-08,0.28052869999999996
2.8983e-08,0.2804546
2.8985e-08,0.2803803
2.8987e-08,0.2803059
2.8989e-08,0.28023130000000007
2.8991e-08,0.2801566000000001
2.8993e-08,0.2800819
2.8995e-08,0.280007
2.8997e-08,0.27993219999999996
2.89985e-08,0.279876
2.9e-08,0.27981979999999995
2.90002e-08,0.27981239999999996
2.90006e-08,0.2797974
2.90014e-08,0.2797674
2.9003e-08,0.2797075
2.9005e-08,0.27963270000000007
2.9007e-08,0.2795579
2.9009e-08,0.27948320000000004
2.9011e-08,0.2794086
2.9013e-08,0.27933410000000003
2.9015e-08,0.27925980000000006
2.9017e-08,0.2791855
2.9019e-08,0.27911149999999996
2.9021e-08,0.2790376
2.9023e-08,0.27896389999999993
2.9025e-08,0.2788904
2.9027e-08,0.2788172
2.9029e-08,0.27874409999999994
2.9031e-08,0.2786714
2.9033e-08,0.2785987999999999
2.9035e-08,0.2785265
2.9037e-08,0.2784546
2.9039e-08,0.2783829
2.9041e-08,0.2783114
2.9043e-08,0.2782403000000001
2.9045e-08,0.2781696
2.9047e-08,0.2780992
2.9049e-08,0.27802910000000003
2.9051e-08,0.2779593
2.9053e-08,0.27788999999999997
2.9055e-08,0.2778208999999999
2.9057e-08,0.2777522
2.9059e-08,0.2776839
2.9061e-08,0.277616
2.9063e-08,0.2775485
2.9065e-08,0.2774814
2.9067e-08,0.2774147
2.9069e-08,0.2773483
2.9071e-08,0.2772825
2.9073e-08,0.27721699999999994
2.9075e-08,0.2771519
2.9077e-08,0.2770874
2.9079e-08,0.2770232
2.9081e-08,0.2769593
2.9083e-08,0.2768961
2.9085e-08,0.2768332
2.9087e-08,0.27677070000000004
2.9089e-08,0.27670870000000003
2.9091e-08,0.27664710000000003
2.9093e-08,0.27658609999999995
2.9095e-08,0.27652540000000003
2.9097e-08,0.2764652000000001
2.9099e-08,0.2764055999999999
2.9101e-08,0.27634630000000004
2.9103e-08,0.2762875
2.9105e-08,0.2762291
2.9107e-08,0.2761713
2.9109e-08,0.2761139
2.9111e-08,0.27605690000000005
2.9113e-08,0.2760005
2.9115e-08,0.2759444999999999
2.9117e-08,0.2758889
2.9119e-08,0.27583389999999997
2.9121e-08,0.27577929999999995
2.9123e-08,0.2757252
2.9125e-08,0.27567150000000007
2.9127e-08,0.27561840000000004
2.9129e-08,0.27556559999999997
2.9131e-08,0.2755134
2.9133e-08,0.2754616
2.9135e-08,0.2754103
2.9137e-08,0.27535940000000003
2.9139e-08,0.2753089999999999
2.9141e-08,0.2752591
2.9143e-08,0.2752097
2.9145e-08,0.2751606
2.9147e-08,0.275112
2.9149e-08,0.275064
2.9151e-08,0.27501640000000005
2.9153e-08,0.2749692
2.9155e-08,0.27492250000000007
2.9157e-08,0.2748762
2.9159e-08,0.27483040000000003
2.9161e-08,0.2747851
2.9163e-08,0.27474010000000004
2.9165e-08,0.27469560000000004
2.9167e-08,0.2746516
2.9169e-08,0.2746080000000001
2.9171e-08,0.27456480000000005
2.9173e-08,0.2745221
2.9175e-08,0.27447980000000005
2.9177e-08,0.27443799999999996
2.9179e-08,0.2743966
2.9181e-08,0.2743555
2.9183e-08,0.274315
2.9185e-08,0.2742749
2.9187e-08,0.27423510000000006
2.9189e-08,0.2741958
2.9191e-08,0.27415690000000004
2.9193e-08,0.2741184
2.9195e-08,0.27408029999999994
2.9197e-08,0.2740426
2.91985e-08,0.2740146
2.92e-08,0.2739975
2.92002e-08,0.27399740000000006
2.92006e-08,0.27399850000000003
2.92014e-08,0.27400610000000003
2.9203e-08,0.27401910000000007
2.9205e-08,0.27397800000000005
2.9207e-08,0.27381219999999995
2.9209e-08,0.2734715000000001
2.9211e-08,0.27292079999999996
2.9213e-08,0.27213600000000004
2.9215e-08,0.2711023
2.9217e-08,0.2698111000000001
2.9219e-08,0.2682588
2.9221e-08,0.26644560000000006
2.9223e-08,0.26437469999999996
2.9225e-08,0.26205100000000003
2.9227e-08,0.25948150000000003
2.9229e-08,0.2566737
2.9231e-08,0.2536366
2.9233e-08,0.250379
2.9235e-08,0.24691050000000003
2.9237e-08,0.24324069999999998
2.9239e-08,0.23937940000000002
2.9241e-08,0.23533649999999995
2.9243e-08,0.23112139999999992
2.9245e-08,0.22674360000000005
2.9247e-08,0.22221290000000005
2.9249e-08,0.21753809999999996
2.9251e-08,0.21272829999999998
2.9253e-08,0.2077926
2.9255e-08,0.2027392
2.9257e-08,0.19757649999999993
2.9259e-08,0.19231279999999995
2.9261e-08,0.1869558
2.9263e-08,0.18151339999999994
2.9265e-08,0.17599280000000006
2.9267e-08,0.17040120000000003
2.9269e-08,0.16474559999999994
2.9271e-08,0.15903290000000003
2.9273e-08,0.15326930000000005
2.9275e-08,0.14746139999999996
2.9277e-08,0.1416149
2.9279e-08,0.13573599999999997
2.9281e-08,0.1298302
2.9283e-08,0.12390280000000009
2.9285e-08,0.11795920000000004
2.9287e-08,0.1120044
2.9289e-08,0.10604309999999995
2.9291e-08,0.10007980000000005
2.9293e-08,0.09411930000000002
2.9295e-08,0.0881654999999999
2.9297e-08,0.08222249999999998
2.9299e-08,0.07629420000000009
2.9301e-08,0.07038429999999996
2.9303e-08,0.0644962
2.9305e-08,0.05863319999999994
2.9307e-08,0.05279870000000009
2.9309e-08,0.04699540000000002
2.9311e-08,0.04122619999999999
2.9313e-08,0.035494000000000026
2.9315e-08,0.029800999999999966
2.9317e-08,0.0241498
2.9319e-08,0.018542500000000017
2.9321e-08,0.012981299999999973
2.9323e-08,0.007467999999999919
2.9325e-08,0.002004600000000023
2.9327e-08,-0.003407300000000002
2.9329e-08,-0.008766000000000052
2.9331e-08,-0.01407029999999998
2.9333e-08,-0.019318600000000075
2.9335e-08,-0.024509800000000026
2.9337e-08,-0.029642700000000022
2.9339e-08,-0.03471639999999998
2.9341e-08,-0.039729799999999926
2.9343e-08,-0.044682
2.9345e-08,-0.04957259999999997
2.9347e-08,-0.05440080000000003
2.9349e-08,-0.059165899999999993
2.9351e-08,-0.06386739999999991
2.9353e-08,-0.06850509999999999
2.9355e-08,-0.07307839999999999
2.9357e-08,-0.07758719999999997
2.9359e-08,-0.08203129999999992
2.9361e-08,-0.08641049999999995
2.9363e-08,-0.09072460000000004
2.9365e-08,-0.0949738
2.9367e-08,-0.09915790000000002
2.9369e-08,-0.10327710000000001
2.9371e-08,-0.10733139999999997
2.9373e-08,-0.11132120000000001
2.9375e-08,-0.11524650000000003
2.9377e-08,-0.11910770000000004
2.9379e-08,-0.12290500000000004
2.9381e-08,-0.12663859999999993
2.9383e-08,-0.13030920000000001
2.9385e-08,-0.13391680000000006
2.9387e-08,-0.13746210000000003
2.9389e-08,-0.1409454
2.9391e-08,-0.14436729999999998
2.9393e-08,-0.14772819999999998
2.9395e-08,-0.15102860000000007
2.9397e-08,-0.1542692
2.93985e-08,-0.15666049999999998
2.94e-08,-0.15902929999999993
2.94002e-08,-0.15934439999999994
2.94006e-08,-0.15997489999999992
2.94014e-08,-0.16123410000000005
2.9403e-08,-0.1637208
2.9405e-08,-0.16671589999999992
2.9407e-08,-0.16952289999999992
2.9409e-08,-0.17209090000000005
2.9411e-08,-0.17438430000000005
2.9413e-08,-0.1763802
2.9415e-08,-0.1780642
2.9417e-08,-0.1794293
2.9419e-08,-0.1804732
2.9421e-08,-0.18119819999999998
2.9423e-08,-0.18160900000000002
2.9425e-08,-0.1817126
2.9427e-08,-0.1815175
2.9429e-08,-0.1810334
2.9431e-08,-0.1802705
2.9433e-08,-0.17923979999999995
2.9435e-08,-0.17795210000000006
2.9437e-08,-0.1764188
2.9439e-08,-0.1746508
2.9441e-08,-0.1726593999999999
2.9443e-08,-0.17045520000000003
2.9445e-08,-0.16804910000000006
2.9447e-08,-0.16545140000000003
2.9449e-08,-0.1626723
2.9451e-08,-0.15972170000000008
2.9453e-08,-0.15660910000000006
2.9455e-08,-0.1533439000000001
2.9457e-08,-0.14993520000000005
2.9459e-08,-0.1463915
2.9461e-08,-0.1427214
2.9463e-08,-0.13893310000000003
2.9465e-08,-0.1350344
2.9467e-08,-0.13103299999999996
2.9469e-08,-0.12693620000000005
2.9471e-08,-0.12275130000000001
2.9473e-08,-0.1184849
2.9475e-08,-0.11414369999999996
2.9477e-08,-0.1097342
2.9479e-08,-0.10526239999999998
2.9481e-08,-0.1007344
2.9483e-08,-0.09615570000000007
2.9485e-08,-0.0915319
2.9487e-08,-0.08686830000000001
2.9489e-08,-0.08216979999999996
2.9491e-08,-0.07744149999999994
2.9493e-08,-0.07268800000000009
2.9495e-08,-0.06791380000000002
2.9497e-08,-0.06312300000000004
2.9499e-08,-0.05832000000000004
2.9501e-08,-0.05350860000000002
2.9503e-08,-0.04869270000000003
2.9505e-08,-0.04387580000000002
2.9507e-08,-0.039061400000000024
2.9509e-08,-0.03425280000000008
2.9511e-08,-0.02945299999999995
2.9513e-08,-0.024665199999999943
2.9515e-08,-0.019892099999999968
2.9517e-08,-0.015136299999999991
2.9519e-08,-0.010400599999999982
2.9521e-08,-0.005687299999999951
2.9523e-08,-0.000998700000000019
2.9525e-08,0.003663000000000083
2.9527e-08,0.008295900000000023
2.9529e-08,0.01289780000000007
2.9531e-08,0.017467200000000016
2.9533e-08,0.022002199999999972
2.9535e-08,0.026501200000000003
2.9537e-08,0.03096270000000001
2.9539e-08,0.03538549999999996
2.9541e-08,0.03976819999999992
2.9543e-08,0.044109399999999965
2.9545e-08,0.04840829999999996
2.9547e-08,0.05266359999999992
2.9549e-08,0.05687449999999994
2.9551e-08,0.06104009999999993
2.9553e-08,0.06515979999999999
2.9555e-08,0.06923250000000003
2.9557e-08,0.07325789999999999
2.9559e-08,0.0772353
2.9561e-08,0.08116409999999996
2.9563e-08,0.08504400000000001
2.9565e-08,0.08887450000000008
2.9567e-08,0.09265540000000005
2.9569e-08,0.09638639999999998
2.9571e-08,0.10006700000000002
2.9573e-08,0.10369740000000005
2.9575e-08,0.10727730000000002
2.9577e-08,0.11080650000000003
2.9579e-08,0.11428519999999998
2.9581e-08,0.11771330000000002
2.9583e-08,0.1210907
2.9585e-08,0.12441760000000002
2.9587e-08,0.12769409999999992
2.9589e-08,0.13092039999999994
2.9591e-08,0.13409649999999995
2.9593e-08,0.13722269999999992
2.9595e-08,0.14029930000000002
2.9597e-08,0.14332630000000002
2.95985e-08,0.14556439999999993
2.96e-08,0.1477748000000001
2.96002e-08,0.14806799999999998
2.96006e-08,0.1486554
2.96014e-08,0.1498343000000001
2.9603e-08,0.15218330000000002
2.9605e-08,0.15504149999999994
2.9607e-08,0.15774290000000002
2.9609e-08,0.1602290999999999
2.9611e-08,0.16245939999999992
2.9613e-08,0.16440600000000005
2.9615e-08,0.16605170000000002
2.9617e-08,0.1673865
2.9619e-08,0.16840660000000007
2.9621e-08,0.16911239999999994
2.9623e-08,0.16950769999999993
2.9625e-08,0.16959849999999999
2.9627e-08,0.16939289999999996
2.9629e-08,0.1688999
2.9631e-08,0.16812950000000004
2.9633e-08,0.16709249999999998
2.9635e-08,0.1657995
2.9637e-08,0.1642618
2.9639e-08,0.16249040000000003
2.9641e-08,0.16049639999999998
2.9643e-08,0.1582907
2.9645e-08,0.15588390000000008
2.9647e-08,0.15328639999999993
2.9649e-08,0.1505086
2.9651e-08,0.14756040000000004
2.9653e-08,0.14445150000000007
2.9655e-08,0.1411911
2.9657e-08,0.13778829999999997
2.9659e-08,0.13425220000000004
2.9661e-08,0.130591
2.9663e-08,0.12681300000000006
2.9665e-08,0.1229262000000001
2.9667e-08,0.1189382
2.9669e-08,0.11485660000000009
2.9671e-08,0.11068820000000001
2.9673e-08,0.10644009999999993
2.9675e-08,0.10211899999999996
2.9677e-08,0.09773120000000002
2.9679e-08,0.09328290000000006
2.9681e-08,0.08877999999999997
2.9683e-08,0.08422819999999998
2.9685e-08,0.07963300000000006
2.9687e-08,0.0749997
2.9689e-08,0.07033339999999999
2.9691e-08,0.0656388
2.9693e-08,0.0609208
2.9695e-08,0.05618370000000006
2.9697e-08,0.05143180000000003
2.9699e-08,0.046669300000000025
2.9701e-08,0.04189989999999999
2.9703e-08,0.037127699999999986
2.9705e-08,0.03235600000000005
2.9707e-08,0.0275882999999999
2.9709e-08,0.022827799999999954
2.9711e-08,0.018077699999999974
2.9713e-08,0.013340899999999989
2.9715e-08,0.00862010000000002
2.9717e-08,0.003918200000000094
2.9719e-08,-0.0007625999999999467
2.9721e-08,-0.005419700000000027
2.9723e-08,-0.010050899999999974
2.9725e-08,-0.014654000000000056
2.9727e-08,-0.0192272
2.9729e-08,-0.023768399999999912
2.9731e-08,-0.028275999999999968
2.9733e-08,-0.032748200000000005
2.9735e-08,-0.03718359999999998
2.9737e-08,-0.041580700000000026
2.9739e-08,-0.045938000000000034
2.9741e-08,-0.05025440000000003
2.9743e-08,-0.054528699999999986
2.9745e-08,-0.05875970000000008
2.9747e-08,-0.06294669999999991
2.9749e-08,-0.0670887
2.9751e-08,-0.07118469999999999
2.9753e-08,-0.07523410000000008
2.9755e-08,-0.07923629999999993
2.9757e-08,-0.08319049999999995
2.9759e-08,-0.0870962999999999
2.9761e-08,-0.09095319999999996
2.9763e-08,-0.09476079999999998
2.9765e-08,-0.0985185999999999
2.9767e-08,-0.1022265
2.9769e-08,-0.10588419999999998
2.9771e-08,-0.10949140000000002
2.9773e-08,-0.11304809999999998
2.9775e-08,-0.1165541
2.9777e-08,-0.12000940000000004
2.9779e-08,-0.12341400000000002
2.9781e-08,-0.12676790000000004
2.9783e-08,-0.13007099999999994
2.9785e-08,-0.1333238
2.9787e-08,-0.13652600000000004
2.9789e-08,-0.13967790000000002
2.9791e-08,-0.14277989999999996
2.9793e-08,-0.14583199999999996
2.9795e-08,-0.14883440000000003
2.9797e-08,-0.1517875999999999
2.97985e-08,-0.1539703
2.98e-08,-0.15612550000000003
2.98002e-08,-0.15641119999999997
2.98006e-08,-0.15698389999999995
2.98014e-08,-0.15813339999999998
2.9803e-08,-0.1604236
2.9805e-08,-0.16320869999999998
2.9807e-08,-0.16583769999999998
2.9809e-08,-0.16825230000000002
2.9811e-08,-0.17041169999999994
2.9813e-08,-0.17228849999999996
2.9815e-08,-0.1738653
2.9817e-08,-0.17513230000000002
2.9819e-08,-0.17608559999999995
2.9821e-08,-0.17672560000000004
2.9823e-08,-0.1770562
2.9825e-08,-0.1770832
2.9827e-08,-0.17681459999999993
2.9829e-08,-0.1762595
2.9831e-08,-0.17542789999999997
2.9833e-08,-0.17433029999999994
2.9835e-08,-0.1729775
2.9837e-08,-0.1713806
2.9839e-08,-0.16955049999999994
2.9841e-08,-0.1674983
2.9843e-08,-0.16523480000000001
2.9845e-08,-0.1627706
2.9847e-08,-0.16011619999999993
2.9849e-08,-0.15728180000000003
2.9851e-08,-0.1542772
2.9853e-08,-0.15111200000000002
2.9855e-08,-0.14779569999999997
2.9857e-08,-0.14433720000000005
2.9859e-08,-0.14074540000000002
2.9861e-08,-0.1370287
2.9863e-08,-0.13319520000000007
2.9865e-08,-0.12925299999999995
2.9867e-08,-0.12520969999999998
2.9869e-08,-0.12107269999999992
2.9871e-08,-0.11684909999999993
2.9873e-08,-0.11254579999999992
2.9875e-08,-0.10816939999999997
2.9877e-08,-0.1037264
2.9879e-08,-0.09922279999999994
2.9881e-08,-0.09466470000000005
2.9883e-08,-0.09005770000000002
2.9885e-08,-0.08540729999999996
2.9887e-08,-0.08071879999999998
2.9889e-08,-0.07599730000000005
2.9891e-08,-0.07124770000000002
2.9893e-08,-0.06647449999999999
2.9895e-08,-0.061682400000000026
2.9897e-08,-0.05687549999999997
2.9899e-08,-0.052058099999999996
2.9901e-08,-0.04723390000000005
2.9903e-08,-0.042406900000000025
2.9905e-08,-0.03758050000000002
2.9907e-08,-0.03275819999999996
2.9909e-08,-0.027943300000000004
2.9911e-08,-0.02313900000000002
2.9913e-08,-0.01834800000000003
2.9915e-08,-0.01357330000000001
2.9917e-08,-0.008817599999999981
2.9919e-08,-0.0040832000000000646
2.9921e-08,0.0006272000000000499
2.9923e-08,0.0053114999999999135
2.9925e-08,0.009967599999999965
2.9927e-08,0.014593399999999979
2.9929e-08,0.019187000000000065
2.9931e-08,0.023746799999999957
2.9933e-08,0.028270899999999988
2.9935e-08,0.03275780000000006
2.9937e-08,0.03720610000000002
2.9939e-08,0.04161429999999999
2.9941e-08,0.0459813
2.9943e-08,0.050305900000000014
2.9945e-08,0.05458700000000005
2.9947e-08,0.05882350000000003
2.9949e-08,0.06301469999999998
2.9951e-08,0.06715959999999999
2.9953e-08,0.07125749999999997
2.9955e-08,0.07530769999999998
2.9957e-08,0.07930970000000004
2.9959e-08,0.08326279999999997
2.9961e-08,0.08716659999999998
2.9963e-08,0.09102069999999995
2.9965e-08,0.09482460000000004
2.9967e-08,0.09857819999999995
2.9969e-08,0.10228120000000007
2.9971e-08,0.10593330000000001
2.9973e-08,0.10953439999999992
2.9975e-08,0.11308439999999997
2.9977e-08,0.11658330000000006
2.9979e-08,0.12003089999999994
2.9981e-08,0.12342750000000002
2.9983e-08,0.12677300000000002
2.9985e-08,0.1300675
2.9987e-08,0.1333110999999999
2.9989e-08,0.1365040999999999
2.9991e-08,0.1396465
2.9993e-08,0.14273879999999994
2.9995e-08,0.1457809
2.9997e-08,0.14877320000000005
2.99985e-08,0.15098489999999998
3e-08,0.153169
3.00002e-08,0.15345789999999992
3.00006e-08,0.15403460000000002
3.00014e-08,0.15518220000000005
3.0003e-08,0.15745429999999994
3.0005e-08,0.16025069999999997
3.0007e-08,0.16299909999999995
3.0009e-08,0.1656999
3.0011e-08,0.1683534
3.0013e-08,0.17096
3.0015e-08,0.17352
3.0017e-08,0.17603420000000003
3.0019e-08,0.1785028999999999
3.0021e-08,0.18092640000000004
3.0023e-08,0.18330539999999995
3.0025e-08,0.18564029999999998
3.0027e-08,0.18793159999999998
3.0029e-08,0.19017969999999995
3.0031e-08,0.19238529999999998
3.0033e-08,0.19454870000000002
3.0035e-08,0.19667060000000003
3.0037e-08,0.19875140000000002
3.0039e-08,0.20079170000000002
3.0041e-08,0.20279199999999997
3.0043e-08,0.2047527
3.0045e-08,0.20667460000000004
3.0047e-08,0.20855789999999996
3.0049e-08,0.21040340000000002
3.0051e-08,0.2122115
3.0053e-08,0.21398269999999997
3.0055e-08,0.2157177
3.0057e-08,0.21741690000000002
3.0059e-08,0.21908070000000002
3.0061e-08,0.22070990000000001
3.0063e-08,0.22230489999999992
3.0065e-08,0.22386610000000007
3.0067e-08,0.2253942
3.0069e-08,0.22688960000000002
3.0071e-08,0.22835289999999997
3.0073e-08,0.22978449999999995
3.0075e-08,0.23118499999999997
3.0077e-08,0.2325549
3.0079e-08,0.23389459999999995
3.0081e-08,0.23520470000000004
3.0083e-08,0.2364856999999999
3.0085e-08,0.23773790000000006
3.0087e-08,0.238962
3.0089e-08,0.24015850000000005
3.0091e-08,0.24132769999999992
3.0093e-08,0.24247000000000007
3.0095e-08,0.24358610000000003
3.0097e-08,0.24467640000000002
3.0099e-08,0.2457412
3.0101e-08,0.24678109999999998
3.0103e-08,0.24779649999999998
3.0105e-08,0.24878789999999995
3.0107e-08,0.24975560000000008
3.0109e-08,0.2507001
3.0111e-08,0.2516218
3.0113e-08,0.25252110000000005
3.0115e-08,0.2533985000000001
3.0117e-08,0.25425429999999993
3.0119e-08,0.25508909999999996
3.0121e-08,0.255903
3.0123e-08,0.25669659999999994
3.0125e-08,0.2574700999999999
3.0127e-08,0.2582241999999999
3.0129e-08,0.2589589
3.0131e-08,0.25967489999999993
3.0133e-08,0.2603723
3.0135e-08,0.26105159999999994
3.0137e-08,0.26171310000000003
3.0139e-08,0.26235719999999996
3.0141e-08,0.2629842
3.0143e-08,0.2635944
3.0145e-08,0.2641882
3.0147e-08,0.2647659
3.0149e-08,0.265328
3.0151e-08,0.26587439999999996
3.0153e-08,0.2664059
3.0155e-08,0.26692229999999995
3.0157e-08,0.2674244
3.0159e-08,0.26791220000000004
3.0161e-08,0.26838610000000007
3.0163e-08,0.2688463
3.0165e-08,0.2692932
3.0167e-08,0.26972700000000005
3.0169e-08,0.27014800000000005
3.0171e-08,0.27055640000000003
3.0173e-08,0.27095269999999994
3.0175e-08,0.27133679999999993
3.0177e-08,0.2717092
3.0179e-08,0.27207020000000004
3.0181e-08,0.2724198000000001
3.0183e-08,0.27275859999999996
3.0185e-08,0.2730865
3.0187e-08,0.2734038000000001
3.0189e-08,0.27371100000000004
3.0191e-08,0.2740079999999999
3.0193e-08,0.27429519999999996
3.0195e-08,0.27457280000000006
3.0197e-08,0.274841
3.01985e-08,0.27503600000000006
3.02e-08,0.2752260000000001
3.02002e-08,0.275251
3.02006e-08,0.2753006
3.02014e-08,0.27539880000000005
3.0203e-08,0.2755911
3.0205e-08,0.27582360000000006
3.0207e-08,0.2760479
3.0209e-08,0.27626399999999995
3.0211e-08,0.27647200000000005
3.0213e-08,0.2766723
3.0215e-08,0.27686489999999997
3.0217e-08,0.2770501000000001
3.0219e-08,0.2772279999999999
3.0221e-08,0.2773987
3.0223e-08,0.2775626
3.0225e-08,0.2777197
3.0227e-08,0.27787019999999996
3.0229e-08,0.2780142
3.0231e-08,0.27815199999999995
3.0233e-08,0.2782836000000001
3.0235e-08,0.27840940000000003
3.0237e-08,0.2785293000000001
3.0239e-08,0.2786434
3.0241e-08,0.278752
3.0243e-08,0.27885519999999997
3.0245e-08,0.2789532
3.0247e-08,0.27904609999999996
3.0249e-08,0.279134
3.0251e-08,0.27921699999999994
3.0253e-08,0.27929519999999997
3.0255e-08,0.2793688
3.0257e-08,0.27943799999999996
3.0259e-08,0.27950280000000005
3.0261e-08,0.27956330000000007
3.0263e-08,0.2796197
3.0265e-08,0.2796719999999999
3.0267e-08,0.27972050000000004
3.0269e-08,0.2797651
3.0271e-08,0.279806
3.0273e-08,0.2798433
3.0275e-08,0.2798771
3.0277e-08,0.27990760000000003
3.0279e-08,0.27993460000000003
3.0281e-08,0.2799585
3.0283e-08,0.2799792
3.0285e-08,0.27999699999999994
3.0287e-08,0.2800117000000001
3.0289e-08,0.28002379999999993
3.0291e-08,0.2800328999999999
3.0293e-08,0.28003940000000005
3.0295e-08,0.28004320000000005
3.0297e-08,0.2800446
3.0299e-08,0.2800435
3.0301e-08,0.2800401
3.0303e-08,0.28003429999999996
3.0305e-08,0.2800264
3.0307e-08,0.28001620000000005
3.0309e-08,0.2800039000000001
3.0311e-08,0.27998980000000007
3.0313e-08,0.2799735
3.0315e-08,0.27995559999999997
3.0317e-08,0.2799357
3.0319e-08,0.279914
3.0321e-08,0.2798906
3.0323e-08,0.27986560000000005
3.0325e-08,0.2798390999999999
3.0327e-08,0.27981100000000003
3.0329e-08,0.2797815
3.0331e-08,0.27975059999999996
3.0333e-08,0.27971820000000003
3.0335e-08,0.27968460000000006
3.0337e-08,0.2796497
3.0339e-08,0.27961349999999996
3.0341e-08,0.2795763
3.0343e-08,0.2795379
3.0345e-08,0.27949840000000004
3.0347e-08,0.279458
3.0349e-08,0.27941650000000007
3.0351e-08,0.279374
3.0353e-08,0.27933070000000004
3.0355e-08,0.2792865
3.0357e-08,0.27924150000000003
3.0359e-08,0.27919569999999994
3.0361e-08,0.2791492
3.0363e-08,0.2791019
3.0365e-08,0.27905389999999997
3.0367e-08,0.27900539999999996
3.0369e-08,0.2789562
3.0371e-08,0.27890649999999995
3.0373e-08,0.27885610000000005
3.0375e-08,0.2788052999999999
3.0377e-08,0.27875399999999995
3.0379e-08,0.2787022
3.0381e-08,0.2786501
3.0383e-08,0.27859749999999994
3.0385e-08,0.2785445
3.0387e-08,0.2784913
3.0389e-08,0.2784377
3.0391e-08,0.2783837
3.0393e-08,0.2783295
3.0395e-08,0.2782751
3.0397e-08,0.2782205
3.03985e-08,0.2781793
3.04e-08,0.2781487
3.04002e-08,0.2781467000000001
3.04006e-08,0.27814420000000006
3.04014e-08,0.2781445
3.0403e-08,0.27814249999999996
3.0405e-08,0.2780825
3.0407e-08,0.2778977
3.0409e-08,0.27753800000000006
3.0411e-08,0.2769682
3.0413e-08,0.2761646000000001
3.0415e-08,0.2751123
3.0417e-08,0.27380249999999995
3.0419e-08,0.2722318
3.0421e-08,0.2704004000000001
3.0423e-08,0.26831130000000003
3.0425e-08,0.26596980000000003
3.0427e-08,0.2633822
3.0429e-08,0.2605567
3.0431e-08,0.25750149999999994
3.0433e-08,0.25422599999999995
3.0435e-08,0.25073939999999995
3.0437e-08,0.24705140000000003
3.0439e-08,0.24317180000000005
3.0441e-08,0.2391103
3.0443e-08,0.23487639999999999
3.0445e-08,0.23047969999999995
3.0447e-08,0.22592959999999995
3.0449e-08,0.22123519999999997
3.0451e-08,0.21640550000000003
3.0453e-08,0.2114494
3.0455e-08,0.20637530000000004
3.0457e-08,0.20119169999999997
3.0459e-08,0.1959067
3.0461e-08,0.19052800000000003
3.0463e-08,0.1850634
3.0465e-08,0.17952029999999997
3.0467e-08,0.17390589999999995
3.0469e-08,0.16822709999999996
3.0471e-08,0.16249059999999993
3.0473e-08,0.15670300000000004
3.0475e-08,0.15087070000000002
3.0477e-08,0.1449996
3.0479e-08,0.13909559999999999
3.0481e-08,0.13316439999999996
3.0483e-08,0.12721119999999997
3.0485e-08,0.12124159999999995
3.0487e-08,0.11526040000000004
3.0489e-08,0.1092725
3.0491e-08,0.1032824
3.0493e-08,0.09729470000000007
3.0495e-08,0.09131350000000005
3.0497e-08,0.0853429
3.0499e-08,0.07938690000000004
3.0501e-08,0.07344890000000004
3.0503e-08,0.0675327
3.0505e-08,0.061641500000000016
3.0507e-08,0.055778400000000006
3.0509e-08,0.04994660000000006
3.0511e-08,0.04414879999999999
3.0513e-08,0.03838780000000008
3.0515e-08,0.03266599999999997
3.0517e-08,0.02698580000000006
3.0519e-08,0.021349700000000027
3.0521e-08,0.015759599999999985
3.0523e-08,0.010217300000000096
3.0525e-08,0.004724999999999979
3.0527e-08,-0.0007157999999999332
3.0529e-08,-0.0061035000000000394
3.0531e-08,-0.011436599999999908
3.0533e-08,-0.016713599999999995
3.0535e-08,-0.021933599999999998
3.0537e-08,-0.027095099999999928
3.0539e-08,-0.032197299999999984
3.0541e-08,-0.03723910000000008
3.0543e-08,-0.04221979999999992
3.0545e-08,-0.04713859999999992
3.0547e-08,-0.05199470000000006
3.0549e-08,-0.056787799999999944
3.0551e-08,-0.06151709999999999
3.0553e-08,-0.06618240000000009
3.0555e-08,-0.07078320000000005
3.0557e-08,-0.07531920000000003
3.0559e-08,-0.07979040000000004
3.0561e-08,-0.08419650000000001
3.0563e-08,-0.08853730000000004
3.0565e-08,-0.09281289999999998
3.0567e-08,-0.09702339999999998
3.0569e-08,-0.1011687
3.0571e-08,-0.10524890000000009
3.0573e-08,-0.10926440000000004
3.0575e-08,-0.11321510000000001
3.0577e-08,-0.11710150000000008
3.0579e-08,-0.12092370000000008
3.0581e-08,-0.12468220000000008
3.0583e-08,-0.12837719999999997
3.0585e-08,-0.13200919999999994
3.0587e-08,-0.13557850000000005
3.0589e-08,-0.13908569999999998
3.0591e-08,-0.14253119999999997
3.0593e-08,-0.14591540000000003
3.0595e-08,-0.149239
3.0597e-08,-0.15250240000000004
3.05985e-08,-0.15491070000000007
3.06e-08,-0.15728570000000008
3.06002e-08,-0.15759959999999995
3.06006e-08,-0.15822609999999993
3.06014e-08,-0.15947220000000006
3.0603e-08,-0.16193639999999998
3.0605e-08,-0.16496500000000003
3.0607e-08,-0.16793630000000004
3.0609e-08,-0.17085099999999998
3.0611e-08,-0.17370980000000003
3.0613e-08,-0.17651329999999998
3.0615e-08,-0.17926220000000004
3.0617e-08,-0.18195709999999998
3.0619e-08,-0.18459859999999995
3.0621e-08,-0.1871876
3.0623e-08,-0.18972469999999997
3.0625e-08,-0.19221049999999995
3.0627e-08,-0.19464579999999998
3.0629e-08,-0.19703120000000007
3.0631e-08,-0.19936739999999997
3.0633e-08,-0.20165520000000003
3.0635e-08,-0.20389519999999994
3.0637e-08,-0.2060881
3.0639e-08,-0.2082347
3.0641e-08,-0.21033539999999995
3.0643e-08,-0.2123914
3.0645e-08,-0.2144028
3.0647e-08,-0.21637079999999997
3.0649e-08,-0.21829580000000004
3.0651e-08,-0.22017850000000005
3.0653e-08,-0.22201959999999998
3.0655e-08,-0.22381989999999996
3.0657e-08,-0.2255798
3.0659e-08,-0.2273001
3.0661e-08,-0.2289816
3.0663e-08,-0.23062479999999996
3.0665e-08,-0.2322303
3.0667e-08,-0.23379890000000003
3.0669e-08,-0.23533110000000002
3.0671e-08,-0.23682749999999997
3.0673e-08,-0.23828879999999997
3.0675e-08,-0.2397157000000001
3.0677e-08,-0.24110869999999995
3.0679e-08,-0.24246839999999992
3.0681e-08,-0.24379530000000005
3.0683e-08,-0.24509020000000004
3.0685e-08,-0.24635359999999995
3.0687e-08,-0.24758610000000003
3.0689e-08,-0.24878810000000007
3.0691e-08,-0.24996039999999997
3.0693e-08,-0.25110330000000003
3.0695e-08,-0.25221760000000004
3.0697e-08,-0.2533037
3.0699e-08,-0.2543622
3.0701e-08,-0.25539350000000005
3.0703e-08,-0.2563982
3.0705e-08,-0.2573769
3.0707e-08,-0.25832999999999995
3.0709e-08,-0.259258
3.0711e-08,-0.2601614
3.0713e-08,-0.26104060000000007
3.0715e-08,-0.2618961999999999
3.0717e-08,-0.2627286
3.0719e-08,-0.2635385
3.0721e-08,-0.2643259
3.0723e-08,-0.2650916000000001
3.0725e-08,-0.2658359
3.0727e-08,-0.26655930000000005
3.0729e-08,-0.26726209999999995
3.0731e-08,-0.26794489999999993
3.0733e-08,-0.26860799999999996
3.0735e-08,-0.26925179999999993
3.0737e-08,-0.26987680000000003
3.0739e-08,-0.2704833
3.0741e-08,-0.2710716000000001
3.0743e-08,-0.2716423
3.0745e-08,-0.27219570000000004
3.0747e-08,-0.2727322000000001
3.0749e-08,-0.27325200000000005
3.0751e-08,-0.27375550000000004
3.0753e-08,-0.2742432
3.0755e-08,-0.2747153
3.0757e-08,-0.27517230000000004
3.0759e-08,-0.2756143
3.0761e-08,-0.2760418
3.0763e-08,-0.276455
3.0765e-08,-0.27685440000000006
3.0767e-08,-0.27724020000000005
3.0769e-08,-0.2776126
3.0771e-08,-0.2779722
3.0773e-08,-0.27831890000000004
3.0775e-08,-0.2786533
3.0777e-08,-0.27897550000000004
3.0779e-08,-0.27928580000000003
3.0781e-08,-0.2795847
3.0783e-08,-0.2798722
3.0785e-08,-0.28014859999999997
3.0787e-08,-0.2804143
3.0789e-08,-0.28066939999999996
3.0791e-08,-0.28091429999999995
3.0793e-08,-0.28114910000000004
3.0795e-08,-0.28137409999999996
3.0797e-08,-0.2815896
3.07985e-08,-0.2817449999999999
3.08e-08,-0.28189530000000007
3.08002e-08,-0.2819149000000001
3.08006e-08,-0.2819539
3.08014e-08,-0.28203100000000003
3.0803e-08,-0.2821808
3.0805e-08,-0.2823602999999999
3.0807e-08,-0.28253130000000004
3.0809e-08,-0.28269409999999995
3.0811e-08,-0.28284890000000007
3.0813e-08,-0.2829958
3.0815e-08,-0.2831351000000001
3.0817e-08,-0.2832669
3.0819e-08,-0.2833916000000001
3.0821e-08,-0.28350910000000007
3.0823e-08,-0.2836198
3.0825e-08,-0.2837238000000001
3.0827e-08,-0.2838212
3.0829e-08,-0.28391240000000006
3.0831e-08,-0.2839973
3.0833e-08,-0.2840762
3.0835e-08,-0.2841492000000001
3.0837e-08,-0.28421659999999993
3.0839e-08,-0.28427840000000004
3.0841e-08,-0.28433490000000006
3.0843e-08,-0.2843861
3.0845e-08,-0.2844322
3.0847e-08,-0.28447330000000004
3.0849e-08,-0.2845097
3.0851e-08,-0.28454139999999994
3.0853e-08,-0.2845685
3.0855e-08,-0.28459120000000004
3.0857e-08,-0.2846097000000001
3.0859e-08,-0.28462390000000004
3.0861e-08,-0.2846343
3.0863e-08,-0.2846406
3.0865e-08,-0.2846432
3.0867e-08,-0.2846421
3.0869e-08,-0.28463740000000004
3.0871e-08,-0.2846293
3.0873e-08,-0.2846179
3.0875e-08,-0.28460319999999995
3.0877e-08,-0.28458530000000004
3.0879e-08,-0.2845645
3.0881e-08,-0.28454080000000004
3.0883e-08,-0.2845141
3.0885e-08,-0.2844848
3.0887e-08,-0.2844527
3.0889e-08,-0.2844181
3.0891e-08,-0.28438110000000005
3.0893e-08,-0.28434170000000003
3.0895e-08,-0.28429989999999994
3.0897e-08,-0.28425599999999995
3.0899e-08,-0.28420999999999996
3.0901e-08,-0.2841617000000001
3.0903e-08,-0.2841116
3.0905e-08,-0.2840595
3.0907e-08,-0.2840057
3.0909e-08,-0.28395000000000004
3.0911e-08,-0.2838927
3.0913e-08,-0.2838337000000001
3.0915e-08,-0.28377319999999995
3.0917e-08,-0.2837111
3.0919e-08,-0.28364770000000006
3.0921e-08,-0.28358289999999997
3.0923e-08,-0.2835168
3.0925e-08,-0.2834494000000001
3.0927e-08,-0.28338070000000004
3.0929e-08,-0.283311
3.0931e-08,-0.28324019999999994
3.0933e-08,-0.28316830000000004
3.0935e-08,-0.28309550000000006
3.0937e-08,-0.28302170000000004
3.0939e-08,-0.2829471
3.0941e-08,-0.2828716
3.0943e-08,-0.28279529999999997
3.0945e-08,-0.2827183
3.0947e-08,-0.2826406
3.0949e-08,-0.2825622
3.0951e-08,-0.28248320000000005
3.0953e-08,-0.2824036
3.0955e-08,-0.2823236
3.0957e-08,-0.28224289999999996
3.0959e-08,-0.2821618
3.0961e-08,-0.28208030000000006
3.0963e-08,-0.28199849999999993
3.0965e-08,-0.2819163
3.0967e-08,-0.2818337000000001
3.0969e-08,-0.2817509
3.0971e-08,-0.2816678
3.0973e-08,-0.2815845
3.0975e-08,-0.28150089999999994
3.0977e-08,-0.2814173000000001
3.0979e-08,-0.28133340000000007
3.0981e-08,-0.28124950000000004
3.0983e-08,-0.28116549999999996
3.0985e-08,-0.28108140000000004
3.0987e-08,-0.2809973
3.0989e-08,-0.2809131
3.0991e-08,-0.280829
3.0993e-08,-0.28074489999999996
3.0995e-08,-0.2806609
3.0997e-08,-0.2805769
3.09985e-08,-0.28051400000000004
3.1e-08,-0.2804512
3.10002e-08,-0.2804428
3.10006e-08,-0.28042600000000006
3.10014e-08,-0.2803926
3.1003e-08,-0.2803256999999999
3.1005e-08,-0.28024229999999994
3.1007e-08,-0.2801589
3.1009e-08,-0.28007590000000004
3.1011e-08,-0.2799929
3.1013e-08,-0.27991030000000006
3.1015e-08,-0.2798279
3.1017e-08,-0.2797457
3.1019e-08,-0.27966370000000007
3.1021e-08,-0.27958210000000006
3.1023e-08,-0.2795008
3.1025e-08,-0.2794198
3.1027e-08,-0.279339
3.1029e-08,-0.2792586
3.1031e-08,-0.2791785
3.1033e-08,-0.27909890000000004
3.1035e-08,-0.2790195
3.1037e-08,-0.2789406000000001
3.1039e-08,-0.27886200000000005
3.1041e-08,-0.2787838
3.1043e-08,-0.278706
3.1045e-08,-0.27862870000000006
3.1047e-08,-0.27855169999999996
3.1049e-08,-0.2784751999999999
3.1051e-08,-0.2783991
3.1053e-08,-0.27832349999999995
3.1055e-08,-0.27824819999999995
3.1057e-08,-0.27817349999999996
3.1059e-08,-0.27809909999999993
3.1061e-08,-0.2780254000000001
3.1063e-08,-0.277952
3.1065e-08,-0.27787909999999993
3.1067e-08,-0.2778066
3.1069e-08,-0.2777347
3.1071e-08,-0.2776634
3.1073e-08,-0.2775924000000001
3.1075e-08,-0.27752200000000005
3.1077e-08,-0.2774519999999999
3.1079e-08,-0.27738260000000003
3.1081e-08,-0.2773137
3.1083e-08,-0.27724519999999997
3.1085e-08,-0.27717730000000007
3.1087e-08,-0.2771099
3.1089e-08,-0.27704299999999993
3.1091e-08,-0.2769767000000001
3.1093e-08,-0.2769107999999999
3.1095e-08,-0.27684549999999997
3.1097e-08,-0.2767807
3.1099e-08,-0.2767164
3.1101e-08,-0.2766526
3.1103e-08,-0.27658930000000004
3.1105e-08,-0.2765266999999999
3.1107e-08,-0.2764645
3.1109e-08,-0.27640280000000006
3.1111e-08,-0.2763417
3.1113e-08,-0.27628109999999995
3.1115e-08,-0.2762211
3.1117e-08,-0.27616150000000006
3.1119e-08,-0.27610239999999997
3.1121e-08,-0.27604399999999996
3.1123e-08,-0.27598600000000006
3.1125e-08,-0.27592839999999996
3.1127e-08,-0.2758716
3.1129e-08,-0.27581520000000004
3.1131e-08,-0.2757592
3.1133e-08,-0.27570380000000005
3.1135e-08,-0.27564900000000003
3.1137e-08,-0.2755946
3.1139e-08,-0.27554080000000003
3.1141e-08,-0.2754875
3.1143e-08,-0.2754346999999999
3.1145e-08,-0.27538229999999997
3.1147e-08,-0.2753306
3.1149e-08,-0.27527919999999995
3.1151e-08,-0.2752285
3.1153e-08,-0.27517820000000004
3.1155e-08,-0.27512839999999994
3.1157e-08,-0.2750790999999999
3.1159e-08,-0.27503029999999995
3.1161e-08,-0.2749819
3.1163e-08,-0.27493409999999996
3.1165e-08,-0.2748868
3.1167e-08,-0.2748399
3.1169e-08,-0.27479359999999997
3.1171e-08,-0.27474770000000004
3.1173e-08,-0.27470229999999995
3.1175e-08,-0.27465719999999993
3.1177e-08,-0.2746128
3.1179e-08,-0.27456879999999995
3.1181e-08,-0.2745253000000001
3.1183e-08,-0.2744822
3.1185e-08,-0.27443950000000006
3.1187e-08,-0.27439730000000007
3.1189e-08,-0.27435560000000003
3.1191e-08,-0.27431439999999996
3.1193e-08,-0.27427349999999995
3.1195e-08,-0.2742331
3.1197e-08,-0.27419309999999997
3.11985e-08,-0.2741635
3.12e-08,-0.2741340000000001
3.12002e-08,-0.27413089999999996
3.12006e-08,-0.27412669999999995
3.12014e-08,-0.27412820000000004
3.1203e-08,-0.27414700000000003
3.1205e-08,-0.27413959999999993
3.1207e-08,-0.2740296000000001
3.1209e-08,-0.2737604
3.1211e-08,-0.27329190000000003
3.1213e-08,-0.27259659999999997
3.1215e-08,-0.2716566
3.1217e-08,-0.27046119999999996
3.1219e-08,-0.26900539999999995
3.1221e-08,-0.2672880000000001
3.1223e-08,-0.2653112999999999
3.1225e-08,-0.26307959999999997
3.1227e-08,-0.2605991999999999
3.1229e-08,-0.25787780000000005
3.1231e-08,-0.2549234
3.1233e-08,-0.2517452
3.1235e-08,-0.2483525000000001
3.1237e-08,-0.24475500000000006
3.1239e-08,-0.24096229999999996
3.1241e-08,-0.23698419999999998
3.1243e-08,-0.23283049999999994
3.1245e-08,-0.22851070000000007
3.1247e-08,-0.2240342999999999
3.1249e-08,-0.2194104
3.1251e-08,-0.21464840000000007
3.1253e-08,-0.20975690000000002
3.1255e-08,-0.2047447
3.1257e-08,-0.19962030000000008
3.1259e-08,-0.1943918
3.1261e-08,-0.18906709999999993
3.1263e-08,-0.1836542
3.1265e-08,-0.17816029999999994
3.1267e-08,-0.1725928
3.1269e-08,-0.16695890000000002
3.1271e-08,-0.16126510000000005
3.1273e-08,-0.1555183
3.1275e-08,-0.1497248
3.1277e-08,-0.14389050000000003
3.1279e-08,-0.13802170000000002
3.1281e-08,-0.1321238
3.1283e-08,-0.1262025
3.1285e-08,-0.12026300000000001
3.1287e-08,-0.11431039999999992
3.1289e-08,-0.10834949999999999
3.1291e-08,-0.10238520000000007
3.1293e-08,-0.09642189999999995
3.1295e-08,-0.09046370000000004
3.1297e-08,-0.08451489999999995
3.1299e-08,-0.07857950000000002
3.1301e-08,-0.07266099999999998
3.1303e-08,-0.06676309999999996
3.1305e-08,-0.06088920000000009
3.1307e-08,-0.055042399999999936
3.1309e-08,-0.04922599999999999
3.1311e-08,-0.04344250000000005
3.1313e-08,-0.037695000000000034
3.1315e-08,-0.03198590000000001
3.1317e-08,-0.0263177
3.1319e-08,-0.02069270000000001
3.1321e-08,-0.015112899999999985
3.1323e-08,-0.009580499999999992
3.1325e-08,-0.004097200000000023
3.1327e-08,0.0013351999999999808
3.1329e-08,0.0067149999999999155
3.1331e-08,0.012040799999999963
3.1333e-08,0.017311100000000024
3.1335e-08,0.022524699999999953
3.1337e-08,0.027680500000000108
3.1339e-08,0.03277739999999996
3.1341e-08,0.03781420000000002
3.1343e-08,0.042790400000000006
3.1345e-08,0.047705
3.1347e-08,0.052557399999999976
3.1349e-08,0.05734700000000004
3.1351e-08,0.06207320000000005
3.1353e-08,0.0667356
3.1355e-08,0.07133390000000006
3.1357e-08,0.07586759999999992
3.1359e-08,0.08033670000000004
3.1361e-08,0.08474090000000001
3.1363e-08,0.0890801
3.1365e-08,0.0933543
3.1367e-08,0.09756339999999997
3.1369e-08,0.10170749999999995
3.1371e-08,0.10578690000000002
3.1373e-08,0.10980139999999994
3.1375e-08,0.1137515
3.1377e-08,0.11763730000000006
3.1379e-08,0.12145899999999998
3.1381e-08,0.12521700000000002
3.1383e-08,0.12891170000000007
3.1385e-08,0.13254339999999998
3.1387e-08,0.13611260000000003
3.1389e-08,0.1396197
3.1391e-08,0.143065
3.1393e-08,0.14644919999999995
3.1395e-08,0.14977269999999998
3.1397e-08,0.1530361
3.13985e-08,0.15544449999999999
3.14e-08,0.1578195
3.14002e-08,0.15813339999999998
3.14006e-08,0.15876
3.14014e-08,0.16000610000000004
3.1403e-08,0.16247040000000001
3.1405e-08,0.16549900000000006
3.1407e-08,0.16847040000000002
3.1409e-08,0.17138520000000002
3.1411e-08,0.17424399999999995
3.1413e-08,0.17704759999999997
3.1415e-08,0.17979649999999991
3.1417e-08,0.18249139999999997
3.1419e-08,0.185133
3.1421e-08,0.18772199999999994
3.1423e-08,0.19025900000000007
3.1425e-08,0.1927447
3.1427e-08,0.19517980000000001
3.1429e-08,0.19756509999999994
3.1431e-08,0.19990109999999994
3.1433e-08,0.20218859999999994
3.1435e-08,0.20442840000000007
3.1437e-08,0.20662099999999994
3.1439e-08,0.2087671000000001
3.1441e-08,0.21086760000000004
3.1443e-08,0.21292310000000003
3.1445e-08,0.21493410000000002
3.1447e-08,0.2169013999999999
3.1449e-08,0.21882590000000002
3.1451e-08,0.22070789999999996
3.1453e-08,0.22254839999999998
3.1455e-08,0.22434790000000004
3.1457e-08,0.22610720000000006
3.1459e-08,0.22782670000000005
3.1461e-08,0.22950720000000002
3.1463e-08,0.2311495
3.1465e-08,0.23275420000000002
3.1467e-08,0.23432170000000008
3.1469e-08,0.23585279999999997
3.1471e-08,0.23734810000000006
3.1473e-08,0.23880829999999997
3.1475e-08,0.24023400000000006
3.1477e-08,0.24162569999999994
3.1479e-08,0.24298410000000004
3.1481e-08,0.24430969999999996
3.1483e-08,0.24560329999999997
3.1485e-08,0.2468652
3.1487e-08,0.24809610000000004
3.1489e-08,0.24929670000000004
3.1491e-08,0.2504674
3.1493e-08,0.25160879999999997
3.1495e-08,0.2527214
3.1497e-08,0.25380579999999997
3.1499e-08,0.2548625
3.1501e-08,0.255892
3.1503e-08,0.2568950000000001
3.1505e-08,0.2578718
3.1507e-08,0.2588229000000001
3.1509e-08,0.259749
3.1511e-08,0.26065040000000006
3.1513e-08,0.2615276999999999
3.1515e-08,0.26238130000000004
3.1517e-08,0.26321169999999994
3.1519e-08,0.26401930000000007
3.1521e-08,0.2648047
3.1523e-08,0.2655681
3.1525e-08,0.26631020000000005
3.1527e-08,0.26703129999999997
3.1529e-08,0.2677319
3.1531e-08,0.2684124
3.1533e-08,0.2690732
3.1535e-08,0.2697147000000001
3.1537e-08,0.2703373
3.1539e-08,0.2709414000000001
3.1541e-08,0.2715274000000001
3.1543e-08,0.2720956
3.1545e-08,0.2726465
3.1547e-08,0.2731804
3.1549e-08,0.2736978
3.1551e-08,0.2741987
3.1553e-08,0.2746839
3.1555e-08,0.2751534
3.1557e-08,0.27560779999999996
3.1559e-08,0.27604719999999994
3.1561e-08,0.2764721
3.1563e-08,0.27688270000000004
3.1565e-08,0.2772794999999999
3.1567e-08,0.2776626
3.1569e-08,0.27803240000000007
3.1571e-08,0.2783892
3.1573e-08,0.2787332
3.1575e-08,0.27906489999999995
3.1577e-08,0.27938430000000003
3.1579e-08,0.27969200000000005
3.1581e-08,0.27998809999999996
3.1583e-08,0.2802728
3.1585e-08,0.28054650000000003
3.1587e-08,0.2808094
3.1589e-08,0.28106169999999997
3.1591e-08,0.2813038
3.1593e-08,0.2815358
3.1595e-08,0.2817581
3.1597e-08,0.2819708000000001
3.15985e-08,0.2821241
3.16e-08,0.2822722000000001
3.16002e-08,0.2822924
3.16006e-08,0.2823344000000001
3.16014e-08,0.28242750000000005
3.1603e-08,0.2826248
3.1605e-08,0.2828328
3.1607e-08,0.2829304
3.1609e-08,0.2828613
3.1611e-08,0.282586
3.1613e-08,0.2820773
3.1615e-08,0.2813177
3.1617e-08,0.28029689999999996
3.1619e-08,0.2790098999999999
3.1621e-08,0.27745580000000003
3.1623e-08,0.275637
3.1625e-08,0.2735580000000001
3.1627e-08,0.2712251
3.1629e-08,0.26864579999999993
3.1631e-08,0.2658286000000001
3.1633e-08,0.2627823
3.1635e-08,0.25951650000000004
3.1637e-08,0.25604059999999995
3.1639e-08,0.2523645
3.1641e-08,0.24849789999999994
3.1643e-08,0.24445050000000001
3.1645e-08,0.24023190000000005
3.1647e-08,0.23585159999999994
3.1649e-08,0.23131880000000005
3.1651e-08,0.22664260000000003
3.1653e-08,0.22183180000000002
3.1655e-08,0.2168953
3.1657e-08,0.2118414999999999
3.1659e-08,0.20667839999999993
3.1661e-08,0.2014142
3.1663e-08,0.19605669999999997
3.1665e-08,0.19061329999999999
3.1667e-08,0.18509129999999996
3.1669e-08,0.17949799999999994
3.1671e-08,0.1738402
3.1673e-08,0.16812440000000006
3.1675e-08,0.16235710000000003
3.1677e-08,0.15654469999999998
3.1679e-08,0.15069299999999997
3.1681e-08,0.1448079
3.1683e-08,0.1388948000000001
3.1685e-08,0.1329593
3.1687e-08,0.12700650000000002
3.1689e-08,0.12104140000000008
3.1691e-08,0.11506859999999997
3.1693e-08,0.109093
3.1695e-08,0.10311870000000001
3.1697e-08,0.09714999999999996
3.1699e-08,0.09119109999999997
3.1701e-08,0.08524569999999998
3.1703e-08,0.07931739999999998
3.1705e-08,0.07340970000000002
3.1707e-08,0.06752609999999992
3.1709e-08,0.06166959999999999
3.1711e-08,0.05584339999999999
3.1713e-08,0.050050099999999986
3.1715e-08,0.04429249999999996
3.1717e-08,0.038573099999999916
3.1719e-08,0.03289429999999993
3.1721e-08,0.027258500000000074
3.1723e-08,0.02166749999999995
3.1725e-08,0.01612350000000007
3.1727e-08,0.010628399999999982
3.1729e-08,0.005183800000000072
3.1731e-08,-0.00020880000000000898
3.1733e-08,-0.005547700000000044
3.1735e-08,-0.010831499999999994
3.1737e-08,-0.01605919999999994
3.1739e-08,-0.021229500000000012
3.1741e-08,-0.026341200000000065
3.1743e-08,-0.03139369999999997
3.1745e-08,-0.036385800000000024
3.1747e-08,-0.04131680000000004
3.1749e-08,-0.04618630000000001
3.1751e-08,-0.05099330000000002
3.1753e-08,-0.055737499999999995
3.1755e-08,-0.06041839999999998
3.1757e-08,-0.06503559999999997
3.1759e-08,-0.06958889999999995
3.1761e-08,-0.07407799999999998
3.1763e-08,-0.07850260000000009
3.1765e-08,-0.08286290000000007
3.1767e-08,-0.08715860000000009
3.1769e-08,-0.09138959999999996
3.1771e-08,-0.09555619999999998
3.1773e-08,-0.09965839999999992
3.1775e-08,-0.10369629999999996
3.1777e-08,-0.10767019999999994
3.1779e-08,-0.11158019999999991
3.1781e-08,-0.1154267
3.1783e-08,-0.11920979999999992
3.1785e-08,-0.12292999999999998
3.1787e-08,-0.12658760000000002
3.1789e-08,-0.13018319999999994
3.1791e-08,-0.13371690000000003
3.1793e-08,-0.13718929999999996
3.1795e-08,-0.14060090000000003
3.1797e-08,-0.14395219999999997
3.17985e-08,-0.1464263
3.18e-08,-0.14887760000000005
3.18002e-08,-0.1492038
3.18006e-08,-0.1498562
3.18014e-08,-0.1511591
3.1803e-08,-0.15373330000000007
3.1805e-08,-0.15683669999999994
3.1807e-08,-0.15975090000000003
3.1809e-08,-0.16242480000000004
3.1811e-08,-0.1648229
3.1813e-08,-0.1669216
3.1815e-08,-0.16870719999999995
3.1817e-08,-0.170172
3.1819e-08,-0.17131429999999992
3.1821e-08,-0.1721359
3.1823e-08,-0.17264190000000001
3.1825e-08,-0.17283910000000002
3.1827e-08,-0.17273630000000006
3.1829e-08,-0.17234309999999997
3.1831e-08,-0.17167
3.1833e-08,-0.17072759999999998
3.1835e-08,-0.16952729999999994
3.1837e-08,-0.16808029999999996
3.1839e-08,-0.16639760000000003
3.1841e-08,-0.16449049999999998
3.1843e-08,-0.16236989999999996
3.1845e-08,-0.16004649999999998
3.1847e-08,-0.15753090000000003
3.1849e-08,-0.15483309999999995
3.1851e-08,-0.15196310000000002
3.1853e-08,-0.1489305999999999
3.1855e-08,-0.145745
3.1857e-08,-0.14241520000000008
3.1859e-08,-0.13895009999999997
3.1861e-08,-0.13535810000000004
3.1863e-08,-0.13164749999999992
3.1865e-08,-0.12782609999999994
3.1867e-08,-0.12390160000000006
3.1869e-08,-0.11988160000000003
3.1871e-08,-0.11577280000000001
3.1873e-08,-0.11158239999999997
3.1875e-08,-0.1073168000000001
3.1877e-08,-0.10298259999999992
3.1879e-08,-0.09858580000000006
3.1881e-08,-0.09413250000000006
3.1883e-08,-0.08962820000000005
3.1885e-08,-0.08507850000000006
3.1887e-08,-0.08048869999999997
3.1889e-08,-0.07586369999999998
3.1891e-08,-0.07120850000000001
3.1893e-08,-0.06652780000000003
3.1895e-08,-0.061826099999999995
3.1897e-08,-0.057107599999999925
3.1899e-08,-0.05237630000000004
3.1901e-08,-0.04763640000000002
3.1903e-08,-0.04289160000000003
3.1905e-08,-0.03814529999999994
3.1907e-08,-0.03340120000000002
3.1909e-08,-0.028662399999999977
3.1911e-08,-0.02393219999999996
3.1913e-08,-0.01921329999999999
3.1915e-08,-0.014508799999999988
3.1917e-08,-0.009821199999999974
3.1919e-08,-0.00515320000000008
3.1921e-08,-0.0005070000000000352
3.1923e-08,0.004114900000000032
3.1925e-08,0.008710499999999954
3.1927e-08,0.013277699999999948
3.1929e-08,0.017814400000000008
3.1931e-08,0.022319099999999925
3.1933e-08,0.02679010000000004
3.1935e-08,0.031225599999999964
3.1937e-08,0.035624199999999995
3.1939e-08,0.03998449999999998
3.1941e-08,0.044305200000000045
3.1943e-08,0.04858529999999994
3.1945e-08,0.052823400000000076
3.1947e-08,0.05701860000000003
3.1949e-08,0.061170100000000005
3.1951e-08,0.06527689999999997
3.1953e-08,0.06933820000000002
3.1955e-08,0.07335329999999995
3.1957e-08,0.07732159999999999
3.1959e-08,0.0812425
3.1961e-08,0.08511559999999996
3.1963e-08,0.08894029999999997
3.1965e-08,0.09271620000000003
3.1967e-08,0.0964431
3.1969e-08,0.10012070000000006
3.1971e-08,0.10374879999999997
3.1973e-08,0.10732700000000006
3.1975e-08,0.11085539999999994
3.1977e-08,0.11433389999999999
3.1979e-08,0.11776229999999999
3.1981e-08,0.12114079999999994
3.1983e-08,0.1244693
3.1985e-08,0.12774779999999997
3.1987e-08,0.1309766
3.1989e-08,0.13415580000000005
3.1991e-08,0.1372854
3.1993e-08,0.14036559999999998
3.1995e-08,0.14339689999999994
3.1997e-08,0.1463793
3.19985e-08,0.1485841
3.2e-08,0.1507617
3.20002e-08,0.1510498
3.20006e-08,0.15162489999999995
3.20014e-08,0.1527695
3.2003e-08,0.15503559999999994
3.2005e-08,0.1578256
3.2007e-08,0.1605683
3.2009e-08,0.1632640999999999
3.2011e-08,0.1659134
3.2013e-08,0.16851660000000002
3.2015e-08,0.1710741
3.2017e-08,0.17358620000000002
3.2019e-08,0.17605349999999997
3.2021e-08,0.17847639999999998
3.2023e-08,0.18085529999999994
3.2025e-08,0.1831908
3.2027e-08,0.18548319999999996
3.2029e-08,0.18773309999999999
3.2031e-08,0.18994099999999992
3.2033e-08,0.19210720000000003
3.2035e-08,0.19423249999999992
3.2037e-08,0.19631719999999997
3.2039e-08,0.19836180000000003
3.2041e-08,0.20036700000000007
3.2043e-08,0.20233299999999999
3.2045e-08,0.20426060000000001
3.2047e-08,0.2061501
3.2049e-08,0.20800210000000008
3.2051e-08,0.20981720000000004
3.2053e-08,0.2115958
3.2055e-08,0.2133385
3.2057e-08,0.2150457
3.2059e-08,0.21671810000000002
3.2061e-08,0.21835590000000005
3.2063e-08,0.21995999999999993
3.2065e-08,0.22153060000000002
3.2067e-08,0.2230683
3.2069e-08,0.2245737
3.2071e-08,0.2260472
3.2073e-08,0.2274893
3.2075e-08,0.2289006
3.2077e-08,0.23028139999999997
3.2079e-08,0.2316323
3.2081e-08,0.2329538
3.2083e-08,0.23424640000000008
3.2085e-08,0.23551050000000007
3.2087e-08,0.23674659999999992
3.2089e-08,0.23795520000000003
3.2091e-08,0.2391367000000001
3.2093e-08,0.24029159999999994
3.2095e-08,0.24142039999999998
3.2097e-08,0.2425235
3.2099e-08,0.24360130000000002
3.2101e-08,0.2446543
3.2103e-08,0.24568290000000004
3.2105e-08,0.2466876
3.2107e-08,0.24766880000000002
3.2109e-08,0.24862680000000004
3.2111e-08,0.24956219999999996
3.2113e-08,0.25047529999999996
3.2115e-08,0.2513666
3.2117e-08,0.25223629999999997
3.2119e-08,0.253085
3.2121e-08,0.25391299999999994
3.2123e-08,0.2547206000000001
3.2125e-08,0.2555085
3.2127e-08,0.2562767
3.2129e-08,0.2570257
3.2131e-08,0.2577558999999999
3.2133e-08,0.2584677000000001
3.2135e-08,0.2591614
3.2137e-08,0.25983730000000005
3.2139e-08,0.2604958999999999
3.2141e-08,0.2611372999999999
3.2143e-08,0.26176200000000005
3.2145e-08,0.26237029999999995
3.2147e-08,0.2629625000000001
3.2149e-08,0.26353899999999997
3.2151e-08,0.26410009999999995
3.2153e-08,0.2646459
3.2155e-08,0.26517690000000005
3.2157e-08,0.2656935
3.2159e-08,0.26619570000000004
3.2161e-08,0.2666841
3.2163e-08,0.26715869999999997
3.2165e-08,0.26761999999999997
3.2167e-08,0.2680682
3.2169e-08,0.26850359999999995
3.2171e-08,0.2689264
3.2173e-08,0.2693369
3.2175e-08,0.26973519999999995
3.2177e-08,0.270122
3.2179e-08,0.27049709999999993
3.2181e-08,0.2708608
3.2183e-08,0.27121360000000005
3.2185e-08,0.27155569999999996
3.2187e-08,0.271887
3.2189e-08,0.27220809999999995
3.2191e-08,0.27251899999999996
3.2193e-08,0.2728201
3.2195e-08,0.27311150000000006
3.2197e-08,0.2733934
3.21985e-08,0.2735987000000001
3.22e-08,0.27379889999999996
3.22002e-08,0.27382529999999994
3.22006e-08,0.2738775
3.22014e-08,0.27398120000000004
3.2203e-08,0.27418430000000005
3.2205e-08,0.27443039999999996
3.2207e-08,0.2746681000000001
3.2209e-08,0.2748975
3.2211e-08,0.27511890000000006
3.2213e-08,0.2753323999999999
3.2215e-08,0.2755381
3.2217e-08,0.2757364
3.2219e-08,0.2759273
3.2221e-08,0.27611110000000005
3.2223e-08,0.27628790000000003
3.2225e-08,0.27645770000000003
3.2227e-08,0.27662090000000006
3.2229e-08,0.2767776999999999
3.2231e-08,0.27692799999999995
3.2233e-08,0.2770722
3.2235e-08,0.27721019999999996
3.2237e-08,0.2773424
3.2239e-08,0.2774689
3.2241e-08,0.27758969999999994
3.2243e-08,0.27770510000000004
3.2245e-08,0.2778151000000001
3.2247e-08,0.2779199
3.2249e-08,0.27801960000000003
3.2251e-08,0.27811430000000004
3.2253e-08,0.2782042
3.2255e-08,0.2782895000000001
3.2257e-08,0.2783702
3.2259e-08,0.2784464
3.2261e-08,0.2785183
3.2263e-08,0.27858589999999994
3.2265e-08,0.2786495
3.2267e-08,0.278709
3.2269e-08,0.27876460000000003
3.2271e-08,0.27881639999999996
3.2273e-08,0.2788646
3.2275e-08,0.2789090999999999
3.2277e-08,0.2789501999999999
3.2279e-08,0.27898790000000007
3.2281e-08,0.2790224
3.2283e-08,0.27905349999999995
3.2285e-08,0.27908159999999993
3.2287e-08,0.2791066
3.2289e-08,0.2791287
3.2291e-08,0.27914799999999995
3.2293e-08,0.2791644
3.2295e-08,0.27917819999999993
3.2297e-08,0.2791893999999999
3.2299e-08,0.27919800000000006
3.2301e-08,0.2792042
3.2303e-08,0.27920810000000007
3.2305e-08,0.2792095
3.2307e-08,0.27920880000000003
3.2309e-08,0.2792059
3.2311e-08,0.2792009000000001
3.2313e-08,0.27919380000000005
3.2315e-08,0.2791848
3.2317e-08,0.2791739
3.2319e-08,0.2791612
3.2321e-08,0.27914669999999997
3.2323e-08,0.2791304
3.2325e-08,0.2791125
3.2327e-08,0.2790929999999999
3.2329e-08,0.27907190000000004
3.2331e-08,0.27904930000000006
3.2333e-08,0.27902530000000003
3.2335e-08,0.27899989999999997
3.2337e-08,0.2789731999999999
3.2339e-08,0.2789452
3.2341e-08,0.2789159
3.2343e-08,0.2788855
3.2345e-08,0.2788539
3.2347e-08,0.27882109999999993
3.2349e-08,0.27878730000000007
3.2351e-08,0.27875249999999996
3.2353e-08,0.27871670000000004
3.2355e-08,0.27867999999999993
3.2357e-08,0.27864240000000007
3.2359e-08,0.2786039
3.2361e-08,0.27856460000000005
3.2363e-08,0.27852449999999995
3.2365e-08,0.2784837
3.2367e-08,0.2784421
3.2369e-08,0.27839990000000003
3.2371e-08,0.27835699999999997
3.2373e-08,0.27831340000000004
3.2375e-08,0.27826930000000005
3.2377e-08,0.27822480000000005
3.2379e-08,0.2781794999999999
3.2381e-08,0.27813389999999993
3.2383e-08,0.2780878
3.2385e-08,0.27804110000000004
3.2387e-08,0.27799419999999997
3.2389e-08,0.27794680000000005
3.2391e-08,0.27789909999999995
3.2393e-08,0.2778509
3.2395e-08,0.2778026
3.2397e-08,0.2777539
3.23985e-08,0.2777172
3.24e-08,0.2776803000000001
3.24002e-08,0.27767620000000004
3.24006e-08,0.2776699
3.24014e-08,0.27766730000000006
3.2403e-08,0.2776774000000001
3.2405e-08,0.2776588
3.2407e-08,0.27753740000000005
3.2409e-08,0.27725639999999996
3.2411e-08,0.27677609999999997
3.2413e-08,0.27606889999999995
3.2415e-08,0.27511700000000006
3.2417e-08,0.2739098
3.2419e-08,0.2724420999999999
3.2421e-08,0.2707128
3.2423e-08,0.26872419999999997
3.2425e-08,0.26648079999999996
3.2427e-08,0.2639886
3.2429e-08,0.26125509999999996
3.2431e-08,0.2582886999999999
3.2433e-08,0.25509819999999994
3.2435e-08,0.2516931
3.2437e-08,0.24808300000000005
3.2439e-08,0.24427750000000004
3.2441e-08,0.2402864
3.2443e-08,0.23611930000000003
3.2445e-08,0.23178569999999998
3.2447e-08,0.22729539999999993
3.2449e-08,0.22265730000000006
3.2451e-08,0.21788049999999992
3.2453e-08,0.21297409999999994
3.2455e-08,0.20794639999999998
3.2457e-08,0.20280620000000005
3.2459e-08,0.1975614
3.2461e-08,0.19222019999999995
3.2463e-08,0.18679009999999996
3.2465e-08,0.18127890000000002
3.2467e-08,0.1756936
3.2469e-08,0.1700414
3.2471e-08,0.1643291
3.2473e-08,0.15856320000000002
3.2475e-08,0.15275020000000006
3.2477e-08,0.14689609999999997
3.2479e-08,0.14100709999999994
3.2481e-08,0.13508870000000006
3.2483e-08,0.12914649999999994
3.2485e-08,0.1231857999999999
3.2487e-08,0.11721159999999997
3.2489e-08,0.11122889999999996
3.2491e-08,0.1052424999999999
3.2493e-08,0.09925669999999998
3.2495e-08,0.09327580000000002
3.2497e-08,0.0873041
3.2499e-08,0.08134540000000001
3.2501e-08,0.07540350000000007
3.2503e-08,0.06948199999999993
3.2505e-08,0.06358419999999998
3.2507e-08,0.05771360000000003
3.2509e-08,0.0518729
3.2511e-08,0.04606519999999992
3.2513e-08,0.040293400000000035
3.2515e-08,0.03455969999999997
3.2517e-08,0.02886690000000003
3.2519e-08,0.023217199999999938
3.2521e-08,0.01761259999999998
3.2523e-08,0.012055299999999991
3.2525e-08,0.006547199999999975
3.2527e-08,0.001089899999999977
3.2529e-08,-0.004314799999999952
3.2531e-08,-0.009665399999999935
3.2533e-08,-0.014960699999999938
3.2535e-08,-0.020199199999999973
3.2537e-08,-0.025379799999999952
3.2539e-08,-0.030501400000000012
3.2541e-08,-0.03556300000000001
3.2543e-08,-0.04056379999999993
3.2545e-08,-0.04550310000000002
3.2547e-08,-0.05037990000000003
3.2549e-08,-0.05519390000000002
3.2551e-08,-0.05994430000000006
3.2553e-08,-0.06463089999999994
3.2555e-08,-0.06925320000000001
3.2557e-08,-0.07381090000000001
3.2559e-08,-0.07830380000000003
3.2561e-08,-0.08273169999999996
3.2563e-08,-0.08709440000000002
3.2565e-08,-0.09139179999999991
3.2567e-08,-0.09562420000000005
3.2569e-08,-0.09979140000000009
3.2571e-08,-0.10389349999999997
3.2573e-08,-0.1079308
3.2575e-08,-0.11190330000000004
3.2577e-08,-0.11581140000000001
3.2579e-08,-0.11965529999999991
3.2581e-08,-0.12343530000000003
3.2583e-08,-0.12715180000000004
3.2585e-08,-0.1308051
3.2587e-08,-0.1343957
3.2589e-08,-0.1379239000000001
3.2591e-08,-0.14139020000000002
3.2593e-08,-0.1447952
3.2595e-08,-0.14813929999999997
3.2597e-08,-0.1514232000000001
3.25985e-08,-0.15384660000000006
3.26e-08,-0.15623680000000006
3.26002e-08,-0.1565535
3.26006e-08,-0.15718749999999992
3.26014e-08,-0.1584586
3.2603e-08,-0.1609874
3.2605e-08,-0.16406169999999998
3.2607e-08,-0.16697030000000002
3.2609e-08,-0.16965509999999995
3.2611e-08,-0.172076
3.2613e-08,-0.17420559999999996
3.2615e-08,-0.17602680000000004
3.2617e-08,-0.17753019999999997
3.2619e-08,-0.17871210000000004
3.2621e-08,-0.1795734
3.2623e-08,-0.1801178
3.2625e-08,-0.1803517
3.2627e-08,-0.1802832000000001
3.2629e-08,-0.17992150000000007
3.2631e-08,-0.17927700000000002
3.2633e-08,-0.1783600999999999
3.2635e-08,-0.17718180000000006
3.2637e-08,-0.1757535
3.2639e-08,-0.17408610000000002
3.2641e-08,-0.17219099999999998
3.2643e-08,-0.17007890000000003
3.2645e-08,-0.16776069999999998
3.2647e-08,-0.16524680000000003
3.2649e-08,-0.16254760000000001
3.2651e-08,-0.1596731
3.2653e-08,-0.15663300000000002
3.2655e-08,-0.15343660000000003
3.2657e-08,-0.15009320000000004
3.2659e-08,-0.1466115
3.2661e-08,-0.14300040000000003
3.2663e-08,-0.1392677
3.2665e-08,-0.13542169999999998
3.2667e-08,-0.13147010000000003
3.2669e-08,-0.12742029999999993
3.2671e-08,-0.12327960000000004
3.2673e-08,-0.11905480000000002
3.2675e-08,-0.1147528000000001
3.2677e-08,-0.11038000000000003
3.2679e-08,-0.10594250000000005
3.2681e-08,-0.10144659999999994
3.2683e-08,-0.09689780000000003
3.2685e-08,-0.0923018000000001
3.2687e-08,-0.0876638999999999
3.2689e-08,-0.0829894000000001
3.2691e-08,-0.07828299999999999
3.2693e-08,-0.07354959999999999
3.2695e-08,-0.06879380000000002
3.2697e-08,-0.06401999999999997
3.2699e-08,-0.05923210000000001
3.2701e-08,-0.05443449999999994
3.2703e-08,-0.049630799999999975
3.2705e-08,-0.04482469999999994
3.2707e-08,-0.04001979999999994
3.2709e-08,-0.035219300000000064
3.2711e-08,-0.030426500000000023
3.2713e-08,-0.02564440000000001
3.2715e-08,-0.020876000000000006
3.2717e-08,-0.01612380000000002
3.2719e-08,-0.011390700000000087
3.2721e-08,-0.006678899999999932
3.2723e-08,-0.001990999999999965
3.2725e-08,0.002670999999999979
3.2727e-08,0.0073048999999999475
3.2729e-08,0.011908699999999994
3.2731e-08,0.016480799999999962
3.2733e-08,0.02101900000000001
3.2735e-08,0.025522099999999992
3.2737e-08,0.029988299999999968
3.2739e-08,0.034416300000000066
3.2741e-08,0.038804699999999914
3.2743e-08,0.04315239999999998
3.2745e-08,0.047458
3.2747e-08,0.051720700000000064
3.2749e-08,0.055939400000000084
3.2751e-08,0.06011319999999998
3.2753e-08,0.06424130000000006
3.2755e-08,0.06832309999999997
3.2757e-08,0.07235770000000008
3.2759e-08,0.07634459999999998
3.2761e-08,0.0802832
3.2763e-08,0.08417319999999995
3.2765e-08,0.08801409999999998
3.2767e-08,0.09180549999999998
3.2769e-08,0.0955471
3.2771e-08,0.09923879999999996
3.2773e-08,0.10288019999999998
3.2775e-08,0.10647130000000005
3.2777e-08,0.11001179999999999
3.2779e-08,0.11350199999999999
3.2781e-08,0.11694159999999998
3.2783e-08,0.12033059999999995
3.2785e-08,0.12366919999999992
3.2787e-08,0.1269574
3.2789e-08,0.13019539999999996
3.2791e-08,0.13338340000000004
3.2793e-08,0.13652140000000001
3.2795e-08,0.13960969999999995
3.2797e-08,0.14264870000000007
3.27985e-08,0.14489550000000007
3.28e-08,0.1471148
3.28002e-08,0.14740920000000002
3.28006e-08,0.14799890000000004
3.28014e-08,0.1491825
3.2803e-08,0.15154080000000003
3.2805e-08,0.15441080000000007
3.2807e-08,0.15712369999999998
3.2809e-08,0.15962149999999997
3.2811e-08,0.16186319999999998
3.2813e-08,0.1638212
3.2815e-08,0.16547800000000001
3.2817e-08,0.16682399999999997
3.2819e-08,0.1678550000000001
3.2821e-08,0.16857160000000004
3.2823e-08,0.1689775
3.2825e-08,0.16907890000000003
3.2827e-08,0.16888369999999997
3.2829e-08,0.16840100000000002
3.2831e-08,0.16764080000000003
3.2833e-08,0.16661380000000003
3.2835e-08,0.16533089999999995
3.2837e-08,0.16380299999999992
3.2839e-08,0.16204129999999994
3.2841e-08,0.160057
3.2843e-08,0.15786069999999996
3.2845e-08,0.15546329999999997
3.2847e-08,0.15287510000000004
3.2849e-08,0.15010650000000003
3.2851e-08,0.1471673
3.2853e-08,0.14406739999999996
3.2855e-08,0.1408159
3.2857e-08,0.13742199999999993
3.2859e-08,0.13389440000000008
3.2861e-08,0.13024190000000002
3.2863e-08,0.12647229999999998
3.2865e-08,0.12259390000000003
3.2867e-08,0.1186142
3.2869e-08,0.11454059999999999
3.2871e-08,0.11038029999999999
3.2873e-08,0.10614020000000002
3.2875e-08,0.101827
3.2877e-08,0.0974469
3.2879e-08,0.09300629999999999
3.2881e-08,0.0885108
3.2883e-08,0.08396649999999994
3.2885e-08,0.07937870000000002
3.2887e-08,0.07475260000000006
3.2889e-08,0.07009339999999997
3.2891e-08,0.06540590000000002
3.2893e-08,0.06069480000000005
3.2895e-08,0.05596449999999997
3.2897e-08,0.051219400000000026
3.2899e-08,0.046463400000000044
3.2901e-08,0.04170060000000009
3.2903e-08,0.036934799999999934
3.2905e-08,0.03216930000000007
3.2907e-08,0.027407799999999982
3.2909e-08,0.022653399999999935
3.2911e-08,0.017909300000000017
3.2913e-08,0.013178299999999976
3.2915e-08,0.008463300000000062
3.2917e-08,0.0037669000000000175
3.2919e-08,-0.000908299999999973
3.2921e-08,-0.005559899999999951
3.2923e-08,-0.010185799999999912
3.2925e-08,-0.014783699999999955
3.2927e-08,-0.01935180000000003
3.2929e-08,-0.02388800000000002
3.2931e-08,-0.028390600000000044
3.2933e-08,-0.0328581
3.2935e-08,-0.03728880000000001
3.2937e-08,-0.041681199999999974
3.2939e-08,-0.04603389999999996
3.2941e-08,-0.050345900000000054
3.2943e-08,-0.05461589999999994
3.2945e-08,-0.05884279999999997
3.2947e-08,-0.06302569999999996
3.2949e-08,-0.06716359999999999
3.2951e-08,-0.07125579999999998
3.2953e-08,-0.0753012999999999
3.2955e-08,-0.07929969999999997
3.2957e-08,-0.08325020000000005
3.2959e-08,-0.08715249999999997
3.2961e-08,-0.09100589999999997
3.2963e-08,-0.09481010000000001
3.2965e-08,-0.0985646
3.2967e-08,-0.10226920000000006
3.2969e-08,-0.1059237999999999
3.2971e-08,-0.10952800000000007
3.2973e-08,-0.11308170000000006
3.2975e-08,-0.11658480000000004
3.2977e-08,-0.12003730000000001
3.2979e-08,-0.12343920000000008
3.2981e-08,-0.12679030000000002
3.2983e-08,-0.13009100000000007
3.2985e-08,-0.1333411
3.2987e-08,-0.13654090000000008
3.2989e-08,-0.13969049999999994
3.2991e-08,-0.14279019999999998
3.2993e-08,-0.14583990000000002
3.2995e-08,-0.14884030000000004
3.2997e-08,-0.15179129999999996
3.29985e-08,-0.1539724
3.3e-08,-0.156126
3.30002e-08,-0.15641090000000002
3.30006e-08,-0.1569796
3.30014e-08,-0.1581112
3.3003e-08,-0.16035129999999997
3.3005e-08,-0.1631085
3.3007e-08,-0.1658179999999999
3.3009e-08,-0.16848039999999997
3.3011e-08,-0.17109599999999991
3.3013e-08,-0.17366519999999996
3.3015e-08,-0.1761883999999999
3.3017e-08,-0.17866610000000005
3.3019e-08,-0.1810988
3.3021e-08,-0.18348680000000006
3.3023e-08,-0.18583070000000002
3.3025e-08,-0.18813100000000005
3.3027e-08,-0.19038810000000006
3.3029e-08,-0.1926025
3.3031e-08,-0.19477480000000003
3.3033e-08,-0.19690550000000007
3.3035e-08,-0.19899489999999997
3.3037e-08,-0.20104370000000005
3.3039e-08,-0.20305250000000008
3.3041e-08,-0.20502169999999997
3.3043e-08,-0.20695169999999996
3.3045e-08,-0.20884330000000006
3.3047e-08,-0.21069669999999996
3.3049e-08,-0.2125127
3.3051e-08,-0.21429169999999997
3.3053e-08,-0.2160342999999999
3.3055e-08,-0.21774090000000001
3.3057e-08,-0.21941220000000006
3.3059e-08,-0.2210485000000001
3.3061e-08,-0.22265049999999997
3.3063e-08,-0.2242187
3.3065e-08,-0.2257534
3.3067e-08,-0.2272554
3.3069e-08,-0.22872510000000001
3.3071e-08,-0.230163
3.3073e-08,-0.2315697
3.3075e-08,-0.23294549999999992
3.3077e-08,-0.23429100000000003
3.3079e-08,-0.23560669999999995
3.3081e-08,-0.23689309999999997
3.3083e-08,-0.2381508
3.3085e-08,-0.23938000000000004
3.3087e-08,-0.24058139999999995
3.3089e-08,-0.2417553
3.3091e-08,-0.24290239999999996
3.3093e-08,-0.244023
3.3095e-08,-0.24511760000000005
3.3097e-08,-0.2461867000000001
3.3099e-08,-0.24723059999999997
3.3101e-08,-0.24824999999999997
3.3103e-08,-0.2492449
3.3105e-08,-0.25021630000000006
3.3107e-08,-0.25116419999999995
3.3109e-08,-0.25208909999999995
3.3111e-08,-0.25299169999999993
3.3113e-08,-0.253872
3.3115e-08,-0.2547305999999999
3.3117e-08,-0.255568
3.3119e-08,-0.2563844999999999
3.3121e-08,-0.25718050000000003
3.3123e-08,-0.2579564
3.3125e-08,-0.2587125
3.3127e-08,-0.2594493000000001
3.3129e-08,-0.26016700000000004
3.3131e-08,-0.26086619999999994
3.3133e-08,-0.26154710000000003
3.3135e-08,-0.2622101
3.3137e-08,-0.2628554000000001
3.3139e-08,-0.2634837
3.3141e-08,-0.26409499999999997
3.3143e-08,-0.26468990000000003
3.3145e-08,-0.2652685
3.3147e-08,-0.26583120000000005
3.3149e-08,-0.26637829999999996
3.3151e-08,-0.2669102000000001
3.3153e-08,-0.2674272
3.3155e-08,-0.26792949999999993
3.3157e-08,-0.26841760000000003
3.3159e-08,-0.26889149999999995
3.3161e-08,-0.26935180000000003
3.3163e-08,-0.26979850000000005
3.3165e-08,-0.2702321
3.3167e-08,-0.2706529000000001
3.3169e-08,-0.27106089999999994
3.3171e-08,-0.2714567
3.3173e-08,-0.27184030000000003
3.3175e-08,-0.27221210000000007
3.3177e-08,-0.27257240000000005
3.3179e-08,-0.2729212
3.3181e-08,-0.27325900000000003
3.3183e-08,-0.27358590000000005
3.3185e-08,-0.27390230000000004
3.3187e-08,-0.27420829999999996
3.3189e-08,-0.27450410000000003
3.3191e-08,-0.27479010000000004
3.3193e-08,-0.2750663
3.3195e-08,-0.2753331
3.3197e-08,-0.2755907000000001
3.31985e-08,-0.2757778000000001
3.32e-08,-0.27596
3.32002e-08,-0.2759846
3.32006e-08,-0.2760357
3.32014e-08,-0.2761469999999999
3.3203e-08,-0.2763808
3.3205e-08,-0.27663439999999995
3.3207e-08,-0.27677720000000006
3.3209e-08,-0.2767528
3.3211e-08,-0.2765215
3.3213e-08,-0.27605630000000003
3.3215e-08,-0.27533949999999996
3.3217e-08,-0.2743605
3.3219e-08,-0.27311469999999993
3.3221e-08,-0.271601
3.3223e-08,-0.26982209999999995
3.3225e-08,-0.2677822000000001
3.3227e-08,-0.2654879
3.3229e-08,-0.26294680000000004
3.3231e-08,-0.2601673
3.3233e-08,-0.2571584
3.3235e-08,-0.25392970000000004
3.3237e-08,-0.25049069999999996
3.3239e-08,-0.2468515
3.3241e-08,-0.24302160000000006
3.3243e-08,-0.23901079999999997
3.3245e-08,-0.23482899999999995
3.3247e-08,-0.23048539999999995
3.3249e-08,-0.22598950000000007
3.3251e-08,-0.22135039999999995
3.3253e-08,-0.21657689999999996
3.3255e-08,-0.21167780000000003
3.3257e-08,-0.2066616
3.3259e-08,-0.20153659999999995
3.3261e-08,-0.1963106
3.3263e-08,-0.19099160000000004
3.3265e-08,-0.18558700000000006
3.3267e-08,-0.1801043
3.3269e-08,-0.1745504
3.3271e-08,-0.16893239999999998
3.3273e-08,-0.16325669999999992
3.3275e-08,-0.1575299
3.3277e-08,-0.1517581
3.3279e-08,-0.14594740000000006
3.3281e-08,-0.1401036
3.3283e-08,-0.13423210000000008
3.3285e-08,-0.12833839999999996
3.3287e-08,-0.12242770000000003
3.3289e-08,-0.11650490000000002
3.3291e-08,-0.11057470000000003
3.3293e-08,-0.10464170000000006
3.3295e-08,-0.09871030000000003
3.3297e-08,-0.0927848
3.3299e-08,-0.08686900000000009
3.3301e-08,-0.08096690000000006
3.3303e-08,-0.0750820000000001
3.3305e-08,-0.06921790000000005
3.3307e-08,-0.0633779000000001
3.3309e-08,-0.05756490000000003
3.3311e-08,-0.05178229999999995
3.3313e-08,-0.04603260000000009
3.3315e-08,-0.040318500000000035
3.3317e-08,-0.034642799999999974
3.3319e-08,-0.029007400000000017
3.3321e-08,-0.023414999999999964
3.3323e-08,-0.017867399999999978
3.3325e-08,-0.012366600000000005
3.3327e-08,-0.006914599999999993
3.3329e-08,-0.0015128999999999282
3.3331e-08,0.003836900000000032
3.3333e-08,0.009133100000000005
3.3335e-08,0.014374600000000015
3.3337e-08,0.01956009999999997
3.3339e-08,0.024688400000000055
3.3341e-08,0.029758399999999963
3.3343e-08,0.0347693
3.3345e-08,0.039720099999999925
3.3347e-08,0.04461029999999999
3.3349e-08,0.04943890000000006
3.3351e-08,0.054205600000000076
3.3353e-08,0.058909600000000006
3.3355e-08,0.06355069999999996
3.3357e-08,0.06812850000000004
3.3359e-08,0.07264250000000005
3.3361e-08,0.07709270000000001
3.3363e-08,0.08147890000000002
3.3365e-08,0.0858009999999999
3.3367e-08,0.0900588
3.3369e-08,0.09425240000000001
3.3371e-08,0.09838190000000002
3.3373e-08,0.10244730000000002
3.3375e-08,0.10644890000000007
3.3377e-08,0.11038670000000006
3.3379e-08,0.1142611
3.3381e-08,0.11807210000000001
3.3383e-08,0.12182040000000005
3.3385e-08,0.125506
3.3387e-08,0.1291295
3.3389e-08,0.1326911999999999
3.3391e-08,0.1361914999999999
3.3393e-08,0.1396309
3.3395e-08,0.14300990000000002
3.3397e-08,0.14632880000000004
3.33985e-08,0.14877909999999994
3.34e-08,0.151196
3.34002e-08,0.15151550000000003
3.34006e-08,0.15215330000000005
3.34014e-08,0.15342180000000005
3.3403e-08,0.15593089999999998
3.3405e-08,0.15901560000000003
3.3407e-08,0.16204319999999994
3.3409e-08,0.1650142
3.3411e-08,0.1679292
3.3413e-08,0.17078899999999997
3.3415e-08,0.17359399999999992
3.3417e-08,0.17634500000000009
3.3419e-08,0.17904260000000005
3.3421e-08,0.18168739999999994
3.3423e-08,0.1842802
3.3425e-08,0.18682160000000003
3.3427e-08,0.1893123
3.3429e-08,0.1917529
3.3431e-08,0.1941442
3.3433e-08,0.19648659999999996
3.3435e-08,0.1987812
3.3437e-08,0.2010284
3.3439e-08,0.20322890000000005
3.3441e-08,0.2053834
3.3443e-08,0.20749269999999997
3.3445e-08,0.20955729999999995
3.3447e-08,0.21157820000000005
3.3449e-08,0.2135555
3.3451e-08,0.21549049999999992
3.3453e-08,0.2173834
3.3455e-08,0.21923499999999996
3.3457e-08,0.22104619999999997
3.3459e-08,0.2228173
3.3461e-08,0.2245492
3.3463e-08,0.2262423
3.3465e-08,0.22789759999999992
3.3467e-08,0.22951529999999998
3.3469e-08,0.23109639999999998
3.3471e-08,0.2326414
3.3473e-08,0.2341508
3.3475e-08,0.23562530000000004
3.3477e-08,0.23706570000000005
3.3479e-08,0.23847229999999997
3.3481e-08,0.2398458
3.3483e-08,0.24118679999999992
3.3485e-08,0.2424959
3.3487e-08,0.24377359999999992
3.3489e-08,0.24502060000000003
3.3491e-08,0.24623739999999994
3.3493e-08,0.24742449999999994
3.3495e-08,0.24858239999999998
3.3497e-08,0.24971179999999993
3.3499e-08,0.2508131
3.3501e-08,0.2518869
3.3503e-08,0.2529338
3.3505e-08,0.25395409999999996
3.3507e-08,0.2549484000000001
3.3509e-08,0.2559172999999999
3.3511e-08,0.25686109999999995
3.3513e-08,0.25778029999999996
3.3515e-08,0.25867570000000006
3.3517e-08,0.2595474
3.3519e-08,0.26039599999999996
3.3521e-08,0.26122199999999995
3.3523e-08,0.2620256999999999
3.3525e-08,0.2628077
3.3527e-08,0.2635683
3.3529e-08,0.26430809999999993
3.3531e-08,0.2650273999999999
3.3533e-08,0.2657265999999999
3.3535e-08,0.2664063
3.3537e-08,0.26706660000000004
3.3539e-08,0.2677081
3.3541e-08,0.26833109999999993
3.3543e-08,0.2689361
3.3545e-08,0.26952339999999997
3.3547e-08,0.2700933
3.3549e-08,0.2706463
3.3551e-08,0.2711827
3.3553e-08,0.2717028
3.3555e-08,0.272207
3.3557e-08,0.2726957
3.3559e-08,0.27316910000000005
3.3561e-08,0.2736276999999999
3.3563e-08,0.2740716999999999
3.3565e-08,0.2745014
3.3567e-08,0.2749172
3.3569e-08,0.2753194
3.3571e-08,0.27570820000000007
3.3573e-08,0.276084
3.3575e-08,0.276447
3.3577e-08,0.2767976
3.3579e-08,0.27713600000000005
3.3581e-08,0.27746270000000006
3.3583e-08,0.2777775
3.3585e-08,0.27808109999999997
3.3587e-08,0.27837350000000005
3.3589e-08,0.27865510000000004
3.3591e-08,0.2789262
3.3593e-08,0.2791869
3.3595e-08,0.2794375
3.3597e-08,0.2796782
3.35985e-08,0.2798524
3.36e-08,0.28002130000000003
3.36002e-08,0.2800441
3.36006e-08,0.28009169999999994
3.36014e-08,0.2801956
3.3603e-08,0.28041459999999996
3.3605e-08,0.28064960000000005
3.3607e-08,0.2807734999999999
3.3609e-08,0.28073019999999993
3.3611e-08,0.28048019999999996
3.3613e-08,0.2799961999999999
3.3615e-08,0.2792608999999999
3.3617e-08,0.2782637
3.3619e-08,0.2769998
3.3621e-08,0.2754683
3.3623e-08,0.27367150000000007
3.3625e-08,0.27161420000000003
3.3627e-08,0.26930240000000005
3.3629e-08,0.2667438999999999
3.3631e-08,0.26394700000000004
3.3633e-08,0.26092079999999995
3.3635e-08,0.25767470000000003
3.3637e-08,0.2542183
3.3639e-08,0.25056140000000005
3.3641e-08,0.24671370000000004
3.3643e-08,0.2426851
3.3645e-08,0.23848500000000006
3.3647e-08,0.23412310000000003
3.3649e-08,0.2296085
3.3651e-08,0.2249504
3.3653e-08,0.2201577
3.3655e-08,0.21523899999999996
3.3657e-08,0.21020280000000002
3.3659e-08,0.2050575
3.3661e-08,0.1998109
3.3663e-08,0.19447079999999994
3.3665e-08,0.18904489999999996
3.3667e-08,0.18354040000000005
3.3669e-08,0.17796440000000002
3.3671e-08,0.17232380000000003
3.3673e-08,0.16662529999999998
3.3675e-08,0.1608752
3.3677e-08,0.15507990000000005
3.3679e-08,0.14924530000000003
3.3681e-08,0.14337710000000004
3.3683e-08,0.13748110000000002
3.3685e-08,0.13156259999999997
3.3687e-08,0.12562659999999992
3.3689e-08,0.11967810000000001
3.3691e-08,0.1137222
3.3693e-08,0.10776319999999995
3.3695e-08,0.1018055
3.3697e-08,0.09585339999999998
3.3699e-08,0.0899108999999999
3.3701e-08,0.08398170000000005
3.3703e-08,0.07806979999999997
3.3705e-08,0.07217839999999998
3.3707e-08,0.0663108
3.3709e-08,0.06047029999999998
3.3711e-08,0.054659899999999983
3.3713e-08,0.04888239999999999
3.3715e-08,0.043140499999999915
3.3717e-08,0.03743660000000004
3.3719e-08,0.03177340000000006
3.3721e-08,0.026152799999999976
3.3723e-08,0.020577100000000015
3.3725e-08,0.015048199999999956
3.3727e-08,0.009568000000000021
3.3729e-08,0.004138199999999981
3.3731e-08,-0.0012396999999999547
3.3733e-08,-0.006563899999999956
3.3735e-08,-0.011833399999999994
3.3737e-08,-0.017046799999999918
3.3739e-08,-0.022202999999999973
3.3741e-08,-0.027300800000000014
3.3743e-08,-0.03233929999999996
3.3745e-08,-0.037317900000000015
3.3747e-08,-0.042235299999999976
3.3749e-08,-0.04709129999999995
3.3751e-08,-0.051885199999999965
3.3753e-08,-0.05661629999999995
3.3755e-08,-0.06128429999999996
3.3757e-08,-0.06588879999999997
3.3759e-08,-0.07042929999999992
3.3761e-08,-0.07490600000000003
3.3763e-08,-0.07931840000000001
3.3765e-08,-0.08366639999999992
3.3767e-08,-0.08795010000000003
3.3769e-08,-0.09216930000000001
3.3771e-08,-0.09632419999999997
3.3773e-08,-0.10041489999999997
3.3775e-08,-0.10444149999999996
3.3777e-08,-0.1084041
3.3779e-08,-0.11230309999999999
3.3781e-08,-0.11613859999999998
3.3783e-08,-0.11991090000000004
3.3785e-08,-0.12362050000000002
3.3787e-08,-0.12726769999999998
3.3789e-08,-0.13085289999999994
3.3791e-08,-0.13437639999999995
3.3793e-08,-0.1378389
3.3795e-08,-0.14124059999999994
3.3797e-08,-0.14458210000000005
3.37985e-08,-0.14704899999999999
3.38e-08,-0.14948260000000002
3.38002e-08,-0.1498043
3.38006e-08,-0.15044649999999993
3.38014e-08,-0.15172380000000008
3.3803e-08,-0.1542504
3.3805e-08,-0.15735660000000007
3.3807e-08,-0.16040560000000004
3.3809e-08,-0.1633977000000001
3.3811e-08,-0.16633360000000008
3.3813e-08,-0.16921399999999998
3.3815e-08,-0.1720395
3.3817e-08,-0.1748107000000001
3.3819e-08,-0.17752829999999997
3.3821e-08,-0.1801929
3.3823e-08,-0.1828052
3.3825e-08,-0.18536580000000002
3.3827e-08,-0.18787549999999997
3.3829e-08,-0.19033479999999992
3.3831e-08,-0.1927447
3.3833e-08,-0.1951056
3.3835e-08,-0.1974182
3.3837e-08,-0.1996833
3.3839e-08,-0.20190160000000001
3.3841e-08,-0.20407359999999997
3.3843e-08,-0.2062001
3.3845e-08,-0.20828180000000007
3.3847e-08,-0.2103193
3.3849e-08,-0.21231339999999999
3.3851e-08,-0.21426469999999997
3.3853e-08,-0.21617390000000003
3.3855e-08,-0.2180415
3.3857e-08,-0.21986840000000007
3.3859e-08,-0.22165519999999994
3.3861e-08,-0.2234024
3.3863e-08,-0.22511080000000006
3.3865e-08,-0.226781
3.3867e-08,-0.22841370000000005
3.3869e-08,-0.23000940000000003
3.3871e-08,-0.23156869999999996
3.3873e-08,-0.23309239999999998
3.3875e-08,-0.23458099999999993
3.3877e-08,-0.23603529999999995
3.3879e-08,-0.23745550000000004
3.3881e-08,-0.23884260000000002
3.3883e-08,-0.240197
3.3885e-08,-0.24151920000000004
3.3887e-08,-0.24280999999999997
3.3889e-08,-0.2440698
3.3891e-08,-0.24529919999999994
3.3893e-08,-0.2464987999999999
3.3895e-08,-0.24766909999999998
3.3897e-08,-0.24881070000000005
3.3899e-08,-0.24992409999999998
3.3901e-08,-0.2510097
3.3903e-08,-0.2520683
3.3905e-08,-0.2531002
3.3907e-08,-0.2541059
3.3909e-08,-0.25508600000000003
3.3911e-08,-0.25604099999999996
3.3913e-08,-0.2569713
3.3915e-08,-0.25787740000000003
3.3917e-08,-0.2587598
3.3919e-08,-0.2596189000000001
3.3921e-08,-0.26045530000000006
3.3923e-08,-0.2612692999999999
3.3925e-08,-0.2620614
3.3927e-08,-0.26283219999999996
3.3929e-08,-0.2635816999999999
3.3931e-08,-0.26431080000000007
3.3933e-08,-0.26501969999999997
3.3935e-08,-0.26570879999999997
3.3937e-08,-0.2663785000000001
3.3939e-08,-0.2670293
3.3941e-08,-0.2676615
3.3943e-08,-0.26827539999999994
3.3945e-08,-0.2688716
3.3947e-08,-0.26945030000000003
3.3949e-08,-0.2700119999999999
3.3951e-08,-0.2705569
3.3953e-08,-0.2710855
3.3955e-08,-0.271598
3.3957e-08,-0.27209490000000003
3.3959e-08,-0.27257640000000005
3.3961e-08,-0.2730429999999999
3.3963e-08,-0.2734949
3.3965e-08,-0.27393239999999996
3.3967e-08,-0.2743559
3.3969e-08,-0.2747657
3.3971e-08,-0.2751619999999999
3.3973e-08,-0.27554520000000005
3.3975e-08,-0.27591560000000004
3.3977e-08,-0.2762734
3.3979e-08,-0.2766189
3.3981e-08,-0.2769524
3.3983e-08,-0.27727440000000003
3.3985e-08,-0.27758479999999996
3.3987e-08,-0.27788389999999996
3.3989e-08,-0.2781722
3.3991e-08,-0.2784498000000001
3.3993e-08,-0.278717
3.3995e-08,-0.27897400000000006
3.3997e-08,-0.27922100000000005
3.39985e-08,-0.27939990000000003
3.4e-08,-0.27957350000000003
3.40002e-08,-0.27959619999999996
3.40006e-08,-0.27964140000000004
3.40014e-08,-0.27973059999999994
3.4003e-08,-0.27990480000000006
3.4005e-08,-0.2801144
3.4007e-08,-0.2803152
3.4009e-08,-0.2805072999999999
3.4011e-08,-0.28069109999999997
3.4013e-08,-0.28086679999999997
3.4015e-08,-0.28103449999999996
3.4017e-08,-0.2811943
3.4019e-08,-0.2813466
3.4021e-08,-0.28149140000000006
3.4023e-08,-0.28162909999999997
3.4025e-08,-0.28175969999999995
3.4027e-08,-0.28188350000000006
3.4029e-08,-0.28200060000000005
3.4031e-08,-0.2821112
3.4033e-08,-0.28221550000000006
3.4035e-08,-0.28231359999999994
3.4037e-08,-0.2824057
3.4039e-08,-0.2824919
3.4041e-08,-0.2825725
3.4043e-08,-0.2826476
3.4045e-08,-0.28271730000000006
3.4047e-08,-0.2827816000000001
3.4049e-08,-0.28284089999999995
3.4051e-08,-0.28289530000000007
3.4053e-08,-0.2829448
3.4055e-08,-0.2829897
3.4057e-08,-0.28302989999999995
3.4059e-08,-0.2830657999999999
3.4061e-08,-0.2830973
3.4063e-08,-0.2831247
3.4065e-08,-0.28314800000000007
3.4067e-08,-0.28316739999999996
3.4069e-08,-0.2831830000000001
3.4071e-08,-0.28319479999999997
3.4073e-08,-0.2832032
3.4075e-08,-0.28320790000000007
3.4077e-08,-0.2832093
3.4079e-08,-0.2832074
3.4081e-08,-0.28320239999999997
3.4083e-08,-0.28319419999999995
3.4085e-08,-0.2831831
3.4087e-08,-0.28316910000000006
3.4089e-08,-0.28315239999999997
3.4091e-08,-0.2831328000000001
3.4093e-08,-0.28311070000000005
3.4095e-08,-0.2830861
3.4097e-08,-0.28305900000000006
3.4099e-08,-0.2830296
3.4101e-08,-0.2829979
3.4103e-08,-0.282964
3.4105e-08,-0.2829279
3.4107e-08,-0.2828899
3.4109e-08,-0.2828499
3.4111e-08,-0.28280799999999995
3.4113e-08,-0.2827642
3.4115e-08,-0.28271860000000004
3.4117e-08,-0.2826714
3.4119e-08,-0.28262260000000006
3.4121e-08,-0.2825721000000001
3.4123e-08,-0.2825202
3.4125e-08,-0.2824669000000001
3.4127e-08,-0.28241210000000005
3.4129e-08,-0.2823561
3.4131e-08,-0.2822987
3.4133e-08,-0.28224020000000005
3.4135e-08,-0.28218049999999995
3.4137e-08,-0.2821197
3.4139e-08,-0.2820579000000001
3.4141e-08,-0.281995
3.4143e-08,-0.28193119999999994
3.4145e-08,-0.2818664000000001
3.4147e-08,-0.2818007
3.4149e-08,-0.28173439999999994
3.4151e-08,-0.2816672
3.4153e-08,-0.2815993
3.4155e-08,-0.28153059999999996
3.4157e-08,-0.2814612999999999
3.4159e-08,-0.28139140000000007
3.4161e-08,-0.28132100000000004
3.4163e-08,-0.28125
3.4165e-08,-0.2811785
3.4167e-08,-0.2811066
3.4169e-08,-0.28103410000000006
3.4171e-08,-0.28096140000000003
3.4173e-08,-0.2808881
3.4175e-08,-0.2808147000000001
3.4177e-08,-0.2807408
3.4179e-08,-0.28066670000000005
3.4181e-08,-0.28059239999999996
3.4183e-08,-0.2805179
3.4185e-08,-0.28044310000000006
3.4187e-08,-0.2803683
3.4189e-08,-0.2802932
3.4191e-08,-0.2802181
3.4193e-08,-0.2801429
3.4195e-08,-0.28006759999999997
3.4197e-08,-0.2799922
3.41985e-08,-0.2799357
3.42e-08,-0.27987909999999994
3.42002e-08,-0.2798724
3.42006e-08,-0.2798608
3.42014e-08,-0.2798478
3.4203e-08,-0.2798372
3.4205e-08,-0.27979299999999996
3.4207e-08,-0.2796464000000001
3.4209e-08,-0.27934080000000006
3.4211e-08,-0.2788362
3.4213e-08,-0.27810540000000006
3.4215e-08,-0.27713030000000005
3.4217e-08,-0.2759003000000001
3.4219e-08,-0.27441039999999994
3.4221e-08,-0.27265949999999994
3.4223e-08,-0.2706497
3.4225e-08,-0.2683854
3.4227e-08,-0.26587269999999996
3.4229e-08,-0.26311910000000005
3.4231e-08,-0.26013299999999995
3.4233e-08,-0.2569231999999999
3.4235e-08,-0.2534989000000001
3.4237e-08,-0.24986989999999998
3.4239e-08,-0.24604569999999992
3.4241e-08,-0.24203609999999998
3.4243e-08,-0.23785080000000003
3.4245e-08,-0.23349929999999997
3.4247e-08,-0.2289909
3.4249e-08,-0.22433500000000006
3.4251e-08,-0.21954049999999992
3.4253e-08,-0.2146165
3.4255e-08,-0.20957139999999996
3.4257e-08,-0.20441379999999998
3.4259e-08,-0.19915170000000004
3.4261e-08,-0.1937932
3.4263e-08,-0.188346
3.4265e-08,-0.18281760000000002
3.4267e-08,-0.1772151999999999
3.4269e-08,-0.1715460000000001
3.4271e-08,-0.16581670000000004
3.4273e-08,-0.160034
3.4275e-08,-0.15420409999999996
3.4277e-08,-0.14833320000000005
3.4279e-08,-0.14242739999999998
3.4281e-08,-0.1364923
3.4283e-08,-0.13053340000000002
3.4285e-08,-0.124556
3.4287e-08,-0.11856529999999998
3.4289e-08,-0.1125661
3.4291e-08,-0.10656320000000008
3.4293e-08,-0.10056100000000001
3.4295e-08,-0.09456379999999998
3.4297e-08,-0.08857579999999998
3.4299e-08,-0.08260100000000004
3.4301e-08,-0.07664300000000002
3.4303e-08,-0.07070549999999998
3.4305e-08,-0.06479200000000007
3.4307e-08,-0.0589054
3.4309e-08,-0.05304910000000007
3.4311e-08,-0.04722590000000004
3.4313e-08,-0.041438399999999986
3.4315e-08,-0.03568950000000004
3.4317e-08,-0.02998129999999999
3.4319e-08,-0.024316400000000016
3.4321e-08,-0.01869680000000007
3.4323e-08,-0.013124600000000042
3.4325e-08,-0.0076017000000000445
3.4327e-08,-0.0021297999999999595
3.4329e-08,0.0032895000000000563
3.4331e-08,0.008654499999999898
3.4333e-08,0.013963999999999976
3.4335e-08,0.019216600000000028
3.4337e-08,0.024411300000000025
3.4339e-08,0.029546700000000037
3.4341e-08,0.03462209999999999
3.4343e-08,0.039636500000000074
3.4345e-08,0.04458909999999994
3.4347e-08,0.049479199999999945
3.4349e-08,0.05430619999999997
3.4351e-08,0.0590697
3.4353e-08,0.06376920000000008
3.4355e-08,0.06840409999999997
3.4357e-08,0.07297429999999994
3.4359e-08,0.07747950000000003
3.4361e-08,0.08191950000000003
3.4363e-08,0.0862942000000001
3.4365e-08,0.09060369999999995
3.4367e-08,0.09484780000000004
3.4369e-08,0.09902660000000008
3.4371e-08,0.10314010000000007
3.4373e-08,0.10718859999999997
3.4375e-08,0.11117240000000006
3.4377e-08,0.11509150000000001
3.4379e-08,0.1189462
3.4381e-08,0.12273689999999993
3.4383e-08,0.12646389999999996
3.4385e-08,0.13012749999999995
3.4387e-08,0.13372840000000008
3.4389e-08,0.1372665999999999
3.4391e-08,0.14074300000000006
3.4393e-08,0.14415769999999994
3.4395e-08,0.14751150000000002
3.4397e-08,0.15080490000000002
3.43985e-08,0.15323540000000002
3.44e-08,0.15563250000000006
3.44002e-08,0.15595000000000003
3.44006e-08,0.156586
3.44014e-08,0.15786080000000002
3.4403e-08,0.1603968
3.4405e-08,0.16348010000000002
3.4407e-08,0.1663975000000001
3.4409e-08,0.16909090000000004
3.4411e-08,0.1715202
3.4413e-08,0.1736580000000001
3.4415e-08,0.17548739999999996
3.4417e-08,0.17699869999999995
3.4419e-08,0.17818849999999997
3.4421e-08,0.17905719999999992
3.4423e-08,0.17960900000000002
3.4425e-08,0.1798501
3.4427e-08,0.17978879999999997
3.4429e-08,0.17943410000000004
3.4431e-08,0.17879630000000002
3.4433e-08,0.1778860000000001
3.4435e-08,0.17671440000000005
3.4437e-08,0.1752923999999999
3.4439e-08,0.1736314
3.4441e-08,0.17174240000000007
3.4443e-08,0.16963640000000002
3.4445e-08,0.1673241000000001
3.4447e-08,0.16481619999999997
3.4449e-08,0.16212289999999996
3.4451e-08,0.159254
3.4453e-08,0.15621960000000001
3.4455e-08,0.15302879999999996
3.4457e-08,0.1496908
3.4459e-08,0.14621470000000003
3.4461e-08,0.14260870000000003
3.4463e-08,0.13888139999999993
3.4465e-08,0.13504059999999996
3.4467e-08,0.1310941
3.4469e-08,0.12704950000000004
3.4471e-08,0.12291379999999996
3.4473e-08,0.11869400000000008
3.4475e-08,0.11439690000000002
3.4477e-08,0.11002899999999993
3.4479e-08,0.10559640000000003
3.4481e-08,0.1011052
3.4483e-08,0.09656109999999996
3.4485e-08,0.09196979999999999
3.4487e-08,0.08733659999999999
3.4489e-08,0.08266660000000003
3.4491e-08,0.0779649
3.4493e-08,0.07323599999999997
3.4495e-08,0.0684846
3.4497e-08,0.06371510000000002
3.4499e-08,0.05893169999999992
3.4501e-08,0.05413840000000003
3.4503e-08,0.04933900000000002
3.4505e-08,0.044537099999999996
3.4507e-08,0.039736400000000005
3.4509e-08,0.03494000000000008
3.4511e-08,0.03015139999999994
3.4513e-08,0.025373299999999932
3.4515e-08,0.02060889999999993
3.4517e-08,0.01586069999999995
3.4519e-08,0.011131400000000014
3.4521e-08,0.006423599999999974
3.4523e-08,0.0017394000000000576
3.4525e-08,-0.002918799999999999
3.4527e-08,-0.007548999999999917
3.4529e-08,-0.012149199999999971
3.4531e-08,-0.016717399999999993
3.4533e-08,-0.021252199999999943
3.4535e-08,-0.025751699999999933
3.4537e-08,-0.030214399999999975
3.4539e-08,-0.03463890000000003
3.4541e-08,-0.0390239
3.4543e-08,-0.04336810000000002
3.4545e-08,-0.04767049999999995
3.4547e-08,-0.05192989999999997
3.4549e-08,-0.056145300000000065
3.4551e-08,-0.060316000000000036
3.4553e-08,-0.06444099999999997
3.4555e-08,-0.06851949999999996
3.4557e-08,-0.07255109999999998
3.4559e-08,-0.07653490000000007
3.4561e-08,-0.0804707
3.4563e-08,-0.08435769999999998
3.4565e-08,-0.08819569999999999
3.4567e-08,-0.09198419999999996
3.4569e-08,-0.09572309999999995
3.4571e-08,-0.09941190000000011
3.4573e-08,-0.10305059999999999
3.4575e-08,-0.10663899999999993
3.4577e-08,-0.11017690000000002
3.4579e-08,-0.1136644
3.4581e-08,-0.11710140000000002
3.4583e-08,-0.12048789999999998
3.4585e-08,-0.12382400000000005
3.4587e-08,-0.1271097
3.4589e-08,-0.1303453
3.4591e-08,-0.1335309
3.4593e-08,-0.1366664999999999
3.4595e-08,-0.13975270000000006
3.4597e-08,-0.1427893
3.45985e-08,-0.1450344
3.46e-08,-0.1472521
3.46002e-08,-0.14754619999999996
3.46006e-08,-0.14813540000000003
3.46014e-08,-0.14931830000000001
3.4603e-08,-0.15167489999999995
3.4605e-08,-0.15454259999999997
3.4607e-08,-0.15725350000000005
3.4609e-08,-0.15974920000000004
3.4611e-08,-0.1619889
3.4613e-08,-0.16394489999999995
3.4615e-08,-0.16559990000000002
3.4617e-08,-0.16694379999999998
3.4619e-08,-0.1679731
3.4621e-08,-0.16868779999999994
3.4623e-08,-0.16909209999999997
3.4625e-08,-0.1691918
3.4627e-08,-0.1689948
3.4629e-08,-0.1685105
3.4631e-08,-0.16774880000000003
3.4633e-08,-0.16672009999999993
3.4635e-08,-0.16543560000000002
3.4637e-08,-0.16390629999999995
3.4639e-08,-0.16214309999999998
3.4641e-08,-0.1601572
3.4643e-08,-0.15795939999999997
3.4645e-08,-0.15556059999999994
3.4647e-08,-0.15297110000000003
3.4649e-08,-0.15020109999999998
3.4651e-08,-0.14726059999999996
3.4653e-08,-0.14415920000000004
3.4655e-08,-0.14090649999999993
3.4657e-08,-0.13751120000000006
3.4659e-08,-0.13398239999999995
3.4661e-08,-0.1303285999999999
3.4663e-08,-0.12655780000000005
3.4665e-08,-0.12267810000000001
3.4667e-08,-0.11869720000000006
3.4669e-08,-0.11462249999999996
3.4671e-08,-0.11046100000000003
3.4673e-08,-0.10621970000000003
3.4675e-08,-0.10190529999999998
3.4677e-08,-0.0975241
3.4679e-08,-0.09308240000000001
3.4681e-08,-0.0885859
3.4683e-08,-0.08404040000000002
3.4685e-08,-0.07945150000000001
3.4687e-08,-0.07482440000000001
3.4689e-08,-0.07016409999999995
3.4691e-08,-0.06547550000000002
3.4693e-08,-0.06076340000000002
3.4695e-08,-0.05603199999999997
3.4697e-08,-0.051285899999999995
3.4699e-08,-0.046528899999999984
3.4701e-08,-0.04176519999999995
3.4703e-08,-0.03699830000000004
3.4705e-08,-0.03223189999999998
3.4707e-08,-0.027469399999999977
3.4709e-08,-0.022714000000000012
3.4711e-08,-0.017968899999999954
3.4713e-08,-0.013237100000000002
3.4715e-08,-0.008521200000000007
3.4717e-08,-0.003823899999999991
3.4719e-08,0.0008521000000000223
3.4721e-08,0.005504700000000029
3.4723e-08,0.01013149999999996
3.4725e-08,0.014730200000000027
3.4727e-08,0.019299100000000013
3.4729e-08,0.023836199999999974
3.4731e-08,0.02833970000000008
3.4733e-08,0.0328079
3.4735e-08,0.037239299999999975
3.4737e-08,0.04163250000000007
3.4739e-08,0.04598610000000003
3.4741e-08,0.05029880000000009
3.4743e-08,0.054569599999999996
3.4745e-08,0.05879730000000005
3.4747e-08,0.0629809
3.4749e-08,0.0671195
3.4751e-08,0.07121240000000006
3.4753e-08,0.07525859999999995
3.4755e-08,0.07925769999999999
3.4757e-08,0.08320899999999998
3.4759e-08,0.08711190000000002
3.4761e-08,0.09096590000000004
3.4763e-08,0.09477069999999999
3.4765e-08,0.09852589999999994
3.4767e-08,0.10223119999999997
3.4769e-08,0.10588629999999999
3.4771e-08,0.10949120000000001
3.4773e-08,0.11304550000000002
3.4775e-08,0.11654920000000002
3.4777e-08,0.12000219999999995
3.4779e-08,0.12340470000000003
3.4781e-08,0.1267564
3.4783e-08,0.1300576
3.4785e-08,0.13330830000000005
3.4787e-08,0.13650859999999998
3.4789e-08,0.13965879999999997
3.4791e-08,0.14275890000000002
3.4793e-08,0.14580930000000003
3.4795e-08,0.14881
3.4797e-08,0.15176160000000005
3.47985e-08,0.15394300000000005
3.48e-08,0.1561075999999999
3.48002e-08,0.15639609999999993
3.48006e-08,0.15697320000000003
3.48014e-08,0.15812700000000002
3.4803e-08,0.16040750000000004
3.4805e-08,0.1631533999999999
3.4807e-08,0.16572010000000004
3.4809e-08,0.16805650000000005
3.4811e-08,0.17012670000000008
3.4813e-08,0.17190720000000004
3.4815e-08,0.17338359999999997
3.4817e-08,0.1745483000000001
3.4819e-08,0.17539899999999997
3.4821e-08,0.17593749999999997
3.4823e-08,0.1761686
3.4825e-08,0.1760988
3.4827e-08,0.17573670000000008
3.4829e-08,0.17509150000000007
3.4831e-08,0.17417359999999993
3.4833e-08,0.17299359999999997
3.4835e-08,0.17156230000000006
3.4837e-08,0.16989089999999996
3.4839e-08,0.1679902000000001
3.4841e-08,0.1658714
3.4843e-08,0.1635451
3.4845e-08,0.161022
3.4847e-08,0.15831229999999996
3.4849e-08,0.1554261
3.4851e-08,0.15237330000000004
3.4853e-08,0.14916320000000005
3.4855e-08,0.14580530000000003
3.4857e-08,0.1423084
3.4859e-08,0.1386812999999999
3.4861e-08,0.13493220000000006
3.4863e-08,0.13106929999999994
3.4865e-08,0.12710030000000005
3.4867e-08,0.1230329
3.4869e-08,0.11887439999999994
3.4871e-08,0.11463180000000006
3.4873e-08,0.11031190000000002
3.4875e-08,0.10592109999999999
3.4877e-08,0.1014659
3.4879e-08,0.09695229999999999
3.4881e-08,0.09238619999999997
3.4883e-08,0.0877732
3.4885e-08,0.08311859999999993
3.4887e-08,0.07842769999999999
3.4889e-08,0.07370560000000004
3.4891e-08,0.06895689999999999
3.4893e-08,0.06418630000000003
3.4895e-08,0.05939820000000007
3.4897e-08,0.0545968
3.4899e-08,0.0497862
3.4901e-08,0.04497020000000007
3.4903e-08,0.04015259999999998
3.4905e-08,0.0353367
3.4907e-08,0.03052620000000006
3.4909e-08,0.02572400000000008
3.4911e-08,0.020933300000000044
3.4913e-08,0.016156999999999977
3.4915e-08,0.011397800000000013
3.4917e-08,0.006658500000000012
3.4919e-08,0.0019413000000000347
3.4921e-08,-0.002751299999999901
3.4923e-08,-0.007417000000000007
3.4925e-08,-0.01205389999999995
3.4927e-08,-0.016660000000000008
3.4929e-08,-0.02123330000000001
3.4931e-08,-0.025772200000000023
3.4933e-08,-0.030274899999999993
3.4935e-08,-0.03474010000000005
3.4937e-08,-0.03916620000000004
3.4939e-08,-0.04355189999999998
3.4941e-08,-0.047896199999999944
3.4943e-08,-0.052197599999999955
3.4945e-08,-0.056455299999999986
3.4947e-08,-0.06066830000000001
3.4949e-08,-0.06483569999999994
3.4951e-08,-0.06895660000000003
3.4953e-08,-0.07303040000000005
3.4955e-08,-0.07705649999999997
3.4957e-08,-0.08103399999999994
3.4959e-08,-0.0849628
3.4961e-08,-0.0888422000000001
3.4963e-08,-0.09267179999999997
3.4965e-08,-0.09645130000000002
3.4967e-08,-0.10018039999999995
3.4969e-08,-0.10385889999999998
3.4971e-08,-0.10748659999999999
3.4973e-08,-0.11106340000000003
3.4975e-08,-0.11458919999999995
3.4977e-08,-0.1180639
3.4979e-08,-0.12148770000000009
3.4981e-08,-0.12486030000000004
3.4983e-08,-0.12818200000000002
3.4985e-08,-0.13145280000000004
3.4987e-08,-0.13467300000000004
3.4989e-08,-0.13784260000000004
3.4991e-08,-0.14096189999999997
3.4993e-08,-0.14403120000000003
3.4995e-08,-0.14705049999999997
3.4997e-08,-0.15002019999999994
3.49985e-08,-0.1522152
3.5e-08,-0.15438260000000004
3.50002e-08,-0.15466999999999997
3.50006e-08,-0.15524590000000005
3.50014e-08,-0.15640179999999992
3.5003e-08,-0.15870479999999998
3.5005e-08,-0.16150569999999997
3.5007e-08,-0.16415000000000002
3.5009e-08,-0.16657959999999994
3.5011e-08,-0.16875380000000006
3.5013e-08,-0.17064499999999994
3.5015e-08,-0.17223599999999994
3.5017e-08,-0.17351670000000008
3.5019e-08,-0.17448339999999996
3.5021e-08,-0.1751366000000001
3.5023e-08,-0.17547979999999996
3.5025e-08,-0.17551930000000004
3.5027e-08,-0.1752629
3.5029e-08,-0.17471979999999998
3.5031e-08,-0.1738999
3.5033e-08,-0.17281380000000002
3.5035e-08,-0.17147230000000002
3.5037e-08,-0.16988649999999994
3.5039e-08,-0.1680674000000001
3.5041e-08,-0.16602590000000006
3.5043e-08,-0.1637731
3.5045e-08,-0.1613194
3.5047e-08,-0.15867549999999997
3.5049e-08,-0.15585130000000003
3.5051e-08,-0.15285690000000007
3.5053e-08,-0.14970189999999994
3.5055e-08,-0.14639570000000002
3.5057e-08,-0.1429471
3.5059e-08,-0.13936530000000003
3.5061e-08,-0.1356584999999999
3.5063e-08,-0.13183500000000004
3.5065e-08,-0.12790269999999992
3.5067e-08,-0.12386930000000007
3.5069e-08,-0.11974209999999996
3.5071e-08,-0.11552839999999998
3.5073e-08,-0.11123499999999997
3.5075e-08,-0.10686859999999998
3.5077e-08,-0.10243540000000007
3.5079e-08,-0.09794170000000002
3.5081e-08,-0.09339350000000002
3.5083e-08,-0.0887964
3.5085e-08,-0.08415600000000001
3.5087e-08,-0.07947740000000003
3.5089e-08,-0.07476589999999994
3.5091e-08,-0.07002619999999993
3.5093e-08,-0.06526310000000002
3.5095e-08,-0.06048090000000006
3.5097e-08,-0.055684100000000014
3.5099e-08,-0.05087660000000005
3.5101e-08,-0.046062500000000006
3.5103e-08,-0.041245500000000046
3.5105e-08,-0.03642919999999994
3.5107e-08,-0.031617100000000065
3.5109e-08,-0.0268122999999999
3.5111e-08,-0.022017999999999982
3.5113e-08,-0.017237099999999894
3.5115e-08,-0.012472499999999997
3.5117e-08,-0.007726800000000034
3.5119e-08,-0.003002500000000019
3.5121e-08,0.0016977999999999716
3.5123e-08,0.006372099999999992
3.5125e-08,0.011018300000000036
3.5127e-08,0.015634000000000037
3.5129e-08,0.020217700000000005
3.5131e-08,0.024767399999999995
3.5133e-08,0.029281599999999908
3.5135e-08,0.03375870000000003
3.5137e-08,0.038197099999999984
3.5139e-08,0.04259539999999995
3.5141e-08,0.04695269999999996
3.5143e-08,0.05126749999999991
3.5145e-08,0.05553890000000006
3.5147e-08,0.05976569999999992
3.5149e-08,0.06394729999999993
3.5151e-08,0.0680826
3.5153e-08,0.07217099999999999
3.5155e-08,0.0762117
3.5157e-08,0.08020419999999995
3.5159e-08,0.08414790000000005
3.5161e-08,0.08804239999999997
3.5163e-08,0.09188719999999995
3.5165e-08,0.09568189999999999
3.5167e-08,0.09942629999999997
3.5169e-08,0.1031202
3.5171e-08,0.1067633
3.5173e-08,0.11035529999999993
3.5175e-08,0.11389649999999996
3.5177e-08,0.11738649999999995
3.5179e-08,0.12082540000000008
3.5181e-08,0.12421330000000008
3.5183e-08,0.1275501
3.5185e-08,0.1308361
3.5187e-08,0.13407120000000006
3.5189e-08,0.13725560000000003
3.5191e-08,0.14038969999999995
3.5193e-08,0.14347359999999998
3.5195e-08,0.14650739999999995
3.5197e-08,0.1494917
3.51985e-08,0.15169739999999998
3.52e-08,0.15387529999999994
3.52002e-08,0.15416340000000006
3.52006e-08,0.15473860000000006
3.52014e-08,0.155883
3.5203e-08,0.15814870000000003
3.5205e-08,0.1609372
3.5207e-08,0.16367779999999998
3.5209e-08,0.16637079999999993
3.5211e-08,0.16901670000000002
3.5213e-08,0.17161559999999998
3.5215e-08,0.17416829999999994
3.5217e-08,0.17667500000000003
3.5219e-08,0.17913619999999997
3.5221e-08,0.1815525
3.5223e-08,0.18392429999999993
3.5225e-08,0.18625200000000008
3.5227e-08,0.18853619999999993
3.5229e-08,0.19077739999999999
3.5231e-08,0.19297589999999998
3.5233e-08,0.1951326
3.5235e-08,0.19724760000000008
3.5237e-08,0.19932170000000005
3.5239e-08,0.20135530000000001
3.5241e-08,0.20334890000000005
3.5243e-08,0.2053031999999999
3.5245e-08,0.20721860000000003
3.5247e-08,0.2090955
3.5249e-08,0.21093470000000003
3.5251e-08,0.2127365
3.5253e-08,0.2145015
3.5255e-08,0.21623040000000004
3.5257e-08,0.21792349999999994
3.5259e-08,0.21958139999999993
3.5261e-08,0.22120459999999997
3.5263e-08,0.22279369999999998
3.5265e-08,0.22434920000000003
3.5267e-08,0.2258715
3.5269e-08,0.2273613
3.5271e-08,0.22881890000000005
3.5273e-08,0.23024489999999997
3.5275e-08,0.2316399
3.5277e-08,0.2330044
3.5279e-08,0.23433879999999996
3.5281e-08,0.2356435
3.5283e-08,0.23691929999999994
3.5285e-08,0.23816629999999994
3.5287e-08,0.23938530000000002
3.5289e-08,0.24057660000000003
3.5291e-08,0.2417408000000001
3.5293e-08,0.24287820000000004
3.5295e-08,0.24398929999999996
3.5297e-08,0.24507469999999998
3.5299e-08,0.2461348000000001
3.5301e-08,0.24716989999999994
3.5303e-08,0.24818059999999997
3.5305e-08,0.24916729999999998
3.5307e-08,0.2501304
3.5309e-08,0.2510703999999999
3.5311e-08,0.25198770000000004
3.5313e-08,0.25288259999999996
3.5315e-08,0.2537555
3.5317e-08,0.254607
3.5319e-08,0.25543740000000004
3.5321e-08,0.25624710000000006
3.5323e-08,0.2570365
3.5325e-08,0.257806
3.5327e-08,0.2585558
3.5329e-08,0.25928660000000003
3.5331e-08,0.25999839999999996
3.5333e-08,0.2606919
3.5335e-08,0.26136729999999997
3.5337e-08,0.2620249
3.5339e-08,0.2626651
3.5341e-08,0.26328830000000003
3.5343e-08,0.2638948000000001
3.5345e-08,0.2644849
3.5347e-08,0.26505899999999993
3.5349e-08,0.26561730000000006
3.5351e-08,0.2661603
3.5353e-08,0.26668820000000004
3.5355e-08,0.2672012
3.5357e-08,0.26769980000000004
3.5359e-08,0.2681842
3.5361e-08,0.2686546000000001
3.5363e-08,0.26911149999999995
3.5365e-08,0.26955510000000005
3.5367e-08,0.2699857000000001
3.5369e-08,0.27040340000000007
3.5371e-08,0.27080860000000007
3.5373e-08,0.2712017
3.5375e-08,0.2715828
3.5377e-08,0.27195210000000003
3.5379e-08,0.27231000000000005
3.5381e-08,0.2726567000000001
3.5383e-08,0.2729924
3.5385e-08,0.27331740000000004
3.5387e-08,0.2736318
3.5389e-08,0.2739361
3.5391e-08,0.2742302999999999
3.5393e-08,0.2745147
3.5395e-08,0.2747894999999999
3.5397e-08,0.2750549
3.53985e-08,0.2752479
3.54e-08,0.27543589999999996
3.54002e-08,0.2754613
3.54006e-08,0.2755139
3.54014e-08,0.27562830000000005
3.5403e-08,0.27586810000000006
3.5405e-08,0.2761290999999999
3.5407e-08,0.27627919999999995
3.5409e-08,0.276262
3.5411e-08,0.27603769999999994
3.5413e-08,0.2755793000000001
3.5415e-08,0.2748691999999999
3.5417e-08,0.2738967
3.5419e-08,0.27265720000000004
3.5421e-08,0.27114969999999994
3.5423e-08,0.2693768000000001
3.5425e-08,0.2673428
3.5427e-08,0.26505429999999996
3.5429e-08,0.2625189
3.5431e-08,0.25974489999999995
3.5433e-08,0.2567414
3.5435e-08,0.253518
3.5437e-08,0.2500844
3.5439e-08,0.2464503
3.5441e-08,0.2426254
3.5443e-08,0.23861980000000005
3.5445e-08,0.2344429
3.5447e-08,0.23010419999999998
3.5449e-08,0.2256130999999999
3.5451e-08,0.22097880000000003
3.5453e-08,0.21621
3.5455e-08,0.21131559999999994
3.5457e-08,0.20630400000000004
3.5459e-08,0.20118349999999996
3.5461e-08,0.19596209999999992
3.5463e-08,0.19064760000000003
3.5465e-08,0.1852475
3.5467e-08,0.17976930000000002
3.5469e-08,0.17421980000000004
3.5471e-08,0.16860609999999998
3.5473e-08,0.16293479999999994
3.5475e-08,0.15721220000000002
3.5477e-08,0.15144480000000005
3.5479e-08,0.1456383
3.5481e-08,0.13979870000000005
3.5483e-08,0.13393149999999998
3.5485e-08,0.128042
3.5487e-08,0.12213529999999995
3.5489e-08,0.1162166
3.5491e-08,0.11029040000000001
3.5493e-08,0.1043615
3.5495e-08,0.09843409999999997
3.5497e-08,0.0925125
3.5499e-08,0.08660070000000009
3.5501e-08,0.08070250000000001
3.5503e-08,0.07482149999999999
3.5505e-08,0.06896119999999994
3.5507e-08,0.06312499999999999
3.5509e-08,0.05731579999999992
3.5511e-08,0.0515369
3.5513e-08,0.04579089999999997
3.5515e-08,0.04008049999999996
3.5517e-08,0.03440829999999995
3.5519e-08,0.02877659999999993
3.5521e-08,0.023187599999999975
3.5523e-08,0.017643500000000034
3.5525e-08,0.012146199999999996
3.5527e-08,0.006697600000000081
3.5529e-08,0.0012993000000000032
3.5531e-08,-0.00404709999999997
3.5533e-08,-0.009340000000000015
3.5535e-08,-0.014578299999999933
3.5537e-08,-0.01976049999999996
3.5539e-08,-0.02488570000000001
3.5541e-08,-0.02995250000000005
3.5543e-08,-0.034960300000000055
3.5545e-08,-0.0399081
3.5547e-08,-0.044795200000000035
3.5549e-08,-0.04962089999999997
3.5551e-08,-0.054384600000000005
3.5553e-08,-0.059085799999999966
3.5555e-08,-0.063724
3.5557e-08,-0.06829890000000005
3.5559e-08,-0.0728103000000001
3.5561e-08,-0.07725780000000004
3.5563e-08,-0.08164130000000003
3.5565e-08,-0.0859607
3.5567e-08,-0.09021579999999996
3.5569e-08,-0.09440690000000007
3.5571e-08,-0.0985338
3.5573e-08,-0.10259680000000004
3.5575e-08,-0.10659580000000002
3.5577e-08,-0.11053119999999994
3.5579e-08,-0.11440320000000004
3.5581e-08,-0.11821199999999998
3.5583e-08,-0.12195800000000001
3.5585e-08,-0.12564129999999996
3.5587e-08,-0.1292626
3.5589e-08,-0.13282209999999994
3.5591e-08,-0.1363202
3.5593e-08,-0.13975749999999998
3.5595e-08,-0.14313429999999994
3.5597e-08,-0.14645129999999995
3.55985e-08,-0.14889989999999997
3.56e-08,-0.1513154
3.56002e-08,-0.1516347
3.56006e-08,-0.15227199999999996
3.56014e-08,-0.1535398
3.5603e-08,-0.15604739999999995
3.5605e-08,-0.15913009999999994
3.5607e-08,-0.16215580000000007
3.5609e-08,-0.16512490000000002
3.5611e-08,-0.16803809999999997
3.5613e-08,-0.1708961
3.5615e-08,-0.17369939999999995
3.5617e-08,-0.17644859999999996
3.5619e-08,-0.17914449999999993
3.5621e-08,-0.1817877
3.5623e-08,-0.18437880000000006
3.5625e-08,-0.18691860000000005
3.5627e-08,-0.18940770000000007
3.5629e-08,-0.19184670000000004
3.5631e-08,-0.19423639999999998
3.5633e-08,-0.1965774
3.5635e-08,-0.1988704
3.5637e-08,-0.20111610000000002
3.5639e-08,-0.20331519999999992
3.5641e-08,-0.20546829999999994
3.5643e-08,-0.2075762
3.5645e-08,-0.20963959999999993
3.5647e-08,-0.21165889999999998
3.5649e-08,-0.21363509999999997
3.5651e-08,-0.2155686
3.5653e-08,-0.21746029999999994
3.5655e-08,-0.21931069999999997
3.5657e-08,-0.2211206
3.5659e-08,-0.2228905
3.5661e-08,-0.22462120000000008
3.5663e-08,-0.2263132
3.5665e-08,-0.22796720000000004
3.5667e-08,-0.22958389999999995
3.5669e-08,-0.23116379999999992
3.5671e-08,-0.23270780000000002
3.5673e-08,-0.23421609999999993
3.5675e-08,-0.2356897
3.5677e-08,-0.23712889999999998
3.5679e-08,-0.23853440000000004
3.5681e-08,-0.23990699999999998
3.5683e-08,-0.241247
3.5685e-08,-0.24255510000000002
3.5687e-08,-0.2438319
3.5689e-08,-0.2450779999999999
3.5691e-08,-0.2462938
3.5693e-08,-0.24747989999999997
3.5695e-08,-0.248637
3.5697e-08,-0.24976549999999997
3.5699e-08,-0.2508659999999999
3.5701e-08,-0.251939
3.5703e-08,-0.252985
3.5705e-08,-0.25400449999999997
3.5707e-08,-0.25499800000000006
3.5709e-08,-0.255966
3.5711e-08,-0.2569091
3.5713e-08,-0.2578277
3.5715e-08,-0.2587222
3.5717e-08,-0.2595931
3.5719e-08,-0.26044100000000003
3.5721e-08,-0.2612662
3.5723e-08,-0.2620692
3.5725e-08,-0.26285059999999993
3.5727e-08,-0.26361060000000003
3.5729e-08,-0.2643496999999999
3.5731e-08,-0.26506830000000003
3.5733e-08,-0.26576690000000003
3.5735e-08,-0.2664458999999999
3.5737e-08,-0.26710560000000005
3.5739e-08,-0.2677465
3.5741e-08,-0.2683689
3.5743e-08,-0.26897329999999997
3.5745e-08,-0.26955989999999996
3.5747e-08,-0.27012939999999996
3.5749e-08,-0.2706818
3.5751e-08,-0.2712175
3.5753e-08,-0.27173710000000006
3.5755e-08,-0.27224080000000006
3.5757e-08,-0.272729
3.5759e-08,-0.2732019
3.5761e-08,-0.27365989999999996
3.5763e-08,-0.2741034
3.5765e-08,-0.2745327000000001
3.5767e-08,-0.27494799999999997
3.5769e-08,-0.2753496000000001
3.5771e-08,-0.27573800000000004
3.5773e-08,-0.2761133
3.5775e-08,-0.2764759
3.5777e-08,-0.276826
3.5779e-08,-0.2771640000000001
3.5781e-08,-0.27749009999999996
3.5783e-08,-0.2778047
3.5785e-08,-0.2781077999999999
3.5787e-08,-0.2783998
3.5789e-08,-0.27868100000000007
3.5791e-08,-0.2789517
3.5793e-08,-0.27921190000000007
3.5795e-08,-0.27946210000000005
3.5797e-08,-0.2797025000000001
3.57985e-08,-0.2798763999999999
3.58e-08,-0.280045
3.58002e-08,-0.2800671
3.58006e-08,-0.28011089999999994
3.58014e-08,-0.28019759999999994
3.5803e-08,-0.28036669999999997
3.5805e-08,-0.28056990000000004
3.5807e-08,-0.2807644
3.5809e-08,-0.28095040000000004
3.5811e-08,-0.28112799999999993
3.5813e-08,-0.2812977
3.5815e-08,-0.2814593000000001
3.5817e-08,-0.28161329999999996
3.5819e-08,-0.2817598
3.5821e-08,-0.28189889999999995
3.5823e-08,-0.28203100000000003
3.5825e-08,-0.28215599999999996
3.5827e-08,-0.2822743
3.5829e-08,-0.282386
3.5831e-08,-0.2824913
3.5833e-08,-0.28259029999999996
3.5835e-08,-0.2826832
3.5837e-08,-0.28277019999999997
3.5839e-08,-0.2828514
3.5841e-08,-0.2829269
3.5843e-08,-0.28299700000000005
3.5845e-08,-0.28306180000000003
3.5847e-08,-0.2831212999999999
3.5849e-08,-0.2831758999999999
3.5851e-08,-0.28322559999999997
3.5853e-08,-0.2832705
3.5855e-08,-0.2833108000000001
3.5857e-08,-0.2833466
3.5859e-08,-0.283378
3.5861e-08,-0.2834052
3.5863e-08,-0.28342829999999997
3.5865e-08,-0.28344729999999996
3.5867e-08,-0.28346250000000006
3.5869e-08,-0.28347389999999995
3.5871e-08,-0.28348169999999995
3.5873e-08,-0.283486
3.5875e-08,-0.28348680000000004
3.5877e-08,-0.2834842000000001
3.5879e-08,-0.28347849999999997
3.5881e-08,-0.2834696
3.5883e-08,-0.2834576999999999
3.5885e-08,-0.28344289999999994
3.5887e-08,-0.28342520000000004
3.5889e-08,-0.2834048
3.5891e-08,-0.28338170000000007
3.5893e-08,-0.2833561
3.5895e-08,-0.283328
3.5897e-08,-0.2832975
3.5899e-08,-0.28326470000000004
3.5901e-08,-0.28322959999999997
3.5903e-08,-0.28319250000000007
3.5905e-08,-0.2831532
3.5907e-08,-0.2831119000000001
3.5909e-08,-0.28306870000000006
3.5911e-08,-0.2830237
3.5913e-08,-0.2829769
3.5915e-08,-0.2829283
3.5917e-08,-0.2828781
3.5919e-08,-0.2828263
3.5921e-08,-0.28277299999999994
3.5923e-08,-0.2827181999999999
3.5925e-08,-0.28266199999999997
3.5927e-08,-0.2826044999999999
3.5929e-08,-0.2825457
3.5931e-08,-0.2824856
3.5933e-08,-0.2824244
3.5935e-08,-0.282362
3.5937e-08,-0.28229859999999996
3.5939e-08,-0.2822342
3.5941e-08,-0.28216869999999994
3.5943e-08,-0.2821024999999999
3.5945e-08,-0.28203520000000004
3.5947e-08,-0.2819672999999999
3.5949e-08,-0.2818984
3.5951e-08,-0.2818288
3.5953e-08,-0.28175859999999997
3.5955e-08,-0.2816877
3.5957e-08,-0.2816160999999999
3.5959e-08,-0.281544
3.5961e-08,-0.2814713000000001
3.5963e-08,-0.2813981000000001
3.5965e-08,-0.2813245
3.5967e-08,-0.2812504
3.5969e-08,-0.28117590000000003
3.5971e-08,-0.28110099999999993
3.5973e-08,-0.28102589999999994
3.5975e-08,-0.28095040000000004
3.5977e-08,-0.2808746
3.5979e-08,-0.2807986
3.5981e-08,-0.2807223
3.5983e-08,-0.2806459
3.5985e-08,-0.2805693
3.5987e-08,-0.2804926
3.5989e-08,-0.28041569999999993
3.5991e-08,-0.2803388
3.5993e-08,-0.2802618
3.5995e-08,-0.28018470000000006
3.5997e-08,-0.28010769999999996
3.59985e-08,-0.28004989999999996
3.6e-08,-0.27999209999999997
3.60002e-08,-0.2799844
3.60006e-08,-0.2799689000000001
3.60014e-08,-0.27993809999999997
3.6003e-08,-0.27987660000000003
3.6005e-08,-0.2797997000000001
3.6007e-08,-0.2797227
3.6009e-08,-0.27964600000000006
3.6011e-08,-0.2795694000000001
3.6013e-08,-0.27949289999999993
3.6015e-08,-0.27941650000000007
3.6017e-08,-0.27934040000000004
3.6019e-08,-0.2792642999999999
3.6021e-08,-0.27918849999999995
3.6023e-08,-0.2791129
3.6025e-08,-0.2790376
3.6027e-08,-0.2789625
3.6029e-08,-0.27888750000000007
3.6031e-08,-0.278813
3.6033e-08,-0.27873859999999995
3.6035e-08,-0.27866460000000004
3.6037e-08,-0.2785907999999999
3.6039e-08,-0.2785174
3.6041e-08,-0.2784443
3.6043e-08,-0.2783715
3.6045e-08,-0.2782991
3.6047e-08,-0.278227
3.6049e-08,-0.27815519999999994
3.6051e-08,-0.2780838
3.6053e-08,-0.27801279999999995
3.6055e-08,-0.27794220000000003
3.6057e-08,-0.277872
3.6059e-08,-0.27780209999999994
3.6061e-08,-0.27773270000000005
3.6063e-08,-0.27766370000000007
3.6065e-08,-0.2775951
3.6067e-08,-0.27752679999999996
3.6069e-08,-0.27745909999999996
3.6071e-08,-0.2773918000000001
3.6073e-08,-0.2773249
3.6075e-08,-0.2772584
3.6077e-08,-0.2771924
3.6079e-08,-0.27712670000000006
3.6081e-08,-0.2770616
3.6083e-08,-0.27699699999999994
3.6085e-08,-0.27693270000000003
3.6087e-08,-0.2768689999999999
3.6089e-08,-0.27680570000000004
3.6091e-08,-0.2767429
3.6093e-08,-0.2766805
3.6095e-08,-0.2766187
3.6097e-08,-0.27655719999999995
3.6099e-08,-0.27649619999999997
3.6101e-08,-0.2764358
3.6103e-08,-0.27637579999999995
3.6105e-08,-0.27631629999999996
3.6107e-08,-0.27625730000000004
3.6109e-08,-0.2761987
3.6111e-08,-0.2761407
3.6113e-08,-0.2760830999999999
3.6115e-08,-0.27602590000000005
3.6117e-08,-0.2759693000000001
3.6119e-08,-0.2759132000000001
3.6121e-08,-0.2758575
3.6123e-08,-0.27580230000000006
3.6125e-08,-0.27574770000000004
3.6127e-08,-0.2756934999999999
3.6129e-08,-0.27563970000000004
3.6131e-08,-0.27558650000000007
3.6133e-08,-0.27553360000000005
3.6135e-08,-0.2754814
3.6137e-08,-0.27542959999999994
3.6139e-08,-0.2753783000000001
3.6141e-08,-0.27532730000000005
3.6143e-08,-0.275277
3.6145e-08,-0.275227
3.6147e-08,-0.2751775999999999
3.6149e-08,-0.27512860000000006
3.6151e-08,-0.27508010000000005
3.6153e-08,-0.2750321
3.6155e-08,-0.2749845000000001
3.6157e-08,-0.2749374
3.6159e-08,-0.27489070000000004
3.6161e-08,-0.27484449999999994
3.6163e-08,-0.2747988
3.6165e-08,-0.2747535
3.6167e-08,-0.27470859999999997
3.6169e-08,-0.2746643
3.6171e-08,-0.27462029999999993
3.6173e-08,-0.27457679999999995
3.6175e-08,-0.27453380000000005
3.6177e-08,-0.27449120000000005
3.6179e-08,-0.2744491
3.6181e-08,-0.2744073
3.6183e-08,-0.274366
3.6185e-08,-0.2743251
3.6187e-08,-0.27428470000000005
3.6189e-08,-0.2742447
3.6191e-08,-0.2742051999999999
3.6193e-08,-0.27416589999999996
3.6195e-08,-0.2741272
3.6197e-08,-0.2740887999999999
3.61985e-08,-0.2740604000000001
3.62e-08,-0.27403219999999995
3.62002e-08,-0.27402839999999995
3.62006e-08,-0.2740209
3.62014e-08,-0.27400599999999997
3.6203e-08,-0.2739764
3.6205e-08,-0.27393959999999995
3.6207e-08,-0.27390330000000007
3.6209e-08,-0.2738674
3.6211e-08,-0.27383199999999996
3.6213e-08,-0.27379680000000006
3.6215e-08,-0.2737621
3.6217e-08,-0.2737277
3.6219e-08,-0.2736938
3.6221e-08,-0.2736601999999999
3.6223e-08,-0.27362699999999995
3.6225e-08,-0.27359409999999995
3.6227e-08,-0.2735617
3.6229e-08,-0.2735295
3.6231e-08,-0.27349789999999996
3.6233e-08,-0.27346649999999995
3.6235e-08,-0.27343549999999994
3.6237e-08,-0.2734048
3.6239e-08,-0.2733746
3.6241e-08,-0.27334460000000005
3.6243e-08,-0.273315
3.6245e-08,-0.2732858
3.6247e-08,-0.27325679999999997
3.6249e-08,-0.27322820000000003
3.6251e-08,-0.2732
3.6253e-08,-0.27317199999999997
3.6255e-08,-0.27314439999999995
3.6257e-08,-0.27311719999999995
3.6259e-08,-0.27309020000000006
3.6261e-08,-0.27306359999999996
3.6263e-08,-0.27303730000000004
3.6265e-08,-0.27301129999999996
3.6267e-08,-0.2729857
3.6269e-08,-0.27296030000000004
3.6271e-08,-0.2729353
3.6273e-08,-0.27291050000000006
3.6275e-08,-0.27288599999999996
3.6277e-08,-0.27286179999999993
3.6279e-08,-0.2728379000000001
3.6281e-08,-0.27281429999999995
3.6283e-08,-0.27279110000000006
3.6285e-08,-0.272768
3.6287e-08,-0.2727453000000001
3.6289e-08,-0.2727229
3.6291e-08,-0.2727007
3.6293e-08,-0.2726788
3.6295e-08,-0.27265719999999993
3.6297e-08,-0.2726358
3.6299e-08,-0.2726147
3.6301e-08,-0.2725938
3.6303e-08,-0.27257320000000007
3.6305e-08,-0.2725529
3.6307e-08,-0.2725327999999999
3.6309e-08,-0.272513
3.6311e-08,-0.2724934
3.6313e-08,-0.27247409999999994
3.6315e-08,-0.272455
3.6317e-08,-0.27243609999999996
3.6319e-08,-0.2724175
3.6321e-08,-0.27239919999999995
3.6323e-08,-0.27238109999999993
3.6325e-08,-0.27236309999999997
3.6327e-08,-0.27234540000000007
3.6329e-08,-0.272328
3.6331e-08,-0.27231079999999996
3.6333e-08,-0.2722937000000001
3.6335e-08,-0.272277
3.6337e-08,-0.2722603
3.6339e-08,-0.27224400000000004
3.6341e-08,-0.2722278
3.6343e-08,-0.27221189999999995
3.6345e-08,-0.2721962
3.6347e-08,-0.27218049999999994
3.6349e-08,-0.2721652
3.6351e-08,-0.27215010000000006
3.6353e-08,-0.2721352
3.6355e-08,-0.2721205
3.6357e-08,-0.27210579999999995
3.6359e-08,-0.27209150000000004
3.6361e-08,-0.2720773000000001
3.6363e-08,-0.2720633
3.6365e-08,-0.27204949999999994
3.6367e-08,-0.2720359
3.6369e-08,-0.2720224
3.6371e-08,-0.2720091
3.6373e-08,-0.271996
3.6375e-08,-0.27198310000000003
3.6377e-08,-0.27197040000000006
3.6379e-08,-0.2719578
3.6381e-08,-0.27194530000000006
3.6383e-08,-0.27193310000000004
3.6385e-08,-0.2719211
3.6387e-08,-0.27190899999999996
3.6389e-08,-0.2718973
3.6391e-08,-0.2718857
3.6393e-08,-0.27187419999999995
3.6395e-08,-0.2718629
3.6397e-08,-0.2718518000000001
3.63985e-08,-0.2718435
3.64e-08,-0.2718459
3.64002e-08,-0.2718484
3.64006e-08,-0.27185480000000006
3.64014e-08,-0.27187269999999997
3.6403e-08,-0.2719062
3.6405e-08,-0.2718904
3.6407e-08,-0.27174960000000004
3.6409e-08,-0.27143340000000005
3.6411e-08,-0.27090649999999994
3.6413e-08,-0.2701452999999999
3.6415e-08,-0.2691346
3.6417e-08,-0.26786580000000004
3.6419e-08,-0.2663354
3.6421e-08,-0.2645438
3.6423e-08,-0.2624938
3.6425e-08,-0.2601909
3.6427e-08,-0.2576415999999999
3.6429e-08,-0.2548538
3.6431e-08,-0.25183619999999995
3.6433e-08,-0.24859779999999998
3.6435e-08,-0.24514840000000004
3.6437e-08,-0.24149739999999997
3.6439e-08,-0.2376547
3.6441e-08,-0.23363
3.6443e-08,-0.229433
3.6445e-08,-0.22507339999999998
3.6447e-08,-0.2205604
3.6449e-08,-0.2159032999999999
3.6451e-08,-0.2111111
3.6453e-08,-0.20619279999999995
3.6455e-08,-0.20115680000000002
3.6457e-08,-0.19601140000000006
3.6459e-08,-0.19076490000000002
3.6461e-08,-0.18542500000000006
3.6463e-08,-0.17999960000000004
3.6465e-08,-0.17449599999999998
3.6467e-08,-0.1689214
3.6469e-08,-0.1632827
3.6471e-08,-0.15758660000000002
3.6473e-08,-0.15183990000000003
3.6475e-08,-0.14604859999999997
3.6477e-08,-0.14021879999999998
3.6479e-08,-0.1343565
3.6481e-08,-0.1284672
3.6483e-08,-0.12255640000000001
3.6485e-08,-0.11662919999999999
3.6487e-08,-0.11069060000000008
3.6489e-08,-0.1047456
3.6491e-08,-0.09879859999999996
3.6493e-08,-0.0928542
3.6495e-08,-0.0869164
3.6497e-08,-0.08098929999999993
3.6499e-08,-0.0750769
3.6501e-08,-0.06918279999999999
3.6503e-08,-0.06331030000000004
3.6505e-08,-0.05746300000000004
3.6507e-08,-0.051643900000000076
3.6509e-08,-0.045856099999999955
3.6511e-08,-0.04010220000000009
3.6513e-08,-0.03438510000000006
3.6515e-08,-0.028707199999999933
3.6517e-08,-0.023071000000000064
3.6519e-08,-0.017478500000000063
3.6521e-08,-0.011932000000000054
3.6523e-08,-0.006433299999999975
3.6525e-08,-0.0009843999999999964
3.6527e-08,0.004413200000000006
3.6529e-08,0.00975769999999998
3.6531e-08,0.01504799999999995
3.6533e-08,0.020282299999999975
3.6535e-08,0.025459699999999974
3.6537e-08,0.030578999999999912
3.6539e-08,0.035639100000000035
3.6541e-08,0.040639199999999986
3.6543e-08,0.04557840000000002
3.6545e-08,0.05045580000000005
3.6547e-08,0.05527099999999996
3.6549e-08,0.06002339999999995
3.6551e-08,0.0647124
3.6553e-08,0.0693376
3.6555e-08,0.07389859999999993
3.6557e-08,0.07839530000000006
3.6559e-08,0.08282729999999994
3.6561e-08,0.08719460000000001
3.6563e-08,0.0914971
3.6565e-08,0.09573469999999995
3.6567e-08,0.09990739999999998
3.6569e-08,0.10401539999999998
3.6571e-08,0.1080586
3.6573e-08,0.11203740000000006
3.6575e-08,0.11595200000000006
3.6577e-08,0.11980239999999998
3.6579e-08,0.12358919999999995
3.6581e-08,0.12731250000000005
3.6583e-08,0.1309728
3.6585e-08,0.13457050000000004
3.6587e-08,0.13810580000000006
3.6589e-08,0.1415793999999999
3.6591e-08,0.1449916000000001
3.6593e-08,0.148343
3.6595e-08,0.1516341
3.6597e-08,0.15486540000000004
3.65985e-08,0.15725
3.66e-08,0.15960130000000006
3.66002e-08,0.1599128999999999
3.66006e-08,0.16053669999999998
3.66014e-08,0.16178749999999997
3.6603e-08,0.16427559999999997
3.6605e-08,0.16729990000000006
3.6607e-08,0.1701591
3.6609e-08,0.17279540000000004
3.6611e-08,0.1751684
3.6613e-08,0.1772511
3.6615e-08,0.17902629999999997
3.6617e-08,0.1804846
3.6619e-08,0.18162230000000001
3.6621e-08,0.18244000000000005
3.6623e-08,0.1829419
3.6625e-08,0.18313400000000002
3.6627e-08,0.18302439999999998
3.6629e-08,0.18262240000000007
3.6631e-08,0.18193820000000005
3.6633e-08,0.18098230000000004
3.6635e-08,0.17976579999999998
3.6637e-08,0.1782998
3.6639e-08,0.17659539999999996
3.6641e-08,0.17466359999999992
3.6643e-08,0.17251569999999994
3.6645e-08,0.17016200000000004
3.6647e-08,0.16761320000000002
3.6649e-08,0.16487949999999996
3.6651e-08,0.1619710000000001
3.6653e-08,0.15889730000000002
3.6655e-08,0.15566770000000008
3.6657e-08,0.15229159999999997
3.6659e-08,0.14877760000000007
3.6661e-08,0.14513429999999994
3.6663e-08,0.14137010000000005
3.6665e-08,0.13749279999999997
3.6667e-08,0.13351009999999996
3.6669e-08,0.12942979999999993
3.6671e-08,0.1252588
3.6673e-08,0.12100409999999995
3.6675e-08,0.11667240000000001
3.6677e-08,0.11227019999999999
3.6679e-08,0.1078038
3.6681e-08,0.10327910000000007
3.6683e-08,0.09870190000000001
3.6685e-08,0.09407769999999993
3.6687e-08,0.08941200000000005
3.6689e-08,0.08470979999999995
3.6691e-08,0.0799763
3.6693e-08,0.0752159
3.6695e-08,0.07043350000000004
3.6697e-08,0.06563319999999995
3.6699e-08,0.06081930000000002
3.6701e-08,0.05599579999999993
3.6703e-08,0.051166500000000004
3.6705e-08,0.04633529999999997
3.6707e-08,0.041505400000000026
3.6709e-08,0.0366803
3.6711e-08,0.03186319999999998
3.6713e-08,0.027057100000000056
3.6715e-08,0.022264799999999974
3.6717e-08,0.017489199999999983
3.6719e-08,0.012732899999999936
3.6721e-08,0.007998300000000014
3.6723e-08,0.0032877000000000045
3.6725e-08,-0.00139659999999997
3.6727e-08,-0.006052500000000016
3.6729e-08,-0.010678000000000076
3.6731e-08,-0.015271399999999935
3.6733e-08,-0.019830899999999985
3.6735e-08,-0.02435469999999995
3.6737e-08,-0.028841400000000017
3.6739e-08,-0.03328969999999998
3.6741e-08,-0.03769810000000007
3.6743e-08,-0.04206540000000003
3.6745e-08,-0.046390400000000054
3.6747e-08,-0.050672199999999945
3.6749e-08,-0.05490969999999995
3.6751e-08,-0.05910199999999999
3.6753e-08,-0.06324830000000004
3.6755e-08,-0.06734799999999996
3.6757e-08,-0.07140029999999997
3.6759e-08,-0.07540449999999999
3.6761e-08,-0.0793604
3.6763e-08,-0.08326719999999999
3.6765e-08,-0.0871246
3.6767e-08,-0.09093240000000002
3.6769e-08,-0.09469000000000005
3.6771e-08,-0.09839739999999997
3.6773e-08,-0.10205430000000004
3.6775e-08,-0.1056606
3.6777e-08,-0.10921619999999999
3.6779e-08,-0.11272110000000002
3.6781e-08,-0.11617510000000009
3.6783e-08,-0.11957839999999997
3.6785e-08,-0.12293109999999996
3.6787e-08,-0.12623300000000004
3.6789e-08,-0.12948460000000006
3.6791e-08,-0.13268580000000008
3.6793e-08,-0.13583679999999998
3.6795e-08,-0.13893809999999995
3.6797e-08,-0.1419895000000001
3.67985e-08,-0.14424570000000003
3.68e-08,-0.1464742
3.68002e-08,-0.14676980000000006
3.68006e-08,-0.14736189999999993
3.68014e-08,-0.14855030000000002
3.6803e-08,-0.1509182
3.6805e-08,-0.15379980000000004
3.6807e-08,-0.1565241999999999
3.6809e-08,-0.15903330000000004
3.6811e-08,-0.16128580000000003
3.6813e-08,-0.16325460000000003
3.6815e-08,-0.16492190000000007
3.6817e-08,-0.16627809999999998
3.6819e-08,-0.16731910000000005
3.6821e-08,-0.16804550000000007
3.6823e-08,-0.16846100000000008
3.6825e-08,-0.1685717
3.6827e-08,-0.16838560000000002
3.6829e-08,-0.1679119
3.6831e-08,-0.16716049999999993
3.6833e-08,-0.166142
3.6835e-08,-0.1648674
3.6837e-08,-0.16334769999999998
3.6839e-08,-0.16159409999999996
3.6841e-08,-0.15961760000000003
3.6843e-08,-0.15742899999999993
3.6845e-08,-0.15503909999999999
3.6847e-08,-0.15245850000000005
3.6849e-08,-0.14969719999999997
3.6851e-08,-0.14676520000000004
3.6853e-08,-0.14367229999999998
3.6855e-08,-0.14042769999999993
3.6857e-08,-0.1370405
3.6859e-08,-0.13351970000000002
3.6861e-08,-0.12987380000000004
3.6863e-08,-0.12611070000000002
3.6865e-08,-0.12223870000000003
3.6867e-08,-0.1182652999999999
3.6869e-08,-0.11419780000000002
3.6871e-08,-0.11004370000000008
3.6873e-08,-0.10580960000000006
3.6875e-08,-0.10150219999999999
3.6877e-08,-0.09712799999999999
3.6879e-08,-0.09269300000000003
3.6881e-08,-0.0882033000000001
3.6883e-08,-0.08366449999999992
3.6885e-08,-0.07908209999999993
3.6887e-08,-0.07446150000000007
3.6889e-08,-0.06980760000000008
3.6891e-08,-0.06512529999999994
3.6893e-08,-0.060419299999999954
3.6895e-08,-0.05569410000000008
3.6897e-08,-0.050954000000000055
3.6899e-08,-0.04620290000000005
3.6901e-08,-0.041445000000000065
3.6903e-08,-0.036683800000000044
3.6905e-08,-0.03192309999999998
3.6907e-08,-0.02716620000000003
3.6909e-08,-0.022416400000000003
3.6911e-08,-0.0176767000000001
3.6913e-08,-0.012950199999999912
3.6915e-08,-0.008239499999999955
3.6917e-08,-0.0035474000000000894
3.6919e-08,0.0011236000000000024
3.6921e-08,0.005771100000000029
3.6923e-08,0.010392900000000038
3.6925e-08,0.014986900000000025
3.6927e-08,0.019550900000000038
3.6929e-08,0.024083399999999977
3.6931e-08,0.028582200000000002
3.6933e-08,0.03304589999999996
3.6935e-08,0.03747290000000003
3.6937e-08,0.0418617
3.6939e-08,0.046210900000000055
3.6941e-08,0.05051950000000005
3.6943e-08,0.054786
3.6945e-08,0.05900950000000005
3.6947e-08,0.06318919999999995
3.6949e-08,0.06732380000000004
3.6951e-08,0.07141279999999994
3.6953e-08,0.07545519999999994
3.6955e-08,0.07945050000000009
3.6957e-08,0.08339810000000003
3.6959e-08,0.08729739999999997
3.6961e-08,0.09114789999999995
3.6963e-08,0.09494919999999996
3.6965e-08,0.09870100000000004
3.6967e-08,0.10240289999999996
3.6969e-08,0.1060548
3.6971e-08,0.10965629999999993
3.6973e-08,0.1132074999999999
3.6975e-08,0.11670799999999992
3.6977e-08,0.12015799999999999
3.6979e-08,0.12355749999999999
3.6981e-08,0.12690619999999997
3.6983e-08,0.13020449999999995
3.6985e-08,0.13345230000000008
3.6987e-08,0.1366499
3.6989e-08,0.1397972999999999
3.6991e-08,0.1428948
3.6993e-08,0.14594249999999998
3.6995e-08,0.14894070000000004
3.6997e-08,0.15188970000000002
3.69985e-08,0.15406929999999996
3.7e-08,0.15622139999999995
3.70002e-08,0.15650609999999998
3.70006e-08,0.15707440000000006
3.70014e-08,0.1582053000000001
3.7003e-08,0.16044389999999997
3.7005e-08,0.16319910000000004
3.7007e-08,0.16590689999999997
3.7009e-08,0.16856749999999998
3.7011e-08,0.17118129999999998
3.7013e-08,0.17374869999999998
3.7015e-08,0.17627019999999993
3.7017e-08,0.17874630000000002
3.7019e-08,0.18117729999999999
3.7021e-08,0.1835637
3.7023e-08,0.18590609999999996
3.7025e-08,0.18820479999999995
3.7027e-08,0.19046039999999997
3.7029e-08,0.1926734
3.7031e-08,0.19484420000000002
3.7033e-08,0.19697350000000002
3.7035e-08,0.19906160000000006
3.7037e-08,0.20110910000000004
3.7039e-08,0.20311639999999997
3.7041e-08,0.2050843
3.7043e-08,0.20701309999999995
3.7045e-08,0.20890330000000001
3.7047e-08,0.2107557
3.7049e-08,0.2125705
3.7051e-08,0.2143482
3.7053e-08,0.21608969999999994
3.7055e-08,0.21779519999999997
3.7057e-08,0.21946539999999992
3.7059e-08,0.22110059999999998
3.7061e-08,0.2227015
3.7063e-08,0.2242687
3.7065e-08,0.22580239999999996
3.7067e-08,0.22730340000000004
3.7069e-08,0.22877219999999998
3.7071e-08,0.2302092
3.7073e-08,0.23161489999999996
3.7075e-08,0.23298970000000008
3.7077e-08,0.23433439999999994
3.7079e-08,0.2356492
3.7081e-08,0.2369348
3.7083e-08,0.2381915
3.7085e-08,0.23941999999999997
3.7087e-08,0.24062060000000007
3.7089e-08,0.2417937
3.7091e-08,0.24294000000000004
3.7093e-08,0.24405980000000005
3.7095e-08,0.24515370000000003
3.7097e-08,0.24622199999999994
3.7099e-08,0.24726530000000002
3.7101e-08,0.24828379999999994
3.7103e-08,0.24927829999999995
3.7105e-08,0.2502489
3.7107e-08,0.2511962
3.7109e-08,0.25212049999999997
3.7111e-08,0.2530222999999999
3.7113e-08,0.2539021
3.7115e-08,0.2547602
3.7117e-08,0.2555969
3.7119e-08,0.2564128
3.7121e-08,0.2572082
3.7123e-08,0.25798350000000003
3.7125e-08,0.2587391
3.7127e-08,0.2594753000000001
3.7129e-08,0.2601926
3.7131e-08,0.26089129999999994
3.7133e-08,0.2615716
3.7135e-08,0.2622342000000001
3.7137e-08,0.26287910000000003
3.7139e-08,0.26350680000000004
3.7141e-08,0.2641177
3.7143e-08,0.26471199999999995
3.7145e-08,0.26529020000000003
3.7147e-08,0.26585250000000005
3.7149e-08,0.26639919999999995
3.7151e-08,0.26693069999999997
3.7153e-08,0.2674472
3.7155e-08,0.2679492
3.7157e-08,0.26843680000000003
3.7159e-08,0.2689104
3.7161e-08,0.26937030000000006
3.7163e-08,0.26981659999999996
3.7165e-08,0.27025
3.7167e-08,0.27067030000000003
3.7169e-08,0.27107799999999993
3.7171e-08,0.2714734
3.7173e-08,0.27185669999999995
3.7175e-08,0.2722281000000001
3.7177e-08,0.2725881
3.7179e-08,0.2729366
3.7181e-08,0.27327409999999996
3.7183e-08,0.2736008
3.7185e-08,0.27391679999999996
3.7187e-08,0.27422250000000004
3.7189e-08,0.2745181
3.7191e-08,0.2748037
3.7193e-08,0.2750796999999999
3.7195e-08,0.27534630000000004
3.7197e-08,0.27560340000000005
3.71985e-08,0.2757904
3.72e-08,0.2759724
3.72002e-08,0.27599629999999997
3.72006e-08,0.2760439
3.72014e-08,0.2761378
3.7203e-08,0.2763217
3.7205e-08,0.276544
3.7207e-08,0.2767581
3.7209e-08,0.276964
3.7211e-08,0.2771623
3.7213e-08,0.2773527
3.7215e-08,0.27753570000000005
3.7217e-08,0.2777113
3.7219e-08,0.27787990000000007
3.7221e-08,0.2780414
3.7223e-08,0.27819609999999995
3.7225e-08,0.2783443
3.7227e-08,0.27848589999999995
3.7229e-08,0.2786212
3.7231e-08,0.27875039999999995
3.7233e-08,0.27887360000000005
3.7235e-08,0.27899090000000004
3.7237e-08,0.2791024
3.7239e-08,0.2792083999999999
3.7241e-08,0.27930900000000003
3.7243e-08,0.27940429999999994
3.7245e-08,0.2794945
3.7247e-08,0.27957960000000004
3.7249e-08,0.2796598
3.7251e-08,0.2797354000000001
3.7253e-08,0.2798062
3.7255e-08,0.27987249999999997
3.7257e-08,0.2799344
3.7259e-08,0.27999209999999997
3.7261e-08,0.28004569999999995
3.7263e-08,0.28009509999999993
3.7265e-08,0.2801407
3.7267e-08,0.28018240000000005
3.7269e-08,0.28022040000000004
3.7271e-08,0.2802548
3.7273e-08,0.28028569999999997
3.7275e-08,0.2803131
3.7277e-08,0.28033719999999995
3.7279e-08,0.2803582
3.7281e-08,0.28037599999999996
3.7283e-08,0.2803907
3.7285e-08,0.28040260000000006
3.7287e-08,0.28041150000000004
3.7289e-08,0.28041760000000004
3.7291e-08,0.2804211
3.7293e-08,0.2804220999999999
3.7295e-08,0.2804204
3.7297e-08,0.28041630000000006
3.7299e-08,0.2804099000000001
3.7301e-08,0.28040110000000007
3.7303e-08,0.28039020000000003
3.7305e-08,0.280377
3.7307e-08,0.2803618
3.7309e-08,0.2803445
3.7311e-08,0.28032539999999995
3.7313e-08,0.28030430000000006
3.7315e-08,0.28028149999999996
3.7317e-08,0.28025690000000003
3.7319e-08,0.2802306
3.7321e-08,0.28020259999999997
3.7323e-08,0.2801732
3.7325e-08,0.28014210000000006
3.7327e-08,0.28010959999999996
3.7329e-08,0.28007570000000004
3.7331e-08,0.2800405
3.7333e-08,0.2800039
3.7335e-08,0.27996620000000005
3.7337e-08,0.2799271000000001
3.7339e-08,0.279887
3.7341e-08,0.2798457
3.7343e-08,0.2798033
3.7345e-08,0.27976
3.7347e-08,0.2797157
3.7349e-08,0.27967050000000004
3.7351e-08,0.2796242
3.7353e-08,0.27957730000000003
3.7355e-08,0.2795295
3.7357e-08,0.2794810000000001
3.7359e-08,0.2794316
3.7361e-08,0.2793816
3.7363e-08,0.27933089999999994
3.7365e-08,0.2792797
3.7367e-08,0.2792278
3.7369e-08,0.2791753
3.7371e-08,0.2791224
3.7373e-08,0.2790688
3.7375e-08,0.27901489999999995
3.7377e-08,0.27896049999999994
3.7379e-08,0.2789056999999999
3.7381e-08,0.2788505
3.7383e-08,0.278795
3.7385e-08,0.2787390999999999
3.7387e-08,0.27868289999999996
3.7389e-08,0.2786265
3.7391e-08,0.2785698
3.7393e-08,0.2785128
3.7395e-08,0.2784557
3.7397e-08,0.27839840000000005
3.73985e-08,0.27835529999999997
3.74e-08,0.278312
3.74002e-08,0.2783063
3.74006e-08,0.2782947
3.74014e-08,0.2782716999999999
3.7403e-08,0.27822539999999996
3.7405e-08,0.27816759999999996
3.7407e-08,0.27810960000000007
3.7409e-08,0.27805159999999995
3.7411e-08,0.2779935
3.7413e-08,0.2779355
3.7415e-08,0.2778773
3.7417e-08,0.27781920000000004
3.7419e-08,0.2777611000000001
3.7421e-08,0.2777031
3.7423e-08,0.27764500000000003
3.7425e-08,0.2775871
3.7427e-08,0.27752920000000003
3.7429e-08,0.27747140000000003
3.7431e-08,0.27741379999999993
3.7433e-08,0.27735620000000005
3.7435e-08,0.2772987
3.7437e-08,0.27724150000000003
3.7439e-08,0.27718429999999994
3.7441e-08,0.27712729999999997
3.7443e-08,0.2770705
3.7445e-08,0.2770138999999999
3.7447e-08,0.27695749999999997
3.7449e-08,0.2769011
3.7451e-08,0.27684509999999996
3.7453e-08,0.2767893
3.7455e-08,0.2767337000000001
3.7457e-08,0.27667829999999993
3.7459e-08,0.2766233
3.7461e-08,0.27656840000000005
3.7463e-08,0.27651380000000003
3.7465e-08,0.2764594
3.7467e-08,0.2764054
3.7469e-08,0.2763515999999999
3.7471e-08,0.27629799999999993
3.7473e-08,0.27624479999999996
3.7475e-08,0.27619189999999993
3.7477e-08,0.2761393000000001
3.7479e-08,0.2760868999999999
3.7481e-08,0.27603489999999997
3.7483e-08,0.2759832
3.7485e-08,0.27593179999999995
3.7487e-08,0.2758807999999999
3.7489e-08,0.27583
3.7491e-08,0.27577949999999996
3.7493e-08,0.27572949999999996
3.7495e-08,0.2756797999999999
3.7497e-08,0.2756303
3.7499e-08,0.2755812999999999
3.7501e-08,0.27553250000000007
3.7503e-08,0.27548419999999996
3.7505e-08,0.2754361000000001
3.7507e-08,0.2753884
3.7509e-08,0.2753411
3.7511e-08,0.2752941
3.7513e-08,0.2752475
3.7515e-08,0.27520120000000003
3.7517e-08,0.2751553
3.7519e-08,0.27510980000000007
3.7521e-08,0.2750646
3.7523e-08,0.2750197000000001
3.7525e-08,0.2749752
3.7527e-08,0.2749311
3.7529e-08,0.2748874
3.7531e-08,0.2748440999999999
3.7533e-08,0.2748010000000001
3.7535e-08,0.27475840000000007
3.7537e-08,0.2747161
3.7539e-08,0.27467410000000003
3.7541e-08,0.2746326
3.7543e-08,0.2745915
3.7545e-08,0.2745506
3.7547e-08,0.2745101
3.7549e-08,0.27447
3.7551e-08,0.2744302999999999
3.7553e-08,0.2743909
3.7555e-08,0.27435180000000003
3.7557e-08,0.2743131999999999
3.7559e-08,0.2742749
3.7561e-08,0.27423699999999995
3.7563e-08,0.2741994000000001
3.7565e-08,0.27416209999999996
3.7567e-08,0.27412519999999996
3.7569e-08,0.27408869999999996
3.7571e-08,0.27405250000000003
3.7573e-08,0.2740167
3.7575e-08,0.2739811999999999
3.7577e-08,0.2739461000000001
3.7579e-08,0.2739113000000001
3.7581e-08,0.2738769000000001
3.7583e-08,0.27384279999999994
3.7585e-08,0.27380899999999997
3.7587e-08,0.2737756
3.7589e-08,0.2737425
3.7591e-08,0.2737098
3.7593e-08,0.2736773
3.7595e-08,0.2736453
3.7597e-08,0.2736136
3.75985e-08,0.27358990000000005
3.76e-08,0.27356650000000005
3.76002e-08,0.2735643
3.76006e-08,0.2735615
3.76014e-08,0.2735664000000001
3.7603e-08,0.27359139999999993
3.7605e-08,0.2735917
3.7607e-08,0.2734894000000001
3.7609e-08,0.27322769999999996
3.7611e-08,0.2727665
3.7613e-08,0.2720783
3.7615e-08,0.27114530000000003
3.7617e-08,0.26995670000000005
3.7619e-08,0.2685075
3.7621e-08,0.26679659999999994
3.7623e-08,0.26482629999999996
3.7625e-08,0.26260079999999997
3.7627e-08,0.2601266
3.7629e-08,0.2574111
3.7631e-08,0.2544626
3.7633e-08,0.2512902
3.7635e-08,0.24790310000000004
3.7637e-08,0.2443111
3.7639e-08,0.24052399999999996
3.7641e-08,0.23655130000000002
3.7643e-08,0.23240289999999997
3.7645e-08,0.22808840000000008
3.7647e-08,0.2236171
3.7649e-08,0.21899849999999998
3.7651e-08,0.21424149999999997
3.7653e-08,0.2093550999999999
3.7655e-08,0.20434790000000003
3.7657e-08,0.19922839999999997
3.7659e-08,0.19400490000000004
3.7661e-08,0.18868510000000005
3.7663e-08,0.18327700000000002
3.7665e-08,0.1777879
3.7667e-08,0.17222530000000003
3.7669e-08,0.16659599999999997
3.7671e-08,0.16090700000000002
3.7673e-08,0.15516490000000005
3.7675e-08,0.14937599999999995
3.7677e-08,0.14354639999999996
3.7679e-08,0.13768209999999992
3.7681e-08,0.13178869999999998
3.7683e-08,0.1258720000000001
3.7685e-08,0.11993699999999996
3.7687e-08,0.11398890000000006
3.7689e-08,0.10803240000000003
3.7691e-08,0.10207250000000001
3.7693e-08,0.0961133999999999
3.7695e-08,0.09015969999999995
3.7697e-08,0.08421520000000005
3.7699e-08,0.07828400000000002
3.7701e-08,0.07236980000000004
3.7703e-08,0.06647610000000004
3.7705e-08,0.0606063
3.7707e-08,0.05476369999999997
3.7709e-08,0.04895130000000003
3.7711e-08,0.04317190000000004
3.7713e-08,0.037428499999999976
3.7715e-08,0.0317232999999999
3.7717e-08,0.026058999999999943
3.7719e-08,0.02043790000000001
3.7721e-08,0.01486199999999993
3.7723e-08,0.009333299999999989
3.7725e-08,0.0038538000000000183
3.7727e-08,-0.0015748999999999347
3.7729e-08,-0.0069509999999999295
3.7731e-08,-0.012273100000000037
3.7733e-08,-0.017539900000000053
3.7735e-08,-0.02274989999999999
3.7737e-08,-0.027902300000000047
3.7739e-08,-0.032995600000000014
3.7741e-08,-0.03802910000000004
3.7743e-08,-0.043001899999999926
3.7745e-08,-0.04791319999999999
3.7747e-08,-0.05276230000000004
3.7749e-08,-0.05754860000000006
3.7751e-08,-0.06227159999999998
3.7753e-08,-0.06693079999999996
3.7755e-08,-0.07152599999999998
3.7757e-08,-0.07605669999999998
3.7759e-08,-0.08052270000000006
3.7761e-08,-0.08492389999999994
3.7763e-08,-0.08926009999999995
3.7765e-08,-0.09353139999999993
3.7767e-08,-0.09773770000000004
3.7769e-08,-0.1018791
3.7771e-08,-0.10595560000000004
3.7773e-08,-0.1099675000000001
3.7775e-08,-0.11391479999999998
3.7777e-08,-0.11779790000000001
3.7779e-08,-0.12161710000000003
3.7781e-08,-0.1253725
3.7783e-08,-0.12906469999999992
3.7785e-08,-0.13269390000000003
3.7787e-08,-0.13626060000000007
3.7789e-08,-0.13976529999999998
3.7791e-08,-0.14320829999999996
3.7793e-08,-0.14659009999999995
3.7795e-08,-0.14991140000000003
3.7797e-08,-0.15317249999999993
3.77985e-08,-0.15557919999999992
3.78e-08,-0.15795270000000006
3.78002e-08,-0.15826629999999997
3.78006e-08,-0.15889240000000004
3.78014e-08,-0.16013769999999994
3.7803e-08,-0.16260030000000003
3.7805e-08,-0.16562679999999996
3.7807e-08,-0.16859610000000003
3.7809e-08,-0.1715087999999999
3.7811e-08,-0.17436570000000007
3.7813e-08,-0.17716719999999997
3.7815e-08,-0.17991420000000002
3.7817e-08,-0.18260719999999997
3.7819e-08,-0.18524699999999994
3.7821e-08,-0.18783400000000006
3.7823e-08,-0.19036920000000002
3.7825e-08,-0.1928531
3.7827e-08,-0.19528650000000003
3.7829e-08,-0.19767
3.7831e-08,-0.20000439999999997
3.7833e-08,-0.20229030000000003
3.7835e-08,-0.2045283
3.7837e-08,-0.20671929999999994
3.7839e-08,-0.20886399999999994
3.7841e-08,-0.21096289999999995
3.7843e-08,-0.21301670000000006
3.7845e-08,-0.21502619999999995
3.7847e-08,-0.21699219999999997
3.7849e-08,-0.21891510000000003
3.7851e-08,-0.2207958
3.7853e-08,-0.2226347999999999
3.7855e-08,-0.22443290000000005
3.7857e-08,-0.22619080000000003
3.7859e-08,-0.22790900000000003
3.7861e-08,-0.2295881999999999
3.7863e-08,-0.23122920000000002
3.7865e-08,-0.23283259999999995
3.7867e-08,-0.23439880000000002
3.7869e-08,-0.23592880000000005
3.7871e-08,-0.2374229
3.7873e-08,-0.23888189999999998
3.7875e-08,-0.24030640000000003
3.7877e-08,-0.2416969
3.7879e-08,-0.2430542
3.7881e-08,-0.24437869999999995
3.7883e-08,-0.24567110000000003
3.7885e-08,-0.24693199999999993
3.7887e-08,-0.24816190000000005
3.7889e-08,-0.24936140000000007
3.7891e-08,-0.25053099999999995
3.7893e-08,-0.2516714
3.7895e-08,-0.252783
3.7897e-08,-0.2538665
3.7899e-08,-0.2549222
3.7901e-08,-0.25595080000000003
3.7903e-08,-0.25695290000000004
3.7905e-08,-0.2579287
3.7907e-08,-0.25887899999999997
3.7909e-08,-0.25980419999999993
3.7911e-08,-0.26070479999999996
3.7913e-08,-0.2615810999999999
3.7915e-08,-0.2624339
3.7917e-08,-0.2632635
3.7919e-08,-0.2640703
3.7921e-08,-0.26485480000000006
3.7923e-08,-0.26561749999999995
3.7925e-08,-0.26635889999999995
3.7927e-08,-0.26707920000000007
3.7929e-08,-0.26777909999999994
3.7931e-08,-0.2684588
3.7933e-08,-0.26911890000000005
3.7935e-08,-0.26975970000000005
3.7937e-08,-0.2703816
3.7939e-08,-0.2709849999999999
3.7941e-08,-0.27157030000000004
3.7943e-08,-0.27213789999999993
3.7945e-08,-0.2726881
3.7947e-08,-0.27322139999999995
3.7949e-08,-0.27373800000000004
3.7951e-08,-0.27423849999999994
3.7953e-08,-0.27472299999999994
3.7955e-08,-0.275192
3.7957e-08,-0.27564559999999994
3.7959e-08,-0.27608450000000007
3.7961e-08,-0.27650889999999995
3.7963e-08,-0.27691889999999997
3.7965e-08,-0.2773150999999999
3.7967e-08,-0.2776976
3.7969e-08,-0.2780669
3.7971e-08,-0.27842310000000003
3.7973e-08,-0.2787666
3.7975e-08,-0.27909779999999995
3.7977e-08,-0.2794168
3.7979e-08,-0.2797239
3.7981e-08,-0.2800195
3.7983e-08,-0.2803038
3.7985e-08,-0.28057699999999997
3.7987e-08,-0.28083939999999996
3.7989e-08,-0.28109129999999993
3.7991e-08,-0.2813329
3.7993e-08,-0.28156439999999994
3.7995e-08,-0.2817862
3.7997e-08,-0.2819984
3.79985e-08,-0.2821515
3.8e-08,-0.2822994000000001
3.80002e-08,-0.2823186000000001
3.80006e-08,-0.2823571
3.80014e-08,-0.28243280000000004
3.8003e-08,-0.28258000000000005
3.8005e-08,-0.28275629999999996
3.8007e-08,-0.2829240999999999
3.8009e-08,-0.28308370000000005
3.8011e-08,-0.28323529999999997
3.8013e-08,-0.2833791
3.8015e-08,-0.2835151
3.8017e-08,-0.28364389999999995
3.8019e-08,-0.2837653
3.8021e-08,-0.28387969999999996
3.8023e-08,-0.2839872
3.8025e-08,-0.284088
3.8027e-08,-0.2841823
3.8029e-08,-0.2842703
3.8031e-08,-0.2843521
3.8033e-08,-0.28442790000000007
3.8035e-08,-0.2844979000000001
3.8037e-08,-0.28456210000000004
3.8039e-08,-0.28462089999999995
3.8041e-08,-0.2846742
3.8043e-08,-0.28472239999999993
3.8045e-08,-0.2847654999999999
3.8047e-08,-0.28480360000000005
3.8049e-08,-0.28483689999999995
3.8051e-08,-0.28486560000000005
3.8053e-08,-0.28488979999999997
3.8055e-08,-0.28490950000000004
3.8057e-08,-0.284925
3.8059e-08,-0.28493630000000003
3.8061e-08,-0.2849437
3.8063e-08,-0.2849471
3.8065e-08,-0.2849467
3.8067e-08,-0.28494280000000005
3.8069e-08,-0.28493520000000006
3.8071e-08,-0.2849243
3.8073e-08,-0.28490990000000005
3.8075e-08,-0.28489240000000005
3.8077e-08,-0.28487169999999995
3.8079e-08,-0.28484809999999994
3.8081e-08,-0.2848216
3.8083e-08,-0.2847921
3.8085e-08,-0.28476
3.8087e-08,-0.2847252
3.8089e-08,-0.28468799999999994
3.8091e-08,-0.2846481999999999
3.8093e-08,-0.2846061
3.8095e-08,-0.28456170000000003
3.8097e-08,-0.2845151
3.8099e-08,-0.2844664
3.8101e-08,-0.2844156
3.8103e-08,-0.2843628
3.8105e-08,-0.28430810000000006
3.8107e-08,-0.2842517
3.8109e-08,-0.28419360000000005
3.8111e-08,-0.2841336
3.8113e-08,-0.2840722
3.8115e-08,-0.2840092000000001
3.8117e-08,-0.2839446000000001
3.8119e-08,-0.28387870000000004
3.8121e-08,-0.2838115
3.8123e-08,-0.2837429
3.8125e-08,-0.28367299999999995
3.8127e-08,-0.28360209999999997
3.8129e-08,-0.28352999999999995
3.8131e-08,-0.28345680000000006
3.8133e-08,-0.28338259999999993
3.8135e-08,-0.28330750000000005
3.8137e-08,-0.2832314
3.8139e-08,-0.28315440000000003
3.8141e-08,-0.28307669999999996
3.8143e-08,-0.2829982
3.8145e-08,-0.2829187999999999
3.8147e-08,-0.2828389
3.8149e-08,-0.2827583
3.8151e-08,-0.2826772000000001
3.8153e-08,-0.2825955
3.8155e-08,-0.2825132
3.8157e-08,-0.2824304999999999
3.8159e-08,-0.2823473999999999
3.8161e-08,-0.28226380000000006
3.8163e-08,-0.2821798
3.8165e-08,-0.2820956
3.8167e-08,-0.282011
3.8169e-08,-0.28192610000000007
3.8171e-08,-0.281841
3.8173e-08,-0.2817558
3.8175e-08,-0.2816702000000001
3.8177e-08,-0.28158459999999996
3.8179e-08,-0.2814989
3.8181e-08,-0.281413
3.8183e-08,-0.28132709999999994
3.8185e-08,-0.2812411
3.8187e-08,-0.2811551
3.8189e-08,-0.2810692
3.8191e-08,-0.2809832
3.8193e-08,-0.2808972999999999
3.8195e-08,-0.2808115
3.8197e-08,-0.2807258
3.81985e-08,-0.2806615
3.82e-08,-0.2806080000000001
3.82002e-08,-0.28060299999999994
3.82006e-08,-0.28059449999999997
3.82014e-08,-0.2805826
3.8203e-08,-0.2805567
3.8205e-08,-0.2804669999999999
3.8207e-08,-0.2802530999999999
3.8209e-08,-0.2798648
3.8211e-08,-0.27926700000000004
3.8213e-08,-0.27843609999999996
3.8215e-08,-0.27735699999999996
3.8217e-08,-0.2760211
3.8219e-08,-0.2744247999999999
3.8221e-08,-0.27256840000000004
3.8223e-08,-0.27045490000000005
3.8225e-08,-0.2680893
3.8227e-08,-0.2654782
3.8229e-08,-0.2626296
3.8231e-08,-0.25955170000000005
3.8233e-08,-0.2562538
3.8235e-08,-0.2527452
3.8237e-08,-0.24903540000000002
3.8239e-08,-0.24513439999999997
3.8241e-08,-0.24105160000000003
3.8243e-08,-0.23679669999999997
3.8245e-08,-0.2323792
3.8247e-08,-0.22780849999999997
3.8249e-08,-0.2230936
3.8251e-08,-0.21824369999999993
3.8253e-08,-0.2132674
3.8255e-08,-0.2081733
3.8257e-08,-0.20296979999999998
3.8259e-08,-0.19766489999999992
3.8261e-08,-0.1922665
3.8263e-08,-0.1867822
3.8265e-08,-0.18121949999999998
3.8267e-08,-0.1755856
3.8269e-08,-0.16988740000000002
3.8271e-08,-0.16413160000000004
3.8273e-08,-0.15832480000000004
3.8275e-08,-0.15247330000000003
3.8277e-08,-0.1465829999999999
3.8279e-08,-0.14065990000000006
3.8281e-08,-0.13470970000000004
3.8283e-08,-0.12873770000000007
3.8285e-08,-0.1227492
3.8287e-08,-0.1167492
3.8289e-08,-0.11074260000000002
3.8291e-08,-0.104734
3.8293e-08,-0.09872769999999997
3.8295e-08,-0.09272809999999998
3.8297e-08,-0.08673929999999996
3.8299e-08,-0.08076499999999998
3.8301e-08,-0.07480900000000001
3.8303e-08,-0.06887469999999996
3.8305e-08,-0.06296560000000007
3.8307e-08,-0.05708480000000005
3.8309e-08,-0.05123539999999993
3.8311e-08,-0.045419999999999905
3.8313e-08,-0.039641599999999944
3.8315e-08,-0.033902600000000005
3.8317e-08,-0.02820529999999999
3.8319e-08,-0.022552099999999964
3.8321e-08,-0.016945199999999994
3.8323e-08,-0.011386400000000019
3.8325e-08,-0.00587749999999998
3.8327e-08,-0.00042029999999992906
3.8329e-08,0.004983700000000035
3.8331e-08,0.01033280000000003
3.8333e-08,0.015625800000000023
3.8335e-08,0.02086139999999992
3.8337e-08,0.026038499999999964
3.8339e-08,0.03115620000000008
3.8341e-08,0.036213200000000056
3.8343e-08,0.04120899999999994
3.8345e-08,0.046142600000000034
3.8347e-08,0.051013500000000045
3.8349e-08,0.05582110000000007
3.8351e-08,0.060564799999999974
3.8353e-08,0.06524430000000003
3.8355e-08,0.06985909999999995
3.8357e-08,0.0744091
3.8359e-08,0.07889390000000007
3.8361e-08,0.08331339999999998
3.8363e-08,0.08766759999999996
3.8365e-08,0.09195639999999994
3.8367e-08,0.09617979999999993
3.8369e-08,0.10033789999999998
3.8371e-08,0.10443069999999999
3.8373e-08,0.10845859999999996
3.8375e-08,0.11242169999999996
3.8377e-08,0.11632019999999998
3.8379e-08,0.12015430000000005
3.8381e-08,0.12392460000000005
3.8383e-08,0.12763120000000006
3.8385e-08,0.13127460000000002
3.8387e-08,0.1348553
3.8389e-08,0.13837359999999999
3.8391e-08,0.14183
3.8393e-08,0.1452249000000001
3.8395e-08,0.1485592
3.8397e-08,0.15183289999999994
3.83985e-08,0.15424910000000003
3.84e-08,0.15663170000000004
3.84002e-08,0.15694659999999994
3.84006e-08,0.15757520000000003
3.84014e-08,0.15882530000000006
3.8403e-08,0.16129760000000004
3.8405e-08,0.16433589999999998
3.8407e-08,0.1673169
3.8409e-08,0.17024119999999998
3.8411e-08,0.17310939999999997
3.8413e-08,0.17592209999999997
3.8415e-08,0.1786801
3.8417e-08,0.181384
3.8419e-08,0.18403439999999993
3.8421e-08,0.18663209999999997
3.8423e-08,0.1891777
3.8425e-08,0.19167199999999995
3.8427e-08,0.1941155
3.8429e-08,0.19650899999999993
3.8431e-08,0.1988533
3.8433e-08,0.20114900000000002
3.8435e-08,0.20339680000000004
3.8437e-08,0.20559729999999998
3.8439e-08,0.20775139999999992
3.8441e-08,0.2098597000000001
3.8443e-08,0.21192280000000008
3.8445e-08,0.2139415
3.8447e-08,0.21591649999999996
3.8449e-08,0.2178485
3.8451e-08,0.219738
3.8453e-08,0.2215859
3.8455e-08,0.2233927
3.8457e-08,0.2251592
3.8459e-08,0.22688599999999992
3.8461e-08,0.22857380000000005
3.8463e-08,0.23022319999999996
3.8465e-08,0.2318348
3.8467e-08,0.2334094
3.8469e-08,0.23494749999999998
3.8471e-08,0.23644979999999993
3.8473e-08,0.2379169
3.8475e-08,0.2393495
3.8477e-08,0.24074799999999996
3.8479e-08,0.24211310000000008
3.8481e-08,0.2434455000000001
3.8483e-08,0.24474570000000007
3.8485e-08,0.2460142999999999
3.8487e-08,0.24725189999999997
3.8489e-08,0.24845899999999999
3.8491e-08,0.24963619999999997
3.8493e-08,0.25078409999999995
3.8495e-08,0.2519032
3.8497e-08,0.2529941
3.8499e-08,0.2540572
3.8501e-08,0.25509309999999996
3.8503e-08,0.25610239999999995
3.8505e-08,0.25708549999999997
3.8507e-08,0.25804289999999996
3.8509e-08,0.2589753
3.8511e-08,0.25988290000000003
3.8513e-08,0.26076640000000006
3.8515e-08,0.2616261
3.8517e-08,0.2624626000000001
3.8519e-08,0.2632762999999999
3.8521e-08,0.26406779999999996
3.8523e-08,0.26483730000000005
3.8525e-08,0.26558539999999997
3.8527e-08,0.26631250000000006
3.8529e-08,0.26701910000000006
3.8531e-08,0.26770550000000004
3.8533e-08,0.2683721
3.8535e-08,0.2690195000000001
3.8537e-08,0.269648
3.8539e-08,0.27025790000000005
3.8541e-08,0.2708496
3.8543e-08,0.27142369999999993
3.8545e-08,0.27198029999999995
3.8547e-08,0.27251990000000004
3.8549e-08,0.2730429
3.8551e-08,0.2735495
3.8553e-08,0.2740403
3.8555e-08,0.2745155
3.8557e-08,0.2749754000000001
3.8559e-08,0.2754204
3.8561e-08,0.27585080000000006
3.8563e-08,0.2762669
3.8565e-08,0.27666899999999994
3.8567e-08,0.27705749999999996
3.8569e-08,0.2774327
3.8571e-08,0.27779489999999996
3.8573e-08,0.2781443
3.8575e-08,0.27848129999999993
3.8577e-08,0.27880610000000006
3.8579e-08,0.279119
3.8581e-08,0.2794202
3.8583e-08,0.2797102
3.8585e-08,0.27998899999999993
3.8587e-08,0.2802570999999999
3.8589e-08,0.28051459999999995
3.8591e-08,0.28076179999999995
3.8593e-08,0.2809988
3.8595e-08,0.2812260000000001
3.8597e-08,0.2814438
3.85985e-08,0.2816008
3.86e-08,0.2817528
3.86002e-08,0.28177259999999993
3.86006e-08,0.28181200000000006
3.86014e-08,0.2818899
3.8603e-08,0.28204129999999994
3.8605e-08,0.28222289999999994
3.8607e-08,0.282396
3.8609e-08,0.28256079999999995
3.8611e-08,0.2827176
3.8613e-08,0.28286639999999996
3.8615e-08,0.2830077
3.8617e-08,0.2831414
3.8619e-08,0.2832679
3.8621e-08,0.2833873
3.8623e-08,0.28349979999999997
3.8625e-08,0.2836056
3.8627e-08,0.2837048
3.8629e-08,0.28379769999999993
3.8631e-08,0.2838843
3.8633e-08,0.28396489999999996
3.8635e-08,0.28403960000000006
3.8637e-08,0.28410859999999993
3.8639e-08,0.2841720999999999
3.8641e-08,0.28423
3.8643e-08,0.28428280000000006
3.8645e-08,0.28433049999999993
3.8647e-08,0.28437310000000005
3.8649e-08,0.2844109
3.8651e-08,0.2844441
3.8653e-08,0.2844727
3.8655e-08,0.28449690000000005
3.8657e-08,0.28451669999999996
3.8659e-08,0.2845324
3.8661e-08,0.2845441000000001
3.8663e-08,0.28455169999999996
3.8665e-08,0.28455569999999997
3.8667e-08,0.2845559
3.8669e-08,0.2845525
3.8671e-08,0.2845457
3.8673e-08,0.28453549999999994
3.8675e-08,0.28452199999999994
3.8677e-08,0.2845054
3.8679e-08,0.28448569999999995
3.8681e-08,0.2844632
3.8683e-08,0.2844377
3.8685e-08,0.2844095
3.8687e-08,0.28437860000000004
3.8689e-08,0.28434519999999996
3.8691e-08,0.28430920000000004
3.8693e-08,0.28427080000000005
3.8695e-08,0.2842302
3.8697e-08,0.2841872
3.8699e-08,0.28414210000000006
3.8701e-08,0.284095
3.8703e-08,0.28404589999999996
3.8705e-08,0.2839948000000001
3.8707e-08,0.28394189999999997
3.8709e-08,0.2838872
3.8711e-08,0.28383079999999994
3.8713e-08,0.28377280000000005
3.8715e-08,0.2837132
3.8717e-08,0.28365209999999996
3.8719e-08,0.28358950000000005
3.8721e-08,0.28352559999999993
3.8723e-08,0.28346019999999994
3.8725e-08,0.28339380000000003
3.8727e-08,0.2833259
3.8729e-08,0.28325710000000004
3.8731e-08,0.28318699999999997
3.8733e-08,0.28311600000000003
3.8735e-08,0.28304399999999996
3.8737e-08,0.2829708999999999
3.8739e-08,0.28289699999999995
3.8741e-08,0.28282229999999997
3.8743e-08,0.2827468000000001
3.8745e-08,0.2826706
3.8747e-08,0.28259350000000005
3.8749e-08,0.28251589999999993
3.8751e-08,0.28243760000000007
3.8753e-08,0.28235869999999996
3.8755e-08,0.2822793
3.8757e-08,0.28219930000000004
3.8759e-08,0.28211890000000006
3.8761e-08,0.28203810000000007
3.8763e-08,0.2819568
3.8765e-08,0.2818752
3.8767e-08,0.2817934000000001
3.8769e-08,0.2817111
3.8771e-08,0.2816286
3.8773e-08,0.2815459
3.8775e-08,0.281463
3.8777e-08,0.2813798999999999
3.8779e-08,0.2812966
3.8781e-08,0.2812133
3.8783e-08,0.28112970000000004
3.8785e-08,0.28104629999999997
3.8787e-08,0.2809627
3.8789e-08,0.28087910000000005
3.8791e-08,0.2807955
3.8793e-08,0.2807119
3.8795e-08,0.28062830000000005
3.8797e-08,0.2805449
3.87985e-08,0.2804823000000001
3.88e-08,0.2804198
3.88002e-08,0.28041229999999995
3.88006e-08,0.28039919999999996
3.88014e-08,0.2803831
3.8803e-08,0.2803662
3.8805e-08,0.28031439999999996
3.8807e-08,0.28016030000000003
3.8809e-08,0.2798473
3.8811e-08,0.2793356
3.8813e-08,0.27859769999999995
3.8815e-08,0.2776158000000001
3.8817e-08,0.2763791
3.8819e-08,0.2748826
3.8821e-08,0.2731253
3.8823e-08,0.2711093
3.8825e-08,0.2688389
3.8827e-08,0.26632029999999995
3.8829e-08,0.26356080000000004
3.8831e-08,0.2605689
3.8833e-08,0.25735340000000007
3.8835e-08,0.2539237
3.8837e-08,0.2502892
3.8839e-08,0.2464598
3.8841e-08,0.24244490000000007
3.8843e-08,0.23825439999999998
3.8845e-08,0.23389759999999993
3.8847e-08,0.22938420000000004
3.8849e-08,0.2247232
3.8851e-08,0.21992389999999995
3.8853e-08,0.2149949
3.8855e-08,0.20994500000000005
3.8857e-08,0.20478249999999998
3.8859e-08,0.19951570000000007
3.8861e-08,0.1941524
3.8863e-08,0.1887006
3.8865e-08,0.18316739999999998
3.8867e-08,0.1775605
3.8869e-08,0.17188670000000006
3.8871e-08,0.1661528
3.8873e-08,0.16036550000000005
3.8875e-08,0.15453109999999992
3.8877e-08,0.1486558
3.8879e-08,0.14274549999999997
3.8881e-08,0.13680599999999998
3.8883e-08,0.13084279999999993
3.8885e-08,0.12486109999999995
3.8887e-08,0.11886600000000003
3.8889e-08,0.11286269999999998
3.8891e-08,0.10685539999999993
3.8893e-08,0.10084899999999997
3.8895e-08,0.09484769999999998
3.8897e-08,0.08885570000000009
3.8899e-08,0.08287679999999997
3.8901e-08,0.0769147
3.8903e-08,0.07097319999999996
3.8905e-08,0.0650556000000001
3.8907e-08,0.05916510000000008
3.8909e-08,0.05330480000000004
3.8911e-08,0.04747770000000007
3.8913e-08,0.0416863999999999
3.8915e-08,0.03593370000000007
3.8917e-08,0.030221800000000076
3.8919e-08,0.024553200000000053
3.8921e-08,0.018929900000000055
3.8923e-08,0.013354099999999924
3.8925e-08,0.007827600000000046
3.8927e-08,0.0023522000000000265
3.8929e-08,-0.0030706000000000344
3.8931e-08,-0.008439100000000033
3.8933e-08,-0.013752100000000045
3.8935e-08,-0.019008099999999972
3.8937e-08,-0.02420599999999995
3.8939e-08,-0.02934479999999995
3.8941e-08,-0.034423299999999935
3.8943e-08,-0.0394409
3.8945e-08,-0.04439660000000001
3.8947e-08,-0.0492899
3.8949e-08,-0.054120100000000004
3.8951e-08,-0.05888660000000001
3.8953e-08,-0.063589
3.8955e-08,-0.06822689999999998
3.8957e-08,-0.07279999999999998
3.8959e-08,-0.07730800000000004
3.8961e-08,-0.08175089999999996
3.8963e-08,-0.08612849999999994
3.8965e-08,-0.09044050000000003
3.8967e-08,-0.09468739999999998
3.8969e-08,-0.09886879999999998
3.8971e-08,-0.102985
3.8973e-08,-0.10703609999999997
3.8975e-08,-0.11102230000000002
3.8977e-08,-0.11494389999999999
3.8979e-08,-0.11880099999999993
3.8981e-08,-0.12259410000000004
3.8983e-08,-0.1263236000000001
3.8985e-08,-0.12998960000000004
3.8987e-08,-0.13359260000000006
3.8989e-08,-0.13713319999999996
3.8991e-08,-0.1406117
3.8993e-08,-0.1440287
3.8995e-08,-0.14738470000000004
3.8997e-08,-0.1506801000000001
3.89985e-08,-0.15311220000000003
3.9e-08,-0.1555109
3.90002e-08,-0.15582859999999998
3.90006e-08,-0.15646490000000002
3.90014e-08,-0.1577406
3.9003e-08,-0.16027809999999998
3.9005e-08,-0.16336340000000005
3.9007e-08,-0.1662826999999999
3.9009e-08,-0.16897800000000007
3.9011e-08,-0.17140919999999993
3.9013e-08,-0.17354880000000006
3.9015e-08,-0.17537999999999998
3.9017e-08,-0.17689310000000003
3.9019e-08,-0.17808449999999998
3.9021e-08,-0.17895490000000003
3.9023e-08,-0.17950830000000007
3.9025e-08,-0.179751
3.9027e-08,-0.17969120000000005
3.9029e-08,-0.17933790000000005
3.9031e-08,-0.17870160000000002
3.9033e-08,-0.17779290000000003
3.9035e-08,-0.17662250000000002
3.9037e-08,-0.17520200000000008
3.9039e-08,-0.17354239999999999
3.9041e-08,-0.17165469999999994
3.9043e-08,-0.1695500000000001
3.9045e-08,-0.16723910000000008
3.9047e-08,-0.1647324
3.9049e-08,-0.16204030000000003
3.9051e-08,-0.15917270000000006
3.9053e-08,-0.15613940000000004
3.9055e-08,-0.15294980000000002
3.9057e-08,-0.14961309999999994
3.9059e-08,-0.146138
3.9061e-08,-0.14253309999999997
3.9063e-08,-0.138807
3.9065e-08,-0.1349673
3.9067e-08,-0.13102190000000002
3.9069e-08,-0.1269783000000001
3.9071e-08,-0.1228437
3.9073e-08,-0.11862500000000009
3.9075e-08,-0.11432889999999996
3.9077e-08,-0.109962
3.9079e-08,-0.10553039999999991
3.9081e-08,-0.10104020000000002
3.9083e-08,-0.09649720000000006
3.9085e-08,-0.09190680000000007
3.9087e-08,-0.08727449999999992
3.9089e-08,-0.0826055
3.9091e-08,-0.07790459999999999
3.9093e-08,-0.07317669999999998
3.9095e-08,-0.06842630000000005
3.9097e-08,-0.06365759999999998
3.9099e-08,-0.058875200000000016
3.9101e-08,-0.05408259999999998
3.9103e-08,-0.04928410000000005
3.9105e-08,-0.0444831
3.9107e-08,-0.03968320000000003
3.9109e-08,-0.034887699999999966
3.9111e-08,-0.03009980000000001
3.9113e-08,-0.025322599999999973
3.9115e-08,-0.020558999999999994
3.9117e-08,-0.015811599999999926
3.9119e-08,-0.011083100000000012
3.9121e-08,-0.006376099999999996
3.9123e-08,-0.0016926999999999914
3.9125e-08,0.0029647999999999897
3.9127e-08,0.007594200000000106
3.9129e-08,0.012193699999999974
3.9131e-08,0.01676129999999998
3.9133e-08,0.02129520000000007
3.9135e-08,0.02579409999999993
3.9137e-08,0.03025599999999995
3.9139e-08,0.034679899999999986
3.9141e-08,0.039064200000000104
3.9143e-08,0.043407900000000055
3.9145e-08,0.04770949999999996
3.9147e-08,0.05196829999999997
3.9149e-08,0.05618310000000004
3.9151e-08,0.06035309999999994
3.9153e-08,0.06447740000000002
3.9155e-08,0.06855549999999999
3.9157e-08,0.07258640000000005
3.9159e-08,0.07656960000000002
3.9161e-08,0.08050480000000004
3.9163e-08,0.0843912
3.9165e-08,0.08822859999999999
3.9167e-08,0.0920166
3.9169e-08,0.09575489999999998
3.9171e-08,0.09944319999999995
3.9173e-08,0.10308139999999999
3.9175e-08,0.10666929999999997
3.9177e-08,0.11020669999999999
3.9179e-08,0.11369370000000001
3.9181e-08,0.11713019999999996
3.9183e-08,0.12051619999999996
3.9185e-08,0.12385190000000001
3.9187e-08,0.1271371
3.9189e-08,0.1303723
3.9191e-08,0.1335573000000001
3.9193e-08,0.13669259999999994
3.9195e-08,0.13977819999999996
3.9197e-08,0.1428144
3.91985e-08,0.14505919999999994
3.92e-08,0.14727650000000003
3.92002e-08,0.14756990000000003
3.92006e-08,0.14815560000000005
3.92014e-08,0.14932100000000004
3.9203e-08,0.15162890000000007
3.9205e-08,0.1544704
3.9207e-08,0.15726399999999996
3.9209e-08,0.1600102
3.9211e-08,0.16270929999999995
3.9213e-08,0.1653616
3.9215e-08,0.1679676
3.9217e-08,0.1705278
3.9219e-08,0.1730425
3.9221e-08,0.1755122
3.9223e-08,0.17793729999999996
3.9225e-08,0.1803184
3.9227e-08,0.18265599999999993
3.9229e-08,0.1849503
3.9231e-08,0.18720209999999993
3.9233e-08,0.18941169999999996
3.9235e-08,0.19157959999999996
3.9237e-08,0.19370660000000006
3.9239e-08,0.19579269999999993
3.9241e-08,0.19783879999999998
3.9243e-08,0.19984540000000006
3.9245e-08,0.20181280000000001
3.9247e-08,0.20374160000000008
3.9249e-08,0.2056325
3.9251e-08,0.20748580000000005
3.9253e-08,0.2093020000000001
3.9255e-08,0.21108190000000004
3.9257e-08,0.2128257
3.9259e-08,0.21453409999999995
3.9261e-08,0.21620760000000006
3.9263e-08,0.2178466
3.9265e-08,0.21945179999999997
3.9267e-08,0.22102349999999993
3.9269e-08,0.2225623
3.9271e-08,0.22406890000000002
3.9273e-08,0.2255435
3.9275e-08,0.22698679999999993
3.9277e-08,0.22839910000000008
3.9279e-08,0.22978109999999996
3.9281e-08,0.23113320000000004
3.9283e-08,0.23245590000000005
3.9285e-08,0.23374969999999995
3.9287e-08,0.23501490000000003
3.9289e-08,0.23625229999999997
3.9291e-08,0.23746219999999996
3.9293e-08,0.23864490000000005
3.9295e-08,0.23980120000000005
3.9297e-08,0.24093129999999996
3.9299e-08,0.24203569999999996
3.9301e-08,0.24311499999999997
3.9303e-08,0.24416930000000003
3.9305e-08,0.24519940000000007
3.9307e-08,0.2462055999999999
3.9309e-08,0.24718819999999997
3.9311e-08,0.24814769999999997
3.9313e-08,0.24908470000000005
3.9315e-08,0.24999929999999992
3.9317e-08,0.25089209999999995
3.9319e-08,0.2517634999999999
3.9321e-08,0.2526138
3.9323e-08,0.25344350000000004
3.9325e-08,0.2542529
3.9327e-08,0.2550424
3.9329e-08,0.25581240000000005
3.9331e-08,0.25656329999999994
3.9333e-08,0.2572953
3.9335e-08,0.2580089
3.9337e-08,0.25870439999999995
3.9339e-08,0.25938229999999995
3.9341e-08,0.2600428
3.9343e-08,0.26068610000000003
3.9345e-08,0.26131289999999996
3.9347e-08,0.2619231999999999
3.9349e-08,0.26251729999999995
3.9351e-08,0.26309590000000005
3.9353e-08,0.263659
3.9355e-08,0.26420699999999997
3.9357e-08,0.2647402
3.9359e-08,0.2652588
3.9361e-08,0.2657632999999999
3.9363e-08,0.26625370000000004
3.9365e-08,0.26673059999999993
3.9367e-08,0.2671941
3.9369e-08,0.26764450000000006
3.9371e-08,0.26808219999999994
3.9373e-08,0.2685073
3.9375e-08,0.2689201000000001
3.9377e-08,0.2693208
3.9379e-08,0.2697098
3.9381e-08,0.27008730000000003
3.9383e-08,0.2704535
3.9385e-08,0.2708087
3.9387e-08,0.2711530999999999
3.9389e-08,0.2714869
3.9391e-08,0.2718104
3.9393e-08,0.27212369999999997
3.9395e-08,0.2724272
3.9397e-08,0.272721
3.93985e-08,0.2729353
3.94e-08,0.2731547999999999
3.94002e-08,0.27318580000000003
3.94006e-08,0.2732488999999999
3.94014e-08,0.27337939999999994
3.9403e-08,0.27363380000000004
3.9405e-08,0.27388619999999997
3.9407e-08,0.2740051
3.9409e-08,0.27394070000000004
3.9411e-08,0.27365800000000007
3.9413e-08,0.27313350000000003
3.9415e-08,0.2723525
3.9417e-08,0.2713065
3.9419e-08,0.26999249999999997
3.9421e-08,0.2684107
3.9423e-08,0.2665643
3.9425e-08,0.264459
3.9427e-08,0.26210140000000004
3.9429e-08,0.25949939999999994
3.9431e-08,0.2566619
3.9433e-08,0.2535982000000001
3.9435e-08,0.25031780000000003
3.9437e-08,0.2468304
3.9439e-08,0.24314590000000003
3.9441e-08,0.2392742
3.9443e-08,0.23522489999999996
3.9445e-08,0.23100770000000004
3.9447e-08,0.2266321
3.9449e-08,0.2221073
3.9451e-08,0.21744240000000004
3.9453e-08,0.2126462
3.9455e-08,0.2077274
3.9457e-08,0.20269440000000005
3.9459e-08,0.19755540000000005
3.9461e-08,0.1923182
3.9463e-08,0.18699069999999995
3.9465e-08,0.1815804000000001
3.9467e-08,0.17609419999999998
3.9469e-08,0.17053950000000007
3.9471e-08,0.16492300000000004
3.9473e-08,0.15925120000000004
3.9475e-08,0.1535303
3.9477e-08,0.14776670000000003
3.9479e-08,0.14196619999999993
3.9481e-08,0.13613449999999994
3.9483e-08,0.13027719999999998
3.9485e-08,0.1243995
3.9487e-08,0.11850630000000006
3.9489e-08,0.1126028
3.9491e-08,0.1066935
3.9493e-08,0.10078300000000007
3.9495e-08,0.0948755
3.9497e-08,0.08897520000000003
3.9499e-08,0.08308590000000005
3.9501e-08,0.07721160000000005
3.9503e-08,0.07135559999999996
3.9505e-08,0.06552150000000001
3.9507e-08,0.05971250000000006
3.9509e-08,0.05393159999999997
3.9511e-08,0.04818179999999994
3.9513e-08,0.042465899999999945
3.9515e-08,0.03678629999999994
3.9517e-08,0.031145699999999943
3.9519e-08,0.02554639999999997
3.9521e-08,0.019990399999999964
3.9523e-08,0.014479800000000043
3.9525e-08,0.00901659999999993
3.9527e-08,0.003602500000000064
3.9529e-08,-0.0017608000000000068
3.9531e-08,-0.007071700000000014
3.9533e-08,-0.012329000000000034
3.9535e-08,-0.01753110000000002
3.9537e-08,-0.022677000000000058
3.9539e-08,-0.0277655
3.9541e-08,-0.03279569999999998
3.9543e-08,-0.037766500000000036
3.9545e-08,-0.042677399999999976
3.9547e-08,-0.04752730000000005
3.9549e-08,-0.05231580000000002
3.9551e-08,-0.05704229999999999
3.9553e-08,-0.06170629999999999
3.9555e-08,-0.06630740000000002
3.9557e-08,-0.0708453
3.9559e-08,-0.07531949999999998
3.9561e-08,-0.07973010000000003
3.9563e-08,-0.08407679999999995
3.9565e-08,-0.08835950000000004
3.9567e-08,-0.0925783
3.9569e-08,-0.09673299999999996
3.9571e-08,-0.10082390000000008
3.9573e-08,-0.10485100000000003
3.9575e-08,-0.10881449999999993
3.9577e-08,-0.1127146
3.9579e-08,-0.11655140000000008
3.9581e-08,-0.12032540000000003
3.9583e-08,-0.12403680000000006
3.9585e-08,-0.12768600000000008
3.9587e-08,-0.13127329999999993
3.9589e-08,-0.1347992
3.9591e-08,-0.1382641
3.9593e-08,-0.14166839999999992
3.9595e-08,-0.1450127
3.9597e-08,-0.1482973999999999
3.95985e-08,-0.15072220000000003
3.96e-08,-0.15311379999999997
3.96002e-08,-0.15343079999999998
3.96006e-08,-0.15406530000000007
3.96014e-08,-0.15533759999999996
3.9603e-08,-0.15786889999999998
3.9605e-08,-0.1609469
3.9607e-08,-0.16385969999999994
3.9609e-08,-0.16654919999999995
3.9611e-08,-0.16897489999999993
3.9613e-08,-0.17110979999999998
3.9615e-08,-0.17293650000000005
3.9617e-08,-0.17444559999999998
3.9619e-08,-0.1756335
3.9621e-08,-0.1765008
3.9623e-08,-0.17705150000000003
3.9625e-08,-0.17729170000000005
3.9627e-08,-0.1772298
3.9629e-08,-0.17687489999999995
3.9631e-08,-0.17623730000000004
3.9633e-08,-0.17532749999999997
3.9635e-08,-0.1741566
3.9637e-08,-0.1727358
3.9639e-08,-0.17107629999999996
3.9641e-08,-0.16918909999999998
3.9643e-08,-0.1670853
3.9645e-08,-0.16477569999999997
3.9647e-08,-0.1622707
3.9649e-08,-0.15958070000000002
3.9651e-08,-0.1567157
3.9653e-08,-0.15368539999999997
3.9655e-08,-0.1504991
3.9657e-08,-0.14716609999999997
3.9659e-08,-0.14369520000000002
3.9661e-08,-0.14009510000000003
3.9663e-08,-0.13637390000000005
3.9665e-08,-0.13253970000000004
3.9667e-08,-0.1286003
3.9669e-08,-0.12456299999999998
3.9671e-08,-0.12043510000000002
3.9673e-08,-0.11622359999999998
3.9675e-08,-0.11193509999999995
3.9677e-08,-0.10757609999999995
3.9679e-08,-0.10315289999999999
3.9681e-08,-0.09867150000000002
3.9683e-08,-0.09413759999999993
3.9685e-08,-0.08955690000000005
3.9687e-08,-0.08493450000000002
3.9689e-08,-0.08027580000000001
3.9691e-08,-0.07558560000000003
3.9693e-08,-0.0708687
3.9695e-08,-0.06612960000000001
3.9697e-08,-0.06137270000000006
3.9699e-08,-0.05660220000000005
3.9701e-08,-0.051821999999999924
3.9703e-08,-0.04703599999999997
3.9705e-08,-0.04224799999999995
3.9707e-08,-0.03746119999999997
3.9709e-08,-0.03267909999999996
3.9711e-08,-0.027904999999999958
3.9713e-08,-0.02314179999999999
3.9715e-08,-0.01839219999999997
3.9717e-08,-0.013659199999999982
3.9719e-08,-0.008945300000000045
3.9721e-08,-0.00425310000000001
3.9723e-08,0.00041530000000000733
3.9725e-08,0.005057599999999995
3.9727e-08,0.00967170000000006
3.9729e-08,0.014255699999999982
3.9731e-08,0.018807600000000035
3.9733e-08,0.02332590000000001
3.9735e-08,0.027808799999999967
3.9737e-08,0.032254899999999975
3.9739e-08,0.0366626000000001
3.9741e-08,0.041030800000000034
3.9743e-08,0.04535810000000007
3.9745e-08,0.049643400000000004
3.9747e-08,0.053885799999999984
3.9749e-08,0.05808409999999997
3.9751e-08,0.062237600000000004
3.9753e-08,0.0663454
3.9755e-08,0.07040679999999999
3.9757e-08,0.07442110000000002
3.9759e-08,0.07838789999999995
3.9761e-08,0.08230630000000005
3.9763e-08,0.08617610000000009
3.9765e-08,0.08999690000000005
3.9767e-08,0.09376830000000003
3.9769e-08,0.09748999999999997
3.9771e-08,0.10116170000000002
3.9773e-08,0.10478340000000008
3.9775e-08,0.10835479999999997
3.9777e-08,0.11187570000000002
3.9779e-08,0.11534630000000001
3.9781e-08,0.1187665
3.9783e-08,0.12213609999999997
3.9785e-08,0.12545550000000005
3.9787e-08,0.12872459999999997
3.9789e-08,0.13194359999999994
3.9791e-08,0.13511269999999997
3.9793e-08,0.1382319999999999
3.9795e-08,0.14130169999999997
3.9797e-08,0.14432199999999995
3.97985e-08,0.14655510000000005
3.98e-08,0.14876060000000002
3.98002e-08,0.14905239999999997
3.98006e-08,0.14963499999999996
3.98014e-08,0.1507942
3.9803e-08,0.15308960000000005
3.9805e-08,0.15591559999999993
3.9807e-08,0.15869389999999994
3.9809e-08,0.16142479999999992
3.9811e-08,0.1641087
3.9813e-08,0.16674600000000006
3.9815e-08,0.16933710000000002
3.9817e-08,0.17188250000000005
3.9819e-08,0.17438240000000005
3.9821e-08,0.17683749999999998
3.9823e-08,0.17924810000000002
3.9825e-08,0.18161480000000008
3.9827e-08,0.1839381
3.9829e-08,0.1862182
3.9831e-08,0.1884559
3.9833e-08,0.19065149999999997
3.9835e-08,0.19280569999999997
3.9837e-08,0.19491879999999995
3.9839e-08,0.19699140000000004
3.9841e-08,0.19902399999999998
3.9843e-08,0.2010172
3.9845e-08,0.20297129999999997
3.9847e-08,0.20488699999999993
3.9849e-08,0.20676490000000003
3.9851e-08,0.2086053
3.9853e-08,0.21040880000000006
3.9855e-08,0.21217589999999997
3.9857e-08,0.21390720000000008
3.9859e-08,0.2156032
3.9861e-08,0.21726420000000002
3.9863e-08,0.2188911
3.9865e-08,0.22048420000000002
3.9867e-08,0.22204390000000007
3.9869e-08,0.22357099999999996
3.9871e-08,0.22506579999999998
3.9873e-08,0.22652869999999992
3.9875e-08,0.2279605
3.9877e-08,0.2293615
3.9879e-08,0.2307321
3.9881e-08,0.23207309999999992
3.9883e-08,0.23338479999999995
3.9885e-08,0.23466749999999992
3.9887e-08,0.23592200000000008
3.9889e-08,0.2371487
3.9891e-08,0.238348
3.9893e-08,0.23952019999999996
3.9895e-08,0.2406661
3.9897e-08,0.2417859
3.9899e-08,0.24288009999999993
3.9901e-08,0.24394919999999998
3.9903e-08,0.24499369999999998
3.9905e-08,0.2460138999999999
3.9907e-08,0.24701030000000002
3.9909e-08,0.24798319999999996
3.9911e-08,0.2489332999999999
3.9913e-08,0.24986070000000005
3.9915e-08,0.25076599999999993
3.9917e-08,0.25164960000000003
3.9919e-08,0.25251179999999995
3.9921e-08,0.2533531
3.9923e-08,0.2541738
3.9925e-08,0.25497440000000005
3.9927e-08,0.2557551
3.9929e-08,0.25651630000000003
3.9931e-08,0.2572586
3.9933e-08,0.25798220000000005
3.9935e-08,0.2586874
3.9937e-08,0.25937470000000007
3.9939e-08,0.26004419999999995
3.9941e-08,0.26069659999999995
3.9943e-08,0.261332
3.9945e-08,0.2619507
3.9947e-08,0.26255319999999993
3.9949e-08,0.2631397
3.9951e-08,0.2637106
3.9953e-08,0.26426609999999995
3.9955e-08,0.26480649999999994
3.9957e-08,0.2653323000000001
3.9959e-08,0.26584360000000007
3.9961e-08,0.2663407
3.9963e-08,0.2668241
3.9965e-08,0.2672938
3.9967e-08,0.2677503
3.9969e-08,0.2681937
3.9971e-08,0.2686246
3.9973e-08,0.2690428
3.9975e-08,0.2694489
3.9977e-08,0.2698431
3.9979e-08,0.2702255
3.9981e-08,0.27059640000000007
3.9983e-08,0.27095630000000004
3.9985e-08,0.27130509999999997
3.9987e-08,0.2716432
3.9989e-08,0.27197080000000007
3.9991e-08,0.2722882
3.9993e-08,0.2725955
3.9995e-08,0.27289299999999994
3.9997e-08,0.273181
3.99985e-08,0.27339079999999993
4e-08,0.2735953
4.00002e-08,0.2736229
4.00006e-08,0.27368000000000003
4.00014e-08,0.27380309999999997
4.0003e-08,0.27406030000000003
4.0005e-08,0.2743428
4.0007e-08,0.2745141000000001
4.0009e-08,0.2745177
4.0011e-08,0.27431379999999994
4.0013e-08,0.27387529999999993
4.0015e-08,0.2731846
4.0017e-08,0.2722312
4.0019e-08,0.2710102999999999
4.0021e-08,0.269521
4.0023e-08,0.2677659
4.0025e-08,0.2657494
4.0027e-08,0.263478
4.0029e-08,0.2609593
4.0031e-08,0.25820180000000004
4.0033e-08,0.25521460000000007
4.0035e-08,0.2520072
4.0037e-08,0.2485892999999999
4.0039e-08,0.24497069999999999
4.0041e-08,0.24116130000000002
4.0043e-08,0.2371707999999999
4.0045e-08,0.23300889999999996
4.0047e-08,0.22868509999999997
4.0049e-08,0.22420879999999999
4.0051e-08,0.21958919999999993
4.0053e-08,0.214835
4.0055e-08,0.20995509999999995
4.0057e-08,0.20495790000000003
4.0059e-08,0.19985180000000002
4.0061e-08,0.1946447
4.0063e-08,0.18934439999999997
4.0065e-08,0.18395850000000002
4.0067e-08,0.17849439999999994
4.0069e-08,0.17295910000000003
4.0071e-08,0.16735940000000005
4.0073e-08,0.16170220000000002
4.0075e-08,0.1559937
4.0077e-08,0.1502401
4.0079e-08,0.14444749999999995
4.0081e-08,0.13862180000000002
4.0083e-08,0.1327684
4.0085e-08,0.12689260000000002
4.0087e-08,0.12099969999999993
4.0089e-08,0.11509460000000005
4.0091e-08,0.10918220000000001
4.0093e-08,0.10326679999999999
4.0095e-08,0.09735300000000002
4.0097e-08,0.09144479999999999
4.0099e-08,0.08554640000000002
4.0101e-08,0.07966150000000005
4.0103e-08,0.07379380000000002
4.0105e-08,0.06794670000000003
4.0107e-08,0.0621235
4.0109e-08,0.056327499999999975
4.0111e-08,0.05056150000000004
4.0113e-08,0.0448284000000001
4.0115e-08,0.03913080000000002
4.0117e-08,0.03347129999999998
4.0119e-08,0.027852300000000052
4.0121e-08,0.022275799999999957
4.0123e-08,0.016744199999999987
4.0125e-08,0.011259200000000025
4.0127e-08,0.005822800000000017
4.0129e-08,0.0004366000000000092
4.0131e-08,-0.004897800000000063
4.0133e-08,-0.01017889999999999
4.0135e-08,-0.015405400000000014
4.0137e-08,-0.02057589999999998
4.0139e-08,-0.025689399999999973
4.0141e-08,-0.030745000000000022
4.0143e-08,-0.035741400000000034
4.0145e-08,-0.04067799999999999
4.0147e-08,-0.04555399999999998
4.0149e-08,-0.05036879999999999
4.0151e-08,-0.05512169999999994
4.0153e-08,-0.059812100000000035
4.0155e-08,-0.06443979999999994
4.0157e-08,-0.06900419999999996
4.0159e-08,-0.07350520000000005
4.0161e-08,-0.07794250000000003
4.0163e-08,-0.0823159
4.0165e-08,-0.08662530000000002
4.0167e-08,-0.09087069999999997
4.0169e-08,-0.09505200000000003
4.0171e-08,-0.09916940000000007
4.0173e-08,-0.10322280000000006
4.0175e-08,-0.10721259999999999
4.0177e-08,-0.11113879999999998
4.0179e-08,-0.11500169999999998
4.0181e-08,-0.1188015
4.0183e-08,-0.1225387
4.0185e-08,-0.12621329999999997
4.0187e-08,-0.129826
4.0189e-08,-0.1333768999999999
4.0191e-08,-0.1368667
4.0193e-08,-0.14029579999999997
4.0195e-08,-0.14366459999999992
4.0197e-08,-0.14697349999999998
4.01985e-08,-0.14941630000000006
4.02e-08,-0.1518258
4.02002e-08,-0.1521442999999999
4.02006e-08,-0.15278019999999992
4.02014e-08,-0.15404479999999998
4.0203e-08,-0.15654630000000003
4.0205e-08,-0.15962149999999997
4.0207e-08,-0.1626398
4.0209e-08,-0.16560149999999996
4.0211e-08,-0.1685076000000001
4.0213e-08,-0.17135829999999996
4.0215e-08,-0.1741547
4.0217e-08,-0.17689699999999997
4.0219e-08,-0.17958610000000008
4.0221e-08,-0.18222270000000007
4.0223e-08,-0.1848071
4.0225e-08,-0.18734040000000007
4.0227e-08,-0.18982310000000002
4.0229e-08,-0.19225579999999998
4.0231e-08,-0.19463940000000002
4.0233e-08,-0.19697429999999994
4.0235e-08,-0.19926129999999997
4.0237e-08,-0.2015011
4.0239e-08,-0.20369440000000005
4.0241e-08,-0.20584179999999996
4.0243e-08,-0.20794409999999997
4.0245e-08,-0.21000180000000002
4.0247e-08,-0.21201570000000003
4.0249e-08,-0.21398640000000002
4.0251e-08,-0.21591479999999996
4.0253e-08,-0.21780120000000003
4.0255e-08,-0.21964650000000008
4.0257e-08,-0.22145130000000002
4.0259e-08,-0.2232162000000001
4.0261e-08,-0.22494190000000003
4.0263e-08,-0.2266292000000001
4.0265e-08,-0.22827849999999994
4.0267e-08,-0.22989040000000005
4.0269e-08,-0.23146579999999994
4.0271e-08,-0.23300520000000002
4.0273e-08,-0.23450910000000003
4.0275e-08,-0.23597820000000003
4.0277e-08,-0.23741310000000004
4.0279e-08,-0.23881439999999998
4.0281e-08,-0.24018280000000003
4.0283e-08,-0.24151870000000009
4.0285e-08,-0.24282269999999995
4.0287e-08,-0.24409550000000002
4.0289e-08,-0.2453377
4.0291e-08,-0.24654959999999992
4.0293e-08,-0.24773200000000006
4.0295e-08,-0.24888529999999998
4.0297e-08,-0.2500101
4.0299e-08,-0.2511068999999999
4.0301e-08,-0.2521763
4.0303e-08,-0.2532187
4.0305e-08,-0.2542346999999999
4.0307e-08,-0.25522480000000003
4.0309e-08,-0.25618949999999996
4.0311e-08,-0.2571293
4.0313e-08,-0.2580445
4.0315e-08,-0.2589359
4.0317e-08,-0.2598035999999999
4.0319e-08,-0.2606484
4.0321e-08,-0.2614706
4.0323e-08,-0.2622706
4.0325e-08,-0.26304890000000003
4.0327e-08,-0.263806
4.0329e-08,-0.2645421
4.0331e-08,-0.26525790000000005
4.0333e-08,-0.26595369999999996
4.0335e-08,-0.2666299
4.0337e-08,-0.2672869
4.0339e-08,-0.2679251
4.0341e-08,-0.2685449
4.0343e-08,-0.26914669999999996
4.0345e-08,-0.26973079999999994
4.0347e-08,-0.2702977
4.0349e-08,-0.27084759999999997
4.0351e-08,-0.271381
4.0353e-08,-0.2718982000000001
4.0355e-08,-0.2723995
4.0357e-08,-0.2728853
4.0359e-08,-0.27335580000000004
4.0361e-08,-0.27381160000000004
4.0363e-08,-0.2742529
4.0365e-08,-0.2746799000000001
4.0367e-08,-0.27509300000000003
4.0369e-08,-0.2754926
4.0371e-08,-0.2758788
4.0373e-08,-0.2762521
4.0375e-08,-0.2766126
4.0377e-08,-0.2769608
4.0379e-08,-0.2772968
4.0381e-08,-0.27762089999999995
4.0383e-08,-0.27793349999999994
4.0385e-08,-0.27823469999999995
4.0387e-08,-0.27852489999999996
4.0389e-08,-0.27880419999999995
4.0391e-08,-0.27907309999999996
4.0393e-08,-0.27933149999999995
4.0395e-08,-0.27957999999999994
4.0397e-08,-0.27981860000000003
4.03985e-08,-0.2799912
4.04e-08,-0.28015860000000004
4.04002e-08,-0.2801812
4.04006e-08,-0.2802283
4.04014e-08,-0.28033149999999996
4.0403e-08,-0.2805489
4.0405e-08,-0.2807817
4.0407e-08,-0.2809037999999999
4.0409e-08,-0.2808585
4.0411e-08,-0.2806067
4.0413e-08,-0.2801209
4.0415e-08,-0.27938379999999996
4.0417e-08,-0.2783848
4.0419e-08,-0.27711929999999996
4.0421e-08,-0.275586
4.0423e-08,-0.2737878
4.0425e-08,-0.2717288
4.0427e-08,-0.26941550000000003
4.0429e-08,-0.2668555
4.0431e-08,-0.26405710000000004
4.0433e-08,-0.2610295
4.0435e-08,-0.25778200000000007
4.0437e-08,-0.2543241999999999
4.0439e-08,-0.2506659
4.0441e-08,-0.2468168999999999
4.0443e-08,-0.24278699999999998
4.0445e-08,-0.23858560000000006
4.0447e-08,-0.2342223
4.0449e-08,-0.22970649999999992
4.0451e-08,-0.225047
4.0453e-08,-0.22025300000000003
4.0455e-08,-0.21533309999999994
4.0457e-08,-0.21029580000000003
4.0459e-08,-0.20514920000000003
4.0461e-08,-0.19990149999999995
4.0463e-08,-0.19456019999999996
4.0465e-08,-0.18913309999999994
4.0467e-08,-0.1836274
4.0469e-08,-0.17805020000000005
4.0471e-08,-0.17240849999999996
4.0473e-08,-0.16670890000000005
4.0475e-08,-0.16095769999999998
4.0477e-08,-0.15516130000000006
4.0479e-08,-0.14932540000000005
4.0481e-08,-0.1434563000000001
4.0483e-08,-0.13755910000000005
4.0485e-08,-0.13163939999999996
4.0487e-08,-0.12570230000000004
4.0489e-08,-0.11975290000000005
4.0491e-08,-0.1137958
4.0493e-08,-0.10783579999999993
4.0495e-08,-0.101877
4.0497e-08,-0.09592389999999995
4.0499e-08,-0.08998030000000001
4.0501e-08,-0.08405020000000007
4.0503e-08,-0.07813709999999996
4.0505e-08,-0.07224469999999994
4.0507e-08,-0.0663762
4.0509e-08,-0.0605348
4.0511e-08,-0.05472339999999998
4.0513e-08,-0.04894489999999996
4.0515e-08,-0.04320199999999996
4.0517e-08,-0.037497299999999956
4.0519e-08,-0.031833
4.0521e-08,-0.026211500000000054
4.0523e-08,-0.02063490000000001
4.0525e-08,-0.015105099999999982
4.0527e-08,-0.009623999999999966
4.0529e-08,-0.004193400000000014
4.0531e-08,0.0011852999999999447
4.0533e-08,0.006510500000000086
4.0535e-08,0.011780899999999983
4.0537e-08,0.016995199999999988
4.0539e-08,0.022152100000000008
4.0541e-08,0.02725079999999991
4.0543e-08,0.03229009999999999
4.0545e-08,0.03726940000000001
4.0547e-08,0.04218769999999994
4.0549e-08,0.0470444000000001
4.0551e-08,0.05183910000000003
4.0553e-08,0.05657089999999998
4.0555e-08,0.06123959999999995
4.0557e-08,0.06584479999999993
4.0559e-08,0.07038620000000007
4.0561e-08,0.07486349999999997
4.0563e-08,0.07927660000000003
4.0565e-08,0.08362530000000001
4.0567e-08,0.08790969999999998
4.0569e-08,0.09212960000000003
4.0571e-08,0.09628520000000007
4.0573e-08,0.10037649999999998
4.0575e-08,0.10440369999999999
4.0577e-08,0.10836689999999993
4.0579e-08,0.11226649999999994
4.0581e-08,0.1161027
4.0583e-08,0.11987560000000008
4.0585e-08,0.12358579999999997
4.0587e-08,0.12723359999999995
4.0589e-08,0.1308191999999999
4.0591e-08,0.1343434
4.0593e-08,0.13780629999999994
4.0595e-08,0.14120860000000002
4.0597e-08,0.14455070000000003
4.05985e-08,0.14701810000000004
4.06e-08,0.14945199999999992
4.06002e-08,0.14977450000000003
4.06006e-08,0.15042029999999995
4.06014e-08,0.15171489999999999
4.0603e-08,0.15429039999999994
4.0605e-08,0.15742319999999999
4.0607e-08,0.16038989999999997
4.0609e-08,0.16313239999999996
4.0611e-08,0.1656103
4.0613e-08,0.1677963
4.0615e-08,0.16967330000000003
4.0617e-08,0.1712317
4.0619e-08,0.1724679
4.0621e-08,0.1733827
4.0623e-08,0.17397989999999997
4.0625e-08,0.17426579999999992
4.0627e-08,0.17424879999999998
4.0629e-08,0.17393789999999998
4.0631e-08,0.17334349999999998
4.0633e-08,0.17247619999999997
4.0635e-08,0.17134709999999997
4.0637e-08,0.1699674
4.0639e-08,0.1683482999999999
4.0641e-08,0.166501
4.0643e-08,0.16443640000000004
4.0645e-08,0.16216549999999996
4.0647e-08,0.15969850000000008
4.0649e-08,0.15704610000000008
4.0651e-08,0.15421810000000002
4.0653e-08,0.15122429999999998
4.0655e-08,0.14807420000000004
4.0657e-08,0.1447769
4.0659e-08,0.14134139999999995
4.0661e-08,0.1377759999999999
4.0663e-08,0.1340891999999999
4.0665e-08,0.13028910000000005
4.0667e-08,0.12638329999999998
4.0669e-08,0.12237929999999997
4.0671e-08,0.11828440000000007
4.0673e-08,0.11410540000000002
4.0675e-08,0.10984910000000003
4.0677e-08,0.105522
4.0679e-08,0.10113040000000006
4.0681e-08,0.0966802
4.0683e-08,0.09217710000000001
4.0685e-08,0.08762689999999995
4.0687e-08,0.08303480000000008
4.0689e-08,0.07840589999999992
4.0691e-08,0.07374530000000001
4.0693e-08,0.06905759999999994
4.0695e-08,0.0643475
4.0697e-08,0.05961919999999998
4.0699e-08,0.054876900000000006
4.0701e-08,0.05012470000000002
4.0703e-08,0.045366499999999976
4.0705e-08,0.04060569999999997
4.0707e-08,0.035845899999999986
4.0709e-08,0.031090599999999968
4.0711e-08,0.0263428
4.0713e-08,0.021605499999999944
4.0715e-08,0.016881799999999947
4.0717e-08,0.012174199999999913
4.0719e-08,0.007485399999999975
4.0721e-08,0.0028177999999999814
4.0723e-08,-0.0018260999999999417
4.0725e-08,-0.006444300000000069
4.0727e-08,-0.011034600000000006
4.0729e-08,-0.015595000000000026
4.0731e-08,-0.020123900000000083
4.0733e-08,-0.024619199999999952
4.0735e-08,-0.02907970000000004
4.0737e-08,-0.03350350000000002
4.0739e-08,-0.03788939999999996
4.0741e-08,-0.04223589999999999
4.0743e-08,-0.04654200000000008
4.0745e-08,-0.05080640000000003
4.0747e-08,-0.055028100000000024
4.0749e-08,-0.05920610000000004
4.0751e-08,-0.06333960000000005
4.0753e-08,-0.06742770000000009
4.0755e-08,-0.07146969999999997
4.0757e-08,-0.07546490000000006
4.0759e-08,-0.07941279999999995
4.0761e-08,-0.08331280000000008
4.0763e-08,-0.08716449999999998
4.0765e-08,-0.09096729999999997
4.0767e-08,-0.0947211
4.0769e-08,-0.09842540000000011
4.0771e-08,-0.10208010000000001
4.0773e-08,-0.10568500000000003
4.0775e-08,-0.1092398
4.0777e-08,-0.11274449999999991
4.0779e-08,-0.11619920000000006
4.0781e-08,-0.11960369999999998
4.0783e-08,-0.12295800000000001
4.0785e-08,-0.1262622
4.0787e-08,-0.12951639999999998
4.0789e-08,-0.13272080000000008
4.0791e-08,-0.13587550000000004
4.0793e-08,-0.13898069999999996
4.0795e-08,-0.1420365
4.0797e-08,-0.14504320000000004
4.07985e-08,-0.1472662
4.08e-08,-0.14946189999999993
4.08002e-08,-0.14975229999999995
4.08006e-08,-0.15033220000000003
4.08014e-08,-0.15148620000000002
4.0803e-08,-0.1537714
4.0805e-08,-0.15658470000000002
4.0807e-08,-0.1593506
4.0809e-08,-0.1620691999999999
4.0811e-08,-0.16474109999999997
4.0813e-08,-0.16736660000000003
4.0815e-08,-0.1699461
4.0817e-08,-0.17247999999999997
4.0819e-08,-0.17496889999999998
4.0821e-08,-0.17741300000000004
4.0823e-08,-0.1798128
4.0825e-08,-0.18216899999999991
4.0827e-08,-0.18448180000000003
4.0829e-08,-0.18675180000000002
4.0831e-08,-0.18897949999999997
4.0833e-08,-0.19116539999999993
4.0835e-08,-0.19330990000000003
4.0837e-08,-0.19541350000000002
4.0839e-08,-0.19747690000000007
4.0841e-08,-0.1995003999999999
4.0843e-08,-0.2014846
4.0845e-08,-0.20343
4.0847e-08,-0.20533710000000005
4.0849e-08,-0.20720650000000007
4.0851e-08,-0.20903870000000002
4.0853e-08,-0.21083399999999997
4.0855e-08,-0.21259320000000004
4.0857e-08,-0.21431669999999992
4.0859e-08,-0.216005
4.0861e-08,-0.21765860000000004
4.0863e-08,-0.21927810000000003
4.0865e-08,-0.2208639
4.0867e-08,-0.22241650000000002
4.0869e-08,-0.22393660000000004
4.0871e-08,-0.22542450000000003
4.0873e-08,-0.22688070000000005
4.0875e-08,-0.22830590000000006
4.0877e-08,-0.22970040000000003
4.0879e-08,-0.23106480000000007
4.0881e-08,-0.23239949999999998
4.0883e-08,-0.23370499999999994
4.0885e-08,-0.23498180000000002
4.0887e-08,-0.2362305
4.0889e-08,-0.23745129999999992
4.0891e-08,-0.23864490000000005
4.0893e-08,-0.2398116
4.0895e-08,-0.24095199999999994
4.0897e-08,-0.24206650000000007
4.0899e-08,-0.24315549999999997
4.0901e-08,-0.24421950000000003
4.0903e-08,-0.2452588
4.0905e-08,-0.246274
4.0907e-08,-0.24726559999999997
4.0909e-08,-0.24823379999999995
4.0911e-08,-0.2491791
4.0913e-08,-0.25010199999999994
4.0915e-08,-0.25100279999999997
4.0917e-08,-0.25188200000000005
4.0919e-08,-0.2527399
4.0921e-08,-0.25357680000000005
4.0923e-08,-0.2543934
4.0925e-08,-0.2551898
4.0927e-08,-0.25596660000000004
4.0929e-08,-0.2567239
4.0931e-08,-0.2574622999999999
4.0933e-08,-0.2581819999999999
4.0935e-08,-0.2588836000000001
4.0937e-08,-0.25956709999999994
4.0939e-08,-0.2602331
4.0941e-08,-0.26088199999999995
4.0943e-08,-0.26151389999999997
4.0945e-08,-0.2621293
4.0947e-08,-0.2627284
4.0949e-08,-0.2633116
4.0951e-08,-0.2638792
4.0953e-08,-0.26443150000000004
4.0955e-08,-0.26496890000000006
4.0957e-08,-0.2654917
4.0959e-08,-0.266
4.0961e-08,-0.2664943000000001
4.0963e-08,-0.2669747
4.0965e-08,-0.2674417
4.0967e-08,-0.26789549999999995
4.0969e-08,-0.2683362
4.0971e-08,-0.26876429999999996
4.0973e-08,-0.26918
4.0975e-08,-0.2695835
4.0977e-08,-0.2699751
4.0979e-08,-0.27035509999999996
4.0981e-08,-0.27072359999999995
4.0983e-08,-0.27108109999999996
4.0985e-08,-0.2714276
4.0987e-08,-0.27176350000000005
4.0989e-08,-0.2720887999999999
4.0991e-08,-0.272404
4.0993e-08,-0.27270910000000004
4.0995e-08,-0.2730045
4.0997e-08,-0.27329040000000004
4.09985e-08,-0.27349860000000004
4.1e-08,-0.27370170000000005
4.10002e-08,-0.2737292
4.10006e-08,-0.27378579999999997
4.10014e-08,-0.2739081000000001
4.1003e-08,-0.2741636999999999
4.1005e-08,-0.2744443
4.1007e-08,-0.2746138
4.1009e-08,-0.27461540000000007
4.1011e-08,-0.2744097999999999
4.1013e-08,-0.2739695000000001
4.1015e-08,-0.27327709999999994
4.1017e-08,-0.2723220999999999
4.1019e-08,-0.27109950000000005
4.1021e-08,-0.2696088
4.1023e-08,-0.2678520999999999
4.1025e-08,-0.265834
4.1027e-08,-0.26356120000000005
4.1029e-08,-0.2610411
4.1031e-08,-0.25828209999999996
4.1033e-08,-0.25529350000000006
4.1035e-08,-0.2520848
4.1037e-08,-0.24866559999999993
4.1039e-08,-0.24504570000000003
4.1041e-08,-0.24123499999999998
4.1043e-08,-0.23724329999999993
4.1045e-08,-0.23308019999999996
4.1047e-08,-0.22875519999999994
4.1049e-08,-0.2242776999999999
4.1051e-08,-0.21965690000000004
4.1053e-08,-0.21490160000000003
4.1055e-08,-0.2100206
4.1057e-08,-0.20502240000000005
4.1059e-08,-0.1999150999999999
4.1061e-08,-0.19470699999999996
4.1063e-08,-0.1894057
4.1065e-08,-0.18401880000000004
4.1067e-08,-0.17855350000000003
4.1069e-08,-0.17301719999999998
4.1071e-08,-0.16741650000000008
4.1073e-08,-0.16175819999999996
4.1075e-08,-0.15604870000000004
4.1077e-08,-0.15029420000000004
4.1079e-08,-0.14450070000000004
4.1081e-08,-0.13867410000000002
4.1083e-08,-0.13281959999999993
4.1085e-08,-0.12694300000000003
4.1087e-08,-0.12104920000000008
4.1089e-08,-0.11514329999999995
4.1091e-08,-0.10922989999999999
4.1093e-08,-0.1033136
4.1095e-08,-0.09739890000000007
4.1097e-08,-0.09148999999999996
4.1099e-08,-0.08559070000000002
4.1101e-08,-0.07970490000000008
4.1103e-08,-0.07383640000000002
4.1105e-08,-0.06798859999999995
4.1107e-08,-0.062164600000000014
4.1109e-08,-0.05636779999999997
4.1111e-08,-0.05060100000000001
4.1113e-08,-0.044867199999999996
4.1115e-08,-0.03916890000000006
4.1117e-08,-0.0335086
4.1119e-08,-0.027888899999999994
4.1121e-08,-0.022311700000000045
4.1123e-08,-0.01677929999999994
4.1125e-08,-0.011293600000000015
4.1127e-08,-0.00585659999999999
4.1129e-08,-0.0004697000000000173
4.1131e-08,0.004865299999999961
4.1133e-08,0.010147100000000076
4.1135e-08,0.015374200000000005
4.1137e-08,0.02054529999999999
4.1139e-08,0.025659499999999946
4.1141e-08,0.030715600000000065
4.1143e-08,0.03571259999999998
4.1145e-08,0.04064979999999996
4.1147e-08,0.04552639999999997
4.1149e-08,0.050341700000000045
4.1151e-08,0.05509509999999995
4.1153e-08,0.059786100000000064
4.1155e-08,0.06441429999999992
4.1157e-08,0.06897930000000008
4.1159e-08,0.07348080000000001
4.1161e-08,0.07791860000000006
4.1163e-08,0.08229240000000004
4.1165e-08,0.08660230000000002
4.1167e-08,0.09084820000000005
4.1169e-08,0.09503000000000006
4.1171e-08,0.09914770000000006
4.1173e-08,0.10320170000000006
4.1175e-08,0.1071919
4.1177e-08,0.11111850000000001
4.1179e-08,0.11498180000000002
4.1181e-08,0.1187821
4.1183e-08,0.1225195
4.1185e-08,0.1261947
4.1187e-08,0.12980760000000002
4.1189e-08,0.133359
4.1191e-08,0.1368492
4.1193e-08,0.14027859999999992
4.1195e-08,0.14364770000000004
4.1197e-08,0.146957
4.11985e-08,0.14940009999999992
4.12e-08,0.1518098
4.12002e-08,0.15212919999999996
4.12006e-08,0.15276860000000003
4.12014e-08,0.15405049999999998
4.1203e-08,0.15660079999999998
4.1205e-08,0.15970240000000002
4.1207e-08,0.1626383
4.1209e-08,0.16535060000000001
4.1211e-08,0.16779890000000008
4.1213e-08,0.16995589999999994
4.1215e-08,0.17180440000000008
4.1217e-08,0.17333500000000002
4.1219e-08,0.17454389999999997
4.1221e-08,0.17543180000000003
4.1223e-08,0.17600269999999996
4.1225e-08,0.17626300000000006
4.1227e-08,0.1762207
4.1229e-08,0.17588499999999996
4.1231e-08,0.1752663000000001
4.1233e-08,0.1743751
4.1235e-08,0.17322250000000006
4.1237e-08,0.17181980000000008
4.1239e-08,0.17017800000000005
4.1241e-08,0.16830829999999997
4.1243e-08,0.16622170000000003
4.1245e-08,0.16392909999999994
4.1247e-08,0.16144079999999994
4.1249e-08,0.15876729999999994
4.1251e-08,0.1559184
4.1253e-08,0.15290400000000004
4.1255e-08,0.14973349999999996
4.1257e-08,0.1464162
4.1259e-08,0.1429606
4.1261e-08,0.13937549999999999
4.1263e-08,0.1356693
4.1265e-08,0.13184980000000002
4.1267e-08,0.12792479999999995
4.1269e-08,0.12390180000000006
4.1271e-08,0.11978810000000006
4.1273e-08,0.11559049999999993
4.1275e-08,0.11131570000000002
4.1277e-08,0.10697030000000007
4.1279e-08,0.10256050000000005
4.1281e-08,0.09809219999999996
4.1283e-08,0.09357129999999991
4.1285e-08,0.08900330000000001
4.1287e-08,0.08439370000000002
4.1289e-08,0.07974729999999997
4.1291e-08,0.0750693
4.1293e-08,0.07036450000000005
4.1295e-08,0.06563730000000001
4.1297e-08,0.060892100000000005
4.1299e-08,0.056133099999999936
4.1301e-08,0.05136429999999992
4.1303e-08,0.0465894
4.1305e-08,0.041812300000000024
4.1307e-08,0.03703639999999997
4.1309e-08,0.03226499999999999
4.1311e-08,0.027501200000000003
4.1313e-08,0.022748199999999996
4.1315e-08,0.018008800000000047
4.1317e-08,0.013285800000000014
4.1319e-08,0.008581700000000025
4.1321e-08,0.0038989000000000384
4.1323e-08,-0.0007599999999999829
4.1325e-08,-0.0053930999999999285
4.1327e-08,-0.00999810000000001
4.1329e-08,-0.014573200000000064
4.1331e-08,-0.019116400000000033
4.1333e-08,-0.023626099999999983
4.1335e-08,-0.02810060000000003
4.1337e-08,-0.03253840000000008
4.1339e-08,-0.036938099999999974
4.1341e-08,-0.04129830000000001
4.1343e-08,-0.04561789999999999
4.1345e-08,-0.04989569999999999
4.1347e-08,-0.05413060000000003
4.1349e-08,-0.05832159999999997
4.1351e-08,-0.06246790000000002
4.1353e-08,-0.06656879999999998
4.1355e-08,-0.07062329999999994
4.1357e-08,-0.07463089999999994
4.1359e-08,-0.07859110000000002
4.1361e-08,-0.0825032
4.1363e-08,-0.08636680000000008
4.1365e-08,-0.09018139999999997
4.1367e-08,-0.09394669999999994
4.1369e-08,-0.09766249999999999
4.1371e-08,-0.10132859999999999
4.1373e-08,-0.10494459999999994
4.1375e-08,-0.10851060000000001
4.1377e-08,-0.11202620000000008
4.1379e-08,-0.11549159999999992
4.1381e-08,-0.11890649999999992
4.1383e-08,-0.12227129999999997
4.1385e-08,-0.12558580000000008
4.1387e-08,-0.12885020000000003
4.1389e-08,-0.13206459999999998
4.1391e-08,-0.1352291
4.1393e-08,-0.13834400000000002
4.1395e-08,-0.14140940000000002
4.1397e-08,-0.14442560000000004
4.13985e-08,-0.1466556
4.14e-08,-0.1488581
4.14002e-08,-0.14915029999999996
4.14006e-08,-0.14973550000000002
4.14014e-08,-0.15091030000000005
4.1403e-08,-0.15325109999999997
4.1405e-08,-0.15609930000000005
4.1407e-08,-0.1587908
4.1409e-08,-0.1612675
4.1411e-08,-0.16348859999999998
4.1413e-08,-0.16542610000000002
4.1415e-08,-0.16706310000000002
4.1417e-08,-0.1683893999999999
4.1419e-08,-0.16940120000000003
4.1421e-08,-0.17009890000000005
4.1423e-08,-0.17048629999999998
4.1425e-08,-0.17056949999999993
4.1427e-08,-0.17035650000000002
4.1429e-08,-0.1698562
4.1431e-08,-0.16907890000000003
4.1433e-08,-0.1680349
4.1435e-08,-0.16673520000000008
4.1437e-08,-0.16519090000000003
4.1439e-08,-0.16341309999999998
4.1441e-08,-0.16141280000000002
4.1443e-08,-0.15920080000000003
4.1445e-08,-0.15678770000000009
4.1447e-08,-0.15418430000000005
4.1449e-08,-0.15140049999999994
4.1451e-08,-0.14844630000000003
4.1453e-08,-0.1453314
4.1455e-08,-0.14206529999999995
4.1457e-08,-0.13865680000000002
4.1459e-08,-0.13511479999999998
4.1461e-08,-0.131448
4.1463e-08,-0.12766429999999995
4.1465e-08,-0.12377179999999999
4.1467e-08,-0.1197781
4.1469e-08,-0.11569079999999998
4.1471e-08,-0.11151680000000008
4.1473e-08,-0.1072632
4.1475e-08,-0.10293640000000004
4.1477e-08,-0.09854280000000004
4.1479e-08,-0.09408889999999992
4.1481e-08,-0.08958030000000006
4.1483e-08,-0.08502290000000001
4.1485e-08,-0.080422
4.1487e-08,-0.07578300000000004
4.1489e-08,-0.07111089999999998
4.1491e-08,-0.06641059999999999
4.1493e-08,-0.06168680000000004
4.1495e-08,-0.056943999999999995
4.1497e-08,-0.05218630000000002
4.1499e-08,-0.04741810000000002
4.1501e-08,-0.042642999999999986
4.1503e-08,-0.03786489999999998
4.1505e-08,-0.03308729999999993
4.1507e-08,-0.028313800000000056
4.1509e-08,-0.023547600000000002
4.1511e-08,-0.01879160000000002
4.1513e-08,-0.014048999999999978
4.1515e-08,-0.009322400000000064
4.1517e-08,-0.0046143999999999075
4.1519e-08,7.209999999990835e-05
4.1521e-08,0.004735099999999992
4.1523e-08,0.009372200000000053
4.1525e-08,0.01398110000000008
4.1527e-08,0.018560200000000027
4.1529e-08,0.023107299999999942
4.1531e-08,0.027620699999999943
4.1533e-08,0.03209879999999998
4.1535e-08,0.03653989999999996
4.1537e-08,0.040942799999999946
4.1539e-08,0.04530590000000001
4.1541e-08,0.04962820000000001
4.1543e-08,0.05390830000000002
4.1545e-08,0.05814510000000006
4.1547e-08,0.062337899999999946
4.1549e-08,0.06648560000000003
4.1551e-08,0.07058730000000002
4.1553e-08,0.07464250000000006
4.1555e-08,0.07865030000000006
4.1557e-08,0.08261020000000008
4.1559e-08,0.08652159999999998
4.1561e-08,0.09038410000000008
4.1563e-08,0.09419709999999992
4.1565e-08,0.09796059999999995
4.1567e-08,0.10167400000000004
4.1569e-08,0.10533720000000002
4.1571e-08,0.10894990000000004
4.1573e-08,0.11251199999999995
4.1575e-08,0.11602349999999995
4.1577e-08,0.11948410000000009
4.1579e-08,0.1228941
4.1581e-08,0.12625320000000007
4.1583e-08,0.1295617
4.1585e-08,0.13281960000000004
4.1587e-08,0.13602710000000007
4.1589e-08,0.13918430000000004
4.1591e-08,0.1422913
4.1593e-08,0.1453485
4.1595e-08,0.1483561
4.1597e-08,0.15131420000000007
4.15985e-08,0.1535006
4.16e-08,0.15565949999999995
4.16002e-08,0.15594580000000002
4.16006e-08,0.15651939999999998
4.16014e-08,0.15767089999999995
4.1603e-08,0.15996510000000008
4.1605e-08,0.16275510000000004
4.1607e-08,0.1653888
4.1609e-08,0.16780810000000002
4.1611e-08,0.16997220000000002
4.1613e-08,0.1718535
4.1615e-08,0.1734348
4.1617e-08,0.17470620000000003
4.1619e-08,0.1756639000000001
4.1621e-08,0.17630820000000003
4.1623e-08,0.17664290000000005
4.1625e-08,0.17667389999999994
4.1627e-08,0.17640940000000005
4.1629e-08,0.17585830000000002
4.1631e-08,0.17503060000000004
4.1633e-08,0.1739368
4.1635e-08,0.17258790000000002
4.1637e-08,0.17099470000000005
4.1639e-08,0.16916829999999994
4.1641e-08,0.1671197000000001
4.1643e-08,0.1648598
4.1645e-08,0.1623992999999999
4.1647e-08,0.1597483999999999
4.1649e-08,0.15691739999999998
4.1651e-08,0.1539163
4.1653e-08,0.15075460000000007
4.1655e-08,0.1474417
4.1657e-08,0.14398670000000002
4.1659e-08,0.14039820000000003
4.1661e-08,0.13668480000000005
4.1663e-08,0.1328547
4.1665e-08,0.12891589999999997
4.1667e-08,0.12487579999999998
4.1669e-08,0.12074209999999996
4.1671e-08,0.11652180000000001
4.1673e-08,0.11222179999999993
4.1675e-08,0.10784869999999991
4.1677e-08,0.10340890000000003
4.1679e-08,0.09890860000000001
4.1681e-08,0.09435369999999998
4.1683e-08,0.08974990000000005
4.1685e-08,0.08510269999999998
4.1687e-08,0.08041739999999997
4.1689e-08,0.07569910000000002
4.1691e-08,0.07095269999999998
4.1693e-08,0.06618270000000004
4.1695e-08,0.061393699999999995
4.1697e-08,0.05658990000000008
4.1699e-08,0.05177559999999992
4.1701e-08,0.04695459999999996
4.1703e-08,0.04213060000000002
4.1705e-08,0.03730729999999993
4.1707e-08,0.03248820000000008
4.1709e-08,0.027676399999999934
4.1711e-08,0.022875100000000037
4.1713e-08,0.018087100000000023
4.1715e-08,0.013315500000000036
4.1717e-08,0.008562700000000034
4.1719e-08,0.0038314000000000403
4.1721e-08,-0.0008760999999999353
4.1723e-08,-0.005557400000000046
4.1725e-08,-0.010210599999999959
4.1727e-08,-0.014833499999999944
4.1729e-08,-0.01942429999999995
4.1731e-08,-0.023981099999999977
4.1733e-08,-0.02850229999999998
4.1735e-08,-0.03298639999999997
4.1737e-08,-0.037431800000000015
4.1739e-08,-0.041837299999999966
4.1741e-08,-0.046201599999999954
4.1743e-08,-0.05052349999999994
4.1745e-08,-0.054801700000000064
4.1747e-08,-0.059035599999999966
4.1749e-08,-0.06322419999999995
4.1751e-08,-0.06736639999999994
4.1753e-08,-0.07146169999999996
4.1755e-08,-0.0755093
4.1757e-08,-0.07950869999999999
4.1759e-08,-0.08345920000000007
4.1761e-08,-0.08736050000000006
4.1763e-08,-0.09121210000000002
4.1765e-08,-0.09501359999999992
4.1767e-08,-0.09876479999999999
4.1769e-08,-0.10246520000000003
4.1771e-08,-0.10611490000000001
4.1773e-08,-0.10971370000000003
4.1775e-08,-0.11326130000000001
4.1777e-08,-0.11675789999999997
4.1779e-08,-0.1202032999999999
4.1781e-08,-0.12359760000000009
4.1783e-08,-0.12694080000000008
4.1785e-08,-0.1302331
4.1787e-08,-0.13347450000000005
4.1789e-08,-0.1366653000000001
4.1791e-08,-0.13980559999999997
4.1793e-08,-0.1428956
4.1795e-08,-0.1459357
4.1797e-08,-0.148926
4.17985e-08,-0.15113620000000005
4.18e-08,-0.1533188000000001
4.18002e-08,-0.15360739999999995
4.18006e-08,-0.15418370000000003
4.18014e-08,-0.15533059999999999
4.1803e-08,-0.157601
4.1805e-08,-0.16039550000000002
4.1807e-08,-0.16314189999999995
4.1809e-08,-0.16584069999999995
4.1811e-08,-0.16849230000000004
4.1813e-08,-0.1710971
4.1815e-08,-0.17365529999999996
4.1817e-08,-0.17616769999999993
4.1819e-08,-0.17863449999999992
4.1821e-08,-0.18105630000000006
4.1823e-08,-0.18343350000000003
4.1825e-08,-0.18576670000000006
4.1827e-08,-0.1880562
4.1829e-08,-0.19030270000000005
4.1831e-08,-0.19250660000000008
4.1833e-08,-0.19466839999999996
4.1835e-08,-0.19678870000000004
4.1837e-08,-0.1988679
4.1839e-08,-0.20090659999999994
4.1841e-08,-0.20290530000000007
4.1843e-08,-0.2048645
4.1845e-08,-0.2067848
4.1847e-08,-0.20866669999999998
4.1849e-08,-0.21051069999999994
4.1851e-08,-0.21231730000000004
4.1853e-08,-0.21408709999999997
4.1855e-08,-0.21582060000000003
4.1857e-08,-0.2175184
4.1859e-08,-0.2191809
4.1861e-08,-0.22080869999999997
4.1863e-08,-0.22240230000000005
4.1865e-08,-0.22396229999999995
4.1867e-08,-0.22548899999999994
4.1869e-08,-0.22698320000000005
4.1871e-08,-0.22844510000000007
4.1873e-08,-0.2298755
4.1875e-08,-0.23127470000000006
4.1877e-08,-0.23264340000000006
4.1879e-08,-0.23398189999999996
4.1881e-08,-0.2352907999999999
4.1883e-08,-0.23657059999999996
4.1885e-08,-0.23782179999999997
4.1887e-08,-0.2390447
4.1889e-08,-0.24024
4.1891e-08,-0.24140799999999996
4.1893e-08,-0.24254929999999997
4.1895e-08,-0.2436644
4.1897e-08,-0.24475349999999996
4.1899e-08,-0.24581730000000002
4.1901e-08,-0.24685619999999997
4.1903e-08,-0.24787059999999994
4.1905e-08,-0.248861
4.1907e-08,-0.24982769999999999
4.1909e-08,-0.25077119999999997
4.1911e-08,-0.25169189999999997
4.1913e-08,-0.25259030000000005
4.1915e-08,-0.25346669999999993
4.1917e-08,-0.2543215999999999
4.1919e-08,-0.2551553999999999
4.1921e-08,-0.25596849999999993
4.1923e-08,-0.25676109999999996
4.1925e-08,-0.25753380000000003
4.1927e-08,-0.25828699999999993
4.1929e-08,-0.2590209
4.1931e-08,-0.25973599999999997
4.1933e-08,-0.26043249999999996
4.1935e-08,-0.261111
4.1937e-08,-0.26177170000000005
4.1939e-08,-0.26241499999999995
4.1941e-08,-0.2630412
4.1943e-08,-0.26365060000000007
4.1945e-08,-0.26424369999999997
4.1947e-08,-0.26482059999999996
4.1949e-08,-0.26538190000000006
4.1951e-08,-0.2659277
4.1953e-08,-0.26645830000000004
4.1955e-08,-0.26697419999999994
4.1957e-08,-0.2674755
4.1959e-08,-0.26796260000000005
4.1961e-08,-0.2684358
4.1963e-08,-0.26889530000000006
4.1965e-08,-0.2693414999999999
4.1967e-08,-0.2697746999999999
4.1969e-08,-0.2701950000000001
4.1971e-08,-0.27060280000000003
4.1973e-08,-0.2709984
4.1975e-08,-0.27138190000000006
4.1977e-08,-0.2717537
4.1979e-08,-0.27211399999999997
4.1981e-08,-0.27246309999999996
4.1983e-08,-0.27280119999999997
4.1985e-08,-0.27312860000000005
4.1987e-08,-0.27344540000000006
4.1989e-08,-0.27375190000000005
4.1991e-08,-0.2740484000000001
4.1993e-08,-0.274335
4.1995e-08,-0.2746121
4.1997e-08,-0.2748796
4.19985e-08,-0.2750743
4.2e-08,-0.2752639
4.20002e-08,-0.2752896
4.20006e-08,-0.2753426
4.20014e-08,-0.2754578
4.2003e-08,-0.2756993
4.2005e-08,-0.27596240000000005
4.2007e-08,-0.27611450000000004
4.2009e-08,-0.27609929999999994
4.2011e-08,-0.2758771000000001
4.2013e-08,-0.2754206
4.2015e-08,-0.2747123
4.2017e-08,-0.2737417
4.2019e-08,-0.2725040000000001
4.2021e-08,-0.2709983
4.2023e-08,-0.26922709999999994
4.2025e-08,-0.26719479999999995
4.2027e-08,-0.2649079000000001
4.2029e-08,-0.26237410000000005
4.2031e-08,-0.2596018
4.2033e-08,-0.2565999
4.2035e-08,-0.253378
4.2037e-08,-0.24994590000000005
4.2039e-08,-0.2463132
4.2041e-08,-0.24248990000000004
4.2043e-08,-0.23848559999999996
4.2045e-08,-0.23431009999999997
4.2047e-08,-0.22997290000000004
4.2049e-08,-0.2254832000000001
4.2051e-08,-0.2208502
4.2053e-08,-0.21608289999999997
4.2055e-08,-0.21118989999999993
4.2057e-08,-0.20617970000000008
4.2059e-08,-0.20106060000000003
4.2061e-08,-0.19584059999999992
4.2063e-08,-0.1905274
4.2065e-08,-0.18512859999999998
4.2067e-08,-0.17965170000000008
4.2069e-08,-0.17410359999999991
4.2071e-08,-0.16849120000000006
4.2073e-08,-0.1628212
4.2075e-08,-0.15710009999999996
4.2077e-08,-0.15133379999999996
4.2079e-08,-0.1455288
4.2081e-08,-0.1396904
4.2083e-08,-0.1338244999999999
4.2085e-08,-0.1279363
4.2087e-08,-0.12203090000000005
4.2089e-08,-0.11611349999999998
4.2091e-08,-0.11018860000000008
4.2093e-08,-0.10426089999999999
4.2095e-08,-0.0983349
4.2097e-08,-0.09241449999999996
4.2099e-08,-0.08650389999999997
4.2101e-08,-0.08060699999999998
4.2103e-08,-0.0747272
4.2105e-08,-0.06886809999999999
4.2107e-08,-0.063033
4.2109e-08,-0.05722510000000003
4.2111e-08,-0.05144740000000003
4.2113e-08,-0.04570260000000004
4.2115e-08,-0.039993500000000015
4.2117e-08,-0.03432249999999992
4.2119e-08,-0.02869200000000005
4.2121e-08,-0.02310420000000002
4.2123e-08,-0.017561199999999944
4.2125e-08,-0.01206510000000005
4.2127e-08,-0.006617500000000054
4.2129e-08,-0.0012204000000000104
4.2131e-08,0.004124900000000098
4.2133e-08,0.009416800000000003
4.2135e-08,0.014653899999999997
4.2137e-08,0.019835100000000105
4.2139e-08,0.024959100000000012
4.2141e-08,0.03002500000000008
4.2143e-08,0.035031799999999946
4.2145e-08,0.03997850000000003
4.2147e-08,0.044864499999999974
4.2149e-08,0.049689299999999936
4.2151e-08,0.054451999999999945
4.2153e-08,0.05915209999999993
4.2155e-08,0.0637894
4.2157e-08,0.06836339999999996
4.2159e-08,0.07287379999999999
4.2161e-08,0.07732020000000006
4.2163e-08,0.08170279999999996
4.2165e-08,0.08602130000000008
4.2167e-08,0.09027560000000001
4.2169e-08,0.09446580000000004
4.2171e-08,0.09859180000000001
4.2173e-08,0.10265389999999996
4.2175e-08,0.10665209999999992
4.2177e-08,0.11058659999999998
4.2179e-08,0.1144577
4.2181e-08,0.11826570000000003
4.2183e-08,0.12201080000000009
4.2185e-08,0.1256935
4.2187e-08,0.12931389999999998
4.2189e-08,0.1328725999999999
4.2191e-08,0.13637
4.2193e-08,0.13980650000000006
4.2195e-08,0.14318260000000005
4.2197e-08,0.14649880000000004
4.21985e-08,0.14894699999999994
4.22e-08,0.15136190000000005
4.22002e-08,0.15168179999999998
4.22006e-08,0.15232259999999997
4.22014e-08,0.1536071
4.2203e-08,0.1561627
4.2205e-08,0.15927080000000005
4.2207e-08,0.16221320000000006
4.2209e-08,0.16493190000000002
4.2211e-08,0.1673863
4.2213e-08,0.16954930000000001
4.2215e-08,0.17140370000000005
4.2217e-08,0.17293999999999998
4.2219e-08,0.17415459999999994
4.2221e-08,0.17504799999999998
4.2223e-08,0.1756244
4.2225e-08,0.17588989999999993
4.2227e-08,0.17585269999999997
4.2229e-08,0.17552230000000002
4.2231e-08,0.17490850000000002
4.2233e-08,0.17402220000000002
4.2235e-08,0.17287450000000004
4.2237e-08,0.17147629999999991
4.2239e-08,0.16983930000000003
4.2241e-08,0.16797410000000002
4.2243e-08,0.16589200000000004
4.2245e-08,0.1636036999999999
4.2247e-08,0.1611197000000001
4.2249e-08,0.15845050000000005
4.2251e-08,0.15560580000000002
4.2253e-08,0.15259560000000005
4.2255e-08,0.14942920000000004
4.2257e-08,0.14611580000000002
4.2259e-08,0.14266429999999997
4.2261e-08,0.13908320000000007
4.2263e-08,0.13538079999999997
4.2265e-08,0.13156520000000005
4.2267e-08,0.12764399999999998
4.2269e-08,0.12362479999999998
4.2271e-08,0.11951480000000003
4.2273e-08,0.1153208
4.2275e-08,0.11104970000000003
4.2277e-08,0.10670799999999991
4.2279e-08,0.10230159999999999
4.2281e-08,0.0978369
4.2283e-08,0.0933195
4.2285e-08,0.08875500000000003
4.2287e-08,0.08414870000000008
4.2289e-08,0.07950580000000007
4.2291e-08,0.07483119999999999
4.2293e-08,0.0701295999999999
4.2295e-08,0.06540570000000001
4.2297e-08,0.060663800000000045
4.2299e-08,0.055908100000000016
4.2301e-08,0.05114240000000003
4.2303e-08,0.046370799999999934
4.2305e-08,0.04159679999999999
4.2307e-08,0.03682399999999997
4.2309e-08,0.03205559999999996
4.2311e-08,0.02729490000000001
4.2313e-08,0.02254489999999998
4.2315e-08,0.017808500000000005
4.2317e-08,0.0130884
4.2319e-08,0.008387200000000039
4.2321e-08,0.00370730000000008
4.2323e-08,-0.0009489000000000303
4.2325e-08,-0.005579100000000059
4.2327e-08,-0.010181400000000007
4.2329e-08,-0.01475369999999998
4.2331e-08,-0.019294199999999928
4.2333e-08,-0.023801299999999914
4.2335e-08,-0.02827309999999994
4.2337e-08,-0.03270830000000002
4.2339e-08,-0.037105399999999955
4.2341e-08,-0.04146299999999992
4.2343e-08,-0.04578009999999999
4.2345e-08,-0.05005539999999997
4.2347e-08,-0.0542878
4.2349e-08,-0.058476399999999984
4.2351e-08,-0.06262040000000002
4.2353e-08,-0.06671889999999991
4.2355e-08,-0.07077109999999998
4.2357e-08,-0.07477650000000002
4.2359e-08,-0.07873439999999998
4.2361e-08,-0.08264419999999995
4.2363e-08,-0.08650570000000002
4.2365e-08,-0.09031809999999996
4.2367e-08,-0.09408140000000009
4.2369e-08,-0.09779510000000002
4.2371e-08,-0.10145899999999997
4.2373e-08,-0.10507300000000008
4.2375e-08,-0.10863690000000004
4.2377e-08,-0.11215059999999999
4.2379e-08,-0.11561390000000005
4.2381e-08,-0.11902710000000005
4.2383e-08,-0.12238990000000005
4.2385e-08,-0.1257026
4.2387e-08,-0.12896509999999994
4.2389e-08,-0.13217770000000006
4.2391e-08,-0.13534049999999997
4.2393e-08,-0.1384535
4.2395e-08,-0.1415172
4.2397e-08,-0.14453169999999993
4.23985e-08,-0.14676049999999996
4.24e-08,-0.14896179999999992
4.24002e-08,-0.14925290000000002
4.24006e-08,-0.14983429999999998
4.24014e-08,-0.1509914
4.2403e-08,-0.15328240000000004
4.2405e-08,-0.15610310000000005
4.2407e-08,-0.15887610000000008
4.2409e-08,-0.16160189999999997
4.2411e-08,-0.1642808
4.2413e-08,-0.16691319999999998
4.2415e-08,-0.16949939999999997
4.2417e-08,-0.17204010000000003
4.2419e-08,-0.17453549999999995
4.2421e-08,-0.17698610000000004
4.2423e-08,-0.1793923999999999
4.2425e-08,-0.1817548
4.2427e-08,-0.1840739
4.2429e-08,-0.18634989999999996
4.2431e-08,-0.1885836999999999
4.2433e-08,-0.1907755
4.2435e-08,-0.19292579999999993
4.2437e-08,-0.19503530000000002
4.2439e-08,-0.19710420000000006
4.2441e-08,-0.1991333999999999
4.2443e-08,-0.2011231
4.2445e-08,-0.20307390000000003
4.2447e-08,-0.2049864
4.2449e-08,-0.20686090000000001
4.2451e-08,-0.2086983
4.2453e-08,-0.21049870000000004
4.2455e-08,-0.21226290000000003
4.2457e-08,-0.2139913
4.2459e-08,-0.21568450000000006
4.2461e-08,-0.2173429
4.2463e-08,-0.2189669999999999
4.2465e-08,-0.22055749999999996
4.2467e-08,-0.22211480000000006
4.2469e-08,-0.22363920000000004
4.2471e-08,-0.2251316000000001
4.2473e-08,-0.22659229999999997
4.2475e-08,-0.2280217
4.2477e-08,-0.22942050000000003
4.2479e-08,-0.23078889999999996
4.2481e-08,-0.2321278
4.2483e-08,-0.23343740000000002
4.2485e-08,-0.23471809999999993
4.2487e-08,-0.23597069999999998
4.2489e-08,-0.23719540000000006
4.2491e-08,-0.23839279999999996
4.2493e-08,-0.23956330000000003
4.2495e-08,-0.24070740000000002
4.2497e-08,-0.24182539999999997
4.2499e-08,-0.24291799999999997
4.2501e-08,-0.24398549999999997
4.2503e-08,-0.24502840000000004
4.2505e-08,-0.24604700000000002
4.2507e-08,-0.2470420000000001
4.2509e-08,-0.2480135
4.2511e-08,-0.24896209999999996
4.2513e-08,-0.24988809999999995
4.2515e-08,-0.25079209999999996
4.2517e-08,-0.25167439999999996
4.2519e-08,-0.2525352999999999
4.2521e-08,-0.25337529999999997
4.2523e-08,-0.2541949
4.2525e-08,-0.25499419999999995
4.2527e-08,-0.2557739
4.2529e-08,-0.2565341000000001
4.2531e-08,-0.25727520000000004
4.2533e-08,-0.25799779999999994
4.2535e-08,-0.258702
4.2537e-08,-0.2593883
4.2539e-08,-0.26005690000000004
4.2541e-08,-0.2607083
4.2543e-08,-0.2613428000000001
4.2545e-08,-0.26196069999999994
4.2547e-08,-0.2625623
4.2549e-08,-0.26314799999999994
4.2551e-08,-0.263718
4.2553e-08,-0.2642728
4.2555e-08,-0.2648125
4.2557e-08,-0.26533739999999995
4.2559e-08,-0.26584810000000003
4.2561e-08,-0.26634460000000004
4.2563e-08,-0.26682719999999993
4.2565e-08,-0.2672964
4.2567e-08,-0.26775230000000005
4.2569e-08,-0.2681952000000001
4.2571e-08,-0.2686254
4.2573e-08,-0.26904300000000003
4.2575e-08,-0.26944860000000004
4.2577e-08,-0.26984220000000003
4.2579e-08,-0.27022409999999997
4.2581e-08,-0.2705946
4.2583e-08,-0.27095389999999997
4.2585e-08,-0.27130239999999994
4.2587e-08,-0.27164
4.2589e-08,-0.27196719999999996
4.2591e-08,-0.2722842
4.2593e-08,-0.2725911
4.2595e-08,-0.2728882
4.2597e-08,-0.27317579999999997
4.25985e-08,-0.27338529999999994
4.26e-08,-0.27358969999999994
4.26002e-08,-0.27361649999999993
4.26006e-08,-0.2736699
4.26014e-08,-0.27377569999999996
4.2603e-08,-0.2739830999999999
4.2605e-08,-0.27423429999999993
4.2607e-08,-0.2744770999999999
4.2609e-08,-0.2747115
4.2611e-08,-0.27493769999999995
4.2613e-08,-0.27515599999999996
4.2615e-08,-0.2753664
4.2617e-08,-0.27556919999999996
4.2619e-08,-0.2757646
4.2621e-08,-0.27595270000000005
4.2623e-08,-0.2761338
4.2625e-08,-0.2763078
4.2627e-08,-0.2764751
4.2629e-08,-0.27663590000000005
4.2631e-08,-0.27679010000000004
4.2633e-08,-0.27693809999999996
4.2635e-08,-0.27707990000000005
4.2637e-08,-0.2772158
4.2639e-08,-0.2773458
4.2641e-08,-0.27747010000000005
4.2643e-08,-0.2775889
4.2645e-08,-0.27770229999999996
4.2647e-08,-0.27781029999999995
4.2649e-08,-0.27791319999999997
4.2651e-08,-0.27801109999999996
4.2653e-08,-0.27810409999999997
4.2655e-08,-0.27819229999999995
4.2657e-08,-0.2782759
4.2659e-08,-0.278355
4.2661e-08,-0.2784297
4.2663e-08,-0.27849999999999997
4.2665e-08,-0.27856630000000004
4.2667e-08,-0.2786284
4.2669e-08,-0.27868650000000006
4.2671e-08,-0.27874090000000007
4.2673e-08,-0.2787914
4.2675e-08,-0.27883840000000004
4.2677e-08,-0.2788817
4.2679e-08,-0.27892170000000005
4.2681e-08,-0.2789583
4.2683e-08,-0.2789916
4.2685e-08,-0.2790218000000001
4.2687e-08,-0.2790488
4.2689e-08,-0.279073
4.2691e-08,-0.27909420000000007
4.2693e-08,-0.2791125
4.2695e-08,-0.2791281
4.2697e-08,-0.27914110000000003
4.2699e-08,-0.2791515
4.2701e-08,-0.2791595
4.2703e-08,-0.279165
4.2705e-08,-0.27916799999999997
4.2707e-08,-0.27916889999999994
4.2709e-08,-0.27916759999999996
4.2711e-08,-0.2791641
4.2713e-08,-0.27915860000000003
4.2715e-08,-0.27915100000000004
4.2717e-08,-0.27914150000000004
4.2719e-08,-0.27913010000000005
4.2721e-08,-0.2791169
4.2723e-08,-0.2791020000000001
4.2725e-08,-0.2790853
4.2727e-08,-0.27906699999999995
4.2729e-08,-0.27904720000000005
4.2731e-08,-0.27902570000000004
4.2733e-08,-0.27900289999999994
4.2735e-08,-0.27897859999999997
4.2737e-08,-0.278953
4.2739e-08,-0.278926
4.2741e-08,-0.2788978
4.2743e-08,-0.2788682
4.2745e-08,-0.2788376
4.2747e-08,-0.2788058
4.2749e-08,-0.2787729
4.2751e-08,-0.27873899999999996
4.2753e-08,-0.2787041
4.2755e-08,-0.27866820000000003
4.2757e-08,-0.2786313
4.2759e-08,-0.27859369999999994
4.2761e-08,-0.2785552
4.2763e-08,-0.2785158
4.2765e-08,-0.27847559999999993
4.2767e-08,-0.27843490000000004
4.2769e-08,-0.2783932
4.2771e-08,-0.27835109999999996
4.2773e-08,-0.2783082
4.2775e-08,-0.27826470000000003
4.2777e-08,-0.27822060000000004
4.2779e-08,-0.2781760999999999
4.2781e-08,-0.27813089999999996
4.2783e-08,-0.27808540000000004
4.2785e-08,-0.2780393
4.2787e-08,-0.2779929
4.2789e-08,-0.277946
4.2791e-08,-0.27789869999999994
4.2793e-08,-0.2778511
4.2795e-08,-0.27780320000000003
4.2797e-08,-0.2777549
4.27985e-08,-0.2777185000000001
4.28e-08,-0.27768210000000004
4.28002e-08,-0.2776771
4.28006e-08,-0.2776674
4.28014e-08,-0.2776478
4.2803e-08,-0.2776086
4.2805e-08,-0.27755930000000006
4.2807e-08,-0.2775099
4.2809e-08,-0.2774603
4.2811e-08,-0.27741039999999995
4.2813e-08,-0.2773605
4.2815e-08,-0.27731039999999996
4.2817e-08,-0.2772603
4.2819e-08,-0.2772101
4.2821e-08,-0.27715979999999996
4.2823e-08,-0.27710940000000006
4.2825e-08,-0.27705899999999994
4.2827e-08,-0.2770085
4.2829e-08,-0.2769581
4.2831e-08,-0.2769077
4.2833e-08,-0.2768571999999999
4.2835e-08,-0.27680689999999997
4.2837e-08,-0.27675649999999996
4.2839e-08,-0.27670629999999996
4.2841e-08,-0.276656
4.2843e-08,-0.27660589999999996
4.2845e-08,-0.2765558
4.2847e-08,-0.2765059000000001
4.2849e-08,-0.2764561
4.2851e-08,-0.27640639999999994
4.2853e-08,-0.27635680000000007
4.2855e-08,-0.2763074000000001
4.2857e-08,-0.27625809999999995
4.2859e-08,-0.27620900000000004
4.2861e-08,-0.27616000000000007
4.2863e-08,-0.27611130000000006
4.2865e-08,-0.2760627000000001
4.2867e-08,-0.27601430000000005
4.2869e-08,-0.27596619999999994
4.2871e-08,-0.27591809999999994
4.2873e-08,-0.27587040000000007
4.2875e-08,-0.27582280000000003
4.2877e-08,-0.27577549999999995
4.2879e-08,-0.2757284000000001
4.2881e-08,-0.2756816000000001
4.2883e-08,-0.2756349
4.2885e-08,-0.2755884999999999
4.2887e-08,-0.27554239999999997
4.2889e-08,-0.27549650000000003
4.2891e-08,-0.275451
4.2893e-08,-0.27540560000000003
4.2895e-08,-0.2753605
4.2897e-08,-0.2753158
4.2899e-08,-0.2752713
4.2901e-08,-0.275227
4.2903e-08,-0.27518299999999996
4.2905e-08,-0.2751393999999999
4.2907e-08,-0.275096
4.2909e-08,-0.27505290000000004
4.2911e-08,-0.27501010000000004
4.2913e-08,-0.2749676
4.2915e-08,-0.2749254
4.2917e-08,-0.27488349999999995
4.2919e-08,-0.2748419
4.2921e-08,-0.27480060000000006
4.2923e-08,-0.27475970000000005
4.2925e-08,-0.27471900000000005
4.2927e-08,-0.27467870000000005
4.2929e-08,-0.27463860000000007
4.2931e-08,-0.27459880000000003
4.2933e-08,-0.2745594
4.2935e-08,-0.2745202
4.2937e-08,-0.27448150000000004
4.2939e-08,-0.274443
4.2941e-08,-0.2744048
4.2943e-08,-0.27436689999999997
4.2945e-08,-0.27432940000000006
4.2947e-08,-0.2742922
4.2949e-08,-0.2742553
4.2951e-08,-0.27421870000000004
4.2953e-08,-0.27418240000000005
4.2955e-08,-0.27414649999999996
4.2957e-08,-0.27411090000000005
4.2959e-08,-0.2740755
4.2961e-08,-0.27404059999999997
4.2963e-08,-0.27400579999999997
4.2965e-08,-0.2739714999999999
4.2967e-08,-0.27393730000000005
4.2969e-08,-0.2739036
4.2971e-08,-0.27387019999999995
4.2973e-08,-0.273837
4.2975e-08,-0.27380419999999994
4.2977e-08,-0.27377169999999995
4.2979e-08,-0.2737395
4.2981e-08,-0.2737077
4.2983e-08,-0.2736761
4.2985e-08,-0.2736447999999999
4.2987e-08,-0.2736137999999999
4.2989e-08,-0.27358309999999997
4.2991e-08,-0.27355280000000004
4.2993e-08,-0.27352260000000006
4.2995e-08,-0.273493
4.2997e-08,-0.2734634
4.29985e-08,-0.2734415
4.3e-08,-0.27341969999999993
4.30002e-08,-0.2734177
4.30006e-08,-0.2734154999999999
4.30014e-08,-0.27342120000000003
4.3003e-08,-0.2734478
4.3005e-08,-0.27345030000000004
4.3007e-08,-0.27335010000000004
4.3009e-08,-0.27309039999999996
4.3011e-08,-0.27263119999999996
4.3013e-08,-0.271945
4.3015e-08,-0.2710138999999999
4.3017e-08,-0.26982720000000004
4.3019e-08,-0.26837979999999995
4.3021e-08,-0.26667070000000004
4.3023e-08,-0.264702
4.3025e-08,-0.2624784
4.3027e-08,-0.26000579999999995
4.3029e-08,-0.25729180000000007
4.3031e-08,-0.2543449000000001
4.3033e-08,-0.25117409999999996
4.3035e-08,-0.24778860000000003
4.3037e-08,-0.24419809999999997
4.3039e-08,-0.24041239999999997
4.3041e-08,-0.23644120000000002
4.3043e-08,-0.23229430000000006
4.3045e-08,-0.2279812
4.3047e-08,-0.22351129999999997
4.3049e-08,-0.21889409999999998
4.3051e-08,-0.2141385
4.3053e-08,-0.20925349999999998
4.3055e-08,-0.20424770000000003
4.3057e-08,-0.19912950000000007
4.3059e-08,-0.19390719999999995
4.3061e-08,-0.1885888
4.3063e-08,-0.1831819
4.3065e-08,-0.1776941999999999
4.3067e-08,-0.17213279999999997
4.3069e-08,-0.1665048
4.3071e-08,-0.16081710000000005
4.3073e-08,-0.1550762
4.3075e-08,-0.14928849999999994
4.3077e-08,-0.14346009999999998
4.3079e-08,-0.13759709999999992
4.3081e-08,-0.1317049
4.3083e-08,-0.1257893
4.3085e-08,-0.1198555
4.3087e-08,-0.11390849999999997
4.3089e-08,-0.10795330000000003
4.3091e-08,-0.10199449999999999
4.3093e-08,-0.09603669999999997
4.3095e-08,-0.09008400000000005
4.3097e-08,-0.08414060000000001
4.3099e-08,-0.07821050000000007
4.3101e-08,-0.07229739999999996
4.3103e-08,-0.06640480000000004
4.3105e-08,-0.06053619999999993
4.3107e-08,-0.05469460000000004
4.3109e-08,-0.04888329999999996
4.3111e-08,-0.0431049
4.3113e-08,-0.037362499999999965
4.3115e-08,-0.031658399999999975
4.3117e-08,-0.02599510000000005
4.3119e-08,-0.020374899999999974
4.3121e-08,-0.014800099999999983
4.3123e-08,-0.009272399999999958
4.3125e-08,-0.0037937999999999583
4.3127e-08,0.001633899999999966
4.3129e-08,0.007009000000000043
4.3131e-08,0.012330200000000069
4.3133e-08,0.017596100000000003
4.3135e-08,0.02280530000000003
4.3137e-08,0.027956700000000057
4.3139e-08,0.0330492
4.3141e-08,0.038081699999999996
4.3143e-08,0.043053600000000025
4.3145e-08,0.047964100000000065
4.3147e-08,0.05281240000000009
4.3149e-08,0.05759780000000003
4.3151e-08,0.06232009999999999
4.3153e-08,0.06697849999999994
4.3155e-08,0.07157289999999994
4.3157e-08,0.07610280000000003
4.3159e-08,0.08056810000000003
4.3161e-08,0.0849685
4.3163e-08,0.08930400000000005
4.3165e-08,0.09357459999999995
4.3167e-08,0.09778010000000004
4.3169e-08,0.10192069999999998
4.3171e-08,0.1059966
4.3173e-08,0.11000779999999999
4.3175e-08,0.11395440000000001
4.3177e-08,0.11783690000000002
4.3179e-08,0.12165539999999997
4.3181e-08,0.12541020000000003
4.3183e-08,0.12910169999999999
4.3185e-08,0.13273039999999992
4.3187e-08,0.13629650000000004
4.3189e-08,0.1398005
4.3191e-08,0.14324289999999995
4.3193e-08,0.14662419999999998
4.3195e-08,0.1499448
4.3197e-08,0.1532055
4.31985e-08,0.15561170000000002
4.32e-08,0.15798469999999998
4.32002e-08,0.15829910000000003
4.32006e-08,0.15892859999999998
4.32014e-08,0.16019079999999997
4.3203e-08,0.1627016
4.3205e-08,0.16575380000000006
4.3207e-08,0.16864050000000008
4.3209e-08,0.17130389999999995
4.3211e-08,0.1737036999999999
4.3213e-08,0.17581250000000004
4.3215e-08,0.1776135000000001
4.3217e-08,0.1790971
4.3219e-08,0.18025959999999996
4.3221e-08,0.18110170000000003
4.3223e-08,0.1816274
4.3225e-08,0.18184299999999998
4.3227e-08,0.1817565000000001
4.3229e-08,0.18137709999999996
4.3231e-08,0.18071520000000008
4.3233e-08,0.17978119999999997
4.3235e-08,0.17858619999999992
4.3237e-08,0.1771414
4.3239e-08,0.1754578
4.3241e-08,0.1735466
4.3243e-08,0.17141879999999998
4.3245e-08,0.16908499999999993
4.3247e-08,0.16655579999999992
4.3249e-08,0.16384149999999997
4.3251e-08,0.16095199999999998
4.3253e-08,0.15789700000000007
4.3255e-08,0.154686
4.3257e-08,0.15132810000000008
4.3259e-08,0.1478320999999999
4.3261e-08,0.14420660000000007
4.3263e-08,0.14045989999999997
4.3265e-08,0.1365999
4.3267e-08,0.13263440000000004
4.3269e-08,0.12857089999999993
4.3271e-08,0.12441650000000004
4.3273e-08,0.12017820000000001
4.3275e-08,0.11586269999999999
4.3277e-08,0.11147650000000009
4.3279e-08,0.10702590000000001
4.3281e-08,0.10251680000000007
4.3283e-08,0.09795500000000001
4.3285e-08,0.09334600000000004
4.3287e-08,0.08869520000000009
4.3289e-08,0.08400790000000002
4.3291e-08,0.07928880000000005
4.3293e-08,0.07454289999999997
4.3295e-08,0.06977449999999996
4.3297e-08,0.06498820000000005
4.3299e-08,0.06018809999999997
4.3301e-08,0.055378200000000044
4.3303e-08,0.05056229999999995
4.3305e-08,0.04574420000000001
4.3307e-08,0.0409273
4.3309e-08,0.03611500000000001
4.3311e-08,0.03131040000000007
4.3313e-08,0.0265166
4.3315e-08,0.021736500000000047
4.3317e-08,0.016973000000000016
4.3319e-08,0.012228400000000028
4.3321e-08,0.007505399999999995
4.3323e-08,0.0028063000000000393
4.3325e-08,-0.0018667999999999463
4.3327e-08,-0.006511700000000009
4.3329e-08,-0.01112639999999998
4.3331e-08,-0.01570909999999992
4.3333e-08,-0.020258100000000057
4.3335e-08,-0.02477180000000001
4.3337e-08,-0.029248400000000063
4.3339e-08,-0.03368670000000007
4.3341e-08,-0.03808529999999999
4.3343e-08,-0.04244310000000007
4.3345e-08,-0.04675879999999999
4.3347e-08,-0.05103140000000006
4.3349e-08,-0.05525979999999997
4.3351e-08,-0.05944329999999998
4.3353e-08,-0.063581
4.3355e-08,-0.06767219999999996
4.3357e-08,-0.07171610000000006
4.3359e-08,-0.07571220000000001
4.3361e-08,-0.07966010000000001
4.3363e-08,-0.0835591
4.3365e-08,-0.08740879999999995
4.3367e-08,-0.09120899999999998
4.3369e-08,-0.09495920000000002
4.3371e-08,-0.09865940000000006
4.3373e-08,-0.10230930000000005
4.3375e-08,-0.10590870000000008
4.3377e-08,-0.10945749999999999
4.3379e-08,-0.11295579999999994
4.3381e-08,-0.1164033000000001
4.3383e-08,-0.11980040000000003
4.3385e-08,-0.1231468
4.3387e-08,-0.12644270000000002
4.3389e-08,-0.12968829999999998
4.3391e-08,-0.1328836
4.3393e-08,-0.13602910000000001
4.3395e-08,-0.13912480000000005
4.3397e-08,-0.14217079999999993
4.33985e-08,-0.14442299999999997
4.34e-08,-0.14664750000000004
4.34002e-08,-0.14694189999999996
4.34006e-08,-0.14752939999999992
4.34014e-08,-0.14869860000000001
4.3403e-08,-0.15101399999999998
4.3405e-08,-0.1538647999999999
4.3407e-08,-0.15666770000000008
4.3409e-08,-0.15942290000000003
4.3411e-08,-0.16213089999999997
4.3413e-08,-0.16479199999999994
4.3415e-08,-0.16740670000000002
4.3417e-08,-0.1699754
4.3419e-08,-0.17249839999999994
4.3421e-08,-0.17497639999999992
4.3423e-08,-0.17740979999999995
4.3425e-08,-0.17979889999999998
4.3427e-08,-0.18214430000000004
4.3429e-08,-0.1844464
4.3431e-08,-0.18670580000000003
4.3433e-08,-0.1889229
4.3435e-08,-0.19109829999999994
4.3437e-08,-0.19323240000000008
4.3439e-08,-0.19532590000000005
4.3441e-08,-0.19737910000000003
4.3443e-08,-0.19939260000000003
4.3445e-08,-0.20136679999999996
4.3447e-08,-0.20330249999999994
4.3449e-08,-0.2051999
4.3451e-08,-0.20705980000000002
4.3453e-08,-0.20888259999999992
4.3455e-08,-0.21066869999999993
4.3457e-08,-0.21241880000000002
4.3459e-08,-0.21413339999999992
4.3461e-08,-0.21581289999999997
4.3463e-08,-0.21745780000000003
4.3465e-08,-0.2190689
4.3467e-08,-0.2206463999999999
4.3469e-08,-0.22219100000000003
4.3471e-08,-0.22370310000000004
4.3473e-08,-0.22518320000000003
4.3475e-08,-0.2266319
4.3477e-08,-0.22804970000000002
4.3479e-08,-0.2294368000000001
4.3481e-08,-0.2307940999999999
4.3483e-08,-0.23212200000000005
4.3485e-08,-0.23342079999999998
4.3487e-08,-0.23469099999999998
4.3489e-08,-0.23593319999999995
4.3491e-08,-0.23714790000000008
4.3493e-08,-0.23833540000000009
4.3495e-08,-0.2394963
4.3497e-08,-0.24063100000000004
4.3499e-08,-0.2417399
4.3501e-08,-0.24282350000000008
4.3503e-08,-0.2438823
4.3505e-08,-0.2449167
4.3507e-08,-0.245927
4.3509e-08,-0.24691390000000002
4.3511e-08,-0.24787750000000008
4.3513e-08,-0.24881849999999994
4.3515e-08,-0.24973710000000005
4.3517e-08,-0.25063389999999997
4.3519e-08,-0.25150909999999993
4.3521e-08,-0.2523632
4.3523e-08,-0.2531966
4.3525e-08,-0.2540097
4.3527e-08,-0.25480290000000005
4.3529e-08,-0.25557640000000004
4.3531e-08,-0.25633079999999997
4.3533e-08,-0.25706640000000003
4.3535e-08,-0.2577834
4.3537e-08,-0.25848229999999994
4.3539e-08,-0.25916339999999993
4.3541e-08,-0.2598271
4.3543e-08,-0.26047370000000003
4.3545e-08,-0.2611036
4.3547e-08,-0.261717
4.3549e-08,-0.26231440000000006
4.3551e-08,-0.2628958
4.3553e-08,-0.2634619
4.3555e-08,-0.26401279999999994
4.3557e-08,-0.2645489
4.3559e-08,-0.26507040000000004
4.3561e-08,-0.2655776000000001
4.3563e-08,-0.26607100000000006
4.3565e-08,-0.2665505
4.3567e-08,-0.2670167
4.3569e-08,-0.2674698
4.3571e-08,-0.2679100000000001
4.3573e-08,-0.26833759999999995
4.3575e-08,-0.2687529000000001
4.3577e-08,-0.26915619999999996
4.3579e-08,-0.2695476
4.3581e-08,-0.2699275
4.3583e-08,-0.27029610000000004
4.3585e-08,-0.27065359999999994
4.3587e-08,-0.27100029999999997
4.3589e-08,-0.27133640000000003
4.3591e-08,-0.2716620999999999
4.3593e-08,-0.2719777
4.3595e-08,-0.2722833
4.3597e-08,-0.27257929999999997
4.35985e-08,-0.272795
4.36e-08,-0.27300560000000007
4.36002e-08,-0.273034
4.36006e-08,-0.27309249999999996
4.36014e-08,-0.2732188
4.3603e-08,-0.2734822
4.3605e-08,-0.2737724
4.3607e-08,-0.27395120000000006
4.3609e-08,-0.2739621
4.3611e-08,-0.27376540000000005
4.3613e-08,-0.27333379999999996
4.3615e-08,-0.27264999999999995
4.3617e-08,-0.2717033
4.3619e-08,-0.2704888999999999
4.3621e-08,-0.2690061
4.3623e-08,-0.2672572
4.3625e-08,-0.2652468
4.3627e-08,-0.26298140000000003
4.3629e-08,-0.2604685
4.3631e-08,-0.25771679999999997
4.3633e-08,-0.25473520000000005
4.3635e-08,-0.2515334
4.3637e-08,-0.24812100000000004
4.3639e-08,-0.24450780000000005
4.3641e-08,-0.24070360000000002
4.3643e-08,-0.2367184
4.3645e-08,-0.23256169999999998
4.3647e-08,-0.22824310000000003
4.3649e-08,-0.22377179999999997
4.3651e-08,-0.21915719999999994
4.3653e-08,-0.21440800000000004
4.3655e-08,-0.20953309999999992
4.3657e-08,-0.20454079999999997
4.3659e-08,-0.19943959999999994
4.3661e-08,-0.19423730000000006
4.3663e-08,-0.1889419
4.3665e-08,-0.18356070000000002
4.3667e-08,-0.17810130000000002
4.3669e-08,-0.17257070000000008
4.3671e-08,-0.16697589999999995
4.3673e-08,-0.1613232
4.3675e-08,-0.15561939999999996
4.3677e-08,-0.1498704999999999
4.3679e-08,-0.14408259999999995
4.3681e-08,-0.13826139999999998
4.3683e-08,-0.13241239999999999
4.3685e-08,-0.1265411999999999
4.3687e-08,-0.12065289999999995
4.3689e-08,-0.11475230000000003
4.3691e-08,-0.10884420000000006
4.3693e-08,-0.1029333
4.3695e-08,-0.09702390000000005
4.3697e-08,-0.09112010000000004
4.3699e-08,-0.08522609999999997
4.3701e-08,-0.07934550000000007
4.3703e-08,-0.0734821
4.3705e-08,-0.06763930000000007
4.3707e-08,-0.0618204
4.3709e-08,-0.056028499999999926
4.3711e-08,-0.0502667
4.3713e-08,-0.04453770000000001
4.3715e-08,-0.03884429999999994
4.3717e-08,-0.03318880000000002
4.3719e-08,-0.027573699999999923
4.3721e-08,-0.0220013
4.3723e-08,-0.016473599999999977
4.3725e-08,-0.01099249999999996
4.3727e-08,-0.005559900000000062
4.3729e-08,-0.00017759999999999998
4.3731e-08,0.005152999999999963
4.3733e-08,0.010430300000000003
4.3735e-08,0.015653000000000028
4.3737e-08,0.02082000000000006
4.3739e-08,0.02592990000000006
4.3741e-08,0.03098180000000006
4.3743e-08,0.035974700000000026
4.3745e-08,0.04090780000000005
4.3747e-08,0.045780299999999996
4.3749e-08,0.05059160000000007
4.3751e-08,0.05534110000000003
4.3753e-08,0.06002829999999992
4.3755e-08,0.06465259999999995
4.3757e-08,0.06921379999999999
4.3759e-08,0.07371149999999993
4.3761e-08,0.0781457000000001
4.3763e-08,0.08251599999999992
4.3765e-08,0.08682239999999997
4.3767e-08,0.0910647
4.3769e-08,0.09524299999999997
4.3771e-08,0.09935739999999993
4.3773e-08,0.1034079
4.3775e-08,0.10739480000000001
4.3777e-08,0.11131810000000009
4.3779e-08,0.11517830000000007
4.3781e-08,0.1189753
4.3783e-08,0.12270979999999998
4.3785e-08,0.1263818
4.3787e-08,0.12999170000000004
4.3789e-08,0.13354009999999994
4.3791e-08,0.13702740000000002
4.3793e-08,0.14045399999999997
4.3795e-08,0.14382019999999995
4.3797e-08,0.14712669999999994
4.37985e-08,0.14956760000000002
4.38e-08,0.15197549999999993
4.38002e-08,0.15229369999999998
4.38006e-08,0.15292910000000004
4.38014e-08,0.15419269999999996
4.3803e-08,0.1566925
4.3805e-08,0.1597653
4.3807e-08,0.16278130000000002
4.3809e-08,0.16574089999999997
4.3811e-08,0.16864469999999998
4.3813e-08,0.17149340000000002
4.3815e-08,0.1742876
4.3817e-08,0.17702779999999996
4.3819e-08,0.1797149
4.3821e-08,0.1823494
4.3823e-08,0.18493190000000004
4.3825e-08,0.1874633
4.3827e-08,0.189944
4.3829e-08,0.19237490000000002
4.3831e-08,0.1947565
4.3833e-08,0.19708959999999998
4.3835e-08,0.19937479999999996
4.3837e-08,0.20161280000000004
4.3839e-08,0.2038044
4.3841e-08,0.20594999999999997
4.3843e-08,0.20805070000000003
4.3845e-08,0.21010679999999993
4.3847e-08,0.21211900000000006
4.3849e-08,0.2140881
4.3851e-08,0.21601479999999995
4.3853e-08,0.21789970000000003
4.3855e-08,0.21974349999999998
4.3857e-08,0.22154679999999993
4.3859e-08,0.22331029999999996
4.3861e-08,0.22503450000000003
4.3863e-08,0.22672029999999999
4.3865e-08,0.22836820000000002
4.3867e-08,0.22997880000000004
4.3869e-08,0.2315528
4.3871e-08,0.23309080000000004
4.3873e-08,0.23459339999999995
4.3875e-08,0.23606119999999997
4.3877e-08,0.2374948
4.3879e-08,0.2388948999999999
4.3881e-08,0.24026199999999998
4.3883e-08,0.2415967
4.3885e-08,0.2428996
4.3887e-08,0.24417120000000003
4.3889e-08,0.24541210000000002
4.3891e-08,0.24662289999999998
4.3893e-08,0.24780409999999997
4.3895e-08,0.24895640000000008
4.3897e-08,0.2500801
4.3899e-08,0.25117579999999995
4.3901e-08,0.2522441999999999
4.3903e-08,0.2532856
4.3905e-08,0.2543006
4.3907e-08,0.2552896
4.3909e-08,0.2562534000000001
4.3911e-08,0.25719210000000003
4.3913e-08,0.25810640000000007
4.3915e-08,0.2589968
4.3917e-08,0.2598636999999999
4.3919e-08,0.2607075
4.3921e-08,0.2615288
4.3923e-08,0.26232790000000006
4.3925e-08,0.2631053
4.3927e-08,0.2638615000000001
4.3929e-08,0.26459679999999997
4.3931e-08,0.2653118
4.3933e-08,0.2660068
4.3935e-08,0.2666822000000001
4.3937e-08,0.2673384000000001
4.3939e-08,0.26797590000000004
4.3941e-08,0.26859489999999997
4.3943e-08,0.26919590000000004
4.3945e-08,0.26977929999999994
4.3947e-08,0.27034539999999996
4.3949e-08,0.2708946
4.3951e-08,0.27142730000000004
4.3953e-08,0.2719437
4.3955e-08,0.2724443999999999
4.3957e-08,0.2729294
4.3959e-08,0.27339940000000007
4.3961e-08,0.2738545
4.3963e-08,0.2742951
4.3965e-08,0.27472150000000006
4.3967e-08,0.275134
4.3969e-08,0.2755329000000001
4.3971e-08,0.2759186
4.3973e-08,0.27629120000000007
4.3975e-08,0.2766512
4.3977e-08,0.27699870000000004
4.3979e-08,0.2773342
4.3981e-08,0.2776577
4.3983e-08,0.2779697
4.3985e-08,0.27827040000000003
4.3987e-08,0.2785601
4.3989e-08,0.2788389
4.3991e-08,0.27910709999999994
4.3993e-08,0.2793650999999999
4.3995e-08,0.27961309999999995
4.3997e-08,0.27985119999999997
4.39985e-08,0.2800235
4.4e-08,0.28019039999999995
4.40002e-08,0.28021229999999997
4.40006e-08,0.28025580000000005
4.40014e-08,0.28034159999999997
4.4003e-08,0.2805088
4.4005e-08,0.28071
4.4007e-08,0.28090249999999994
4.4009e-08,0.2810863
4.4011e-08,0.28126209999999996
4.4013e-08,0.2814297
4.4015e-08,0.2815894
4.4017e-08,0.2817415
4.4019e-08,0.28188599999999997
4.4021e-08,0.2820233
4.4023e-08,0.28215349999999995
4.4025e-08,0.2822768
4.4027e-08,0.28239329999999996
4.4029e-08,0.28250319999999995
4.4031e-08,0.2826067
4.4033e-08,0.28270400000000007
4.4035e-08,0.2827952
4.4037e-08,0.2828805
4.4039e-08,0.28296010000000005
4.4041e-08,0.28303410000000007
4.4043e-08,0.2831026
4.4045e-08,0.2831658
4.4047e-08,0.2832238
4.4049e-08,0.2832768
4.4051e-08,0.2833251
4.4053e-08,0.2833684000000001
4.4055e-08,0.28340730000000003
4.4057e-08,0.28344159999999996
4.4059e-08,0.28347160000000005
4.4061e-08,0.28349749999999996
4.4063e-08,0.28351919999999997
4.4065e-08,0.2835369
4.4067e-08,0.28355069999999993
4.4069e-08,0.28356080000000006
4.4071e-08,0.28356729999999997
4.4073e-08,0.2835702
4.4075e-08,0.2835698
4.4077e-08,0.283566
4.4079e-08,0.28355909999999995
4.4081e-08,0.2835489
4.4083e-08,0.28353589999999995
4.4085e-08,0.28351990000000005
4.4087e-08,0.283501
4.4089e-08,0.2834795
4.4091e-08,0.28345529999999997
4.4093e-08,0.28342860000000003
4.4095e-08,0.28339939999999997
4.4097e-08,0.2833679
4.4099e-08,0.283334
4.4101e-08,0.2832979
4.4103e-08,0.2832597
4.4105e-08,0.2832194
4.4107e-08,0.2831772
4.4109e-08,0.2831330999999999
4.4111e-08,0.283087
4.4113e-08,0.28303920000000005
4.4115e-08,0.28298980000000007
4.4117e-08,0.2829385
4.4119e-08,0.2828859
4.4121e-08,0.28283159999999996
4.4123e-08,0.2827759999999999
4.4125e-08,0.2827189
4.4127e-08,0.2826605
4.4129e-08,0.28260090000000004
4.4131e-08,0.28254
4.4133e-08,0.282478
4.4135e-08,0.2824148000000001
4.4137e-08,0.2823506
4.4139e-08,0.2822854
4.4141e-08,0.28221929999999995
4.4143e-08,0.2821522000000001
4.4145e-08,0.2820842
4.4147e-08,0.2820154
4.4149e-08,0.28194589999999997
4.4151e-08,0.2818756
4.4153e-08,0.28180459999999996
4.4155e-08,0.28173309999999996
4.4157e-08,0.28166080000000004
4.4159e-08,0.28158800000000006
4.4161e-08,0.2815147
4.4163e-08,0.28144080000000005
4.4165e-08,0.28136649999999996
4.4167e-08,0.2812918
4.4169e-08,0.2812167
4.4171e-08,0.28114130000000004
4.4173e-08,0.2810654
4.4175e-08,0.28098940000000006
4.4177e-08,0.2809128999999999
4.4179e-08,0.2808362999999999
4.4181e-08,0.2807596
4.4183e-08,0.2806826
4.4185e-08,0.2806054
4.4187e-08,0.28052810000000006
4.4189e-08,0.28045070000000005
4.4191e-08,0.2803732
4.4193e-08,0.28029570000000004
4.4195e-08,0.2802181
4.4197e-08,0.2801406000000001
4.41985e-08,0.28008240000000006
4.42e-08,0.2800243
4.42002e-08,0.2800173
4.42006e-08,0.2800053
4.42014e-08,0.2799914
4.4203e-08,0.2799792
4.4205e-08,0.2799328
4.4207e-08,0.27978420000000004
4.4209e-08,0.27947659999999996
4.4211e-08,0.2789701
4.4213e-08,0.2782373
4.4215e-08,0.2772603
4.4217e-08,0.27602859999999996
4.4219e-08,0.2745368
4.4221e-08,0.2727841
4.4223e-08,0.2707725999999999
4.4225e-08,0.2685067
4.4227e-08,0.2659924
4.4229e-08,0.2632373
4.4231e-08,0.2602495
4.4233e-08,0.2570382
4.4235e-08,0.25361240000000007
4.4237e-08,0.24998189999999998
4.4239e-08,0.2461563
4.4241e-08,0.2421453
4.4243e-08,0.23795849999999996
4.4245e-08,0.2336054999999999
4.4247e-08,0.22909579999999996
4.4249e-08,0.22443860000000004
4.4251e-08,0.21964280000000003
4.4253e-08,0.21471740000000006
4.4255e-08,0.20967099999999994
4.4257e-08,0.20451209999999997
4.4259e-08,0.19924869999999995
4.4261e-08,0.19388890000000003
4.4263e-08,0.1884405
4.4265e-08,0.18291080000000004
4.4267e-08,0.1773072
4.4269e-08,0.17163669999999998
4.4271e-08,0.1659062
4.4273e-08,0.1601222000000001
4.4275e-08,0.1542910999999999
4.4277e-08,0.14841900000000008
4.4279e-08,0.14251199999999997
4.4281e-08,0.13657569999999997
4.4283e-08,0.13061559999999994
4.4285e-08,0.12463710000000006
4.4287e-08,0.1186451999999999
4.4289e-08,0.11264490000000005
4.4291e-08,0.10664090000000004
4.4293e-08,0.10063749999999994
4.4295e-08,0.09463920000000003
4.4297e-08,0.08865020000000001
4.4299e-08,0.08267419999999992
4.4301e-08,0.07671519999999998
4.4303e-08,0.07077659999999997
4.4305e-08,0.06486190000000003
4.4307e-08,0.05897439999999998
4.4309e-08,0.05311699999999997
4.4311e-08,0.047292700000000076
4.4313e-08,0.04150409999999993
4.4315e-08,0.03575410000000001
4.4317e-08,0.03004499999999999
4.4319e-08,0.024379099999999987
4.4321e-08,0.01875859999999996
4.4323e-08,0.013185400000000014
4.4325e-08,0.007661600000000046
4.4327e-08,0.0021887000000000434
4.4329e-08,-0.0032314999999999428
4.4331e-08,-0.008597499999999925
4.4333e-08,-0.01390799999999992
4.4335e-08,-0.019161399999999995
4.4337e-08,-0.024356900000000015
4.4339e-08,-0.029493199999999997
4.4341e-08,-0.03456950000000003
4.4343e-08,-0.03958469999999992
4.4345e-08,-0.04453819999999997
4.4347e-08,-0.049429100000000004
4.4349e-08,-0.054257
4.4351e-08,-0.059021300000000054
4.4353e-08,-0.06372149999999999
4.4355e-08,-0.06835729999999995
4.4357e-08,-0.0729282
4.4359e-08,-0.07743420000000001
4.4361e-08,-0.08187490000000008
4.4363e-08,-0.08625039999999995
4.4365e-08,-0.09056059999999999
4.4367e-08,-0.09480540000000004
4.4369e-08,-0.09898489999999993
4.4371e-08,-0.10309919999999995
4.4373e-08,-0.10714839999999992
4.4375e-08,-0.11113269999999997
4.4377e-08,-0.1150525
4.4379e-08,-0.11890790000000007
4.4381e-08,-0.12269920000000001
4.4383e-08,-0.1264269
4.4385e-08,-0.13009119999999996
4.4387e-08,-0.1336925
4.4389e-08,-0.13723149999999995
4.4391e-08,-0.1407083
4.4393e-08,-0.14412369999999997
4.4395e-08,-0.14747809999999995
4.4397e-08,-0.15077190000000007
4.43985e-08,-0.15320299999999998
4.44e-08,-0.15560039999999997
4.44002e-08,-0.15591719999999998
4.44006e-08,-0.1565497
4.44014e-08,-0.1578077
4.4403e-08,-0.16029550000000004
4.4405e-08,-0.16335319999999998
4.4407e-08,-0.16635330000000004
4.4409e-08,-0.1692964
4.4411e-08,-0.17218329999999993
4.4413e-08,-0.17501460000000002
4.4415e-08,-0.17779080000000003
4.4417e-08,-0.18051269999999997
4.4419e-08,-0.18318089999999998
4.4421e-08,-0.18579619999999997
4.4423e-08,-0.18835919999999995
4.4425e-08,-0.1908706
4.4427e-08,-0.19333109999999998
4.4429e-08,-0.1957413
4.4431e-08,-0.19810209999999995
4.4433e-08,-0.20041389999999992
4.4435e-08,-0.20267769999999996
4.4437e-08,-0.20489400000000002
4.4439e-08,-0.20706360000000001
4.4441e-08,-0.20918720000000002
4.4443e-08,-0.21126540000000005
4.4445e-08,-0.21329900000000002
4.4447e-08,-0.21528860000000005
4.4449e-08,-0.2172349
4.4451e-08,-0.21913870000000002
4.4453e-08,-0.22100039999999999
4.4455e-08,-0.22282100000000005
4.4457e-08,-0.2246009
4.4459e-08,-0.2263409999999999
4.4461e-08,-0.22804180000000007
4.4463e-08,-0.22970400000000002
4.4465e-08,-0.23132819999999998
4.4467e-08,-0.2329152
4.4469e-08,-0.2344655
4.4471e-08,-0.23597970000000001
4.4473e-08,-0.23745859999999996
4.4475e-08,-0.23890259999999996
4.4477e-08,-0.24031239999999998
4.4479e-08,-0.24168869999999998
4.4481e-08,-0.24303209999999997
4.4483e-08,-0.2443430000000001
4.4485e-08,-0.245622
4.4487e-08,-0.24686989999999998
4.4489e-08,-0.2480873
4.4491e-08,-0.2492744
4.4493e-08,-0.25043209999999994
4.4495e-08,-0.2515607000000001
4.4497e-08,-0.252661
4.4499e-08,-0.25373330000000005
4.4501e-08,-0.25477819999999995
4.4503e-08,-0.25579640000000003
4.4505e-08,-0.2567882
4.4507e-08,-0.2577541
4.4509e-08,-0.2586948
4.4511e-08,-0.2596106
4.4513e-08,-0.26050209999999996
4.4515e-08,-0.26136970000000004
4.4517e-08,-0.26221380000000005
4.4519e-08,-0.26303509999999997
4.4521e-08,-0.26383389999999995
4.4523e-08,-0.2646107
4.4525e-08,-0.26536590000000004
4.4527e-08,-0.26609990000000006
4.4529e-08,-0.2668132
4.4531e-08,-0.2675062
4.4533e-08,-0.2681795
4.4535e-08,-0.26883310000000005
4.4537e-08,-0.26946780000000004
4.4539e-08,-0.2700838
4.4541e-08,-0.2706815
4.4543e-08,-0.27126130000000004
4.4545e-08,-0.2718237
4.4547e-08,-0.2723688999999999
4.4549e-08,-0.2728973
4.4551e-08,-0.2734093000000001
4.4553e-08,-0.2739053
4.4555e-08,-0.27438550000000006
4.4557e-08,-0.27485039999999994
4.4559e-08,-0.2753002
4.4561e-08,-0.2757352999999999
4.4563e-08,-0.2761560999999999
4.4565e-08,-0.2765628
4.4567e-08,-0.2769557
4.4569e-08,-0.27733529999999995
4.4571e-08,-0.2777016
4.4573e-08,-0.2780551
4.4575e-08,-0.2783962
4.4577e-08,-0.2787248
4.4579e-08,-0.2790416
4.4581e-08,-0.2793466
4.4583e-08,-0.2796402
4.4585e-08,-0.2799226
4.4587e-08,-0.2801941
4.4589e-08,-0.2804549999999999
4.4591e-08,-0.2807054
4.4593e-08,-0.2809457000000001
4.4595e-08,-0.28117609999999993
4.4597e-08,-0.2813968
4.45985e-08,-0.2815561
4.46e-08,-0.2817102
4.46002e-08,-0.2817311
4.46006e-08,-0.28177470000000004
4.46014e-08,-0.2818708
4.4603e-08,-0.2820743
4.4605e-08,-0.28228999999999993
4.4607e-08,-0.2823951
4.4609e-08,-0.28233320000000006
4.4611e-08,-0.282065
4.4613e-08,-0.28156329999999996
4.4615e-08,-0.28081049999999996
4.4617e-08,-0.2797963
4.4619e-08,-0.2785158999999999
4.4621e-08,-0.27696809999999994
4.4623e-08,-0.2751555
4.4625e-08,-0.2730825
4.4627e-08,-0.2707554999999999
4.4629e-08,-0.26818200000000003
4.4631e-08,-0.2653704
4.4633e-08,-0.26232979999999995
4.4635e-08,-0.2590694
4.4637e-08,-0.255599
4.4639e-08,-0.2519281
4.4641e-08,-0.24806669999999997
4.4643e-08,-0.24402459999999992
4.4645e-08,-0.239811
4.4647e-08,-0.23543570000000003
4.4649e-08,-0.2309078
4.4651e-08,-0.2262366
4.4653e-08,-0.22143080000000004
4.4655e-08,-0.21649910000000006
4.4657e-08,-0.21144989999999997
4.4659e-08,-0.20629169999999997
4.4661e-08,-0.2010322
4.4663e-08,-0.1956793
4.4665e-08,-0.19024059999999998
4.4667e-08,-0.18472330000000003
4.4669e-08,-0.17913460000000003
4.4671e-08,-0.17348130000000006
4.4673e-08,-0.16776999999999997
4.4675e-08,-0.16200740000000002
4.4677e-08,-0.1561994000000001
4.4679e-08,-0.15035220000000005
4.4681e-08,-0.14447139999999992
4.4683e-08,-0.1385628000000001
4.4685e-08,-0.13263180000000008
4.4687e-08,-0.12668330000000005
4.4689e-08,-0.12072240000000001
4.4691e-08,-0.11475399999999991
4.4693e-08,-0.10878260000000006
4.4695e-08,-0.10281260000000003
4.4697e-08,-0.09684820000000005
4.4699e-08,-0.09089340000000001
4.4701e-08,-0.08495210000000009
4.4703e-08,-0.07902789999999993
4.4705e-08,-0.07312439999999998
4.4707e-08,-0.0672448
4.4709e-08,-0.061392400000000014
4.4711e-08,-0.05557010000000007
4.4713e-08,-0.04978070000000001
4.4715e-08,-0.04402700000000004
4.4717e-08,-0.0383116
4.4719e-08,-0.032636600000000016
4.4721e-08,-0.027004499999999987
4.4723e-08,-0.021417299999999972
4.4725e-08,-0.015877099999999977
4.4727e-08,-0.010385699999999942
4.4729e-08,-0.004944699999999913
4.4731e-08,0.0004442000000000057
4.4733e-08,0.0057794999999999375
4.4735e-08,0.011059799999999953
4.4737e-08,0.016283999999999965
4.4739e-08,0.021450799999999992
4.4741e-08,0.026559200000000005
4.4743e-08,0.031608300000000034
4.4745e-08,0.03659709999999994
4.4747e-08,0.041524899999999976
4.4749e-08,0.04639110000000002
4.4751e-08,0.05119490000000004
4.4753e-08,0.05593590000000004
4.4755e-08,0.06061369999999999
4.4757e-08,0.06522779999999995
4.4759e-08,0.06977809999999995
4.4761e-08,0.0742642
4.4763e-08,0.07868589999999998
4.4765e-08,0.08304330000000004
4.4767e-08,0.08733599999999997
4.4769e-08,0.09156429999999993
4.4771e-08,0.09572809999999998
4.4773e-08,0.09982760000000002
4.4775e-08,0.10386269999999997
4.4777e-08,0.10783399999999999
4.4779e-08,0.11174139999999999
4.4781e-08,0.11558520000000005
4.4783e-08,0.11936579999999997
4.4785e-08,0.12308360000000007
4.4787e-08,0.12673869999999998
4.4789e-08,0.13033169999999994
4.4791e-08,0.13386299999999995
4.4793e-08,0.13733320000000004
4.4795e-08,0.1407425
4.4797e-08,0.14409150000000004
4.47985e-08,0.14656390000000008
4.48e-08,0.149003
4.48002e-08,0.14932620000000008
4.48006e-08,0.14997329999999998
4.48014e-08,0.15127060000000003
4.4803e-08,0.15385139999999997
4.4805e-08,0.15699070000000004
4.4807e-08,0.15996369999999993
4.4809e-08,0.16271259999999999
4.4811e-08,0.16519669999999997
4.4813e-08,0.16738869999999995
4.4815e-08,0.16927160000000008
4.4817e-08,0.17083590000000004
4.4819e-08,0.17207780000000006
4.4821e-08,0.17299799999999999
4.4823e-08,0.1736006
4.4825e-08,0.17389199999999994
4.4827e-08,0.17388000000000003
4.4829e-08,0.17357429999999996
4.4831e-08,0.17298480000000005
4.4833e-08,0.1721224
4.4835e-08,0.1709982
4.4837e-08,0.16962319999999997
4.4839e-08,0.16800880000000007
4.4841e-08,0.16616599999999992
4.4843e-08,0.16410590000000003
4.4845e-08,0.16183930000000002
4.4847e-08,0.15937670000000004
4.4849e-08,0.1567286
4.4851e-08,0.1539049
4.4853e-08,0.15091520000000003
4.4855e-08,0.14776919999999993
4.4857e-08,0.14447599999999994
4.4859e-08,0.1410443
4.4861e-08,0.13748300000000002
4.4863e-08,0.13380020000000004
4.4865e-08,0.13000389999999995
4.4867e-08,0.12610180000000004
4.4869e-08,0.12210160000000003
4.4871e-08,0.11801040000000007
4.4873e-08,0.11383509999999997
4.4875e-08,0.10958250000000003
4.4877e-08,0.10525899999999999
4.4879e-08,0.10087100000000004
4.4881e-08,0.09642429999999991
4.4883e-08,0.09192490000000009
4.4885e-08,0.08737799999999996
4.4887e-08,0.08278940000000001
4.4889e-08,0.07816400000000001
4.4891e-08,0.07350670000000004
4.4893e-08,0.06882240000000006
4.4895e-08,0.06411540000000004
4.4897e-08,0.059390400000000065
4.4899e-08,0.054651500000000075
4.4901e-08,0.04990240000000001
4.4903e-08,0.0451473
4.4905e-08,0.040389600000000025
4.4907e-08,0.03563309999999997
4.4909e-08,0.03088079999999993
4.4911e-08,0.026136000000000048
4.4913e-08,0.021401800000000026
4.4915e-08,0.016681000000000057
4.4917e-08,0.01197629999999994
4.4919e-08,0.0072904999999999776
4.4921e-08,0.0026258000000000115
4.4923e-08,-0.002015299999999942
4.4925e-08,-0.006630699999999989
4.4927e-08,-0.011218199999999956
4.4929e-08,-0.015775899999999954
4.4931e-08,-0.02030209999999999
4.4933e-08,-0.024794800000000006
4.4935e-08,-0.029252500000000015
4.4937e-08,-0.033673799999999976
4.4939e-08,-0.03805700000000001
4.4941e-08,-0.04240100000000002
4.4943e-08,-0.04670450000000004
4.4945e-08,-0.050966500000000026
4.4947e-08,-0.05518580000000006
4.4949e-08,-0.0593613999999999
4.4951e-08,-0.0634924
4.4953e-08,-0.06757819999999992
4.4955e-08,-0.07161790000000001
4.4957e-08,-0.07561079999999998
4.4959e-08,-0.07955650000000003
4.4961e-08,-0.08345409999999998
4.4963e-08,-0.08730360000000004
4.4965e-08,-0.09110439999999997
4.4967e-08,-0.09485589999999999
4.4969e-08,-0.09855819999999993
4.4971e-08,-0.10221080000000005
4.4973e-08,-0.10581360000000006
4.4975e-08,-0.10936639999999997
4.4977e-08,-0.1128692
4.4979e-08,-0.11632189999999998
4.4981e-08,-0.11972439999999995
4.4983e-08,-0.12307679999999999
4.4985e-08,-0.12637920000000002
4.4987e-08,-0.12963160000000007
4.4989e-08,-0.1328342
4.4991e-08,-0.13598710000000003
4.4993e-08,-0.13909040000000006
4.4995e-08,-0.1421445
4.4997e-08,-0.1451496
4.49985e-08,-0.14737139999999993
4.5e-08,-0.14956570000000002
4.50002e-08,-0.1498568
4.50006e-08,-0.1504398
4.50014e-08,-0.15161039999999992
4.5003e-08,-0.15394260000000004
4.5005e-08,-0.15678029999999998
4.5007e-08,-0.15946159999999998
4.5009e-08,-0.16192819999999997
4.5011e-08,-0.1641393000000001
4.5013e-08,-0.16606719999999997
4.5015e-08,-0.16769469999999997
4.5017e-08,-0.16901160000000004
4.5019e-08,-0.1700144
4.5021e-08,-0.17070319999999994
4.5023e-08,-0.1710819
4.5025e-08,-0.1711566
4.5027e-08,-0.17093519999999995
4.5029e-08,-0.1704268
4.5031e-08,-0.16964139999999994
4.5033e-08,-0.1685896
4.5035e-08,-0.16728220000000005
4.5037e-08,-0.1657303
4.5039e-08,-0.163945
4.5041e-08,-0.16193730000000006
4.5043e-08,-0.15971810000000009
4.5045e-08,-0.1572981
4.5047e-08,-0.15468760000000004
4.5049e-08,-0.1518969
4.5051e-08,-0.14893600000000007
4.5053e-08,-0.1458144
4.5055e-08,-0.1425417
4.5057e-08,-0.13912669999999994
4.5059e-08,-0.1355784000000001
4.5061e-08,-0.1319051
4.5063e-08,-0.12811510000000004
4.5065e-08,-0.12421649999999995
4.5067e-08,-0.12021680000000001
4.5069e-08,-0.11612339999999999
4.5071e-08,-0.11194340000000003
4.5073e-08,-0.1076838
4.5075e-08,-0.10335110000000003
4.5077e-08,-0.09895189999999998
4.5079e-08,-0.09449229999999997
4.5081e-08,-0.089978
4.5083e-08,-0.08541500000000002
4.5085e-08,-0.08080849999999995
4.5087e-08,-0.0761639999999999
4.5089e-08,-0.07148650000000001
4.5091e-08,-0.06678090000000003
4.5093e-08,-0.06205190000000005
4.5095e-08,-0.057303800000000016
4.5097e-08,-0.052540800000000054
4.5099e-08,-0.047767400000000015
4.5101e-08,-0.04298729999999995
4.5103e-08,-0.038204100000000074
4.5105e-08,-0.0334217
4.5107e-08,-0.02864320000000009
4.5109e-08,-0.023872000000000004
4.5111e-08,-0.019111299999999942
4.5113e-08,-0.014363800000000038
4.5115e-08,-0.009632599999999991
4.5117e-08,-0.004920099999999983
4.5119e-08,-0.00022880000000002898
4.5121e-08,0.004438700000000018
4.5123e-08,0.009080200000000094
4.5125e-08,0.01369370000000003
4.5127e-08,0.018277099999999935
4.5129e-08,0.02282850000000003
4.5131e-08,0.02734609999999993
4.5133e-08,0.031828499999999926
4.5135e-08,0.03627380000000002
4.5137e-08,0.04068080000000007
4.5139e-08,0.04504789999999992
4.5141e-08,0.049374099999999976
4.5143e-08,0.05365819999999999
4.5145e-08,0.057898899999999975
4.5147e-08,0.06209549999999997
4.5149e-08,0.06624700000000006
4.5151e-08,0.07035250000000004
4.5153e-08,0.07441129999999996
4.5155e-08,0.07842280000000001
4.5157e-08,0.08238619999999997
4.5159e-08,0.08630119999999997
4.5161e-08,0.09016709999999994
4.5163e-08,0.09398369999999989
4.5165e-08,0.09775049999999996
4.5167e-08,0.10146719999999998
4.5169e-08,0.10513359999999994
4.5171e-08,0.1087496
4.5173e-08,0.1123149
4.5175e-08,0.11582949999999992
4.5177e-08,0.11929319999999999
4.5179e-08,0.12270619999999999
4.5181e-08,0.12606830000000002
4.5183e-08,0.1293797
4.5185e-08,0.1326406
4.5187e-08,0.1358509
4.5189e-08,0.1390108
4.5191e-08,0.1421207
4.5193e-08,0.1451806
4.5195e-08,0.14819090000000001
4.5197e-08,0.15115160000000005
4.51985e-08,0.15334000000000003
4.52e-08,0.15550090000000005
4.52002e-08,0.1557866
4.52006e-08,0.15635719999999997
4.52014e-08,0.15749259999999998
4.5203e-08,0.1597402
4.5205e-08,0.1625065
4.5207e-08,0.16522519999999996
4.5209e-08,0.1678965
4.5211e-08,0.17052100000000003
4.5213e-08,0.1730988
4.5215e-08,0.17563059999999997
4.5217e-08,0.17811660000000007
4.5219e-08,0.18055759999999998
4.5221e-08,0.18295380000000006
4.5223e-08,0.18530579999999996
4.5225e-08,0.18761400000000006
4.5227e-08,0.18987889999999996
4.5229e-08,0.19210099999999997
4.5231e-08,0.19428089999999998
4.5233e-08,0.19641889999999995
4.5235e-08,0.19851580000000002
4.5237e-08,0.20057180000000008
4.5239e-08,0.20258769999999993
4.5241e-08,0.20456390000000002
4.5243e-08,0.2065009
4.5245e-08,0.2083992
4.5247e-08,0.21025929999999993
4.5249e-08,0.21208189999999993
4.5251e-08,0.21386740000000004
4.5253e-08,0.2156163000000001
4.5255e-08,0.2173292
4.5257e-08,0.2190067
4.5259e-08,0.22064910000000004
4.5261e-08,0.22225709999999999
4.5263e-08,0.22383110000000006
4.5265e-08,0.2253718
4.5267e-08,0.22687959999999996
4.5269e-08,0.22835489999999992
4.5271e-08,0.2297983
4.5273e-08,0.23121040000000004
4.5275e-08,0.2325916
4.5277e-08,0.2339424
4.5279e-08,0.2352634
4.5281e-08,0.2365549
4.5283e-08,0.23781759999999996
4.5285e-08,0.23905179999999993
4.5287e-08,0.24025810000000003
4.5289e-08,0.24143689999999995
4.5291e-08,0.24258880000000005
4.5293e-08,0.243714
4.5295e-08,0.24481319999999995
4.5297e-08,0.24588680000000007
4.5299e-08,0.24693529999999997
4.5301e-08,0.24795889999999998
4.5303e-08,0.24895829999999997
4.5305e-08,0.24993390000000004
4.5307e-08,0.25088599999999994
4.5309e-08,0.25181509999999996
4.5311e-08,0.25272169999999994
4.5313e-08,0.253606
4.5315e-08,0.25446859999999993
4.5317e-08,0.25531000000000004
4.5319e-08,0.2561302
4.5321e-08,0.25693
4.5323e-08,0.2577096
4.5325e-08,0.25846939999999996
4.5327e-08,0.2592097
4.5329e-08,0.259931
4.5331e-08,0.26063369999999997
4.5333e-08,0.2613181
4.5335e-08,0.26198450000000006
4.5337e-08,0.2626332
4.5339e-08,0.2632647
4.5341e-08,0.26387929999999993
4.5343e-08,0.2644773
4.5345e-08,0.26505900000000004
4.5347e-08,0.26562489999999994
4.5349e-08,0.2661751
4.5351e-08,0.26670989999999994
4.5353e-08,0.2672299
4.5355e-08,0.26773519999999995
4.5357e-08,0.2682261
4.5359e-08,0.26870289999999997
4.5361e-08,0.26916589999999996
4.5363e-08,0.26961539999999995
4.5365e-08,0.27005179999999995
4.5367e-08,0.2704752
4.5369e-08,0.27088580000000007
4.5371e-08,0.27128410000000003
4.5373e-08,0.2716702999999999
4.5375e-08,0.27204459999999997
4.5377e-08,0.2724073
4.5379e-08,0.2727587
4.5381e-08,0.27309890000000003
4.5383e-08,0.27342809999999995
4.5385e-08,0.27374679999999996
4.5387e-08,0.27405519999999994
4.5389e-08,0.27435319999999996
4.5391e-08,0.2746415
4.5393e-08,0.2749199
4.5395e-08,0.27518889999999996
4.5397e-08,0.27544840000000004
4.53985e-08,0.2756372
4.54e-08,0.27583160000000007
4.54002e-08,0.27585919999999997
4.54006e-08,0.2759157
4.54014e-08,0.2760329
4.5403e-08,0.2762608000000001
4.5405e-08,0.2764808000000001
4.5407e-08,0.2765677999999999
4.5409e-08,0.2764721
4.5411e-08,0.2761587
4.5413e-08,0.2756042000000001
4.5415e-08,0.2747938999999999
4.5417e-08,0.27371939999999995
4.5419e-08,0.2723774
4.5421e-08,0.2707682
4.5423e-08,0.2688952
4.5425e-08,0.2667636
4.5427e-08,0.2643803
4.5429e-08,0.26175310000000007
4.5431e-08,0.258891
4.5433e-08,0.25580289999999994
4.5435e-08,0.2524984
4.5437e-08,0.24898740000000008
4.5439e-08,0.24527960000000004
4.5441e-08,0.2413849
4.5443e-08,0.2373128
4.5445e-08,0.23307310000000003
4.5447e-08,0.22867510000000002
4.5449e-08,0.2241282
4.5451e-08,0.21944129999999995
4.5453e-08,0.21462329999999996
4.5455e-08,0.2096829
4.5457e-08,0.20462829999999999
4.5459e-08,0.19946789999999992
4.5461e-08,0.19420949999999992
4.5463e-08,0.18886080000000005
4.5465e-08,0.18342919999999996
4.5467e-08,0.17792210000000008
4.5469e-08,0.1723464
4.5471e-08,0.16670889999999994
4.5473e-08,0.1610163
4.5475e-08,0.15527479999999994
4.5477e-08,0.14949060000000003
4.5479e-08,0.1436695
4.5481e-08,0.13781739999999998
4.5483e-08,0.13193960000000005
4.5485e-08,0.12604150000000003
4.5487e-08,0.12012820000000002
4.5489e-08,0.11420449999999993
4.5491e-08,0.10827520000000002
4.5493e-08,0.10234470000000007
4.5495e-08,0.09641730000000004
4.5497e-08,0.0904973
4.5499e-08,0.08458829999999995
4.5501e-08,0.07869439999999994
4.5503e-08,0.07281899999999997
4.5505e-08,0.06696559999999996
4.5507e-08,0.06113740000000001
4.5509e-08,0.05533739999999998
4.5511e-08,0.04956880000000008
4.5513e-08,0.04383399999999993
4.5515e-08,0.0381359
4.5517e-08,0.03247679999999997
4.5519e-08,0.026858999999999966
4.5521e-08,0.021284799999999993
4.5523e-08,0.01575609999999994
4.5525e-08,0.010275099999999981
4.5527e-08,0.004843300000000106
4.5529e-08,-0.0005376000000000269
4.5531e-08,-0.0058658999999999795
4.5533e-08,-0.01114040000000005
4.5535e-08,-0.01635960000000003
4.5537e-08,-0.021522400000000053
4.5539e-08,-0.026627600000000085
4.5541e-08,-0.031674300000000044
4.5543e-08,-0.036661500000000014
4.5545e-08,-0.04158839999999997
4.5547e-08,-0.04645440000000001
4.5549e-08,-0.05125869999999999
4.5551e-08,-0.05600079999999996
4.5553e-08,-0.06068019999999996
4.5555e-08,-0.06529649999999998
4.5557e-08,-0.06984939999999995
4.5559e-08,-0.07433859999999992
4.5561e-08,-0.07876379999999994
4.5563e-08,-0.083125
4.5565e-08,-0.08742209999999995
4.5567e-08,-0.09165489999999998
4.5569e-08,-0.09582360000000001
4.5571e-08,-0.09992820000000002
4.5573e-08,-0.10396890000000003
4.5575e-08,-0.10794570000000003
4.5577e-08,-0.11185889999999998
4.5579e-08,-0.11570879999999995
4.5581e-08,-0.11949559999999992
4.5583e-08,-0.1232196000000001
4.5585e-08,-0.12688120000000003
4.5587e-08,-0.1304809
4.5589e-08,-0.13401890000000005
4.5591e-08,-0.1374957
4.5593e-08,-0.14091180000000003
4.5595e-08,-0.1442677
4.5597e-08,-0.14756370000000008
4.55985e-08,-0.14999699999999994
4.56e-08,-0.152397
4.56002e-08,-0.15271499999999993
4.56006e-08,-0.15335180000000004
4.56014e-08,-0.15462850000000006
4.5603e-08,-0.15716849999999993
4.5605e-08,-0.1602572000000001
4.5607e-08,-0.16318050000000006
4.5609e-08,-0.16588029999999998
4.5611e-08,-0.16831619999999992
4.5613e-08,-0.17046099999999997
4.5615e-08,-0.1722973
4.5617e-08,-0.17381599999999997
4.5619e-08,-0.17501310000000003
4.5621e-08,-0.17588939999999997
4.5623e-08,-0.17644899999999997
4.5625e-08,-0.17669800000000002
4.5627e-08,-0.17664449999999998
4.5629e-08,-0.17629799999999995
4.5631e-08,-0.17566840000000006
4.5633e-08,-0.17476670000000005
4.5635e-08,-0.17360359999999997
4.5637e-08,-0.17219040000000008
4.5639e-08,-0.17053859999999998
4.5641e-08,-0.1686588
4.5643e-08,-0.16656230000000005
4.5645e-08,-0.16425990000000001
4.5647e-08,-0.16176190000000001
4.5649e-08,-0.15907880000000008
4.5651e-08,-0.15622059999999993
4.5653e-08,-0.15319700000000003
4.5655e-08,-0.15001749999999991
4.5657e-08,-0.14669110000000007
4.5659e-08,-0.14322669999999993
4.5661e-08,-0.13963290000000006
4.5663e-08,-0.13591810000000004
4.5665e-08,-0.1320901
4.5667e-08,-0.12815679999999996
4.5669e-08,-0.12412560000000006
4.5671e-08,-0.12000369999999994
4.5673e-08,-0.11579820000000007
4.5675e-08,-0.11151560000000005
4.5677e-08,-0.10716239999999999
4.5679e-08,-0.10274500000000009
4.5681e-08,-0.0982693
4.5683e-08,-0.09374110000000002
4.5685e-08,-0.08916580000000007
4.5687e-08,-0.08454910000000004
4.5689e-08,-0.07989579999999996
4.5691e-08,-0.07521099999999992
4.5693e-08,-0.07049939999999999
4.5695e-08,-0.06576559999999998
4.5697e-08,-0.06101400000000001
4.5699e-08,-0.05624870000000004
4.5701e-08,-0.05147360000000001
4.5703e-08,-0.04669270000000003
4.5705e-08,-0.04190970000000005
4.5707e-08,-0.03712789999999999
4.5709e-08,-0.03235080000000001
4.5711e-08,-0.027581500000000037
4.5713e-08,-0.022823000000000038
4.5715e-08,-0.01807829999999999
4.5717e-08,-0.013349900000000026
4.5719e-08,-0.008640699999999946
4.5721e-08,-0.003952900000000037
4.5723e-08,0.0007108000000000114
4.5725e-08,0.005348699999999984
4.5727e-08,0.009958399999999923
4.5729e-08,0.014538000000000051
4.5731e-08,0.019085699999999983
4.5733e-08,0.0235997
4.5735e-08,0.02807840000000006
4.5737e-08,0.0325202
4.5739e-08,0.03692390000000001
4.5741e-08,0.04128799999999999
4.5743e-08,0.04561130000000002
4.5745e-08,0.0498926999999999
4.5747e-08,0.054131199999999935
4.5749e-08,0.058325700000000036
4.5751e-08,0.06247540000000007
4.5753e-08,0.06657939999999996
4.5755e-08,0.07063719999999996
4.5757e-08,0.07464789999999999
4.5759e-08,0.07861099999999999
4.5761e-08,0.08252599999999999
4.5763e-08,0.08639229999999998
4.5765e-08,0.09020969999999995
4.5767e-08,0.09397769999999994
4.5769e-08,0.09769609999999995
4.5771e-08,0.10136449999999997
4.5773e-08,0.10498299999999994
4.5775e-08,0.10855110000000001
4.5777e-08,0.11206899999999997
4.5779e-08,0.11553649999999993
4.5781e-08,0.11895350000000005
4.5783e-08,0.12232030000000005
4.5785e-08,0.12563670000000005
4.5787e-08,0.12890290000000004
4.5789e-08,0.13211909999999993
4.5791e-08,0.1352854
4.5793e-08,0.13840189999999997
4.5795e-08,0.14146880000000006
4.5797e-08,0.14448649999999996
4.57985e-08,0.1467176
4.58e-08,0.14892119999999998
4.58002e-08,0.1492135
4.58006e-08,0.14979900000000002
4.58014e-08,0.15097440000000006
4.5803e-08,0.1533162
4.5805e-08,0.1561655999999999
4.5807e-08,0.1588585
4.5809e-08,0.1613363
4.5811e-08,0.1635584
4.5813e-08,0.1654972
4.5815e-08,0.16713509999999998
4.5817e-08,0.16846230000000006
4.5819e-08,0.16947520000000005
4.5821e-08,0.17017380000000004
4.5823e-08,0.17056210000000005
4.5825e-08,0.17064620000000008
4.5827e-08,0.17043390000000003
4.5829e-08,0.1699345
4.5831e-08,0.16915780000000002
4.5833e-08,0.1681146
4.5835e-08,0.16681559999999995
4.5837e-08,0.16527199999999997
4.5839e-08,0.1634947
4.5841e-08,0.1614949
4.5843e-08,0.1592834999999999
4.5845e-08,0.15687099999999998
4.5847e-08,0.15426799999999996
4.5849e-08,0.15148470000000003
4.5851e-08,0.14853099999999997
4.5853e-08,0.14541650000000006
4.5855e-08,0.14215069999999996
4.5857e-08,0.13874260000000005
4.5859e-08,0.13520100000000002
4.5861e-08,0.1315343
4.5863e-08,0.12775099999999995
4.5865e-08,0.12385869999999999
4.5867e-08,0.1198652
4.5869e-08,0.11577799999999994
4.5871e-08,0.11160420000000004
4.5873e-08,0.10735069999999991
4.5875e-08,0.10302390000000006
4.5877e-08,0.09863049999999995
4.5879e-08,0.09417660000000005
4.5881e-08,0.08966799999999997
4.5883e-08,0.08511049999999998
4.5885e-08,0.08050970000000002
4.5887e-08,0.07587060000000001
4.5889e-08,0.0711984
4.5891e-08,0.0664981
4.5893e-08,0.06177409999999994
4.5895e-08,0.0570311
4.5897e-08,0.052273400000000025
4.5899e-08,0.047504800000000014
4.5901e-08,0.042729600000000034
4.5903e-08,0.03795130000000002
4.5905e-08,0.03317349999999997
4.5907e-08,0.02839960000000008
4.5909e-08,0.023633000000000015
4.5911e-08,0.018876799999999916
4.5913e-08,0.014133800000000085
4.5915e-08,0.009406899999999996
4.5917e-08,0.004698699999999945
4.5919e-08,1.1700000000058886e-05
4.5921e-08,-0.004651599999999978
4.5923e-08,-0.009289099999999939
4.5925e-08,-0.013898599999999983
4.5927e-08,-0.018477900000000047
4.5929e-08,-0.023025500000000032
4.5931e-08,-0.027539299999999933
4.5933e-08,-0.03201789999999993
4.5935e-08,-0.036459600000000036
4.5937e-08,-0.040862900000000035
4.5939e-08,-0.045226600000000006
4.5941e-08,-0.04954919999999996
4.5943e-08,-0.05382979999999993
4.5945e-08,-0.058067199999999985
4.5947e-08,-0.06226050000000005
4.5949e-08,-0.06640860000000004
4.5951e-08,-0.07051099999999999
4.5953e-08,-0.0745667000000001
4.5955e-08,-0.07857500000000006
4.5957e-08,-0.0825355000000001
4.5959e-08,-0.08644739999999995
4.5961e-08,-0.09031040000000001
4.5963e-08,-0.09412419999999999
4.5965e-08,-0.09788810000000003
4.5967e-08,-0.10160210000000003
4.5969e-08,-0.10526579999999996
4.5971e-08,-0.10887919999999995
4.5973e-08,-0.11244180000000004
4.5975e-08,-0.1159538
4.5977e-08,-0.1194151
4.5979e-08,-0.12282559999999998
4.5981e-08,-0.1261854
4.5983e-08,-0.1294944
4.5985e-08,-0.132753
4.5987e-08,-0.135961
4.5989e-08,-0.1391188
4.5991e-08,-0.14222640000000009
4.5993e-08,-0.14528419999999997
4.5995e-08,-0.14829229999999993
4.5997e-08,-0.15125100000000002
4.59985e-08,-0.15343790000000002
4.6e-08,-0.1555972
4.60002e-08,-0.1558828
4.60006e-08,-0.1564530999999999
4.60014e-08,-0.15758760000000005
4.6003e-08,-0.15983369999999997
4.6005e-08,-0.16259820000000003
4.6007e-08,-0.16531490000000004
4.6009e-08,-0.16798439999999992
4.6011e-08,-0.1706071
4.6013e-08,-0.17318319999999998
4.6015e-08,-0.1757131999999999
4.6017e-08,-0.17819770000000001
4.6019e-08,-0.18063699999999994
4.6021e-08,-0.18303159999999996
4.6023e-08,-0.1853819
4.6025e-08,-0.18768859999999998
4.6027e-08,-0.189952
4.6029e-08,-0.19217269999999997
4.6031e-08,-0.19435099999999994
4.6033e-08,-0.19648770000000004
4.6035e-08,-0.1985831
4.6037e-08,-0.20063790000000004
4.6039e-08,-0.20265239999999995
4.6041e-08,-0.2046272
4.6043e-08,-0.2065629
4.6045e-08,-0.20845999999999998
4.6047e-08,-0.21031889999999998
4.6049e-08,-0.21214029999999995
4.6051e-08,-0.21392460000000002
4.6053e-08,-0.21567230000000004
4.6055e-08,-0.21738420000000003
4.6057e-08,-0.2190605
4.6059e-08,-0.22070179999999995
4.6061e-08,-0.22230880000000008
4.6063e-08,-0.22388169999999996
4.6065e-08,-0.2254214
4.6067e-08,-0.22692809999999997
4.6069e-08,-0.22840250000000006
4.6071e-08,-0.22984499999999997
4.6073e-08,-0.23125609999999996
4.6075e-08,-0.23263639999999997
4.6077e-08,-0.23398629999999998
4.6079e-08,-0.23530640000000003
4.6081e-08,-0.2365971
4.6083e-08,-0.23785879999999993
4.6085e-08,-0.23909219999999998
4.6087e-08,-0.2402978
4.6089e-08,-0.24147570000000007
4.6091e-08,-0.24262679999999992
4.6093e-08,-0.24375139999999995
4.6095e-08,-0.2448498
4.6097e-08,-0.2459226
4.6099e-08,-0.24697029999999998
4.6101e-08,-0.24799330000000008
4.6103e-08,-0.248992
4.6105e-08,-0.2499669
4.6107e-08,-0.2509184
4.6109e-08,-0.2518467999999999
4.6111e-08,-0.25275269999999994
4.6113e-08,-0.25363649999999993
4.6115e-08,-0.25449850000000007
4.6117e-08,-0.2553392000000001
4.6119e-08,-0.256159
4.6121e-08,-0.256958
4.6123e-08,-0.25773710000000005
4.6125e-08,-0.2584963
4.6127e-08,-0.25923609999999997
4.6129e-08,-0.259957
4.6131e-08,-0.26065910000000003
4.6133e-08,-0.261343
4.6135e-08,-0.26200879999999993
4.6137e-08,-0.2626571
4.6139e-08,-0.2632881
4.6141e-08,-0.2639022000000001
4.6143e-08,-0.2644997
4.6145e-08,-0.26508110000000007
4.6147e-08,-0.26564639999999995
4.6149e-08,-0.2661962
4.6151e-08,-0.26673080000000005
4.6153e-08,-0.26725030000000005
4.6155e-08,-0.2677550999999999
4.6157e-08,-0.2682456
4.6159e-08,-0.268722
4.6161e-08,-0.26918470000000005
4.6163e-08,-0.2696337999999999
4.6165e-08,-0.2700698
4.6167e-08,-0.2704926999999999
4.6169e-08,-0.27090309999999995
4.6171e-08,-0.27130109999999996
4.6173e-08,-0.27168689999999995
4.6175e-08,-0.27206090000000005
4.6177e-08,-0.27242330000000003
4.6179e-08,-0.27277419999999997
4.6181e-08,-0.2731142000000001
4.6183e-08,-0.2734432
4.6185e-08,-0.2737615
4.6187e-08,-0.27406949999999997
4.6189e-08,-0.27436740000000004
4.6191e-08,-0.27465530000000005
4.6193e-08,-0.2749334
4.6195e-08,-0.27520219999999995
4.6197e-08,-0.2754614999999999
4.61985e-08,-0.2756501
4.62e-08,-0.2758336
4.62002e-08,-0.2758575999999999
4.62006e-08,-0.2759056
4.62014e-08,-0.2760005000000001
4.6203e-08,-0.2761859
4.6205e-08,-0.27641019999999994
4.6207e-08,-0.27662620000000004
4.6209e-08,-0.27683420000000003
4.6211e-08,-0.27703430000000007
4.6213e-08,-0.27722670000000005
4.6215e-08,-0.2774114999999999
4.6217e-08,-0.277589
4.6219e-08,-0.27775930000000004
4.6221e-08,-0.2779226
4.6223e-08,-0.27807919999999997
4.6225e-08,-0.27822899999999995
4.6227e-08,-0.2783724000000001
4.6229e-08,-0.27850930000000007
4.6231e-08,-0.27864009999999995
4.6233e-08,-0.2787649
4.6235e-08,-0.2788838
4.6237e-08,-0.27899700000000005
4.6239e-08,-0.2791045000000001
4.6241e-08,-0.27920670000000003
4.6243e-08,-0.27930350000000004
4.6245e-08,-0.27939519999999995
4.6247e-08,-0.2794818
4.6249e-08,-0.27956349999999996
4.6251e-08,-0.2796404
4.6253e-08,-0.27971270000000004
4.6255e-08,-0.27978039999999993
4.6257e-08,-0.27984370000000003
4.6259e-08,-0.27990270000000006
4.6261e-08,-0.2799575000000001
4.6263e-08,-0.2800083
4.6265e-08,-0.28005519999999995
4.6267e-08,-0.2800982000000001
4.6269e-08,-0.2801374
4.6271e-08,-0.28017309999999995
4.6273e-08,-0.28020520000000004
4.6275e-08,-0.2802338
4.6277e-08,-0.2802591
4.6279e-08,-0.2802812
4.6281e-08,-0.2803002
4.6283e-08,-0.280316
4.6285e-08,-0.2803289
4.6287e-08,-0.280339
4.6289e-08,-0.28034629999999994
4.6291e-08,-0.2803508
4.6293e-08,-0.28035279999999996
4.6295e-08,-0.28035220000000005
4.6297e-08,-0.2803490999999999
4.6299e-08,-0.2803436
4.6301e-08,-0.2803358
4.6303e-08,-0.2803259
4.6305e-08,-0.2803137
4.6307e-08,-0.2802994
4.6309e-08,-0.2802831
4.6311e-08,-0.28026489999999993
4.6313e-08,-0.2802447
4.6315e-08,-0.28022270000000005
4.6317e-08,-0.2801990000000001
4.6319e-08,-0.2801736
4.6321e-08,-0.2801465999999999
4.6323e-08,-0.2801178000000001
4.6325e-08,-0.2800876
4.6327e-08,-0.28005599999999997
4.6329e-08,-0.28002289999999996
4.6331e-08,-0.2799885
4.6333e-08,-0.27995270000000005
4.6335e-08,-0.27991560000000004
4.6337e-08,-0.27987740000000005
4.6339e-08,-0.2798379000000001
4.6341e-08,-0.2797974
4.6343e-08,-0.27975590000000006
4.6345e-08,-0.2797132
4.6347e-08,-0.27966959999999996
4.6349e-08,-0.2796249999999999
4.6351e-08,-0.27957960000000004
4.6353e-08,-0.2795333
4.6355e-08,-0.2794862
4.6357e-08,-0.27943819999999997
4.6359e-08,-0.27938949999999996
4.6361e-08,-0.27934020000000004
4.6363e-08,-0.27929020000000004
4.6365e-08,-0.2792395
4.6367e-08,-0.27918809999999994
4.6369e-08,-0.2791363
4.6371e-08,-0.27908389999999994
4.6373e-08,-0.2790309999999999
4.6375e-08,-0.27897760000000005
4.6377e-08,-0.27892379999999994
4.6379e-08,-0.27886960000000005
4.6381e-08,-0.27881500000000004
4.6383e-08,-0.27876
4.6385e-08,-0.27870459999999997
4.6387e-08,-0.2786489999999999
4.6389e-08,-0.2785930000000001
4.6391e-08,-0.2785367999999999
4.6393e-08,-0.2784804000000001
4.6395e-08,-0.2784238
4.6397e-08,-0.2783668
4.63985e-08,-0.2783241000000001
4.64e-08,-0.27828129999999995
4.64002e-08,-0.2782764
4.64006e-08,-0.27826850000000003
4.64014e-08,-0.2782627999999999
4.6403e-08,-0.27826660000000003
4.6405e-08,-0.27824019999999994
4.6407e-08,-0.27811109999999994
4.6409e-08,-0.2778227
4.6411e-08,-0.27733509999999995
4.6413e-08,-0.2766208
4.6415e-08,-0.2756619
4.6417e-08,-0.27444789999999997
4.6419e-08,-0.27297340000000003
4.6421e-08,-0.2712377
4.6423e-08,-0.26924269999999995
4.6425e-08,-0.2669929999999999
4.6427e-08,-0.26449469999999997
4.6429e-08,-0.2617552000000001
4.6431e-08,-0.25878290000000004
4.6433e-08,-0.25558669999999994
4.6435e-08,-0.25217599999999996
4.6437e-08,-0.2485602
4.6439e-08,-0.24474910000000005
4.6441e-08,-0.24075259999999998
4.6443e-08,-0.23658010000000007
4.6445e-08,-0.2322413000000001
4.6447e-08,-0.2277456
4.6449e-08,-0.22310220000000003
4.6451e-08,-0.21832040000000008
4.6453e-08,-0.21340879999999995
4.6455e-08,-0.208376
4.6457e-08,-0.20323079999999993
4.6459e-08,-0.19798100000000007
4.6461e-08,-0.1926348
4.6463e-08,-0.18719980000000003
4.6465e-08,-0.18168359999999995
4.6467e-08,-0.17609339999999996
4.6469e-08,-0.17043629999999999
4.6471e-08,-0.16471919999999995
4.6473e-08,-0.15894850000000005
4.6475e-08,-0.15313070000000006
4.6477e-08,-0.1472719
4.6479e-08,-0.14137810000000006
4.6481e-08,-0.135455
4.6483e-08,-0.12950810000000001
4.6485e-08,-0.12354260000000006
4.6487e-08,-0.11756389999999994
4.6489e-08,-0.11157649999999997
4.6491e-08,-0.10558540000000005
4.6493e-08,-0.09959510000000005
4.6495e-08,-0.09360970000000002
4.6497e-08,-0.08763349999999992
4.6499e-08,-0.08167029999999997
4.6501e-08,-0.07572400000000001
4.6503e-08,-0.06979809999999997
4.6505e-08,-0.0638959
4.6507e-08,-0.05802089999999993
4.6509e-08,-0.05217589999999994
4.6511e-08,-0.04636410000000002
4.6513e-08,-0.04058790000000001
4.6515e-08,-0.034850099999999995
4.6517e-08,-0.029153100000000043
4.6519e-08,-0.023499099999999995
4.6521e-08,-0.01789060000000009
4.6523e-08,-0.012329299999999987
4.6525e-08,-0.00681710000000002
4.6527e-08,-0.0013559000000000765
4.6529e-08,0.0040528000000000786
4.6531e-08,0.009407300000000007
4.6533e-08,0.014706400000000008
4.6535e-08,0.01994870000000004
4.6537e-08,0.02513299999999996
4.6539e-08,0.03025830000000007
4.6541e-08,0.03532370000000007
4.6543e-08,0.04032809999999998
4.6545e-08,0.0452709
4.6547e-08,0.05015139999999996
4.6549e-08,0.05496869999999998
4.6551e-08,0.05972270000000002
4.6553e-08,0.06441269999999999
4.6555e-08,0.0690383
4.6557e-08,0.07359939999999998
4.6559e-08,0.07809549999999998
4.6561e-08,0.08252649999999995
4.6563e-08,0.08689249999999993
4.6565e-08,0.09119309999999992
4.6567e-08,0.09542859999999997
4.6569e-08,0.09959879999999999
4.6571e-08,0.10370400000000002
4.6573e-08,0.10774420000000007
4.6575e-08,0.11171969999999998
4.6577e-08,0.11563060000000003
4.6579e-08,0.11947739999999996
4.6581e-08,0.12326019999999993
4.6583e-08,0.12697939999999996
4.6585e-08,0.13063550000000002
4.6587e-08,0.13422860000000003
4.6589e-08,0.13775950000000003
4.6591e-08,0.14122840000000003
4.6593e-08,0.14463590000000004
4.6595e-08,0.14798260000000008
4.6597e-08,0.15126890000000004
4.65985e-08,0.1536942
4.66e-08,0.15609669999999998
4.66002e-08,0.15641630000000006
4.66006e-08,0.15705570000000002
4.66014e-08,0.1583327
4.6603e-08,0.1608548999999999
4.6605e-08,0.16389359999999997
4.6607e-08,0.1667438
4.6609e-08,0.169354
4.6611e-08,0.1716892
4.6613e-08,0.17372600000000005
4.6615e-08,0.17545029999999995
4.6617e-08,0.17685470000000003
4.6619e-08,0.17793750000000008
4.6621e-08,0.17870039999999998
4.6623e-08,0.1791486
4.6625e-08,0.17928880000000003
4.6627e-08,0.17912969999999995
4.6629e-08,0.17868079999999997
4.6631e-08,0.17795280000000002
4.6633e-08,0.17695609999999995
4.6635e-08,0.17570220000000003
4.6637e-08,0.17420190000000002
4.6639e-08,0.17246660000000003
4.6641e-08,0.17050720000000008
4.6643e-08,0.1683348
4.6645e-08,0.16595989999999994
4.6647e-08,0.163393
4.6649e-08,0.16064420000000001
4.6651e-08,0.15772359999999996
4.6653e-08,0.15464060000000002
4.6655e-08,0.15140470000000006
4.6657e-08,0.1480246999999999
4.6659e-08,0.14450969999999996
4.6661e-08,0.14086789999999993
4.6663e-08,0.1371074
4.6665e-08,0.13323640000000003
4.6667e-08,0.12926230000000005
4.6669e-08,0.1251926
4.6671e-08,0.12103430000000004
4.6673e-08,0.11679440000000008
4.6675e-08,0.11247949999999995
4.6677e-08,0.10809579999999996
4.6679e-08,0.10364969999999996
4.6681e-08,0.09914699999999999
4.6683e-08,0.09459340000000005
4.6685e-08,0.08999449999999998
4.6687e-08,0.08535539999999997
4.6689e-08,0.08068130000000007
4.6691e-08,0.07597699999999996
4.6693e-08,0.07124730000000001
4.6695e-08,0.06649649999999996
4.6697e-08,0.06172909999999998
4.6699e-08,0.05694919999999992
4.6701e-08,0.052160500000000054
4.6703e-08,0.047367200000000054
4.6705e-08,0.04257250000000001
4.6707e-08,0.03778009999999998
4.6709e-08,0.0329931
4.6711e-08,0.028214900000000043
4.6713e-08,0.02344819999999992
4.6715e-08,0.018695899999999988
4.6717e-08,0.013961000000000001
4.6719e-08,0.009245600000000076
4.6721e-08,0.004552400000000012
4.6723e-08,-0.0001162999999999581
4.6725e-08,-0.0047583999999999405
4.6727e-08,-0.009371899999999989
4.6729e-08,-0.013954899999999992
4.6731e-08,-0.018505500000000064
4.6733e-08,-0.023021800000000092
4.6735e-08,-0.027502599999999933
4.6737e-08,-0.03194609999999998
4.6739e-08,-0.03635109999999997
4.6741e-08,-0.04071619999999998
4.6743e-08,-0.04504030000000003
4.6745e-08,-0.049322100000000035
4.6747e-08,-0.053560800000000075
4.6749e-08,-0.05775520000000001
4.6751e-08,-0.06190460000000009
4.6753e-08,-0.06600820000000007
4.6755e-08,-0.0700653
4.6757e-08,-0.07407520000000001
4.6759e-08,-0.07803740000000003
4.6761e-08,-0.08195129999999995
4.6763e-08,-0.08581649999999996
4.6765e-08,-0.0896325
4.6767e-08,-0.09339910000000007
4.6769e-08,-0.09711609999999993
4.6771e-08,-0.10078299999999996
4.6773e-08,-0.10439980000000004
4.6775e-08,-0.10796629999999996
4.6777e-08,-0.11148250000000004
4.6779e-08,-0.1149483
4.6781e-08,-0.11836369999999996
4.6783e-08,-0.12172870000000002
4.6785e-08,-0.12504349999999997
4.6787e-08,-0.12830799999999998
4.6789e-08,-0.1315225
4.6791e-08,-0.13468709999999995
4.6793e-08,-0.13780199999999998
4.6795e-08,-0.14086730000000003
4.6797e-08,-0.1438834
4.67985e-08,-0.1461135
4.68e-08,-0.14831590000000006
4.68002e-08,-0.14860719999999994
4.68006e-08,-0.14918889999999996
4.68014e-08,-0.1503466
4.6803e-08,-0.15263879999999996
4.6805e-08,-0.15546099999999996
4.6807e-08,-0.15823550000000008
4.6809e-08,-0.16096280000000007
4.6811e-08,-0.16364310000000004
4.6813e-08,-0.16627689999999995
4.6815e-08,-0.16886459999999992
4.6817e-08,-0.17140670000000002
4.6819e-08,-0.17390340000000004
4.6821e-08,-0.1763555
4.6823e-08,-0.1787632
4.6825e-08,-0.18112700000000004
4.6827e-08,-0.18344749999999999
4.6829e-08,-0.18572520000000003
4.6831e-08,-0.18796040000000003
4.6833e-08,-0.19015360000000003
4.6835e-08,-0.19230550000000002
4.6837e-08,-0.19441660000000005
4.6839e-08,-0.19648710000000003
4.6841e-08,-0.19851780000000008
4.6843e-08,-0.20050919999999994
4.6845e-08,-0.20246169999999997
4.6847e-08,-0.2043758
4.6849e-08,-0.20625209999999994
4.6851e-08,-0.20809109999999997
4.6853e-08,-0.2098934
4.6855e-08,-0.21165939999999994
4.6857e-08,-0.2133896999999999
4.6859e-08,-0.21508470000000002
4.6861e-08,-0.21674499999999997
4.6863e-08,-0.21837110000000004
4.6865e-08,-0.21996360000000004
4.6867e-08,-0.2215227999999999
4.6869e-08,-0.22304939999999995
4.6871e-08,-0.22454390000000002
4.6873e-08,-0.22600659999999995
4.6875e-08,-0.22743819999999992
4.6877e-08,-0.22883920000000002
4.6879e-08,-0.23020989999999997
4.6881e-08,-0.23155099999999995
4.6883e-08,-0.23286289999999998
4.6885e-08,-0.23414600000000008
4.6887e-08,-0.2354008999999999
4.6889e-08,-0.23662799999999995
4.6891e-08,-0.23782780000000003
4.6893e-08,-0.2390008
4.6895e-08,-0.24014730000000006
4.6897e-08,-0.24126789999999998
4.6899e-08,-0.242363
4.6901e-08,-0.24343310000000007
4.6903e-08,-0.2444786
4.6905e-08,-0.2454999
4.6907e-08,-0.24649749999999993
4.6909e-08,-0.2474716
4.6911e-08,-0.24842300000000006
4.6913e-08,-0.2493518
4.6915e-08,-0.25025850000000005
4.6917e-08,-0.25114349999999996
4.6919e-08,-0.2520074
4.6921e-08,-0.2528502
4.6923e-08,-0.2536726
4.6925e-08,-0.25447490000000006
4.6927e-08,-0.25525739999999997
4.6929e-08,-0.2560205
4.6931e-08,-0.2567645999999999
4.6933e-08,-0.25749009999999994
4.6935e-08,-0.25819729999999996
4.6937e-08,-0.25888659999999997
4.6939e-08,-0.25955820000000007
4.6941e-08,-0.26021269999999996
4.6943e-08,-0.26085020000000003
4.6945e-08,-0.2614712
4.6947e-08,-0.26207590000000003
4.6949e-08,-0.2626645999999999
4.6951e-08,-0.2632377
4.6953e-08,-0.2637956
4.6955e-08,-0.2643384000000001
4.6957e-08,-0.2648665
4.6959e-08,-0.2653803
4.6961e-08,-0.26587990000000006
4.6963e-08,-0.26636570000000004
4.6965e-08,-0.26683809999999997
4.6967e-08,-0.26729709999999995
4.6969e-08,-0.26774319999999996
4.6971e-08,-0.26817649999999993
4.6973e-08,-0.2685974000000001
4.6975e-08,-0.2690062
4.6977e-08,-0.26940299999999995
4.6979e-08,-0.2697881
4.6981e-08,-0.2701618
4.6983e-08,-0.2705244
4.6985e-08,-0.270876
4.6987e-08,-0.27121680000000004
4.6989e-08,-0.2715472
4.6991e-08,-0.2718674
4.6993e-08,-0.2721776
4.6995e-08,-0.272478
4.6997e-08,-0.2727686
4.69985e-08,-0.2729806
4.7e-08,-0.2731873
4.70002e-08,-0.2732145
4.70006e-08,-0.2732685
4.70014e-08,-0.27337559999999994
4.7003e-08,-0.2735854999999999
4.7005e-08,-0.2738400000000001
4.7007e-08,-0.27408600000000005
4.7009e-08,-0.27432350000000005
4.7011e-08,-0.2745529000000001
4.7013e-08,-0.2747743
4.7015e-08,-0.27498790000000006
4.7017e-08,-0.27519400000000005
4.7019e-08,-0.2753924000000001
4.7021e-08,-0.2755837
4.7023e-08,-0.27576789999999995
4.7025e-08,-0.27594510000000005
4.7027e-08,-0.2761156
4.7029e-08,-0.27627939999999995
4.7031e-08,-0.2764367
4.7033e-08,-0.27658780000000005
4.7035e-08,-0.27673270000000005
4.7037e-08,-0.27687170000000005
4.7039e-08,-0.27700479999999994
4.7041e-08,-0.2771321
4.7043e-08,-0.27725389999999994
4.7045e-08,-0.27737029999999996
4.7047e-08,-0.27748130000000004
4.7049e-08,-0.2775873
4.7051e-08,-0.27768819999999994
4.7053e-08,-0.2777841
4.7055e-08,-0.2778754
4.7057e-08,-0.2779619
4.7059e-08,-0.2780439
4.7061e-08,-0.2781215
4.7063e-08,-0.27819479999999996
4.7065e-08,-0.2782639
4.7067e-08,-0.2783289
4.7069e-08,-0.27839
4.7071e-08,-0.27844710000000006
4.7073e-08,-0.27850050000000004
4.7075e-08,-0.2785502000000001
4.7077e-08,-0.27859639999999997
4.7079e-08,-0.27863910000000003
4.7081e-08,-0.2786786
4.7083e-08,-0.2787147000000001
4.7085e-08,-0.27874750000000004
4.7087e-08,-0.27877739999999995
4.7089e-08,-0.27880419999999995
4.7091e-08,-0.2788280999999999
4.7093e-08,-0.27884910000000007
4.7095e-08,-0.2788674
4.7097e-08,-0.278883
4.7099e-08,-0.2788961
4.7101e-08,-0.2789066
4.7103e-08,-0.27891470000000007
4.7105e-08,-0.27892040000000007
4.7107e-08,-0.27892379999999994
4.7109e-08,-0.278925
4.7111e-08,-0.2789241
4.7113e-08,-0.2789210000000001
4.7115e-08,-0.2789159
4.7117e-08,-0.2789089
4.7119e-08,-0.2788999999999999
4.7121e-08,-0.27888920000000006
4.7123e-08,-0.2788767
4.7125e-08,-0.2788625
4.7127e-08,-0.27884660000000006
4.7129e-08,-0.27882909999999994
4.7131e-08,-0.27881
4.7133e-08,-0.27878939999999997
4.7135e-08,-0.27876749999999995
4.7137e-08,-0.27874409999999994
4.7139e-08,-0.27871940000000006
4.7141e-08,-0.2786934
4.7143e-08,-0.2786662
4.7145e-08,-0.27863780000000005
4.7147e-08,-0.2786082
4.7149e-08,-0.27857750000000003
4.7151e-08,-0.2785457
4.7153e-08,-0.27851289999999995
4.7155e-08,-0.27847920000000004
4.7157e-08,-0.2784445
4.7159e-08,-0.27840889999999996
4.7161e-08,-0.2783724000000001
4.7163e-08,-0.2783352
4.7165e-08,-0.27829709999999996
4.7167e-08,-0.2782582
4.7169e-08,-0.27821870000000004
4.7171e-08,-0.2781785
4.7173e-08,-0.2781376
4.7175e-08,-0.27809609999999996
4.7177e-08,-0.27805389999999996
4.7179e-08,-0.27801129999999996
4.7181e-08,-0.2779680000000001
4.7183e-08,-0.2779243
4.7185e-08,-0.27788009999999996
4.7187e-08,-0.27783559999999996
4.7189e-08,-0.27779050000000005
4.7191e-08,-0.277745
4.7193e-08,-0.27769920000000003
4.7195e-08,-0.2776531000000001
4.7197e-08,-0.27760660000000004
4.71985e-08,-0.2775715000000001
4.72e-08,-0.27753630000000007
4.72002e-08,-0.2775324
4.72006e-08,-0.27752639999999995
4.72014e-08,-0.27752469999999996
4.7203e-08,-0.27753649999999996
4.7205e-08,-0.27752
4.7207e-08,-0.2774006
4.7209e-08,-0.27712159999999997
4.7211e-08,-0.27664330000000004
4.7213e-08,-0.275938
4.7215e-08,-0.27498789999999995
4.7217e-08,-0.2737824
4.7219e-08,-0.2723165000000001
4.7221e-08,-0.27058899999999997
4.7223e-08,-0.2686022
4.7225e-08,-0.2663603
4.7227e-08,-0.2638697
4.7229e-08,-0.2611378
4.7231e-08,-0.2581728999999999
4.7233e-08,-0.254984
4.7235e-08,-0.25158040000000004
4.7237e-08,-0.24797179999999996
4.7239e-08,-0.2441677
4.7241e-08,-0.240178
4.7243e-08,-0.23601230000000006
4.7245e-08,-0.23168030000000006
4.7247e-08,-0.22719120000000004
4.7249e-08,-0.22255439999999993
4.7251e-08,-0.21777900000000006
4.7253e-08,-0.21287389999999995
4.7255e-08,-0.20784760000000002
4.7257e-08,-0.20270860000000002
4.7259e-08,-0.19746510000000006
4.7261e-08,-0.1921252
4.7263e-08,-0.18669639999999998
4.7265e-08,-0.18118639999999997
4.7267e-08,-0.1756023
4.7269e-08,-0.16995129999999992
4.7271e-08,-0.16424020000000006
4.7273e-08,-0.15847560000000005
4.7275e-08,-0.15266380000000002
4.7277e-08,-0.14681100000000002
4.7279e-08,-0.14092310000000008
4.7281e-08,-0.1350059
4.7283e-08,-0.12906479999999998
4.7285e-08,-0.12310520000000003
4.7287e-08,-0.11713229999999997
4.7289e-08,-0.1111508
4.7291e-08,-0.10516539999999996
4.7293e-08,-0.09918070000000001
4.7295e-08,-0.09320089999999992
4.7297e-08,-0.08723029999999998
4.7299e-08,-0.08127269999999998
4.7301e-08,-0.07533190000000001
4.7303e-08,-0.06941140000000001
4.7305e-08,-0.06351479999999998
4.7307e-08,-0.057645100000000005
4.7309e-08,-0.05180549999999995
4.7311e-08,-0.045998900000000065
4.7313e-08,-0.04022799999999993
4.7315e-08,-0.034495399999999954
4.7317e-08,-0.028803499999999982
4.7319e-08,-0.02315480000000003
4.7321e-08,-0.017551299999999936
4.7323e-08,-0.01199490000000003
4.7325e-08,-0.0064877999999999325
4.7327e-08,-0.001031500000000074
4.7329e-08,0.004372299999999996
4.7331e-08,0.009722100000000067
4.7333e-08,0.0150165000000001
4.7335e-08,0.020253999999999994
4.7337e-08,0.02543379999999995
4.7339e-08,0.03055450000000004
4.7341e-08,0.03561519999999996
4.7343e-08,0.04061530000000002
4.7345e-08,0.04555359999999997
4.7347e-08,0.05042970000000002
4.7349e-08,0.055242899999999984
4.7351e-08,0.059992500000000004
4.7353e-08,0.06467829999999997
4.7355e-08,0.06929980000000002
4.7357e-08,0.0738567
4.7359e-08,0.0783488
4.7361e-08,0.08277590000000001
4.7363e-08,0.08713789999999999
4.7365e-08,0.09143469999999998
4.7367e-08,0.09566639999999993
4.7369e-08,0.09983279999999994
4.7371e-08,0.10393429999999992
4.7373e-08,0.10797080000000003
4.7375e-08,0.11194280000000001
4.7377e-08,0.11585020000000001
4.7379e-08,0.11969340000000006
4.7381e-08,0.12347280000000005
4.7383e-08,0.12718870000000004
4.7385e-08,0.13084129999999994
4.7387e-08,0.13443129999999992
4.7389e-08,0.1379589
4.7391e-08,0.14142470000000007
4.7393e-08,0.14482910000000004
4.7395e-08,0.1481726
4.7397e-08,0.15145589999999998
4.73985e-08,0.1538790000000001
4.74e-08,0.15626859999999998
4.74002e-08,0.15658450000000002
4.74006e-08,0.15721490000000005
4.74014e-08,0.15846879999999997
4.7403e-08,0.16094850000000005
4.7405e-08,0.16399609999999998
4.7407e-08,0.16698630000000003
4.7409e-08,0.1699199
4.7411e-08,0.17279710000000004
4.7413e-08,0.17561890000000002
4.7415e-08,0.1783859
4.7417e-08,0.18109870000000006
4.7419e-08,0.18375790000000003
4.7421e-08,0.1863644000000001
4.7423e-08,0.18891859999999994
4.7425e-08,0.19142139999999996
4.7427e-08,0.19387339999999997
4.7429e-08,0.19627529999999993
4.7431e-08,0.19862789999999997
4.7433e-08,0.2009318
4.7435e-08,0.2031875999999999
4.7437e-08,0.20539609999999997
4.7439e-08,0.20755810000000008
4.7441e-08,0.20967409999999997
4.7443e-08,0.21174480000000007
4.7445e-08,0.2137711
4.7447e-08,0.21575349999999993
4.7449e-08,0.21769269999999996
4.7451e-08,0.21958940000000005
4.7453e-08,0.22144430000000004
4.7455e-08,0.22325810000000001
4.7457e-08,0.2250314000000001
4.7459e-08,0.22676489999999994
4.7461e-08,0.22845929999999992
4.7463e-08,0.23011519999999996
4.7465e-08,0.23173319999999997
4.7467e-08,0.23331400000000002
4.7469e-08,0.23485820000000002
4.7471e-08,0.23636650000000003
4.7473e-08,0.23783949999999998
4.7475e-08,0.23927779999999998
4.7477e-08,0.2406819
4.7479e-08,0.24205259999999995
4.7481e-08,0.2433904
4.7483e-08,0.24469589999999997
4.7485e-08,0.24596980000000002
4.7487e-08,0.24721230000000005
4.7489e-08,0.24842449999999994
4.7491e-08,0.24960649999999995
4.7493e-08,0.25075919999999996
4.7495e-08,0.2518830000000001
4.7497e-08,0.25297839999999994
4.7499e-08,0.25404590000000005
4.7501e-08,0.2550861
4.7503e-08,0.2560996
4.7505e-08,0.2570869
4.7507e-08,0.25804839999999996
4.7509e-08,0.2589846
4.7511e-08,0.25989609999999996
4.7513e-08,0.2607832
4.7515e-08,0.26164659999999995
4.7517e-08,0.26248669999999996
4.7519e-08,0.2633038
4.7521e-08,0.26409860000000007
4.7523e-08,0.2648714
4.7525e-08,0.2656227
4.7527e-08,0.2663529
4.7529e-08,0.26706240000000003
4.7531e-08,0.2677518000000001
4.7533e-08,0.26842140000000003
4.7535e-08,0.26907139999999996
4.7537e-08,0.26970249999999996
4.7539e-08,0.27031510000000003
4.7541e-08,0.2709092999999999
4.7543e-08,0.27148570000000005
4.7545e-08,0.2720448
4.7547e-08,0.2725866
4.7549e-08,0.2731117999999999
4.7551e-08,0.2736206
4.7553e-08,0.2741135
4.7555e-08,0.2745905999999999
4.7557e-08,0.2750524
4.7559e-08,0.2754993
4.7561e-08,0.2759315
4.7563e-08,0.2763492000000001
4.7565e-08,0.2767531
4.7567e-08,0.27714320000000003
4.7569e-08,0.27751989999999993
4.7571e-08,0.2778836
4.7573e-08,0.2782344000000001
4.7575e-08,0.2785727
4.7577e-08,0.2788988
4.7579e-08,0.2792129
4.7581e-08,0.27951550000000003
4.7583e-08,0.27980650000000007
4.7585e-08,0.2800865
4.7587e-08,0.2803555
4.7589e-08,0.28061400000000003
4.7591e-08,0.2808621
4.7593e-08,0.2811
4.7595e-08,0.28132809999999997
4.7597e-08,0.2815466
4.75985e-08,0.2817043
4.76e-08,0.28185669999999996
4.76002e-08,0.2818773
4.76006e-08,0.2819205
4.76014e-08,0.2820157999999999
4.7603e-08,0.2822175
4.7605e-08,0.28243109999999993
4.7607e-08,0.2825341
4.7609e-08,0.2824702
4.7611e-08,0.28220009999999995
4.7613e-08,0.28169639999999996
4.7615e-08,0.2809418
4.7617e-08,0.27992570000000006
4.7619e-08,0.2786434
4.7621e-08,0.2770939
4.7623e-08,0.2752795
4.7625e-08,0.27320500000000003
4.7627e-08,0.2708764
4.7629e-08,0.26830129999999996
4.7631e-08,0.26548800000000006
4.7633e-08,0.26244580000000006
4.7635e-08,0.2591840000000001
4.7637e-08,0.25571199999999994
4.7639e-08,0.2520397999999999
4.7641e-08,0.24817689999999992
4.7643e-08,0.2441333
4.7645e-08,0.23991839999999998
4.7647e-08,0.23554169999999996
4.7649e-08,0.23101249999999995
4.7651e-08,0.22633990000000004
4.7653e-08,0.22153279999999997
4.7655e-08,0.2165998
4.7657e-08,0.21154929999999994
4.7659e-08,0.20638980000000007
4.7661e-08,0.201129
4.7663e-08,0.19577479999999992
4.7665e-08,0.19033489999999997
4.7667e-08,0.18481629999999993
4.7669e-08,0.1792263999999999
4.7671e-08,0.17357179999999994
4.7673e-08,0.1678594
4.7675e-08,0.1620956
4.7677e-08,0.1562863
4.7679e-08,0.1504379
4.7681e-08,0.14455600000000002
4.7683e-08,0.13864620000000005
4.7685e-08,0.132714
4.7687e-08,0.12676430000000005
4.7689e-08,0.12080230000000003
4.7691e-08,0.11483280000000007
4.7693e-08,0.10886020000000007
4.7695e-08,0.10288910000000007
4.7697e-08,0.0969236
4.7699e-08,0.09096769999999998
4.7701e-08,0.08502529999999997
4.7703e-08,0.07910000000000006
4.7705e-08,0.07319540000000002
4.7707e-08,0.06731480000000001
4.7709e-08,0.06146129999999994
4.7711e-08,0.055637999999999965
4.7713e-08,0.04984759999999999
4.7715e-08,0.04409300000000005
4.7717e-08,0.03837640000000009
4.7719e-08,0.03270049999999991
4.7721e-08,0.027067400000000075
4.7723e-08,0.02147920000000003
4.7725e-08,0.015938000000000008
4.7727e-08,0.010445700000000002
4.7729e-08,0.005003699999999944
4.7731e-08,-0.0003860999999999448
4.7733e-08,-0.005722299999999958
4.7735e-08,-0.011003600000000002
4.7737e-08,-0.016228699999999985
4.7739e-08,-0.021396399999999982
4.7741e-08,-0.026505699999999965
4.7743e-08,-0.031555599999999906
4.7745e-08,-0.036545199999999944
4.7747e-08,-0.041473800000000005
4.7749e-08,-0.04634080000000007
4.7751e-08,-0.051145499999999955
4.7753e-08,-0.05588729999999997
4.7755e-08,-0.06056589999999995
4.7757e-08,-0.06518079999999993
4.7759e-08,-0.06973180000000001
4.7761e-08,-0.07421870000000008
4.7763e-08,-0.07864120000000008
4.7765e-08,-0.0829993
4.7767e-08,-0.08729279999999995
4.7769e-08,-0.09152170000000004
4.7771e-08,-0.0956863
4.7773e-08,-0.09978640000000005
4.7775e-08,-0.10382230000000003
4.7777e-08,-0.10779419999999995
4.7779e-08,-0.11170220000000008
4.7781e-08,-0.1155467
4.7783e-08,-0.11932799999999999
4.7785e-08,-0.12304630000000005
4.7787e-08,-0.12670210000000004
4.7789e-08,-0.13029580000000007
4.7791e-08,-0.1338277
4.7793e-08,-0.13729829999999998
4.7795e-08,-0.1407083
4.7797e-08,-0.14405789999999996
4.77985e-08,-0.1465307
4.78e-08,-0.14897020000000005
4.78002e-08,-0.14929269999999994
4.78006e-08,-0.14993639999999997
4.78014e-08,-0.15121669999999998
4.7803e-08,-0.15374949999999998
4.7805e-08,-0.1568634
4.7807e-08,-0.1599197
4.7809e-08,-0.16291920000000004
4.7811e-08,-0.16586239999999997
4.7813e-08,-0.16874999999999996
4.7815e-08,-0.17158240000000002
4.7817e-08,-0.17436049999999992
4.7819e-08,-0.1770849
4.7821e-08,-0.17975620000000003
4.7823e-08,-0.1823750999999999
4.7825e-08,-0.1849423
4.7827e-08,-0.18745829999999997
4.7829e-08,-0.18992410000000004
4.7831e-08,-0.1923401
4.7833e-08,-0.19470719999999997
4.7835e-08,-0.19702580000000003
4.7837e-08,-0.19929680000000005
4.7839e-08,-0.2015209
4.7841e-08,-0.2036987
4.7843e-08,-0.20583089999999993
4.7845e-08,-0.2079181
4.7847e-08,-0.20996119999999996
4.7849e-08,-0.21196060000000005
4.7851e-08,-0.21391729999999998
4.7853e-08,-0.21583169999999996
4.7855e-08,-0.21770449999999997
4.7857e-08,-0.21953650000000002
4.7859e-08,-0.22132820000000009
4.7861e-08,-0.22308039999999996
4.7863e-08,-0.22479359999999993
4.7865e-08,-0.22646860000000002
4.7867e-08,-0.22810589999999997
4.7869e-08,-0.22970619999999997
4.7871e-08,-0.23127009999999992
4.7873e-08,-0.2327982999999999
4.7875e-08,-0.23429140000000004
4.7877e-08,-0.23574990000000007
4.7879e-08,-0.23717450000000007
4.7881e-08,-0.23856580000000005
4.7883e-08,-0.23992429999999998
4.7885e-08,-0.24125069999999993
4.7887e-08,-0.24254540000000002
4.7889e-08,-0.2438091
4.7891e-08,-0.24504250000000005
4.7893e-08,-0.24624590000000002
4.7895e-08,-0.24741999999999997
4.7897e-08,-0.2485653
4.7899e-08,-0.24968230000000002
4.7901e-08,-0.2507716
4.7903e-08,-0.25183369999999994
4.7905e-08,-0.25286909999999996
4.7907e-08,-0.2538783
4.7909e-08,-0.25486169999999997
4.7911e-08,-0.25581999999999994
4.7913e-08,-0.2567536
4.7915e-08,-0.257663
4.7917e-08,-0.25854849999999996
4.7919e-08,-0.2594109
4.7921e-08,-0.2602502
4.7923e-08,-0.26106740000000006
4.7925e-08,-0.2618625
4.7927e-08,-0.26263610000000004
4.7929e-08,-0.2633886999999999
4.7931e-08,-0.2641205
4.7933e-08,-0.2648322000000001
4.7935e-08,-0.26552409999999993
4.7937e-08,-0.2661966
4.7939e-08,-0.2668499999999999
4.7941e-08,-0.26748479999999997
4.7943e-08,-0.26810139999999993
4.7945e-08,-0.2687001
4.7947e-08,-0.2692814
4.7949e-08,-0.26984550000000007
4.7951e-08,-0.270393
4.7953e-08,-0.27092399999999994
4.7955e-08,-0.2714388999999999
4.7957e-08,-0.27193810000000007
4.7959e-08,-0.2724219
4.7961e-08,-0.27289090000000005
4.7963e-08,-0.2733449
4.7965e-08,-0.2737847
4.7967e-08,-0.27421039999999997
4.7969e-08,-0.2746223
4.7971e-08,-0.2750207
4.7973e-08,-0.27540600000000004
4.7975e-08,-0.2757784
4.7977e-08,-0.27613830000000006
4.7979e-08,-0.2764858
4.7981e-08,-0.27682130000000005
4.7983e-08,-0.27714510000000003
4.7985e-08,-0.27745739999999997
4.7987e-08,-0.2777585
4.7989e-08,-0.2780486
4.7991e-08,-0.278328
4.7993e-08,-0.278597
4.7995e-08,-0.2788558000000001
4.7997e-08,-0.2791045
4.79985e-08,-0.2792848
4.8e-08,-0.2794595000000001
4.80002e-08,-0.2794833
4.80006e-08,-0.27953230000000007
4.80014e-08,-0.2796394
4.8003e-08,-0.2798646
4.8005e-08,-0.280107
4.8007e-08,-0.28023850000000006
4.8009e-08,-0.28020259999999997
4.8011e-08,-0.27995970000000003
4.8013e-08,-0.2794827
4.8015e-08,-0.2787541
4.8017e-08,-0.2777636
4.8019e-08,-0.2765061000000001
4.8021e-08,-0.27498100000000003
4.8023e-08,-0.2731905
4.8025e-08,-0.27113909999999997
4.8027e-08,-0.2688334
4.8029e-08,-0.26628070000000004
4.8031e-08,-0.26348950000000004
4.8033e-08,-0.26046880000000006
4.8035e-08,-0.25722810000000007
4.8037e-08,-0.25377720000000004
4.8039e-08,-0.25012560000000006
4.8041e-08,-0.24628320000000004
4.8043e-08,-0.24225970000000008
4.8045e-08,-0.23806480000000008
4.8047e-08,-0.23370790000000008
4.8049e-08,-0.22919820000000002
4.8051e-08,-0.224545
4.8053e-08,-0.21975719999999999
4.8055e-08,-0.2148433999999999
4.8057e-08,-0.209812
4.8059e-08,-0.20467140000000006
4.8061e-08,-0.19942959999999998
4.8063e-08,-0.1940942
4.8065e-08,-0.18867290000000003
4.8067e-08,-0.18317309999999998
4.8069e-08,-0.17760159999999992
4.8071e-08,-0.1719657
4.8073e-08,-0.16627170000000002
4.8075e-08,-0.16052619999999995
4.8077e-08,-0.15473539999999997
4.8079e-08,-0.14890520000000007
4.8081e-08,-0.14304150000000004
4.8083e-08,-0.1371498
4.8085e-08,-0.1312356
4.8087e-08,-0.12530390000000002
4.8089e-08,-0.11935989999999996
4.8091e-08,-0.11340819999999996
4.8093e-08,-0.10745349999999998
4.8095e-08,-0.10150009999999998
4.8097e-08,-0.09555210000000003
4.8099e-08,-0.08961379999999997
4.8101e-08,-0.08368889999999995
4.8103e-08,-0.0777810000000001
4.8105e-08,-0.0718936
4.8107e-08,-0.06603009999999998
4.8109e-08,-0.060193799999999964
4.8111e-08,-0.05438730000000003
4.8113e-08,-0.04861369999999998
4.8115e-08,-0.04287580000000002
4.8117e-08,-0.03717579999999998
4.8119e-08,-0.03151630000000005
4.8121e-08,-0.025899600000000023
4.8123e-08,-0.0203276
4.8125e-08,-0.014802399999999993
4.8127e-08,-0.009325899999999998
4.8129e-08,-0.0038996999999999504
4.8131e-08,0.0014744999999999342
4.8133e-08,0.006795200000000001
4.8135e-08,0.012061199999999994
4.8137e-08,0.017271100000000095
4.8139e-08,0.022423799999999994
4.8141e-08,0.027518200000000048
4.8143e-08,0.032553399999999955
4.8145e-08,0.037528499999999965
4.8147e-08,0.0424428
4.8149e-08,0.047295499999999935
4.8151e-08,0.052086100000000024
4.8153e-08,0.05681420000000004
4.8155e-08,0.06147899999999995
4.8157e-08,0.06608040000000004
4.8159e-08,0.07061800000000007
4.8161e-08,0.07509169999999998
4.8163e-08,0.07950120000000005
4.8165e-08,0.08384630000000004
4.8167e-08,0.08812710000000001
4.8169e-08,0.09234359999999997
4.8171e-08,0.09649560000000001
4.8173e-08,0.1005836
4.8175e-08,0.10460749999999996
4.8177e-08,0.10856739999999998
4.8179e-08,0.1124638
4.8181e-08,0.11629670000000003
4.8183e-08,0.12006660000000002
4.8185e-08,0.12377359999999993
4.8187e-08,0.12741829999999998
4.8189e-08,0.13100099999999992
4.8191e-08,0.13452220000000004
4.8193e-08,0.1379823
4.8195e-08,0.14138169999999994
4.8197e-08,0.14472110000000005
4.81985e-08,0.14718620000000004
4.82e-08,0.14961820000000003
4.82002e-08,0.1499397
4.82006e-08,0.15058139999999998
4.82014e-08,0.15185780000000004
4.8203e-08,0.15438269999999998
4.8205e-08,0.15748680000000004
4.8207e-08,0.1605337
4.8209e-08,0.1635238
4.8211e-08,0.16645770000000004
4.8213e-08,0.1693361
4.8215e-08,0.17215950000000002
4.8217e-08,0.1749288
4.8219e-08,0.17764440000000004
4.8221e-08,0.18030709999999994
4.8223e-08,0.1829176
4.8225e-08,0.18547649999999993
4.8227e-08,0.1879843
4.8229e-08,0.190442
4.8231e-08,0.19285010000000002
4.8233e-08,0.19520930000000003
4.8235e-08,0.19752029999999998
4.8237e-08,0.19978379999999996
4.8239e-08,0.20200030000000002
4.8241e-08,0.20417079999999999
4.8243e-08,0.20629579999999992
4.8245e-08,0.20837589999999995
4.8247e-08,0.21041199999999993
4.8249e-08,0.21240460000000005
4.8251e-08,0.21435440000000006
4.8253e-08,0.2162621
4.8255e-08,0.21812849999999995
4.8257e-08,0.21995389999999992
4.8259e-08,0.22173930000000008
4.8261e-08,0.22348520000000005
4.8263e-08,0.22519219999999995
4.8265e-08,0.22686119999999999
4.8267e-08,0.2284925
4.8269e-08,0.23008699999999993
4.8271e-08,0.23164510000000005
4.8273e-08,0.23316769999999998
4.8275e-08,0.2346551
4.8277e-08,0.23610809999999993
4.8279e-08,0.2375273
4.8281e-08,0.2389131
4.8283e-08,0.2402664
4.8285e-08,0.2415876
4.8287e-08,0.24287729999999996
4.8289e-08,0.24413600000000002
4.8291e-08,0.24536439999999993
4.8293e-08,0.24656310000000004
4.8295e-08,0.24773230000000002
4.8297e-08,0.24887289999999995
4.8299e-08,0.24998529999999997
4.8301e-08,0.2510699999999999
4.8303e-08,0.2521276
4.8305e-08,0.25315849999999995
4.8307e-08,0.25416340000000004
4.8309e-08,0.2551426
4.8311e-08,0.25609669999999995
4.8313e-08,0.2570260000000001
4.8315e-08,0.25793140000000003
4.8317e-08,0.2588129
4.8319e-08,0.25967129999999994
4.8321e-08,0.2605067999999999
4.8323e-08,0.26132
4.8325e-08,0.26211130000000005
4.8327e-08,0.2628813
4.8329e-08,0.2636301000000001
4.8331e-08,0.26435850000000005
4.8333e-08,0.26506659999999993
4.8335e-08,0.2657548999999999
4.8337e-08,0.26642390000000005
4.8339e-08,0.2670739
4.8341e-08,0.26770550000000004
4.8343e-08,0.26831879999999997
4.8345e-08,0.26891430000000005
4.8347e-08,0.26949239999999997
4.8349e-08,0.27005329999999994
4.8351e-08,0.2705976
4.8353e-08,0.27112559999999997
4.8355e-08,0.2716375
4.8357e-08,0.27213370000000003
4.8359e-08,0.27261479999999993
4.8361e-08,0.27308070000000007
4.8363e-08,0.273532
4.8365e-08,0.273969
4.8367e-08,0.2743919
4.8369e-08,0.27480119999999997
4.8371e-08,0.27519689999999997
4.8373e-08,0.27557960000000004
4.8375e-08,0.2759494
4.8377e-08,0.2763066999999999
4.8379e-08,0.27665170000000006
4.8381e-08,0.27698480000000003
4.8383e-08,0.27730620000000006
4.8385e-08,0.277616
4.8387e-08,0.2779147999999999
4.8389e-08,0.27820259999999997
4.8391e-08,0.2784797
4.8393e-08,0.27874639999999995
4.8395e-08,0.279003
4.8397e-08,0.2792496
4.83985e-08,0.27942810000000007
4.84e-08,0.27961199999999997
4.84002e-08,0.27963820000000006
4.84006e-08,0.27969179999999993
4.84014e-08,0.27980320000000003
4.8403e-08,0.28001940000000003
4.8405e-08,0.2802243000000001
4.8407e-08,0.28029609999999994
4.8409e-08,0.280185
4.8411e-08,0.27985630000000006
4.8413e-08,0.27928679999999995
4.8415e-08,0.2784613
4.8417e-08,0.27737180000000006
4.8419e-08,0.27601489999999995
4.8421e-08,0.2743911
4.8423e-08,0.2725035
4.8425e-08,0.27035739999999997
4.8427e-08,0.2679594999999999
4.8429e-08,0.2653179
4.8431e-08,0.2624411
4.8433e-08,0.25933839999999997
4.8435e-08,0.25601929999999995
4.8437e-08,0.2524934
4.8439e-08,0.2487705
4.8441e-08,0.24486050000000004
4.8443e-08,0.24077289999999996
4.8445e-08,0.23651749999999994
4.8447e-08,0.23210350000000002
4.8449e-08,0.22754030000000003
4.8451e-08,0.22283679999999995
4.8453e-08,0.21800180000000002
4.8455e-08,0.213044
4.8457e-08,0.20797179999999993
4.8459e-08,0.2027932
4.8461e-08,0.19751629999999998
4.8463e-08,0.19214869999999995
4.8465e-08,0.18669800000000003
4.8467e-08,0.18117129999999992
4.8469e-08,0.17557560000000005
4.8471e-08,0.1699178
4.8473e-08,0.16420429999999997
4.8475e-08,0.15844170000000002
4.8477e-08,0.152636
4.8479e-08,0.14679299999999995
4.8481e-08,0.1409186
4.8483e-08,0.13501839999999998
4.8485e-08,0.12909740000000003
4.8487e-08,0.1231608999999999
4.8489e-08,0.11721369999999998
4.8491e-08,0.11126060000000004
4.8493e-08,0.10530600000000001
4.8495e-08,0.0993543
4.8497e-08,0.09340970000000004
4.8499e-08,0.08747610000000006
4.8501e-08,0.08155709999999994
4.8503e-08,0.07565660000000007
4.8505e-08,0.0697778
4.8507e-08,0.06392410000000004
4.8509e-08,0.05809850000000005
4.8511e-08,0.05230389999999996
4.8513e-08,0.04654320000000001
4.8515e-08,0.0408191
4.8517e-08,0.03513389999999994
4.8519e-08,0.029490000000000016
4.8521e-08,0.023889500000000008
4.8523e-08,0.018334700000000037
4.8525e-08,0.012827200000000039
4.8527e-08,0.007369100000000017
4.8529e-08,0.0019619999999999083
4.8531e-08,-0.0033927999999999736
4.8533e-08,-0.00869350000000002
4.8535e-08,-0.013939000000000035
4.8537e-08,-0.019127899999999975
4.8539e-08,-0.024259299999999984
4.8541e-08,-0.029331999999999914
4.8543e-08,-0.034345199999999965
4.8545e-08,-0.0392981
4.8547e-08,-0.044189900000000004
4.8549e-08,-0.049019900000000005
4.8551e-08,-0.053787600000000046
4.8553e-08,-0.0584924
4.8555e-08,-0.06313400000000002
4.8557e-08,-0.067712
4.8559e-08,-0.07222630000000008
4.8561e-08,-0.07667639999999998
4.8563e-08,-0.08106230000000003
4.8565e-08,-0.08538389999999996
4.8567e-08,-0.08964110000000003
4.8569e-08,-0.09383399999999997
4.8571e-08,-0.09796260000000001
4.8573e-08,-0.10202709999999993
4.8575e-08,-0.10602750000000005
4.8577e-08,-0.10996419999999996
4.8579e-08,-0.11383729999999992
4.8581e-08,-0.1176471
4.8583e-08,-0.12139410000000006
4.8585e-08,-0.1250783000000001
4.8587e-08,-0.1287003
4.8589e-08,-0.1322605
4.8591e-08,-0.13575919999999997
4.8593e-08,-0.13919709999999996
4.8595e-08,-0.1425746
4.8597e-08,-0.14589209999999997
4.85985e-08,-0.1483410999999999
4.86e-08,-0.15075689999999997
4.86002e-08,-0.15107700000000002
4.86006e-08,-0.15171800000000002
4.86014e-08,-0.153003
4.8603e-08,-0.15555950000000007
4.8605e-08,-0.1586687
4.8607e-08,-0.16161210000000004
4.8609e-08,-0.16433169999999997
4.8611e-08,-0.16678709999999997
4.8613e-08,-0.16895090000000001
4.8615e-08,-0.17080609999999996
4.8617e-08,-0.17234309999999997
4.8619e-08,-0.17355830000000005
4.8621e-08,-0.17445240000000006
4.8623e-08,-0.1750292
4.8625e-08,-0.17529519999999998
4.8627e-08,-0.17525849999999998
4.8629e-08,-0.1749284000000001
4.8631e-08,-0.17431490000000005
4.8633e-08,-0.17342899999999994
4.8635e-08,-0.17228159999999992
4.8637e-08,-0.17088379999999992
4.8639e-08,-0.16924689999999998
4.8641e-08,-0.16738209999999998
4.8643e-08,-0.16530029999999996
4.8645e-08,-0.1630123
4.8647e-08,-0.16052869999999997
4.8649e-08,-0.1578598
4.8651e-08,-0.15501560000000003
4.8653e-08,-0.15200580000000008
4.8655e-08,-0.14883990000000002
4.8657e-08,-0.14552700000000007
4.8659e-08,-0.14207609999999993
4.8661e-08,-0.13849560000000005
4.8663e-08,-0.13479399999999997
4.8665e-08,-0.13097910000000001
4.8667e-08,-0.12705880000000003
4.8669e-08,-0.12304040000000005
4.8671e-08,-0.11893120000000001
4.8673e-08,-0.11473840000000002
4.8675e-08,-0.11046840000000002
4.8677e-08,-0.10612769999999994
4.8679e-08,-0.1017228
4.8681e-08,-0.0972594
4.8683e-08,-0.09274329999999997
4.8685e-08,-0.08818020000000004
4.8687e-08,-0.08357550000000002
4.8689e-08,-0.07893430000000001
4.8691e-08,-0.07426140000000003
4.8693e-08,-0.0695616
4.8695e-08,-0.0648396
4.8697e-08,-0.06009960000000003
4.8699e-08,-0.0553458
4.8701e-08,-0.05058220000000002
4.8703e-08,-0.0458128000000001
4.8705e-08,-0.041040999999999994
4.8707e-08,-0.03627049999999998
4.8709e-08,-0.03150439999999999
4.8711e-08,-0.0267463
4.8713e-08,-0.021998700000000038
4.8715e-08,-0.017264899999999916
4.8717e-08,-0.012547300000000039
4.8719e-08,-0.007848799999999989
4.8721e-08,-0.0031716999999999995
4.8723e-08,0.0014817000000000302
4.8725e-08,0.0061090999999999784
4.8727e-08,0.01070850000000001
4.8729e-08,0.015277899999999955
4.8731e-08,0.01981540000000004
4.8733e-08,0.02431939999999999
4.8735e-08,0.02878820000000004
4.8737e-08,0.03322020000000003
4.8739e-08,0.03761420000000004
4.8741e-08,0.04196870000000008
4.8743e-08,0.04628240000000006
4.8745e-08,0.05055450000000006
4.8747e-08,0.05478360000000004
4.8749e-08,0.05896899999999994
4.8751e-08,0.06310959999999999
4.8753e-08,0.06720459999999995
4.8755e-08,0.07125349999999997
4.8757e-08,0.07525539999999997
4.8759e-08,0.0792098
4.8761e-08,0.08311620000000008
4.8763e-08,0.0869742
4.8765e-08,0.0907831
4.8767e-08,0.0945429000000001
4.8769e-08,0.09825309999999998
4.8771e-08,0.10191349999999999
4.8773e-08,0.10552400000000006
4.8775e-08,0.10908419999999996
4.8777e-08,0.11259430000000004
4.8779e-08,0.1160542
4.8781e-08,0.11946370000000006
4.8783e-08,0.1228229999999999
4.8785e-08,0.12613209999999997
4.8787e-08,0.12939109999999998
4.8789e-08,0.13260000000000005
4.8791e-08,0.13575919999999997
4.8793e-08,0.13886880000000001
4.8795e-08,0.14192890000000002
4.8797e-08,0.14493979999999995
4.87985e-08,0.14716590000000007
4.88e-08,0.14936459999999996
4.88002e-08,0.14965620000000002
4.88006e-08,0.15024039999999994
4.88014e-08,0.15141309999999997
4.8803e-08,0.15374980000000005
4.8805e-08,0.15659279999999998
4.8807e-08,0.15927939999999996
4.8809e-08,0.16175099999999998
4.8811e-08,0.16396710000000003
4.8813e-08,0.1658999
4.8815e-08,0.16753209999999996
4.8817e-08,0.1688537
4.8819e-08,0.16986089999999998
4.8821e-08,0.1705542
4.8823e-08,0.17093709999999995
4.8825e-08,0.17101599999999995
4.8827e-08,0.17079860000000002
4.8829e-08,0.17029420000000006
4.8831e-08,0.1695126
4.8833e-08,0.16846459999999996
4.8835e-08,0.16716090000000006
4.8837e-08,0.1656126
4.8839e-08,0.16383079999999994
4.8841e-08,0.16182649999999998
4.8843e-08,0.15961059999999994
4.8845e-08,0.15719380000000005
4.8847e-08,0.15458650000000007
4.8849e-08,0.15179900000000002
4.8851e-08,0.14884110000000006
4.8853e-08,0.14572249999999998
4.8855e-08,0.14245260000000004
4.8857e-08,0.1390405
4.8859e-08,0.13549489999999997
4.8861e-08,0.13182439999999995
4.8863e-08,0.12803710000000001
4.8865e-08,0.12414099999999995
4.8867e-08,0.12014389999999997
4.8869e-08,0.11605290000000001
4.8871e-08,0.11187539999999996
4.8873e-08,0.10761810000000005
4.8875e-08,0.10328779999999993
4.8877e-08,0.0988909
4.8879e-08,0.09443330000000005
4.8881e-08,0.08992120000000003
4.8883e-08,0.08536029999999994
4.8885e-08,0.08075600000000005
4.8887e-08,0.07611340000000011
4.8889e-08,0.071438
4.8891e-08,0.06673430000000002
4.8893e-08,0.06200710000000009
4.8895e-08,0.0572608
4.8897e-08,0.05249970000000004
4.8899e-08,0.04772799999999999
4.8901e-08,0.042949499999999974
4.8903e-08,0.03816799999999998
4.8905e-08,0.03338720000000006
4.8907e-08,0.02861020000000003
4.8909e-08,0.02384059999999999
4.8911e-08,0.019081400000000026
4.8913e-08,0.014335399999999998
4.8915e-08,0.009605500000000045
4.8917e-08,0.004894299999999907
4.8919e-08,0.00020449999999994084
4.8921e-08,-0.004461700000000013
4.8923e-08,-0.009101899999999996
4.8925e-08,-0.01371420000000001
4.8927e-08,-0.01829639999999999
4.8929e-08,-0.02284660000000005
4.8931e-08,-0.02736319999999992
4.8933e-08,-0.03184429999999994
4.8935e-08,-0.036288600000000004
4.8937e-08,-0.040694600000000025
4.8939e-08,-0.045060699999999954
4.8941e-08,-0.04938589999999998
4.8943e-08,-0.05366899999999997
4.8945e-08,-0.05790890000000004
4.8947e-08,-0.062104599999999954
4.8949e-08,-0.0662550999999999
4.8951e-08,-0.07035990000000003
4.8953e-08,-0.07441789999999993
4.8955e-08,-0.07842839999999995
4.8957e-08,-0.08239110000000005
4.8959e-08,-0.08630539999999998
4.8961e-08,-0.09017059999999999
4.8963e-08,-0.09398650000000008
4.8965e-08,-0.09775260000000008
4.8967e-08,-0.10146879999999991
4.8969e-08,-0.10513459999999997
4.8971e-08,-0.10874990000000007
4.8973e-08,-0.11231459999999993
4.8975e-08,-0.11582859999999995
4.8977e-08,-0.11929179999999995
4.8979e-08,-0.12270429999999999
4.8981e-08,-0.12606589999999995
4.8983e-08,-0.12937690000000002
4.8985e-08,-0.13263729999999996
4.8987e-08,-0.1358471
4.8989e-08,-0.1390066000000001
4.8991e-08,-0.1421159999999999
4.8993e-08,-0.1451755
4.8995e-08,-0.14818540000000002
4.8997e-08,-0.1511458
4.89985e-08,-0.15333390000000002
4.9e-08,-0.15549440000000003
4.90002e-08,-0.15578099999999995
4.90006e-08,-0.15635500000000002
4.90014e-08,-0.15750739999999996
4.9003e-08,-0.15980329999999998
4.9005e-08,-0.1625955
4.9007e-08,-0.16523129999999997
4.9009e-08,-0.16765260000000004
4.9011e-08,-0.16981879999999994
4.9013e-08,-0.17170210000000008
4.9015e-08,-0.17328540000000003
4.9017e-08,-0.17455880000000001
4.9019e-08,-0.17551839999999996
4.9021e-08,-0.1761644
4.9023e-08,-0.17650089999999996
4.9025e-08,-0.17653380000000007
4.9027e-08,-0.17627099999999996
4.9029e-08,-0.17572160000000003
4.9031e-08,-0.17489560000000004
4.9033e-08,-0.1738035
4.9035e-08,-0.1724561
4.9037e-08,-0.17086449999999997
4.9039e-08,-0.16903970000000001
4.9041e-08,-0.16699280000000005
4.9043e-08,-0.1647343
4.9045e-08,-0.16227519999999995
4.9047e-08,-0.1596259
4.9049e-08,-0.15679640000000006
4.9051e-08,-0.1537967
4.9053e-08,-0.1506364
4.9055e-08,-0.14732489999999998
4.9057e-08,-0.14387130000000004
4.9059e-08,-0.14028419999999997
4.9061e-08,-0.13657220000000003
4.9063e-08,-0.13274350000000001
4.9065e-08,-0.12880590000000003
4.9067e-08,-0.12476730000000003
4.9069e-08,-0.12063489999999999
4.9071e-08,-0.11641580000000007
4.9073e-08,-0.11211709999999997
4.9075e-08,-0.10774539999999999
4.9077e-08,-0.10330679999999992
4.9079e-08,-0.0988078
4.9081e-08,-0.09425410000000001
4.9083e-08,-0.08965159999999994
4.9085e-08,-0.08500560000000001
4.9087e-08,-0.08032169999999994
4.9089e-08,-0.07560449999999996
4.9091e-08,-0.07085920000000001
4.9093e-08,-0.06609049999999994
4.9095e-08,-0.06130270000000004
4.9097e-08,-0.05650010000000005
4.9099e-08,-0.05168689999999998
4.9101e-08,-0.04686710000000005
4.9103e-08,-0.042044300000000034
4.9105e-08,-0.03722219999999998
4.9107e-08,-0.03240410000000005
4.9109e-08,-0.027593499999999938
4.9111e-08,-0.022793299999999905
4.9113e-08,-0.018006399999999978
4.9115e-08,-0.013235900000000078
4.9117e-08,-0.008484200000000053
4.9119e-08,-0.0037538999999999767
4.9121e-08,0.0009525000000000228
4.9123e-08,0.005632900000000052
4.9125e-08,0.010284900000000041
4.9127e-08,0.014906799999999998
4.9129e-08,0.019496599999999975
4.9131e-08,0.024052400000000085
4.9133e-08,0.028572599999999948
4.9135e-08,0.03305570000000002
4.9137e-08,0.037500199999999984
4.9139e-08,0.04190470000000002
4.9141e-08,0.046267999999999976
4.9143e-08,0.05058890000000005
4.9145e-08,0.054866300000000034
4.9147e-08,0.05909930000000008
4.9149e-08,0.06328679999999998
4.9151e-08,0.06742820000000005
4.9153e-08,0.07152259999999999
4.9155e-08,0.07556929999999995
4.9157e-08,0.07956780000000008
4.9159e-08,0.08351750000000002
4.9161e-08,0.08741789999999994
4.9163e-08,0.09126860000000003
4.9165e-08,0.09506930000000002
4.9167e-08,0.09881960000000001
4.9169e-08,0.10251929999999998
4.9171e-08,0.10616820000000005
4.9173e-08,0.10976620000000004
4.9175e-08,0.113313
4.9177e-08,0.1168089
4.9179e-08,0.12025350000000001
4.9181e-08,0.12364710000000001
4.9183e-08,0.12698960000000004
4.9185e-08,0.13028119999999999
4.9187e-08,0.13352180000000002
4.9189e-08,0.13671199999999994
4.9191e-08,0.13985159999999996
4.9193e-08,0.14294089999999993
4.9195e-08,0.14598029999999995
4.9197e-08,0.1489699
4.91985e-08,0.15117970000000003
4.92e-08,0.15336170000000005
4.92002e-08,0.15365099999999998
4.92006e-08,0.1542308
4.92014e-08,0.1553945
4.9203e-08,0.15771290000000004
4.9205e-08,0.16053289999999998
4.9207e-08,0.163196
4.9209e-08,0.16564429999999997
4.9211e-08,0.1678368
4.9213e-08,0.1697461
4.9215e-08,0.17135469999999997
4.9217e-08,0.17265300000000006
4.9219e-08,0.17363689999999998
4.9221e-08,0.174307
4.9223e-08,0.17466689999999996
4.9225e-08,0.17472290000000001
4.9227e-08,0.17448259999999993
4.9229e-08,0.17395529999999992
4.9231e-08,0.1731511
4.9233e-08,0.17208040000000002
4.9235e-08,0.17075399999999996
4.9237e-08,0.16918310000000003
4.9239e-08,0.16737859999999993
4.9241e-08,0.1653517
4.9243e-08,0.1631131
4.9245e-08,0.16067350000000002
4.9247e-08,0.15804339999999995
4.9249e-08,0.1552329
4.9251e-08,0.15225199999999994
4.9253e-08,0.14911030000000003
4.9255e-08,0.14581710000000003
4.9257e-08,0.1423816
4.9259e-08,0.1388125
4.9261e-08,0.13511830000000002
4.9263e-08,0.13130719999999996
4.9265e-08,0.12738720000000003
4.9267e-08,0.12336579999999997
4.9269e-08,0.1192506000000001
4.9271e-08,0.11504860000000006
4.9273e-08,0.1107667
4.9275e-08,0.1064117
4.9277e-08,0.10198969999999996
4.9279e-08,0.09750720000000002
4.9281e-08,0.09296979999999999
4.9283e-08,0.08838350000000006
4.9285e-08,0.08375370000000004
4.9287e-08,0.07908559999999998
4.9289e-08,0.07438429999999996
4.9291e-08,0.06965470000000007
4.9293e-08,0.0649016
4.9295e-08,0.060129199999999994
4.9297e-08,0.05534209999999995
4.9299e-08,0.05054409999999998
4.9301e-08,0.04573930000000004
4.9303e-08,0.04093150000000001
4.9305e-08,0.03612420000000005
4.9307e-08,0.031320899999999985
4.9309e-08,0.026524800000000015
4.9311e-08,0.021739000000000064
4.9313e-08,0.016966600000000054
4.9315e-08,0.01221020000000006
4.9317e-08,0.007472499999999993
4.9319e-08,0.0027561999999999864
4.9321e-08,-0.0019363999999999493
4.9323e-08,-0.006603099999999973
4.9325e-08,-0.011241600000000074
4.9327e-08,-0.015850099999999978
4.9329e-08,-0.020426600000000072
4.9331e-08,-0.024969300000000083
4.9333e-08,-0.029476599999999964
4.9335e-08,-0.033946800000000055
4.9337e-08,-0.03837860000000004
4.9339e-08,-0.04277059999999999
4.9341e-08,-0.04712140000000009
4.9343e-08,-0.051430100000000034
4.9345e-08,-0.05569540000000006
4.9347e-08,-0.05991629999999992
4.9349e-08,-0.06409209999999999
4.9351e-08,-0.06822169999999994
4.9353e-08,-0.0723045
4.9355e-08,-0.0763398999999999
4.9357e-08,-0.08032709999999998
4.9359e-08,-0.08426559999999994
4.9361e-08,-0.08815510000000004
4.9363e-08,-0.09199499999999994
4.9365e-08,-0.09578500000000001
4.9367e-08,-0.09952470000000002
4.9369e-08,-0.10321400000000003
4.9371e-08,-0.10685260000000008
4.9373e-08,-0.1104404
4.9375e-08,-0.1139772
4.9377e-08,-0.11746309999999993
4.9379e-08,-0.12089800000000006
4.9381e-08,-0.124282
4.9383e-08,-0.12761500000000003
4.9385e-08,-0.13089720000000005
4.9387e-08,-0.1341287
4.9389e-08,-0.13730969999999998
4.9391e-08,-0.14044029999999996
4.9393e-08,-0.14352090000000006
4.9395e-08,-0.1465516
4.9397e-08,-0.14953260000000002
4.93985e-08,-0.15173599999999998
4.94e-08,-0.15391169999999998
4.94002e-08,-0.15420029999999996
4.94006e-08,-0.15477839999999998
4.94014e-08,-0.15593879999999993
4.9403e-08,-0.15825050000000007
4.9405e-08,-0.1610625
4.9407e-08,-0.16371769999999997
4.9409e-08,-0.16615820000000003
4.9411e-08,-0.16834310000000008
4.9413e-08,-0.17024489999999992
4.9415e-08,-0.1718463
4.9417e-08,-0.1731374
4.9419e-08,-0.17411429999999994
4.9421e-08,-0.17477759999999998
4.9423e-08,-0.17513080000000003
4.9425e-08,-0.17518010000000006
4.9427e-08,-0.17493350000000008
4.9429e-08,-0.17439990000000005
4.9431e-08,-0.17358949999999995
4.9433e-08,-0.17251270000000007
4.9435e-08,-0.1711804
4.9437e-08,-0.16960360000000008
4.9439e-08,-0.16779339999999998
4.9441e-08,-0.16576080000000004
4.9443e-08,-0.16351680000000002
4.9445e-08,-0.16107170000000004
4.9447e-08,-0.15843620000000003
4.9449e-08,-0.1556204
4.9451e-08,-0.1526343
4.9453e-08,-0.14948739999999994
4.9455e-08,-0.1461891999999999
4.9457e-08,-0.14274869999999995
4.9459e-08,-0.13917459999999993
4.9461e-08,-0.13547560000000003
4.9463e-08,-0.13165970000000005
4.9465e-08,-0.12773479999999993
4.9467e-08,-0.1237087
4.9469e-08,-0.11958879999999994
4.9471e-08,-0.11538219999999999
4.9473e-08,-0.11109579999999997
4.9475e-08,-0.10673619999999995
4.9477e-08,-0.10230990000000006
4.9479e-08,-0.09782279999999999
4.9481e-08,-0.09328119999999995
4.9483e-08,-0.0886905
4.9485e-08,-0.08405640000000003
4.9487e-08,-0.07938409999999996
4.9489e-08,-0.07467860000000004
4.9491e-08,-0.06994489999999998
4.9493e-08,-0.06518760000000001
4.9495e-08,-0.06041110000000005
4.9497e-08,-0.055619900000000055
4.9499e-08,-0.05081800000000003
4.9501e-08,-0.04600930000000003
4.9503e-08,-0.0411975
4.9505e-08,-0.03638640000000004
4.9507e-08,-0.03157919999999992
4.9509e-08,-0.02677929999999995
4.9511e-08,-0.021989900000000007
4.9513e-08,-0.0172137
4.9515e-08,-0.012453700000000012
4.9517e-08,-0.007712399999999953
4.9519e-08,-0.002992600000000012
4.9521e-08,0.0017036999999999747
4.9523e-08,0.006373799999999985
4.9525e-08,0.01101580000000002
4.9527e-08,0.015627700000000022
4.9529e-08,0.020207599999999992
4.9531e-08,0.02475359999999993
4.9533e-08,0.029264099999999904
4.9535e-08,0.033737600000000034
4.9537e-08,0.0381726
4.9539e-08,0.042567800000000044
4.9541e-08,0.046921800000000013
4.9543e-08,0.05123350000000004
4.9545e-08,0.05550169999999999
4.9547e-08,0.05972580000000005
4.9549e-08,0.06390440000000008
4.9551e-08,0.06803700000000001
4.9553e-08,0.07212269999999998
4.9555e-08,0.07616089999999998
4.9557e-08,0.08015090000000002
4.9559e-08,0.08409219999999995
4.9561e-08,0.08798430000000002
4.9563e-08,0.09182690000000004
4.9565e-08,0.09561950000000008
4.9567e-08,0.09936180000000006
4.9569e-08,0.10305370000000003
4.9571e-08,0.10669480000000009
4.9573e-08,0.11028510000000002
4.9575e-08,0.11382440000000005
4.9577e-08,0.1173128
4.9579e-08,0.12075000000000002
4.9581e-08,0.12413629999999998
4.9583e-08,0.12747160000000002
4.9585e-08,0.13075610000000004
4.9587e-08,0.1339899
4.9589e-08,0.13717310000000005
4.9591e-08,0.14030589999999998
4.9593e-08,0.14338859999999998
4.9595e-08,0.14642129999999998
4.9597e-08,0.14940450000000005
4.95985e-08,0.15160930000000006
4.96e-08,0.15379719999999997
4.96002e-08,0.15408860000000002
4.96006e-08,0.15467200000000003
4.96014e-08,0.15583809999999998
4.9603e-08,0.15814289999999998
4.9605e-08,0.16091880000000003
4.9607e-08,0.1635150999999999
4.9609e-08,0.1658805
4.9611e-08,0.1679792
4.9613e-08,0.16978759999999993
4.9615e-08,0.17129139999999998
4.9617e-08,0.17248300000000005
4.9619e-08,0.17336010000000002
4.9621e-08,0.17392449999999993
4.9623e-08,0.17418080000000002
4.9625e-08,0.1741359
4.9627e-08,0.17379810000000007
4.9629e-08,0.17317700000000003
4.9631e-08,0.1722825
4.9633e-08,0.17112550000000004
4.9635e-08,0.169717
4.9637e-08,0.16806789999999994
4.9639e-08,0.16618929999999998
4.9641e-08,0.16409220000000002
4.9643e-08,0.16178729999999997
4.9645e-08,0.15928520000000002
4.9647e-08,0.15659639999999997
4.9649e-08,0.15373079999999995
4.9651e-08,0.15069829999999995
4.9653e-08,0.14750830000000004
4.9655e-08,0.14417029999999997
4.9657e-08,0.14069310000000002
4.9659e-08,0.1370853999999999
4.9661e-08,0.13335560000000002
4.9663e-08,0.12951179999999995
4.9665e-08,0.12556180000000006
4.9667e-08,0.12151319999999999
4.9669e-08,0.11737320000000007
4.9671e-08,0.11314899999999994
4.9673e-08,0.10884740000000004
4.9675e-08,0.10447480000000009
4.9677e-08,0.10003760000000006
4.9679e-08,0.09554190000000007
4.9681e-08,0.09099349999999995
4.9683e-08,0.08639799999999997
4.9685e-08,0.08176099999999997
4.9687e-08,0.07708740000000003
4.9689e-08,0.07238239999999996
4.9691e-08,0.06765080000000001
4.9693e-08,0.06289710000000004
4.9695e-08,0.058125800000000005
4.9697e-08,0.05334099999999997
4.9699e-08,0.04854700000000001
4.9701e-08,0.04374729999999993
4.9703e-08,0.03894589999999998
4.9705e-08,0.034146200000000015
4.9707e-08,0.029351600000000033
4.9709e-08,0.024565199999999954
4.9711e-08,0.019790299999999927
4.9713e-08,0.015029499999999918
4.9715e-08,0.010285699999999953
4.9717e-08,0.005561499999999997
4.9719e-08,0.000859500000000013
4.9721e-08,-0.0038181000000000465
4.9723e-08,-0.008469100000000007
4.9725e-08,-0.013091300000000028
4.9727e-08,-0.0176828
4.9729e-08,-0.022241799999999978
4.9731e-08,-0.026766399999999968
4.9733e-08,-0.03125509999999998
4.9735e-08,-0.035706399999999916
4.9737e-08,-0.04011870000000006
4.9739e-08,-0.0444909
4.9741e-08,-0.04882159999999991
4.9743e-08,-0.053109799999999985
4.9745e-08,-0.05735440000000003
4.9747e-08,-0.06155440000000001
4.9749e-08,-0.06570889999999996
4.9751e-08,-0.06981720000000002
4.9753e-08,-0.07387840000000001
4.9755e-08,-0.07789200000000007
4.9757e-08,-0.08185750000000003
4.9759e-08,-0.08577409999999996
4.9761e-08,-0.08964159999999999
4.9763e-08,-0.09345950000000003
4.9765e-08,-0.09722740000000007
4.9767e-08,-0.10094499999999995
4.9769e-08,-0.10461220000000004
4.9771e-08,-0.10822870000000007
4.9773e-08,-0.11179460000000008
4.9775e-08,-0.11530950000000006
4.9777e-08,-0.11877350000000009
4.9779e-08,-0.12218660000000003
4.9781e-08,-0.12554880000000002
4.9783e-08,-0.12886039999999999
4.9785e-08,-0.13212099999999993
4.9787e-08,-0.13533130000000004
4.9789e-08,-0.1384911000000001
4.9791e-08,-0.14160059999999997
4.9793e-08,-0.14466030000000007
4.9795e-08,-0.14767020000000008
4.9797e-08,-0.1506306999999999
4.97985e-08,-0.15281880000000003
4.98e-08,-0.15497929999999993
4.98002e-08,-0.15526510000000004
4.98006e-08,-0.1558354999999999
4.98014e-08,-0.15697090000000002
4.9803e-08,-0.15921809999999992
4.9805e-08,-0.16198420000000002
4.9807e-08,-0.16470249999999997
4.9809e-08,-0.1673734
4.9811e-08,-0.16999750000000002
4.9813e-08,-0.17257509999999998
4.9815e-08,-0.17510649999999994
4.9817e-08,-0.1775924000000001
4.9819e-08,-0.180033
4.9821e-08,-0.18242899999999995
4.9823e-08,-0.18478079999999997
4.9825e-08,-0.1870889
4.9827e-08,-0.1893536
4.9829e-08,-0.1915756999999999
4.9831e-08,-0.19375549999999997
4.9833e-08,-0.1958936
4.9835e-08,-0.19799050000000007
4.9837e-08,-0.20004670000000002
4.9839e-08,-0.20206259999999998
4.9841e-08,-0.20403900000000008
4.9843e-08,-0.20597620000000005
4.9845e-08,-0.20787480000000003
4.9847e-08,-0.20973540000000002
4.9849e-08,-0.21155829999999998
4.9851e-08,-0.21334419999999998
4.9853e-08,-0.21509370000000005
4.9855e-08,-0.21680719999999998
4.9857e-08,-0.21848520000000005
4.9859e-08,-0.22012830000000005
4.9861e-08,-0.22173700000000007
4.9863e-08,-0.22331179999999995
4.9865e-08,-0.22485329999999992
4.9867e-08,-0.22636179999999995
4.9869e-08,-0.22783809999999993
4.9871e-08,-0.22928250000000006
4.9873e-08,-0.2306956
4.9875e-08,-0.23207790000000006
4.9877e-08,-0.23342980000000002
4.9879e-08,-0.23475199999999996
4.9881e-08,-0.2360447
4.9883e-08,-0.23730870000000004
4.9885e-08,-0.23854430000000004
4.9887e-08,-0.2397518999999999
4.9889e-08,-0.24093219999999993
4.9891e-08,-0.2420854
4.9893e-08,-0.2432122
4.9895e-08,-0.244313
4.9897e-08,-0.24538819999999995
4.9899e-08,-0.24643820000000005
4.9901e-08,-0.24746369999999995
4.9903e-08,-0.24846480000000004
4.9905e-08,-0.2494421
4.9907e-08,-0.2503961
4.9909e-08,-0.25132699999999997
4.9911e-08,-0.25223550000000006
4.9913e-08,-0.25312180000000006
4.9915e-08,-0.25398639999999995
4.9917e-08,-0.25482970000000005
4.9919e-08,-0.255652
4.9921e-08,-0.25645379999999995
4.9923e-08,-0.25723549999999995
4.9925e-08,-0.2579975000000001
4.9927e-08,-0.25873999999999997
4.9929e-08,-0.2594636
4.9931e-08,-0.2601685
4.9933e-08,-0.2608551
4.9935e-08,-0.2615238
4.9937e-08,-0.2621749
4.9939e-08,-0.2628087
4.9941e-08,-0.2634257
4.9943e-08,-0.26402609999999993
4.9945e-08,-0.2646102
4.9947e-08,-0.2651785
4.9949e-08,-0.26573120000000006
4.9951e-08,-0.26626859999999997
4.9953e-08,-0.26679109999999995
4.9955e-08,-0.2672989
4.9957e-08,-0.2677923
4.9959e-08,-0.2682717
4.9961e-08,-0.26873729999999996
4.9963e-08,-0.26918949999999997
4.9965e-08,-0.2696284
4.9967e-08,-0.27005440000000003
4.9969e-08,-0.27046780000000004
4.9971e-08,-0.2708688
4.9973e-08,-0.2712576
4.9975e-08,-0.27163460000000006
4.9977e-08,-0.272
4.9979e-08,-0.272354
4.9981e-08,-0.2726969
4.9983e-08,-0.2730290000000001
4.9985e-08,-0.27335049999999994
4.9987e-08,-0.2736615
4.9989e-08,-0.27396239999999994
4.9991e-08,-0.27425330000000003
4.9993e-08,-0.2745345
4.9995e-08,-0.2748062
4.9997e-08,-0.27506870000000005
4.99985e-08,-0.2752595
5e-08,-0.2754453
5.00002e-08,-0.27546969999999993
5.00006e-08,-0.27551820000000005
5.00014e-08,-0.2756143
5.0003e-08,-0.2758022
5.0005e-08,-0.2760296
5.0007e-08,-0.2762487
5.0009e-08,-0.2764596
5.0011e-08,-0.27666270000000004
5.0013e-08,-0.27685819999999994
5.0015e-08,-0.277046
5.0017e-08,-0.27722650000000004
5.0019e-08,-0.2773998
5.0021e-08,-0.27756610000000004
5.0023e-08,-0.27772569999999996
5.0025e-08,-0.27787850000000003
5.0027e-08,-0.27802479999999996
5.0029e-08,-0.2781648
5.0031e-08,-0.27829859999999995
5.0033e-08,-0.2784262999999999
5.0035e-08,-0.2785482
5.0037e-08,-0.2786643
5.0039e-08,-0.2787748
5.0041e-08,-0.27887990000000007
5.0043e-08,-0.27897950000000005
5.0045e-08,-0.2790741
5.0047e-08,-0.27916360000000007
5.0049e-08,-0.27924820000000006
5.0051e-08,-0.279328
5.0053e-08,-0.2794031
5.0055e-08,-0.2794736
5.0057e-08,-0.27953990000000006
5.0059e-08,-0.2796016
5.0061e-08,-0.27965929999999994
5.0063e-08,-0.27971290000000004
5.0065e-08,-0.2797625
5.0067e-08,-0.2798083
5.0069e-08,-0.27985019999999994
5.0071e-08,-0.27988860000000004
5.0073e-08,-0.27992340000000004
5.0075e-08,-0.27995479999999995
5.0077e-08,-0.2799828
5.0079e-08,-0.2800076
5.0081e-08,-0.2800292
5.0083e-08,-0.2800477
5.0085e-08,-0.2800633
5.0087e-08,-0.280076
5.0089e-08,-0.2800859
5.0091e-08,-0.28009300000000004
5.0093e-08,-0.2800975
5.0095e-08,-0.2800994
5.0097e-08,-0.28009890000000004
5.0099e-08,-0.280096
5.0101e-08,-0.2800908000000001
5.0103e-08,-0.2800832000000001
5.0105e-08,-0.28007360000000003
5.0107e-08,-0.28006169999999997
5.0109e-08,-0.2800480000000001
5.0111e-08,-0.2800321
5.0113e-08,-0.2800144
5.0115e-08,-0.27999489999999994
5.0117e-08,-0.2799735
5.0119e-08,-0.27995040000000004
5.0121e-08,-0.27992569999999994
5.0123e-08,-0.27989929999999996
5.0125e-08,-0.27987150000000005
5.0127e-08,-0.2798421000000001
5.0129e-08,-0.2798113
5.0131e-08,-0.27977909999999995
5.0133e-08,-0.2797455999999999
5.0135e-08,-0.2797107999999999
5.0137e-08,-0.27967470000000005
5.0139e-08,-0.2796375
5.0141e-08,-0.27959920000000005
5.0143e-08,-0.27955969999999997
5.0145e-08,-0.2795192000000001
5.0147e-08,-0.27947770000000005
5.0149e-08,-0.27943530000000005
5.0151e-08,-0.2793919
5.0153e-08,-0.2793477000000001
5.0155e-08,-0.2793027
5.0157e-08,-0.2792567
5.0159e-08,-0.2792101
5.0161e-08,-0.2791627
5.0163e-08,-0.27911470000000005
5.0165e-08,-0.27906600000000004
5.0167e-08,-0.2790167
5.0169e-08,-0.2789667
5.0171e-08,-0.2789163
5.0173e-08,-0.2788653
5.0175e-08,-0.2788138
5.0177e-08,-0.27876179999999995
5.0179e-08,-0.2787094
5.0181e-08,-0.2786567
5.0183e-08,-0.2786035
5.0185e-08,-0.2785499
5.0187e-08,-0.2784961
5.0189e-08,-0.2784419
5.0191e-08,-0.2783875
5.0193e-08,-0.27833279999999994
5.0195e-08,-0.2782778
5.0197e-08,-0.27822269999999993
5.01985e-08,-0.2781812
5.02e-08,-0.27813959999999993
5.02002e-08,-0.27813410000000005
5.02006e-08,-0.278123
5.02014e-08,-0.2781007
5.0203e-08,-0.2780562
5.0205e-08,-0.2780005
5.0207e-08,-0.2779446000000001
5.0209e-08,-0.27788860000000004
5.0211e-08,-0.2778326
5.0213e-08,-0.2777765
5.0215e-08,-0.2777204
5.0217e-08,-0.2776642
5.0219e-08,-0.2776081
5.0221e-08,-0.277552
5.0223e-08,-0.2774959
5.0225e-08,-0.2774397999999999
5.0227e-08,-0.27738380000000007
5.0229e-08,-0.2773278
5.0231e-08,-0.2772720000000001
5.0233e-08,-0.2772162
5.0235e-08,-0.2771604999999999
5.0237e-08,-0.27710500000000005
5.0239e-08,-0.2770496
5.0241e-08,-0.2769943
5.0243e-08,-0.27693919999999994
5.0245e-08,-0.2768842
5.0247e-08,-0.2768294
5.0249e-08,-0.2767748
5.0251e-08,-0.2767204
5.0253e-08,-0.2766662
5.0255e-08,-0.2766122
5.0257e-08,-0.27655849999999993
5.0259e-08,-0.27650489999999994
5.0261e-08,-0.27645150000000007
5.0263e-08,-0.2763985
5.0265e-08,-0.2763457
5.0267e-08,-0.2762929999999999
5.0269e-08,-0.2762407
5.0271e-08,-0.2761886
5.0273e-08,-0.27613679999999996
5.0275e-08,-0.2760853000000001
5.0277e-08,-0.27603409999999995
5.0279e-08,-0.2759830999999999
5.0281e-08,-0.2759324000000001
5.0283e-08,-0.2758821
5.0285e-08,-0.2758321
5.0287e-08,-0.27578230000000004
5.0289e-08,-0.2757328
5.0291e-08,-0.2756837
5.0293e-08,-0.2756349
5.0295e-08,-0.2755864
5.0297e-08,-0.27553819999999996
5.0299e-08,-0.2754904
5.0301e-08,-0.27544290000000005
5.0303e-08,-0.27539559999999996
5.0305e-08,-0.27534879999999995
5.0307e-08,-0.2753023
5.0309e-08,-0.27525619999999995
5.0311e-08,-0.2752103
5.0313e-08,-0.2751648
5.0315e-08,-0.2751196
5.0317e-08,-0.2750747
5.0319e-08,-0.2750304
5.0321e-08,-0.27498619999999996
5.0323e-08,-0.27494240000000003
5.0325e-08,-0.274899
5.0327e-08,-0.27485589999999993
5.0329e-08,-0.2748132
5.0331e-08,-0.2747708000000001
5.0333e-08,-0.2747288
5.0335e-08,-0.2746872
5.0337e-08,-0.27464580000000005
5.0339e-08,-0.2746048
5.0341e-08,-0.2745643
5.0343e-08,-0.274524
5.0345e-08,-0.27448400000000006
5.0347e-08,-0.2744445000000001
5.0349e-08,-0.2744052
5.0351e-08,-0.2743664
5.0353e-08,-0.27432789999999996
5.0355e-08,-0.27428980000000003
5.0357e-08,-0.2742519
5.0359e-08,-0.2742145
5.0361e-08,-0.2741774
5.0363e-08,-0.2741405
5.0365e-08,-0.27410409999999996
5.0367e-08,-0.2740680000000001
5.0369e-08,-0.2740323
5.0371e-08,-0.2739969
5.0373e-08,-0.2739619000000001
5.0375e-08,-0.2739271000000001
5.0377e-08,-0.27389280000000005
5.0379e-08,-0.2738587
5.0381e-08,-0.273825
5.0383e-08,-0.27379169999999997
5.0385e-08,-0.27375859999999996
5.0387e-08,-0.2737258
5.0389e-08,-0.2736934000000001
5.0391e-08,-0.27366139999999994
5.0393e-08,-0.2736297
5.0395e-08,-0.27359829999999996
5.0397e-08,-0.2735671999999999
5.03985e-08,-0.27354409999999996
5.04e-08,-0.2735211999999999
5.04002e-08,-0.2735181
5.04006e-08,-0.27351210000000004
5.04014e-08,-0.2734999
5.0403e-08,-0.2734759
5.0405e-08,-0.27344599999999997
5.0407e-08,-0.27341650000000006
5.0409e-08,-0.2733873
5.0411e-08,-0.27335849999999995
5.0413e-08,-0.2733299
5.0415e-08,-0.27330160000000003
5.0417e-08,-0.2732736
5.0419e-08,-0.27324589999999993
5.0421e-08,-0.27321850000000003
5.0423e-08,-0.2731914999999999
5.0425e-08,-0.2731646999999999
5.0427e-08,-0.27313829999999995
5.0429e-08,-0.273112
5.0431e-08,-0.2730861
5.0433e-08,-0.27306050000000004
5.0435e-08,-0.2730351999999999
5.0437e-08,-0.27301010000000003
5.0439e-08,-0.2729853
5.0441e-08,-0.27296089999999995
5.0443e-08,-0.2729366
5.0445e-08,-0.27291260000000006
5.0447e-08,-0.27288899999999994
5.0449e-08,-0.27286559999999993
5.0451e-08,-0.27284240000000004
5.0453e-08,-0.2728195
5.0455e-08,-0.2727968999999999
5.0457e-08,-0.2727746
5.0459e-08,-0.2727524
5.0461e-08,-0.2727305
5.0463e-08,-0.272709
5.0465e-08,-0.27268760000000003
5.0467e-08,-0.2726664999999999
5.0469e-08,-0.2726457
5.0471e-08,-0.27262509999999995
5.0473e-08,-0.27260470000000003
5.0475e-08,-0.2725845
5.0477e-08,-0.2725647
5.0479e-08,-0.2725449999999999
5.0481e-08,-0.27252560000000003
5.0483e-08,-0.2725063999999999
5.0485e-08,-0.27248740000000005
5.0487e-08,-0.2724687
5.0489e-08,-0.2724502
5.0491e-08,-0.272432
5.0493e-08,-0.2724139
5.0495e-08,-0.2723960000000001
5.0497e-08,-0.2723784
5.0499e-08,-0.2723609
5.0501e-08,-0.2723438
5.0503e-08,-0.2723266999999999
5.0505e-08,-0.27230999999999994
5.0507e-08,-0.2722934
5.0509e-08,-0.272277
5.0511e-08,-0.27226079999999997
5.0513e-08,-0.2722449
5.0515e-08,-0.27222900000000005
5.0517e-08,-0.2722135
5.0519e-08,-0.27219800000000005
5.0521e-08,-0.2721829
5.0523e-08,-0.27216779999999996
5.0525e-08,-0.27215310000000004
5.0527e-08,-0.2721384
5.0529e-08,-0.2721239
5.0531e-08,-0.27210959999999995
5.0533e-08,-0.27209549999999993
5.0535e-08,-0.2720815999999999
5.0537e-08,-0.2720678999999999
5.0539e-08,-0.2720542
5.0541e-08,-0.27204090000000003
5.0543e-08,-0.2720275999999999
5.0545e-08,-0.2720146
5.0547e-08,-0.2720017
5.0549e-08,-0.2719889999999999
5.0551e-08,-0.2719764
5.0553e-08,-0.2719640000000001
5.0555e-08,-0.2719517
5.0557e-08,-0.27193959999999995
5.0559e-08,-0.2719277
5.0561e-08,-0.2719159
5.0563e-08,-0.27190420000000004
5.0565e-08,-0.2718927
5.0567e-08,-0.27188139999999994
5.0569e-08,-0.2718703
5.0571e-08,-0.27185919999999997
5.0573e-08,-0.27184829999999993
5.0575e-08,-0.27183750000000007
5.0577e-08,-0.2718269
5.0579e-08,-0.27181639999999996
5.0581e-08,-0.27180610000000005
5.0583e-08,-0.2717959
5.0585e-08,-0.27178579999999997
5.0587e-08,-0.27177590000000007
5.0589e-08,-0.27176600000000006
5.0591e-08,-0.2717564
5.0593e-08,-0.2717469
5.0595e-08,-0.2717374
5.0597e-08,-0.2717280999999999
5.05985e-08,-0.2717212
5.06e-08,-0.2717144
5.06002e-08,-0.27171350000000005
5.06006e-08,-0.27171160000000005
5.06014e-08,-0.27170799999999995
5.0603e-08,-0.2717008999999999
5.0605e-08,-0.2716921000000001
5.0607e-08,-0.2716834
5.0609e-08,-0.2716748
5.0611e-08,-0.2716663
5.0613e-08,-0.2716579
5.0615e-08,-0.27164980000000005
5.0617e-08,-0.27164160000000004
5.0619e-08,-0.2716335000000001
5.0621e-08,-0.2716256
5.0623e-08,-0.2716178
5.0625e-08,-0.2716101000000001
5.0627e-08,-0.2716025000000001
5.0629e-08,-0.27159500000000003
5.0631e-08,-0.27158760000000004
5.0633e-08,-0.2715803
5.0635e-08,-0.2715731
5.0637e-08,-0.271566
5.0639e-08,-0.271559
5.0641e-08,-0.27155209999999996
5.0643e-08,-0.2715453
5.0645e-08,-0.2715385
5.0647e-08,-0.2715318
5.0649e-08,-0.27152540000000003
5.0651e-08,-0.2715189
5.0653e-08,-0.27151250000000005
5.0655e-08,-0.27150620000000003
5.0657e-08,-0.27149999999999996
5.0659e-08,-0.27149389999999995
5.0661e-08,-0.2714879
5.0663e-08,-0.271482
5.0665e-08,-0.27147619999999995
5.0667e-08,-0.2714704
5.0669e-08,-0.27146460000000006
5.0671e-08,-0.27145909999999995
5.0673e-08,-0.2714535
5.0675e-08,-0.271448
5.0677e-08,-0.2714426
5.0679e-08,-0.2714373
5.0681e-08,-0.27143210000000006
5.0683e-08,-0.2714269
5.0685e-08,-0.27142179999999994
5.0687e-08,-0.2714167999999999
5.0689e-08,-0.2714118000000001
5.0691e-08,-0.2714069
5.0693e-08,-0.2714021
5.0695e-08,-0.27139729999999995
5.0697e-08,-0.2713926000000001
5.0699e-08,-0.2713880000000001
5.0701e-08,-0.27138340000000005
5.0703e-08,-0.2713789999999999
5.0705e-08,-0.27137449999999996
5.0707e-08,-0.27137009999999995
5.0709e-08,-0.27136590000000005
5.0711e-08,-0.2713616000000001
5.0713e-08,-0.2713574000000001
5.0715e-08,-0.2713533
5.0717e-08,-0.27134919999999996
5.0719e-08,-0.2713453
5.0721e-08,-0.2713413
5.0723e-08,-0.27133740000000006
5.0725e-08,-0.2713335
5.0727e-08,-0.27132980000000007
5.0729e-08,-0.27132600000000007
5.0731e-08,-0.2713223
5.0733e-08,-0.2713187
5.0735e-08,-0.27131510000000003
5.0737e-08,-0.27131150000000004
5.0739e-08,-0.27130809999999994
5.0741e-08,-0.2713046
5.0743e-08,-0.2713011999999999
5.0745e-08,-0.27129800000000004
5.0747e-08,-0.2712947
5.0749e-08,-0.27129139999999996
5.0751e-08,-0.27128830000000004
5.0753e-08,-0.27128509999999995
5.0755e-08,-0.2712819999999999
5.0757e-08,-0.2712789
5.0759e-08,-0.2712759
5.0761e-08,-0.271273
5.0763e-08,-0.27127
5.0765e-08,-0.27126719999999993
5.0767e-08,-0.2712643
5.0769e-08,-0.27126150000000004
5.0771e-08,-0.27125869999999996
5.0773e-08,-0.27125599999999994
5.0775e-08,-0.27125330000000003
5.0777e-08,-0.27125069999999996
5.0779e-08,-0.2712481
5.0781e-08,-0.27124550000000003
5.0783e-08,-0.271243
5.0785e-08,-0.27124039999999994
5.0787e-08,-0.271238
5.0789e-08,-0.2712356
5.0791e-08,-0.27123319999999995
5.0793e-08,-0.27123090000000005
5.0795e-08,-0.2712285
5.0797e-08,-0.27122630000000003
5.07985e-08,-0.2712245
5.08e-08,-0.27122290000000004
